unix_ms,pos_x,pos_y,pos_z,forward_x,forward_y,forward_z,vel_x,vel_y,vel_z,leftHandPos_x,leftHandPos_y,leftHandPos_z,leftHandForward_x,leftHandForward_y,leftHandForward_z,leftHandVelocity_x,leftHandVelocity_y,leftHandVelocity_z,rightHandPos_x,rightHandPos_y,rightHandPos_z,rightHandForward_x,rightHandForward_y,rightHandForward_z,rightHandVelocity_x,rightHandVelocity_y,rightHandVelocity_z,heightOffset
1736099860879,1.780779,1.596963,-0.3628604,-0.9920884,0.1252533,0.008530796,0.009772182,-0.009459257,0.003562868,1.669844,0.7909015,-0.5234844,-0.6847199,-0.7026924,-0.1933438,-0.008422136,-0.00641495,0.03857017,1.642335,0.8381148,-0.2814159,-0.6724445,-0.736365,-0.07473648,-4.470348E-05,-3.129244E-05,8.940697E-06,0
1736099860883,1.780779,1.596963,-0.3628604,-0.9920884,0.1252533,0.008530796,0,0,0,1.669844,0.7909015,-0.5234844,-0.6847199,-0.7026924,-0.1933438,0,0,0,1.642335,0.8381148,-0.2814159,-0.6724445,-0.736365,-0.07473648,0,0,0,0
1736099860907,1.780468,1.596862,-0.3616057,-0.9920886,0.1252446,0.008639038,-0.02326369,-0.007590652,0.09410083,1.669596,0.7907275,-0.5223851,-0.684718,-0.7025191,-0.1939814,-0.01859665,-0.01304895,0.08244663,1.642335,0.8381148,-0.2814158,-0.6724433,-0.7363659,-0.0747385,0,0,8.940697E-06,0
1736099860910,1.780468,1.596862,-0.3616057,-0.9920886,0.1252446,0.008639038,0,0,0,1.669596,0.7907275,-0.5223851,-0.684718,-0.7025191,-0.1939814,0,0,0,1.642335,0.8381148,-0.2814158,-0.6724433,-0.7363659,-0.0747385,0,0,0,0
1736099860934,1.780032,1.597014,-0.3602379,-0.9921603,0.124687,0.008455634,-0.03271401,0.01143515,0.1025811,1.669123,0.7905205,-0.5214933,-0.6847075,-0.7023141,-0.1947587,-0.03549457,-0.01552552,0.06688982,1.642335,0.8381147,-0.2814156,-0.6724439,-0.7363674,-0.07471824,8.940697E-06,-8.940697E-06,1.788139E-05,0
1736099860938,1.780032,1.597014,-0.3602379,-0.9921603,0.124687,0.008455634,0,0,0,1.669123,0.7905205,-0.5214933,-0.6847075,-0.7023141,-0.1947587,0,0,0,1.642335,0.8381147,-0.2814156,-0.6724439,-0.7363674,-0.07471824,0,0,0,0
1736099860962,1.779616,1.596947,-0.3588187,-0.9920231,0.1257648,0.00857681,-0.03122985,-0.00500679,0.1064412,1.668674,0.7902109,-0.5198776,-0.6846664,-0.7022399,-0.1951694,-0.0336796,-0.02321899,0.1211733,1.642335,0.8381149,-0.2814156,-0.6724468,-0.7363636,-0.07472777,0,1.788139E-05,0,0
1736099860966,1.779616,1.596947,-0.3588187,-0.9920231,0.1257648,0.00857681,0,0,0,1.668674,0.7902109,-0.5198776,-0.6846664,-0.7022399,-0.1951694,0,0,0,1.642335,0.8381149,-0.2814156,-0.6724468,-0.7363636,-0.07472777,0,0,0,0
1736099860990,1.779119,1.59696,-0.3572353,-0.9919938,0.126015,0.008298635,-0.03724694,0.0009655952,0.118757,1.668063,0.7898101,-0.5178813,-0.6849973,-0.701883,-0.1952933,-0.04581213,-0.03005862,0.1497209,1.642335,0.8381149,-0.2814158,-0.6724456,-0.7363649,-0.07472813,0,-4.470348E-06,-1.341105E-05,0
1736099860993,1.779119,1.59696,-0.3572353,-0.9919938,0.126015,0.008298635,0,0,0,1.668063,0.7898101,-0.5178813,-0.6849973,-0.701883,-0.1952933,0,0,0,1.642335,0.8381149,-0.2814158,-0.6724456,-0.7363649,-0.07472813,0,0,0,0
1736099861018,1.778455,1.596987,-0.3556133,-0.9918444,0.1271587,0.008715808,-0.04983544,0.002002716,0.1216494,1.667534,0.7895455,-0.5165721,-0.6855629,-0.7013512,-0.1952188,-0.03969669,-0.01984388,0.09819567,1.642335,0.8381146,-0.2814156,-0.6724371,-0.7363726,-0.07472742,-8.940697E-06,-2.235174E-05,1.341105E-05,0
1736099861021,1.778455,1.596987,-0.3556133,-0.9918444,0.1271587,0.008715808,0,0,0,1.667534,0.7895455,-0.5165721,-0.6855629,-0.7013512,-0.1952188,0,0,0,1.642335,0.8381146,-0.2814156,-0.6724371,-0.7363726,-0.07472742,0,0,0,0
1736099861046,1.777774,1.59708,-0.3538992,-0.9917713,0.1276595,0.00965482,-0.0510335,0.006973743,0.1285605,1.666849,0.7890504,-0.514325,-0.6863614,-0.7004184,-0.1957618,-0.05137324,-0.03713518,0.1685277,1.642335,0.8381147,-0.2814156,-0.6724415,-0.7363685,-0.07472861,8.940697E-06,1.341105E-05,0,0
1736099861049,1.777774,1.59708,-0.3538992,-0.9917713,0.1276595,0.00965482,0,0,0,1.666849,0.7890504,-0.514325,-0.6863614,-0.7004184,-0.1957618,0,0,0,1.642335,0.8381147,-0.2814156,-0.6724415,-0.7363685,-0.07472861,0,0,0,0
1736099861073,1.777009,1.59711,-0.3520533,-0.9916402,0.1286136,0.01043123,-0.05739927,0.002270937,0.1384377,1.666415,0.7886009,-0.5125278,-0.6865134,-0.7000181,-0.1966585,-0.03250837,-0.0337109,0.1347899,1.642336,0.8381138,-0.281413,-0.6724227,-0.7363885,-0.07469785,2.682209E-05,-7.152557E-05,0.000192225,0
1736099861076,1.777009,1.59711,-0.3520533,-0.9916402,0.1286136,0.01043123,0,0,0,1.666415,0.7886009,-0.5125278,-0.6865134,-0.7000181,-0.1966585,0,0,0,1.642336,0.8381138,-0.281413,-0.6724227,-0.7363885,-0.07469785,0,0,0,0
1736099861101,1.776156,1.596812,-0.3501514,-0.9915907,0.1289003,0.01152831,-0.06397069,-0.02236962,0.1426421,1.665909,0.788078,-0.5099691,-0.686493,-0.6998487,-0.1973319,-0.03799796,-0.03922284,0.1919031,1.642336,0.8381147,-0.2814135,-0.6724457,-0.7363715,-0.07466376,8.940697E-06,6.705523E-05,-3.576279E-05,0
1736099861104,1.776156,1.596812,-0.3501514,-0.9915907,0.1289003,0.01152831,0,0,0,1.665909,0.788078,-0.5099691,-0.686493,-0.6998487,-0.1973319,0,0,0,1.642336,0.8381147,-0.2814135,-0.6724457,-0.7363715,-0.07466376,0,0,0,0
1736099861129,1.775159,1.596669,-0.3482078,-0.9916036,0.1287461,0.01213777,-0.07475317,-0.01072884,0.1457714,1.665311,0.7874316,-0.5072036,-0.686805,-0.699154,-0.1987035,-0.04484653,-0.04847646,0.2074108,1.642336,0.8381152,-0.2814131,-0.6724698,-0.736346,-0.07469428,1.788139E-05,4.023314E-05,2.682209E-05,0
1736099861132,1.775159,1.596669,-0.3482078,-0.9916036,0.1287461,0.01213777,0,0,0,1.665311,0.7874316,-0.5072036,-0.686805,-0.699154,-0.1987035,0,0,0,1.642336,0.8381152,-0.2814131,-0.6724698,-0.736346,-0.07469428,0,0,0,0
1736099861157,1.774037,1.596317,-0.3461853,-0.9917268,0.1277511,0.012564,-0.08416772,-0.0264287,0.1516879,1.66435,0.7867122,-0.5046033,-0.6877207,-0.697452,-0.2014985,-0.07206202,-0.0539571,0.1950279,1.642337,0.8381165,-0.2814122,-0.6725567,-0.736268,-0.074682,8.940697E-05,9.387732E-05,6.705523E-05,0
1736099861160,1.774037,1.596317,-0.3461853,-0.9917268,0.1277511,0.012564,0,0,0,1.66435,0.7867122,-0.5046033,-0.6877207,-0.697452,-0.2014985,0,0,0,1.642337,0.8381165,-0.2814122,-0.6725567,-0.736268,-0.074682,0,0,0,0
1736099861163,1.774037,1.596317,-0.3461853,-0.9917268,0.1277511,0.012564,0,0,0,1.66435,0.7867122,-0.5046033,-0.6877207,-0.697452,-0.2014985,0,0,0,1.642337,0.8381165,-0.2814122,-0.6725567,-0.736268,-0.074682,0,0,0,0
1736099861184,1.772678,1.596155,-0.3440032,-0.9917061,0.1278475,0.01321656,-0.101915,-0.01215041,0.163655,1.662782,0.7857917,-0.5017493,-0.6882343,-0.6960016,-0.2047337,-0.1176327,-0.06903559,0.2140492,1.642757,0.8372695,-0.2793815,-0.6769043,-0.7326708,-0.07067454,0.03148019,-0.06351918,0.1523092,0
1736099861188,1.772678,1.596155,-0.3440032,-0.9917061,0.1278475,0.01321656,0,0,0,1.662782,0.7857917,-0.5017493,-0.6882343,-0.6960016,-0.2047337,0,0,0,1.642757,0.8372695,-0.2793815,-0.6769043,-0.7326708,-0.07067454,0,0,0,0
1736099861212,1.771224,1.595901,-0.3417451,-0.991858,0.1265607,0.01416117,-0.1090497,-0.01903474,0.1693591,1.661642,0.7850261,-0.4997672,-0.6884903,-0.6932043,-0.2131884,-0.085482,-0.05741715,0.1486547,1.642903,0.8367944,-0.2782183,-0.6764985,-0.7331253,-0.06983948,0.01095235,-0.03563762,0.08723438,0
1736099861216,1.771224,1.595901,-0.3417451,-0.991858,0.1265607,0.01416117,0,0,0,1.661642,0.7850261,-0.4997672,-0.6884903,-0.6932043,-0.2131884,0,0,0,1.642903,0.8367944,-0.2782183,-0.6764985,-0.7331253,-0.06983948,0,0,0,0
1736099861240,1.76964,1.595401,-0.3394567,-0.9922721,0.1231189,0.0154388,-0.1188129,-0.03751516,0.1716301,1.66018,0.784335,-0.4978167,-0.6891885,-0.6893442,-0.2232132,-0.1096576,-0.05183816,0.1462854,1.642953,0.8365586,-0.2764556,-0.6756164,-0.734213,-0.06688941,0.00371933,-0.0176847,0.1322061,0
1736099861243,1.76964,1.595401,-0.3394567,-0.9922721,0.1231189,0.0154388,0,0,0,1.66018,0.784335,-0.4978167,-0.6891885,-0.6893442,-0.2232132,0,0,0,1.642953,0.8365586,-0.2764556,-0.6756164,-0.734213,-0.06688941,0,0,0,0
1736099861268,1.767997,1.59472,-0.3370299,-0.9927068,0.1195528,0.01551396,-0.1232386,-0.05101562,0.1820102,1.658338,0.7838613,-0.4956221,-0.6905944,-0.6848255,-0.2325802,-0.1381248,-0.03552586,0.164596,1.642565,0.8368053,-0.2753835,-0.6776946,-0.732376,-0.06599712,-0.02911091,0.01850277,0.08040816,0
1736099861271,1.767997,1.59472,-0.3370299,-0.9927068,0.1195528,0.01551396,0,0,0,1.658338,0.7838613,-0.4956221,-0.6905944,-0.6848255,-0.2325802,0,0,0,1.642565,0.8368053,-0.2753835,-0.6776946,-0.732376,-0.06599712,0,0,0,0
1736099861296,1.766082,1.594157,-0.3344301,-0.9929383,0.1176333,0.01536554,-0.1435876,-0.04221797,0.1949832,1.655529,0.7833505,-0.4941781,-0.6941255,-0.6771039,-0.2443776,-0.2106518,-0.03830642,0.1083031,1.642074,0.8365643,-0.2736471,-0.6812894,-0.7290025,-0.06633723,-0.03681779,-0.01807362,0.1302302,0
1736099861299,1.766082,1.594157,-0.3344301,-0.9929383,0.1176333,0.01536554,0,0,0,1.655529,0.7833505,-0.4941781,-0.6941255,-0.6771039,-0.2443776,0,0,0,1.642074,0.8365643,-0.2736471,-0.6812894,-0.7290025,-0.06633723,0,0,0,0
1736099861323,1.763847,1.59397,-0.331668,-0.9929504,0.1176591,0.01436335,-0.1676559,-0.01405478,0.2071604,1.65234,0.7824878,-0.49273,-0.6981711,-0.6666996,-0.2609007,-0.2392083,-0.06470829,0.1086049,1.641357,0.8360028,-0.2715074,-0.6831661,-0.7272476,-0.06629574,-0.05373359,-0.04211068,0.1604721,0
1736099861326,1.763847,1.59397,-0.331668,-0.9929504,0.1176591,0.01436335,0,0,0,1.65234,0.7824878,-0.49273,-0.6981711,-0.6666996,-0.2609007,0,0,0,1.641357,0.8360028,-0.2715074,-0.6831661,-0.7272476,-0.06629574,0,0,0,0
1736099861351,1.761424,1.593562,-0.3289851,-0.9931936,0.115724,0.01321423,-0.1817554,-0.03057718,0.2012148,1.650023,0.7816358,-0.4914816,-0.7006164,-0.6582826,-0.2753202,-0.1737356,-0.06389469,0.09362921,1.640837,0.8351182,-0.269102,-0.6827179,-0.7279734,-0.06286073,-0.03903508,-0.06634444,0.1804098,0
1736099861354,1.761424,1.593562,-0.3289851,-0.9931936,0.115724,0.01321423,0,0,0,1.650023,0.7816358,-0.4914816,-0.7006164,-0.6582826,-0.2753202,0,0,0,1.640837,0.8351182,-0.269102,-0.6827179,-0.7279734,-0.06286073,0,0,0,0
1736099861379,1.758763,1.592911,-0.3261071,-0.9936832,0.1116037,0.01177257,-0.1995116,-0.04885197,0.2158552,1.647664,0.7811403,-0.4904006,-0.7027651,-0.6507848,-0.2874038,-0.1769543,-0.03716648,0.08107424,1.640646,0.8344582,-0.2669334,-0.6809959,-0.7297732,-0.06062913,-0.01431406,-0.04950464,0.1626447,0
1736099861383,1.758763,1.592911,-0.3261071,-0.9936832,0.1116037,0.01177257,0,0,0,1.647664,0.7811403,-0.4904006,-0.7027651,-0.6507848,-0.2874038,0,0,0,1.640646,0.8344582,-0.2669334,-0.6809959,-0.7297732,-0.06062913,0,0,0,0
1736099861407,1.755836,1.59194,-0.3230656,-0.9941258,0.1076764,0.01095361,-0.2195925,-0.07285774,0.2281107,1.645303,0.7809619,-0.4895425,-0.7031629,-0.6418157,-0.3059986,-0.1770973,-0.01337528,0.06436184,1.640731,0.8339976,-0.2653413,-0.6807969,-0.7298233,-0.06224108,0.006365776,-0.03454238,0.119403,0
1736099861410,1.755836,1.59194,-0.3230656,-0.9941258,0.1076764,0.01095361,0,0,0,1.645303,0.7809619,-0.4895425,-0.7031629,-0.6418157,-0.3059986,0,0,0,1.640731,0.8339976,-0.2653413,-0.6807969,-0.7298233,-0.06224108,0,0,0,0
1736099861434,1.752644,1.590919,-0.3199089,-0.9944074,0.1051515,0.009871781,-0.2393693,-0.07650554,0.2367519,1.64282,0.7808607,-0.48836,-0.7026327,-0.6360705,-0.3189393,-0.1862079,-0.007595122,0.08868277,1.640296,0.8333384,-0.2634004,-0.6826235,-0.7277572,-0.06629562,-0.0326246,-0.04944205,0.1455724,0
1736099861438,1.752644,1.590919,-0.3199089,-0.9944074,0.1051515,0.009871781,0,0,0,1.64282,0.7808607,-0.48836,-0.7026327,-0.6360705,-0.3189393,0,0,0,1.640296,0.8333384,-0.2634004,-0.6826235,-0.7277572,-0.06629562,0,0,0,0
1736099861462,1.749156,1.589571,-0.316729,-0.9947143,0.1024005,0.00760597,-0.2615601,-0.101164,0.2384886,1.640262,0.7805573,-0.4873004,-0.7033789,-0.6295721,-0.329996,-0.1918495,-0.02275407,0.07947162,1.639642,0.8319121,-0.2612098,-0.6834415,-0.7270414,-0.06571829,-0.0490576,-0.106971,0.1642942,0
1736099861465,1.749156,1.589571,-0.316729,-0.9947143,0.1024005,0.00760597,0,0,0,1.640262,0.7805573,-0.4873004,-0.7033789,-0.6295721,-0.329996,0,0,0,1.639642,0.8319121,-0.2612098,-0.6834415,-0.7270414,-0.06571829,0,0,0,0
1736099861490,1.745281,1.588185,-0.313716,-0.9950958,0.09880598,0.004675925,-0.2906531,-0.1038998,0.2259806,1.637468,0.7804838,-0.4865396,-0.7072433,-0.6204624,-0.3388717,-0.2095252,-0.00551194,0.05705953,1.638871,0.8301287,-0.2595181,-0.6838759,-0.7268391,-0.06339514,-0.05777478,-0.1337528,0.1268774,0
1736099861493,1.745281,1.588185,-0.313716,-0.9950958,0.09880598,0.004675925,0,0,0,1.637468,0.7804838,-0.4865396,-0.7072433,-0.6204624,-0.3388717,0,0,0,1.638871,0.8301287,-0.2595181,-0.6838759,-0.7268391,-0.06339514,0,0,0,0
1736099861496,1.745281,1.588185,-0.313716,-0.9950958,0.09880598,0.004675925,0,0,0,1.637468,0.7804838,-0.4865396,-0.7072433,-0.6204624,-0.3388717,0,0,0,1.638871,0.8301287,-0.2595181,-0.6838759,-0.7268391,-0.06339514,0,0,0,0
1736099861518,1.740983,1.587187,-0.3106704,-0.9954411,0.09535851,0.002073109,-0.3223479,-0.07488728,0.2284147,1.634775,0.780678,-0.4865236,-0.709397,-0.61107,-0.3512123,-0.2019703,0.01456439,0.001204759,1.637777,0.8282635,-0.2584913,-0.6852661,-0.7256975,-0.06143153,-0.08203983,-0.1398951,0.07701069,0
1736099861521,1.740983,1.587187,-0.3106704,-0.9954411,0.09535851,0.002073109,0,0,0,1.634775,0.780678,-0.4865236,-0.709397,-0.61107,-0.3512123,0,0,0,1.637777,0.8282635,-0.2584913,-0.6852661,-0.7256975,-0.06143153,0,0,0,0
1736099861546,1.73617,1.586584,-0.3077902,-0.9957795,0.09177759,0.0007814169,-0.3609717,-0.04520416,0.2160184,1.632457,0.7813271,-0.4870468,-0.7093679,-0.6044434,-0.362555,-0.1738697,0.04868656,-0.03924519,1.636713,0.8264118,-0.2582456,-0.6862109,-0.7251139,-0.05766106,-0.07986724,-0.1388758,0.01842231,0
1736099861549,1.73617,1.586584,-0.3077902,-0.9957795,0.09177759,0.0007814169,0,0,0,1.632457,0.7813271,-0.4870468,-0.7093679,-0.6044434,-0.362555,0,0,0,1.636713,0.8264118,-0.2582456,-0.6862109,-0.7251139,-0.05766106,0,0,0,0
1736099861573,1.730838,1.586003,-0.305113,-0.9960227,0.08909657,0.001068771,-0.3998995,-0.04355013,0.2007924,1.630143,0.782137,-0.4885613,-0.7056379,-0.5998554,-0.3771598,-0.1735926,0.06073862,-0.1135848,1.635663,0.8250889,-0.2589386,-0.6861982,-0.7252426,-0.05617583,-0.07873178,-0.09921491,-0.0519678,0
1736099861577,1.730838,1.586003,-0.305113,-0.9960227,0.08909657,0.001068771,0,0,0,1.630143,0.782137,-0.4885613,-0.7056379,-0.5998554,-0.3771598,0,0,0,1.635663,0.8250889,-0.2589386,-0.6861982,-0.7252426,-0.05617583,0,0,0,0
1736099861601,1.725127,1.585069,-0.3028957,-0.9964955,0.08357684,0.003418624,-0.4283756,-0.07006824,0.1662947,1.627911,0.7828299,-0.4905153,-0.6967977,-0.5989386,-0.3946464,-0.167343,0.05197227,-0.146547,1.634591,0.8249214,-0.2608954,-0.6876089,-0.7234336,-0.06195354,-0.08041263,-0.01256615,-0.146766,0
1736099861605,1.725127,1.585069,-0.3028957,-0.9964955,0.08357684,0.003418624,0,0,0,1.627911,0.7828299,-0.4905153,-0.6967977,-0.5989386,-0.3946464,0,0,0,1.634591,0.8249214,-0.2608954,-0.6876089,-0.7234336,-0.06195354,0,0,0,0
1736099861629,1.718741,1.584527,-0.3011137,-0.9969853,0.0773515,0.00613296,-0.4789352,-0.04064441,0.13365,1.625363,0.7830921,-0.4923361,-0.6890562,-0.6006164,-0.4055395,-0.1911163,0.01966506,-0.1365624,1.632856,0.8248348,-0.2626938,-0.6886612,-0.7216145,-0.07084286,-0.1300871,-0.006495416,-0.1348749,0
1736099861632,1.718741,1.584527,-0.3011137,-0.9969853,0.0773515,0.00613296,0,0,0,1.625363,0.7830921,-0.4923361,-0.6890562,-0.6006164,-0.4055395,0,0,0,1.632856,0.8248348,-0.2626938,-0.6886612,-0.7216145,-0.07084286,0,0,0,0
1736099861657,1.711919,1.584107,-0.2996988,-0.9973248,0.07252531,0.009147465,-0.5116045,-0.03154278,0.1061171,1.621727,0.7827578,-0.4955152,-0.6808929,-0.6042705,-0.4138143,-0.2727449,-0.02507418,-0.2384327,1.629545,0.8249128,-0.2639535,-0.6897706,-0.7199971,-0.07629621,-0.2483547,0.005851686,-0.09448081,0
1736099861660,1.711919,1.584107,-0.2996988,-0.9973248,0.07252531,0.009147465,0,0,0,1.621727,0.7827578,-0.4955152,-0.6808929,-0.6042705,-0.4138143,0,0,0,1.629545,0.8249128,-0.2639535,-0.6897706,-0.7199971,-0.07629621,0,0,0,0
1736099861684,1.704838,1.583506,-0.2987685,-0.9976908,0.06686652,0.01193917,-0.5310863,-0.04502535,0.0697732,1.617627,0.7820494,-0.4987095,-0.6730714,-0.6039397,-0.4268866,-0.3074527,-0.05313456,-0.2395727,1.633387,0.8252273,-0.2618675,-0.6898954,-0.7201869,-0.07331705,0.2881765,0.02358556,0.1564533,0
1736099861688,1.704838,1.583506,-0.2987685,-0.9976908,0.06686652,0.01193917,0,0,0,1.617627,0.7820494,-0.4987095,-0.6730714,-0.6039397,-0.4268866,0,0,0,1.633387,0.8252273,-0.2618675,-0.6898954,-0.7201869,-0.07331705,0,0,0,0
1736099861712,1.697168,1.583005,-0.2982673,-0.9979307,0.06284855,0.01359773,-0.5752712,-0.03760457,0.03758892,1.612901,0.7810236,-0.5018895,-0.6643816,-0.6053343,-0.43837,-0.354445,-0.0769347,-0.238502,1.633357,0.8252327,-0.2618626,-0.6901789,-0.7198203,-0.07424593,-0.002279878,0.0004068017,0.0003620982,0
1736099861716,1.697168,1.583005,-0.2982673,-0.9979307,0.06284855,0.01359773,0,0,0,1.612901,0.7810236,-0.5018895,-0.6643816,-0.6053343,-0.43837,0,0,0,1.633357,0.8252327,-0.2618626,-0.6901789,-0.7198203,-0.07424593,0,0,0,0
1736099861740,1.688912,1.582555,-0.2981493,-0.9978896,0.0632334,0.01477128,-0.6191969,-0.03372431,0.008846819,1.607516,0.7798197,-0.5044536,-0.6562349,-0.6077194,-0.4472512,-0.4038692,-0.0902921,-0.1923054,1.633223,0.8252363,-0.2618885,-0.691392,-0.7185373,-0.07537878,-0.0100404,0.0002682209,-0.001940131,0
1736099861743,1.688912,1.582555,-0.2981493,-0.9978896,0.0632334,0.01477128,0,0,0,1.607516,0.7798197,-0.5044536,-0.6562349,-0.6077194,-0.4472512,0,0,0,1.633223,0.8252363,-0.2618885,-0.691392,-0.7185373,-0.07537878,0,0,0,0
1736099861768,1.679918,1.581884,-0.2984084,-0.9978176,0.06426442,0.01517594,-0.6745666,-0.05037189,-0.0194326,1.600961,0.7781465,-0.5064161,-0.6533657,-0.6075103,-0.4517137,-0.4916131,-0.1254871,-0.1471862,1.633087,0.8252276,-0.2619098,-0.6942774,-0.715744,-0.07543027,-0.01016557,-0.0006526709,-0.001600385,0
1736099861771,1.679918,1.581884,-0.2984084,-0.9978176,0.06426442,0.01517594,0,0,0,1.600961,0.7781465,-0.5064161,-0.6533657,-0.6075103,-0.4517137,0,0,0,1.633087,0.8252276,-0.2619098,-0.6942774,-0.715744,-0.07543027,0,0,0,0
1736099861795,1.670207,1.581116,-0.2990628,-0.9978074,0.06455576,0.01459968,-0.7283181,-0.05756915,-0.04907995,1.59423,0.7764978,-0.5082796,-0.6497586,-0.6076463,-0.456706,-0.5048633,-0.1236543,-0.1397654,1.632973,0.8252065,-0.2619382,-0.695356,-0.714785,-0.0745852,-0.008556247,-0.001578033,-0.002127886,0
1736099861799,1.670207,1.581116,-0.2990628,-0.9978074,0.06455576,0.01459968,0,0,0,1.59423,0.7764978,-0.5082796,-0.6497586,-0.6076463,-0.456706,0,0,0,1.632973,0.8252065,-0.2619382,-0.695356,-0.714785,-0.0745852,0,0,0,0
1736099861823,1.65973,1.580066,-0.3002636,-0.997836,0.06406171,0.01482266,-0.7857352,-0.07872283,-0.09005964,1.586822,0.7743837,-0.5094114,-0.6457914,-0.611539,-0.4571373,-0.5556107,-0.1585588,-0.08488297,1.632931,0.825187,-0.2619674,-0.6951957,-0.7150569,-0.0734638,-0.003165007,-0.001461804,-0.002190471,0
1736099861827,1.65973,1.580066,-0.3002636,-0.997836,0.06406171,0.01482266,0,0,0,1.586822,0.7743837,-0.5094114,-0.6457914,-0.611539,-0.4571373,0,0,0,1.632931,0.825187,-0.2619674,-0.6951957,-0.7150569,-0.0734638,0,0,0,0
1736099861830,1.65973,1.580066,-0.3002636,-0.997836,0.06406171,0.01482266,0,0,0,1.586822,0.7743837,-0.5094114,-0.6457914,-0.611539,-0.4571373,0,0,0,1.632931,0.825187,-0.2619674,-0.6951957,-0.7150569,-0.0734638,0,0,0,0
1736099861851,1.648345,1.579143,-0.3018635,-0.9978525,0.06345999,0.01623374,-0.853917,-0.06923676,-0.1199886,1.578585,0.7717755,-0.5104836,-0.6441932,-0.6122987,-0.4583728,-0.6177485,-0.1956135,-0.08041263,1.632798,0.8251608,-0.262038,-0.6944354,-0.7158358,-0.07306767,-0.009977818,-0.001966953,-0.005292892,0
1736099861855,1.648345,1.579143,-0.3018635,-0.9978525,0.06345999,0.01623374,0,0,0,1.578585,0.7717755,-0.5104836,-0.6441932,-0.6122987,-0.4583728,0,0,0,1.632798,0.8251608,-0.262038,-0.6944354,-0.7158358,-0.07306767,0,0,0,0
1736099861879,1.636265,1.577944,-0.3038262,-0.9978588,0.06299275,0.0176174,-0.9059787,-0.08992553,-0.1472041,1.570219,0.7693824,-0.5115604,-0.6408712,-0.619713,-0.4530348,-0.627476,-0.1794845,-0.08076131,1.632917,0.8251701,-0.2620246,-0.6939156,-0.7162406,-0.07403409,0.008931756,0.0006973743,0.001001358,0
1736099861883,1.636265,1.577944,-0.3038262,-0.9978588,0.06299275,0.0176174,0,0,0,1.570219,0.7693824,-0.5115604,-0.6408712,-0.619713,-0.4530348,0,0,0,1.632917,0.8251701,-0.2620246,-0.6939156,-0.7162406,-0.07403409,0,0,0,0
1736099861907,1.623331,1.57687,-0.3063532,-0.9978907,0.06184019,0.01976371,-0.9700835,-0.08057356,-0.1895204,1.560591,0.7662474,-0.513102,-0.636483,-0.6252297,-0.4516386,-0.7221133,-0.2351224,-0.1156211,1.633031,0.8251851,-0.2619997,-0.6945555,-0.7154049,-0.07608414,0.008520484,0.001126528,0.001873076,0
1736099861910,1.623331,1.57687,-0.3063532,-0.9978907,0.06184019,0.01976371,0,0,0,1.560591,0.7662474,-0.513102,-0.636483,-0.6252297,-0.4516386,0,0,0,1.633031,0.8251851,-0.2619997,-0.6945555,-0.7154049,-0.07608414,0,0,0,0
1736099861934,1.60979,1.575416,-0.3094949,-0.9980057,0.0593103,0.02161831,-1.015529,-0.1090497,-0.2356276,1.549669,0.7628395,-0.5151227,-0.631159,-0.6311185,-0.4509196,-0.8191019,-0.2555922,-0.1515493,1.633124,0.8252025,-0.2619688,-0.6949046,-0.7146549,-0.07985067,0.006964803,0.001305342,0.00231564,0
1736099861938,1.60979,1.575416,-0.3094949,-0.9980057,0.0593103,0.02161831,0,0,0,1.549669,0.7628395,-0.5151227,-0.631159,-0.6311185,-0.4509196,0,0,0,1.633124,0.8252025,-0.2619688,-0.6949046,-0.7146549,-0.07985067,0,0,0,0
1736099861962,1.595838,1.574072,-0.3131373,-0.9981238,0.05644966,0.02372324,-1.046383,-0.1007885,-0.273183,1.538084,0.7597507,-0.5173846,-0.6263594,-0.637269,-0.4489574,-0.8689284,-0.2316579,-0.1696452,1.632859,0.8251894,-0.2620717,-0.6952201,-0.7138366,-0.08430088,-0.01984835,-0.0009834766,-0.007715821,0
1736099861966,1.595838,1.574072,-0.3131373,-0.9981238,0.05644966,0.02372324,0,0,0,1.538084,0.7597507,-0.5173846,-0.6263594,-0.637269,-0.4489574,0,0,0,1.632859,0.8251894,-0.2620717,-0.6952201,-0.7138366,-0.08430088,0,0,0,0
1736099861990,1.5814,1.572513,-0.3173273,-0.998184,0.05468786,0.02526498,-1.08287,-0.1169443,-0.3142476,1.523475,0.7565173,-0.520334,-0.6215878,-0.6442409,-0.4456263,-1.095665,-0.2425075,-0.2212062,1.632563,0.8251783,-0.262159,-0.6955904,-0.7131,-0.08742392,-0.02220869,-0.0008314848,-0.00654906,0
1736099861993,1.5814,1.572513,-0.3173273,-0.998184,0.05468786,0.02526498,0,0,0,1.523475,0.7565173,-0.520334,-0.6215878,-0.6442409,-0.4456263,0,0,0,1.632563,0.8251783,-0.262159,-0.6955904,-0.7131,-0.08742392,0,0,0,0
1736099862018,1.566475,1.571782,-0.3217821,-0.9981287,0.05481055,0.0271157,-1.119402,-0.05478859,-0.3341138,1.508484,0.7541336,-0.5238063,-0.6181597,-0.6497523,-0.4423813,-1.124328,-0.1787737,-0.2604201,1.632112,0.8251503,-0.2622663,-0.6969021,-0.7118008,-0.08756578,-0.0338316,-0.002105534,-0.008046627,0
1736099862021,1.566475,1.571782,-0.3217821,-0.9981287,0.05481055,0.0271157,0,0,0,1.508484,0.7541336,-0.5238063,-0.6181597,-0.6497523,-0.4423813,0,0,0,1.632112,0.8251503,-0.2622663,-0.6969021,-0.7118008,-0.08756578,0,0,0,0
1736099862045,1.550642,1.573581,-0.326547,-0.9976749,0.06005902,0.03221911,-1.187485,0.1348615,-0.3573686,1.492091,0.7516974,-0.5279681,-0.6147117,-0.6529766,-0.4424385,-1.229453,-0.1827165,-0.3121376,1.627468,0.8249534,-0.2635749,-0.6984767,-0.7110288,-0.08104837,-0.348267,-0.01476109,-0.0981465,0
1736099862049,1.550642,1.573581,-0.326547,-0.9976749,0.06005902,0.03221911,0,0,0,1.492091,0.7516974,-0.5279681,-0.6147117,-0.6529766,-0.4424385,0,0,0,1.627468,0.8249534,-0.2635749,-0.6984767,-0.7110288,-0.08104837,0,0,0,0
1736099862073,1.534454,1.574157,-0.3317757,-0.9969058,0.06906626,0.03753477,-1.214084,0.04327297,-0.3921524,1.476407,0.7505677,-0.5313346,-0.6132166,-0.6562654,-0.4396386,-1.176292,-0.08472651,-0.2524897,1.614189,0.8246723,-0.2673126,-0.6981374,-0.7130593,-0.06443036,-0.9959221,-0.02108216,-0.2803266,0
1736099862077,1.534454,1.574157,-0.3317757,-0.9969058,0.06906626,0.03753477,0,0,0,1.476407,0.7505677,-0.5313346,-0.6132166,-0.6562654,-0.4396386,0,0,0,1.614189,0.8246723,-0.2673126,-0.6981374,-0.7130593,-0.06443036,0,0,0,0
1736099862101,1.517717,1.576276,-0.3370751,-0.9966317,0.07163413,0.03992331,-1.255301,0.1589119,-0.3974542,1.459159,0.7519193,-0.534044,-0.6219366,-0.6547203,-0.4295774,-1.293612,0.1013696,-0.2032042,1.596002,0.8246583,-0.2713433,-0.697772,-0.7143598,-0.05296099,-1.364046,-0.001050532,-0.3023028,0
1736099862105,1.517717,1.576276,-0.3370751,-0.9966317,0.07163413,0.03992331,0,0,0,1.459159,0.7519193,-0.534044,-0.6219366,-0.6547203,-0.4295774,0,0,0,1.596002,0.8246583,-0.2713433,-0.697772,-0.7143598,-0.05296099,0,0,0,0
1736099862129,1.501075,1.577776,-0.3424659,-0.9967799,0.06693947,0.04415131,-1.248121,0.1124918,-0.4043072,1.441219,0.7546111,-0.5366289,-0.6305221,-0.6538652,-0.4182138,-1.345468,0.2018854,-0.1938656,1.579761,0.8256294,-0.2753078,-0.6991024,-0.7132381,-0.05047822,-1.218036,0.07282645,-0.2973363,0
1736099862132,1.501075,1.577776,-0.3424659,-0.9967799,0.06693947,0.04415131,0,0,0,1.441219,0.7546111,-0.5366289,-0.6305221,-0.6538652,-0.4182138,0,0,0,1.579761,0.8256294,-0.2753078,-0.6991024,-0.7132381,-0.05047822,0,0,0,0
1736099862157,1.484871,1.579294,-0.3478447,-0.9971269,0.05573209,0.0513044,-1.215309,0.1138151,-0.4034132,1.423099,0.7575785,-0.5384561,-0.6389193,-0.6538535,-0.4052877,-1.35904,0.2225518,-0.137043,1.563952,0.8273718,-0.2800193,-0.7016946,-0.7110383,-0.04526961,-1.185715,0.1306817,-0.3533676,0
1736099862160,1.484871,1.579294,-0.3478447,-0.9971269,0.05573209,0.0513044,0,0,0,1.423099,0.7575785,-0.5384561,-0.6389193,-0.6538535,-0.4052877,0,0,0,1.563952,0.8273718,-0.2800193,-0.7016946,-0.7110383,-0.04526961,0,0,0,0
1736099862163,1.484871,1.579294,-0.3478447,-0.9971269,0.05573209,0.0513044,0,0,0,1.423099,0.7575785,-0.5384561,-0.6389193,-0.6538535,-0.4052877,0,0,0,1.563952,0.8273718,-0.2800193,-0.7016946,-0.7110383,-0.04526961,0,0,0,0
1736099862184,1.469075,1.58096,-0.3531376,-0.9970782,0.04551251,0.06135058,-1.184678,0.1249999,-0.3969669,1.404839,0.7603025,-0.5398102,-0.6481047,-0.6529264,-0.3919797,-1.369482,0.2042994,-0.1015529,1.546364,0.8300489,-0.2856539,-0.7081718,-0.7051741,-0.03496265,-1.319093,0.2007812,-0.4225954,0
1736099862188,1.469075,1.58096,-0.3531376,-0.9970782,0.04551251,0.06135058,0,0,0,1.404839,0.7603025,-0.5398102,-0.6481047,-0.6529264,-0.3919797,0,0,0,1.546364,0.8300489,-0.2856539,-0.7081718,-0.7051741,-0.03496265,0,0,0,0
1736099862212,1.4534,1.582745,-0.3582733,-0.9964006,0.04631811,0.07099807,-1.175612,0.1338601,-0.3851742,1.387241,0.7623963,-0.5403845,-0.6595439,-0.6509274,-0.3758936,-1.319844,0.1570344,-0.04307628,1.531401,0.8330153,-0.2904064,-0.7178646,-0.6957997,-0.02310324,-1.122218,0.2224803,-0.3564343,0
1736099862216,1.4534,1.582745,-0.3582733,-0.9964006,0.04631811,0.07099807,0,0,0,1.387241,0.7623963,-0.5403845,-0.6595439,-0.6509274,-0.3758936,0,0,0,1.531401,0.8330153,-0.2904064,-0.7178646,-0.6957997,-0.02310324,0,0,0,0
1736099862240,1.438111,1.583305,-0.3631973,-0.9954706,0.05248872,0.07926822,-1.146716,0.04200339,-0.3693044,1.369577,0.7634757,-0.5401356,-0.6713519,-0.6505497,-0.3550665,-1.324797,0.08095354,0.01867265,1.517693,0.8360464,-0.295158,-0.7285466,-0.6849233,-0.01000321,-1.028118,0.2273351,-0.3563717,0
1736099862244,1.438111,1.583305,-0.3631973,-0.9954706,0.05248872,0.07926822,0,0,0,1.369577,0.7634757,-0.5401356,-0.6713519,-0.6505497,-0.3550665,0,0,0,1.517693,0.8360464,-0.295158,-0.7285466,-0.6849233,-0.01000321,0,0,0,0
1736099862268,1.422565,1.583635,-0.3678621,-0.9947763,0.05711675,0.08460671,-1.165929,0.02472103,-0.3498584,1.351407,0.7633668,-0.5399035,-0.6835065,-0.6482463,-0.3355536,-1.362777,-0.008162856,0.01740754,1.498083,0.839972,-0.299702,-0.7430752,-0.6692078,-0.0005584955,-1.4707,0.2944171,-0.3408015,0
1736099862271,1.422565,1.583635,-0.3678621,-0.9947763,0.05711675,0.08460671,0,0,0,1.351407,0.7633668,-0.5399035,-0.6835065,-0.6482463,-0.3355536,0,0,0,1.498083,0.839972,-0.299702,-0.7430752,-0.6692078,-0.0005584955,0,0,0,0
1736099862295,1.406873,1.583969,-0.3719091,-0.9946847,0.0577678,0.08523828,-1.176873,0.02508759,-0.3035277,1.333632,0.7621888,-0.5400189,-0.6913875,-0.6460428,-0.3234382,-1.333112,-0.08835196,-0.008654594,1.480688,0.8432868,-0.3028516,-0.7535615,-0.6573259,0.00825721,-1.304653,0.2486095,-0.2362132,0
1736099862299,1.406873,1.583969,-0.3719091,-0.9946847,0.0577678,0.08523828,0,0,0,1.333632,0.7621888,-0.5400189,-0.6913875,-0.6460428,-0.3234382,0,0,0,1.480688,0.8432868,-0.3028516,-0.7535615,-0.6573259,0.00825721,0,0,0,0
1736099862323,1.390659,1.585143,-0.375694,-0.9951568,0.05248348,0.08311844,-1.216069,0.0880301,-0.2838627,1.316633,0.7606932,-0.5400571,-0.6954966,-0.6448985,-0.3168451,-1.274943,-0.11217,-0.002865493,1.428441,0.8491267,-0.3024182,-0.7692035,-0.6389918,0.003978729,-3.918555,0.4379958,0.0325039,0
1736099862327,1.390659,1.585143,-0.375694,-0.9951568,0.05248348,0.08311844,0,0,0,1.316633,0.7606932,-0.5400571,-0.6954966,-0.6448985,-0.3168451,0,0,0,1.428441,0.8491267,-0.3024182,-0.7692035,-0.6389918,0.003978729,0,0,0,0
1736099862351,1.374299,1.586012,-0.3788359,-0.9955808,0.05015258,0.07939863,-1.227003,0.0651598,-0.2356455,1.300885,0.7606277,-0.5396991,-0.6961807,-0.644994,-0.3151448,-1.181048,-0.004912913,0.02684891,1.384131,0.8470403,-0.2867799,-0.7623375,-0.646832,0.02121228,-3.323257,-0.1564801,1.172872,0
1736099862355,1.374299,1.586012,-0.3788359,-0.9955808,0.05015258,0.07939863,0,0,0,1.300885,0.7606277,-0.5396991,-0.6961807,-0.644994,-0.3151448,0,0,0,1.384131,0.8470403,-0.2867799,-0.7623375,-0.646832,0.02121228,0,0,0,0
1736099862379,1.357513,1.587304,-0.3814104,-0.9959933,0.04902685,0.07479382,-1.25894,0.09691715,-0.1930833,1.285332,0.7618628,-0.5379161,-0.6940913,-0.6481495,-0.3132732,-1.166493,0.09263456,0.133726,1.340415,0.8449942,-0.270321,-0.7521126,-0.65788,0.0389995,-3.278652,-0.1534536,1.234415,0
1736099862382,1.357513,1.587304,-0.3814104,-0.9959933,0.04902685,0.07479382,0,0,0,1.285332,0.7618628,-0.5379161,-0.6940913,-0.6481495,-0.3132732,0,0,0,1.340415,0.8449942,-0.270321,-0.7521126,-0.65788,0.0389995,0,0,0,0
1736099862407,1.34009,1.588129,-0.3832853,-0.996154,0.05100714,0.07124472,-1.306754,0.06185174,-0.1406237,1.269265,0.7639937,-0.5347112,-0.6937053,-0.65259,-0.3047943,-1.205009,0.159815,0.2403662,1.295471,0.8468037,-0.2542273,-0.7476416,-0.6616518,0.05700082,-3.370795,0.1357064,1.20703,0
1736099862410,1.34009,1.588129,-0.3832853,-0.996154,0.05100714,0.07124472,0,0,0,1.269265,0.7639937,-0.5347112,-0.6937053,-0.65259,-0.3047943,0,0,0,1.295471,0.8468037,-0.2542273,-0.7476416,-0.6616518,0.05700082,0,0,0,0
1736099862434,1.322162,1.588228,-0.3843855,-0.9960145,0.05610234,0.06933683,-1.344556,0.007456541,-0.08250922,1.25367,0.7653161,-0.5307735,-0.6956084,-0.6555281,-0.2939591,-1.16964,0.09918362,0.2953246,1.24847,0.8480641,-0.2374353,-0.7426014,-0.6666412,0.06429094,-3.525066,0.09452999,1.259395,0
1736099862438,1.322162,1.588228,-0.3843855,-0.9960145,0.05610234,0.06933683,0,0,0,1.25367,0.7653161,-0.5307735,-0.6956084,-0.6555281,-0.2939591,0,0,0,1.24847,0.8480641,-0.2374353,-0.7426014,-0.6666412,0.06429094,0,0,0,0
1736099862462,1.303406,1.587326,-0.3850812,-0.9958134,0.05982017,0.06912047,-1.406711,-0.06767213,-0.05217791,1.238328,0.7639258,-0.5262954,-0.6974607,-0.6598269,-0.2796021,-1.150703,-0.1042753,0.3358617,1.219001,0.8467547,-0.2275788,-0.7436658,-0.6646963,0.07169634,-2.210194,-0.09820461,0.7392436,0
1736099862466,1.303406,1.587326,-0.3850812,-0.9958134,0.05982017,0.06912047,0,0,0,1.238328,0.7639258,-0.5262954,-0.6974607,-0.6598269,-0.2796021,0,0,0,1.219001,0.8467547,-0.2275788,-0.7436658,-0.6646963,0.07169634,0,0,0,0
1736099862490,1.284256,1.585602,-0.384971,-0.9956891,0.06051192,0.07029891,-1.436305,-0.1292735,0.008265674,1.222908,0.7612639,-0.5217898,-0.6978549,-0.6660064,-0.2635043,-1.156461,-0.1996413,0.3379181,1.198662,0.8417159,-0.2219087,-0.7526447,-0.6535239,0.08020419,-1.525462,-0.3779054,0.4252553,0
1736099862493,1.284256,1.585602,-0.384971,-0.9956891,0.06051192,0.07029891,0,0,0,1.222908,0.7612639,-0.5217898,-0.6978549,-0.6660064,-0.2635043,0,0,0,1.198662,0.8417159,-0.2219087,-0.7526447,-0.6535239,0.08020419,0,0,0,0
1736099862496,1.284256,1.585602,-0.384971,-0.9956891,0.06051192,0.07029891,0,0,0,1.222908,0.7612639,-0.5217898,-0.6978549,-0.6660064,-0.2635043,0,0,0,1.198662,0.8417159,-0.2219087,-0.7526447,-0.6535239,0.08020419,0,0,0,0
1736099862518,1.264154,1.583248,-0.3842568,-0.9956954,0.0585502,0.07185203,-1.507616,-0.1765609,0.05356371,1.206667,0.7573099,-0.5183771,-0.6962618,-0.6716729,-0.2531309,-1.218045,-0.296554,0.2559498,1.178143,0.8395334,-0.218298,-0.7512078,-0.6532955,0.09429789,-1.538908,-0.1636863,0.2708048,0
1736099862521,1.264154,1.583248,-0.3842568,-0.9956954,0.0585502,0.07185203,0,0,0,1.206667,0.7573099,-0.5183771,-0.6962618,-0.6716729,-0.2531309,0,0,0,1.178143,0.8395334,-0.218298,-0.7512078,-0.6532955,0.09429789,0,0,0,0
1736099862545,1.243367,1.580708,-0.3829529,-0.9957829,0.0567383,0.07209361,-1.559007,-0.1905262,0.09779334,1.190168,0.7533539,-0.5151777,-0.6925651,-0.6771432,-0.2486585,-1.237428,-0.296697,0.2399594,1.158805,0.8366078,-0.2149824,-0.7483623,-0.6552526,0.1029468,-1.450324,-0.2194226,0.2486676,0
1736099862549,1.243367,1.580708,-0.3829529,-0.9957829,0.0567383,0.07209361,0,0,0,1.190168,0.7533539,-0.5151777,-0.6925651,-0.6771432,-0.2486585,0,0,0,1.158805,0.8366078,-0.2149824,-0.7483623,-0.6552526,0.1029468,0,0,0,0
1736099862573,1.221813,1.57806,-0.3809139,-0.9958916,0.05666632,0.07063371,-1.616567,-0.1986086,0.1529261,1.172369,0.749325,-0.5125836,-0.6871477,-0.6822639,-0.2496891,-1.334989,-0.3021687,0.194554,1.14031,0.8327582,-0.2117982,-0.7459474,-0.6575655,0.1056909,-1.387122,-0.2887219,0.2388149,0
1736099862577,1.221813,1.57806,-0.3809139,-0.9958916,0.05666632,0.07063371,0,0,0,1.172369,0.749325,-0.5125836,-0.6871477,-0.6822639,-0.2496891,0,0,0,1.14031,0.8327582,-0.2117982,-0.7459474,-0.6575655,0.1056909,0,0,0,0
1736099862601,1.19946,1.574794,-0.3781168,-0.99608,0.0573465,0.06735098,-1.676452,-0.2449572,0.20978,1.153035,0.7453641,-0.5093763,-0.6812192,-0.6864949,-0.2542951,-1.449984,-0.2970636,0.2405494,1.118924,0.8287187,-0.2102784,-0.7410244,-0.6631476,0.1054443,-1.603961,-0.3029644,0.1139849,0
1736099862605,1.19946,1.574794,-0.3781168,-0.99608,0.0573465,0.06735098,0,0,0,1.153035,0.7453641,-0.5093763,-0.6812192,-0.6864949,-0.2542951,0,0,0,1.118924,0.8287187,-0.2102784,-0.7410244,-0.6631476,0.1054443,0,0,0,0
1736099862629,1.176885,1.57181,-0.3743107,-0.9966599,0.05403756,0.06123316,-1.693144,-0.2238035,0.2854541,1.132504,0.7410731,-0.5066028,-0.6756646,-0.6898822,-0.2598848,-1.539874,-0.3218293,0.2080142,1.096436,0.8245279,-0.2089993,-0.7374108,-0.6681312,0.09912616,-1.6866,-0.3143057,0.09593368,0
1736099862633,1.176885,1.57181,-0.3743107,-0.9966599,0.05403756,0.06123316,0,0,0,1.132504,0.7410731,-0.5066028,-0.6756646,-0.6898822,-0.2598848,0,0,0,1.096436,0.8245279,-0.2089993,-0.7374108,-0.6681312,0.09912616,0,0,0,0
1736099862657,1.153537,1.568868,-0.3696703,-0.9972504,0.05033607,0.05439115,-1.751125,-0.2205849,0.3480345,1.111448,0.7377971,-0.5047193,-0.670548,-0.6922846,-0.2666605,-1.579213,-0.2456948,0.1412585,1.073098,0.8205873,-0.2076199,-0.7357039,-0.6711879,0.09081185,-1.750374,-0.2955481,0.1034528,0
1736099862660,1.153537,1.568868,-0.3696703,-0.9972504,0.05033607,0.05439115,0,0,0,1.111448,0.7377971,-0.5047193,-0.670548,-0.6922846,-0.2666605,0,0,0,1.073098,0.8205873,-0.2076199,-0.7357039,-0.6711879,0.09081185,0,0,0,0
1736099862684,1.130239,1.566065,-0.3640746,-0.9977674,0.04825281,0.04617578,-1.747289,-0.2102852,0.4196763,1.088346,0.735659,-0.5030459,-0.6663315,-0.6935744,-0.2737839,-1.732653,-0.1603603,0.1255095,1.045862,0.8175552,-0.2070795,-0.7325106,-0.6754691,0.08467352,-2.042654,-0.2274066,0.04052818,0
1736099862688,1.130239,1.566065,-0.3640746,-0.9977674,0.04825281,0.04617578,0,0,0,1.088346,0.735659,-0.5030459,-0.6663315,-0.6935744,-0.2737839,0,0,0,1.045862,0.8175552,-0.2070795,-0.7325106,-0.6754691,0.08467352,0,0,0,0
1736099862712,1.106926,1.56383,-0.3580382,-0.9981302,0.04845939,0.03725398,-1.748505,-0.1675576,0.4527301,1.062456,0.7343767,-0.5024638,-0.6650233,-0.6910151,-0.2832711,-1.941723,-0.09617507,0.04365742,1.019671,0.8158502,-0.2048876,-0.7367731,-0.6718935,0.07566452,-1.964378,-0.1278743,0.1643926,0
1736099862716,1.106926,1.56383,-0.3580382,-0.9981302,0.04845939,0.03725398,0,0,0,1.062456,0.7343767,-0.5024638,-0.6650233,-0.6910151,-0.2832711,0,0,0,1.019671,0.8158502,-0.2048876,-0.7367731,-0.6718935,0.07566452,0,0,0,0
1736099862740,1.081747,1.569266,-0.3517873,-0.9986847,0.04587477,0.02290684,-1.888436,0.4076868,0.4688144,1.03425,0.7342339,-0.504068,-0.6633556,-0.6823121,-0.3072625,-2.115405,-0.01070648,-0.1203194,0.9882833,0.8166862,-0.2031163,-0.7396774,-0.6693225,0.06989241,-2.354059,0.06269664,0.1328498,0
1736099862743,1.081747,1.569266,-0.3517873,-0.9986847,0.04587477,0.02290684,0,0,0,1.03425,0.7342339,-0.504068,-0.6633556,-0.6823121,-0.3072625,0,0,0,0.9882833,0.8166862,-0.2031163,-0.7396774,-0.6693225,0.06989241,0,0,0,0
1736099862768,1.056549,1.574049,-0.3459281,-0.9980719,0.05927902,0.01840752,-1.889876,0.3587365,0.4394442,1.006826,0.7377602,-0.5070366,-0.653578,-0.6692286,-0.3535104,-2.056807,0.2644703,-0.2226457,0.9605265,0.8164933,-0.1992048,-0.7283431,-0.6819068,0.06722933,-2.081761,-0.01446605,0.2933621,0
1736099862771,1.056549,1.574049,-0.3459281,-0.9980719,0.05927902,0.01840752,0,0,0,1.006826,0.7377602,-0.5070366,-0.653578,-0.6692286,-0.3535104,0,0,0,0.9605265,0.8164933,-0.1992048,-0.7283431,-0.6819068,0.06722933,0,0,0,0
1736099862795,1.031983,1.577468,-0.340809,-0.9978094,0.06369784,0.01786709,-1.842383,0.2564102,0.3839314,0.9816992,0.7444223,-0.5078905,-0.6387345,-0.6643382,-0.3881665,-1.884538,0.4996553,-0.06403774,0.933448,0.8210142,-0.1960148,-0.7217125,-0.6883906,0.07245362,-2.030888,0.3390715,0.239253,0
1736099862799,1.031983,1.577468,-0.340809,-0.9978094,0.06369784,0.01786709,0,0,0,0.9816992,0.7444223,-0.5078905,-0.6387345,-0.6643382,-0.3881665,0,0,0,0.933448,0.8210142,-0.1960148,-0.7217125,-0.6883906,0.07245362,0,0,0,0
1736099862802,1.031983,1.577468,-0.340809,-0.9978094,0.06369784,0.01786709,0,0,0,0.9816992,0.7444223,-0.5078905,-0.6387345,-0.6643382,-0.3881665,0,0,0,0.933448,0.8210142,-0.1960148,-0.7217125,-0.6883906,0.07245362,0,0,0,0
1736099862823,1.009217,1.57819,-0.3361498,-0.9984789,0.05304695,0.01504773,-1.707485,0.05411804,0.3494382,0.9544485,0.7536539,-0.5047123,-0.6457897,-0.6601106,-0.3836799,-2.043808,0.6923765,0.238359,0.9050791,0.8320272,-0.1965029,-0.7439794,-0.665415,0.06097674,-2.127662,0.8259729,-0.03661215,0
1736099862827,1.009217,1.57819,-0.3361498,-0.9984789,0.05304695,0.01504773,0,0,0,0.9544485,0.7536539,-0.5047123,-0.6457897,-0.6601106,-0.3836799,0,0,0,0.9050791,0.8320272,-0.1965029,-0.7439794,-0.665415,0.06097674,0,0,0,0
1736099862851,0.9864372,1.578566,-0.3324252,-0.9989058,0.04613797,0.007674158,-1.708487,0.02818108,0.2793431,0.9257684,0.7611064,-0.5020865,-0.665164,-0.6476334,-0.3716562,-2.151006,0.5589366,0.1969367,0.8783507,0.8403187,-0.1963036,-0.7622383,-0.6470548,0.01770532,-2.004629,0.6218657,0.01494884,0
1736099862854,0.9864372,1.578566,-0.3324252,-0.9989058,0.04613797,0.007674158,0,0,0,0.9257684,0.7611064,-0.5020865,-0.665164,-0.6476334,-0.3716562,0,0,0,0.8783507,0.8403187,-0.1963036,-0.7622383,-0.6470548,0.01770532,0,0,0,0
1736099862879,0.9635282,1.580907,-0.329928,-0.99867,0.05148751,-0.002714157,-1.718178,0.1756132,0.1872897,0.8961723,0.7673225,-0.5011364,-0.6896384,-0.6197135,-0.3746394,-2.219707,0.4662037,0.07125735,0.8500617,0.8445863,-0.1944832,-0.7644922,-0.6446072,-0.00580132,-2.121681,0.320068,0.1365334,0
1736099862882,0.9635282,1.580907,-0.329928,-0.99867,0.05148751,-0.002714157,0,0,0,0.8961723,0.7673225,-0.5011364,-0.6896384,-0.6197135,-0.3746394,0,0,0,0.8500617,0.8445863,-0.1944832,-0.7644922,-0.6446072,-0.00580132,0,0,0,0
1736099862907,0.9414743,1.58225,-0.3285077,-0.9985281,0.05254329,-0.01346171,-1.654038,0.100708,0.1065284,0.8679461,0.7733405,-0.501985,-0.6970642,-0.5973353,-0.3966012,-2.11696,0.4513532,-0.06363988,0.8234317,0.8443798,-0.1916854,-0.7669364,-0.6417181,-0.002618194,-1.997244,-0.01548529,0.2098292,0
1736099862910,0.9414743,1.58225,-0.3285077,-0.9985281,0.05254329,-0.01346171,0,0,0,0.8679461,0.7733405,-0.501985,-0.6970642,-0.5973353,-0.3966012,0,0,0,0.8234317,0.8443798,-0.1916854,-0.7669364,-0.6417181,-0.002618194,0,0,0,0
1736099862934,0.9191792,1.584699,-0.3279704,-0.99872,0.04422911,-0.02454555,-1.672134,0.1837134,0.04029572,0.843905,0.778951,-0.5032026,-0.6882734,-0.5888463,-0.4237223,-1.803088,0.4207894,-0.09132028,0.7975984,0.8437499,-0.1894881,-0.7703729,-0.6375645,0.006116092,-1.937503,-0.04724711,0.1648039,0
1736099862938,0.9191792,1.584699,-0.3279704,-0.99872,0.04422911,-0.02454555,0,0,0,0.843905,0.778951,-0.5032026,-0.6882734,-0.5888463,-0.4237223,0,0,0,0.7975984,0.8437499,-0.1894881,-0.7703729,-0.6375645,0.006116092,0,0,0,0
1736099862962,0.8980293,1.586134,-0.3280883,-0.9988703,0.03439261,-0.03279722,-1.586241,0.1075745,-0.008842349,0.823724,0.7833544,-0.5037706,-0.674517,-0.5896335,-0.4442513,-1.513571,0.3302515,-0.04260242,0.7725909,0.8435799,-0.1881346,-0.7687959,-0.639012,0.02483302,-1.875561,-0.01274496,0.1015127,0
1736099862966,0.8980293,1.586134,-0.3280883,-0.9988703,0.03439261,-0.03279722,0,0,0,0.823724,0.7833544,-0.5037706,-0.674517,-0.5896335,-0.4442513,0,0,0,0.7725909,0.8435799,-0.1881346,-0.7687959,-0.639012,0.02483302,0,0,0,0
1736099862990,0.8766741,1.587529,-0.3287005,-0.9987038,0.02738372,-0.04290724,-1.601645,0.104633,-0.04591942,0.8058286,0.7863622,-0.5032468,-0.668518,-0.5956662,-0.4452709,-1.34216,0.2255872,0.03928542,0.7493737,0.8459709,-0.189698,-0.7681063,-0.6393318,0.035604,-1.74129,0.1793191,-0.1172572,0
1736099862993,0.8766741,1.587529,-0.3287005,-0.9987038,0.02738372,-0.04290724,0,0,0,0.8058286,0.7863622,-0.5032468,-0.668518,-0.5956662,-0.4452709,0,0,0,0.7493737,0.8459709,-0.189698,-0.7681063,-0.6393318,0.035604,0,0,0,0
1736099863018,0.8553853,1.588696,-0.3299248,-0.9982922,0.02685757,-0.05188286,-1.596656,0.08752048,-0.09182096,0.788162,0.7876166,-0.50293,-0.671569,-0.5973629,-0.4383525,-1.324993,0.09407848,0.02375543,0.7270622,0.8519211,-0.1951386,-0.7721776,-0.6351675,0.01744515,-1.673359,0.4462704,-0.4080445,0
1736099863021,0.8553853,1.588696,-0.3299248,-0.9982922,0.02685757,-0.05188286,0,0,0,0.788162,0.7876166,-0.50293,-0.671569,-0.5973629,-0.4383525,0,0,0,0.7270622,0.8519211,-0.1951386,-0.7721776,-0.6351675,0.01744515,0,0,0,0
1736099863045,0.8342556,1.589081,-0.3314728,-0.9977242,0.03072117,-0.06002545,-1.58473,0.02889633,-0.1160949,0.7709029,0.7865502,-0.5043453,-0.6704873,-0.6001571,-0.4361868,-1.294434,-0.07998347,-0.106144,0.7062981,0.8568357,-0.2015476,-0.7762226,-0.6301684,-0.01915491,-1.557308,0.3685892,-0.4806787,0
1736099863049,0.8342556,1.589081,-0.3314728,-0.9977242,0.03072117,-0.06002545,0,0,0,0.7709029,0.7865502,-0.5043453,-0.6704873,-0.6001571,-0.4361868,0,0,0,0.7062981,0.8568357,-0.2015476,-0.7762226,-0.6301684,-0.01915491,0,0,0,0
1736099863073,0.8126867,1.588531,-0.3336238,-0.9970893,0.03313592,-0.06867015,-1.617667,-0.04121661,-0.1613259,0.7540348,0.7841191,-0.5080718,-0.6580746,-0.605799,-0.4471531,-1.265109,-0.1823276,-0.2794862,0.685367,0.8597971,-0.2073832,-0.7751713,-0.6300646,-0.04613423,-1.569834,0.2221048,-0.437665,0
1736099863077,0.8126867,1.588531,-0.3336238,-0.9970893,0.03313592,-0.06867015,0,0,0,0.7540348,0.7841191,-0.5080718,-0.6580746,-0.605799,-0.4471531,0,0,0,0.685367,0.8597971,-0.2073832,-0.7751713,-0.6300646,-0.04613423,0,0,0,0
1736099863101,0.7913539,1.587694,-0.336167,-0.9965561,0.03028833,-0.07719374,-1.599956,-0.06283522,-0.1907408,0.7373147,0.78136,-0.5125173,-0.6403982,-0.6121577,-0.4638464,-1.254004,-0.2069324,-0.3334165,0.6643535,0.8597537,-0.2124928,-0.772968,-0.6312016,-0.0640744,-1.576012,-0.003249943,-0.3832251,0
1736099863104,0.7913539,1.587694,-0.336167,-0.9965561,0.03028833,-0.07719374,0,0,0,0.7373147,0.78136,-0.5125173,-0.6403982,-0.6121577,-0.4638464,0,0,0,0.6643535,0.8597537,-0.2124928,-0.772968,-0.6312016,-0.0640744,0,0,0,0
1736099863129,0.7695765,1.586067,-0.3393763,-0.9961706,0.02701952,-0.08315229,-1.633304,-0.1219869,-0.2407014,0.720355,0.7783479,-0.5168455,-0.623687,-0.621352,-0.4742745,-1.271975,-0.2259091,-0.3246099,0.6429422,0.85787,-0.2165426,-0.7708257,-0.6331336,-0.07049847,-1.605847,-0.1412809,-0.3037333,0
1736099863132,0.7695765,1.586067,-0.3393763,-0.9961706,0.02701952,-0.08315229,0,0,0,0.720355,0.7783479,-0.5168455,-0.623687,-0.621352,-0.4742745,0,0,0,0.6429422,0.85787,-0.2165426,-0.7708257,-0.6331336,-0.07049847,0,0,0,0
1736099863157,0.7481053,1.583922,-0.343307,-0.9959026,0.02623491,-0.08654487,-1.610345,-0.1608968,-0.2948016,0.7024384,0.7752652,-0.5211937,-0.6145669,-0.6282314,-0.4771092,-1.343751,-0.2312019,-0.3261209,0.6205754,0.8541626,-0.2202238,-0.7690084,-0.6362264,-0.06198847,-1.677507,-0.2780557,-0.2760887,0
1736099863160,0.7481053,1.583922,-0.343307,-0.9959026,0.02623491,-0.08654487,0,0,0,0.7024384,0.7752652,-0.5211937,-0.6145669,-0.6282314,-0.4771092,0,0,0,0.6205754,0.8541626,-0.2202238,-0.7690084,-0.6362264,-0.06198847,0,0,0,0
1736099863163,0.7481053,1.583922,-0.343307,-0.9959026,0.02623491,-0.08654487,0,0,0,0.7024384,0.7752652,-0.5211937,-0.6145669,-0.6282314,-0.4771092,0,0,0,0.6205754,0.8541626,-0.2202238,-0.7690084,-0.6362264,-0.06198847,0,0,0,0
1736099863184,0.7263482,1.581314,-0.3479472,-0.9957922,0.02908995,-0.08690441,-1.631784,-0.1956046,-0.3480166,0.6836255,0.7718159,-0.5255599,-0.6119068,-0.6300145,-0.4781761,-1.410967,-0.2586991,-0.327462,0.5985247,0.8505935,-0.224732,-0.7670987,-0.6388635,-0.05842471,-1.653805,-0.26768,-0.3381193,0
1736099863188,0.7263482,1.581314,-0.3479472,-0.9957922,0.02908995,-0.08690441,0,0,0,0.6836255,0.7718159,-0.5255599,-0.6119068,-0.6300145,-0.4781761,0,0,0,0.5985247,0.8505935,-0.224732,-0.7670987,-0.6388635,-0.05842471,0,0,0,0
1736099863212,0.7042789,1.578541,-0.3533206,-0.9958274,0.03243006,-0.08530366,-1.655191,-0.2079338,-0.4030019,0.6630833,0.7668332,-0.5306994,-0.606995,-0.6350502,-0.4777747,-1.540661,-0.3737032,-0.3854603,0.576166,0.847032,-0.2294614,-0.764133,-0.642532,-0.05704165,-1.676899,-0.2671167,-0.3547043,0
1736099863216,0.7042789,1.578541,-0.3533206,-0.9958274,0.03243006,-0.08530366,0,0,0,0.6630833,0.7668332,-0.5306994,-0.606995,-0.6350502,-0.4777747,0,0,0,0.576166,0.847032,-0.2294614,-0.764133,-0.642532,-0.05704165,0,0,0,0
1736099863240,0.6821847,1.576126,-0.3596041,-0.9959,0.03439624,-0.08366835,-1.657069,-0.1811475,-0.4712641,0.6412165,0.7608031,-0.536643,-0.6030127,-0.6375929,-0.4794283,-1.64001,-0.4522562,-0.4457742,0.5541469,0.8432332,-0.2349702,-0.7626207,-0.6444015,-0.05618429,-1.651436,-0.2849087,-0.4131585,0
1736099863243,0.6821847,1.576126,-0.3596041,-0.9959,0.03439624,-0.08366835,0,0,0,0.6412165,0.7608031,-0.536643,-0.6030127,-0.6375929,-0.4794283,0,0,0,0.5541469,0.8432332,-0.2349702,-0.7626207,-0.6444015,-0.05618429,0,0,0,0
1736099863268,0.6595567,1.574011,-0.3673121,-0.9959995,0.0363695,-0.08162463,-1.697096,-0.158608,-0.5780965,0.6183212,0.7551665,-0.5429025,-0.5942735,-0.6415735,-0.484998,-1.71715,-0.422743,-0.4694581,0.5317994,0.8400509,-0.2404722,-0.7600984,-0.6473214,-0.05679739,-1.676059,-0.2386674,-0.4126489,0
1736099863271,0.6595567,1.574011,-0.3673121,-0.9959995,0.0363695,-0.08162463,0,0,0,0.6183212,0.7551665,-0.5429025,-0.5942735,-0.6415735,-0.484998,0,0,0,0.5317994,0.8400509,-0.2404722,-0.7600984,-0.6473214,-0.05679739,0,0,0,0
1736099863295,0.6370599,1.572247,-0.3757741,-0.996129,0.03880356,-0.07887697,-1.687261,-0.1323581,-0.6346554,0.594594,0.7509676,-0.5492991,-0.583191,-0.650951,-0.4859539,-1.779538,-0.3149226,-0.4797488,0.5083091,0.8385268,-0.2458037,-0.7578121,-0.650369,-0.05235672,-1.761773,-0.1143113,-0.3998637,0
1736099863299,0.6370599,1.572247,-0.3757741,-0.996129,0.03880356,-0.07887697,0,0,0,0.594594,0.7509676,-0.5492991,-0.583191,-0.650951,-0.4859539,0,0,0,0.5083091,0.8385268,-0.2458037,-0.7578121,-0.650369,-0.05235672,0,0,0,0
1736099863323,0.6146603,1.571369,-0.3846774,-0.9966008,0.03736768,-0.0734241,-1.679975,-0.06583035,-0.6677449,0.5683982,0.7480155,-0.5555196,-0.5780733,-0.6599624,-0.4798769,-1.964682,-0.2214074,-0.4665345,0.4839776,0.8389579,-0.2511139,-0.7580855,-0.6502388,-0.04996598,-1.824868,0.03233403,-0.3982633,0
1736099863326,0.6146603,1.571369,-0.3846774,-0.9966008,0.03736768,-0.0734241,0,0,0,0.5683982,0.7480155,-0.5555196,-0.5780733,-0.6599624,-0.4798769,0,0,0,0.4839776,0.8389579,-0.2511139,-0.7580855,-0.6502388,-0.04996598,0,0,0,0
1736099863351,0.5906422,1.578077,-0.3944387,-0.9969898,0.04474049,-0.06332481,-1.801354,0.5031466,-0.7321,0.5406959,0.7474549,-0.5629283,-0.5742065,-0.6696618,-0.4709992,-2.077675,-0.04204363,-0.5556554,0.4584358,0.8410129,-0.2544702,-0.7633512,-0.644907,-0.03728807,-1.915634,0.1541242,-0.2517253,0
1736099863354,0.5906422,1.578077,-0.3944387,-0.9969898,0.04474049,-0.06332481,0,0,0,0.5406959,0.7474549,-0.5629283,-0.5742065,-0.6696618,-0.4709992,0,0,0,0.4584358,0.8410129,-0.2544702,-0.7633512,-0.644907,-0.03728807,0,0,0,0
1736099863379,0.5668302,1.58166,-0.4040601,-0.9971975,0.05258141,-0.05322504,-1.785904,0.2687126,-0.7216036,0.5140018,0.7500954,-0.5706445,-0.5802296,-0.6711158,-0.4614515,-2.002054,0.1980409,-0.5787134,0.4349964,0.8430187,-0.2558988,-0.7624661,-0.6470284,-0.0002433062,-1.757956,0.1504362,-0.1071453,0
1736099863382,0.5668302,1.58166,-0.4040601,-0.9971975,0.05258141,-0.05322504,0,0,0,0.5140018,0.7500954,-0.5706445,-0.5802296,-0.6711158,-0.4614515,0,0,0,0.4349964,0.8430187,-0.2558988,-0.7624661,-0.6470284,-0.0002433062,0,0,0,0
1736099863406,0.5437398,1.585652,-0.4132487,-0.9976163,0.04799736,-0.04958236,-1.731777,0.299415,-0.68914,0.4862931,0.7567894,-0.5773807,-0.6093325,-0.6472392,-0.4580346,-2.078158,0.5020514,-0.5052119,0.4125257,0.8481277,-0.258894,-0.7590942,-0.6501801,0.03228569,-1.685303,0.3831714,-0.224635,0
1736099863410,0.5437398,1.585652,-0.4132487,-0.9976163,0.04799736,-0.04958236,0,0,0,0.4862931,0.7567894,-0.5773807,-0.6093325,-0.6472392,-0.4580346,0,0,0,0.4125257,0.8481277,-0.258894,-0.7590942,-0.6501801,0.03228569,0,0,0,0
1736099863434,0.5218718,1.58762,-0.4213563,-0.9979994,0.04222647,-0.04705882,-1.640099,0.1475573,-0.6080747,0.4582083,0.7651454,-0.5820193,-0.6377277,-0.6357542,-0.4348795,-2.106357,0.6266981,-0.3479004,0.3908181,0.8550183,-0.2635722,-0.7625145,-0.6462154,0.0312652,-1.628065,0.5167946,-0.3508687,0
1736099863439,0.5218718,1.58762,-0.4213563,-0.9979994,0.04222647,-0.04705882,0,0,0,0.4582083,0.7651454,-0.5820193,-0.6377277,-0.6357542,-0.4348795,0,0,0,0.3908181,0.8550183,-0.2635722,-0.7625145,-0.6462154,0.0312652,0,0,0,0
1736099863462,0.4995773,1.589606,-0.4287267,-0.9982574,0.04152703,-0.04193139,-1.672089,0.148952,-0.5527765,0.4286764,0.7722431,-0.5863752,-0.6676207,-0.6253773,-0.4039637,-2.214897,0.5323291,-0.3266931,0.3680246,0.8618793,-0.2681615,-0.7748411,-0.6319242,0.01713163,-1.709515,0.5145773,-0.3441989,0
1736099863465,0.4995773,1.589606,-0.4287267,-0.9982574,0.04152703,-0.04193139,0,0,0,0.4286764,0.7722431,-0.5863752,-0.6676207,-0.6253773,-0.4039637,0,0,0,0.3680246,0.8618793,-0.2681615,-0.7748411,-0.6319242,0.01713163,0,0,0,0
1736099863468,0.4995773,1.589606,-0.4287267,-0.9982574,0.04152703,-0.04193139,0,0,0,0.4286764,0.7722431,-0.5863752,-0.6676207,-0.6253773,-0.4039637,0,0,0,0.3680246,0.8618793,-0.2681615,-0.7748411,-0.6319242,0.01713163,0,0,0,0
1736099863490,0.4777277,1.591965,-0.4352418,-0.9984137,0.04426194,-0.03480375,-1.638722,0.1769453,-0.4886359,0.3996527,0.7768661,-0.5920119,-0.6828545,-0.6163374,-0.3922231,-2.176774,0.3467202,-0.4227519,0.3456607,0.8673515,-0.2702758,-0.7868011,-0.6166373,0.0265075,-1.677293,0.4104182,-0.1585722,0
1736099863493,0.4777277,1.591965,-0.4352418,-0.9984137,0.04426194,-0.03480375,0,0,0,0.3996527,0.7768661,-0.5920119,-0.6828545,-0.6163374,-0.3922231,0,0,0,0.3456607,0.8673515,-0.2702758,-0.7868011,-0.6166373,0.0265075,0,0,0,0
1736099863518,0.4559228,1.594904,-0.4410217,-0.9988615,0.03876564,-0.02780116,-1.635361,0.2204239,-0.4334897,0.3717868,0.7789418,-0.597914,-0.6928797,-0.6081561,-0.3873816,-2.089942,0.1556754,-0.4426539,0.324297,0.8714802,-0.2702671,-0.7920583,-0.6079885,0.05471712,-1.60228,0.3096476,0.0006526709,0
1736099863522,0.4559228,1.594904,-0.4410217,-0.9988615,0.03876564,-0.02780116,0,0,0,0.3717868,0.7789418,-0.597914,-0.6928797,-0.6081561,-0.3873816,0,0,0,0.324297,0.8714802,-0.2702671,-0.7920583,-0.6079885,0.05471712,0,0,0,0
1736099863545,0.4347618,1.596546,-0.445881,-0.9993091,0.032753,-0.01757228,-1.587081,0.123167,-0.3644496,0.3453431,0.7820722,-0.6039634,-0.703352,-0.5944399,-0.3897916,-1.983279,0.2347827,-0.4537046,0.3057725,0.8737923,-0.2694168,-0.7843822,-0.6139285,0.08852518,-1.389331,0.1734093,0.06377399,0
1736099863549,0.4347618,1.596546,-0.445881,-0.9993091,0.032753,-0.01757228,0,0,0,0.3453431,0.7820722,-0.6039634,-0.703352,-0.5944399,-0.3897916,0,0,0,0.3057725,0.8737923,-0.2694168,-0.7843822,-0.6139285,0.08852518,0,0,0,0
1736099863573,0.4139612,1.598472,-0.4501635,-0.9995831,0.02771159,-0.008134365,-1.560044,0.144428,-0.3211856,0.3191276,0.7859287,-0.608984,-0.7056843,-0.5878676,-0.3955019,-1.966166,0.289236,-0.3765464,0.2896879,0.874913,-0.269931,-0.7726865,-0.625755,0.1067073,-1.20635,0.08405149,-0.03856122,0
1736099863576,0.4139612,1.598472,-0.4501635,-0.9995831,0.02771159,-0.008134365,0,0,0,0.3191276,0.7859287,-0.608984,-0.7056843,-0.5878676,-0.3955019,0,0,0,0.2896879,0.874913,-0.269931,-0.7726865,-0.625755,0.1067073,0,0,0,0
1736099863601,0.3929334,1.599899,-0.4542584,-0.9995785,0.02898893,-0.001661539,-1.577085,0.1070201,-0.3071219,0.2928069,0.7911079,-0.6124816,-0.7066144,-0.5825996,-0.4015901,-1.974052,0.388442,-0.26232,0.2736533,0.8751438,-0.2715631,-0.7632755,-0.6375308,0.1047145,-1.202595,0.01730919,-0.1224071,0
1736099863604,0.3929334,1.599899,-0.4542584,-0.9995785,0.02898893,-0.001661539,0,0,0,0.2928069,0.7911079,-0.6124816,-0.7066144,-0.5825996,-0.4015901,0,0,0,0.2736533,0.8751438,-0.2715631,-0.7632755,-0.6375308,0.1047145,0,0,0,0
1736099863629,0.3720286,1.600452,-0.4577274,-0.9993688,0.03549843,0.001466215,-1.567858,0.04150271,-0.2601743,0.267226,0.7964436,-0.614392,-0.7122709,-0.5772504,-0.3993149,-1.918566,0.4001766,-0.1432836,0.2575021,0.8735712,-0.2727859,-0.7566805,-0.6460577,0.1002196,-1.211339,-0.1179457,-0.09171367,0
1736099863632,0.3720286,1.600452,-0.4577274,-0.9993688,0.03549843,0.001466215,0,0,0,0.267226,0.7964436,-0.614392,-0.7122709,-0.5772504,-0.3993149,0,0,0,0.2575021,0.8735712,-0.2727859,-0.7566805,-0.6460577,0.1002196,0,0,0,0
1736099863656,0.3504007,1.599864,-0.4607482,-0.9990836,0.04274138,0.002337396,-1.622093,-0.04416704,-0.2265573,0.2419965,0.800556,-0.6149638,-0.7222421,-0.5688119,-0.3934715,-1.892209,0.3084317,-0.04287958,0.2396967,0.8694079,-0.2729886,-0.7468554,-0.6569185,0.1032729,-1.3354,-0.3122449,-0.01519918,0
1736099863660,0.3504007,1.599864,-0.4607482,-0.9990836,0.04274138,0.002337396,0,0,0,0.2419965,0.800556,-0.6149638,-0.7222421,-0.5688119,-0.3934715,0,0,0,0.2396967,0.8694079,-0.2729886,-0.7468554,-0.6569185,0.1032729,0,0,0,0
1736099863684,0.3285542,1.597751,-0.4632119,-0.9987974,0.0489023,0.003557324,-1.63849,-0.1584738,-0.1847774,0.2187827,0.8022962,-0.6152724,-0.7312237,-0.5624805,-0.3859122,-1.74104,0.1305163,-0.02314746,0.2204998,0.8648385,-0.2727549,-0.7385733,-0.6640468,0.116412,-1.439774,-0.3427014,0.01752377,0
1736099863688,0.3285542,1.597751,-0.4632119,-0.9987974,0.0489023,0.003557324,0,0,0,0.2187827,0.8022962,-0.6152724,-0.7312237,-0.5624805,-0.3859122,0,0,0,0.2204998,0.8648385,-0.2727549,-0.7385733,-0.6640468,0.116412,0,0,0,0
1736099863712,0.3062348,1.594981,-0.4651366,-0.9987841,0.04913457,0.004040897,-1.673949,-0.2077192,-0.1443565,0.1963539,0.800898,-0.615586,-0.7382792,-0.5596704,-0.376448,-1.682156,-0.1048654,-0.02352297,0.1995428,0.8590057,-0.2728004,-0.7341229,-0.6657741,0.133449,-1.571774,-0.4374593,-0.003415346,0
1736099863715,0.3062348,1.594981,-0.4651366,-0.9987841,0.04913457,0.004040897,0,0,0,0.1963539,0.800898,-0.615586,-0.7382792,-0.5596704,-0.376448,0,0,0,0.1995428,0.8590057,-0.2728004,-0.7341229,-0.6657741,0.133449,0,0,0,0
1736099863740,0.2830746,1.592144,-0.4666398,-0.9987203,0.05027962,0.005498767,-1.737016,-0.2127796,-0.1127332,0.1752267,0.7979456,-0.6168884,-0.7367853,-0.5618907,-0.3760676,-1.584542,-0.2214342,-0.09767711,0.1783469,0.8515781,-0.2732913,-0.7280562,-0.6702361,0.1439378,-1.589692,-0.5570769,-0.03681779,0
1736099863744,0.2830746,1.592144,-0.4666398,-0.9987203,0.05027962,0.005498767,0,0,0,0.1752267,0.7979456,-0.6168884,-0.7367853,-0.5618907,-0.3760676,0,0,0,0.1783469,0.8515781,-0.2732913,-0.7280562,-0.6702361,0.1439378,0,0,0,0
1736099863768,0.2598038,1.589103,-0.4672698,-0.9988176,0.04838814,0.00474,-1.745313,-0.228104,-0.04725158,0.155257,0.7924246,-0.618396,-0.7271414,-0.572518,-0.3787992,-1.497728,-0.414075,-0.113073,0.1564536,0.8434417,-0.2751899,-0.7194572,-0.6780149,0.1505892,-1.641995,-0.6102249,-0.1423895,0
1736099863771,0.2598038,1.589103,-0.4672698,-0.9988176,0.04838814,0.00474,0,0,0,0.155257,0.7924246,-0.618396,-0.7271414,-0.572518,-0.3787992,0,0,0,0.1564536,0.8434417,-0.2751899,-0.7194572,-0.6780149,0.1505892,0,0,0,0
1736099863795,0.2356648,1.586182,-0.4673433,-0.9987444,0.04998779,0.003337204,-1.81042,-0.219056,-0.00551641,0.1356435,0.7860705,-0.6204879,-0.7120899,-0.5855516,-0.3873725,-1.471013,-0.4765525,-0.1568913,0.1333961,0.837189,-0.2790623,-0.7143431,-0.6840258,0.1477265,-1.72931,-0.468953,-0.2904296,0
1736099863799,0.2356648,1.586182,-0.4673433,-0.9987444,0.04998779,0.003337204,0,0,0,0.1356435,0.7860705,-0.6204879,-0.7120899,-0.5855516,-0.3873725,0,0,0,0.1333961,0.837189,-0.2790623,-0.7143431,-0.6840258,0.1477265,0,0,0,0
1736099863802,0.2356648,1.586182,-0.4673433,-0.9987444,0.04998779,0.003337204,0,0,0,0.1356435,0.7860705,-0.6204879,-0.7120899,-0.5855516,-0.3873725,0,0,0,0.1333961,0.837189,-0.2790623,-0.7143431,-0.6840258,0.1477265,0,0,0,0
1736099863823,0.2111356,1.584022,-0.4662203,-0.9986226,0.05244882,0.001536071,-1.839691,-0.1619786,0.0842303,0.11608,0.779938,-0.62288,-0.6972981,-0.5978976,-0.3953407,-1.467258,-0.4599363,-0.179404,0.1079116,0.833127,-0.2838876,-0.7146719,-0.6858634,0.1372436,-1.911342,-0.3046542,-0.3619015,0
1736099863827,0.2111356,1.584022,-0.4662203,-0.9986226,0.05244882,0.001536071,0,0,0,0.11608,0.779938,-0.62288,-0.6972981,-0.5978976,-0.3953407,0,0,0,0.1079116,0.833127,-0.2838876,-0.7146719,-0.6858634,0.1372436,0,0,0,0
1736099863851,0.1857445,1.582508,-0.4645916,-0.9982873,0.05843572,0.002896488,-1.904333,-0.1135826,0.1221478,0.09680629,0.7743223,-0.6258538,-0.6840818,-0.6102329,-0.3995599,-1.445532,-0.4211828,-0.2230346,0.08170342,0.8301026,-0.2882216,-0.7168829,-0.6852087,0.1287183,-1.965612,-0.2268299,-0.325048,0
1736099863854,0.1857445,1.582508,-0.4645916,-0.9982873,0.05843572,0.002896488,0,0,0,0.09680629,0.7743223,-0.6258538,-0.6840818,-0.6102329,-0.3995599,0,0,0,0.08170342,0.8301026,-0.2882216,-0.7168829,-0.6852087,0.1287183,0,0,0,0
1736099863879,0.1600163,1.580986,-0.4624412,-0.997817,0.0655731,0.007868588,-1.929617,-0.114128,0.1612812,0.07710958,0.7698109,-0.6296322,-0.6698154,-0.6236848,-0.4029458,-1.477253,-0.3383562,-0.2833843,0.05382657,0.8286443,-0.2921369,-0.7215856,-0.6806385,0.126672,-2.090764,-0.1093715,-0.2936482,0
1736099863882,0.1600163,1.580986,-0.4624412,-0.997817,0.0655731,0.007868588,0,0,0,0.07710958,0.7698109,-0.6296322,-0.6698154,-0.6236848,-0.4029458,0,0,0,0.05382657,0.8286443,-0.2921369,-0.7215856,-0.6806385,0.126672,0,0,0,0
1736099863906,0.1336915,1.583172,-0.4598498,-0.9979782,0.06233393,0.01241869,-1.974356,0.1639724,0.1943529,0.05533242,0.766059,-0.6354311,-0.6598176,-0.6319186,-0.4065952,-1.633286,-0.2813861,-0.4349113,0.02393222,0.8289248,-0.2957764,-0.7254393,-0.6762502,0.1281554,-2.242076,0.02103746,-0.2729595,0
1736099863910,0.1336915,1.583172,-0.4598498,-0.9979782,0.06233393,0.01241869,0,0,0,0.05533242,0.766059,-0.6354311,-0.6598176,-0.6319186,-0.4065952,0,0,0,0.02393222,0.8289248,-0.2957764,-0.7254393,-0.6762502,0.1281554,0,0,0,0
1736099863934,0.1065402,1.586,-0.4577622,-0.997569,0.06728399,0.01815301,-2.036351,0.2121001,0.1565695,0.03283525,0.7648595,-0.6430868,-0.6473785,-0.6328311,-0.4247658,-1.687288,-0.08996576,-0.5741805,-0.004975319,0.8285302,-0.2983651,-0.7213941,-0.6803869,0.1290915,-2.168065,-0.02959371,-0.1941562,0
1736099863937,0.1065402,1.586,-0.4577622,-0.997569,0.06728399,0.01815301,0,0,0,0.03283525,0.7648595,-0.6430868,-0.6473785,-0.6328311,-0.4247658,0,0,0,-0.004975319,0.8285302,-0.2983651,-0.7213941,-0.6803869,0.1290915,0,0,0,0
1736099863962,0.07956815,1.591511,-0.4560492,-0.9973133,0.06952606,0.02308559,-2.022904,0.4132926,0.1284778,0.01028562,0.7673385,-0.6514504,-0.626627,-0.6347176,-0.4521866,-1.691222,0.1859218,-0.6272703,-0.03293157,0.8296831,-0.3009596,-0.7123272,-0.6903206,0.12668,-2.096719,0.08646548,-0.1945853,0
1736099863965,0.07956815,1.591511,-0.4560492,-0.9973133,0.06952606,0.02308559,0,0,0,0.01028562,0.7673385,-0.6514504,-0.626627,-0.6347176,-0.4521866,0,0,0,-0.03293157,0.8296831,-0.3009596,-0.7123272,-0.6903206,0.12668,0,0,0,0
1736099863990,0.05278182,1.593039,-0.4552081,-0.9970841,0.07022084,0.0298726,-2.008975,0.1146019,0.06308556,-0.01340795,0.7735865,-0.6585257,-0.6080058,-0.6395643,-0.4704118,-1.777017,0.4685998,-0.5306482,-0.06082273,0.834953,-0.3043039,-0.7171679,-0.6867856,0.1183059,-2.091837,0.3952414,-0.2508223,0
1736099863993,0.05278182,1.593039,-0.4552081,-0.9970841,0.07022084,0.0298726,0,0,0,-0.01340795,0.7735865,-0.6585257,-0.6080058,-0.6395643,-0.4704118,0,0,0,-0.06082273,0.834953,-0.3043039,-0.7171679,-0.6867856,0.1183059,0,0,0,0
1736099864018,0.02683568,1.592643,-0.4549565,-0.9971282,0.06833464,0.03265399,-1.945961,-0.02968311,0.01886487,-0.04274321,0.7799002,-0.6637868,-0.6185515,-0.6283427,-0.4717841,-2.200145,0.4735306,-0.3945798,-0.09048104,0.8432826,-0.3088133,-0.7408112,-0.6661372,0.08637363,-2.224374,0.6247267,-0.3382087,0
1736099864021,0.02683568,1.592643,-0.4549565,-0.9971282,0.06833464,0.03265399,0,0,0,-0.04274321,0.7799002,-0.6637868,-0.6185515,-0.6283427,-0.4717841,0,0,0,-0.09048104,0.8432826,-0.3088133,-0.7408112,-0.6661372,0.08637363,0,0,0,0
1736099864045,0.0006153584,1.5932,-0.4552658,-0.9975281,0.06330846,0.03049469,-1.966524,0.04179776,-0.02319217,-0.07126665,0.7837133,-0.6688216,-0.6346502,-0.6102928,-0.4740911,-2.139258,0.2859861,-0.3776103,-0.1195042,0.8479576,-0.3115425,-0.7573042,-0.6503071,0.05992913,-2.176738,0.3506184,-0.2046883,0
1736099864049,0.0006153584,1.5932,-0.4552658,-0.9975281,0.06330846,0.03049469,0,0,0,-0.07126665,0.7837133,-0.6688216,-0.6346502,-0.6102928,-0.4740911,0,0,0,-0.1195042,0.8479576,-0.3115425,-0.7573042,-0.6503071,0.05992913,0,0,0,0
1736099864073,-0.02590013,1.593633,-0.4566615,-0.9980081,0.0570533,0.02692509,-1.988661,0.03246367,-0.1046777,-0.09946036,0.7865673,-0.6738554,-0.6483807,-0.5887921,-0.4826252,-2.114528,0.2140447,-0.3775388,-0.1492591,0.8495307,-0.3122778,-0.7579877,-0.6500571,0.05367327,-2.231616,0.1179859,-0.05514622,0
1736099864077,-0.02590013,1.593633,-0.4566615,-0.9980081,0.0570533,0.02692509,0,0,0,-0.09946036,0.7865673,-0.6738554,-0.6483807,-0.5887921,-0.4826252,0,0,0,-0.1492591,0.8495307,-0.3122778,-0.7579877,-0.6500571,0.05367327,0,0,0,0
1736099864101,-0.05152917,1.594585,-0.4585824,-0.9988062,0.04292523,0.02332193,-1.922178,0.07141829,-0.1440704,-0.1246386,0.7893966,-0.6788151,-0.6444207,-0.5797732,-0.4985836,-1.888365,0.2121985,-0.3719777,-0.1787257,0.8491185,-0.3117714,-0.7622535,-0.6443533,0.06147224,-2.209997,-0.03091246,0.03798008,0
1736099864104,-0.05152917,1.594585,-0.4585824,-0.9988062,0.04292523,0.02332193,0,0,0,-0.1246386,0.7893966,-0.6788151,-0.6444207,-0.5797732,-0.4985836,0,0,0,-0.1787257,0.8491185,-0.3117714,-0.7622535,-0.6443533,0.06147224,0,0,0,0
1736099864129,-0.07678175,1.59563,-0.4614227,-0.9994347,0.02401019,0.02354234,-1.893944,0.0783205,-0.213021,-0.1465132,0.7921518,-0.6826663,-0.626186,-0.5835903,-0.5170245,-1.6406,0.2066419,-0.2888381,-0.2069108,0.8498102,-0.3110604,-0.7652561,-0.6376858,0.08797914,-2.113885,0.05187392,0.05332232,0
1736099864132,-0.07678175,1.59563,-0.4614227,-0.9994347,0.02401019,0.02354234,0,0,0,-0.1465132,0.7921518,-0.6826663,-0.626186,-0.5835903,-0.5170245,0,0,0,-0.2069108,0.8498102,-0.3110604,-0.7652561,-0.6376858,0.08797914,0,0,0,0
1736099864135,-0.07678175,1.59563,-0.4614227,-0.9994347,0.02401019,0.02354234,0,0,0,-0.1465132,0.7921518,-0.6826663,-0.626186,-0.5835903,-0.5170245,0,0,0,-0.2069108,0.8498102,-0.3110604,-0.7652561,-0.6376858,0.08797914,0,0,0,0
1736099864156,-0.1013,1.596713,-0.4644673,-0.9997047,0.008337937,0.02282763,-1.838869,0.08127093,-0.2283454,-0.1671546,0.7935122,-0.6837056,-0.6111467,-0.5940946,-0.5230217,-1.5481,0.1020312,-0.07794499,-0.2339118,0.8529634,-0.3126991,-0.7647426,-0.6347992,0.1104475,-2.025068,0.2364948,-0.1228988,0
1736099864160,-0.1013,1.596713,-0.4644673,-0.9997047,0.008337937,0.02282763,0,0,0,-0.1671546,0.7935122,-0.6837056,-0.6111467,-0.5940946,-0.5230217,0,0,0,-0.2339118,0.8529634,-0.3126991,-0.7647426,-0.6347992,0.1104475,0,0,0,0
1736099864184,-0.1263919,1.598284,-0.4679122,-0.9997053,0.007986212,0.02292675,-1.881891,0.1177669,-0.2583683,-0.1877582,0.7945833,-0.6831849,-0.6111183,-0.6014215,-0.514614,-1.545274,0.08033216,0.03905296,-0.2599409,0.8583982,-0.317313,-0.7685028,-0.6304272,0.1093864,-1.952183,0.4076064,-0.3460407,0
1736099864188,-0.1263919,1.598284,-0.4679122,-0.9997053,0.007986212,0.02292675,0,0,0,-0.1877582,0.7945833,-0.6831849,-0.6111183,-0.6014215,-0.514614,0,0,0,-0.2599409,0.8583982,-0.317313,-0.7685028,-0.6304272,0.1093864,0,0,0,0
1736099864212,-0.1514933,1.598363,-0.4717209,-0.9995987,0.01513682,0.02395654,-1.882607,0.005972385,-0.2856553,-0.2083566,0.7936096,-0.682811,-0.6177384,-0.6064866,-0.5005739,-1.544881,-0.07302761,0.02803802,-0.2844932,0.8643078,-0.3239567,-0.7759037,-0.6250064,0.08567995,-1.841426,0.4432172,-0.4982829,0
1736099864215,-0.1514933,1.598363,-0.4717209,-0.9995987,0.01513682,0.02395654,0,0,0,-0.2083566,0.7936096,-0.682811,-0.6177384,-0.6064866,-0.5005739,0,0,0,-0.2844932,0.8643078,-0.3239567,-0.7759037,-0.6250064,0.08567995,0,0,0,0
1736099864240,-0.1764503,1.596843,-0.4757035,-0.9994599,0.02128971,0.02504212,-1.871771,-0.1139939,-0.2986908,-0.2297938,0.7908708,-0.6840434,-0.617738,-0.6119418,-0.4938908,-1.607788,-0.2054125,-0.09242892,-0.3081996,0.8673023,-0.3309898,-0.7796629,-0.6231726,0.061499,-1.777983,0.2245903,-0.5274832,0
1736099864243,-0.1764503,1.596843,-0.4757035,-0.9994599,0.02128971,0.02504212,0,0,0,-0.2297938,0.7908708,-0.6840434,-0.617738,-0.6119418,-0.4938908,0,0,0,-0.3081996,0.8673023,-0.3309898,-0.7796629,-0.6231726,0.061499,0,0,0,0
1736099864268,-0.201756,1.594571,-0.4802577,-0.9994127,0.02161842,0.02659875,-1.897931,-0.1704097,-0.3415704,-0.2514918,0.7869456,-0.6866314,-0.6048982,-0.6201784,-0.4994773,-1.62735,-0.2943859,-0.1941025,-0.3312526,0.8680129,-0.3374033,-0.7813465,-0.6226221,0.04289412,-1.72897,0.05329549,-0.4810095,0
1736099864271,-0.201756,1.594571,-0.4802577,-0.9994127,0.02161842,0.02659875,0,0,0,-0.2514918,0.7869456,-0.6866314,-0.6048982,-0.6201784,-0.4994773,0,0,0,-0.3312526,0.8680129,-0.3374033,-0.7813465,-0.6226221,0.04289412,0,0,0,0
1736099864295,-0.2275517,1.592253,-0.4853604,-0.9992877,0.02211757,0.03058499,-1.934677,-0.173825,-0.3826976,-0.2740655,0.7811213,-0.6899185,-0.5874929,-0.6323769,-0.5049275,-1.693028,-0.436829,-0.2465308,-0.35551,0.8654165,-0.3430145,-0.7798533,-0.6250764,0.03329819,-1.819307,-0.1947284,-0.4208386,0
1736099864299,-0.2275517,1.592253,-0.4853604,-0.9992877,0.02211757,0.03058499,0,0,0,-0.2740655,0.7811213,-0.6899185,-0.5874929,-0.6323769,-0.5049275,0,0,0,-0.35551,0.8654165,-0.3430145,-0.7798533,-0.6250764,0.03329819,0,0,0,0
1736099864323,-0.2538221,1.589197,-0.4906921,-0.9990638,0.02511844,0.03522968,-1.970279,-0.2292216,-0.3998816,-0.2972229,0.7749726,-0.6938198,-0.5777541,-0.6414949,-0.5046639,-1.736802,-0.4611477,-0.2925932,-0.3796241,0.861255,-0.3476403,-0.7775698,-0.6277174,0.03682679,-1.80856,-0.3121108,-0.3469348,0
1736099864327,-0.2538221,1.589197,-0.4906921,-0.9990638,0.02511844,0.03522968,0,0,0,-0.2972229,0.7749726,-0.6938198,-0.5777541,-0.6414949,-0.5046639,0,0,0,-0.3796241,0.861255,-0.3476403,-0.7775698,-0.6277174,0.03682679,0,0,0,0
1736099864351,-0.2801316,1.585733,-0.4965069,-0.9988507,0.02457939,0.04115111,-1.973212,-0.2598166,-0.4361093,-0.3215537,0.768826,-0.6979711,-0.5774055,-0.6438372,-0.5020726,-1.824814,-0.4609957,-0.3113508,-0.403641,0.8557307,-0.3522015,-0.7738773,-0.6315488,0.04754275,-1.801264,-0.4143298,-0.3420889,0
1736099864354,-0.2801316,1.585733,-0.4965069,-0.9988507,0.02457939,0.04115111,0,0,0,-0.3215537,0.768826,-0.6979711,-0.5774055,-0.6438372,-0.5020726,0,0,0,-0.403641,0.8557307,-0.3522015,-0.7738773,-0.6315488,0.04754275,0,0,0,0
1736099864379,-0.3067992,1.582453,-0.5027688,-0.9984777,0.02308761,0.05009657,-2.00007,-0.2460212,-0.4696369,-0.3480031,0.7633241,-0.7028792,-0.5782324,-0.6504411,-0.4925182,-1.983708,-0.4126444,-0.3681064,-0.4276221,0.8501396,-0.3566926,-0.7695072,-0.6358369,0.05975473,-1.798582,-0.4193321,-0.3368318,0
1736099864382,-0.3067992,1.582453,-0.5027688,-0.9984777,0.02308761,0.05009657,0,0,0,-0.3480031,0.7633241,-0.7028792,-0.5782324,-0.6504411,-0.4925182,0,0,0,-0.4276221,0.8501396,-0.3566926,-0.7695072,-0.6358369,0.05975473,0,0,0,0
1736099864406,-0.3337343,1.579937,-0.5095332,-0.9978816,0.01864378,0.0623315,-2.020133,-0.1887113,-0.5073309,-0.3774047,0.7592795,-0.7091722,-0.5801083,-0.655005,-0.4841933,-2.205116,-0.3033444,-0.4719794,-0.4507513,0.845282,-0.3615611,-0.764113,-0.6410402,0.07210493,-1.734692,-0.36432,-0.3651381,0
1736099864410,-0.3337343,1.579937,-0.5095332,-0.9978816,0.01864378,0.0623315,0,0,0,-0.3774047,0.7592795,-0.7091722,-0.5801083,-0.655005,-0.4841933,0,0,0,-0.4507513,0.845282,-0.3615611,-0.764113,-0.6410402,0.07210493,0,0,0,0
1736099864434,-0.360172,1.577418,-0.516088,-0.997076,0.0166552,0.07458305,-1.982832,-0.1888633,-0.4916131,-0.408689,0.7567463,-0.7166958,-0.5845114,-0.6532565,-0.481251,-2.346325,-0.1899898,-0.5642653,-0.4732263,0.8420669,-0.3661482,-0.75684,-0.6485066,0.08144313,-1.685625,-0.2411261,-0.344038,0
1736099864438,-0.360172,1.577418,-0.516088,-0.997076,0.0166552,0.07458305,0,0,0,-0.408689,0.7567463,-0.7166958,-0.5845114,-0.6532565,-0.481251,0,0,0,-0.4732263,0.8420669,-0.3661482,-0.75684,-0.6485066,0.08144313,0,0,0,0
1736099864462,-0.3876312,1.582602,-0.5227036,-0.9963169,0.004798289,0.08561522,-2.059436,0.3887951,-0.4961729,-0.4435246,0.7568348,-0.7253048,-0.5897223,-0.6489704,-0.480693,-2.612668,0.006638467,-0.6456792,-0.4975011,0.8414853,-0.3696489,-0.7512002,-0.6539051,0.09003866,-1.820612,-0.04362166,-0.2625525,0
1736099864465,-0.3876312,1.582602,-0.5227036,-0.9963169,0.004798289,0.08561522,0,0,0,-0.4435246,0.7568348,-0.7253048,-0.5897223,-0.6489704,-0.480693,0,0,0,-0.4975011,0.8414853,-0.3696489,-0.7512002,-0.6539051,0.09003866,0,0,0,0
1736099864468,-0.3876312,1.582602,-0.5227036,-0.9963169,0.004798289,0.08561522,0,0,0,-0.4435246,0.7568348,-0.7253048,-0.5897223,-0.6489704,-0.480693,0,0,0,-0.4975011,0.8414853,-0.3696489,-0.7512002,-0.6539051,0.09003866,0,0,0,0
1736099864490,-0.4153092,1.587041,-0.5295355,-0.9941813,0.01799285,0.1062077,-2.075851,0.3329337,-0.5123913,-0.4758873,0.7619581,-0.7329161,-0.5984786,-0.6425064,-0.4785497,-2.427202,0.3842443,-0.5708456,-0.5194638,0.841555,-0.3693008,-0.7405494,-0.6589594,0.1317555,-1.647198,0.005225837,0.02610683,0
1736099864493,-0.4153092,1.587041,-0.5295355,-0.9941813,0.01799285,0.1062077,0,0,0,-0.4758873,0.7619581,-0.7329161,-0.5984786,-0.6425064,-0.4785497,0,0,0,-0.5194638,0.841555,-0.3693008,-0.7405494,-0.6589594,0.1317555,0,0,0,0
1736099864518,-0.4420033,1.592506,-0.5356281,-0.9930555,0.02150432,0.1156653,-2.002054,0.4098594,-0.4569411,-0.5072684,0.7687935,-0.7381334,-0.6207015,-0.628773,-0.468375,-2.353585,0.5126595,-0.3912985,-0.539053,0.8427023,-0.3708241,-0.7194102,-0.6724424,0.173984,-1.469189,0.08604974,-0.1142442,0
1736099864521,-0.4420033,1.592506,-0.5356281,-0.9930555,0.02150432,0.1156653,0,0,0,-0.5072684,0.7687935,-0.7381334,-0.6207015,-0.628773,-0.468375,0,0,0,-0.539053,0.8427023,-0.3708241,-0.7194102,-0.6724424,0.173984,0,0,0,0
1736099864545,-0.467366,1.594769,-0.5406191,-0.9922816,0.0191299,0.1225213,-1.902205,0.1696944,-0.3743291,-0.5396302,0.7769531,-0.7408345,-0.647853,-0.6172596,-0.4464052,-2.427131,0.6119683,-0.2025783,-0.5595903,0.8460619,-0.3745689,-0.7061586,-0.6845359,0.1809724,-1.540303,0.2519667,-0.280863,0
1736099864549,-0.467366,1.594769,-0.5406191,-0.9922816,0.0191299,0.1225213,0,0,0,-0.5396302,0.7769531,-0.7408345,-0.647853,-0.6172596,-0.4464052,0,0,0,-0.5595903,0.8460619,-0.3745689,-0.7061586,-0.6845359,0.1809724,0,0,0,0
1736099864573,-0.492578,1.597855,-0.5443392,-0.9913231,0.01680946,0.1303697,-1.890904,0.2314478,-0.2790034,-0.5724397,0.7842577,-0.7416523,-0.679545,-0.6075901,-0.4111608,-2.460712,0.5478412,-0.06133318,-0.5811975,0.8527636,-0.3788669,-0.7181431,-0.6788527,0.1530684,-1.620537,0.5026281,-0.3223479,0
1736099864577,-0.492578,1.597855,-0.5443392,-0.9913231,0.01680946,0.1303697,0,0,0,-0.5724397,0.7842577,-0.7416523,-0.679545,-0.6075901,-0.4111608,0,0,0,-0.5811975,0.8527636,-0.3788669,-0.7181431,-0.6788527,0.1530684,0,0,0,0
1736099864601,-0.5178413,1.601193,-0.5467794,-0.990287,0.01583657,0.1381343,-1.894748,0.2504021,-0.1830161,-0.6048834,0.7898029,-0.743505,-0.6977102,-0.6012681,-0.3894573,-2.433282,0.4158944,-0.1389563,-0.603652,0.8582935,-0.3802133,-0.7317393,-0.665393,0.1476824,-1.684088,0.414741,-0.1009762,0
1736099864604,-0.5178413,1.601193,-0.5467794,-0.990287,0.01583657,0.1381343,0,0,0,-0.6048834,0.7898029,-0.743505,-0.6977102,-0.6012681,-0.3894573,0,0,0,-0.603652,0.8582935,-0.3802133,-0.7317393,-0.665393,0.1476824,0,0,0,0
1736099864629,-0.5432162,1.605028,-0.5475338,-0.9893922,0.01339703,0.1446509,-1.903117,0.2876133,-0.05657673,-0.636198,0.7945986,-0.7454352,-0.7114583,-0.5876659,-0.3853265,-2.348596,0.3596753,-0.1447678,-0.6268249,0.862431,-0.3756354,-0.7294196,-0.6617568,0.1732778,-1.737964,0.3103137,0.3433406,0
1736099864632,-0.5432162,1.605028,-0.5475338,-0.9893922,0.01339703,0.1446509,0,0,0,-0.636198,0.7945986,-0.7454352,-0.7114583,-0.5876659,-0.3853265,0,0,0,-0.6268249,0.862431,-0.3756354,-0.7294196,-0.6617568,0.1732778,0,0,0,0
1736099864656,-0.5679452,1.606335,-0.547482,-0.9882215,0.007904036,0.1528264,-1.854676,0.0979811,0.003880262,-0.6665525,0.7985004,-0.7456529,-0.717197,-0.5793903,-0.3872157,-2.276587,0.2926379,-0.01632571,-0.6480849,0.8646104,-0.3706729,-0.7169132,-0.6617696,0.2193098,-1.594502,0.1634538,0.3721833,-0.0007946491
1736099864660,-0.5679452,1.606335,-0.547482,-0.9882215,0.007904036,0.1528264,0,0,0,-0.6665525,0.7985004,-0.7456529,-0.717197,-0.5793903,-0.3872157,0,0,0,-0.6480849,0.8646104,-0.3706729,-0.7169132,-0.6617696,0.2193098,0,0,0,-0.0007946491
1736099864684,-0.5922959,1.606092,-0.5467379,-0.9866654,0.001666153,0.1627541,-1.826298,-0.01822114,0.05580783,-0.6964886,0.8022107,-0.742842,-0.7215628,-0.5763645,-0.3836037,-2.245206,0.2782747,0.2108216,-0.6684709,0.864439,-0.3674481,-0.7049789,-0.66644,0.2426167,-1.528949,-0.01285672,0.2418637,-0.002498388
1736099864687,-0.5922959,1.606092,-0.5467379,-0.9866654,0.001666153,0.1627541,0,0,0,-0.6964886,0.8022107,-0.742842,-0.7215628,-0.5763645,-0.3836037,0,0,0,-0.6684709,0.864439,-0.3674481,-0.7049789,-0.66644,0.2426167,0,0,0,-0.002498388
1736099864712,-0.6165304,1.606125,-0.545141,-0.9852288,0.0001422949,0.1712443,-1.81759,0.002521276,0.1197696,-0.725944,0.8071318,-0.7371502,-0.7331792,-0.5742897,-0.364198,-2.209157,0.3690764,0.4268825,-0.6883278,0.8646036,-0.3649454,-0.7019922,-0.6705136,0.2400388,-1.48927,0.01235157,0.187701,-0.002982855
1736099864715,-0.6165304,1.606125,-0.545141,-0.9852288,0.0001422949,0.1712443,0,0,0,-0.725944,0.8071318,-0.7371502,-0.7331792,-0.5742897,-0.364198,0,0,0,-0.6883278,0.8646036,-0.3649454,-0.7019922,-0.6705136,0.2400388,0,0,0,-0.002982855
1736099864740,-0.6404834,1.6053,-0.5428512,-0.9837756,0.001788666,0.1793959,-1.796472,-0.06192327,0.1717329,-0.755038,0.8120465,-0.7297485,-0.7510504,-0.5665008,-0.3391173,-2.182049,0.3686026,0.5551279,-0.7095296,0.8633121,-0.3610044,-0.6984125,-0.6727945,0.244065,-1.590139,-0.09686798,0.2955794,-0.002982855
1736099864743,-0.6404834,1.6053,-0.5428512,-0.9837756,0.001788666,0.1793959,0,0,0,-0.755038,0.8120465,-0.7297485,-0.7510504,-0.5665008,-0.3391173,0,0,0,-0.7095296,0.8633121,-0.3610044,-0.6984125,-0.6727945,0.244065,0,0,0,-0.002982855
1736099864767,-0.6648169,1.603988,-0.5397301,-0.9820303,0.006454486,0.1886135,-1.825011,-0.09836555,0.2340853,-0.783196,0.8141384,-0.7220223,-0.7681617,-0.5581256,-0.3137255,-2.111846,0.1568958,0.5794644,-0.7319386,0.8609257,-0.3556769,-0.6940402,-0.6715635,0.2594431,-1.680672,-0.1789749,0.3995597,-0.002982855
1736099864771,-0.6648169,1.603988,-0.5397301,-0.9820303,0.006454486,0.1886135,0,0,0,-0.783196,0.8141384,-0.7220223,-0.7681617,-0.5581256,-0.3137255,0,0,0,-0.7319386,0.8609257,-0.3556769,-0.6940402,-0.6715635,0.2594431,0,0,0,-0.002982855
1736099864795,-0.6894002,1.601997,-0.5360217,-0.9802771,0.01102817,0.1973206,-1.84375,-0.1493633,0.2781272,-0.8098638,0.8145966,-0.7150052,-0.7782351,-0.5533788,-0.2968543,-2.000087,0.03436357,0.5262852,-0.7542226,0.8571678,-0.3504612,-0.686824,-0.6724687,0.2757872,-1.671302,-0.2818465,0.3911734,-0.002982855
1736099864799,-0.6894002,1.601997,-0.5360217,-0.9802771,0.01102817,0.1973206,0,0,0,-0.8098638,0.8145966,-0.7150052,-0.7782351,-0.5533788,-0.2968543,0,0,0,-0.7542226,0.8571678,-0.3504612,-0.686824,-0.6724687,0.2757872,0,0,0,-0.002982855
1736099864823,-0.7141225,1.599034,-0.5309432,-0.9792429,0.01300144,0.2022738,-1.854175,-0.22223,0.3808916,-0.8356624,0.813122,-0.7082291,-0.7833472,-0.5510458,-0.2876042,-1.934892,-0.1105919,0.5082071,-0.7773488,0.8515437,-0.3457654,-0.679746,-0.6760093,0.2845294,-1.734459,-0.4218087,0.3521919,-0.002982855
1736099864826,-0.7141225,1.599034,-0.5309432,-0.9792429,0.01300144,0.2022738,0,0,0,-0.8356624,0.813122,-0.7082291,-0.7833472,-0.5510458,-0.2876042,0,0,0,-0.7773488,0.8515437,-0.3457654,-0.679746,-0.6760093,0.2845294,0,0,0,-0.002982855
1736099864830,-0.7141225,1.599034,-0.5309432,-0.9792429,0.01300144,0.2022738,0,0,0,-0.8356624,0.813122,-0.7082291,-0.7833472,-0.5510458,-0.2876042,0,0,0,-0.7773488,0.8515437,-0.3457654,-0.679746,-0.6760093,0.2845294,0,0,0,-0.002982855
1736099864851,-0.7389419,1.595804,-0.5252128,-0.9790549,0.01219694,0.2032319,-1.861453,-0.2422214,0.4297793,-0.8607039,0.8099563,-0.7020171,-0.783187,-0.5516771,-0.2868297,-1.878119,-0.2374336,0.4658997,-0.8008504,0.8457224,-0.3416495,-0.6756269,-0.680427,0.2838089,-1.762623,-0.4365921,0.3086865,-0.002982855
1736099864854,-0.7389419,1.595804,-0.5252128,-0.9790549,0.01219694,0.2032319,0,0,0,-0.8607039,0.8099563,-0.7020171,-0.783187,-0.5516771,-0.2868297,0,0,0,-0.8008504,0.8457224,-0.3416495,-0.6756269,-0.680427,0.2838089,0,0,0,-0.002982855
1736099864879,-0.7640696,1.592727,-0.5187311,-0.9793458,0.01357402,0.201737,-1.884574,-0.2307683,0.4861236,-0.8848445,0.8065477,-0.6964588,-0.777014,-0.5568685,-0.2935083,-1.810545,-0.2556413,0.4168689,-0.8255789,0.840466,-0.3371577,-0.6738417,-0.6834537,0.2807646,-1.85464,-0.3942356,0.3368855,-0.002982855
1736099864882,-0.7640696,1.592727,-0.5187311,-0.9793458,0.01357402,0.201737,0,0,0,-0.8848445,0.8065477,-0.6964588,-0.777014,-0.5568685,-0.2935083,0,0,0,-0.8255789,0.840466,-0.3371577,-0.6738417,-0.6834537,0.2807646,0,0,0,-0.002982855
1736099864906,-0.789505,1.59027,-0.511044,-0.9805341,0.01584226,0.1957092,-1.907659,-0.1843035,0.5765319,-0.9073303,0.8016935,-0.6913514,-0.7673969,-0.5642272,-0.304549,-1.68643,-0.3640652,0.3830552,-0.8511627,0.8358101,-0.3327377,-0.6749492,-0.6845912,0.2752796,-1.918781,-0.3491923,0.3315032,-0.002982855
1736099864910,-0.789505,1.59027,-0.511044,-0.9805341,0.01584226,0.1957092,0,0,0,-0.9073303,0.8016935,-0.6913514,-0.7673969,-0.5642272,-0.304549,0,0,0,-0.8511627,0.8358101,-0.3327377,-0.6749492,-0.6845912,0.2752796,0,0,0,-0.002982855
1736099864934,-0.8149073,1.588055,-0.5020304,-0.981841,0.0186412,0.1887885,-1.905173,-0.1661003,0.676024,-0.9290059,0.7968087,-0.6862917,-0.7559901,-0.5740086,-0.3146322,-1.625669,-0.3663585,0.3794789,-0.8800066,0.8324407,-0.3276799,-0.6815211,-0.6819489,0.2654711,-2.163291,-0.2526999,0.3793359,-0.002982855
1736099864937,-0.8149073,1.588055,-0.5020304,-0.981841,0.0186412,0.1887885,0,0,0,-0.9290059,0.7968087,-0.6862917,-0.7559901,-0.5740086,-0.3146322,0,0,0,-0.8800066,0.8324407,-0.3276799,-0.6815211,-0.6819489,0.2654711,0,0,0,-0.002982855
1736099864962,-0.8407159,1.586334,-0.4918108,-0.9821054,0.02431725,0.1867573,-1.935643,-0.1290947,0.766468,-0.9500651,0.7922311,-0.6817098,-0.7424285,-0.5855778,-0.3254216,-1.579446,-0.3433183,0.3436446,-0.9102042,0.8307882,-0.3211129,-0.6874579,-0.676989,0.2628447,-2.264822,-0.1239404,0.4925251,-0.002982855
1736099864965,-0.8407159,1.586334,-0.4918108,-0.9821054,0.02431725,0.1867573,0,0,0,-0.9500651,0.7922311,-0.6817098,-0.7424285,-0.5855778,-0.3254216,0,0,0,-0.9102042,0.8307882,-0.3211129,-0.6874579,-0.676989,0.2628447,0,0,0,-0.002982855
1736099864990,-0.8659577,1.586133,-0.4811685,-0.9821312,0.02309164,0.1867767,-1.893139,-0.01502037,0.7981718,-0.9714639,0.7874961,-0.6778898,-0.725248,-0.6009322,-0.336,-1.604909,-0.3551289,0.2864957,-0.9424224,0.8312481,-0.3134255,-0.6918283,-0.6699036,0.2694498,-2.416366,0.03449321,0.5765498,-0.002982855
1736099864993,-0.8659577,1.586133,-0.4811685,-0.9821312,0.02309164,0.1867767,0,0,0,-0.9714639,0.7874961,-0.6778898,-0.725248,-0.6009322,-0.336,0,0,0,-0.9424224,0.8312481,-0.3134255,-0.6918283,-0.6699036,0.2694498,0,0,0,-0.002982855
1736099865017,-0.8921819,1.590463,-0.4698784,-0.9820127,0.0305094,0.186334,-1.96681,0.3246903,0.8467555,-0.993567,0.7844597,-0.6759195,-0.7097284,-0.6085899,-0.3548306,-1.65773,-0.227733,0.1477718,-0.9738793,0.8321981,-0.3058159,-0.6945331,-0.6675697,0.2682808,-2.359271,0.07124841,0.5707204,-0.002982855
1736099865021,-0.8921819,1.590463,-0.4698784,-0.9820127,0.0305094,0.186334,0,0,0,-0.993567,0.7844597,-0.6759195,-0.7097284,-0.6085899,-0.3548306,0,0,0,-0.9738793,0.8321981,-0.3058159,-0.6945331,-0.6675697,0.2682808,0,0,0,-0.002982855
1736099865045,-0.9187872,1.595777,-0.4584734,-0.9808521,0.04321352,0.1899008,-1.995403,0.3985941,0.8553743,-1.01422,0.7843649,-0.6749935,-0.6845666,-0.6111856,-0.3972665,-1.548994,-0.007103384,0.06945133,-1.00289,0.8335949,-0.2977538,-0.6881736,-0.6758543,0.2638907,-2.175772,0.1047626,0.6046593,-0.002982855
1736099865049,-0.9187872,1.595777,-0.4584734,-0.9808521,0.04321352,0.1899008,0,0,0,-1.01422,0.7843649,-0.6749935,-0.6845666,-0.6111856,-0.3972665,0,0,0,-1.00289,0.8335949,-0.2977538,-0.6881736,-0.6758543,0.2638907,0,0,0,-0.002982855
1736099865073,-0.9438438,1.59628,-0.448797,-0.9791309,0.04894758,0.1972496,-1.879245,0.03771186,0.7257342,-1.035063,0.7867941,-0.6711748,-0.6546255,-0.6249525,-0.4253237,-1.563227,0.1821846,0.2864063,-1.031517,0.83798,-0.2909243,-0.6906604,-0.6756865,0.257752,-2.147055,0.3288835,0.5122125,-0.002982855
1736099865076,-0.9438438,1.59628,-0.448797,-0.9791309,0.04894758,0.1972496,0,0,0,-1.035063,0.7867941,-0.6711748,-0.6546255,-0.6249525,-0.4253237,0,0,0,-1.031517,0.83798,-0.2909243,-0.6906604,-0.6756865,0.257752,0,0,0,-0.002982855
1736099865101,-0.9690032,1.596488,-0.439774,-0.9791637,0.04796268,0.1973278,-1.886952,0.01560152,0.6767213,-1.058394,0.7898677,-0.6641667,-0.6501192,-0.6321347,-0.4216063,-1.749837,0.2305225,0.5256057,-1.063098,0.8461651,-0.284826,-0.7173648,-0.6562918,0.2338142,-2.368551,0.6138772,0.4573703,-0.002982855
1736099865104,-0.9690032,1.596488,-0.439774,-0.9791637,0.04796268,0.1973278,0,0,0,-1.058394,0.7898677,-0.6641667,-0.6501192,-0.6321347,-0.4216063,0,0,0,-1.063098,0.8461651,-0.284826,-0.7173648,-0.6562918,0.2338142,0,0,0,-0.002982855
1736099865129,-0.9948382,1.598838,-0.4313555,-0.9794955,0.0511113,0.1948758,-1.937628,0.1762122,0.631392,-1.084664,0.791117,-0.6566253,-0.6730604,-0.6203372,-0.4027054,-1.970226,0.0936985,0.5656064,-1.095886,0.8522892,-0.2761014,-0.7367468,-0.6409362,0.2154188,-2.459121,0.4593104,0.6543517,-0.002982855
1736099865132,-0.9948382,1.598838,-0.4313555,-0.9794955,0.0511113,0.1948758,0,0,0,-1.084664,0.791117,-0.6566253,-0.6730604,-0.6203372,-0.4027054,0,0,0,-1.095886,0.8522892,-0.2761014,-0.7367468,-0.6409362,0.2154188,0,0,0,-0.002982855
1736099865156,-1.020623,1.600516,-0.423579,-0.9793367,0.0507422,0.1957677,-1.933837,0.1258761,0.5832374,-1.1098,0.7928758,-0.6501338,-0.6873265,-0.6098175,-0.3945954,-1.885164,0.1319066,0.4868567,-1.126919,0.8545382,-0.2665901,-0.7432663,-0.6329791,0.2165475,-2.327496,0.1686752,0.7133424,-0.002982855
1736099865160,-1.020623,1.600516,-0.423579,-0.9793367,0.0507422,0.1957677,0,0,0,-1.1098,0.7928758,-0.6501338,-0.6873265,-0.6098175,-0.3945954,0,0,0,-1.126919,0.8545382,-0.2665901,-0.7432663,-0.6329791,0.2165475,0,0,0,-0.002982855
1736099865184,-1.046461,1.603765,-0.416707,-0.979945,0.03865004,0.1954851,-1.937842,0.2436429,0.5153954,-1.134591,0.7952887,-0.6447489,-0.6835288,-0.6087012,-0.4028296,-1.859361,0.1809686,0.4038692,-1.156792,0.8555312,-0.2566092,-0.7428595,-0.6252099,0.2393169,-2.240449,0.07447153,0.7485688,-0.002982855
1736099865187,-1.046461,1.603765,-0.416707,-0.979945,0.03865004,0.1954851,0,0,0,-1.134591,0.7952887,-0.6447489,-0.6835288,-0.6087012,-0.4028296,0,0,0,-1.156792,0.8555312,-0.2566092,-0.7428595,-0.6252099,0.2393169,0,0,0,-0.002982855
1736099865190,-1.046461,1.603765,-0.416707,-0.979945,0.03865004,0.1954851,0,0,0,-1.134591,0.7952887,-0.6447489,-0.6835288,-0.6087012,-0.4028296,0,0,0,-1.156792,0.8555312,-0.2566092,-0.7428595,-0.6252099,0.2393169,0,0,0,-0.002982855
1736099865212,-1.071628,1.605361,-0.4106579,-0.9798638,0.02286223,0.1983551,-1.887524,0.1197159,0.4536867,-1.157176,0.7979636,-0.6389408,-0.6699297,-0.6163751,-0.4138552,-1.693904,0.2006203,0.4356086,-1.18475,0.8578531,-0.2485185,-0.7379107,-0.6238683,0.2574422,-2.096844,0.1741424,0.6068051,-0.002982855
1736099865215,-1.071628,1.605361,-0.4106579,-0.9798638,0.02286223,0.1983551,0,0,0,-1.157176,0.7979636,-0.6389408,-0.6699297,-0.6163751,-0.4138552,0,0,0,-1.18475,0.8578531,-0.2485185,-0.7379107,-0.6238683,0.2574422,0,0,0,-0.002982855
1736099865240,-1.096687,1.606455,-0.404851,-0.9798037,0.01393248,0.1994763,-1.879442,0.08204877,0.4355192,-1.179865,0.7991859,-0.631161,-0.6642088,-0.6221433,-0.4144454,-1.701611,0.09167343,0.5834877,-1.2128,0.8622717,-0.2436583,-0.7385721,-0.6217383,0.2606779,-2.103764,0.3313959,0.3645122,-0.003688097
1736099865243,-1.096687,1.606455,-0.404851,-0.9798037,0.01393248,0.1994763,0,0,0,-1.179865,0.7991859,-0.631161,-0.6642088,-0.6221433,-0.4144454,0,0,0,-1.2128,0.8622717,-0.2436583,-0.7385721,-0.6217383,0.2606779,0,0,0,-0.003688097
1736099865267,-1.12214,1.606287,-0.3993707,-0.9795021,0.02035748,0.2004033,-1.909018,-0.0125438,0.4110217,-1.203902,0.7977207,-0.6219714,-0.6694359,-0.625886,-0.4001538,-1.80282,-0.1098901,0.6892204,-1.241505,0.8677872,-0.2414446,-0.7516371,-0.6136253,0.24188,-2.152902,0.4136637,0.1660287,-0.005432844
1736099865271,-1.12214,1.606287,-0.3993707,-0.9795021,0.02035748,0.2004033,0,0,0,-1.203902,0.7977207,-0.6219714,-0.6694359,-0.625886,-0.4001538,0,0,0,-1.241505,0.8677872,-0.2414446,-0.7516371,-0.6136253,0.24188,0,0,0,-0.005432844
1736099865295,-1.147801,1.605936,-0.3936055,-0.9791272,0.03238819,0.2006516,-1.924521,-0.02634823,0.43239,-1.228551,0.79575,-0.613744,-0.6728256,-0.6283342,-0.3905158,-1.848668,-0.1478031,0.6170511,-1.269607,0.8733624,-0.2399895,-0.7683781,-0.6029062,0.2147077,-2.107644,0.4181385,0.1091301,-0.005463123
1736099865298,-1.147801,1.605936,-0.3936055,-0.9791272,0.03238819,0.2006516,0,0,0,-1.228551,0.79575,-0.613744,-0.6728256,-0.6283342,-0.3905158,0,0,0,-1.269607,0.8733624,-0.2399895,-0.7683781,-0.6029062,0.2147077,0,0,0,-0.005463123
1736099865323,-1.173839,1.604365,-0.3883286,-0.9790905,0.04031746,0.1993911,-1.952881,-0.1178294,0.3957689,-1.253028,0.7923288,-0.6067154,-0.6689688,-0.6315844,-0.3918967,-1.83574,-0.2565935,0.5271435,-1.296956,0.8751341,-0.2382023,-0.7780533,-0.5972775,0.1946613,-2.051139,0.1328766,0.1340389,-0.005463123
1736099865326,-1.173839,1.604365,-0.3883286,-0.9790905,0.04031746,0.1993911,0,0,0,-1.253028,0.7923288,-0.6067154,-0.6689688,-0.6315844,-0.3918967,0,0,0,-1.296956,0.8751341,-0.2382023,-0.7780533,-0.5972775,0.1946613,0,0,0,-0.005463123
1736099865351,-1.20052,1.60153,-0.3830214,-0.979077,0.04349417,0.1987888,-2.001035,-0.2126008,0.3980398,-1.278034,0.7874814,-0.598918,-0.6560327,-0.6399621,-0.4000882,-1.875508,-0.3635556,0.584811,-1.324542,0.873185,-0.2355866,-0.7826454,-0.5960705,0.17935,-2.068931,-0.1461759,0.1961768,-0.005463123
1736099865354,-1.20052,1.60153,-0.3830214,-0.979077,0.04349417,0.1987888,0,0,0,-1.278034,0.7874814,-0.598918,-0.6560327,-0.6399621,-0.4000882,0,0,0,-1.324542,0.873185,-0.2355866,-0.7826454,-0.5960705,0.17935,0,0,0,-0.005463123
1736099865379,-1.227795,1.59789,-0.3778887,-0.9790341,0.04420332,0.1988431,-2.045631,-0.2730489,0.3849506,-1.302299,0.7813844,-0.5902791,-0.6525378,-0.6492223,-0.3907754,-1.819843,-0.4572719,0.6479144,-1.352854,0.8694773,-0.2319748,-0.7854661,-0.5938041,0.1744704,-2.123469,-0.2780825,0.2708852,-0.005463123
1736099865383,-1.227795,1.59789,-0.3778887,-0.9790341,0.04420332,0.1988431,0,0,0,-1.302299,0.7813844,-0.5902791,-0.6525378,-0.6492223,-0.3907754,0,0,0,-1.352854,0.8694773,-0.2319748,-0.7854661,-0.5938041,0.1744704,0,0,0,-0.005463123
1736099865406,-1.256023,1.594213,-0.3734257,-0.9788257,0.0462702,0.1993979,-2.117103,-0.2757758,0.3347218,-1.327957,0.7747387,-0.5825584,-0.6582344,-0.6503299,-0.3792088,-1.924378,-0.4984304,0.5790532,-1.381066,0.8637819,-0.2269588,-0.7855053,-0.5917143,0.181262,-2.11587,-0.4271552,0.3762066,-0.005463123
1736099865410,-1.256023,1.594213,-0.3734257,-0.9788257,0.0462702,0.1993979,0,0,0,-1.327957,0.7747387,-0.5825584,-0.6582344,-0.6503299,-0.3792088,0,0,0,-1.381066,0.8637819,-0.2269588,-0.7855053,-0.5917143,0.181262,0,0,0,-0.005463123
1736099865434,-1.285606,1.591391,-0.369133,-0.9786964,0.05253403,0.198478,-2.218741,-0.2116263,0.3219545,-1.353227,0.7683172,-0.5760229,-0.6567777,-0.655278,-0.3731678,-1.895249,-0.4816085,0.4901648,-1.408711,0.8569064,-0.2218649,-0.7799121,-0.5948138,0.1947665,-2.073401,-0.5156636,0.382036,-0.005463123
1736099865438,-1.285606,1.591391,-0.369133,-0.9786964,0.05253403,0.198478,0,0,0,-1.353227,0.7683172,-0.5760229,-0.6567777,-0.655278,-0.3731678,0,0,0,-1.408711,0.8569064,-0.2218649,-0.7799121,-0.5948138,0.1947665,0,0,0,-0.005463123
1736099865462,-1.315991,1.588567,-0.3654349,-0.9786388,0.05620831,0.1977551,-2.278912,-0.211814,0.2773583,-1.379897,0.7634779,-0.56968,-0.6545615,-0.6611155,-0.3667095,-2.000231,-0.3629521,0.4757166,-1.434474,0.8498733,-0.2173591,-0.7716019,-0.6028364,0.2030246,-1.932174,-0.5274788,0.3379405,-0.005463123
1736099865465,-1.315991,1.588567,-0.3654349,-0.9786388,0.05620831,0.1977551,0,0,0,-1.379897,0.7634779,-0.56968,-0.6545615,-0.6611155,-0.3667095,0,0,0,-1.434474,0.8498733,-0.2173591,-0.7716019,-0.6028364,0.2030246,0,0,0,-0.005463123
1736099865468,-1.315991,1.588567,-0.3654349,-0.9786388,0.05620831,0.1977551,0,0,0,-1.379897,0.7634779,-0.56968,-0.6545615,-0.6611155,-0.3667095,0,0,0,-1.434474,0.8498733,-0.2173591,-0.7716019,-0.6028364,0.2030246,0,0,0,-0.005463123
1736099865490,-1.346531,1.585568,-0.362349,-0.9787837,0.04950189,0.1988274,-2.290463,-0.2249211,0.2314389,-1.408101,0.7609054,-0.5649571,-0.6491793,-0.6668907,-0.365819,-2.115315,-0.1929313,0.3542125,-1.459087,0.8423837,-0.2125793,-0.7565,-0.6192306,0.2103844,-1.846021,-0.5617216,0.3584862,-0.005463123
1736099865493,-1.346531,1.585568,-0.362349,-0.9787837,0.04950189,0.1988274,0,0,0,-1.408101,0.7609054,-0.5649571,-0.6491793,-0.6668907,-0.365819,0,0,0,-1.459087,0.8423837,-0.2125793,-0.7565,-0.6192306,0.2103844,0,0,0,-0.005463123
1736099865517,-1.377066,1.582621,-0.3597753,-0.9789814,0.03730915,0.2005085,-2.290142,-0.221014,0.1930296,-1.440896,0.7609447,-0.5614908,-0.6432901,-0.6696974,-0.3710573,-2.459621,0.00294596,0.2599776,-1.482762,0.8375548,-0.2081373,-0.7417759,-0.6372139,0.2091101,-1.775587,-0.3621653,0.3331482,-0.005463123
1736099865521,-1.377066,1.582621,-0.3597753,-0.9789814,0.03730915,0.2005085,0,0,0,-1.440896,0.7609447,-0.5614908,-0.6432901,-0.6696974,-0.3710573,0,0,0,-1.482762,0.8375548,-0.2081373,-0.7417759,-0.6372139,0.2091101,0,0,0,-0.005463123
1736099865545,-1.408991,1.587687,-0.3570218,-0.9792783,0.01900472,0.2016262,-2.394336,0.379917,0.2065122,-1.474937,0.7611544,-0.5585785,-0.63973,-0.6685311,-0.3792255,-2.553034,0.01572669,0.2184212,-1.507428,0.8352023,-0.2022326,-0.7334335,-0.6489367,0.202377,-1.849973,-0.1764357,0.4428506,-0.005463123
1736099865549,-1.408991,1.587687,-0.3570218,-0.9792783,0.01900472,0.2016262,0,0,0,-1.474937,0.7611544,-0.5585785,-0.63973,-0.6685311,-0.3792255,0,0,0,-1.507428,0.8352023,-0.2022326,-0.7334335,-0.6489367,0.202377,0,0,0,-0.005463123
1736099865573,-1.440519,1.59097,-0.3550327,-0.9753187,0.03295325,0.2183298,-2.364618,0.2462357,0.1491845,-1.509669,0.7648325,-0.5559275,-0.6313248,-0.6701208,-0.390343,-2.604944,0.2758563,0.1988232,-1.531436,0.8346962,-0.1922178,-0.718071,-0.6591029,0.2235126,-1.800585,-0.0379622,0.7511079,-0.005463123
1736099865576,-1.440519,1.59097,-0.3550327,-0.9753187,0.03295325,0.2183298,0,0,0,-1.509669,0.7648325,-0.5559275,-0.6313248,-0.6701208,-0.390343,0,0,0,-1.531436,0.8346962,-0.1922178,-0.718071,-0.6591029,0.2235126,0,0,0,-0.005463123
1736099865601,-1.471105,1.595922,-0.3528249,-0.9742925,0.03612313,0.2223722,-2.29395,0.3713787,0.1655817,-1.543743,0.7710921,-0.550313,-0.6488691,-0.6568808,-0.3840271,-2.555537,0.4694715,0.4210889,-1.554001,0.8362882,-0.1823993,-0.6974879,-0.6683086,0.2586011,-1.692402,0.119403,0.7363915,-0.005463123
1736099865604,-1.471105,1.595922,-0.3528249,-0.9742925,0.03612313,0.2223722,0,0,0,-1.543743,0.7710921,-0.550313,-0.6488691,-0.6568808,-0.3840271,0,0,0,-1.554001,0.8362882,-0.1823993,-0.6974879,-0.6683086,0.2586011,0,0,0,-0.005463123
1736099865629,-1.500514,1.596666,-0.3494174,-0.9748957,0.02772337,0.2209303,-2.205688,0.05586147,0.2555609,-1.578613,0.779038,-0.5423107,-0.6737456,-0.6467637,-0.3574409,-2.615261,0.5959421,0.6001711,-1.578177,0.8407657,-0.1734273,-0.6881465,-0.6722091,0.2731109,-1.813173,0.3358126,0.6728947,-0.005463123
1736099865632,-1.500514,1.596666,-0.3494174,-0.9748957,0.02772337,0.2209303,0,0,0,-1.578613,0.779038,-0.5423107,-0.6737456,-0.6467637,-0.3574409,0,0,0,-1.578177,0.8407657,-0.1734273,-0.6881465,-0.6722091,0.2731109,0,0,0,-0.005463123
1736099865656,-1.529281,1.598283,-0.3455806,-0.9751647,0.0213966,0.2204456,-2.157533,0.121218,0.2877653,-1.615841,0.7873148,-0.5336657,-0.7040554,-0.6364611,-0.3149979,-2.792108,0.6207615,0.6483793,-1.604646,0.8452238,-0.1641927,-0.6940217,-0.6643754,0.2773799,-1.985192,0.3343597,0.6926,-0.005463123
1736099865659,-1.529281,1.598283,-0.3455806,-0.9751647,0.0213966,0.2204456,0,0,0,-1.615841,0.7873148,-0.5336657,-0.7040554,-0.6364611,-0.3149979,0,0,0,-1.604646,0.8452238,-0.1641927,-0.6940217,-0.6643754,0.2773799,0,0,0,-0.005463123
1736099865684,-1.557716,1.601045,-0.3405802,-0.9746587,0.01971824,0.2228271,-2.132642,0.2072096,0.3750265,-1.655061,0.7955335,-0.5272398,-0.7268137,-0.6195036,-0.2965766,-2.941489,0.6164029,0.4819393,-1.630557,0.8483418,-0.1538432,-0.7002838,-0.6517372,0.2912757,-1.943314,0.2338439,0.7762134,-0.005463123
1736099865687,-1.557716,1.601045,-0.3405802,-0.9746587,0.01971824,0.2228271,0,0,0,-1.655061,0.7955335,-0.5272398,-0.7268137,-0.6195036,-0.2965766,0,0,0,-1.630557,0.8483418,-0.1538432,-0.7002838,-0.6517372,0.2912757,0,0,0,-0.005463123
1736099865712,-1.585954,1.604065,-0.3347178,-0.9743569,0.01328696,0.2246164,-2.117801,0.2264589,0.4396856,-1.692711,0.8033016,-0.5220492,-0.7451002,-0.5993888,-0.2925054,-2.823758,0.5826071,0.3892958,-1.654222,0.8504659,-0.142879,-0.6914043,-0.6499738,0.3154271,-1.774836,0.1593098,0.8223116,-0.005463123
1736099865715,-1.585954,1.604065,-0.3347178,-0.9743569,0.01328696,0.2246164,0,0,0,-1.692711,0.8033016,-0.5220492,-0.7451002,-0.5993888,-0.2925054,0,0,0,-1.654222,0.8504659,-0.142879,-0.6914043,-0.6499738,0.3154271,0,0,0,-0.005463123
1736099865740,-1.613053,1.605682,-0.3286364,-0.9737148,0.006455552,0.2276796,-2.032435,0.1212537,0.4561007,-1.730063,0.8123307,-0.5158844,-0.7600791,-0.5770553,-0.29881,-2.801406,0.6771773,0.4623592,-1.675931,0.8515965,-0.1316247,-0.6691147,-0.6578217,0.3457695,-1.628244,0.08479357,0.8440733,-0.005463123
1736099865743,-1.613053,1.605682,-0.3286364,-0.9737148,0.006455552,0.2276796,0,0,0,-1.730063,0.8123307,-0.5158844,-0.7600791,-0.5770553,-0.29881,0,0,0,-1.675931,0.8515965,-0.1316247,-0.6691147,-0.6578217,0.3457695,0,0,0,-0.005463123
1736099865767,-1.640027,1.606114,-0.321826,-0.9731096,0.0009147301,0.2303413,-2.023029,0.03242791,0.510782,-1.766391,0.8204778,-0.508883,-0.7698008,-0.5629073,-0.3009036,-2.724552,0.6110385,0.525105,-1.697564,0.8511949,-0.1227317,-0.6501683,-0.6649711,0.3675525,-1.622415,-0.03011674,0.666976,-0.006294966
1736099865770,-1.640027,1.606114,-0.321826,-0.9731096,0.0009147301,0.2303413,0,0,0,-1.766391,0.8204778,-0.508883,-0.7698008,-0.5629073,-0.3009036,0,0,0,-1.697564,0.8511949,-0.1227317,-0.6501683,-0.6649711,0.3675525,0,0,0,-0.006294966
1736099865795,-1.667042,1.606108,-0.3154306,-0.9725567,0.004256878,0.2326282,-2.026176,-0.0004380941,0.4796505,-1.805378,0.8299869,-0.5002851,-0.7824001,-0.5484427,-0.2950613,-2.924037,0.7131815,0.6448388,-1.71997,0.8498559,-0.1162877,-0.6428363,-0.6702942,0.3707659,-1.680493,-0.1004264,0.4832983,-0.006820917
1736099865798,-1.667042,1.606108,-0.3154306,-0.9725567,0.004256878,0.2326282,0,0,0,-1.805378,0.8299869,-0.5002851,-0.7824001,-0.5484427,-0.2950613,0,0,0,-1.71997,0.8498559,-0.1162877,-0.6428363,-0.6702942,0.3707659,0,0,0,-0.006820917
1736099865823,-1.694456,1.605097,-0.3086803,-0.9723021,0.01134374,0.2334523,-2.056038,-0.07585287,0.5062759,-1.8388,0.8352418,-0.4906609,-0.7995737,-0.5327836,-0.2771711,-2.506685,0.3941149,0.7218182,-1.742567,0.8468557,-0.1110978,-0.6399378,-0.6779119,0.3618221,-1.694763,-0.225015,0.3892422,-0.006820917
1736099865826,-1.694456,1.605097,-0.3086803,-0.9723021,0.01134374,0.2334523,0,0,0,-1.8388,0.8352418,-0.4906609,-0.7995737,-0.5327836,-0.2771711,0,0,0,-1.742567,0.8468557,-0.1110978,-0.6399378,-0.6779119,0.3618221,0,0,0,-0.006820917
1736099865851,-1.722128,1.602454,-0.3020167,-0.9722903,0.01706981,0.2331535,-2.075386,-0.1982242,0.4997671,-1.871669,0.8405467,-0.4813004,-0.8184592,-0.5139424,-0.2568815,-2.465165,0.3978655,0.7020414,-1.76651,0.8421819,-0.1056118,-0.6346823,-0.6848857,0.3579246,-1.795757,-0.3505334,0.4114509,-0.006820917
1736099865855,-1.722128,1.602454,-0.3020167,-0.9722903,0.01706981,0.2331535,0,0,0,-1.871669,0.8405467,-0.4813004,-0.8184592,-0.5139424,-0.2568815,0,0,0,-1.76651,0.8421819,-0.1056118,-0.6346823,-0.6848857,0.3579246,0,0,0,-0.006820917
1736099865857,-1.722128,1.602454,-0.3020167,-0.9722903,0.01706981,0.2331535,0,0,0,-1.871669,0.8405467,-0.4813004,-0.8184592,-0.5139424,-0.2568815,0,0,0,-1.76651,0.8421819,-0.1056118,-0.6346823,-0.6848857,0.3579246,0,0,0,-0.006820917
1736099865879,-1.750164,1.598767,-0.2951729,-0.9729212,0.01802574,0.2304335,-2.102709,-0.2765089,0.5132854,-1.902272,0.8402787,-0.4719944,-0.831941,-0.5000343,-0.2405005,-2.295184,-0.02009869,0.6979465,-1.793195,0.8368456,-0.09936714,-0.6272077,-0.6904477,0.3604063,-2.001357,-0.4002213,0.4683495,-0.006820917
1736099865882,-1.750164,1.598767,-0.2951729,-0.9729212,0.01802574,0.2304335,0,0,0,-1.902272,0.8402787,-0.4719944,-0.831941,-0.5000343,-0.2405005,0,0,0,-1.793195,0.8368456,-0.09936714,-0.6272077,-0.6904477,0.3604063,0,0,0,-0.006820917
1736099865906,-1.778504,1.594515,-0.2880299,-0.9739474,0.01873196,0.2260002,-2.12549,-0.3188968,0.5357265,-1.931339,0.8393672,-0.4648583,-0.8391823,-0.4919134,-0.2319365,-2.180064,-0.06836057,0.535208,-1.820081,0.8313094,-0.09356165,-0.6178631,-0.6964554,0.3649595,-2.016449,-0.4152194,0.4354119,-0.006820917
1736099865910,-1.778504,1.594515,-0.2880299,-0.9739474,0.01873196,0.2260002,0,0,0,-1.931339,0.8393672,-0.4648583,-0.8391823,-0.4919134,-0.2319365,0,0,0,-1.820081,0.8313094,-0.09356165,-0.6178631,-0.6964554,0.3649595,0,0,0,-0.006820917
1736099865934,-1.807536,1.59026,-0.2805648,-0.9754448,0.02294886,0.2190461,-2.177382,-0.3191292,0.5598843,-1.959052,0.8338644,-0.459621,-0.8358396,-0.4933534,-0.2407796,-2.078426,-0.4127115,0.3928006,-1.849594,0.8246735,-0.08849335,-0.6127175,-0.7017922,0.3634078,-2.21343,-0.4976884,0.3801227,-0.006820917
1736099865937,-1.807536,1.59026,-0.2805648,-0.9754448,0.02294886,0.2190461,0,0,0,-1.959052,0.8338644,-0.459621,-0.8358396,-0.4933534,-0.2407796,0,0,0,-1.849594,0.8246735,-0.08849335,-0.6127175,-0.7017922,0.3634078,0,0,0,-0.006820917
1736099865962,-1.836953,1.584905,-0.2723002,-0.9773589,0.02560635,0.2100337,-2.206278,-0.4015893,0.6198406,-1.984828,0.826208,-0.455934,-0.8229907,-0.5032749,-0.2634408,-1.933193,-0.5742297,0.2765179,-1.879387,0.818194,-0.08429623,-0.6124122,-0.7058628,0.3559627,-2.234495,-0.4859671,0.314784,-0.006820917
1736099865965,-1.836953,1.584905,-0.2723002,-0.9773589,0.02560635,0.2100337,0,0,0,-1.984828,0.826208,-0.455934,-0.8229907,-0.5032749,-0.2634408,0,0,0,-1.879387,0.818194,-0.08429623,-0.6124122,-0.7058628,0.3559627,0,0,0,-0.006820917
1736099865990,-1.866827,1.581598,-0.2634387,-0.9800623,0.02478357,0.1971393,-2.240539,-0.2480507,0.6646156,-2.008157,0.8153268,-0.4528484,-0.8028957,-0.5210684,-0.2895627,-1.74973,-0.8160934,0.231421,-1.913107,0.8122832,-0.08080435,-0.6217116,-0.7058777,0.3394283,-2.529037,-0.4433066,0.2618909,-0.006820917
1736099865993,-1.866827,1.581598,-0.2634387,-0.9800623,0.02478357,0.1971393,0,0,0,-2.008157,0.8153268,-0.4528484,-0.8028957,-0.5210684,-0.2895627,0,0,0,-1.913107,0.8122832,-0.08080435,-0.6217116,-0.7058777,0.3394283,0,0,0,-0.006820917
1736099866017,-1.896757,1.577731,-0.2543693,-0.9824422,0.02461843,0.1849371,-2.244759,-0.2900004,0.6802082,-2.02856,0.8029517,-0.4503369,-0.7805482,-0.5416806,-0.3119737,-1.530218,-0.9281293,0.1883626,-1.946867,0.808134,-0.07685089,-0.6283487,-0.7088332,0.3205211,-2.531934,-0.3111944,0.2965093,-0.006820917
1736099866020,-1.896757,1.577731,-0.2543693,-0.9824422,0.02461843,0.1849371,0,0,0,-2.02856,0.8029517,-0.4503369,-0.7805482,-0.5416806,-0.3119737,0,0,0,-1.946867,0.808134,-0.07685089,-0.6283487,-0.7088332,0.3205211,0,0,0,-0.006820917
1736099866045,-1.92654,1.575625,-0.2449203,-0.9847965,0.01807781,0.1727701,-2.233779,-0.1580089,0.7086754,-2.047898,0.7926301,-0.4487391,-0.7523892,-0.5660772,-0.3368497,-1.45036,-0.7741213,0.1198411,-1.983067,0.8062651,-0.0721755,-0.6389514,-0.7073321,0.3023614,-2.715003,-0.1401678,0.3506541,-0.006820917
1736099866048,-1.92654,1.575625,-0.2449203,-0.9847965,0.01807781,0.1727701,0,0,0,-2.047898,0.7926301,-0.4487391,-0.7523892,-0.5660772,-0.3368497,0,0,0,-1.983067,0.8062651,-0.0721755,-0.6389514,-0.7073321,0.3023614,0,0,0,-0.006820917
1736099866073,-1.9582,1.584071,-0.2351451,-0.9866533,0.01799353,0.1618388,-2.37447,0.6335109,0.7331371,-2.065664,0.7854875,-0.4485111,-0.7204576,-0.5878033,-0.3680065,-1.332414,-0.5356953,0.01709461,-2.019197,0.8067834,-0.06602669,-0.6489124,-0.7016034,0.29439,-2.709818,0.03887862,0.4611611,-0.006820917
1736099866076,-1.9582,1.584071,-0.2351451,-0.9866533,0.01799353,0.1618388,0,0,0,-2.065664,0.7854875,-0.4485111,-0.7204576,-0.5878033,-0.3680065,0,0,0,-2.019197,0.8067834,-0.06602669,-0.6489124,-0.7016034,0.29439,0,0,0,-0.006820917
1736099866101,-1.989549,1.586025,-0.2262282,-0.9866391,0.03372114,0.1593946,-2.351189,0.1464844,0.6687641,-2.079571,0.782496,-0.449666,-0.6714365,-0.6096495,-0.4213092,-1.043022,-0.2243578,-0.08661747,-2.052343,0.8093946,-0.06014776,-0.6411111,-0.712721,0.2846149,-2.485943,0.195837,0.4409194,-0.006820917
1736099866104,-1.989549,1.586025,-0.2262282,-0.9866391,0.03372114,0.1593946,0,0,0,-2.079571,0.782496,-0.449666,-0.6714365,-0.6096495,-0.4213092,0,0,0,-2.052343,0.8093946,-0.06014776,-0.6411111,-0.712721,0.2846149,0,0,0,-0.006820917
1736099866128,-2.018408,1.58646,-0.2192969,-0.9869316,0.03078645,0.1581728,-2.164435,0.03265142,0.5198479,-2.094151,0.7816141,-0.4470067,-0.6255299,-0.6381806,-0.4488194,-1.093483,-0.06614774,0.1994491,-2.087314,0.8171327,-0.05627298,-0.6568112,-0.7018938,0.2755803,-2.622771,0.580354,0.2906084,-0.006820917
1736099866132,-2.018408,1.58646,-0.2192969,-0.9869316,0.03078645,0.1581728,0,0,0,-2.094151,0.7816141,-0.4470067,-0.6255299,-0.6381806,-0.4488194,0,0,0,-2.087314,0.8171327,-0.05627298,-0.6568112,-0.7018938,0.2755803,0,0,0,-0.006820917
1736099866156,-2.046635,1.586941,-0.2134047,-0.9884589,0.01502356,0.1507421,-2.116978,0.03612041,0.4419208,-2.112954,0.7829666,-0.4405823,-0.6229281,-0.6513557,-0.4332402,-1.41027,0.1014411,0.481832,-2.124967,0.8278602,-0.05401945,-0.6943328,-0.6775171,0.242637,-2.823973,0.8045688,0.1690149,-0.006820917
1736099866159,-2.046635,1.586941,-0.2134047,-0.9884589,0.01502356,0.1507421,0,0,0,-2.112954,0.7829666,-0.4405823,-0.6229281,-0.6513557,-0.4332402,0,0,0,-2.124967,0.8278602,-0.05401945,-0.6943328,-0.6775171,0.242637,0,0,0,-0.006820917
1736099866184,-2.076081,1.590703,-0.2080526,-0.9892842,0.02156891,0.1444016,-2.208459,0.2821237,0.4014015,-2.136105,0.7817019,-0.4362464,-0.6421407,-0.6455747,-0.4133875,-1.736283,-0.09485185,0.325191,-2.160369,0.8341293,-0.05042934,-0.711171,-0.6732361,0.2024579,-2.655172,0.4701823,0.269258,-0.006820917
1736099866188,-2.076081,1.590703,-0.2080526,-0.9892842,0.02156891,0.1444016,0,0,0,-2.136105,0.7817019,-0.4362464,-0.6421407,-0.6455747,-0.4133875,0,0,0,-2.160369,0.8341293,-0.05042934,-0.711171,-0.6732361,0.2024579,0,0,0,-0.006820917
1736099866190,-2.076081,1.590703,-0.2080526,-0.9892842,0.02156891,0.1444016,0,0,0,-2.136105,0.7817019,-0.4362464,-0.6421407,-0.6455747,-0.4133875,0,0,0,-2.160369,0.8341293,-0.05042934,-0.711171,-0.6732361,0.2024579,0,0,0,-0.006820917
1736099866212,-2.104675,1.59277,-0.2044983,-0.9897922,0.02605172,0.1401186,-2.144551,0.1549959,0.2665758,-2.158905,0.7843446,-0.4336891,-0.6444334,-0.6383445,-0.4209778,-1.710033,0.1981974,0.1917958,-2.194456,0.8374887,-0.0451045,-0.7151722,-0.6705967,0.197051,-2.556503,0.2519533,0.399363,-0.006820917
1736099866215,-2.104675,1.59277,-0.2044983,-0.9897922,0.02605172,0.1401186,0,0,0,-2.158905,0.7843446,-0.4336891,-0.6444334,-0.6383445,-0.4209778,0,0,0,-2.194456,0.8374887,-0.0451045,-0.7151722,-0.6705967,0.197051,0,0,0,-0.006820917
1736099866240,-2.133411,1.596704,-0.2017207,-0.9907821,0.02160221,0.1337337,-2.155209,0.2950341,0.2083182,-2.180773,0.786424,-0.432548,-0.6190407,-0.6429992,-0.4509337,-1.640117,0.155957,0.08558035,-2.227638,0.8415505,-0.04039192,-0.7225527,-0.6608014,0.2031237,-2.488697,0.3046319,0.3534436,-0.006820917
1736099866243,-2.133411,1.596704,-0.2017207,-0.9907821,0.02160221,0.1337337,0,0,0,-2.180773,0.786424,-0.432548,-0.6190407,-0.6429992,-0.4509337,0,0,0,-2.227638,0.8415505,-0.04039192,-0.7225527,-0.6608014,0.2031237,0,0,0,-0.006820917
1736099866267,-2.16156,1.598397,-0.2000904,-0.9918113,0.01550386,0.1267691,-2.111149,0.1269847,0.122273,-2.201793,0.7874923,-0.4301462,-0.5855762,-0.6559837,-0.476221,-1.576495,0.08012652,0.1801372,-2.259598,0.845909,-0.03761196,-0.7246954,-0.6569862,0.2078127,-2.396965,0.3268898,0.208497,-0.006820917
1736099866271,-2.16156,1.598397,-0.2000904,-0.9918113,0.01550386,0.1267691,0,0,0,-2.201793,0.7874923,-0.4301462,-0.5855762,-0.6559837,-0.476221,0,0,0,-2.259598,0.845909,-0.03761196,-0.7246954,-0.6569862,0.2078127,0,0,0,-0.006820917
1736099866295,-2.189787,1.599453,-0.1984448,-0.9929598,0.01211107,0.1178331,-2.11705,0.07924139,0.1234174,-2.223282,0.7876823,-0.4253011,-0.5707973,-0.6661471,-0.4800408,-1.611686,0.014247,0.3633857,-2.292335,0.8513986,-0.03864956,-0.7275659,-0.6569399,0.1976818,-2.455294,0.4117191,-0.07781982,-0.006820917
1736099866298,-2.189787,1.599453,-0.1984448,-0.9929598,0.01211107,0.1178331,0,0,0,-2.223282,0.7876823,-0.4253011,-0.5707973,-0.6661471,-0.4800408,0,0,0,-2.292335,0.8513986,-0.03864956,-0.7275659,-0.6569399,0.1976818,0,0,0,-0.006820917
1736099866323,-2.218095,1.599643,-0.1974888,-0.9939365,0.01539402,0.1088747,-2.123129,0.01419783,0.07170439,-2.246498,0.7862769,-0.4201045,-0.5689707,-0.6704533,-0.4761989,-1.741183,-0.1054063,0.3897429,-2.324685,0.8575307,-0.04235744,-0.7420028,-0.650773,0.1610175,-2.426255,0.459905,-0.2780914,-0.006820917
1736099866326,-2.218095,1.599643,-0.1974888,-0.9939365,0.01539402,0.1088747,0,0,0,-2.246498,0.7862769,-0.4201045,-0.5689707,-0.6704533,-0.4761989,0,0,0,-2.324685,0.8575307,-0.04235744,-0.7420028,-0.650773,0.1610175,0,0,0,-0.006820917
1736099866351,-2.246803,1.598248,-0.1970868,-0.994837,0.02265418,0.09892637,-2.153099,-0.1046062,0.03014803,-2.27233,0.7837172,-0.4160175,-0.5658979,-0.6729819,-0.4762936,-1.937377,-0.1919746,0.3065228,-2.357155,0.8611662,-0.04686832,-0.755567,-0.6440762,0.1195175,-2.435267,0.2726689,-0.338316,-0.006820917
1736099866355,-2.246803,1.598248,-0.1970868,-0.994837,0.02265418,0.09892637,0,0,0,-2.27233,0.7837172,-0.4160175,-0.5658979,-0.6729819,-0.4762936,0,0,0,-2.357155,0.8611662,-0.04686832,-0.755567,-0.6440762,0.1195175,0,0,0,-0.006820917
1736099866378,-2.27593,1.595395,-0.1969633,-0.9957245,0.02780109,0.08809143,-2.184534,-0.2139241,0.009262562,-2.299048,0.780067,-0.4132743,-0.5525323,-0.6763777,-0.4870543,-2.003896,-0.2737641,0.2057433,-2.390207,0.8623834,-0.05075455,-0.7652889,-0.6373311,0.09023333,-2.478898,0.09128898,-0.2914667,-0.006820917
1736099866382,-2.27593,1.595395,-0.1969633,-0.9957245,0.02780109,0.08809143,0,0,0,-2.299048,0.780067,-0.4132743,-0.5525323,-0.6763777,-0.4870543,0,0,0,-2.390207,0.8623834,-0.05075455,-0.7652889,-0.6373311,0.09023333,0,0,0,-0.006820917
1736099866406,-2.305478,1.592227,-0.1971478,-0.9962614,0.03305719,0.07981598,-2.216041,-0.2376616,-0.0138402,-2.326438,0.7749,-0.4104877,-0.5367931,-0.682311,-0.4962914,-2.054214,-0.3875256,0.2089977,-2.423531,0.8611216,-0.05422688,-0.7740907,-0.6290343,0.07141173,-2.499247,-0.09463727,-0.2604246,-0.006820917
1736099866410,-2.305478,1.592227,-0.1971478,-0.9962614,0.03305719,0.07981598,0,0,0,-2.326438,0.7749,-0.4104877,-0.5367931,-0.682311,-0.4962914,0,0,0,-2.423531,0.8611216,-0.05422688,-0.7740907,-0.6290343,0.07141173,0,0,0,-0.006820917
1736099866434,-2.335524,1.587499,-0.1978312,-0.9966168,0.0387352,0.07249016,-2.253485,-0.354597,-0.05124807,-2.353898,0.7683557,-0.4076157,-0.5294768,-0.688442,-0.4956832,-2.059507,-0.4908264,0.2153993,-2.457871,0.8575278,-0.05695724,-0.7801932,-0.6219468,0.0669409,-2.575529,-0.2695352,-0.2047777,-0.006820917
1736099866437,-2.335524,1.587499,-0.1978312,-0.9966168,0.0387352,0.07249016,0,0,0,-2.353898,0.7683557,-0.4076157,-0.5294768,-0.688442,-0.4956832,0,0,0,-2.457871,0.8575278,-0.05695724,-0.7801932,-0.6219468,0.0669409,0,0,0,-0.006820917
1736099866462,-2.366333,1.582519,-0.1985741,-0.9968216,0.04245935,0.06740892,-2.310669,-0.3734887,-0.05571842,-2.380905,0.7614077,-0.4052362,-0.5295386,-0.6901753,-0.4932008,-2.025497,-0.5210996,0.1784563,-2.491295,0.8531339,-0.0600214,-0.7834201,-0.618169,0.06419128,-2.506793,-0.3295407,-0.2298117,-0.006820917
1736099866465,-2.366333,1.582519,-0.1985741,-0.9968216,0.04245935,0.06740892,0,0,0,-2.380905,0.7614077,-0.4052362,-0.5295386,-0.6901753,-0.4932008,0,0,0,-2.491295,0.8531339,-0.0600214,-0.7834201,-0.618169,0.06419128,0,0,0,-0.006820917
1736099866490,-2.39845,1.577929,-0.1996059,-0.9969767,0.04418664,0.06391615,-2.408767,-0.3441989,-0.07739067,-2.40937,0.7535187,-0.4035578,-0.5269869,-0.6950027,-0.4891381,-2.134895,-0.591673,0.125885,-2.524261,0.8477684,-0.0632453,-0.7864344,-0.6145833,0.06171465,-2.47246,-0.4024118,-0.2417922,-0.006820917
1736099866493,-2.39845,1.577929,-0.1996059,-0.9969767,0.04418664,0.06391615,0,0,0,-2.40937,0.7535187,-0.4035578,-0.5269869,-0.6950027,-0.4891381,0,0,0,-2.524261,0.8477684,-0.0632453,-0.7864344,-0.6145833,0.06171465,0,0,0,-0.006820917
1736099866496,-2.39845,1.577929,-0.1996059,-0.9969767,0.04418664,0.06391615,0,0,0,-2.40937,0.7535187,-0.4035578,-0.5269869,-0.6950027,-0.4891381,0,0,0,-2.524261,0.8477684,-0.0632453,-0.7864344,-0.6145833,0.06171465,0,0,0,-0.006820917
1736099866517,-2.43121,1.574165,-0.201405,-0.9969655,0.04212263,0.06546605,-2.457011,-0.2823025,-0.134933,-2.440504,0.7468781,-0.4032893,-0.5202998,-0.7023423,-0.4858024,-2.33506,-0.498046,0.02013445,-2.555657,0.8420244,-0.0656395,-0.7879425,-0.612563,0.06255859,-2.354693,-0.4307985,-0.179565,-0.006820917
1736099866521,-2.43121,1.574165,-0.201405,-0.9969655,0.04212263,0.06546605,0,0,0,-2.440504,0.7468781,-0.4032893,-0.5202998,-0.7023423,-0.4858024,0,0,0,-2.555657,0.8420244,-0.0656395,-0.7879425,-0.612563,0.06255859,0,0,0,-0.006820917
1736099866545,-2.463777,1.56996,-0.2034092,-0.9971039,0.03566175,0.06717318,-2.442527,-0.3154457,-0.150311,-2.474021,0.7432354,-0.4040027,-0.5141987,-0.7060103,-0.4869806,-2.513766,-0.2732009,-0.05350113,-2.583794,0.8370822,-0.06790543,-0.7850209,-0.6164354,0.06123888,-2.110291,-0.3706679,-0.1699448,-0.006820917
1736099866549,-2.463777,1.56996,-0.2034092,-0.9971039,0.03566175,0.06717318,0,0,0,-2.474021,0.7432354,-0.4040027,-0.5141987,-0.7060103,-0.4869806,0,0,0,-2.583794,0.8370822,-0.06790543,-0.7850209,-0.6164354,0.06123888,0,0,0,-0.006820917
1736099866573,-2.497277,1.571617,-0.2050056,-0.9976833,0.01309114,0.06676179,-2.512479,0.1242846,-0.1197338,-2.510286,0.7419994,-0.4056973,-0.5083395,-0.7082544,-0.4898648,-2.719867,-0.09269714,-0.1271009,-2.611848,0.8342952,-0.06910276,-0.775911,-0.6285551,0.053675,-2.104032,-0.2090245,-0.08980036,-0.006820917
1736099866576,-2.497277,1.571617,-0.2050056,-0.9976833,0.01309114,0.06676179,0,0,0,-2.510286,0.7419994,-0.4056973,-0.5083395,-0.7082544,-0.4898648,0,0,0,-2.611848,0.8342952,-0.06910276,-0.775911,-0.6285551,0.053675,0,0,0,-0.006820917
1736099866601,-2.531465,1.57648,-0.2077513,-0.9965596,0.02160708,0.08001667,-2.564085,0.3647804,-0.2059221,-2.546282,0.7457994,-0.4084735,-0.5002884,-0.709812,-0.4958618,-2.699697,0.2849936,-0.2082109,-2.639447,0.8345261,-0.06546116,-0.7619995,-0.6445166,0.06288993,-2.069914,0.01731366,0.2731204,-0.006820917
1736099866604,-2.531465,1.57648,-0.2077513,-0.9965596,0.02160708,0.08001667,0,0,0,-2.546282,0.7457994,-0.4084735,-0.5002884,-0.709812,-0.4958618,0,0,0,-2.639447,0.8345261,-0.06546116,-0.7619995,-0.6445166,0.06288993,0,0,0,-0.006820917
1736099866628,-2.564769,1.581716,-0.209434,-0.9963164,0.02856259,0.08086014,-2.497816,0.3926933,-0.1262069,-2.581458,0.7531334,-0.4094872,-0.522195,-0.6920714,-0.4983473,-2.638221,0.5500495,-0.07603168,-2.665139,0.8348581,-0.06036329,-0.7418652,-0.662867,0.101211,-1.926935,0.02489984,0.38234,-0.006820917
1736099866632,-2.564769,1.581716,-0.209434,-0.9963164,0.02856259,0.08086014,0,0,0,-2.581458,0.7531334,-0.4094872,-0.522195,-0.6920714,-0.4983473,0,0,0,-2.665139,0.8348581,-0.06036329,-0.7418652,-0.662867,0.101211,0,0,0,-0.006820917
1736099866656,-2.595883,1.58313,-0.2095132,-0.9967515,0.01801269,0.07850021,-2.333558,0.1060009,-0.005936623,-2.618824,0.7637002,-0.4074745,-0.5618297,-0.6720711,-0.4823575,-2.802408,0.7925123,0.1509547,-2.691658,0.838539,-0.0569644,-0.732187,-0.6703919,0.1203204,-1.988912,0.2760708,0.2549171,-0.006820917
1736099866659,-2.595883,1.58313,-0.2095132,-0.9967515,0.01801269,0.07850021,0,0,0,-2.618824,0.7637002,-0.4074745,-0.5618297,-0.6720711,-0.4823575,0,0,0,-2.691658,0.838539,-0.0569644,-0.732187,-0.6703919,0.1203204,0,0,0,-0.006820917
1736099866684,-2.626366,1.585282,-0.2079549,-0.9965972,0.007379878,0.08209705,-2.286243,0.1614064,0.1168728,-2.657291,0.7729809,-0.4036856,-0.6067549,-0.6617373,-0.4404006,-2.885056,0.6960556,0.2841711,-2.719916,0.8431624,-0.05371237,-0.7397255,-0.6637598,0.1105872,-2.119374,0.3467515,0.2439022,-0.006820917
1736099866687,-2.626366,1.585282,-0.2079549,-0.9965972,0.007379878,0.08209705,0,0,0,-2.657291,0.7729809,-0.4036856,-0.6067549,-0.6617373,-0.4404006,0,0,0,-2.719916,0.8431624,-0.05371237,-0.7397255,-0.6637598,0.1105872,0,0,0,-0.006820917
1736099866712,-2.656359,1.58882,-0.2050672,-0.9955047,0.005759347,0.09453911,-2.249479,0.2653509,0.2165794,-2.696201,0.7806377,-0.4022999,-0.6348379,-0.6539607,-0.4114814,-2.918279,0.5742565,0.1039267,-2.74885,0.8482616,-0.0472908,-0.7526916,-0.6470898,0.1213701,-2.170014,0.3824428,0.4816175,-0.006820917
1736099866716,-2.656359,1.58882,-0.2050672,-0.9955047,0.005759347,0.09453911,0,0,0,-2.696201,0.7806377,-0.4022999,-0.6348379,-0.6539607,-0.4114814,0,0,0,-2.74885,0.8482616,-0.0472908,-0.7526916,-0.6470898,0.1213701,0,0,0,-0.006820917
1736099866740,-2.686203,1.593929,-0.2011118,-0.9939935,0.001021527,0.1094364,-2.238321,0.3831983,0.2966523,-2.735116,0.786938,-0.4032254,-0.6393167,-0.6460458,-0.4170128,-2.918637,0.4725203,-0.06941557,-2.777211,0.8527522,-0.03775358,-0.7517372,-0.6394804,0.1611095,-2.127063,0.336796,0.7152915,-0.006820917
1736099866743,-2.686203,1.593929,-0.2011118,-0.9939935,0.001021527,0.1094364,0,0,0,-2.735116,0.786938,-0.4032254,-0.6393167,-0.6460458,-0.4170128,0,0,0,-2.777211,0.8527522,-0.03775358,-0.7517372,-0.6394804,0.1611095,0,0,0,-0.006820917
1736099866767,-2.714786,1.596544,-0.1963687,-0.9921827,-0.001957532,0.1247804,-2.143693,0.1960963,0.3557324,-2.773003,0.7928175,-0.4027247,-0.6513197,-0.6291264,-0.4242442,-2.841496,0.4409686,0.03755093,-2.802938,0.8564065,-0.02772999,-0.7357606,-0.6450355,0.2063637,-1.92951,0.2740726,0.7517695,-0.006820917
1736099866770,-2.714786,1.596544,-0.1963687,-0.9921827,-0.001957532,0.1247804,0,0,0,-2.773003,0.7928175,-0.4027247,-0.6513197,-0.6291264,-0.4242442,0,0,0,-2.802938,0.8564065,-0.02772999,-0.7357606,-0.6450355,0.2063637,0,0,0,-0.006820917
1736099866795,-2.743057,1.598747,-0.190948,-0.9900925,-0.004913334,0.1403316,-2.12034,0.1652151,0.4065514,-2.811543,0.7995345,-0.3996816,-0.6653081,-0.6153057,-0.4228053,-2.890456,0.5037725,0.2282381,-2.827634,0.8588283,-0.01917171,-0.7229093,-0.6486549,0.2380109,-1.852262,0.1816347,0.6418705,-0.006820917
1736099866798,-2.743057,1.598747,-0.190948,-0.9900925,-0.004913334,0.1403316,0,0,0,-2.811543,0.7995345,-0.3996816,-0.6653081,-0.6153057,-0.4228053,0,0,0,-2.827634,0.8588283,-0.01917171,-0.7229093,-0.6486549,0.2380109,0,0,0,-0.006820917
1736099866823,-2.771446,1.599556,-0.185554,-0.9879156,-0.004572917,0.1549265,-2.129138,0.06074309,0.4045486,-2.85062,0.807684,-0.3941193,-0.6819105,-0.6077773,-0.4069465,-2.930832,0.6112128,0.4171729,-2.851727,0.8590304,-0.01196623,-0.7195438,-0.6479102,0.249939,-1.806986,0.01515448,0.5404115,-0.006820917
1736099866826,-2.771446,1.599556,-0.185554,-0.9879156,-0.004572917,0.1549265,0,0,0,-2.85062,0.807684,-0.3941193,-0.6819105,-0.6077773,-0.4069465,0,0,0,-2.851727,0.8590304,-0.01196623,-0.7195438,-0.6479102,0.249939,0,0,0,-0.006820917
1736099866829,-2.771446,1.599556,-0.185554,-0.9879156,-0.004572917,0.1549265,0,0,0,-2.85062,0.807684,-0.3941193,-0.6819105,-0.6077773,-0.4069465,0,0,0,-2.851727,0.8590304,-0.01196623,-0.7195438,-0.6479102,0.249939,0,0,0,-0.006820917
1736099866851,-2.799901,1.598766,-0.1797299,-0.9862077,-0.001427379,0.1655067,-2.134144,-0.0592947,0.4368067,-2.889734,0.8165736,-0.3870931,-0.7083791,-0.5928786,-0.3830074,-2.93355,0.6667212,0.5269647,-2.875758,0.855862,-0.004617214,-0.7138572,-0.6523787,0.2545788,-1.802266,-0.2376258,0.5511761,-0.006820917
1736099866854,-2.799901,1.598766,-0.1797299,-0.9862077,-0.001427379,0.1655067,0,0,0,-2.889734,0.8165736,-0.3870931,-0.7083791,-0.5928786,-0.3830074,0,0,0,-2.875758,0.855862,-0.004617214,-0.7138572,-0.6523787,0.2545788,0,0,0,-0.006820917
1736099866878,-2.82805,1.596837,-0.1738782,-0.9844002,0.0004788488,0.1759441,-2.111185,-0.1446784,0.4388809,-2.927597,0.8230065,-0.3804522,-0.73514,-0.5730064,-0.3622618,-2.839673,0.4824623,0.4980683,-2.900078,0.8519002,0.003284454,-0.7049256,-0.655774,0.2702605,-1.824009,-0.2971351,0.5926251,-0.006820917
1736099866882,-2.82805,1.596837,-0.1738782,-0.9844002,0.0004788488,0.1759441,0,0,0,-2.927597,0.8230065,-0.3804522,-0.73514,-0.5730064,-0.3622618,0,0,0,-2.900078,0.8519002,0.003284454,-0.7049256,-0.655774,0.2702605,0,0,0,-0.006820917
1736099866906,-2.856227,1.593645,-0.1676908,-0.9830678,0.002701141,0.1832232,-2.113295,-0.2393603,0.4640579,-2.964413,0.8265598,-0.3739038,-0.757881,-0.5537007,-0.3450105,-2.761209,0.2664998,0.4911304,-2.924763,0.8466911,0.01119757,-0.6910639,-0.6621922,0.289711,-1.851404,-0.3906816,0.5934834,-0.006820917
1736099866910,-2.856227,1.593645,-0.1676908,-0.9830678,0.002701141,0.1832232,0,0,0,-2.964413,0.8265598,-0.3739038,-0.757881,-0.5537007,-0.3450105,0,0,0,-2.924763,0.8466911,0.01119757,-0.6910639,-0.6621922,0.289711,0,0,0,-0.006820917
1736099866934,-2.885366,1.589331,-0.1609135,-0.9824695,0.00822591,0.1862431,-2.185392,-0.3235996,0.5082965,-2.999927,0.8270231,-0.3685875,-0.7711679,-0.5385075,-0.3395734,-2.663577,0.03475249,0.3987193,-2.951379,0.8401733,0.01798677,-0.6788765,-0.6686242,0.3034284,-1.996207,-0.4888371,0.5091906,-0.006820917
1736099866938,-2.885366,1.589331,-0.1609135,-0.9824695,0.00822591,0.1862431,0,0,0,-2.999927,0.8270231,-0.3685875,-0.7711679,-0.5385075,-0.3395734,0,0,0,-2.951379,0.8401733,0.01798677,-0.6788765,-0.6686242,0.3034284,0,0,0,-0.006820917
1736099866962,-2.914355,1.584459,-0.1536479,-0.9823105,0.01451824,0.1866965,-2.174199,-0.3653526,0.5449176,-3.034344,0.824729,-0.3642373,-0.7725561,-0.5306287,-0.3486985,-2.581251,-0.1720592,0.3262639,-2.97929,0.8327008,0.02346849,-0.6706769,-0.6747391,0.3080906,-2.093303,-0.5604386,0.411129,-0.006820917
1736099866965,-2.914355,1.584459,-0.1536479,-0.9823105,0.01451824,0.1866965,0,0,0,-3.034344,0.824729,-0.3642373,-0.7725561,-0.5306287,-0.3486985,0,0,0,-2.97929,0.8327008,0.02346849,-0.6706769,-0.6747391,0.3080906,0,0,0,-0.006820917
1736099866990,-2.94426,1.579791,-0.1457644,-0.9826966,0.01945485,0.1841987,-2.242863,-0.3501445,0.5912662,-3.066656,0.8205088,-0.3602581,-0.7678586,-0.5270228,-0.3641987,-2.423394,-0.3165141,0.2984405,-3.007882,0.8247749,0.02812719,-0.6670017,-0.6794559,0.3056937,-2.144372,-0.5944446,0.3494024,-0.006820917
1736099866993,-2.94426,1.579791,-0.1457644,-0.9826966,0.01945485,0.1841987,0,0,0,-3.066656,0.8205088,-0.3602581,-0.7678586,-0.5270228,-0.3641987,0,0,0,-3.007882,0.8247749,0.02812719,-0.6670017,-0.6794559,0.3056937,0,0,0,-0.006820917
1736099867017,-2.974777,1.576891,-0.1372771,-0.9839651,0.02071001,0.1771556,-2.288783,-0.2174556,0.6365418,-3.095076,0.8131821,-0.3568454,-0.756538,-0.5294192,-0.3838832,-2.131498,-0.5495086,0.2559543,-3.03911,0.8164338,0.03196096,-0.6658216,-0.6844968,0.2968937,-2.342141,-0.6255761,0.2875328,-0.006820917
1736099867021,-2.974777,1.576891,-0.1372771,-0.9839651,0.02071001,0.1771556,0,0,0,-3.095076,0.8131821,-0.3568454,-0.756538,-0.5294192,-0.3838832,0,0,0,-3.03911,0.8164338,0.03196096,-0.6658216,-0.6844968,0.2968937,0,0,0,-0.006820917
1736099867045,-3.005667,1.573412,-0.1282496,-0.9841637,0.02563646,0.1753998,-2.316713,-0.26097,0.6770611,-3.120451,0.8065583,-0.3525138,-0.7427433,-0.5367174,-0.4003339,-1.903152,-0.4967853,0.3248692,-3.0692,0.8098978,0.03586197,-0.6614747,-0.6925548,0.2877839,-2.256703,-0.490205,0.2925754,-0.006820917
1736099867048,-3.005667,1.573412,-0.1282496,-0.9841637,0.02563646,0.1753998,0,0,0,-3.120451,0.8065583,-0.3525138,-0.7427433,-0.5367174,-0.4003339,0,0,0,-3.0692,0.8098978,0.03586197,-0.6614747,-0.6925548,0.2877839,0,0,0,-0.006820917
1736099867073,-3.036054,1.57031,-0.1188836,-0.9846949,0.01650785,0.1735046,-2.279019,-0.2326548,0.7024527,-3.142655,0.7987019,-0.3483462,-0.7183063,-0.5604179,-0.4122722,-1.665294,-0.5892277,0.3125668,-3.103067,0.8065441,0.03959274,-0.6612136,-0.6975461,0.2760916,-2.540052,-0.2515286,0.279808,-0.006820917
1736099867076,-3.036054,1.57031,-0.1188836,-0.9846949,0.01650785,0.1735046,0,0,0,-3.142655,0.7987019,-0.3483462,-0.7183063,-0.5604179,-0.4122722,0,0,0,-3.103067,0.8065441,0.03959274,-0.6612136,-0.6975461,0.2760916,0,0,0,-0.006820917
1736099867101,-3.068499,1.579619,-0.1081886,-0.9860634,0.01198399,0.165938,-2.433372,0.6982148,0.8021235,-3.163829,0.7927625,-0.3457489,-0.6918032,-0.5795833,-0.4306875,-1.588082,-0.4454523,0.1947999,-3.137996,0.8068073,0.04494143,-0.66382,-0.6973538,0.2702608,-2.619696,0.01974106,0.4011512,-0.006820917
1736099867105,-3.068499,1.579619,-0.1081886,-0.9860634,0.01198399,0.165938,0,0,0,-3.163829,0.7927625,-0.3457489,-0.6918032,-0.5795833,-0.4306875,0,0,0,-3.137996,0.8068073,0.04494143,-0.66382,-0.6973538,0.2702608,0,0,0,-0.006820917
1736099867128,-3.101249,1.581429,-0.09872246,-0.9843993,0.03038405,0.1733066,-2.456295,0.1357734,0.7099628,-3.180651,0.7901477,-0.3441644,-0.6449845,-0.5983344,-0.4753857,-1.261604,-0.1961142,0.1188397,-3.171643,0.8093529,0.05064106,-0.6505001,-0.7159426,0.2535269,-2.52353,0.1909241,0.4274726,-0.006820917
1736099867132,-3.101249,1.581429,-0.09872246,-0.9843993,0.03038405,0.1733066,0,0,0,-3.180651,0.7901477,-0.3441644,-0.6449845,-0.5983344,-0.4753857,0,0,0,-3.171643,0.8093529,0.05064106,-0.6505001,-0.7159426,0.2535269,0,0,0,-0.006820917
1736099867135,-3.101249,1.581429,-0.09872246,-0.9843993,0.03038405,0.1733066,0,0,0,-3.180651,0.7901477,-0.3441644,-0.6449845,-0.5983344,-0.4753857,0,0,0,-3.171643,0.8093529,0.05064106,-0.6505001,-0.7159426,0.2535269,0,0,0,-0.006820917
1736099867156,-3.131203,1.581618,-0.09068966,-0.9830605,0.03192166,0.1804816,-2.246547,0.01414418,0.6024599,-3.198517,0.7888638,-0.3387222,-0.6002458,-0.627466,-0.4959755,-1.33996,-0.0962913,0.4081607,-3.208025,0.8173915,0.05547285,-0.6742319,-0.6956605,0.2479269,-2.728665,0.6028935,0.3623843,-0.006820917
1736099867160,-3.131203,1.581618,-0.09068966,-0.9830605,0.03192166,0.1804816,0,0,0,-3.198517,0.7888638,-0.3387222,-0.6002458,-0.627466,-0.4959755,0,0,0,-3.208025,0.8173915,0.05547285,-0.6742319,-0.6956605,0.2479269,0,0,0,-0.006820917
1736099867184,-3.161348,1.582472,-0.08337259,-0.9836274,0.0169223,0.1794179,-2.260888,0.06404221,0.54878,-3.220162,0.7874552,-0.3309112,-0.593074,-0.6465127,-0.4798803,-1.62338,-0.1056433,0.5858302,-3.246261,0.8274783,0.05936432,-0.7148811,-0.6618443,0.2256269,-2.867639,0.7565126,0.2918601,-0.006820917
1736099867188,-3.161348,1.582472,-0.08337259,-0.9836274,0.0169223,0.1794179,0,0,0,-3.220162,0.7874552,-0.3309112,-0.593074,-0.6465127,-0.4798803,0,0,0,-3.246261,0.8274783,0.05936432,-0.7148811,-0.6618443,0.2256269,0,0,0,-0.006820917
1736099867212,-3.192342,1.58524,-0.07712269,-0.9836527,0.01044993,0.179774,-2.32451,0.2076119,0.4687428,-3.243234,0.788408,-0.3238292,-0.6153104,-0.6414942,-0.4581255,-1.730382,0.07146299,0.5311489,-3.282125,0.8330678,0.06518888,-0.7286,-0.6564592,0.1954576,-2.689826,0.4192069,0.4368424,-0.006820917
1736099867217,-3.192342,1.58524,-0.07712269,-0.9836527,0.01044993,0.179774,0,0,0,-3.243234,0.788408,-0.3238292,-0.6153104,-0.6414942,-0.4581255,0,0,0,-3.282125,0.8330678,0.06518888,-0.7286,-0.6564592,0.1954576,0,0,0,-0.006820917
1736099867240,-3.22136,1.58857,-0.07224989,-0.9835268,-0.0001262352,0.1807634,-2.176344,0.2497673,0.3654599,-3.266871,0.7910817,-0.3189101,-0.625104,-0.6337499,-0.4556389,-1.772797,0.2005264,0.3689289,-3.317145,0.8368822,0.07253981,-0.7315657,-0.652674,0.19705,-2.626526,0.2860799,0.5513191,-0.006820917
1736099867245,-3.22136,1.58857,-0.07224989,-0.9835268,-0.0001262352,0.1807634,0,0,0,-3.266871,0.7910817,-0.3189101,-0.625104,-0.6337499,-0.4556389,0,0,0,-3.317145,0.8368822,0.07253981,-0.7315657,-0.652674,0.19705,0,0,0,-0.006820917
1736099867267,-3.251281,1.592222,-0.06870365,-0.9834134,-0.009942949,0.1811064,-2.244079,0.2738535,0.2659678,-3.290437,0.7951742,-0.3153253,-0.6034651,-0.6410047,-0.474282,-1.767468,0.3069341,0.2688646,-3.350121,0.8408923,0.07951975,-0.7386786,-0.6382735,0.2167051,-2.473211,0.3007606,0.5234957,-0.006820917
1736099867272,-3.251281,1.592222,-0.06870365,-0.9834134,-0.009942949,0.1811064,0,0,0,-3.290437,0.7951742,-0.3153253,-0.6034651,-0.6410047,-0.474282,0,0,0,-3.350121,0.8408923,0.07951975,-0.7386786,-0.6382735,0.2167051,0,0,0,-0.006820917
1736099867295,-3.279947,1.594782,-0.06606245,-0.983909,-0.01752188,0.1778112,-2.149987,0.1920104,0.1980901,-3.31432,0.7984133,-0.3103771,-0.5739534,-0.6578131,-0.487709,-1.791215,0.2429366,0.3711104,-3.382237,0.8462502,0.08414984,-0.7395654,-0.6330832,0.2285797,-2.408695,0.4018396,0.3472567,-0.006820917
1736099867300,-3.279947,1.594782,-0.06606245,-0.983909,-0.01752188,0.1778112,0,0,0,-3.31432,0.7984133,-0.3103771,-0.5739534,-0.6578131,-0.487709,0,0,0,-3.382237,0.8462502,0.08414984,-0.7395654,-0.6330832,0.2285797,0,0,0,-0.006820917
1736099867323,-3.308842,1.596347,-0.06382513,-0.9846863,-0.01868507,0.1733318,-2.167118,0.1174092,0.167799,-3.339779,0.799715,-0.3039699,-0.5700588,-0.6631833,-0.4849963,-1.909411,0.09762347,0.4805446,-3.414563,0.8530496,0.08485746,-0.7455525,-0.6292461,0.219547,-2.424431,0.5099595,0.05307198,-0.006820917
1736099867327,-3.308842,1.596347,-0.06382513,-0.9846863,-0.01868507,0.1733318,0,0,0,-3.339779,0.799715,-0.3039699,-0.5700588,-0.6631833,-0.4849963,0,0,0,-3.414563,0.8530496,0.08485746,-0.7455525,-0.6292461,0.219547,0,0,0,-0.006820917
1736099867351,-3.337524,1.59681,-0.06192446,-0.9855837,-0.01183541,0.1687759,-2.151132,0.03467202,0.1425505,-3.367028,0.7989719,-0.2979755,-0.5790151,-0.6621271,-0.4757411,-2.0437,-0.05573183,0.449574,-3.446644,0.8594556,0.0829463,-0.7614107,-0.621873,0.183107,-2.406049,0.4804507,-0.1433372,-0.006820917
1736099867355,-3.337524,1.59681,-0.06192446,-0.9855837,-0.01183541,0.1687759,0,0,0,-3.367028,0.7989719,-0.2979755,-0.5790151,-0.6621271,-0.4757411,0,0,0,-3.446644,0.8594556,0.0829463,-0.7614107,-0.621873,0.183107,0,0,0,-0.006820917
1736099867378,-3.366399,1.59532,-0.06023788,-0.9867455,-0.003497202,0.1622388,-2.165651,-0.1117498,0.126493,-3.39564,0.796106,-0.2937045,-0.5813686,-0.6603338,-0.4753635,-2.145875,-0.2149388,0.3203273,-3.478046,0.8632126,0.08135319,-0.7736087,-0.6147775,0.1535531,-2.355194,0.281775,-0.1194835,-0.006820917
1736099867383,-3.366399,1.59532,-0.06023788,-0.9867455,-0.003497202,0.1622388,0,0,0,-3.39564,0.796106,-0.2937045,-0.5813686,-0.6603338,-0.4753635,0,0,0,-3.478046,0.8632126,0.08135319,-0.7736087,-0.6147775,0.1535531,0,0,0,-0.006820917
1736099867406,-3.396118,1.592748,-0.05865097,-0.9878705,0.0008448884,0.1552793,-2.22888,-0.1928687,0.1190186,-3.425018,0.7912958,-0.2909131,-0.5688456,-0.6622992,-0.4876217,-2.203381,-0.3607705,0.2093554,-3.509281,0.8635454,0.07989883,-0.7822816,-0.6093976,0.1291135,-2.342606,0.02495795,-0.1090765,-0.006820917
1736099867411,-3.396118,1.592748,-0.05865097,-0.9878705,0.0008448884,0.1552793,0,0,0,-3.425018,0.7912958,-0.2909131,-0.5688456,-0.6622992,-0.4876217,0,0,0,-3.509281,0.8635454,0.07989883,-0.7822816,-0.6093976,0.1291135,0,0,0,-0.006820917
1736099867434,-3.425471,1.588951,-0.05743885,-0.9885179,0.002695672,0.1510804,-2.201521,-0.2848059,0.090909,-3.454,0.7856936,-0.2873344,-0.5502112,-0.6698737,-0.4985349,-2.173626,-0.4201591,0.2683997,-3.541065,0.8612987,0.07914591,-0.7880848,-0.6050599,0.1132478,-2.383769,-0.1685008,-0.05646944,-0.006820917
1736099867439,-3.425471,1.588951,-0.05743885,-0.9885179,0.002695672,0.1510804,0,0,0,-3.454,0.7856936,-0.2873344,-0.5502112,-0.6698737,-0.4985349,0,0,0,-3.541065,0.8612987,0.07914591,-0.7880848,-0.6050599,0.1132478,0,0,0,-0.006820917
1736099867444,-3.425471,1.588951,-0.05743885,-0.9885179,0.002695672,0.1510804,0,0,0,-3.454,0.7856936,-0.2873344,-0.5502112,-0.6698737,-0.4985349,0,0,0,-3.541065,0.8612987,0.07914591,-0.7880848,-0.6050599,0.1132478,0,0,0,-0.006820917
1736099867462,-3.455834,1.584125,-0.05611563,-0.9889849,0.003971223,0.1479635,-2.277195,-0.3619105,0.09924173,-3.483511,0.7784791,-0.282454,-0.5467203,-0.6751395,-0.4952619,-2.213359,-0.541091,0.3660321,-3.573866,0.8565635,0.07940006,-0.79158,-0.6006291,0.1124554,-2.460086,-0.3551424,0.01906157,-0.006820917
1736099867466,-3.455834,1.584125,-0.05611563,-0.9889849,0.003971223,0.1479635,0,0,0,-3.483511,0.7784791,-0.282454,-0.5467203,-0.6751395,-0.4952619,0,0,0,-3.573866,0.8565635,0.07940006,-0.79158,-0.6006291,0.1124554,0,0,0,-0.006820917
1736099867489,-3.486152,1.579186,-0.05504465,-0.9891396,0.005044121,0.1468936,-2.273834,-0.3704041,0.08032322,-3.512874,0.7708739,-0.2777529,-0.5508252,-0.67707,-0.488025,-2.202201,-0.5703896,0.3525853,-3.605461,0.851481,0.07974672,-0.7941794,-0.5970411,0.113233,-2.369606,-0.3811866,0.02599955,-0.006820917
1736099867494,-3.486152,1.579186,-0.05504465,-0.9891396,0.005044121,0.1468936,0,0,0,-3.512874,0.7708739,-0.2777529,-0.5508252,-0.67707,-0.488025,0,0,0,-3.605461,0.851481,0.07974672,-0.7941794,-0.5970411,0.113233,0,0,0,-0.006820917
1736099867516,-3.517451,1.575021,-0.05404091,-0.9885236,0.004942782,0.150987,-2.347469,-0.3124058,0.07528067,-3.543382,0.7625832,-0.2743759,-0.5505304,-0.6836668,-0.4790789,-2.288067,-0.6218031,0.2532721,-3.637229,0.8450457,0.08057022,-0.79365,-0.5965543,0.1193438,-2.382624,-0.4826501,0.06176233,-0.006820917
1736099867521,-3.517451,1.575021,-0.05404091,-0.9885236,0.004942782,0.150987,0,0,0,-3.543382,0.7625832,-0.2743759,-0.5505304,-0.6836668,-0.4790789,0,0,0,-3.637229,0.8450457,0.08057022,-0.79365,-0.5965543,0.1193438,0,0,0,-0.006820917
1736099867544,-3.549432,1.571285,-0.0533576,-0.9869985,0.003305778,0.1606957,-2.398539,-0.2802372,0.05124807,-3.574631,0.7552773,-0.2722268,-0.5403708,-0.6942691,-0.4753848,-2.343678,-0.547944,0.1611829,-3.666221,0.8391942,0.08182955,-0.7915707,-0.5977676,0.1268467,-2.174413,-0.4388586,0.09444952,-0.006820917
1736099867548,-3.549432,1.571285,-0.0533576,-0.9869985,0.003305778,0.1606957,0,0,0,-3.574631,0.7552773,-0.2722268,-0.5403708,-0.6942691,-0.4753848,0,0,0,-3.666221,0.8391942,0.08182955,-0.7915707,-0.5977676,0.1268467,0,0,0,-0.006820917
1736099867573,-3.580912,1.568046,-0.05291128,-0.9850408,0.003154211,0.1722934,-2.360988,-0.2429187,0.03347397,-3.608654,0.7500785,-0.2708383,-0.5325257,-0.6999677,-0.4758804,-2.551711,-0.3899083,0.1041412,-3.693584,0.8347229,0.08367825,-0.7843609,-0.6055088,0.1346752,-2.052248,-0.3353521,0.1386523,-0.006820917
1736099867576,-3.580912,1.568046,-0.05291128,-0.9850408,0.003154211,0.1722934,0,0,0,-3.608654,0.7500785,-0.2708383,-0.5325257,-0.6999677,-0.4758804,0,0,0,-3.693584,0.8347229,0.08367825,-0.7843609,-0.6055088,0.1346752,0,0,0,-0.006820917
1736099867601,-3.61433,1.572924,-0.05214977,-0.9831988,-0.01263804,0.1821006,-2.506399,0.3658891,0.05711317,-3.646055,0.7473839,-0.2700806,-0.5290819,-0.6986974,-0.4815547,-2.80509,-0.2020955,0.05682707,-3.720949,0.8333632,0.08702564,-0.775005,-0.6178297,0.1328679,-2.052355,-0.1019731,0.2510548,-0.006820917
1736099867604,-3.61433,1.572924,-0.05214977,-0.9831988,-0.01263804,0.1821006,0,0,0,-3.646055,0.7473839,-0.2700806,-0.5290819,-0.6986974,-0.4815547,0,0,0,-3.720949,0.8333632,0.08702564,-0.775005,-0.6178297,0.1328679,0,0,0,-0.006820917
1736099867628,-3.647019,1.576826,-0.0521698,-0.9787121,-0.005850818,0.2051553,-2.451646,0.2926111,-0.001502037,-3.681045,0.749317,-0.2693934,-0.5162189,-0.7070383,-0.4833382,-2.624273,0.1449823,0.05153418,-3.745715,0.8329661,0.09458542,-0.7574949,-0.6354929,0.1495011,-1.857412,-0.02978593,0.5669832,-0.006820917
1736099867632,-3.647019,1.576826,-0.0521698,-0.9787121,-0.005850818,0.2051553,0,0,0,-3.681045,0.749317,-0.2693934,-0.5162189,-0.7070383,-0.4833382,0,0,0,-3.745715,0.8329661,0.09458542,-0.7574949,-0.6354929,0.1495011,0,0,0,-0.006820917
1736099867656,-3.67945,1.582439,-0.05134964,-0.9764201,0.0001675859,0.2158796,-2.432334,0.4209995,0.06151199,-3.716167,0.7559904,-0.2668128,-0.5288471,-0.7001068,-0.4797621,-2.63418,0.5005091,0.1935482,-3.768836,0.833576,0.1031709,-0.7353008,-0.6490286,0.1951793,-1.734066,0.0457406,0.643909,-0.006820917
1736099867659,-3.67945,1.582439,-0.05134964,-0.9764201,0.0001675859,0.2158796,0,0,0,-3.716167,0.7559904,-0.2668128,-0.5288471,-0.7001068,-0.4797621,0,0,0,-3.768836,0.833576,0.1031709,-0.7353008,-0.6490286,0.1951793,0,0,0,-0.006820917
1736099867684,-3.709754,1.582951,-0.04881287,-0.9764521,-0.007708762,0.2155969,-2.272761,0.03839135,0.190258,-3.755309,0.7658123,-0.2605085,-0.5742712,-0.6837565,-0.4502113,-2.935624,0.7366419,0.4728198,-3.793584,0.8374312,0.1091123,-0.7270245,-0.6563127,0.2017161,-1.856124,0.2891421,0.4456043,-0.006820917
1736099867687,-3.709754,1.582951,-0.04881287,-0.9764521,-0.007708762,0.2155969,0,0,0,-3.755309,0.7658123,-0.2605085,-0.5742712,-0.6837565,-0.4502113,0,0,0,-3.793584,0.8374312,0.1091123,-0.7270245,-0.6563127,0.2017161,0,0,0,-0.006820917
1736099867712,-3.740041,1.5875,-0.04498577,-0.9757958,-0.01593123,0.2181029,-2.271545,0.3411949,0.2870321,-3.796923,0.7756745,-0.2536311,-0.6304041,-0.6636139,-0.4027506,-3.121054,0.7396594,0.5158067,-3.821049,0.8433926,0.1165047,-0.7417507,-0.6438025,0.1879483,-2.059901,0.4471064,0.5544305,-0.006820917
1736099867715,-3.740041,1.5875,-0.04498577,-0.9757958,-0.01593123,0.2181029,0,0,0,-3.796923,0.7756745,-0.2536311,-0.6304041,-0.6636139,-0.4027506,0,0,0,-3.821049,0.8433926,0.1165047,-0.7417507,-0.6438025,0.1879483,0,0,0,-0.006820917
1736099867739,-3.770024,1.591351,-0.03961468,-0.9737461,-0.01801025,0.2269242,-2.248764,0.2888024,0.402832,-3.838077,0.7850658,-0.2497396,-0.6596764,-0.6471149,-0.3821908,-3.086543,0.7043526,0.2918601,-3.847922,0.8464837,0.127295,-0.7471476,-0.6314005,0.207616,-2.015483,0.2318323,0.8092761,-0.006820917
1736099867743,-3.770024,1.591351,-0.03961468,-0.9737461,-0.01801025,0.2269242,0,0,0,-3.838077,0.7850658,-0.2497396,-0.6596764,-0.6471149,-0.3821908,0,0,0,-3.847922,0.8464837,0.127295,-0.7471476,-0.6314005,0.207616,0,0,0,-0.006820917
1736099867767,-3.799102,1.595917,-0.03337145,-0.9715505,-0.02041871,0.2359504,-2.180851,0.3424644,0.4682422,-3.8799,0.7940922,-0.2483287,-0.6702459,-0.628182,-0.3951683,-3.136683,0.6769761,0.1058221,-3.873485,0.8492373,0.1406579,-0.731291,-0.6322228,0.2559457,-1.917207,0.2065212,1.002216,-0.006820917
1736099867770,-3.799102,1.595917,-0.03337145,-0.9715505,-0.02041871,0.2359504,0,0,0,-3.8799,0.7940922,-0.2483287,-0.6702459,-0.628182,-0.3951683,0,0,0,-3.873485,0.8492373,0.1406579,-0.731291,-0.6322228,0.2559457,0,0,0,-0.006820917
1736099867795,-3.827769,1.598877,-0.02636337,-0.9691458,-0.02661225,0.2450477,-2.150023,0.2219796,0.5256057,-3.920114,0.8038731,-0.2442813,-0.6812859,-0.6103545,-0.4041255,-3.01609,0.7335708,0.3035545,-3.897186,0.8509943,0.1528425,-0.704959,-0.6419467,0.3015586,-1.777589,0.1317769,0.9138465,-0.006820917
1736099867798,-3.827769,1.598877,-0.02636337,-0.9691458,-0.02661225,0.2450477,0,0,0,-3.920114,0.8038731,-0.2442813,-0.6812859,-0.6103545,-0.4041255,0,0,0,-3.897186,0.8509943,0.1528425,-0.704959,-0.6419467,0.3015586,0,0,0,-0.006820917
1736099867823,-3.856081,1.600604,-0.01911974,-0.9665039,-0.02871322,0.2550418,-2.12338,0.1295507,0.5432725,-3.960271,0.8132009,-0.2374868,-0.6983255,-0.5967815,-0.3952135,-3.011799,0.6995827,0.509584,-3.920935,0.8515519,0.1626596,-0.6894867,-0.6472438,0.3250908,-1.781166,0.04182011,0.7362843,-0.006820917
1736099867826,-3.856081,1.600604,-0.01911974,-0.9665039,-0.02871322,0.2550418,0,0,0,-3.960271,0.8132009,-0.2374868,-0.6983255,-0.5967815,-0.3952135,0,0,0,-3.920935,0.8515519,0.1626596,-0.6894867,-0.6472438,0.3250908,0,0,0,-0.006820917
1736099867851,-3.884436,1.60044,-0.01157999,-0.9643393,-0.02321612,0.2636492,-2.126598,-0.01232028,0.5654812,-4.000802,0.8206967,-0.2285008,-0.7227416,-0.5814097,-0.3736413,-3.039765,0.5621865,0.6739497,-3.945096,0.8498046,0.1702323,-0.6897192,-0.6481352,0.3228136,-1.812065,-0.1310527,0.5679488,-0.006820917
1736099867854,-3.884436,1.60044,-0.01157999,-0.9643393,-0.02321612,0.2636492,0,0,0,-4.000802,0.8206967,-0.2285008,-0.7227416,-0.5814097,-0.3736413,0,0,0,-3.945096,0.8498046,0.1702323,-0.6897192,-0.6481352,0.3228136,0,0,0,-0.006820917
1736099867857,-3.884436,1.60044,-0.01157999,-0.9643393,-0.02321612,0.2636492,0,0,0,-4.000802,0.8206967,-0.2285008,-0.7227416,-0.5814097,-0.3736413,0,0,0,-3.945096,0.8498046,0.1702323,-0.6897192,-0.6481352,0.3228136,0,0,0,-0.006820917
1736099867878,-3.913177,1.598756,-0.003964901,-0.9628593,-0.01680814,0.2694806,-2.155566,-0.1262784,0.5711317,-4.039937,0.827108,-0.2184176,-0.7506882,-0.5615791,-0.3479891,-2.935159,0.4808441,0.7562399,-3.97103,0.8457159,0.1786847,-0.6830783,-0.6543156,0.3244615,-1.945031,-0.3066525,0.6339312,-0.006820917
1736099867882,-3.913177,1.598756,-0.003964901,-0.9628593,-0.01680814,0.2694806,0,0,0,-4.039937,0.827108,-0.2184176,-0.7506882,-0.5615791,-0.3479891,0,0,0,-3.97103,0.8457159,0.1786847,-0.6830783,-0.6543156,0.3244615,0,0,0,-0.006820917
1736099867906,-3.942558,1.596429,0.003984451,-0.9619858,-0.01028946,0.2729061,-2.203596,-0.1745045,0.5962014,-4.076931,0.8315572,-0.208879,-0.7772147,-0.5384587,-0.3255763,-2.774513,0.3336936,0.7153988,-3.996905,0.8410316,0.18753,-0.6748636,-0.6582646,0.3335372,-1.940632,-0.3513247,0.6633997,-0.006820917
1736099867909,-3.942558,1.596429,0.003984451,-0.9619858,-0.01028946,0.2729061,0,0,0,-4.076931,0.8315572,-0.208879,-0.7772147,-0.5384587,-0.3255763,0,0,0,-3.996905,0.8410316,0.18753,-0.6748636,-0.6582646,0.3335372,0,0,0,-0.006820917
1736099867934,-3.972279,1.592707,0.01208258,-0.9618664,-0.005901556,0.2734571,-2.229059,-0.2791733,0.6073594,-4.112871,0.8328476,-0.1993861,-0.7956372,-0.5205551,-0.3098125,-2.695549,0.09677857,0.7119656,-4.02527,0.8345749,0.1969519,-0.6630763,-0.6620405,0.3493314,-2.127385,-0.484246,0.7066369,-0.006820917
1736099867938,-3.972279,1.592707,0.01208258,-0.9618664,-0.005901556,0.2734571,0,0,0,-4.112871,0.8328476,-0.1993861,-0.7956372,-0.5205551,-0.3098125,0,0,0,-4.02527,0.8345749,0.1969519,-0.6630763,-0.6620405,0.3493314,0,0,0,-0.006820917
1736099867962,-4.00203,1.587934,0.02034855,-0.963317,-0.004248194,0.2683331,-2.231348,-0.3579587,0.6199479,-4.146934,0.8313269,-0.1912618,-0.8037032,-0.5095946,-0.3072047,-2.554715,-0.114052,0.6093264,-4.05492,0.8270963,0.2049041,-0.6533889,-0.6696191,0.3531195,-2.22373,-0.5608991,0.596416,-0.006820917
1736099867965,-4.00203,1.587934,0.02034855,-0.963317,-0.004248194,0.2683331,0,0,0,-4.146934,0.8313269,-0.1912618,-0.8037032,-0.5095946,-0.3072047,0,0,0,-4.05492,0.8270963,0.2049041,-0.6533889,-0.6696191,0.3531195,0,0,0,-0.006820917
1736099867989,-4.032286,1.582687,0.02938223,-0.9652888,-0.001289591,0.2611822,-2.269185,-0.3935248,0.677526,-4.178869,0.8279665,-0.1843271,-0.8021793,-0.5036985,-0.3206189,-2.395141,-0.2520338,0.5200982,-4.085182,0.8197736,0.211688,-0.6528499,-0.6737012,0.3462864,-2.269685,-0.5492046,0.5087972,-0.006820917
1736099867993,-4.032286,1.582687,0.02938223,-0.9652888,-0.001289591,0.2611822,0,0,0,-4.178869,0.8279665,-0.1843271,-0.8021793,-0.5036985,-0.3206189,0,0,0,-4.085182,0.8197736,0.211688,-0.6528499,-0.6737012,0.3462864,0,0,0,-0.006820917
1736099868017,-4.063112,1.578971,0.03954554,-0.9688644,0.002641987,0.247579,-2.311993,-0.2787262,0.762248,-4.208649,0.822332,-0.1775765,-0.7911069,-0.5067735,-0.342536,-2.233493,-0.4225865,0.5062938,-4.119207,0.8130543,0.2183061,-0.6610902,-0.6735751,0.3305401,-2.551889,-0.5039468,0.4963517,-0.006820917
1736099868021,-4.063112,1.578971,0.03954554,-0.9688644,0.002641987,0.247579,0,0,0,-4.208649,0.822332,-0.1775765,-0.7911069,-0.5067735,-0.342536,0,0,0,-4.119207,0.8130543,0.2183061,-0.6610902,-0.6735751,0.3305401,0,0,0,-0.006820917
1736099868045,-4.094414,1.575739,0.05019712,-0.9723741,0.01078499,0.2331796,-2.347612,-0.2424181,0.7988691,-4.234484,0.8150722,-0.1711812,-0.7774616,-0.5129273,-0.3639495,-1.937628,-0.544484,0.4796505,-4.152319,0.8070277,0.2251248,-0.6674154,-0.6750433,0.3144413,-2.483368,-0.4519925,0.5114079,-0.006820917
1736099868048,-4.094414,1.575739,0.05019712,-0.9723741,0.01078499,0.2331796,0,0,0,-4.234484,0.8150722,-0.1711812,-0.7774616,-0.5129273,-0.3639495,0,0,0,-4.152319,0.8070277,0.2251248,-0.6674154,-0.6750433,0.3144413,0,0,0,-0.006820917
1736099868073,-4.126059,1.572211,0.06141424,-0.9754962,0.02165543,0.2189491,-2.373397,-0.2645731,0.8412838,-4.257308,0.806767,-0.1644311,-0.7564189,-0.5279799,-0.3860939,-1.711786,-0.6228849,0.506258,-4.188648,0.8017641,0.2331886,-0.6716909,-0.6766454,0.3016329,-2.724659,-0.394772,0.6047845,-0.006820917
1736099868076,-4.126059,1.572211,0.06141424,-0.9754962,0.02165543,0.2189491,0,0,0,-4.257308,0.806767,-0.1644311,-0.7564189,-0.5279799,-0.3860939,0,0,0,-4.188648,0.8017641,0.2331886,-0.6716909,-0.6766454,0.3016329,0,0,0,-0.006820917
1736099868101,-4.158965,1.576127,0.07331562,-0.9804615,0.005983416,0.1966208,-2.467918,0.293684,0.8926034,-4.2782,0.7995247,-0.1579323,-0.7337965,-0.5462278,-0.4039538,-1.566875,-0.5431741,0.487411,-4.225497,0.7985469,0.2416849,-0.6750494,-0.6767404,0.2938216,-2.763677,-0.2412871,0.6372213,-0.006820917
1736099868104,-4.158965,1.576127,0.07331562,-0.9804615,0.005983416,0.1966208,0,0,0,-4.2782,0.7995247,-0.1579323,-0.7337965,-0.5462278,-0.4039538,0,0,0,-4.225497,0.7985469,0.2416849,-0.6750494,-0.6767404,0.2938216,0,0,0,-0.006820917
1736099868128,-4.192416,1.58424,0.08464766,-0.9810403,0.01659388,0.1930926,-2.508867,0.6085217,0.8499026,-4.293626,0.7960905,-0.1541567,-0.6966932,-0.5624617,-0.4452589,-1.156998,-0.2575681,0.2831697,-4.258872,0.7984298,0.2509103,-0.6683251,-0.684575,0.2910308,-2.503109,-0.008784235,0.6919026,-0.006820917
1736099868132,-4.192416,1.58424,0.08464766,-0.9810403,0.01659388,0.1930926,0,0,0,-4.293626,0.7960905,-0.1541567,-0.6966932,-0.5624617,-0.4452589,0,0,0,-4.258872,0.7984298,0.2509103,-0.6683251,-0.684575,0.2910308,0,0,0,-0.006820917
1736099868156,-4.224068,1.585939,0.0943203,-0.9798661,0.02752679,0.1977499,-2.373898,0.1273692,0.7254481,-4.30548,0.7944746,-0.1486688,-0.6332244,-0.6015236,-0.4870284,-0.8890271,-0.1211911,0.4115939,-4.290856,0.8031967,0.2584186,-0.6614068,-0.6932932,0.286157,-2.39886,0.3575206,0.5631208,-0.006820917
1736099868159,-4.224068,1.585939,0.0943203,-0.9798661,0.02752679,0.1977499,0,0,0,-4.30548,0.7944746,-0.1486688,-0.6332244,-0.6015236,-0.4870284,0,0,0,-4.290856,0.8031967,0.2584186,-0.6614068,-0.6932932,0.286157,0,0,0,-0.006820917
1736099868162,-4.224068,1.585939,0.0943203,-0.9798661,0.02752679,0.1977499,0,0,0,-4.30548,0.7944746,-0.1486688,-0.6332244,-0.6015236,-0.4870284,0,0,0,-4.290856,0.8031967,0.2584186,-0.6614068,-0.6932932,0.286157,0,0,0,-0.006820917
1736099868184,-4.254265,1.587882,0.102119,-0.9811755,0.01212635,0.1927373,-2.26475,0.1457512,0.5849004,-4.320079,0.7935046,-0.138248,-0.5954382,-0.6404964,-0.4849935,-1.094949,-0.07275045,0.7815599,-4.328095,0.8159443,0.2635598,-0.695431,-0.6644093,0.2737448,-2.792895,0.9560689,0.3855944,-0.006820917
1736099868187,-4.254265,1.587882,0.102119,-0.9811755,0.01212635,0.1927373,0,0,0,-4.320079,0.7935046,-0.138248,-0.5954382,-0.6404964,-0.4849935,0,0,0,-4.328095,0.8159443,0.2635598,-0.695431,-0.6644093,0.2737448,0,0,0,-0.006820917
1736099868212,-4.285231,1.592721,0.1095409,-0.9826123,0.01078711,0.1853566,-2.322435,0.362885,0.5566478,-4.337969,0.7919236,-0.1282558,-0.6029567,-0.654177,-0.4566138,-1.341712,-0.118576,0.7494092,-4.363897,0.8269648,0.2683277,-0.7238458,-0.6526586,0.2237949,-2.685177,0.8265361,0.3575921,-0.006820917
1736099868215,-4.285231,1.592721,0.1095409,-0.9826123,0.01078711,0.1853566,0,0,0,-4.337969,0.7919236,-0.1282558,-0.6029567,-0.654177,-0.4566138,0,0,0,-4.363897,0.8269648,0.2683277,-0.7238458,-0.6526586,0.2237949,0,0,0,-0.006820917
1736099868239,-4.315886,1.596622,0.1156087,-0.9829618,0.02439942,0.1821845,-2.29919,0.2926111,0.4550815,-4.356506,0.7927306,-0.1210618,-0.6210852,-0.6478725,-0.4410384,-1.390278,0.06052852,0.5395532,-4.397736,0.8324687,0.2764564,-0.7228063,-0.6617857,0.1989751,-2.53787,0.412792,0.6096482,-0.006820917
1736099868244,-4.315886,1.596622,0.1156087,-0.9829618,0.02439942,0.1821845,0,0,0,-4.356506,0.7927306,-0.1210618,-0.6210852,-0.6478725,-0.4410384,0,0,0,-4.397736,0.8324687,0.2764564,-0.7228063,-0.6617857,0.1989751,0,0,0,-0.006820917
1736099868267,-4.345746,1.600613,0.1200213,-0.9843519,0.01746451,0.1753467,-2.239466,0.2993166,0.3309488,-4.376996,0.7943554,-0.1174006,-0.6045595,-0.6523507,-0.4571074,-1.536763,0.1218572,0.2745867,-4.432351,0.8373125,0.2859688,-0.7260084,-0.6512638,0.2208344,-2.596128,0.3632873,0.7134318,-0.006820917
1736099868271,-4.345746,1.600613,0.1200213,-0.9843519,0.01746451,0.1753467,0,0,0,-4.376996,0.7943554,-0.1174006,-0.6045595,-0.6523507,-0.4571074,0,0,0,-4.432351,0.8373125,0.2859688,-0.7260084,-0.6512638,0.2208344,0,0,0,-0.006820917
1736099868295,-4.37547,1.603211,0.1234441,-0.9861539,0.009105064,0.1655834,-2.229273,0.1948357,0.2567053,-4.397348,0.7961673,-0.1148381,-0.554546,-0.6711541,-0.4919671,-1.526427,0.1358896,0.1921892,-4.465559,0.8418486,0.2936244,-0.7299801,-0.640413,0.238748,-2.490664,0.3402025,0.5741715,-0.006820917
1736099868299,-4.37547,1.603211,0.1234441,-0.9861539,0.009105064,0.1655834,0,0,0,-4.397348,0.7961673,-0.1148381,-0.554546,-0.6711541,-0.4919671,0,0,0,-4.465559,0.8418486,0.2936244,-0.7299801,-0.640413,0.238748,0,0,0,-0.006820917
1736099868323,-4.404803,1.605124,0.1262188,-0.9879737,0.007031936,0.1544627,-2.200019,0.1435339,0.2081037,-4.419329,0.7960027,-0.1096663,-0.5302023,-0.6854201,-0.499084,-1.648557,-0.01233816,0.3878832,-4.49907,0.8466755,0.2980542,-0.7295588,-0.6389123,0.2439988,-2.513301,0.3620178,0.3322363,-0.006820917
1736099868327,-4.404803,1.605124,0.1262188,-0.9879737,0.007031936,0.1544627,0,0,0,-4.419329,0.7960027,-0.1096663,-0.5302023,-0.6854201,-0.499084,0,0,0,-4.49907,0.8466755,0.2980542,-0.7295588,-0.6389123,0.2439988,0,0,0,-0.006820917
1736099868351,-4.434301,1.60526,0.1285071,-0.9894996,0.01058342,0.1441483,-2.212322,0.01017451,0.1716256,-4.442862,0.794696,-0.1044693,-0.5326519,-0.6876832,-0.4933295,-1.764929,-0.09800792,0.3897786,-4.531913,0.8519064,0.2993536,-0.7368226,-0.6371986,0.2259883,-2.463198,0.3923222,0.09745359,-0.006820917
1736099868355,-4.434301,1.60526,0.1285071,-0.9894996,0.01058342,0.1441483,0,0,0,-4.442862,0.794696,-0.1044693,-0.5326519,-0.6876832,-0.4933295,0,0,0,-4.531913,0.8519064,0.2993536,-0.7368226,-0.6371986,0.2259883,0,0,0,-0.006820917
1736099868378,-4.463556,1.60299,0.1302533,-0.9907456,0.01520209,0.1348785,-2.194154,-0.1702487,0.1309633,-4.469825,0.7908961,-0.1009078,-0.5361719,-0.6864751,-0.491195,-2.022243,-0.2849936,0.2671123,-4.565257,0.8549888,0.2984762,-0.7497557,-0.6324515,0.1946064,-2.500784,0.2311796,-0.06580353,-0.006820917
1736099868382,-4.463556,1.60299,0.1302533,-0.9907456,0.01520209,0.1348785,0,0,0,-4.469825,0.7908961,-0.1009078,-0.5361719,-0.6864751,-0.491195,0,0,0,-4.565257,0.8549888,0.2984762,-0.7497557,-0.6324515,0.1946064,0,0,0,-0.006820917
1736099868406,-4.492967,1.600437,0.1320186,-0.9919384,0.01851144,0.1253623,-2.205813,-0.1915097,0.1323938,-4.498935,0.7842173,-0.09914684,-0.5271039,-0.685908,-0.5016892,-2.183247,-0.500907,0.132072,-4.598528,0.8561733,0.2967238,-0.7633086,-0.6240466,0.1671114,-2.495384,0.08883476,-0.1314282,-0.006820917
1736099868410,-4.492967,1.600437,0.1320186,-0.9919384,0.01851144,0.1253623,0,0,0,-4.498935,0.7842173,-0.09914684,-0.5271039,-0.685908,-0.5016892,0,0,0,-4.598528,0.8561733,0.2967238,-0.7633086,-0.6240466,0.1671114,0,0,0,-0.006820917
1736099868434,-4.523182,1.596149,0.1331601,-0.9927537,0.02265157,0.1180144,-2.266109,-0.3215611,0.08561611,-4.526736,0.7784414,-0.09718943,-0.5096591,-0.68635,-0.5188177,-2.085114,-0.4331946,0.1468062,-4.631697,0.8547124,0.2952256,-0.7722204,-0.6192188,0.142282,-2.487624,-0.1095638,-0.1123667,-0.006820917
1736099868439,-4.523182,1.596149,0.1331601,-0.9927537,0.02265157,0.1180144,0,0,0,-4.526736,0.7784414,-0.09718943,-0.5096591,-0.68635,-0.5188177,0,0,0,-4.631697,0.8547124,0.2952256,-0.7722204,-0.6192188,0.142282,0,0,0,-0.006820917
1736099868462,-4.553622,1.591587,0.1341586,-0.9934901,0.02310998,0.1115515,-2.282989,-0.3421783,0.07488728,-4.554438,0.7707097,-0.09386587,-0.4923384,-0.69264,-0.527118,-2.077639,-0.5798757,0.2492666,-4.665763,0.8514114,0.2941794,-0.7781866,-0.6144883,0.1297302,-2.554965,-0.2475768,-0.07846355,-0.006820917
1736099868466,-4.553622,1.591587,0.1341586,-0.9934901,0.02310998,0.1115515,0,0,0,-4.554438,0.7707097,-0.09386587,-0.4923384,-0.69264,-0.527118,0,0,0,-4.665763,0.8514114,0.2941794,-0.7781866,-0.6144883,0.1297302,0,0,0,-0.006820917
1736099868469,-4.553622,1.591587,0.1341586,-0.9934901,0.02310998,0.1115515,0,0,0,-4.554438,0.7707097,-0.09386587,-0.4923384,-0.69264,-0.527118,0,0,0,-4.665763,0.8514114,0.2941794,-0.7781866,-0.6144883,0.1297302,0,0,0,-0.006820917
1736099868489,-4.584846,1.586629,0.1350865,-0.9941358,0.02479202,0.1052602,-2.341855,-0.3718615,0.06959438,-4.582318,0.762931,-0.0896616,-0.4873574,-0.6964774,-0.5266907,-2.090979,-0.5834028,0.3153205,-4.699636,0.8467405,0.2933331,-0.7802311,-0.6123402,0.1275913,-2.540445,-0.3503144,-0.06347895,-0.006820917
1736099868494,-4.584846,1.586629,0.1350865,-0.9941358,0.02479202,0.1052602,0,0,0,-4.582318,0.762931,-0.0896616,-0.4873574,-0.6964774,-0.5266907,0,0,0,-4.699636,0.8467405,0.2933331,-0.7802311,-0.6123402,0.1275913,0,0,0,-0.006820917
1736099868517,-4.616587,1.581918,0.1355524,-0.9944166,0.02751915,0.1018756,-2.380514,-0.3532827,0.03494024,-4.611266,0.7550627,-0.08575439,-0.4815218,-0.7023393,-0.5242677,-2.171123,-0.5901217,0.2930403,-4.732887,0.84104,0.2925334,-0.7811527,-0.611195,0.1274422,-2.493846,-0.4275396,-0.05997419,-0.006820917
1736099868522,-4.616587,1.581918,0.1355524,-0.9944166,0.02751915,0.1018756,0,0,0,-4.611266,0.7550627,-0.08575439,-0.4815218,-0.7023393,-0.5242677,0,0,0,-4.732887,0.84104,0.2925334,-0.7811527,-0.611195,0.1274422,0,0,0,-0.006820917
1736099868545,-4.649079,1.577863,0.1355462,-0.9943658,0.02631439,0.1026862,-2.436948,-0.3041804,-0.0004649162,-4.642422,0.7477791,-0.08227158,-0.4719214,-0.7124546,-0.5193254,-2.336705,-0.5462721,0.2612114,-4.76535,0.8355023,0.2915502,-0.7817247,-0.6100834,0.1292485,-2.434766,-0.4153311,-0.07374287,-0.006820917
1736099868549,-4.649079,1.577863,0.1355462,-0.9943658,0.02631439,0.1026862,0,0,0,-4.642422,0.7477791,-0.08227158,-0.4719214,-0.7124546,-0.5193254,0,0,0,-4.76535,0.8355023,0.2915502,-0.7817247,-0.6100834,0.1292485,0,0,0,-0.006820917
1736099868573,-4.68203,1.574394,0.1350026,-0.9937938,0.02247286,0.1089458,-2.47128,-0.2601296,-0.04076958,-4.675096,0.7422893,-0.07968283,-0.4603985,-0.7223732,-0.5159566,-2.450538,-0.4117325,0.1941562,-4.795197,0.8309907,0.2908645,-0.781387,-0.6108106,0.1278473,-2.2385,-0.3383696,-0.05142689,-0.006820917
1736099868577,-4.68203,1.574394,0.1350026,-0.9937938,0.02247286,0.1089458,0,0,0,-4.675096,0.7422893,-0.07968283,-0.4603985,-0.7223732,-0.5159566,0,0,0,-4.795197,0.8309907,0.2908645,-0.781387,-0.6108106,0.1278473,0,0,0,-0.006820917
1736099868600,-4.714106,1.571301,0.1343055,-0.9932774,0.01421868,0.1148831,-2.405691,-0.2319664,-0.05228519,-4.710349,0.7384658,-0.07813787,-0.4521528,-0.7289292,-0.5140238,-2.643979,-0.2867594,0.1158714,-4.824573,0.828989,0.2909899,-0.7769074,-0.6169472,0.125664,-2.203202,-0.1501232,0.009405613,-0.006820917
1736099868604,-4.714106,1.571301,0.1343055,-0.9932774,0.01421868,0.1148831,0,0,0,-4.710349,0.7384658,-0.07813787,-0.4521528,-0.7289292,-0.5140238,0,0,0,-4.824573,0.828989,0.2909899,-0.7769074,-0.6169472,0.125664,0,0,0,-0.006820917
1736099868628,-4.748779,1.579955,0.1339593,-0.9922562,0.009231377,0.1238661,-2.600527,0.6490499,-0.02596378,-4.747922,0.7382108,-0.07795906,-0.4454823,-0.7301451,-0.5181062,-2.818,-0.01912862,0.01341105,-4.853643,0.8292833,0.2940555,-0.7691327,-0.626543,0.1260121,-2.180243,0.02207011,0.229919,-0.006820917
1736099868631,-4.748779,1.579955,0.1339593,-0.9922562,0.009231377,0.1238661,0,0,0,-4.747922,0.7382108,-0.07795906,-0.4454823,-0.7301451,-0.5181062,0,0,0,-4.853643,0.8292833,0.2940555,-0.7691327,-0.626543,0.1260121,0,0,0,-0.006820917
1736099868656,-4.783339,1.583646,0.1333675,-0.9899139,0.01719498,0.1406246,-2.591944,0.276795,-0.04438162,-4.784937,0.7435725,-0.0775938,-0.444988,-0.7321536,-0.515691,-2.776086,0.4021257,0.02739429,-4.87983,0.8290368,0.3007913,-0.7466618,-0.6463087,0.1574224,-1.964021,-0.01848936,0.5051851,-0.006820917
1736099868659,-4.783339,1.583646,0.1333675,-0.9899139,0.01719498,0.1406246,0,0,0,-4.784937,0.7435725,-0.0775938,-0.444988,-0.7321536,-0.515691,0,0,0,-4.87983,0.8290368,0.3007913,-0.7466618,-0.6463087,0.1574224,0,0,0,-0.006820917
1736099868684,-4.815439,1.587446,0.1334209,-0.9895995,0.01677167,0.1428688,-2.407551,0.2850294,0.004005432,-4.825162,0.7540637,-0.07518482,-0.4815412,-0.7123379,-0.5105819,-3.016913,0.7868439,0.1806736,-4.905174,0.8313347,0.3068233,-0.726737,-0.6578757,0.1976186,-1.900792,0.1723409,0.4523993,-0.006820917
1736099868688,-4.815439,1.587446,0.1334209,-0.9895995,0.01677167,0.1428688,0,0,0,-4.825162,0.7540637,-0.07518482,-0.4815412,-0.7123379,-0.5105819,0,0,0,-4.905174,0.8313347,0.3068233,-0.726737,-0.6578757,0.1976186,0,0,0,-0.006820917
1736099868712,-4.846904,1.589467,0.1349416,-0.9898875,0.005349379,0.1417542,-2.359843,0.1515448,0.1140475,-4.87017,0.7665054,-0.06975412,-0.5452799,-0.6918679,-0.4732749,-3.375578,0.9331226,0.4073024,-4.932766,0.836418,0.3103266,-0.7276251,-0.659115,0.1900771,-2.069414,0.3812537,0.2627492,-0.006820917
1736099868715,-4.846904,1.589467,0.1349416,-0.9898875,0.005349379,0.1417542,0,0,0,-4.87017,0.7665054,-0.06975412,-0.5452799,-0.6918679,-0.4732749,0,0,0,-4.932766,0.836418,0.3103266,-0.7276251,-0.659115,0.1900771,0,0,0,-0.006820917
1736099868739,-4.87834,1.593586,0.1378298,-0.9890851,-0.0001390092,0.1473472,-2.357697,0.3089547,0.2166152,-4.914871,0.77758,-0.06651497,-0.5953392,-0.6737091,-0.4378219,-3.352547,0.8305952,0.2429366,-4.960385,0.8414766,0.3154583,-0.7384759,-0.6499018,0.1796703,-2.071452,0.379394,0.3848791,-0.006820917
1736099868743,-4.87834,1.593586,0.1378298,-0.9890851,-0.0001390092,0.1473472,0,0,0,-4.914871,0.77758,-0.06651497,-0.5953392,-0.6737091,-0.4378219,0,0,0,-4.960385,0.8414766,0.3154583,-0.7384759,-0.6499018,0.1796703,0,0,0,-0.006820917
1736099868767,-4.909941,1.597917,0.1419802,-0.9879231,-0.007122098,0.1547823,-2.370107,0.3248155,0.3112793,-4.959763,0.7884551,-0.06672764,-0.6228637,-0.6531425,-0.4306347,-3.366888,0.8156329,-0.0159502,-4.988809,0.8464449,0.3244262,-0.742654,-0.6401789,0.1965613,-2.131748,0.3726214,0.6725907,-0.006820917
1736099868771,-4.909941,1.597917,0.1419802,-0.9879231,-0.007122098,0.1547823,0,0,0,-4.959763,0.7884551,-0.06672764,-0.6228637,-0.6531425,-0.4306347,0,0,0,-4.988809,0.8464449,0.3244262,-0.742654,-0.6401789,0.1965613,0,0,0,-0.006820917
1736099868795,-4.940133,1.600752,0.1470799,-0.9860437,-0.01068792,0.1661443,-2.264392,0.2126098,0.382483,-5.004077,0.7985272,-0.06827736,-0.6376416,-0.6254899,-0.4496403,-3.323579,0.7554129,-0.1162291,-5.016366,0.8504945,0.3357096,-0.7262884,-0.6414457,0.2470885,-2.066839,0.3037199,0.8462548,-0.006820917
1736099868798,-4.940133,1.600752,0.1470799,-0.9860437,-0.01068792,0.1661443,0,0,0,-5.004077,0.7985272,-0.06827736,-0.6376416,-0.6254899,-0.4496403,0,0,0,-5.016366,0.8504945,0.3357096,-0.7262884,-0.6414457,0.2470885,0,0,0,-0.006820917
1736099868823,-4.969814,1.602961,0.1528087,-0.9838892,-0.01478408,0.1781682,-2.22609,0.165689,0.4296541,-5.047987,0.8082135,-0.06751871,-0.6499531,-0.6031492,-0.4623554,-3.293288,0.7264718,0.05689859,-5.042459,0.85258,0.3455262,-0.7044781,-0.6480659,0.2893464,-1.956904,0.156413,0.7362485,-0.006820917
1736099868826,-4.969814,1.602961,0.1528087,-0.9838892,-0.01478408,0.1781682,0,0,0,-5.047987,0.8082135,-0.06751871,-0.6499531,-0.6031492,-0.4623554,0,0,0,-5.042459,0.85258,0.3455262,-0.7044781,-0.6480659,0.2893464,0,0,0,-0.006820917
1736099868850,-4.999512,1.603336,0.1587687,-0.9813283,-0.01293227,0.191906,-2.227306,0.02812743,0.4469991,-5.093196,0.8164222,-0.06370974,-0.6682761,-0.5859419,-0.4583446,-3.39067,0.6156519,0.2856731,-5.067889,0.8524091,0.3531346,-0.6943628,-0.6508667,0.3069741,-1.907265,-0.01281649,0.570631,-0.006820917
1736099868854,-4.999512,1.603336,0.1587687,-0.9813283,-0.01293227,0.191906,0,0,0,-5.093196,0.8164222,-0.06370974,-0.6682761,-0.5859419,-0.4583446,0,0,0,-5.067889,0.8524091,0.3531346,-0.6943628,-0.6508667,0.3069741,0,0,0,-0.006820917
1736099868856,-4.999512,1.603336,0.1587687,-0.9813283,-0.01293227,0.191906,0,0,0,-5.093196,0.8164222,-0.06370974,-0.6682761,-0.5859419,-0.4583446,0,0,0,-5.067889,0.8524091,0.3531346,-0.6943628,-0.6508667,0.3069741,0,0,0,-0.006820917
1736099868878,-5.029505,1.601858,0.16535,-0.9787909,-0.009027518,0.204664,-2.249515,-0.1108557,0.493598,-5.135921,0.823661,-0.05800819,-0.6946667,-0.5699448,-0.4388633,-3.204346,0.5429104,0.4276156,-5.093089,0.848996,0.3594222,-0.6945242,-0.6526243,0.3028499,-1.889992,-0.2559856,0.4715681,-0.006820917
1736099868882,-5.029505,1.601858,0.16535,-0.9787909,-0.009027518,0.204664,0,0,0,-5.135921,0.823661,-0.05800819,-0.6946667,-0.5699448,-0.4388633,0,0,0,-5.093089,0.848996,0.3594222,-0.6945242,-0.6526243,0.3028499,0,0,0,-0.006820917
1736099868906,-5.059832,1.598847,0.171999,-0.9761004,-0.005147316,0.2172601,-2.274477,-0.2258599,0.4986763,-5.17691,0.8285004,-0.05215025,-0.7227014,-0.5497582,-0.4188904,-3.074205,0.3629565,0.4393458,-5.118902,0.8435368,0.3673873,-0.6862212,-0.6569659,0.3122445,-1.936018,-0.4094392,0.5973816,-0.006820917
1736099868909,-5.059832,1.598847,0.171999,-0.9761004,-0.005147316,0.2172601,0,0,0,-5.17691,0.8285004,-0.05215025,-0.7227014,-0.5497582,-0.4188904,0,0,0,-5.118902,0.8435368,0.3673873,-0.6862212,-0.6569659,0.3122445,0,0,0,-0.006820917
1736099868934,-5.090245,1.594968,0.178947,-0.9741143,-0.001347527,0.2260528,-2.281022,-0.2909034,0.5210996,-5.216626,0.8306149,-0.04581451,-0.7482858,-0.5289245,-0.4003841,-2.978647,0.1585856,0.4751801,-5.144974,0.8370882,0.3757634,-0.6720698,-0.6625525,0.3306758,-1.955402,-0.4836425,0.6282091,-0.006820917
1736099868937,-5.090245,1.594968,0.178947,-0.9741143,-0.001347527,0.2260528,0,0,0,-5.216626,0.8306149,-0.04581451,-0.7482858,-0.5289245,-0.4003841,0,0,0,-5.144974,0.8370882,0.3757634,-0.6720698,-0.6625525,0.3306758,0,0,0,-0.006820917
1736099868962,-5.120918,1.590024,0.1858835,-0.972901,0.003689893,0.2311928,-2.300477,-0.3707707,0.5202413,-5.254847,0.8298256,-0.04016399,-0.7645688,-0.5144365,-0.3883169,-2.866566,-0.05920082,0.423789,-5.172361,0.8291149,0.3839455,-0.6568242,-0.6687726,0.348318,-2.054036,-0.5979985,0.6136537,-0.006820917
1736099868965,-5.120918,1.590024,0.1858835,-0.972901,0.003689893,0.2311928,0,0,0,-5.254847,0.8298256,-0.04016399,-0.7645688,-0.5144365,-0.3883169,0,0,0,-5.172361,0.8291149,0.3839455,-0.6568242,-0.6687726,0.348318,0,0,0,-0.006820917
1736099868989,-5.152655,1.585046,0.1935229,-0.9721411,0.0120207,0.2340888,-2.380228,-0.3733814,0.5729556,-5.291547,0.8264526,-0.03580236,-0.7694899,-0.5048168,-0.3912106,-2.752554,-0.2529725,0.3271222,-5.201228,0.8201717,0.3916068,-0.6444784,-0.6753231,0.3585897,-2.164972,-0.6707445,0.5746007,-0.006820917
1736099868992,-5.152655,1.585046,0.1935229,-0.9721411,0.0120207,0.2340888,0,0,0,-5.291547,0.8264526,-0.03580236,-0.7694899,-0.5048168,-0.3912106,0,0,0,-5.201228,0.8201717,0.3916068,-0.6444784,-0.6753231,0.3585897,0,0,0,-0.006820917
1736099869017,-5.185199,1.579967,0.2017217,-0.9720582,0.0226067,0.2336497,-2.440846,-0.3809184,0.6149054,-5.325631,0.8199154,-0.03227043,-0.7610701,-0.5056406,-0.4063261,-2.556252,-0.4902899,0.264895,-5.231022,0.8111418,0.3985162,-0.6356881,-0.6808982,0.3637009,-2.234602,-0.6772399,0.5182028,-0.006820917
1736099869021,-5.185199,1.579967,0.2017217,-0.9720582,0.0226067,0.2336497,0,0,0,-5.325631,0.8199154,-0.03227043,-0.7610701,-0.5056406,-0.4063261,0,0,0,-5.231022,0.8111418,0.3985162,-0.6356881,-0.6808982,0.3637009,0,0,0,-0.006820917
1736099869045,-5.218635,1.576474,0.2105722,-0.9727598,0.02994271,0.2298743,-2.507651,-0.2619535,0.6637931,-5.356413,0.8110223,-0.02839565,-0.74518,-0.5139273,-0.4249542,-2.308667,-0.6669849,0.2906084,-5.263838,0.8019717,0.4050155,-0.629545,-0.6871828,0.3625647,-2.461195,-0.6877586,0.4874468,-0.006820917
1736099869050,-5.218635,1.576474,0.2105722,-0.9727598,0.02994271,0.2298743,0,0,0,-5.356413,0.8110223,-0.02839565,-0.74518,-0.5139273,-0.4249542,0,0,0,-5.263838,0.8019717,0.4050155,-0.629545,-0.6871828,0.3625647,0,0,0,-0.006820917
1736099869073,-5.252553,1.57271,0.2196107,-0.9731189,0.03654587,0.2273856,-2.543879,-0.2823114,0.6778836,-5.382663,0.7997384,-0.02421618,-0.7251455,-0.5280911,-0.4419098,-1.968741,-0.8462906,0.3134608,-5.297081,0.7949883,0.4111686,-0.6223143,-0.6951318,0.3598846,-2.493238,-0.5237505,0.461483,-0.006820917
1736099869076,-5.252553,1.57271,0.2196107,-0.9731189,0.03654587,0.2273856,0,0,0,-5.382663,0.7997384,-0.02421618,-0.7251455,-0.5280911,-0.4419098,0,0,0,-5.297081,0.7949883,0.4111686,-0.6223143,-0.6951318,0.3598846,0,0,0,-0.006820917
1736099869100,-5.286333,1.571125,0.2284627,-0.9748812,0.02997731,0.2206995,-2.533472,-0.1189113,0.6639004,-5.406801,0.7897233,-0.01945066,-0.7005109,-0.5513561,-0.4530914,-1.810348,-0.7511303,0.3574133,-5.332558,0.7905207,0.4173059,-0.6180088,-0.7003049,0.3572657,-2.660716,-0.3350705,0.4603028,-0.006820917
1736099869104,-5.286333,1.571125,0.2284627,-0.9748812,0.02997731,0.2206995,0,0,0,-5.406801,0.7897233,-0.01945066,-0.7005109,-0.5513561,-0.4530914,0,0,0,-5.332558,0.7905207,0.4173059,-0.6180088,-0.7003049,0.3572657,0,0,0,-0.006820917
1736099869128,-5.322437,1.582608,0.2380595,-0.9769122,0.02818492,0.2117746,-2.707815,0.8612931,0.7197618,-5.427461,0.7829236,-0.01615047,-0.6682148,-0.5730636,-0.4744344,-1.549494,-0.5099818,0.2475142,-5.369034,0.7899269,0.424386,-0.610444,-0.7056593,0.3597268,-2.73571,-0.04453361,0.5310059,-0.006820917
1736099869132,-5.322437,1.582608,0.2380595,-0.9769122,0.02818492,0.2117746,0,0,0,-5.427461,0.7829236,-0.01615047,-0.6682148,-0.5730636,-0.4744344,0,0,0,-5.369034,0.7899269,0.424386,-0.610444,-0.7056593,0.3597268,0,0,0,-0.006820917
1736099869156,-5.358373,1.585479,0.2461758,-0.9757107,0.04959885,0.2133752,-2.695191,0.2153099,0.6087184,-5.442723,0.7801922,-0.01327133,-0.6151874,-0.598937,-0.512659,-1.14466,-0.2048537,0.2159357,-5.402517,0.7918807,0.4301462,-0.5863521,-0.7287441,0.3537279,-2.511263,0.1465335,0.4320145,-0.006820917
1736099869159,-5.358373,1.585479,0.2461758,-0.9757107,0.04959885,0.2133752,0,0,0,-5.442723,0.7801922,-0.01327133,-0.6151874,-0.598937,-0.512659,0,0,0,-5.402517,0.7918807,0.4301462,-0.5863521,-0.7287441,0.3537279,0,0,0,-0.006820917
1736099869184,-5.390804,1.585421,0.2516327,-0.9761248,0.04832231,0.2117674,-2.43237,-0.004398823,0.4092693,-5.459901,0.7798068,-0.005740643,-0.5658858,-0.6359543,-0.5247248,-1.28839,-0.02890527,0.5648017,-5.440907,0.800741,0.4331942,-0.6123325,-0.7100596,0.3476559,-2.87919,0.6645173,0.2285957,-0.006820917
1736099869187,-5.390804,1.585421,0.2516327,-0.9761248,0.04832231,0.2117674,0,0,0,-5.459901,0.7798068,-0.005740643,-0.5658858,-0.6359543,-0.5247248,0,0,0,-5.440907,0.800741,0.4331942,-0.6123325,-0.7100596,0.3476559,0,0,0,-0.006820917
1736099869190,-5.390804,1.585421,0.2516327,-0.9761248,0.04832231,0.2117674,0,0,0,-5.459901,0.7798068,-0.005740643,-0.5658858,-0.6359543,-0.5247248,0,0,0,-5.440907,0.800741,0.4331942,-0.6123325,-0.7100596,0.3476559,0,0,0,-0.006820917
1736099869212,-5.423523,1.588521,0.2564888,-0.9796634,0.02436782,0.1991636,-2.453899,0.2325475,0.3642082,-5.483093,0.7812947,0.004817963,-0.5730437,-0.6597627,-0.4861426,-1.739359,0.1115933,0.7918954,-5.482815,0.8130885,0.434495,-0.6672074,-0.6777807,0.3089461,-3.14312,0.9260684,0.09756088,-0.006820917
1736099869215,-5.423523,1.588521,0.2564888,-0.9796634,0.02436782,0.1991636,0,0,0,-5.483093,0.7812947,0.004817963,-0.5730437,-0.6597627,-0.4861426,0,0,0,-5.482815,0.8130885,0.434495,-0.6672074,-0.6777807,0.3089461,0,0,0,-0.006820917
1736099869239,-5.457374,1.593453,0.2614107,-0.9810836,0.03145285,0.1910136,-2.5388,0.3699124,0.3691435,-5.507257,0.7832239,0.01148224,-0.5992508,-0.6562378,-0.4585316,-1.812279,0.1446873,0.4998207,-5.521618,0.820132,0.4384384,-0.6840811,-0.6788445,0.2668396,-2.910233,0.5282566,0.2957582,-0.006820917
1736099869243,-5.457374,1.593453,0.2614107,-0.9810836,0.03145285,0.1910136,0,0,0,-5.507257,0.7832239,0.01148224,-0.5992508,-0.6562378,-0.4585316,0,0,0,-5.521618,0.820132,0.4384384,-0.6840811,-0.6788445,0.2668396,0,0,0,-0.006820917
1736099869267,-5.48998,1.598045,0.2649164,-0.9821643,0.03503327,0.1847326,-2.445459,0.3443688,0.262928,-5.531796,0.7867699,0.01464367,-0.6072667,-0.6487111,-0.4586954,-1.840496,0.26595,0.2371073,-5.55968,0.8254868,0.4453182,-0.6850158,-0.6779206,0.2667907,-2.854657,0.4016116,0.5159855,-0.006820917
1736099869271,-5.48998,1.598045,0.2649164,-0.9821643,0.03503327,0.1847326,0,0,0,-5.531796,0.7867699,0.01464367,-0.6072667,-0.6487111,-0.4586954,0,0,0,-5.55968,0.8254868,0.4453182,-0.6850158,-0.6779206,0.2667907,0,0,0,-0.006820917
1736099869295,-5.522141,1.601436,0.2672329,-0.983063,0.03220564,0.1804174,-2.412057,0.2543539,0.1737356,-5.556754,0.790325,0.01492405,-0.5707358,-0.6525625,-0.4984208,-1.871824,0.2666384,0.02102852,-5.597938,0.831679,0.4520636,-0.6917253,-0.6606024,0.2917547,-2.86932,0.4644156,0.5059004,-0.006820917
1736099869298,-5.522141,1.601436,0.2672329,-0.983063,0.03220564,0.1804174,0,0,0,-5.556754,0.790325,0.01492405,-0.5707358,-0.6525625,-0.4984208,0,0,0,-5.597938,0.831679,0.4520636,-0.6917253,-0.6606024,0.2917547,0,0,0,-0.006820917
1736099869323,-5.553668,1.603256,0.2690477,-0.984727,0.02662258,0.172059,-2.364564,0.136435,0.1361132,-5.581324,0.791745,0.01700974,-0.5215505,-0.6719091,-0.5258557,-1.842713,0.1064971,0.1564264,-5.637118,0.8378982,0.4551296,-0.6955177,-0.6519824,0.3019508,-2.938557,0.4664406,0.2299547,-0.006820917
1736099869326,-5.553668,1.603256,0.2690477,-0.984727,0.02662258,0.172059,0,0,0,-5.581324,0.791745,0.01700974,-0.5215505,-0.6719091,-0.5258557,0,0,0,-5.637118,0.8378982,0.4551296,-0.6955177,-0.6519824,0.3019508,0,0,0,-0.006820917
1736099869350,-5.58586,1.604842,0.2706013,-0.9860904,0.02810203,0.1638187,-2.414417,0.1190007,0.1165152,-5.606702,0.7912871,0.0220871,-0.5158114,-0.679032,-0.5223553,-1.903367,-0.03434569,0.3808022,-5.67567,0.8442248,0.4545813,-0.7106586,-0.6454813,0.2798542,-2.89135,0.4744962,-0.0411272,-0.006820917
1736099869354,-5.58586,1.604842,0.2706013,-0.9860904,0.02810203,0.1638187,0,0,0,-5.606702,0.7912871,0.0220871,-0.5158114,-0.679032,-0.5223553,0,0,0,-5.67567,0.8442248,0.4545813,-0.7106586,-0.6454813,0.2798542,0,0,0,-0.006820917
1736099869378,-5.618209,1.603928,0.2718687,-0.9872214,0.03479517,0.1555107,-2.426147,-0.06855726,0.09505749,-5.634468,0.788534,0.02592468,-0.5266021,-0.6774135,-0.5136162,-2.082467,-0.2064809,0.2878189,-5.715328,0.8498131,0.452034,-0.7313728,-0.6377265,0.2416593,-2.974391,0.419122,-0.1910448,-0.006820917
1736099869382,-5.618209,1.603928,0.2718687,-0.9872214,0.03479517,0.1555107,0,0,0,-5.634468,0.788534,0.02592468,-0.5266021,-0.6774135,-0.5136162,0,0,0,-5.715328,0.8498131,0.452034,-0.7313728,-0.6377265,0.2416593,0,0,0,-0.006820917
1736099869406,-5.650542,1.601821,0.2731237,-0.9884206,0.03910935,0.1466135,-2.425003,-0.158,0.09412766,-5.662559,0.7848267,0.02790546,-0.5179782,-0.6779749,-0.5215836,-2.106786,-0.2780467,0.1485586,-5.753983,0.8534483,0.4491806,-0.7514216,-0.6259041,0.2088293,-2.899075,0.2726376,-0.2140045,-0.006820917
1736099869409,-5.650542,1.601821,0.2731237,-0.9884206,0.03910935,0.1466135,0,0,0,-5.662559,0.7848267,0.02790546,-0.5179782,-0.6779749,-0.5215836,0,0,0,-5.753983,0.8534483,0.4491806,-0.7514216,-0.6259041,0.2088293,0,0,0,-0.006820917
1736099869434,-5.683461,1.598916,0.2739573,-0.9894778,0.04165108,0.1385606,-2.46892,-0.2179295,0.06251335,-5.691511,0.781637,0.0306015,-0.5000323,-0.6789531,-0.5375787,-2.171445,-0.2392262,0.2022028,-5.793055,0.855141,0.4471054,-0.7671084,-0.6146833,0.183601,-2.930403,0.1269579,-0.1556396,-0.006820917
1736099869437,-5.683461,1.598916,0.2739573,-0.9894778,0.04165108,0.1385606,0,0,0,-5.691511,0.781637,0.0306015,-0.5000323,-0.6789531,-0.5375787,0,0,0,-5.793055,0.855141,0.4471054,-0.7671084,-0.6146833,0.183601,0,0,0,-0.006820917
1736099869462,-5.716287,1.594242,0.2748737,-0.9904911,0.03959379,0.1317576,-2.46191,-0.35052,0.06873608,-5.720942,0.7754757,0.0339613,-0.4765604,-0.6871749,-0.5483441,-2.207351,-0.4620954,0.2519846,-5.832018,0.8544124,0.4456205,-0.7781353,-0.6043276,0.171155,-2.922249,-0.05464554,-0.1113653,-0.006820917
1736099869465,-5.716287,1.594242,0.2748737,-0.9904911,0.03959379,0.1317576,0,0,0,-5.720942,0.7754757,0.0339613,-0.4765604,-0.6871749,-0.5483441,0,0,0,-5.832018,0.8544124,0.4456205,-0.7781353,-0.6043276,0.171155,0,0,0,-0.006820917
1736099869489,-5.749619,1.588944,0.2754726,-0.9914522,0.03731884,0.1250206,-2.499962,-0.3973782,0.04491806,-5.751737,0.7678694,0.0381031,-0.4637737,-0.6960093,-0.5481656,-2.309561,-0.5704746,0.3106356,-5.870535,0.851585,0.443985,-0.785591,-0.5960955,0.1658829,-2.888775,-0.2120554,-0.1226664,-0.006820917
1736099869493,-5.749619,1.588944,0.2754726,-0.9914522,0.03731884,0.1250206,0,0,0,-5.751737,0.7678694,0.0381031,-0.4637737,-0.6960093,-0.5481656,0,0,0,-5.870535,0.851585,0.443985,-0.785591,-0.5960955,0.1658829,0,0,0,-0.006820917
1736099869517,-5.783583,1.585142,0.2758713,-0.9921442,0.03486058,0.1201456,-2.54724,-0.2851367,0.02989769,-5.783069,0.7603956,0.04278564,-0.4638605,-0.700954,-0.5417545,-2.349901,-0.560537,0.3511906,-5.908734,0.8473756,0.442874,-0.791917,-0.5887325,0.1620557,-2.864957,-0.3157094,-0.08332729,-0.006820917
1736099869520,-5.783583,1.585142,0.2758713,-0.9921442,0.03486058,0.1201456,0,0,0,-5.783069,0.7603956,0.04278564,-0.4638605,-0.700954,-0.5417545,0,0,0,-5.908734,0.8473756,0.442874,-0.791917,-0.5887325,0.1620557,0,0,0,-0.006820917
1736099869524,-5.783583,1.585142,0.2758713,-0.9921442,0.03486058,0.1201456,0,0,0,-5.783069,0.7603956,0.04278564,-0.4638605,-0.700954,-0.5417545,0,0,0,-5.908734,0.8473756,0.442874,-0.791917,-0.5887325,0.1620557,0,0,0,-0.006820917
1736099869545,-5.817738,1.581493,0.2755756,-0.9920439,0.03788845,0.1200566,-2.561617,-0.2736926,-0.02217293,-5.818114,0.7533025,0.04709148,-0.4637418,-0.70951,-0.5306025,-2.628422,-0.5319804,0.322938,-5.945421,0.8428236,0.4423685,-0.7943295,-0.5829949,0.1707571,-2.751517,-0.341396,-0.03790855,-0.006820917
1736099869548,-5.817738,1.581493,0.2755756,-0.9920439,0.03788845,0.1200566,0,0,0,-5.818114,0.7533025,0.04709148,-0.4637418,-0.70951,-0.5306025,0,0,0,-5.945421,0.8428236,0.4423685,-0.7943295,-0.5829949,0.1707571,0,0,0,-0.006820917
1736099869573,-5.851565,1.577971,0.2746811,-0.9920428,0.03796773,0.1200399,-2.537084,-0.2641082,-0.06709099,-5.853548,0.7483576,0.05033112,-0.4617015,-0.7189853,-0.5195119,-2.657533,-0.370869,0.2429724,-5.979502,0.8387488,0.4419909,-0.7923666,-0.5829278,0.179863,-2.556038,-0.3056109,-0.02832413,-0.006820917
1736099869576,-5.851565,1.577971,0.2746811,-0.9920428,0.03796773,0.1200399,0,0,0,-5.853548,0.7483576,0.05033112,-0.4617015,-0.7189853,-0.5195119,0,0,0,-5.979502,0.8387488,0.4419909,-0.7923666,-0.5829278,0.179863,0,0,0,-0.006820917
1736099869600,-5.884711,1.577854,0.2743149,-0.9926409,0.02359764,0.1187761,-2.485943,-0.008797646,-0.02746582,-5.8927,0.7454879,0.05157375,-0.4679351,-0.7204928,-0.5117881,-2.936411,-0.2152294,0.09319782,-6.012375,0.8362017,0.4417238,-0.7869757,-0.5890781,0.1834571,-2.465487,-0.1910314,-0.02002716,-0.006820917
1736099869604,-5.884711,1.577854,0.2743149,-0.9926409,0.02359764,0.1187761,0,0,0,-5.8927,0.7454879,0.05157375,-0.4679351,-0.7204928,-0.5117881,0,0,0,-6.012375,0.8362017,0.4417238,-0.7869757,-0.5890781,0.1834571,0,0,0,-0.006820917
1736099869628,-5.920396,1.586886,0.2734308,-0.9901605,0.03960964,0.1342143,-2.676344,0.6774098,-0.06630421,-5.932669,0.7478082,0.05088234,-0.468733,-0.7140552,-0.5200142,-2.997637,0.1740262,-0.05185604,-6.041923,0.8351335,0.4449673,-0.7744113,-0.5986601,0.2046794,-2.216077,-0.08011758,0.2432585,-0.006820917
1736099869631,-5.920396,1.586886,0.2734308,-0.9901605,0.03960964,0.1342143,0,0,0,-5.932669,0.7478082,0.05088234,-0.468733,-0.7140552,-0.5200142,0,0,0,-6.041923,0.8351335,0.4449673,-0.7744113,-0.5986601,0.2046794,0,0,0,-0.006820917
1736099869656,-5.954064,1.590724,0.2730761,-0.9887491,0.05199488,0.1402571,-2.525139,0.2878636,-0.02660751,-5.973104,0.7558927,0.05164051,-0.4805002,-0.710281,-0.5144134,-3.032684,0.6063357,0.05686283,-6.066786,0.833329,0.4487724,-0.7452882,-0.6202568,0.2445963,-1.864743,-0.1353398,0.285387,-0.006820917
1736099869660,-5.954064,1.590724,0.2730761,-0.9887491,0.05199488,0.1402571,0,0,0,-5.973104,0.7558927,0.05164051,-0.4805002,-0.710281,-0.5144134,0,0,0,-6.066786,0.833329,0.4487724,-0.7452882,-0.6202568,0.2445963,0,0,0,-0.006820917
1736099869684,-5.986238,1.591111,0.2729807,-0.9898908,0.04534845,0.1343877,-2.412987,0.0289768,-0.007152557,-6.017185,0.7653807,0.05456448,-0.5234061,-0.6880316,-0.502652,-3.306055,0.7116035,0.2192974,-6.091846,0.8356484,0.4488964,-0.7282518,-0.6380143,0.2501748,-1.879549,0.1739547,0.009298325,-0.006820917
1736099869687,-5.986238,1.591111,0.2729807,-0.9898908,0.04534845,0.1343877,0,0,0,-6.017185,0.7653807,0.05456448,-0.5234061,-0.6880316,-0.502652,0,0,0,-6.091846,0.8356484,0.4488964,-0.7282518,-0.6380143,0.2501748,0,0,0,-0.006820917
1736099869712,-6.018056,1.596001,0.2737474,-0.9910334,0.03053206,0.1300809,-2.386379,0.3667831,0.05750656,-6.063576,0.7761253,0.05879784,-0.5775753,-0.6705024,-0.4656544,-3.47929,0.8058384,0.317502,-6.118064,0.840852,0.4480133,-0.740734,-0.6380955,0.2101131,-1.96631,0.3902704,-0.06623268,-0.006820917
1736099869715,-6.018056,1.596001,0.2737474,-0.9910334,0.03053206,0.1300809,0,0,0,-6.063576,0.7761253,0.05879784,-0.5775753,-0.6705024,-0.4656544,0,0,0,-6.118064,0.840852,0.4480133,-0.740734,-0.6380955,0.2101131,0,0,0,-0.006820917
1736099869739,-6.049587,1.600839,0.2759151,-0.991336,0.02486956,0.1289757,-2.36485,0.3628224,0.1625776,-6.108097,0.7867701,0.06072903,-0.6239818,-0.6490646,-0.4351584,-3.3391,0.798364,0.1448393,-6.143728,0.8455684,0.4514818,-0.7502121,-0.6345927,0.1856723,-1.924825,0.3537297,0.2601385,-0.006820917
1736099869743,-6.049587,1.600839,0.2759151,-0.991336,0.02486956,0.1289757,0,0,0,-6.108097,0.7867701,0.06072903,-0.6239818,-0.6490646,-0.4351584,0,0,0,-6.143728,0.8455684,0.4514818,-0.7502121,-0.6345927,0.1856723,0,0,0,-0.006820917
1736099869767,-6.080995,1.605482,0.2782488,-0.9913231,0.02503798,0.1290425,-2.355552,0.3482133,0.1750231,-6.153773,0.8000808,0.05897141,-0.6480107,-0.6172001,-0.4462584,-3.425717,0.9983048,-0.1318216,-6.169849,0.8483763,0.4609003,-0.7372732,-0.6393425,0.2183342,-1.959085,0.2105936,0.7063866,-0.006820917
1736099869771,-6.080995,1.605482,0.2782488,-0.9913231,0.02503798,0.1290425,0,0,0,-6.153773,0.8000808,0.05897141,-0.6480107,-0.6172001,-0.4462584,0,0,0,-6.169849,0.8483763,0.4609003,-0.7372732,-0.6393425,0.2183342,0,0,0,-0.006820917
1736099869795,-6.111052,1.606179,0.2809219,-0.991851,0.01869936,0.1260247,-2.254272,0.05228519,0.2004862,-6.197856,0.8095692,0.05910873,-0.6569824,-0.5983214,-0.4586792,-3.306198,0.7116303,0.01029968,-6.19591,0.8472033,0.4708681,-0.7101355,-0.6489399,0.2731024,-1.954579,-0.08797199,0.7475853,-0.009622693
1736099869798,-6.111052,1.606179,0.2809219,-0.991851,0.01869936,0.1260247,0,0,0,-6.197856,0.8095692,0.05910873,-0.6569824,-0.5983214,-0.4586792,0,0,0,-6.19591,0.8472033,0.4708681,-0.7101355,-0.6489399,0.2731024,0,0,0,-0.009622693
1736099869823,-6.141129,1.606144,0.2836084,-0.9922308,0.01832637,0.123055,-2.255774,-0.002619624,0.2014875,-6.241165,0.8192884,0.06193924,-0.6768309,-0.5800353,-0.4532763,-3.248191,0.7289395,0.2122879,-6.221494,0.8447044,0.4784336,-0.6883955,-0.6595213,0.3018995,-1.918745,-0.1874194,0.5674124,-0.01199889
1736099869827,-6.141129,1.606144,0.2836084,-0.9922308,0.01832637,0.123055,0,0,0,-6.241165,0.8192884,0.06193924,-0.6768309,-0.5800353,-0.4532763,0,0,0,-6.221494,0.8447044,0.4784336,-0.6883955,-0.6595213,0.3018995,0,0,0,-0.01199889
1736099869850,-6.171378,1.605729,0.2863922,-0.9923558,0.02534032,0.1207822,-2.26872,-0.03110468,0.2087831,-6.284227,0.8292475,0.0660553,-0.7079691,-0.5556372,-0.4359448,-3.229666,0.7469326,0.3087044,-6.247631,0.8411995,0.4839115,-0.6822535,-0.6643612,0.3052124,-1.960301,-0.2628699,0.4108429,-0.01269829
1736099869854,-6.171378,1.605729,0.2863922,-0.9923558,0.02534032,0.1207822,0,0,0,-6.284227,0.8292475,0.0660553,-0.7079691,-0.5556372,-0.4359448,0,0,0,-6.247631,0.8411995,0.4839115,-0.6822535,-0.6643612,0.3052124,0,0,0,-0.01269829
1736099869858,-6.171378,1.605729,0.2863922,-0.9923558,0.02534032,0.1207822,0,0,0,-6.284227,0.8292475,0.0660553,-0.7079691,-0.5556372,-0.4359448,0,0,0,-6.247631,0.8411995,0.4839115,-0.6822535,-0.6643612,0.3052124,0,0,0,-0.01269829
1736099869878,-6.201866,1.604055,0.2892456,-0.9925835,0.03004873,0.1177931,-2.286601,-0.1255721,0.2140045,-6.325588,0.8373659,0.07063389,-0.7383946,-0.5288472,-0.4184434,-3.102064,0.6088793,0.3433943,-6.276035,0.8371683,0.4890814,-0.6790782,-0.6680576,0.3042238,-2.130318,-0.3023386,0.3877401,-0.01269829
1736099869882,-6.201866,1.604055,0.2892456,-0.9925835,0.03004873,0.1177931,0,0,0,-6.325588,0.8373659,0.07063389,-0.7383946,-0.5288472,-0.4184434,0,0,0,-6.276035,0.8371683,0.4890814,-0.6790782,-0.6680576,0.3042238,0,0,0,-0.01269829
1736099869906,-6.232577,1.600943,0.2922554,-0.9929218,0.03222897,0.114314,-2.303338,-0.2333611,0.2257347,-6.364257,0.842926,0.07519531,-0.7643805,-0.5042585,-0.4018044,-2.900147,0.417003,0.3421068,-6.305365,0.8328625,0.494421,-0.6749746,-0.66935,0.3104516,-2.199697,-0.3229335,0.4004717,-0.01269829
1736099869910,-6.232577,1.600943,0.2922554,-0.9929218,0.03222897,0.114314,0,0,0,-6.364257,0.842926,0.07519531,-0.7643805,-0.5042585,-0.4018044,0,0,0,-6.305365,0.8328625,0.494421,-0.6749746,-0.66935,0.3104516,0,0,0,-0.01269829
1736099869934,-6.26359,1.596201,0.2955437,-0.9935749,0.03266644,0.1083619,-2.32594,-0.3556788,0.2466202,-6.400747,0.8423761,0.07920837,-0.7802749,-0.4871862,-0.3922008,-2.736783,-0.04124343,0.3009796,-6.336925,0.8271767,0.4988365,-0.6726001,-0.6694045,0.3154474,-2.366996,-0.426431,0.3311634,-0.01269829
1736099869938,-6.26359,1.596201,0.2955437,-0.9935749,0.03266644,0.1083619,0,0,0,-6.400747,0.8423761,0.07920837,-0.7802749,-0.4871862,-0.3922008,0,0,0,-6.336925,0.8271767,0.4988365,-0.6726001,-0.6694045,0.3154474,0,0,0,-0.01269829
1736099869962,-6.295516,1.59137,0.2987833,-0.9941846,0.0349447,0.101864,-2.394462,-0.3623128,0.2429724,-6.435319,0.8399659,0.08239937,-0.7870224,-0.4771358,-0.3910725,-2.592874,-0.1807585,0.2393246,-6.369378,0.8207713,0.5020695,-0.6723866,-0.6702463,0.3141117,-2.434015,-0.480406,0.2424717,-0.01269829
1736099869966,-6.295516,1.59137,0.2987833,-0.9941846,0.0349447,0.101864,0,0,0,-6.435319,0.8399659,0.08239937,-0.7870224,-0.4771358,-0.3910725,0,0,0,-6.369378,0.8207713,0.5020695,-0.6723866,-0.6702463,0.3141117,0,0,0,-0.01269829
1736099869989,-6.328113,1.586991,0.3029995,-0.9944945,0.04134129,0.09629178,-2.444744,-0.3283918,0.3162146,-6.467535,0.8347557,0.08440304,-0.7833477,-0.4746188,-0.4013773,-2.416205,-0.390771,0.1502752,-6.40344,0.8139987,0.5045614,-0.6724603,-0.6728345,0.3083688,-2.554607,-0.5079478,0.1868963,-0.01269829
1736099869993,-6.328113,1.586991,0.3029995,-0.9944945,0.04134129,0.09629178,0,0,0,-6.467535,0.8347557,0.08440304,-0.7833477,-0.4746188,-0.4013773,0,0,0,-6.40344,0.8139987,0.5045614,-0.6724603,-0.6728345,0.3083688,0,0,0,-0.01269829
1736099870017,-6.361325,1.58332,0.3077049,-0.9947231,0.04503551,0.09218585,-2.49095,-0.2753198,0.3529072,-6.496058,0.8263478,0.08588696,-0.7681192,-0.4825295,-0.4209018,-2.139187,-0.6305918,0.1112938,-6.438245,0.8074101,0.5066805,-0.6747396,-0.6731839,0.3025724,-2.610397,-0.4941478,0.1589298,-0.01269829
1736099870022,-6.361325,1.58332,0.3077049,-0.9947231,0.04503551,0.09218585,0,0,0,-6.496058,0.8263478,0.08588696,-0.7681192,-0.4825295,-0.4209018,0,0,0,-6.438245,0.8074101,0.5066805,-0.6747396,-0.6731839,0.3025724,0,0,0,-0.01269829
1736099870045,-6.394989,1.580001,0.3127689,-0.9947874,0.04636876,0.09082109,-2.524781,-0.2489448,0.3798008,-6.520315,0.813861,0.08778858,-0.7414122,-0.5071152,-0.4394801,-1.819324,-0.9365112,0.142622,-6.47483,0.8033375,0.5080729,-0.6787521,-0.670971,0.298486,-2.743864,-0.3054455,0.1044273,-0.01269829
1736099870052,-6.394989,1.580001,0.3127689,-0.9947874,0.04636876,0.09082109,0,0,0,-6.520315,0.813861,0.08778858,-0.7414122,-0.5071152,-0.4394801,0,0,0,-6.47483,0.8033375,0.5080729,-0.6787521,-0.670971,0.298486,0,0,0,-0.01269829
1736099870073,-6.428269,1.57805,0.3179493,-0.9959216,0.03327962,0.08386147,-2.496028,-0.1463056,0.3885269,-6.541429,0.8000702,0.08952618,-0.7075054,-0.5393757,-0.4566298,-1.583505,-1.034304,0.1303196,-6.513502,0.8027528,0.5083447,-0.6824545,-0.6716978,0.2882328,-2.900434,-0.04384965,0.02038479,-0.01269829
1736099870077,-6.428269,1.57805,0.3179493,-0.9959216,0.03327962,0.08386147,0,0,0,-6.541429,0.8000702,0.08952618,-0.7075054,-0.5393757,-0.4566298,0,0,0,-6.513502,0.8027528,0.5083447,-0.6824545,-0.6716978,0.2882328,0,0,0,-0.01269829
1736099870082,-6.428269,1.57805,0.3179493,-0.9959216,0.03327962,0.08386147,0,0,0,-6.541429,0.8000702,0.08952618,-0.7075054,-0.5393757,-0.4566298,0,0,0,-6.513502,0.8027528,0.5083447,-0.6824545,-0.6716978,0.2882328,0,0,0,-0.01269829
1736099870099,-6.463369,1.586155,0.3231544,-0.9967886,0.0298971,0.07428902,-2.632499,0.6078601,0.3903866,-6.557755,0.7887591,0.08949375,-0.6667141,-0.568752,-0.4816786,-1.224446,-0.848338,-0.00243187,-6.549833,0.8032606,0.5093031,-0.6832842,-0.6759483,0.2760743,-2.724838,0.03808737,0.0718832,-0.01269829
1736099870105,-6.463369,1.586155,0.3231544,-0.9967886,0.0298971,0.07428902,0,0,0,-6.557755,0.7887591,0.08949375,-0.6667141,-0.568752,-0.4816786,0,0,0,-6.549833,0.8032606,0.5093031,-0.6832842,-0.6759483,0.2760743,0,0,0,-0.01269829
1736099870127,-6.498481,1.591045,0.3278904,-0.9966896,0.03933406,0.07115477,-2.633357,0.3667653,0.355196,-6.570217,0.7825898,0.08905411,-0.6039879,-0.6025323,-0.5216838,-0.9346962,-0.4626945,-0.03297329,-6.583062,0.8044693,0.5100517,-0.6688967,-0.6954111,0.2626421,-2.492166,0.09065419,0.05614758,-0.01269829
1736099870132,-6.498481,1.591045,0.3278904,-0.9966896,0.03933406,0.07115477,0,0,0,-6.570217,0.7825898,0.08905411,-0.6039879,-0.6025323,-0.5216838,0,0,0,-6.583062,0.8044693,0.5100517,-0.6688967,-0.6954111,0.2626421,0,0,0,-0.01269829
1736099870154,-6.530768,1.59227,0.3307018,-0.996388,0.04419724,0.07251096,-2.42157,0.09182096,0.2108574,-6.583405,0.7814155,0.09127998,-0.5282743,-0.6447076,-0.5525208,-0.9891272,-0.08807033,0.1669407,-6.618525,0.811291,0.5096159,-0.6770039,-0.6909548,0.2534713,-2.659678,0.5116224,-0.03268719,-0.01269829
1736099870159,-6.530768,1.59227,0.3307018,-0.996388,0.04419724,0.07251096,0,0,0,-6.583405,0.7814155,0.09127998,-0.5282743,-0.6447076,-0.5525208,0,0,0,-6.618525,0.811291,0.5096159,-0.6770039,-0.6909548,0.2534713,0,0,0,-0.01269829
1736099870182,-6.561631,1.59247,0.3326292,-0.997355,0.02964808,0.0663662,-2.314711,0.01502931,0.1445532,-6.602715,0.7827078,0.09763622,-0.508316,-0.6806866,-0.5275238,-1.448178,0.09691715,0.4767179,-6.659042,0.8231606,0.5070763,-0.7135718,-0.662208,0.2286835,-3.038836,0.8902207,-0.1904726,-0.01269829
1736099870187,-6.561631,1.59247,0.3326292,-0.997355,0.02964808,0.0663662,0,0,0,-6.602715,0.7827078,0.09763622,-0.508316,-0.6806866,-0.5275238,0,0,0,-6.659042,0.8231606,0.5070763,-0.7135718,-0.662208,0.2286835,0,0,0,-0.01269829
1736099870209,-6.593902,1.596791,0.3340788,-0.9977056,0.02774891,0.06175762,-2.420282,0.3240913,0.1087189,-6.625073,0.7830931,0.1015301,-0.545516,-0.6735342,-0.4987626,-1.676917,0.0289008,0.2920389,-6.697985,0.8333625,0.5048676,-0.7394793,-0.6475221,0.1840806,-2.920675,0.7651404,-0.1656532,-0.01269829
1736099870215,-6.593902,1.596791,0.3340788,-0.9977056,0.02774891,0.06175762,0,0,0,-6.625073,0.7830931,0.1015301,-0.545516,-0.6735342,-0.4987626,0,0,0,-6.697985,0.8333625,0.5048676,-0.7394793,-0.6475221,0.1840806,0,0,0,-0.01269829
1736099870237,-6.625327,1.59947,0.334383,-0.9977387,0.03342212,0.05831939,-2.356911,0.2008796,0.02281666,-6.647074,0.7840104,0.1018305,-0.5667742,-0.6572836,-0.4967351,-1.650023,0.06879419,0.02253056,-6.735989,0.8389856,0.5059891,-0.7483066,-0.6429635,0.1632035,-2.850294,0.4217371,0.08411407,-0.01269829
1736099870244,-6.625327,1.59947,0.334383,-0.9977387,0.03342212,0.05831939,0,0,0,-6.647074,0.7840104,0.1018305,-0.5667742,-0.6572836,-0.4967351,0,0,0,-6.735989,0.8389856,0.5059891,-0.7483066,-0.6429635,0.1632035,0,0,0,-0.01269829
1736099870265,-6.655866,1.602465,0.3334179,-0.9982876,0.02424114,0.05324465,-2.290392,0.2246529,-0.07238388,-6.66901,0.7862946,0.09867382,-0.5392149,-0.6602273,-0.5228273,-1.645231,0.1713172,-0.2367496,-6.772309,0.843935,0.5083475,-0.7577542,-0.6274199,0.1793135,-2.724051,0.3711998,0.1768827,-0.01269829
1736099870272,-6.655866,1.602465,0.3334179,-0.9982876,0.02424114,0.05324465,0,0,0,-6.66901,0.7862946,0.09867382,-0.5392149,-0.6602273,-0.5228273,0,0,0,-6.772309,0.843935,0.5083475,-0.7577542,-0.6274199,0.1793135,0,0,0,-0.01269829
1736099870293,-6.685468,1.604382,0.331996,-0.9990181,0.006906975,0.04376799,-2.220154,0.1437396,-0.1066446,-6.690467,0.7884864,0.09627056,-0.4840378,-0.6790367,-0.5519211,-1.609254,0.1643836,-0.1802444,-6.8076,0.8483572,0.5091724,-0.7585919,-0.6225857,0.1921604,-2.646804,0.3316686,0.06186962,-0.01269829
1736099870298,-6.685468,1.604382,0.331996,-0.9990181,0.006906975,0.04376799,0,0,0,-6.690467,0.7884864,0.09627056,-0.4840378,-0.6790367,-0.5519211,0,0,0,-6.8076,0.8483572,0.5091724,-0.7585919,-0.6225857,0.1921604,0,0,0,-0.01269829
1736099870321,-6.714576,1.606517,0.3298073,-0.9993899,-0.001153629,0.03490818,-2.183104,0.1601726,-0.1641512,-6.712512,0.7899829,0.09702015,-0.4594392,-0.6906874,-0.5584505,-1.653385,0.1122415,0.0562191,-6.841854,0.8524938,0.5074539,-0.7608888,-0.6205265,0.1897252,-2.569056,0.3102422,-0.1288891,-0.01315856
1736099870326,-6.714576,1.606517,0.3298073,-0.9993899,-0.001153629,0.03490818,0,0,0,-6.712512,0.7899829,0.09702015,-0.4594392,-0.6906874,-0.5584505,0,0,0,-6.841854,0.8524938,0.5074539,-0.7608888,-0.6205265,0.1897252,0,0,0,-0.01315856
1736099870349,-6.743451,1.606215,0.3273439,-0.9996385,0.003277756,0.02669477,-2.165651,-0.02266467,-0.1847506,-6.736391,0.7880796,0.09834671,-0.4644771,-0.6921886,-0.5523914,-1.790929,-0.1427516,0.09949207,-6.875214,0.8555478,0.503418,-0.768905,-0.6163666,0.169934,-2.501965,0.2290562,-0.3026962,-0.01532757
1736099870353,-6.743451,1.606215,0.3273439,-0.9996385,0.003277756,0.02669477,0,0,0,-6.736391,0.7880796,0.09834671,-0.4644771,-0.6921886,-0.5523914,0,0,0,-6.875214,0.8555478,0.503418,-0.768905,-0.6163666,0.169934,0,0,0,-0.01532757
1736099870377,-6.772245,1.605812,0.324276,-0.9997275,0.01308392,0.01934284,-2.159572,-0.03021061,-0.2300978,-6.762336,0.7864131,0.09830952,-0.4721469,-0.6913105,-0.5469625,-1.945853,-0.1249865,-0.002789497,-6.909259,0.8606173,0.4974298,-0.7829,-0.6055736,0.1426479,-2.553391,0.3802121,-0.4491091,-0.01610374
1736099870382,-6.772245,1.605812,0.324276,-0.9997275,0.01308392,0.01934284,0,0,0,-6.762336,0.7864131,0.09830952,-0.4721469,-0.6913105,-0.5469625,0,0,0,-6.909259,0.8606173,0.4974298,-0.7829,-0.6055736,0.1426479,0,0,0,-0.01610374
1736099870405,-6.801377,1.604579,0.3209496,-0.9997166,0.02081651,0.01155668,-2.184892,-0.09252727,-0.2494812,-6.78928,0.785052,0.09671783,-0.4592396,-0.69453,-0.55383,-2.020812,-0.1020804,-0.1193762,-6.942669,0.8647724,0.4915438,-0.7939998,-0.5954415,0.1225308,-2.505755,0.3116325,-0.4414558,-0.01610374
1736099870409,-6.801377,1.604579,0.3209496,-0.9997166,0.02081651,0.01155668,0,0,0,-6.78928,0.785052,0.09671783,-0.4592396,-0.69453,-0.55383,0,0,0,-6.942669,0.8647724,0.4915438,-0.7939998,-0.5954415,0.1225308,0,0,0,-0.01610374
1736099870433,-6.831419,1.601671,0.3170929,-0.9996114,0.02751183,0.00453639,-2.253127,-0.2180815,-0.2892494,-6.817461,0.7821637,0.09460926,-0.4426114,-0.6965567,-0.5647168,-2.113581,-0.2166197,-0.158143,-6.975403,0.8666441,0.4861555,-0.8007699,-0.5889574,0.1090744,-2.455044,0.1403734,-0.4041195,-0.01610374
1736099870438,-6.831419,1.601671,0.3170929,-0.9996114,0.02751183,0.00453639,0,0,0,-6.817461,0.7821637,0.09460926,-0.4426114,-0.6965567,-0.5647168,0,0,0,-6.975403,0.8666441,0.4861555,-0.8007699,-0.5889574,0.1090744,0,0,0,-0.01610374
1736099870461,-6.861451,1.597464,0.3126402,-0.9995087,0.0311061,-0.003860235,-2.252412,-0.3155261,-0.3339529,-6.845979,0.777724,0.09314156,-0.4413618,-0.6955408,-0.5669422,-2.138829,-0.3329784,-0.1100779,-7.007692,0.8653428,0.4807148,-0.8054413,-0.584118,0.100353,-2.421713,-0.09759665,-0.4080534,-0.01610374
1736099870465,-6.861451,1.597464,0.3126402,-0.9995087,0.0311061,-0.003860235,0,0,0,-6.845979,0.777724,0.09314156,-0.4413618,-0.6955408,-0.5669422,0,0,0,-7.007692,0.8653428,0.4807148,-0.8054413,-0.584118,0.100353,0,0,0,-0.01610374
1736099870469,-6.861451,1.597464,0.3126402,-0.9995087,0.0311061,-0.003860235,0,0,0,-6.845979,0.777724,0.09314156,-0.4413618,-0.6955408,-0.5669422,0,0,0,-7.007692,0.8653428,0.4807148,-0.8054413,-0.584118,0.100353,0,0,0,-0.01610374
1736099870489,-6.891645,1.592276,0.3078985,-0.9995409,0.02771591,-0.01227486,-2.264571,-0.3890991,-0.3556252,-6.87631,0.7715971,0.09145546,-0.4449767,-0.6945522,-0.5653255,-2.274871,-0.4595205,-0.1264572,-7.039575,0.8604634,0.4752903,-0.8075057,-0.5824743,0.09305304,-2.391171,-0.3659561,-0.4068375,-0.01610374
1736099870494,-6.891645,1.592276,0.3078985,-0.9995409,0.02771591,-0.01227486,0,0,0,-6.87631,0.7715971,0.09145546,-0.4449767,-0.6945522,-0.5653255,0,0,0,-7.039575,0.8604634,0.4752903,-0.8075057,-0.5824743,0.09305304,0,0,0,-0.01610374
1736099870517,-6.922059,1.588124,0.302351,-0.9995556,0.02324036,-0.01867509,-2.281022,-0.3113866,-0.4160643,-6.905088,0.7656163,0.0893116,-0.4426374,-0.6976712,-0.5633183,-2.158356,-0.4485592,-0.1607895,-7.069992,0.8543671,0.4708319,-0.8081057,-0.5818461,0.09176427,-2.281308,-0.4572228,-0.3343821,-0.01610374
1736099870522,-6.922059,1.588124,0.302351,-0.9995556,0.02324036,-0.01867509,0,0,0,-6.905088,0.7656163,0.0893116,-0.4426374,-0.6976712,-0.5633183,0,0,0,-7.069992,0.8543671,0.4708319,-0.8081057,-0.5818461,0.09176427,0,0,0,-0.01610374
1736099870545,-6.95231,1.584479,0.2958641,-0.9996078,0.01735858,-0.02198148,-2.268791,-0.2733529,-0.486517,-6.934662,0.7606142,0.08650875,-0.4341754,-0.7047414,-0.5610983,-2.218008,-0.3751561,-0.2102137,-7.098592,0.8474718,0.4676437,-0.8040029,-0.5856953,0.1026683,-2.14498,-0.5171433,-0.23911,-0.01610374
1736099870549,-6.95231,1.584479,0.2958641,-0.9996078,0.01735858,-0.02198148,0,0,0,-6.934662,0.7606142,0.08650875,-0.4341754,-0.7047414,-0.5610983,0,0,0,-7.098592,0.8474718,0.4676437,-0.8040029,-0.5856953,0.1026683,0,0,0,-0.01610374
1736099870573,-6.981671,1.581079,0.2890215,-0.9996313,0.01220825,-0.02425754,-2.202129,-0.2550602,-0.513196,-6.966959,0.757848,0.082407,-0.4264005,-0.71206,-0.5578114,-2.422285,-0.2074689,-0.3076315,-7.125572,0.840834,0.4643221,-0.7931333,-0.5976563,0.1172487,-2.02353,-0.4978403,-0.2491236,-0.01610374
1736099870577,-6.981671,1.581079,0.2890215,-0.9996313,0.01220825,-0.02425754,0,0,0,-6.966959,0.757848,0.082407,-0.4264005,-0.71206,-0.5578114,0,0,0,-7.125572,0.840834,0.4643221,-0.7931333,-0.5976563,0.1172487,0,0,0,-0.01610374
1736099870600,-7.012608,1.587563,0.2818947,-0.9996893,0.002640726,-0.02479255,-2.320218,0.4863203,-0.5345106,-7.0013,0.7581627,0.07702065,-0.4226471,-0.7153701,-0.5564313,-2.575564,0.02360791,-0.4039764,-7.151313,0.8369315,0.4619293,-0.7822348,-0.609125,0.1306744,-1.930547,-0.2926871,-0.1794577,-0.01610374
1736099870605,-7.012608,1.587563,0.2818947,-0.9996893,0.002640726,-0.02479255,0,0,0,-7.0013,0.7581627,0.07702065,-0.4226471,-0.7153701,-0.5564313,0,0,0,-7.151313,0.8369315,0.4619293,-0.7822348,-0.609125,0.1306744,0,0,0,-0.01610374
1736099870628,-7.044035,1.590479,0.2743416,-0.9997731,0.01685863,-0.01304615,-2.357054,0.2187252,-0.5664825,-7.035505,0.7623222,0.07085609,-0.4238623,-0.7184106,-0.5515683,-2.565408,0.3119588,-0.4623413,-7.173789,0.834467,0.4615221,-0.7620102,-0.6269757,0.1619949,-1.685715,-0.1848355,-0.03054142,-0.01610374
1736099870633,-7.044035,1.590479,0.2743416,-0.9997731,0.01685863,-0.01304615,0,0,0,-7.035505,0.7623222,0.07085609,-0.4238623,-0.7184106,-0.5515683,0,0,0,-7.173789,0.834467,0.4615221,-0.7620102,-0.6269757,0.1619949,0,0,0,-0.01610374
1736099870656,-7.073073,1.594907,0.2668543,-0.9996569,0.02204711,-0.01415038,-2.177882,0.3321111,-0.5615473,-7.070471,0.7700118,0.06544685,-0.4498411,-0.7020836,-0.5520165,-2.622414,0.5767241,-0.4056931,-7.194562,0.8346148,0.4596949,-0.739965,-0.6454827,0.1892203,-1.55797,0.01108646,-0.137043,-0.01610374
1736099870660,-7.073073,1.594907,0.2668543,-0.9996569,0.02204711,-0.01415038,0,0,0,-7.070471,0.7700118,0.06544685,-0.4498411,-0.7020836,-0.5520165,0,0,0,-7.194562,0.8346148,0.4596949,-0.739965,-0.6454827,0.1892203,0,0,0,-0.01610374
1736099870684,-7.101877,1.596036,0.2606544,-0.9995135,0.02098363,-0.02308202,-2.160287,0.08465052,-0.4649878,-7.108743,0.7794797,0.06181049,-0.4958331,-0.684837,-0.5339925,-2.870393,0.7100925,-0.272727,-7.216869,0.8374701,0.4550705,-0.7289448,-0.6606444,0.1794133,-1.673055,0.2141476,-0.3468275,-0.01610374
1736099870688,-7.101877,1.596036,0.2606544,-0.9995135,0.02098363,-0.02308202,0,0,0,-7.108743,0.7794797,0.06181049,-0.4958331,-0.684837,-0.5339925,0,0,0,-7.216869,0.8374701,0.4550705,-0.7289448,-0.6606444,0.1794133,0,0,0,-0.01610374
1736099870712,-7.130734,1.598836,0.2552471,-0.9994586,0.01680851,-0.02829003,-2.164292,0.2100348,-0.40555,-7.148939,0.7882317,0.05717945,-0.5413529,-0.6686279,-0.509779,-3.014731,0.6563947,-0.3473282,-7.24117,0.8405498,0.4508629,-0.7367786,-0.6578905,0.1560055,-1.822543,0.2309784,-0.3155708,-0.01610374
1736099870716,-7.130734,1.598836,0.2552471,-0.9994586,0.01680851,-0.02829003,0,0,0,-7.148939,0.7882317,0.05717945,-0.5413529,-0.6686279,-0.509779,0,0,0,-7.24117,0.8405498,0.4508629,-0.7367786,-0.6578905,0.1560055,0,0,0,-0.01610374
1736099870739,-7.159055,1.601321,0.2506657,-0.9994738,0.01087582,-0.03056383,-2.124023,0.1863778,-0.3436089,-7.189103,0.7964499,0.05021667,-0.5685412,-0.6525056,-0.5009971,-3.0123,0.6163672,-0.5222082,-7.266441,0.8435349,0.4495106,-0.7460486,-0.6490918,0.1486315,-1.895356,0.223884,-0.1014233,-0.01610374
1736099870744,-7.159055,1.601321,0.2506657,-0.9994738,0.01087582,-0.03056383,0,0,0,-7.189103,0.7964499,0.05021667,-0.5685412,-0.6525056,-0.5009971,0,0,0,-7.266441,0.8435349,0.4495106,-0.7460486,-0.6490918,0.1486315,0,0,0,-0.01610374
1736099870767,-7.187402,1.605149,0.2464323,-0.9995299,0.005000088,-0.03025842,-2.126026,0.2870858,-0.317502,-7.22757,0.8029175,0.0420475,-0.5815397,-0.6351476,-0.5083306,-2.884984,0.4850686,-0.6126881,-7.292583,0.8465348,0.4520836,-0.739486,-0.6471717,0.1852822,-1.960659,0.2249926,0.192976,-0.01610374
1736099870772,-7.187402,1.605149,0.2464323,-0.9995299,0.005000088,-0.03025842,0,0,0,-7.22757,0.8029175,0.0420475,-0.5815397,-0.6351476,-0.5083306,0,0,0,-7.292583,0.8465348,0.4520836,-0.739486,-0.6471717,0.1852822,0,0,0,-0.01610374
1736099870776,-7.187402,1.605149,0.2464323,-0.9995299,0.005000088,-0.03025842,0,0,0,-7.22757,0.8029175,0.0420475,-0.5815397,-0.6351476,-0.5083306,0,0,0,-7.292583,0.8465348,0.4520836,-0.739486,-0.6471717,0.1852822,0,0,0,-0.01610374
1736099870795,-7.214842,1.606489,0.2430115,-0.9995871,-0.002151453,-0.02865529,-2.058005,0.1004577,-0.2565622,-7.264791,0.8083102,0.03590202,-0.5913783,-0.6199869,-0.5156436,-2.791572,0.4044503,-0.4609108,-7.317766,0.8478097,0.4535961,-0.7211786,-0.6543774,0.2273587,-1.888704,0.09561628,0.1134396,-0.01701701
1736099870799,-7.214842,1.606489,0.2430115,-0.9995871,-0.002151453,-0.02865529,0,0,0,-7.264791,0.8083102,0.03590202,-0.5913783,-0.6199869,-0.5156436,0,0,0,-7.317766,0.8478097,0.4535961,-0.7211786,-0.6543774,0.2273587,0,0,0,-0.01701701
1736099870823,-7.2426,1.606169,0.2400608,-0.9996416,-0.004664984,-0.02637219,-2.081895,-0.02397001,-0.2213001,-7.301381,0.8129382,0.03119278,-0.6039923,-0.6080285,-0.5152621,-2.744293,0.3471047,-0.3531933,-7.34217,0.8466846,0.452755,-0.7111942,-0.6581928,0.2469521,-1.830268,-0.0843823,-0.06308556,-0.01936162
1736099870827,-7.2426,1.606169,0.2400608,-0.9996416,-0.004664984,-0.02637219,0,0,0,-7.301381,0.8129382,0.03119278,-0.6039923,-0.6080285,-0.5152621,0,0,0,-7.34217,0.8466846,0.452755,-0.7111942,-0.6581928,0.2469521,0,0,0,-0.01936162
1736099870850,-7.270093,1.605828,0.23703,-0.9996942,-0.0002586283,-0.02472734,-2.061939,-0.0256151,-0.2273083,-7.339049,0.8174114,0.02916622,-0.6268039,-0.5963038,-0.5015364,-2.825117,0.3354907,-0.1519918,-7.366773,0.8451357,0.4495468,-0.7104989,-0.6606586,0.2423256,-1.845217,-0.1161665,-0.240612,-0.0203042
1736099870854,-7.270093,1.605828,0.23703,-0.9996942,-0.0002586283,-0.02472734,0,0,0,-7.339049,0.8174114,0.02916622,-0.6268039,-0.5963038,-0.5015364,0,0,0,-7.366773,0.8451357,0.4495468,-0.7104989,-0.6606586,0.2423256,0,0,0,-0.0203042
1736099870878,-7.297325,1.605094,0.2339163,-0.9997118,0.004229611,-0.02364075,-2.042413,-0.05500317,-0.233531,-7.374362,0.8221344,0.02787399,-0.6526126,-0.5825443,-0.4844987,-2.648449,0.3542215,-0.09691715,-7.391668,0.8430584,0.4461746,-0.7109728,-0.6635007,0.2329909,-1.867175,-0.1558006,-0.2529144,-0.0203042
1736099870882,-7.297325,1.605094,0.2339163,-0.9997118,0.004229611,-0.02364075,0,0,0,-7.374362,0.8221344,0.02787399,-0.6526126,-0.5825443,-0.4844987,0,0,0,-7.391668,0.8430584,0.4461746,-0.7109728,-0.6635007,0.2329909,0,0,0,-0.0203042
1736099870906,-7.324718,1.602759,0.2308617,-0.9996983,0.008276466,-0.02314258,-2.054501,-0.1751572,-0.2290964,-7.409463,0.8258798,0.02704239,-0.67713,-0.5664157,-0.4697542,-2.63257,0.2809033,-0.0623703,-7.419967,0.8396174,0.4430656,-0.7079995,-0.6660849,0.2346652,-2.122378,-0.2580732,-0.2331734,-0.0203042
1736099870910,-7.324718,1.602759,0.2308617,-0.9996983,0.008276466,-0.02314258,0,0,0,-7.409463,0.8258798,0.02704239,-0.67713,-0.5664157,-0.4697542,0,0,0,-7.419967,0.8396174,0.4430656,-0.7079995,-0.6660849,0.2346652,0,0,0,-0.0203042
1736099870934,-7.35282,1.599443,0.2277737,-0.9996557,0.01271474,-0.02295756,-2.107644,-0.2486497,-0.2315998,-7.443197,0.826565,0.02603722,-0.6953129,-0.5544983,-0.4572449,-2.530074,0.05139112,-0.07538795,-7.449069,0.8355455,0.4397049,-0.7035733,-0.6685285,0.2409451,-2.182674,-0.3053918,-0.2520561,-0.0203042
1736099870938,-7.35282,1.599443,0.2277737,-0.9996557,0.01271474,-0.02295756,0,0,0,-7.443197,0.826565,0.02603722,-0.6953129,-0.5544983,-0.4572449,0,0,0,-7.449069,0.8355455,0.4397049,-0.7035733,-0.6685285,0.2409451,0,0,0,-0.0203042
1736099870961,-7.381526,1.594992,0.224411,-0.9995282,0.01954307,-0.02370656,-2.15292,-0.3338724,-0.2521992,-7.47559,0.8247415,0.0245285,-0.7047568,-0.5463218,-0.4526047,-2.429438,-0.1367569,-0.1131535,-7.479177,0.8305507,0.4354467,-0.7013434,-0.6699564,0.2434671,-2.258062,-0.3746107,-0.3193617,-0.0203042
1736099870965,-7.381526,1.594992,0.224411,-0.9995282,0.01954307,-0.02370656,0,0,0,-7.47559,0.8247415,0.0245285,-0.7047568,-0.5463218,-0.4526047,0,0,0,-7.479177,0.8305507,0.4354467,-0.7013434,-0.6699564,0.2434671,0,0,0,-0.0203042
1736099870989,-7.411366,1.591352,0.221777,-0.9992764,0.02843297,-0.02527654,-2.238035,-0.2730042,-0.1975536,-7.506277,0.8180851,0.02249241,-0.7029279,-0.5443904,-0.4577466,-2.30155,-0.4992351,-0.1527071,-7.511075,0.8247042,0.429697,-0.7038454,-0.6695185,0.237375,-2.392387,-0.438492,-0.4312277,-0.0203042
1736099870993,-7.411366,1.591352,0.221777,-0.9992764,0.02843297,-0.02527654,0,0,0,-7.506277,0.8180851,0.02249241,-0.7029279,-0.5443904,-0.4577466,0,0,0,-7.511075,0.8247042,0.429697,-0.7038454,-0.6695185,0.237375,0,0,0,-0.0203042
1736099871017,-7.441642,1.587707,0.2198172,-0.9991492,0.03235023,-0.02558935,-2.270651,-0.2733886,-0.1469851,-7.534236,0.8093171,0.02003956,-0.6893688,-0.5522792,-0.4687843,-2.096915,-0.6576017,-0.1839638,-7.544086,0.8190501,0.4230528,-0.7088524,-0.6681877,0.2259508,-2.475786,-0.4240572,-0.4983187,-0.0203042
1736099871021,-7.441642,1.587707,0.2198172,-0.9991492,0.03235023,-0.02558935,0,0,0,-7.534236,0.8093171,0.02003956,-0.6893688,-0.5522792,-0.4687843,0,0,0,-7.544086,0.8190501,0.4230528,-0.7088524,-0.6681877,0.2259508,0,0,0,-0.0203042
1736099871045,-7.472508,1.585079,0.2182503,-0.9992589,0.03059686,-0.02336311,-2.314997,-0.197053,-0.1175165,-7.559008,0.7988158,0.01829529,-0.6616769,-0.5736997,-0.4827552,-1.857877,-0.7875904,-0.1308203,-7.578736,0.8166295,0.4165611,-0.7182038,-0.6623626,0.2132109,-2.59881,-0.1815408,-0.4868746,-0.0203042
1736099871050,-7.472508,1.585079,0.2182503,-0.9992589,0.03059686,-0.02336311,0,0,0,-7.559008,0.7988158,0.01829529,-0.6616769,-0.5736997,-0.4827552,0,0,0,-7.578736,0.8166295,0.4165611,-0.7182038,-0.6623626,0.2132109,0,0,0,-0.0203042
1736099871073,-7.50353,1.582555,0.217063,-0.9993841,0.02986345,-0.01843822,-2.326584,-0.1892924,-0.08904934,-7.580137,0.7879761,0.0170908,-0.6301832,-0.6013845,-0.4911275,-1.584721,-0.8129776,-0.0903368,-7.615356,0.8186647,0.4104519,-0.7290094,-0.6506401,0.212634,-2.746511,0.1526356,-0.4581928,-0.0203042
1736099871077,-7.50353,1.582555,0.217063,-0.9993841,0.02986345,-0.01843822,0,0,0,-7.580137,0.7879761,0.0170908,-0.6301832,-0.6013845,-0.4911275,0,0,0,-7.615356,0.8186647,0.4104519,-0.7290094,-0.6506401,0.212634,0,0,0,-0.0203042
1736099871100,-7.534982,1.581498,0.2154417,-0.9995815,0.01968542,-0.02119994,-2.358913,-0.07930398,-0.1215935,-7.601259,0.7786071,0.01572514,-0.6020367,-0.6318701,-0.488152,-1.584148,-0.7026762,-0.1024246,-7.653115,0.8223591,0.4044275,-0.7377092,-0.6406217,0.2130478,-2.831912,0.2770811,-0.451827,-0.0203042
1736099871105,-7.534982,1.581498,0.2154417,-0.9995815,0.01968542,-0.02119994,0,0,0,-7.601259,0.7786071,0.01572514,-0.6020367,-0.6318701,-0.488152,0,0,0,-7.653115,0.8223591,0.4044275,-0.7377092,-0.6406217,0.2130478,0,0,0,-0.0203042
1736099871128,-7.56746,1.588579,0.2140713,-0.9993241,0.02207766,-0.02939236,-2.435875,0.5310774,-0.1027822,-7.622976,0.773993,0.01095295,-0.5771525,-0.6472103,-0.4980109,-1.62878,-0.3460631,-0.357914,-7.688745,0.8240988,0.3990431,-0.7360133,-0.6443889,0.2074795,-2.672267,0.1304761,-0.4038334,-0.0203042
1736099871132,-7.56746,1.588579,0.2140713,-0.9993241,0.02207766,-0.02939236,0,0,0,-7.622976,0.773993,0.01095295,-0.5771525,-0.6472103,-0.4980109,0,0,0,-7.688745,0.8240988,0.3990431,-0.7360133,-0.6443889,0.2074795,0,0,0,-0.0203042
1736099871136,-7.56746,1.588579,0.2140713,-0.9993241,0.02207766,-0.02939236,0,0,0,-7.622976,0.773993,0.01095295,-0.5771525,-0.6472103,-0.4980109,0,0,0,-7.688745,0.8240988,0.3990431,-0.7360133,-0.6443889,0.2074795,0,0,0,-0.0203042
1736099871156,-7.600469,1.591936,0.2126312,-0.9987615,0.0395061,-0.03025079,-2.475643,0.2517968,-0.1080036,-7.645592,0.7764675,0.003684044,-0.5427668,-0.6594984,-0.5200641,-1.696157,0.185591,-0.5451679,-7.721735,0.8229666,0.394043,-0.7204712,-0.6633204,0.2023056,-2.474213,-0.08491427,-0.3750086,-0.0203042
1736099871160,-7.600469,1.591936,0.2126312,-0.9987615,0.0395061,-0.03025079,0,0,0,-7.645592,0.7764675,0.003684044,-0.5427668,-0.6594984,-0.5200641,0,0,0,-7.721735,0.8229666,0.394043,-0.7204712,-0.6633204,0.2023056,0,0,0,-0.0203042
1736099871184,-7.632028,1.593152,0.2100229,-0.9979846,0.05504372,-0.03158104,-2.366924,0.09118617,-0.1956224,-7.671259,0.7812766,-0.003359795,-0.5201649,-0.6673493,-0.532986,-1.925039,0.3606811,-0.5282879,-7.755162,0.8243259,0.3883276,-0.7213928,-0.6624743,0.2017934,-2.507043,0.1019463,-0.4286528,-0.0203042
1736099871188,-7.632028,1.593152,0.2100229,-0.9979846,0.05504372,-0.03158104,0,0,0,-7.671259,0.7812766,-0.003359795,-0.5201649,-0.6673493,-0.532986,0,0,0,-7.755162,0.8243259,0.3883276,-0.7213928,-0.6624743,0.2017934,0,0,0,-0.0203042
1736099871211,-7.663564,1.593185,0.2064323,-0.9977137,0.05417953,-0.04040599,-2.365208,0.002467632,-0.2692938,-7.702706,0.7880011,-0.01173306,-0.5308223,-0.6553549,-0.5373435,-2.358556,0.5043358,-0.6279945,-7.791694,0.8289963,0.3800545,-0.7394179,-0.648837,0.1796446,-2.739859,0.3502831,-0.6204844,-0.0203042
1736099871216,-7.663564,1.593185,0.2064323,-0.9977137,0.05417953,-0.04040599,0,0,0,-7.702706,0.7880011,-0.01173306,-0.5308223,-0.6553549,-0.5373435,0,0,0,-7.791694,0.8289963,0.3800545,-0.7394179,-0.648837,0.1796446,0,0,0,-0.0203042
1736099871239,-7.69617,1.595067,0.2021904,-0.9975833,0.04517366,-0.05279326,-2.445459,0.1411557,-0.3181458,-7.734859,0.793182,-0.02184677,-0.5569561,-0.626527,-0.5452194,-2.411485,0.3885671,-0.7585287,-7.828464,0.8330237,0.3709841,-0.754671,-0.6418011,0.1362472,-2.75774,0.3020525,-0.6802797,-0.0203042
1736099871244,-7.69617,1.595067,0.2021904,-0.9975833,0.04517366,-0.05279326,0,0,0,-7.734859,0.793182,-0.02184677,-0.5569561,-0.626527,-0.5452194,0,0,0,-7.828464,0.8330237,0.3709841,-0.754671,-0.6418011,0.1362472,0,0,0,-0.0203042
1736099871267,-7.727964,1.597361,0.196434,-0.9975314,0.0300059,-0.0634917,-2.384591,0.1720548,-0.4317284,-7.764757,0.797468,-0.03334236,-0.5648228,-0.6030058,-0.5633471,-2.242327,0.3214538,-0.8621693,-7.862772,0.8360186,0.3634348,-0.7631374,-0.6372244,0.1075493,-2.573133,0.2246171,-0.5661964,-0.0203042
1736099871271,-7.727964,1.597361,0.196434,-0.9975314,0.0300059,-0.0634917,0,0,0,-7.764757,0.797468,-0.03334236,-0.5648228,-0.6030058,-0.5633471,0,0,0,-7.862772,0.8360186,0.3634348,-0.7631374,-0.6372244,0.1075493,0,0,0,-0.0203042
1736099871295,-7.759885,1.599653,0.1902094,-0.9975903,0.01140931,-0.06843901,-2.394032,0.1719117,-0.4668474,-7.792224,0.8017271,-0.0448904,-0.5415539,-0.599315,-0.5895264,-2.060008,0.3194332,-0.8661032,-7.896608,0.8410339,0.3573713,-0.767741,-0.6320286,0.1054234,-2.537727,0.376153,-0.4547596,-0.0203042
1736099871299,-7.759885,1.599653,0.1902094,-0.9975903,0.01140931,-0.06843901,0,0,0,-7.792224,0.8017271,-0.0448904,-0.5415539,-0.599315,-0.5895264,0,0,0,-7.896608,0.8410339,0.3573713,-0.767741,-0.6320286,0.1054234,0,0,0,-0.0203042
1736099871323,-7.790072,1.600255,0.1833925,-0.9973388,-0.004027691,-0.07279634,-2.264071,0.04509687,-0.5112648,-7.818004,0.803697,-0.05491924,-0.5054094,-0.6068541,-0.613425,-1.933479,0.147745,-0.7521629,-7.931047,0.8493318,0.349329,-0.7728162,-0.626186,0.1031829,-2.582932,0.6223395,-0.6031752,-0.0203042
1736099871327,-7.790072,1.600255,0.1833925,-0.9973388,-0.004027691,-0.07279634,0,0,0,-7.818004,0.803697,-0.05491924,-0.5054094,-0.6068541,-0.613425,0,0,0,-7.931047,0.8493318,0.349329,-0.7728162,-0.626186,0.1031829,0,0,0,-0.0203042
1736099871350,-7.820683,1.601193,0.1766129,-0.9969673,-0.007696889,-0.07744277,-2.295828,0.07041693,-0.5084753,-7.843933,0.8034776,-0.06255722,-0.4801753,-0.6152388,-0.6252309,-1.944709,-0.01645535,-0.5728483,-7.966924,0.8589528,0.3392191,-0.7804363,-0.6196412,0.0834493,-2.690721,0.7215768,-0.7582426,-0.0203042
1736099871355,-7.820683,1.601193,0.1766129,-0.9969673,-0.007696889,-0.07744277,0,0,0,-7.843933,0.8034776,-0.06255722,-0.4801753,-0.6152388,-0.6252309,0,0,0,-7.966924,0.8589528,0.3392191,-0.7804363,-0.6196412,0.0834493,0,0,0,-0.0203042
1736099871378,-7.851723,1.600306,0.1696033,-0.9967273,7.766299E-05,-0.08083963,-2.327943,-0.06653666,-0.525713,-7.869801,0.8006744,-0.06834793,-0.4793322,-0.6153752,-0.6257436,-1.94006,-0.210245,-0.4343033,-8.00194,0.8658915,0.3288784,-0.7941404,-0.6051843,0.05561966,-2.626204,0.5203977,-0.7755518,-0.0203042
1736099871383,-7.851723,1.600306,0.1696033,-0.9967273,7.766299E-05,-0.08083963,0,0,0,-7.869801,0.8006744,-0.06834793,-0.4793322,-0.6153752,-0.6257436,0,0,0,-8.00194,0.8658915,0.3288784,-0.7941404,-0.6051843,0.05561966,0,0,0,-0.0203042
1736099871406,-7.882676,1.597838,0.1622295,-0.9962358,0.006849764,-0.08641696,-2.321506,-0.1851529,-0.5530357,-7.895613,0.7949497,-0.07393932,-0.479946,-0.6154889,-0.6251605,-1.935911,-0.4293546,-0.4193544,-8.036178,0.8691645,0.3193598,-0.805341,-0.5921303,0.02842039,-2.56784,0.2454758,-0.7138968,-0.0203042
1736099871410,-7.882676,1.597838,0.1622295,-0.9962358,0.006849764,-0.08641696,0,0,0,-7.895613,0.7949497,-0.07393932,-0.479946,-0.6154889,-0.6251605,0,0,0,-8.036178,0.8691645,0.3193598,-0.805341,-0.5921303,0.02842039,0,0,0,-0.0203042
1736099871434,-7.914489,1.594262,0.1549683,-0.9957814,0.009434786,-0.0912739,-2.38595,-0.2681583,-0.5445957,-7.920615,0.7870492,-0.08015728,-0.4592572,-0.6234141,-0.6328021,-1.875186,-0.5925313,-0.4663467,-8.070769,0.868782,0.3114271,-0.8112351,-0.5845845,0.01259881,-2.594376,-0.02868623,-0.5949497,-0.0203042
1736099871438,-7.914489,1.594262,0.1549683,-0.9957814,0.009434786,-0.0912739,0,0,0,-7.920615,0.7870492,-0.08015728,-0.4592572,-0.6234141,-0.6328021,0,0,0,-8.070769,0.868782,0.3114271,-0.8112351,-0.5845845,0.01259881,0,0,0,-0.0203042
1736099871461,-7.946245,1.589508,0.1472931,-0.9955868,0.01219849,-0.09305191,-2.38173,-0.3565907,-0.5756378,-7.94593,0.7754529,-0.08580017,-0.4225177,-0.6434366,-0.6383326,-1.898575,-0.8697242,-0.4232168,-8.105297,0.8653509,0.3052559,-0.8149291,-0.5793851,0.01427573,-2.589583,-0.2573311,-0.462842,-0.0203042
1736099871466,-7.946245,1.589508,0.1472931,-0.9955868,0.01219849,-0.09305191,0,0,0,-7.94593,0.7754529,-0.08580017,-0.4225177,-0.6434366,-0.6383326,0,0,0,-8.105297,0.8653509,0.3052559,-0.8149291,-0.5793851,0.01427573,0,0,0,-0.0203042
1736099871469,-7.946245,1.589508,0.1472931,-0.9955868,0.01219849,-0.09305191,0,0,0,-7.94593,0.7754529,-0.08580017,-0.4225177,-0.6434366,-0.6383326,0,0,0,-8.105297,0.8653509,0.3052559,-0.8149291,-0.5793851,0.01427573,0,0,0,-0.0203042
1736099871489,-7.979049,1.584463,0.1395655,-0.9955918,0.01590991,-0.09243619,-2.460265,-0.3783613,-0.5795717,-7.971272,0.7638783,-0.09103298,-0.3910885,-0.6607354,-0.6406865,-1.900721,-0.8680925,-0.3924608,-8.139275,0.8586723,0.2999134,-0.8147188,-0.5792868,0.0256995,-2.548313,-0.5008936,-0.4006863,-0.0203042
1736099871493,-7.979049,1.584463,0.1395655,-0.9955918,0.01590991,-0.09243619,0,0,0,-7.971272,0.7638783,-0.09103298,-0.3910885,-0.6607354,-0.6406865,0,0,0,-8.139275,0.8586723,0.2999134,-0.8147188,-0.5792868,0.0256995,0,0,0,-0.0203042
1736099871517,-8.012464,1.580069,0.1312447,-0.9957417,0.01605266,-0.09078228,-2.506113,-0.3295451,-0.6240606,-7.997487,0.7521116,-0.09585285,-0.3662213,-0.674283,-0.6412685,-1.966095,-0.8825094,-0.3614902,-8.170969,0.8511155,0.2950296,-0.8121272,-0.5822356,0.03810185,-2.377081,-0.5667597,-0.3662825,-0.0203042
1736099871521,-8.012464,1.580069,0.1312447,-0.9957417,0.01605266,-0.09078228,0,0,0,-7.997487,0.7521116,-0.09585285,-0.3662213,-0.674283,-0.6412685,0,0,0,-8.170969,0.8511155,0.2950296,-0.8121272,-0.5822356,0.03810185,0,0,0,-0.0203042
1736099871545,-8.046766,1.576488,0.1225023,-0.9961521,0.01420477,-0.08648503,-2.572703,-0.2685606,-0.6556749,-8.025434,0.7426056,-0.1005678,-0.3490556,-0.687204,-0.6371113,-2.095985,-0.712949,-0.3536224,-8.200875,0.8418402,0.2911329,-0.8058028,-0.5894147,0.05720818,-2.24297,-0.6956488,-0.2922535,-0.0203042
1736099871549,-8.046766,1.576488,0.1225023,-0.9961521,0.01420477,-0.08648503,0,0,0,-8.025434,0.7426056,-0.1005678,-0.3490556,-0.687204,-0.6371113,0,0,0,-8.200875,0.8418402,0.2911329,-0.8058028,-0.5894147,0.05720818,0,0,0,-0.0203042
1736099871572,-8.081718,1.57319,0.1134567,-0.9964932,0.01349391,-0.08257997,-2.621412,-0.2473354,-0.6784201,-8.0562,0.7366905,-0.1065245,-0.3374103,-0.7001776,-0.6292106,-2.307487,-0.4436284,-0.4467487,-8.227586,0.8328469,0.287694,-0.7910134,-0.6068197,0.07789975,-2.003288,-0.6744951,-0.2579212,-0.0203042
1736099871577,-8.081718,1.57319,0.1134567,-0.9964932,0.01349391,-0.08257997,0,0,0,-8.0562,0.7366905,-0.1065245,-0.3374103,-0.7001776,-0.6292106,0,0,0,-8.227586,0.8328469,0.287694,-0.7910134,-0.6068197,0.07789975,0,0,0,-0.0203042
1736099871600,-8.116916,1.57405,0.1042309,-0.9966825,-0.004883939,-0.08124363,-2.639794,0.06447136,-0.6919384,-8.091805,0.7348306,-0.1151791,-0.3321736,-0.7094122,-0.6216074,-2.670336,-0.1394928,-0.6490946,-8.253264,0.8249429,0.2846489,-0.7690629,-0.6325767,0.09159219,-1.925898,-0.592804,-0.2283812,-0.0203042
1736099871605,-8.116916,1.57405,0.1042309,-0.9966825,-0.004883939,-0.08124363,0,0,0,-8.091805,0.7348306,-0.1151791,-0.3321736,-0.7094122,-0.6216074,0,0,0,-8.253264,0.8249429,0.2846489,-0.7690629,-0.6325767,0.09159219,0,0,0,-0.0203042
1736099871628,-8.15466,1.580192,0.09444618,-0.9978346,0.005210251,-0.06557286,-2.830839,0.4606605,-0.7338524,-8.129136,0.737842,-0.1257515,-0.3284592,-0.7103815,-0.6224736,-2.799869,0.2258509,-0.7929325,-8.276925,0.8200853,0.2844696,-0.749893,-0.6509753,0.1178643,-1.774549,-0.3643155,-0.01344681,-0.0203042
1736099871632,-8.15466,1.580192,0.09444618,-0.9978346,0.005210251,-0.06557286,0,0,0,-8.129136,0.737842,-0.1257515,-0.3284592,-0.7103815,-0.6224736,0,0,0,-8.276925,0.8200853,0.2844696,-0.749893,-0.6509753,0.1178643,0,0,0,-0.0203042
1736099871656,-8.191741,1.585692,0.08594894,-0.998515,0.007717226,-0.05393326,-2.781057,0.4125327,-0.6372929,-8.167445,0.745387,-0.135047,-0.3472123,-0.7018309,-0.6219945,-2.873182,0.565879,-0.6971598,-8.297407,0.8176681,0.2850237,-0.7217301,-0.6721573,0.1652594,-1.536155,-0.1812905,0.04155636,-0.0203042
1736099871661,-8.191741,1.585692,0.08594894,-0.998515,0.007717226,-0.05393326,0,0,0,-8.167445,0.745387,-0.135047,-0.3472123,-0.7018309,-0.6219945,0,0,0,-8.297407,0.8176681,0.2850237,-0.7217301,-0.6721573,0.1652594,0,0,0,-0.0203042
1736099871684,-8.22747,1.586558,0.07990646,-0.9989704,-0.003407139,-0.04524279,-2.679706,0.06494522,-0.453186,-8.210346,0.7556379,-0.1410561,-0.3939022,-0.6787226,-0.6198204,-3.217578,0.768815,-0.4506826,-8.31838,0.8198065,0.281992,-0.6938463,-0.6957709,0.1856895,-1.57299,0.1603737,-0.2273798,-0.0203042
1736099871689,-8.22747,1.586558,0.07990646,-0.9989704,-0.003407139,-0.04524279,0,0,0,-8.210346,0.7556379,-0.1410561,-0.3939022,-0.6787226,-0.6198204,0,0,0,-8.31838,0.8198065,0.281992,-0.6938463,-0.6957709,0.1856895,0,0,0,-0.0203042
1736099871711,-8.262519,1.588912,0.07547188,-0.9989271,-0.02707762,-0.03757536,-2.628636,0.1765251,-0.3325939,-8.254009,0.7638394,-0.1444244,-0.4611701,-0.6636053,-0.5890254,-3.274727,0.6151155,-0.2526283,-8.342092,0.8253613,0.2760315,-0.689906,-0.7055395,0.1620007,-1.77834,0.4166141,-0.4470348,-0.0203042
1736099871716,-8.262519,1.588912,0.07547188,-0.9989271,-0.02707762,-0.03757536,0,0,0,-8.254009,0.7638394,-0.1444244,-0.4611701,-0.6636053,-0.5890254,0,0,0,-8.342092,0.8253613,0.2760315,-0.689906,-0.7055395,0.1620007,0,0,0,-0.0203042
1736099871739,-8.296725,1.592131,0.07253933,-0.9986878,-0.04420251,-0.02586818,-2.565479,0.2414435,-0.2199411,-8.299374,0.7722893,-0.1494598,-0.5049422,-0.6585357,-0.5580006,-3.402328,0.6337434,-0.377655,-8.367964,0.8308264,0.2726736,-0.7004083,-0.7002123,0.1383153,-1.940417,0.4098818,-0.2518415,-0.0203042
1736099871744,-8.296725,1.592131,0.07253933,-0.9986878,-0.04420251,-0.02586818,0,0,0,-8.299374,0.7722893,-0.1494598,-0.5049422,-0.6585357,-0.5580006,0,0,0,-8.367964,0.8308264,0.2726736,-0.7004083,-0.7002123,0.1383153,0,0,0,-0.0203042
1736099871767,-8.330634,1.59655,0.07274532,-0.9985728,-0.05247857,-0.009927392,-2.543163,0.3314137,0.01544952,-8.342611,0.7799587,-0.1560249,-0.5276934,-0.6432174,-0.5548081,-3.242826,0.5751997,-0.492382,-8.395062,0.8372288,0.2735615,-0.7029732,-0.6940263,0.1554247,-2.032399,0.480178,0.06659031,-0.0203042
1736099871772,-8.330634,1.59655,0.07274532,-0.9985728,-0.05247857,-0.009927392,0,0,0,-8.342611,0.7799587,-0.1560249,-0.5276934,-0.6432174,-0.5548081,0,0,0,-8.395062,0.8372288,0.2735615,-0.7029732,-0.6940263,0.1554247,0,0,0,-0.0203042
1736099871776,-8.330634,1.59655,0.07274532,-0.9985728,-0.05247857,-0.009927392,0,0,0,-8.342611,0.7799587,-0.1560249,-0.5276934,-0.6432174,-0.5548081,0,0,0,-8.395062,0.8372288,0.2735615,-0.7029732,-0.6940263,0.1554247,0,0,0,-0.0203042
1736099871795,-8.36279,1.598868,0.07153606,-0.9984615,-0.05511124,0.006143451,-2.411699,0.173834,-0.09069443,-8.38684,0.7858297,-0.1604729,-0.543224,-0.6277179,-0.5575649,-3.317142,0.4403293,-0.3335953,-8.423097,0.8411295,0.2770729,-0.6896399,-0.6939176,0.2070639,-2.102566,0.2925575,0.2633572,-0.0203042
1736099871800,-8.36279,1.598868,0.07153606,-0.9984615,-0.05511124,0.006143451,0,0,0,-8.38684,0.7858297,-0.1604729,-0.543224,-0.6277179,-0.5575649,0,0,0,-8.423097,0.8411295,0.2770729,-0.6896399,-0.6939176,0.2070639,0,0,0,-0.0203042
1736099871823,-8.395221,1.600577,0.07233238,-0.9981577,-0.05638624,0.02240765,-2.432299,0.1281738,0.05972385,-8.431057,0.7930126,-0.1615238,-0.5648994,-0.6184212,-0.5463011,-3.316283,0.5387172,-0.07882118,-8.449121,0.8430485,0.2787657,-0.6758385,-0.6968837,0.2399913,-1.951861,0.1439229,0.1269579,-0.0203042
1736099871827,-8.395221,1.600577,0.07233238,-0.9981577,-0.05638624,0.02240765,0,0,0,-8.431057,0.7930126,-0.1615238,-0.5648994,-0.6184212,-0.5463011,0,0,0,-8.449121,0.8430485,0.2787657,-0.6758385,-0.6968837,0.2399913,0,0,0,-0.0203042
1736099871849,-8.427385,1.600231,0.07380486,-0.9977776,-0.05183491,0.04187667,-2.412343,-0.02597272,0.1104355,-8.476369,0.7985252,-0.1589909,-0.5988865,-0.60958,-0.5193722,-3.398395,0.4134402,0.1899719,-8.475533,0.8415844,0.2793188,-0.6700122,-0.6974097,0.2543688,-1.980829,-0.1098096,0.04148483,-0.0203042
1736099871854,-8.427385,1.600231,0.07380486,-0.9977776,-0.05183491,0.04187667,0,0,0,-8.476369,0.7985252,-0.1589909,-0.5988865,-0.60958,-0.5193722,0,0,0,-8.475533,0.8415844,0.2793188,-0.6700122,-0.6974097,0.2543688,0,0,0,-0.0203042
1736099871877,-8.459175,1.598217,0.07545376,-0.996947,-0.04839422,0.06127816,-2.384233,-0.1509994,0.1236677,-8.520408,0.801834,-0.155673,-0.6395426,-0.5977311,-0.4834287,-3.302908,0.2481624,0.2488375,-8.502315,0.8360087,0.2812748,-0.6666991,-0.6991151,0.2583612,-2.008653,-0.4181787,0.146699,-0.0203042
1736099871882,-8.459175,1.598217,0.07545376,-0.996947,-0.04839422,0.06127816,0,0,0,-8.520408,0.801834,-0.155673,-0.6395426,-0.5977311,-0.4834287,0,0,0,-8.502315,0.8360087,0.2812748,-0.6666991,-0.6991151,0.2583612,0,0,0,-0.0203042
1736099871905,-8.491358,1.595007,0.07809448,-0.9957147,-0.04531324,0.08062023,-2.413702,-0.240773,0.1980543,-8.564341,0.8040727,-0.1512871,-0.6764493,-0.5834289,-0.4494746,-3.294969,0.1679018,0.3289461,-8.529898,0.830195,0.2824669,-0.6568538,-0.7030173,0.2725986,-2.068734,-0.4360244,0.08940697,-0.0203042
1736099871910,-8.491358,1.595007,0.07809448,-0.9957147,-0.04531324,0.08062023,0,0,0,-8.564341,0.8040727,-0.1512871,-0.6764493,-0.5834289,-0.4494746,0,0,0,-8.529898,0.830195,0.2824669,-0.6568538,-0.7030173,0.2725986,0,0,0,-0.0203042
1736099871933,-8.523744,1.590884,0.07880402,-0.9945975,-0.03880014,0.09628481,-2.428937,-0.3092498,0.05321503,-8.606151,0.8020378,-0.1480112,-0.7063756,-0.5677074,-0.4227796,-3.135753,-0.1526177,0.2456903,-8.559734,0.8243712,0.2883053,-0.6431714,-0.7078275,0.2920805,-2.237749,-0.4367888,0.4378796,-0.0203042
1736099871938,-8.523744,1.590884,0.07880402,-0.9945975,-0.03880014,0.09628481,0,0,0,-8.606151,0.8020378,-0.1480112,-0.7063756,-0.5677074,-0.4227796,0,0,0,-8.559734,0.8243712,0.2883053,-0.6431714,-0.7078275,0.2920805,0,0,0,-0.0203042
1736099871961,-8.557692,1.586215,0.08290958,-0.9936045,-0.03203002,0.1082804,-2.546096,-0.3501445,0.3079176,-8.646578,0.797916,-0.145874,-0.7236027,-0.5578845,-0.4064047,-3.032041,-0.3091335,0.1602888,-8.590873,0.8176371,0.2915297,-0.6300763,-0.712935,0.307779,-2.335382,-0.5050555,0.241828,-0.0203042
1736099871966,-8.557692,1.586215,0.08290958,-0.9936045,-0.03203002,0.1082804,0,0,0,-8.646578,0.797916,-0.145874,-0.7236027,-0.5578845,-0.4064047,0,0,0,-8.590873,0.8176371,0.2915297,-0.6300763,-0.712935,0.307779,0,0,0,-0.0203042
1736099871989,-8.591485,1.580538,0.08426666,-0.9928895,-0.02193913,0.117003,-2.534509,-0.425747,0.1017809,-8.685931,0.791853,-0.1437101,-0.7293261,-0.5551119,-0.3999181,-2.951503,-0.4547283,0.1622915,-8.623423,0.8102124,0.2927265,-0.6227442,-0.7146461,0.3185449,-2.441239,-0.5568489,0.0897646,-0.0203042
1736099871993,-8.591485,1.580538,0.08426666,-0.9928895,-0.02193913,0.117003,0,0,0,-8.685931,0.791853,-0.1437101,-0.7293261,-0.5551119,-0.3999181,0,0,0,-8.623423,0.8102124,0.2927265,-0.6227442,-0.7146461,0.3185449,0,0,0,-0.0203042
1736099872016,-8.626925,1.576147,0.08622456,-0.9929678,-0.01856295,0.116922,-2.657962,-0.3293216,0.146842,-8.72295,0.7837561,-0.1426754,-0.7261269,-0.5564336,-0.4038832,-2.776408,-0.6072611,0.07760525,-8.657368,0.8030064,0.2932415,-0.6202402,-0.7186764,0.314335,-2.545881,-0.5404517,0.03862381,-0.0203042
1736099872021,-8.626925,1.576147,0.08622456,-0.9929678,-0.01856295,0.116922,0,0,0,-8.72295,0.7837561,-0.1426754,-0.7261269,-0.5564336,-0.4038832,0,0,0,-8.657368,0.8030064,0.2932415,-0.6202402,-0.7186764,0.314335,0,0,0,-0.0203042
1736099872044,-8.662703,1.572073,0.08833981,-0.9929717,-0.0141657,0.117503,-2.683353,-0.3055841,0.1586437,-8.757377,0.7769512,-0.1417046,-0.7168114,-0.5598007,-0.4156988,-2.582002,-0.5103707,0.07281303,-8.692331,0.7957944,0.2921028,-0.61897,-0.7250043,0.3020676,-2.622271,-0.5409032,-0.08540154,-0.0203042
1736099872050,-8.662703,1.572073,0.08833981,-0.9929717,-0.0141657,0.117503,0,0,0,-8.757377,0.7769512,-0.1417046,-0.7168114,-0.5598007,-0.4156988,0,0,0,-8.692331,0.7957944,0.2921028,-0.61897,-0.7250043,0.3020676,0,0,0,-0.0203042
1736099872071,-8.699586,1.574083,0.09119415,-0.9929423,-0.02725084,0.1154259,-2.766252,0.150758,0.214076,-8.788505,0.7705449,-0.1404333,-0.6993454,-0.5725529,-0.4279016,-2.334595,-0.480473,0.09534359,-8.729986,0.7920884,0.2917786,-0.6178221,-0.7291629,0.2943087,-2.824116,-0.2779484,-0.0243187,-0.0203042
1736099872076,-8.699586,1.574083,0.09119415,-0.9929423,-0.02725084,0.1154259,0,0,0,-8.788505,0.7705449,-0.1404333,-0.6993454,-0.5725529,-0.4279016,0,0,0,-8.729986,0.7920884,0.2917786,-0.6178221,-0.7291629,0.2943087,0,0,0,-0.0203042
1736099872099,-8.739814,1.583354,0.09456158,-0.9921311,-0.02301791,0.1230713,-3.017092,0.695309,0.2525568,-8.814185,0.7677361,-0.1408491,-0.671303,-0.5872771,-0.452171,-1.926041,-0.2106562,-0.03118515,-8.766459,0.7942073,0.2939959,-0.611752,-0.7276168,0.3103765,-2.735424,0.1589209,0.166297,-0.0203042
1736099872103,-8.739814,1.583354,0.09456158,-0.9921311,-0.02301791,0.1230713,0,0,0,-8.814185,0.7677361,-0.1408491,-0.671303,-0.5872771,-0.452171,0,0,0,-8.766459,0.7942073,0.2939959,-0.611752,-0.7276168,0.3103765,0,0,0,-0.0203042
1736099872127,-8.776557,1.583604,0.09653854,-0.9899751,-0.02013819,0.1398005,-2.755737,0.01873076,0.1482725,-8.83493,0.768378,-0.1400633,-0.6188566,-0.620481,-0.4816849,-1.555896,0.04814118,0.05893707,-8.802114,0.8015417,0.2937641,-0.5982116,-0.7332294,0.3232923,-2.674127,0.5500808,-0.01738071,-0.0203042
1736099872131,-8.776557,1.583604,0.09653854,-0.9899751,-0.02013819,0.1398005,0,0,0,-8.83493,0.768378,-0.1400633,-0.6188566,-0.620481,-0.4816849,0,0,0,-8.802114,0.8015417,0.2937641,-0.5982116,-0.7332294,0.3232923,0,0,0,-0.0203042
1736099872155,-8.809791,1.581289,0.09649372,-0.9875243,-0.05666371,0.1469195,-2.492523,-0.1735926,-0.003361702,-8.860392,0.7717813,-0.1340504,-0.6006243,-0.6543211,-0.4594728,-1.90959,0.255248,0.4509687,-8.844185,0.8151059,0.2896137,-0.627592,-0.71413,0.3100754,-3.155351,1.017308,-0.3112793,-0.0203042
1736099872159,-8.809791,1.581289,0.09649372,-0.9875243,-0.05666371,0.1469195,0,0,0,-8.860392,0.7717813,-0.1340504,-0.6006243,-0.6543211,-0.4594728,0,0,0,-8.844185,0.8151059,0.2896137,-0.627592,-0.71413,0.3100754,0,0,0,-0.0203042
1736099872164,-8.809791,1.581289,0.09649372,-0.9875243,-0.05666371,0.1469195,0,0,0,-8.860392,0.7717813,-0.1340504,-0.6006243,-0.6543211,-0.4594728,0,0,0,-8.844185,0.8151059,0.2896137,-0.627592,-0.71413,0.3100754,0,0,0,-0.0203042
1736099872183,-8.844049,1.585672,0.09547329,-0.9864691,-0.07717368,0.144649,-2.569342,0.3287584,-0.07653236,-8.891344,0.7759064,-0.1312428,-0.6395914,-0.6493511,-0.41142,-2.321434,0.3093794,0.2105713,-8.885872,0.8262119,0.2854395,-0.6652651,-0.7034521,0.2501555,-3.126526,0.8329555,-0.3130674,-0.0203042
1736099872187,-8.844049,1.585672,0.09547329,-0.9864691,-0.07717368,0.144649,0,0,0,-8.891344,0.7759064,-0.1312428,-0.6395914,-0.6493511,-0.41142,0,0,0,-8.885872,0.8262119,0.2854395,-0.6652651,-0.7034521,0.2501555,0,0,0,-0.0203042
1736099872210,-8.87861,1.589978,0.09367466,-0.9870323,-0.06409918,0.1471693,-2.592087,0.3228933,-0.1348972,-8.920485,0.7801309,-0.1331282,-0.6650708,-0.6297613,-0.40135,-2.185535,0.3168404,-0.1414061,-8.923107,0.8326566,0.2841663,-0.6782619,-0.7035156,0.2121959,-2.792645,0.4833519,-0.09548664,-0.0203042
1736099872215,-8.87861,1.589978,0.09367466,-0.9870323,-0.06409918,0.1471693,0,0,0,-8.920485,0.7801309,-0.1331282,-0.6650708,-0.6297613,-0.40135,0,0,0,-8.923107,0.8326566,0.2841663,-0.6782619,-0.7035156,0.2121959,0,0,0,-0.0203042
1736099872237,-8.913036,1.594244,0.09063148,-0.9875097,-0.05634197,0.1471413,-2.582002,0.3199518,-0.2282381,-8.951093,0.7844819,-0.1408215,-0.6476207,-0.6162949,-0.4480717,-2.295613,0.3263265,-0.5769968,-8.962927,0.8358615,0.2887754,-0.6770951,-0.6989903,0.2301196,-2.986479,0.2403662,0.3456831,-0.0203042
1736099872242,-8.913036,1.594244,0.09063148,-0.9875097,-0.05634197,0.1471413,0,0,0,-8.951093,0.7844819,-0.1408215,-0.6476207,-0.6162949,-0.4480717,0,0,0,-8.962927,0.8358615,0.2887754,-0.6770951,-0.6989903,0.2301196,0,0,0,-0.0203042
1736099872265,-8.945466,1.596789,0.08641624,-0.9874432,-0.06361881,0.1445986,-2.432227,0.1908571,-0.316143,-8.979454,0.7880669,-0.14816,-0.5958322,-0.6312069,-0.4965506,-2.127099,0.2688691,-0.5503893,-9.002368,0.8394666,0.290493,-0.6775458,-0.6846772,0.2686056,-2.958083,0.2703801,0.1288176,-0.0203042
1736099872270,-8.945466,1.596789,0.08641624,-0.9874432,-0.06361881,0.1445986,0,0,0,-8.979454,0.7880669,-0.14816,-0.5958322,-0.6312069,-0.4965506,0,0,0,-9.002368,0.8394666,0.290493,-0.6775458,-0.6846772,0.2686056,0,0,0,-0.0203042
1736099872293,-8.978137,1.598696,0.08185005,-0.9879528,-0.0729201,0.1365008,-2.450323,0.1430601,-0.3424644,-9.005985,0.7885054,-0.1550627,-0.5514761,-0.6551365,-0.5164022,-1.989841,0.03288835,-0.5177021,-9.040564,0.8439935,0.2895603,-0.6803588,-0.6767788,0.2812166,-2.864671,0.339523,-0.06995201,-0.0203042
1736099872298,-8.978137,1.598696,0.08185005,-0.9879528,-0.0729201,0.1365008,0,0,0,-9.005985,0.7885054,-0.1550627,-0.5514761,-0.6551365,-0.5164022,0,0,0,-9.040564,0.8439935,0.2895603,-0.6803588,-0.6767788,0.2812166,0,0,0,-0.0203042
1736099872322,-9.010905,1.59987,0.0771265,-0.9885101,-0.07378352,0.1319252,-2.457619,0.08804798,-0.3542662,-9.032661,0.788419,-0.1609612,-0.5476507,-0.654682,-0.5210285,-2.000713,-0.006477535,-0.4423857,-9.079213,0.8485885,0.2849236,-0.6908828,-0.6755677,0.2574676,-2.898717,0.3446192,-0.3477573,-0.0203042
1736099872327,-9.010905,1.59987,0.0771265,-0.9885101,-0.07378352,0.1319252,0,0,0,-9.032661,0.788419,-0.1609612,-0.5476507,-0.654682,-0.5210285,0,0,0,-9.079213,0.8485885,0.2849236,-0.6908828,-0.6755677,0.2574676,0,0,0,-0.0203042
1736099872350,-9.044198,1.599338,0.07217312,-0.9893677,-0.06884798,0.1281091,-2.496958,-0.03987551,-0.3715038,-9.059693,0.7877565,-0.168313,-0.5472505,-0.6463991,-0.5316815,-2.027392,-0.04968792,-0.5513906,-9.116976,0.850431,0.2770681,-0.7051114,-0.6699232,0.2324244,-2.832198,0.1381874,-0.5891562,-0.0203042
1736099872357,-9.044198,1.599338,0.07217312,-0.9893677,-0.06884798,0.1281091,0,0,0,-9.059693,0.7877565,-0.168313,-0.5472505,-0.6463991,-0.5316815,0,0,0,-9.116976,0.850431,0.2770681,-0.7051114,-0.6699232,0.2324244,0,0,0,-0.0203042
1736099872377,-9.077686,1.597573,0.06711674,-0.9904264,-0.06381102,0.1224084,-2.511621,-0.1324296,-0.3792286,-9.090043,0.7807534,-0.1767817,-0.5221416,-0.6503549,-0.5517311,-2.27623,-0.5252346,-0.6351471,-9.156331,0.8533092,0.2726164,-0.7209511,-0.659549,0.2126614,-2.951646,0.2158687,-0.3338814,-0.0203042
1736099872383,-9.077686,1.597573,0.06711674,-0.9904264,-0.06381102,0.1224084,0,0,0,-9.090043,0.7807534,-0.1767817,-0.5221416,-0.6503549,-0.5517311,0,0,0,-9.156331,0.8533092,0.2726164,-0.7209511,-0.659549,0.2126614,0,0,0,-0.0203042
1736099872389,-9.077686,1.597573,0.06711674,-0.9904264,-0.06381102,0.1224084,0,0,0,-9.090043,0.7807534,-0.1767817,-0.5221416,-0.6503549,-0.5517311,0,0,0,-9.156331,0.8533092,0.2726164,-0.7209511,-0.659549,0.2126614,0,0,0,-0.0203042
1736099872404,-9.111016,1.594054,0.06184196,-0.9912537,-0.05668044,0.11918,-2.499747,-0.2639294,-0.3956079,-9.122523,0.7700672,-0.1836739,-0.4869059,-0.6587508,-0.5735598,-2.436018,-0.8014619,-0.5169153,-9.194914,0.8528951,0.2669992,-0.7316603,-0.651271,0.2012952,-2.89371,-0.03105551,-0.4212856,-0.0203042
1736099872410,-9.111016,1.594054,0.06184196,-0.9912537,-0.05668044,0.11918,0,0,0,-9.122523,0.7700672,-0.1836739,-0.4869059,-0.6587508,-0.5735598,0,0,0,-9.194914,0.8528951,0.2669992,-0.7316603,-0.651271,0.2012952,0,0,0,-0.0203042
1736099872432,-9.144858,1.589786,0.05651855,-0.9920469,-0.0491649,0.1158705,-2.538157,-0.3200948,-0.3992558,-9.153407,0.7614298,-0.1902647,-0.4562784,-0.6660991,-0.5900191,-2.316284,-0.6478071,-0.4943132,-9.232598,0.8518242,0.2642822,-0.7394041,-0.6437225,0.1972381,-2.826333,-0.08032322,-0.2037764,-0.0203042
1736099872472,-9.179294,1.585345,0.05115604,-0.99283,-0.03834634,0.1132187,-2.582645,-0.3330767,-0.4021883,-9.186117,0.7522382,-0.1960402,-0.4369913,-0.6688379,-0.6014113,-2.453256,-0.6893679,-0.4331589,-9.269742,0.8480443,0.2616167,-0.7444153,-0.6364449,0.2019506,-2.785778,-0.2834916,-0.199914,-0.0203042
1736099872479,-9.179294,1.585345,0.05115604,-0.99283,-0.03834634,0.1132187,0,0,0,-9.186117,0.7522382,-0.1960402,-0.4369913,-0.6688379,-0.6014113,0,0,0,-9.269742,0.8480443,0.2616167,-0.7444153,-0.6364449,0.2019506,0,0,0,-0.0203042
1736099872498,-9.234557,1.580227,0.04256153,-0.9927865,-0.02369671,0.1175314,-4.144764,-0.3838062,-0.6445885,-9.240726,0.7381094,-0.2036304,-0.4233559,-0.6742882,-0.6050669,-4.095697,-1.059665,-0.569272,-9.32236,0.8374813,0.2589712,-0.7419356,-0.630638,0.227656,-3.946352,-0.7922217,-0.1984119,-0.0203042
1736099872504,-9.234557,1.580227,0.04256153,-0.9927865,-0.02369671,0.1175314,0,0,0,-9.240726,0.7381094,-0.2036304,-0.4233559,-0.6742882,-0.6050669,0,0,0,-9.32236,0.8374813,0.2589712,-0.7419356,-0.630638,0.227656,0,0,0,-0.0203042
1736099872509,-9.234557,1.580227,0.04256153,-0.9927865,-0.02369671,0.1175314,0,0,0,-9.240726,0.7381094,-0.2036304,-0.4233559,-0.6742882,-0.6050669,0,0,0,-9.32236,0.8374813,0.2589712,-0.7419356,-0.630638,0.227656,0,0,0,-0.0203042
1736099872515,-9.234557,1.580227,0.04256153,-0.9927865,-0.02369671,0.1175314,0,0,0,-9.240726,0.7381094,-0.2036304,-0.4233559,-0.6742882,-0.6050669,0,0,0,-9.32236,0.8374813,0.2589712,-0.7419356,-0.630638,0.227656,0,0,0,-0.0203042
1736099872526,-9.271234,1.576591,0.03676987,-0.9921076,-0.02509386,0.1228542,-2.750731,-0.2726734,-0.4343748,-9.280153,0.7332047,-0.2064342,-0.4168592,-0.6841503,-0.5984707,-2.95701,-0.3678471,-0.2102852,-9.3531,0.8316541,0.2579269,-0.7284395,-0.6360637,0.2545564,-2.305484,-0.4370391,-0.0783205,-0.0203042
1736099872532,-9.271234,1.576591,0.03676987,-0.9921076,-0.02509386,0.1228542,0,0,0,-9.280153,0.7332047,-0.2064342,-0.4168592,-0.6841503,-0.5984707,0,0,0,-9.3531,0.8316541,0.2579269,-0.7284395,-0.6360637,0.2545564,0,0,0,-0.0203042
1736099872554,-9.308095,1.572609,0.03110695,-0.9911504,-0.0336991,0.1283962,-2.764606,-0.2986908,-0.4247189,-9.320189,0.7301224,-0.2095985,-0.4208525,-0.6901304,-0.5887311,-3.002644,-0.2311707,-0.2373219,-9.381742,0.8270482,0.256217,-0.714478,-0.6448142,0.2715441,-2.148128,-0.3454417,-0.1282454,-0.0203042
1736099872560,-9.308095,1.572609,0.03110695,-0.9911504,-0.0336991,0.1283962,0,0,0,-9.320189,0.7301224,-0.2095985,-0.4208525,-0.6901304,-0.5887311,0,0,0,-9.381742,0.8270482,0.256217,-0.714478,-0.6448142,0.2715441,0,0,0,-0.0203042
1736099872581,-9.3471,1.580917,0.02624321,-0.9893572,-0.05270056,0.1356297,-2.925396,0.6230772,-0.3647804,-9.365308,0.7314352,-0.2126675,-0.4388998,-0.6917748,-0.573424,-3.383946,0.09845942,-0.2301693,-9.407873,0.8242451,0.255228,-0.701198,-0.6529892,0.2862282,-1.959872,-0.210236,-0.07417202,-0.0203042
1736099872587,-9.3471,1.580917,0.02624321,-0.9893572,-0.05270056,0.1356297,0,0,0,-9.365308,0.7314352,-0.2126675,-0.4388998,-0.6917748,-0.573424,0,0,0,-9.407873,0.8242451,0.255228,-0.701198,-0.6529892,0.2862282,0,0,0,-0.0203042
1736099872609,-9.385451,1.585352,0.02163219,-0.9856588,-0.05260605,0.1603417,-2.876329,0.3326833,-0.3458261,-9.409263,0.7387265,-0.2150393,-0.4693749,-0.6930336,-0.5471669,-3.296614,0.5468443,-0.1778841,-9.427792,0.8226067,0.2555904,-0.667495,-0.6708034,0.3232234,-1.493883,-0.1228765,0.02717972,-0.0203042
1736099872615,-9.385451,1.585352,0.02163219,-0.9856588,-0.05260605,0.1603417,0,0,0,-9.409263,0.7387265,-0.2150393,-0.4693749,-0.6930336,-0.5471669,0,0,0,-9.427792,0.8226067,0.2555904,-0.667495,-0.6708034,0.3232234,0,0,0,-0.0203042
1736099872637,-9.42236,1.590251,0.01810551,-0.9837379,-0.05043912,0.1723837,-2.768183,0.3673732,-0.2645016,-9.455383,0.7499673,-0.2160168,-0.5211011,-0.6680849,-0.5311469,-3.459048,0.843063,-0.07331371,-9.446841,0.8231904,0.254734,-0.6146218,-0.6984742,0.366571,-1.428723,0.04377365,-0.06422997,-0.0203042
1736099872643,-9.42236,1.590251,0.01810551,-0.9837379,-0.05043912,0.1723837,0,0,0,-9.455383,0.7499673,-0.2160168,-0.5211011,-0.6680849,-0.5311469,0,0,0,-9.446841,0.8231904,0.254734,-0.6146218,-0.6984742,0.366571,0,0,0,-0.0203042
1736099872665,-9.457314,1.594104,0.01665688,-0.9819953,-0.06252369,0.178259,-2.621555,0.289017,-0.1086473,-9.50552,0.7620885,-0.2145157,-0.5790527,-0.6477995,-0.4950292,-3.760242,0.9090856,0.1125813,-9.469101,0.8274799,0.2485075,-0.5948545,-0.7146016,0.3680934,-1.669478,0.3217131,-0.4669905,-0.0203042
1736099872671,-9.457314,1.594104,0.01665688,-0.9819953,-0.06252369,0.178259,0,0,0,-9.50552,0.7620885,-0.2145157,-0.5790527,-0.6477995,-0.4950292,0,0,0,-9.469101,0.8274799,0.2485075,-0.5948545,-0.7146016,0.3680934,0,0,0,-0.0203042
1736099872693,-9.49236,1.599928,0.01646519,-0.979099,-0.07016202,0.1908999,-2.628422,0.4367888,-0.01437664,-9.556482,0.7745738,-0.2144871,-0.6157962,-0.6328278,-0.4693871,-3.822184,0.9363994,0.002145767,-9.491737,0.8334441,0.24156,-0.6041641,-0.7256078,0.3293619,-1.697731,0.447312,-0.5210638,-0.0203042
1736099872701,-9.49236,1.599928,0.01646519,-0.979099,-0.07016202,0.1908999,0,0,0,-9.556482,0.7745738,-0.2144871,-0.6157962,-0.6328278,-0.4693871,0,0,0,-9.491737,0.8334441,0.24156,-0.6041641,-0.7256078,0.3293619,0,0,0,-0.0203042
1736099872722,-9.52644,1.604795,0.01825809,-0.976267,-0.07088689,0.2046412,-2.555966,0.364995,0.1344681,-9.606316,0.787005,-0.2150793,-0.6453694,-0.6079643,-0.4624701,-3.737497,0.9323403,-0.04441738,-9.514511,0.8385097,0.2388477,-0.6015391,-0.7354516,0.3118684,-1.708031,0.379926,-0.2034187,-0.0203042
1736099872727,-9.52644,1.604795,0.01825809,-0.976267,-0.07088689,0.2046412,0,0,0,-9.606316,0.787005,-0.2150793,-0.6453694,-0.6079643,-0.4624701,0,0,0,-9.514511,0.8385097,0.2388477,-0.6015391,-0.7354516,0.3118684,0,0,0,-0.0203042
1736099872749,-9.559867,1.605798,0.02049255,-0.971967,-0.07613624,0.2224496,-2.507043,0.07525384,0.1675844,-9.653876,0.7960653,-0.2136059,-0.6649599,-0.5876839,-0.4609305,-3.567052,0.6795198,0.110507,-9.538874,0.8394414,0.2397738,-0.5786989,-0.7428665,0.336537,-1.827192,0.06987602,0.06945133,-0.02208173
1736099872754,-9.559867,1.605798,0.02049255,-0.971967,-0.07613624,0.2224496,0,0,0,-9.653876,0.7960653,-0.2136059,-0.6649599,-0.5876839,-0.4609305,0,0,0,-9.538874,0.8394414,0.2397738,-0.5786989,-0.7428665,0.336537,0,0,0,-0.02208173
1736099872777,-9.593081,1.605724,0.02381134,-0.9673958,-0.08067433,0.2400777,-2.491021,-0.005534291,0.248909,-9.702321,0.8039327,-0.2094955,-0.6807705,-0.5771953,-0.450996,-3.633356,0.5900592,0.3082752,-9.566281,0.8377368,0.2411423,-0.5531728,-0.7443228,0.3741438,-2.055573,-0.127843,0.1026392,-0.02354789
1736099872782,-9.593081,1.605724,0.02381134,-0.9673958,-0.08067433,0.2400777,0,0,0,-9.702321,0.8039327,-0.2094955,-0.6807705,-0.5771953,-0.450996,0,0,0,-9.566281,0.8377368,0.2411423,-0.5531728,-0.7443228,0.3741438,0,0,0,-0.02354789
1736099872805,-9.625572,1.604755,0.02783585,-0.9625991,-0.08176893,0.2582971,-2.436876,-0.07273257,0.3018379,-9.749405,0.8118443,-0.2031689,-0.7063374,-0.5617442,-0.4307331,-3.531289,0.5933672,0.4745007,-9.593738,0.8352712,0.2404346,-0.5413551,-0.7483374,0.3833094,-2.059221,-0.1849249,-0.05307198,-0.02354789
1736099872810,-9.625572,1.604755,0.02783585,-0.9625991,-0.08176893,0.2582971,0,0,0,-9.749405,0.8118443,-0.2031689,-0.7063374,-0.5617442,-0.4307331,0,0,0,-9.593738,0.8352712,0.2404346,-0.5413551,-0.7483374,0.3833094,0,0,0,-0.02354789
1736099872834,-9.658282,1.601877,0.03235149,-0.9583258,-0.07850022,0.274681,-2.453256,-0.2158105,0.3386736,-9.794998,0.8165199,-0.1952267,-0.7376264,-0.5453291,-0.3981508,-3.419495,0.3506675,0.595665,-9.624449,0.8294892,0.2401953,-0.537589,-0.749791,0.3857616,-2.303338,-0.4336461,-0.01795292,-0.02354789
1736099872839,-9.658282,1.601877,0.03235149,-0.9583258,-0.07850022,0.274681,0,0,0,-9.794998,0.8165199,-0.1952267,-0.7376264,-0.5453291,-0.3981508,0,0,0,-9.624449,0.8294892,0.2401953,-0.537589,-0.749791,0.3857616,0,0,0,-0.02354789
1736099872863,-9.691222,1.597949,0.03792858,-0.9542127,-0.07577859,0.2893718,-2.470493,-0.294587,0.4182816,-9.839066,0.8210266,-0.1870794,-0.765632,-0.5259729,-0.3703513,-3.305054,0.338003,0.611043,-9.657563,0.8222314,0.2409048,-0.5321323,-0.7492532,0.3942778,-2.483582,-0.5443409,0.05321503,-0.02354789
1736099872868,-9.691222,1.597949,0.03792858,-0.9542127,-0.07577859,0.2893718,0,0,0,-9.839066,0.8210266,-0.1870794,-0.765632,-0.5259729,-0.3703513,0,0,0,-9.657563,0.8222314,0.2409048,-0.5321323,-0.7492532,0.3942778,0,0,0,-0.02354789
1736099872872,-9.691222,1.597949,0.03792858,-0.9542127,-0.07577859,0.2893718,0,0,0,-9.839066,0.8210266,-0.1870794,-0.765632,-0.5259729,-0.3703513,0,0,0,-9.657563,0.8222314,0.2409048,-0.5321323,-0.7492532,0.3942778,0,0,0,-0.02354789
1736099872891,-9.724926,1.592957,0.04419613,-0.9511068,-0.07149628,0.3004739,-2.527785,-0.3744006,0.4700661,-9.88051,0.8215554,-0.1789665,-0.7857417,-0.5125281,-0.3463023,-3.108358,0.03966093,0.6084681,-9.692317,0.8145087,0.241785,-0.5271515,-0.748551,0.4022226,-2.606535,-0.5791962,0.0660181,-0.02354789
1736099872896,-9.724926,1.592957,0.04419613,-0.9511068,-0.07149628,0.3004739,0,0,0,-9.88051,0.8215554,-0.1789665,-0.7857417,-0.5125281,-0.3463023,0,0,0,-9.692317,0.8145087,0.241785,-0.5271515,-0.748551,0.4022226,0,0,0,-0.02354789
1736099872919,-9.758588,1.587488,0.05106926,-0.9490868,-0.06631447,0.3079559,-2.524638,-0.4101813,0.5154848,-9.919235,0.8183448,-0.1724072,-0.7945404,-0.5041019,-0.3385081,-2.904367,-0.2407908,0.4919529,-9.726604,0.8070047,0.2421885,-0.5209078,-0.7509837,0.405806,-2.571559,-0.562799,0.03025532,-0.02354789
1736099872925,-9.758588,1.587488,0.05106926,-0.9490868,-0.06631447,0.3079559,0,0,0,-9.919235,0.8183448,-0.1724072,-0.7945404,-0.5041019,-0.3385081,0,0,0,-9.726604,0.8070047,0.2421885,-0.5209078,-0.7509837,0.405806,0,0,0,-0.02354789
1736099872947,-9.793007,1.582608,0.05922604,-0.9479173,-0.05677887,0.3134158,-2.581429,-0.3660142,0.6117582,-9.955215,0.8137441,-0.1668491,-0.7937233,-0.5031023,-0.3418944,-2.698517,-0.3450528,0.416851,-9.765763,0.7989807,0.2418613,-0.5291557,-0.750689,0.395551,-2.936912,-0.6018072,-0.02453327,-0.02354789
1736099872952,-9.793007,1.582608,0.05922604,-0.9479173,-0.05677887,0.3134158,0,0,0,-9.955215,0.8137441,-0.1668491,-0.7937233,-0.5031023,-0.3418944,0,0,0,-9.765763,0.7989807,0.2418613,-0.5291557,-0.750689,0.395551,0,0,0,-0.02354789
1736099872975,-9.827974,1.578667,0.06818485,-0.9473723,-0.04933153,0.3163103,-2.622557,-0.2955973,0.6719112,-9.988997,0.8070162,-0.1606092,-0.7873963,-0.5087449,-0.3481174,-2.533579,-0.504595,0.4679918,-9.805229,0.7921804,0.2423658,-0.5374247,-0.751161,0.383317,-2.959943,-0.510022,0.03783703,-0.02354789
1736099872980,-9.827974,1.578667,0.06818485,-0.9473723,-0.04933153,0.3163103,0,0,0,-9.988997,0.8070162,-0.1606092,-0.7873963,-0.5087449,-0.3481174,0,0,0,-9.805229,0.7921804,0.2423658,-0.5374247,-0.751161,0.383317,0,0,0,-0.02354789
1736099873003,-9.86357,1.575577,0.07750225,-0.9479497,-0.04230447,0.3155981,-2.669692,-0.2317607,0.6988049,-10.01814,0.7998123,-0.1554165,-0.7736273,-0.5221308,-0.3589996,-2.185678,-0.5402908,0.3894567,-9.844702,0.7866137,0.245719,-0.5461826,-0.7525908,0.3678204,-2.960443,-0.4174992,0.2514839,-0.02354789
1736099873007,-9.86357,1.575577,0.07750225,-0.9479497,-0.04230447,0.3155981,0,0,0,-10.01814,0.7998123,-0.1554165,-0.7736273,-0.5221308,-0.3589996,0,0,0,-9.844702,0.7866137,0.245719,-0.5461826,-0.7525908,0.3678204,0,0,0,-0.02354789
1736099873031,-9.899568,1.572836,0.08664799,-0.9472992,-0.03119611,0.3188278,-2.699804,-0.2055377,0.6859303,-10.04526,0.7922994,-0.1504326,-0.7544604,-0.541939,-0.3702595,-2.033758,-0.5634695,0.3737926,-9.886818,0.783484,0.2513456,-0.5562783,-0.7491401,0.3596439,-3.158712,-0.2347291,0.4220009,-0.02354789
1736099873036,-9.899568,1.572836,0.08664799,-0.9472992,-0.03119611,0.3188278,0,0,0,-10.04526,0.7922994,-0.1504326,-0.7544604,-0.541939,-0.3702595,0,0,0,-9.886818,0.783484,0.2513456,-0.5562783,-0.7491401,0.3596439,0,0,0,-0.02354789
1736099873058,-9.936564,1.580083,0.09652138,-0.9484037,-0.03628446,0.3149827,-2.774763,0.5435497,0.7405043,-10.07106,0.7850645,-0.1471176,-0.7306845,-0.5644242,-0.3840914,-1.935196,-0.5426154,0.2486229,-9.931496,0.7834164,0.2597446,-0.5579815,-0.7433099,0.3689816,-3.35083,-0.005069375,0.6299257,-0.02354789
1736099873063,-9.936564,1.580083,0.09652138,-0.9484037,-0.03628446,0.3149827,0,0,0,-10.07106,0.7850645,-0.1471176,-0.7306845,-0.5644242,-0.3840914,0,0,0,-9.931496,0.7834164,0.2597446,-0.5579815,-0.7433099,0.3689816,0,0,0,-0.02354789
1736099873086,-9.97307,1.585666,0.1058865,-0.9475192,-0.01493441,0.3193502,-2.737927,0.4187107,0.7023811,-10.09162,0.7806093,-0.1474924,-0.6888139,-0.5900447,-0.4211686,-1.541805,-0.3341407,-0.02810955,-9.972016,0.7860419,0.268424,-0.5509079,-0.7466615,0.3728237,-3.03905,0.1969099,0.6509542,-0.02354789
1736099873091,-9.97307,1.585666,0.1058865,-0.9475192,-0.01493441,0.3193502,0,0,0,-10.09162,0.7806093,-0.1474924,-0.6888139,-0.5900447,-0.4211686,0,0,0,-9.972016,0.7860419,0.268424,-0.5509079,-0.7466615,0.3728237,0,0,0,-0.02354789
1736099873114,-10.00758,1.585926,0.1126308,-0.9435837,0.002946064,0.3311214,-2.588367,0.01945496,0.5058289,-10.11081,0.7771085,-0.1462164,-0.6312017,-0.6222119,-0.4630733,-1.439524,-0.2625614,0.09570122,-10.01312,0.7935988,0.2761402,-0.5653265,-0.7347378,0.374922,-3.082895,0.5667686,0.5787134,-0.02354789
1736099873119,-10.00758,1.585926,0.1126308,-0.9435837,0.002946064,0.3311214,0,0,0,-10.11081,0.7771085,-0.1462164,-0.6312017,-0.6222119,-0.4630733,0,0,0,-10.01312,0.7935988,0.2761402,-0.5653265,-0.7347378,0.374922,0,0,0,-0.02354789
1736099873142,-10.04138,1.587442,0.1184034,-0.9455528,-0.01313448,0.3252038,-2.535152,0.1137078,0.4329443,-10.13313,0.7756692,-0.1403875,-0.6065176,-0.6463495,-0.4630003,-1.674199,-0.1079455,0.4371643,-10.05778,0.8034457,0.2841473,-0.6091715,-0.7010496,0.3707286,-3.349257,0.7385194,0.6005287,-0.02354789
1736099873147,-10.04138,1.587442,0.1184034,-0.9455528,-0.01313448,0.3252038,0,0,0,-10.13313,0.7756692,-0.1403875,-0.6065176,-0.6463495,-0.4630003,0,0,0,-10.05778,0.8034457,0.2841473,-0.6091715,-0.7010496,0.3707286,0,0,0,-0.02354789
1736099873151,-10.04138,1.587442,0.1184034,-0.9455528,-0.01313448,0.3252038,0,0,0,-10.13313,0.7756692,-0.1403875,-0.6065176,-0.6463495,-0.4630003,0,0,0,-10.05778,0.8034457,0.2841473,-0.6091715,-0.7010496,0.3707286,0,0,0,-0.02354789
1736099873170,-10.07648,1.59207,0.1230583,-0.9465867,-0.01962783,0.3218518,-2.631998,0.3471494,0.3491163,-10.15907,0.7775065,-0.1348457,-0.6317625,-0.6481804,-0.4251342,-1.945567,0.1377985,0.4156351,-10.10273,0.8128325,0.2922411,-0.6342339,-0.6921835,0.3444265,-3.371,0.7040128,0.6070375,-0.02354789
1736099873174,-10.07648,1.59207,0.1230583,-0.9465867,-0.01962783,0.3218518,0,0,0,-10.15907,0.7775065,-0.1348457,-0.6317625,-0.6481804,-0.4251342,0,0,0,-10.10273,0.8128325,0.2922411,-0.6342339,-0.6921835,0.3444265,0,0,0,-0.02354789
1736099873197,-10.11074,1.597329,0.1266613,-0.9472298,-0.02308981,0.319723,-2.569628,0.3943831,0.2702236,-10.18387,0.7814457,-0.1326799,-0.6402817,-0.6453536,-0.4166036,-1.859593,0.2954364,0.1624346,-10.14328,0.8198076,0.3014259,-0.6434502,-0.686357,0.3389485,-3.041697,0.5231291,0.6888628,-0.02354789
1736099873202,-10.11074,1.597329,0.1266613,-0.9472298,-0.02308981,0.319723,0,0,0,-10.18387,0.7814457,-0.1326799,-0.6402817,-0.6453536,-0.4166036,0,0,0,-10.14328,0.8198076,0.3014259,-0.6434502,-0.686357,0.3389485,0,0,0,-0.02354789
1736099873225,-10.14309,1.601703,0.1290874,-0.9477098,-0.02785157,0.317916,-2.426434,0.328061,0.1819611,-10.2123,0.7874199,-0.1343727,-0.6154165,-0.6446808,-0.4534861,-2.132535,0.448063,-0.1269579,-10.18523,0.8283144,0.3123169,-0.6471754,-0.6665139,0.3700318,-3.145838,0.6380126,0.8168221,-0.02354789
1736099873230,-10.14309,1.601703,0.1290874,-0.9477098,-0.02785157,0.317916,0,0,0,-10.2123,0.7874199,-0.1343727,-0.6154165,-0.6446808,-0.4534861,0,0,0,-10.18523,0.8283144,0.3123169,-0.6471754,-0.6665139,0.3700318,0,0,0,-0.02354789
1736099873253,-10.17524,1.605677,0.1308308,-0.9494029,-0.0311214,0.3125154,-2.41127,0.2980828,0.1307487,-10.23971,0.7915327,-0.1341085,-0.5789074,-0.6570923,-0.482801,-2.05586,0.308463,0.01981258,-10.22737,0.8380703,0.3201742,-0.6500896,-0.6485811,0.3958866,-3.160644,0.7316932,0.5892992,-0.02354789
1736099873258,-10.17524,1.605677,0.1308308,-0.9494029,-0.0311214,0.3125154,0,0,0,-10.23971,0.7915327,-0.1341085,-0.5789074,-0.6570923,-0.482801,0,0,0,-10.22737,0.8380703,0.3201742,-0.6500896,-0.6485811,0.3958866,0,0,0,-0.02354789
1736099873281,-10.20804,1.606236,0.1324148,-0.9515981,-0.02196327,0.3065599,-2.45955,0.04186928,0.118804,-10.26692,0.7905327,-0.1314468,-0.5687721,-0.6646107,-0.4845527,-2.040911,-0.07499903,0.1996279,-10.26839,0.8454874,0.3251915,-0.6649202,-0.636165,0.3913766,-3.076601,0.5562812,0.376296,-0.02653229
1736099873285,-10.20804,1.606236,0.1324148,-0.9515981,-0.02196327,0.3065599,0,0,0,-10.26692,0.7905327,-0.1314468,-0.5687721,-0.6646107,-0.4845527,0,0,0,-10.26839,0.8454874,0.3251915,-0.6649202,-0.636165,0.3913766,0,0,0,-0.02653229
1736099873308,-10.24089,1.605588,0.1339417,-0.9542282,-0.006582644,0.2990074,-2.463841,-0.04857481,0.1145124,-10.29638,0.78756,-0.1292715,-0.5774671,-0.6605047,-0.4798607,-2.208853,-0.2229542,0.1631498,-10.31013,0.8516852,0.3261957,-0.6915002,-0.6255267,0.361309,-3.130388,0.4648313,0.07531643,-0.02835321
1736099873313,-10.24089,1.605588,0.1339417,-0.9542282,-0.006582644,0.2990074,0,0,0,-10.29638,0.78756,-0.1292715,-0.5774671,-0.6605047,-0.4798607,0,0,0,-10.31013,0.8516852,0.3261957,-0.6915002,-0.6255267,0.361309,0,0,0,-0.02835321
1736099873336,-10.27461,1.604192,0.1348867,-0.9573059,0.003953893,0.2890503,-2.529573,-0.1047313,0.07088184,-10.3267,0.7843612,-0.1284695,-0.5698954,-0.6579546,-0.4922554,-2.274013,-0.2399057,0.06015301,-10.35067,0.8568134,0.3274841,-0.7193557,-0.6097969,0.3326791,-3.040767,0.3846198,0.09663105,-0.02835321
1736099873341,-10.27461,1.604192,0.1348867,-0.9573059,0.003953893,0.2890503,0,0,0,-10.3267,0.7843612,-0.1284695,-0.5698954,-0.6579546,-0.4922554,0,0,0,-10.35067,0.8568134,0.3274841,-0.7193557,-0.6097969,0.3326791,0,0,0,-0.02835321
1736099873364,-10.30849,1.601258,0.1365919,-0.9601689,0.007786874,0.2793123,-2.540517,-0.2200127,0.1278877,-10.35839,0.7775057,-0.1277552,-0.5511105,-0.6582414,-0.5128314,-2.377367,-0.5141661,0.05357265,-10.39104,0.8591689,0.3293495,-0.7389088,-0.5967381,0.3129182,-3.027391,0.1766592,0.139904,-0.02835321
1736099873368,-10.30849,1.601258,0.1365919,-0.9601689,0.007786874,0.2793123,0,0,0,-10.35839,0.7775057,-0.1277552,-0.5511105,-0.6582414,-0.5128314,0,0,0,-10.39104,0.8591689,0.3293495,-0.7389088,-0.5967381,0.3129182,0,0,0,-0.02835321
1736099873392,-10.34317,1.596457,0.1380358,-0.9623584,0.01023917,0.2715913,-2.601457,-0.3600776,0.1082897,-10.39007,0.7690564,-0.1252832,-0.5302739,-0.6634285,-0.5278945,-2.375293,-0.6336942,0.1853943,-10.431,0.8593008,0.3323412,-0.750104,-0.5869997,0.3045914,-2.997422,0.009892881,0.2243757,-0.02835321
1736099873397,-10.34317,1.596457,0.1380358,-0.9623584,0.01023917,0.2715913,0,0,0,-10.39007,0.7690564,-0.1252832,-0.5302739,-0.6634285,-0.5278945,0,0,0,-10.431,0.8593008,0.3323412,-0.750104,-0.5869997,0.3045914,0,0,0,-0.02835321
1736099873420,-10.37913,1.59053,0.1392736,-0.96383,0.01211885,0.266243,-2.696514,-0.4445314,0.09284019,-10.42251,0.7598906,-0.1216011,-0.5124871,-0.6694881,-0.5377207,-2.433014,-0.6874368,0.2761602,-10.4703,0.8577918,0.3362007,-0.7585668,-0.5762061,0.304242,-2.947497,-0.1131713,0.289464,-0.02835321
1736099873424,-10.37913,1.59053,0.1392736,-0.96383,0.01211885,0.266243,0,0,0,-10.42251,0.7598906,-0.1216011,-0.5124871,-0.6694881,-0.5377207,0,0,0,-10.4703,0.8577918,0.3362007,-0.7585668,-0.5762061,0.304242,0,0,0,-0.02835321
1736099873447,-10.41611,1.584817,0.1405544,-0.964873,0.00959076,0.2625421,-2.773476,-0.4284739,0.09605885,-10.45757,0.75034,-0.1161509,-0.5045637,-0.6749033,-0.5384436,-2.629852,-0.7162929,0.4087687,-10.51,0.8534549,0.339282,-0.7653428,-0.5651342,0.3080162,-2.977252,-0.3252715,0.2310991,-0.02835321
1736099873452,-10.41611,1.584817,0.1405544,-0.964873,0.00959076,0.2625421,0,0,0,-10.45757,0.75034,-0.1161509,-0.5045637,-0.6749033,-0.5384436,0,0,0,-10.51,0.8534549,0.339282,-0.7653428,-0.5651342,0.3080162,0,0,0,-0.02835321
1736099873456,-10.41611,1.584817,0.1405544,-0.964873,0.00959076,0.2625421,0,0,0,-10.45757,0.75034,-0.1161509,-0.5045637,-0.6749033,-0.5384436,0,0,0,-10.51,0.8534549,0.339282,-0.7653428,-0.5651342,0.3080162,0,0,0,-0.02835321
1736099873475,-10.45353,1.580623,0.1413355,-0.9646823,0.00741161,0.263312,-2.806807,-0.3145337,0.05857944,-10.49416,0.7423905,-0.1084232,-0.5074745,-0.6817626,-0.5269442,-2.74415,-0.5962193,0.5795717,-10.54712,0.8498148,0.3424263,-0.7674071,-0.5584175,0.3150504,-2.784276,-0.2730086,0.2358198,-0.02835321
1736099873480,-10.45353,1.580623,0.1413355,-0.9646823,0.00741161,0.263312,0,0,0,-10.49416,0.7423905,-0.1084232,-0.5074745,-0.6817626,-0.5269442,0,0,0,-10.54712,0.8498148,0.3424263,-0.7674071,-0.5584175,0.3150504,0,0,0,-0.02835321
1736099873503,-10.49109,1.575897,0.1418457,-0.9641204,0.008240461,0.2653378,-2.81682,-0.354445,0.03826618,-10.53117,0.7360777,-0.1013508,-0.5080814,-0.6916131,-0.5133471,-2.776122,-0.4734591,0.5304337,-10.58048,0.8456273,0.3455086,-0.7637175,-0.558996,0.3228921,-2.50175,-0.3140599,0.2311707,-0.02835321
1736099873508,-10.49109,1.575897,0.1418457,-0.9641204,0.008240461,0.2653378,0,0,0,-10.53117,0.7360777,-0.1013508,-0.5080814,-0.6916131,-0.5133471,0,0,0,-10.58048,0.8456273,0.3455086,-0.7637175,-0.558996,0.3228921,0,0,0,-0.02835321
1736099873531,-10.52868,1.577127,0.1435547,-0.964223,-0.01567898,0.2646286,-2.819037,0.09221435,0.1281738,-10.57211,0.7327842,-0.09420586,-0.514294,-0.6971609,-0.4994683,-3.070235,-0.2470091,0.5358696,-10.61293,0.8427799,0.3481598,-0.7564573,-0.5654019,0.3287754,-2.433658,-0.2135575,0.1988411,-0.02835321
1736099873536,-10.52868,1.577127,0.1435547,-0.964223,-0.01567898,0.2646286,0,0,0,-10.57211,0.7327842,-0.09420586,-0.514294,-0.6971609,-0.4994683,0,0,0,-10.61293,0.8427799,0.3481598,-0.7564573,-0.5654019,0.3287754,0,0,0,-0.02835321
1736099873558,-10.56782,1.583677,0.1444159,-0.9592026,-0.01134757,0.2824923,-2.935982,0.4912645,0.06458759,-10.61226,0.7364463,-0.08717823,-0.5199879,-0.7028587,-0.4853895,-3.011441,0.2746582,0.527072,-10.64078,0.8431767,0.3540163,-0.740273,-0.5751826,0.3480819,-2.088761,0.02976358,0.4392385,-0.02835321
1736099873563,-10.56782,1.583677,0.1444159,-0.9592026,-0.01134757,0.2824923,0,0,0,-10.61226,0.7364463,-0.08717823,-0.5199879,-0.7028587,-0.4853895,0,0,0,-10.64078,0.8431767,0.3540163,-0.740273,-0.5751826,0.3480819,0,0,0,-0.02835321
1736099873586,-10.60523,1.586946,0.146884,-0.9580096,-0.007630035,0.2866352,-2.805305,0.2452165,0.1851082,-10.65259,0.7443,-0.07915306,-0.5466131,-0.7015323,-0.4572386,-3.024745,0.5890265,0.6018877,-10.66412,0.8420684,0.3599825,-0.6982151,-0.6023435,0.3868827,-1.750946,-0.08312613,0.447464,-0.02835321
1736099873591,-10.60523,1.586946,0.146884,-0.9580096,-0.007630035,0.2866352,0,0,0,-10.65259,0.7443,-0.07915306,-0.5466131,-0.7015323,-0.4572386,0,0,0,-10.66412,0.8420684,0.3599825,-0.6982151,-0.6023435,0.3868827,0,0,0,-0.02835321
1736099873614,-10.64085,1.588844,0.1497307,-0.9589049,-0.01918838,0.2830788,-2.671409,0.1423359,0.2135038,-10.69599,0.7532401,-0.0689621,-0.5903878,-0.6835021,-0.4292638,-3.254485,0.6705076,0.7643223,-10.69049,0.8442478,0.3618431,-0.6767296,-0.6232766,0.3918718,-1.977825,0.1634583,0.1395464,-0.02835321
1736099873619,-10.64085,1.588844,0.1497307,-0.9589049,-0.01918838,0.2830788,0,0,0,-10.69599,0.7532401,-0.0689621,-0.5903878,-0.6835021,-0.4292638,0,0,0,-10.69049,0.8442478,0.3618431,-0.6767296,-0.6232766,0.3918718,0,0,0,-0.02835321
1736099873642,-10.67627,1.594769,0.1537809,-0.9587511,-0.03051825,0.2826044,-2.656674,0.4443347,0.3037691,-10.74058,0.763918,-0.05695915,-0.6429134,-0.671711,-0.3680589,-3.34475,0.8008406,0.9002209,-10.71537,0.8497029,0.3638144,-0.6890311,-0.6292378,0.3595778,-1.865673,0.4091308,0.1478434,-0.02835321
1736099873646,-10.67627,1.594769,0.1537809,-0.9587511,-0.03051825,0.2826044,0,0,0,-10.74058,0.763918,-0.05695915,-0.6429134,-0.671711,-0.3680589,0,0,0,-10.71537,0.8497029,0.3638144,-0.6890311,-0.6292378,0.3595778,0,0,0,-0.02835321
1736099873670,-10.71058,1.600946,0.1599388,-0.9586459,-0.03235813,0.2827566,-2.573061,0.4633069,0.4618406,-10.78539,0.7755078,-0.04934692,-0.6769008,-0.6552115,-0.3354156,-3.360844,0.8692369,0.5709171,-10.73866,0.8519744,0.3686304,-0.6921874,-0.6370007,0.3392743,-1.746869,0.170365,0.3612041,-0.02835321
1736099873674,-10.71058,1.600946,0.1599388,-0.9586459,-0.03235813,0.2827566,0,0,0,-10.78539,0.7755078,-0.04934692,-0.6769008,-0.6552115,-0.3354156,0,0,0,-10.73866,0.8519744,0.3686304,-0.6921874,-0.6370007,0.3392743,0,0,0,-0.02835321
1736099873697,-10.74484,1.605266,0.1664801,-0.9583994,-0.03268336,0.2835536,-2.5702,0.3239572,0.4905939,-10.83201,0.7862914,-0.04449177,-0.6761999,-0.6398662,-0.3651376,-3.496313,0.8087665,0.3641367,-10.76219,0.8531627,0.3786907,-0.6696634,-0.6513411,0.3567995,-1.764822,0.08912086,0.7545233,-0.02835321
1736099873702,-10.74484,1.605266,0.1664801,-0.9583994,-0.03268336,0.2835536,0,0,0,-10.83201,0.7862914,-0.04449177,-0.6761999,-0.6398662,-0.3651376,0,0,0,-10.76219,0.8531627,0.3786907,-0.6696634,-0.6513411,0.3567995,0,0,0,-0.02835321
1736099873725,-10.77746,1.605796,0.1743059,-0.9576005,-0.03618937,0.2858179,-2.446246,0.03981292,0.5869389,-10.87708,0.7943306,-0.03600216,-0.6818407,-0.6254063,-0.3794215,-3.380156,0.6029427,0.6367207,-10.78827,0.8514004,0.3907299,-0.636318,-0.6592403,0.4006267,-1.955867,-0.1321703,0.9029388,-0.03094566
1736099873730,-10.77746,1.605796,0.1743059,-0.9576005,-0.03618937,0.2858179,0,0,0,-10.87708,0.7943306,-0.03600216,-0.6818407,-0.6254063,-0.3794215,0,0,0,-10.78827,0.8514004,0.3907299,-0.636318,-0.6592403,0.4006267,0,0,0,-0.03094566
1736099873753,-10.81044,1.605247,0.1826925,-0.9566901,-0.0365818,0.2888013,-2.473783,-0.04118979,0.6289959,-10.92115,0.8027434,-0.02405167,-0.6985874,-0.6152531,-0.3652937,-3.305054,0.6309628,0.896287,-10.8157,0.8487033,0.4010983,-0.6165848,-0.6629938,0.4245735,-2.057219,-0.2022877,0.777626,-0.0320034
1736099873757,-10.81044,1.605247,0.1826925,-0.9566901,-0.0365818,0.2888013,0,0,0,-10.92115,0.8027434,-0.02405167,-0.6985874,-0.6152531,-0.3652937,0,0,0,-10.8157,0.8487033,0.4010983,-0.6165848,-0.6629938,0.4245735,0,0,0,-0.0320034
1736099873781,-10.84322,1.603179,0.1918278,-0.9557113,-0.03431195,0.2922993,-2.458262,-0.15513,0.6851435,-10.96383,0.8091975,-0.01030445,-0.7303323,-0.6016231,-0.3235199,-3.200912,0.4840538,1.031041,-10.84408,0.8452382,0.4115152,-0.6078007,-0.662885,0.4372206,-2.128315,-0.2598792,0.7812738,-0.0320034
1736099873786,-10.84322,1.603179,0.1918278,-0.9557113,-0.03431195,0.2922993,0,0,0,-10.96383,0.8091975,-0.01030445,-0.7303323,-0.6016231,-0.3235199,0,0,0,-10.84408,0.8452382,0.4115152,-0.6078007,-0.662885,0.4372206,0,0,0,-0.0320034
1736099873790,-10.84322,1.603179,0.1918278,-0.9557113,-0.03431195,0.2922993,0,0,0,-10.96383,0.8091975,-0.01030445,-0.7303323,-0.6016231,-0.3235199,0,0,0,-10.84408,0.8452382,0.4115152,-0.6078007,-0.662885,0.4372206,0,0,0,-0.0320034
1736099873808,-10.87605,1.599406,0.2013559,-0.9541339,-0.03055905,0.2978169,-2.462411,-0.2829373,0.714612,-11.00736,0.8124976,0.003277779,-0.7606476,-0.5821865,-0.2871842,-3.264713,0.2475053,1.018667,-10.87654,0.8399613,0.4222383,-0.6030845,-0.656527,0.4530578,-2.434802,-0.3957644,0.8042336,-0.0320034
1736099873813,-10.87605,1.599406,0.2013559,-0.9541339,-0.03055905,0.2978169,0,0,0,-11.00736,0.8124976,0.003277779,-0.7606476,-0.5821865,-0.2871842,0,0,0,-10.87654,0.8399613,0.4222383,-0.6030845,-0.656527,0.4530578,0,0,0,-0.0320034
1736099873836,-10.90992,1.594672,0.2111559,-0.9527276,-0.02633945,0.3026828,-2.540159,-0.3550798,0.7349968,-11.04845,0.8140816,0.01551056,-0.7859077,-0.561622,-0.2587092,-3.081894,0.118804,0.9174585,-10.90772,0.834716,0.4327278,-0.5929028,-0.6544125,0.4692662,-2.338243,-0.3933996,0.7867098,-0.0320034
1736099873842,-10.90992,1.594672,0.2111559,-0.9527276,-0.02633945,0.3026828,0,0,0,-11.04845,0.8140816,0.01551056,-0.7859077,-0.561622,-0.2587092,0,0,0,-10.90772,0.834716,0.4327278,-0.5929028,-0.6544125,0.4692662,0,0,0,-0.0320034
1736099873864,-10.94357,1.58871,0.2220764,-0.9512299,-0.02563024,0.3074165,-2.523351,-0.4471421,0.8190393,-11.09093,0.8126059,0.02677727,-0.7991506,-0.5467342,-0.2498806,-3.186035,-0.1106814,0.8450031,-10.94264,0.8267941,0.4426842,-0.5790302,-0.6560308,0.4840948,-2.619052,-0.5941451,0.746727,-0.0320034
1736099873869,-10.94357,1.58871,0.2220764,-0.9512299,-0.02563024,0.3074165,0,0,0,-11.09093,0.8126059,0.02677727,-0.7991506,-0.5467342,-0.2498806,0,0,0,-10.94264,0.8267941,0.4426842,-0.5790302,-0.6560308,0.4840948,0,0,0,-0.0320034
1736099873892,-10.97788,1.582464,0.2332449,-0.9501134,-0.02495158,0.3109056,-2.573776,-0.4684389,0.837636,-11.1298,0.8090627,0.03670311,-0.8034041,-0.5393885,-0.2521952,-2.915668,-0.2657354,0.7444382,-10.9766,0.8184614,0.4510069,-0.5679635,-0.66116,0.4901888,-2.547169,-0.6249547,0.6242037,-0.0320034
1736099873897,-10.97788,1.582464,0.2332449,-0.9501134,-0.02495158,0.3109056,0,0,0,-11.1298,0.8090627,0.03670311,-0.8034041,-0.5393885,-0.2521952,0,0,0,-10.9766,0.8184614,0.4510069,-0.5679635,-0.66116,0.4901888,0,0,0,-0.0320034
1736099873920,-11.01235,1.576454,0.2453222,-0.9502782,-0.02276276,0.3105694,-2.58472,-0.4507542,0.9057999,-11.16716,0.802864,0.04571056,-0.7999285,-0.5391423,-0.2635151,-2.802014,-0.4649028,0.675559,-11.01352,0.8095958,0.4579954,-0.5699739,-0.6655462,0.4818488,-2.768755,-0.6649151,0.5241394,-0.0320034
1736099873925,-11.01235,1.576454,0.2453222,-0.9502782,-0.02276276,0.3105694,0,0,0,-11.16716,0.802864,0.04571056,-0.7999285,-0.5391423,-0.2635151,0,0,0,-11.01352,0.8095958,0.4579954,-0.5699739,-0.6655462,0.4818488,0,0,0,-0.0320034
1736099873947,-11.04782,1.572723,0.2580223,-0.9518192,-0.01853741,0.3060996,-2.660251,-0.2798438,0.9525061,-11.20287,0.7978037,0.0536623,-0.7910156,-0.5392141,-0.2890376,-2.678275,-0.3795236,0.5963802,-11.05245,0.8023943,0.4646549,-0.5783914,-0.6693019,0.4663675,-2.919817,-0.540112,0.4994631,-0.0320034
1736099873953,-11.04782,1.572723,0.2580223,-0.9518192,-0.01853741,0.3060996,0,0,0,-11.20287,0.7978037,0.0536623,-0.7910156,-0.5392141,-0.2890376,0,0,0,-11.05245,0.8023943,0.4646549,-0.5783914,-0.6693019,0.4663675,0,0,0,-0.0320034
1736099873975,-11.08431,1.569426,0.2711096,-0.9530587,-0.006509271,0.3027158,-2.737212,-0.2472818,0.9815454,-11.23406,0.791458,0.06101322,-0.7749898,-0.5469921,-0.3165292,-2.339172,-0.4759267,0.5513191,-11.09349,0.7976946,0.4718704,-0.5932647,-0.6711296,0.4445474,-3.078389,-0.3524825,0.5411625,-0.0320034
1736099873981,-11.08431,1.569426,0.2711096,-0.9530587,-0.006509271,0.3027158,0,0,0,-11.23406,0.791458,0.06101322,-0.7749898,-0.5469921,-0.3165292,0,0,0,-11.09349,0.7976946,0.4718704,-0.5932647,-0.6711296,0.4445474,0,0,0,-0.0320034
1736099874003,-11.11935,1.567422,0.2840118,-0.9541303,-0.008135803,0.2992815,-2.627921,-0.150311,0.9676695,-11.26446,0.786254,0.06851006,-0.7525097,-0.5642376,-0.3396554,-2.280021,-0.3902972,0.5622625,-11.13729,0.7964408,0.48139,-0.6024535,-0.6718231,0.4309335,-3.284454,-0.09403378,0.7139683,-0.0320034
1736099874009,-11.11935,1.567422,0.2840118,-0.9541303,-0.008135803,0.2992815,0,0,0,-11.26446,0.786254,0.06851006,-0.7525097,-0.5642376,-0.3396554,0,0,0,-11.13729,0.7964408,0.48139,-0.6024535,-0.6718231,0.4309335,0,0,0,-0.0320034
1736099874031,-11.15708,1.576945,0.2978821,-0.9572064,-0.006663032,0.2893299,-2.829552,0.7142544,1.040268,-11.29232,0.7832285,0.07318401,-0.7289914,-0.5747818,-0.37175,-2.08919,-0.2269194,0.3505468,-11.17957,0.7974788,0.4922161,-0.6079786,-0.6681156,0.4289336,-3.171587,0.07785112,0.8119583,-0.0320034
1736099874037,-11.15708,1.576945,0.2978821,-0.9572064,-0.006663032,0.2893299,0,0,0,-11.29232,0.7832285,0.07318401,-0.7289914,-0.5747818,-0.37175,0,0,0,-11.17957,0.7974788,0.4922161,-0.6079786,-0.6681156,0.4289336,0,0,0,-0.0320034
1736099874058,-11.19337,1.578303,0.3098993,-0.9557156,0.0161428,0.2938489,-2.721691,0.1018792,0.9012938,-11.3153,0.7822439,0.07599354,-0.6764954,-0.5970705,-0.4311166,-1.723766,-0.07384121,0.2107143,-11.21999,0.8007694,0.5020609,-0.6023601,-0.6795368,0.4187984,-3.030968,0.246799,0.7383585,-0.0320034
1736099874064,-11.19337,1.578303,0.3098993,-0.9557156,0.0161428,0.2938489,0,0,0,-11.3153,0.7822439,0.07599354,-0.6764954,-0.5970705,-0.4311166,0,0,0,-11.21999,0.8007694,0.5020609,-0.6023601,-0.6795368,0.4187984,0,0,0,-0.0320034
1736099874072,-11.19337,1.578303,0.3098993,-0.9557156,0.0161428,0.2938489,0,0,0,-11.3153,0.7822439,0.07599354,-0.6764954,-0.5970705,-0.4311166,0,0,0,-11.21999,0.8007694,0.5020609,-0.6023601,-0.6795368,0.4187984,0,0,0,-0.0320034
1736099874086,-11.22861,1.579085,0.3189917,-0.9570056,0.007682148,0.289968,-2.64287,0.05864203,0.6819248,-11.33871,0.7825071,0.0860424,-0.641039,-0.6232821,-0.4478712,-1.755452,0.01974106,0.753665,-11.26552,0.811348,0.5100708,-0.6360185,-0.6532348,0.4108101,-3.415275,0.7933885,0.6007433,-0.0320034
1736099874092,-11.22861,1.579085,0.3189917,-0.9570056,0.007682148,0.289968,0,0,0,-11.33871,0.7825071,0.0860424,-0.641039,-0.6232821,-0.4478712,0,0,0,-11.26552,0.811348,0.5100708,-0.6360185,-0.6532348,0.4108101,0,0,0,-0.0320034
1736099874114,-11.26291,1.582619,0.3277426,-0.959784,-0.008832447,0.2806013,-2.572489,0.2650201,0.6563187,-11.36296,0.7836307,0.09667587,-0.6423938,-0.6378767,-0.4247868,-1.818538,0.08427054,0.7975101,-11.30843,0.8201066,0.5177746,-0.6676437,-0.6359486,0.3870677,-3.218007,0.6568998,0.5777836,-0.0320034
1736099874120,-11.26291,1.582619,0.3277426,-0.959784,-0.008832447,0.2806013,0,0,0,-11.36296,0.7836307,0.09667587,-0.6423938,-0.6378767,-0.4247868,0,0,0,-11.30843,0.8201066,0.5177746,-0.6676437,-0.6359486,0.3870677,0,0,0,-0.0320034
1736099874139,-11.29741,1.587294,0.33496,-0.9620388,-0.01062999,0.2727062,-2.587366,0.3506541,0.5413055,-11.38755,0.7872372,0.1058359,-0.6615527,-0.6375678,-0.3947864,-1.844573,0.2704829,0.6870031,-11.35159,0.8269337,0.5264502,-0.6883072,-0.6369212,0.3472243,-3.236604,0.5120292,0.6506681,-0.0320034
1736099874145,-11.29741,1.587294,0.33496,-0.9620388,-0.01062999,0.2727062,0,0,0,-11.38755,0.7872372,0.1058359,-0.6615527,-0.6375678,-0.3947864,0,0,0,-11.35159,0.8269337,0.5264502,-0.6883072,-0.6369212,0.3472243,0,0,0,-0.0320034
1736099874166,-11.33187,1.59407,0.3406105,-0.9637232,-0.008515976,0.2667682,-2.584505,0.5081713,0.423789,-11.41272,0.7921083,0.1113806,-0.6630079,-0.639144,-0.3897643,-1.887488,0.3653347,0.4158497,-11.39216,0.8320705,0.5365639,-0.6914217,-0.6346161,0.3452518,-3.042698,0.3852636,0.7585287,-0.0320034
1736099874172,-11.33187,1.59407,0.3406105,-0.9637232,-0.008515976,0.2667682,0,0,0,-11.41272,0.7921083,0.1113806,-0.6630079,-0.639144,-0.3897643,0,0,0,-11.39216,0.8320705,0.5365639,-0.6914217,-0.6346161,0.3452518,0,0,0,-0.0320034
1736099874194,-11.36497,1.598098,0.3445349,-0.9662175,-0.005924731,0.2576603,-2.483225,0.302124,0.2943277,-11.44065,0.7949169,0.1138973,-0.6279032,-0.6505504,-0.4272259,-2.094769,0.2106473,0.188756,-11.43319,0.8380091,0.5464411,-0.6898303,-0.6240675,0.3669798,-3.077245,0.4453897,0.7407904,-0.0320034
1736099874200,-11.36497,1.598098,0.3445349,-0.9662175,-0.005924731,0.2576603,0,0,0,-11.44065,0.7949169,0.1138973,-0.6279032,-0.6505504,-0.4272259,0,0,0,-11.43319,0.8380091,0.5464411,-0.6898303,-0.6240675,0.3669798,0,0,0,-0.0320034
1736099874222,-11.39901,1.601032,0.3476629,-0.9697237,-0.00172719,0.2441993,-2.552748,0.2200216,0.2346039,-11.46771,0.7965029,0.1185331,-0.6043194,-0.6626105,-0.4424319,-2.029395,0.1189515,0.3476858,-11.47602,0.8449346,0.5531883,-0.6932409,-0.6160559,0.3740217,-3.212571,0.5194142,0.5060434,-0.0320034
1736099874228,-11.39901,1.601032,0.3476629,-0.9697237,-0.00172719,0.2441993,0,0,0,-11.46771,0.7965029,0.1185331,-0.6043194,-0.6626105,-0.4424319,0,0,0,-11.47602,0.8449346,0.5531883,-0.6932409,-0.6160559,0.3740217,0,0,0,-0.0320034
1736099874250,-11.43326,1.602397,0.3506346,-0.9727371,0.007690396,0.2317839,-2.568913,0.1024067,0.2228737,-11.49556,0.7954156,0.1236897,-0.6007693,-0.6701604,-0.4358459,-2.089334,-0.08155257,0.3867388,-11.51955,0.8514988,0.5564013,-0.7109308,-0.6077195,0.3539131,-3.264856,0.492315,0.2409697,-0.0320034
1736099874256,-11.43326,1.602397,0.3506346,-0.9727371,0.007690396,0.2317839,0,0,0,-11.49556,0.7954156,0.1236897,-0.6007693,-0.6701604,-0.4358459,0,0,0,-11.51955,0.8514988,0.5564013,-0.7109308,-0.6077195,0.3539131,0,0,0,-0.0320034
1736099874278,-11.46722,1.601842,0.3535299,-0.9755635,0.01951833,0.2188501,-2.547026,-0.04163682,0.2171516,-11.52426,0.7916427,0.1277504,-0.5963911,-0.6772092,-0.4309359,-2.152133,-0.2829686,0.3045559,-11.5613,0.8555378,0.5586386,-0.733526,-0.5984467,0.3221824,-3.130817,0.3029242,0.167799,-0.0320034
1736099874284,-11.46722,1.601842,0.3535299,-0.9755635,0.01951833,0.2188501,0,0,0,-11.52426,0.7916427,0.1277504,-0.5963911,-0.6772092,-0.4309359,0,0,0,-11.5613,0.8555378,0.5586386,-0.733526,-0.5984467,0.3221824,0,0,0,-0.0320034
1736099874306,-11.50137,1.599044,0.3564253,-0.9789643,0.025603,0.2024201,-2.560759,-0.2098739,0.2171516,-11.55527,0.7843596,0.130003,-0.5824408,-0.6752287,-0.4525807,-2.326155,-0.5462274,0.1689434,-11.60417,0.8563804,0.5596943,-0.7535064,-0.5899953,0.2900584,-3.215504,0.06319731,0.07917881,-0.0320034
1736099874312,-11.50137,1.599044,0.3564253,-0.9789643,0.025603,0.2024201,0,0,0,-11.55527,0.7843596,0.130003,-0.5824408,-0.6752287,-0.4525807,0,0,0,-11.60417,0.8563804,0.5596943,-0.7535064,-0.5899953,0.2900584,0,0,0,-0.0320034
1736099874334,-11.53605,1.59524,0.3588572,-0.9818687,0.02858068,0.1873957,-2.600813,-0.2852887,0.1823902,-11.58619,0.7756599,0.1323757,-0.5587426,-0.6752902,-0.4814458,-2.318788,-0.6524831,0.1779556,-11.64514,0.8559009,0.5627527,-0.7673962,-0.5818362,0.2693881,-3.072882,-0.03596395,0.2293825,-0.0320034
1736099874340,-11.53605,1.59524,0.3588572,-0.9818687,0.02858068,0.1873957,0,0,0,-11.58619,0.7756599,0.1323757,-0.5587426,-0.6752902,-0.4814458,0,0,0,-11.64514,0.8559009,0.5627527,-0.7673962,-0.5818362,0.2693881,0,0,0,-0.0320034
1736099874362,-11.57216,1.59019,0.3610458,-0.9840632,0.03466025,0.1744089,-2.708387,-0.378719,0.1641512,-11.6167,0.7654738,0.135993,-0.5321732,-0.6851733,-0.4973218,-2.288032,-0.7639512,0.2712965,-11.68691,0.8532396,0.5659904,-0.7765387,-0.5734525,0.2610366,-3.132749,-0.1995966,0.2428293,-0.0320034
1736099874368,-11.57216,1.59019,0.3610458,-0.9840632,0.03466025,0.1744089,0,0,0,-11.6167,0.7654738,0.135993,-0.5321732,-0.6851733,-0.4973218,0,0,0,-11.68691,0.8532396,0.5659904,-0.7765387,-0.5734525,0.2610366,0,0,0,-0.0320034
1736099874389,-11.60769,1.584735,0.3631411,-0.9858595,0.04028849,0.1626595,-2.665186,-0.4091442,0.1571417,-11.64795,0.7557461,0.1407309,-0.5109531,-0.6988996,-0.5004668,-2.343893,-0.7295787,0.3553391,-11.72837,0.849241,0.5690947,-0.782683,-0.564974,0.2611748,-3.109503,-0.2998933,0.2328157,-0.0320034
1736099874395,-11.60769,1.584735,0.3631411,-0.9858595,0.04028849,0.1626595,0,0,0,-11.64795,0.7557461,0.1407309,-0.5109531,-0.6988996,-0.5004668,0,0,0,-11.72837,0.849241,0.5690947,-0.782683,-0.564974,0.2611748,0,0,0,-0.0320034
1736099874416,-11.6445,1.580336,0.3649712,-0.9869701,0.04351772,0.1549076,-2.760744,-0.3299117,0.1372576,-11.68167,0.7472925,0.1465883,-0.5057029,-0.7062637,-0.495436,-2.52893,-0.6340206,0.4393101,-11.76893,0.8447456,0.5719414,-0.7876623,-0.5571228,0.2630636,-3.042197,-0.3371537,0.2135038,-0.0320034
1736099874422,-11.6445,1.580336,0.3649712,-0.9869701,0.04351772,0.1549076,0,0,0,-11.68167,0.7472925,0.1465883,-0.5057029,-0.7062637,-0.495436,0,0,0,-11.76893,0.8447456,0.5719414,-0.7876623,-0.5571228,0.2630636,0,0,0,-0.0320034
1736099874445,-11.6821,1.576222,0.3664379,-0.9869779,0.04609563,0.1541113,-2.819824,-0.308606,0.1100063,-11.71733,0.7403255,0.1516428,-0.5023455,-0.7144889,-0.4869857,-2.67427,-0.5225256,0.3790855,-11.80709,0.8409468,0.5744133,-0.789882,-0.5518984,0.2673854,-2.861381,-0.2849132,0.1853943,-0.0320034
1736099874450,-11.6821,1.576222,0.3664379,-0.9869779,0.04609563,0.1541113,0,0,0,-11.71733,0.7403255,0.1516428,-0.5023455,-0.7144889,-0.4869857,0,0,0,-11.80709,0.8409468,0.5744133,-0.789882,-0.5518984,0.2673854,0,0,0,-0.0320034
1736099874472,-11.71904,1.571612,0.3677073,-0.986958,0.0430868,0.1551055,-2.7704,-0.3457278,0.09520054,-11.75688,0.736285,0.1560106,-0.5003966,-0.7212417,-0.4789723,-2.966237,-0.3030404,0.3275871,-11.84215,0.8387279,0.5769329,-0.7880491,-0.5532259,0.2700374,-2.630067,-0.1664177,0.1889706,-0.0320034
1736099874478,-11.71904,1.571612,0.3677073,-0.986958,0.0430868,0.1551055,0,0,0,-11.75688,0.736285,0.1560106,-0.5003966,-0.7212417,-0.4789723,0,0,0,-11.84215,0.8387279,0.5769329,-0.7880491,-0.5532259,0.2700374,0,0,0,-0.0320034
1736099874484,-11.71904,1.571612,0.3677073,-0.986958,0.0430868,0.1551055,0,0,0,-11.75688,0.736285,0.1560106,-0.5003966,-0.7212417,-0.4789723,0,0,0,-11.84215,0.8387279,0.5769329,-0.7880491,-0.5532259,0.2700374,0,0,0,-0.0320034
1736099874500,-11.75831,1.580081,0.3691034,-0.9871173,0.02862592,0.1574175,-2.945065,0.6351471,0.1047134,-11.79991,0.7357812,0.1581764,-0.4895719,-0.7255611,-0.4836124,-3.227735,-0.03778338,0.1624346,-11.87552,0.8392283,0.5811281,-0.7828751,-0.5582355,0.274736,-2.502537,0.03752857,0.314641,-0.0320034
1736099874507,-11.75831,1.580081,0.3691034,-0.9871173,0.02862592,0.1574175,0,0,0,-11.79991,0.7357812,0.1581764,-0.4895719,-0.7255611,-0.4836124,0,0,0,-11.87552,0.8392283,0.5811281,-0.7828751,-0.5582355,0.274736,0,0,0,-0.0320034
1736099874528,-11.79686,1.584368,0.3703079,-0.9848542,0.03500165,0.1698154,-2.891564,0.3215611,0.0903368,-11.83854,0.7398995,0.1613426,-0.4793665,-0.7286825,-0.4891109,-2.897286,0.3088742,0.2374649,-11.90371,0.8391765,0.586792,-0.7636734,-0.5742729,0.2949811,-2.114153,-0.003884733,0.4247904,-0.0320034
1736099874533,-11.79686,1.584368,0.3703079,-0.9848542,0.03500165,0.1698154,0,0,0,-11.83854,0.7398995,0.1613426,-0.4793665,-0.7286825,-0.4891109,0,0,0,-11.90371,0.8391765,0.586792,-0.7636734,-0.5742729,0.2949811,0,0,0,-0.0320034
1736099874554,-11.83262,1.586543,0.3713427,-0.9849154,0.04042027,0.1682497,-2.682066,0.1631141,0.07760525,-11.88106,0.7505538,0.1674652,-0.5125956,-0.7184124,-0.4702446,-3.188753,0.7990703,0.4591942,-11.92934,0.8405604,0.5909452,-0.7326317,-0.5985721,0.3239793,-1.922178,0.103797,0.3114939,-0.0320034
1736099874560,-11.83262,1.586543,0.3713427,-0.9849154,0.04042027,0.1682497,0,0,0,-11.88106,0.7505538,0.1674652,-0.5125956,-0.7184124,-0.4702446,0,0,0,-11.92934,0.8405604,0.5909452,-0.7326317,-0.5985721,0.3239793,0,0,0,-0.0320034
1736099874582,-11.86702,1.588491,0.3743629,-0.9871066,0.02225324,0.1585106,-2.579856,0.1461089,0.2265215,-11.92744,0.7613438,0.1761007,-0.5681247,-0.7005666,-0.4317889,-3.478503,0.8092493,0.6476641,-11.95738,0.8453345,0.5917454,-0.7302977,-0.6105798,0.3063622,-2.103496,0.3580526,0.06000996,-0.0320034
1736099874588,-11.86702,1.588491,0.3743629,-0.9871066,0.02225324,0.1585106,0,0,0,-11.92744,0.7613438,0.1761007,-0.5681247,-0.7005666,-0.4317889,0,0,0,-11.95738,0.8453345,0.5917454,-0.7302977,-0.6105798,0.3063622,0,0,0,-0.0320034
1736099874610,-11.9017,1.593807,0.3779554,-0.9875728,0.014577,0.1564866,-2.601242,0.3986835,0.2694368,-11.974,0.7725578,0.184329,-0.6244684,-0.6789687,-0.3860588,-3.492165,0.8410513,0.6171227,-11.98502,0.8512676,0.5943222,-0.7481539,-0.6066452,0.2687895,-2.072883,0.4449874,0.1932621,-0.0320034
1736099874616,-11.9017,1.593807,0.3779554,-0.9875728,0.014577,0.1564866,0,0,0,-11.974,0.7725578,0.184329,-0.6244684,-0.6789687,-0.3860588,0,0,0,-11.98502,0.8512676,0.5943222,-0.7481539,-0.6066452,0.2687895,0,0,0,-0.0320034
1736099874639,-11.93685,1.599515,0.381321,-0.9875486,0.0163795,0.1564602,-2.636003,0.4281253,0.2524137,-12.02073,0.784386,0.1888266,-0.6576818,-0.6545827,-0.3727961,-3.504539,0.8871138,0.3373146,-12.0117,0.8542496,0.602006,-0.7485822,-0.6056328,0.2698772,-2.000999,0.2236471,0.5762815,-0.0320034
1736099874645,-11.93685,1.599515,0.381321,-0.9875486,0.0163795,0.1564602,0,0,0,-12.02073,0.784386,0.1888266,-0.6576818,-0.6545827,-0.3727961,0,0,0,-12.0117,0.8542496,0.602006,-0.7485822,-0.6056328,0.2698772,0,0,0,-0.0320034
1736099874667,-11.96913,1.603015,0.3870087,-0.9874857,0.00921822,0.1574395,-2.421141,0.2624899,0.4265785,-12.06541,0.7960274,0.1923332,-0.669457,-0.6341621,-0.3868675,-3.350973,0.8731037,0.2629995,-12.03831,0.8560349,0.6120882,-0.7213101,-0.6146819,0.3191837,-1.995349,0.1338959,0.7561684,-0.0320034
1736099874673,-11.96913,1.603015,0.3870087,-0.9874857,0.00921822,0.1574395,0,0,0,-12.06541,0.7960274,0.1923332,-0.669457,-0.6341621,-0.3868675,0,0,0,-12.03831,0.8560349,0.6120882,-0.7213101,-0.6146819,0.3191837,0,0,0,-0.0320034
1736099874695,-12.00161,1.605988,0.392458,-0.9872758,0.003696416,0.158976,-2.436161,0.2229989,0.4086971,-12.10953,0.8071911,0.1987801,-0.6853184,-0.6192516,-0.3832326,-3.308988,0.8372784,0.4835129,-12.06464,0.8560781,0.6204338,-0.6941411,-0.6268146,0.3539375,-1.97525,0.003245473,0.6259203,-0.03237581
1736099874701,-12.00161,1.605988,0.392458,-0.9872758,0.003696416,0.158976,0,0,0,-12.10953,0.8071911,0.1987801,-0.6853184,-0.6192516,-0.3832326,0,0,0,-12.06464,0.8560781,0.6204338,-0.6941411,-0.6268146,0.3539375,0,0,0,-0.03237581
1736099874723,-12.03335,1.605725,0.398632,-0.9869245,0.008132931,0.1609784,-2.380013,-0.01976788,0.4630566,-12.15233,0.8157508,0.2069416,-0.7126037,-0.6013965,-0.3612734,-3.209782,0.6419823,0.6121159,-12.09089,0.8529666,0.6266575,-0.683843,-0.6327692,0.363266,-1.968312,-0.2333656,0.4667759,-0.03461683
1736099874729,-12.03335,1.605725,0.398632,-0.9869245,0.008132931,0.1609784,0,0,0,-12.15233,0.8157508,0.2069416,-0.7126037,-0.6013965,-0.3612734,0,0,0,-12.09089,0.8529666,0.6266575,-0.683843,-0.6327692,0.363266,0,0,0,-0.03461683
1736099874752,-12.06582,1.6056,0.4048595,-0.9864942,0.01784139,0.1628232,-2.43566,-0.009325147,0.467062,-12.19407,0.8244857,0.215023,-0.7433531,-0.5798721,-0.3334291,-3.131175,0.6551117,0.6061077,-12.11829,0.8498667,0.6318922,-0.6813346,-0.6387144,0.3575295,-2.055001,-0.2324894,0.3926039,-0.03479838
1736099874757,-12.06582,1.6056,0.4048595,-0.9864942,0.01784139,0.1628232,0,0,0,-12.19407,0.8244857,0.215023,-0.7433531,-0.5798721,-0.3334291,0,0,0,-12.11829,0.8498667,0.6318922,-0.6813346,-0.6387144,0.3575295,0,0,0,-0.03479838
1736099874780,-12.09808,1.603881,0.4113855,-0.9859686,0.02549085,0.1649737,-2.419281,-0.1289248,0.4894495,-12.23547,0.8306714,0.2231026,-0.7686995,-0.5565121,-0.3152709,-3.104568,0.4639283,0.6059647,-12.1474,0.8457794,0.6387787,-0.6757686,-0.6425104,0.3612721,-2.183747,-0.3065541,0.5164862,-0.03479838
1736099874785,-12.09808,1.603881,0.4113855,-0.9859686,0.02549085,0.1649737,0,0,0,-12.23547,0.8306714,0.2231026,-0.7686995,-0.5565121,-0.3152709,0,0,0,-12.1474,0.8457794,0.6387787,-0.6757686,-0.6425104,0.3612721,0,0,0,-0.03479838
1736099874790,-12.09808,1.603881,0.4113855,-0.9859686,0.02549085,0.1649737,0,0,0,-12.23547,0.8306714,0.2231026,-0.7686995,-0.5565121,-0.3152709,0,0,0,-12.1474,0.8457794,0.6387787,-0.6757686,-0.6425104,0.3612721,0,0,0,-0.03479838
1736099874808,-12.13086,1.600264,0.4177761,-0.9857439,0.03190655,0.1652008,-2.458763,-0.2712876,0.4792929,-12.27591,0.8328156,0.230566,-0.7837924,-0.5423407,-0.3025501,-3.033328,0.1608208,0.5597591,-12.17886,0.8407034,0.645896,-0.6661,-0.6451375,0.374311,-2.358913,-0.3806993,0.5337954,-0.03479838
1736099874814,-12.13086,1.600264,0.4177761,-0.9857439,0.03190655,0.1652008,0,0,0,-12.27591,0.8328156,0.230566,-0.7837924,-0.5423407,-0.3025501,0,0,0,-12.17886,0.8407034,0.645896,-0.6661,-0.6451375,0.374311,0,0,0,-0.03479838
1736099874835,-12.16422,1.595574,0.4242182,-0.9856856,0.03789204,0.1642824,-2.501535,-0.3517717,0.4831553,-12.31408,0.8325104,0.2372141,-0.7944469,-0.5315626,-0.2937611,-2.862811,-0.02289265,0.4986048,-12.21025,0.8345576,0.6523829,-0.6568757,-0.6500267,0.3820732,-2.354765,-0.4609331,0.486517,-0.03479838
1736099874841,-12.16422,1.595574,0.4242182,-0.9856856,0.03789204,0.1642824,0,0,0,-12.31408,0.8325104,0.2372141,-0.7944469,-0.5315626,-0.2937611,0,0,0,-12.21025,0.8345576,0.6523829,-0.6568757,-0.6500267,0.3820732,0,0,0,-0.03479838
1736099874861,-12.19785,1.59075,0.4320078,-0.9858525,0.04607343,0.1611588,-2.522421,-0.3617764,0.5842209,-12.35108,0.8288752,0.2422523,-0.7990661,-0.523381,-0.2959163,-2.774763,-0.2726376,0.3778696,-12.24416,0.8275028,0.6582499,-0.6527278,-0.653338,0.3835307,-2.542949,-0.5291104,0.4400253,-0.03479838
1736099874867,-12.19785,1.59075,0.4320078,-0.9858525,0.04607343,0.1611588,0,0,0,-12.35108,0.8288752,0.2422523,-0.7990661,-0.523381,-0.2959163,0,0,0,-12.24416,0.8275028,0.6582499,-0.6527278,-0.653338,0.3835307,0,0,0,-0.03479838
1736099874889,-12.23309,1.585541,0.4400558,-0.986143,0.05354199,0.1570213,-2.643156,-0.3907084,0.6036043,-12.38579,0.8230147,0.2461996,-0.7950728,-0.5213114,-0.3099905,-2.603316,-0.4395381,0.2960443,-12.2793,0.819917,0.6638012,-0.6522034,-0.6549484,0.381672,-2.635574,-0.5689368,0.4163504,-0.03479838
1736099874895,-12.23309,1.585541,0.4400558,-0.986143,0.05354199,0.1570213,0,0,0,-12.38579,0.8230147,0.2461996,-0.7950728,-0.5213114,-0.3099905,0,0,0,-12.2793,0.819917,0.6638012,-0.6522034,-0.6549484,0.381672,0,0,0,-0.03479838
1736099874917,-12.26899,1.58147,0.4488297,-0.9871427,0.05588924,0.1497531,-2.69208,-0.3053427,0.6580353,-12.41738,0.8144397,0.2498341,-0.7800236,-0.5298966,-0.3328267,-2.368784,-0.6431311,0.272584,-12.31677,0.8129601,0.6690102,-0.6538283,-0.6569819,0.3753446,-2.810454,-0.5217656,0.3906727,-0.03479838
1736099874923,-12.26899,1.58147,0.4488297,-0.9871427,0.05588924,0.1497531,0,0,0,-12.41738,0.8144397,0.2498341,-0.7800236,-0.5298966,-0.3328267,0,0,0,-12.31677,0.8129601,0.6690102,-0.6538283,-0.6569819,0.3753446,0,0,0,-0.03479838
1736099874945,-12.30491,1.578077,0.4581013,-0.9881059,0.05713984,0.1427662,-2.694225,-0.2544165,0.6953716,-12.44532,0.8046002,0.2532339,-0.7569913,-0.5479605,-0.3559554,-2.095628,-0.7379562,0.2549887,-12.35638,0.8084395,0.6741629,-0.6561617,-0.6596158,0.36655,-2.9706,-0.3390446,0.3864527,-0.03479838
1736099874951,-12.30491,1.578077,0.4581013,-0.9881059,0.05713984,0.1427662,0,0,0,-12.44532,0.8046002,0.2532339,-0.7569913,-0.5479605,-0.3559554,0,0,0,-12.35638,0.8084395,0.6741629,-0.6561617,-0.6596158,0.36655,0,0,0,-0.03479838
1736099874973,-12.34055,1.574336,0.4674711,-0.9891633,0.05585136,0.1357827,-2.672982,-0.2806127,0.7027388,-12.4713,0.7946031,0.2559757,-0.7277877,-0.5752863,-0.3733242,-1.948571,-0.7497847,0.205636,-12.39912,0.8070627,0.6796904,-0.663798,-0.6553631,0.3603773,-3.205633,-0.1032561,0.4145622,-0.03479838
1736099874979,-12.34055,1.574336,0.4674711,-0.9891633,0.05585136,0.1357827,0,0,0,-12.4713,0.7946031,0.2559757,-0.7277877,-0.5752863,-0.3733242,0,0,0,-12.39912,0.8070627,0.6796904,-0.663798,-0.6553631,0.3603773,0,0,0,-0.03479838
1736099875001,-12.37781,1.582027,0.4778795,-0.9916982,0.04275332,0.1212729,-2.794504,0.5768538,0.7806301,-12.49654,0.7857945,0.2564154,-0.6949456,-0.5937979,-0.4055302,-1.892781,-0.660646,0.03297329,-12.44234,0.8074069,0.6855173,-0.6709266,-0.6502275,0.3564577,-3.241467,0.02581179,0.4370213,-0.03479838
1736099875007,-12.37781,1.582027,0.4778795,-0.9916982,0.04275332,0.1212729,0,0,0,-12.49654,0.7857945,0.2564154,-0.6949456,-0.5937979,-0.4055302,0,0,0,-12.44234,0.8074069,0.6855173,-0.6709266,-0.6502275,0.3564577,0,0,0,-0.03479838
1736099875029,-12.41639,1.585268,0.4875383,-0.9907995,0.0581598,0.1222047,-2.893424,0.2430439,0.724411,-12.51709,0.7817197,0.2548494,-0.6379803,-0.60931,-0.4708744,-1.541948,-0.3056109,-0.117445,-12.48264,0.8084375,0.6908073,-0.6606319,-0.6636828,0.3508428,-3.022027,0.07729679,0.3967524,-0.03479838
1736099875035,-12.41639,1.585268,0.4875383,-0.9907995,0.0581598,0.1222047,0,0,0,-12.51709,0.7817197,0.2548494,-0.6379803,-0.60931,-0.4708744,0,0,0,-12.48264,0.8084375,0.6908073,-0.6606319,-0.6636828,0.3508428,0,0,0,-0.03479838
1736099875057,-12.45182,1.585082,0.4949255,-0.9892885,0.07077034,0.1276716,-2.657318,-0.01390278,0.5540371,-12.53733,0.7815769,0.2577105,-0.5825513,-0.6448135,-0.4948232,-1.51763,-0.01071095,0.2145767,-12.5252,0.8145251,0.6938906,-0.6722476,-0.6573731,0.3405058,-3.192544,0.4565656,0.2312422,-0.03479838
1736099875063,-12.45182,1.585082,0.4949255,-0.9892885,0.07077034,0.1276716,0,0,0,-12.53733,0.7815769,0.2577105,-0.5825513,-0.6448135,-0.4948232,0,0,0,-12.5252,0.8145251,0.6938906,-0.6722476,-0.6573731,0.3405058,0,0,0,-0.03479838
1736099875085,-12.48621,1.585545,0.5012407,-0.9917207,0.04680894,0.1195789,-2.579641,0.0346899,0.4736423,-12.56212,0.7824361,0.2646227,-0.5777323,-0.6585334,-0.4822446,-1.859379,0.06444007,0.5184174,-12.57194,0.8250106,0.6957912,-0.7066222,-0.6334309,0.3153579,-3.505397,0.7864147,0.1425505,-0.03479838
1736099875090,-12.48621,1.585545,0.5012407,-0.9917207,0.04680894,0.1195789,0,0,0,-12.56212,0.7824361,0.2646227,-0.5777323,-0.6585334,-0.4822446,0,0,0,-12.57194,0.8250106,0.6957912,-0.7066222,-0.6334309,0.3153579,0,0,0,-0.03479838
1736099875113,-12.52157,1.589671,0.5066738,-0.9928304,0.0390556,0.1129732,-2.652025,0.3094465,0.4074812,-12.58907,0.7850614,0.2702284,-0.6062775,-0.6489177,-0.4597111,-2.020955,0.196901,0.4204273,-12.61614,0.8332384,0.6971951,-0.7366739,-0.6187163,0.2729504,-3.314853,0.6170869,0.1052856,-0.03479838
1736099875118,-12.52157,1.589671,0.5066738,-0.9928304,0.0390556,0.1129732,0,0,0,-12.58907,0.7850614,0.2702284,-0.6062775,-0.6489177,-0.4597111,0,0,0,-12.61614,0.8332384,0.6971951,-0.7366739,-0.6187163,0.2729504,0,0,0,-0.03479838
1736099875124,-12.52157,1.589671,0.5066738,-0.9928304,0.0390556,0.1129732,0,0,0,-12.58907,0.7850614,0.2702284,-0.6062775,-0.6489177,-0.4597111,0,0,0,-12.61614,0.8332384,0.6971951,-0.7366739,-0.6187163,0.2729504,0,0,0,-0.03479838
1736099875140,-12.55677,1.594194,0.5106211,-0.993201,0.03481619,0.1110861,-2.640009,0.3392458,0.2960443,-12.61703,0.7904431,0.2725821,-0.6203862,-0.6293297,-0.4680448,-2.096915,0.4036278,0.1765251,-12.65987,0.8391454,0.7010012,-0.7515244,-0.608278,0.2553611,-3.279591,0.4430205,0.2854586,-0.03479838
1736099875147,-12.55677,1.594194,0.5106211,-0.993201,0.03481619,0.1110861,0,0,0,-12.61703,0.7904431,0.2725821,-0.6203862,-0.6293297,-0.4680448,0,0,0,-12.65987,0.8391454,0.7010012,-0.7515244,-0.608278,0.2553611,0,0,0,-0.03479838
1736099875168,-12.59177,1.597876,0.5134459,-0.9937926,0.02525393,0.1083456,-2.624559,0.2761155,0.2118587,-12.64332,0.7955309,0.2728052,-0.5968284,-0.6342155,-0.4914949,-1.972318,0.38158,0.01673698,-12.70144,0.8465979,0.7047873,-0.7603762,-0.5952851,0.2597387,-3.117871,0.5589366,0.2839565,-0.03479838
1736099875174,-12.59177,1.597876,0.5134459,-0.9937926,0.02525393,0.1083456,0,0,0,-12.64332,0.7955309,0.2728052,-0.5968284,-0.6342155,-0.4914949,0,0,0,-12.70144,0.8465979,0.7047873,-0.7603762,-0.5952851,0.2597387,0,0,0,-0.03479838
1736099875208,-12.62512,1.600769,0.5154018,-0.9946581,0.01656945,0.1018893,-2.501392,0.2169997,0.146699,-12.67056,0.7998303,0.2740974,-0.5560848,-0.6518666,-0.5155969,-2.042484,0.3224596,0.09691715,-12.74373,0.8551288,0.7069702,-0.7650415,-0.5869052,0.265055,-3.171802,0.6398186,0.163722,-0.03479838
1736099875214,-12.62512,1.600769,0.5154018,-0.9946581,0.01656945,0.1018893,0,0,0,-12.67056,0.7998303,0.2740974,-0.5560848,-0.6518666,-0.5155969,0,0,0,-12.74373,0.8551288,0.7069702,-0.7650415,-0.5869052,0.265055,0,0,0,-0.03479838
1736099875235,-12.6757,1.603226,0.5173664,-0.9954427,0.02195797,0.09280121,-3.79343,0.1842856,0.1473427,-12.71327,0.801015,0.2795534,-0.5555278,-0.6542581,-0.5131624,-3.203273,0.08885264,0.4091978,-12.80746,0.8690432,0.70467,-0.7872261,-0.5676808,0.240861,-4.779482,1.04358,-0.1725197,-0.03479838
1736099875241,-12.6757,1.603226,0.5173664,-0.9954427,0.02195797,0.09280121,0,0,0,-12.71327,0.801015,0.2795534,-0.5555278,-0.6542581,-0.5131624,0,0,0,-12.80746,0.8690432,0.70467,-0.7872261,-0.5676808,0.240861,0,0,0,-0.03479838
1736099875247,-12.6757,1.603226,0.5173664,-0.9954427,0.02195797,0.09280121,0,0,0,-12.71327,0.801015,0.2795534,-0.5555278,-0.6542581,-0.5131624,0,0,0,-12.80746,0.8690432,0.70467,-0.7872261,-0.5676808,0.240861,0,0,0,-0.03479838
1736099875263,-12.7095,1.601661,0.518302,-0.9959534,0.03221478,0.08389962,-2.535152,-0.1173913,0.07016659,-12.74442,0.7975785,0.281847,-0.5535687,-0.6541017,-0.5154736,-2.33624,-0.2577424,0.172019,-12.84838,0.8756742,0.7015581,-0.8085088,-0.5516325,0.2049764,-3.068948,0.4973263,-0.2333879,-0.03479838
1736099875269,-12.7095,1.601661,0.518302,-0.9959534,0.03221478,0.08389962,0,0,0,-12.74442,0.7975785,0.281847,-0.5535687,-0.6541017,-0.5154736,0,0,0,-12.84838,0.8756742,0.7015581,-0.8085088,-0.5516325,0.2049764,0,0,0,-0.03479838
1736099875291,-12.74379,1.599098,0.5192795,-0.9967186,0.03678681,0.07210547,-2.571917,-0.1921892,0.07331371,-12.77542,0.7927739,0.282691,-0.5383162,-0.656886,-0.5279368,-2.32501,-0.3603414,0.06330013,-12.88799,0.8798288,0.6988077,-0.8252292,-0.5381382,0.1714777,-2.971172,0.3115967,-0.2062798,-0.03479838
1736099875297,-12.74379,1.599098,0.5192795,-0.9967186,0.03678681,0.07210547,0,0,0,-12.77542,0.7927739,0.282691,-0.5383162,-0.656886,-0.5279368,0,0,0,-12.88799,0.8798288,0.6988077,-0.8252292,-0.5381382,0.1714777,0,0,0,-0.03479838
1736099875319,-12.77845,1.594697,0.5198641,-0.9973841,0.03936165,0.06063104,-2.598882,-0.3301442,0.04384518,-12.80737,0.785751,0.2830687,-0.5107813,-0.6601447,-0.5507379,-2.396393,-0.5267143,0.02832413,-12.92776,0.8807364,0.6970062,-0.837621,-0.5262367,0.1465131,-2.982545,0.06806552,-0.1351118,-0.03479838
1736099875324,-12.77845,1.594697,0.5198641,-0.9973841,0.03936165,0.06063104,0,0,0,-12.80737,0.785751,0.2830687,-0.5107813,-0.6601447,-0.5507379,0,0,0,-12.92776,0.8807364,0.6970062,-0.837621,-0.5262367,0.1465131,0,0,0,-0.03479838
1736099875346,-12.81344,1.589262,0.5203962,-0.9978705,0.04005444,0.0514794,-2.624631,-0.4075527,0.03991127,-12.83908,0.7778181,0.2852249,-0.4820793,-0.6697457,-0.564837,-2.37844,-0.5949676,0.1617193,-12.96582,0.8794843,0.6967258,-0.84587,-0.5164619,0.1333092,-2.854443,-0.09390414,-0.02102852,-0.03479838
1736099875352,-12.81344,1.589262,0.5203962,-0.9978705,0.04005444,0.0514794,0,0,0,-12.83908,0.7778181,0.2852249,-0.4820793,-0.6697457,-0.564837,0,0,0,-12.96582,0.8794843,0.6967258,-0.84587,-0.5164619,0.1333092,0,0,0,-0.03479838
1736099875375,-12.84888,1.583464,0.5206013,-0.9981942,0.03925005,0.04547656,-2.658033,-0.4348755,0.015378,-12.87274,0.7687455,0.2892637,-0.4730989,-0.6760721,-0.5648934,-2.524209,-0.6804496,0.3029108,-13.00556,0.8753655,0.6967907,-0.8506371,-0.5090924,0.1313087,-2.980328,-0.30891,0.004863739,-0.03479838
1736099875381,-12.84888,1.583464,0.5206013,-0.9981942,0.03925005,0.04547656,0,0,0,-12.87274,0.7687455,0.2892637,-0.4730989,-0.6760721,-0.5648934,0,0,0,-13.00556,0.8753655,0.6967907,-0.8506371,-0.5090924,0.1313087,0,0,0,-0.03479838
1736099875403,-12.88563,1.579338,0.5208359,-0.9981715,0.04151927,0.04393482,-2.75631,-0.3094912,0.01759529,-12.90747,0.7607359,0.2942743,-0.4742574,-0.6842588,-0.5539587,-2.605247,-0.6007165,0.3757954,-13.04379,0.8705268,0.6980972,-0.8549953,-0.5000384,0.1376413,-2.86746,-0.3629029,0.09799004,-0.03479838
1736099875409,-12.88563,1.579338,0.5208359,-0.9981715,0.04151927,0.04393482,0,0,0,-12.90747,0.7607359,0.2942743,-0.4742574,-0.6842588,-0.5539587,0,0,0,-13.04379,0.8705268,0.6980972,-0.8549953,-0.5000384,0.1376413,0,0,0,-0.03479838
1736099875431,-12.92351,1.575852,0.5208206,-0.9977731,0.04584705,0.04844773,-2.840638,-0.261426,-0.001144409,-12.94474,0.754509,0.2981586,-0.4796323,-0.6920359,-0.5394812,-2.795005,-0.4670173,0.2913237,-13.07897,0.8649842,0.7000523,-0.8546232,-0.4964713,0.1521044,-2.638435,-0.4156977,0.1466274,-0.03479838
1736099875437,-12.92351,1.575852,0.5208206,-0.9977731,0.04584705,0.04844773,0,0,0,-12.94474,0.754509,0.2981586,-0.4796323,-0.6920359,-0.5394812,0,0,0,-13.07897,0.8649842,0.7000523,-0.8546232,-0.4964713,0.1521044,0,0,0,-0.03479838
1736099875459,-12.95934,1.570996,0.520647,-0.9977445,0.03900379,0.05463678,-2.687573,-0.3641725,-0.01301765,-12.98444,0.750443,0.300477,-0.4828437,-0.6948381,-0.5329751,-2.97718,-0.3049538,0.1738787,-13.1108,0.859583,0.702158,-0.8459277,-0.507246,0.1646453,-2.387238,-0.4050896,0.1579285,-0.03479838
1736099875465,-12.95934,1.570996,0.520647,-0.9977445,0.03900379,0.05463678,0,0,0,-12.98444,0.750443,0.300477,-0.4828437,-0.6948381,-0.5329751,0,0,0,-13.1108,0.859583,0.702158,-0.8459277,-0.507246,0.1646453,0,0,0,-0.03479838
1736099875470,-12.95934,1.570996,0.520647,-0.9977445,0.03900379,0.05463678,0,0,0,-12.98444,0.750443,0.300477,-0.4828437,-0.6948381,-0.5329751,0,0,0,-13.1108,0.859583,0.702158,-0.8459277,-0.507246,0.1646453,0,0,0,-0.03479838
1736099875487,-12.99724,1.579556,0.5193348,-0.9973658,0.02758387,0.06709117,-2.842283,0.6419957,-0.09841919,-13.02705,0.7513973,0.3008575,-0.4784048,-0.6950388,-0.5367033,-3.196263,0.07157475,0.0285387,-13.13984,0.8568716,0.7074842,-0.8317226,-0.5256529,0.1786808,-2.178025,-0.2033517,0.3994703,-0.03479838
1736099875493,-12.99724,1.579556,0.5193348,-0.9973658,0.02758387,0.06709117,0,0,0,-13.02705,0.7513973,0.3008575,-0.4784048,-0.6950388,-0.5367033,0,0,0,-13.13984,0.8568716,0.7074842,-0.8317226,-0.5256529,0.1786808,0,0,0,-0.03479838
1736099875515,-13.0344,1.583629,0.5191727,-0.9960302,0.0340798,0.08223665,-2.786779,0.3054947,-0.01215935,-13.06597,0.7543244,0.3032875,-0.4748451,-0.6992968,-0.5343283,-2.918601,0.2195299,0.1822472,-13.16536,0.8536417,0.7133293,-0.809367,-0.5481212,0.2109236,-1.914096,-0.2422437,0.4383802,-0.03479838
1736099875521,-13.0344,1.583629,0.5191727,-0.9960302,0.0340798,0.08223665,0,0,0,-13.06597,0.7543244,0.3032875,-0.4748451,-0.6992968,-0.5343283,0,0,0,-13.16536,0.8536417,0.7133293,-0.809367,-0.5481212,0.2109236,0,0,0,-0.03479838
1736099875554,-13.06859,1.58596,0.5196886,-0.9955516,0.0381966,0.08613014,-2.564836,0.1747996,0.03869534,-13.10889,0.7644393,0.3089714,-0.5137604,-0.6897935,-0.5101333,-3.218865,0.7586181,0.4262924,-13.18864,0.8535439,0.7176867,-0.7828539,-0.572674,0.2432789,-1.745725,-0.007335842,0.3268003,-0.03479838
1736099875560,-13.06859,1.58596,0.5196886,-0.9955516,0.0381966,0.08613014,0,0,0,-13.10889,0.7644393,0.3089714,-0.5137604,-0.6897935,-0.5101333,0,0,0,-13.18864,0.8535439,0.7176867,-0.7828539,-0.572674,0.2432789,0,0,0,-0.03479838
1736099875582,-13.11943,1.592347,0.5224648,-0.9956185,0.02511165,0.09007591,-3.812528,0.4790068,0.2082109,-13.1775,0.778944,0.3207388,-0.6033567,-0.6637056,-0.4421041,-5.14605,1.087855,0.8825541,-13.22473,0.8585565,0.7218695,-0.781207,-0.5834003,0.2221716,-2.706957,0.3759474,0.3137112,-0.03479838
1736099875588,-13.11943,1.592347,0.5224648,-0.9956185,0.02511165,0.09007591,0,0,0,-13.1775,0.778944,0.3207388,-0.6033567,-0.6637056,-0.4421041,0,0,0,-13.22473,0.8585565,0.7218695,-0.781207,-0.5834003,0.2221716,0,0,0,-0.03479838
1736099875594,-13.11943,1.592347,0.5224648,-0.9956185,0.02511165,0.09007591,0,0,0,-13.1775,0.778944,0.3207388,-0.6033567,-0.6637056,-0.4421041,0,0,0,-13.22473,0.8585565,0.7218695,-0.781207,-0.5834003,0.2221716,0,0,0,-0.03479838
1736099875611,-13.15294,1.598166,0.5255289,-0.9951467,0.02173741,0.09597218,-2.513194,0.4364133,0.2298117,-13.22431,0.7902085,0.3246536,-0.6434388,-0.6386409,-0.4220482,-3.510547,0.8448377,0.2936125,-13.24743,0.861014,0.7287827,-0.7805722,-0.5866394,0.2157815,-1.702952,0.1843125,0.5184889,-0.03479838
1736099875618,-13.15294,1.598166,0.5255289,-0.9951467,0.02173741,0.09597218,0,0,0,-13.22431,0.7902085,0.3246536,-0.6434388,-0.6386409,-0.4220482,0,0,0,-13.24743,0.861014,0.7287827,-0.7805722,-0.5866394,0.2157815,0,0,0,-0.03479838
1736099875639,-13.18533,1.602094,0.5290613,-0.9947223,0.01684327,0.1012138,-2.429295,0.2946138,0.2649307,-13.26875,0.8007006,0.3276644,-0.6584432,-0.6207474,-0.4255887,-3.333306,0.7869065,0.2258062,-13.27037,0.8623686,0.7379704,-0.7637932,-0.5978441,0.2433159,-1.720047,0.1015931,0.6890774,-0.03479838
1736099875646,-13.18533,1.602094,0.5290613,-0.9947223,0.01684327,0.1012138,0,0,0,-13.26875,0.8007006,0.3276644,-0.6584432,-0.6207474,-0.4255887,0,0,0,-13.27037,0.8623686,0.7379704,-0.7637932,-0.5978441,0.2433159,0,0,0,-0.03479838
1736099875665,-13.21719,1.605874,0.5332346,-0.9943287,0.0115098,0.1057276,-2.389383,0.2834916,0.3129959,-13.31296,0.8112906,0.3332615,-0.6731191,-0.6070303,-0.4224043,-3.315711,0.7942513,0.4197836,-13.29421,0.863418,0.7482967,-0.7346091,-0.6136186,0.2895204,-1.788425,0.07870495,0.7744789,-0.03479838
1736099875672,-13.21719,1.605874,0.5332346,-0.9943287,0.0115098,0.1057276,0,0,0,-13.31296,0.8112906,0.3332615,-0.6731191,-0.6070303,-0.4224043,0,0,0,-13.29421,0.863418,0.7482967,-0.7346091,-0.6136186,0.2895204,0,0,0,-0.03479838
1736099875693,-13.24916,1.605501,0.5378933,-0.9938037,0.01348351,0.1103303,-2.398181,-0.02799332,0.3494024,-13.35668,0.8191791,0.3408461,-0.6950281,-0.5936435,-0.4056156,-3.278661,0.5916327,0.5688429,-13.31795,0.8589708,0.7564783,-0.7114141,-0.6282027,0.315042,-1.780486,-0.3335416,0.6136179,-0.03726089
1736099875700,-13.24916,1.605501,0.5378933,-0.9938037,0.01348351,0.1103303,0,0,0,-13.35668,0.8191791,0.3408461,-0.6950281,-0.5936435,-0.4056156,0,0,0,-13.31795,0.8589708,0.7564783,-0.7114141,-0.6282027,0.315042,0,0,0,-0.03726089
1736099875721,-13.28074,1.605196,0.5426826,-0.9933429,0.0207961,0.1133045,-2.368355,-0.02281666,0.3592014,-13.39989,0.8259251,0.3510523,-0.7285731,-0.5759335,-0.3707869,-3.241253,0.5059496,0.7654667,-13.34274,0.8539524,0.7630682,-0.7006916,-0.6367697,0.3218014,-1.85895,-0.3763765,0.4942417,-0.0374018
1736099875728,-13.28074,1.605196,0.5426826,-0.9933429,0.0207961,0.1133045,0,0,0,-13.39989,0.8259251,0.3510523,-0.7285731,-0.5759335,-0.3707869,0,0,0,-13.34274,0.8539524,0.7630682,-0.7006916,-0.6367697,0.3218014,0,0,0,-0.0374018
1736099875749,-13.31235,1.602948,0.5473795,-0.9927832,0.02761194,0.1167012,-2.370858,-0.1686394,0.3522635,-13.44153,0.830649,0.360467,-0.7629921,-0.5513444,-0.337436,-3.12252,0.3542975,0.7061005,-13.36893,0.8480259,0.7698545,-0.6919282,-0.6431771,0.3279617,-1.964092,-0.4444867,0.508976,-0.0374018
1736099875756,-13.31235,1.602948,0.5473795,-0.9927832,0.02761194,0.1167012,0,0,0,-13.44153,0.830649,0.360467,-0.7629921,-0.5513444,-0.337436,0,0,0,-13.36893,0.8480259,0.7698545,-0.6919282,-0.6431771,0.3279617,0,0,0,-0.0374018
1736099875777,-13.34451,1.599413,0.5524921,-0.9922168,0.03342018,0.1199536,-2.411914,-0.2651453,0.3834486,-13.48317,0.8341858,0.3691788,-0.7904059,-0.5285008,-0.3097514,-3.123307,0.2652615,0.6533861,-13.39774,0.840863,0.7769804,-0.681338,-0.6474266,0.3414932,-2.160931,-0.5372196,0.5344391,-0.0374018
1736099875784,-13.34451,1.599413,0.5524921,-0.9922168,0.03342018,0.1199536,0,0,0,-13.48317,0.8341858,0.3691788,-0.7904059,-0.5285008,-0.3097514,0,0,0,-13.39774,0.840863,0.7769804,-0.681338,-0.6474266,0.3414932,0,0,0,-0.0374018
1736099875791,-13.34451,1.599413,0.5524921,-0.9922168,0.03342018,0.1199536,0,0,0,-13.48317,0.8341858,0.3691788,-0.7904059,-0.5285008,-0.3097514,0,0,0,-13.39774,0.840863,0.7769804,-0.681338,-0.6474266,0.3414932,0,0,0,-0.0374018
1736099875805,-13.37763,1.594637,0.5586338,-0.9918775,0.03999971,0.1207467,-2.484369,-0.3581822,0.4606247,-13.52318,0.8327105,0.3765316,-0.8045034,-0.5152426,-0.2954649,-3.000784,-0.1106501,0.5514622,-13.43024,0.8326129,0.7835855,-0.6691431,-0.6521253,0.3563429,-2.437592,-0.6187588,0.4953861,-0.0374018
1736099875811,-13.37763,1.594637,0.5586338,-0.9918775,0.03999971,0.1207467,0,0,0,-13.52318,0.8327105,0.3765316,-0.8045034,-0.5152426,-0.2954649,0,0,0,-13.43024,0.8326129,0.7835855,-0.6691431,-0.6521253,0.3563429,0,0,0,-0.0374018
1736099875833,-13.41148,1.589448,0.5651703,-0.9914148,0.04840958,0.1214642,-2.5383,-0.3891528,0.4902363,-13.56101,0.8312544,0.3829231,-0.8156555,-0.502193,-0.2872437,-2.837276,-0.1092106,0.4793644,-13.46127,0.8250172,0.7893887,-0.6589553,-0.6564458,0.367229,-2.327228,-0.5696744,0.4352331,-0.0374018
1736099875839,-13.41148,1.589448,0.5651703,-0.9914148,0.04840958,0.1214642,0,0,0,-13.56101,0.8312544,0.3829231,-0.8156555,-0.502193,-0.2872437,0,0,0,-13.46127,0.8250172,0.7893887,-0.6589553,-0.6564458,0.367229,0,0,0,-0.0374018
1736099875858,-13.44617,1.58408,0.5722694,-0.9911908,0.05653585,0.1197701,-2.601814,-0.4025817,0.5324364,-13.59764,0.8256751,0.3874969,-0.8161701,-0.4968486,-0.2949715,-2.747011,-0.4184425,0.3430367,-13.49656,0.8167698,0.793539,-0.6552958,-0.6582797,0.3704798,-2.646589,-0.6185576,0.3112793,-0.0374018
1736099875865,-13.44617,1.58408,0.5722694,-0.9911908,0.05653585,0.1197701,0,0,0,-13.59764,0.8256751,0.3874969,-0.8161701,-0.4968486,-0.2949715,0,0,0,-13.49656,0.8167698,0.793539,-0.6552958,-0.6582797,0.3704798,0,0,0,-0.0374018
1736099875885,-13.48174,1.580145,0.579504,-0.9914991,0.05938422,0.1157728,-2.667618,-0.2951771,0.542593,-13.63088,0.8187097,0.3909779,-0.8075781,-0.4991877,-0.3140535,-2.492809,-0.5224094,0.2610683,-13.53149,0.809675,0.7966576,-0.6558926,-0.6608627,0.3647816,-2.619982,-0.53211,0.2338886,-0.0374018
1736099875891,-13.48174,1.580145,0.579504,-0.9914991,0.05938422,0.1157728,0,0,0,-13.63088,0.8187097,0.3909779,-0.8075781,-0.4991877,-0.3140535,0,0,0,-13.53149,0.809675,0.7966576,-0.6558926,-0.6608627,0.3647816,0,0,0,-0.0374018
1736099875913,-13.51813,1.576571,0.5876217,-0.9919749,0.06080605,0.1108541,-2.729702,-0.2680063,0.6088257,-13.66003,0.8105071,0.3937092,-0.7903275,-0.5123867,-0.3359213,-2.18668,-0.6151959,0.2048492,-13.56981,0.8048424,0.7989388,-0.6618298,-0.662199,0.3513886,-2.873898,-0.3624424,0.1710892,-0.0374018
1736099875919,-13.51813,1.576571,0.5876217,-0.9919749,0.06080605,0.1108541,0,0,0,-13.66003,0.8105071,0.3937092,-0.7903275,-0.5123867,-0.3359213,0,0,0,-13.56981,0.8048424,0.7989388,-0.6618298,-0.662199,0.3513886,0,0,0,-0.0374018
1736099875941,-13.55483,1.575597,0.596159,-0.9931781,0.0484451,0.1060693,-2.75259,-0.07303655,0.6402969,-13.68557,0.7997261,0.395525,-0.7617067,-0.5410146,-0.3565199,-1.915598,-0.8085698,0.1361847,-13.61136,0.8033729,0.8015594,-0.6680916,-0.6623815,0.3389757,-3.116512,-0.110212,0.1965523,-0.0374018
1736099875947,-13.55483,1.575597,0.596159,-0.9931781,0.0484451,0.1060693,0,0,0,-13.68557,0.7997261,0.395525,-0.7617067,-0.5410146,-0.3565199,0,0,0,-13.61136,0.8033729,0.8015594,-0.6680916,-0.6623815,0.3389757,0,0,0,-0.0374018
1736099875969,-13.59383,1.588167,0.6056995,-0.9944085,0.0389846,0.09814441,-2.924681,0.9427249,0.7155418,-13.70854,0.7926517,0.3947983,-0.7266633,-0.5659128,-0.3894916,-1.722765,-0.5305812,-0.05450249,-13.6507,0.8047141,0.8054924,-0.6696773,-0.6604393,0.3396361,-2.95043,0.1005873,0.2949715,-0.0374018
1736099875975,-13.59383,1.588167,0.6056995,-0.9944085,0.0389846,0.09814441,0,0,0,-13.70854,0.7926517,0.3947983,-0.7266633,-0.5659128,-0.3894916,0,0,0,-13.6507,0.8047141,0.8054924,-0.6696773,-0.6604393,0.3396361,0,0,0,-0.0374018
1736099875998,-13.63247,1.590129,0.6133404,-0.9915195,0.05807674,0.1162608,-2.897787,0.1471817,0.5730629,-13.72612,0.7904975,0.393425,-0.661013,-0.6035207,-0.4458979,-1.318502,-0.1615673,-0.1029968,-13.68832,0.8106142,0.8078957,-0.6571357,-0.6741459,0.3371949,-2.821112,0.4425108,0.1802444,-0.0374018
1736099876004,-13.63247,1.590129,0.6133404,-0.9915195,0.05807674,0.1162608,0,0,0,-13.72612,0.7904975,0.393425,-0.661013,-0.6035207,-0.4458979,0,0,0,-13.68832,0.8106142,0.8078957,-0.6571357,-0.6741459,0.3371949,0,0,0,-0.0374018
1736099876026,-13.66772,1.590293,0.6186771,-0.9910321,0.04883705,0.1243802,-2.644157,0.01229346,0.4002571,-13.7455,0.7908226,0.3974762,-0.6166842,-0.6475701,-0.4476089,-1.4534,0.02438128,0.3038406,-13.73042,0.824096,0.8076172,-0.6811885,-0.6555449,0.3259501,-3.157282,1.01113,-0.02088547,-0.0374018
1736099876031,-13.66772,1.590293,0.6186771,-0.9910321,0.04883705,0.1243802,0,0,0,-13.7455,0.7908226,0.3974762,-0.6166842,-0.6475701,-0.4476089,0,0,0,-13.73042,0.824096,0.8076172,-0.6811885,-0.6555449,0.3259501,0,0,0,-0.0374018
1736099876054,-13.70196,1.591889,0.6222935,-0.9930158,0.0144796,0.1170908,-2.568054,0.1196712,0.271225,-13.77101,0.7924496,0.4027538,-0.6376438,-0.6468214,-0.41837,-1.91288,0.1220271,0.3958225,-13.77353,0.8379536,0.805294,-0.7231416,-0.6339146,0.2742605,-3.233814,1.03932,-0.1742363,-0.0374018
1736099876060,-13.70196,1.591889,0.6222935,-0.9930158,0.0144796,0.1170908,0,0,0,-13.77101,0.7924496,0.4027538,-0.6376438,-0.6468214,-0.41837,0,0,0,-13.77353,0.8379536,0.805294,-0.7231416,-0.6339146,0.2742605,0,0,0,-0.0374018
1736099876083,-13.73795,1.597414,0.6258183,-0.9940456,0.01540222,0.1078729,-2.698946,0.4143655,0.2643585,-13.79881,0.7960322,0.4036121,-0.6624427,-0.6205571,-0.4196181,-2.085543,0.2686992,0.06437302,-13.81368,0.8453038,0.8055859,-0.7435707,-0.6342244,0.2118074,-3.011227,0.5512655,0.02188683,-0.0374018
1736099876089,-13.73795,1.597414,0.6258183,-0.9940456,0.01540222,0.1078729,0,0,0,-13.79881,0.7960322,0.4036121,-0.6624427,-0.6205571,-0.4196181,0,0,0,-13.81368,0.8453038,0.8055859,-0.7435707,-0.6342244,0.2118074,0,0,0,-0.0374018
1736099876111,-13.77307,1.60184,0.6278648,-0.9948688,0.02083661,0.09900784,-2.633715,0.3319681,0.1534939,-13.82737,0.8022929,0.4014168,-0.6497039,-0.6095811,-0.4541986,-2.141333,0.4695475,-0.1646519,-13.85485,0.8497549,0.8105659,-0.7463611,-0.6328433,0.2060454,-3.087187,0.3338367,0.3735065,-0.0374018
1736099876117,-13.77307,1.60184,0.6278648,-0.9948688,0.02083661,0.09900784,0,0,0,-13.82737,0.8022929,0.4014168,-0.6497039,-0.6095811,-0.4541986,0,0,0,-13.85485,0.8497549,0.8105659,-0.7463611,-0.6328433,0.2060454,0,0,0,-0.0374018
1736099876139,-13.80688,1.60494,0.6283703,-0.9959365,0.01474051,0.08884513,-2.535725,0.2325118,0.03790855,-13.85468,0.8079825,0.3989277,-0.6104646,-0.6182469,-0.4950801,-2.048922,0.4267216,-0.1866817,-13.89704,0.8555368,0.8155499,-0.7559038,-0.6144014,0.2260985,-3.164434,0.4336372,0.3737926,-0.0374018
1736099876144,-13.80688,1.60494,0.6283703,-0.9959365,0.01474051,0.08884513,0,0,0,-13.85468,0.8079825,0.3989277,-0.6104646,-0.6182469,-0.4950801,0,0,0,-13.89704,0.8555368,0.8155499,-0.7559038,-0.6144014,0.2260985,0,0,0,-0.0374018
1736099876151,-13.80688,1.60494,0.6283703,-0.9959365,0.01474051,0.08884513,0,0,0,-13.85468,0.8079825,0.3989277,-0.6104646,-0.6182469,-0.4950801,0,0,0,-13.89704,0.8555368,0.8155499,-0.7559038,-0.6144014,0.2260985,0,0,0,-0.0374018
1736099876167,-13.84001,1.605766,0.6282024,-0.9971393,0.005049001,0.07541859,-2.485085,0.06195009,-0.0125885,-13.88109,0.8110433,0.3982105,-0.5788208,-0.6295227,-0.5183318,-1.980686,0.2295613,-0.05378723,-13.93962,0.8600142,0.8177223,-0.7564582,-0.6089951,0.2385294,-3.193903,0.3358081,0.1629353,-0.03808403
1736099876172,-13.84001,1.605766,0.6282024,-0.9971393,0.005049001,0.07541859,0,0,0,-13.88109,0.8110433,0.3982105,-0.5788208,-0.6295227,-0.5183318,0,0,0,-13.93962,0.8600142,0.8177223,-0.7564582,-0.6089951,0.2385294,0,0,0,-0.03808403
1736099876194,-13.87317,1.605963,0.6282787,-0.9978812,0.001554016,0.06504673,-2.487373,0.01477003,0.005722046,-13.90718,0.8103706,0.3987045,-0.5701649,-0.6316741,-0.5252625,-1.956367,-0.05045682,0.03705025,-13.98,0.8653364,0.8169384,-0.7640004,-0.6040635,0.2267398,-3.027964,0.3991663,-0.05879402,-0.03887033
1736099876200,-13.87317,1.605963,0.6282787,-0.9978812,0.001554016,0.06504673,0,0,0,-13.90718,0.8103706,0.3987045,-0.5701649,-0.6316741,-0.5252625,0,0,0,-13.98,0.8653364,0.8169384,-0.7640004,-0.6040635,0.2267398,0,0,0,-0.03887033
1736099876234,-13.90697,1.605791,0.6282616,-0.9984286,0.005086873,0.05580992,-2.534294,-0.01290143,-0.00128746,-13.93365,0.8081378,0.3990936,-0.5716887,-0.6288825,-0.5269531,-1.985264,-0.1674592,0.02918243,-14.02137,0.8721539,0.8129463,-0.7829921,-0.5913473,0.1929562,-3.102922,0.511314,-0.2994061,-0.03887486
1736099876240,-13.90697,1.605791,0.6282616,-0.9984286,0.005086873,0.05580992,0,0,0,-13.93365,0.8081378,0.3990936,-0.5716887,-0.6288825,-0.5269531,0,0,0,-14.02137,0.8721539,0.8129463,-0.7829921,-0.5913473,0.1929562,0,0,0,-0.03887486
1736099876263,-13.95774,1.602244,0.6279469,-0.9990854,0.0124306,0.04091722,-3.807735,-0.2660483,-0.02360344,-13.97449,0.8004109,0.3951283,-0.5419274,-0.6303182,-0.5558908,-3.063011,-0.5795136,-0.2974033,-14.08206,0.8787079,0.8064861,-0.8103452,-0.5684333,0.1422141,-4.552031,0.4915506,-0.4845142,-0.03887486
1736099876268,-13.95774,1.602244,0.6279469,-0.9990854,0.0124306,0.04091722,0,0,0,-13.97449,0.8004109,0.3951283,-0.5419274,-0.6303182,-0.5558908,0,0,0,-14.08206,0.8787079,0.8064861,-0.8103452,-0.5684333,0.1422141,0,0,0,-0.03887486
1736099876273,-13.95774,1.602244,0.6279469,-0.9990854,0.0124306,0.04091722,0,0,0,-13.97449,0.8004109,0.3951283,-0.5419274,-0.6303182,-0.5558908,0,0,0,-14.08206,0.8787079,0.8064861,-0.8103452,-0.5684333,0.1422141,0,0,0,-0.03887486
1736099876291,-13.99205,1.597459,0.6272068,-0.9994074,0.01520702,0.03088832,-2.573633,-0.3588438,-0.05550385,-14.00277,0.7915204,0.391346,-0.4948416,-0.6400635,-0.5877508,-2.120733,-0.6667882,-0.2836704,-14.12363,0.8793608,0.8024426,-0.8225126,-0.5564654,0.1175562,-3.117514,0.04896373,-0.3032684,-0.03887486
1736099876298,-13.99205,1.597459,0.6272068,-0.9994074,0.01520702,0.03088832,0,0,0,-14.00277,0.7915204,0.391346,-0.4948416,-0.6400635,-0.5877508,0,0,0,-14.12363,0.8793608,0.8024426,-0.8225126,-0.5564654,0.1175562,0,0,0,-0.03887486
1736099876319,-14.02652,1.592435,0.6266479,-0.9996328,0.01724964,0.02090675,-2.585077,-0.3767967,-0.04191399,-14.03044,0.7812773,0.3893547,-0.4514577,-0.6508189,-0.6104271,-2.075529,-0.7682338,-0.1493454,-14.16394,0.8780946,0.7995396,-0.8315746,-0.5453702,0.1051447,-3.023243,-0.09496361,-0.2177238,-0.03887486
1736099876324,-14.02652,1.592435,0.6266479,-0.9996328,0.01724964,0.02090675,0,0,0,-14.03044,0.7812773,0.3893547,-0.4514577,-0.6508189,-0.6104271,0,0,0,-14.16394,0.8780946,0.7995396,-0.8315746,-0.5453702,0.1051447,0,0,0,-0.03887486
1736099876347,-14.06188,1.587143,0.6260872,-0.9996855,0.02140249,0.01308721,-2.652168,-0.396958,-0.04205704,-14.05791,0.7704821,0.3885021,-0.4197964,-0.6626295,-0.6202371,-2.060652,-0.8096427,-0.06394386,-14.20429,0.874548,0.7968864,-0.838264,-0.5355658,0.1023872,-3.026247,-0.2659947,-0.1989841,-0.03887486
1736099876352,-14.06188,1.587143,0.6260872,-0.9996855,0.02140249,0.01308721,0,0,0,-14.05791,0.7704821,0.3885021,-0.4197964,-0.6626295,-0.6202371,0,0,0,-14.20429,0.874548,0.7968864,-0.838264,-0.5355658,0.1023872,0,0,0,-0.03887486
1736099876375,-14.09832,1.583477,0.6251945,-0.9996657,0.02457169,0.008057177,-2.732849,-0.2749175,-0.06694794,-14.08725,0.75972,0.3891792,-0.4089481,-0.6699097,-0.6196637,-2.20027,-0.8071572,0.05078316,-14.24256,0.8699252,0.7950535,-0.8417683,-0.5297902,0.1036772,-2.870035,-0.3467113,-0.1374722,-0.03887486
1736099876381,-14.09832,1.583477,0.6251945,-0.9996657,0.02457169,0.008057177,0,0,0,-14.08725,0.75972,0.3891792,-0.4089481,-0.6699097,-0.6196637,0,0,0,-14.24256,0.8699252,0.7950535,-0.8417683,-0.5297902,0.1036772,0,0,0,-0.03887486
1736099876403,-14.13507,1.580376,0.6240387,-0.9995287,0.02904464,0.009957314,-2.756596,-0.2326012,-0.086689,-14.12027,0.7500531,0.3905602,-0.3943186,-0.684199,-0.6135026,-2.476358,-0.7250145,0.103569,-14.27825,0.8648729,0.7940693,-0.8411964,-0.5290331,0.1118621,-2.677345,-0.3789246,-0.07381439,-0.03887486
1736099876408,-14.13507,1.580376,0.6240387,-0.9995287,0.02904464,0.009957314,0,0,0,-14.12027,0.7500531,0.3905602,-0.3943186,-0.684199,-0.6135026,0,0,0,-14.27825,0.8648729,0.7940693,-0.8411964,-0.5290331,0.1118621,0,0,0,-0.03887486
1736099876431,-14.17114,1.577231,0.6222916,-0.999502,0.02769152,0.01514447,-2.705383,-0.2358556,-0.1310349,-14.15419,0.744183,0.3918972,-0.3805805,-0.6971508,-0.6075689,-2.544165,-0.4402578,0.1002789,-14.31045,0.8608512,0.7934856,-0.8368097,-0.5346791,0.1177633,-2.414989,-0.3016278,-0.04377365,-0.03887486
1736099876436,-14.17114,1.577231,0.6222916,-0.999502,0.02769152,0.01514447,0,0,0,-14.15419,0.744183,0.3918972,-0.3805805,-0.6971508,-0.6075689,0,0,0,-14.31045,0.8608512,0.7934856,-0.8368097,-0.5346791,0.1177633,0,0,0,-0.03887486
1736099876459,-14.20819,1.579918,0.62117,-0.9997082,0.008883309,0.02247709,-2.778482,0.2015233,-0.08411407,-14.19384,0.7417006,0.3927135,-0.3824157,-0.7044175,-0.5979586,-2.973318,-0.1861766,0.06122589,-14.34157,0.8584754,0.7936573,-0.8274382,-0.5492066,0.117126,-2.333879,-0.1781836,0.0128746,-0.03887486
1736099876465,-14.20819,1.579918,0.62117,-0.9997082,0.008883309,0.02247709,0,0,0,-14.19384,0.7417006,0.3927135,-0.3824157,-0.7044175,-0.5979586,0,0,0,-14.34157,0.8584754,0.7936573,-0.8274382,-0.5492066,0.117126,0,0,0,-0.03887486
1736099876470,-14.20819,1.579918,0.62117,-0.9997082,0.008883309,0.02247709,0,0,0,-14.19384,0.7417006,0.3927135,-0.3824157,-0.7044175,-0.5979586,0,0,0,-14.34157,0.8584754,0.7936573,-0.8274382,-0.5492066,0.117126,0,0,0,-0.03887486
1736099876487,-14.24653,1.586702,0.6199989,-0.9985393,0.03098833,0.04426181,-2.875471,0.5087793,-0.0878334,-14.23421,0.7449862,0.3938694,-0.3701982,-0.7129719,-0.5955036,-3.028393,0.2464145,0.086689,-14.36985,0.8577179,0.7998791,-0.8091583,-0.5712959,0.1374187,-2.121162,-0.05681366,0.4666328,-0.03887486
1736099876492,-14.24653,1.586702,0.6199989,-0.9985393,0.03098833,0.04426181,0,0,0,-14.23421,0.7449862,0.3938694,-0.3701982,-0.7129719,-0.5955036,0,0,0,-14.36985,0.8577179,0.7998791,-0.8091583,-0.5712959,0.1374187,0,0,0,-0.03887486
1736099876515,-14.28382,1.592632,0.6192532,-0.9974812,0.04626467,0.05376959,-2.796936,0.4447818,-0.055933,-14.27574,0.7512304,0.3964348,-0.3866827,-0.7171677,-0.5797824,-3.11408,0.4683182,0.1924038,-14.39603,0.8568605,0.8055916,-0.7883236,-0.5878587,0.1815726,-1.962948,-0.06430596,0.4284382,-0.03887486
1736099876520,-14.28382,1.592632,0.6192532,-0.9974812,0.04626467,0.05376959,0,0,0,-14.27574,0.7512304,0.3964348,-0.3866827,-0.7171677,-0.5797824,0,0,0,-14.39603,0.8568605,0.8055916,-0.7883236,-0.5878587,0.1815726,0,0,0,-0.03887486
1736099876541,-14.31933,1.593356,0.6202087,-0.9976839,0.03972144,0.05521995,-2.66304,0.05432367,0.07166862,-14.32368,0.7613725,0.4028473,-0.4510946,-0.7036918,-0.5489373,-3.595877,0.7606566,0.480938,-14.42271,0.859046,0.8099194,-0.7726727,-0.6012294,0.2037164,-2.001143,0.1639143,0.3245831,-0.03887486
1736099876547,-14.31933,1.593356,0.6202087,-0.9976839,0.03972144,0.05521995,0,0,0,-14.32368,0.7613725,0.4028473,-0.4510946,-0.7036918,-0.5489373,0,0,0,-14.42271,0.859046,0.8099194,-0.7726727,-0.6012294,0.2037164,0,0,0,-0.03887486
1736099876569,-14.35449,1.597865,0.6223297,-0.9980881,0.02101893,0.05812728,-2.637291,0.3381371,0.1590729,-14.37282,0.7719318,0.4092579,-0.5302714,-0.6840778,-0.5008495,-3.685427,0.791949,0.4807949,-14.4492,0.8623801,0.8141823,-0.7710226,-0.6055632,0.1970223,-1.986694,0.2500579,0.3197193,-0.03887486
1736099876575,-14.35449,1.597865,0.6223297,-0.9980881,0.02101893,0.05812728,0,0,0,-14.37282,0.7719318,0.4092579,-0.5302714,-0.6840778,-0.5008495,0,0,0,-14.4492,0.8623801,0.8141823,-0.7710226,-0.6055632,0.1970223,0,0,0,-0.03887486
1736099876598,-14.38987,1.602938,0.6255741,-0.9976345,0.01007242,0.0679996,-2.653027,0.3805161,0.24333,-14.4263,0.7848407,0.4123287,-0.5871079,-0.657567,-0.4721339,-4.011154,0.9681657,0.2303123,-14.47474,0.8643103,0.8212757,-0.7697983,-0.6050866,0.2031769,-1.915884,0.1447633,0.5320072,-0.03887486
1736099876603,-14.38987,1.602938,0.6255741,-0.9976345,0.01007242,0.0679996,0,0,0,-14.4263,0.7848407,0.4123287,-0.5871079,-0.657567,-0.4721339,0,0,0,-14.47474,0.8643103,0.8212757,-0.7697983,-0.6050866,0.2031769,0,0,0,-0.03887486
1736099876626,-14.42451,1.605725,0.6292057,-0.9967566,0.005956883,0.08025849,-2.597952,0.2090156,0.2723694,-14.47541,0.796064,0.4135551,-0.6095426,-0.6343865,-0.475407,-3.683424,0.8417487,0.09198189,-14.50006,0.8648677,0.8311977,-0.7553445,-0.6109825,0.2369711,-1.898575,0.04181117,0.7441521,-0.03978229
1736099876632,-14.42451,1.605725,0.6292057,-0.9967566,0.005956883,0.08025849,0,0,0,-14.47541,0.796064,0.4135551,-0.6095426,-0.6343865,-0.475407,0,0,0,-14.50006,0.8648677,0.8311977,-0.7553445,-0.6109825,0.2369711,0,0,0,-0.03978229
1736099876654,-14.45838,1.606056,0.6333504,-0.9957786,0.001447845,0.0917787,-2.540159,0.02482831,0.3108501,-14.52596,0.8054669,0.4175606,-0.6265976,-0.6181843,-0.4745779,-3.790712,0.7052153,0.3004074,-14.52626,0.862203,0.8420162,-0.7254536,-0.6252979,0.2876105,-1.965094,-0.1998559,0.8113861,-0.0424546
1736099876659,-14.45838,1.606056,0.6333504,-0.9957786,0.001447845,0.0917787,0,0,0,-14.52596,0.8054669,0.4175606,-0.6265976,-0.6181843,-0.4745779,0,0,0,-14.52626,0.862203,0.8420162,-0.7254536,-0.6252979,0.2876105,0,0,0,-0.0424546
1736099876682,-14.49213,1.605587,0.6379566,-0.9945612,0.001790982,0.1041398,-2.531719,-0.03519058,0.3454685,-14.57613,0.8146487,0.4239254,-0.6605772,-0.6006497,-0.4503982,-3.763247,0.6886348,0.4773617,-14.55223,0.8570206,0.8505116,-0.7008616,-0.6379921,0.3189974,-1.948071,-0.3886834,0.6371498,-0.04404986
1736099876688,-14.49213,1.605587,0.6379566,-0.9945612,0.001790982,0.1041398,0,0,0,-14.57613,0.8146487,0.4239254,-0.6605772,-0.6006497,-0.4503982,0,0,0,-14.55223,0.8570206,0.8505116,-0.7008616,-0.6379921,0.3189974,0,0,0,-0.04404986
1736099876710,-14.52606,1.604833,0.6426487,-0.993502,0.00427961,0.1137351,-2.54488,-0.05652308,0.3519058,-14.6251,0.8237147,0.4307575,-0.7020913,-0.5765579,-0.4179106,-3.672409,0.6799534,0.5124092,-14.57775,0.8518418,0.85676,-0.688351,-0.6454652,0.3309803,-1.913595,-0.3884062,0.4686356,-0.04404986
1736099876716,-14.52606,1.604833,0.6426487,-0.993502,0.00427961,0.1137351,0,0,0,-14.6251,0.8237147,0.4307575,-0.7020913,-0.5765579,-0.4179106,0,0,0,-14.57775,0.8518418,0.85676,-0.688351,-0.6454652,0.3309803,0,0,0,-0.04404986
1736099876738,-14.56019,1.60183,0.6471233,-0.992434,0.006560396,0.1226047,-2.559614,-0.2252698,0.335598,-14.67317,0.8300105,0.4375668,-0.7408453,-0.5484148,-0.3878016,-3.605461,0.472185,0.5106926,-14.60516,0.8449021,0.8630466,-0.6781014,-0.6519932,0.3392398,-2.055788,-0.5204782,0.4714966,-0.04404986
1736099876743,-14.56019,1.60183,0.6471233,-0.992434,0.006560396,0.1226047,0,0,0,-14.67317,0.8300105,0.4375668,-0.7408453,-0.5484148,-0.3878016,0,0,0,-14.60516,0.8449021,0.8630466,-0.6781014,-0.6519932,0.3392398,0,0,0,-0.04404986
1736099876766,-14.59509,1.597306,0.6524258,-0.9917147,0.01049109,0.1280331,-2.617693,-0.3392816,0.3976822,-14.72031,0.8335739,0.4439774,-0.7704618,-0.5222911,-0.3655145,-3.535223,0.2672553,0.4807949,-14.63482,0.8372577,0.8694134,-0.6637931,-0.6588513,0.3539687,-2.224445,-0.5733266,0.4775047,-0.04404986
1736099876771,-14.59509,1.597306,0.6524258,-0.9917147,0.01049109,0.1280331,0,0,0,-14.72031,0.8335739,0.4439774,-0.7704618,-0.5222911,-0.3655145,0,0,0,-14.63482,0.8372577,0.8694134,-0.6637931,-0.6588513,0.3539687,0,0,0,-0.04404986
1736099876776,-14.59509,1.597306,0.6524258,-0.9917147,0.01049109,0.1280331,0,0,0,-14.72031,0.8335739,0.4439774,-0.7704618,-0.5222911,-0.3655145,0,0,0,-14.63482,0.8372577,0.8694134,-0.6637931,-0.6588513,0.3539687,0,0,0,-0.04404986
1736099876793,-14.63049,1.592012,0.6575699,-0.9912935,0.01694326,0.1305774,-2.654457,-0.3970385,0.3858089,-14.76559,0.8339199,0.4500237,-0.7885123,-0.5047594,-0.3513784,-3.396177,0.02595037,0.4534721,-14.66752,0.8278868,0.8756142,-0.648811,-0.6656038,0.3688036,-2.452898,-0.7028192,0.4650593,-0.04404986
1736099876799,-14.63049,1.592012,0.6575699,-0.9912935,0.01694326,0.1305774,0,0,0,-14.76559,0.8339199,0.4500237,-0.7885123,-0.5047594,-0.3513784,0,0,0,-14.66752,0.8278868,0.8756142,-0.648811,-0.6656038,0.3688036,0,0,0,-0.04404986
1736099876821,-14.66608,1.58572,0.6632595,-0.9909099,0.02399913,0.1323699,-2.669621,-0.47189,0.4267216,-14.80847,0.8328195,0.4548759,-0.8031485,-0.4864882,-0.3439217,-3.215647,-0.08253157,0.3639221,-14.69994,0.8191445,0.8805218,-0.6380243,-0.6706253,0.3784006,-2.431154,-0.6556705,0.3680706,-0.04404986
1736099876826,-14.66608,1.58572,0.6632595,-0.9909099,0.02399913,0.1323699,0,0,0,-14.80847,0.8328195,0.4548759,-0.8031485,-0.4864882,-0.3439217,0,0,0,-14.69994,0.8191445,0.8805218,-0.6380243,-0.6706253,0.3784006,0,0,0,-0.04404986
1736099876847,-14.70265,1.579862,0.6696033,-0.9911218,0.02814536,0.1299453,-2.742434,-0.4394174,0.4757881,-14.84941,0.829228,0.4583702,-0.8089681,-0.4735374,-0.3483298,-3.07045,-0.2693653,0.2620697,-14.73444,0.8100789,0.8838329,-0.6307696,-0.6758666,0.3812273,-2.587938,-0.6799266,0.2483368,-0.04404986
1736099876852,-14.70265,1.579862,0.6696033,-0.9911218,0.02814536,0.1299453,0,0,0,-14.84941,0.829228,0.4583702,-0.8089681,-0.4735374,-0.3483298,0,0,0,-14.73444,0.8100789,0.8838329,-0.6307696,-0.6758666,0.3812273,0,0,0,-0.04404986
1736099876874,-14.7404,1.57557,0.6764431,-0.9917658,0.02756501,0.1250657,-2.831411,-0.3218383,0.5129814,-14.88675,0.8238079,0.4611282,-0.8027754,-0.4700308,-0.3669105,-2.800941,-0.4065067,0.206852,-14.77286,0.8015264,0.8858547,-0.6334971,-0.6790432,0.3709206,-2.88105,-0.6414369,0.1516342,-0.04404986
1736099876880,-14.7404,1.57557,0.6764431,-0.9917658,0.02756501,0.1250657,0,0,0,-14.88675,0.8238079,0.4611282,-0.8027754,-0.4700308,-0.3669105,0,0,0,-14.77286,0.8015264,0.8858547,-0.6334971,-0.6790432,0.3709206,0,0,0,-0.04404986
1736099876903,-14.77861,1.570776,0.6836033,-0.9921504,0.0295002,0.1215227,-2.865887,-0.3595501,0.537014,-14.91985,0.8167445,0.4637089,-0.7864349,-0.4806863,-0.3878932,-2.48208,-0.5297542,0.1935482,-14.81297,0.7951317,0.8878746,-0.6354312,-0.6826956,0.3607689,-3.00808,-0.4795969,0.1514912,-0.04404986
1736099876908,-14.77861,1.570776,0.6836033,-0.9921504,0.0295002,0.1215227,0,0,0,-14.91985,0.8167445,0.4637089,-0.7864349,-0.4806863,-0.3878932,0,0,0,-14.81297,0.7951317,0.8878746,-0.6354312,-0.6826956,0.3607689,0,0,0,-0.04404986
1736099876931,-14.81669,1.570443,0.6905403,-0.9935768,0.01280361,0.1124347,-2.856159,-0.02503395,0.520277,-14.95062,0.8090142,0.4660282,-0.765023,-0.5022866,-0.403049,-2.30813,-0.5797729,0.1739502,-14.85664,0.7904489,0.8908119,-0.6363426,-0.6859347,0.352933,-3.275442,-0.3512129,0.2202988,-0.04404986
1736099876936,-14.81669,1.570443,0.6905403,-0.9935768,0.01280361,0.1124347,0,0,0,-14.95062,0.8090142,0.4660282,-0.765023,-0.5022866,-0.403049,0,0,0,-14.85664,0.7904489,0.8908119,-0.6363426,-0.6859347,0.352933,0,0,0,-0.04404986
1736099876959,-14.85715,1.58047,0.6969509,-0.9936599,0.02033368,0.1105752,-3.033829,0.7520378,0.4807949,-14.97672,0.8032416,0.4638329,-0.7284485,-0.517314,-0.4491658,-1.957512,-0.4329443,-0.1646519,-14.89932,0.7892507,0.8941193,-0.6311792,-0.6891776,0.3558756,-3.201342,-0.08986741,0.2480507,-0.04404986
1736099876965,-14.85715,1.58047,0.6969509,-0.9936599,0.02033368,0.1105752,0,0,0,-14.97672,0.8032416,0.4638329,-0.7284485,-0.517314,-0.4491658,0,0,0,-14.89932,0.7892507,0.8941193,-0.6311792,-0.6891776,0.3558756,0,0,0,-0.04404986
1736099876987,-14.89578,1.581069,0.7023792,-0.9923374,0.03927943,0.1171499,-2.89793,0.04495382,0.4071236,-14.99666,0.7998479,0.4633389,-0.6602555,-0.5622184,-0.4979694,-1.495171,-0.2545282,-0.03705025,-14.94065,0.7922108,0.8943634,-0.6217804,-0.7018752,0.3475062,-3.099203,0.2220064,0.01831055,-0.04404986
1736099876992,-14.89578,1.581069,0.7023792,-0.9923374,0.03927943,0.1171499,0,0,0,-14.99666,0.7998479,0.4633389,-0.6602555,-0.5622184,-0.4979694,0,0,0,-14.94065,0.7922108,0.8943634,-0.6217804,-0.7018752,0.3475062,0,0,0,-0.04404986
1736099877015,-14.93212,1.580645,0.7057362,-0.9926693,0.02942226,0.1172278,-2.724981,-0.03182888,0.25177,-15.01882,0.7965915,0.4681473,-0.6223184,-0.6048262,-0.4968961,-1.661968,-0.244233,0.3606319,-14.98787,0.8024671,0.8915138,-0.6631774,-0.67454,0.3243331,-3.54166,0.7692263,-0.2137184,-0.04404986
1736099877023,-14.93212,1.580645,0.7057362,-0.9926693,0.02942226,0.1172278,0,0,0,-15.01882,0.7965915,0.4681473,-0.6223184,-0.6048262,-0.4968961,0,0,0,-14.98787,0.8024671,0.8915138,-0.6631774,-0.67454,0.3243331,0,0,0,-0.04404986
1736099877043,-14.96853,1.584833,0.7073574,-0.9943691,0.005132921,0.1058494,-2.730703,0.3140867,0.1215935,-15.04445,0.7968246,0.4736176,-0.6539384,-0.6030368,-0.4568501,-1.922321,0.017488,0.4102707,-15.03642,0.8137947,0.8881474,-0.7072252,-0.6531086,0.2707065,-3.641653,0.8495718,-0.2524853,-0.04404986
1736099877051,-14.96853,1.584833,0.7073574,-0.9943691,0.005132921,0.1058494,0,0,0,-15.04445,0.7968246,0.4736176,-0.6539384,-0.6030368,-0.4568501,0,0,0,-15.03642,0.8137947,0.8881474,-0.7072252,-0.6531086,0.2707065,0,0,0,-0.04404986
1736099877058,-14.96853,1.584833,0.7073574,-0.9943691,0.005132921,0.1058494,0,0,0,-15.04445,0.7968246,0.4736176,-0.6539384,-0.6030368,-0.4568501,0,0,0,-15.03642,0.8137947,0.8881474,-0.7072252,-0.6531086,0.2707065,0,0,0,-0.04404986
1736099877084,-15.00551,1.58954,0.7080631,-0.9950579,0.002317891,0.09927166,-2.773476,0.3530502,0.05292892,-15.07039,0.7998996,0.4731102,-0.6730312,-0.5858361,-0.4514709,-1.945782,0.2306208,-0.03805161,-15.08104,0.8208055,0.8880615,-0.7215179,-0.6503636,0.23757,-3.346252,0.5258113,-0.006437302,-0.04404986
1736099877090,-15.00551,1.58954,0.7080631,-0.9950579,0.002317891,0.09927166,0,0,0,-15.07039,0.7998996,0.4731102,-0.6730312,-0.5858361,-0.4514709,0,0,0,-15.08104,0.8208055,0.8880615,-0.7215179,-0.6503636,0.23757,0,0,0,-0.04404986
1736099877123,-15.05946,1.595964,0.7067852,-0.9958715,-0.002903782,0.09072822,-4.046631,0.4817784,-0.09584427,-15.10893,0.8057231,0.4675369,-0.6229312,-0.6016001,-0.5000347,-2.890491,0.436762,-0.4179955,-15.14681,0.8330716,0.8898792,-0.7386681,-0.6287149,0.2430785,-4.932547,0.9199575,0.1363277,-0.04404986
1736099877128,-15.05946,1.595964,0.7067852,-0.9958715,-0.002903782,0.09072822,0,0,0,-15.10893,0.8057231,0.4675369,-0.6229312,-0.6016001,-0.5000347,0,0,0,-15.14681,0.8330716,0.8898792,-0.7386681,-0.6287149,0.2430785,0,0,0,-0.04404986
1736099877134,-15.05946,1.595964,0.7067852,-0.9958715,-0.002903782,0.09072822,0,0,0,-15.10893,0.8057231,0.4675369,-0.6229312,-0.6016001,-0.5000347,0,0,0,-15.14681,0.8330716,0.8898792,-0.7386681,-0.6287149,0.2430785,0,0,0,-0.04404986
1736099877151,-15.11248,1.600106,0.7037563,-0.9969479,-0.005770907,0.07785726,-3.976536,0.3106982,-0.2271652,-15.14746,0.8077862,0.4628963,-0.5565559,-0.6312709,-0.5401325,-2.889347,0.1547322,-0.3480434,-15.21375,0.8462664,0.8874683,-0.7536826,-0.6119456,0.2397617,-5.02038,0.9896055,-0.1808167,-0.04404986
1736099877157,-15.11248,1.600106,0.7037563,-0.9969479,-0.005770907,0.07785726,0,0,0,-15.14746,0.8077862,0.4628963,-0.5565559,-0.6312709,-0.5401325,0,0,0,-15.21375,0.8462664,0.8874683,-0.7536826,-0.6119456,0.2397617,0,0,0,-0.04404986
1736099877163,-15.11248,1.600106,0.7037563,-0.9969479,-0.005770907,0.07785726,0,0,0,-15.14746,0.8077862,0.4628963,-0.5565559,-0.6312709,-0.5401325,0,0,0,-15.21375,0.8462664,0.8874683,-0.7536826,-0.6119456,0.2397617,0,0,0,-0.04404986
1736099877179,-15.14788,1.600775,0.7010651,-0.9975721,-0.0003984757,0.06964386,-2.655029,0.05012155,-0.2018452,-15.17609,0.8001878,0.4609737,-0.5504827,-0.6326028,-0.5447779,-2.147484,-0.5698755,-0.1441956,-15.25887,0.8540615,0.8823223,-0.7728862,-0.5992053,0.2088065,-3.384447,0.5846366,-0.385952,-0.04404986
1736099877185,-15.14788,1.600775,0.7010651,-0.9975721,-0.0003984757,0.06964386,0,0,0,-15.17609,0.8001878,0.4609737,-0.5504827,-0.6326028,-0.5447779,0,0,0,-15.25887,0.8540615,0.8823223,-0.7728862,-0.5992053,0.2088065,0,0,0,-0.04404986
1736099877207,-15.18316,1.599541,0.6982002,-0.9982707,0.005431429,0.05853409,-2.645588,-0.09251833,-0.2148628,-15.20351,0.7949894,0.458437,-0.5378473,-0.6361141,-0.5532446,-2.056789,-0.3898814,-0.190258,-15.30192,0.8601772,0.8772697,-0.7908797,-0.585791,0.1770826,-3.228378,0.4586712,-0.3789425,-0.04404986
1736099877213,-15.18316,1.599541,0.6982002,-0.9982707,0.005431429,0.05853409,0,0,0,-15.20351,0.7949894,0.458437,-0.5378473,-0.6361141,-0.5532446,0,0,0,-15.30192,0.8601772,0.8772697,-0.7908797,-0.585791,0.1770826,0,0,0,-0.04404986
1736099877235,-15.21893,1.596575,0.6949062,-0.9988412,0.01174463,0.04667705,-2.683067,-0.2224177,-0.2470493,-15.23357,0.7867929,0.4538269,-0.5072761,-0.641099,-0.5759023,-2.254057,-0.6147355,-0.3457546,-15.34605,0.8635067,0.8723373,-0.8076563,-0.5711147,0.1466956,-3.310204,0.2497181,-0.3699303,-0.04404986
1736099877241,-15.21893,1.596575,0.6949062,-0.9988412,0.01174463,0.04667705,0,0,0,-15.23357,0.7867929,0.4538269,-0.5072761,-0.641099,-0.5759023,0,0,0,-15.34605,0.8635067,0.8723373,-0.8076563,-0.5711147,0.1466956,0,0,0,-0.04404986
1736099877263,-15.25475,1.591792,0.6914597,-0.9991826,0.01791505,0.03624439,-2.686071,-0.3587633,-0.2584934,-15.26382,0.7778727,0.449873,-0.4686818,-0.6504744,-0.5976796,-2.26922,-0.6690189,-0.296545,-15.39042,0.8641056,0.8680363,-0.8206971,-0.556513,0.1294219,-3.327513,0.04491806,-0.3225803,-0.04404986
1736099877269,-15.25475,1.591792,0.6914597,-0.9991826,0.01791505,0.03624439,0,0,0,-15.26382,0.7778727,0.449873,-0.4686818,-0.6504744,-0.5976796,0,0,0,-15.39042,0.8641056,0.8680363,-0.8206971,-0.556513,0.1294219,0,0,0,-0.04404986
1736099877291,-15.29209,1.586585,0.6878414,-0.9993078,0.02673817,0.02586973,-2.800655,-0.3904849,-0.271368,-15.29509,0.7676172,0.4467354,-0.4320909,-0.6608614,-0.6136447,-2.344751,-0.7691592,-0.2353191,-15.43493,0.8625938,0.8644257,-0.8313344,-0.5417984,0.1238461,-3.338528,-0.1133859,-0.2707958,-0.04404986
1736099877297,-15.29209,1.586585,0.6878414,-0.9993078,0.02673817,0.02586973,0,0,0,-15.29509,0.7676172,0.4467354,-0.4320909,-0.6608614,-0.6136447,0,0,0,-15.43493,0.8625938,0.8644257,-0.8313344,-0.5417984,0.1238461,0,0,0,-0.04404986
1736099877319,-15.32966,1.58092,0.6844692,-0.999231,0.0350367,0.01761192,-2.817965,-0.4249156,-0.2529144,-15.32787,0.756163,0.4444542,-0.4055,-0.6684797,-0.6234628,-2.458763,-0.8590668,-0.1710892,-15.47876,0.8597076,0.861084,-0.8406909,-0.5273095,0.1232231,-3.286886,-0.2164677,-0.2506256,-0.04404986
1736099877326,-15.32966,1.58092,0.6844692,-0.999231,0.0350367,0.01761192,0,0,0,-15.32787,0.756163,0.4444542,-0.4055,-0.6684797,-0.6234628,0,0,0,-15.47876,0.8597076,0.861084,-0.8406909,-0.5273095,0.1232231,0,0,0,-0.04404986
1736099877347,-15.36821,1.576836,0.6807652,-0.9991531,0.03859057,0.01429337,-2.891064,-0.3062725,-0.2778053,-15.3634,0.7448385,0.4444084,-0.394478,-0.6806996,-0.6172805,-2.664471,-0.8493394,-0.003433228,-15.52081,0.8557761,0.8580894,-0.8462912,-0.5173305,0.1271247,-3.154135,-0.2948597,-0.2245903,-0.04404986
1736099877354,-15.36821,1.576836,0.6807652,-0.9991531,0.03859057,0.01429337,0,0,0,-15.3634,0.7448385,0.4444084,-0.394478,-0.6806996,-0.6172805,0,0,0,-15.52081,0.8557761,0.8580894,-0.8462912,-0.5173305,0.1271247,0,0,0,-0.04404986
1736099877375,-15.40723,1.572556,0.6771145,-0.9989568,0.04251493,0.01667577,-2.926826,-0.3210068,-0.2737999,-15.39965,0.7362766,0.4443893,-0.3900698,-0.6893787,-0.6104121,-2.718973,-0.6421387,-0.001430511,-15.55857,0.8520737,0.856514,-0.8468933,-0.5137635,0.1371824,-2.831984,-0.2776802,-0.1181602,-0.04404986
1736099877381,-15.40723,1.572556,0.6771145,-0.9989568,0.04251493,0.01667577,0,0,0,-15.39965,0.7362766,0.4443893,-0.3900698,-0.6893787,-0.6104121,0,0,0,-15.55857,0.8520737,0.856514,-0.8468933,-0.5137635,0.1371824,0,0,0,-0.04404986
1736099877403,-15.44662,1.572322,0.6741142,-0.9996294,0.01992033,0.01856071,-2.954006,-0.01759529,-0.2250195,-15.43946,0.7309058,0.4438343,-0.3858382,-0.6994695,-0.6015575,-2.985477,-0.4028097,-0.04162788,-15.59343,0.849155,0.8547726,-0.8439014,-0.5172687,0.1423512,-2.613974,-0.218904,-0.1306057,-0.04404986
1736099877410,-15.44662,1.572322,0.6741142,-0.9996294,0.01992033,0.01856071,0,0,0,-15.43946,0.7309058,0.4438343,-0.3858382,-0.6994695,-0.6015575,0,0,0,-15.59343,0.849155,0.8547726,-0.8439014,-0.5172687,0.1423512,0,0,0,-0.04404986
1736099877431,-15.48784,1.580221,0.670784,-0.9993114,0.01747278,0.03274095,-3.091335,0.5924463,-0.2497673,-15.48107,0.7333124,0.4437904,-0.3817446,-0.7050719,-0.5976162,-3.12109,0.1804948,-0.003290176,-15.62387,0.8482227,0.857317,-0.8308745,-0.5315731,0.1645531,-2.283525,-0.06992072,0.1908302,-0.04404986
1736099877437,-15.48784,1.580221,0.670784,-0.9993114,0.01747278,0.03274095,0,0,0,-15.48107,0.7333124,0.4437904,-0.3817446,-0.7050719,-0.5976162,0,0,0,-15.62387,0.8482227,0.857317,-0.8308745,-0.5315731,0.1645531,0,0,0,-0.04404986
1736099877459,-15.52705,1.584603,0.6688709,-0.9990251,0.01467136,0.04164082,-2.941132,0.3286421,-0.1434803,-15.52551,0.745461,0.4462051,-0.4165703,-0.7043619,-0.5747557,-3.333378,0.9111464,0.1811028,-15.64941,0.8468032,0.8611526,-0.7982762,-0.5635121,0.2126253,-1.915026,-0.1064658,0.2876759,-0.04404986
1736099877465,-15.52705,1.584603,0.6688709,-0.9990251,0.01467136,0.04164082,0,0,0,-15.52551,0.745461,0.4462051,-0.4165703,-0.7043619,-0.5747557,0,0,0,-15.64941,0.8468032,0.8611526,-0.7982762,-0.5635121,0.2126253,0,0,0,-0.04404986
1736099877471,-15.52705,1.584603,0.6688709,-0.9990251,0.01467136,0.04164082,0,0,0,-15.52551,0.745461,0.4462051,-0.4165703,-0.7043619,-0.5747557,0,0,0,-15.64941,0.8468032,0.8611526,-0.7982762,-0.5635121,0.2126253,0,0,0,-0.04404986
1736099877487,-15.56424,1.58659,0.6690788,-0.9993328,-0.004746299,0.03621596,-2.789211,0.1490235,0.01559258,-15.57692,0.7604266,0.4516544,-0.5027653,-0.6777818,-0.5365068,-3.855228,1.122419,0.4086971,-15.67496,0.8499622,0.8599262,-0.7790893,-0.5877646,0.2180659,-1.916885,0.2369285,-0.09198189,-0.04404986
1736099877493,-15.56424,1.58659,0.6690788,-0.9993328,-0.004746299,0.03621596,0,0,0,-15.57692,0.7604266,0.4516544,-0.5027653,-0.6777818,-0.5365068,0,0,0,-15.67496,0.8499622,0.8599262,-0.7790893,-0.5877646,0.2180659,0,0,0,-0.04404986
1736099877515,-15.6013,1.591783,0.6698418,-0.999045,-0.01989056,0.03890568,-2.779484,0.3894925,0.05722046,-15.62516,0.7728538,0.4547024,-0.5704976,-0.6554723,-0.4948626,-3.61805,0.9320363,0.2285957,-15.70021,0.8539231,0.8595428,-0.7790623,-0.597235,0.1907159,-1.893425,0.2970681,-0.02875328,-0.04404986
1736099877521,-15.6013,1.591783,0.6698418,-0.999045,-0.01989056,0.03890568,0,0,0,-15.62516,0.7728538,0.4547024,-0.5704976,-0.6554723,-0.4948626,0,0,0,-15.70021,0.8539231,0.8595428,-0.7790623,-0.597235,0.1907159,0,0,0,-0.04404986
1736099877541,-15.63788,1.597536,0.6722069,-0.9985385,-0.02637036,0.04717547,-2.743149,0.4314959,0.1773834,-15.67538,0.7864445,0.4541836,-0.6085442,-0.6342283,-0.4768949,-3.766537,1.019302,-0.03890991,-15.72446,0.857292,0.8627853,-0.7789726,-0.6013649,0.1776585,-1.818895,0.2526641,0.243187,-0.04404986
1736099877547,-15.63788,1.597536,0.6722069,-0.9985385,-0.02637036,0.04717547,0,0,0,-15.67538,0.7864445,0.4541836,-0.6085442,-0.6342283,-0.4768949,0,0,0,-15.72446,0.857292,0.8627853,-0.7789726,-0.6013649,0.1776585,0,0,0,-0.04404986
1736099877569,-15.67357,1.601862,0.675354,-0.9980053,-0.02895775,0.05610001,-2.677345,0.3244579,0.2360344,-15.72431,0.7991441,0.4513073,-0.6129634,-0.6126136,-0.4989803,-3.67012,0.9524748,-0.2157211,-15.74974,0.8591452,0.8704987,-0.7630254,-0.611451,0.2095713,-1.895714,0.1389921,0.5784988,-0.04404986
1736099877575,-15.67357,1.601862,0.675354,-0.9980053,-0.02895775,0.05610001,0,0,0,-15.72431,0.7991441,0.4513073,-0.6129634,-0.6126136,-0.4989803,0,0,0,-15.74974,0.8591452,0.8704987,-0.7630254,-0.611451,0.2095713,0,0,0,-0.04404986
1736099877597,-15.70838,1.60502,0.6791286,-0.9973326,-0.03191847,0.06564641,-2.610111,0.2368391,0.2830982,-15.77353,0.8104331,0.4516201,-0.6201065,-0.5928273,-0.5138328,-3.690863,0.846675,0.02346039,-15.77646,0.8597375,0.8799515,-0.7318838,-0.6272142,0.266362,-2.004147,0.04442185,0.7089615,-0.04404986
1736099877603,-15.70838,1.60502,0.6791286,-0.9973326,-0.03191847,0.06564641,0,0,0,-15.77353,0.8104331,0.4516201,-0.6201065,-0.5928273,-0.5138328,0,0,0,-15.77646,0.8597375,0.8799515,-0.7318838,-0.6272142,0.266362,0,0,0,-0.04404986
1736099877625,-15.74244,1.605497,0.6833076,-0.9966007,-0.02789838,0.07751703,-2.55518,0.03576279,0.3134251,-15.82178,0.8178975,0.4550838,-0.6439368,-0.5760003,-0.5035568,-3.619194,0.5598262,0.2597809,-15.80313,0.8561752,0.8876667,-0.7085705,-0.6386139,0.3001674,-1.999855,-0.2671704,0.5786419,-0.04524183
1736099877632,-15.74244,1.605497,0.6833076,-0.9966007,-0.02789838,0.07751703,0,0,0,-15.82178,0.8178975,0.4550838,-0.6439368,-0.5760003,-0.5035568,0,0,0,-15.80313,0.8561752,0.8876667,-0.7085705,-0.6386139,0.3001674,0,0,0,-0.04524183
1736099877653,-15.77691,1.604676,0.6878643,-0.9957901,-0.02077611,0.08927929,-2.58522,-0.06153882,0.3417492,-15.86868,0.824472,0.4595757,-0.6809248,-0.5548,-0.4780575,-3.517199,0.4930884,0.3368855,-15.82939,0.8513496,0.8941441,-0.6959273,-0.644551,0.3166064,-1.969814,-0.3619239,0.4858017,-0.04524183
1736099877660,-15.77691,1.604676,0.6878643,-0.9957901,-0.02077611,0.08927929,0,0,0,-15.86868,0.824472,0.4595757,-0.6809248,-0.5548,-0.4780575,0,0,0,-15.82939,0.8513496,0.8941441,-0.6959273,-0.644551,0.3166064,0,0,0,-0.04524183
1736099877681,-15.81142,1.60201,0.6925068,-0.9950004,-0.01415722,0.09886533,-2.588081,-0.1999497,0.3481865,-15.91402,0.8283305,0.4631901,-0.7170205,-0.5324757,-0.4498358,-3.400755,0.289388,0.2710819,-15.85845,0.8436779,0.9009056,-0.6872208,-0.6481396,0.3280897,-2.179813,-0.5753785,0.5071163,-0.04524183
1736099877687,-15.81142,1.60201,0.6925068,-0.9950004,-0.01415722,0.09886533,0,0,0,-15.91402,0.8283305,0.4631901,-0.7170205,-0.5324757,-0.4498358,0,0,0,-15.85845,0.8436779,0.9009056,-0.6872208,-0.6481396,0.3280897,0,0,0,-0.04524183
1736099877709,-15.84636,1.597705,0.6974506,-0.994206,-0.009107403,0.1071085,-2.620125,-0.3229201,0.3707886,-15.95951,0.8296608,0.4660282,-0.741933,-0.5113164,-0.4336946,-3.41177,0.09976923,0.2128601,-15.88911,0.8355911,0.9082451,-0.6724665,-0.6535083,0.3474423,-2.299261,-0.6065056,0.5504608,-0.04524183
1736099877715,-15.84636,1.597705,0.6974506,-0.994206,-0.009107403,0.1071085,0,0,0,-15.95951,0.8296608,0.4660282,-0.741933,-0.5113164,-0.4336946,0,0,0,-15.88911,0.8355911,0.9082451,-0.6724665,-0.6535083,0.3474423,0,0,0,-0.04524183
1736099877736,-15.88198,1.592315,0.7028942,-0.993634,-0.001993582,0.1126399,-2.671909,-0.4042268,0.408268,-16.00258,0.8276072,0.4666805,-0.7535173,-0.4935204,-0.4343387,-3.230381,-0.1540169,0.04892349,-15.92128,0.8271578,0.9153461,-0.6563615,-0.6585472,0.3681105,-2.412844,-0.6325006,0.5325794,-0.04524183
1736099877743,-15.88198,1.592315,0.7028942,-0.993634,-0.001993582,0.1126399,0,0,0,-16.00258,0.8276072,0.4666805,-0.7535173,-0.4935204,-0.4343387,0,0,0,-15.92128,0.8271578,0.9153461,-0.6563615,-0.6585472,0.3681105,0,0,0,-0.04524183
1736099877764,-15.91841,1.586128,0.7086029,-0.9930597,0.007647064,0.1173641,-2.731705,-0.4640043,0.4281521,-16.04506,0.8230574,0.4670029,-0.7531078,-0.4871169,-0.442206,-3.186035,-0.3412351,0.02417564,-15.95618,0.8185026,0.921505,-0.6443952,-0.6609885,0.3845114,-2.617693,-0.6491393,0.4619122,-0.04524183
1736099877770,-15.91841,1.586128,0.7086029,-0.9930597,0.007647064,0.1173641,0,0,0,-16.04506,0.8230574,0.4670029,-0.7531078,-0.4871169,-0.442206,0,0,0,-15.95618,0.8185026,0.921505,-0.6443952,-0.6609885,0.3845114,0,0,0,-0.04524183
1736099877792,-15.95614,1.581329,0.7147713,-0.9929231,0.01501019,0.1178071,-2.830124,-0.3599346,0.4626274,-16.08543,0.8168315,0.4673195,-0.7462499,-0.482271,-0.458832,-3.027678,-0.4669458,0.02374649,-15.99373,0.8102207,0.9261093,-0.6402068,-0.6601574,0.3928459,-2.815962,-0.621146,0.3453255,-0.04524183
1736099877798,-15.95614,1.581329,0.7147713,-0.9929231,0.01501019,0.1178071,0,0,0,-16.08543,0.8168315,0.4673195,-0.7462499,-0.482271,-0.458832,0,0,0,-15.99373,0.8102207,0.9261093,-0.6402068,-0.6601574,0.3928459,0,0,0,-0.04524183
1736099877804,-15.95614,1.581329,0.7147713,-0.9929231,0.01501019,0.1178071,0,0,0,-16.08543,0.8168315,0.4673195,-0.7462499,-0.482271,-0.458832,0,0,0,-15.99373,0.8102207,0.9261093,-0.6402068,-0.6601574,0.3928459,0,0,0,-0.04524183
1736099877820,-15.99461,1.577397,0.7211189,-0.9930223,0.02127827,0.1159931,-2.885485,-0.294891,0.4760742,-16.12147,0.8095791,0.4679775,-0.733306,-0.4818831,-0.4796371,-2.702665,-0.5439296,0.04935265,-16.03334,0.8024381,0.9290218,-0.6391031,-0.6633735,0.3892084,-2.9706,-0.5836889,0.2184391,-0.04524183
1736099877826,-15.99461,1.577397,0.7211189,-0.9930223,0.02127827,0.1159931,0,0,0,-16.12147,0.8095791,0.4679775,-0.733306,-0.4818831,-0.4796371,0,0,0,-16.03334,0.8024381,0.9290218,-0.6391031,-0.6633735,0.3892084,0,0,0,-0.04524183
1736099877848,-16.03263,1.572846,0.7274399,-0.9932021,0.02365497,0.1139748,-2.851439,-0.3413647,0.4740715,-16.1539,0.8030345,0.4699059,-0.7191122,-0.4894705,-0.4932513,-2.432585,-0.4908442,0.1446247,-16.07264,0.796189,0.9311295,-0.6381865,-0.6686985,0.381524,-2.947426,-0.4686847,0.1580715,-0.04524183
1736099877854,-16.03263,1.572846,0.7274399,-0.9932021,0.02365497,0.1139748,0,0,0,-16.1539,0.8030345,0.4699059,-0.7191122,-0.4894705,-0.4932513,0,0,0,-16.07264,0.796189,0.9311295,-0.6381865,-0.6686985,0.381524,0,0,0,-0.04524183
1736099877874,-16.07272,1.577035,0.7340946,-0.9947906,-0.002929851,0.1018983,-3.006363,0.314194,0.4991055,-16.18411,0.7969077,0.4714146,-0.7006196,-0.509309,-0.499737,-2.265358,-0.4595116,0.1131535,-16.11564,0.7931851,0.9330273,-0.6387103,-0.673395,0.372275,-3.225088,-0.2252966,0.1423359,-0.04524183
1736099877879,-16.07272,1.577035,0.7340946,-0.9947906,-0.002929851,0.1018983,0,0,0,-16.18411,0.7969077,0.4714146,-0.7006196,-0.509309,-0.499737,0,0,0,-16.11564,0.7931851,0.9330273,-0.6387103,-0.673395,0.372275,0,0,0,-0.04524183
1736099877901,-16.11196,1.585044,0.7385807,-0.9943174,0.007097855,0.1062201,-2.943134,0.6006539,0.3364563,-16.2089,0.7941144,0.4703598,-0.659995,-0.5245546,-0.5378191,-1.859236,-0.2094984,-0.07910728,-16.15603,0.7935671,0.9346275,-0.6273518,-0.6875796,0.3656014,-3.029108,0.02865046,0.1200199,-0.04524183
1736099877906,-16.11196,1.585044,0.7385807,-0.9943174,0.007097855,0.1062201,0,0,0,-16.2089,0.7941144,0.4703598,-0.659995,-0.5245546,-0.5378191,0,0,0,-16.15603,0.7935671,0.9346275,-0.6273518,-0.6875796,0.3656014,0,0,0,-0.04524183
1736099877929,-16.15018,1.585478,0.742445,-0.9938427,0.02517873,0.1079035,-2.866173,0.03255308,0.2898216,-16.22882,0.7942004,0.4727631,-0.5933355,-0.5654476,-0.5729072,-1.494169,0.006455183,0.1802444,-16.19686,0.7998545,0.9337482,-0.6306713,-0.6929765,0.3493388,-3.062725,0.4715592,-0.06594658,-0.04524183
1736099877936,-16.15018,1.585478,0.742445,-0.9938427,0.02517873,0.1079035,0,0,0,-16.22882,0.7942004,0.4727631,-0.5933355,-0.5654476,-0.5729072,0,0,0,-16.19686,0.7998545,0.9337482,-0.6306713,-0.6929765,0.3493388,0,0,0,-0.04524183
1736099877958,-16.18608,1.586262,0.7440624,-0.9949304,0.004581548,0.1004634,-2.692795,0.05880296,0.1213074,-16.25333,0.7936498,0.4813728,-0.5740961,-0.6067665,-0.5497706,-1.838207,-0.04129708,0.6457329,-16.24517,0.8137358,0.9301949,-0.6819554,-0.6597295,0.3157437,-3.623343,1.041095,-0.2665043,-0.04524183
1736099877963,-16.18608,1.586262,0.7440624,-0.9949304,0.004581548,0.1004634,0,0,0,-16.25333,0.7936498,0.4813728,-0.5740961,-0.6067665,-0.5497706,0,0,0,-16.24517,0.8137358,0.9301949,-0.6819554,-0.6597295,0.3157437,0,0,0,-0.04524183
1736099877985,-16.22171,1.591088,0.7441635,-0.9958426,-0.01418293,0.08998257,-2.672482,0.3619194,0.007581711,-16.27884,0.7938904,0.4889412,-0.5976579,-0.6123556,-0.5175192,-1.913023,0.0180468,0.567627,-16.29161,0.8259811,0.9270115,-0.7266815,-0.6348633,0.2624556,-3.482723,0.9184018,-0.2387524,-0.04524183
1736099877994,-16.22171,1.591088,0.7441635,-0.9958426,-0.01418293,0.08998257,0,0,0,-16.27884,0.7938904,0.4889412,-0.5976579,-0.6123556,-0.5175192,0,0,0,-16.29161,0.8259811,0.9270115,-0.7266815,-0.6348633,0.2624556,0,0,0,-0.04524183
1736099878014,-16.25789,1.596124,0.7430325,-0.9965101,-0.01336876,0.08239651,-2.713394,0.3777623,-0.08482933,-16.30406,0.7970585,0.4927864,-0.6247026,-0.6023335,-0.4969316,-1.891565,0.2376035,0.2883911,-16.33496,0.8338639,0.9272976,-0.7369896,-0.634914,0.2317993,-3.251266,0.5912036,0.02145767,-0.04524183
1736099878019,-16.25789,1.596124,0.7430325,-0.9965101,-0.01336876,0.08239651,0,0,0,-16.30406,0.7970585,0.4927864,-0.6247026,-0.6023335,-0.4969316,0,0,0,-16.33496,0.8338639,0.9272976,-0.7369896,-0.634914,0.2317993,0,0,0,-0.04524183
1736099878041,-16.29317,1.601804,0.7404251,-0.9969409,-0.01504982,0.07669771,-2.64616,0.4259527,-0.1955509,-16.32967,0.8002462,0.491785,-0.6050072,-0.6077179,-0.5144374,-1.921177,0.2390787,-0.07510185,-16.37892,0.842613,0.9287052,-0.7445937,-0.6205262,0.2460238,-3.297186,0.6561846,0.1055717,-0.04524183
1736099878047,-16.29317,1.601804,0.7404251,-0.9969409,-0.01504982,0.07669771,0,0,0,-16.32967,0.8002462,0.491785,-0.6050072,-0.6077179,-0.5144374,0,0,0,-16.37892,0.842613,0.9287052,-0.7445937,-0.6205262,0.2460238,0,0,0,-0.04524183
1736099878070,-16.32752,1.604937,0.7368755,-0.9976755,-0.01690307,0.06601626,-2.576065,0.2349705,-0.2662182,-16.35622,0.80332,0.4895172,-0.5402241,-0.6304159,-0.5574354,-1.991415,0.2305359,-0.1700878,-16.42255,0.851666,0.9276257,-0.7530778,-0.605315,0.2578133,-3.271866,0.6789744,-0.08096695,-0.04524183
1736099878075,-16.32752,1.604937,0.7368755,-0.9976755,-0.01690307,0.06601626,0,0,0,-16.35622,0.80332,0.4895172,-0.5402241,-0.6304159,-0.5574354,0,0,0,-16.42255,0.851666,0.9276257,-0.7530778,-0.605315,0.2578133,0,0,0,-0.04524183
1736099878097,-16.3608,1.605829,0.7325916,-0.9984264,-0.01514862,0.0539977,-2.496243,0.06691217,-0.3212929,-16.38292,0.8017457,0.4905872,-0.5208205,-0.6444933,-0.5597992,-2.002287,-0.1180708,0.08025169,-16.46588,0.8587628,0.9231014,-0.7658042,-0.5934,0.2478321,-3.24955,0.532262,-0.3393173,-0.0468142
1736099878104,-16.3608,1.605829,0.7325916,-0.9984264,-0.01514862,0.0539977,0,0,0,-16.38292,0.8017457,0.4905872,-0.5208205,-0.6444933,-0.5597992,0,0,0,-16.46588,0.8587628,0.9231014,-0.7658042,-0.5934,0.2478321,0,0,0,-0.0468142
1736099878126,-16.39457,1.605229,0.7277451,-0.9991467,-0.007185742,0.04067868,-2.532578,-0.04498959,-0.363493,-16.41109,0.7991369,0.4909363,-0.524471,-0.6441988,-0.5567214,-2.112579,-0.1956627,0.02617836,-16.50871,0.8650331,0.9147301,-0.783102,-0.5851344,0.2106405,-3.212929,0.4702717,-0.6278515,-0.04759812
1736099878131,-16.39457,1.605229,0.7277451,-0.9991467,-0.007185742,0.04067868,0,0,0,-16.41109,0.7991369,0.4909363,-0.524471,-0.6441988,-0.5567214,0,0,0,-16.50871,0.8650331,0.9147301,-0.783102,-0.5851344,0.2106405,0,0,0,-0.04759812
1736099878137,-16.39457,1.605229,0.7277451,-0.9991467,-0.007185742,0.04067868,0,0,0,-16.41109,0.7991369,0.4909363,-0.524471,-0.6441988,-0.5567214,0,0,0,-16.50871,0.8650331,0.9147301,-0.783102,-0.5851344,0.2106405,0,0,0,-0.04759812
1736099878153,-16.42901,1.603308,0.7227936,-0.9997042,0.000380028,0.0243333,-2.583075,-0.1440614,-0.3713608,-16.44191,0.7947257,0.4872131,-0.5085037,-0.6434783,-0.5721542,-2.311277,-0.3308415,-0.2792358,-16.5512,0.8690097,0.9046783,-0.8039855,-0.5727256,0.1599782,-3.186464,0.2982438,-0.7538795,-0.04759812
1736099878159,-16.42901,1.603308,0.7227936,-0.9997042,0.000380028,0.0243333,0,0,0,-16.44191,0.7947257,0.4872131,-0.5085037,-0.6434783,-0.5721542,0,0,0,-16.5512,0.8690097,0.9046783,-0.8039855,-0.5727256,0.1599782,0,0,0,-0.04759812
1736099878181,-16.4638,1.600625,0.7176952,-0.9999404,0.007055607,0.00834918,-2.609253,-0.201273,-0.3823757,-16.47155,0.7893327,0.4836464,-0.4797912,-0.6476108,-0.5919464,-2.223444,-0.4044682,-0.2675056,-16.59269,0.8719542,0.8963928,-0.8200793,-0.559121,0.1218785,-3.111362,0.2208397,-0.6214142,-0.04759812
1736099878187,-16.4638,1.600625,0.7176952,-0.9999404,0.007055607,0.00834918,0,0,0,-16.47155,0.7893327,0.4836464,-0.4797912,-0.6476108,-0.5919464,0,0,0,-16.59269,0.8719542,0.8963928,-0.8200793,-0.559121,0.1218785,0,0,0,-0.04759812
1736099878207,-16.49885,1.595977,0.712244,-0.999891,0.01308752,-0.006868005,-2.628565,-0.348562,-0.4088402,-16.50207,0.7815369,0.4801102,-0.4452638,-0.6567466,-0.6086252,-2.288961,-0.5846903,-0.2652168,-16.63522,0.8709664,0.8885441,-0.8337,-0.5436679,0.09679687,-3.189754,-0.07408708,-0.5886555,-0.04759812
1736099878213,-16.49885,1.595977,0.712244,-0.999891,0.01308752,-0.006868005,0,0,0,-16.50207,0.7815369,0.4801102,-0.4452638,-0.6567466,-0.6086252,0,0,0,-16.63522,0.8709664,0.8885441,-0.8337,-0.5436679,0.09679687,0,0,0,-0.04759812
1736099878235,-16.53338,1.590607,0.7065048,-0.9996298,0.01794747,-0.0204612,-2.589655,-0.4027784,-0.4304409,-16.53374,0.7725649,0.4771481,-0.4220559,-0.6634341,-0.6178384,-2.374935,-0.6728947,-0.2221584,-16.67766,0.8686162,0.881403,-0.8427008,-0.5316742,0.08472425,-3.183174,-0.1762614,-0.5355835,-0.04759812
1736099878240,-16.53338,1.590607,0.7065048,-0.9996298,0.01794747,-0.0204612,0,0,0,-16.53374,0.7725649,0.4771481,-0.4220559,-0.6634341,-0.6178384,0,0,0,-16.67766,0.8686162,0.881403,-0.8427008,-0.5316742,0.08472425,0,0,0,-0.04759812
1736099878264,-16.56859,1.585011,0.7006817,-0.9992594,0.0235319,-0.03045344,-2.640724,-0.4196405,-0.4367352,-16.56671,0.7637831,0.47439,-0.4080815,-0.6676412,-0.6226764,-2.472639,-0.6586388,-0.206852,-16.71952,0.8650059,0.8744621,-0.8497365,-0.5213089,0.07864648,-3.1394,-0.2707735,-0.5205631,-0.04759812
1736099878269,-16.56859,1.585011,0.7006817,-0.9992594,0.0235319,-0.03045344,0,0,0,-16.56671,0.7637831,0.47439,-0.4080815,-0.6676412,-0.6226764,0,0,0,-16.71952,0.8650059,0.8744621,-0.8497365,-0.5213089,0.07864648,0,0,0,-0.04759812
1736099878292,-16.60571,1.581539,0.6946888,-0.9989827,0.02796323,-0.03538823,-2.784061,-0.2604067,-0.4494667,-16.60289,0.7553709,0.4713688,-0.4059069,-0.6729633,-0.6183531,-2.713537,-0.6309181,-0.226593,-16.76066,0.8607984,0.8684063,-0.8568542,-0.5088927,0.08264041,-3.085756,-0.3155619,-0.4541874,-0.04759812
1736099878298,-16.60571,1.581539,0.6946888,-0.9989827,0.02796323,-0.03538823,0,0,0,-16.60289,0.7553709,0.4713688,-0.4059069,-0.6729633,-0.6183531,0,0,0,-16.76066,0.8607984,0.8684063,-0.8568542,-0.5088927,0.08264041,0,0,0,-0.04759812
1736099878320,-16.64297,1.57758,0.6884079,-0.9988923,0.03211199,-0.03439975,-2.79479,-0.2969831,-0.4710674,-16.64037,0.749002,0.4672356,-0.4032028,-0.6830682,-0.6089711,-2.811098,-0.4776657,-0.3099918,-16.79837,0.856945,0.8634491,-0.8588986,-0.5037608,0.09229612,-2.827978,-0.289008,-0.3717899,-0.04759812
1736099878327,-16.64297,1.57758,0.6884079,-0.9988923,0.03211199,-0.03439975,0,0,0,-16.64037,0.749002,0.4672356,-0.4032028,-0.6830682,-0.6089711,0,0,0,-16.79837,0.856945,0.8634491,-0.8588986,-0.5037608,0.09229612,0,0,0,-0.04759812
1736099878348,-16.68013,1.577046,0.6821766,-0.9993052,0.01837187,-0.0324347,-2.786779,-0.03999174,-0.4673481,-16.68215,0.7456311,0.4609604,-0.3977645,-0.6895381,-0.6052446,-3.133965,-0.2528161,-0.4706383,-16.83369,0.8546289,0.8588638,-0.8554462,-0.5078223,0.1016292,-2.649164,-0.1737043,-0.343895,-0.04759812
1736099878354,-16.68013,1.577046,0.6821766,-0.9993052,0.01837187,-0.0324347,0,0,0,-16.68215,0.7456311,0.4609604,-0.3977645,-0.6895381,-0.6052446,0,0,0,-16.83369,0.8546289,0.8588638,-0.8554462,-0.5078223,0.1016292,0,0,0,-0.04759812
1736099878376,-16.71775,1.586159,0.6747112,-0.9994006,0.02273922,-0.02611268,-2.821398,0.6834179,-0.5599022,-16.72319,0.74719,0.4540234,-0.3853979,-0.6909356,-0.6116185,-3.078032,0.1169175,-0.520277,-16.86518,0.8543646,0.8576584,-0.8479071,-0.516333,0.1202243,-2.361917,-0.01982152,-0.09040833,-0.04759812
1736099878382,-16.71775,1.586159,0.6747112,-0.9994006,0.02273922,-0.02611268,0,0,0,-16.72319,0.74719,0.4540234,-0.3853979,-0.6909356,-0.6116185,0,0,0,-16.86518,0.8543646,0.8576584,-0.8479071,-0.516333,0.1202243,0,0,0,-0.04759812
1736099878404,-16.75585,1.590774,0.6682224,-0.9994017,0.03135619,-0.01460195,-2.857304,0.346148,-0.48666,-16.76498,0.757849,0.4485912,-0.4037931,-0.6890826,-0.6017616,-3.133678,0.7994235,-0.4074097,-16.89118,0.8545957,0.8582878,-0.8237444,-0.5425848,0.1644599,-1.950216,0.01733154,0.04720688,-0.04759812
1736099878409,-16.75585,1.590774,0.6682224,-0.9994017,0.03135619,-0.01460195,0,0,0,-16.76498,0.757849,0.4485912,-0.4037931,-0.6890826,-0.6017616,0,0,0,-16.89118,0.8545957,0.8582878,-0.8237444,-0.5425848,0.1644599,0,0,0,-0.04759812
1736099878432,-16.79158,1.593957,0.6627293,-0.9995716,0.02123434,-0.02013993,-2.67992,0.2387077,-0.4119873,-16.8083,0.7699112,0.4461269,-0.4463759,-0.6729386,-0.5898328,-3.249264,0.9046689,-0.1848221,-16.91617,0.8567868,0.8556385,-0.8006596,-0.5697101,0.1854042,-1.874256,0.1643345,-0.198698,-0.04759812
1736099878437,-16.79158,1.593957,0.6627293,-0.9995716,0.02123434,-0.02013993,0,0,0,-16.8083,0.7699112,0.4461269,-0.4463759,-0.6729386,-0.5898328,0,0,0,-16.91617,0.8567868,0.8556385,-0.8006596,-0.5697101,0.1854042,0,0,0,-0.04759812
1736099878442,-16.79158,1.593957,0.6627293,-0.9995716,0.02123434,-0.02013993,0,0,0,-16.8083,0.7699112,0.4461269,-0.4463759,-0.6729386,-0.5898328,0,0,0,-16.91617,0.8567868,0.8556385,-0.8006596,-0.5697101,0.1854042,0,0,0,-0.04759812
1736099878459,-16.82687,1.599059,0.6592731,-0.9997674,0.002131545,-0.02147615,-2.646732,0.3826886,-0.2592087,-16.85654,0.7834894,0.4456749,-0.5229476,-0.6488784,-0.5527053,-3.618336,1.018363,-0.03390312,-16.94168,0.8623263,0.8506393,-0.8014079,-0.5797132,0.147235,-1.913166,0.4154563,-0.3749371,-0.04759812
1736099878465,-16.82687,1.599059,0.6592731,-0.9997674,0.002131545,-0.02147615,0,0,0,-16.85654,0.7834894,0.4456749,-0.5229476,-0.6488784,-0.5527053,0,0,0,-16.94168,0.8623263,0.8506393,-0.8014079,-0.5797132,0.147235,0,0,0,-0.04759812
1736099878487,-16.86152,1.60497,0.6548214,-0.9998828,-0.001753539,-0.01521969,-2.599239,0.4432708,-0.3338814,-16.90161,0.7952512,0.4408817,-0.5621305,-0.6341072,-0.5309594,-3.380156,0.8821338,-0.3594875,-16.96609,0.8665723,0.849535,-0.804332,-0.5813557,0.1227837,-1.830769,0.3184497,-0.08282661,-0.04759812
1736099878493,-16.86152,1.60497,0.6548214,-0.9998828,-0.001753539,-0.01521969,0,0,0,-16.90161,0.7952512,0.4408817,-0.5621305,-0.6341072,-0.5309594,0,0,0,-16.96609,0.8665723,0.849535,-0.804332,-0.5813557,0.1227837,0,0,0,-0.04759812
1736099878514,-16.89545,1.605813,0.6511955,-0.9999647,0.0006836969,-0.008411884,-2.544737,0.06326437,-0.2719402,-16.94683,0.800808,0.4337387,-0.575946,-0.6117811,-0.542227,-3.391171,0.4167616,-0.5357265,-16.99173,0.8643289,0.8536835,-0.7984557,-0.5850688,0.141997,-1.923037,-0.168255,0.3111362,-0.05313492
1736099878519,-16.89545,1.605813,0.6511955,-0.9999647,0.0006836969,-0.008411884,0,0,0,-16.94683,0.800808,0.4337387,-0.575946,-0.6117811,-0.542227,0,0,0,-16.99173,0.8643289,0.8536835,-0.7984557,-0.5850688,0.141997,0,0,0,-0.05313492
1736099878542,-16.92951,1.605927,0.6509094,-1,0.0007442925,-0.0003041029,-2.554178,0.008529425,-0.02145767,-16.99183,0.806996,0.4290276,-0.5843162,-0.5915865,-0.555518,-3.375149,0.4641026,-0.3533363,-17.01916,0.8620273,0.8593712,-0.7723107,-0.5971235,0.2167487,-2.057219,-0.172618,0.4265785,-0.05695343
1736099878548,-16.92951,1.605927,0.6509094,-1,0.0007442925,-0.0003041029,0,0,0,-16.99183,0.806996,0.4290276,-0.5843162,-0.5915865,-0.555518,0,0,0,-17.01916,0.8620273,0.8593712,-0.7723107,-0.5971235,0.2167487,0,0,0,-0.05695343
1736099878570,-16.96325,1.605702,0.6501617,-0.9999548,0.002429254,0.009214878,-2.530861,-0.01684427,-0.05607605,-17.03659,0.8122627,0.4276505,-0.601559,-0.5775449,-0.5518777,-3.357124,0.3949955,-0.1032829,-17.04543,0.8576981,0.8644714,-0.7471075,-0.6109368,0.2618909,-1.970387,-0.3246859,0.3825188,-0.06017566
1736099878576,-16.96325,1.605702,0.6501617,-0.9999548,0.002429254,0.009214878,0,0,0,-17.03659,0.8122627,0.4276505,-0.601559,-0.5775449,-0.5518777,0,0,0,-17.04543,0.8576981,0.8644714,-0.7471075,-0.6109368,0.2618909,0,0,0,-0.06017566
1736099878598,-16.99713,1.605521,0.6502342,-0.9998267,0.006188033,0.01757169,-2.540302,-0.01358986,0.005435944,-17.08036,0.8188973,0.4279957,-0.6316136,-0.5684426,-0.5271982,-3.282881,0.4975989,0.02589226,-17.07141,0.8538899,0.866827,-0.7351911,-0.6176569,0.2792743,-1.948071,-0.285615,0.1766682,-0.06078267
1736099878604,-16.99713,1.605521,0.6502342,-0.9998267,0.006188033,0.01757169,0,0,0,-17.08036,0.8188973,0.4279957,-0.6316136,-0.5684426,-0.5271982,0,0,0,-17.07141,0.8538899,0.866827,-0.7351911,-0.6176569,0.2792743,0,0,0,-0.06078267
1736099878626,-17.03084,1.603812,0.6502399,-0.9996073,0.00999645,0.02618438,-2.528858,-0.1281381,0.0004291534,-17.12467,0.8238449,0.4288197,-0.6650973,-0.552082,-0.5028434,-3.322649,0.3710657,0.0617981,-17.0989,0.8477881,0.8687515,-0.7304276,-0.6207362,0.2848901,-2.061796,-0.4576385,0.1443386,-0.06078267
1736099878632,-17.03084,1.603812,0.6502399,-0.9996073,0.00999645,0.02618438,0,0,0,-17.12467,0.8238449,0.4288197,-0.6650973,-0.552082,-0.5028434,0,0,0,-17.0989,0.8477881,0.8687515,-0.7304276,-0.6207362,0.2848901,0,0,0,-0.06078267
1736099878654,-17.06473,1.600852,0.6501198,-0.999274,0.01431393,0.03531408,-2.541161,-0.222069,-0.009012222,-17.16787,0.82732,0.4288197,-0.6928471,-0.5330333,-0.4856327,-3.240108,0.2606392,0,-17.12759,0.8408213,0.8717937,-0.7214676,-0.623382,0.301463,-2.151918,-0.5225122,0.2281666,-0.06078267
1736099878659,-17.06473,1.600852,0.6501198,-0.999274,0.01431393,0.03531408,0,0,0,-17.16787,0.82732,0.4288197,-0.6928471,-0.5330333,-0.4856327,0,0,0,-17.12759,0.8408213,0.8717937,-0.7214676,-0.623382,0.301463,0,0,0,-0.06078267
1736099878682,-17.09983,1.5962,0.6512756,-0.9988879,0.01758458,0.04374719,-2.632999,-0.3488302,0.086689,-17.20964,0.8281535,0.4282856,-0.7098103,-0.5180541,-0.4772737,-3.133106,0.06250888,-0.04005432,-17.15869,0.8326976,0.8744278,-0.7071439,-0.6293462,0.3222906,-2.332592,-0.6092772,0.1975536,-0.06078267
1736099878687,-17.09983,1.5962,0.6512756,-0.9988879,0.01758458,0.04374719,0,0,0,-17.20964,0.8281535,0.4282856,-0.7098103,-0.5180541,-0.4772737,0,0,0,-17.15869,0.8326976,0.8744278,-0.7071439,-0.6293462,0.3222906,0,0,0,-0.06078267
1736099878710,-17.13513,1.591194,0.6521206,-0.9985471,0.02216257,0.04911923,-2.647161,-0.3754646,0.06337166,-17.2496,0.8244952,0.4276962,-0.717494,-0.5104892,-0.4739237,-2.996492,-0.2743721,-0.0442028,-17.19159,0.8246764,0.876421,-0.69292,-0.6347914,0.3419093,-2.467346,-0.6015882,0.1494884,-0.06078267
1736099878716,-17.13513,1.591194,0.6521206,-0.9985471,0.02216257,0.04911923,0,0,0,-17.2496,0.8244952,0.4276962,-0.717494,-0.5104892,-0.4739237,0,0,0,-17.19159,0.8246764,0.876421,-0.69292,-0.6347914,0.3419093,0,0,0,-0.06078267
1736099878737,-17.17175,1.585282,0.653862,-0.9982664,0.0297756,0.05077559,-2.746439,-0.4434228,0.1306057,-17.28742,0.8186827,0.424593,-0.7154084,-0.5081216,-0.4795873,-2.836847,-0.4359394,-0.2327442,-17.2269,0.8168796,0.8763657,-0.6838472,-0.6393026,0.3516327,-2.648163,-0.5847618,-0.004148483,-0.06078267
1736099878743,-17.17175,1.585282,0.653862,-0.9982664,0.0297756,0.05077559,0,0,0,-17.28742,0.8186827,0.424593,-0.7154084,-0.5081216,-0.4795873,0,0,0,-17.2269,0.8168796,0.8763657,-0.6838472,-0.6393026,0.3516327,0,0,0,-0.06078267
1736099878748,-17.17175,1.585282,0.653862,-0.9982664,0.0297756,0.05077559,0,0,0,-17.28742,0.8186827,0.424593,-0.7154084,-0.5081216,-0.4795873,0,0,0,-17.2269,0.8168796,0.8763657,-0.6838472,-0.6393026,0.3516327,0,0,0,-0.06078267
1736099878765,-17.20786,1.581254,0.655756,-0.9983626,0.03338464,0.04645181,-2.708101,-0.3020972,0.1420498,-17.32283,0.8110886,0.4221821,-0.7023059,-0.5120894,-0.4945014,-2.655602,-0.5695581,-0.1808167,-17.26377,0.8086916,0.8742256,-0.6831594,-0.6428602,0.3464456,-2.764893,-0.6140962,-0.1605034,-0.06078267
1736099878770,-17.20786,1.581254,0.655756,-0.9983626,0.03338464,0.04645181,0,0,0,-17.32283,0.8110886,0.4221821,-0.7023059,-0.5120894,-0.4945014,0,0,0,-17.26377,0.8086916,0.8742256,-0.6831594,-0.6428602,0.3464456,0,0,0,-0.06078267
1736099878792,-17.24557,1.577476,0.6581173,-0.9984589,0.03715201,0.04123086,-2.828693,-0.2833664,0.1770973,-17.35482,0.8038064,0.4204998,-0.6888188,-0.5181077,-0.5070443,-2.39954,-0.5461648,-0.1261711,-17.29989,0.8018003,0.8721466,-0.6841798,-0.6460971,0.3383146,-2.709246,-0.5168527,-0.1559258,-0.06078267
1736099878819,-17.28333,1.573491,0.6604424,-0.9984934,0.03921394,0.03838593,-2.83227,-0.2988875,0.1743793,-17.38385,0.7961705,0.4192276,-0.6679097,-0.5317426,-0.5207179,-2.176952,-0.5726919,-0.09541512,-17.33839,0.7971128,0.8697128,-0.6861487,-0.6495045,0.3276338,-2.88763,-0.3515571,-0.1825333,-0.06078267
1736099878824,-17.28333,1.573491,0.6604424,-0.9984934,0.03921394,0.03838593,0,0,0,-17.38385,0.7961705,0.4192276,-0.6679097,-0.5317426,-0.5207179,0,0,0,-17.33839,0.7971128,0.8697128,-0.6861487,-0.6495045,0.3276338,0,0,0,-0.06078267
1736099878846,-17.32259,1.584933,0.6636105,-0.9994938,0.01688538,0.02697712,-2.944279,0.8581817,0.237608,-17.40977,0.7893326,0.416502,-0.6283063,-0.5600493,-0.5399785,-1.944208,-0.5128428,-0.2044201,-17.38156,0.7974406,0.8673744,-0.6894829,-0.6475158,0.3245564,-3.237391,0.02458245,-0.1753807,-0.06078267
1736099878852,-17.32259,1.584933,0.6636105,-0.9994938,0.01688538,0.02697712,0,0,0,-17.40977,0.7893326,0.416502,-0.6283063,-0.5600493,-0.5399785,0,0,0,-17.38156,0.7974406,0.8673744,-0.6894829,-0.6475158,0.3245564,0,0,0,-0.06078267
1736099878857,-17.32259,1.584933,0.6636105,-0.9994938,0.01688538,0.02697712,0,0,0,-17.40977,0.7893326,0.416502,-0.6283063,-0.5600493,-0.5399785,0,0,0,-17.38156,0.7974406,0.8673744,-0.6894829,-0.6475158,0.3245564,0,0,0,-0.06078267
1736099878874,-17.36197,1.587033,0.6646194,-0.9986636,0.0349682,0.03806204,-2.95372,0.1574814,0.07567406,-17.42951,0.7881331,0.4140472,-0.5629632,-0.5918094,-0.5769181,-1.480579,-0.08996129,-0.1841068,-17.42242,0.8020993,0.864296,-0.6744257,-0.6624187,0.326116,-3.064728,0.3494024,-0.2308846,-0.06078267
1736099878880,-17.36197,1.587033,0.6646194,-0.9986636,0.0349682,0.03806204,0,0,0,-17.42951,0.7881331,0.4140472,-0.5629632,-0.5918094,-0.5769181,0,0,0,-17.42242,0.8020993,0.864296,-0.6744257,-0.6624187,0.326116,0,0,0,-0.06078267
1736099878902,-17.39773,1.5876,0.664156,-0.9986339,0.03044458,0.04247087,-2.681351,0.04256666,-0.03476143,-17.45165,0.7879312,0.4153843,-0.5218504,-0.6274861,-0.5778704,-1.660395,-0.01514107,0.1002789,-17.46451,0.8115268,0.8578224,-0.6920245,-0.6503206,0.3133457,-3.156853,0.7070661,-0.4855156,-0.06078267
1736099878908,-17.39773,1.5876,0.664156,-0.9986339,0.03044458,0.04247087,0,0,0,-17.45165,0.7879312,0.4153843,-0.5218504,-0.6274861,-0.5778704,0,0,0,-17.46451,0.8115268,0.8578224,-0.6920245,-0.6503206,0.3133457,0,0,0,-0.06078267
1736099878928,-17.4324,1.59075,0.6619244,-0.9995443,-0.001548145,0.03015065,-2.600384,0.2362311,-0.1673698,-17.47905,0.7900704,0.4196835,-0.5401509,-0.6419728,-0.5441585,-2.055216,0.1604408,0.3224373,-17.51111,0.8240786,0.8490753,-0.7363026,-0.6240449,0.2615848,-3.495312,0.9413794,-0.6560326,-0.06078267
1736099878934,-17.4324,1.59075,0.6619244,-0.9995443,-0.001548145,0.03015065,0,0,0,-17.47905,0.7900704,0.4196835,-0.5401509,-0.6419728,-0.5441585,0,0,0,-17.51111,0.8240786,0.8490753,-0.7363026,-0.6240449,0.2615848,0,0,0,-0.06078267
1736099878956,-17.46805,1.596577,0.6590424,-0.9998127,0.001332868,0.0193162,-2.673912,0.4370481,-0.2161503,-17.50644,0.7941222,0.4196949,-0.5695111,-0.6291989,-0.5289297,-2.054358,0.3038853,0.0008583069,-17.55306,0.8313891,0.8422623,-0.7597513,-0.6185505,0.2004332,-3.146124,0.5482927,-0.5109787,-0.06078267
1736099878962,-17.46805,1.596577,0.6590424,-0.9998127,0.001332868,0.0193162,0,0,0,-17.50644,0.7941222,0.4196949,-0.5695111,-0.6291989,-0.5289297,0,0,0,-17.55306,0.8313891,0.8422623,-0.7597513,-0.6185505,0.2004332,0,0,0,-0.06078267
1736099878985,-17.50279,1.60312,0.654747,-0.9999154,0.01040118,0.007821977,-2.60582,0.4906654,-0.3221512,-17.53483,0.8007787,0.4147224,-0.5723288,-0.616921,-0.5402305,-2.12903,0.4992396,-0.3729343,-17.59603,0.8368356,0.8389626,-0.7658031,-0.6176941,0.1788853,-3.222513,0.408487,-0.2474785,-0.06078267
1736099878991,-17.50279,1.60312,0.654747,-0.9999154,0.01040118,0.007821977,0,0,0,-17.53483,0.8007787,0.4147224,-0.5723288,-0.616921,-0.5402305,0,0,0,-17.59603,0.8368356,0.8389626,-0.7658031,-0.6176941,0.1788853,0,0,0,-0.06078267
1736099879013,-17.53676,1.605036,0.6490955,-0.9999743,0.006062098,-0.003872395,-2.547598,0.1437306,-0.4238605,-17.56237,0.8050122,0.4079781,-0.518298,-0.6303081,-0.5779958,-2.065659,0.317511,-0.5058289,-17.63994,0.8412731,0.8370934,-0.7753011,-0.6008302,0.1947091,-3.29361,0.332813,-0.1401901,-0.06284475
1736099879020,-17.53676,1.605036,0.6490955,-0.9999743,0.006062098,-0.003872395,0,0,0,-17.56237,0.8050122,0.4079781,-0.518298,-0.6303081,-0.5779958,0,0,0,-17.63994,0.8412731,0.8370934,-0.7753011,-0.6008302,0.1947091,0,0,0,-0.06284475
1736099879040,-17.57011,1.605968,0.6428089,-0.9998218,6.080419E-05,-0.01888692,-2.501249,0.06993413,-0.4714966,-17.58881,0.8055616,0.4045162,-0.4888886,-0.6460918,-0.5861347,-1.982689,0.0412032,-0.2596378,-17.68304,0.8465928,0.830513,-0.7831577,-0.5915511,0.1916551,-3.232098,0.3989741,-0.4935265,-0.06523561
1736099879046,-17.57011,1.605968,0.6428089,-0.9998218,6.080419E-05,-0.01888692,0,0,0,-17.58881,0.8055616,0.4045162,-0.4888886,-0.6460918,-0.5861347,0,0,0,-17.68304,0.8465928,0.830513,-0.7831577,-0.5915511,0.1916551,0,0,0,-0.06523561
1736099879069,-17.60341,1.605797,0.6365089,-0.9994969,0.0003981851,-0.03172576,-2.497387,-0.01286566,-0.4724979,-17.6168,0.803075,0.4023094,-0.4890224,-0.6483919,-0.5834776,-2.099276,-0.1864985,-0.1655102,-17.72682,0.8522258,0.8219395,-0.7967408,-0.5815526,0.1643181,-3.283739,0.4224747,-0.6430149,-0.06763828
1736099879074,-17.60341,1.605797,0.6365089,-0.9994969,0.0003981851,-0.03172576,0,0,0,-17.6168,0.803075,0.4023094,-0.4890224,-0.6483919,-0.5834776,0,0,0,-17.72682,0.8522258,0.8219395,-0.7967408,-0.5815526,0.1643181,0,0,0,-0.06763828
1736099879097,-17.63701,1.605615,0.6298714,-0.9990066,0.007955024,-0.04385185,-2.520275,-0.01367927,-0.497818,-17.6456,0.7993615,0.3981419,-0.4899858,-0.6472704,-0.5839138,-2.159786,-0.2785072,-0.3125668,-17.76975,0.8594369,0.8111992,-0.8146867,-0.5659138,0.126599,-3.219795,0.5408362,-0.805521,-0.06824768
1736099879102,-17.63701,1.605615,0.6298714,-0.9990066,0.007955024,-0.04385185,0,0,0,-17.6456,0.7993615,0.3981419,-0.4899858,-0.6472704,-0.5839138,0,0,0,-17.76975,0.8594369,0.8111992,-0.8146867,-0.5659138,0.126599,0,0,0,-0.06824768
1736099879126,-17.67031,1.604026,0.6230507,-0.9982396,0.01607818,-0.0570941,-2.497387,-0.1191348,-0.5115509,-17.67601,0.7940779,0.3916168,-0.4719122,-0.6471562,-0.5987391,-2.281237,-0.3962696,-0.489378,-17.813,0.8669385,0.8015671,-0.8309509,-0.5491474,0.08920789,-3.243542,0.5626202,-0.7224083,-0.06824768
1736099879131,-17.67031,1.604026,0.6230507,-0.9982396,0.01607818,-0.0570941,0,0,0,-17.67601,0.7940779,0.3916168,-0.4719122,-0.6471562,-0.5987391,0,0,0,-17.813,0.8669385,0.8015671,-0.8309509,-0.5491474,0.08920789,0,0,0,-0.06824768
1736099879154,-17.70402,1.601307,0.616251,-0.9972467,0.02256748,-0.07063866,-2.528286,-0.2039284,-0.5099773,-17.70604,0.7882057,0.3843651,-0.4347292,-0.6516705,-0.6215601,-2.251911,-0.4404142,-0.5438805,-17.85661,0.8724957,0.7935619,-0.8447127,-0.5316039,0.06211519,-3.271008,0.416784,-0.6003857,-0.06824768
1736099879160,-17.70402,1.601307,0.616251,-0.9972467,0.02256748,-0.07063866,0,0,0,-17.70604,0.7882057,0.3843651,-0.4347292,-0.6516705,-0.6215601,0,0,0,-17.85661,0.8724957,0.7935619,-0.8447127,-0.5316039,0.06211519,0,0,0,-0.06824768
1736099879165,-17.70402,1.601307,0.616251,-0.9972467,0.02256748,-0.07063866,0,0,0,-17.70604,0.7882057,0.3843651,-0.4347292,-0.6516705,-0.6215601,0,0,0,-17.85661,0.8724957,0.7935619,-0.8447127,-0.5316039,0.06211519,0,0,0,-0.06824768
1736099879182,-17.73771,1.596639,0.6091366,-0.9963465,0.02862168,-0.08046639,-2.526569,-0.3501356,-0.5335808,-17.73724,0.7797686,0.3784695,-0.403033,-0.6600571,-0.6339476,-2.340317,-0.6327868,-0.4421711,-17.90002,0.8724973,0.7837563,-0.8565104,-0.5139935,0.04691362,-3.255558,0.0001206994,-0.7354259,-0.06824768
1736099879188,-17.73771,1.596639,0.6091366,-0.9963465,0.02862168,-0.08046639,0,0,0,-17.73724,0.7797686,0.3784695,-0.403033,-0.6600571,-0.6339476,0,0,0,-17.90002,0.8724973,0.7837563,-0.8565104,-0.5139935,0.04691362,0,0,0,-0.06824768
1736099879210,-17.77141,1.591502,0.6016598,-0.9954711,0.03525827,-0.08828652,-2.527142,-0.3852367,-0.5607605,-17.768,0.7714629,0.3740196,-0.3882395,-0.6642966,-0.638734,-2.306843,-0.6229252,-0.3337383,-17.94168,0.8720483,0.7747116,-0.8669955,-0.4969563,0.03679502,-3.124809,-0.03367513,-0.6783485,-0.06824768
1736099879215,-17.77141,1.591502,0.6016598,-0.9954711,0.03525827,-0.08828652,0,0,0,-17.768,0.7714629,0.3740196,-0.3882395,-0.6642966,-0.638734,0,0,0,-17.94168,0.8720483,0.7747116,-0.8669955,-0.4969563,0.03679502,0,0,0,-0.06824768
1736099879236,-17.80507,1.587205,0.5935154,-0.9945814,0.04172319,-0.09522355,-2.524853,-0.3223121,-0.6108284,-17.8,0.7619472,0.3691998,-0.3908718,-0.6598588,-0.641721,-2.399969,-0.7136777,-0.3614902,-17.98232,0.8691391,0.7659664,-0.8751789,-0.4825473,0.03478932,-3.047419,-0.2181888,-0.6558895,-0.06824768
1736099879242,-17.80507,1.587205,0.5935154,-0.9945814,0.04172319,-0.09522355,0,0,0,-17.8,0.7619472,0.3691998,-0.3908718,-0.6598588,-0.641721,0,0,0,-17.98232,0.8691391,0.7659664,-0.8751789,-0.4825473,0.03478932,0,0,0,-0.06824768
1736099879265,-17.84046,1.58452,0.5851116,-0.9940747,0.05073477,-0.09613431,-2.653885,-0.2013624,-0.6302834,-17.8332,0.7531803,0.3630791,-0.3941982,-0.6473637,-0.6523261,-2.490091,-0.6575167,-0.4590511,-18.02066,0.866053,0.7583199,-0.881471,-0.4703333,0.04237419,-2.875471,-0.2314523,-0.5734921,-0.06824768
1736099879270,-17.84046,1.58452,0.5851116,-0.9940747,0.05073477,-0.09613431,0,0,0,-17.8332,0.7531803,0.3630791,-0.3941982,-0.6473637,-0.6523261,0,0,0,-18.02066,0.866053,0.7583199,-0.881471,-0.4703333,0.04237419,0,0,0,-0.06824768
1736099879293,-17.87503,1.581304,0.5760708,-0.9938677,0.06031435,-0.09267783,-2.592802,-0.2411842,-0.6780624,-17.86881,0.747691,0.3552628,-0.3902637,-0.6490667,-0.6529988,-2.670479,-0.4117012,-0.5862236,-18.05549,0.8628185,0.7517929,-0.8812197,-0.469011,0.05900031,-2.612257,-0.2425924,-0.489521,-0.06824768
1736099879299,-17.87503,1.581304,0.5760708,-0.9938677,0.06031435,-0.09267783,0,0,0,-17.86881,0.747691,0.3552628,-0.3902637,-0.6490667,-0.6529988,0,0,0,-18.05549,0.8628185,0.7517929,-0.8812197,-0.469011,0.05900031,0,0,0,-0.06824768
1736099879321,-17.9095,1.579,0.5684414,-0.9946674,0.05196647,-0.08909059,-2.585506,-0.1727968,-0.5722046,-17.91324,0.7429586,0.3448181,-0.3757036,-0.6543669,-0.6562403,-3.332233,-0.3549278,-0.7833481,-18.08834,0.8604407,0.7450733,-0.8775115,-0.4744747,0.06962603,-2.46377,-0.1783356,-0.5039692,-0.06824768
1736099879327,-17.9095,1.579,0.5684414,-0.9946674,0.05196647,-0.08909059,0,0,0,-17.91324,0.7429586,0.3448181,-0.3757036,-0.6543669,-0.6562403,0,0,0,-18.08834,0.8604407,0.7450733,-0.8775115,-0.4744747,0.06962603,0,0,0,-0.06824768
1736099879349,-17.9461,1.587674,0.5605774,-0.9954065,0.05825261,-0.07597816,-2.744865,0.6505162,-0.5897999,-17.95845,0.7425446,0.333601,-0.3656273,-0.6532497,-0.6630099,-3.390741,-0.03105104,-0.8412838,-18.11858,0.8595637,0.7417793,-0.8718271,-0.4829947,0.08144838,-2.268219,-0.06577224,-0.2470493,-0.06824768
1736099879355,-17.9461,1.587674,0.5605774,-0.9954065,0.05825261,-0.07597816,0,0,0,-17.95845,0.7425446,0.333601,-0.3656273,-0.6532497,-0.6630099,0,0,0,-18.11858,0.8595637,0.7417793,-0.8718271,-0.4829947,0.08144838,0,0,0,-0.06824768
1736099879377,-17.98206,1.591132,0.5538063,-0.9955663,0.07619657,-0.05515683,-2.697229,0.2594054,-0.5078316,-18.00312,0.7474968,0.3234291,-0.3850622,-0.6471723,-0.6579475,-3.350544,0.3714189,-0.7628918,-18.14488,0.8571267,0.7413654,-0.8552286,-0.5026546,0.1261847,-1.972675,-0.1827747,-0.0310421,-0.06824768
1736099879383,-17.98206,1.591132,0.5538063,-0.9955663,0.07619657,-0.05515683,0,0,0,-18.00312,0.7474968,0.3234291,-0.3850622,-0.6471723,-0.6579475,0,0,0,-18.14488,0.8571267,0.7413654,-0.8552286,-0.5026546,0.1261847,0,0,0,-0.06824768
1736099879405,-18.01629,1.592673,0.5476837,-0.9963443,0.07034636,-0.04847682,-2.567482,0.1155853,-0.4591942,-18.04944,0.7559848,0.3162422,-0.4263245,-0.6210243,-0.657706,-3.473997,0.6365955,-0.5390167,-18.17,0.8587137,0.7389469,-0.8364363,-0.5255604,0.1554377,-1.884127,0.1190275,-0.1813889,-0.06824768
1736099879410,-18.01629,1.592673,0.5476837,-0.9963443,0.07034636,-0.04847682,0,0,0,-18.04944,0.7559848,0.3162422,-0.4263245,-0.6210243,-0.657706,0,0,0,-18.17,0.8587137,0.7389469,-0.8364363,-0.5255604,0.1554377,0,0,0,-0.06824768
1736099879416,-18.01629,1.592673,0.5476837,-0.9963443,0.07034636,-0.04847682,0,0,0,-18.04944,0.7559848,0.3162422,-0.4263245,-0.6210243,-0.657706,0,0,0,-18.17,0.8587137,0.7389469,-0.8364363,-0.5255604,0.1554377,0,0,0,-0.06824768
1736099879433,-18.05076,1.597852,0.5434971,-0.9975464,0.0558438,-0.04223084,-2.58522,0.3883839,-0.3139973,-18.0981,0.7672537,0.3117027,-0.4891602,-0.5990829,-0.6338952,-3.649378,0.8451685,-0.3404617,-18.19412,0.8622195,0.7348461,-0.8339006,-0.5345398,0.1373955,-1.808882,0.2629325,-0.30756,-0.06824768
1736099879439,-18.05076,1.597852,0.5434971,-0.9975464,0.0558438,-0.04223084,0,0,0,-18.0981,0.7672537,0.3117027,-0.4891602,-0.5990829,-0.6338952,0,0,0,-18.19412,0.8622195,0.7348461,-0.8339006,-0.5345398,0.1373955,0,0,0,-0.06824768
1736099879460,-18.08542,1.604305,0.5398445,-0.9982362,0.04738501,-0.0357672,-2.599525,0.4839957,-0.2739429,-18.14326,0.7782788,0.3053627,-0.5326385,-0.5798402,-0.6165082,-3.386736,0.8268803,-0.475502,-18.21605,0.8645741,0.7324581,-0.8312753,-0.5427434,0.1200474,-1.64423,0.1765966,-0.1791,-0.06824768
1736099879466,-18.08542,1.604305,0.5398445,-0.9982362,0.04738501,-0.0357672,0,0,0,-18.14326,0.7782788,0.3053627,-0.5326385,-0.5798402,-0.6165082,0,0,0,-18.21605,0.8645741,0.7324581,-0.8312753,-0.5427434,0.1200474,0,0,0,-0.06824768
1736099879486,-18.11865,1.605729,0.5376892,-0.9988236,0.03888645,-0.02898014,-2.491951,0.1067698,-0.1616478,-18.18839,0.7884843,0.2988091,-0.5507525,-0.555637,-0.6228478,-3.384733,0.765413,-0.4915237,-18.23837,0.8631722,0.7337418,-0.8207039,-0.5588708,0.1187815,-1.673985,-0.1051426,0.09627342,-0.07258582
1736099879492,-18.11865,1.605729,0.5376892,-0.9988236,0.03888645,-0.02898014,0,0,0,-18.18839,0.7884843,0.2988091,-0.5507525,-0.555637,-0.6228478,0,0,0,-18.23837,0.8631722,0.7337418,-0.8207039,-0.5588708,0.1187815,0,0,0,-0.07258582
1736099879514,-18.15135,1.605968,0.5360527,-0.9992308,0.03199987,-0.02267838,-2.452183,0.01795292,-0.1227379,-18.23308,0.7979259,0.2950974,-0.5612688,-0.5396377,-0.6275101,-3.351688,0.7081255,-0.2783775,-18.26259,0.8609921,0.7370338,-0.8025301,-0.5773134,0.1505158,-1.816607,-0.1635119,0.2469063,-0.07730567
1736099879520,-18.15135,1.605968,0.5360527,-0.9992308,0.03199987,-0.02267838,0,0,0,-18.23308,0.7979259,0.2950974,-0.5612688,-0.5396377,-0.6275101,0,0,0,-18.26259,0.8609921,0.7370338,-0.8025301,-0.5773134,0.1505158,0,0,0,-0.07730567
1736099879542,-18.18393,1.60559,0.5347443,-0.999201,0.03529291,-0.01876664,-2.4436,-0.02839565,-0.09813309,-18.27851,0.807837,0.2956676,-0.5868347,-0.5313244,-0.6109991,-3.407621,0.7433295,0.04277229,-18.2892,0.8580581,0.7401714,-0.7881931,-0.5876814,0.1827092,-1.995993,-0.2200484,0.2353191,-0.08096993
1736099879548,-18.18393,1.60559,0.5347443,-0.999201,0.03529291,-0.01876664,0,0,0,-18.27851,0.807837,0.2956676,-0.5868347,-0.5313244,-0.6109991,0,0,0,-18.2892,0.8580581,0.7401714,-0.7881931,-0.5876814,0.1827092,0,0,0,-0.08096993
1736099879570,-18.21567,1.605482,0.5336723,-0.9988975,0.0445639,-0.014781,-2.380371,-0.008073449,-0.08039474,-18.3229,0.8176852,0.2979698,-0.6316298,-0.5125865,-0.5816352,-3.328943,0.7386178,0.1726627,-18.31585,0.8550156,0.7422161,-0.7808006,-0.5936943,0.1946221,-1.998711,-0.2281845,0.1533508,-0.08239031
1736099879576,-18.21567,1.605482,0.5336723,-0.9988975,0.0445639,-0.014781,0,0,0,-18.3229,0.8176852,0.2979698,-0.6316298,-0.5125865,-0.5816352,0,0,0,-18.31585,0.8550156,0.7422161,-0.7808006,-0.5936943,0.1946221,0,0,0,-0.08239031
1736099879598,-18.2486,1.603752,0.5336075,-0.9986272,0.0515253,-0.009449482,-2.469921,-0.1297116,-0.004863739,-18.36493,0.8238548,0.3012505,-0.6759156,-0.4861669,-0.5538774,-3.152275,0.4627168,0.246048,-18.34495,0.8510659,0.7446384,-0.7767791,-0.5946566,0.2073594,-2.182674,-0.2962321,0.181675,-0.08239031
1736099879603,-18.2486,1.603752,0.5336075,-0.9986272,0.0515253,-0.009449482,0,0,0,-18.36493,0.8238548,0.3012505,-0.6759156,-0.4861669,-0.5538774,0,0,0,-18.34495,0.8510659,0.7446384,-0.7767791,-0.5946566,0.2073594,0,0,0,-0.08239031
1736099879626,-18.28195,1.600269,0.5342102,-0.998403,0.05637086,-0.00380218,-2.501678,-0.2612293,0.04520416,-18.40616,0.8271469,0.3036461,-0.711989,-0.461169,-0.5295238,-3.092766,0.2469108,0.1796722,-18.37624,0.845002,0.7474575,-0.7701995,-0.5950209,0.2296585,-2.346611,-0.4547909,0.2114296,-0.08239031
1736099879631,-18.28195,1.600269,0.5342102,-0.998403,0.05637086,-0.00380218,0,0,0,-18.40616,0.8271469,0.3036461,-0.711989,-0.461169,-0.5295238,0,0,0,-18.37624,0.845002,0.7474575,-0.7701995,-0.5950209,0.2296585,0,0,0,-0.08239031
1736099879654,-18.31611,1.59575,0.5349255,-0.9980586,0.06228375,0.0004308224,-2.561474,-0.3389776,0.05364418,-18.44602,0.8280717,0.3051071,-0.7342008,-0.4433877,-0.5141571,-2.988911,0.06935745,0.1095772,-18.40832,0.8372157,0.7495251,-0.7609904,-0.5977391,0.2521946,-2.405834,-0.5839705,0.1550674,-0.08239031
1736099879659,-18.31611,1.59575,0.5349255,-0.9980586,0.06228375,0.0004308224,0,0,0,-18.44602,0.8280717,0.3051071,-0.7342008,-0.4433877,-0.5141571,0,0,0,-18.40832,0.8372157,0.7495251,-0.7609904,-0.5977391,0.2521946,0,0,0,-0.08239031
1736099879682,-18.35053,1.590311,0.5363312,-0.9977812,0.06653831,0.002411783,-2.581501,-0.4078746,0.1054287,-18.48378,0.8254151,0.3063831,-0.7402908,-0.4369691,-0.5109093,-2.83227,-0.1992434,0.09570122,-18.44238,0.8283691,0.7501125,-0.7538846,-0.60063,0.266274,-2.554607,-0.6634936,0.04405975,-0.08239031
1736099879687,-18.35053,1.590311,0.5363312,-0.9977812,0.06653831,0.002411783,0,0,0,-18.48378,0.8254151,0.3063831,-0.7402908,-0.4369691,-0.5109093,0,0,0,-18.44238,0.8283691,0.7501125,-0.7538846,-0.60063,0.266274,0,0,0,-0.08239031
1736099879710,-18.38551,1.584414,0.5380955,-0.9975799,0.06937698,0.004663229,-2.623844,-0.4422784,0.1323223,-18.51828,0.8188601,0.3060894,-0.7400566,-0.4382049,-0.5101895,-2.587509,-0.4916266,-0.02202988,-18.47681,0.8196895,0.749649,-0.7498,-0.6020309,0.274516,-2.582073,-0.6509721,-0.03476143,-0.08239031
1736099879715,-18.38551,1.584414,0.5380955,-0.9975799,0.06937698,0.004663229,0,0,0,-18.51828,0.8188601,0.3060894,-0.7400566,-0.4382049,-0.5101895,0,0,0,-18.47681,0.8196895,0.749649,-0.7498,-0.6020309,0.274516,0,0,0,-0.08239031
1736099879738,-18.42108,1.579867,0.5406246,-0.9979762,0.06359057,0.0005092025,-2.667332,-0.3410518,0.1896858,-18.54972,0.8109773,0.3056774,-0.7315161,-0.4437313,-0.5176749,-2.358198,-0.5912125,-0.03089905,-18.51342,0.8119243,0.7470589,-0.7493249,-0.6048373,0.2696002,-2.746296,-0.5823925,-0.1942635,-0.08239031
1736099879742,-18.42108,1.579867,0.5406246,-0.9979762,0.06359057,0.0005092025,0,0,0,-18.54972,0.8109773,0.3056774,-0.7315161,-0.4437313,-0.5176749,0,0,0,-18.51342,0.8119243,0.7470589,-0.7493249,-0.6048373,0.2696002,0,0,0,-0.08239031
1736099879766,-18.45683,1.576782,0.543644,-0.9980608,0.06205395,-0.004916072,-2.681351,-0.2313405,0.22645,-18.57692,0.8006327,0.3038235,-0.706888,-0.4625149,-0.5351546,-2.040052,-0.7758424,-0.1390457,-18.5505,0.8059024,0.7441044,-0.7516197,-0.6086881,0.2541005,-2.780771,-0.4516393,-0.2215862,-0.08239031
1736099879770,-18.45683,1.576782,0.543644,-0.9980608,0.06205395,-0.004916072,0,0,0,-18.57692,0.8006327,0.3038235,-0.706888,-0.4625149,-0.5351546,0,0,0,-18.5505,0.8059024,0.7441044,-0.7516197,-0.6086881,0.2541005,0,0,0,-0.08239031
1736099879794,-18.49237,1.573251,0.5467129,-0.9977789,0.06613503,-0.007982731,-2.665901,-0.2648324,0.2301693,-18.60097,0.7896639,0.3019142,-0.6721603,-0.4940537,-0.5514636,-1.803446,-0.8226648,-0.1431942,-18.58931,0.8025468,0.7414665,-0.7546203,-0.6092663,0.2436042,-2.910376,-0.2516717,-0.1978397,-0.08239031
1736099879799,-18.49237,1.573251,0.5467129,-0.9977789,0.06613503,-0.007982731,0,0,0,-18.60097,0.7896639,0.3019142,-0.6721603,-0.4940537,-0.5514636,0,0,0,-18.58931,0.8025468,0.7414665,-0.7546203,-0.6092663,0.2436042,0,0,0,-0.08239031
1736099879803,-18.49237,1.573251,0.5467129,-0.9977789,0.06613503,-0.007982731,0,0,0,-18.60097,0.7896639,0.3019142,-0.6721603,-0.4940537,-0.5514636,0,0,0,-18.58931,0.8025468,0.7414665,-0.7546203,-0.6092663,0.2436042,0,0,0,-0.08239031
1736099879822,-18.52876,1.582705,0.5499382,-0.9981934,0.05695313,-0.01915157,-2.729273,0.709042,0.2418995,-18.6221,0.7799929,0.2983513,-0.6297429,-0.5271571,-0.570552,-1.58515,-0.7253185,-0.2672195,-18.62961,0.8019664,0.7403851,-0.7542423,-0.6082796,0.2472143,-3.022528,-0.04353225,-0.08111,-0.08239031
1736099879826,-18.52876,1.582705,0.5499382,-0.9981934,0.05695313,-0.01915157,0,0,0,-18.6221,0.7799929,0.2983513,-0.6297429,-0.5271571,-0.570552,0,0,0,-18.62961,0.8019664,0.7403851,-0.7542423,-0.6082796,0.2472143,0,0,0,-0.08239031
1736099879849,-18.56562,1.587303,0.552372,-0.9970486,0.07506873,-0.01609004,-2.764034,0.3448516,0.1825333,-18.63943,0.7740028,0.2937641,-0.5702066,-0.5589655,-0.6020159,-1.299191,-0.4492611,-0.344038,-18.66572,0.8015605,0.739109,-0.7409242,-0.6220787,0.2530799,-2.70853,-0.03044307,-0.09570122,-0.08239031
1736099879855,-18.56562,1.587303,0.552372,-0.9970486,0.07506873,-0.01609004,0,0,0,-18.63943,0.7740028,0.2937641,-0.5702066,-0.5589655,-0.6020159,0,0,0,-18.66572,0.8015605,0.739109,-0.7409242,-0.6220787,0.2530799,0,0,0,-0.08239031
1736099879877,-18.60014,1.588474,0.5530033,-0.9958426,0.09084541,-0.006703377,-2.589369,0.08779764,0.04734993,-18.65739,0.7722129,0.29109,-0.5100219,-0.5957796,-0.6204236,-1.347542,-0.1342401,-0.2005577,-18.70341,0.8066542,0.735075,-0.7341042,-0.6311426,0.2505006,-2.82712,0.3820315,-0.3025532,-0.08239031
1736099879883,-18.60014,1.588474,0.5530033,-0.9958426,0.09084541,-0.006703377,0,0,0,-18.65739,0.7722129,0.29109,-0.5100219,-0.5957796,-0.6204236,0,0,0,-18.70341,0.8066542,0.735075,-0.7341042,-0.6311426,0.2505006,0,0,0,-0.08239031
1736099879905,-18.63374,1.589908,0.5527744,-0.9970248,0.07618313,-0.01174593,-2.519703,0.1075923,-0.01716614,-18.68011,0.7719805,0.2913227,-0.5010044,-0.6134504,-0.6104703,-1.703596,-0.01743436,0.01745224,-18.74484,0.8160837,0.7284718,-0.7575201,-0.6143253,0.2208349,-3.107214,0.7072091,-0.4952431,-0.08239031
1736099879910,-18.63374,1.589908,0.5527744,-0.9970248,0.07618313,-0.01174593,0,0,0,-18.68011,0.7719805,0.2913227,-0.5010044,-0.6134504,-0.6104703,0,0,0,-18.74484,0.8160837,0.7284718,-0.7575201,-0.6143253,0.2208349,0,0,0,-0.08239031
1736099879933,-18.66856,1.594726,0.5515232,-0.9972695,0.0715892,-0.01813924,-2.611685,0.3613293,-0.09384155,-18.70529,0.773412,0.289999,-0.5229601,-0.6053771,-0.6000265,-1.888847,0.1073644,-0.0992775,-18.78409,0.8244089,0.7214928,-0.7844728,-0.5985553,0.1622782,-2.943134,0.6243914,-0.5234241,-0.08239031
1736099879938,-18.66856,1.594726,0.5515232,-0.9972695,0.0715892,-0.01813924,0,0,0,-18.70529,0.773412,0.289999,-0.5229601,-0.6053771,-0.6000265,0,0,0,-18.78409,0.8244089,0.7214928,-0.7844728,-0.5985553,0.1622782,0,0,0,-0.08239031
1736099879961,-18.70269,1.599093,0.5494442,-0.9972258,0.07145716,-0.02084923,-2.559614,0.3274977,-0.1559258,-18.73136,0.7775502,0.2866783,-0.5272276,-0.5977383,-0.6039376,-1.95508,0.3103673,-0.249052,-18.82257,0.8301104,0.7182751,-0.7915428,-0.5966756,0.1320552,-2.885914,0.4276112,-0.2413273,-0.08239031
1736099879966,-18.70269,1.599093,0.5494442,-0.9972258,0.07145716,-0.02084923,0,0,0,-18.73136,0.7775502,0.2866783,-0.5272276,-0.5977383,-0.6039376,0,0,0,-18.82257,0.8301104,0.7182751,-0.7915428,-0.5966756,0.1320552,0,0,0,-0.08239031
1736099879988,-18.73622,1.60355,0.5459805,-0.9976498,0.06378576,-0.02503586,-2.515125,0.3343105,-0.2597809,-18.75837,0.7805112,0.2810631,-0.4911827,-0.6086181,-0.6231564,-2.02589,0.2220735,-0.4211426,-18.86174,0.8374778,0.717329,-0.7975098,-0.5850173,0.1474216,-2.938128,0.5525574,-0.07095337,-0.08239031
1736099879993,-18.73622,1.60355,0.5459805,-0.9976498,0.06378576,-0.02503586,0,0,0,-18.75837,0.7805112,0.2810631,-0.4911827,-0.6086181,-0.6231564,0,0,0,-18.86174,0.8374778,0.717329,-0.7975098,-0.5850173,0.1474216,0,0,0,-0.08239031
1736099880016,-18.76912,1.605952,0.5420761,-0.9980193,0.05432396,-0.03173435,-2.467489,0.180155,-0.2928257,-18.78438,0.7835948,0.2780285,-0.4557337,-0.6198604,-0.6388117,-1.950502,0.2312735,-0.2275944,-18.90005,0.8458563,0.714098,-0.8012366,-0.5766391,0.1597108,-2.873182,0.6283879,-0.2423286,-0.0825479
1736099880021,-18.76912,1.605952,0.5420761,-0.9980193,0.05432396,-0.03173435,0,0,0,-18.78438,0.7835948,0.2780285,-0.4557337,-0.6198604,-0.6388117,0,0,0,-18.90005,0.8458563,0.714098,-0.8012366,-0.5766391,0.1597108,0,0,0,-0.0825479
1736099880044,-18.80214,1.606006,0.5379848,-0.9978523,0.05299412,-0.03850937,-2.476072,0.004041195,-0.3068447,-18.81289,0.7819983,0.2774086,-0.453694,-0.6248537,-0.6353896,-2.138042,-0.1197428,-0.04649162,-18.93879,0.8519249,0.70854,-0.8065696,-0.5707319,0.1539831,-2.905512,0.455144,-0.416851,-0.08445072
1736099880049,-18.80214,1.606006,0.5379848,-0.9978523,0.05299412,-0.03850937,0,0,0,-18.81289,0.7819983,0.2774086,-0.453694,-0.6248537,-0.6353896,0,0,0,-18.93879,0.8519249,0.70854,-0.8065696,-0.5707319,0.1539831,0,0,0,-0.08445072
1736099880072,-18.83515,1.605732,0.533493,-0.9972767,0.05756426,-0.04610765,-2.476215,-0.02055466,-0.3368855,-18.8422,0.7802259,0.2770824,-0.4632842,-0.6253776,-0.6279101,-2.198267,-0.1329303,-0.02446175,-18.97637,0.8581977,0.7008934,-0.8143192,-0.5654899,0.1307887,-2.818823,0.4704639,-0.5734921,-0.08457983
1736099880077,-18.83515,1.605732,0.533493,-0.9972767,0.05756426,-0.04610765,0,0,0,-18.8422,0.7802259,0.2770824,-0.4632842,-0.6253776,-0.6279101,0,0,0,-18.97637,0.8581977,0.7008934,-0.8143192,-0.5654899,0.1307887,0,0,0,-0.08457983
1736099880099,-18.86806,1.603665,0.5289783,-0.9966279,0.06115688,-0.0547092,-2.467775,-0.1550317,-0.3386021,-18.87332,0.7766509,0.2748642,-0.463201,-0.6255494,-0.6278,-2.333879,-0.2681226,-0.1663685,-19.01286,0.8609763,0.6933689,-0.8230507,-0.5589616,0.1007467,-2.736139,0.2083942,-0.5643368,-0.08457983
1736099880104,-18.86806,1.603665,0.5289783,-0.9966279,0.06115688,-0.0547092,0,0,0,-18.87332,0.7766509,0.2748642,-0.463201,-0.6255494,-0.6278,0,0,0,-19.01286,0.8609763,0.6933689,-0.8230507,-0.5589616,0.1007467,0,0,0,-0.08457983
1736099880127,-18.90144,1.600125,0.523941,-0.9960948,0.06185584,-0.06300449,-2.503681,-0.2655208,-0.3777981,-18.90626,0.7706151,0.2712631,-0.4425066,-0.6270577,-0.6410826,-2.470636,-0.4526854,-0.2700806,-19.04958,0.8600887,0.6868172,-0.8288327,-0.5544187,0.07520872,-2.754593,-0.06657243,-0.4913807,-0.08457983
1736099880132,-18.90144,1.600125,0.523941,-0.9960948,0.06185584,-0.06300449,0,0,0,-18.90626,0.7706151,0.2712631,-0.4425066,-0.6270577,-0.6410826,0,0,0,-19.04958,0.8600887,0.6868172,-0.8288327,-0.5544187,0.07520872,0,0,0,-0.08457983
1736099880137,-18.90144,1.600125,0.523941,-0.9960948,0.06185584,-0.06300449,0,0,0,-18.90626,0.7706151,0.2712631,-0.4425066,-0.6270577,-0.6410826,0,0,0,-19.04958,0.8600887,0.6868172,-0.8288327,-0.5544187,0.07520872,0,0,0,-0.08457983
1736099880155,-18.9352,1.595591,0.5186596,-0.9957337,0.06415962,-0.06631982,-2.532148,-0.3399968,-0.3961086,-18.93934,0.7629609,0.2694664,-0.4253957,-0.6336981,-0.646116,-2.481079,-0.5740643,-0.1347542,-19.08678,0.855851,0.6821518,-0.8332059,-0.5485352,0.06983709,-2.789783,-0.3178284,-0.3499031,-0.08457983
1736099880161,-18.9352,1.595591,0.5186596,-0.9957337,0.06415962,-0.06631982,0,0,0,-18.93934,0.7629609,0.2694664,-0.4253957,-0.6336981,-0.646116,0,0,0,-19.08678,0.855851,0.6821518,-0.8332059,-0.5485352,0.06983709,0,0,0,-0.08457983
1736099880183,-18.96936,1.590327,0.5131168,-0.9953921,0.06697754,-0.06862164,-2.561617,-0.3948033,-0.4157066,-18.9726,0.7545906,0.2682076,-0.4205694,-0.640633,-0.642426,-2.49424,-0.627771,-0.09441376,-19.12274,0.8504419,0.6780682,-0.8342538,-0.5463136,0.07458043,-2.696657,-0.4056841,-0.3062725,-0.08457983
1736099880188,-18.96936,1.590327,0.5131168,-0.9953921,0.06697754,-0.06862164,0,0,0,-18.9726,0.7545906,0.2682076,-0.4205694,-0.640633,-0.642426,0,0,0,-19.12274,0.8504419,0.6780682,-0.8342538,-0.5463136,0.07458043,0,0,0,-0.08457983
1736099880208,-19.00382,1.584795,0.5074253,-0.9953465,0.06889495,-0.06737399,-2.584505,-0.4149377,-0.4268646,-19.0072,0.7460065,0.2671585,-0.423812,-0.6459935,-0.6348827,-2.595377,-0.6438106,-0.07867813,-19.15874,0.8443976,0.6740513,-0.8342882,-0.5450581,0.08291799,-2.700663,-0.4533201,-0.3012657,-0.08457983
1736099880214,-19.00382,1.584795,0.5074253,-0.9953465,0.06889495,-0.06737399,0,0,0,-19.0072,0.7460065,0.2671585,-0.423812,-0.6459935,-0.6348827,0,0,0,-19.15874,0.8443976,0.6740513,-0.8342882,-0.5450581,0.08291799,0,0,0,-0.08457983
1736099880236,-19.03907,1.581921,0.5014019,-0.9956473,0.06964619,-0.06193805,-2.644157,-0.2155423,-0.4517555,-19.04264,0.7380905,0.2651901,-0.4283224,-0.6533452,-0.6242441,-2.658319,-0.593698,-0.1476288,-19.1939,0.838532,0.670723,-0.8345107,-0.5424011,0.09691912,-2.636719,-0.439918,-0.2496243,-0.08457983
1736099880241,-19.03907,1.581921,0.5014019,-0.9956473,0.06964619,-0.06193805,0,0,0,-19.04264,0.7380905,0.2651901,-0.4283224,-0.6533452,-0.6242441,0,0,0,-19.1939,0.838532,0.670723,-0.8345107,-0.5424011,0.09691912,0,0,0,-0.08457983
1736099880264,-19.07483,1.578855,0.4949303,-0.9957635,0.074806,-0.05347538,-2.681923,-0.2299637,-0.4853725,-19.08038,0.7326705,0.2616367,-0.4275018,-0.6604693,-0.6172709,-2.829981,-0.4065022,-0.2665043,-19.22631,0.8338685,0.6676655,-0.832285,-0.5420907,0.1159292,-2.430868,-0.3497645,-0.229311,-0.08457983
1736099880269,-19.07483,1.578855,0.4949303,-0.9957635,0.074806,-0.05347538,0,0,0,-19.08038,0.7326705,0.2616367,-0.4275018,-0.6604693,-0.6172709,0,0,0,-19.22631,0.8338685,0.6676655,-0.832285,-0.5420907,0.1159292,0,0,0,-0.08457983
1736099880292,-19.10942,1.575632,0.4884815,-0.9964685,0.06905921,-0.04776847,-2.594376,-0.2417028,-0.4836559,-19.12054,0.7301825,0.2564011,-0.4251767,-0.6705177,-0.6079736,-3.012514,-0.1865968,-0.3926754,-19.25703,0.8304288,0.664135,-0.819647,-0.5583495,0.1281602,-2.303982,-0.2579749,-0.2647877,-0.08457983
1736099880297,-19.10942,1.575632,0.4884815,-0.9964685,0.06905921,-0.04776847,0,0,0,-19.12054,0.7301825,0.2564011,-0.4251767,-0.6705177,-0.6079736,0,0,0,-19.25703,0.8304288,0.664135,-0.819647,-0.5583495,0.1281602,0,0,0,-0.08457983
1736099880320,-19.14564,1.58508,0.4827633,-0.9972387,0.0600641,-0.04368091,-2.716541,0.7085592,-0.4288673,-19.16098,0.7308823,0.249506,-0.4217228,-0.6728219,-0.6078334,-3.032827,0.05248189,-0.5171299,-19.28733,0.8292715,0.6620445,-0.8109373,-0.5692774,0.1352932,-2.272654,-0.08680075,-0.1567841,-0.08457983
1736099880325,-19.14564,1.58508,0.4827633,-0.9972387,0.0600641,-0.04368091,0,0,0,-19.16098,0.7308823,0.249506,-0.4217228,-0.6728219,-0.6078334,0,0,0,-19.28733,0.8292715,0.6620445,-0.8109373,-0.5692774,0.1352932,0,0,0,-0.08457983
1736099880347,-19.18136,1.589669,0.4766464,-0.9965941,0.08067188,-0.0171051,-2.679062,0.3441811,-0.458765,-19.20033,0.7373128,0.243248,-0.4259963,-0.676783,-0.60041,-2.951288,0.482288,-0.4693508,-19.31465,0.8282734,0.662735,-0.7937992,-0.5848861,0.1667079,-2.048779,-0.07486045,0.05178452,-0.08457983
1736099880352,-19.18136,1.589669,0.4766464,-0.9965941,0.08067188,-0.0171051,0,0,0,-19.20033,0.7373128,0.243248,-0.4259963,-0.676783,-0.60041,0,0,0,-19.31465,0.8282734,0.662735,-0.7937992,-0.5848861,0.1667079,0,0,0,-0.08457983
1736099880376,-19.21489,1.593814,0.4719906,-0.9956066,0.09333333,-0.007536888,-2.514267,0.3108859,-0.3491879,-19.24266,0.7483231,0.2379513,-0.4606875,-0.6604152,-0.5929749,-3.174591,0.8257717,-0.397253,-19.34168,0.8301472,0.6620712,-0.7707225,-0.602254,0.2080321,-2.027464,0.1405388,-0.0497818,-0.08457983
1736099880381,-19.21489,1.593814,0.4719906,-0.9956066,0.09333333,-0.007536888,0,0,0,-19.24266,0.7483231,0.2379513,-0.4606875,-0.6604152,-0.5929749,0,0,0,-19.34168,0.8301472,0.6620712,-0.7707225,-0.602254,0.2080321,0,0,0,-0.08457983
1736099880404,-19.24931,1.596101,0.4682579,-0.9962652,0.0863333,-0.001647711,-2.581501,0.171572,-0.2799511,-19.28722,0.7583138,0.2359753,-0.5149202,-0.6455435,-0.5640309,-3.341961,0.7493019,-0.148201,-19.37069,0.8356452,0.6582851,-0.765124,-0.609067,0.2088612,-2.175236,0.4123494,-0.2839565,-0.08457983
1736099880409,-19.24931,1.596101,0.4682579,-0.9962652,0.0863333,-0.001647711,0,0,0,-19.28722,0.7583138,0.2359753,-0.5149202,-0.6455435,-0.5640309,0,0,0,-19.37069,0.8356452,0.6582851,-0.765124,-0.609067,0.2088612,0,0,0,-0.08457983
1736099880432,-19.28373,1.601051,0.4654789,-0.9966179,0.08140326,0.01126283,-2.581787,0.3711998,-0.2084255,-19.33352,0.7679877,0.2324486,-0.5649549,-0.6314514,-0.5311272,-3.472281,0.7255465,-0.2645016,-19.4,0.8413008,0.6547012,-0.7762851,-0.6011451,0.1897538,-2.198124,0.4241735,-0.2687931,-0.08457983
1736099880437,-19.28373,1.601051,0.4654789,-0.9966179,0.08140326,0.01126283,0,0,0,-19.33352,0.7679877,0.2324486,-0.5649549,-0.6314514,-0.5311272,0,0,0,-19.4,0.8413008,0.6547012,-0.7762851,-0.6011451,0.1897538,0,0,0,-0.08457983
1736099880460,-19.31849,1.606595,0.4634457,-0.9968475,0.07607403,0.02254212,-2.606678,0.4158497,-0.1524925,-19.37761,0.7769736,0.2256336,-0.5829419,-0.6142995,-0.5318041,-3.307056,0.6739408,-0.5111217,-19.42844,0.8465948,0.654047,-0.7778225,-0.5991041,0.189913,-2.133608,0.3970429,-0.04906654,-0.08457983
1736099880465,-19.31849,1.606595,0.4634457,-0.9968475,0.07607403,0.02254212,0,0,0,-19.37761,0.7769736,0.2256336,-0.5829419,-0.6142995,-0.5318041,0,0,0,-19.42844,0.8465948,0.654047,-0.7778225,-0.5991041,0.189913,0,0,0,-0.08457983
1736099880488,-19.35279,1.605655,0.4625511,-0.9970358,0.06839931,0.035236,-2.573061,-0.0705421,-0.06709099,-19.42086,0.7819057,0.2199326,-0.5868642,-0.5948536,-0.549309,-3.243399,0.3699034,-0.4275799,-19.45776,0.8479285,0.6566563,-0.7650074,-0.603801,0.2240271,-2.198696,0.1000285,0.195694,-0.08806694
1736099880493,-19.35279,1.605655,0.4625511,-0.9970358,0.06839931,0.035236,0,0,0,-19.42086,0.7819057,0.2199326,-0.5868642,-0.5948536,-0.549309,0,0,0,-19.45776,0.8479285,0.6566563,-0.7650074,-0.603801,0.2240271,0,0,0,-0.08806694
1736099880498,-19.35279,1.605655,0.4625511,-0.9970358,0.06839931,0.035236,0,0,0,-19.42086,0.7819057,0.2199326,-0.5868642,-0.5948536,-0.549309,0,0,0,-19.45776,0.8479285,0.6566563,-0.7650074,-0.603801,0.2240271,0,0,0,-0.08806694
1736099880516,-19.38677,1.605762,0.4617767,-0.9972201,0.05994445,0.04425657,-2.547884,0.008019805,-0.05807877,-19.4664,0.7887391,0.2191353,-0.5954992,-0.5849074,-0.5506952,-3.415632,0.512512,-0.05979538,-19.48769,0.848866,0.6583042,-0.7527797,-0.6051265,0.2591239,-2.244759,0.07031411,0.1235962,-0.0896914
1736099880521,-19.38677,1.605762,0.4617767,-0.9972201,0.05994445,0.04425657,0,0,0,-19.4664,0.7887391,0.2191353,-0.5954992,-0.5849074,-0.5506952,0,0,0,-19.48769,0.848866,0.6583042,-0.7527797,-0.6051265,0.2591239,0,0,0,-0.0896914
1736099880544,-19.42085,1.60585,0.4611168,-0.9969414,0.05885324,0.05142438,-2.556324,0.006651878,-0.0494957,-19.50949,0.796132,0.2205238,-0.6212547,-0.5755167,-0.5318117,-3.231525,0.5544662,0.1041412,-19.51575,0.8489136,0.658205,-0.7459887,-0.6088358,0.2698523,-2.104425,0.003567338,-0.00743866,-0.09003329
1736099880550,-19.42085,1.60585,0.4611168,-0.9969414,0.05885324,0.05142438,0,0,0,-19.50949,0.796132,0.2205238,-0.6212547,-0.5755167,-0.5318117,0,0,0,-19.51575,0.8489136,0.658205,-0.7459887,-0.6088358,0.2698523,0,0,0,-0.09003329
1736099880570,-19.45496,1.603732,0.4609852,-0.9964754,0.06063237,0.05797249,-2.558041,-0.1588583,-0.009870529,-19.55342,0.8020526,0.2237053,-0.6607531,-0.5616891,-0.4979067,-3.295326,0.4440397,0.2386093,-19.54561,0.8453072,0.6573639,-0.7454315,-0.6126926,0.2625641,-2.239609,-0.270474,-0.06308556,-0.09003329
1736099880575,-19.45496,1.603732,0.4609852,-0.9964754,0.06063237,0.05797249,0,0,0,-19.55342,0.8020526,0.2237053,-0.6607531,-0.5616891,-0.4979067,0,0,0,-19.54561,0.8453072,0.6573639,-0.7454315,-0.6126926,0.2625641,0,0,0,-0.09003329
1736099880598,-19.4894,1.600501,0.4608459,-0.9960677,0.06058521,0.06464422,-2.583504,-0.2423465,-0.01044273,-19.59642,0.8062084,0.2267647,-0.6953739,-0.5424938,-0.4713345,-3.224516,0.3116861,0.229454,-19.57613,0.8410155,0.6580467,-0.7412643,-0.6151037,0.2686538,-2.289104,-0.3218785,0.05121231,-0.09003329
1736099880603,-19.4894,1.600501,0.4608459,-0.9960677,0.06058521,0.06464422,0,0,0,-19.59642,0.8062084,0.2267647,-0.6953739,-0.5424938,-0.4713345,0,0,0,-19.57613,0.8410155,0.6580467,-0.7412643,-0.6151037,0.2686538,0,0,0,-0.09003329
1736099880626,-19.52431,1.595719,0.4613285,-0.9955563,0.06251557,0.07042617,-2.617693,-0.3586471,0.03619194,-19.63886,0.8069561,0.2292252,-0.7199972,-0.5248395,-0.4540354,-3.18346,0.05608052,0.184536,-19.60924,0.8343464,0.6596165,-0.733826,-0.6157283,0.2870157,-2.483368,-0.5001828,0.1177311,-0.09003329
1736099880632,-19.52431,1.595719,0.4613285,-0.9955563,0.06251557,0.07042617,0,0,0,-19.63886,0.8069561,0.2292252,-0.7199972,-0.5248395,-0.4540354,0,0,0,-19.60924,0.8343464,0.6596165,-0.733826,-0.6157283,0.2870157,0,0,0,-0.09003329
1736099880654,-19.55969,1.58968,0.4620342,-0.9952632,0.06400415,0.07317704,-2.654028,-0.4529536,0.05292892,-19.67952,0.8049803,0.2305946,-0.7312211,-0.5150359,-0.4472742,-3.049135,-0.1481876,0.1027107,-19.64313,0.8265597,0.6604347,-0.7239783,-0.6205826,0.3012191,-2.541733,-0.5840063,0.06136894,-0.09003329
1736099880659,-19.55969,1.58968,0.4620342,-0.9952632,0.06400415,0.07317704,0,0,0,-19.67952,0.8049803,0.2305946,-0.7312211,-0.5150359,-0.4472742,0,0,0,-19.64313,0.8265597,0.6604347,-0.7239783,-0.6205826,0.3012191,0,0,0,-0.09003329
1736099880682,-19.59617,1.583528,0.4632149,-0.9948919,0.06836917,0.07427067,-2.73571,-0.4613757,0.08854866,-19.71873,0.800983,0.2313175,-0.73333,-0.5091556,-0.4505419,-2.941132,-0.2997994,0.05421638,-19.67798,0.8183624,0.6605396,-0.7169985,-0.6255453,0.3075814,-2.613831,-0.6147981,0.007867813,-0.09003329
1736099880687,-19.59617,1.583528,0.4632149,-0.9948919,0.06836917,0.07427067,0,0,0,-19.71873,0.800983,0.2313175,-0.73333,-0.5091556,-0.4505419,0,0,0,-19.67798,0.8183624,0.6605396,-0.7169985,-0.6255453,0.3075814,0,0,0,-0.09003329
1736099880710,-19.63317,1.577565,0.4647865,-0.9951054,0.06892935,0.07081139,-2.775192,-0.4472494,0.1178741,-19.75522,0.7944797,0.231226,-0.7268134,-0.5087483,-0.4614305,-2.736425,-0.4877463,-0.006866455,-19.71461,0.8097717,0.6592712,-0.7172283,-0.6272668,0.3035133,-2.746868,-0.6443024,-0.09512901,-0.09003329
1736099880715,-19.63317,1.577565,0.4647865,-0.9951054,0.06892935,0.07081139,0,0,0,-19.75522,0.7944797,0.231226,-0.7268134,-0.5087483,-0.4614305,0,0,0,-19.71461,0.8097717,0.6592712,-0.7172283,-0.6272668,0.3035133,0,0,0,-0.09003329
1736099880738,-19.67057,1.57346,0.4665298,-0.995738,0.06788315,0.06243438,-2.804661,-0.3078282,0.1307487,-19.78868,0.7864967,0.2314034,-0.7117516,-0.5168775,-0.4756551,-2.50926,-0.5987227,0.01330376,-19.75404,0.8027833,0.6579018,-0.7211593,-0.6279362,0.2926185,-2.957582,-0.5241305,-0.1027107,-0.09003329
1736099880743,-19.67057,1.57346,0.4665298,-0.995738,0.06788315,0.06243438,0,0,0,-19.78868,0.7864967,0.2314034,-0.7117516,-0.5168775,-0.4756551,0,0,0,-19.75404,0.8027833,0.6579018,-0.7211593,-0.6279362,0.2926185,0,0,0,-0.09003329
1736099880766,-19.70789,1.568845,0.4679565,-0.9957126,0.07176483,0.05836731,-2.798796,-0.3461659,0.1070023,-19.81875,0.7780027,0.2317467,-0.6917719,-0.53388,-0.4862351,-2.255917,-0.637047,0.02574921,-19.79415,0.7984568,0.6576214,-0.7204149,-0.6306348,0.2886214,-3.00765,-0.3244847,-0.02102852,-0.09003329
1736099880771,-19.70789,1.568845,0.4679565,-0.9957126,0.07176483,0.05836731,0,0,0,-19.81875,0.7780027,0.2317467,-0.6917719,-0.53388,-0.4862351,0,0,0,-19.79415,0.7984568,0.6576214,-0.7204149,-0.6306348,0.2886214,0,0,0,-0.09003329
1736099880794,-19.74602,1.573308,0.4703045,-0.9975941,0.05187915,0.0459882,-2.859735,0.3347665,0.176096,-19.84761,0.7700804,0.2312222,-0.665308,-0.5584003,-0.4955349,-2.164078,-0.5941764,-0.03933907,-19.83621,0.7969135,0.6580181,-0.7234073,-0.6259267,0.291372,-3.154707,-0.1157463,0.02975464,-0.09003329
1736099880799,-19.74602,1.573308,0.4703045,-0.9975941,0.05187915,0.0459882,0,0,0,-19.84761,0.7700804,0.2312222,-0.665308,-0.5584003,-0.4955349,0,0,0,-19.83621,0.7969135,0.6580181,-0.7234073,-0.6259267,0.291372,0,0,0,-0.09003329
1736099880803,-19.74602,1.573308,0.4703045,-0.9975941,0.05187915,0.0459882,0,0,0,-19.84761,0.7700804,0.2312222,-0.665308,-0.5584003,-0.4955349,0,0,0,-19.83621,0.7969135,0.6580181,-0.7234073,-0.6259267,0.291372,0,0,0,-0.09003329
1736099880822,-19.78454,1.579837,0.4721928,-0.9962765,0.07273503,0.0462926,-2.889347,0.489673,0.1416206,-19.87132,0.7670739,0.2274399,-0.6112376,-0.5836908,-0.5345037,-1.778412,-0.2254844,-0.2836704,-19.87642,0.7976464,0.6595688,-0.7053162,-0.6399497,0.304949,-3.016233,0.0549674,0.1163006,-0.09003329
1736099880827,-19.78454,1.579837,0.4721928,-0.9962765,0.07273503,0.0462926,0,0,0,-19.87132,0.7670739,0.2274399,-0.6112376,-0.5836908,-0.5345037,0,0,0,-19.87642,0.7976464,0.6595688,-0.7053162,-0.6399497,0.304949,0,0,0,-0.09003329
1736099880849,-19.82146,1.582455,0.4723339,-0.9946458,0.08956344,0.05156171,-2.768612,0.1963288,0.01058578,-19.89485,0.7668467,0.2256794,-0.5607567,-0.6132908,-0.5562619,-1.764965,-0.01704097,-0.1320362,-19.91549,0.8015602,0.6586418,-0.6950643,-0.6481678,0.3110697,-2.929974,0.293532,-0.06952286,-0.09003329
1736099880855,-19.82146,1.582455,0.4723339,-0.9946458,0.08956344,0.05156171,0,0,0,-19.89485,0.7668467,0.2256794,-0.5607567,-0.6132908,-0.5562619,0,0,0,-19.91549,0.8015602,0.6586418,-0.6950643,-0.6481678,0.3110697,0,0,0,-0.09003329
1736099880875,-19.85748,1.582938,0.4718838,-0.9954911,0.08183444,0.04797041,-2.701807,0.03620088,-0.03376007,-19.92286,0.7689747,0.2268085,-0.5516109,-0.6285509,-0.548315,-2.100706,0.1595959,0.08468628,-19.95942,0.8117608,0.6537666,-0.7248278,-0.6222378,0.2957108,-3.294611,0.7650509,-0.3656387,-0.09003329
1736099880880,-19.85748,1.582938,0.4718838,-0.9954911,0.08183444,0.04797041,0,0,0,-19.92286,0.7689747,0.2268085,-0.5516109,-0.6285509,-0.548315,0,0,0,-19.95942,0.8117608,0.6537666,-0.7248278,-0.6222378,0.2957108,0,0,0,-0.09003329
1736099880903,-19.89413,1.588122,0.4708443,-0.9968395,0.07021906,0.03715706,-2.748585,0.3888488,-0.07796288,-19.95363,0.7729195,0.2258778,-0.5783279,-0.6172299,-0.5334463,-2.307844,0.2958655,-0.06980896,-20.00162,0.8211721,0.6474495,-0.7591204,-0.6070815,0.2349225,-3.165007,0.7058457,-0.4737854,-0.09003329
1736099880908,-19.89413,1.588122,0.4708443,-0.9968395,0.07021906,0.03715706,0,0,0,-19.95363,0.7729195,0.2258778,-0.5783279,-0.6172299,-0.5334463,0,0,0,-20.00162,0.8211721,0.6474495,-0.7591204,-0.6070815,0.2349225,0,0,0,-0.09003329
1736099880931,-19.93024,1.591709,0.4673271,-0.9970071,0.07107556,0.03042269,-2.708244,0.2690256,-0.2637863,-19.98385,0.7789523,0.221653,-0.5899944,-0.6021333,-0.5379058,-2.266216,0.4524574,-0.3168583,-20.04208,0.826678,0.6439075,-0.7677044,-0.6117948,0.1906241,-3.034687,0.412944,-0.265646,-0.09003329
1736099880936,-19.93024,1.591709,0.4673271,-0.9970071,0.07107556,0.03042269,0,0,0,-19.98385,0.7789523,0.221653,-0.5899944,-0.6021333,-0.5379058,0,0,0,-20.04208,0.826678,0.6439075,-0.7677044,-0.6117948,0.1906241,0,0,0,-0.09003329
1736099880959,-19.96617,1.597173,0.4630299,-0.9979312,0.06094257,0.02047914,-2.694941,0.4097611,-0.3222942,-20.01352,0.7848288,0.2146015,-0.5593482,-0.605544,-0.5660801,-2.225018,0.4407361,-0.5288601,-20.08405,0.833172,0.643383,-0.7730523,-0.6030902,0.1966543,-3.147554,0.4870445,-0.03933907,-0.09003329
1736099880965,-19.96617,1.597173,0.4630299,-0.9979312,0.06094257,0.02047914,0,0,0,-20.01352,0.7848288,0.2146015,-0.5593482,-0.605544,-0.5660801,0,0,0,-20.08405,0.833172,0.643383,-0.7730523,-0.6030902,0.1966543,0,0,0,-0.09003329
1736099880987,-20.00095,1.599609,0.4577255,-0.9986695,0.05076694,0.009066343,-2.608395,0.1826853,-0.3978252,-20.04209,0.7890332,0.2094135,-0.5158466,-0.6217108,-0.5893879,-2.142763,0.3153294,-0.3890991,-20.12539,0.8410087,0.6408863,-0.7778539,-0.5922319,0.21025,-3.100348,0.5877569,-0.187254,-0.09003329
1736099880993,-20.00095,1.599609,0.4577255,-0.9986695,0.05076694,0.009066343,0,0,0,-20.04209,0.7890332,0.2094135,-0.5158466,-0.6217108,-0.5893879,0,0,0,-20.12539,0.8410087,0.6408863,-0.7778539,-0.5922319,0.21025,0,0,0,-0.09003329
1736099881015,-20.03521,1.60142,0.4525681,-0.9989012,0.04682081,-0.002204776,-2.569771,0.1358271,-0.3868103,-20.07121,0.7899142,0.2073841,-0.5058244,-0.6307505,-0.5884693,-2.184391,0.06607622,-0.1522064,-20.16797,0.8493714,0.634449,-0.7855348,-0.5860483,0.198702,-3.193617,0.6271988,-0.4827976,-0.09003329
1736099881020,-20.03521,1.60142,0.4525681,-0.9989012,0.04682081,-0.002204776,0,0,0,-20.07121,0.7899142,0.2073841,-0.5058244,-0.6307505,-0.5884693,0,0,0,-20.16797,0.8493714,0.634449,-0.7855348,-0.5860483,0.198702,0,0,0,-0.09003329
1736099881043,-20.06928,1.601567,0.4470978,-0.9987315,0.04856816,-0.01329839,-2.555466,0.0110507,-0.4102707,-20.10074,0.7876778,0.2058811,-0.5119085,-0.6353754,-0.5781419,-2.214289,-0.1677319,-0.1127243,-20.20871,0.8565271,0.6265106,-0.7992181,-0.5766915,0.1693444,-3.055286,0.5366787,-0.5953789,-0.09003329
1736099881048,-20.06928,1.601567,0.4470978,-0.9987315,0.04856816,-0.01329839,0,0,0,-20.10074,0.7876778,0.2058811,-0.5119085,-0.6353754,-0.5781419,0,0,0,-20.20871,0.8565271,0.6265106,-0.7992181,-0.5766915,0.1693444,0,0,0,-0.09003329
1736099881070,-20.10386,1.599187,0.4413567,-0.9983134,0.05239257,-0.02501547,-2.593231,-0.1784652,-0.430584,-20.13202,0.7824132,0.2027054,-0.5090505,-0.6414418,-0.5739514,-2.345896,-0.3948435,-0.2381802,-20.24963,0.8603078,0.6176281,-0.8139101,-0.5655946,0.1328657,-3.069448,0.2835497,-0.6661892,-0.09003329
1736099881075,-20.10386,1.599187,0.4413567,-0.9983134,0.05239257,-0.02501547,0,0,0,-20.13202,0.7824132,0.2027054,-0.5090505,-0.6414418,-0.5739514,0,0,0,-20.24963,0.8603078,0.6176281,-0.8139101,-0.5655946,0.1328657,0,0,0,-0.09003329
1736099881098,-20.13923,1.596187,0.4358788,-0.9977509,0.05702981,-0.03522921,-2.65274,-0.2250105,-0.4108429,-20.1635,0.7758474,0.1980782,-0.4913528,-0.6466252,-0.5834796,-2.361345,-0.4924357,-0.3470421,-20.29045,0.8610657,0.6093273,-0.8236246,-0.5575647,0.103752,-3.061008,0.05684495,-0.6225586,-0.09003329
1736099881103,-20.13923,1.596187,0.4358788,-0.9977509,0.05702981,-0.03522921,0,0,0,-20.1635,0.7758474,0.1980782,-0.4913528,-0.6466252,-0.5834796,0,0,0,-20.29045,0.8610657,0.6093273,-0.8236246,-0.5575647,0.103752,0,0,0,-0.09003329
1736099881126,-20.17418,1.590841,0.4300079,-0.9971642,0.06149469,-0.04338682,-2.62084,-0.4010081,-0.4403114,-20.19532,0.7673719,0.193655,-0.4622158,-0.6552263,-0.5975239,-2.386665,-0.6356612,-0.3317356,-20.33093,0.858795,0.6022625,-0.8297423,-0.5511993,0.08779037,-3.036404,-0.1703024,-0.5298615,-0.09003329
1736099881132,-20.17418,1.590841,0.4300079,-0.9971642,0.06149469,-0.04338682,0,0,0,-20.19532,0.7673719,0.193655,-0.4622158,-0.6552263,-0.5975239,0,0,0,-20.33093,0.858795,0.6022625,-0.8297423,-0.5511993,0.08779037,0,0,0,-0.09003329
1736099881155,-20.21003,1.584697,0.4241257,-0.996726,0.0650656,-0.04799819,-2.688789,-0.4607499,-0.4411697,-20.22783,0.7574681,0.1906433,-0.4402399,-0.6669695,-0.6011164,-2.438164,-0.7427841,-0.2258778,-20.37216,0.8532973,0.595993,-0.8332899,-0.5458657,0.08751488,-3.092194,-0.4123271,-0.4702091,-0.09003329
1736099881160,-20.21003,1.584697,0.4241257,-0.996726,0.0650656,-0.04799819,0,0,0,-20.22783,0.7574681,0.1906433,-0.4402399,-0.6669695,-0.6011164,0,0,0,-20.37216,0.8532973,0.595993,-0.8332899,-0.5458657,0.08751488,0,0,0,-0.09003329
1736099881164,-20.21003,1.584697,0.4241257,-0.996726,0.0650656,-0.04799819,0,0,0,-20.22783,0.7574681,0.1906433,-0.4402399,-0.6669695,-0.6011164,0,0,0,-20.37216,0.8532973,0.595993,-0.8332899,-0.5458657,0.08751488,0,0,0,-0.09003329
1736099881182,-20.2464,1.578842,0.4179363,-0.996387,0.0701047,-0.04794562,-2.728415,-0.4391581,-0.464201,-20.26233,0.746393,0.1884251,-0.4290512,-0.6806685,-0.5938063,-2.58708,-0.830631,-0.1663685,-20.41314,0.8470582,0.5901051,-0.8379952,-0.5373574,0.09492773,-3.07374,-0.4679292,-0.4415989,-0.09003329
1736099881188,-20.2464,1.578842,0.4179363,-0.996387,0.0701047,-0.04794562,0,0,0,-20.26233,0.746393,0.1884251,-0.4290512,-0.6806685,-0.5938063,0,0,0,-20.41314,0.8470582,0.5901051,-0.8379952,-0.5373574,0.09492773,0,0,0,-0.09003329
1736099881210,-20.28342,1.574591,0.4115601,-0.9962924,0.07362769,-0.0445087,-2.77648,-0.3187805,-0.47822,-20.2968,0.7363018,0.1861362,-0.423959,-0.6949736,-0.5807502,-2.585936,-0.7568389,-0.1716614,-20.45105,0.8421448,0.5846577,-0.8426519,-0.5287675,0.1017019,-2.843142,-0.3685042,-0.4085541,-0.09003329
1736099881216,-20.28342,1.574591,0.4115601,-0.9962924,0.07362769,-0.0445087,0,0,0,-20.2968,0.7363018,0.1861362,-0.423959,-0.6949736,-0.5807502,0,0,0,-20.45105,0.8421448,0.5846577,-0.8426519,-0.5287675,0.1017019,0,0,0,-0.09003329
1736099881237,-20.32102,1.569928,0.4053249,-0.9964769,0.07637309,-0.03465879,-2.819967,-0.3497779,-0.4676342,-20.33315,0.7284099,0.1829033,-0.4202749,-0.7087337,-0.566627,-2.725983,-0.591892,-0.2424717,-20.48646,0.8380638,0.580183,-0.8419288,-0.527064,0.1155855,-2.655315,-0.3060758,-0.335598,-0.09003329
1736099881242,-20.32102,1.569928,0.4053249,-0.9964769,0.07637309,-0.03465879,0,0,0,-20.33315,0.7284099,0.1829033,-0.4202749,-0.7087337,-0.566627,0,0,0,-20.48646,0.8380638,0.580183,-0.8419288,-0.527064,0.1155855,0,0,0,-0.09003329
1736099881265,-20.35815,1.569632,0.3990116,-0.9982389,0.05263753,-0.02736199,-2.784204,-0.02214611,-0.4734993,-20.3723,0.7235115,0.1784725,-0.4112419,-0.731315,-0.5441128,-2.936554,-0.3673866,-0.3323078,-20.52006,0.8354115,0.5758476,-0.8347085,-0.5365382,0.1240515,-2.520132,-0.198926,-0.3251553,-0.09003329
1736099881270,-20.35815,1.569632,0.3990116,-0.9982389,0.05263753,-0.02736199,0,0,0,-20.3723,0.7235115,0.1784725,-0.4112419,-0.731315,-0.5441128,0,0,0,-20.52006,0.8354115,0.5758476,-0.8347085,-0.5365382,0.1240515,0,0,0,-0.09003329
1736099881293,-20.39684,1.577919,0.3917961,-0.998117,0.06124612,-0.003385305,-2.902222,0.6215125,-0.5411625,-20.41101,0.7255474,0.1751633,-0.3998357,-0.7597356,-0.5127699,-2.902794,0.1526982,-0.2481937,-20.54971,0.8353802,0.5754604,-0.8242491,-0.5466859,0.1474723,-2.223587,-0.002346933,-0.02903938,-0.09003329
1736099881298,-20.39684,1.577919,0.3917961,-0.998117,0.06124612,-0.003385305,0,0,0,-20.41101,0.7255474,0.1751633,-0.3998357,-0.7597356,-0.5127699,0,0,0,-20.54971,0.8353802,0.5754604,-0.8242491,-0.5466859,0.1474723,0,0,0,-0.09003329
1736099881321,-20.43352,1.581711,0.3866405,-0.9975992,0.06867944,0.008901775,-2.751017,0.2843678,-0.3866673,-20.45175,0.7360615,0.1730728,-0.4108422,-0.7859269,-0.462091,-3.055429,0.788556,-0.1567841,-20.57499,0.8355981,0.5756016,-0.7969917,-0.5723732,0.1928567,-1.896572,0.01633912,0.01058578,-0.09003329
1736099881326,-20.43352,1.581711,0.3866405,-0.9975992,0.06867944,0.008901775,0,0,0,-20.45175,0.7360615,0.1730728,-0.4108422,-0.7859269,-0.462091,0,0,0,-20.57499,0.8355981,0.5756016,-0.7969917,-0.5723732,0.1928567,0,0,0,-0.09003329
1736099881348,-20.46956,1.584061,0.3828583,-0.9982255,0.05831807,0.01205736,-2.702522,0.1762748,-0.2836704,-20.49486,0.7476168,0.1724949,-0.454489,-0.7826122,-0.4253924,-3.233528,0.8666441,-0.0433445,-20.60102,0.839339,0.5717487,-0.7827657,-0.5899328,0.1981344,-1.952076,0.280568,-0.2889633,-0.09003329
1736099881354,-20.46956,1.584061,0.3828583,-0.9982255,0.05831807,0.01205736,0,0,0,-20.49486,0.7476168,0.1724949,-0.454489,-0.7826122,-0.4253924,0,0,0,-20.60102,0.839339,0.5717487,-0.7827657,-0.5899328,0.1981344,0,0,0,-0.09003329
1736099881376,-20.50537,1.589868,0.3803043,-0.9987589,0.04624908,0.01849967,-2.685642,0.435546,-0.1915455,-20.54224,0.7607182,0.1730518,-0.5157308,-0.7639046,-0.3879073,-3.553677,0.9826049,0.04177094,-20.62825,0.8464692,0.567667,-0.788772,-0.5934215,0.1602801,-2.042198,0.5347699,-0.3061295,-0.09003329
1736099881382,-20.50537,1.589868,0.3803043,-0.9987589,0.04624908,0.01849967,0,0,0,-20.54224,0.7607182,0.1730518,-0.5157308,-0.7639046,-0.3879073,0,0,0,-20.62825,0.8464692,0.567667,-0.788772,-0.5934215,0.1602801,0,0,0,-0.09003329
1736099881404,-20.54064,1.59681,0.3786011,-0.9985157,0.04707455,0.02739871,-2.645874,0.5206078,-0.1277447,-20.58649,0.7730063,0.1700726,-0.5489842,-0.754844,-0.3589258,-3.318214,0.921607,-0.2234459,-20.6543,0.8513099,0.5674038,-0.7921225,-0.5932208,0.1436357,-1.954079,0.3630504,-0.01974106,-0.09003329
1736099881409,-20.54064,1.59681,0.3786011,-0.9985157,0.04707455,0.02739871,0,0,0,-20.58649,0.7730063,0.1700726,-0.5489842,-0.754844,-0.3589258,0,0,0,-20.6543,0.8513099,0.5674038,-0.7921225,-0.5932208,0.1436357,0,0,0,-0.09003329
1736099881432,-20.57504,1.602036,0.3789272,-0.9983219,0.044963,0.0364995,-2.579641,0.3919959,0.02446175,-20.63029,0.7847795,0.1649132,-0.5641882,-0.7330418,-0.3799236,-3.284883,0.8829966,-0.3869534,-20.68152,0.8553985,0.5724945,-0.7809635,-0.5989454,0.1770893,-2.041054,0.306648,0.3818035,-0.09003329
1736099881439,-20.57504,1.602036,0.3789272,-0.9983219,0.044963,0.0364995,0,0,0,-20.63029,0.7847795,0.1649132,-0.5641882,-0.7330418,-0.3799236,0,0,0,-20.68152,0.8553985,0.5724945,-0.7809635,-0.5989454,0.1770893,0,0,0,-0.09003329
1736099881460,-20.60884,1.605929,0.3793087,-0.998237,0.03795429,0.04563719,-2.535009,0.2919495,0.02861023,-20.67702,0.7947775,0.1621246,-0.5830026,-0.7051232,-0.4036208,-3.505325,0.7498473,-0.2091408,-20.70937,0.8578995,0.5784397,-0.7585773,-0.6095881,0.230137,-2.088547,0.1875713,0.4458904,-0.09015918
1736099881465,-20.60884,1.605929,0.3793087,-0.998237,0.03795429,0.04563719,0,0,0,-20.67702,0.7947775,0.1621246,-0.5830026,-0.7051232,-0.4036208,0,0,0,-20.70937,0.8578995,0.5784397,-0.7585773,-0.6095881,0.230137,0,0,0,-0.09015918
1736099881470,-20.60884,1.605929,0.3793087,-0.998237,0.03795429,0.04563719,0,0,0,-20.67702,0.7947775,0.1621246,-0.5830026,-0.7051232,-0.4036208,0,0,0,-20.70937,0.8578995,0.5784397,-0.7585773,-0.6095881,0.230137,0,0,0,-0.09015918
1736099881488,-20.64351,1.605394,0.380579,-0.9975683,0.03955888,0.05738336,-2.600241,-0.04017055,0.09527206,-20.72304,0.8023543,0.1631069,-0.6105902,-0.6826739,-0.4014182,-3.451252,0.5682573,0.07367134,-20.73696,0.8553835,0.5824795,-0.7435206,-0.6174648,0.2567383,-2.069521,-0.1887023,0.3029823,-0.0925914
1736099881493,-20.64351,1.605394,0.380579,-0.9975683,0.03955888,0.05738336,0,0,0,-20.72304,0.8023543,0.1631069,-0.6105902,-0.6826739,-0.4014182,0,0,0,-20.73696,0.8553835,0.5824795,-0.7435206,-0.6174648,0.2567383,0,0,0,-0.0925914
1736099881516,-20.6777,1.605425,0.3816662,-0.9968231,0.04219636,0.06755644,-2.564192,0.002324581,0.08153915,-20.76719,0.8100026,0.1651821,-0.6420561,-0.6662338,-0.3793378,-3.311491,0.5736262,0.1556396,-20.76431,0.8531553,0.5858002,-0.7356864,-0.6209875,0.2704448,-2.051353,-0.1671106,0.249052,-0.0925914
1736099881523,-20.6777,1.605425,0.3816662,-0.9968231,0.04219636,0.06755644,0,0,0,-20.76719,0.8100026,0.1651821,-0.6420561,-0.6662338,-0.3793378,0,0,0,-20.76431,0.8531553,0.5858002,-0.7356864,-0.6209875,0.2704448,0,0,0,-0.0925914
1736099881541,-20.71185,1.603075,0.3831005,-0.9959975,0.04399244,0.07780755,-2.56176,-0.176239,0.1075745,-20.81257,0.8162805,0.1675701,-0.6748686,-0.6522526,-0.3451366,-3.403187,0.4708394,0.1791,-20.79364,0.8479501,0.5895443,-0.7295445,-0.6228541,0.2825207,-2.199697,-0.3903911,0.2808094,-0.0925914
1736099881547,-20.71185,1.603075,0.3831005,-0.9959975,0.04399244,0.07780755,0,0,0,-20.81257,0.8162805,0.1675701,-0.6748686,-0.6522526,-0.3451366,0,0,0,-20.79364,0.8479501,0.5895443,-0.7295445,-0.6228541,0.2825207,0,0,0,-0.0925914
1736099881569,-20.7465,1.599912,0.3850136,-0.9951881,0.04430612,0.08739394,-2.598381,-0.2372324,0.1434803,-20.85488,0.8187513,0.1692581,-0.6998262,-0.6341214,-0.3288374,-3.173304,0.1853094,0.1266003,-20.82369,0.8419703,0.5934849,-0.7201259,-0.6243789,0.3026055,-2.253628,-0.4484832,0.2955437,-0.0925914
1736099881574,-20.7465,1.599912,0.3850136,-0.9951881,0.04430612,0.08739394,0,0,0,-20.85488,0.8187513,0.1692581,-0.6998262,-0.6341214,-0.3288374,0,0,0,-20.82369,0.8419703,0.5934849,-0.7201259,-0.6243789,0.3026055,0,0,0,-0.0925914
1736099881596,-20.78151,1.595119,0.3869038,-0.9942721,0.04681238,0.0960831,-2.625847,-0.3594607,0.1417637,-20.89724,0.8175655,0.1693687,-0.7078128,-0.6265753,-0.3261977,-3.177309,-0.08893311,0.008296967,-20.85529,0.8343046,0.5971375,-0.7065644,-0.6298817,0.3225151,-2.369928,-0.574927,0.2739429,-0.0925914
1736099881603,-20.78151,1.595119,0.3869038,-0.9942721,0.04681238,0.0960831,0,0,0,-20.89724,0.8175655,0.1693687,-0.7078128,-0.6265753,-0.3261977,0,0,0,-20.85529,0.8343046,0.5971375,-0.7065644,-0.6298817,0.3225151,0,0,0,-0.0925914
1736099881625,-20.81734,1.588939,0.3895931,-0.9934644,0.05247281,0.1013684,-2.687359,-0.4635036,0.2017021,-20.93789,0.8138765,0.1691666,-0.7128825,-0.620129,-0.3274734,-3.04842,-0.2766788,-0.01516342,-20.88772,0.8263161,0.5998096,-0.6928246,-0.6381664,0.3357647,-2.432156,-0.5991384,0.2004147,-0.0925914
1736099881631,-20.81734,1.588939,0.3895931,-0.9934644,0.05247281,0.1013684,0,0,0,-20.93789,0.8138765,0.1691666,-0.7128825,-0.620129,-0.3274734,0,0,0,-20.88772,0.8263161,0.5998096,-0.6928246,-0.6381664,0.3357647,0,0,0,-0.0925914
1736099881652,-20.85333,1.583066,0.3924408,-0.993488,0.05149915,0.1016353,-2.699089,-0.4404277,0.2135754,-20.97673,0.8079283,0.1682549,-0.7064137,-0.6208947,-0.3398082,-2.912807,-0.4461095,-0.06837845,-20.92204,0.817964,0.6010513,-0.6870252,-0.6430277,0.3383961,-2.574492,-0.6264076,0.0931263,-0.0925914
1736099881658,-20.85333,1.583066,0.3924408,-0.993488,0.05149915,0.1016353,0,0,0,-20.97673,0.8079283,0.1682549,-0.7064137,-0.6208947,-0.3398082,0,0,0,-20.92204,0.817964,0.6010513,-0.6870252,-0.6430277,0.3383961,0,0,0,-0.0925914
1736099881680,-20.88932,1.578804,0.3960266,-0.9940704,0.04963427,0.09675241,-2.699089,-0.3196657,0.2689362,-21.01285,0.8020942,0.1678143,-0.702873,-0.6191972,-0.3500926,-2.709246,-0.4375622,-0.03304482,-20.9577,0.8102464,0.6015797,-0.6902913,-0.6430782,0.331585,-2.674484,-0.5788207,0.03962517,-0.0925914
1736099881686,-20.88932,1.578804,0.3960266,-0.9940704,0.04963427,0.09675241,0,0,0,-21.01285,0.8020942,0.1678143,-0.702873,-0.6191972,-0.3500926,0,0,0,-20.9577,0.8102464,0.6015797,-0.6902913,-0.6430782,0.331585,0,0,0,-0.0925914
1736099881708,-20.92593,1.57513,0.3999443,-0.9942303,0.05477165,0.09223044,-2.74601,-0.2755612,0.2938271,-21.04502,0.7949263,0.1681881,-0.689929,-0.6264414,-0.3627257,-2.412844,-0.5375907,0.02803802,-20.99556,0.8040568,0.6024284,-0.6920919,-0.6458166,0.3223819,-2.839565,-0.4642233,0.06365776,-0.0925914
1736099881714,-20.92593,1.57513,0.3999443,-0.9942303,0.05477165,0.09223044,0,0,0,-21.04502,0.7949263,0.1681881,-0.689929,-0.6264414,-0.3627257,0,0,0,-20.99556,0.8040568,0.6024284,-0.6920919,-0.6458166,0.3223819,0,0,0,-0.0925914
1736099881736,-20.96241,1.57326,0.4036484,-0.9951981,0.04637792,0.08619803,-2.735853,-0.1402169,0.2778053,-21.07401,0.7882856,0.1693478,-0.6665653,-0.6478872,-0.3686914,-2.173805,-0.4980505,0.0869751,-21.03536,0.8004051,0.6044407,-0.6914663,-0.6472553,0.3208355,-2.984762,-0.2738759,0.150919,-0.0925914
1736099881742,-20.96241,1.57326,0.4036484,-0.9951981,0.04637792,0.08619803,0,0,0,-21.07401,0.7882856,0.1693478,-0.6665653,-0.6478872,-0.3686914,0,0,0,-21.03536,0.8004051,0.6044407,-0.6914663,-0.6472553,0.3208355,0,0,0,-0.0925914
1736099881764,-21.00129,1.583916,0.4079266,-0.995669,0.05109669,0.07766855,-2.916098,0.7991999,0.3208637,-21.10099,0.7836222,0.1678619,-0.6360735,-0.6634167,-0.3940678,-2.023602,-0.3497556,-0.1114368,-21.07571,0.8001642,0.6074409,-0.6870821,-0.6452303,0.3340608,-3.026247,-0.01806915,0.2250195,-0.0925914
1736099881770,-21.00129,1.583916,0.4079266,-0.995669,0.05109669,0.07766855,0,0,0,-21.10099,0.7836222,0.1678619,-0.6360735,-0.6634167,-0.3940678,0,0,0,-21.07571,0.8001642,0.6074409,-0.6870821,-0.6452303,0.3340608,0,0,0,-0.0925914
1736099881792,-21.03908,1.585531,0.4107437,-0.9933633,0.07273582,0.08910191,-2.833843,0.121066,0.2112865,-21.12279,0.7844098,0.1679821,-0.5932511,-0.6817054,-0.4281726,-1.634932,0.05907118,0.009012222,-21.11359,0.8025905,0.6083374,-0.6674461,-0.6631132,0.338817,-2.841139,0.1819745,0.06723404,-0.0925914
1736099881798,-21.03908,1.585531,0.4107437,-0.9933633,0.07273582,0.08910191,0,0,0,-21.12279,0.7844098,0.1679821,-0.5932511,-0.6817054,-0.4281726,0,0,0,-21.11359,0.8025905,0.6083374,-0.6674461,-0.6631132,0.338817,0,0,0,-0.0925914
1736099881803,-21.03908,1.585531,0.4107437,-0.9933633,0.07273582,0.08910191,0,0,0,-21.12279,0.7844098,0.1679821,-0.5932511,-0.6817054,-0.4281726,0,0,0,-21.11359,0.8025905,0.6083374,-0.6674461,-0.6631132,0.338817,0,0,0,-0.0925914
1736099881820,-21.07409,1.585157,0.4123573,-0.9937692,0.06019774,0.09380597,-2.625704,-0.02803802,0.1210213,-21.1472,0.7856396,0.1731606,-0.5726227,-0.7126151,-0.4053195,-1.831055,0.09223223,0.3883839,-21.15735,0.8134397,0.6053047,-0.6917078,-0.6434173,0.327955,-3.281736,0.8136883,-0.2274513,-0.0925914
1736099881826,-21.07409,1.585157,0.4123573,-0.9937692,0.06019774,0.09380597,0,0,0,-21.1472,0.7856396,0.1731606,-0.5726227,-0.7126151,-0.4053195,0,0,0,-21.15735,0.8134397,0.6053047,-0.6917078,-0.6434173,0.327955,0,0,0,-0.0925914
1736099881848,-21.10947,1.588602,0.4127064,-0.9953976,0.0386981,0.08767301,-2.654171,0.258404,0.02617836,-21.17431,0.7865729,0.1765823,-0.5776709,-0.721292,-0.3821449,-2.033472,0.07000118,0.2566338,-21.20056,0.8241583,0.6015873,-0.7257159,-0.6233277,0.2912031,-3.240681,0.8038983,-0.2788067,-0.0925914
1736099881853,-21.10947,1.588602,0.4127064,-0.9953976,0.0386981,0.08767301,0,0,0,-21.17431,0.7865729,0.1765823,-0.5776709,-0.721292,-0.3821449,0,0,0,-21.20056,0.8241583,0.6015873,-0.7257159,-0.6233277,0.2912031,0,0,0,-0.0925914
1736099881874,-21.14516,1.593153,0.4117546,-0.9954793,0.04575031,0.08323628,-2.67663,0.3413022,-0.07138252,-21.20288,0.7897111,0.1762218,-0.6008087,-0.7025658,-0.3813539,-2.142477,0.2353594,-0.02703667,-21.24135,0.8313875,0.5987568,-0.7482334,-0.6183665,0.2403538,-3.059578,0.5421907,-0.2122879,-0.0925914
1736099881879,-21.14516,1.593153,0.4117546,-0.9954793,0.04575031,0.08323628,0,0,0,-21.20288,0.7897111,0.1762218,-0.6008087,-0.7025658,-0.3813539,0,0,0,-21.24135,0.8313875,0.5987568,-0.7482334,-0.6183665,0.2403538,0,0,0,-0.0925914
1736099881901,-21.18025,1.598822,0.4095688,-0.9959508,0.04682342,0.07674587,-2.631855,0.4251838,-0.1639366,-21.23199,0.7943274,0.1724434,-0.6005846,-0.6809122,-0.4191149,-2.183104,0.346224,-0.2833843,-21.2818,0.8370265,0.5988483,-0.7555903,-0.6140636,0.228056,-3.0334,0.4229218,0.006866455,-0.0925914
1736099881907,-21.18025,1.598822,0.4095688,-0.9959508,0.04682342,0.07674587,0,0,0,-21.23199,0.7943274,0.1724434,-0.6005846,-0.6809122,-0.4191149,0,0,0,-21.2818,0.8370265,0.5988483,-0.7555903,-0.6140636,0.228056,0,0,0,-0.0925914
1736099881929,-21.21413,1.602512,0.4054794,-0.9968917,0.03994343,0.06791151,-2.540588,0.2767324,-0.3067017,-21.26006,0.8001161,0.1684322,-0.5624638,-0.6841465,-0.4643047,-2.105141,0.4341513,-0.3008366,-21.32198,0.8441722,0.5995274,-0.7588365,-0.6028878,0.2463604,-3.013659,0.5359322,0.05092621,-0.0925914
1736099881935,-21.21413,1.602512,0.4054794,-0.9968917,0.03994343,0.06791151,0,0,0,-21.26006,0.8001161,0.1684322,-0.5624638,-0.6841465,-0.4643047,0,0,0,-21.32198,0.8441722,0.5995274,-0.7588365,-0.6028878,0.2463604,0,0,0,-0.0925914
1736099881958,-21.24741,1.605614,0.4009628,-0.9979655,0.0331571,0.05446082,-2.495956,0.2326638,-0.3387451,-21.28715,0.8031827,0.1677074,-0.5348657,-0.6964146,-0.4784617,-2.031898,0.229995,-0.05435944,-21.36267,0.851526,0.5968685,-0.7614647,-0.5992031,0.2472399,-3.05171,0.5515292,-0.1994133,-0.0925914
1736099881963,-21.24741,1.605614,0.4009628,-0.9979655,0.0331571,0.05446082,0,0,0,-21.28715,0.8031827,0.1677074,-0.5348657,-0.6964146,-0.4784617,0,0,0,-21.36267,0.851526,0.5968685,-0.7614647,-0.5992031,0.2472399,0,0,0,-0.0925914
1736099881986,-21.28086,1.605841,0.3961964,-0.9984075,0.0345421,0.04460692,-2.508831,0.01704991,-0.3574848,-21.31462,0.8006931,0.1689663,-0.5367585,-0.7027649,-0.4669182,-2.060366,-0.1867175,0.09441376,-21.40332,0.856708,0.5910206,-0.7730273,-0.5932443,0.2247009,-3.049135,0.3886521,-0.4385948,-0.09441006
1736099881991,-21.28086,1.605841,0.3961964,-0.9984075,0.0345421,0.04460692,0,0,0,-21.31462,0.8006931,0.1689663,-0.5367585,-0.7027649,-0.4669182,0,0,0,-21.40332,0.856708,0.5910206,-0.7730273,-0.5932443,0.2247009,0,0,0,-0.09441006
1736099882014,-21.31473,1.605293,0.3922005,-0.9985697,0.04130818,0.03395259,-2.540016,-0.04110038,-0.2996922,-21.34472,0.7978297,0.1682892,-0.5378231,-0.7059278,-0.4608829,-2.257204,-0.2147511,-0.05078316,-21.44377,0.8615577,0.5829163,-0.7901359,-0.5833209,0.1882086,-3.033113,0.3637299,-0.6078243,-0.0944891
1736099882020,-21.31473,1.605293,0.3922005,-0.9985697,0.04130818,0.03395259,0,0,0,-21.34472,0.7978297,0.1682892,-0.5378231,-0.7059278,-0.4608829,0,0,0,-21.44377,0.8615577,0.5829163,-0.7901359,-0.5833209,0.1882086,0,0,0,-0.0944891
1736099882042,-21.34854,1.603464,0.3877144,-0.9987089,0.0455753,0.02245033,-2.536297,-0.1371682,-0.3364563,-21.37561,0.7944669,0.1656094,-0.5243917,-0.7073452,-0.4740009,-2.317142,-0.2522171,-0.2009869,-21.48379,0.8651004,0.5762215,-0.8039578,-0.5733439,0.1578894,-3.001785,0.2657041,-0.5021095,-0.0944891
1736099882047,-21.34854,1.603464,0.3877144,-0.9987089,0.0455753,0.02245033,0,0,0,-21.37561,0.7944669,0.1656094,-0.5243917,-0.7073452,-0.4740009,0,0,0,-21.48379,0.8651004,0.5762215,-0.8039578,-0.5733439,0.1578894,0,0,0,-0.0944891
1736099882069,-21.3826,1.599983,0.3825283,-0.9987016,0.04965108,0.0114097,-2.554607,-0.261122,-0.3889561,-21.40786,0.789368,0.1630478,-0.5043187,-0.7082695,-0.4939814,-2.418423,-0.382416,-0.1921177,-21.52448,0.8656818,0.5699348,-0.8150114,-0.5630306,0.1369432,-3.05171,0.04359931,-0.4714966,-0.0944891
1736099882075,-21.3826,1.599983,0.3825283,-0.9987016,0.04965108,0.0114097,0,0,0,-21.40786,0.789368,0.1630478,-0.5043187,-0.7082695,-0.4939814,0,0,0,-21.52448,0.8656818,0.5699348,-0.8150114,-0.5630306,0.1369432,0,0,0,-0.0944891
1736099882097,-21.41721,1.595046,0.3775501,-0.9984109,0.05631028,0.002223074,-2.595234,-0.3702521,-0.3733635,-21.4404,0.7824813,0.1614132,-0.4861985,-0.7148201,-0.5026364,-2.440882,-0.5164996,-0.1225948,-21.56573,0.8639922,0.5642166,-0.8246909,-0.5512933,0.1263369,-3.094053,-0.126721,-0.4288673,-0.0944891
1736099882103,-21.41721,1.595046,0.3775501,-0.9984109,0.05631028,0.002223074,0,0,0,-21.4404,0.7824813,0.1614132,-0.4861985,-0.7148201,-0.5026364,0,0,0,-21.56573,0.8639922,0.5642166,-0.8246909,-0.5512933,0.1263369,0,0,0,-0.0944891
1736099882125,-21.45267,1.589615,0.3718872,-0.997948,0.06381527,-0.005246282,-2.659893,-0.4073113,-0.4247189,-21.47288,0.7734855,0.1601601,-0.47393,-0.7210603,-0.5054338,-2.435732,-0.6746873,-0.0939846,-21.60697,0.8606575,0.5586967,-0.8345247,-0.5368555,0.1239159,-3.092766,-0.2501026,-0.41399,-0.0944891
1736099882132,-21.45267,1.589615,0.3718872,-0.997948,0.06381527,-0.005246282,0,0,0,-21.47288,0.7734855,0.1601601,-0.47393,-0.7210603,-0.5054338,0,0,0,-21.60697,0.8606575,0.5586967,-0.8345247,-0.5368555,0.1239159,0,0,0,-0.0944891
1736099882153,-21.48919,1.585244,0.3663692,-0.9979923,0.06243455,-0.01066709,-2.738571,-0.3278464,-0.413847,-21.50765,0.7640038,0.1589928,-0.4709406,-0.7260013,-0.5011361,-2.607822,-0.7111251,-0.0875473,-21.64728,0.85671,0.5530548,-0.8444386,-0.5212488,0.1233832,-3.022957,-0.2960622,-0.4231453,-0.0944891
1736099882159,-21.48919,1.585244,0.3663692,-0.9979923,0.06243455,-0.01066709,0,0,0,-21.50765,0.7640038,0.1589928,-0.4709406,-0.7260013,-0.5011361,0,0,0,-21.64728,0.85671,0.5530548,-0.8444386,-0.5212488,0.1233832,0,0,0,-0.0944891
1736099882164,-21.48919,1.585244,0.3663692,-0.9979923,0.06243455,-0.01066709,0,0,0,-21.50765,0.7640038,0.1589928,-0.4709406,-0.7260013,-0.5011361,0,0,0,-21.64728,0.85671,0.5530548,-0.8444386,-0.5212488,0.1233832,0,0,0,-0.0944891
1736099882181,-21.52603,1.581521,0.3603897,-0.9980539,0.06150653,-0.01029015,-2.763176,-0.2792001,-0.4484653,-21.54305,0.7567371,0.1563053,-0.4638401,-0.7318904,-0.4991884,-2.654743,-0.5450025,-0.2015591,-21.68499,0.8536083,0.5481644,-0.8486888,-0.5126569,0.1300402,-2.828693,-0.232628,-0.3667831,-0.0944891
1736099882187,-21.52603,1.581521,0.3603897,-0.9980539,0.06150653,-0.01029015,0,0,0,-21.54305,0.7567371,0.1563053,-0.4638401,-0.7318904,-0.4991884,0,0,0,-21.68499,0.8536083,0.5481644,-0.8486888,-0.5126569,0.1300402,0,0,0,-0.0944891
1736099882209,-21.56216,1.57718,0.3543453,-0.9982914,0.05769665,-0.009260893,-2.709818,-0.3256023,-0.4533291,-21.579,0.7526335,0.1530399,-0.4558386,-0.7456494,-0.4860232,-2.696943,-0.3077745,-0.2449036,-21.71958,0.851231,0.5431442,-0.8475223,-0.5130553,0.1359433,-2.593946,-0.1782909,-0.3765106,-0.0944891
1736099882216,-21.56216,1.57718,0.3543453,-0.9982914,0.05769665,-0.009260893,0,0,0,-21.579,0.7526335,0.1530399,-0.4558386,-0.7456494,-0.4860232,0,0,0,-21.71958,0.851231,0.5431442,-0.8475223,-0.5130553,0.1359433,0,0,0,-0.0944891
1736099882235,-21.59971,1.584381,0.3486309,-0.9992043,0.03909482,-0.007920027,-2.816391,0.5400538,-0.4285812,-21.61959,0.7521285,0.1465187,-0.4550807,-0.7509664,-0.4784881,-3.043985,-0.03787279,-0.4890919,-21.75289,0.8508479,0.5393162,-0.8444159,-0.5173098,0.139114,-2.498388,-0.0287354,-0.2871037,-0.0944891
1736099882241,-21.59971,1.584381,0.3486309,-0.9992043,0.03909482,-0.007920027,0,0,0,-21.61959,0.7521285,0.1465187,-0.4550807,-0.7509664,-0.4784881,0,0,0,-21.75289,0.8508479,0.5393162,-0.8444159,-0.5173098,0.139114,0,0,0,-0.0944891
1736099882263,-21.63736,1.58935,0.3432865,-0.998832,0.0471595,0.01053417,-2.82383,0.3726661,-0.4008293,-21.65951,0.7578834,0.1378021,-0.4569382,-0.7436177,-0.4880984,-2.994061,0.4316166,-0.6537437,-21.78148,0.8519826,0.5389347,-0.8322733,-0.5289852,0.1658204,-2.144051,0.08510202,-0.02861023,-0.0944891
1736099882268,-21.63736,1.58935,0.3432865,-0.998832,0.0471595,0.01053417,0,0,0,-21.65951,0.7578834,0.1378021,-0.4569382,-0.7436177,-0.4880984,0,0,0,-21.78148,0.8519826,0.5389347,-0.8322733,-0.5289852,0.1658204,0,0,0,-0.0944891
1736099882291,-21.67325,1.594015,0.3393936,-0.9983581,0.05460081,0.01732564,-2.691364,0.3498763,-0.2919674,-21.70244,0.7708151,0.1292057,-0.4851937,-0.7124686,-0.5069277,-3.219795,0.9698823,-0.6447315,-21.80759,0.8534034,0.5377426,-0.8080992,-0.5505838,0.2093644,-1.958656,0.1065642,-0.08940697,-0.0944891
1736099882298,-21.67325,1.594015,0.3393936,-0.9983581,0.05460081,0.01732564,0,0,0,-21.70244,0.7708151,0.1292057,-0.4851937,-0.7124686,-0.5069277,0,0,0,-21.80759,0.8534034,0.5377426,-0.8080992,-0.5505838,0.2093644,0,0,0,-0.0944891
1736099882319,-21.70758,1.595981,0.3373604,-0.9989479,0.04221881,0.01792723,-2.575207,0.1475126,-0.1524925,-21.74873,0.7824839,0.1264782,-0.533008,-0.6881232,-0.492331,-3.471422,0.8751556,-0.2045631,-21.83463,0.8587925,0.5323868,-0.7990872,-0.5661748,0.2022523,-2.028179,0.4041776,-0.4016876,-0.0944891
1736099882325,-21.70758,1.595981,0.3373604,-0.9989479,0.04221881,0.01792723,0,0,0,-21.74873,0.7824839,0.1264782,-0.533008,-0.6881232,-0.492331,0,0,0,-21.83463,0.8587925,0.5323868,-0.7990872,-0.5661748,0.2022523,0,0,0,-0.0944891
1736099882347,-21.74232,1.60175,0.3363037,-0.9987748,0.04117893,0.0274477,-2.604961,0.4326671,-0.07925034,-21.7942,0.792936,0.1238594,-0.5750253,-0.6757218,-0.4612451,-3.410196,0.7839113,-0.1964092,-21.86069,0.8634198,0.5281391,-0.8055505,-0.5678799,0.1691191,-1.953936,0.3470466,-0.3185749,-0.0944891
1736099882353,-21.74232,1.60175,0.3363037,-0.9987748,0.04117893,0.0274477,0,0,0,-21.7942,0.792936,0.1238594,-0.5750253,-0.6757218,-0.4612451,0,0,0,-21.86069,0.8634198,0.5281391,-0.8055505,-0.5678799,0.1691191,0,0,0,-0.0944891
1736099882375,-21.77692,1.607298,0.336504,-0.9982361,0.04364268,0.04025251,-2.595377,0.4160821,0.01502037,-21.8392,0.8023871,0.1176281,-0.590519,-0.6628417,-0.4603572,-3.375292,0.7088274,-0.4673481,-21.88618,0.8660651,0.5281162,-0.8074371,-0.5684652,0.1577751,-1.911592,0.198403,-0.001716614,-0.09498155
1736099882381,-21.77692,1.607298,0.336504,-0.9982361,0.04364268,0.04025251,0,0,0,-21.8392,0.8023871,0.1176281,-0.590519,-0.6628417,-0.4603572,0,0,0,-21.88618,0.8660651,0.5281162,-0.8074371,-0.5684652,0.1577751,0,0,0,-0.09498155
1736099882403,-21.81054,1.605401,0.3378181,-0.9976081,0.04181923,0.05504179,-2.521563,-0.1422465,0.09856224,-21.8827,0.8066882,0.1122856,-0.5960705,-0.6408544,-0.4837422,-3.262711,0.3225848,-0.4006863,-21.91323,0.8628205,0.5331039,-0.7924727,-0.577221,0.1969851,-2.028751,-0.2433479,0.3740788,-0.1000775
1736099882409,-21.81054,1.605401,0.3378181,-0.9976081,0.04181923,0.05504179,0,0,0,-21.8827,0.8066882,0.1122856,-0.5960705,-0.6408544,-0.4837422,0,0,0,-21.91323,0.8628205,0.5331039,-0.7924727,-0.577221,0.1969851,0,0,0,-0.1000775
1736099882431,-21.84433,1.606097,0.3400326,-0.9970075,0.03674265,0.06801558,-2.533722,0.0521332,0.1660824,-21.92547,0.8124344,0.1111526,-0.6052228,-0.6277061,-0.4895823,-3.207779,0.4309684,-0.08497238,-21.93995,0.8609554,0.5382729,-0.7708112,-0.5881748,0.2447464,-2.004433,-0.1398861,0.3876686,-0.1026175
1736099882437,-21.84433,1.606097,0.3400326,-0.9970075,0.03674265,0.06801558,0,0,0,-21.92547,0.8124344,0.1111526,-0.6052228,-0.6277061,-0.4895823,0,0,0,-21.93995,0.8609554,0.5382729,-0.7708112,-0.5881748,0.2447464,0,0,0,-0.1026175
1736099882442,-21.84433,1.606097,0.3400326,-0.9970075,0.03674265,0.06801558,0,0,0,-21.92547,0.8124344,0.1111526,-0.6052228,-0.6277061,-0.4895823,0,0,0,-21.93995,0.8609554,0.5382729,-0.7708112,-0.5881748,0.2447464,0,0,0,-0.1026175
1736099882459,-21.87769,1.605292,0.3425865,-0.9959744,0.03645911,0.08189058,-2.502108,-0.06032288,0.1915455,-21.96896,0.8169221,0.1156082,-0.6325592,-0.6202338,-0.4638748,-3.261423,0.336577,0.3341675,-21.96651,0.8567511,0.5416622,-0.755609,-0.5993827,0.2641888,-1.992273,-0.3153205,0.2542019,-0.1041662
1736099882465,-21.87769,1.605292,0.3425865,-0.9959744,0.03645911,0.08189058,0,0,0,-21.96896,0.8169221,0.1156082,-0.6325592,-0.6202338,-0.4638748,0,0,0,-21.96651,0.8567511,0.5416622,-0.755609,-0.5993827,0.2641888,0,0,0,-0.1041662
1736099882487,-21.91142,1.605074,0.3456593,-0.9946806,0.03756154,0.09591508,-2.530146,-0.01639724,0.2304554,-22.01058,0.8223102,0.1190186,-0.6600246,-0.6105742,-0.4376844,-3.121519,0.4041061,0.2557755,-21.9919,0.8531172,0.5447636,-0.744959,-0.6086728,0.2730455,-1.904154,-0.2725437,0.2326012,-0.1041662
1736099882492,-21.91142,1.605074,0.3456593,-0.9946806,0.03756154,0.09591508,0,0,0,-22.01058,0.8223102,0.1190186,-0.6600246,-0.6105742,-0.4376844,0,0,0,-21.9919,0.8531172,0.5447636,-0.744959,-0.6086728,0.2730455,0,0,0,-0.1041662
1736099882512,-21.94527,1.603042,0.3493843,-0.9932634,0.04098827,0.1083888,-2.538872,-0.1523495,0.2793789,-22.0527,0.8254274,0.123127,-0.6885757,-0.5946555,-0.4150288,-3.159285,0.2337903,0.3081322,-22.02011,0.8465564,0.5495243,-0.7364144,-0.6135783,0.2849839,-2.11544,-0.4920557,0.3570557,-0.1041662
1736099882518,-21.94527,1.603042,0.3493843,-0.9932634,0.04098827,0.1083888,0,0,0,-22.0527,0.8254274,0.123127,-0.6885757,-0.5946555,-0.4150288,0,0,0,-22.02011,0.8465564,0.5495243,-0.7364144,-0.6135783,0.2849839,0,0,0,-0.1041662
1736099882539,-21.97924,1.599828,0.3535557,-0.9918662,0.04476117,0.1191558,-2.547312,-0.2410948,0.3128529,-22.09354,0.827175,0.126997,-0.7099554,-0.5812659,-0.3976097,-3.062582,0.1310661,0.2902508,-22.04891,0.838878,0.5549221,-0.7221991,-0.6203271,0.3059784,-2.160358,-0.5758837,0.4048347,-0.1041662
1736099882545,-21.97924,1.599828,0.3535557,-0.9918662,0.04476117,0.1191558,0,0,0,-22.09354,0.827175,0.126997,-0.7099554,-0.5812659,-0.3976097,0,0,0,-22.04891,0.838878,0.5549221,-0.7221991,-0.6203271,0.3059784,0,0,0,-0.1041662
1736099882568,-22.01305,1.595406,0.3586044,-0.9905483,0.05052192,0.1275228,-2.535868,-0.3316194,0.3786564,-22.13327,0.8268049,0.1303425,-0.7215927,-0.5725907,-0.3891585,-2.979898,-0.02775639,0.2509117,-22.07933,0.8306365,0.5604172,-0.7053171,-0.628852,0.3272204,-2.28138,-0.6181106,0.4121304,-0.1041662
1736099882573,-22.01305,1.595406,0.3586044,-0.9905483,0.05052192,0.1275228,0,0,0,-22.13327,0.8268049,0.1303425,-0.7215927,-0.5725907,-0.3891585,0,0,0,-22.07933,0.8306365,0.5604172,-0.7053171,-0.628852,0.3272204,0,0,0,-0.1041662
1736099882596,-22.04785,1.589673,0.3635883,-0.9896671,0.05712885,0.131513,-2.610111,-0.429976,0.3737926,-22.17143,0.8199883,0.1334324,-0.7277281,-0.5649646,-0.3888797,-2.861881,-0.5112469,0.2317429,-22.11213,0.822583,0.5649605,-0.6940273,-0.6339447,0.3412337,-2.460194,-0.6040156,0.3407478,-0.1041662
1736099882601,-22.04785,1.589673,0.3635883,-0.9896671,0.05712885,0.131513,0,0,0,-22.17143,0.8199883,0.1334324,-0.7277281,-0.5649646,-0.3888797,0,0,0,-22.11213,0.822583,0.5649605,-0.6940273,-0.6339447,0.3412337,0,0,0,-0.1041662
1736099882624,-22.083,1.584615,0.3692722,-0.9892992,0.06265566,0.1317634,-2.63586,-0.3793627,0.4262924,-22.20826,0.8123931,0.1361561,-0.7270511,-0.56231,-0.3939605,-2.762175,-0.5696386,0.204277,-22.14632,0.8144578,0.5680809,-0.6922107,-0.634899,0.343144,-2.563763,-0.6093845,0.2340317,-0.1041662
1736099882630,-22.083,1.584615,0.3692722,-0.9892992,0.06265566,0.1317634,0,0,0,-22.20826,0.8123931,0.1361561,-0.7270511,-0.56231,-0.3939605,0,0,0,-22.14632,0.8144578,0.5680809,-0.6922107,-0.634899,0.343144,0,0,0,-0.1041662
1736099882652,-22.11907,1.581138,0.3754654,-0.9897146,0.06646849,0.1266783,-2.705383,-0.2607286,0.4644871,-22.24202,0.8056515,0.1382046,-0.7197797,-0.5645944,-0.4039193,-2.532291,-0.5056188,0.1536369,-22.18187,0.8066162,0.5706253,-0.6958637,-0.6341187,0.3371463,-2.666473,-0.588119,0.1908302,-0.1041662
1736099882658,-22.11907,1.581138,0.3754654,-0.9897146,0.06646849,0.1266783,0,0,0,-22.24202,0.8056515,0.1382046,-0.7197797,-0.5645944,-0.4039193,0,0,0,-22.18187,0.8066162,0.5706253,-0.6958637,-0.6341187,0.3371463,0,0,0,-0.1041662
1736099882680,-22.15542,1.57776,0.3820381,-0.9896033,0.07409227,0.1232713,-2.726269,-0.2533972,0.4929543,-22.27235,0.7979217,0.1399403,-0.7039375,-0.5733548,-0.4192096,-2.274799,-0.5797327,0.1301765,-22.21951,0.8001701,0.5739784,-0.69401,-0.6381691,0.3333027,-2.822828,-0.4834637,0.2514839,-0.1041662
1736099882686,-22.15542,1.57776,0.3820381,-0.9896033,0.07409227,0.1232713,0,0,0,-22.27235,0.7979217,0.1399403,-0.7039375,-0.5733548,-0.4192096,0,0,0,-22.21951,0.8001701,0.5739784,-0.69401,-0.6381691,0.3333027,0,0,0,-0.1041662
1736099882708,-22.19119,1.575593,0.3883114,-0.9912055,0.06298961,0.116379,-2.683067,-0.1624882,0.4704952,-22.30182,0.7919119,0.1417046,-0.6830932,-0.5900845,-0.430331,-2.210283,-0.4507363,0.1323223,-22.25919,0.7962731,0.5773983,-0.6895612,-0.6423305,0.3345401,-2.975893,-0.2922714,0.2564907,-0.1041662
1736099882714,-22.19119,1.575593,0.3883114,-0.9912055,0.06298961,0.116379,0,0,0,-22.30182,0.7919119,0.1417046,-0.6830932,-0.5900845,-0.430331,0,0,0,-22.25919,0.7962731,0.5773983,-0.6895612,-0.6423305,0.3345401,0,0,0,-0.1041662
1736099882736,-22.22944,1.585424,0.3949833,-0.9922872,0.06673787,0.1044642,-2.868605,0.7373124,0.5003929,-22.32864,0.7880107,0.140377,-0.6582692,-0.5966408,-0.4590229,-2.011585,-0.2925932,-0.0995636,-22.29874,0.7946867,0.5815849,-0.6808677,-0.6485063,0.3403807,-2.966595,-0.1189828,0.3139973,-0.1041662
1736099882742,-22.22944,1.585424,0.3949833,-0.9922872,0.06673787,0.1044642,0,0,0,-22.32864,0.7880107,0.140377,-0.6582692,-0.5966408,-0.4590229,0,0,0,-22.29874,0.7946867,0.5815849,-0.6808677,-0.6485063,0.3403807,0,0,0,-0.1041662
1736099882764,-22.26746,1.586216,0.4004211,-0.9903024,0.08637536,0.1088157,-2.851725,0.05941987,0.4078388,-22.35193,0.7882235,0.1391907,-0.6090443,-0.6148785,-0.500989,-1.746225,0.01596361,-0.08897781,-22.33755,0.795221,0.5841999,-0.6619352,-0.6692269,0.3376058,-2.910662,0.04007667,0.1961231,-0.1041662
1736099882769,-22.26746,1.586216,0.4004211,-0.9903024,0.08637536,0.1088157,0,0,0,-22.35193,0.7882235,0.1391907,-0.6090443,-0.6148785,-0.500989,0,0,0,-22.33755,0.795221,0.5841999,-0.6619352,-0.6692269,0.3376058,0,0,0,-0.1041662
1736099882792,-22.30272,1.586395,0.4039326,-0.9908101,0.07900029,0.1097942,-2.644157,0.01341999,0.2633572,-22.377,0.7888945,0.1425476,-0.5763565,-0.6443636,-0.5026026,-1.880121,0.05032718,0.25177,-22.37943,0.8018724,0.5838566,-0.6849209,-0.651278,0.326681,-3.140831,0.4988506,-0.02574921,-0.1041662
1736099882797,-22.30272,1.586395,0.4039326,-0.9908101,0.07900029,0.1097942,0,0,0,-22.377,0.7888945,0.1425476,-0.5763565,-0.6443636,-0.5026026,0,0,0,-22.37943,0.8018724,0.5838566,-0.6849209,-0.651278,0.326681,0,0,0,-0.1041662
1736099882802,-22.30272,1.586395,0.4039326,-0.9908101,0.07900029,0.1097942,0,0,0,-22.377,0.7888945,0.1425476,-0.5763565,-0.6443636,-0.5026026,0,0,0,-22.37943,0.8018724,0.5838566,-0.6849209,-0.651278,0.326681,0,0,0,-0.1041662
1736099882820,-22.3385,1.590598,0.406498,-0.9931183,0.06030438,0.1003991,-2.683496,0.3152132,0.1924038,-22.40538,0.789875,0.1465168,-0.5902329,-0.6505656,-0.4779013,-2.129173,0.07353276,0.2976894,-22.427,0.8133584,0.5819626,-0.7300813,-0.6235979,0.2794769,-3.567696,0.861454,-0.1420498,-0.1041662
1736099882825,-22.3385,1.590598,0.406498,-0.9931183,0.06030438,0.1003991,0,0,0,-22.40538,0.789875,0.1465168,-0.5902329,-0.6505656,-0.4779013,0,0,0,-22.427,0.8133584,0.5819626,-0.7300813,-0.6235979,0.2794769,0,0,0,-0.1041662
1736099882848,-22.37455,1.594736,0.4078331,-0.9929981,0.0653809,0.09838861,-2.703524,0.3103226,0.1001358,-22.43283,0.7922627,0.1475143,-0.6020224,-0.6446375,-0.4711816,-2.058792,0.1790777,0.07481575,-22.46912,0.8197289,0.5820732,-0.7481049,-0.6168038,0.2447292,-3.159142,0.4777819,0.008296967,-0.1041662
1736099882852,-22.37455,1.594736,0.4078331,-0.9929981,0.0653809,0.09838861,0,0,0,-22.43283,0.7922627,0.1475143,-0.6020224,-0.6446375,-0.4711816,0,0,0,-22.46912,0.8197289,0.5820732,-0.7481049,-0.6168038,0.2447292,0,0,0,-0.1041662
1736099882874,-22.41068,1.600551,0.4075432,-0.9936286,0.06206932,0.09407246,-2.709675,0.436154,-0.02174377,-22.46145,0.7961588,0.14571,-0.5939879,-0.6399962,-0.4874254,-2.146053,0.2922088,-0.1353264,-22.51141,0.826154,0.5842609,-0.7565939,-0.6079624,0.240723,-3.171873,0.4818857,0.1640797,-0.1041662
1736099882879,-22.41068,1.600551,0.4075432,-0.9936286,0.06206932,0.09407246,0,0,0,-22.46145,0.7961588,0.14571,-0.5939879,-0.6399962,-0.4874254,0,0,0,-22.51141,0.826154,0.5842609,-0.7565939,-0.6079624,0.240723,0,0,0,-0.1041662
1736099882903,-22.44631,1.60356,0.4058514,-0.9948063,0.0542673,0.08611321,-2.672768,0.2256811,-0.1268864,-22.49067,0.8006908,0.1436729,-0.5496758,-0.6525517,-0.5215679,-2.191687,0.3399029,-0.1527786,-22.55408,0.8345371,0.5853882,-0.7615819,-0.5967359,0.2527838,-3.200483,0.6287321,0.08454323,-0.1041662
1736099882907,-22.44631,1.60356,0.4058514,-0.9948063,0.0542673,0.08611321,0,0,0,-22.49067,0.8006908,0.1436729,-0.5496758,-0.6525517,-0.5215679,0,0,0,-22.55408,0.8345371,0.5853882,-0.7615819,-0.5967359,0.2527838,0,0,0,-0.1041662
1736099882930,-22.4814,1.605711,0.403717,-0.9960781,0.04731527,0.0747661,-2.631569,0.1613259,-0.1600742,-22.5197,0.8035685,0.145443,-0.5286863,-0.6656175,-0.5267305,-2.177382,0.2158284,0.1327515,-22.597,0.843336,0.5835323,-0.769509,-0.5883955,0.2482876,-3.218508,0.6599173,-0.1391888,-0.1041662
1736099882936,-22.4814,1.605711,0.403717,-0.9960781,0.04731527,0.0747661,0,0,0,-22.5197,0.8035685,0.145443,-0.5286863,-0.6656175,-0.5267305,0,0,0,-22.597,0.843336,0.5835323,-0.769509,-0.5883955,0.2482876,0,0,0,-0.1041662
1736099882959,-22.51659,1.605628,0.4014416,-0.9966971,0.0489458,0.06480408,-2.639151,-0.006231666,-0.17066,-22.55106,0.8020969,0.1481075,-0.5412132,-0.6667286,-0.5124083,-2.351904,-0.1103729,0.1998425,-22.64124,0.8506296,0.5785789,-0.7847435,-0.5776808,0.2246388,-3.318357,0.5470231,-0.3715038,-0.1049082
1736099882963,-22.51659,1.605628,0.4014416,-0.9966971,0.0489458,0.06480408,0,0,0,-22.55106,0.8020969,0.1481075,-0.5412132,-0.6667286,-0.5124083,0,0,0,-22.64124,0.8506296,0.5785789,-0.7847435,-0.5776808,0.2246388,0,0,0,-0.1049082
1736099882987,-22.55201,1.603738,0.3983612,-0.9970482,0.05505696,0.05351621,-2.656889,-0.1417547,-0.2310276,-22.58369,0.7995751,0.1484318,-0.5430201,-0.664394,-0.5135276,-2.447033,-0.189136,0.0243187,-22.68477,0.8552545,0.5721817,-0.8012089,-0.5666002,0.1924283,-3.264427,0.3468633,-0.4797935,-0.1049082
1736099882991,-22.55201,1.603738,0.3983612,-0.9970482,0.05505696,0.05351621,0,0,0,-22.58369,0.7995751,0.1484318,-0.5430201,-0.664394,-0.5135276,0,0,0,-22.68477,0.8552545,0.5721817,-0.8012089,-0.5666002,0.1924283,0,0,0,-0.1049082
1736099883014,-22.58813,1.600438,0.3952599,-0.9974837,0.05876191,0.03967208,-2.709103,-0.2475232,-0.2326012,-22.61707,0.7953096,0.1478252,-0.5303692,-0.6635711,-0.5276196,-2.503252,-0.3199115,-0.04549026,-22.72701,0.8565493,0.5655842,-0.8160379,-0.5558495,0.1584734,-3.168011,0.09710938,-0.4948139,-0.1049082
1736099883019,-22.58813,1.600438,0.3952599,-0.9974837,0.05876191,0.03967208,0,0,0,-22.61707,0.7953096,0.1478252,-0.5303692,-0.6635711,-0.5276196,0,0,0,-22.72701,0.8565493,0.5655842,-0.8160379,-0.5558495,0.1584734,0,0,0,-0.1049082
1736099883043,-22.62571,1.596222,0.3921337,-0.9974757,0.06481951,0.02899432,-2.818251,-0.3161609,-0.2344608,-22.65126,0.7876858,0.1477146,-0.5080653,-0.6671905,-0.5447267,-2.564478,-0.5717844,-0.008296967,-22.77015,0.854149,0.5593891,-0.827499,-0.5455705,0.1326589,-3.235674,-0.1800209,-0.4646301,-0.1049082
1736099883048,-22.62571,1.596222,0.3921337,-0.9974757,0.06481951,0.02899432,0,0,0,-22.65126,0.7876858,0.1477146,-0.5080653,-0.6671905,-0.5447267,0,0,0,-22.77015,0.854149,0.5593891,-0.827499,-0.5455705,0.1326589,0,0,0,-0.1049082
1736099883071,-22.66248,1.590615,0.3881187,-0.9973288,0.07033073,0.01973885,-2.757454,-0.4205257,-0.3011227,-22.68537,0.7780219,0.1492119,-0.4900142,-0.6789368,-0.5467463,-2.558613,-0.724791,0.1122952,-22.8124,0.8506486,0.5544739,-0.8353713,-0.5365409,0.1194934,-3.168297,-0.2625257,-0.3686428,-0.1049082
1736099883075,-22.66248,1.590615,0.3881187,-0.9973288,0.07033073,0.01973885,0,0,0,-22.68537,0.7780219,0.1492119,-0.4900142,-0.6789368,-0.5467463,0,0,0,-22.8124,0.8506486,0.5544739,-0.8353713,-0.5365409,0.1194934,0,0,0,-0.1049082
1736099883099,-22.70044,1.584801,0.3840218,-0.997215,0.07349046,0.012725,-2.847433,-0.4360646,-0.3072739,-22.71966,0.7678346,0.1512165,-0.4819101,-0.68983,-0.5402753,-2.57163,-0.7640496,0.1503468,-22.85497,0.8450933,0.5499668,-0.8392325,-0.5306589,0.1187022,-3.192759,-0.4166499,-0.3380299,-0.1049082
1736099883103,-22.70044,1.584801,0.3840218,-0.997215,0.07349046,0.012725,0,0,0,-22.71966,0.7678346,0.1512165,-0.4819101,-0.68983,-0.5402753,0,0,0,-22.85497,0.8450933,0.5499668,-0.8392325,-0.5306589,0.1187022,0,0,0,-0.1049082
1736099883127,-22.73872,1.580497,0.3795166,-0.9970169,0.07633869,0.01139992,-2.870464,-0.3227949,-0.3378868,-22.75529,0.7586588,0.1522446,-0.4774306,-0.7002527,-0.5307603,-2.672195,-0.6881878,0.07710457,-22.8961,0.840923,0.5459175,-0.8441207,-0.5217734,0.1233415,-3.085041,-0.3127724,-0.3036976,-0.1049082
1736099883133,-22.73872,1.580497,0.3795166,-0.9970169,0.07633869,0.01139992,0,0,0,-22.75529,0.7586588,0.1522446,-0.4774306,-0.7002527,-0.5307603,0,0,0,-22.8961,0.840923,0.5459175,-0.8441207,-0.5217734,0.1233415,0,0,0,-0.1049082
1736099883155,-22.77774,1.576818,0.3747005,-0.9968951,0.076753,0.0175913,-2.926683,-0.2759457,-0.3612041,-22.79326,0.7515666,0.1515903,-0.4701772,-0.710013,-0.5242286,-2.847719,-0.5319133,-0.04906654,-22.93414,0.8390751,0.5427055,-0.8471097,-0.5148762,0.1315596,-2.853012,-0.1385942,-0.2408981,-0.1049082
1736099883159,-22.77774,1.576818,0.3747005,-0.9968951,0.076753,0.0175913,0,0,0,-22.79326,0.7515666,0.1515903,-0.4701772,-0.710013,-0.5242286,0,0,0,-22.93414,0.8390751,0.5427055,-0.8471097,-0.5148762,0.1315596,0,0,0,-0.1049082
1736099883164,-22.77774,1.576818,0.3747005,-0.9968951,0.076753,0.0175913,0,0,0,-22.79326,0.7515666,0.1515903,-0.4701772,-0.710013,-0.5242286,0,0,0,-22.93414,0.8390751,0.5427055,-0.8471097,-0.5148762,0.1315596,0,0,0,-0.1049082
1736099883183,-22.81657,1.576022,0.3702412,-0.998167,0.05554365,0.02404517,-2.912378,-0.05968809,-0.3344536,-22.8348,0.7479202,0.1496449,-0.466137,-0.7187273,-0.5158954,-3.115797,-0.273478,-0.1459122,-22.96965,0.8388774,0.540411,-0.8448409,-0.5172048,0.1369073,-2.663183,-0.01482368,-0.1720905,-0.1049082
1736099883187,-22.81657,1.576022,0.3702412,-0.998167,0.05554365,0.02404517,0,0,0,-22.8348,0.7479202,0.1496449,-0.466137,-0.7187273,-0.5158954,0,0,0,-22.96965,0.8388774,0.540411,-0.8448409,-0.5172048,0.1369073,0,0,0,-0.1049082
1736099883210,-22.85655,1.585081,0.3657398,-0.9978071,0.05564363,0.03584516,-2.998352,0.6794393,-0.3376007,-22.87632,0.7487242,0.1459656,-0.4572644,-0.7208903,-0.5207944,-3.113651,0.06030053,-0.2759457,-23.00168,0.8405461,0.5414867,-0.8373299,-0.5246822,0.1535824,-2.402544,0.1251474,0.08068085,-0.1049082
1736099883216,-22.85655,1.585081,0.3657398,-0.9978071,0.05564363,0.03584516,0,0,0,-22.87632,0.7487242,0.1459656,-0.4572644,-0.7208903,-0.5207944,0,0,0,-23.00168,0.8405461,0.5414867,-0.8373299,-0.5246822,0.1535824,0,0,0,-0.1049082
1736099883237,-22.8959,1.58824,0.3621788,-0.9962853,0.067687,0.05323809,-2.951145,0.2368748,-0.2670765,-22.91917,0.7588361,0.1422291,-0.4708559,-0.7186437,-0.5117096,-3.21393,0.7583901,-0.2802372,-23.02954,0.8420349,0.5452137,-0.8126862,-0.546868,0.2011886,-2.089405,0.1116648,0.2795219,-0.1049082
1736099883242,-22.8959,1.58824,0.3621788,-0.9962853,0.067687,0.05323809,0,0,0,-22.91917,0.7588361,0.1422291,-0.4708559,-0.7186437,-0.5117096,0,0,0,-23.02954,0.8420349,0.5452137,-0.8126862,-0.546868,0.2011886,0,0,0,-0.1049082
1736099883265,-22.93219,1.590586,0.3599224,-0.9968901,0.05564559,0.05580217,-2.721977,0.1759797,-0.1692295,-22.9649,0.7704058,0.1423016,-0.512099,-0.6957107,-0.5037279,-3.429794,0.8677304,0.005435944,-23.05693,0.8456666,0.5458088,-0.7935452,-0.5665584,0.2220314,-2.053928,0.2723739,0.04463196,-0.1049082
1736099883269,-22.93219,1.590586,0.3599224,-0.9968901,0.05564559,0.05580217,0,0,0,-22.9649,0.7704058,0.1423016,-0.512099,-0.6957107,-0.5037279,0,0,0,-23.05693,0.8456666,0.5458088,-0.7935452,-0.5665584,0.2220314,0,0,0,-0.1049082
1736099883293,-22.96905,1.595536,0.3593712,-0.9973641,0.03373455,0.06424445,-2.764606,0.3712803,-0.04134178,-23.01261,0.7818225,0.1451588,-0.5722848,-0.6781848,-0.4610379,-3.578281,0.8562505,0.2142906,-23.08521,0.8518856,0.5455837,-0.7993751,-0.566451,0.2003325,-2.121305,0.4664272,-0.01688004,-0.1049082
1736099883298,-22.96905,1.595536,0.3593712,-0.9973641,0.03373455,0.06424445,0,0,0,-23.01261,0.7818225,0.1451588,-0.5722848,-0.6781848,-0.4610379,0,0,0,-23.08521,0.8518856,0.5455837,-0.7993751,-0.566451,0.2003325,0,0,0,-0.1049082
1736099883321,-23.00529,1.602177,0.3600101,-0.9960974,0.0358399,0.0806582,-2.717686,0.4980326,0.04792213,-23.05865,0.7933149,0.1437492,-0.6061716,-0.6677286,-0.4320817,-3.452969,0.8619279,-0.1057148,-23.11198,0.8562328,0.5492134,-0.8010407,-0.5651752,0.1972588,-2.007437,0.3260404,0.2722263,-0.1049082
1736099883326,-23.00529,1.602177,0.3600101,-0.9960974,0.0358399,0.0806582,0,0,0,-23.05865,0.7933149,0.1437492,-0.6061716,-0.6677286,-0.4320817,0,0,0,-23.11198,0.8562328,0.5492134,-0.8010407,-0.5651752,0.1972588,0,0,0,-0.1049082
1736099883349,-23.04073,1.605365,0.3617744,-0.994698,0.03889495,0.09520096,-2.658463,0.2390921,0.1323223,-23.10753,0.801406,0.1393013,-0.6160095,-0.6456719,-0.4512658,-3.666115,0.6068364,-0.3335953,-23.13952,0.8569567,0.5575523,-0.7865722,-0.5715705,0.233691,-2.065945,0.05429238,0.6254196,-0.1076949
1736099883355,-23.04073,1.605365,0.3617744,-0.994698,0.03889495,0.09520096,0,0,0,-23.10753,0.801406,0.1393013,-0.6160095,-0.6456719,-0.4512658,0,0,0,-23.13952,0.8569567,0.5575523,-0.7865722,-0.5715705,0.233691,0,0,0,-0.1076949
1736099883377,-23.07581,1.605845,0.3642559,-0.9933081,0.0359782,0.1097506,-2.630424,0.03603101,0.1861095,-23.15512,0.8084947,0.138134,-0.6227118,-0.627928,-0.4668369,-3.568554,0.5316496,-0.0875473,-23.16663,0.8557259,0.5669441,-0.7553353,-0.5874774,0.2904122,-2.0329,-0.09230822,0.7043839,-0.1109579
1736099883383,-23.07581,1.605845,0.3642559,-0.9933081,0.0359782,0.1097506,0,0,0,-23.15512,0.8084947,0.138134,-0.6227118,-0.627928,-0.4668369,0,0,0,-23.16663,0.8557259,0.5669441,-0.7553353,-0.5874774,0.2904122,0,0,0,-0.1109579
1736099883405,-23.11059,1.605324,0.3669243,-0.9914554,0.03653923,0.125227,-2.608538,-0.03908873,0.2001286,-23.20237,0.8160491,0.1418228,-0.6441491,-0.6158597,-0.45364,-3.543806,0.5665809,0.2766609,-23.19333,0.8519962,0.5740166,-0.7287742,-0.6021825,0.3259826,-2.00243,-0.2797276,0.5304337,-0.113873
1736099883410,-23.11059,1.605324,0.3669243,-0.9914554,0.03653923,0.125227,0,0,0,-23.20237,0.8160491,0.1418228,-0.6441491,-0.6158597,-0.45364,0,0,0,-23.19333,0.8519962,0.5740166,-0.7287742,-0.6021825,0.3259826,0,0,0,-0.113873
1736099883414,-23.11059,1.605324,0.3669243,-0.9914554,0.03653923,0.125227,0,0,0,-23.20237,0.8160491,0.1418228,-0.6441491,-0.6158597,-0.45364,0,0,0,-23.19333,0.8519962,0.5740166,-0.7287742,-0.6021825,0.3259826,0,0,0,-0.113873
1736099883432,-23.14604,1.605343,0.369627,-0.989567,0.03970894,0.1384943,-2.659178,0.001394749,0.2027035,-23.24939,0.8234553,0.1479321,-0.6798449,-0.6055451,-0.4136736,-3.52664,0.5554631,0.4581928,-23.22012,0.8475689,0.5792141,-0.7165864,-0.6108607,0.3366799,-2.009296,-0.332053,0.3898144,-0.114011
1736099883438,-23.14604,1.605343,0.369627,-0.989567,0.03970894,0.1384943,0,0,0,-23.24939,0.8234553,0.1479321,-0.6798449,-0.6055451,-0.4136736,0,0,0,-23.22012,0.8475689,0.5792141,-0.7165864,-0.6108607,0.3366799,0,0,0,-0.114011
1736099883460,-23.18126,1.603317,0.3724098,-0.987704,0.042073,0.1505678,-2.641296,-0.1519382,0.2087116,-23.29527,0.8295891,0.1529694,-0.7138913,-0.5885738,-0.3793945,-3.441238,0.4600346,0.3777981,-23.24779,0.8418654,0.5845604,-0.7081213,-0.6154065,0.3461784,-2.075386,-0.4277587,0.4009724,-0.114011
1736099883466,-23.18126,1.603317,0.3724098,-0.987704,0.042073,0.1505678,0,0,0,-23.29527,0.8295891,0.1529694,-0.7138913,-0.5885738,-0.3793945,0,0,0,-23.24779,0.8418654,0.5845604,-0.7081213,-0.6154065,0.3461784,0,0,0,-0.114011
1736099883486,-23.21724,1.59981,0.3757534,-0.9861153,0.04360404,0.1602362,-2.698517,-0.2629906,0.2507687,-23.34068,0.8331425,0.1578846,-0.7451798,-0.5675769,-0.3500915,-3.405905,0.2665043,0.3686428,-23.27747,0.8343992,0.5906525,-0.6942802,-0.6198239,0.3657777,-2.225733,-0.5599692,0.4569054,-0.114011
1736099883492,-23.21724,1.59981,0.3757534,-0.9861153,0.04360404,0.1602362,0,0,0,-23.34068,0.8331425,0.1578846,-0.7451798,-0.5675769,-0.3500915,0,0,0,-23.27747,0.8343992,0.5906525,-0.6942802,-0.6198239,0.3657777,0,0,0,-0.114011
1736099883514,-23.25369,1.594702,0.3793144,-0.9847769,0.04696296,0.1673605,-2.733994,-0.3831357,0.2670765,-23.38423,0.8338475,0.16185,-0.7666561,-0.5494016,-0.3322601,-3.265715,0.05287975,0.2974033,-23.30751,0.826027,0.5962334,-0.676019,-0.6262494,0.3883431,-2.253199,-0.6279141,0.4185677,-0.114011
1736099883519,-23.25369,1.594702,0.3793144,-0.9847769,0.04696296,0.1673605,0,0,0,-23.38423,0.8338475,0.16185,-0.7666561,-0.5494016,-0.3322601,0,0,0,-23.30751,0.826027,0.5962334,-0.676019,-0.6262494,0.3883431,0,0,0,-0.114011
1736099883542,-23.29085,1.588864,0.3827991,-0.9839879,0.04912081,0.1713342,-2.786636,-0.437817,0.2613544,-23.42762,0.8303797,0.1644955,-0.7762587,-0.5384758,-0.3278217,-3.2547,-0.2600893,0.1984119,-23.34029,0.8167503,0.6004448,-0.6565587,-0.6356535,0.4060487,-2.458906,-0.6957516,0.3158569,-0.114011
1736099883547,-23.29085,1.588864,0.3827991,-0.9839879,0.04912081,0.1713342,0,0,0,-23.42762,0.8303797,0.1644955,-0.7762587,-0.5384758,-0.3278217,0,0,0,-23.34029,0.8167503,0.6004448,-0.6565587,-0.6356535,0.4060487,0,0,0,-0.114011
1736099883570,-23.32895,1.582097,0.3865986,-0.9836468,0.05402835,0.1718143,-2.857876,-0.5075276,0.2849579,-23.46867,0.8259268,0.1663265,-0.7787333,-0.5318648,-0.3327084,-3.078747,-0.3339618,0.1373291,-23.37552,0.8075401,0.6029148,-0.6439966,-0.6431912,0.4142146,-2.641869,-0.6907672,0.1852512,-0.114011
1736099883576,-23.32895,1.582097,0.3865986,-0.9836468,0.05402835,0.1718143,0,0,0,-23.46867,0.8259268,0.1663265,-0.7787333,-0.5318648,-0.3327084,0,0,0,-23.37552,0.8075401,0.6029148,-0.6439966,-0.6431912,0.4142146,0,0,0,-0.114011
1736099883598,-23.36768,1.577523,0.3907166,-0.9846419,0.05579084,0.1654333,-2.904797,-0.3430456,0.3088474,-23.50705,0.8194849,0.1674213,-0.7746307,-0.5294151,-0.3459299,-2.878475,-0.4831418,0.08211136,-23.41281,0.7985929,0.6029339,-0.6432177,-0.6471536,0.409223,-2.796507,-0.6710351,0.001430511,-0.114011
1736099883603,-23.36768,1.577523,0.3907166,-0.9846419,0.05579084,0.1654333,0,0,0,-23.50705,0.8194849,0.1674213,-0.7746307,-0.5294151,-0.3459299,0,0,0,-23.41281,0.7985929,0.6029339,-0.6432177,-0.6471536,0.409223,0,0,0,-0.114011
1736099883626,-23.4072,1.572594,0.394762,-0.9859806,0.05429749,0.1577787,-2.963448,-0.369662,0.3034115,-23.5418,0.8124129,0.1680241,-0.7626002,-0.5347746,-0.3639474,-2.605963,-0.5304068,0.04520416,-23.45255,0.7911966,0.6014462,-0.6512299,-0.6510729,0.389877,-2.981043,-0.5547255,-0.1115799,-0.114011
1736099883632,-23.4072,1.572594,0.394762,-0.9859806,0.05429749,0.1577787,0,0,0,-23.5418,0.8124129,0.1680241,-0.7626002,-0.5347746,-0.3639474,0,0,0,-23.45255,0.7911966,0.6014462,-0.6512299,-0.6510729,0.389877,0,0,0,-0.114011
1736099883654,-23.4449,1.568237,0.3980598,-0.9881563,0.04135818,0.1477734,-2.828121,-0.3268003,0.2473354,-23.57428,0.8054525,0.1686497,-0.7436424,-0.5523593,-0.3766904,-2.436304,-0.5220249,0.04692078,-23.49489,0.7864211,0.6008739,-0.6559982,-0.6565,0.3723898,-3.175592,-0.3581598,-0.04291534,-0.114011
1736099883659,-23.4449,1.568237,0.3980598,-0.9881563,0.04135818,0.1477734,0,0,0,-23.57428,0.8054525,0.1686497,-0.7436424,-0.5523593,-0.3766904,0,0,0,-23.49489,0.7864211,0.6008739,-0.6559982,-0.6565,0.3723898,0,0,0,-0.114011
1736099883682,-23.48513,1.579657,0.4022827,-0.9903226,0.03702766,0.1337538,-3.016949,0.856483,0.3167152,-23.60382,0.7997514,0.1660728,-0.7199473,-0.5626336,-0.4063488,-2.215433,-0.4275844,-0.1932621,-23.53775,0.7853243,0.6016407,-0.6571811,-0.6574181,0.3686662,-3.214216,-0.08225888,0.05750656,-0.114011
1736099883687,-23.48513,1.579657,0.4022827,-0.9903226,0.03702766,0.1337538,0,0,0,-23.60382,0.7997514,0.1660728,-0.7199473,-0.5626336,-0.4063488,0,0,0,-23.53775,0.7853243,0.6016407,-0.6571811,-0.6574181,0.3686662,0,0,0,-0.114011
1736099883710,-23.52491,1.581186,0.4051323,-0.9889458,0.06557489,0.1329907,-2.983332,0.1147091,0.2137184,-23.62741,0.7982437,0.1621037,-0.6643754,-0.5852935,-0.4647985,-1.76897,-0.1130775,-0.2976894,-23.57871,0.7861469,0.6006107,-0.6404406,-0.6783427,0.3601211,-3.07188,0.06169081,-0.07724762,-0.114011
1736099883715,-23.52491,1.581186,0.4051323,-0.9889458,0.06557489,0.1329907,0,0,0,-23.62741,0.7982437,0.1621037,-0.6643754,-0.5852935,-0.4647985,0,0,0,-23.57871,0.7861469,0.6006107,-0.6404406,-0.6783427,0.3601211,0,0,0,-0.114011
1736099883738,-23.56127,1.58207,0.4060135,-0.9898815,0.06354628,0.1268741,-2.726984,0.06626844,0.06608963,-23.65207,0.7978966,0.1638832,-0.6200065,-0.6210867,-0.4794202,-1.849937,-0.02603084,0.1334667,-23.62506,0.794384,0.5965862,-0.6680921,-0.6625616,0.3386229,-3.476143,0.6177843,-0.3018379,-0.114011
1736099883742,-23.56127,1.58207,0.4060135,-0.9898815,0.06354628,0.1268741,0,0,0,-23.65207,0.7978966,0.1638832,-0.6200065,-0.6210867,-0.4794202,0,0,0,-23.62506,0.794384,0.5965862,-0.6680921,-0.6625616,0.3386229,0,0,0,-0.114011
1736099883765,-23.59757,1.585546,0.4058514,-0.9930487,0.03605854,0.1120467,-2.722692,0.2607465,-0.01215935,-23.67842,0.799396,0.1677475,-0.6251738,-0.6324525,-0.4573424,-1.976395,0.1124516,0.2898216,-23.67379,0.8055243,0.5916233,-0.7125409,-0.6366631,0.2948658,-3.654957,0.8355215,-0.3722191,-0.114011
1736099883770,-23.59757,1.585546,0.4058514,-0.9930487,0.03605854,0.1120467,0,0,0,-23.67842,0.799396,0.1677475,-0.6251738,-0.6324525,-0.4573424,0,0,0,-23.67379,0.8055243,0.5916233,-0.7125409,-0.6366631,0.2948658,0,0,0,-0.114011
1736099883774,-23.59757,1.585546,0.4058514,-0.9930487,0.03605854,0.1120467,0,0,0,-23.67842,0.799396,0.1677475,-0.6251738,-0.6324525,-0.4573424,0,0,0,-23.67379,0.8055243,0.5916233,-0.7125409,-0.6366631,0.2948658,0,0,0,-0.114011
1736099883793,-23.63395,1.590837,0.4044666,-0.9944335,0.03290147,0.1001006,-2.728415,0.3967702,-0.1038551,-23.7054,0.8038037,0.1683483,-0.6509741,-0.6218484,-0.4353597,-2.022886,0.3305778,0.04506111,-23.71931,0.8142155,0.5879021,-0.7377303,-0.6297933,0.2431349,-3.414345,0.6518394,-0.2790928,-0.114011
1736099883798,-23.63395,1.590837,0.4044666,-0.9944335,0.03290147,0.1001006,0,0,0,-23.7054,0.8038037,0.1683483,-0.6509741,-0.6218484,-0.4353597,0,0,0,-23.71931,0.8142155,0.5879021,-0.7377303,-0.6297933,0.2431349,0,0,0,-0.114011
1736099883821,-23.66935,1.597963,0.4020519,-0.9954501,0.03280955,0.0894599,-2.655029,0.5344391,-0.1811028,-23.7319,0.8089962,0.1650753,-0.6498945,-0.617892,-0.4425461,-1.98741,0.3894389,-0.2454758,-23.76449,0.823492,0.5874062,-0.748072,-0.6203807,0.2356189,-3.388453,0.6957382,-0.0371933,-0.114011
1736099883826,-23.66935,1.597963,0.4020519,-0.9954501,0.03280955,0.0894599,0,0,0,-23.7319,0.8089962,0.1650753,-0.6498945,-0.617892,-0.4425461,0,0,0,-23.76449,0.823492,0.5874062,-0.748072,-0.6203807,0.2356189,0,0,0,-0.114011
1736099883848,-23.70362,1.602145,0.3984489,-0.9964548,0.03034703,0.07846797,-2.570057,0.3136933,-0.2702236,-23.75857,0.8144607,0.1591434,-0.6061746,-0.6298603,-0.4856217,-2.000284,0.4098371,-0.4448891,-23.8099,0.8344914,0.585928,-0.7581368,-0.6038648,0.2461221,-3.405476,0.8249581,-0.1108646,-0.114011
1736099883853,-23.70362,1.602145,0.3984489,-0.9964548,0.03034703,0.07846797,0,0,0,-23.75857,0.8144607,0.1591434,-0.6061746,-0.6298603,-0.4856217,0,0,0,-23.8099,0.8344914,0.585928,-0.7581368,-0.6038648,0.2461221,0,0,0,-0.114011
1736099883876,-23.73834,1.604858,0.3945179,-0.9975346,0.02733231,0.06463581,-2.604103,0.2034724,-0.2948284,-23.78557,0.8165637,0.1549854,-0.5650747,-0.6493205,-0.5089935,-2.025032,0.1577273,-0.3118515,-23.85564,0.845303,0.581028,-0.773136,-0.589456,0.2340994,-3.430223,0.8108675,-0.3674984,-0.114011
1736099883881,-23.73834,1.604858,0.3945179,-0.9975346,0.02733231,0.06463581,0,0,0,-23.78557,0.8165637,0.1549854,-0.5650747,-0.6493205,-0.5089935,0,0,0,-23.85564,0.845303,0.581028,-0.773136,-0.589456,0.2340994,0,0,0,-0.114011
1736099883904,-23.77357,1.605518,0.3903732,-0.9982032,0.03069834,0.05146098,-2.642155,0.04945993,-0.3108501,-23.81287,0.8155955,0.1520214,-0.5541397,-0.6535518,-0.5155579,-2.048063,-0.07261634,-0.2223015,-23.90171,0.8546801,0.5738888,-0.7935612,-0.5741354,0.2015676,-3.455257,0.7032797,-0.5354404,-0.1141446
1736099883910,-23.77357,1.605518,0.3903732,-0.9982032,0.03069834,0.05146098,0,0,0,-23.81287,0.8155955,0.1520214,-0.5541397,-0.6535518,-0.5155579,0,0,0,-23.90171,0.8546801,0.5738888,-0.7935612,-0.5741354,0.2015676,0,0,0,-0.1141446
1736099883932,-23.80826,1.60417,0.385746,-0.9986087,0.03767547,0.03689772,-2.6021,-0.1010835,-0.3470421,-23.84177,0.8123924,0.1478157,-0.5497646,-0.6525502,-0.5214765,-2.167368,-0.2402321,-0.3154278,-23.94668,0.8613556,0.5660439,-0.8158113,-0.5546544,0.1637391,-3.373003,0.5006656,-0.5883694,-0.1141446
1736099883937,-23.80826,1.60417,0.385746,-0.9986087,0.03767547,0.03689772,0,0,0,-23.84177,0.8123924,0.1478157,-0.5497646,-0.6525502,-0.5214765,0,0,0,-23.94668,0.8613556,0.5660439,-0.8158113,-0.5546544,0.1637391,0,0,0,-0.1141446
1736099883960,-23.8437,1.601419,0.3814564,-0.9988779,0.04196038,0.0219686,-2.65789,-0.2063334,-0.321722,-23.87183,0.8061599,0.1416798,-0.5282556,-0.653385,-0.5422499,-2.254343,-0.4674375,-0.4601955,-23.99132,0.8640239,0.5583115,-0.83179,-0.5397207,0.12972,-3.347683,0.2001241,-0.5799294,-0.1141446
1736099883965,-23.8437,1.601419,0.3814564,-0.9988779,0.04196038,0.0219686,0,0,0,-23.87183,0.8061599,0.1416798,-0.5282556,-0.653385,-0.5422499,0,0,0,-23.99132,0.8640239,0.5583115,-0.83179,-0.5397207,0.12972,0,0,0,-0.1141446
1736099883988,-23.87881,1.597238,0.3766594,-0.9989119,0.04555818,0.009992898,-2.632856,-0.3135681,-0.3597736,-23.90206,0.7975116,0.1366539,-0.4996827,-0.6592283,-0.5619035,-2.267075,-0.6486207,-0.3769398,-24.0351,0.8635208,0.5516567,-0.8430266,-0.5272096,0.1065663,-3.283453,-0.03773421,-0.4991055,-0.1141446
1736099883993,-23.87881,1.597238,0.3766594,-0.9989119,0.04555818,0.009992898,0,0,0,-23.90206,0.7975116,0.1366539,-0.4996827,-0.6592283,-0.5619035,0,0,0,-24.0351,0.8635208,0.5516567,-0.8430266,-0.5272096,0.1065663,0,0,0,-0.1141446
1736099884016,-23.91434,1.591707,0.3717556,-0.9988021,0.04885539,0.002824903,-2.665186,-0.4147768,-0.3677845,-23.93333,0.7853089,0.1323605,-0.4691921,-0.6726224,-0.5722215,-2.345181,-0.9152055,-0.3220081,-24.07835,0.8594372,0.5461159,-0.8501463,-0.5172324,0.09860271,-3.243971,-0.306268,-0.4155636,-0.1141446
1736099884021,-23.91434,1.591707,0.3717556,-0.9988021,0.04885539,0.002824903,0,0,0,-23.93333,0.7853089,0.1323605,-0.4691921,-0.6726224,-0.5722215,0,0,0,-24.07835,0.8594372,0.5461159,-0.8501463,-0.5172324,0.09860271,0,0,0,-0.1141446
1736099884044,-23.95038,1.586088,0.3666992,-0.9985607,0.05360061,-0.001939058,-2.703094,-0.4214644,-0.3792286,-23.96371,0.7743725,0.1290016,-0.4435512,-0.6854094,-0.5774741,-2.278948,-0.8202329,-0.2519131,-24.12026,0.8548038,0.5412922,-0.8557473,-0.5079634,0.09833544,-3.14312,-0.347507,-0.3617764,-0.1141446
1736099884049,-23.95038,1.586088,0.3666992,-0.9985607,0.05360061,-0.001939058,0,0,0,-23.96371,0.7743725,0.1290016,-0.4435512,-0.6854094,-0.5774741,0,0,0,-24.12026,0.8548038,0.5412922,-0.8557473,-0.5079634,0.09833544,0,0,0,-0.1141446
1736099884071,-23.98691,1.581952,0.3613052,-0.9984275,0.05603726,-0.001732588,-2.739429,-0.3102243,-0.4045486,-23.99589,0.763216,0.1264706,-0.4264479,-0.6981449,-0.5750971,-2.413273,-0.836733,-0.1898289,-24.16035,0.8493313,0.5367813,-0.8613033,-0.4971477,0.1048875,-3.007221,-0.4104406,-0.338316,-0.1141446
1736099884076,-23.98691,1.581952,0.3613052,-0.9984275,0.05603726,-0.001732588,0,0,0,-23.99589,0.763216,0.1264706,-0.4264479,-0.6981449,-0.5750971,0,0,0,-24.16035,0.8493313,0.5367813,-0.8613033,-0.4971477,0.1048875,0,0,0,-0.1141446
1736099884099,-24.02418,1.578679,0.3557072,-0.9981443,0.06077776,0.003778279,-2.795362,-0.24544,-0.4198551,-24.02954,0.7543223,0.1243401,-0.417836,-0.7074935,-0.5699706,-2.524137,-0.6670296,-0.1597881,-24.19746,0.845412,0.5330887,-0.8639148,-0.4898617,0.1169907,-2.783203,-0.2939478,-0.276947,-0.1141446
1736099884104,-24.02418,1.578679,0.3557072,-0.9981443,0.06077776,0.003778279,0,0,0,-24.02954,0.7543223,0.1243401,-0.417836,-0.7074935,-0.5699706,0,0,0,-24.19746,0.845412,0.5330887,-0.8639148,-0.4898617,0.1169907,0,0,0,-0.1141446
1736099884127,-24.06022,1.574356,0.349926,-0.9982141,0.05886368,0.01019543,-2.702951,-0.3242522,-0.433588,-24.06686,0.7485105,0.1219234,-0.4115839,-0.717735,-0.561654,-2.79851,-0.4358858,-0.1812458,-24.23152,0.8428308,0.5293255,-0.8589724,-0.4951223,0.1304632,-2.554035,-0.193584,-0.2822399,-0.1141446
1736099884132,-24.06022,1.574356,0.349926,-0.9982141,0.05886368,0.01019543,0,0,0,-24.06686,0.7485105,0.1219234,-0.4115839,-0.717735,-0.561654,0,0,0,-24.23152,0.8428308,0.5293255,-0.8589724,-0.4951223,0.1304632,0,0,0,-0.1141446
1736099884136,-24.06022,1.574356,0.349926,-0.9982141,0.05886368,0.01019543,0,0,0,-24.06686,0.7485105,0.1219234,-0.4115839,-0.717735,-0.561654,0,0,0,-24.23152,0.8428308,0.5293255,-0.8589724,-0.4951223,0.1304632,0,0,0,-0.1141446
1736099884155,-24.09855,1.583924,0.3440685,-0.9982704,0.05527312,0.020033,-2.875042,0.7176071,-0.4393101,-24.10874,0.749386,0.1183872,-0.4093048,-0.7206887,-0.5595338,-3.14126,0.06566048,-0.2652168,-24.26201,0.8428025,0.5280857,-0.8494425,-0.5072895,0.1452757,-2.287388,-0.002127886,-0.09298325,-0.1141446
1736099884159,-24.09855,1.583924,0.3440685,-0.9982704,0.05527312,0.020033,0,0,0,-24.10874,0.749386,0.1183872,-0.4093048,-0.7206887,-0.5595338,0,0,0,-24.26201,0.8428025,0.5280857,-0.8494425,-0.5072895,0.1452757,0,0,0,-0.1141446
1736099884182,-24.13632,1.587616,0.3386459,-0.9972414,0.06545531,0.03500623,-2.832842,0.2768844,-0.4066944,-24.1492,0.7559232,0.1157761,-0.4147333,-0.726989,-0.5472513,-3.034401,0.4902899,-0.195837,-24.28819,0.8419167,0.5285473,-0.8311199,-0.526718,0.1783475,-1.963234,-0.06643385,0.03461838,-0.1141446
1736099884187,-24.13632,1.587616,0.3386459,-0.9972414,0.06545531,0.03500623,0,0,0,-24.1492,0.7559232,0.1157761,-0.4147333,-0.726989,-0.5472513,0,0,0,-24.28819,0.8419167,0.5285473,-0.8311199,-0.526718,0.1783475,0,0,0,-0.1141446
1736099884209,-24.1718,1.590009,0.3348007,-0.9974073,0.06299231,0.0347994,-2.660608,0.1795292,-0.2883911,-24.19538,0.7666897,0.115469,-0.4565347,-0.7121804,-0.5332688,-3.463411,0.807488,-0.02303123,-24.31214,0.8426017,0.5271492,-0.8071392,-0.5527857,0.2072548,-1.795864,0.05137771,-0.1048565,-0.1141446
1736099884213,-24.1718,1.590009,0.3348007,-0.9974073,0.06299231,0.0347994,0,0,0,-24.19538,0.7666897,0.115469,-0.4565347,-0.7121804,-0.5332688,0,0,0,-24.31214,0.8426017,0.5271492,-0.8071392,-0.5527857,0.2072548,0,0,0,-0.1141446
1736099884237,-24.20736,1.593251,0.3331699,-0.9984731,0.04237192,0.03544623,-2.667046,0.2431601,-0.1223087,-24.24308,0.7772746,0.1177597,-0.5211551,-0.692798,-0.4984267,-3.57728,0.7938713,0.1718044,-24.33695,0.8462999,0.5234642,-0.8026838,-0.5653942,0.1898116,-1.861238,0.2773672,-0.2763748,-0.1141446
1736099884242,-24.20736,1.593251,0.3331699,-0.9984731,0.04237192,0.03544623,0,0,0,-24.24308,0.7772746,0.1177597,-0.5211551,-0.692798,-0.4984267,0,0,0,-24.33695,0.8462999,0.5234642,-0.8026838,-0.5653942,0.1898116,0,0,0,-0.1141446
1736099884265,-24.24272,1.599331,0.3320751,-0.9982188,0.03807034,0.04593801,-2.651882,0.4559934,-0.08211136,-24.29023,0.78863,0.1189423,-0.5728825,-0.6787911,-0.4594005,-3.53651,0.851655,0.08869171,-24.36026,0.8502362,0.5229836,-0.805281,-0.567856,0.1704765,-1.747942,0.2952173,-0.03604889,-0.1141446
1736099884270,-24.24272,1.599331,0.3320751,-0.9982188,0.03807034,0.04593801,0,0,0,-24.29023,0.78863,0.1189423,-0.5728825,-0.6787911,-0.4594005,0,0,0,-24.36026,0.8502362,0.5229836,-0.805281,-0.567856,0.1704765,0,0,0,-0.1141446
1736099884293,-24.27816,1.605622,0.3325462,-0.9978059,0.03688584,0.05498338,-2.658463,0.4717648,0.03533363,-24.33727,0.7996467,0.1170025,-0.600844,-0.6580929,-0.4537625,-3.528357,0.8262545,-0.145483,-24.38299,0.8530089,0.5267868,-0.7943624,-0.5790923,0.1834142,-1.704741,0.2079517,0.285244,-0.1141446
1736099884298,-24.27816,1.605622,0.3325462,-0.9978059,0.03688584,0.05498338,0,0,0,-24.33727,0.7996467,0.1170025,-0.600844,-0.6580929,-0.4537625,0,0,0,-24.38299,0.8530089,0.5267868,-0.7943624,-0.5790923,0.1834142,0,0,0,-0.1141446
1736099884321,-24.31226,1.605968,0.3336906,-0.9975176,0.02950891,0.06393784,-2.557468,0.02600849,0.08583069,-24.38506,0.8075188,0.1163692,-0.6162438,-0.6392887,-0.4599501,-3.583574,0.5904078,-0.04749298,-24.40695,0.8511175,0.5331306,-0.7684229,-0.5981071,0.2275839,-1.796865,-0.1418531,0.4757881,-0.1177503
1736099884326,-24.31226,1.605968,0.3336906,-0.9975176,0.02950891,0.06393784,0,0,0,-24.38506,0.8075188,0.1163692,-0.6162438,-0.6392887,-0.4599501,0,0,0,-24.40695,0.8511175,0.5331306,-0.7684229,-0.5981071,0.2275839,0,0,0,-0.1177503
1736099884349,-24.34611,1.605565,0.3351002,-0.9969098,0.02646223,0.07396698,-2.538586,-0.03025532,0.1057148,-24.43147,0.8154882,0.118557,-0.6367782,-0.6285552,-0.4465786,-3.481436,0.5977035,0.1640797,-24.43116,0.8481556,0.5386944,-0.7445917,-0.6136764,0.2626494,-1.816177,-0.2221406,0.4172802,-0.1208239
1736099884354,-24.34611,1.605565,0.3351002,-0.9969098,0.02646223,0.07396698,0,0,0,-24.43147,0.8154882,0.118557,-0.6367782,-0.6285552,-0.4465786,0,0,0,-24.43116,0.8481556,0.5386944,-0.7445917,-0.6136764,0.2626494,0,0,0,-0.1208239
1736099884376,-24.38014,1.60547,0.3370342,-0.9962322,0.02864207,0.08186126,-2.552032,-0.007143617,0.1450539,-24.47771,0.8252087,0.1226444,-0.6709085,-0.6124607,-0.4180601,-3.46756,0.7290334,0.3065586,-24.45589,0.8446596,0.5431919,-0.7303065,-0.623273,0.2796128,-1.854372,-0.2621993,0.3373146,-0.1213895
1736099884382,-24.38014,1.60547,0.3370342,-0.9962322,0.02864207,0.08186126,0,0,0,-24.47771,0.8252087,0.1226444,-0.6709085,-0.6124607,-0.4180601,0,0,0,-24.45589,0.8446596,0.5431919,-0.7303065,-0.623273,0.2796128,0,0,0,-0.1213895
1736099884404,-24.41409,1.603177,0.3391209,-0.9954402,0.03158649,0.09000927,-2.546024,-0.1719564,0.156498,-24.52484,0.8330982,0.1272163,-0.7127187,-0.586193,-0.3852401,-3.53508,0.5917177,0.3428936,-24.48245,0.8391198,0.5478325,-0.7217975,-0.6278563,0.2912127,-1.992559,-0.4154876,0.3480434,-0.1213895
1736099884409,-24.41409,1.603177,0.3391209,-0.9954402,0.03158649,0.09000927,0,0,0,-24.52484,0.8330982,0.1272163,-0.7127187,-0.586193,-0.3852401,0,0,0,-24.48245,0.8391198,0.5478325,-0.7217975,-0.6278563,0.2912127,0,0,0,-0.1213895
1736099884432,-24.4488,1.600021,0.3418045,-0.9946036,0.03277103,0.09843779,-2.603388,-0.2366781,0.201273,-24.57054,0.838796,0.1315098,-0.7484911,-0.5577077,-0.358781,-3.427362,0.427334,0.3220081,-24.51065,0.8322059,0.5531998,-0.7107036,-0.631721,0.3095632,-2.114439,-0.5185425,0.4025459,-0.1213895
1736099884437,-24.4488,1.600021,0.3418045,-0.9946036,0.03277103,0.09843779,0,0,0,-24.57054,0.838796,0.1315098,-0.7484911,-0.5577077,-0.358781,0,0,0,-24.51065,0.8322059,0.5531998,-0.7107036,-0.631721,0.3095632,0,0,0,-0.1213895
1736099884460,-24.4836,1.595783,0.3446846,-0.9934272,0.04001271,0.1072451,-2.61054,-0.3178418,0.2160072,-24.61434,0.8391049,0.1341019,-0.7714319,-0.5355814,-0.3435777,-3.284597,0.02316535,0.1944065,-24.54165,0.8229018,0.5590611,-0.6953554,-0.6355569,0.3354829,-2.325439,-0.697808,0.4395962,-0.1213895
1736099884465,-24.4836,1.595783,0.3446846,-0.9934272,0.04001271,0.1072451,0,0,0,-24.61434,0.8391049,0.1341019,-0.7714319,-0.5355814,-0.3435777,0,0,0,-24.54165,0.8229018,0.5590611,-0.6953554,-0.6355569,0.3354829,0,0,0,-0.1213895
1736099884469,-24.4836,1.595783,0.3446846,-0.9934272,0.04001271,0.1072451,0,0,0,-24.61434,0.8391049,0.1341019,-0.7714319,-0.5355814,-0.3435777,0,0,0,-24.54165,0.8229018,0.5590611,-0.6953554,-0.6355569,0.3354829,0,0,0,-0.1213895
1736099884488,-24.51865,1.589942,0.3483772,-0.9925102,0.04686967,0.1128149,-2.628708,-0.4380941,0.276947,-24.65667,0.8353338,0.1354065,-0.779011,-0.524644,-0.3433528,-3.174877,-0.2828345,0.09784698,-24.57412,0.8132551,0.563549,-0.6787523,-0.6429371,0.3548627,-2.435303,-0.7234991,0.3365993,-0.1213895
1736099884492,-24.51865,1.589942,0.3483772,-0.9925102,0.04686967,0.1128149,0,0,0,-24.65667,0.8353338,0.1354065,-0.779011,-0.524644,-0.3433528,0,0,0,-24.57412,0.8132551,0.563549,-0.6787523,-0.6429371,0.3548627,0,0,0,-0.1213895
1736099884515,-24.55445,1.584172,0.352047,-0.9915772,0.05576837,0.1168973,-2.684498,-0.4327655,0.2752304,-24.69664,0.8317295,0.1367702,-0.7837433,-0.5147111,-0.3475909,-2.998066,-0.270322,0.1022816,-24.60707,0.8045309,0.5665073,-0.6661817,-0.6495956,0.366371,-2.470922,-0.6543204,0.2218723,-0.1213895
1736099884520,-24.55445,1.584172,0.352047,-0.9915772,0.05576837,0.1168973,0,0,0,-24.69664,0.8317295,0.1367702,-0.7837433,-0.5147111,-0.3475909,0,0,0,-24.60707,0.8045309,0.5665073,-0.6661817,-0.6495956,0.366371,0,0,0,-0.1213895
1736099884542,-24.59126,1.579506,0.3567123,-0.9911705,0.06363439,0.1163282,-2.761173,-0.3499746,0.3499031,-24.7337,0.8237941,0.1369801,-0.7775011,-0.5136654,-0.3628232,-2.779055,-0.5951554,0.01573563,-24.64372,0.7960621,0.5670128,-0.6648668,-0.6529663,0.3627497,-2.749014,-0.6351605,0.03790855,-0.1213895
1736099884547,-24.59126,1.579506,0.3567123,-0.9911705,0.06363439,0.1163282,0,0,0,-24.7337,0.8237941,0.1369801,-0.7775011,-0.5136654,-0.3628232,0,0,0,-24.64372,0.7960621,0.5670128,-0.6648668,-0.6529663,0.3627497,0,0,0,-0.1213895
1736099884570,-24.62874,1.575844,0.3620548,-0.9910801,0.06901811,0.1140042,-2.810669,-0.2746224,0.4006863,-24.7673,0.8163816,0.1371632,-0.7657832,-0.5183223,-0.3806822,-2.519989,-0.5559325,0.01373291,-24.68017,0.7891664,0.5667267,-0.6693892,-0.6561261,0.3484492,-2.733707,-0.5171746,-0.02145767,-0.1213895
1736099884575,-24.62874,1.575844,0.3620548,-0.9910801,0.06901811,0.1140042,0,0,0,-24.7673,0.8163816,0.1371632,-0.7657832,-0.5183223,-0.3806822,0,0,0,-24.68017,0.7891664,0.5667267,-0.6693892,-0.6561261,0.3484492,0,0,0,-0.1213895
1736099884598,-24.66603,1.571483,0.367115,-0.9911983,0.06891055,0.1130391,-2.796793,-0.3271043,0.3795147,-24.79649,0.8064394,0.1374378,-0.7427784,-0.5365158,-0.4005392,-2.189684,-0.7456675,0.02059937,-24.72166,0.7857347,0.5669594,-0.6770601,-0.6561702,0.3332124,-3.111362,-0.2573803,0.01745224,-0.1213895
1736099884603,-24.66603,1.571483,0.367115,-0.9911983,0.06891055,0.1130391,0,0,0,-24.79649,0.8064394,0.1374378,-0.7427784,-0.5365158,-0.4005392,0,0,0,-24.72166,0.7857347,0.5669594,-0.6770601,-0.6561702,0.3332124,0,0,0,-0.1213895
1736099884626,-24.70481,1.579065,0.3734474,-0.9930385,0.0495979,0.1068419,-2.908945,0.568682,0.4749298,-24.82321,0.7974793,0.1366501,-0.7102287,-0.5637525,-0.4216146,-2.00386,-0.6720051,-0.05908012,-24.76414,0.7857767,0.5689316,-0.6821404,-0.6502219,0.3345089,-3.186464,0.003151596,0.1479149,-0.1213895
1736099884631,-24.70481,1.579065,0.3734474,-0.9930385,0.0495979,0.1068419,0,0,0,-24.82321,0.7974793,0.1366501,-0.7102287,-0.5637525,-0.4216146,0,0,0,-24.76414,0.7857767,0.5689316,-0.6821404,-0.6502219,0.3345089,0,0,0,-0.1213895
1736099884654,-24.74373,1.58334,0.378828,-0.9914265,0.06165055,0.1152093,-2.918959,0.3205955,0.4035473,-24.84325,0.792664,0.1336479,-0.6509694,-0.5958966,-0.4702623,-1.502752,-0.3611505,-0.2251625,-24.80507,0.7899632,0.5709553,-0.6702887,-0.6544059,0.3499516,-3.069592,0.3139928,0.1517773,-0.1213895
1736099884659,-24.74373,1.58334,0.378828,-0.9914265,0.06165055,0.1152093,0,0,0,-24.84325,0.792664,0.1336479,-0.6509694,-0.5958966,-0.4702623,0,0,0,-24.80507,0.7899632,0.5709553,-0.6702887,-0.6544059,0.3499516,0,0,0,-0.1213895
1736099884682,-24.7799,1.582373,0.3821068,-0.9895517,0.06720351,0.1275597,-2.712107,-0.07245541,0.2459049,-24.8633,0.7907816,0.1353188,-0.5985963,-0.6376905,-0.4848031,-1.503897,-0.1411781,0.1253128,-24.84875,0.7987093,0.5695667,-0.6756147,-0.6498721,0.3481543,-3.275871,0.6559566,-0.1041412,-0.1213895
1736099884686,-24.7799,1.582373,0.3821068,-0.9895517,0.06720351,0.1275597,0,0,0,-24.8633,0.7907816,0.1353188,-0.5985963,-0.6376905,-0.4848031,0,0,0,-24.84875,0.7987093,0.5695667,-0.6756147,-0.6498721,0.3481543,0,0,0,-0.1213895
1736099884709,-24.81444,1.583238,0.3842831,-0.9912357,0.03881507,0.1262762,-2.590942,0.0648737,0.1632214,-24.88802,0.7902222,0.1398449,-0.5953935,-0.6585526,-0.4602342,-1.854086,-0.04195869,0.3394604,-24.89471,0.8097923,0.565836,-0.7082921,-0.6284181,0.3215791,-3.447104,0.831221,-0.279808,-0.1213895
1736099884714,-24.81444,1.583238,0.3842831,-0.9912357,0.03881507,0.1262762,0,0,0,-24.88802,0.7902222,0.1398449,-0.5953935,-0.6585526,-0.4602342,0,0,0,-24.89471,0.8097923,0.565836,-0.7082921,-0.6284181,0.3215791,0,0,0,-0.1213895
1736099884738,-24.8502,1.588467,0.3855362,-0.9917475,0.03139167,0.1243045,-2.682209,0.3921658,0.0939846,-24.91623,0.7929041,0.1411648,-0.627289,-0.6437215,-0.4383283,-2.11544,0.2011433,0.09899139,-24.93865,0.8185816,0.5615139,-0.7483488,-0.6111639,0.2577847,-3.295326,0.6591976,-0.3241539,-0.1213895
1736099884744,-24.8502,1.588467,0.3855362,-0.9917475,0.03139167,0.1243045,0,0,0,-24.91623,0.7929041,0.1411648,-0.627289,-0.6437215,-0.4383283,0,0,0,-24.93865,0.8185816,0.5615139,-0.7483488,-0.6111639,0.2577847,0,0,0,-0.1213895
1736099884765,-24.88551,1.593114,0.3852863,-0.9910758,0.03719781,0.1280065,-2.64802,0.3484905,-0.0187397,-24.94446,0.7982412,0.1386471,-0.6344216,-0.6283873,-0.4501545,-2.117586,0.4002839,-0.1888275,-24.98114,0.8246189,0.5617733,-0.7611139,-0.6059359,0.2314035,-3.187037,0.4528016,0.01945496,-0.1213895
1736099884770,-24.88551,1.593114,0.3852863,-0.9910758,0.03719781,0.1280065,0,0,0,-24.94446,0.7982412,0.1386471,-0.6344216,-0.6283873,-0.4501545,0,0,0,-24.98114,0.8246189,0.5617733,-0.7611139,-0.6059359,0.2314035,0,0,0,-0.1213895
1736099884775,-24.88551,1.593114,0.3852863,-0.9910758,0.03719781,0.1280065,0,0,0,-24.94446,0.7982412,0.1386471,-0.6344216,-0.6283873,-0.4501545,0,0,0,-24.98114,0.8246189,0.5617733,-0.7611139,-0.6059359,0.2314035,0,0,0,-0.1213895
1736099884793,-24.91954,1.597941,0.3839531,-0.9909172,0.03397361,0.1301132,-2.552176,0.3620356,-0.09999275,-24.97406,0.8046936,0.1333199,-0.5901675,-0.6372573,-0.4955869,-2.219725,0.4839286,-0.3995419,-25.02501,0.8333144,0.5634155,-0.7659808,-0.5912851,0.2523006,-3.290176,0.6521612,0.123167,-0.1213895
1736099884798,-24.91954,1.597941,0.3839531,-0.9909172,0.03397361,0.1301132,0,0,0,-24.97406,0.8046936,0.1333199,-0.5901675,-0.6372573,-0.4955869,0,0,0,-25.02501,0.8333144,0.5634155,-0.7659808,-0.5912851,0.2523006,0,0,0,-0.1213895
1736099884821,-24.95277,1.601869,0.3822193,-0.9908197,0.03058212,0.1316857,-2.491951,0.2946317,-0.1300335,-25.001,0.8089553,0.1308117,-0.5574473,-0.6510137,-0.5152035,-2.020597,0.3196254,-0.1881123,-25.06669,0.8416268,0.5629272,-0.7719625,-0.5819636,0.25572,-3.126097,0.6234303,-0.03662109,-0.1213895
1736099884825,-24.95277,1.601869,0.3822193,-0.9908197,0.03058212,0.1316857,0,0,0,-25.001,0.8089553,0.1308117,-0.5574473,-0.6510137,-0.5152035,0,0,0,-25.06669,0.8416268,0.5629272,-0.7719625,-0.5819636,0.25572,0,0,0,-0.1213895
1736099884847,-24.98586,1.604769,0.37994,-0.9905769,0.03282491,0.1329672,-2.481937,0.2174377,-0.1709461,-25.0283,0.8113489,0.1297646,-0.5508731,-0.6550797,-0.5171169,-2.047777,0.1795247,-0.07853508,-25.10974,0.8506217,0.5597477,-0.7832677,-0.5718575,0.2438669,-3.228664,0.6746158,-0.2384663,-0.1213895
1736099884851,-24.98586,1.604769,0.37994,-0.9905769,0.03282491,0.1329672,0,0,0,-25.0283,0.8113489,0.1297646,-0.5508731,-0.6550797,-0.5171169,0,0,0,-25.10974,0.8506217,0.5597477,-0.7832677,-0.5718575,0.2438669,0,0,0,-0.1213895
1736099884875,-25.01921,1.605864,0.3773308,-0.9899576,0.0434434,0.1345257,-2.501392,0.08212924,-0.195694,-25.05629,0.8108299,0.1284714,-0.5625728,-0.6479051,-0.5135479,-2.098846,-0.03892779,-0.09698868,-25.15215,0.8591145,0.5545025,-0.8032744,-0.5550731,0.2159727,-3.180313,0.6369621,-0.3933907,-0.1215045
1736099884880,-25.01921,1.605864,0.3773308,-0.9899576,0.0434434,0.1345257,0,0,0,-25.05629,0.8108299,0.1284714,-0.5625728,-0.6479051,-0.5135479,0,0,0,-25.15215,0.8591145,0.5545025,-0.8032744,-0.5550731,0.2159727,0,0,0,-0.1215045
1736099884903,-25.05274,1.605027,0.3744678,-0.9894269,0.05467509,0.1343332,-2.514839,-0.06278157,-0.2147198,-25.08587,0.8075165,0.1245232,-0.5581109,-0.6441998,-0.5229911,-2.218437,-0.2485067,-0.2961159,-25.19454,0.8654332,0.5491428,-0.8224903,-0.5378296,0.1850656,-3.179884,0.4739016,-0.4019737,-0.1215045
1736099884908,-25.05274,1.605027,0.3744678,-0.9894269,0.05467509,0.1343332,0,0,0,-25.08587,0.8075165,0.1245232,-0.5581109,-0.6441998,-0.5229911,0,0,0,-25.19454,0.8654332,0.5491428,-0.8224903,-0.5378296,0.1850656,0,0,0,-0.1215045
1736099884932,-25.08688,1.602029,0.3711662,-0.9896498,0.06019977,0.1302674,-2.560329,-0.2248406,-0.2476215,-25.1163,0.8013231,0.1183586,-0.5311019,-0.6448723,-0.5496101,-2.28281,-0.464505,-0.4623413,-25.23637,0.8680542,0.5443344,-0.8371055,-0.5226446,0.1615474,-3.137112,0.1965746,-0.3606319,-0.1215045
1736099884936,-25.08688,1.602029,0.3711662,-0.9896498,0.06019977,0.1302674,0,0,0,-25.1163,0.8013231,0.1183586,-0.5311019,-0.6448723,-0.5496101,0,0,0,-25.23637,0.8680542,0.5443344,-0.8371055,-0.5226446,0.1615474,0,0,0,-0.1215045
1736099884959,-25.12129,1.597663,0.3678761,-0.9898745,0.06458788,0.1264008,-2.580643,-0.327453,-0.2467632,-25.14571,0.7928697,0.1127605,-0.4918895,-0.6528284,-0.5760734,-2.205276,-0.6339982,-0.4198551,-25.27738,0.8676234,0.5407791,-0.84695,-0.5098549,0.1507447,-3.0756,-0.03231168,-0.2666473,-0.1215045
1736099884965,-25.12129,1.597663,0.3678761,-0.9898745,0.06458788,0.1264008,0,0,0,-25.14571,0.7928697,0.1127605,-0.4918895,-0.6528284,-0.5760734,0,0,0,-25.27738,0.8676234,0.5407791,-0.84695,-0.5098549,0.1507447,0,0,0,-0.1215045
1736099884987,-25.1563,1.592067,0.3639774,-0.9903409,0.06748255,0.1211246,-2.625847,-0.4196942,-0.2923965,-25.17542,0.7816666,0.1079502,-0.4532104,-0.6638193,-0.5949328,-2.22888,-0.8402377,-0.360775,-25.31766,0.8643749,0.537796,-0.8530363,-0.5005016,0.1477414,-3.020811,-0.2436385,-0.223732,-0.1215045
1736099884992,-25.1563,1.592067,0.3639774,-0.9903409,0.06748255,0.1211246,0,0,0,-25.17542,0.7816666,0.1079502,-0.4532104,-0.6638193,-0.5949328,0,0,0,-25.31766,0.8643749,0.537796,-0.8530363,-0.5005016,0.1477414,0,0,0,-0.1215045
1736099885015,-25.19244,1.586574,0.3599396,-0.9905688,0.07174808,0.1167312,-2.710247,-0.4119784,-0.3028393,-25.20574,0.7695282,0.1051483,-0.4242639,-0.6743152,-0.6044006,-2.273369,-0.910382,-0.2101421,-25.35705,0.8590006,0.5352077,-0.8574495,-0.4921315,0.1502907,-2.954435,-0.4030734,-0.1941204,-0.1215045
1736099885021,-25.19244,1.586574,0.3599396,-0.9905688,0.07174808,0.1167312,0,0,0,-25.20574,0.7695282,0.1051483,-0.4242639,-0.6743152,-0.6044006,0,0,0,-25.35705,0.8590006,0.5352077,-0.8574495,-0.4921315,0.1502907,0,0,0,-0.1215045
1736099885043,-25.22931,1.582171,0.3558636,-0.9906378,0.07372054,0.1149028,-2.765179,-0.330171,-0.3057003,-25.23612,0.7582381,0.1037846,-0.40385,-0.6859844,-0.6052526,-2.278805,-0.846751,-0.1022816,-25.39396,0.854125,0.5331669,-0.8605872,-0.4849343,0.1556562,-2.76804,-0.36567,-0.1530647,-0.1215045
1736099885049,-25.22931,1.582171,0.3558636,-0.9906378,0.07372054,0.1149028,0,0,0,-25.23612,0.7582381,0.1037846,-0.40385,-0.6859844,-0.6052526,0,0,0,-25.39396,0.854125,0.5331669,-0.8605872,-0.4849343,0.1556562,0,0,0,-0.1215045
1736099885070,-25.26628,1.57792,0.3512611,-0.9902267,0.07428254,0.118039,-2.773333,-0.3188789,-0.3451824,-25.26939,0.7490339,0.1034775,-0.3924164,-0.7015061,-0.5948943,-2.495527,-0.6903201,-0.02303123,-25.42791,0.8492106,0.5318851,-0.8572382,-0.4866221,0.1683505,-2.546597,-0.3685802,-0.09613037,-0.1215045
1736099885075,-25.26628,1.57792,0.3512611,-0.9902267,0.07428254,0.118039,0,0,0,-25.26939,0.7490339,0.1034775,-0.3924164,-0.7015061,-0.5948943,0,0,0,-25.42791,0.8492106,0.5318851,-0.8572382,-0.4866221,0.1683505,0,0,0,-0.1215045
1736099885098,-25.30284,1.57542,0.3470325,-0.9908255,0.06192017,0.1201301,-2.741861,-0.1874506,-0.3171444,-25.3059,0.7434191,0.1025734,-0.3833491,-0.7158084,-0.5836635,-2.738142,-0.4211113,-0.06780624,-25.4596,0.8449697,0.5306053,-0.8497319,-0.4955474,0.1799694,-2.376509,-0.3180653,-0.09598732,-0.1215045
1736099885103,-25.30284,1.57542,0.3470325,-0.9908255,0.06192017,0.1201301,0,0,0,-25.3059,0.7434191,0.1025734,-0.3833491,-0.7158084,-0.5836635,0,0,0,-25.4596,0.8449697,0.5306053,-0.8497319,-0.4955474,0.1799694,0,0,0,-0.1215045
1736099885126,-25.34131,1.585054,0.3426018,-0.9892694,0.06272576,0.1319541,-2.885056,0.7225156,-0.3323078,-25.3468,0.7453048,0.1005898,-0.3785549,-0.7201037,-0.5815042,-3.067017,0.1414329,-0.1487732,-25.48795,0.8428399,0.5321541,-0.8354148,-0.5102538,0.2042636,-2.126455,-0.1597345,0.1161575,-0.1215045
1736099885133,-25.34131,1.585054,0.3426018,-0.9892694,0.06272576,0.1319541,0,0,0,-25.3468,0.7453048,0.1005898,-0.3785549,-0.7201037,-0.5815042,0,0,0,-25.48795,0.8428399,0.5321541,-0.8354148,-0.5102538,0.2042636,0,0,0,-0.1215045
1736099885139,-25.34131,1.585054,0.3426018,-0.9892694,0.06272576,0.1319541,0,0,0,-25.3468,0.7453048,0.1005898,-0.3785549,-0.7201037,-0.5815042,0,0,0,-25.48795,0.8428399,0.5321541,-0.8354148,-0.5102538,0.2042636,0,0,0,-0.1215045
1736099885154,-25.37817,1.588725,0.3402233,-0.9867945,0.07316301,0.144514,-2.764893,0.2753019,-0.1783848,-25.39069,0.7560835,0.1002464,-0.4026259,-0.7212697,-0.563616,-3.292322,0.8084044,-0.02574921,-25.51116,0.8407148,0.5340939,-0.8019435,-0.5428843,0.2493262,-1.74036,-0.1593858,0.145483,-0.1215045
1736099885159,-25.37817,1.588725,0.3402233,-0.9867945,0.07316301,0.144514,0,0,0,-25.39069,0.7560835,0.1002464,-0.4026259,-0.7212697,-0.563616,0,0,0,-25.51116,0.8407148,0.5340939,-0.8019435,-0.5428843,0.2493262,0,0,0,-0.1215045
1736099885182,-25.41397,1.591814,0.3378506,-0.9872263,0.06839342,0.1438985,-2.684784,0.231716,-0.1779556,-25.43416,0.7650193,0.1013603,-0.4453849,-0.7080603,-0.5479813,-3.260136,0.6701812,0.08354187,-25.53527,0.8407119,0.5333366,-0.780148,-0.566299,0.2658477,-1.808596,-0.0002145767,-0.05679131,-0.1215045
1736099885187,-25.41397,1.591814,0.3378506,-0.9872263,0.06839342,0.1438985,0,0,0,-25.43416,0.7650193,0.1013603,-0.4453849,-0.7080603,-0.5479813,0,0,0,-25.53527,0.8407119,0.5333366,-0.780148,-0.566299,0.2658477,0,0,0,-0.1215045
1736099885207,-25.44938,1.596832,0.3365517,-0.9879518,0.0564863,0.1440872,-2.656031,0.3763407,-0.09741783,-25.48342,0.7761405,0.1046505,-0.5218946,-0.6864364,-0.5063913,-3.69401,0.834091,0.2467632,-25.56021,0.8433897,0.531744,-0.7771782,-0.5792814,0.2458193,-1.870394,0.2008393,-0.1194477,-0.1215045
1736099885213,-25.44938,1.596832,0.3365517,-0.9879518,0.0564863,0.1440872,0,0,0,-25.48342,0.7761405,0.1046505,-0.5218946,-0.6864364,-0.5063913,0,0,0,-25.56021,0.8433897,0.531744,-0.7771782,-0.5792814,0.2458193,0,0,0,-0.1215045
1736099885235,-25.48458,1.602391,0.3365097,-0.9873616,0.05244769,0.1495546,-2.63958,0.4169315,-0.003147125,-25.53133,0.7869235,0.1051636,-0.5719758,-0.6694328,-0.4740293,-3.593588,0.8087263,0.03848076,-25.58293,0.8451633,0.531086,-0.7779534,-0.5853266,0.2284324,-1.704311,0.1330197,-0.04935265,-0.1215045
1736099885241,-25.48458,1.602391,0.3365097,-0.9873616,0.05244769,0.1495546,0,0,0,-25.53133,0.7869235,0.1051636,-0.5719758,-0.6694328,-0.4740293,0,0,0,-25.58293,0.8451633,0.531086,-0.7779534,-0.5853266,0.2284324,0,0,0,-0.1215045
1736099885264,-25.51921,1.605719,0.3370361,-0.9871057,0.05318869,0.1509746,-2.597094,0.2496153,0.03948212,-25.58104,0.7960277,0.1028481,-0.5809985,-0.6486051,-0.4916835,-3.728199,0.6828144,-0.1736641,-25.60682,0.8435438,0.5357609,-0.7644423,-0.5985228,0.2395806,-1.791143,-0.1214638,0.3506184,-0.1245451
1736099885271,-25.51921,1.605719,0.3370361,-0.9871057,0.05318869,0.1509746,0,0,0,-25.58104,0.7960277,0.1028481,-0.5809985,-0.6486051,-0.4916835,0,0,0,-25.60682,0.8435438,0.5357609,-0.7644423,-0.5985228,0.2395806,0,0,0,-0.1245451
1736099885291,-25.55386,1.60612,0.3388386,-0.9867401,0.04911619,0.1546991,-2.598953,0.03004074,0.1351833,-25.62833,0.8041117,0.1035843,-0.5920488,-0.631408,-0.5008023,-3.54681,0.6062999,0.05521774,-25.63267,0.8410233,0.5428028,-0.7339815,-0.6165159,0.2849202,-1.939344,-0.1890421,0.5281448,-0.1283712
1736099885297,-25.55386,1.60612,0.3388386,-0.9867401,0.04911619,0.1546991,0,0,0,-25.62833,0.8041117,0.1035843,-0.5920488,-0.631408,-0.5008023,0,0,0,-25.63267,0.8410233,0.5428028,-0.7339815,-0.6165159,0.2849202,0,0,0,-0.1283712
1736099885319,-25.58788,1.605451,0.340065,-0.9862083,0.04799774,0.1583979,-2.551603,-0.05017519,0.09198189,-25.67517,0.8117087,0.1070518,-0.6190422,-0.6177369,-0.4849623,-3.513193,0.5697772,0.260067,-25.65891,0.8372574,0.5481625,-0.7109144,-0.6279115,0.3167461,-1.967812,-0.2824366,0.4019737,-0.1314597
1736099885325,-25.58788,1.605451,0.340065,-0.9862083,0.04799774,0.1583979,0,0,0,-25.67517,0.8117087,0.1070518,-0.6190422,-0.6177369,-0.4849623,0,0,0,-25.65891,0.8372574,0.5481625,-0.7109144,-0.6279115,0.3167461,0,0,0,-0.1314597
1736099885348,-25.62199,1.60525,0.3415985,-0.9856613,0.05205719,0.1605068,-2.558327,-0.01504719,0.1150131,-25.72234,0.8206727,0.11339,-0.6644673,-0.6024774,-0.4421592,-3.537798,0.6722957,0.475359,-25.68652,0.8336137,0.5528641,-0.7006721,-0.6330727,0.3290556,-2.070808,-0.2732813,0.3526211,-0.1314756
1736099885353,-25.62199,1.60525,0.3415985,-0.9856613,0.05205719,0.1605068,0,0,0,-25.72234,0.8206727,0.11339,-0.6644673,-0.6024774,-0.4421592,0,0,0,-25.68652,0.8336137,0.5528641,-0.7006721,-0.6330727,0.3290556,0,0,0,-0.1314756
1736099885376,-25.65658,1.603154,0.3435116,-0.9852117,0.05521221,0.1622037,-2.593946,-0.1571864,0.1434803,-25.76918,0.8273985,0.1192646,-0.7077004,-0.5788984,-0.4050157,-3.512907,0.5044386,0.4405975,-25.71543,0.8286881,0.5571384,-0.6953288,-0.6346595,0.3372321,-2.168369,-0.3694162,0.3205776,-0.1314756
1736099885383,-25.65658,1.603154,0.3435116,-0.9852117,0.05521221,0.1622037,0,0,0,-25.76918,0.8273985,0.1192646,-0.7077004,-0.5788984,-0.4050157,0,0,0,-25.71543,0.8286881,0.5571384,-0.6953288,-0.6346595,0.3372321,0,0,0,-0.1314756
1736099885404,-25.69161,1.599238,0.3451862,-0.9849752,0.05601258,0.1633614,-2.627277,-0.2937466,0.1255989,-25.81524,0.8312554,0.1244602,-0.7435344,-0.5527949,-0.3762646,-3.454399,0.2892628,0.3896713,-25.74725,0.8224478,0.5626602,-0.6868406,-0.6347421,0.3540519,-2.386522,-0.4680231,0.4141331,-0.1314756
1736099885409,-25.69161,1.599238,0.3451862,-0.9849752,0.05601258,0.1633614,0,0,0,-25.81524,0.8312554,0.1244602,-0.7435344,-0.5527949,-0.3762646,0,0,0,-25.74725,0.8224478,0.5626602,-0.6868406,-0.6347421,0.3540519,0,0,0,-0.1314756
1736099885414,-25.69161,1.599238,0.3451862,-0.9849752,0.05601258,0.1633614,0,0,0,-25.81524,0.8312554,0.1244602,-0.7435344,-0.5527949,-0.3762646,0,0,0,-25.74725,0.8224478,0.5626602,-0.6868406,-0.6347421,0.3540519,0,0,0,-0.1314756
1736099885431,-25.7262,1.593172,0.347044,-0.9852178,0.0572189,0.1614695,-2.594376,-0.4549205,0.1393318,-25.86057,0.8318262,0.1280689,-0.762525,-0.5331615,-0.366462,-3.399324,0.04280806,0.2706528,-25.78044,0.8148707,0.5674553,-0.6747386,-0.637392,0.3721012,-2.488947,-0.5682841,0.3596306,-0.1314756
1736099885437,-25.7262,1.593172,0.347044,-0.9852178,0.0572189,0.1614695,0,0,0,-25.86057,0.8318262,0.1280689,-0.762525,-0.5331615,-0.366462,0,0,0,-25.78044,0.8148707,0.5674553,-0.6747386,-0.637392,0.3721012,0,0,0,-0.1314756
1736099885459,-25.76246,1.587289,0.3490524,-0.9856613,0.05763976,0.1585869,-2.719402,-0.4412144,0.1506329,-25.9027,0.8306352,0.131176,-0.775878,-0.5183259,-0.3596554,-3.159857,-0.08931756,0.2330303,-25.81315,0.8073258,0.5710373,-0.6640121,-0.6415759,0.3840162,-2.453041,-0.5658656,0.2686501,-0.1314756
1736099885465,-25.76246,1.587289,0.3490524,-0.9856613,0.05763976,0.1585869,0,0,0,-25.9027,0.8306352,0.131176,-0.775878,-0.5183259,-0.3596554,0,0,0,-25.81315,0.8073258,0.5710373,-0.6640121,-0.6415759,0.3840162,0,0,0,-0.1314756
1736099885486,-25.7998,1.581238,0.351265,-0.9861392,0.0621205,0.153853,-2.800798,-0.4538298,0.1659393,-25.94333,0.8260719,0.1335926,-0.7793775,-0.510031,-0.3639224,-3.047705,-0.3422499,0.1812458,-25.84926,0.7987661,0.572794,-0.6626546,-0.6434184,0.3832778,-2.70853,-0.6419823,0.1317501,-0.1314756
1736099885491,-25.7998,1.581238,0.351265,-0.9861392,0.0621205,0.153853,0,0,0,-25.94333,0.8260719,0.1335926,-0.7793775,-0.510031,-0.3639224,0,0,0,-25.84926,0.7987661,0.572794,-0.6626546,-0.6434184,0.3832778,0,0,0,-0.1314756
1736099885514,-25.8378,1.577341,0.3537502,-0.9875886,0.06245318,0.1441134,-2.850151,-0.2922982,0.1863956,-25.98087,0.8184974,0.1359501,-0.7773941,-0.5074422,-0.371701,-2.815247,-0.5680874,0.1768112,-25.88603,0.7909078,0.5733624,-0.6652395,-0.6470693,0.3725024,-2.75774,-0.5893707,0.04262924,-0.1314756
1736099885520,-25.8378,1.577341,0.3537502,-0.9875886,0.06245318,0.1441134,0,0,0,-25.98087,0.8184974,0.1359501,-0.7773941,-0.5074422,-0.371701,0,0,0,-25.88603,0.7909078,0.5733624,-0.6652395,-0.6470693,0.3725024,0,0,0,-0.1314756
1736099885542,-25.87606,1.573263,0.3564434,-0.98931,0.06270366,0.1316594,-2.868891,-0.3058702,0.2019882,-26.01378,0.8101833,0.1365814,-0.765447,-0.5126632,-0.388932,-2.468491,-0.6235555,0.04734993,-25.92489,0.7852845,0.5735035,-0.6687613,-0.6527414,0.3559315,-2.914381,-0.4217505,0.01058578,-0.1314756
1736099885548,-25.87606,1.573263,0.3564434,-0.98931,0.06270366,0.1316594,0,0,0,-26.01378,0.8101833,0.1365814,-0.765447,-0.5126632,-0.388932,0,0,0,-25.92489,0.7852845,0.5735035,-0.6687613,-0.6527414,0.3559315,0,0,0,-0.1314756
1736099885570,-25.9143,1.570902,0.3590126,-0.991206,0.05010129,0.1224774,-2.868462,-0.1770347,0.1926899,-26.04385,0.8023352,0.1380901,-0.7426419,-0.5332639,-0.4051087,-2.254772,-0.5886108,0.1131535,-25.96689,0.7828572,0.5747414,-0.6724166,-0.6537402,0.3471024,-3.149986,-0.182046,0.09284019,-0.1314756
1736099885576,-25.9143,1.570902,0.3590126,-0.991206,0.05010129,0.1224774,0,0,0,-26.04385,0.8023352,0.1380901,-0.7426419,-0.5332639,-0.4051087,0,0,0,-25.96689,0.7828572,0.5747414,-0.6724166,-0.6537402,0.3471024,0,0,0,-0.1314756
1736099885598,-25.9542,1.582127,0.3616142,-0.9930841,0.04735595,0.1074328,-2.992058,0.841856,0.1951218,-26.0702,0.7962081,0.1363735,-0.7095733,-0.5543236,-0.435008,-1.976681,-0.4595339,-0.128746,-26.00814,0.7842038,0.5767002,-0.6729608,-0.6510028,0.3511685,-3.094196,0.1009986,0.1469135,-0.1314756
1736099885604,-25.9542,1.582127,0.3616142,-0.9930841,0.04735595,0.1074328,0,0,0,-26.0702,0.7962081,0.1363735,-0.7095733,-0.5543236,-0.435008,0,0,0,-26.00814,0.7842038,0.5767002,-0.6729608,-0.6510028,0.3511685,0,0,0,-0.1314756
1736099885626,-25.99321,1.582912,0.3629246,-0.991785,0.06733076,0.1087639,-2.925968,0.05884767,0.09827614,-26.09128,0.7926372,0.1346607,-0.6538109,-0.5850729,-0.4798138,-1.581001,-0.2678141,-0.1284599,-26.04848,0.7896589,0.5774708,-0.6602614,-0.6644213,0.3501421,-3.025103,0.4091308,0.05779266,-0.1314756
1736099885636,-25.99321,1.582912,0.3629246,-0.991785,0.06733076,0.1087639,0,0,0,-26.09128,0.7926372,0.1346607,-0.6538109,-0.5850729,-0.4798138,0,0,0,-26.04848,0.7896589,0.5774708,-0.6602614,-0.6644213,0.3501421,0,0,0,-0.1314756
1736099885654,-26.02931,1.583577,0.3621693,-0.9930166,0.05391657,0.104934,-2.707672,0.04992485,-0.05664825,-26.11289,0.7904181,0.1375504,-0.6099731,-0.6298465,-0.4808604,-1.620483,-0.1664311,0.2167225,-26.09705,0.80444,0.573761,-0.6961665,-0.6362811,0.3324135,-3.642511,1.108584,-0.2782345,-0.1314756
1736099885659,-26.02931,1.583577,0.3621693,-0.9930166,0.05391657,0.104934,0,0,0,-26.11289,0.7904181,0.1375504,-0.6099731,-0.6298465,-0.4808604,0,0,0,-26.09705,0.80444,0.573761,-0.6961665,-0.6362811,0.3324135,0,0,0,-0.1314756
1736099885665,-26.02931,1.583577,0.3621693,-0.9930166,0.05391657,0.104934,0,0,0,-26.11289,0.7904181,0.1375504,-0.6099731,-0.6298465,-0.4808604,0,0,0,-26.09705,0.80444,0.573761,-0.6961665,-0.6362811,0.3324135,0,0,0,-0.1314756
1736099885679,-26.06644,1.587933,0.3606625,-0.9952298,0.03887821,0.08947808,-2.784348,0.3266931,-0.1130104,-26.13765,0.7889555,0.1400337,-0.611951,-0.6407093,-0.4636898,-1.857233,-0.1097023,0.1862526,-26.14202,0.8149092,0.5700302,-0.7270309,-0.6223467,0.2900192,-3.373289,0.7851899,-0.279808,-0.1314756
1736099885685,-26.06644,1.587933,0.3606625,-0.9952298,0.03887821,0.08947808,0,0,0,-26.13765,0.7889555,0.1400337,-0.611951,-0.6407093,-0.4636898,0,0,0,-26.14202,0.8149092,0.5700302,-0.7270309,-0.6223467,0.2900192,0,0,0,-0.1314756
1736099885707,-26.10361,1.592703,0.3583317,-0.9958683,0.04518986,0.07876867,-2.787781,0.357753,-0.1748085,-26.16197,0.789741,0.1395645,-0.6210315,-0.6358455,-0.4582809,-1.823902,0.05891472,-0.03519058,-26.18435,0.8218368,0.5681095,-0.7428481,-0.6215297,0.2487524,-3.174305,0.5195662,-0.1440525,-0.1314756
1736099885734,-26.13998,1.598008,0.3547764,-0.9966344,0.04547337,0.06820828,-2.728128,0.397861,-0.2666473,-26.18727,0.7925822,0.1360741,-0.615631,-0.6316226,-0.4712234,-1.897287,0.2130926,-0.2617836,-26.22624,0.828521,0.5669403,-0.7525494,-0.6172304,0.2295568,-3.142118,0.5013138,-0.08769035,-0.1314756
1736099885739,-26.13998,1.598008,0.3547764,-0.9966344,0.04547337,0.06820828,0,0,0,-26.18727,0.7925822,0.1360741,-0.615631,-0.6316226,-0.4712234,0,0,0,-26.22624,0.828521,0.5669403,-0.7525494,-0.6172304,0.2295568,0,0,0,-0.1314756
1736099885760,-26.17556,1.602284,0.3495598,-0.9975473,0.03920519,0.05799115,-2.668047,0.3207207,-0.3912449,-26.2142,0.7981052,0.128891,-0.557068,-0.6499572,-0.5169446,-2.019882,0.4142269,-0.5387306,-26.27109,0.8364407,0.5665054,-0.7618557,-0.6019998,0.2391077,-3.363705,0.5939797,-0.03261566,-0.1314756
1736099885766,-26.17556,1.602284,0.3495598,-0.9975473,0.03920519,0.05799115,0,0,0,-26.2142,0.7981052,0.128891,-0.557068,-0.6499572,-0.5169446,0,0,0,-26.27109,0.8364407,0.5665054,-0.7618557,-0.6019998,0.2391077,0,0,0,-0.1314756
1736099885788,-26.21064,1.604565,0.3437519,-0.9986967,0.0298747,0.04138643,-2.631283,0.1710176,-0.4355907,-26.23899,0.8011686,0.1254959,-0.5229955,-0.6676008,-0.5298922,-1.859093,0.2297536,-0.254631,-26.31482,0.8441567,0.563549,-0.7673734,-0.5958571,0.2368391,-3.279448,0.5787045,-0.2217293,-0.1314756
1736099885793,-26.21064,1.604565,0.3437519,-0.9986967,0.0298747,0.04138643,0,0,0,-26.23899,0.8011686,0.1254959,-0.5229955,-0.6676008,-0.5298922,0,0,0,-26.31482,0.8441567,0.563549,-0.7673734,-0.5958571,0.2368391,0,0,0,-0.1314756
1736099885816,-26.24591,1.605683,0.3379955,-0.9992702,0.02681378,0.02721238,-2.645016,0.08389056,-0.4317284,-26.2653,0.800817,0.1223755,-0.5190504,-0.669616,-0.5312264,-1.973104,-0.02637058,-0.2340317,-26.36106,0.8529487,0.5562687,-0.7816105,-0.5854807,0.2151684,-3.468132,0.6593943,-0.5460262,-0.1314756
1736099885821,-26.24591,1.605683,0.3379955,-0.9992702,0.02681378,0.02721238,0,0,0,-26.2653,0.800817,0.1223755,-0.5190504,-0.669616,-0.5312264,0,0,0,-26.36106,0.8529487,0.5562687,-0.7816105,-0.5854807,0.2151684,0,0,0,-0.1314756
1736099885845,-26.28136,1.604702,0.3319969,-0.9994317,0.03044962,0.01448822,-2.658749,-0.07359087,-0.4498959,-26.29337,0.7957866,0.1170769,-0.5094482,-0.6712592,-0.5384004,-2.105713,-0.3772795,-0.3973961,-26.40565,0.86022,0.5483532,-0.801232,-0.5704157,0.1807032,-3.343964,0.5453512,-0.5936623,-0.1314756
1736099885850,-26.28136,1.604702,0.3319969,-0.9994317,0.03044962,0.01448822,0,0,0,-26.29337,0.7957866,0.1170769,-0.5094482,-0.6712592,-0.5384004,0,0,0,-26.40565,0.86022,0.5483532,-0.801232,-0.5704157,0.1807032,0,0,0,-0.1314756
1736099885873,-26.31655,1.601422,0.3257389,-0.9994231,0.03396254,-0.0005624294,-2.639437,-0.2459943,-0.4693508,-26.32322,0.789288,0.1098976,-0.4823488,-0.6766752,-0.556283,-2.238894,-0.4873931,-0.5384445,-26.45104,0.8647039,0.5394192,-0.8193119,-0.5537573,0.1485979,-3.404903,0.3362909,-0.6700516,-0.1314756
1736099885878,-26.31655,1.601422,0.3257389,-0.9994231,0.03396254,-0.0005624294,0,0,0,-26.32322,0.789288,0.1098976,-0.4823488,-0.6766752,-0.556283,0,0,0,-26.45104,0.8647039,0.5394192,-0.8193119,-0.5537573,0.1485979,0,0,0,-0.1314756
1736099885884,-26.31655,1.601422,0.3257389,-0.9994231,0.03396254,-0.0005624294,0,0,0,-26.32322,0.789288,0.1098976,-0.4823488,-0.6766752,-0.556283,0,0,0,-26.45104,0.8647039,0.5394192,-0.8193119,-0.5537573,0.1485979,0,0,0,-0.1314756
1736099885901,-26.35186,1.596393,0.3192959,-0.9992623,0.0352817,-0.01516593,-2.648306,-0.3771812,-0.4832268,-26.35485,0.7798162,0.1026783,-0.4516751,-0.6817264,-0.5755341,-2.372074,-0.7103875,-0.5414486,-26.49684,0.8661481,0.5314465,-0.8344293,-0.5360078,0.1281546,-3.434801,0.1083121,-0.5979538,-0.1314756
1736099885908,-26.35186,1.596393,0.3192959,-0.9992623,0.0352817,-0.01516593,0,0,0,-26.35485,0.7798162,0.1026783,-0.4516751,-0.6817264,-0.5755341,0,0,0,-26.49684,0.8661481,0.5314465,-0.8344293,-0.5360078,0.1281546,0,0,0,-0.1314756
1736099885929,-26.38783,1.590643,0.3126545,-0.9989098,0.03755874,-0.02772593,-2.698088,-0.4312724,-0.4981041,-26.38619,0.769844,0.09634399,-0.425759,-0.688656,-0.5869266,-2.35033,-0.7479161,-0.4750729,-26.54061,0.8649535,0.5236588,-0.8460895,-0.5197301,0.1183791,-3.282881,-0.08959025,-0.5840778,-0.1314756
1736099885935,-26.38783,1.590643,0.3126545,-0.9989098,0.03755874,-0.02772593,0,0,0,-26.38619,0.769844,0.09634399,-0.425759,-0.688656,-0.5869266,0,0,0,-26.54061,0.8649535,0.5236588,-0.8460895,-0.5197301,0.1183791,0,0,0,-0.1314756
1736099885957,-26.42359,1.583927,0.3054237,-0.9986023,0.03804198,-0.03670037,-2.681494,-0.503701,-0.5423069,-26.41875,0.7589142,0.09046936,-0.4079072,-0.6953678,-0.5916723,-2.442312,-0.8197322,-0.4405975,-26.58319,0.8614454,0.5158539,-0.8538632,-0.5082076,0.1124415,-3.193045,-0.2631113,-0.5853653,-0.1314756
1736099885962,-26.42359,1.583927,0.3054237,-0.9986023,0.03804198,-0.03670037,0,0,0,-26.41875,0.7589142,0.09046936,-0.4079072,-0.6953678,-0.5916723,0,0,0,-26.58319,0.8614454,0.5158539,-0.8538632,-0.5082076,0.1124415,0,0,0,-0.1314756
1736099885985,-26.46,1.578993,0.2977943,-0.9985301,0.03301097,-0.04299176,-2.73056,-0.3700018,-0.5722046,-26.45188,0.7490773,0.08524513,-0.3978545,-0.7023221,-0.5903018,-2.484369,-0.7377684,-0.3918171,-26.62407,0.8565633,0.5083942,-0.8595281,-0.4993763,0.1087894,-3.066158,-0.3661573,-0.559473,-0.1314756
1736099885991,-26.46,1.578993,0.2977943,-0.9985301,0.03301097,-0.04299176,0,0,0,-26.45188,0.7490773,0.08524513,-0.3978545,-0.7023221,-0.5903018,0,0,0,-26.62407,0.8565633,0.5083942,-0.8595281,-0.4993763,0.1087894,0,0,0,-0.1314756
1736099886013,-26.49656,1.575449,0.2899494,-0.9984853,0.03584936,-0.04174161,-2.742434,-0.2657801,-0.5883694,-26.488,0.7411617,0.07947922,-0.3942477,-0.7115158,-0.5816482,-2.709532,-0.5936712,-0.4324436,-26.66246,0.8506831,0.5016041,-0.8610398,-0.4939933,0.1207554,-2.879047,-0.4410133,-0.5092621,-0.1314756
1736099886019,-26.49656,1.575449,0.2899494,-0.9984853,0.03584936,-0.04174161,0,0,0,-26.488,0.7411617,0.07947922,-0.3942477,-0.7115158,-0.5816482,0,0,0,-26.66246,0.8506831,0.5016041,-0.8610398,-0.4939933,0.1207554,0,0,0,-0.1314756
1736099886024,-26.49656,1.575449,0.2899494,-0.9984853,0.03584936,-0.04174161,0,0,0,-26.488,0.7411617,0.07947922,-0.3942477,-0.7115158,-0.5816482,0,0,0,-26.66246,0.8506831,0.5016041,-0.8610398,-0.4939933,0.1207554,0,0,0,-0.1314756
1736099886040,-26.53263,1.573084,0.28228,-0.9987386,0.02807012,-0.04163313,-2.705526,-0.1773745,-0.5752087,-26.52593,0.7361956,0.07244873,-0.391514,-0.7239413,-0.5680022,-2.844286,-0.3724605,-0.5272865,-26.6981,0.8465168,0.4951229,-0.856757,-0.4977097,0.1351034,-2.672911,-0.3124729,-0.4860878,-0.1314756
1736099886045,-26.53263,1.573084,0.28228,-0.9987386,0.02807012,-0.04163313,0,0,0,-26.52593,0.7361956,0.07244873,-0.391514,-0.7239413,-0.5680022,0,0,0,-26.6981,0.8465168,0.4951229,-0.856757,-0.4977097,0.1351034,0,0,0,-0.1314756
1736099886067,-26.57046,1.581488,0.2740364,-0.9988347,0.02525044,-0.0411334,-2.83699,0.6302655,-0.6182671,-26.56486,0.736872,0.06427765,-0.3931445,-0.7250582,-0.5654451,-2.919531,0.05072951,-0.6128311,-26.72983,0.8446398,0.4898376,-0.8503328,-0.5036268,0.1526256,-2.380085,-0.1407757,-0.3963947,-0.1314756
1736099886095,-26.60781,1.584619,0.2656956,-0.9991786,0.03117992,-0.02588844,-2.800941,0.2348006,-0.6255627,-26.60245,0.7421827,0.05638504,-0.3970349,-0.7267404,-0.5605463,-2.819252,0.3983036,-0.5919456,-26.75706,0.8429667,0.4862976,-0.8349389,-0.5181849,0.1853686,-2.042627,-0.1254827,-0.2655029,-0.1314756
1736099886100,-26.60781,1.584619,0.2656956,-0.9991786,0.03117992,-0.02588844,0,0,0,-26.60245,0.7421827,0.05638504,-0.3970349,-0.7267404,-0.5605463,0,0,0,-26.75706,0.8429667,0.4862976,-0.8349389,-0.5181849,0.1853686,0,0,0,-0.1314756
1736099886124,-26.64253,1.587314,0.2591515,-0.9990254,0.03112767,-0.03130162,-2.60396,0.202167,-0.4908085,-26.64897,0.7572507,0.04934883,-0.4510343,-0.6993332,-0.554528,-3.489304,1.1301,-0.5277157,-26.7808,0.8435299,0.4791393,-0.8053806,-0.5512161,0.2179984,-1.780272,0.04224479,-0.536871,-0.1314756
1736099886129,-26.64253,1.587314,0.2591515,-0.9990254,0.03112767,-0.03130162,0,0,0,-26.64897,0.7572507,0.04934883,-0.4510343,-0.6993332,-0.554528,0,0,0,-26.7808,0.8435299,0.4791393,-0.8053806,-0.5512161,0.2179984,0,0,0,-0.1314756
1736099886152,-26.67616,1.590835,0.2545605,-0.9993504,0.0112642,-0.03423488,-2.522421,0.2640903,-0.3443241,-26.69584,0.7696977,0.04593086,-0.5162113,-0.6752675,-0.5268207,-3.51491,0.933525,-0.2563477,-26.80604,0.8484156,0.4675007,-0.8004705,-0.569685,0.1862961,-1.89271,0.366421,-0.8728981,-0.1314756
1736099886157,-26.67616,1.590835,0.2545605,-0.9993504,0.0112642,-0.03423488,0,0,0,-26.69584,0.7696977,0.04593086,-0.5162113,-0.6752675,-0.5268207,0,0,0,-26.80604,0.8484156,0.4675007,-0.8004705,-0.569685,0.1862961,0,0,0,-0.1314756
1736099886180,-26.70988,1.597183,0.25103,-0.9995883,0.008136373,-0.02752578,-2.52943,0.4760385,-0.2647877,-26.74095,0.7812494,0.04020119,-0.5586691,-0.6598772,-0.5024447,-3.383303,0.8663803,-0.4297256,-26.8303,0.8537274,0.458849,-0.8075877,-0.572298,0.1423984,-1.819611,0.3983885,-0.64888,-0.1314756
1736099886186,-26.70988,1.597183,0.25103,-0.9995883,0.008136373,-0.02752578,0,0,0,-26.74095,0.7812494,0.04020119,-0.5586691,-0.6598772,-0.5024447,0,0,0,-26.8303,0.8537274,0.458849,-0.8075877,-0.572298,0.1423984,0,0,0,-0.1314756
1736099886191,-26.70988,1.597183,0.25103,-0.9995883,0.008136373,-0.02752578,0,0,0,-26.74095,0.7812494,0.04020119,-0.5586691,-0.6598772,-0.5024447,0,0,0,-26.8303,0.8537274,0.458849,-0.8075877,-0.572298,0.1423984,0,0,0,-0.1314756
1736099886208,-26.74368,1.603491,0.2492199,-0.9997455,0.0108133,-0.01981771,-2.534294,0.4731148,-0.1357555,-26.78691,0.7927173,0.033041,-0.5668507,-0.6425833,-0.5155269,-3.44739,0.8600906,-0.537014,-26.85457,0.8594677,0.4560242,-0.8024864,-0.579232,0.1432001,-1.820183,0.4305258,-0.2118587,-0.1314756
1736099886214,-26.74368,1.603491,0.2492199,-0.9997455,0.0108133,-0.01981771,0,0,0,-26.78691,0.7927173,0.033041,-0.5668507,-0.6425833,-0.5155269,0,0,0,-26.85457,0.8594677,0.4560242,-0.8024864,-0.579232,0.1432001,0,0,0,-0.1314756
1736099886236,-26.77661,1.605842,0.24856,-0.99992,0.006940763,-0.01057708,-2.469921,0.1763642,-0.0494957,-26.82973,0.8001728,0.02961349,-0.5806965,-0.6316129,-0.5136704,-3.211355,0.5591646,-0.2570629,-26.88063,0.8607785,0.4563198,-0.7862844,-0.590343,0.1823516,-1.954651,0.09830743,0.02217293,-0.1338067
1736099886242,-26.77661,1.605842,0.24856,-0.99992,0.006940763,-0.01057708,0,0,0,-26.82973,0.8001728,0.02961349,-0.5806965,-0.6316129,-0.5136704,0,0,0,-26.88063,0.8607785,0.4563198,-0.7862844,-0.590343,0.1823516,0,0,0,-0.1338067
1736099886263,-26.80932,1.605537,0.2477646,-0.9999866,0.004913508,0.001718104,-2.45347,-0.02293289,-0.05965233,-26.87267,0.8050823,0.02916908,-0.6017557,-0.6256397,-0.4964533,-3.220654,0.3682137,-0.03333092,-26.90667,0.8587945,0.4567928,-0.7692354,-0.6010161,0.2169254,-1.952648,-0.1488045,0.03547668,-0.137489
1736099886268,-26.80932,1.605537,0.2477646,-0.9999866,0.004913508,0.001718104,0,0,0,-26.87267,0.8050823,0.02916908,-0.6017557,-0.6256397,-0.4964533,0,0,0,-26.90667,0.8587945,0.4567928,-0.7692354,-0.6010161,0.2169254,0,0,0,-0.137489
1736099886290,-26.841,1.605338,0.2476063,-0.9998544,0.008345246,0.01489764,-2.375937,-0.01487732,-0.01187325,-26.91597,0.8113341,0.03029823,-0.6320438,-0.6172714,-0.4685049,-3.247404,0.4688859,0.08468628,-26.93318,0.8570912,0.4569283,-0.7595041,-0.6087588,0.2292743,-1.988268,-0.1277447,0.01015663,-0.1387223
1736099886296,-26.841,1.605338,0.2476063,-0.9998544,0.008345246,0.01489764,0,0,0,-26.91597,0.8113341,0.03029823,-0.6320438,-0.6172714,-0.4685049,0,0,0,-26.93318,0.8570912,0.4569283,-0.7595041,-0.6087588,0.2292743,0,0,0,-0.1387223
1736099886319,-26.87366,1.604369,0.2477379,-0.9994907,0.01566033,0.02780807,-2.449465,-0.07266998,0.009870529,-26.96035,0.8155543,0.03128433,-0.6642223,-0.5998287,-0.4461107,-3.3288,0.3165096,0.07395744,-26.96143,0.8537903,0.4584503,-0.7550593,-0.6106551,0.2387176,-2.119017,-0.2475634,0.1141548,-0.1387223
1736099886325,-26.87366,1.604369,0.2477379,-0.9994907,0.01566033,0.02780807,0,0,0,-26.96035,0.8155543,0.03128433,-0.6642223,-0.5998287,-0.4461107,0,0,0,-26.96143,0.8537903,0.4584503,-0.7550593,-0.6106551,0.2387176,0,0,0,-0.1387223
1736099886347,-26.90715,1.601801,0.2485008,-0.9989836,0.02191683,0.03939289,-2.511549,-0.1926005,0.05722046,-27.00346,0.8178208,0.03222656,-0.691188,-0.5815861,-0.4289722,-3.233242,0.1699939,0.07066727,-26.9921,0.8483374,0.4615746,-0.7499402,-0.6083593,0.2597865,-2.300406,-0.4089743,0.2343178,-0.1387223
1736099886353,-26.90715,1.601801,0.2485008,-0.9989836,0.02191683,0.03939289,0,0,0,-27.00346,0.8178208,0.03222656,-0.691188,-0.5815861,-0.4289722,0,0,0,-26.9921,0.8483374,0.4615746,-0.7499402,-0.6083593,0.2597865,0,0,0,-0.1387223
1736099886375,-26.94135,1.598023,0.2495728,-0.9984015,0.02684836,0.04974258,-2.564907,-0.2833486,0.08039474,-27.0466,0.8180535,0.03350067,-0.7106806,-0.5680748,-0.4149995,-3.235102,0.01744777,0.09555817,-27.02307,0.8417957,0.4646263,-0.7403625,-0.6099399,0.2825545,-2.322865,-0.4906252,0.2288818,-0.1387223
1736099886381,-26.94135,1.598023,0.2495728,-0.9984015,0.02684836,0.04974258,0,0,0,-27.0466,0.8180535,0.03350067,-0.7106806,-0.5680748,-0.4149995,0,0,0,-27.02307,0.8417957,0.4646263,-0.7403625,-0.6099399,0.2825545,0,0,0,-0.1387223
1736099886403,-26.97585,1.592752,0.2508202,-0.9979126,0.03360414,0.05514932,-2.588081,-0.3953487,0.09355545,-27.08789,0.8161293,0.0340004,-0.7245791,-0.5557197,-0.4076285,-3.096771,-0.1443118,0.0374794,-27.05533,0.8341116,0.4676132,-0.7298708,-0.6143323,0.2998081,-2.419281,-0.5763084,0.2240181,-0.1387223
1736099886409,-26.97585,1.592752,0.2508202,-0.9979126,0.03360414,0.05514932,0,0,0,-27.08789,0.8161293,0.0340004,-0.7245791,-0.5557197,-0.4076285,0,0,0,-27.05533,0.8341116,0.4676132,-0.7298708,-0.6143323,0.2998081,0,0,0,-0.1387223
1736099886431,-27.01009,1.586312,0.2526379,-0.9975774,0.03889429,0.05768186,-2.568054,-0.4830033,0.1363277,-27.12788,0.8124529,0.03391266,-0.7326501,-0.5443813,-0.4085013,-2.99921,-0.2757311,-0.006580353,-27.08877,0.8256398,0.4693871,-0.7226834,-0.6176948,0.3101327,-2.507973,-0.635384,0.1330376,-0.1387223
1736099886436,-27.01009,1.586312,0.2526379,-0.9975774,0.03889429,0.05768186,0,0,0,-27.12788,0.8124529,0.03391266,-0.7326501,-0.5443813,-0.4085013,0,0,0,-27.08877,0.8256398,0.4693871,-0.7226834,-0.6176948,0.3101327,0,0,0,-0.1387223
1736099886459,-27.04601,1.582498,0.2546749,-0.9975896,0.04270118,0.05469775,-2.69351,-0.2860218,0.1527786,-27.16581,0.8079362,0.03320503,-0.732998,-0.5366635,-0.4179798,-2.844715,-0.3387541,-0.05307198,-27.12347,0.8170356,0.4699535,-0.7194915,-0.6211991,0.3105546,-2.602673,-0.6453171,0.04248619,-0.1387223
1736099886464,-27.04601,1.582498,0.2546749,-0.9975896,0.04270118,0.05469775,0,0,0,-27.16581,0.8079362,0.03320503,-0.732998,-0.5366635,-0.4179798,0,0,0,-27.12347,0.8170356,0.4699535,-0.7194915,-0.6211991,0.3105546,0,0,0,-0.1387223
1736099886470,-27.04601,1.582498,0.2546749,-0.9975896,0.04270118,0.05469775,0,0,0,-27.16581,0.8079362,0.03320503,-0.732998,-0.5366635,-0.4179798,0,0,0,-27.12347,0.8170356,0.4699535,-0.7194915,-0.6211991,0.3105546,0,0,0,-0.1387223
1736099886487,-27.08376,1.579466,0.2575016,-0.9971984,0.05413395,0.05162561,-2.831554,-0.2274424,0.2120018,-27.19995,0.8023437,0.0322876,-0.7176272,-0.5418049,-0.4375606,-2.560616,-0.4194394,-0.0688076,-27.16,0.8097416,0.4697151,-0.7191748,-0.6266353,0.3001934,-2.739573,-0.5470455,-0.01788139,-0.1387223
1736099886492,-27.08376,1.579466,0.2575016,-0.9971984,0.05413395,0.05162561,0,0,0,-27.19995,0.8023437,0.0322876,-0.7176272,-0.5418049,-0.4375606,0,0,0,-27.16,0.8097416,0.4697151,-0.7191748,-0.6266353,0.3001934,0,0,0,-0.1387223
1736099886514,-27.12026,1.575463,0.2597313,-0.9969689,0.0585481,0.05124044,-2.73757,-0.3002107,0.1672268,-27.23091,0.7965354,0.03247261,-0.7028435,-0.5531965,-0.4471968,-2.32172,-0.4356176,0.01387596,-27.19798,0.8055222,0.4698277,-0.7181047,-0.6296752,0.2963699,-2.848434,-0.316456,0.008440018,-0.1387223
1736099886520,-27.12026,1.575463,0.2597313,-0.9969689,0.0585481,0.05124044,0,0,0,-27.23091,0.7965354,0.03247261,-0.7028435,-0.5531965,-0.4471968,0,0,0,-27.19798,0.8055222,0.4698277,-0.7181047,-0.6296752,0.2963699,0,0,0,-0.1387223
1736099886540,-27.15793,1.582725,0.2621441,-0.9983185,0.03896261,0.04292661,-2.824831,0.5446494,0.1809597,-27.25972,0.7907592,0.03082275,-0.681103,-0.5712936,-0.4579546,-2.160931,-0.433217,-0.1237392,-27.23967,0.8054785,0.4711819,-0.7205856,-0.6247991,0.3006374,-3.126955,-0.003276765,0.1015663,-0.1387223
1736099886546,-27.15793,1.582725,0.2621441,-0.9983185,0.03896261,0.04292661,0,0,0,-27.25972,0.7907592,0.03082275,-0.681103,-0.5712936,-0.4579546,0,0,0,-27.23967,0.8054785,0.4711819,-0.7205856,-0.6247991,0.3006374,0,0,0,-0.1387223
1736099886568,-27.19523,1.58792,0.2644653,-0.9976763,0.05287035,0.04297644,-2.797651,0.3896266,0.1740932,-27.28305,0.7877509,0.02658844,-0.6350358,-0.5895271,-0.4991872,-1.750088,-0.225623,-0.3175735,-27.27708,0.8077919,0.4714241,-0.7096574,-0.632938,0.309477,-2.805805,0.1735076,0.0181675,-0.1387223
1736099886574,-27.19523,1.58792,0.2644653,-0.9976763,0.05287035,0.04297644,0,0,0,-27.28305,0.7877509,0.02658844,-0.6350358,-0.5895271,-0.4991872,0,0,0,-27.27708,0.8077919,0.4714241,-0.7096574,-0.632938,0.309477,0,0,0,-0.1387223
1736099886596,-27.23174,1.590266,0.2647724,-0.9958782,0.07580435,0.04980409,-2.738285,0.1759797,0.02303123,-27.30517,0.7866502,0.02513504,-0.5759349,-0.6252329,-0.5266719,-1.658678,-0.08255392,-0.109005,-27.31659,0.8149213,0.4689007,-0.707899,-0.6367776,0.3056036,-2.962732,0.5346984,-0.1892567,-0.1387223
1736099886602,-27.23174,1.590266,0.2647724,-0.9958782,0.07580435,0.04980409,0,0,0,-27.30517,0.7866502,0.02513504,-0.5759349,-0.6252329,-0.5266719,0,0,0,-27.31659,0.8149213,0.4689007,-0.707899,-0.6367776,0.3056036,0,0,0,-0.1387223
1736099886624,-27.26729,1.590289,0.2647629,-0.9970438,0.06228877,0.04499078,-2.666473,0.001734495,-0.0007152557,-27.33048,0.7863305,0.02754784,-0.5595204,-0.6506618,-0.5133971,-1.898718,-0.02397448,0.1809597,-27.3617,0.8274099,0.4632454,-0.7375671,-0.6147955,0.2793228,-3.383732,0.9366453,-0.4241467,-0.1387223
1736099886630,-27.26729,1.590289,0.2647629,-0.9970438,0.06228877,0.04499078,0,0,0,-27.33048,0.7863305,0.02754784,-0.5595204,-0.6506618,-0.5133971,0,0,0,-27.3617,0.8274099,0.4632454,-0.7375671,-0.6147955,0.2793228,0,0,0,-0.1387223
1736099886652,-27.30285,1.594852,0.2634335,-0.9984815,0.04536522,0.03125548,-2.666473,0.3422141,-0.09970665,-27.35821,0.7877453,0.02826881,-0.5808834,-0.6439399,-0.4979123,-2.079391,0.1061082,0.05407333,-27.40458,0.8369092,0.4572773,-0.7697467,-0.5981001,0.2230846,-3.215933,0.7124484,-0.447607,-0.1387223
1736099886657,-27.30285,1.594852,0.2634335,-0.9984815,0.04536522,0.03125548,0,0,0,-27.35821,0.7877453,0.02826881,-0.5808834,-0.6439399,-0.4979123,0,0,0,-27.40458,0.8369092,0.4572773,-0.7697467,-0.5981001,0.2230846,0,0,0,-0.1387223
1736099886679,-27.33754,1.598829,0.2612114,-0.9987276,0.04401231,0.02461833,-2.601814,0.2982259,-0.1666546,-27.3863,0.7923971,0.02601624,-0.5931676,-0.6284325,-0.5032151,-2.107143,0.3488839,-0.1689434,-27.44679,0.8425993,0.4547215,-0.7819003,-0.5941076,0.1888604,-3.165865,0.4267618,-0.1916885,-0.1387223
1736099886685,-27.33754,1.598829,0.2612114,-0.9987276,0.04401231,0.02461833,0,0,0,-27.3863,0.7923971,0.02601624,-0.5931676,-0.6284325,-0.5032151,0,0,0,-27.44679,0.8425993,0.4547215,-0.7819003,-0.5941076,0.1888604,0,0,0,-0.1387223
1736099886707,-27.3712,1.603828,0.2576027,-0.9992223,0.03532732,0.01752859,-2.524567,0.3749639,-0.2706528,-27.4135,0.7989187,0.02172089,-0.5668416,-0.6324655,-0.5279001,-2.039909,0.4891232,-0.3221512,-27.48873,0.8494055,0.4542122,-0.7908799,-0.5794102,0.1969597,-3.145266,0.5104601,-0.03819466,-0.1387223
1736099886713,-27.3712,1.603828,0.2576027,-0.9992223,0.03532732,0.01752859,0,0,0,-27.4135,0.7989187,0.02172089,-0.5668416,-0.6324655,-0.5279001,0,0,0,-27.48873,0.8494055,0.4542122,-0.7908799,-0.5794102,0.1969597,0,0,0,-0.1387223
1736099886735,-27.40413,1.605714,0.2532768,-0.999664,0.02453422,0.008382261,-2.469635,0.1414239,-0.32444,-27.43993,0.8029462,0.01868248,-0.5315731,-0.6496567,-0.5434856,-1.981974,0.3020614,-0.2278805,-27.53027,0.8563268,0.4521751,-0.7954328,-0.5690679,0.2084432,-3.115511,0.5190969,-0.1527786,-0.1395679
1736099886741,-27.40413,1.605714,0.2532768,-0.999664,0.02453422,0.008382261,0,0,0,-27.43993,0.8029462,0.01868248,-0.5315731,-0.6496567,-0.5434856,0,0,0,-27.53027,0.8563268,0.4521751,-0.7954328,-0.5690679,0.2084432,0,0,0,-0.1395679
1736099886763,-27.43993,1.605741,0.2479153,-0.9997715,0.02131891,0.00166136,-2.685642,0.002020597,-0.4021168,-27.46658,0.803077,0.01752472,-0.5226796,-0.6583705,-0.541622,-1.998568,0.009812415,-0.08683205,-27.57238,0.8629239,0.4465027,-0.8027495,-0.5609345,0.2023509,-3.157997,0.4947826,-0.4254341,-0.1417072
1736099886769,-27.43993,1.605741,0.2479153,-0.9997715,0.02131891,0.00166136,0,0,0,-27.46658,0.803077,0.01752472,-0.5226796,-0.6583705,-0.541622,0,0,0,-27.57238,0.8629239,0.4465027,-0.8027495,-0.5609345,0.2023509,0,0,0,-0.1417072
1736099886791,-27.47454,1.605458,0.2425022,-0.9996758,0.0252196,-0.003573298,-2.595234,-0.02118051,-0.4059792,-27.49402,0.8014575,0.01589394,-0.5290418,-0.6589266,-0.5347247,-2.058363,-0.1214638,-0.1223087,-27.61593,0.8716273,0.4375496,-0.8184723,-0.5472312,0.1750466,-3.266859,0.6527603,-0.6714821,-0.1422538
1736099886800,-27.47454,1.605458,0.2425022,-0.9996758,0.0252196,-0.003573298,0,0,0,-27.49402,0.8014575,0.01589394,-0.5290418,-0.6589266,-0.5347247,0,0,0,-27.61593,0.8716273,0.4375496,-0.8184723,-0.5472312,0.1750466,0,0,0,-0.1422538
1736099886805,-27.47454,1.605458,0.2425022,-0.9996758,0.0252196,-0.003573298,0,0,0,-27.49402,0.8014575,0.01589394,-0.5290418,-0.6589266,-0.5347247,0,0,0,-27.61593,0.8716273,0.4375496,-0.8184723,-0.5472312,0.1750466,0,0,0,-0.1422538
1736099886819,-27.50832,1.603173,0.2363281,-0.9994187,0.03257158,-0.01008964,-2.534008,-0.1713932,-0.4630566,-27.5245,0.7964359,0.0106678,-0.5166444,-0.6633025,-0.5413957,-2.285814,-0.3766224,-0.3919601,-27.66043,0.8782684,0.4272594,-0.8376483,-0.5276854,0.1410457,-3.336811,0.4980773,-0.7717609,-0.1422538
1736099886825,-27.50832,1.603173,0.2363281,-0.9994187,0.03257158,-0.01008964,0,0,0,-27.5245,0.7964359,0.0106678,-0.5166444,-0.6633025,-0.5413957,0,0,0,-27.66043,0.8782684,0.4272594,-0.8376483,-0.5276854,0.1410457,0,0,0,-0.1422538
1736099886847,-27.54202,1.599844,0.2303238,-0.9991567,0.03729257,-0.01718962,-2.527428,-0.2497047,-0.450325,-27.55529,0.7873639,0.003995895,-0.49587,-0.6674388,-0.555553,-2.309418,-0.680396,-0.5003929,-27.70134,0.882073,0.4185562,-0.8505578,-0.5127162,0.1169347,-3.068733,0.2853513,-0.6527424,-0.1422538
1736099886853,-27.54202,1.599844,0.2303238,-0.9991567,0.03729257,-0.01718962,0,0,0,-27.55529,0.7873639,0.003995895,-0.49587,-0.6674388,-0.555553,0,0,0,-27.70134,0.882073,0.4185562,-0.8505578,-0.5127162,0.1169347,0,0,0,-0.1422538
1736099886886,-27.57581,1.594502,0.2239895,-0.9988779,0.04075752,-0.02412713,-2.534294,-0.4006416,-0.4750729,-27.58771,0.7768005,-0.002176285,-0.4703787,-0.6718326,-0.5721765,-2.431297,-0.792262,-0.4629135,-27.74454,0.8829439,0.4086761,-0.8602017,-0.4997406,0.1015521,-3.240108,0.06531179,-0.7410049,-0.1422538
1736099886894,-27.57581,1.594502,0.2239895,-0.9988779,0.04075752,-0.02412713,0,0,0,-27.58771,0.7768005,-0.002176285,-0.4703787,-0.6718326,-0.5721765,0,0,0,-27.74454,0.8829439,0.4086761,-0.8602017,-0.4997406,0.1015521,0,0,0,-0.1422538
1736099886913,-27.62758,1.58534,0.2134457,-0.998543,0.0450659,-0.02968693,-3.882408,-0.6871462,-0.7907867,-27.63689,0.7576935,-0.01020432,-0.4475969,-0.6847776,-0.575098,-3.688717,-1.433024,-0.6021023,-27.80505,0.8762376,0.3972549,-0.8697521,-0.4841917,0.0953424,-4.538155,-0.5029678,-0.8565903,-0.1422538
1736099886919,-27.62758,1.58534,0.2134457,-0.998543,0.0450659,-0.02968693,0,0,0,-27.63689,0.7576935,-0.01020432,-0.4475969,-0.6847776,-0.575098,0,0,0,-27.80505,0.8762376,0.3972549,-0.8697521,-0.4841917,0.0953424,0,0,0,-0.1422538
1736099886924,-27.62758,1.58534,0.2134457,-0.998543,0.0450659,-0.02968693,0,0,0,-27.63689,0.7576935,-0.01020432,-0.4475969,-0.6847776,-0.575098,0,0,0,-27.80505,0.8762376,0.3972549,-0.8697521,-0.4841917,0.0953424,0,0,0,-0.1422538
1736099886941,-27.66264,1.58055,0.2065468,-0.9985325,0.04537812,-0.02956915,-2.629852,-0.3592372,-0.517416,-27.67098,0.7449754,-0.01515961,-0.4415561,-0.6914726,-0.5717466,-2.556753,-0.9538561,-0.3716469,-27.84453,0.8688833,0.3891697,-0.8729882,-0.4773671,0.100064,-2.960873,-0.5515784,-0.6063938,-0.1422538
1736099886947,-27.66264,1.58055,0.2065468,-0.9985325,0.04537812,-0.02956915,0,0,0,-27.67098,0.7449754,-0.01515961,-0.4415561,-0.6914726,-0.5717466,0,0,0,-27.84453,0.8688833,0.3891697,-0.8729882,-0.4773671,0.100064,0,0,0,-0.1422538
1736099886969,-27.69822,1.576912,0.1994038,-0.9984571,0.04870516,-0.02667487,-2.66819,-0.2728611,-0.5357265,-27.70331,0.7346991,-0.01999092,-0.4328943,-0.6998471,-0.5681701,-2.424717,-0.7707238,-0.3623486,-27.8795,0.8632813,0.3836327,-0.8751891,-0.4710814,0.1101207,-2.6227,-0.4201502,-0.4152775,-0.1422538
1736099886975,-27.69822,1.576912,0.1994038,-0.9984571,0.04870516,-0.02667487,0,0,0,-27.70331,0.7346991,-0.01999092,-0.4328943,-0.6998471,-0.5681701,0,0,0,-27.8795,0.8632813,0.3836327,-0.8751891,-0.4710814,0.1101207,0,0,0,-0.1422538
1736099886996,-27.73342,1.57245,0.1920662,-0.9982823,0.05560212,-0.01847565,-2.640009,-0.3346235,-0.5503178,-27.73953,0.727609,-0.02609825,-0.4207846,-0.712625,-0.5613439,-2.716112,-0.5317524,-0.4580498,-27.91121,0.8577785,0.3785667,-0.8687568,-0.4781244,0.1290711,-2.378082,-0.4127026,-0.3799438,-0.1422538
1736099887001,-27.73342,1.57245,0.1920662,-0.9982823,0.05560212,-0.01847565,0,0,0,-27.73953,0.727609,-0.02609825,-0.4207846,-0.712625,-0.5613439,0,0,0,-27.91121,0.8577785,0.3785667,-0.8687568,-0.4781244,0.1290711,0,0,0,-0.1422538
1736099887024,-27.7708,1.578972,0.1848698,-0.9990881,0.03995883,-0.01504672,-2.803802,0.4891008,-0.539732,-27.77727,0.7246627,-0.03244972,-0.4164502,-0.7194428,-0.5558524,-2.830553,-0.2209783,-0.4763603,-27.94045,0.8544179,0.3736591,-0.8583515,-0.4927624,0.1428923,-2.193117,-0.2520517,-0.3680706,-0.1422538
1736099887030,-27.7708,1.578972,0.1848698,-0.9990881,0.03995883,-0.01504672,0,0,0,-27.77727,0.7246627,-0.03244972,-0.4164502,-0.7194428,-0.5558524,0,0,0,-27.94045,0.8544179,0.3736591,-0.8583515,-0.4927624,0.1428923,0,0,0,-0.1422538
1736099887053,-27.80768,1.584404,0.1770821,-0.9986733,0.05122012,0.005342484,-2.765894,0.4074365,-0.5840778,-27.81592,0.7304512,-0.03898621,-0.4141232,-0.7275846,-0.5469215,-2.898788,0.4341379,-0.4902363,-27.96383,0.8519083,0.3724575,-0.8343248,-0.5224438,0.1759408,-1.753807,-0.1882151,-0.09012222,-0.1422538
1736099887059,-27.80768,1.584404,0.1770821,-0.9986733,0.05122012,0.005342484,0,0,0,-27.81592,0.7304512,-0.03898621,-0.4141232,-0.7275846,-0.5469215,0,0,0,-27.96383,0.8519083,0.3724575,-0.8343248,-0.5224438,0.1759408,0,0,0,-0.1422538
1736099887081,-27.84322,1.588553,0.1726322,-0.9984769,0.05453248,0.008403838,-2.665186,0.3111362,-0.3337383,-27.85697,0.7414234,-0.04495049,-0.4432451,-0.7141543,-0.5417732,-3.078747,0.8229151,-0.4473209,-27.98441,0.8500241,0.3693695,-0.803259,-0.5589371,0.2058263,-1.54295,-0.1413167,-0.2315998,-0.1422538
1736099887087,-27.84322,1.588553,0.1726322,-0.9984769,0.05453248,0.008403838,0,0,0,-27.85697,0.7414234,-0.04495049,-0.4432451,-0.7141543,-0.5417732,0,0,0,-27.98441,0.8500241,0.3693695,-0.803259,-0.5589371,0.2058263,0,0,0,-0.1422538
1736099887109,-27.8774,1.59044,0.1702213,-0.9990562,0.04250768,0.008965909,-2.563906,0.141567,-0.1808167,-27.90105,0.7534084,-0.04675293,-0.4993151,-0.695591,-0.516564,-3.305912,0.8988753,-0.1351833,-28.00667,0.8519532,0.3636703,-0.7884157,-0.5829177,0.1964891,-1.669693,0.1446828,-0.4274368,-0.1422538
1736099887115,-27.8774,1.59044,0.1702213,-0.9990562,0.04250768,0.008965909,0,0,0,-27.90105,0.7534084,-0.04675293,-0.4993151,-0.695591,-0.516564,0,0,0,-28.00667,0.8519532,0.3636703,-0.7884157,-0.5829177,0.1964891,0,0,0,-0.1422538
1736099887137,-27.91182,1.596867,0.1667957,-0.9991091,0.03822755,0.01788628,-2.581215,0.4820287,-0.2569199,-27.94626,0.7640732,-0.05013275,-0.5505785,-0.6822689,-0.4810125,-3.390884,0.7998616,-0.2534866,-28.0294,0.8566228,0.3622932,-0.789367,-0.59022,0.1689392,-1.704884,0.3502205,-0.1032829,-0.1422538
1736099887143,-27.91182,1.596867,0.1667957,-0.9991091,0.03822755,0.01788628,0,0,0,-27.94626,0.7640732,-0.05013275,-0.5505785,-0.6822689,-0.4810125,0,0,0,-28.0294,0.8566228,0.3622932,-0.789367,-0.59022,0.1689392,0,0,0,-0.1422538
1736099887165,-27.94626,1.60234,0.1681118,-0.9986709,0.0424128,0.02929074,-2.583218,0.4104406,0.09870529,-27.99063,0.7734367,-0.05754089,-0.560415,-0.668091,-0.4894793,-3.328228,0.7022604,-0.5556107,-28.05342,0.8600922,0.3634644,-0.7876868,-0.5909345,0.1742013,-1.801729,0.2602011,0.0878334,-0.1422538
1736099887171,-27.94626,1.60234,0.1681118,-0.9986709,0.0424128,0.02929074,0,0,0,-27.99063,0.7734367,-0.05754089,-0.560415,-0.668091,-0.4894793,0,0,0,-28.05342,0.8600922,0.3634644,-0.7876868,-0.5909345,0.1742013,0,0,0,-0.1422538
1736099887176,-27.94626,1.60234,0.1681118,-0.9986709,0.0424128,0.02929074,0,0,0,-27.99063,0.7734367,-0.05754089,-0.560415,-0.668091,-0.4894793,0,0,0,-28.05342,0.8600922,0.3634644,-0.7876868,-0.5909345,0.1742013,0,0,0,-0.1422538
1736099887194,-27.98018,1.604963,0.1692162,-0.9981685,0.04402546,0.04149288,-2.544022,0.1967311,0.08282661,-28.035,0.7807878,-0.06282997,-0.5635995,-0.6517379,-0.5075371,-3.327513,0.551337,-0.3966808,-28.07957,0.862157,0.3725948,-0.7651958,-0.599757,0.2340233,-1.960802,0.1548618,0.6847858,-0.1440754
1736099887200,-27.98018,1.604963,0.1692162,-0.9981685,0.04402546,0.04149288,0,0,0,-28.035,0.7807878,-0.06282997,-0.5635995,-0.6517379,-0.5075371,0,0,0,-28.07957,0.862157,0.3725948,-0.7651958,-0.599757,0.2340233,0,0,0,-0.1440754
1736099887222,-28.0139,1.605812,0.1700954,-0.9976281,0.04043763,0.05571038,-2.528429,0.06372035,0.06594658,-28.07781,0.7866278,-0.06373215,-0.5799029,-0.6412476,-0.5025084,-3.210497,0.4379958,-0.06766319,-28.10368,0.8615074,0.3781013,-0.7420743,-0.610465,0.2768728,-1.80831,-0.04871786,0.4129887,-0.1465169
1736099887227,-28.0139,1.605812,0.1700954,-0.9976281,0.04043763,0.05571038,0,0,0,-28.07781,0.7866278,-0.06373215,-0.5799029,-0.6412476,-0.5025084,0,0,0,-28.10368,0.8615074,0.3781013,-0.7420743,-0.610465,0.2768728,0,0,0,-0.1465169
1736099887248,-28.04759,1.605448,0.171629,-0.9968048,0.03737208,0.07059437,-2.527142,-0.02731383,0.1150131,-28.12112,0.7928046,-0.06037903,-0.6128278,-0.6346858,-0.4707618,-3.248692,0.4632622,0.2514839,-28.1287,0.8599102,0.3819714,-0.7264295,-0.617019,0.3026349,-1.876974,-0.1197875,0.2902508,-0.1479752
1736099887253,-28.04759,1.605448,0.171629,-0.9968048,0.03737208,0.07059437,0,0,0,-28.12112,0.7928046,-0.06037903,-0.6128278,-0.6346858,-0.4707618,0,0,0,-28.1287,0.8599102,0.3819714,-0.7264295,-0.617019,0.3026349,0,0,0,-0.1479752
1736099887276,-28.08127,1.604517,0.175066,-0.9956851,0.03559149,0.08570075,-2.526283,-0.06982684,0.2577782,-28.16445,0.7988084,-0.05654907,-0.6478011,-0.6266637,-0.433182,-3.249407,0.4502848,0.2872467,-28.15331,0.8583719,0.3869019,-0.7184347,-0.6218923,0.3116116,-1.845789,-0.1153797,0.3697872,-0.1479752
1736099887282,-28.08127,1.604517,0.175066,-0.9956851,0.03559149,0.08570075,0,0,0,-28.16445,0.7988084,-0.05654907,-0.6478011,-0.6266637,-0.433182,0,0,0,-28.15331,0.8583719,0.3869019,-0.7184347,-0.6218923,0.3116116,0,0,0,-0.1479752
1736099887305,-28.11533,1.60181,0.1804066,-0.9943733,0.03514086,0.09993601,-2.554321,-0.203079,0.4005432,-28.20847,0.8025473,-0.0525341,-0.6852247,-0.6088395,-0.3997275,-3.301764,0.280416,0.3011227,-28.18061,0.8539186,0.3910217,-0.7118022,-0.6244107,0.3216352,-2.047491,-0.3339976,0.3089905,-0.1479752
1736099887310,-28.11533,1.60181,0.1804066,-0.9943733,0.03514086,0.09993601,0,0,0,-28.20847,0.8025473,-0.0525341,-0.6852247,-0.6088395,-0.3997275,0,0,0,-28.18061,0.8539186,0.3910217,-0.7118022,-0.6244107,0.3216352,0,0,0,-0.1479752
1736099887333,-28.14964,1.598103,0.1829967,-0.9929489,0.03721032,0.112554,-2.572775,-0.278002,0.1942635,-28.25314,0.8031885,-0.04874992,-0.710801,-0.5902881,-0.3825214,-3.350115,0.04809201,0.2838135,-28.20967,0.8476644,0.3975182,-0.7009587,-0.624671,0.3441563,-2.178955,-0.4690647,0.4872322,-0.1479752
1736099887339,-28.14964,1.598103,0.1829967,-0.9929489,0.03721032,0.112554,0,0,0,-28.25314,0.8031885,-0.04874992,-0.710801,-0.5902881,-0.3825214,0,0,0,-28.20967,0.8476644,0.3975182,-0.7009587,-0.624671,0.3441563,0,0,0,-0.1479752
1736099887360,-28.18437,1.593271,0.1913719,-0.9918249,0.04036038,0.1210573,-2.605247,-0.3623664,0.6281376,-28.29608,0.8019909,-0.04520226,-0.7257698,-0.5769605,-0.3746672,-3.220367,-0.08982271,0.2660751,-28.23956,0.8398895,0.4025536,-0.6849397,-0.6298927,0.3661873,-2.242041,-0.5831167,0.377655,-0.1479752
1736099887366,-28.18437,1.593271,0.1913719,-0.9918249,0.04036038,0.1210573,0,0,0,-28.29608,0.8019909,-0.04520226,-0.7257698,-0.5769605,-0.3746672,0,0,0,-28.23956,0.8398895,0.4025536,-0.6849397,-0.6298927,0.3661873,0,0,0,-0.1479752
1736099887388,-28.21976,1.587451,0.1941643,-0.9911472,0.04061973,0.1264018,-2.654457,-0.4365563,0.2094269,-28.33686,0.7983508,-0.04051399,-0.7355597,-0.566462,-0.3715824,-3.05872,-0.2730086,0.3516197,-28.27013,0.8305625,0.4069099,-0.6695313,-0.6379126,0.38052,-2.292395,-0.6995246,0.3267288,-0.1479752
1736099887394,-28.21976,1.587451,0.1941643,-0.9911472,0.04061973,0.1264018,0,0,0,-28.33686,0.7983508,-0.04051399,-0.7355597,-0.566462,-0.3715824,0,0,0,-28.27013,0.8305625,0.4069099,-0.6695313,-0.6379126,0.38052,0,0,0,-0.1479752
1736099887416,-28.25587,1.581451,0.1987648,-0.9907225,0.04474752,0.1283234,-2.707958,-0.4499495,0.3450394,-28.37389,0.7944708,-0.03846931,-0.7381412,-0.5586236,-0.3782698,-2.777052,-0.2909929,0.1533508,-28.3031,0.8187428,0.411274,-0.6616824,-0.6454215,0.3815858,-2.472782,-0.8864745,0.327301,-0.1479752
1736099887422,-28.25587,1.581451,0.1987648,-0.9907225,0.04474752,0.1283234,0,0,0,-28.37389,0.7944708,-0.03846931,-0.7381412,-0.5586236,-0.3782698,0,0,0,-28.3031,0.8187428,0.411274,-0.6616824,-0.6454215,0.3815858,0,0,0,-0.1479752
1736099887445,-28.29237,1.577176,0.2057228,-0.9913082,0.044581,0.123778,-2.737713,-0.3206491,0.5218506,-28.41081,0.7893633,-0.03725815,-0.7335207,-0.5557664,-0.3912437,-2.769327,-0.3830686,0.09083748,-28.33788,0.8097654,0.4120674,-0.6619841,-0.6511844,0.3711281,-2.60911,-0.673306,0.05950928,-0.1479752
1736099887450,-28.29237,1.577176,0.2057228,-0.9913082,0.044581,0.123778,0,0,0,-28.41081,0.7893633,-0.03725815,-0.7335207,-0.5557664,-0.3912437,0,0,0,-28.33788,0.8097654,0.4120674,-0.6619841,-0.6511844,0.3711281,0,0,0,-0.1479752
1736099887473,-28.32967,1.573219,0.2093124,-0.9917949,0.04704789,0.1188682,-2.797222,-0.2967775,0.2692223,-28.44361,0.7836573,-0.03553963,-0.7223637,-0.5618266,-0.4031653,-2.459764,-0.4279509,0.1288891,-28.37475,0.8015731,0.4154053,-0.6637518,-0.6561007,0.359118,-2.765036,-0.6144226,0.2503395,-0.1479752
1736099887478,-28.32967,1.573219,0.2093124,-0.9917949,0.04704789,0.1188682,0,0,0,-28.44361,0.7836573,-0.03553963,-0.7223637,-0.5618266,-0.4031653,0,0,0,-28.37475,0.8015731,0.4154053,-0.6637518,-0.6561007,0.359118,0,0,0,-0.1479752
1736099887483,-28.32967,1.573219,0.2093124,-0.9917949,0.04704789,0.1188682,0,0,0,-28.44361,0.7836573,-0.03553963,-0.7223637,-0.5618266,-0.4031653,0,0,0,-28.37475,0.8015731,0.4154053,-0.6637518,-0.6561007,0.359118,0,0,0,-0.1479752
1736099887500,-28.36669,1.572372,0.2131538,-0.993065,0.03242939,0.113007,-2.776623,-0.06353259,0.288105,-28.47505,0.7778734,-0.03414917,-0.7061981,-0.5741118,-0.4143434,-2.358055,-0.4337892,0.1042843,-28.41591,0.797904,0.4174843,-0.6666539,-0.6561757,0.3535624,-3.086901,-0.2751812,0.1559258,-0.1479752
1736099887506,-28.36669,1.572372,0.2131538,-0.993065,0.03242939,0.113007,0,0,0,-28.47505,0.7778734,-0.03414917,-0.7061981,-0.5741118,-0.4143434,0,0,0,-28.41591,0.797904,0.4174843,-0.6666539,-0.6561757,0.3535624,0,0,0,-0.1479752
1736099887528,-28.40482,1.580523,0.2171383,-0.9938353,0.03375465,0.1056041,-2.859306,0.6113827,0.2988338,-28.50222,0.7769846,-0.03384972,-0.6840527,-0.5824487,-0.4391196,-2.037621,-0.06665736,0.02245903,-28.45462,0.7970222,0.4219456,-0.6629029,-0.6552176,0.3622844,-2.902937,-0.06613433,0.3345966,-0.1479752
1736099887534,-28.40482,1.580523,0.2171383,-0.9938353,0.03375465,0.1056041,0,0,0,-28.50222,0.7769846,-0.03384972,-0.6840527,-0.5824487,-0.4391196,0,0,0,-28.45462,0.7970222,0.4219456,-0.6629029,-0.6552176,0.3622844,0,0,0,-0.1479752
1736099887554,-28.44224,1.580951,0.2181492,-0.9921877,0.0510878,0.1138155,-2.80695,0.0320971,0.07581711,-28.52491,0.7791694,-0.03411865,-0.6354781,-0.6039584,-0.4810429,-1.70145,0.1638606,-0.02017021,-28.49352,0.7993749,0.4236412,-0.6473542,-0.6707329,0.3620083,-2.917957,0.1764536,0.1271725,-0.1479752
1736099887561,-28.44224,1.580951,0.2181492,-0.9921877,0.0510878,0.1138155,0,0,0,-28.52491,0.7791694,-0.03411865,-0.6354781,-0.6039584,-0.4810429,0,0,0,-28.49352,0.7993749,0.4236412,-0.6473542,-0.6707329,0.3620083,0,0,0,-0.1479752
1736099887582,-28.47698,1.580856,0.219347,-0.9921919,0.04453214,0.1165014,-2.605391,-0.007134676,0.08983612,-28.54975,0.779635,-0.03137207,-0.6024374,-0.6326073,-0.4867005,-1.863098,0.03491342,0.2059937,-28.53669,0.8073296,0.4220886,-0.6637673,-0.6617233,0.3486192,-3.237677,0.5965993,-0.1164436,-0.1479752
1736099887587,-28.47698,1.580856,0.219347,-0.9921919,0.04453214,0.1165014,0,0,0,-28.54975,0.779635,-0.03137207,-0.6024374,-0.6326073,-0.4867005,0,0,0,-28.53669,0.8073296,0.4220886,-0.6637673,-0.6617233,0.3486192,0,0,0,-0.1479752
1736099887610,-28.51138,1.584131,0.2197285,-0.9938158,0.02021302,0.1091883,-2.579784,0.2455741,0.02861023,-28.57734,0.7815719,-0.02729225,-0.6166574,-0.6423246,-0.4551411,-2.069664,0.1452729,0.3059864,-28.58218,0.818159,0.4182034,-0.7065401,-0.6363636,0.3095849,-3.411627,0.8122042,-0.2913952,-0.1479752
1736099887616,-28.51138,1.584131,0.2197285,-0.9938158,0.02021302,0.1091883,0,0,0,-28.57734,0.7815719,-0.02729225,-0.6166574,-0.6423246,-0.4551411,0,0,0,-28.58218,0.818159,0.4182034,-0.7065401,-0.6363636,0.3095849,0,0,0,-0.1479752
1736099887638,-28.54597,1.588514,0.2197571,-0.9943585,0.02226512,0.1037111,-2.594805,0.3287584,0.002145767,-28.6051,0.7848272,-0.02710724,-0.6427014,-0.6281682,-0.4385655,-2.08168,0.2441481,0.01387596,-28.62564,0.8261007,0.4159184,-0.7403223,-0.6220599,0.2548811,-3.259563,0.5956292,-0.1713753,-0.1479752
1736099887645,-28.54597,1.588514,0.2197571,-0.9943585,0.02226512,0.1037111,0,0,0,-28.6051,0.7848272,-0.02710724,-0.6427014,-0.6281682,-0.4385655,0,0,0,-28.62564,0.8261007,0.4159184,-0.7403223,-0.6220599,0.2548811,0,0,0,-0.1479752
1736099887667,-28.57974,1.594303,0.2175312,-0.9949852,0.0200596,0.09799063,-2.532578,0.4341513,-0.1669407,-28.63351,0.790612,-0.03085327,-0.6411647,-0.6172966,-0.4559093,-2.130747,0.4338607,-0.2809525,-28.66843,0.8335578,0.4166908,-0.7505829,-0.6136106,0.2451689,-3.209209,0.5592853,0.05793571,-0.1479752
1736099887672,-28.57974,1.594303,0.2175312,-0.9949852,0.0200596,0.09799063,0,0,0,-28.63351,0.790612,-0.03085327,-0.6411647,-0.6172966,-0.4559093,0,0,0,-28.66843,0.8335578,0.4166908,-0.7505829,-0.6136106,0.2451689,0,0,0,-0.1479752
1736099887695,-28.61275,1.597814,0.2144318,-0.9956096,0.01188714,0.09284627,-2.475357,0.2633125,-0.2324581,-28.66056,0.7961099,-0.03557396,-0.5959466,-0.6315151,-0.4960215,-2.028894,0.412336,-0.3540516,-28.71161,0.8431611,0.4177132,-0.7572567,-0.5979918,0.262618,-3.238249,0.7202446,0.07667542,-0.1479752
1736099887700,-28.61275,1.597814,0.2144318,-0.9956096,0.01188714,0.09284627,0,0,0,-28.66056,0.7961099,-0.03557396,-0.5959466,-0.6315151,-0.4960215,0,0,0,-28.71161,0.8431611,0.4177132,-0.7572567,-0.5979918,0.262618,0,0,0,-0.1479752
1736099887723,-28.64518,1.601274,0.210638,-0.9963202,0.007334135,0.08539772,-2.432728,0.2595127,-0.2845287,-28.68682,0.7990323,-0.03738785,-0.565262,-0.6517196,-0.5057085,-1.969814,0.2191857,-0.1360416,-28.75473,0.8530148,0.4146748,-0.766679,-0.5870606,0.2599295,-3.2341,0.739029,-0.2278805,-0.1479752
1736099887728,-28.64518,1.601274,0.210638,-0.9963202,0.007334135,0.08539772,0,0,0,-28.68682,0.7990323,-0.03738785,-0.565262,-0.6517196,-0.5057085,0,0,0,-28.75473,0.8530148,0.4146748,-0.766679,-0.5870606,0.2599295,0,0,0,-0.1479752
1736099887751,-28.67778,1.603142,0.2077694,-0.9968066,0.01360256,0.07868934,-2.444601,0.1401365,-0.2151489,-28.71393,0.7991939,-0.0385685,-0.5667132,-0.6531201,-0.5022657,-2.0329,0.01211911,-0.08854866,-28.79814,0.8630264,0.4087391,-0.7852622,-0.5707473,0.240023,-3.255558,0.7508665,-0.4451752,-0.1479752
1736099887756,-28.67778,1.603142,0.2077694,-0.9968066,0.01360256,0.07868934,0,0,0,-28.71393,0.7991939,-0.0385685,-0.5667132,-0.6531201,-0.5022657,0,0,0,-28.79814,0.8630264,0.4087391,-0.7852622,-0.5707473,0.240023,0,0,0,-0.1479752
1736099887762,-28.67778,1.603142,0.2077694,-0.9968066,0.01360256,0.07868934,0,0,0,-28.71393,0.7991939,-0.0385685,-0.5667132,-0.6531201,-0.5022657,0,0,0,-28.79814,0.8630264,0.4087391,-0.7852622,-0.5707473,0.240023,0,0,0,-0.1479752
1736099887778,-28.71055,1.602761,0.203867,-0.9973253,0.0239571,0.0690552,-2.458048,-0.02862811,-0.2926826,-28.74345,0.7964031,-0.04240608,-0.5664579,-0.6492865,-0.5074967,-2.214003,-0.2093107,-0.2878189,-28.84162,0.8692037,0.4015427,-0.8062214,-0.5535272,0.2088417,-3.261423,0.463298,-0.539732,-0.1479752
1736099887784,-28.71055,1.602761,0.203867,-0.9973253,0.0239571,0.0690552,0,0,0,-28.74345,0.7964031,-0.04240608,-0.5664579,-0.6492865,-0.5074967,0,0,0,-28.84162,0.8692037,0.4015427,-0.8062214,-0.5535272,0.2088417,0,0,0,-0.1479752
1736099887806,-28.74346,1.600883,0.1994572,-0.9978514,0.03113795,0.0576492,-2.468204,-0.1408339,-0.3307343,-28.77197,0.7927585,-0.04721642,-0.5483289,-0.6509899,-0.5249271,-2.138615,-0.2733484,-0.360775,-28.88217,0.8699824,0.3920994,-0.823729,-0.5379,0.179261,-3.04141,0.05840063,-0.7082462,-0.1479752
1736099887812,-28.74346,1.600883,0.1994572,-0.9978514,0.03113795,0.0576492,0,0,0,-28.77197,0.7927585,-0.04721642,-0.5483289,-0.6509899,-0.5249271,0,0,0,-28.88217,0.8699824,0.3920994,-0.823729,-0.5379,0.179261,0,0,0,-0.1479752
1736099887832,-28.77668,1.59689,0.1980076,-0.9981953,0.03661282,0.04760242,-2.491379,-0.2994686,-0.1087189,-28.80234,0.7851589,-0.05155563,-0.5171428,-0.6582652,-0.5470378,-2.277803,-0.5699649,-0.3254414,-28.92428,0.8703097,0.3857956,-0.8376809,-0.5230654,0.1571422,-3.157854,0.02455115,-0.472784,-0.1479752
1736099887838,-28.77668,1.59689,0.1980076,-0.9981953,0.03661282,0.04760242,0,0,0,-28.80234,0.7851589,-0.05155563,-0.5171428,-0.6582652,-0.5470378,0,0,0,-28.92428,0.8703097,0.3857956,-0.8376809,-0.5230654,0.1571422,0,0,0,-0.1479752
1736099887859,-28.81039,1.592035,0.19244,-0.9983053,0.04225842,0.04001433,-2.528143,-0.3641456,-0.4175663,-28.83245,0.7753054,-0.05330467,-0.4888723,-0.669835,-0.5588608,-2.258348,-0.7390156,-0.1311779,-28.96475,0.8685679,0.3809338,-0.8471243,-0.5106183,0.147139,-3.035688,-0.1306325,-0.3646374,-0.1479752
1736099887865,-28.81039,1.592035,0.19244,-0.9983053,0.04225842,0.04001433,0,0,0,-28.83245,0.7753054,-0.05330467,-0.4888723,-0.669835,-0.5588608,0,0,0,-28.96475,0.8685679,0.3809338,-0.8471243,-0.5106183,0.147139,0,0,0,-0.1479752
1736099887888,-28.8449,1.586507,0.1883678,-0.9983355,0.04690205,0.03356242,-2.588224,-0.4145801,-0.3054142,-28.86363,0.7640624,-0.05409622,-0.4744378,-0.6798602,-0.5591954,-2.339029,-0.8432239,-0.05936623,-29.00485,0.8633833,0.3765583,-0.8509575,-0.5044672,0.1462347,-3.006935,-0.3888488,-0.3281593,-0.1479752
1736099887894,-28.8449,1.586507,0.1883678,-0.9983355,0.04690205,0.03356242,0,0,0,-28.86363,0.7640624,-0.05409622,-0.4744378,-0.6798602,-0.5591954,0,0,0,-29.00485,0.8633833,0.3765583,-0.8509575,-0.5044672,0.1462347,0,0,0,-0.1479752
1736099887916,-28.87994,1.581276,0.1829433,-0.9983772,0.04714815,0.03194338,-2.628422,-0.3922999,-0.4068375,-28.89646,0.7530979,-0.0537281,-0.4656029,-0.6897243,-0.5545218,-2.461624,-0.8223385,0.02760887,-29.04322,0.8575894,0.3726597,-0.8550104,-0.4971321,0.1477056,-2.878046,-0.4345447,-0.2923965,-0.1479752
1736099887922,-28.87994,1.581276,0.1829433,-0.9983772,0.04714815,0.03194338,0,0,0,-28.89646,0.7530979,-0.0537281,-0.4656029,-0.6897243,-0.5545218,0,0,0,-29.04322,0.8575894,0.3726597,-0.8550104,-0.4971321,0.1477056,0,0,0,-0.1479752
1736099887944,-28.91578,1.577772,0.1769333,-0.9981893,0.04720634,0.0372842,-2.687645,-0.2628028,-0.4507542,-28.9291,0.7450452,-0.05404854,-0.4579609,-0.7008312,-0.5469077,-2.448606,-0.603953,-0.02403259,-29.07833,0.8515987,0.3688488,-0.8584068,-0.4887223,0.1558474,-2.633429,-0.4493013,-0.2858162,-0.1479752
1736099887950,-28.91578,1.577772,0.1769333,-0.9981893,0.04720634,0.0372842,0,0,0,-28.9291,0.7450452,-0.05404854,-0.4579609,-0.7008312,-0.5469077,0,0,0,-29.07833,0.8515987,0.3688488,-0.8584068,-0.4887223,0.1558474,0,0,0,-0.1479752
1736099887972,-28.95098,1.572163,0.1707993,-0.997899,0.04512266,0.04649669,-2.639866,-0.4207134,-0.4600525,-28.96346,0.7390412,-0.05589676,-0.4472027,-0.7145126,-0.5380352,-2.576351,-0.4502982,-0.1386166,-29.11013,0.8474668,0.3662262,-0.8550016,-0.4905602,0.1682952,-2.384663,-0.3098935,-0.1966953,-0.1479752
1736099887977,-28.95098,1.572163,0.1707993,-0.997899,0.04512266,0.04649669,0,0,0,-28.96346,0.7390412,-0.05589676,-0.4472027,-0.7145126,-0.5380352,0,0,0,-29.11013,0.8474668,0.3662262,-0.8550016,-0.4905602,0.1682952,0,0,0,-0.1479752
1736099887999,-28.98762,1.579185,0.1644955,-0.998258,0.02683676,0.05254573,-2.748156,0.5266964,-0.472784,-29.0006,0.738076,-0.05917358,-0.4459047,-0.7191573,-0.5328999,-2.786064,-0.07238835,-0.2457619,-29.14004,0.8450282,0.3629189,-0.8487315,-0.4979885,0.1779394,-2.243185,-0.1828909,-0.2480507,-0.1479752
1736099888005,-28.98762,1.579185,0.1644955,-0.998258,0.02683676,0.05254573,0,0,0,-29.0006,0.738076,-0.05917358,-0.4459047,-0.7191573,-0.5328999,0,0,0,-29.14004,0.8450282,0.3629189,-0.8487315,-0.4979885,0.1779394,0,0,0,-0.1479752
1736099888027,-29.02458,1.583067,0.1572323,-0.9966711,0.0343467,0.07394183,-2.772188,0.2911448,-0.5447388,-29.03776,0.7435705,-0.0637207,-0.440563,-0.7275218,-0.525944,-2.786779,0.4120857,-0.3410339,-29.16418,0.84391,0.3641891,-0.8263137,-0.5205625,0.2149903,-1.811028,-0.08386374,0.09527206,-0.1479752
1736099888033,-29.02458,1.583067,0.1572323,-0.9966711,0.0343467,0.07394183,0,0,0,-29.03776,0.7435705,-0.0637207,-0.440563,-0.7275218,-0.525944,0,0,0,-29.16418,0.84391,0.3641891,-0.8263137,-0.5205625,0.2149903,0,0,0,-0.1479752
1736099888055,-29.05883,1.587113,0.1514168,-0.9963313,0.03570063,0.077779,-2.56834,0.3034294,-0.4361629,-29.0788,0.7538267,-0.06868744,-0.4698633,-0.7100995,-0.5243928,-3.078175,0.7692173,-0.3725052,-29.18612,0.8425459,0.3622437,-0.7957178,-0.5506131,0.2523068,-1.645088,-0.1023084,-0.1459122,-0.1479752
1736099888061,-29.05883,1.587113,0.1514168,-0.9963313,0.03570063,0.077779,0,0,0,-29.0788,0.7538267,-0.06868744,-0.4698633,-0.7100995,-0.5243928,0,0,0,-29.18612,0.8425459,0.3622437,-0.7957178,-0.5506131,0.2523068,0,0,0,-0.1479752
1736099888083,-29.09188,1.588859,0.1466675,-0.9967067,0.02210796,0.07801992,-2.47879,0.1309365,-0.3561974,-29.12325,0.7645463,-0.06905746,-0.5214436,-0.689711,-0.5023899,-3.333664,0.8039698,-0.02775192,-29.2092,0.8435972,0.3557758,-0.7854,-0.5699518,0.2414581,-1.731062,0.07884353,-0.4850864,-0.1479752
1736099888089,-29.09188,1.588859,0.1466675,-0.9967067,0.02210796,0.07801992,0,0,0,-29.12325,0.7645463,-0.06905746,-0.5214436,-0.689711,-0.5023899,0,0,0,-29.2092,0.8435972,0.3557758,-0.7854,-0.5699518,0.2414581,0,0,0,-0.1479752
1736099888111,-29.12525,1.595042,0.1435051,-0.9960582,0.02112786,0.08614987,-2.502966,0.4637361,-0.2371788,-29.16695,0.7745234,-0.07024956,-0.5691161,-0.6786322,-0.4642909,-3.277302,0.7482827,-0.08940697,-29.2314,0.8460079,0.352972,-0.7878476,-0.5772243,0.2147292,-1.665115,0.1808077,-0.2102852,-0.1479752
1736099888117,-29.12525,1.595042,0.1435051,-0.9960582,0.02112786,0.08614987,0,0,0,-29.16695,0.7745234,-0.07024956,-0.5691161,-0.6786322,-0.4642909,0,0,0,-29.2314,0.8460079,0.352972,-0.7878476,-0.5772243,0.2147292,0,0,0,-0.1479752
1736099888123,-29.12525,1.595042,0.1435051,-0.9960582,0.02112786,0.08614987,0,0,0,-29.16695,0.7745234,-0.07024956,-0.5691161,-0.6786322,-0.4642909,0,0,0,-29.2314,0.8460079,0.352972,-0.7878476,-0.5772243,0.2147292,0,0,0,-0.1479752
1736099888139,-29.15784,1.601086,0.1426201,-0.9951723,0.02265033,0.09549546,-2.444172,0.4533023,-0.06637573,-29.21152,0.7844965,-0.07599831,-0.5813324,-0.6604593,-0.4752336,-3.343105,0.7479832,-0.4311562,-29.25421,0.8474001,0.3521729,-0.7829364,-0.5844108,0.2132482,-1.710463,0.1044139,-0.05993843,-0.1479752
1736099888146,-29.15784,1.601086,0.1426201,-0.9951723,0.02265033,0.09549546,0,0,0,-29.21152,0.7844965,-0.07599831,-0.5813324,-0.6604593,-0.4752336,0,0,0,-29.25421,0.8474001,0.3521729,-0.7829364,-0.5844108,0.2132482,0,0,0,-0.1479752
1736099888167,-29.19007,1.60536,0.142601,-0.9941205,0.02160478,0.1061038,-2.417135,0.3205597,-0.001430511,-29.25369,0.7929022,-0.07933617,-0.5898789,-0.6426656,-0.4889009,-3.162432,0.6304264,-0.2503395,-29.2773,0.8494903,0.3570156,-0.7629359,-0.5975423,0.2467229,-1.73192,0.1567617,0.3632069,-0.1484725
1736099888174,-29.19007,1.60536,0.142601,-0.9941205,0.02160478,0.1061038,0,0,0,-29.25369,0.7929022,-0.07933617,-0.5898789,-0.6426656,-0.4889009,0,0,0,-29.2773,0.8494903,0.3570156,-0.7629359,-0.5975423,0.2467229,0,0,0,-0.1484725
1736099888193,-29.22152,1.605677,0.1432018,-0.9927106,0.01961626,0.1189169,-2.358913,0.02376437,0.04506111,-29.2967,0.7980667,-0.079216,-0.5991882,-0.6350502,-0.4875296,-3.225803,0.3873333,0.009012222,-29.3015,0.8491229,0.3619099,-0.738422,-0.6079147,0.2918434,-1.814747,-0.02755523,0.3670692,-0.152086
1736099888199,-29.22152,1.605677,0.1432018,-0.9927106,0.01961626,0.1189169,0,0,0,-29.2967,0.7980667,-0.079216,-0.5991882,-0.6350502,-0.4875296,0,0,0,-29.3015,0.8491229,0.3619099,-0.738422,-0.6079147,0.2918434,0,0,0,-0.152086
1736099888221,-29.25288,1.605109,0.1426277,-0.9911068,0.01975373,0.1315961,-2.351904,-0.04259348,-0.0430584,-29.33836,0.8043152,-0.07577896,-0.6259524,-0.6262549,-0.4647462,-3.124237,0.46864,0.2577782,-29.32536,0.8477631,0.3659286,-0.7225212,-0.6156037,0.3146357,-1.789713,-0.1019865,0.3014088,-0.1542437
1736099888228,-29.25288,1.605109,0.1426277,-0.9911068,0.01975373,0.1315961,0,0,0,-29.33836,0.8043152,-0.07577896,-0.6259524,-0.6262549,-0.4647462,0,0,0,-29.32536,0.8477631,0.3659286,-0.7225212,-0.6156037,0.3146357,0,0,0,-0.1542437
1736099888250,-29.28426,1.604713,0.1435871,-0.9894179,0.02376139,0.1431366,-2.353621,-0.02971888,0.07195473,-29.38218,0.8112948,-0.07002258,-0.6665604,-0.6128351,-0.4244182,-3.287029,0.5234689,0.4317284,-29.35108,0.8453072,0.3691177,-0.7150724,-0.6182399,0.3262681,-1.929188,-0.1841918,0.2391815,-0.1542437
1736099888256,-29.28426,1.604713,0.1435871,-0.9894179,0.02376139,0.1431366,0,0,0,-29.38218,0.8112948,-0.07002258,-0.6665604,-0.6128351,-0.4244182,0,0,0,-29.35108,0.8453072,0.3691177,-0.7150724,-0.6182399,0.3262681,0,0,0,-0.1542437
1736099888277,-29.31604,1.602986,0.1447563,-0.9876777,0.02822717,0.1539357,-2.383804,-0.1295328,0.08769035,-29.42469,0.8160751,-0.06555557,-0.7010574,-0.5931099,-0.3959036,-3.187752,0.3585219,0.3350258,-29.37845,0.8410286,0.3708363,-0.7079992,-0.6173973,0.3428673,-2.052355,-0.3208905,0.1288891,-0.1542437
1736099888283,-29.31604,1.602986,0.1447563,-0.9876777,0.02822717,0.1539357,0,0,0,-29.42469,0.8160751,-0.06555557,-0.7010574,-0.5931099,-0.3959036,0,0,0,-29.37845,0.8410286,0.3708363,-0.7079992,-0.6173973,0.3428673,0,0,0,-0.1542437
1736099888305,-29.3482,1.599596,0.1462936,-0.9859914,0.03222986,0.1636533,-2.411413,-0.2542377,0.1152992,-29.46687,0.8179573,-0.06189346,-0.7265019,-0.5750661,-0.3761578,-3.163862,0.1411647,0.2746582,-29.40602,0.8355016,0.3762856,-0.6961906,-0.6176007,0.3659074,-2.067804,-0.4145265,0.4086971,-0.1542437
1736099888312,-29.3482,1.599596,0.1462936,-0.9859914,0.03222986,0.1636533,0,0,0,-29.46687,0.8179573,-0.06189346,-0.7265019,-0.5750661,-0.3761578,0,0,0,-29.40602,0.8355016,0.3762856,-0.6961906,-0.6176007,0.3659074,0,0,0,-0.1542437
1736099888333,-29.38066,1.595228,0.1488075,-0.9848008,0.03590161,0.169937,-2.434587,-0.327605,0.1885414,-29.50776,0.8173035,-0.05885315,-0.741239,-0.5620007,-0.3670431,-3.066587,-0.04903078,0.2280235,-29.43546,0.8280097,0.3792915,-0.6820194,-0.6210268,0.3862323,-2.207851,-0.5618915,0.2254486,-0.1542437
1736099888339,-29.38066,1.595228,0.1488075,-0.9848008,0.03590161,0.169937,0,0,0,-29.50776,0.8173035,-0.05885315,-0.741239,-0.5620007,-0.3670431,0,0,0,-29.43546,0.8280097,0.3792915,-0.6820194,-0.6210268,0.3862323,0,0,0,-0.1542437
1736099888362,-29.41332,1.589425,0.1507664,-0.9841725,0.04231152,0.1720888,-2.449465,-0.4352331,0.1469135,-29.54696,0.8148832,-0.05606079,-0.7506225,-0.5521859,-0.3628455,-2.939701,-0.181523,0.2094269,-29.46597,0.8199641,0.3818188,-0.6703036,-0.6268439,0.3971904,-2.288961,-0.603421,0.1895428,-0.1542437
1736099888368,-29.41332,1.589425,0.1507664,-0.9841725,0.04231152,0.1720888,0,0,0,-29.54696,0.8148832,-0.05606079,-0.7506225,-0.5521859,-0.3628455,0,0,0,-29.46597,0.8199641,0.3818188,-0.6703036,-0.6268439,0.3971904,0,0,0,-0.1542437
1736099888390,-29.44695,1.584175,0.1544819,-0.9839154,0.05177948,0.1709667,-2.522564,-0.3937125,0.2786636,-29.58449,0.8082206,-0.05586243,-0.7509587,-0.5463505,-0.370895,-2.81496,-0.4996955,0.01487732,-29.49849,0.8116758,0.3830261,-0.6664619,-0.6313692,0.3964865,-2.438593,-0.6216198,0.09055138,-0.1542437
1736099888396,-29.44695,1.584175,0.1544819,-0.9839154,0.05177948,0.1709667,0,0,0,-29.58449,0.8082206,-0.05586243,-0.7509587,-0.5463505,-0.370895,0,0,0,-29.49849,0.8116758,0.3830261,-0.6664619,-0.6313692,0.3964865,0,0,0,-0.1542437
1736099888418,-29.48138,1.579915,0.1587753,-0.9846608,0.05869425,0.1643119,-2.582502,-0.3194869,0.3220081,-29.61904,0.8007804,-0.05516052,-0.7440983,-0.5438832,-0.3879554,-2.591515,-0.5580157,0.05264282,-29.53316,0.8037082,0.3828011,-0.6681922,-0.6343982,0.3886621,-2.600098,-0.5975738,-0.01688004,-0.1542437
1736099888424,-29.48138,1.579915,0.1587753,-0.9846608,0.05869425,0.1643119,0,0,0,-29.61904,0.8007804,-0.05516052,-0.7440983,-0.5438832,-0.3879554,0,0,0,-29.53316,0.8037082,0.3828011,-0.6681922,-0.6343982,0.3886621,0,0,0,-0.1542437
1736099888446,-29.51648,1.576157,0.1634254,-0.9854979,0.06512181,0.1566954,-2.632141,-0.2818376,0.3487587,-29.65001,0.7938681,-0.05281448,-0.7302772,-0.5517519,-0.4028223,-2.322292,-0.5184263,0.1759529,-29.57028,0.7968011,0.3826637,-0.6723197,-0.6373635,0.376503,-2.784061,-0.5180284,-0.01029968,-0.1542437
1736099888452,-29.51648,1.576157,0.1634254,-0.9854979,0.06512181,0.1566954,0,0,0,-29.65001,0.7938681,-0.05281448,-0.7302772,-0.5517519,-0.4028223,0,0,0,-29.57028,0.7968011,0.3826637,-0.6723197,-0.6373635,0.376503,0,0,0,-0.1542437
1736099888458,-29.51648,1.576157,0.1634254,-0.9854979,0.06512181,0.1566954,0,0,0,-29.65001,0.7938681,-0.05281448,-0.7302772,-0.5517519,-0.4028223,0,0,0,-29.57028,0.7968011,0.3826637,-0.6723197,-0.6373635,0.376503,0,0,0,-0.1542437
1736099888474,-29.55083,1.572011,0.1682091,-0.9872921,0.05832507,0.1478275,-2.576351,-0.3109664,0.3587723,-29.67838,0.785266,-0.05239105,-0.7117267,-0.5683039,-0.4128881,-2.128029,-0.6451562,0.03175735,-29.61149,0.7933188,0.3829765,-0.6757088,-0.6375228,0.3701116,-3.090763,-0.2611756,0.02346039,-0.1542437
1736099888479,-29.55083,1.572011,0.1682091,-0.9872921,0.05832507,0.1478275,0,0,0,-29.67838,0.785266,-0.05239105,-0.7117267,-0.5683039,-0.4128881,0,0,0,-29.61149,0.7933188,0.3829765,-0.6757088,-0.6375228,0.3701116,0,0,0,-0.1542437
1736099888501,-29.58659,1.577477,0.1734581,-0.9894817,0.05221249,0.134909,-2.681923,0.4099131,0.3936768,-29.70552,0.7797065,-0.05196381,-0.6938898,-0.5779649,-0.4295045,-2.035904,-0.4169628,0.03204346,-29.65084,0.791049,0.3838806,-0.6781765,-0.6339702,0.371697,-2.951145,-0.1702353,0.06780624,-0.1542437
1736099888507,-29.58659,1.577477,0.1734581,-0.9894817,0.05221249,0.134909,0,0,0,-29.70552,0.7797065,-0.05196381,-0.6938898,-0.5779649,-0.4295045,0,0,0,-29.65084,0.791049,0.3838806,-0.6781765,-0.6339702,0.371697,0,0,0,-0.1542437
1736099888527,-29.62223,1.581961,0.1786232,-0.9890288,0.07047398,0.1298295,-2.673054,0.3363043,0.3873825,-29.728,0.7767466,-0.05545425,-0.6517199,-0.5916928,-0.4745119,-1.685715,-0.2219886,-0.2617836,-29.6895,0.7899523,0.3836594,-0.6680636,-0.6437762,0.3731535,-2.899647,-0.08225441,-0.01659393,-0.1542437
1736099888533,-29.62223,1.581961,0.1786232,-0.9890288,0.07047398,0.1298295,0,0,0,-29.728,0.7767466,-0.05545425,-0.6517199,-0.5916928,-0.4745119,0,0,0,-29.6895,0.7899523,0.3836594,-0.6680636,-0.6437762,0.3731535,0,0,0,-0.1542437
1736099888555,-29.65687,1.583306,0.1807861,-0.9876806,0.09095766,0.1273345,-2.598095,0.1008958,0.16222,-29.74931,0.7760612,-0.05556488,-0.5996075,-0.6245487,-0.50041,-1.597881,-0.05140454,-0.008296967,-29.73034,0.7932522,0.3802223,-0.6691673,-0.6518926,0.3567235,-3.062725,0.2474919,-0.2577782,-0.1542437
1736099888561,-29.65687,1.583306,0.1807861,-0.9876806,0.09095766,0.1273345,0,0,0,-29.74931,0.7760612,-0.05556488,-0.5996075,-0.6245487,-0.50041,0,0,0,-29.73034,0.7932522,0.3802223,-0.6691673,-0.6518926,0.3567235,0,0,0,-0.1542437
1736099888583,-29.69033,1.583592,0.182682,-0.9898484,0.08045433,0.1171653,-2.509117,0.02147555,0.1421928,-29.77363,0.7762224,-0.05120087,-0.5906891,-0.6437675,-0.4864674,-1.824188,0.01208782,0.327301,-29.77644,0.8019507,0.3753014,-0.7018045,-0.6333894,0.3260193,-3.457832,0.6523892,-0.369072,-0.1542437
1736099888589,-29.69033,1.583592,0.182682,-0.9898484,0.08045433,0.1171653,0,0,0,-29.77363,0.7762224,-0.05120087,-0.5906891,-0.6437675,-0.4864674,0,0,0,-29.77644,0.8019507,0.3753014,-0.7018045,-0.6333894,0.3260193,0,0,0,-0.1542437
1736099888611,-29.72483,1.587499,0.1833878,-0.9917781,0.07163645,0.1060423,-2.587509,0.2929688,0.05292892,-29.79884,0.7774171,-0.04825211,-0.6128198,-0.6363115,-0.4685721,-1.89085,0.08959919,0.2211571,-29.82082,0.8099028,0.3704338,-0.7416278,-0.6106805,0.2775928,-3.328228,0.5964115,-0.3650665,-0.1542437
1736099888618,-29.72483,1.587499,0.1833878,-0.9917781,0.07163645,0.1060423,0,0,0,-29.79884,0.7774171,-0.04825211,-0.6128198,-0.6363115,-0.4685721,0,0,0,-29.82082,0.8099028,0.3704338,-0.7416278,-0.6106805,0.2775928,0,0,0,-0.1542437
1736099888640,-29.7594,1.592687,0.1831741,-0.9925689,0.06714822,0.1014817,-2.593231,0.3890991,-0.01602173,-29.82356,0.7805611,-0.04824066,-0.6268424,-0.6271577,-0.4623232,-1.853943,0.2358064,0.0008583069,-29.86205,0.8165728,0.3671989,-0.7648132,-0.5977855,0.2402366,-3.092194,0.5002499,-0.2426147,-0.1542437
1736099888646,-29.7594,1.592687,0.1831741,-0.9925689,0.06714822,0.1014817,0,0,0,-29.82356,0.7805611,-0.04824066,-0.6268424,-0.6271577,-0.4623232,0,0,0,-29.86205,0.8165728,0.3671989,-0.7648132,-0.5977855,0.2402366,0,0,0,-0.1542437
1736099888667,-29.79278,1.596672,0.1828384,-0.9929481,0.05843277,0.1031495,-2.503395,0.2988875,-0.025177,-29.84966,0.7858142,-0.05300522,-0.5940372,-0.6357188,-0.4929323,-1.957512,0.3939763,-0.3573418,-29.90482,0.8263533,0.3675613,-0.7735052,-0.5814088,0.2522969,-3.208351,0.733535,0.02717972,-0.1542437
1736099888673,-29.79278,1.596672,0.1828384,-0.9929481,0.05843277,0.1031495,0,0,0,-29.84966,0.7858142,-0.05300522,-0.5940372,-0.6357188,-0.4929323,0,0,0,-29.90482,0.8263533,0.3675613,-0.7735052,-0.5814088,0.2522969,0,0,0,-0.1542437
1736099888695,-29.82599,1.59862,0.1798172,-0.9938887,0.04636611,0.1001804,-2.49052,0.1461267,-0.226593,-29.87431,0.7892889,-0.05557251,-0.5556794,-0.6538861,-0.5134723,-1.848507,0.2606079,-0.1925468,-29.94621,0.8373789,0.365139,-0.7818378,-0.5691656,0.2545204,-3.103638,0.8269161,-0.181675,-0.1542437
1736099888701,-29.82599,1.59862,0.1798172,-0.9938887,0.04636611,0.1001804,0,0,0,-29.87431,0.7892889,-0.05557251,-0.5556794,-0.6538861,-0.5134723,0,0,0,-29.94621,0.8373789,0.365139,-0.7818378,-0.5691656,0.2545204,0,0,0,-0.1542437
1736099888723,-29.85865,1.600514,0.1788712,-0.9943119,0.04272648,0.09756458,-2.449322,0.1420498,-0.07095337,-29.89975,0.790325,-0.05622864,-0.5471635,-0.6624402,-0.5116493,-1.908302,0.07770807,-0.04920959,-29.9883,0.8487393,0.3606339,-0.7975164,-0.554976,0.2365791,-3.156853,0.8520305,-0.3378868,-0.1542437
1736099888729,-29.85865,1.600514,0.1788712,-0.9943119,0.04272648,0.09756458,0,0,0,-29.89975,0.790325,-0.05622864,-0.5471635,-0.6624402,-0.5116493,0,0,0,-29.9883,0.8487393,0.3606339,-0.7975164,-0.554976,0.2365791,0,0,0,-0.1542437
1736099888751,-29.89138,1.600212,0.1765823,-0.9944644,0.0469962,0.09398109,-2.455044,-0.0226289,-0.1716614,-29.92613,0.7886782,-0.05652237,-0.5501313,-0.6632278,-0.5074302,-1.978397,-0.1235113,-0.02202988,-30.02882,0.8578459,0.3557014,-0.8189136,-0.5342621,0.2096301,-3.039551,0.6829977,-0.3699303,-0.1542437
1736099888756,-29.89138,1.600212,0.1765823,-0.9944644,0.0469962,0.09398109,0,0,0,-29.92613,0.7886782,-0.05652237,-0.5501313,-0.6632278,-0.5074302,0,0,0,-30.02882,0.8578459,0.3557014,-0.8189136,-0.5342621,0.2096301,0,0,0,-0.1542437
1736099888779,-29.92421,1.598147,0.1743736,-0.9946626,0.0531042,0.08846903,-2.462196,-0.1549155,-0.1656532,-29.95541,0.7842978,-0.0593605,-0.5407773,-0.6644424,-0.5158265,-2.195835,-0.3285348,-0.2128601,-30.06853,0.8635336,0.3509789,-0.8375273,-0.5151876,0.1820166,-2.978325,0.4265785,-0.3541946,-0.1542437
1736099888785,-29.92421,1.598147,0.1743736,-0.9946626,0.0531042,0.08846903,0,0,0,-29.95541,0.7842978,-0.0593605,-0.5407773,-0.6644424,-0.5158265,0,0,0,-30.06853,0.8635336,0.3509789,-0.8375273,-0.5151876,0.1820166,0,0,0,-0.1542437
1736099888790,-29.92421,1.598147,0.1743736,-0.9946626,0.0531042,0.08846903,0,0,0,-29.95541,0.7842978,-0.0593605,-0.5407773,-0.6644424,-0.5158265,0,0,0,-30.06853,0.8635336,0.3509789,-0.8375273,-0.5151876,0.1820166,0,0,0,-0.1542437
1736099888807,-29.95713,1.594104,0.1731873,-0.9949945,0.05703554,0.08205736,-2.468777,-0.3032506,-0.08897781,-29.98615,0.7767653,-0.06264114,-0.5180648,-0.6680025,-0.5342119,-2.305984,-0.5649358,-0.246048,-30.10809,0.8662604,0.3497086,-0.8484955,-0.5032481,0.1636975,-2.966595,0.2045095,-0.09527206,-0.1542437
1736099888812,-29.95713,1.594104,0.1731873,-0.9949945,0.05703554,0.08205736,0,0,0,-29.98615,0.7767653,-0.06264114,-0.5180648,-0.6680025,-0.5342119,0,0,0,-30.10809,0.8662604,0.3497086,-0.8484955,-0.5032481,0.1636975,0,0,0,-0.1542437
1736099888835,-29.99014,1.588778,0.1724243,-0.9951794,0.06012413,0.07748246,-2.476215,-0.3993899,-0.05722046,-30.01527,0.7688569,-0.06352997,-0.4964906,-0.6771449,-0.5431137,-2.184105,-0.5931258,-0.06666183,-30.14563,0.8660591,0.347435,-0.8571011,-0.4914289,0.154518,-2.815247,-0.01510084,-0.170517,-0.1542437
1736099888840,-29.99014,1.588778,0.1724243,-0.9951794,0.06012413,0.07748246,0,0,0,-30.01527,0.7688569,-0.06352997,-0.4964906,-0.6771449,-0.5431137,0,0,0,-30.14563,0.8660591,0.347435,-0.8571011,-0.4914289,0.154518,0,0,0,-0.1542437
1736099888860,-30.02411,1.583532,0.1707153,-0.9948696,0.06719311,0.07562798,-2.547455,-0.3935069,-0.1281738,-30.04655,0.7581305,-0.06468201,-0.4804078,-0.6894353,-0.542114,-2.346039,-0.8044839,-0.08640289,-30.18356,0.8622304,0.3494949,-0.8606461,-0.4827237,0.1620695,-2.845001,-0.2871484,0.1544952,-0.1542437
1736099888866,-30.02411,1.583532,0.1707153,-0.9948696,0.06719311,0.07562798,0,0,0,-30.04655,0.7581305,-0.06468201,-0.4804078,-0.6894353,-0.542114,0,0,0,-30.18356,0.8622304,0.3494949,-0.8606461,-0.4827237,0.1620695,0,0,0,-0.1542437
1736099888888,-30.05935,1.577957,0.1671104,-0.9942586,0.07528644,0.07603943,-2.642727,-0.4181027,-0.2703667,-30.07794,0.7477008,-0.06356049,-0.4741332,-0.6967454,-0.5382789,-2.353764,-0.782226,0.08411407,-30.21956,0.8568171,0.3515129,-0.8623981,-0.4750482,0.1749255,-2.700233,-0.405997,0.1513481,-0.1542437
1736099888893,-30.05935,1.577957,0.1671104,-0.9942586,0.07528644,0.07603943,0,0,0,-30.07794,0.7477008,-0.06356049,-0.4741332,-0.6967454,-0.5382789,0,0,0,-30.21956,0.8568171,0.3515129,-0.8623981,-0.4750482,0.1749255,0,0,0,-0.1542437
1736099888916,-30.09528,1.574026,0.1642456,-0.9939515,0.07718451,0.07812434,-2.695084,-0.2948284,-0.2148628,-30.11093,0.7385848,-0.06133652,-0.471168,-0.7054775,-0.5294365,-2.474499,-0.6836995,0.1667976,-30.25312,0.8489612,0.3524094,-0.8587639,-0.4750925,0.1918644,-2.517128,-0.5891919,0.06723404,-0.1542437
1736099888922,-30.09528,1.574026,0.1642456,-0.9939515,0.07718451,0.07812434,0,0,0,-30.11093,0.7385848,-0.06133652,-0.471168,-0.7054775,-0.5294365,0,0,0,-30.25312,0.8489612,0.3524094,-0.8587639,-0.4750925,0.1918644,0,0,0,-0.1542437
1736099888944,-30.13197,1.56924,0.1614265,-0.9935361,0.07588517,0.08442706,-2.751732,-0.3589422,-0.2114296,-30.1459,0.7324985,-0.05914307,-0.4723267,-0.7138861,-0.5169864,-2.622986,-0.4564762,0.1645088,-30.283,0.8415825,0.3542442,-0.8505074,-0.4827426,0.208799,-2.240753,-0.5534068,0.1376152,-0.1542437
1736099888950,-30.13197,1.56924,0.1614265,-0.9935361,0.07588517,0.08442706,0,0,0,-30.1459,0.7324985,-0.05914307,-0.4723267,-0.7138861,-0.5169864,0,0,0,-30.283,0.8415825,0.3542442,-0.8505074,-0.4827426,0.208799,0,0,0,-0.1542437
1736099888972,-30.16938,1.570904,0.1591225,-0.9950365,0.0492826,0.08645356,-2.805519,0.1247853,-0.1728058,-30.1845,0.7300041,-0.05818939,-0.4791543,-0.720039,-0.5019517,-2.894783,-0.1870751,0.07152557,-30.31074,0.8343827,0.3547325,-0.8344443,-0.5041525,0.222561,-2.08025,-0.5399823,0.03662109,-0.1542437
1736099888978,-30.16938,1.570904,0.1591225,-0.9950365,0.0492826,0.08645356,0,0,0,-30.1845,0.7300041,-0.05818939,-0.4791543,-0.720039,-0.5019517,0,0,0,-30.31074,0.8343827,0.3547325,-0.8344443,-0.5041525,0.222561,0,0,0,-0.1542437
1736099889000,-30.20678,1.576607,0.1564331,-0.9931588,0.0532481,0.1039262,-2.805519,0.4277587,-0.2017021,-30.22339,0.7349346,-0.05921555,-0.4765892,-0.7203208,-0.5039852,-2.916813,0.3697872,-0.07696152,-30.33402,0.8304006,0.3589325,-0.8118582,-0.5280681,0.2490594,-1.746082,-0.2986595,0.3149986,-0.1542437
1736099889006,-30.20678,1.576607,0.1564331,-0.9931588,0.0532481,0.1039262,0,0,0,-30.22339,0.7349346,-0.05921555,-0.4765892,-0.7203208,-0.5039852,0,0,0,-30.33402,0.8304006,0.3589325,-0.8118582,-0.5280681,0.2490594,0,0,0,-0.1542437
1736099889028,-30.24384,1.581293,0.1537247,-0.992217,0.05751732,0.1104405,-2.779198,0.3514677,-0.2031326,-30.26284,0.744463,-0.0594368,-0.4939814,-0.7172246,-0.4914995,-2.958584,0.7146299,-0.01659393,-30.35354,0.8266664,0.3611946,-0.7745051,-0.5632905,0.2878296,-1.464272,-0.2800629,0.1696587,-0.1542437
1736099889033,-30.24384,1.581293,0.1537247,-0.992217,0.05751732,0.1104405,0,0,0,-30.26284,0.744463,-0.0594368,-0.4939814,-0.7172246,-0.4914995,0,0,0,-30.35354,0.8266664,0.3611946,-0.7745051,-0.5632905,0.2878296,0,0,0,-0.1542437
1736099889056,-30.27851,1.582272,0.1527061,-0.9931018,0.04308117,0.1090549,-2.60067,0.07339418,-0.07638931,-30.30523,0.7562932,-0.0564003,-0.5352767,-0.7043001,-0.4663048,-3.178883,0.8872658,0.2277374,-30.3748,0.8276749,0.3596992,-0.7489058,-0.5952292,0.2912776,-1.594448,0.07563382,-0.1121521,-0.1542437
1736099889061,-30.27851,1.582272,0.1527061,-0.9931018,0.04308117,0.1090549,0,0,0,-30.30523,0.7562932,-0.0564003,-0.5352767,-0.7043001,-0.4663048,0,0,0,-30.3748,0.8276749,0.3596992,-0.7489058,-0.5952292,0.2912776,0,0,0,-0.1542437
1736099889083,-30.3125,1.585288,0.151783,-0.9937384,0.02482516,0.1089414,-2.549171,0.2262086,-0.06923676,-30.34827,0.7672837,-0.05300903,-0.5901065,-0.6855879,-0.4263146,-3.228378,0.8242831,0.2543449,-30.39785,0.8303306,0.3576012,-0.747807,-0.6083751,0.265828,-1.72863,0.1991764,-0.1573563,-0.1542437
1736099889089,-30.3125,1.585288,0.151783,-0.9937384,0.02482516,0.1089414,0,0,0,-30.34827,0.7672837,-0.05300903,-0.5901065,-0.6855879,-0.4263146,0,0,0,-30.39785,0.8303306,0.3576012,-0.747807,-0.6083751,0.265828,0,0,0,-0.1542437
1736099889111,-30.34613,1.590104,0.1524811,-0.9928417,0.02252611,0.1172943,-2.521992,0.3611594,0.05235672,-30.39272,0.7779579,-0.05361938,-0.6278389,-0.663456,-0.4069948,-3.333664,0.8005634,-0.04577637,-30.42157,0.8328879,0.3577461,-0.7552195,-0.6061617,0.2494231,-1.778984,0.1918048,0.01087189,-0.1542437
1736099889117,-30.34613,1.590104,0.1524811,-0.9928417,0.02252611,0.1172943,0,0,0,-30.39272,0.7779579,-0.05361938,-0.6278389,-0.663456,-0.4069948,0,0,0,-30.42157,0.8328879,0.3577461,-0.7552195,-0.6061617,0.2494231,0,0,0,-0.1542437
1736099889123,-30.34613,1.590104,0.1524811,-0.9928417,0.02252611,0.1172943,0,0,0,-30.39272,0.7779579,-0.05361938,-0.6278389,-0.663456,-0.4069948,0,0,0,-30.42157,0.8328879,0.3577461,-0.7552195,-0.6061617,0.2494231,0,0,0,-0.1542437
1736099889139,-30.37889,1.594316,0.1546249,-0.9917209,0.0216272,0.1265789,-2.45676,0.3159642,0.1607895,-30.43663,0.7872304,-0.05667877,-0.6319979,-0.6493776,-0.4229517,-3.29361,0.6954432,-0.229454,-30.44659,0.8353097,0.3628807,-0.7414196,-0.6100218,0.2795901,-1.876545,0.1816347,0.3850937,-0.1542437
1736099889146,-30.37889,1.594316,0.1546249,-0.9917209,0.0216272,0.1265789,0,0,0,-30.43663,0.7872304,-0.05667877,-0.6319979,-0.6493776,-0.4229517,0,0,0,-30.44659,0.8353097,0.3628807,-0.7414196,-0.6100218,0.2795901,0,0,0,-0.1542437
1736099889167,-30.41098,1.597109,0.1571274,-0.9905106,0.01629998,0.1364675,-2.407265,0.2094269,0.1876831,-30.4787,0.7953583,-0.05797958,-0.639891,-0.6377799,-0.4286919,-3.155136,0.6095901,-0.09756088,-30.47073,0.8376384,0.3678055,-0.7155861,-0.6215279,0.3188099,-1.810455,0.1746476,0.3693581,-0.1542437
1736099889174,-30.41098,1.597109,0.1571274,-0.9905106,0.01629998,0.1364675,0,0,0,-30.4787,0.7953583,-0.05797958,-0.639891,-0.6377799,-0.4286919,0,0,0,-30.47073,0.8376384,0.3678055,-0.7155861,-0.6215279,0.3188099,0,0,0,-0.1542437
1736099889194,-30.44249,1.599424,0.1613007,-0.9888915,0.01360018,0.1480167,-2.363205,0.1736104,0.3129959,-30.52334,0.8003026,-0.06079102,-0.6545761,-0.6287063,-0.419832,-3.347683,0.3708199,-0.2108574,-30.49619,0.8381836,0.3720741,-0.6943259,-0.6298571,0.348126,-1.909447,0.04089028,0.3201485,-0.1542437
1736099889200,-30.44249,1.599424,0.1613007,-0.9888915,0.01360018,0.1480167,0,0,0,-30.52334,0.8003026,-0.06079102,-0.6545761,-0.6287063,-0.419832,0,0,0,-30.49619,0.8381836,0.3720741,-0.6943259,-0.6298571,0.348126,0,0,0,-0.1542437
1736099889222,-30.47418,1.599651,0.1648865,-0.9870914,0.0165098,0.1593062,-2.376652,0.01704991,0.2689362,-30.56448,0.8069665,-0.05734253,-0.6818058,-0.615825,-0.3948429,-3.085613,0.4997984,0.2586365,-30.52116,0.8363351,0.3747978,-0.6872485,-0.6340942,0.3544214,-1.872826,-0.1386389,0.204277,-0.1542437
1736099889228,-30.47418,1.599651,0.1648865,-0.9870914,0.0165098,0.1593062,0,0,0,-30.56448,0.8069665,-0.05734253,-0.6818058,-0.615825,-0.3948429,0,0,0,-30.52116,0.8363351,0.3747978,-0.6872485,-0.6340942,0.3544214,0,0,0,-0.1542437
1736099889250,-30.50567,1.597924,0.1688881,-0.985301,0.01871981,0.1697999,-2.361774,-0.1295328,0.3001213,-30.6063,0.8122374,-0.05377197,-0.709038,-0.6020596,-0.3671372,-3.136826,0.3953129,0.2677917,-30.54714,0.8325641,0.377697,-0.6849091,-0.637861,0.3521835,-1.948643,-0.2828255,0.2174377,-0.1542437
1736099889256,-30.50567,1.597924,0.1688881,-0.985301,0.01871981,0.1697999,0,0,0,-30.6063,0.8122374,-0.05377197,-0.709038,-0.6020596,-0.3671372,0,0,0,-30.54714,0.8325641,0.377697,-0.6849091,-0.637861,0.3521835,0,0,0,-0.1542437
1736099889278,-30.53765,1.594855,0.1742859,-0.9835957,0.02016162,0.179258,-2.398109,-0.2301604,0.4048347,-30.64772,0.8162234,-0.05001068,-0.735067,-0.5835906,-0.3451072,-3.106213,0.2989545,0.2820969,-30.57507,0.8274412,0.3823242,-0.6769784,-0.6403161,0.362899,-2.094269,-0.3842175,0.3470421,-0.1542437
1736099889285,-30.53765,1.594855,0.1742859,-0.9835957,0.02016162,0.179258,0,0,0,-30.64772,0.8162234,-0.05001068,-0.735067,-0.5835906,-0.3451072,0,0,0,-30.57507,0.8274412,0.3823242,-0.6769784,-0.6403161,0.362899,0,0,0,-0.1542437
1736099889306,-30.57,1.590571,0.1800919,-0.9823412,0.02413359,0.1855359,-2.42672,-0.3213286,0.4354477,-30.68795,0.8171142,-0.04645157,-0.75235,-0.5685632,-0.332725,-3.017235,0.06680936,0.2669334,-30.60375,0.8214163,0.3868179,-0.6658787,-0.6445803,0.3756621,-2.151489,-0.4518673,0.3370285,-0.1542437
1736099889312,-30.57,1.590571,0.1800919,-0.9823412,0.02413359,0.1855359,0,0,0,-30.68795,0.8171142,-0.04645157,-0.75235,-0.5685632,-0.332725,0,0,0,-30.60375,0.8214163,0.3868179,-0.6658787,-0.6445803,0.3756621,0,0,0,-0.1542437
1736099889334,-30.60244,1.585273,0.1856003,-0.9814335,0.02587933,0.1900495,-2.433014,-0.3973067,0.4131317,-30.72705,0.8147749,-0.04304123,-0.7621322,-0.5576552,-0.3289011,-2.932835,-0.1754478,0.2557755,-30.63412,0.8140867,0.3921928,-0.656992,-0.6484411,0.3845592,-2.277946,-0.5497143,0.4031181,-0.1542437
1736099889341,-30.60244,1.585273,0.1856003,-0.9814335,0.02587933,0.1900495,0,0,0,-30.72705,0.8147749,-0.04304123,-0.7621322,-0.5576552,-0.3289011,0,0,0,-30.63412,0.8140867,0.3921928,-0.656992,-0.6484411,0.3845592,0,0,0,-0.1542437
1736099889362,-30.63593,1.579044,0.1919098,-0.9812938,0.03103501,0.1899989,-2.511406,-0.4671872,0.4732132,-30.76458,0.8097498,-0.03977966,-0.7653805,-0.5498469,-0.3344574,-2.814388,-0.3768817,0.2446175,-30.66716,0.8062734,0.396431,-0.6527377,-0.6505446,0.3882337,-2.477932,-0.5860001,0.3178596,-0.1542437
1736099889368,-30.63593,1.579044,0.1919098,-0.9812938,0.03103501,0.1899989,0,0,0,-30.76458,0.8097498,-0.03977966,-0.7653805,-0.5498469,-0.3344574,0,0,0,-30.66716,0.8062734,0.396431,-0.6527377,-0.6505446,0.3882337,0,0,0,-0.1542437
1736099889374,-30.63593,1.579044,0.1919098,-0.9812938,0.03103501,0.1899989,0,0,0,-30.76458,0.8097498,-0.03977966,-0.7653805,-0.5498469,-0.3344574,0,0,0,-30.66716,0.8062734,0.396431,-0.6527377,-0.6505446,0.3882337,0,0,0,-0.1542437
1736099889390,-30.66966,1.574601,0.1984863,-0.9823706,0.03395859,0.1838343,-2.530003,-0.3332376,0.4932404,-30.79919,0.8017656,-0.03701401,-0.760425,-0.5477479,-0.3488932,-2.59552,-0.598821,0.2074242,-30.70277,0.7974716,0.4001389,-0.6560337,-0.6512406,0.3814523,-2.670765,-0.6601319,0.2780914,-0.1542437
1736099889396,-30.66966,1.574601,0.1984863,-0.9823706,0.03395859,0.1838343,0,0,0,-30.79919,0.8017656,-0.03701401,-0.760425,-0.5477479,-0.3488932,0,0,0,-30.70277,0.7974716,0.4001389,-0.6560337,-0.6512406,0.3814523,0,0,0,-0.1542437
1736099889418,-30.70373,1.57006,0.2055244,-0.9834512,0.03603428,0.1775546,-2.55518,-0.3405333,0.5278587,-30.83001,0.7954279,-0.03403473,-0.7523294,-0.549219,-0.3638124,-2.311993,-0.4753277,0.2234459,-30.7379,0.7903265,0.4037476,-0.6593177,-0.6521448,0.3741758,-2.634716,-0.5358875,0.2706528,-0.1542437
1736099889424,-30.70373,1.57006,0.2055244,-0.9834512,0.03603428,0.1775546,0,0,0,-30.83001,0.7954279,-0.03403473,-0.7523294,-0.549219,-0.3638124,0,0,0,-30.7379,0.7903265,0.4037476,-0.6593177,-0.6521448,0.3741758,0,0,0,-0.1542437
1736099889444,-30.73758,1.565649,0.212738,-0.9839352,0.03754248,0.1745351,-2.5383,-0.3308773,0.5410194,-30.85807,0.7881996,-0.03057098,-0.7338989,-0.563273,-0.379627,-2.103996,-0.5421191,0.2597809,-30.77636,0.785812,0.4080162,-0.6614903,-0.6520643,0.3704634,-2.884197,-0.3385887,0.3201485,-0.1542437
1736099889451,-30.73758,1.565649,0.212738,-0.9839352,0.03754248,0.1745351,0,0,0,-30.85807,0.7881996,-0.03057098,-0.7338989,-0.563273,-0.379627,0,0,0,-30.77636,0.785812,0.4080162,-0.6614903,-0.6520643,0.3704634,0,0,0,-0.1542437
1736099889472,-30.7731,1.570833,0.2207336,-0.98582,0.02325385,0.1661889,-2.664185,0.388813,0.5996704,-30.88425,0.7808813,-0.02806091,-0.7090653,-0.5805461,-0.400241,-1.964092,-0.5488738,0.1882553,-30.81653,0.7842042,0.4140663,-0.6632926,-0.6477087,0.3748554,-3.012943,-0.1205832,0.4537582,-0.1542437
1736099889480,-30.7731,1.570833,0.2207336,-0.98582,0.02325385,0.1661889,0,0,0,-30.88425,0.7808813,-0.02806091,-0.7090653,-0.5805461,-0.400241,0,0,0,-30.81653,0.7842042,0.4140663,-0.6632926,-0.6477087,0.3748554,0,0,0,-0.1542437
1736099889500,-30.80839,1.574916,0.2285461,-0.9851016,0.03836937,0.1676397,-2.647018,0.3062367,0.5859375,-30.90591,0.7781878,-0.02780533,-0.6667806,-0.5973783,-0.4455818,-1.624489,-0.202015,0.01916885,-30.85457,0.7855873,0.4183807,-0.6553236,-0.6524978,0.3805231,-2.853012,0.10373,0.3235817,-0.1542437
1736099889507,-30.80839,1.574916,0.2285461,-0.9851016,0.03836937,0.1676397,0,0,0,-30.90591,0.7781878,-0.02780533,-0.6667806,-0.5973783,-0.4455818,0,0,0,-30.85457,0.7855873,0.4183807,-0.6553236,-0.6524978,0.3805231,0,0,0,-0.1542437
1736099889528,-30.8422,1.575863,0.2342758,-0.9825773,0.05509622,0.1775011,-2.535439,0.07103384,0.4297256,-30.92632,0.7776955,-0.02399445,-0.618612,-0.6302373,-0.4691697,-1.530647,-0.03692061,0.2858162,-30.89449,0.7912018,0.420929,-0.6590623,-0.6546355,0.3702559,-2.994061,0.4210889,0.1911163,-0.1542437
1736099889535,-30.8422,1.575863,0.2342758,-0.9825773,0.05509622,0.1775011,0,0,0,-30.92632,0.7776955,-0.02399445,-0.618612,-0.6302373,-0.4691697,0,0,0,-30.89449,0.7912018,0.420929,-0.6590623,-0.6546355,0.3702559,0,0,0,-0.1542437
1736099889556,-30.87486,1.575679,0.238739,-0.9841714,0.03806619,0.1730838,-2.449894,-0.01378655,0.3347397,-30.94929,0.7768825,-0.01701736,-0.6056395,-0.6546917,-0.4523052,-1.722336,-0.06097108,0.5232811,-30.93944,0.8016673,0.4218941,-0.6940824,-0.6310858,0.3463824,-3.371143,0.7849127,0.07238388,-0.1542437
1736099889563,-30.87486,1.575679,0.238739,-0.9841714,0.03806619,0.1730838,0,0,0,-30.94929,0.7768825,-0.01701736,-0.6056395,-0.6546917,-0.4523052,0,0,0,-30.93944,0.8016673,0.4218941,-0.6940824,-0.6310858,0.3463824,0,0,0,-0.1542437
1736099889584,-30.90826,1.580106,0.2428322,-0.9858313,0.03003031,0.1650311,-2.504539,0.3320307,0.3069878,-30.97456,0.7753547,-0.01217651,-0.623235,-0.6533437,-0.4297917,-1.895428,-0.114584,0.3630638,-30.98205,0.8096222,0.4229736,-0.7277963,-0.6146889,0.3040895,-3.195477,0.5966216,0.08096695,-0.1542437
1736099889590,-30.90826,1.580106,0.2428322,-0.9858313,0.03003031,0.1650311,0,0,0,-30.97456,0.7753547,-0.01217651,-0.623235,-0.6533437,-0.4297917,0,0,0,-30.98205,0.8096222,0.4229736,-0.7277963,-0.6146889,0.3040895,0,0,0,-0.1542437
1736099889611,-30.94134,1.583491,0.2458916,-0.9861509,0.03604037,0.1618885,-2.481365,0.2538085,0.229454,-31.00055,0.7789205,-0.01089859,-0.6371166,-0.6398308,-0.4297671,-1.949215,0.2674341,0.09584427,-31.02349,0.8147498,0.4272995,-0.7443275,-0.6051727,0.282388,-3.107929,0.3845707,0.32444,-0.1542437
1736099889618,-30.94134,1.583491,0.2458916,-0.9861509,0.03604037,0.1618885,0,0,0,-31.00055,0.7789205,-0.01089859,-0.6371166,-0.6398308,-0.4297671,0,0,0,-31.02349,0.8147498,0.4272995,-0.7443275,-0.6051727,0.282388,0,0,0,-0.1542437
1736099889639,-30.97414,1.588468,0.2481117,-0.9872925,0.02912941,0.156222,-2.460194,0.3733277,0.1665115,-31.02761,0.7839568,-0.01318741,-0.6113681,-0.6426885,-0.4617147,-2.029324,0.3777176,-0.1716614,-31.06462,0.8213614,0.4319,-0.7530966,-0.590597,0.289898,-3.084755,0.4958689,0.3450394,-0.1542437
1736099889646,-30.97414,1.588468,0.2481117,-0.9872925,0.02912941,0.156222,0,0,0,-31.02761,0.7839568,-0.01318741,-0.6113681,-0.6426885,-0.4617147,0,0,0,-31.06462,0.8213614,0.4319,-0.7530966,-0.590597,0.289898,0,0,0,-0.1542437
1736099889667,-31.00624,1.591515,0.2486458,-0.9884079,0.02207004,0.1502099,-2.406979,0.2285242,0.04005432,-31.05292,0.7883429,-0.0147171,-0.5716613,-0.6583796,-0.4896328,-1.898289,0.3289595,-0.114727,-31.10447,0.8293632,0.4368591,-0.7547631,-0.5841118,0.2985737,-2.989197,0.6001353,0.371933,-0.1542437
1736099889674,-31.00624,1.591515,0.2486458,-0.9884079,0.02207004,0.1502099,0,0,0,-31.05292,0.7883429,-0.0147171,-0.5716613,-0.6583796,-0.4896328,0,0,0,-31.10447,0.8293632,0.4368591,-0.7547631,-0.5841118,0.2985737,0,0,0,-0.1542437
1736099889695,-31.03889,1.593606,0.2487869,-0.989374,0.01877949,0.1441754,-2.449036,0.1568198,0.01058578,-31.07902,0.7902939,-0.01400757,-0.5628947,-0.6648421,-0.4910551,-1.957798,0.1463234,0.05321503,-31.14559,0.837992,0.4376106,-0.7642467,-0.5761725,0.2897457,-3.083897,0.6471545,0.05636215,-0.1542437
1736099889701,-31.03889,1.593606,0.2487869,-0.989374,0.01877949,0.1441754,0,0,0,-31.07902,0.7902939,-0.01400757,-0.5628947,-0.6648421,-0.4910551,0,0,0,-31.14559,0.837992,0.4376106,-0.7642467,-0.5761725,0.2897457,0,0,0,-0.1542437
1736099889723,-31.07096,1.594737,0.2487297,-0.990015,0.02135894,0.139336,-2.404976,0.08477569,-0.004291534,-31.10666,0.7901883,-0.01280975,-0.5671719,-0.6613981,-0.4907844,-2.072525,-0.007916987,0.08983612,-31.18737,0.8466789,0.4358025,-0.7823373,-0.562794,0.2668548,-3.133678,0.6515175,-0.1356125,-0.1542437
1736099889729,-31.07096,1.594737,0.2487297,-0.990015,0.02135894,0.139336,0,0,0,-31.10666,0.7901883,-0.01280975,-0.5671719,-0.6613981,-0.4907844,0,0,0,-31.18737,0.8466789,0.4358025,-0.7823373,-0.562794,0.2668548,0,0,0,-0.1542437
1736099889750,-31.10382,1.593304,0.2486382,-0.9908212,0.02703914,0.1324483,-2.464771,-0.1074404,-0.006866455,-31.13566,0.7883543,-0.01409531,-0.5601553,-0.6600066,-0.5006173,-2.175236,-0.1375481,-0.09641647,-31.22851,0.8535106,0.4331169,-0.8045955,-0.5438675,0.2384002,-3.085327,0.5123824,-0.201416,-0.1542437
1736099889757,-31.10382,1.593304,0.2486382,-0.9908212,0.02703914,0.1324483,0,0,0,-31.13566,0.7883543,-0.01409531,-0.5601553,-0.6600066,-0.5006173,0,0,0,-31.22851,0.8535106,0.4331169,-0.8045955,-0.5438675,0.2384002,0,0,0,-0.1542437
1736099889763,-31.10382,1.593304,0.2486382,-0.9908212,0.02703914,0.1324483,0,0,0,-31.13566,0.7883543,-0.01409531,-0.5601553,-0.6600066,-0.5006173,0,0,0,-31.22851,0.8535106,0.4331169,-0.8045955,-0.5438675,0.2384002,0,0,0,-0.1542437
1736099889778,-31.13684,1.590797,0.2481651,-0.9917483,0.03265554,0.123974,-2.476788,-0.1880318,-0.03547668,-31.1666,0.7834234,-0.01686096,-0.5402786,-0.6591014,-0.5231491,-2.320862,-0.3698185,-0.2074242,-31.26939,0.8563803,0.4303932,-0.8213685,-0.5293502,0.2124672,-3.065586,0.2152294,-0.204277,-0.1542437
1736099889784,-31.13684,1.590797,0.2481651,-0.9917483,0.03265554,0.123974,0,0,0,-31.1666,0.7834234,-0.01686096,-0.5402786,-0.6591014,-0.5231491,0,0,0,-31.26939,0.8563803,0.4303932,-0.8213685,-0.5293502,0.2124672,0,0,0,-0.1542437
1736099889805,-31.1704,1.58716,0.2475395,-0.9924318,0.03885429,0.1164895,-2.516556,-0.2727538,-0.04692078,-31.19577,0.7776337,-0.01841354,-0.5146434,-0.6637673,-0.5427299,-2.187824,-0.4342273,-0.1164436,-31.30812,0.8576041,0.4284363,-0.8333129,-0.5178033,0.1935711,-2.905083,0.09178519,-0.1467705,-0.1542437
1736099889812,-31.1704,1.58716,0.2475395,-0.9924318,0.03885429,0.1164895,0,0,0,-31.19577,0.7776337,-0.01841354,-0.5146434,-0.6637673,-0.5427299,0,0,0,-31.30812,0.8576041,0.4284363,-0.8333129,-0.5178033,0.1935711,0,0,0,-0.1542437
1736099889831,-31.20481,1.581482,0.2467575,-0.9929153,0.04309908,0.1107341,-2.580643,-0.4258364,-0.05865097,-31.22577,0.7690187,-0.0180397,-0.4906517,-0.6731766,-0.5532582,-2.249336,-0.6461263,0.02803802,-31.347,0.8548613,0.4269295,-0.8411933,-0.5087183,0.1833029,-2.916241,-0.2057165,-0.1130104,-0.1542437
1736099889837,-31.20481,1.581482,0.2467575,-0.9929153,0.04309908,0.1107341,0,0,0,-31.22577,0.7690187,-0.0180397,-0.4906517,-0.6731766,-0.5532582,0,0,0,-31.347,0.8548613,0.4269295,-0.8411933,-0.5087183,0.1833029,0,0,0,-0.1542437
1736099889858,-31.23894,1.575387,0.2455711,-0.9934279,0.04391516,0.1057017,-2.560043,-0.4571915,-0.08897781,-31.25586,0.7593665,-0.01551056,-0.4797173,-0.6803252,-0.5541021,-2.256775,-0.7239148,0.1896858,-31.38456,0.8502655,0.4256516,-0.845786,-0.5028816,0.178203,-2.816677,-0.3446817,-0.09584427,-0.1542437
1736099889864,-31.23894,1.575387,0.2455711,-0.9934279,0.04391516,0.1057017,0,0,0,-31.25586,0.7593665,-0.01551056,-0.4797173,-0.6803252,-0.5541021,0,0,0,-31.38456,0.8502655,0.4256516,-0.845786,-0.5028816,0.178203,0,0,0,-0.1542437
1736099889887,-31.27486,1.570981,0.2438545,-0.9936625,0.04354181,0.1036291,-2.693939,-0.3303856,-0.128746,-31.28778,0.7476208,-0.01266479,-0.4714191,-0.6893358,-0.5500729,-2.39439,-0.8809313,0.2134323,-31.42154,0.8438409,0.4246559,-0.8480189,-0.4985271,0.1798198,-2.77319,-0.4818454,-0.0746727,-0.1542437
1736099889892,-31.27486,1.570981,0.2438545,-0.9936625,0.04354181,0.1036291,0,0,0,-31.28778,0.7476208,-0.01266479,-0.4714191,-0.6893358,-0.5500729,0,0,0,-31.42154,0.8438409,0.4246559,-0.8480189,-0.4985271,0.1798198,0,0,0,-0.1542437
1736099889915,-31.31092,1.567328,0.241993,-0.9932866,0.04657581,0.1058915,-2.704811,-0.2739877,-0.1396179,-31.3207,0.7375317,-0.009887695,-0.4609885,-0.700245,-0.5451121,-2.468777,-0.756678,0.2082825,-31.45521,0.8378079,0.4239578,-0.8476959,-0.4971718,0.1850197,-2.525425,-0.4524752,-0.05235672,-0.1542437
1736099889920,-31.31092,1.567328,0.241993,-0.9932866,0.04657581,0.1058915,0,0,0,-31.3207,0.7375317,-0.009887695,-0.4609885,-0.700245,-0.5451121,0,0,0,-31.45521,0.8378079,0.4239578,-0.8476959,-0.4971718,0.1850197,0,0,0,-0.1542437
1736099889943,-31.34669,1.562434,0.2401657,-0.9931746,0.04533313,0.1074688,-2.682495,-0.3670871,-0.137043,-31.35424,0.7305585,-0.00806427,-0.4462432,-0.7127947,-0.5411019,-2.515697,-0.522995,0.1367569,-31.4859,0.8319058,0.4229774,-0.8411608,-0.506439,0.1896537,-2.301693,-0.4426539,-0.07352829,-0.1542437
1736099889948,-31.34669,1.562434,0.2401657,-0.9931746,0.04533313,0.1074688,0,0,0,-31.35424,0.7305585,-0.00806427,-0.4462432,-0.7127947,-0.5411019,0,0,0,-31.4859,0.8319058,0.4229774,-0.8411608,-0.506439,0.1896537,0,0,0,-0.1542437
1736099889972,-31.38336,1.565414,0.239212,-0.9939761,0.02046234,0.1076737,-2.750301,0.2235174,-0.07152557,-31.39497,0.7275683,-0.007110596,-0.4426557,-0.7190301,-0.535772,-3.055,-0.2242595,0.07152557,-31.51637,0.8281871,0.4230995,-0.8318952,-0.5221605,0.1878803,-2.285385,-0.278905,0.009155273,-0.1542437
1736099889977,-31.38336,1.565414,0.239212,-0.9939761,0.02046234,0.1076737,0,0,0,-31.39497,0.7275683,-0.007110596,-0.4426557,-0.7190301,-0.535772,0,0,0,-31.51637,0.8281871,0.4230995,-0.8318952,-0.5221605,0.1878803,0,0,0,-0.1542437
1736099890000,-31.41973,1.570606,0.2379494,-0.9904106,0.04168349,0.131718,-2.727413,0.3893852,-0.09469986,-31.43295,0.7299659,-0.006900787,-0.4304924,-0.7279332,-0.5336574,-2.847862,0.1798153,0.01573563,-31.54349,0.8260727,0.4275055,-0.8170736,-0.5369327,0.209987,-2.033901,-0.1585811,0.3304482,-0.1542437
1736099890005,-31.41973,1.570606,0.2379494,-0.9904106,0.04168349,0.131718,0,0,0,-31.43295,0.7299659,-0.006900787,-0.4304924,-0.7279332,-0.5336574,0,0,0,-31.54349,0.8260727,0.4275055,-0.8170736,-0.5369327,0.209987,0,0,0,-0.1542437
1736099890029,-31.4564,1.575199,0.2373199,-0.9882258,0.05227434,0.1437967,-2.750587,0.3444761,-0.04720688,-31.47353,0.7371437,-0.005706787,-0.4505219,-0.7260759,-0.5194656,-3.044128,0.5383372,0.08955002,-31.56747,0.8244706,0.432476,-0.7878159,-0.5587183,0.2591909,-1.799011,-0.1201585,0.3727913,-0.1542437
1736099890035,-31.4564,1.575199,0.2373199,-0.9882258,0.05227434,0.1437967,0,0,0,-31.47353,0.7371437,-0.005706787,-0.4505219,-0.7260759,-0.5194656,0,0,0,-31.56747,0.8244706,0.432476,-0.7878159,-0.5587183,0.2591909,0,0,0,-0.1542437
1736099890057,-31.49103,1.576148,0.2386436,-0.9881256,0.04260644,0.1476247,-2.596951,0.07118583,0.0992775,-31.51917,0.7459753,-0.0009346008,-0.5037034,-0.711248,-0.4903157,-3.422928,0.6623715,0.357914,-31.59341,0.8279114,0.4344482,-0.7723299,-0.5755714,0.268746,-1.944923,0.2580598,0.1479149,-0.1542437
1736099890062,-31.49103,1.576148,0.2386436,-0.9881256,0.04260644,0.1476247,0,0,0,-31.51917,0.7459753,-0.0009346008,-0.5037034,-0.711248,-0.4903157,0,0,0,-31.59341,0.8279114,0.4344482,-0.7723299,-0.5755714,0.268746,0,0,0,-0.1542437
1736099890085,-31.52559,1.580839,0.2410164,-0.9868129,0.03348183,0.1583651,-2.592373,0.3518254,0.1779556,-31.56535,0.7545606,0.003658295,-0.5661228,-0.6928113,-0.4466741,-3.462982,0.6438956,0.3444672,-31.6188,0.8317611,0.4369659,-0.7768764,-0.5763453,0.2535532,-1.904583,0.2887309,0.1888275,-0.1542437
1736099890090,-31.52559,1.580839,0.2410164,-0.9868129,0.03348183,0.1583651,0,0,0,-31.56535,0.7545606,0.003658295,-0.5661228,-0.6928113,-0.4466741,0,0,0,-31.6188,0.8317611,0.4369659,-0.7768764,-0.5763453,0.2535532,0,0,0,-0.1542437
1736099890113,-31.5598,1.585692,0.2447624,-0.9853504,0.02655132,0.1684631,-2.565765,0.3639936,0.2809525,-31.61185,0.7656255,0.005477905,-0.6047196,-0.6712806,-0.4285994,-3.488159,0.8298665,0.1364708,-31.64227,0.8344612,0.4421539,-0.7784224,-0.5768704,0.2475467,-1.760387,0.2025023,0.3890991,-0.1542437
1736099890118,-31.5598,1.585692,0.2447624,-0.9853504,0.02655132,0.1684631,0,0,0,-31.61185,0.7656255,0.005477905,-0.6047196,-0.6712806,-0.4285994,0,0,0,-31.64227,0.8344612,0.4421539,-0.7784224,-0.5768704,0.2475467,0,0,0,-0.1542437
1736099890141,-31.59324,1.589097,0.2494774,-0.9833094,0.01898324,0.1809488,-2.507973,0.2553284,0.3536224,-31.65834,0.7779287,0.006549835,-0.6163494,-0.6484703,-0.4467666,-3.486443,0.9227425,0.08039474,-31.66652,0.8371366,0.4513512,-0.7630664,-0.5847151,0.2753872,-1.81818,0.2006605,0.6897926,-0.1542437
1736099890146,-31.59324,1.589097,0.2494774,-0.9833094,0.01898324,0.1809488,0,0,0,-31.65834,0.7779287,0.006549835,-0.6163494,-0.6484703,-0.4467666,0,0,0,-31.66652,0.8371366,0.4513512,-0.7630664,-0.5847151,0.2753872,0,0,0,-0.1542437
1736099890150,-31.59324,1.589097,0.2494774,-0.9833094,0.01898324,0.1809488,0,0,0,-31.65834,0.7779287,0.006549835,-0.6163494,-0.6484703,-0.4467666,0,0,0,-31.66652,0.8371366,0.4513512,-0.7630664,-0.5847151,0.2753872,0,0,0,-0.1542437
1736099890168,-31.62671,1.591802,0.2546768,-0.9811447,0.01195862,0.1929047,-2.510262,0.2029181,0.3899574,-31.70597,0.790059,0.01250458,-0.6268925,-0.6373064,-0.4481595,-3.571987,0.9097695,0.4466057,-31.69197,0.8387459,0.462944,-0.7321647,-0.5971509,0.3276368,-1.909161,0.1206949,0.8694649,-0.1542437
1736099890173,-31.62671,1.591802,0.2546768,-0.9811447,0.01195862,0.1929047,0,0,0,-31.70597,0.790059,0.01250458,-0.6268925,-0.6373064,-0.4481595,0,0,0,-31.69197,0.8387459,0.462944,-0.7321647,-0.5971509,0.3276368,0,0,0,-0.1542437
1736099890196,-31.65914,1.593514,0.2601471,-0.9788717,0.01052903,0.2042049,-2.43187,0.1284242,0.4102707,-31.75145,0.8008549,0.02040863,-0.6526828,-0.6242347,-0.4293439,-3.410912,0.8096963,0.592804,-31.71624,0.8388396,0.4716339,-0.7105635,-0.6056938,0.3580989,-1.820469,0.007027388,0.651741,-0.1542437
1736099890201,-31.65914,1.593514,0.2601471,-0.9788717,0.01052903,0.2042049,0,0,0,-31.75145,0.8008549,0.02040863,-0.6526828,-0.6242347,-0.4293439,0,0,0,-31.71624,0.8388396,0.4716339,-0.7105635,-0.6056938,0.3580989,0,0,0,-0.1542437
1736099890224,-31.69181,1.592364,0.2654076,-0.9767614,0.01529923,0.2137835,-2.45018,-0.0862509,0.3945351,-31.79833,0.8080352,0.03136826,-0.6952836,-0.6041862,-0.3892817,-3.516197,0.5385205,0.8219719,-31.74187,0.8356754,0.4790993,-0.7035504,-0.6080087,0.3678892,-1.921749,-0.2373129,0.5599022,-0.1542437
1736099890229,-31.69181,1.592364,0.2654076,-0.9767614,0.01529923,0.2137835,0,0,0,-31.79833,0.8080352,0.03136826,-0.6952836,-0.6041862,-0.3892817,0,0,0,-31.74187,0.8356754,0.4790993,-0.7035504,-0.6080087,0.3678892,0,0,0,-0.1542437
1736099890252,-31.72459,1.589504,0.2710533,-0.9748355,0.01887855,0.2221255,-2.458763,-0.2145678,0.4234314,-31.84527,0.8132219,0.04169464,-0.7357146,-0.5769344,-0.3547828,-3.520489,0.3890052,0.7744789,-31.76876,0.8301932,0.4870415,-0.6985235,-0.6109834,0.3725108,-2.017307,-0.4111692,0.595665,-0.1542437
1736099890257,-31.72459,1.589504,0.2710533,-0.9748355,0.01887855,0.2221255,0,0,0,-31.84527,0.8132219,0.04169464,-0.7357146,-0.5769344,-0.3547828,0,0,0,-31.76876,0.8301932,0.4870415,-0.6985235,-0.6109834,0.3725108,0,0,0,-0.1542437
1736099890279,-31.75835,1.585411,0.2769623,-0.9733719,0.02184372,0.2281895,-2.532291,-0.3069162,0.4431725,-31.8907,0.8163914,0.05084229,-0.7673506,-0.550275,-0.3291976,-3.407192,0.2377108,0.6860733,-31.79661,0.8236161,0.4953728,-0.6852821,-0.6159867,0.3885217,-2.088547,-0.4932806,0.6248474,-0.1542437
1736099890284,-31.75835,1.585411,0.2769623,-0.9733719,0.02184372,0.2281895,0,0,0,-31.8907,0.8163914,0.05084229,-0.7673506,-0.550275,-0.3291976,0,0,0,-31.79661,0.8236161,0.4953728,-0.6852821,-0.6159867,0.3885217,0,0,0,-0.1542437
1736099890307,-31.79277,1.579993,0.2832451,-0.9725004,0.02566181,0.2314839,-2.581501,-0.4063368,0.4712105,-31.93498,0.8165944,0.05926895,-0.7841145,-0.5305372,-0.3220176,-3.321362,0.01522601,0.632,-31.82639,0.8152369,0.503727,-0.6710924,-0.6217865,0.4037535,-2.233315,-0.6284371,0.626564,-0.1542437
1736099890312,-31.79277,1.579993,0.2832451,-0.9725004,0.02566181,0.2314839,0,0,0,-31.93498,0.8165944,0.05926895,-0.7841145,-0.5305372,-0.3220176,0,0,0,-31.82639,0.8152369,0.503727,-0.6710924,-0.6217865,0.4037535,0,0,0,-0.1542437
1736099890335,-31.82719,1.573977,0.2904434,-0.9722891,0.02968957,0.2318894,-2.581215,-0.4512191,0.539875,-31.97695,0.8129348,0.06889343,-0.7896665,-0.5204836,-0.3248444,-3.147411,-0.2744704,0.7218361,-31.85825,0.806841,0.5106277,-0.6583767,-0.6293731,0.4128315,-2.389812,-0.6296933,0.5175591,-0.1542437
1736099890340,-31.82719,1.573977,0.2904434,-0.9722891,0.02968957,0.2318894,0,0,0,-31.97695,0.8129348,0.06889343,-0.7896665,-0.5204836,-0.3248444,0,0,0,-31.85825,0.806841,0.5106277,-0.6583767,-0.6293731,0.4128315,0,0,0,-0.1542437
1736099890363,-31.86272,1.567402,0.29776,-0.9725263,0.03489317,0.2301636,-2.665043,-0.4931509,0.5487442,-32.01497,0.8088424,0.075634,-0.7933494,-0.5129284,-0.3278742,-2.851868,-0.3069296,0.5055428,-31.89071,0.7982299,0.5166054,-0.6522686,-0.6342295,0.4150891,-2.433872,-0.6458357,0.4483223,-0.1542437
1736099890368,-31.86272,1.567402,0.29776,-0.9725263,0.03489317,0.2301636,0,0,0,-32.01497,0.8088424,0.075634,-0.7933494,-0.5129284,-0.3278742,0,0,0,-31.89071,0.7982299,0.5166054,-0.6522686,-0.6342295,0.4150891,0,0,0,-0.1542437
1736099890390,-31.89787,1.562754,0.3063889,-0.974314,0.03546868,0.222384,-2.635574,-0.3485978,0.6471634,-32.05031,0.8033776,0.08147812,-0.7889506,-0.5108615,-0.3414357,-2.650166,-0.4098594,0.4383087,-31.92649,0.7897689,0.5208168,-0.6551343,-0.6378208,0.4049492,-2.683926,-0.6345704,0.3158569,-0.1542437
1736099890396,-31.89787,1.562754,0.3063889,-0.974314,0.03546868,0.222384,0,0,0,-32.05031,0.8033776,0.08147812,-0.7889506,-0.5108615,-0.3414357,0,0,0,-31.92649,0.7897689,0.5208168,-0.6551343,-0.6378208,0.4049492,0,0,0,-0.1542437
1736099890418,-31.93389,1.557917,0.3150177,-0.9758387,0.03808144,0.2151489,-2.701664,-0.3627956,0.6471634,-32.08114,0.7968084,0.08755493,-0.7741573,-0.5210066,-0.3594899,-2.312565,-0.4926905,0.455761,-31.96499,0.7828159,0.5250626,-0.6596724,-0.6397199,0.3944504,-2.88763,-0.5214795,0.3184319,-0.1542437
1736099890423,-31.93389,1.557917,0.3150177,-0.9758387,0.03808144,0.2151489,0,0,0,-32.08114,0.7968084,0.08755493,-0.7741573,-0.5210066,-0.3594899,0,0,0,-31.96499,0.7828159,0.5250626,-0.6596724,-0.6397199,0.3944504,0,0,0,-0.1542437
1736099890446,-31.96874,1.552232,0.3231201,-0.9772065,0.0368612,0.2090678,-2.614117,-0.4263639,0.6076813,-32.10966,0.7889942,0.09295273,-0.7566276,-0.5368115,-0.3732947,-2.139187,-0.5860671,0.4048347,-32.00539,0.7782105,0.53088,-0.6620624,-0.6409595,0.3883872,-3.029537,-0.3454015,0.436306,-0.1542437
1736099890452,-31.96874,1.552232,0.3231201,-0.9772065,0.0368612,0.2090678,0,0,0,-32.10966,0.7889942,0.09295273,-0.7566276,-0.5368115,-0.3732947,0,0,0,-32.00539,0.7782105,0.53088,-0.6620624,-0.6409595,0.3883872,0,0,0,-0.1542437
1736099890457,-31.96874,1.552232,0.3231201,-0.9772065,0.0368612,0.2090678,0,0,0,-32.10966,0.7889942,0.09295273,-0.7566276,-0.5368115,-0.3732947,0,0,0,-32.00539,0.7782105,0.53088,-0.6620624,-0.6409595,0.3883872,0,0,0,-0.1542437
1736099890474,-32.00506,1.559186,0.3321342,-0.9805859,0.03285862,0.1933182,-2.72398,0.5215466,0.6760597,-32.13648,0.7821116,0.09599304,-0.7326106,-0.5523652,-0.3977118,-2.011299,-0.5161911,0.2280235,-32.04842,0.7764046,0.5372581,-0.6639832,-0.6377206,0.3904341,-3.227806,-0.1354426,0.478363,-0.1542437
1736099890479,-32.00506,1.559186,0.3321342,-0.9805859,0.03285862,0.1933182,0,0,0,-32.13648,0.7821116,0.09599304,-0.7326106,-0.5523652,-0.3977118,0,0,0,-32.04842,0.7764046,0.5372581,-0.6639832,-0.6377206,0.3904341,0,0,0,-0.1542437
1736099890502,-32.04202,1.563032,0.3404808,-0.9803655,0.05693844,0.1887906,-2.771759,0.2884448,0.6259918,-32.1582,0.7761228,0.09644318,-0.6910686,-0.5689384,-0.4457959,-1.629066,-0.4491627,0.03376007,-32.08761,0.7741314,0.5425377,-0.6549402,-0.649392,0.3864501,-2.939129,-0.1704946,0.3959656,-0.1542437
1736099890507,-32.04202,1.563032,0.3404808,-0.9803655,0.05693844,0.1887906,0,0,0,-32.1582,0.7761228,0.09644318,-0.6910686,-0.5689384,-0.4457959,0,0,0,-32.08761,0.7741314,0.5425377,-0.6549402,-0.649392,0.3864501,0,0,0,-0.1542437
1736099890529,-32.07628,1.56345,0.3474617,-0.9788905,0.07684227,0.1893913,-2.569771,0.03136396,0.5235672,-32.17731,0.7709488,0.09947205,-0.6264228,-0.6091855,-0.4863007,-1.433086,-0.3880486,0.2271652,-32.12988,0.7774345,0.5452118,-0.6585545,-0.6549643,0.3705778,-3.170013,0.2477333,0.2005577,-0.1542437
1736099890535,-32.07628,1.56345,0.3474617,-0.9788905,0.07684227,0.1893913,0,0,0,-32.17731,0.7709488,0.09947205,-0.6264228,-0.6091855,-0.4863007,0,0,0,-32.12988,0.7774345,0.5452118,-0.6585545,-0.6549643,0.3705778,0,0,0,-0.1542437
1736099890557,-32.11197,1.565713,0.3531227,-0.9820214,0.05967693,0.1790897,-2.676201,0.1697302,0.4245758,-32.19794,0.767238,0.1078835,-0.6021795,-0.6391513,-0.4783996,-1.546955,-0.2783105,0.6308556,-32.17777,0.7874753,0.5470772,-0.6966519,-0.6270482,0.34855,-3.592014,0.7530615,0.139904,-0.1542437
1736099890562,-32.11197,1.565713,0.3531227,-0.9820214,0.05967693,0.1790897,0,0,0,-32.19794,0.767238,0.1078835,-0.6021795,-0.6391513,-0.4783996,0,0,0,-32.17777,0.7874753,0.5470772,-0.6966519,-0.6270482,0.34855,0,0,0,-0.1542437
1736099890585,-32.14629,1.569531,0.3585129,-0.9840302,0.0442197,0.1724218,-2.574635,0.2863258,0.4042625,-32.21809,0.7665727,0.1160469,-0.6160516,-0.649246,-0.4460499,-1.511478,-0.0499025,0.6122589,-32.2225,0.796834,0.5481873,-0.7299871,-0.6082622,0.3116669,-3.354263,0.7019028,0.08325577,-0.1542437
1736099890590,-32.14629,1.569531,0.3585129,-0.9840302,0.0442197,0.1724218,0,0,0,-32.21809,0.7665727,0.1160469,-0.6160516,-0.649246,-0.4460499,0,0,0,-32.2225,0.796834,0.5481873,-0.7299871,-0.6082622,0.3116669,0,0,0,-0.1542437
1736099890613,-32.18026,1.575309,0.3627357,-0.9846495,0.03172591,0.1716366,-2.547741,0.4334003,0.3167152,-32.23945,0.7697724,0.1211815,-0.6336845,-0.6477233,-0.4229647,-1.602173,0.2399817,0.3850937,-32.266,0.8066877,0.550499,-0.7517053,-0.5942619,0.2859935,-3.262997,0.7390246,0.173378,-0.1542437
1736099890618,-32.18026,1.575309,0.3627357,-0.9846495,0.03172591,0.1716366,0,0,0,-32.23945,0.7697724,0.1211815,-0.6336845,-0.6477233,-0.4229647,0,0,0,-32.266,0.8066877,0.550499,-0.7517053,-0.5942619,0.2859935,0,0,0,-0.1542437
1736099890641,-32.21363,1.579265,0.3652534,-0.9846831,0.02379701,0.1727228,-2.502251,0.2966702,0.1888275,-32.26416,0.77538,0.1211472,-0.6125574,-0.6560293,-0.4409076,-1.853085,0.4205704,-0.002574921,-32.30936,0.8187825,0.5534973,-0.7648778,-0.5748605,0.2906847,-3.251839,0.9071141,0.2248764,-0.1542437
1736099890646,-32.21363,1.579265,0.3652534,-0.9846831,0.02379701,0.1727228,0,0,0,-32.26416,0.77538,0.1211472,-0.6125574,-0.6560293,-0.4409076,0,0,0,-32.30936,0.8187825,0.5534973,-0.7648778,-0.5748605,0.2906847,0,0,0,-0.1542437
1736099890668,-32.24602,1.58318,0.368,-0.9852779,0.02336955,0.1693566,-2.429295,0.2936482,0.2059937,-32.29039,0.7792682,0.1202927,-0.5695181,-0.6697406,-0.4765474,-1.967239,0.2916142,-0.06408691,-32.3536,0.8318745,0.5536194,-0.7771136,-0.5595449,0.2881048,-3.317928,0.9818986,0.009155273,-0.1542437
1736099890674,-32.24602,1.58318,0.368,-0.9852779,0.02336955,0.1693566,0,0,0,-32.29039,0.7792682,0.1202927,-0.5695181,-0.6697406,-0.4765474,0,0,0,-32.3536,0.8318745,0.5536194,-0.7771136,-0.5595449,0.2881048,0,0,0,-0.1542437
1736099890696,-32.279,1.586414,0.3708839,-0.9854082,0.02923514,0.167679,-2.473354,0.2424985,0.2162933,-32.31711,0.7801481,0.1215668,-0.5569758,-0.6731814,-0.486421,-2.004147,0.06599128,0.09555817,-32.39651,0.8431983,0.5519142,-0.7962046,-0.5419326,0.2690127,-3.218365,0.8492857,-0.1278877,-0.1542437
1736099890701,-32.279,1.586414,0.3708839,-0.9854082,0.02923514,0.167679,0,0,0,-32.31711,0.7801481,0.1215668,-0.5569758,-0.6731814,-0.486421,0,0,0,-32.39651,0.8431983,0.5519142,-0.7962046,-0.5419326,0.2690127,0,0,0,-0.1542437
1736099890724,-32.31119,1.586714,0.372467,-0.9856305,0.0366373,0.1648949,-2.414703,0.02252162,0.1187325,-32.34415,0.7784631,0.1226006,-0.5569673,-0.6692294,-0.491854,-2.028179,-0.1263767,0.07753372,-32.43689,0.8515836,0.5497894,-0.8174024,-0.5238503,0.2396553,-3.028107,0.6288975,-0.159359,-0.1542437
1736099890729,-32.31119,1.586714,0.372467,-0.9856305,0.0366373,0.1648949,0,0,0,-32.34415,0.7784631,0.1226006,-0.5569673,-0.6692294,-0.491854,0,0,0,-32.43689,0.8515836,0.5497894,-0.8174024,-0.5238503,0.2396553,0,0,0,-0.1542437
1736099890752,-32.34461,1.584892,0.3742638,-0.9864665,0.03929535,0.1591859,-2.506256,-0.1366138,0.1347542,-32.37287,0.7744619,0.1223831,-0.5448079,-0.6694794,-0.5049579,-2.153778,-0.3000855,-0.01630783,-32.47633,0.8564723,0.5474243,-0.8366929,-0.5081266,0.2043349,-2.958012,0.366649,-0.1773834,-0.1542437
1736099890757,-32.34461,1.584892,0.3742638,-0.9864665,0.03929535,0.1591859,0,0,0,-32.37287,0.7744619,0.1223831,-0.5448079,-0.6694794,-0.5049579,0,0,0,-32.47633,0.8564723,0.5474243,-0.8366929,-0.5081266,0.2043349,0,0,0,-0.1542437
1736099890779,-32.37763,1.58124,0.3758965,-0.9873366,0.03869633,0.1538486,-2.476501,-0.2739429,0.1224518,-32.40229,0.7679123,0.1225281,-0.5215851,-0.6747678,-0.5221475,-2.206421,-0.4912198,0.01087189,-32.51545,0.8589752,0.5452881,-0.850962,-0.4952106,0.175016,-2.934265,0.1877189,-0.1602173,-0.1542437
1736099890785,-32.37763,1.58124,0.3758965,-0.9873366,0.03869633,0.1538486,0,0,0,-32.40229,0.7679123,0.1225281,-0.5215851,-0.6747678,-0.5221475,0,0,0,-32.51545,0.8589752,0.5452881,-0.850962,-0.4952106,0.175016,0,0,0,-0.1542437
1736099890789,-32.37763,1.58124,0.3758965,-0.9873366,0.03869633,0.1538486,0,0,0,-32.40229,0.7679123,0.1225281,-0.5215851,-0.6747678,-0.5221475,0,0,0,-32.51545,0.8589752,0.5452881,-0.850962,-0.4952106,0.175016,0,0,0,-0.1542437
1736099890807,-32.41061,1.576128,0.377594,-0.987721,0.04082062,0.1508021,-2.47364,-0.383395,0.1273155,-32.43449,0.7565708,0.1232719,-0.4970291,-0.6821697,-0.5362903,-2.414989,-0.8506134,0.05578995,-32.55411,0.858013,0.5460014,-0.8595831,-0.4853354,0.1598961,-2.899361,-0.07216036,0.05350113,-0.1542437
1736099890812,-32.41061,1.576128,0.377594,-0.987721,0.04082062,0.1508021,0,0,0,-32.43449,0.7565708,0.1232719,-0.4970291,-0.6821697,-0.5362903,0,0,0,-32.55411,0.858013,0.5460014,-0.8595831,-0.4853354,0.1598961,0,0,0,-0.1542437
1736099890835,-32.44455,1.570887,0.3800621,-0.9881037,0.04559414,0.146875,-2.545166,-0.3930509,0.1851082,-32.4652,0.7474202,0.1253319,-0.481585,-0.6885052,-0.5422516,-2.303123,-0.6862968,0.1544952,-32.59213,0.8557396,0.5463562,-0.8666521,-0.4748431,0.1530963,-2.851868,-0.170508,0.02660751,-0.1542437
1736099890840,-32.44455,1.570887,0.3800621,-0.9881037,0.04559414,0.146875,0,0,0,-32.4652,0.7474202,0.1253319,-0.481585,-0.6885052,-0.5422516,0,0,0,-32.59213,0.8557396,0.5463562,-0.8666521,-0.4748431,0.1530963,0,0,0,-0.1542437
1736099890863,-32.47855,1.564708,0.3811188,-0.9881651,0.05084489,0.1447237,-2.550602,-0.4634231,0.07925034,-32.49818,0.7374241,0.1280937,-0.472777,-0.6923483,-0.5451016,-2.473927,-0.7497042,0.2071381,-32.62966,0.8499229,0.549099,-0.8715726,-0.4648457,0.1558198,-2.814388,-0.4362524,0.2057076,-0.1542437
1736099890868,-32.47855,1.564708,0.3811188,-0.9881651,0.05084489,0.1447237,0,0,0,-32.49818,0.7374241,0.1280937,-0.472777,-0.6923483,-0.5451016,0,0,0,-32.62966,0.8499229,0.549099,-0.8715726,-0.4648457,0.1558198,0,0,0,-0.1542437
1736099890890,-32.51452,1.560146,0.3819962,-0.9878867,0.05328828,0.1457412,-2.697659,-0.3421605,0.06580353,-32.53259,0.7280542,0.1315918,-0.4632937,-0.6987432,-0.5450845,-2.580357,-0.7027432,0.2623558,-32.66499,0.8432588,0.5522804,-0.8745938,-0.4564784,0.1634433,-2.650166,-0.4998073,0.2386093,-0.1542437
1736099890896,-32.51452,1.560146,0.3819962,-0.9878867,0.05328828,0.1457412,0,0,0,-32.53259,0.7280542,0.1315918,-0.4632937,-0.6987432,-0.5450845,0,0,0,-32.66499,0.8432588,0.5522804,-0.8745938,-0.4564784,0.1634433,0,0,0,-0.1542437
1736099890918,-32.55011,1.55578,0.3826942,-0.9870341,0.05400466,0.1511539,-2.669048,-0.3274709,0.05235672,-32.56815,0.7203984,0.1359863,-0.4537964,-0.7089553,-0.5398631,-2.667332,-0.574185,0.3295898,-32.69763,0.8355084,0.5565529,-0.8682086,-0.4630027,0.1784446,-2.447605,-0.5812794,0.3204346,-0.1542437
1736099890924,-32.55011,1.55578,0.3826942,-0.9870341,0.05400466,0.1511539,0,0,0,-32.56815,0.7203984,0.1359863,-0.4537964,-0.7089553,-0.5398631,0,0,0,-32.69763,0.8355084,0.5565529,-0.8682086,-0.4630027,0.1784446,0,0,0,-0.1542437
1736099890946,-32.5869,1.557141,0.3837128,-0.9872275,0.03299148,0.1558636,-2.759457,0.1021206,0.07638931,-32.6068,0.7153695,0.1410255,-0.4532128,-0.7196003,-0.5260932,-2.898788,-0.3771678,0.3779411,-32.72819,0.8287354,0.5623741,-0.8561347,-0.4778315,0.196751,-2.291965,-0.5079791,0.4365921,-0.1542437
1736099890951,-32.5869,1.557141,0.3837128,-0.9872275,0.03299148,0.1558636,0,0,0,-32.6068,0.7153695,0.1410255,-0.4532128,-0.7196003,-0.5260932,0,0,0,-32.72819,0.8287354,0.5623741,-0.8561347,-0.4778315,0.196751,0,0,0,-0.1542437
1736099890974,-32.6244,1.562601,0.3839645,-0.9834594,0.04206095,0.1761788,-2.812672,0.4095018,0.01888275,-32.64478,0.7162896,0.1455231,-0.4506873,-0.725155,-0.5206071,-2.848148,0.06900877,0.3373146,-32.7545,0.8238353,0.5708733,-0.8348894,-0.4982869,0.2338165,-1.973248,-0.3675073,0.6374359,-0.1542437
1736099890979,-32.6244,1.562601,0.3839645,-0.9834594,0.04206095,0.1761788,0,0,0,-32.64478,0.7162896,0.1455231,-0.4506873,-0.725155,-0.5206071,0,0,0,-32.7545,0.8238353,0.5708733,-0.8348894,-0.4982869,0.2338165,0,0,0,-0.1542437
1736099891002,-32.6613,1.567805,0.3851128,-0.9818859,0.04827186,0.1832218,-2.767467,0.3902435,0.08611679,-32.68564,0.7253771,0.151619,-0.4736468,-0.7267046,-0.4975541,-3.064442,0.6815583,0.4571915,-32.77638,0.8193341,0.5792961,-0.7959797,-0.5328881,0.2871358,-1.641369,-0.3375828,0.6317139,-0.1542437
1736099891007,-32.6613,1.567805,0.3851128,-0.9818859,0.04827186,0.1832218,0,0,0,-32.68564,0.7253771,0.151619,-0.4736468,-0.7267046,-0.4975541,0,0,0,-32.77638,0.8193341,0.5792961,-0.7959797,-0.5328881,0.2871358,0,0,0,-0.1542437
1736099891029,-32.69793,1.569031,0.3883476,-0.9832418,0.03516184,0.1788836,-2.746582,0.09201765,0.2426147,-32.73114,0.7372875,0.1595001,-0.5297458,-0.7116889,-0.4613777,-3.412342,0.8932829,0.5910873,-32.79882,0.8187853,0.5834122,-0.7703254,-0.5622648,0.300761,-1.682568,-0.04116744,0.3087044,-0.1542437
1736099891035,-32.69793,1.569031,0.3883476,-0.9832418,0.03516184,0.1788836,0,0,0,-32.73114,0.7372875,0.1595001,-0.5297458,-0.7116889,-0.4613777,0,0,0,-32.79882,0.8187853,0.5834122,-0.7703254,-0.5622648,0.300761,0,0,0,-0.1542437
1736099891057,-32.73193,1.572822,0.3916702,-0.9837773,0.01334078,0.1788985,-2.55003,0.2842963,0.2491951,-32.78119,0.7499712,0.1664734,-0.5995236,-0.6835424,-0.4163435,-3.753662,0.9512722,0.522995,-32.82296,0.8223389,0.5867386,-0.7751418,-0.5691769,0.2742136,-1.811028,0.2665222,0.2494812,-0.1542437
1736099891063,-32.73193,1.572822,0.3916702,-0.9837773,0.01334078,0.1788985,0,0,0,-32.78119,0.7499712,0.1664734,-0.5995236,-0.6835424,-0.4163435,0,0,0,-32.82296,0.8223389,0.5867386,-0.7751418,-0.5691769,0.2742136,0,0,0,-0.1542437
1736099891085,-32.76645,1.577883,0.3965302,-0.9822612,0.006848609,0.1873937,-2.58894,0.3795505,0.3644943,-32.82866,0.7630643,0.1711044,-0.6402388,-0.6576479,-0.3969811,-3.560543,0.9819835,0.3473282,-32.84629,0.8261234,0.593544,-0.7815181,-0.5660852,0.2622544,-1.749516,0.2838358,0.5104065,-0.1542437
1736099891090,-32.76645,1.577883,0.3965302,-0.9822612,0.006848609,0.1873937,0,0,0,-32.82866,0.7630643,0.1711044,-0.6402388,-0.6576479,-0.3969811,0,0,0,-32.84629,0.8261234,0.593544,-0.7815181,-0.5660852,0.2622544,0,0,0,-0.1542437
1736099891113,-32.79986,1.582638,0.4022942,-0.9802775,0.003800347,0.1975905,-2.506256,0.3566533,0.4323006,-32.87552,0.7750368,0.1731758,-0.6513522,-0.6403492,-0.4070551,-3.514481,0.8979365,0.1553535,-32.87025,0.8289333,0.6039352,-0.7642608,-0.5748906,0.2922438,-1.797295,0.2107456,0.7793427,-0.1542437
1736099891118,-32.79986,1.582638,0.4022942,-0.9802775,0.003800347,0.1975905,0,0,0,-32.87552,0.7750368,0.1731758,-0.6513522,-0.6403492,-0.4070551,0,0,0,-32.87025,0.8289333,0.6039352,-0.7642608,-0.5748906,0.2922438,0,0,0,-0.1542437
1736099891123,-32.79986,1.582638,0.4022942,-0.9802775,0.003800347,0.1975905,0,0,0,-32.87552,0.7750368,0.1731758,-0.6513522,-0.6403492,-0.4070551,0,0,0,-32.87025,0.8289333,0.6039352,-0.7642608,-0.5748906,0.2922438,0,0,0,-0.1542437
1736099891140,-32.83249,1.585931,0.4082451,-0.9780667,-0.004054759,0.2082528,-2.446747,0.2469867,0.4463196,-32.92301,0.7856908,0.1779518,-0.66279,-0.624974,-0.4124529,-3.561974,0.7990524,0.3582001,-32.89507,0.8327038,0.6158409,-0.7322717,-0.5877001,0.3440741,-1.860809,0.2827898,0.8929253,-0.1542437
1736099891146,-32.83249,1.585931,0.4082451,-0.9780667,-0.004054759,0.2082528,0,0,0,-32.92301,0.7856908,0.1779518,-0.66279,-0.624974,-0.4124529,0,0,0,-32.89507,0.8327038,0.6158409,-0.7322717,-0.5877001,0.3440741,0,0,0,-0.1542437
1736099891168,-32.86517,1.588491,0.4143867,-0.9757633,-0.007657789,0.2186958,-2.451324,0.1920104,0.4606247,-32.9674,0.794629,0.1832161,-0.6821884,-0.609926,-0.4032485,-3.329372,0.6703645,0.3948212,-32.91936,0.8331801,0.6248817,-0.7094521,-0.597702,0.3734035,-1.822472,0.03571808,0.6780624,-0.1542437
1736099891174,-32.86517,1.588491,0.4143867,-0.9757633,-0.007657789,0.2186958,0,0,0,-32.9674,0.794629,0.1832161,-0.6821884,-0.609926,-0.4032485,0,0,0,-32.91936,0.8331801,0.6248817,-0.7094521,-0.597702,0.3734035,0,0,0,-0.1542437
1736099891196,-32.89672,1.588759,0.4207687,-0.9736459,-0.005027339,0.2280102,-2.366638,0.02008975,0.4786491,-33.01307,0.8017865,0.1906204,-0.7114761,-0.5924598,-0.3778803,-3.424931,0.5368128,0.5553246,-32.9449,0.8304671,0.6324768,-0.6982136,-0.6051999,0.3824018,-1.915169,-0.2034724,0.5696297,-0.1542437
1736099891201,-32.89672,1.588759,0.4207687,-0.9736459,-0.005027339,0.2280102,0,0,0,-33.01307,0.8017865,0.1906204,-0.7114761,-0.5924598,-0.3778803,0,0,0,-32.9449,0.8304671,0.6324768,-0.6982136,-0.6051999,0.3824018,0,0,0,-0.1542437
1736099891224,-32.929,1.587279,0.4275246,-0.9718561,-0.001953632,0.235568,-2.420712,-0.1110166,0.5066872,-33.05728,0.8077949,0.1974182,-0.7394292,-0.5713074,-0.3561641,-3.315926,0.4506335,0.5098343,-32.97148,0.8265907,0.6399765,-0.6939654,-0.6087862,0.3844368,-1.993561,-0.2907336,0.5624771,-0.1542437
1736099891229,-32.929,1.587279,0.4275246,-0.9718561,-0.001953632,0.235568,0,0,0,-33.05728,0.8077949,0.1974182,-0.7394292,-0.5713074,-0.3561641,0,0,0,-32.97148,0.8265907,0.6399765,-0.6939654,-0.6087862,0.3844368,0,0,0,-0.1542437
1736099891252,-32.96132,1.584361,0.4345551,-0.9702721,0.001189157,0.2420143,-2.424145,-0.2188325,0.5272865,-33.10134,0.8105925,0.2041321,-0.7630611,-0.5487612,-0.3414667,-3.304482,0.2098203,0.50354,-33.00053,0.8211294,0.6487656,-0.6847388,-0.6113279,0.3967509,-2.178955,-0.4095912,0.6591797,-0.1542437
1736099891257,-32.96132,1.584361,0.4345551,-0.9702721,0.001189157,0.2420143,0,0,0,-33.10134,0.8105925,0.2041321,-0.7630611,-0.5487612,-0.3414667,0,0,0,-33.00053,0.8211294,0.6487656,-0.6847388,-0.6113279,0.3967509,0,0,0,-0.1542437
1736099891279,-32.9944,1.580264,0.4416771,-0.9692857,0.007406659,0.2458262,-2.481079,-0.3073096,0.534153,-33.14357,0.8115343,0.2102051,-0.778848,-0.5308157,-0.3341128,-3.166866,0.0706315,0.4554749,-33.03072,0.8148539,0.6569977,-0.6745286,-0.6137324,0.4102971,-2.264214,-0.4706651,0.6174088,-0.1542437
1736099891284,-32.9944,1.580264,0.4416771,-0.9692857,0.007406659,0.2458262,0,0,0,-33.14357,0.8115343,0.2102051,-0.778848,-0.5308157,-0.3341128,0,0,0,-33.03072,0.8148539,0.6569977,-0.6745286,-0.6137324,0.4102971,0,0,0,-0.1542437
1736099891307,-33.02835,1.575412,0.4490051,-0.9688061,0.01500841,0.2473653,-2.546024,-0.3638685,0.5496025,-33.18456,0.8097993,0.2160225,-0.7885385,-0.5168546,-0.3332702,-3.074455,-0.1301229,0.436306,-33.06273,0.8071825,0.6650238,-0.6654373,-0.618081,0.4185324,-2.400398,-0.5753562,0.6019592,-0.1542437
1736099891312,-33.02835,1.575412,0.4490051,-0.9688061,0.01500841,0.2473653,0,0,0,-33.18456,0.8097993,0.2160225,-0.7885385,-0.5168546,-0.3332702,0,0,0,-33.06273,0.8071825,0.6650238,-0.6654373,-0.618081,0.4185324,0,0,0,-0.1542437
1736099891335,-33.06241,1.570046,0.4573402,-0.969206,0.02276222,0.2451977,-2.554607,-0.4024744,0.6251335,-33.22322,0.8057787,0.2209549,-0.7929944,-0.5061305,-0.3391051,-2.899361,-0.3015473,0.3699303,-33.09586,0.799049,0.6717682,-0.6599715,-0.6214316,0.422209,-2.484512,-0.6100148,0.5058289,-0.1542437
1736099891340,-33.06241,1.570046,0.4573402,-0.969206,0.02276222,0.2451977,0,0,0,-33.22322,0.8057787,0.2209549,-0.7929944,-0.5061305,-0.3391051,0,0,0,-33.09586,0.799049,0.6717682,-0.6599715,-0.6214316,0.422209,0,0,0,-0.1542437
1736099891363,-33.09859,1.566035,0.467453,-0.9699795,0.02761521,0.2416144,-2.713108,-0.3008276,0.7584572,-33.25865,0.799199,0.2254028,-0.7846647,-0.5048521,-0.3597581,-2.657318,-0.4934728,0.3335953,-33.13152,0.7907722,0.6779022,-0.6611432,-0.6225238,0.4187529,-2.674484,-0.620757,0.4600525,-0.1542437
1736099891368,-33.09859,1.566035,0.467453,-0.9699795,0.02761521,0.2416144,0,0,0,-33.25865,0.799199,0.2254028,-0.7846647,-0.5048521,-0.3597581,0,0,0,-33.13152,0.7907722,0.6779022,-0.6611432,-0.6225238,0.4187529,0,0,0,-0.1542437
1736099891390,-33.13394,1.562821,0.4774323,-0.970795,0.02945055,0.2380967,-2.651596,-0.2410769,0.7484436,-33.28894,0.7915956,0.2308922,-0.7702754,-0.5147145,-0.3764904,-2.272224,-0.5702555,0.4117012,-33.16796,0.7845955,0.684063,-0.6618275,-0.6261238,0.4122542,-2.733707,-0.4632533,0.4620552,-0.1542437
1736099891396,-33.13394,1.562821,0.4774323,-0.970795,0.02945055,0.2380967,0,0,0,-33.28894,0.7915956,0.2308922,-0.7702754,-0.5147145,-0.3764904,0,0,0,-33.16796,0.7845955,0.684063,-0.6618275,-0.6261238,0.4122542,0,0,0,-0.1542437
1736099891418,-33.16992,1.559323,0.4872246,-0.9707954,0.02930358,0.2381137,-2.698517,-0.2623111,0.7344246,-33.31584,0.7833014,0.2372055,-0.7510242,-0.5360947,-0.3854423,-2.017307,-0.6220713,0.4734993,-33.20805,0.7820094,0.6908684,-0.6621489,-0.6280748,0.4087555,-3.006363,-0.1939595,0.5104065,-0.1542437
1736099891424,-33.16992,1.559323,0.4872246,-0.9707954,0.02930358,0.2381137,0,0,0,-33.31584,0.7833014,0.2372055,-0.7510242,-0.5360947,-0.3854423,0,0,0,-33.20805,0.7820094,0.6908684,-0.6621489,-0.6280748,0.4087555,0,0,0,-0.1542437
1736099891428,-33.16992,1.559323,0.4872246,-0.9707954,0.02930358,0.2381137,0,0,0,-33.31584,0.7833014,0.2372055,-0.7510242,-0.5360947,-0.3854423,0,0,0,-33.20805,0.7820094,0.6908684,-0.6621489,-0.6280748,0.4087555,0,0,0,-0.1542437
1736099891446,-33.20722,1.565219,0.4982567,-0.9726049,0.01592712,0.2319194,-2.797222,0.442189,0.8274078,-33.34081,0.7752442,0.2422752,-0.7255824,-0.5593578,-0.4008107,-1.872826,-0.6042883,0.3802299,-33.24978,0.7821112,0.6980934,-0.6652519,-0.6242204,0.4096205,-3.129959,0.007639825,0.5418777,-0.1542437
1736099891452,-33.20722,1.565219,0.4982567,-0.9726049,0.01592712,0.2319194,0,0,0,-33.34081,0.7752442,0.2422752,-0.7255824,-0.5593578,-0.4008107,0,0,0,-33.24978,0.7821112,0.6980934,-0.6652519,-0.6242204,0.4096205,0,0,0,-0.1542437
1736099891474,-33.24421,1.569912,0.509201,-0.9709598,0.02687996,0.2377284,-2.774334,0.3519773,0.8208275,-33.36097,0.7699877,0.2454948,-0.6870629,-0.5790758,-0.438881,-1.512051,-0.3942356,0.2414703,-33.28799,0.7829922,0.7037392,-0.6572729,-0.6349912,0.4059294,-2.865601,0.06607622,0.4234314,-0.1542437
1736099891480,-33.24421,1.569912,0.509201,-0.9709598,0.02687996,0.2377284,0,0,0,-33.36097,0.7699877,0.2454948,-0.6870629,-0.5790758,-0.438881,0,0,0,-33.28799,0.7829922,0.7037392,-0.6572729,-0.6349912,0.4059294,0,0,0,-0.1542437
1736099891502,-33.28181,1.571619,0.5191879,-0.9675601,0.03908948,0.2495996,-2.820396,0.1280576,0.7490158,-33.3786,0.7672721,0.2518158,-0.630466,-0.621424,-0.4651296,-1.322079,-0.2036735,0.4740715,-33.32813,0.7886181,0.7079659,-0.6612969,-0.6381415,0.394287,-3.010082,0.4219428,0.3170013,-0.1542437
1736099891507,-33.28181,1.571619,0.5191879,-0.9675601,0.03908948,0.2495996,0,0,0,-33.3786,0.7672721,0.2518158,-0.630466,-0.621424,-0.4651296,0,0,0,-33.32813,0.7886181,0.7079659,-0.6612969,-0.6381415,0.394287,0,0,0,-0.1542437
1736099891530,-33.31573,1.570694,0.5265541,-0.9679072,0.01654192,0.2507633,-2.543736,-0.06938875,0.5524635,-33.39958,0.7653682,0.2624359,-0.6032553,-0.6552434,-0.4546864,-1.573277,-0.1427919,0.7965088,-33.37252,0.8000018,0.7102585,-0.6953904,-0.6152857,0.3712896,-3.329659,0.853774,0.1719475,-0.1542437
1736099891539,-33.31573,1.570694,0.5265541,-0.9679072,0.01654192,0.2507633,0,0,0,-33.39958,0.7653682,0.2624359,-0.6032553,-0.6552434,-0.4546864,0,0,0,-33.37252,0.8000018,0.7102585,-0.6953904,-0.6152857,0.3712896,0,0,0,-0.1542437
1736099891557,-33.35215,1.57481,0.5312805,-0.9691,-0.005847894,0.2465994,-2.731705,0.3086507,0.3544807,-33.42474,0.7659305,0.2724228,-0.629169,-0.6536874,-0.4205233,-1.887417,0.04217774,0.7490158,-33.41805,0.8115369,0.7136841,-0.7354186,-0.5918922,0.3298838,-3.414631,0.8651331,0.2569199,-0.1542437
1736099891563,-33.35215,1.57481,0.5312805,-0.9691,-0.005847894,0.2465994,0,0,0,-33.42474,0.7659305,0.2724228,-0.629169,-0.6536874,-0.4205233,0,0,0,-33.41805,0.8115369,0.7136841,-0.7354186,-0.5918922,0.3298838,0,0,0,-0.1542437
1736099891568,-33.35215,1.57481,0.5312805,-0.9691,-0.005847894,0.2465994,0,0,0,-33.42474,0.7659305,0.2724228,-0.629169,-0.6536874,-0.4205233,0,0,0,-33.41805,0.8115369,0.7136841,-0.7354186,-0.5918922,0.3298838,0,0,0,-0.1542437
1736099891584,-33.3865,1.579084,0.536232,-0.9693496,-0.01110002,0.2454355,-2.575779,0.3205597,0.3713608,-33.45021,0.7693042,0.2782669,-0.6439727,-0.6450799,-0.411305,-1.910019,0.2530262,0.4383087,-33.46048,0.8197698,0.7190628,-0.7504915,-0.5801487,0.3165286,-3.182316,0.6174669,0.4034042,-0.1542437
1736099891592,-33.3865,1.579084,0.536232,-0.9693496,-0.01110002,0.2454355,0,0,0,-33.45021,0.7693042,0.2782669,-0.6439727,-0.6450799,-0.411305,0,0,0,-33.46048,0.8197698,0.7190628,-0.7504915,-0.5801487,0.3165286,0,0,0,-0.1542437
1736099891610,-33.42082,1.583743,0.5376129,-0.9694906,-0.01555412,0.2446355,-2.574062,0.3494203,0.103569,-33.47786,0.7746287,0.2804832,-0.6226504,-0.6474295,-0.4394796,-2.073956,0.3993362,0.1662254,-33.50226,0.8287552,0.7254257,-0.7569667,-0.5643972,0.3293293,-3.133392,0.673905,0.4772186,-0.1542437
1736099891616,-33.42082,1.583743,0.5376129,-0.9694906,-0.01555412,0.2446355,0,0,0,-33.47786,0.7746287,0.2804832,-0.6226504,-0.6474295,-0.4394796,0,0,0,-33.50226,0.8287552,0.7254257,-0.7569667,-0.5643972,0.3293293,0,0,0,-0.1542437
1736099891638,-33.45468,1.587339,0.5367355,-0.9703908,-0.02408729,0.2403368,-2.53973,0.269714,-0.06580353,-33.50462,0.7792211,0.2828369,-0.5841376,-0.6629866,-0.4682226,-2.006435,0.3444314,0.1765251,-33.54283,0.8372313,0.7310181,-0.7601518,-0.5540564,0.3393981,-3.042698,0.6357104,0.419426,-0.1542437
1736099891665,-33.48726,1.590472,0.538002,-0.9720384,-0.02804435,0.2331419,-2.4436,0.2350241,0.09498596,-33.53148,0.7822697,0.2864838,-0.5654025,-0.6724322,-0.4776559,-2.014446,0.2286449,0.2735138,-33.58295,0.8469914,0.7316322,-0.7692348,-0.5433106,0.3362911,-3.00951,0.7320061,0.04606247,-0.1542437
1736099891670,-33.48726,1.590472,0.538002,-0.9720384,-0.02804435,0.2331419,0,0,0,-33.53148,0.7822697,0.2864838,-0.5654025,-0.6724322,-0.4776559,0,0,0,-33.58295,0.8469914,0.7316322,-0.7692348,-0.5433106,0.3362911,0,0,0,-0.1542437
1736099891694,-33.52174,1.592863,0.5385971,-0.974,-0.01822022,0.2258147,-2.585793,0.1793146,0.04463196,-33.56162,0.7817225,0.2899246,-0.5799609,-0.6647158,-0.470955,-2.261066,-0.0410378,0.2580643,-33.62477,0.8569576,0.7285042,-0.7912613,-0.5297842,0.3053434,-3.136539,0.7474601,-0.2346039,-0.1542437
1736099891699,-33.52174,1.592863,0.5385971,-0.974,-0.01822022,0.2258147,0,0,0,-33.56162,0.7817225,0.2899246,-0.5799609,-0.6647158,-0.470955,0,0,0,-33.62477,0.8569576,0.7285042,-0.7912613,-0.5297842,0.3053434,0,0,0,-0.1542437
1736099891723,-33.55502,1.592455,0.5389481,-0.9763776,-0.005479667,0.2160025,-2.495956,-0.03065765,0.02632141,-33.59293,0.7778938,0.2900047,-0.5780305,-0.6606039,-0.4790444,-2.348042,-0.2871528,0.006008148,-33.66536,0.8640637,0.7264748,-0.8131912,-0.515404,0.2703315,-3.043556,0.5329639,-0.1522064,-0.1542437
1736099891728,-33.55502,1.592455,0.5389481,-0.9763776,-0.005479667,0.2160025,0,0,0,-33.59293,0.7778938,0.2900047,-0.5780305,-0.6606039,-0.4790444,0,0,0,-33.66536,0.8640637,0.7264748,-0.8131912,-0.515404,0.2703315,0,0,0,-0.1542437
1736099891751,-33.5893,1.590158,0.5398254,-0.979015,0.003872868,0.2037514,-2.570915,-0.1722693,0.06580353,-33.62511,0.7718327,0.2890739,-0.563002,-0.6573838,-0.5008752,-2.413559,-0.4545853,-0.06980896,-33.70628,0.8677797,0.7241936,-0.8288742,-0.5040612,0.2426731,-3.069019,0.2786994,-0.1710892,-0.1542437
1736099891758,-33.5893,1.590158,0.5398254,-0.979015,0.003872868,0.2037514,0,0,0,-33.62511,0.7718327,0.2890739,-0.563002,-0.6573838,-0.5008752,0,0,0,-33.70628,0.8677797,0.7241936,-0.8288742,-0.5040612,0.2426731,0,0,0,-0.1542437
1736099891763,-33.5893,1.590158,0.5398254,-0.979015,0.003872868,0.2037514,0,0,0,-33.62511,0.7718327,0.2890739,-0.563002,-0.6573838,-0.5008752,0,0,0,-33.70628,0.8677797,0.7241936,-0.8288742,-0.5040612,0.2426731,0,0,0,-0.1542437
1736099891779,-33.62387,1.585704,0.5406265,-0.9809415,0.008265376,0.1941278,-2.592659,-0.3340155,0.06008148,-33.65831,0.7621288,0.2886314,-0.5356895,-0.6605359,-0.526051,-2.489948,-0.7277906,-0.03318787,-33.74702,0.8668966,0.7249565,-0.8384017,-0.4946918,0.2288296,-3.055859,-0.06623268,0.05722046,-0.1542437
1736099891785,-33.62387,1.585704,0.5406265,-0.9809415,0.008265376,0.1941278,0,0,0,-33.65831,0.7621288,0.2886314,-0.5356895,-0.6605359,-0.526051,0,0,0,-33.74702,0.8668966,0.7249565,-0.8384017,-0.4946918,0.2288296,0,0,0,-0.1542437
1736099891807,-33.6586,1.580711,0.5410614,-0.9824663,0.0109329,0.18612,-2.605247,-0.3744721,0.03261566,-33.68891,0.753842,0.2898941,-0.509802,-0.6701825,-0.5394051,-2.294827,-0.6215125,0.09469986,-33.78598,0.8656771,0.7261124,-0.8474029,-0.4831567,0.2201551,-2.921677,-0.09146333,0.086689,-0.1542437
1736099891812,-33.6586,1.580711,0.5410614,-0.9824663,0.0109329,0.18612,0,0,0,-33.68891,0.753842,0.2898941,-0.509802,-0.6701825,-0.5394051,0,0,0,-33.78598,0.8656771,0.7261124,-0.8474029,-0.4831567,0.2201551,0,0,0,-0.1542437
1736099891833,-33.69476,1.575487,0.5417595,-0.9831285,0.01458713,0.1823339,-2.711678,-0.391835,0.05235672,-33.72047,0.7436479,0.2929001,-0.4945813,-0.6793342,-0.5421209,-2.367496,-0.7645547,0.2254486,-33.82512,0.8624039,0.727787,-0.8542141,-0.4711723,0.2198074,-2.935696,-0.2454937,0.1255989,-0.1542437
1736099891839,-33.69476,1.575487,0.5417595,-0.9831285,0.01458713,0.1823339,0,0,0,-33.72047,0.7436479,0.2929001,-0.4945813,-0.6793342,-0.5421209,0,0,0,-33.82512,0.8624039,0.727787,-0.8542141,-0.4711723,0.2198074,0,0,0,-0.1542437
1736099891861,-33.73066,1.570951,0.5417175,-0.9829192,0.01687348,0.183264,-2.692223,-0.3401667,-0.003147125,-33.75323,0.7321324,0.2976456,-0.4859242,-0.6908256,-0.5353861,-2.45676,-0.8636624,0.3559113,-33.86371,0.8586608,0.7313194,-0.8572849,-0.4609169,0.2293875,-2.894211,-0.2807289,0.2649307,-0.1542437
1736099891866,-33.73066,1.570951,0.5417175,-0.9829192,0.01687348,0.183264,0,0,0,-33.75323,0.7321324,0.2976456,-0.4859242,-0.6908256,-0.5353861,0,0,0,-33.86371,0.8586608,0.7313194,-0.8572849,-0.4609169,0.2293875,0,0,0,-0.1542437
1736099891888,-33.76783,1.567402,0.5414047,-0.9819111,0.01906542,0.1883809,-2.788067,-0.2662092,-0.02346039,-33.78544,0.7221153,0.3020668,-0.474103,-0.704939,-0.5275304,-2.415848,-0.7512867,0.3315926,-33.89842,0.8548895,0.7347374,-0.8559123,-0.4563954,0.2431414,-2.603531,-0.2828479,0.2563477,-0.1542437
1736099891894,-33.76783,1.567402,0.5414047,-0.9819111,0.01906542,0.1883809,0,0,0,-33.78544,0.7221153,0.3020668,-0.474103,-0.704939,-0.5275304,0,0,0,-33.89842,0.8548895,0.7347374,-0.8559123,-0.4563954,0.2431414,0,0,0,-0.1542437
1736099891916,-33.80434,1.562962,0.5409584,-0.9809572,0.01679147,0.1934979,-2.738285,-0.3329515,-0.03347397,-33.82053,0.7134892,0.3061447,-0.4598863,-0.7196594,-0.5201885,-2.631855,-0.6469533,0.3058434,-33.93002,0.8512717,0.7376671,-0.8478168,-0.4625517,0.2593319,-2.370071,-0.2713323,0.2197266,-0.1542437
1736099891923,-33.80434,1.562962,0.5409584,-0.9809572,0.01679147,0.1934979,0,0,0,-33.82053,0.7134892,0.3061447,-0.4598863,-0.7196594,-0.5201885,0,0,0,-33.93002,0.8512717,0.7376671,-0.8478168,-0.4625517,0.2593319,0,0,0,-0.1542437
1736099891944,-33.84273,1.570362,0.5406151,-0.9799101,-0.0004729256,0.1994397,-2.879333,0.554949,-0.02574921,-33.85943,0.7086437,0.3093796,-0.4513305,-0.7289879,-0.5146627,-2.917385,-0.3634125,0.2426147,-33.95908,0.850233,0.7425613,-0.834911,-0.4787846,0.2714574,-2.178955,-0.07790923,0.3670692,-0.1542437
1736099891950,-33.84273,1.570362,0.5406151,-0.9799101,-0.0004729256,0.1994397,0,0,0,-33.85943,0.7086437,0.3093796,-0.4513305,-0.7289879,-0.5146627,0,0,0,-33.95908,0.850233,0.7425613,-0.834911,-0.4787846,0.2714574,0,0,0,-0.1542437
1736099891972,-33.88126,1.574919,0.5395317,-0.9753826,0.009147953,0.2203311,-2.889633,0.3418028,-0.08125305,-33.8968,0.7112213,0.3127289,-0.4323604,-0.7419553,-0.512413,-2.802944,0.1933157,0.2511978,-33.98311,0.8470662,0.7486496,-0.8080069,-0.5060934,0.3016531,-1.802731,-0.2375096,0.4566193,-0.1542437
1736099891977,-33.88126,1.574919,0.5395317,-0.9753826,0.009147953,0.2203311,0,0,0,-33.8968,0.7112213,0.3127289,-0.4323604,-0.7419553,-0.512413,0,0,0,-33.98311,0.8470662,0.7486496,-0.8080069,-0.5060934,0.3016531,0,0,0,-0.1542437
1736099892000,-33.91718,1.579346,0.5394249,-0.9751079,0.01524979,0.2212057,-2.694225,0.3320485,-0.008010864,-33.93945,0.7219117,0.3192558,-0.4632449,-0.7391883,-0.4888822,-3.198338,0.8017838,0.489521,-34.00502,0.8456905,0.7530746,-0.7738726,-0.5383955,0.3335444,-1.642799,-0.1031756,0.3318787,-0.1542437
1736099892005,-33.91718,1.579346,0.5394249,-0.9751079,0.01524979,0.2212057,0,0,0,-33.93945,0.7219117,0.3192558,-0.4632449,-0.7391883,-0.4888822,0,0,0,-34.00502,0.8456905,0.7530746,-0.7738726,-0.5383955,0.3335444,0,0,0,-0.1542437
1736099892028,-33.95224,1.58235,0.540226,-0.9765453,0.004386578,0.2152683,-2.628994,0.2252698,0.06008148,-33.98521,0.7321239,0.3279877,-0.5252289,-0.7252354,-0.4451615,-3.431797,0.7659137,0.6548882,-34.02892,0.8474026,0.7552605,-0.7591622,-0.5624328,0.3276314,-1.792431,0.1284063,0.1639366,-0.1542437
1736099892033,-33.95224,1.58235,0.540226,-0.9765453,0.004386578,0.2152683,0,0,0,-33.98521,0.7321239,0.3279877,-0.5252289,-0.7252354,-0.4451615,0,0,0,-34.02892,0.8474026,0.7552605,-0.7591622,-0.5624328,0.3276314,0,0,0,-0.1542437
1736099892056,-33.98709,1.587878,0.5425262,-0.976194,-0.002016375,0.2168909,-2.613831,0.4145801,0.1725197,-34.03382,0.7424643,0.3351288,-0.5885112,-0.7048495,-0.3960328,-3.645802,0.7755294,0.5355835,-34.05216,0.8490396,0.7584076,-0.760931,-0.5702938,0.3094336,-1.743221,0.1227736,0.2360344,-0.1542437
1736099892062,-33.98709,1.587878,0.5425262,-0.976194,-0.002016375,0.2168909,0,0,0,-34.03382,0.7424643,0.3351288,-0.5885112,-0.7048495,-0.3960328,0,0,0,-34.05216,0.8490396,0.7584076,-0.760931,-0.5702938,0.3094336,0,0,0,-0.1542437
1736099892084,-34.02169,1.593584,0.546299,-0.9757293,-0.005938722,0.218901,-2.59552,0.4280001,0.2829552,-34.08358,0.7537655,0.3377838,-0.6235422,-0.6801447,-0.3854858,-3.732491,0.8475915,0.1991272,-34.07388,0.8506521,0.7649765,-0.7557622,-0.5760596,0.3114146,-1.629353,0.1209408,0.4926682,-0.1542437
1736099892091,-34.02169,1.593584,0.546299,-0.9757293,-0.005938722,0.218901,0,0,0,-34.08358,0.7537655,0.3377838,-0.6235422,-0.6801447,-0.3854858,0,0,0,-34.07388,0.8506521,0.7649765,-0.7557622,-0.5760596,0.3114146,0,0,0,-0.1542437
1736099892096,-34.02169,1.593584,0.546299,-0.9757293,-0.005938722,0.218901,0,0,0,-34.08358,0.7537655,0.3377838,-0.6235422,-0.6801447,-0.3854858,0,0,0,-34.07388,0.8506521,0.7649765,-0.7557622,-0.5760596,0.3114146,0,0,0,-0.1542437
1736099892112,-34.05516,1.597611,0.5509377,-0.9752952,-0.01239336,0.2205582,-2.510262,0.3020167,0.3479004,-34.13279,0.7651221,0.3394737,-0.6285899,-0.6586267,-0.4136252,-3.690434,0.8517399,0.1267433,-34.09724,0.8515894,0.775795,-0.7219108,-0.5948507,0.3535502,-1.75209,0.0703007,0.8113861,-0.1542437
1736099892121,-34.05516,1.597611,0.5509377,-0.9752952,-0.01239336,0.2205582,0,0,0,-34.13279,0.7651221,0.3394737,-0.6285899,-0.6586267,-0.4136252,0,0,0,-34.09724,0.8515894,0.775795,-0.7219108,-0.5948507,0.3535502,0,0,0,-0.1542437
1736099892140,-34.08804,1.601014,0.5562363,-0.9745585,-0.01724385,0.2234699,-2.465916,0.255239,0.3973961,-34.18017,0.7753806,0.3448715,-0.6420125,-0.6446222,-0.4150693,-3.553391,0.7693917,0.4048347,-34.12001,0.8519253,0.7850952,-0.6891533,-0.6118324,0.3882385,-1.707458,0.02518594,0.6975174,-0.1542437
1736099892146,-34.08804,1.601014,0.5562363,-0.9745585,-0.01724385,0.2234699,0,0,0,-34.18017,0.7753806,0.3448715,-0.6420125,-0.6446222,-0.4150693,0,0,0,-34.12001,0.8519253,0.7850952,-0.6891533,-0.6118324,0.3882385,0,0,0,-0.1542437
1736099892166,-34.12102,1.602834,0.562336,-0.9737625,-0.0156285,0.2270296,-2.473354,0.1365066,0.4574776,-34.2265,0.7847733,0.3533211,-0.6716391,-0.6292893,-0.3910197,-3.474998,0.7044554,0.6337166,-34.14382,0.8499585,0.7933807,-0.6684231,-0.6220533,0.4077508,-1.785564,-0.1475036,0.6214142,-0.1542437
1736099892171,-34.12102,1.602834,0.562336,-0.9737625,-0.0156285,0.2270296,0,0,0,-34.2265,0.7847733,0.3533211,-0.6716391,-0.6292893,-0.3910197,0,0,0,-34.14382,0.8499585,0.7933807,-0.6684231,-0.6220533,0.4077508,0,0,0,-0.1542437
1736099892193,-34.15368,1.602541,0.5687561,-0.9728469,-0.01019677,0.2312256,-2.449036,-0.02199411,0.4815102,-34.27283,0.7937273,0.3616638,-0.709047,-0.6094106,-0.3547844,-3.474998,0.6715491,0.6257057,-34.16784,0.8463188,0.8012848,-0.6555103,-0.6302822,0.4159934,-1.8013,-0.2729774,0.592804,-0.1542437
1736099892198,-34.15368,1.602541,0.5687561,-0.9728469,-0.01019677,0.2312256,0,0,0,-34.27283,0.7937273,0.3616638,-0.709047,-0.6094106,-0.3547844,0,0,0,-34.16784,0.8463188,0.8012848,-0.6555103,-0.6302822,0.4159934,0,0,0,-0.1542437
1736099892221,-34.18662,1.600222,0.5758018,-0.9715498,-0.004058372,0.236801,-2.470779,-0.1739413,0.5284309,-34.31795,0.7995934,0.370945,-0.7442625,-0.5851543,-0.3219752,-3.383732,0.4399583,0.6960869,-34.19373,0.8405608,0.8101234,-0.644173,-0.6356222,0.4254711,-1.941776,-0.4318535,0.662899,-0.1542437
1736099892227,-34.18662,1.600222,0.5758018,-0.9715498,-0.004058372,0.236801,0,0,0,-34.31795,0.7995934,0.370945,-0.7442625,-0.5851543,-0.3219752,0,0,0,-34.19373,0.8405608,0.8101234,-0.644173,-0.6356222,0.4254711,0,0,0,-0.1542437
1736099892249,-34.22046,1.596526,0.5834122,-0.9700061,0.0002668574,0.2430809,-2.5383,-0.2771795,0.5707741,-34.36271,0.8023713,0.3798676,-0.7735462,-0.5597946,-0.2970809,-3.357124,0.2083361,0.6691933,-34.22251,0.8327628,0.8200417,-0.6290039,-0.6384698,0.4435206,-2.158928,-0.5848467,0.743866,-0.1542437
1736099892255,-34.22046,1.596526,0.5834122,-0.9700061,0.0002668574,0.2430809,0,0,0,-34.36271,0.8023713,0.3798676,-0.7735462,-0.5597946,-0.2970809,0,0,0,-34.22251,0.8327628,0.8200417,-0.6290039,-0.6384698,0.4435206,0,0,0,-0.1542437
1736099892278,-34.25471,1.591867,0.5914841,-0.9690645,0.006832838,0.2467139,-2.568626,-0.3494114,0.6053925,-34.40562,0.8027357,0.3879814,-0.7918029,-0.5398373,-0.2856997,-3.218365,0.02733618,0.6085396,-34.25273,0.8246074,0.8295822,-0.6115786,-0.6430383,0.4609485,-2.266502,-0.6116599,0.7155418,-0.1542437
1736099892283,-34.25471,1.591867,0.5914841,-0.9690645,0.006832838,0.2467139,0,0,0,-34.40562,0.8027357,0.3879814,-0.7918029,-0.5398373,-0.2856997,0,0,0,-34.25273,0.8246074,0.8295822,-0.6115786,-0.6430383,0.4609485,0,0,0,-0.1542437
1736099892306,-34.2897,1.586642,0.6002693,-0.9687037,0.01411411,0.2478182,-2.62413,-0.3918976,0.6588936,-34.44704,0.8002718,0.3951035,-0.7998112,-0.5294011,-0.2829075,-3.106499,-0.1847953,0.534153,-34.28498,0.816675,0.8376541,-0.598607,-0.64696,0.4723481,-2.418709,-0.5949274,0.6053925,-0.1542437
1736099892311,-34.2897,1.586642,0.6002693,-0.9687037,0.01411411,0.2478182,0,0,0,-34.44704,0.8002718,0.3951035,-0.7998112,-0.5294011,-0.2829075,0,0,0,-34.28498,0.816675,0.8376541,-0.598607,-0.64696,0.4723481,0,0,0,-0.1542437
1736099892334,-34.32521,1.58098,0.6097679,-0.9687854,0.01932289,0.2471474,-2.66304,-0.4246563,0.7123947,-34.48569,0.7957441,0.4011841,-0.8012169,-0.5221398,-0.2922707,-2.898502,-0.3395766,0.4560471,-34.32061,0.8089019,0.8446541,-0.5948943,-0.649218,0.4739374,-2.671909,-0.5829826,0.5249977,-0.1542437
1736099892339,-34.32521,1.58098,0.6097679,-0.9687854,0.01932289,0.2471474,0,0,0,-34.48569,0.7957441,0.4011841,-0.8012169,-0.5221398,-0.2922707,0,0,0,-34.32061,0.8089019,0.8446541,-0.5948943,-0.649218,0.4739374,0,0,0,-0.1542437
1736099892362,-34.36156,1.576995,0.6199188,-0.969724,0.02139429,0.2432655,-2.726269,-0.2989054,0.7613182,-34.52128,0.7888864,0.4062729,-0.7918527,-0.5252158,-0.3116381,-2.669334,-0.514327,0.3816605,-34.35864,0.8017234,0.8505821,-0.5985522,-0.6504759,0.4675646,-2.85244,-0.5383909,0.444603,-0.1542437
1736099892367,-34.36156,1.576995,0.6199188,-0.969724,0.02139429,0.2432655,0,0,0,-34.52128,0.7888864,0.4062729,-0.7918527,-0.5252158,-0.3116381,0,0,0,-34.35864,0.8017234,0.8505821,-0.5985522,-0.6504759,0.4675646,0,0,0,-0.1542437
1736099892390,-34.39832,1.57373,0.6306992,-0.9705893,0.0238076,0.239562,-2.756882,-0.244832,0.8085251,-34.55256,0.781843,0.4108887,-0.777427,-0.5350378,-0.3306695,-2.346039,-0.5282566,0.3461838,-34.39775,0.7961277,0.8565979,-0.6021223,-0.6527493,0.4597471,-2.933407,-0.4196718,0.4511833,-0.1542437
1736099892395,-34.39832,1.57373,0.6306992,-0.9705893,0.0238076,0.239562,0,0,0,-34.55256,0.781843,0.4108887,-0.777427,-0.5350378,-0.3306695,0,0,0,-34.39775,0.7961277,0.8565979,-0.6021223,-0.6527493,0.4597471,0,0,0,-0.1542437
1736099892418,-34.43458,1.571453,0.6413879,-0.9720727,0.01703836,0.2340614,-2.719975,-0.1707673,0.8016586,-34.5809,0.7748258,0.4149513,-0.7551583,-0.5524821,-0.3528463,-2.125168,-0.5262896,0.3046989,-34.43993,0.7929149,0.8630867,-0.6058379,-0.6534083,0.4538921,-3.163719,-0.2409607,0.48666,-0.1542437
1736099892423,-34.43458,1.571453,0.6413879,-0.9720727,0.01703836,0.2340614,0,0,0,-34.5809,0.7748258,0.4149513,-0.7551583,-0.5524821,-0.3528463,0,0,0,-34.43993,0.7929149,0.8630867,-0.6058379,-0.6534083,0.4538921,0,0,0,-0.1542437
1736099892446,-34.47292,1.582094,0.6529579,-0.9743115,0.0142458,0.2247538,-2.875328,0.7980287,0.8677483,-34.60685,0.769142,0.416954,-0.7281399,-0.5684274,-0.383018,-1.94664,-0.4262879,0.1502037,-34.48289,0.7926525,0.8703957,-0.6054055,-0.652484,0.455795,-3.221512,-0.01968294,0.548172,-0.1542437
1736099892451,-34.47292,1.582094,0.6529579,-0.9743115,0.0142458,0.2247538,0,0,0,-34.60685,0.769142,0.416954,-0.7281399,-0.5684274,-0.383018,0,0,0,-34.48289,0.7926525,0.8703957,-0.6054055,-0.652484,0.455795,0,0,0,-0.1542437
1736099892456,-34.47292,1.582094,0.6529579,-0.9743115,0.0142458,0.2247538,0,0,0,-34.60685,0.769142,0.416954,-0.7281399,-0.5684274,-0.383018,0,0,0,-34.48289,0.7926525,0.8703957,-0.6054055,-0.652484,0.455795,0,0,0,-0.1542437
1736099892474,-34.5108,1.584593,0.6637726,-0.9717672,0.03298664,0.233625,-2.84071,0.1874149,0.8111,-34.62605,0.7683093,0.4180298,-0.6706919,-0.6009858,-0.4347284,-1.439953,-0.06245077,0.08068085,-34.52438,0.7957409,0.8744049,-0.5948886,-0.6682839,0.4466591,-3.111935,0.2316311,0.3006935,-0.1542437
1736099892479,-34.5108,1.584593,0.6637726,-0.9717672,0.03298664,0.233625,0,0,0,-34.62605,0.7683093,0.4180298,-0.6706919,-0.6009858,-0.4347284,0,0,0,-34.52438,0.7957409,0.8744049,-0.5948886,-0.6682839,0.4466591,0,0,0,-0.1542437
1736099892501,-34.54742,1.585099,0.6733322,-0.9705005,0.03510835,0.2385292,-2.746868,0.03794432,0.7169724,-34.64735,0.7669721,0.4232674,-0.6249951,-0.6379595,-0.4498773,-1.597595,-0.1002923,0.3928185,-34.56948,0.803417,0.8775864,-0.617106,-0.6598865,0.4286375,-3.382874,0.5757049,0.2386093,-0.1542437
1736099892507,-34.54742,1.585099,0.6733322,-0.9705005,0.03510835,0.2385292,0,0,0,-34.64735,0.7669721,0.4232674,-0.6249951,-0.6379595,-0.4498773,0,0,0,-34.56948,0.803417,0.8775864,-0.617106,-0.6598865,0.4286375,0,0,0,-0.1542437
1736099892527,-34.5827,1.587188,0.6811867,-0.9721012,0.009179488,0.2343833,-2.645588,0.1566768,0.5890846,-34.67136,0.7660787,0.4315071,-0.6255656,-0.6550714,-0.423733,-1.800442,-0.06700158,0.617981,-34.61956,0.8155743,0.8796425,-0.6722687,-0.6297699,0.3891592,-3.755379,0.9117991,0.1542091,-0.1542437
1736099892532,-34.5827,1.587188,0.6811867,-0.9721012,0.009179488,0.2343833,0,0,0,-34.67136,0.7660787,0.4315071,-0.6255656,-0.6550714,-0.423733,0,0,0,-34.61956,0.8155743,0.8796425,-0.6722687,-0.6297699,0.3891592,0,0,0,-0.1542437
1736099892556,-34.6187,1.591178,0.6879959,-0.9723217,0.003581345,0.2336191,-2.70052,0.2992809,0.5106926,-34.69606,0.7662757,0.4366188,-0.6471313,-0.6466022,-0.4038904,-1.852226,0.0147745,0.3833771,-34.66535,0.8249257,0.8829384,-0.7128718,-0.6094852,0.3469033,-3.434658,0.701353,0.2471924,-0.1542437
1736099892561,-34.6187,1.591178,0.6879959,-0.9723217,0.003581345,0.2336191,0,0,0,-34.69606,0.7662757,0.4366188,-0.6471313,-0.6466022,-0.4038904,0,0,0,-34.66535,0.8249257,0.8829384,-0.7128718,-0.6094852,0.3469033,0,0,0,-0.1542437
1736099892583,-34.65437,1.596526,0.6935692,-0.9723106,0.001812108,0.2336867,-2.675056,0.4010797,0.4179955,-34.72113,0.7715448,0.4381218,-0.6541905,-0.6353142,-0.4103796,-1.880836,0.3951788,0.1127243,-34.7117,0.8333256,0.8906288,-0.7305028,-0.5951934,0.3348293,-3.476143,0.6299973,0.5767822,-0.1542437
1736099892589,-34.65437,1.596526,0.6935692,-0.9723106,0.001812108,0.2336867,0,0,0,-34.72113,0.7715448,0.4381218,-0.6541905,-0.6353142,-0.4103796,0,0,0,-34.7117,0.8333256,0.8906288,-0.7305028,-0.5951934,0.3348293,0,0,0,-0.1542437
1736099892611,-34.68924,1.599845,0.6979904,-0.9723826,-0.00635612,0.2333066,-2.615261,0.2489805,0.3315926,-34.74715,0.7773842,0.4371605,-0.6032611,-0.651996,-0.4593229,-1.951218,0.4379556,-0.07209778,-34.7573,0.8433627,0.8989868,-0.7350705,-0.5747788,0.3595845,-3.419781,0.7527798,0.6268501,-0.1542437
1736099892618,-34.68924,1.599845,0.6979904,-0.9723826,-0.00635612,0.2333066,0,0,0,-34.74715,0.7773842,0.4371605,-0.6032611,-0.651996,-0.4593229,0,0,0,-34.7573,0.8433627,0.8989868,-0.7350705,-0.5747788,0.3595845,0,0,0,-0.1542437
1736099892640,-34.72382,1.603083,0.7018089,-0.9731293,-0.01340795,0.2298698,-2.593803,0.2428472,0.2863884,-34.77296,0.7809387,0.4391403,-0.5579079,-0.6736946,-0.4846392,-1.935482,0.2665892,0.1484871,-34.80259,0.8531233,0.9047737,-0.7412509,-0.5593588,0.3710322,-3.396606,0.7320464,0.4340172,-0.1542437
1736099892645,-34.72382,1.603083,0.7018089,-0.9731293,-0.01340795,0.2298698,0,0,0,-34.77296,0.7809387,0.4391403,-0.5579079,-0.6736946,-0.4846392,0,0,0,-34.80259,0.8531233,0.9047737,-0.7412509,-0.5593588,0.3710322,0,0,0,-0.1542437
1736099892668,-34.75858,1.604645,0.7052841,-0.9737509,-0.009861041,0.227403,-2.606678,0.1170963,0.2606392,-34.80005,0.7807393,0.4433594,-0.5544953,-0.6769113,-0.4840729,-2.032185,-0.01495332,0.3164291,-34.84764,0.8623754,0.9070854,-0.7594261,-0.5444878,0.3560975,-3.379154,0.6939054,0.173378,-0.1542437
1736099892673,-34.75858,1.604645,0.7052841,-0.9737509,-0.009861041,0.227403,0,0,0,-34.80005,0.7807393,0.4433594,-0.5544953,-0.6769113,-0.4840729,0,0,0,-34.84764,0.8623754,0.9070854,-0.7594261,-0.5444878,0.3560975,0,0,0,-0.1542437
1736099892696,-34.79379,1.604441,0.7086716,-0.9749364,-0.002261888,0.2224724,-2.640724,-0.01528859,0.2540588,-34.82899,0.7784138,0.4468613,-0.559642,-0.6732241,-0.4832916,-2.170372,-0.1744106,0.2626419,-34.89156,0.8698144,0.9081917,-0.7828211,-0.5286053,0.3282799,-3.29361,0.5579263,0.08296967,-0.1542437
1736099892701,-34.79379,1.604441,0.7086716,-0.9749364,-0.002261888,0.2224724,0,0,0,-34.82899,0.7784138,0.4468613,-0.559642,-0.6732241,-0.4832916,0,0,0,-34.89156,0.8698144,0.9081917,-0.7828211,-0.5286053,0.3282799,0,0,0,-0.1542437
1736099892724,-34.82907,1.602223,0.7114754,-0.9767976,0.003019631,0.2141442,-2.645874,-0.1663327,0.2102852,-34.85918,0.7739431,0.4487495,-0.5449563,-0.6745458,-0.4980063,-2.2645,-0.3353074,0.1416206,-34.93431,0.8749012,0.9091148,-0.8049356,-0.5121871,0.2995722,-3.206348,0.3815085,0.06923676,-0.1542437
1736099892729,-34.82907,1.602223,0.7114754,-0.9767976,0.003019631,0.2141442,0,0,0,-34.85918,0.7739431,0.4487495,-0.5449563,-0.6745458,-0.4980063,0,0,0,-34.93431,0.8749012,0.9091148,-0.8049356,-0.5121871,0.2995722,0,0,0,-0.1542437
1736099892751,-34.86519,1.598616,0.7142334,-0.9787543,0.007052258,0.2049158,-2.709389,-0.2704918,0.206852,-34.8909,0.7675278,0.4514542,-0.5218969,-0.6776864,-0.5180399,-2.378654,-0.4811436,0.2028465,-34.97698,0.876901,0.9105682,-0.8205958,-0.4990742,0.2784741,-3.200626,0.1499891,0.109005,-0.1542437
1736099892757,-34.86519,1.598616,0.7142334,-0.9787543,0.007052258,0.2049158,0,0,0,-34.8909,0.7675278,0.4514542,-0.5218969,-0.6776864,-0.5180399,0,0,0,-34.97698,0.876901,0.9105682,-0.8205958,-0.4990742,0.2784741,0,0,0,-0.1542437
1736099892762,-34.86519,1.598616,0.7142334,-0.9787543,0.007052258,0.2049158,0,0,0,-34.8909,0.7675278,0.4514542,-0.5218969,-0.6776864,-0.5180399,0,0,0,-34.97698,0.876901,0.9105682,-0.8205958,-0.4990742,0.2784741,0,0,0,-0.1542437
1736099892779,-34.90182,1.594072,0.7168312,-0.9807768,0.009660538,0.1948945,-2.746868,-0.3408462,0.1948357,-34.92376,0.7593411,0.456234,-0.500576,-0.6854447,-0.5287626,-2.464485,-0.6140068,0.3584862,-35.0192,0.8749646,0.9128723,-0.8287957,-0.4905768,0.2691328,-3.166294,-0.1452327,0.1728058,-0.1542437
1736099892785,-34.90182,1.594072,0.7168312,-0.9807768,0.009660538,0.1948945,0,0,0,-34.92376,0.7593411,0.456234,-0.500576,-0.6854447,-0.5287626,0,0,0,-35.0192,0.8749646,0.9128723,-0.8287957,-0.4905768,0.2691328,0,0,0,-0.1542437
1736099892807,-34.93874,1.588343,0.7190514,-0.9824858,0.01540369,0.1857008,-2.76947,-0.4296541,0.1665115,-34.95523,0.7515693,0.4610634,-0.4832387,-0.692102,-0.5361676,-2.360058,-0.5828843,0.3622055,-35.05922,0.8724127,0.9151955,-0.8355545,-0.4830908,0.2616718,-3.001785,-0.1913935,0.1742363,-0.1542437
1736099892813,-34.93874,1.588343,0.7190514,-0.9824858,0.01540369,0.1857008,0,0,0,-34.95523,0.7515693,0.4610634,-0.4832387,-0.692102,-0.5361676,0,0,0,-35.05922,0.8724127,0.9151955,-0.8355545,-0.4830908,0.2616718,0,0,0,-0.1542437
1736099892833,-34.97657,1.583734,0.7212143,-0.9838068,0.01584128,0.1785318,-2.836704,-0.3456831,0.16222,-34.99014,0.7418214,0.4674988,-0.4717503,-0.6994379,-0.5368787,-2.618122,-0.7310897,0.4826546,-35.09812,0.8674383,0.9178963,-0.8399906,-0.4778492,0.2570531,-2.917099,-0.3730774,0.2025604,-0.1542437
1736099892839,-34.97657,1.583734,0.7212143,-0.9838068,0.01584128,0.1785318,0,0,0,-34.99014,0.7418214,0.4674988,-0.4717503,-0.6994379,-0.5368787,0,0,0,-35.09812,0.8674383,0.9178963,-0.8399906,-0.4778492,0.2570531,0,0,0,-0.1542437
1736099892861,-35.01482,1.579501,0.7232056,-0.9841189,0.01910142,0.1764812,-2.868748,-0.3174752,0.1493454,-35.02606,0.7324854,0.4747314,-0.4641609,-0.7097995,-0.5298491,-2.694225,-0.7002041,0.54245,-35.13496,0.8627654,0.9217148,-0.8413468,-0.4735757,0.2605033,-2.76289,-0.3504664,0.2863884,-0.1542437
1736099892867,-35.01482,1.579501,0.7232056,-0.9841189,0.01910142,0.1764812,0,0,0,-35.02606,0.7324854,0.4747314,-0.4641609,-0.7097995,-0.5298491,0,0,0,-35.13496,0.8627654,0.9217148,-0.8413468,-0.4735757,0.2605033,0,0,0,-0.1542437
1736099892889,-35.05311,1.575647,0.7244263,-0.9835856,0.02210164,0.1790844,-2.872181,-0.2890527,0.09155273,-35.06434,0.7253132,0.4822006,-0.4601663,-0.722156,-0.5164671,-2.871323,-0.5379081,0.5601883,-35.16931,0.8576808,0.9265251,-0.8348778,-0.4775761,0.273679,-2.576351,-0.3813475,0.360775,-0.1542437
1736099892895,-35.05311,1.575647,0.7244263,-0.9835856,0.02210164,0.1790844,0,0,0,-35.06434,0.7253132,0.4822006,-0.4601663,-0.722156,-0.5164671,0,0,0,-35.16931,0.8576808,0.9265251,-0.8348778,-0.4775761,0.273679,0,0,0,-0.1542437
1736099892918,-35.09317,1.58462,0.7269211,-0.9835677,0.007045303,0.1804029,-3.004646,0.6729394,0.1871109,-35.10532,0.7234582,0.4887581,-0.459395,-0.7282817,-0.5084906,-3.073025,-0.1391307,0.4918098,-35.20047,0.8524907,0.932415,-0.820355,-0.4909928,0.2931622,-2.33717,-0.3892601,0.4417419,-0.1542437
1736099892923,-35.09317,1.58462,0.7269211,-0.9835677,0.007045303,0.1804029,0,0,0,-35.10532,0.7234582,0.4887581,-0.459395,-0.7282817,-0.5084906,0,0,0,-35.20047,0.8524907,0.932415,-0.820355,-0.4909928,0.2931622,0,0,0,-0.1542437
1736099892945,-35.13251,1.587659,0.7289238,-0.9800582,0.007475477,0.1985705,-2.950287,0.2279967,0.1502037,-35.1462,0.7312186,0.4957886,-0.4587435,-0.7357358,-0.498245,-3.066444,0.5820304,0.5272865,-35.22518,0.8470883,0.9395485,-0.7817594,-0.5269489,0.3334326,-1.853085,-0.4051745,0.5350113,-0.1542437
1736099892951,-35.13251,1.587659,0.7289238,-0.9800582,0.007475477,0.1985705,0,0,0,-35.1462,0.7312186,0.4957886,-0.4587435,-0.7357358,-0.498245,0,0,0,-35.22518,0.8470883,0.9395485,-0.7817594,-0.5269489,0.3334326,0,0,0,-0.1542437
1736099892973,-35.16935,1.591352,0.7318153,-0.9799395,0.003991161,0.1992562,-2.762604,0.2769381,0.2168655,-35.19107,0.7420005,0.5047531,-0.4952509,-0.7282884,-0.4736278,-3.365135,0.8086458,0.6723404,-35.24941,0.845638,0.9431572,-0.7496963,-0.5598606,0.3528624,-1.817322,-0.1087725,0.2706528,-0.1542437
1736099892978,-35.16935,1.591352,0.7318153,-0.9799395,0.003991161,0.1992562,0,0,0,-35.19107,0.7420005,0.5047531,-0.4952509,-0.7282884,-0.4736278,0,0,0,-35.24941,0.845638,0.9431572,-0.7496963,-0.5598606,0.3528624,0,0,0,-0.1542437
1736099893001,-35.20543,1.594779,0.7364464,-0.9803295,-0.01036488,0.197096,-2.706528,0.2570182,0.3473282,-35.24104,0.7538376,0.5158768,-0.5659606,-0.7082924,-0.4219141,-3.747368,0.8877799,0.8342743,-35.27638,0.8492262,0.9447403,-0.7474475,-0.5738669,0.3346631,-2.023029,0.269115,0.1187325,-0.1542437
1736099893007,-35.20543,1.594779,0.7364464,-0.9803295,-0.01036488,0.197096,0,0,0,-35.24104,0.7538376,0.5158768,-0.5659606,-0.7082924,-0.4219141,0,0,0,-35.27638,0.8492262,0.9447403,-0.7474475,-0.5738669,0.3346631,0,0,0,-0.1542437
1736099893029,-35.24166,1.600659,0.7415695,-0.9791361,-0.008859543,0.2030126,-2.716827,0.440982,0.3842354,-35.28994,0.7651018,0.5238724,-0.6209573,-0.6863753,-0.3785524,-3.667545,0.8448154,0.5996704,-35.30249,0.8530786,0.9484596,-0.7568171,-0.5738384,0.3129498,-1.957798,0.2889276,0.2789497,-0.1542437
1736099893035,-35.24166,1.600659,0.7415695,-0.9791361,-0.008859543,0.2030126,0,0,0,-35.28994,0.7651018,0.5238724,-0.6209573,-0.6863753,-0.3785524,0,0,0,-35.30249,0.8530786,0.9484596,-0.7568171,-0.5738384,0.3129498,0,0,0,-0.1542437
1736099893057,-35.27709,1.605927,0.7476349,-0.9783016,-0.008793205,0.2069996,-2.657318,0.3950983,0.4549026,-35.33863,0.7776222,0.530304,-0.6519275,-0.6635129,-0.3670722,-3.65181,0.9390324,0.4823685,-35.32808,0.8552496,0.956295,-0.7502189,-0.5770155,0.3228388,-1.919746,0.162828,0.5876541,-0.1543936
1736099893063,-35.27709,1.605927,0.7476349,-0.9783016,-0.008793205,0.2069996,0,0,0,-35.33863,0.7776222,0.530304,-0.6519275,-0.6635129,-0.3670722,0,0,0,-35.32808,0.8552496,0.956295,-0.7502189,-0.5770155,0.3228388,0,0,0,-0.1543936
1736099893067,-35.27709,1.605927,0.7476349,-0.9783016,-0.008793205,0.2069996,0,0,0,-35.33863,0.7776222,0.530304,-0.6519275,-0.6635129,-0.3670722,0,0,0,-35.32808,0.8552496,0.956295,-0.7502189,-0.5770155,0.3228388,0,0,0,-0.1543936
1736099893085,-35.31143,1.606389,0.7539253,-0.9773088,-0.01671731,0.2111592,-2.575493,0.0346452,0.4717827,-35.38784,0.7864316,0.5356674,-0.6667961,-0.6449032,-0.3734746,-3.691292,0.6606996,0.4022598,-35.3549,0.8540262,0.9670067,-0.7198516,-0.5905476,0.364784,-2.011013,-0.09175837,0.8033752,-0.1574695
1736099893090,-35.31143,1.606389,0.7539253,-0.9773088,-0.01671731,0.2111592,0,0,0,-35.38784,0.7864316,0.5356674,-0.6667961,-0.6449032,-0.3734746,0,0,0,-35.3549,0.8540262,0.9670067,-0.7198516,-0.5905476,0.364784,0,0,0,-0.1574695
1736099893111,-35.34553,1.605897,0.760746,-0.9759965,-0.02124935,0.2167476,-2.557755,-0.03687143,0.5115509,-35.43513,0.7931966,0.5423889,-0.6830207,-0.6285981,-0.3719511,-3.546524,0.5073801,0.5041122,-35.38148,0.8509858,0.9763908,-0.692205,-0.6039557,0.3950821,-1.994133,-0.2280325,0.7038116,-0.1607388
1736099893119,-35.34553,1.605897,0.760746,-0.9759965,-0.02124935,0.2167476,0,0,0,-35.43513,0.7931966,0.5423889,-0.6830207,-0.6285981,-0.3719511,0,0,0,-35.38148,0.8509858,0.9763908,-0.692205,-0.6039557,0.3950821,0,0,0,-0.1607388
1736099893139,-35.37956,1.60595,0.7677879,-0.975014,-0.0182788,0.2213907,-2.552032,0.003951788,0.5281448,-35.48168,0.8006786,0.5510254,-0.704555,-0.6142274,-0.3554261,-3.491306,0.5611494,0.6477356,-35.40842,0.8478373,0.98386,-0.6770868,-0.6125209,0.4078869,-2.020168,-0.2361327,0.5601883,-0.1619496
1736099893145,-35.37956,1.60595,0.7677879,-0.975014,-0.0182788,0.2213907,0,0,0,-35.48168,0.8006786,0.5510254,-0.704555,-0.6142274,-0.3554261,0,0,0,-35.40842,0.8478373,0.98386,-0.6770868,-0.6125209,0.4078869,0,0,0,-0.1619496
1736099893167,-35.41348,1.606011,0.7747116,-0.9742885,-0.01418802,0.2248572,-2.544308,0.004595518,0.5192757,-35.52724,0.8080841,0.5600243,-0.7329773,-0.5940983,-0.3313496,-3.41692,0.5554095,0.6749153,-35.43576,0.8437886,0.9913597,-0.6697395,-0.6189365,0.4103253,-2.050781,-0.3036529,0.5624771,-0.1619928
1736099893173,-35.41348,1.606011,0.7747116,-0.9742885,-0.01418802,0.2248572,0,0,0,-35.52724,0.8080841,0.5600243,-0.7329773,-0.5940983,-0.3313496,0,0,0,-35.43576,0.8437886,0.9913597,-0.6697395,-0.6189365,0.4103253,0,0,0,-0.1619928
1736099893195,-35.44774,1.603188,0.7819633,-0.9735903,-0.01228256,0.2279725,-2.569199,-0.2117336,0.5438805,-35.57285,0.8132617,0.5690041,-0.7599788,-0.5707256,-0.3109744,-3.420925,0.3883258,0.6734848,-35.46558,0.8384941,0.9999619,-0.6616304,-0.6239318,0.415878,-2.236176,-0.3970921,0.6451607,-0.1619928
1736099893201,-35.44774,1.603188,0.7819633,-0.9735903,-0.01228256,0.2279725,0,0,0,-35.57285,0.8132617,0.5690041,-0.7599788,-0.5707256,-0.3109744,0,0,0,-35.46558,0.8384941,0.9999619,-0.6616304,-0.6239318,0.415878,0,0,0,-0.1619928
1736099893223,-35.48234,1.598982,0.7897911,-0.9733291,-0.01167116,0.2291166,-2.595234,-0.3154635,0.5870819,-35.61766,0.8155971,0.5780258,-0.7793026,-0.5518311,-0.2969353,-3.360558,0.1751527,0.6766319,-35.4975,0.8323351,1.009129,-0.6500448,-0.6278967,0.4280044,-2.393818,-0.4619256,0.6875038,-0.1619928
1736099893229,-35.48234,1.598982,0.7897911,-0.9733291,-0.01167116,0.2291166,0,0,0,-35.61766,0.8155971,0.5780258,-0.7793026,-0.5518311,-0.2969353,0,0,0,-35.4975,0.8323351,1.009129,-0.6500448,-0.6278967,0.4280044,0,0,0,-0.1619928
1736099893251,-35.51726,1.593547,0.7977066,-0.9736261,-0.0110251,0.2278837,-2.61898,-0.4075706,0.5936623,-35.66035,0.8153735,0.5853081,-0.7927885,-0.5358298,-0.2904704,-3.202057,-0.01676828,0.5461693,-35.53126,0.8259417,1.018288,-0.6417649,-0.6285502,0.4393889,-2.532291,-0.4794985,0.6869316,-0.1619928
1736099893257,-35.51726,1.593547,0.7977066,-0.9736261,-0.0110251,0.2278837,0,0,0,-35.66035,0.8153735,0.5853081,-0.7927885,-0.5358298,-0.2904704,0,0,0,-35.53126,0.8259417,1.018288,-0.6417649,-0.6285502,0.4393889,0,0,0,-0.1619928
1736099893279,-35.55309,1.58731,0.8058167,-0.9741758,-0.006404981,0.2257004,-2.687073,-0.467813,0.6082535,-35.70111,0.8138721,0.5906219,-0.7997972,-0.5218399,-0.2966619,-3.056717,-0.1126081,0.3985405,-35.56681,0.8183455,1.026848,-0.6361977,-0.6289167,0.4468964,-2.666473,-0.5697191,0.6420135,-0.1619928
1736099893284,-35.55309,1.58731,0.8058167,-0.9741758,-0.006404981,0.2257004,0,0,0,-35.70111,0.8138721,0.5906219,-0.7997972,-0.5218399,-0.2966619,0,0,0,-35.56681,0.8183455,1.026848,-0.6361977,-0.6289167,0.4468964,0,0,0,-0.1619928
1736099893307,-35.58971,1.581478,0.8144531,-0.9755969,-0.005202189,0.2195082,-2.746582,-0.4374146,0.6477356,-35.74006,0.8086729,0.5953751,-0.7960092,-0.5174907,-0.3139642,-2.920818,-0.3899395,0.3564835,-35.60385,0.8094803,1.033974,-0.637102,-0.6306871,0.443097,-2.777767,-0.6648883,0.5344391,-0.1619928
1736099893312,-35.58971,1.581478,0.8144531,-0.9755969,-0.005202189,0.2195082,0,0,0,-35.74006,0.8086729,0.5953751,-0.7960092,-0.5174907,-0.3139642,0,0,0,-35.60385,0.8094803,1.033974,-0.637102,-0.6306871,0.443097,0,0,0,-0.1619928
1736099893335,-35.62647,1.576127,0.8232918,-0.9771478,-0.007546131,0.2124277,-2.756882,-0.4013211,0.662899,-35.77499,0.8021597,0.5997963,-0.7866285,-0.5202265,-0.332536,-2.619839,-0.4884884,0.3315926,-35.64265,0.8015587,1.040787,-0.6399594,-0.6341503,0.433942,-2.910233,-0.5941227,0.5109787,-0.1619928
1736099893340,-35.62647,1.576127,0.8232918,-0.9771478,-0.007546131,0.2124277,0,0,0,-35.77499,0.8021597,0.5997963,-0.7866285,-0.5202265,-0.332536,0,0,0,-35.64265,0.8015587,1.040787,-0.6399594,-0.6341503,0.433942,0,0,0,-0.1619928
1736099893363,-35.66298,1.571269,0.8317833,-0.9786651,-0.00948051,0.2052439,-2.738571,-0.3643602,0.6368637,-35.80705,0.7949609,0.6034431,-0.771077,-0.5299606,-0.3529618,-2.40469,-0.5399153,0.2735138,-35.68383,0.7957723,1.04805,-0.6410081,-0.6373451,0.4276683,-3.088188,-0.4339769,0.5447388,-0.1619928
1736099893368,-35.66298,1.571269,0.8317833,-0.9786651,-0.00948051,0.2052439,0,0,0,-35.80705,0.7949609,0.6034431,-0.771077,-0.5299606,-0.3529618,0,0,0,-35.68383,0.7957723,1.04805,-0.6410081,-0.6373451,0.4276683,0,0,0,-0.1619928
1736099893390,-35.70095,1.573359,0.8409309,-0.9817724,-0.02937398,0.1877779,-2.84729,0.1567483,0.6860733,-35.83702,0.7882283,0.6058159,-0.7496787,-0.5458559,-0.3741982,-2.248192,-0.5049437,0.1779556,-35.7266,0.7924854,1.055511,-0.6425187,-0.6363238,0.4269214,-3.208065,-0.2465174,0.5596161,-0.1619928
1736099893396,-35.70095,1.573359,0.8409309,-0.9817724,-0.02937398,0.1877779,0,0,0,-35.83702,0.7882283,0.6058159,-0.7496787,-0.5458559,-0.3741982,0,0,0,-35.7266,0.7924854,1.055511,-0.6425187,-0.6363238,0.4269214,0,0,0,-0.1619928
1736099893401,-35.70095,1.573359,0.8409309,-0.9817724,-0.02937398,0.1877779,0,0,0,-35.83702,0.7882283,0.6058159,-0.7496787,-0.5458559,-0.3741982,0,0,0,-35.7266,0.7924854,1.055511,-0.6425187,-0.6363238,0.4269214,0,0,0,-0.1619928
1736099893418,-35.739,1.579355,0.8481979,-0.9829982,-0.02368518,0.1820819,-2.85387,0.4497349,0.5450249,-35.85983,0.7844857,0.6038132,-0.7053898,-0.5618693,-0.4321213,-1.71032,-0.2806932,-0.1502037,-35.76688,0.7920094,1.061928,-0.6284245,-0.6501208,0.4271135,-3.020668,-0.0357002,0.4812241,-0.1619928
1736099893424,-35.739,1.579355,0.8481979,-0.9829982,-0.02368518,0.1820819,0,0,0,-35.85983,0.7844857,0.6038132,-0.7053898,-0.5618693,-0.4321213,0,0,0,-35.76688,0.7920094,1.061928,-0.6284245,-0.6501208,0.4271135,0,0,0,-0.1619928
1736099893446,-35.77597,1.580926,0.8542252,-0.9839054,-0.01134844,0.1783302,-2.772617,0.1178384,0.4520416,-35.88047,0.7814973,0.6052208,-0.6484658,-0.5962841,-0.4732208,-1.548386,-0.2241299,0.1055717,-35.80692,0.7948248,1.065269,-0.6296658,-0.6596673,0.4103174,-3.003216,0.2111524,0.2506256,-0.1619928
1736099893451,-35.77597,1.580926,0.8542252,-0.9839054,-0.01134844,0.1783302,0,0,0,-35.88047,0.7814973,0.6052208,-0.6484658,-0.5962841,-0.4732208,0,0,0,-35.80692,0.7948248,1.065269,-0.6296658,-0.6596673,0.4103174,0,0,0,-0.1619928
1736099893471,-35.81169,1.583199,0.8589325,-0.9857401,-0.02433179,0.1665079,-2.679062,0.1704454,0.3530502,-35.90225,0.7811956,0.6114883,-0.6175908,-0.6311042,-0.4693501,-1.633072,-0.02262443,0.4700661,-35.85534,0.8063891,1.067284,-0.6722991,-0.6335202,0.3829704,-3.631496,0.8673236,0.151062,-0.1619928
1736099893476,-35.81169,1.583199,0.8589325,-0.9857401,-0.02433179,0.1665079,0,0,0,-35.90225,0.7811956,0.6114883,-0.6175908,-0.6311042,-0.4693501,0,0,0,-35.85534,0.8063891,1.067284,-0.6722991,-0.6335202,0.3829704,0,0,0,-0.1619928
1736099893499,-35.84906,1.58642,0.8626633,-0.9874458,-0.03760822,0.1534167,-2.802658,0.2415597,0.279808,-35.92457,0.7819421,0.617466,-0.6275825,-0.6374046,-0.447053,-1.674271,0.05598217,0.4483223,-35.90011,0.8164853,1.069115,-0.7079137,-0.6155223,0.346397,-3.35741,0.7572189,0.1373291,-0.1619928
1736099893505,-35.84906,1.58642,0.8626633,-0.9874458,-0.03760822,0.1534167,0,0,0,-35.92457,0.7819421,0.617466,-0.6275825,-0.6374046,-0.447053,0,0,0,-35.90011,0.8164853,1.069115,-0.7079137,-0.6155223,0.346397,0,0,0,-0.1619928
1736099893528,-35.8856,1.592271,0.8653984,-0.9890801,-0.03828736,0.1423193,-2.740574,0.4388273,0.2051353,-35.9466,0.7847929,0.6206856,-0.641423,-0.6336108,-0.4325671,-1.652241,0.2138123,0.2414703,-35.94395,0.8254735,1.072258,-0.7271487,-0.6105326,0.3138549,-3.28846,0.6741107,0.2357483,-0.1619928
1736099893533,-35.8856,1.592271,0.8653984,-0.9890801,-0.03828736,0.1423193,0,0,0,-35.9466,0.7847929,0.6206856,-0.641423,-0.6336108,-0.4325671,0,0,0,-35.94395,0.8254735,1.072258,-0.7271487,-0.6105326,0.3138549,0,0,0,-0.1619928
1736099893556,-35.92208,1.597018,0.8704453,-0.9902411,-0.03758481,0.1342019,-2.735996,0.3560543,0.3785133,-35.97049,0.7893401,0.6191597,-0.6168323,-0.6426318,-0.4544697,-1.791286,0.3410429,-0.1144409,-35.98845,0.8359709,1.078053,-0.7325041,-0.5948684,0.3310128,-3.336811,0.7873088,0.4345894,-0.1619928
1736099893561,-35.92208,1.597018,0.8704453,-0.9902411,-0.03758481,0.1342019,0,0,0,-35.97049,0.7893401,0.6191597,-0.6168323,-0.6426318,-0.4544697,0,0,0,-35.98845,0.8359709,1.078053,-0.7325041,-0.5948684,0.3310128,0,0,0,-0.1619928
1736099893584,-35.95831,1.599892,0.8749542,-0.9917428,-0.03873687,0.1222531,-2.717113,0.2155423,0.3381729,-35.99545,0.7896398,0.6182365,-0.5639404,-0.666989,-0.486926,-1.872253,0.02247691,-0.06923676,-36.03346,0.8462732,1.081799,-0.7370549,-0.5812286,0.3448527,-3.376293,0.7726684,0.2809525,-0.1619928
1736099893589,-35.95831,1.599892,0.8749542,-0.9917428,-0.03873687,0.1222531,0,0,0,-35.99545,0.7896398,0.6182365,-0.5639404,-0.666989,-0.486926,0,0,0,-36.03346,0.8462732,1.081799,-0.7370549,-0.5812286,0.3448527,0,0,0,-0.1619928
1736099893612,-35.99401,1.601476,0.8767471,-0.9931197,-0.03519708,0.1116893,-2.677917,0.1187861,0.1344681,-36.02003,0.7891503,0.6194916,-0.540548,-0.6794302,-0.4961687,-1.843357,-0.03671497,0.09412766,-36.07911,0.8554076,1.08448,-0.7517275,-0.5707136,0.3304423,-3.4235,0.6850809,0.2011299,-0.1619928
1736099893617,-35.99401,1.601476,0.8767471,-0.9931197,-0.03519708,0.1116893,0,0,0,-36.02003,0.7891503,0.6194916,-0.540548,-0.6794302,-0.4961687,0,0,0,-36.07911,0.8554076,1.08448,-0.7517275,-0.5707136,0.3304423,0,0,0,-0.1619928
1736099893640,-36.03084,1.600224,0.8804665,-0.9942951,-0.03171207,0.101842,-2.762318,-0.09388626,0.2789497,-36.04681,0.7855286,0.6204987,-0.5341327,-0.6808947,-0.5010841,-2.008724,-0.2716273,0.07553101,-36.12238,0.8609853,1.082386,-0.7738087,-0.5592856,0.2973551,-3.244972,0.4183263,-0.1570702,-0.1619928
1736099893645,-36.03084,1.600224,0.8804665,-0.9942951,-0.03171207,0.101842,0,0,0,-36.04681,0.7855286,0.6204987,-0.5341327,-0.6808947,-0.5010841,0,0,0,-36.12238,0.8609853,1.082386,-0.7738087,-0.5592856,0.2973551,0,0,0,-0.1619928
1736099893668,-36.06672,1.597001,0.8803978,-0.9953046,-0.0324895,0.09117985,-2.690506,-0.2416939,-0.005149841,-36.07602,0.7799157,0.6205902,-0.51918,-0.683197,-0.5135121,-2.190685,-0.4209682,0.006866455,-36.16595,0.8645294,1.084736,-0.7936221,-0.5483624,0.2635582,-3.26786,0.2658069,0.176239,-0.1619928
1736099893673,-36.06672,1.597001,0.8803978,-0.9953046,-0.0324895,0.09117985,0,0,0,-36.07602,0.7799157,0.6205902,-0.51918,-0.683197,-0.5135121,0,0,0,-36.16595,0.8645294,1.084736,-0.7936221,-0.5483624,0.2635582,0,0,0,-0.1619928
1736099893696,-36.10399,1.592489,0.879818,-0.9961478,-0.03539361,0.08023399,-2.795506,-0.3384233,-0.04348755,-36.10635,0.7728748,0.6214676,-0.4988939,-0.6862152,-0.5293524,-2.274513,-0.5280644,0.06580353,-36.20903,0.8642303,1.085472,-0.8079568,-0.5390054,0.2380743,-3.230953,-0.02243221,0.05521774,-0.1619928
1736099893701,-36.10399,1.592489,0.879818,-0.9961478,-0.03539361,0.08023399,0,0,0,-36.10635,0.7728748,0.6214676,-0.4988939,-0.6862152,-0.5293524,0,0,0,-36.20903,0.8642303,1.085472,-0.8079568,-0.5390054,0.2380743,0,0,0,-0.1619928
1736099893723,-36.14012,1.586573,0.8791962,-0.9965629,-0.03873069,0.07323056,-2.709961,-0.4437268,-0.04663467,-36.13845,0.7642462,0.6246262,-0.4803706,-0.6946324,-0.5354717,-2.407551,-0.64715,0.2368927,-36.25129,0.8621401,1.085751,-0.8183962,-0.528849,0.2248257,-3.169441,-0.1567662,0.02088547,-0.1619928
1736099893729,-36.14012,1.586573,0.8791962,-0.9965629,-0.03873069,0.07323056,0,0,0,-36.13845,0.7642462,0.6246262,-0.4803706,-0.6946324,-0.5354717,0,0,0,-36.25129,0.8621401,1.085751,-0.8183962,-0.528849,0.2248257,0,0,0,-0.1619928
1736099893734,-36.14012,1.586573,0.8791962,-0.9965629,-0.03873069,0.07323056,0,0,0,-36.13845,0.7642462,0.6246262,-0.4803706,-0.6946324,-0.5354717,0,0,0,-36.25129,0.8621401,1.085751,-0.8183962,-0.528849,0.2248257,0,0,0,-0.1619928
1736099893750,-36.17768,1.580405,0.8768692,-0.9970215,-0.03786153,0.06719357,-2.817249,-0.4625738,-0.1745224,-36.17289,0.7562454,0.6282043,-0.4727463,-0.7027937,-0.5315943,-2.583218,-0.6000549,0.268364,-36.29412,0.8582251,1.086811,-0.8234137,-0.5210801,0.224646,-3.212643,-0.2936214,0.07953644,-0.1619928
1736099893756,-36.17768,1.580405,0.8768692,-0.9970215,-0.03786153,0.06719357,0,0,0,-36.17289,0.7562454,0.6282043,-0.4727463,-0.7027937,-0.5315943,0,0,0,-36.29412,0.8582251,1.086811,-0.8234137,-0.5210801,0.224646,0,0,0,-0.1619928
1736099893778,-36.2149,1.57463,0.8752136,-0.9973181,-0.03823209,0.06241202,-2.790928,-0.4331231,-0.1241684,-36.20602,0.7483467,0.6307716,-0.4664791,-0.7094191,-0.5283203,-2.484798,-0.5924016,0.1925468,-36.33364,0.8547287,1.08754,-0.8292764,-0.5126845,0.2223859,-2.96402,-0.2622306,0.05464554,-0.1619928
1736099893784,-36.2149,1.57463,0.8752136,-0.9973181,-0.03823209,0.06241202,0,0,0,-36.20602,0.7483467,0.6307716,-0.4664791,-0.7094191,-0.5283203,0,0,0,-36.33364,0.8547287,1.08754,-0.8292764,-0.5126845,0.2223859,0,0,0,-0.1619928
1736099893816,-36.25246,1.571119,0.873455,-0.9972367,-0.03539712,0.06531769,-2.817535,-0.2633393,-0.1318932,-36.24126,0.7407577,0.6329803,-0.4645152,-0.7156054,-0.5216658,-2.642727,-0.5691782,0.1656532,-36.3728,0.8499168,1.086864,-0.8307081,-0.5056894,0.232815,-2.937126,-0.3608912,-0.05064011,-0.1619928
1736099893822,-36.25246,1.571119,0.873455,-0.9972367,-0.03539712,0.06531769,0,0,0,-36.24126,0.7407577,0.6329803,-0.4645152,-0.7156054,-0.5216658,0,0,0,-36.3728,0.8499168,1.086864,-0.8307081,-0.5056894,0.232815,0,0,0,-0.1619928
1736099893856,-36.31001,1.570765,0.8699951,-0.9966757,-0.04237082,0.06958818,-4.315567,-0.02650023,-0.2594948,-36.30048,0.734186,0.6342773,-0.4661042,-0.7243389,-0.508016,-4.442024,-0.4928783,0.09727478,-36.42548,0.8434252,1.088478,-0.8195391,-0.5129578,0.2554024,-3.950787,-0.4868746,0.1210213,-0.1619928
1736099893861,-36.31001,1.570765,0.8699951,-0.9966757,-0.04237082,0.06958818,0,0,0,-36.30048,0.734186,0.6342773,-0.4661042,-0.7243389,-0.508016,0,0,0,-36.42548,0.8434252,1.088478,-0.8195391,-0.5129578,0.2554024,0,0,0,-0.1619928
1736099893866,-36.31001,1.570765,0.8699951,-0.9966757,-0.04237082,0.06958818,0,0,0,-36.30048,0.734186,0.6342773,-0.4661042,-0.7243389,-0.508016,0,0,0,-36.42548,0.8434252,1.088478,-0.8195391,-0.5129578,0.2554024,0,0,0,-0.1619928
1736099893885,-36.36887,1.581755,0.8667297,-0.9961722,-0.03066783,0.08185947,-4.415131,0.824216,-0.2449036,-36.36078,0.7444829,0.6332054,-0.4648677,-0.7271254,-0.5051607,-4.522419,0.7722661,-0.08039474,-36.46701,0.8387754,1.088245,-0.7787874,-0.5517776,0.2983819,-3.115082,-0.3487319,-0.01745224,-0.1619928
1736099893890,-36.36887,1.581755,0.8667297,-0.9961722,-0.03066783,0.08185947,0,0,0,-36.36078,0.7444829,0.6332054,-0.4648677,-0.7271254,-0.5051607,0,0,0,-36.46701,0.8387754,1.088245,-0.7787874,-0.5517776,0.2983819,0,0,0,-0.1619928
1736099893895,-36.36887,1.581755,0.8667297,-0.9961722,-0.03066783,0.08185947,0,0,0,-36.36078,0.7444829,0.6332054,-0.4648677,-0.7271254,-0.5051607,0,0,0,-36.46701,0.8387754,1.088245,-0.7787874,-0.5517776,0.2983819,0,0,0,-0.1619928
1736099893912,-36.4053,1.586707,0.8657188,-0.996802,-0.02990143,0.07410985,-2.731991,0.3714234,-0.07581711,-36.40294,0.7569805,0.6350441,-0.4988338,-0.7114642,-0.4949584,-3.161716,0.9373248,0.1379013,-36.49293,0.8387092,1.084827,-0.7475945,-0.5901731,0.3046284,-1.943779,-0.004962087,-0.2563477,-0.1619928
1736099893917,-36.4053,1.586707,0.8657188,-0.996802,-0.02990143,0.07410985,0,0,0,-36.40294,0.7569805,0.6350441,-0.4988338,-0.7114642,-0.4949584,0,0,0,-36.49293,0.8387092,1.084827,-0.7475945,-0.5901731,0.3046284,0,0,0,-0.1619928
1736099893940,-36.44104,1.590926,0.8656578,-0.9973103,-0.03506745,0.06436235,-2.680206,0.3164023,-0.004577637,-36.44653,0.7691051,0.6393013,-0.5509122,-0.6946942,-0.4624889,-3.269291,0.9093449,0.3192902,-36.52021,0.841325,1.078472,-0.7381395,-0.6148577,0.2776695,-2.046204,0.1961857,-0.4766464,-0.1619928
1736099893945,-36.44104,1.590926,0.8656578,-0.9973103,-0.03506745,0.06436235,0,0,0,-36.44653,0.7691051,0.6393013,-0.5509122,-0.6946942,-0.4624889,0,0,0,-36.52021,0.841325,1.078472,-0.7381395,-0.6148577,0.2776695,0,0,0,-0.1619928
1736099893968,-36.47798,1.596686,0.8649635,-0.9975034,-0.03299831,0.06243891,-2.770615,0.4320234,-0.05207062,-36.49259,0.7804168,0.6406631,-0.5932462,-0.6809331,-0.4294062,-3.454399,0.8483782,0.1021385,-36.54937,0.8473412,1.074188,-0.7539847,-0.6158212,0.2286294,-2.186394,0.4512101,-0.3212929,-0.1619928
1736099893973,-36.47798,1.596686,0.8649635,-0.9975034,-0.03299831,0.06243891,0,0,0,-36.49259,0.7804168,0.6406631,-0.5932462,-0.6809331,-0.4294062,0,0,0,-36.54937,0.8473412,1.074188,-0.7539847,-0.6158212,0.2286294,0,0,0,-0.1619928
1736099893997,-36.51411,1.602873,0.8675003,-0.9975569,-0.02642819,0.06467092,-2.709961,0.4639864,0.190258,-36.5393,0.7898542,0.6380653,-0.6017115,-0.6645773,-0.4430351,-3.503609,0.7078037,-0.1948357,-36.57845,0.8525661,1.074764,-0.756444,-0.613915,0.2256129,-2.18153,0.3918707,0.04320145,-0.1619928
1736099894001,-36.51411,1.602873,0.8675003,-0.9975569,-0.02642819,0.06467092,0,0,0,-36.5393,0.7898542,0.6380653,-0.6017115,-0.6645773,-0.4430351,0,0,0,-36.57845,0.8525661,1.074764,-0.756444,-0.613915,0.2256129,0,0,0,-0.1619928
1736099894025,-36.55027,1.604946,0.8707123,-0.9972063,-0.02471778,0.07049102,-2.71225,0.1555145,0.2408981,-36.58461,0.7961268,0.6363525,-0.5954255,-0.6556969,-0.4642518,-3.398037,0.4704461,-0.1284599,-36.60913,0.8564901,1.078899,-0.7359794,-0.6159652,0.2809293,-2.300835,0.2943009,0.3101349,-0.1629062
1736099894030,-36.55027,1.604946,0.8707123,-0.9972063,-0.02471778,0.07049102,0,0,0,-36.58461,0.7961268,0.6363525,-0.5954255,-0.6556969,-0.4642518,0,0,0,-36.60913,0.8564901,1.078899,-0.7359794,-0.6159652,0.2809293,0,0,0,-0.1629062
1736099894054,-36.58567,1.605822,0.874794,-0.9965143,-0.02728237,0.07883751,-2.655029,0.06567836,0.3061295,-36.62848,0.800943,0.6388779,-0.6061826,-0.6465582,-0.4631476,-3.290176,0.3612086,0.1893997,-36.63871,0.8578492,1.082191,-0.7182666,-0.6227679,0.3102475,-2.218437,0.1019329,0.2469063,-0.1644042
1736099894059,-36.58567,1.605822,0.874794,-0.9965143,-0.02728237,0.07883751,0,0,0,-36.62848,0.800943,0.6388779,-0.6061826,-0.6465582,-0.4631476,0,0,0,-36.63871,0.8578492,1.082191,-0.7182666,-0.6227679,0.3102475,0,0,0,-0.1644042
1736099894082,-36.62113,1.605018,0.8791695,-0.9957474,-0.02579905,0.08844233,-2.659035,-0.06031394,0.3281593,-36.67345,0.8061692,0.6448135,-0.6317551,-0.6377447,-0.4406445,-3.373146,0.3919691,0.4451752,-36.66838,0.8580158,1.083668,-0.7161038,-0.626232,0.308268,-2.22559,0.01249015,0.1107216,-0.1651318
1736099894087,-36.62113,1.605018,0.8791695,-0.9957474,-0.02579905,0.08844233,0,0,0,-36.67345,0.8061692,0.6448135,-0.6317551,-0.6377447,-0.4406445,0,0,0,-36.66838,0.8580158,1.083668,-0.7161038,-0.626232,0.308268,0,0,0,-0.1651318
1736099894111,-36.65667,1.603051,0.883812,-0.9951175,-0.02232753,0.09613943,-2.665901,-0.1475304,0.3481865,-36.71819,0.8104104,0.6498413,-0.6573731,-0.6271698,-0.4177552,-3.354836,0.3180921,0.3770828,-36.6989,0.8548238,1.088322,-0.7130008,-0.6288747,0.3100756,-2.288818,-0.2393961,0.3490448,-0.1651318
1736099894115,-36.65667,1.603051,0.883812,-0.9951175,-0.02232753,0.09613943,0,0,0,-36.71819,0.8104104,0.6498413,-0.6573731,-0.6271698,-0.4177552,0,0,0,-36.6989,0.8548238,1.088322,-0.7130008,-0.6288747,0.3100756,0,0,0,-0.1651318
1736099894139,-36.6916,1.599941,0.8887749,-0.9946149,-0.02006841,0.1016789,-2.619839,-0.233227,0.3722191,-36.76481,0.8143692,0.6553726,-0.6811233,-0.6105447,-0.4041125,-3.496742,0.2969071,0.4148483,-36.73123,0.8496984,1.094505,-0.706302,-0.6284021,0.3259577,-2.424431,-0.3844053,0.4637718,-0.1651318
1736099894144,-36.6916,1.599941,0.8887749,-0.9946149,-0.02006841,0.1016789,0,0,0,-36.76481,0.8143692,0.6553726,-0.6811233,-0.6105447,-0.4041125,0,0,0,-36.73123,0.8496984,1.094505,-0.706302,-0.6284021,0.3259577,0,0,0,-0.1651318
1736099894167,-36.72726,1.594939,0.8964958,-0.9941525,-0.01756366,0.1065487,-2.673912,-0.3751963,0.579071,-36.80943,0.8155987,0.6600456,-0.7003103,-0.5950768,-0.3942709,-3.346539,0.09221435,0.3504753,-36.76427,0.8432448,1.101513,-0.6941825,-0.6318604,0.3447657,-2.478218,-0.4840225,0.5255699,-0.1651318
1736099894172,-36.72726,1.594939,0.8964958,-0.9941525,-0.01756366,0.1065487,0,0,0,-36.80943,0.8155987,0.6600456,-0.7003103,-0.5950768,-0.3942709,0,0,0,-36.76427,0.8432448,1.101513,-0.6941825,-0.6318604,0.3447657,0,0,0,-0.1651318
1736099894178,-36.72726,1.594939,0.8964958,-0.9941525,-0.01756366,0.1065487,0,0,0,-36.80943,0.8155987,0.6600456,-0.7003103,-0.5950768,-0.3942709,0,0,0,-36.76427,0.8432448,1.101513,-0.6941825,-0.6318604,0.3447657,0,0,0,-0.1651318
1736099894195,-36.76326,1.589636,0.9025269,-0.9939117,-0.01066893,0.1096647,-2.699947,-0.3976643,0.4523277,-36.85445,0.8115586,0.6646423,-0.7103684,-0.5824189,-0.3951778,-3.376579,-0.3030092,0.3447533,-36.79984,0.8356177,1.109402,-0.6834581,-0.6337748,0.3622356,-2.667332,-0.5720347,0.5916595,-0.1651318
1736099894202,-36.76326,1.589636,0.9025269,-0.9939117,-0.01066893,0.1096647,0,0,0,-36.85445,0.8115586,0.6646423,-0.7103684,-0.5824189,-0.3951778,0,0,0,-36.79984,0.8356177,1.109402,-0.6834581,-0.6337748,0.3622356,0,0,0,-0.1651318
1736099894223,-36.79986,1.583338,0.9091377,-0.9938713,-0.004429597,0.1104562,-2.745438,-0.4723638,0.4958153,-36.89602,0.807449,0.6685143,-0.7146931,-0.5732066,-0.40081,-3.117657,-0.3082216,0.2903938,-36.8351,0.8281941,1.115837,-0.6761628,-0.6358826,0.3720986,-2.645016,-0.556764,0.4826546,-0.1651318
1736099894228,-36.79986,1.583338,0.9091377,-0.9938713,-0.004429597,0.1104562,0,0,0,-36.89602,0.807449,0.6685143,-0.7146931,-0.5732066,-0.40081,0,0,0,-36.8351,0.8281941,1.115837,-0.6761628,-0.6358826,0.3720986,0,0,0,-0.1651318
1736099894249,-36.83726,1.578398,0.9159966,-0.9941959,0.000275787,0.1075876,-2.804661,-0.3705472,0.5144119,-36.93555,0.801998,0.6722488,-0.7131447,-0.5677054,-0.4112608,-2.964878,-0.4088268,0.2800941,-36.87236,0.8203745,1.121529,-0.6758696,-0.6359951,0.3724391,-2.794647,-0.5864695,0.4268646,-0.1651318
1736099894254,-36.83726,1.578398,0.9159966,-0.9941959,0.000275787,0.1075876,0,0,0,-36.93555,0.801998,0.6722488,-0.7131447,-0.5677054,-0.4112608,0,0,0,-36.87236,0.8203745,1.121529,-0.6758696,-0.6359951,0.3724391,0,0,0,-0.1651318
1736099894278,-36.87541,1.574504,0.9225235,-0.9947941,0.005092975,0.1017808,-2.861595,-0.2920479,0.489521,-36.972,0.796157,0.6762352,-0.7049643,-0.5672262,-0.4257694,-2.733994,-0.4380718,0.2989769,-36.91116,0.8129392,1.127632,-0.6760312,-0.6387015,0.3674812,-2.90966,-0.5576536,0.4577637,-0.1651318
1736099894282,-36.87541,1.574504,0.9225235,-0.9947941,0.005092975,0.1017808,0,0,0,-36.972,0.796157,0.6762352,-0.7049643,-0.5672262,-0.4257694,0,0,0,-36.91116,0.8129392,1.127632,-0.6760312,-0.6387015,0.3674812,0,0,0,-0.1651318
1736099894306,-36.91345,1.57005,0.9286804,-0.9951074,0.009495184,0.09834325,-2.852726,-0.3339887,0.4617691,-37.00615,0.7907947,0.6801338,-0.6891176,-0.5714765,-0.4455698,-2.560902,-0.4021704,0.2923965,-36.95123,0.8073277,1.132885,-0.6735606,-0.6439179,0.3628858,-3.005219,-0.4208565,0.3939629,-0.1651318
1736099894310,-36.91345,1.57005,0.9286804,-0.9951074,0.009495184,0.09834325,0,0,0,-37.00615,0.7907947,0.6801338,-0.6891176,-0.5714765,-0.4455698,0,0,0,-36.95123,0.8073277,1.132885,-0.6735606,-0.6439179,0.3628858,0,0,0,-0.1651318
1736099894334,-36.95332,1.577482,0.9356575,-0.9962187,-0.01015041,0.08628738,-2.990341,0.5573988,0.5232811,-37.03795,0.7854441,0.6843567,-0.6708447,-0.5825607,-0.4589016,-2.385235,-0.4012942,0.3167152,-36.99427,0.8053913,1.139313,-0.6717946,-0.6475222,0.3597322,-3.228378,-0.1452371,0.4820824,-0.1651318
1736099894338,-36.95332,1.577482,0.9356575,-0.9962187,-0.01015041,0.08628738,0,0,0,-37.03795,0.7854441,0.6843567,-0.6708447,-0.5825607,-0.4589016,0,0,0,-36.99427,0.8053913,1.139313,-0.6717946,-0.6475222,0.3597322,0,0,0,-0.1651318
1736099894362,-36.99226,1.583455,0.9419861,-0.996312,0.008913398,0.08534318,-2.920818,0.4479378,0.4746437,-37.06339,0.7846996,0.6867523,-0.6320186,-0.591071,-0.5011871,-1.907444,-0.05583912,0.1796722,-37.03428,0.8078813,1.145557,-0.6567736,-0.6622404,0.3606749,-3.000069,0.1867533,0.4683495,-0.1651318
1736099894367,-36.99226,1.583455,0.9419861,-0.996312,0.008913398,0.08534318,0,0,0,-37.06339,0.7846996,0.6867523,-0.6320186,-0.591071,-0.5011871,0,0,0,-37.03428,0.8078813,1.145557,-0.6567736,-0.6622404,0.3606749,0,0,0,-0.1651318
1736099894390,-37.02969,1.584102,0.9463768,-0.9952142,0.02894013,0.09333748,-2.80695,0.04854798,0.3293037,-37.08748,0.7854489,0.6932182,-0.5763849,-0.6287261,-0.5220001,-1.807308,0.05619675,0.4849434,-37.07589,0.816038,1.148121,-0.6670801,-0.659137,0.3471926,-3.120804,0.6117538,0.1922607,-0.1651318
1736099894395,-37.02969,1.584102,0.9463768,-0.9952142,0.02894013,0.09333748,0,0,0,-37.08748,0.7854489,0.6932182,-0.5763849,-0.6287261,-0.5220001,0,0,0,-37.07589,0.816038,1.148121,-0.6670801,-0.659137,0.3471926,0,0,0,-0.1651318
1736099894418,-37.06606,1.586041,0.9507256,-0.9964291,0.00827767,0.08402878,-2.727699,0.1453847,0.3261566,-37.11477,0.7860964,0.7035179,-0.5618418,-0.6551573,-0.5050769,-2.046776,0.04856139,0.7724762,-37.12411,0.8294857,1.149063,-0.7088936,-0.6312507,0.3146308,-3.616905,1.008573,0.07066727,-0.1651318
1736099894424,-37.06606,1.586041,0.9507256,-0.9964291,0.00827767,0.08402878,0,0,0,-37.11477,0.7860964,0.7035179,-0.5618418,-0.6551573,-0.5050769,0,0,0,-37.12411,0.8294857,1.149063,-0.7088936,-0.6312507,0.3146308,0,0,0,-0.1651318
1736099894446,-37.10337,1.590683,0.9545593,-0.9973118,0.001174603,0.07326615,-2.798653,0.3482133,0.2875328,-37.14284,0.7879218,0.7128754,-0.5827388,-0.6527736,-0.4840485,-2.105141,0.1369044,0.7018089,-37.16952,0.8393431,1.15089,-0.7362438,-0.6205537,0.2699227,-3.405762,0.7393062,0.137043,-0.1651318
1736099894450,-37.10337,1.590683,0.9545593,-0.9973118,0.001174603,0.07326615,0,0,0,-37.14284,0.7879218,0.7128754,-0.5827388,-0.6527736,-0.4840485,0,0,0,-37.16952,0.8393431,1.15089,-0.7362438,-0.6205537,0.2699227,0,0,0,-0.1651318
1736099894455,-37.10337,1.590683,0.9545593,-0.9973118,0.001174603,0.07326615,0,0,0,-37.14284,0.7879218,0.7128754,-0.5827388,-0.6527736,-0.4840485,0,0,0,-37.16952,0.8393431,1.15089,-0.7362438,-0.6205537,0.2699227,0,0,0,-0.1651318
1736099894474,-37.14007,1.596106,0.9563141,-0.9978207,0.004393674,0.06583846,-2.752304,0.4067034,0.1316071,-37.17043,0.7926583,0.7194862,-0.5958089,-0.6476248,-0.4749675,-2.069378,0.3552362,0.4958153,-37.21369,0.8449541,1.157974,-0.7453769,-0.6123892,0.2634251,-3.312778,0.4208297,0.531292,-0.1651318
1736099894478,-37.14007,1.596106,0.9563141,-0.9978207,0.004393674,0.06583846,0,0,0,-37.17043,0.7926583,0.7194862,-0.5958089,-0.6476248,-0.4749675,0,0,0,-37.21369,0.8449541,1.157974,-0.7453769,-0.6123892,0.2634251,0,0,0,-0.1651318
1736099894501,-37.17604,1.600029,0.9568672,-0.9981714,0.001344893,0.06043458,-2.697372,0.2941847,0.04148483,-37.19813,0.79727,0.7232933,-0.5737549,-0.6578675,-0.4878687,-2.077389,0.3458798,0.2855301,-37.25784,0.8526819,1.163914,-0.7530285,-0.5914868,0.2882567,-3.311348,0.5795807,0.4454613,-0.1651318
1736099894506,-37.17604,1.600029,0.9568672,-0.9981714,0.001344893,0.06043458,0,0,0,-37.19813,0.79727,0.7232933,-0.5737549,-0.6578675,-0.4878687,0,0,0,-37.25784,0.8526819,1.163914,-0.7530285,-0.5914868,0.2882567,0,0,0,-0.1651318
1736099894528,-37.21106,1.603269,0.9566765,-0.9985672,-0.002988242,0.05343288,-2.626705,0.2430528,-0.01430511,-37.22617,0.8004593,0.7267265,-0.5336984,-0.6816292,-0.5005476,-2.102852,0.2391949,0.2574921,-37.30227,0.8596693,1.167927,-0.755161,-0.5755075,0.3138844,-3.332233,0.5240589,0.3009796,-0.1651318
1736099894532,-37.21106,1.603269,0.9566765,-0.9985672,-0.002988242,0.05343288,0,0,0,-37.22617,0.8004593,0.7267265,-0.5336984,-0.6816292,-0.5005476,0,0,0,-37.30227,0.8596693,1.167927,-0.755161,-0.5755075,0.3138844,0,0,0,-0.1651318
1736099894556,-37.24672,1.605217,0.9557991,-0.9988078,0.001503423,0.04879528,-2.67477,0.1460552,-0.06580353,-37.25497,0.8008402,0.7308693,-0.5248564,-0.692125,-0.4954686,-2.160358,0.02857,0.3107071,-37.34655,0.866689,1.167538,-0.7633247,-0.5666724,0.3101901,-3.320789,0.5264729,-0.02918243,-0.1651318
1736099894562,-37.24672,1.605217,0.9557991,-0.9988078,0.001503423,0.04879528,0,0,0,-37.25497,0.8008402,0.7308693,-0.5248564,-0.692125,-0.4954686,0,0,0,-37.34655,0.866689,1.167538,-0.7633247,-0.5666724,0.3101901,0,0,0,-0.1651318
1736099894584,-37.28238,1.604511,0.9543686,-0.9989842,0.007534999,0.04443395,-2.673912,-0.05289316,-0.1072884,-37.28524,0.7985659,0.732502,-0.5267133,-0.6937914,-0.4911485,-2.26965,-0.1705751,0.1224518,-37.3906,0.8735374,1.163357,-0.7825359,-0.5553378,0.2814917,-3.303623,0.5136341,-0.3135681,-0.1651318
1736099894589,-37.28238,1.604511,0.9543686,-0.9989842,0.007534999,0.04443395,0,0,0,-37.28524,0.7985659,0.732502,-0.5267133,-0.6937914,-0.4911485,0,0,0,-37.3906,0.8735374,1.163357,-0.7825359,-0.5553378,0.2814917,0,0,0,-0.1651318
1736099894612,-37.31789,1.601964,0.9523468,-0.9992588,0.00865161,0.03751457,-2.663612,-0.1910448,-0.1516342,-37.31761,0.7942537,0.7303848,-0.5128493,-0.69477,-0.5042624,-2.427864,-0.3234118,-0.1587868,-37.43321,0.8774679,1.158573,-0.8036171,-0.5411358,0.2477338,-3.196049,0.2947837,-0.3587723,-0.1651318
1736099894616,-37.31789,1.601964,0.9523468,-0.9992588,0.00865161,0.03751457,0,0,0,-37.31761,0.7942537,0.7303848,-0.5128493,-0.69477,-0.5042624,0,0,0,-37.43321,0.8774679,1.158573,-0.8036171,-0.5411358,0.2477338,0,0,0,-0.1651318
1736099894640,-37.35415,1.597955,0.9491348,-0.9995497,0.007869041,0.02896196,-2.719402,-0.3006577,-0.2408981,-37.35135,0.7881774,0.7270241,-0.4880673,-0.6931564,-0.5304009,-2.530289,-0.4557252,-0.2520561,-37.47719,0.8796355,1.152508,-0.8215461,-0.5276321,0.2160251,-3.298187,0.1625687,-0.4549026,-0.1651318
1736099894645,-37.35415,1.597955,0.9491348,-0.9995497,0.007869041,0.02896196,0,0,0,-37.35135,0.7881774,0.7270241,-0.4880673,-0.6931564,-0.5304009,0,0,0,-37.47719,0.8796355,1.152508,-0.8215461,-0.5276321,0.2160251,0,0,0,-0.1651318
1736099894668,-37.39035,1.59306,0.9463387,-0.9997215,0.01088062,0.02094823,-2.715397,-0.3671408,-0.209713,-37.38384,0.7806376,0.7242241,-0.4634643,-0.6981801,-0.5456614,-2.437019,-0.5654812,-0.2099991,-37.51937,0.8793614,1.147198,-0.8344482,-0.5160353,0.1934009,-3.163433,-0.02055466,-0.3982544,-0.1651318
1736099894672,-37.39035,1.59306,0.9463387,-0.9997215,0.01088062,0.02094823,0,0,0,-37.38384,0.7806376,0.7242241,-0.4634643,-0.6981801,-0.5456614,0,0,0,-37.51937,0.8793614,1.147198,-0.8344482,-0.5160353,0.1934009,0,0,0,-0.1651318
1736099894696,-37.42746,1.586532,0.9416199,-0.9998264,0.01315109,0.01321989,-2.782917,-0.4895836,-0.3539085,-37.41838,0.7723218,0.7221146,-0.4465058,-0.704306,-0.5518935,-2.59037,-0.6236896,-0.1582146,-37.56144,0.8772547,1.142487,-0.8444755,-0.5048721,0.1787895,-3.155708,-0.158,-0.3533363,-0.1651318
1736099894700,-37.42746,1.586532,0.9416199,-0.9998264,0.01315109,0.01321989,0,0,0,-37.41838,0.7723218,0.7221146,-0.4465058,-0.704306,-0.5518935,0,0,0,-37.56144,0.8772547,1.142487,-0.8444755,-0.5048721,0.1787895,0,0,0,-0.1651318
1736099894723,-37.46453,1.580733,0.9379921,-0.9999179,0.01024686,0.007696629,-2.780056,-0.4349381,-0.2720833,-37.45446,0.7619025,0.7197113,-0.4382558,-0.7069609,-0.5551023,-2.706242,-0.7814437,-0.1802444,-37.60387,0.8736941,1.138245,-0.8516146,-0.4932432,0.1773812,-3.181744,-0.2670497,-0.3181458,-0.1651318
1736099894728,-37.46453,1.580733,0.9379921,-0.9999179,0.01024686,0.007696629,0,0,0,-37.45446,0.7619025,0.7197113,-0.4382558,-0.7069609,-0.5551023,0,0,0,-37.60387,0.8736941,1.138245,-0.8516146,-0.4932432,0.1773812,0,0,0,-0.1651318
1736099894751,-37.50271,1.576804,0.9334373,-0.9999037,0.01092711,0.00857532,-2.863884,-0.2947032,-0.3416061,-37.49097,0.7520697,0.7171555,-0.4336061,-0.7118289,-0.5525265,-2.738285,-0.73746,-0.1916885,-37.64392,0.8703257,1.134502,-0.8576221,-0.4810721,0.1818078,-3.003788,-0.2526283,-0.2806664,-0.1651318
1736099894757,-37.50271,1.576804,0.9334373,-0.9999037,0.01092711,0.00857532,0,0,0,-37.49097,0.7520697,0.7171555,-0.4336061,-0.7118289,-0.5525265,0,0,0,-37.64392,0.8703257,1.134502,-0.8576221,-0.4810721,0.1818078,0,0,0,-0.1651318
1736099894779,-37.54075,1.572023,0.9283333,-0.9998016,0.01421573,0.01395124,-2.853012,-0.3585577,-0.3828049,-37.52895,0.7439905,0.7138367,-0.4225296,-0.7204378,-0.5499444,-2.848148,-0.6059423,-0.248909,-37.68132,0.8672498,1.13192,-0.8568031,-0.4773135,0.1950909,-2.805233,-0.2306879,-0.1936913,-0.1651318
1736099894784,-37.54075,1.572023,0.9283333,-0.9998016,0.01421573,0.01395124,0,0,0,-37.52895,0.7439905,0.7138367,-0.4225296,-0.7204378,-0.5499444,0,0,0,-37.68132,0.8672498,1.13192,-0.8568031,-0.4773135,0.1950909,0,0,0,-0.1651318
1736099894788,-37.54075,1.572023,0.9283333,-0.9998016,0.01421573,0.01395124,0,0,0,-37.52895,0.7439905,0.7138367,-0.4225296,-0.7204378,-0.5499444,0,0,0,-37.68132,0.8672498,1.13192,-0.8568031,-0.4773135,0.1950909,0,0,0,-0.1651318
1736099894807,-37.57961,1.575215,0.9246025,-0.9998623,-0.004315741,0.01604569,-2.914524,0.2393961,-0.279808,-37.5709,0.738699,0.7093544,-0.4133161,-0.7271605,-0.5480946,-3.146267,-0.3968641,-0.3361702,-37.71708,0.863166,1.128117,-0.8498048,-0.4844906,0.2076077,-2.681923,-0.3062904,-0.285244,-0.1651318
1736099894811,-37.57961,1.575215,0.9246025,-0.9998623,-0.004315741,0.01604569,0,0,0,-37.5709,0.738699,0.7093544,-0.4133161,-0.7271605,-0.5480946,0,0,0,-37.71708,0.863166,1.128117,-0.8498048,-0.4844906,0.2076077,0,0,0,-0.1651318
1736099894835,-37.61822,1.581056,0.9199409,-0.9994012,0.005874546,0.03410918,-2.895355,0.4380405,-0.349617,-37.60949,0.7386786,0.7062263,-0.4010516,-0.7312135,-0.5518017,-2.894783,-0.001528859,-0.2346039,-37.74805,0.8620663,1.128426,-0.837836,-0.4946084,0.231071,-2.322578,-0.08247793,0.02317429,-0.1651318
1736099894839,-37.61822,1.581056,0.9199409,-0.9994012,0.005874546,0.03410918,0,0,0,-37.60949,0.7386786,0.7062263,-0.4010516,-0.7312135,-0.5518017,0,0,0,-37.74805,0.8620663,1.128426,-0.837836,-0.4946084,0.231071,0,0,0,-0.1651318
1736099894861,-37.65612,1.586036,0.9172363,-0.9990084,0.01868384,0.04041535,-2.842999,0.3735244,-0.2028465,-37.6505,0.747503,0.7054405,-0.4192635,-0.7335612,-0.5348896,-3.0756,0.6618306,-0.05893707,-37.7747,0.8603524,1.128811,-0.8092489,-0.5198361,0.2736549,-1.998997,-0.1285404,0.02889633,-0.1651318
1736099894866,-37.65612,1.586036,0.9172363,-0.9990084,0.01868384,0.04041535,0,0,0,-37.6505,0.747503,0.7054405,-0.4192635,-0.7335612,-0.5348896,0,0,0,-37.7747,0.8603524,1.128811,-0.8092489,-0.5198361,0.2736549,0,0,0,-0.1651318
1736099894888,-37.69284,1.588398,0.9147453,-0.9990787,0.01353183,0.04073405,-2.754021,0.1771331,-0.1868248,-37.69715,0.7598695,0.7086105,-0.4779866,-0.7183731,-0.50544,-3.499031,0.9274855,0.237751,-37.80146,0.8624302,1.125473,-0.7863355,-0.5449452,0.2910517,-2.007294,0.1558363,-0.2503395,-0.1651318
1736099894893,-37.69284,1.588398,0.9147453,-0.9990787,0.01353183,0.04073405,0,0,0,-37.69715,0.7598695,0.7086105,-0.4779866,-0.7183731,-0.50544,0,0,0,-37.80146,0.8624302,1.125473,-0.7863355,-0.5449452,0.2910517,0,0,0,-0.1651318
1736099894917,-37.72872,1.593061,0.913826,-0.9990922,-0.006721547,0.04207265,-2.690506,0.3497779,-0.06895065,-37.74636,0.7725319,0.7120361,-0.5464352,-0.6975302,-0.4635307,-3.690434,0.9496853,0.2569199,-37.82815,0.8677282,1.11937,-0.792357,-0.5562689,0.2504711,-2.001572,0.3973514,-0.4577637,-0.1651318
1736099894921,-37.72872,1.593061,0.913826,-0.9990922,-0.006721547,0.04207265,0,0,0,-37.74636,0.7725319,0.7120361,-0.5464352,-0.6975302,-0.4635307,0,0,0,-37.82815,0.8677282,1.11937,-0.792357,-0.5562689,0.2504711,0,0,0,-0.1651318
1736099894945,-37.76448,1.598951,0.9140129,-0.998688,-0.01646445,0.04849344,-2.681923,0.4416883,0.01401901,-37.79471,0.7855983,0.7123299,-0.5920436,-0.6757579,-0.4391308,-3.626347,0.9799808,0.02202988,-37.85334,0.8718985,1.116802,-0.7997603,-0.5608672,0.2140371,-1.88942,0.3127724,-0.1925468,-0.1651318
1736099894949,-37.76448,1.598951,0.9140129,-0.998688,-0.01646445,0.04849344,0,0,0,-37.79471,0.7855983,0.7123299,-0.5920436,-0.6757579,-0.4391308,0,0,0,-37.85334,0.8718985,1.116802,-0.7997603,-0.5608672,0.2140371,0,0,0,-0.1651318
1736099894973,-37.79916,1.603372,0.915123,-0.998161,-0.01879502,0.05763644,-2.600956,0.3315747,0.08325577,-37.84254,0.7982209,0.7103996,-0.6070604,-0.6554438,-0.4493012,-3.587151,0.9466946,-0.1447678,-37.87988,0.8758039,1.121063,-0.7879367,-0.5692083,0.2348567,-1.990414,0.2929062,0.3195763,-0.1651318
1736099894978,-37.79916,1.603372,0.915123,-0.998161,-0.01879502,0.05763644,0,0,0,-37.84254,0.7982209,0.7103996,-0.6070604,-0.6554438,-0.4493012,0,0,0,-37.87988,0.8758039,1.121063,-0.7879367,-0.5692083,0.2348567,0,0,0,-0.1651318
1736099895001,-37.83313,1.606043,0.9174767,-0.9975855,-0.01989831,0.06653923,-2.547741,0.2003253,0.1765251,-37.88906,0.8061123,0.7071648,-0.6170711,-0.6413147,-0.4560037,-3.488731,0.5918518,-0.2426147,-37.90813,0.8766268,1.127201,-0.7615184,-0.5795062,0.2902802,-2.118874,0.06171763,0.4603386,-0.1665362
1736099895006,-37.83313,1.606043,0.9174767,-0.9975855,-0.01989831,0.06653923,0,0,0,-37.88906,0.8061123,0.7071648,-0.6170711,-0.6413147,-0.4560037,0,0,0,-37.90813,0.8766268,1.127201,-0.7615184,-0.5795062,0.2902802,0,0,0,-0.1665362
1736099895029,-37.86705,1.605337,0.9207039,-0.9969168,-0.01539812,0.07694143,-2.544594,-0.05292892,0.2420425,-37.93555,0.812827,0.708271,-0.6345072,-0.6306287,-0.446888,-3.487015,0.5036026,0.08296967,-37.93583,0.8737389,1.131332,-0.7443926,-0.5876991,0.3170011,-2.077103,-0.2165973,0.3098488,-0.16875
1736099895033,-37.86705,1.605337,0.9207039,-0.9969168,-0.01539812,0.07694143,0,0,0,-37.93555,0.812827,0.708271,-0.6345072,-0.6306287,-0.446888,0,0,0,-37.93583,0.8737389,1.131332,-0.7443926,-0.5876991,0.3170011,0,0,0,-0.16875
1736099895057,-37.90086,1.605457,0.9239998,-0.9959641,-0.009362614,0.08926624,-2.535439,0.009039044,0.2471924,-37.98109,0.8200823,0.7102127,-0.6646963,-0.6152788,-0.4238058,-3.415489,0.5441487,0.1456261,-37.96299,0.8703827,1.13522,-0.7371782,-0.5921075,0.3255416,-2.037048,-0.2517164,0.2915382,-0.16875
1736099895061,-37.90086,1.605457,0.9239998,-0.9959641,-0.009362614,0.08926624,0,0,0,-37.98109,0.8200823,0.7102127,-0.6646963,-0.6152788,-0.4238058,0,0,0,-37.96299,0.8703827,1.13522,-0.7371782,-0.5921075,0.3255416,0,0,0,-0.16875
1736099895085,-37.93499,1.603034,0.9289131,-0.994889,-0.004524499,0.1008738,-2.559471,-0.1817375,0.3684998,-38.02615,0.8250205,0.7126503,-0.6947377,-0.5968093,-0.4014456,-3.37944,0.3703639,0.1828194,-37.9915,0.864372,1.140179,-0.7298537,-0.594744,0.3370363,-2.138042,-0.4507989,0.371933,-0.16875
1736099895089,-37.93499,1.603034,0.9289131,-0.994889,-0.004524499,0.1008738,0,0,0,-38.02615,0.8250205,0.7126503,-0.6947377,-0.5968093,-0.4014456,0,0,0,-37.9915,0.864372,1.140179,-0.7298537,-0.594744,0.3370363,0,0,0,-0.16875
1736099895112,-37.96954,1.599137,0.9339027,-0.9939377,-0.002910931,0.1099064,-2.591515,-0.2922714,0.3742218,-38.07085,0.8267637,0.7166862,-0.721186,-0.5771843,-0.3830791,-3.352833,0.1307398,0.3026962,-38.02081,0.8576462,1.145695,-0.7169809,-0.5993431,0.3559864,-2.198696,-0.5044341,0.4137039,-0.16875
1736099895117,-37.96954,1.599137,0.9339027,-0.9939377,-0.002910931,0.1099064,0,0,0,-38.07085,0.8267637,0.7166862,-0.721186,-0.5771843,-0.3830791,0,0,0,-38.02081,0.8576462,1.145695,-0.7169809,-0.5993431,0.3559864,0,0,0,-0.16875
1736099895121,-37.96954,1.599137,0.9339027,-0.9939377,-0.002910931,0.1099064,0,0,0,-38.07085,0.8267637,0.7166862,-0.721186,-0.5771843,-0.3830791,0,0,0,-38.02081,0.8576462,1.145695,-0.7169809,-0.5993431,0.3559864,0,0,0,-0.16875
1736099895140,-38.00441,1.594315,0.9381981,-0.9930273,-0.0005367957,0.1178855,-2.614975,-0.361678,0.3221512,-38.11374,0.8251901,0.7197952,-0.7353446,-0.5645335,-0.3749278,-3.216362,-0.1180172,0.2331734,-38.05258,0.8488729,1.152866,-0.7020558,-0.6068664,0.3726003,-2.38266,-0.6579995,0.5378723,-0.16875
1736099895145,-38.00441,1.594315,0.9381981,-0.9930273,-0.0005367957,0.1178855,0,0,0,-38.11374,0.8251901,0.7197952,-0.7353446,-0.5645335,-0.3749278,0,0,0,-38.05258,0.8488729,1.152866,-0.7020558,-0.6068664,0.3726003,0,0,0,-0.16875
1736099895168,-38.0398,1.588652,0.9430275,-0.9922936,0.004687581,0.1238217,-2.654457,-0.4247546,0.3622055,-38.15471,0.8226574,0.7218781,-0.7426957,-0.5552969,-0.3742312,-3.073025,-0.189954,0.1562119,-38.08374,0.841109,1.157055,-0.6907165,-0.6133959,0.3829573,-2.336597,-0.5822897,0.3141403,-0.16875
1736099895172,-38.0398,1.588652,0.9430275,-0.9922936,0.004687581,0.1238217,0,0,0,-38.15471,0.8226574,0.7218781,-0.7426957,-0.5552969,-0.3742312,0,0,0,-38.08374,0.841109,1.157055,-0.6907165,-0.6133959,0.3829573,0,0,0,-0.16875
1736099895196,-38.076,1.582912,0.9481125,-0.9920863,0.01123869,0.1250558,-2.715111,-0.4304856,0.3813744,-38.19369,0.8151936,0.7229691,-0.7408948,-0.5486909,-0.387316,-2.923393,-0.559786,0.08182526,-38.11769,0.8321323,1.161587,-0.6859138,-0.6185461,0.3833058,-2.54631,-0.6732523,0.3398895,-0.16875
1736099895201,-38.076,1.582912,0.9481125,-0.9920863,0.01123869,0.1250558,0,0,0,-38.19369,0.8151936,0.7229691,-0.7408948,-0.5486909,-0.387316,0,0,0,-38.11769,0.8321323,1.161587,-0.6859138,-0.6185461,0.3833058,0,0,0,-0.16875
1736099895223,-38.11303,1.578549,0.9543114,-0.9924321,0.01359463,0.122041,-2.777481,-0.3271759,0.4649162,-38.22956,0.8069074,0.7240601,-0.7312536,-0.5479274,-0.4062569,-2.690506,-0.6214634,0.08182526,-38.15291,0.8233511,1.165165,-0.6870187,-0.6210417,0.3772433,-2.641869,-0.6585896,0.268364,-0.16875
1736099895228,-38.11303,1.578549,0.9543114,-0.9924321,0.01359463,0.122041,0,0,0,-38.22956,0.8069074,0.7240601,-0.7312536,-0.5479274,-0.4062569,0,0,0,-38.15291,0.8233511,1.165165,-0.6870187,-0.6210417,0.3772433,0,0,0,-0.16875
1736099895251,-38.14998,1.573733,0.9605217,-0.992872,0.0139881,0.1183632,-2.771187,-0.3612578,0.4657745,-38.26169,0.7998753,0.7262573,-0.7195815,-0.5543557,-0.4182022,-2.409554,-0.5274117,0.1647949,-38.1904,0.8160682,1.168274,-0.6875931,-0.624952,0.3696634,-2.811527,-0.5462185,0.2331734,-0.16875
1736099895256,-38.14998,1.573733,0.9605217,-0.992872,0.0139881,0.1183632,0,0,0,-38.26169,0.7998753,0.7262573,-0.7195815,-0.5543557,-0.4182022,0,0,0,-38.1904,0.8160682,1.168274,-0.6875931,-0.624952,0.3696634,0,0,0,-0.16875
1736099895279,-38.18724,1.574633,0.9666481,-0.9940849,-0.003687926,0.1085449,-2.794361,0.06756485,0.4594803,-38.29153,0.7919939,0.7282219,-0.7000075,-0.5696592,-0.4306717,-2.237892,-0.5911008,0.1473427,-38.23038,0.8102354,1.173325,-0.6847972,-0.628643,0.3685935,-2.998352,-0.4374638,0.3787994,-0.16875
1736099895284,-38.18724,1.574633,0.9666481,-0.9940849,-0.003687926,0.1085449,0,0,0,-38.29153,0.7919939,0.7282219,-0.7000075,-0.5696592,-0.4306717,0,0,0,-38.23038,0.8102354,1.173325,-0.6847972,-0.628643,0.3685935,0,0,0,-0.16875
1736099895307,-38.22599,1.584743,0.9721298,-0.9940941,0.001451924,0.1085127,-2.905941,0.7582337,0.411129,-38.31641,0.7894412,0.7264824,-0.6650613,-0.579494,-0.4710422,-1.865673,-0.1914516,-0.1304626,-38.26785,0.8088743,1.176926,-0.6732578,-0.6350089,0.3787978,-2.810383,-0.1020804,0.2700806,-0.16875
1736099895314,-38.22599,1.584743,0.9721298,-0.9940941,0.001451924,0.1085127,0,0,0,-38.31641,0.7894412,0.7264824,-0.6650613,-0.579494,-0.4710422,0,0,0,-38.26785,0.8088743,1.176926,-0.6732578,-0.6350089,0.3787978,0,0,0,-0.16875
1736099895335,-38.26204,1.586688,0.9766312,-0.9933055,0.01531024,0.1145008,-2.703667,0.1458406,0.3376007,-38.33651,0.7911118,0.7271767,-0.6013556,-0.6148659,-0.5102078,-1.507473,0.1252949,0.05207062,-38.3063,0.8122393,1.178032,-0.6528956,-0.6542019,0.3817688,-2.883911,0.252378,0.08296967,-0.16875
1736099895339,-38.26204,1.586688,0.9766312,-0.9933055,0.01531024,0.1145008,0,0,0,-38.33651,0.7911118,0.7271767,-0.6013556,-0.6148659,-0.5102078,0,0,0,-38.3063,0.8122393,1.178032,-0.6528956,-0.6542019,0.3817688,0,0,0,-0.16875
1736099895362,-38.29623,1.58759,0.9800186,-0.9937249,0.006222576,0.1116801,-2.564621,0.06764531,0.2540588,-38.35983,0.7927237,0.7326546,-0.5712491,-0.6487933,-0.5027351,-1.749229,0.1208872,0.4108429,-38.34954,0.8222026,1.175537,-0.6753517,-0.6417922,0.3633221,-3.243256,0.7472456,-0.1871109,-0.16875
1736099895367,-38.29623,1.58759,0.9800186,-0.9937249,0.006222576,0.1116801,0,0,0,-38.35983,0.7927237,0.7326546,-0.5712491,-0.6487933,-0.5027351,0,0,0,-38.34954,0.8222026,1.175537,-0.6753517,-0.6417922,0.3633221,0,0,0,-0.16875
1736099895390,-38.33001,1.592286,0.9817085,-0.995051,-0.009751759,0.0988878,-2.533436,0.3521919,0.1267433,-38.38621,0.7949412,0.7383347,-0.5956636,-0.6513461,-0.4700357,-1.978397,0.1663148,0.4260063,-38.39376,0.8341337,1.170734,-0.7272918,-0.6177335,0.2990859,-3.316212,0.8948341,-0.3602028,-0.16875
1736099895395,-38.33001,1.592286,0.9817085,-0.995051,-0.009751759,0.0988878,0,0,0,-38.38621,0.7949412,0.7383347,-0.5956636,-0.6513461,-0.4700357,0,0,0,-38.39376,0.8341337,1.170734,-0.7272918,-0.6177335,0.2990859,0,0,0,-0.16875
1736099895418,-38.36353,1.597212,0.9827347,-0.9958652,0.002607569,0.09080678,-2.514267,0.3694743,0.07696152,-38.41275,0.7987182,0.7390137,-0.6235825,-0.6325732,-0.4593436,-1.9907,0.2832726,0.05092621,-38.43524,0.8416731,1.170204,-0.751957,-0.6145042,0.2386324,-3.111076,0.5654544,-0.03976822,-0.16875
1736099895423,-38.36353,1.597212,0.9827347,-0.9958652,0.002607569,0.09080678,0,0,0,-38.41275,0.7987182,0.7390137,-0.6235825,-0.6325732,-0.4593436,0,0,0,-38.43524,0.8416731,1.170204,-0.751957,-0.6145042,0.2386324,0,0,0,-0.16875
1736099895446,-38.39618,1.602597,0.9828262,-0.9965706,0.005082164,0.08259219,-2.44875,0.4038423,0.006866455,-38.44038,0.8037283,0.7348709,-0.6052086,-0.6249466,-0.4931173,-2.072525,0.3757596,-0.3107071,-38.47779,0.8496153,1.174046,-0.7600954,-0.6029475,0.2422999,-3.190899,0.595665,0.288105,-0.16875
1736099895450,-38.39618,1.602597,0.9828262,-0.9965706,0.005082164,0.08259219,0,0,0,-38.44038,0.8037283,0.7348709,-0.6052086,-0.6249466,-0.4931173,0,0,0,-38.47779,0.8496153,1.174046,-0.7600954,-0.6029475,0.2422999,0,0,0,-0.16875
1736099895473,-38.4278,1.605707,0.9816208,-0.9972192,0.002925772,0.07446951,-2.371216,0.2332807,-0.09040833,-38.46615,0.8067253,0.7318573,-0.5508118,-0.6446986,-0.5300668,-1.932335,0.2247736,-0.2260208,-38.52151,0.8574581,1.178383,-0.7663,-0.5784016,0.279707,-3.279018,0.5882084,0.3252983,-0.1696577
1736099895478,-38.4278,1.605707,0.9816208,-0.9972192,0.002925772,0.07446951,0,0,0,-38.46615,0.8067253,0.7318573,-0.5508118,-0.6446986,-0.5300668,0,0,0,-38.52151,0.8574581,1.178383,-0.7663,-0.5784016,0.279707,0,0,0,-0.1696577
1736099895482,-38.4278,1.605707,0.9816208,-0.9972192,0.002925772,0.07446951,0,0,0,-38.46615,0.8067253,0.7318573,-0.5508118,-0.6446986,-0.5300668,0,0,0,-38.52151,0.8574581,1.178383,-0.7663,-0.5784016,0.279707,0,0,0,-0.1696577
1736099895501,-38.45907,1.605577,0.9800148,-0.9978904,0.003471863,0.06483322,-2.345467,-0.009763241,-0.1204491,-38.49105,0.8053564,0.7319336,-0.5268203,-0.6587898,-0.537082,-1.86739,-0.102666,0.005722046,-38.5642,0.8628379,1.177551,-0.7759023,-0.5665781,0.2774258,-3.201771,0.4034847,-0.0623703,-0.172756
1736099895506,-38.45907,1.605577,0.9800148,-0.9978904,0.003471863,0.06483322,0,0,0,-38.49105,0.8053564,0.7319336,-0.5268203,-0.6587898,-0.537082,0,0,0,-38.5642,0.8628379,1.177551,-0.7759023,-0.5665781,0.2774258,0,0,0,-0.172756
1736099895529,-38.49004,1.605725,0.9784851,-0.9984114,0.008726764,0.0556668,-2.322578,0.01112223,-0.114727,-38.51648,0.8035141,0.7326775,-0.5305678,-0.6599584,-0.5319338,-1.907444,-0.138174,0.05578995,-38.60563,0.868524,1.175083,-0.791798,-0.5554848,0.2539545,-3.107357,0.4264534,-0.1851082,-0.1748974
1736099895533,-38.49004,1.605725,0.9784851,-0.9984114,0.008726764,0.0556668,0,0,0,-38.51648,0.8035141,0.7326775,-0.5305678,-0.6599584,-0.5319338,0,0,0,-38.60563,0.868524,1.175083,-0.791798,-0.5554848,0.2539545,0,0,0,-0.1748974
1736099895557,-38.52113,1.605743,0.9769287,-0.9987326,0.01899715,0.04661244,-2.331734,0.001367927,-0.1167297,-38.54379,0.8015984,0.7308998,-0.5265912,-0.659964,-0.5358633,-2.048492,-0.143677,-0.1333237,-38.64738,0.8748412,1.171364,-0.8112758,-0.5397156,0.2248084,-3.131676,0.4737943,-0.2789497,-0.1750884
1736099895561,-38.52113,1.605743,0.9769287,-0.9987326,0.01899715,0.04661244,0,0,0,-38.54379,0.8015984,0.7308998,-0.5265912,-0.659964,-0.5358633,0,0,0,-38.64738,0.8748412,1.171364,-0.8112758,-0.5397156,0.2248084,0,0,0,-0.1750884
1736099895585,-38.55278,1.604029,0.9754333,-0.9988669,0.03039462,0.03663039,-2.373505,-0.1285672,-0.1121521,-38.57281,0.7972357,0.7276039,-0.5054219,-0.6619722,-0.5534818,-2.176094,-0.3271982,-0.2471924,-38.6889,0.8789437,1.167534,-0.8282865,-0.5238597,0.1987773,-3.113365,0.3076851,-0.2872467,-0.1750884
1736099895589,-38.55278,1.604029,0.9754333,-0.9988669,0.03039462,0.03663039,0,0,0,-38.57281,0.7972357,0.7276039,-0.5054219,-0.6619722,-0.5534818,0,0,0,-38.6889,0.8789437,1.167534,-0.8282865,-0.5238597,0.1987773,0,0,0,-0.1750884
1736099895612,-38.58493,1.60015,0.9740372,-0.998841,0.03840391,0.02902305,-2.41127,-0.290966,-0.1047134,-38.60158,0.7912605,0.7248077,-0.4814067,-0.6653892,-0.5705308,-2.15807,-0.448139,-0.209713,-38.73037,0.8806068,1.164215,-0.8418151,-0.5078816,0.1827666,-3.11079,0.1247317,-0.248909,-0.1750884
1736099895617,-38.58493,1.60015,0.9740372,-0.998841,0.03840391,0.02902305,0,0,0,-38.60158,0.7912605,0.7248077,-0.4814067,-0.6653892,-0.5705308,0,0,0,-38.73037,0.8806068,1.164215,-0.8418151,-0.5078816,0.1827666,0,0,0,-0.1750884
1736099895640,-38.61783,1.59505,0.9725494,-0.9988412,0.04235508,0.02286059,-2.467918,-0.3824562,-0.1115799,-38.63059,0.7830712,0.7224464,-0.4560524,-0.674162,-0.5809674,-2.175808,-0.6142035,-0.1770973,-38.77179,0.8800259,1.161491,-0.85361,-0.490209,0.1761969,-3.105927,-0.04356802,-0.204277,-0.1750884
1736099895645,-38.61783,1.59505,0.9725494,-0.9988412,0.04235508,0.02286059,0,0,0,-38.63059,0.7830712,0.7224464,-0.4560524,-0.674162,-0.5809674,0,0,0,-38.77179,0.8800259,1.161491,-0.85361,-0.490209,0.1761969,0,0,0,-0.1750884
1736099895668,-38.65165,1.589723,0.9702682,-0.9987561,0.04602735,0.0191958,-2.536583,-0.399515,-0.1710892,-38.66006,0.7734898,0.7209663,-0.4374484,-0.6824335,-0.585597,-2.209854,-0.718604,-0.1110077,-38.81172,0.8768371,1.158566,-0.8614682,-0.4767624,0.1748441,-2.994919,-0.2391547,-0.2194405,-0.1750884
1736099895672,-38.65165,1.589723,0.9702682,-0.9987561,0.04602735,0.0191958,0,0,0,-38.66006,0.7734898,0.7209663,-0.4374484,-0.6824335,-0.585597,0,0,0,-38.81172,0.8768371,1.158566,-0.8614682,-0.4767624,0.1748441,0,0,0,-0.1750884
1736099895696,-38.68637,1.584265,0.9673462,-0.9987605,0.04641673,0.01798952,-2.603531,-0.4093856,-0.2191544,-38.69014,0.763485,0.7199059,-0.4239221,-0.6895441,-0.5872135,-2.255917,-0.7503569,-0.07953644,-38.85043,0.8722781,1.155701,-0.8656619,-0.4684857,0.1764964,-2.903366,-0.341928,-0.2148628,-0.1750884
1736099895700,-38.68637,1.584265,0.9673462,-0.9987605,0.04641673,0.01798952,0,0,0,-38.69014,0.763485,0.7199059,-0.4239221,-0.6895441,-0.5872135,0,0,0,-38.85043,0.8722781,1.155701,-0.8656619,-0.4684857,0.1764964,0,0,0,-0.1750884
1736099895723,-38.72177,1.580353,0.9640961,-0.9987792,0.04510792,0.02014565,-2.655029,-0.293389,-0.2437592,-38.72168,0.7542619,0.7193222,-0.413871,-0.6987079,-0.58354,-2.36578,-0.6917328,-0.04377365,-38.88669,0.8666587,1.152496,-0.8669477,-0.4642265,0.1813726,-2.719402,-0.4214555,-0.2403259,-0.1750884
1736099895728,-38.72177,1.580353,0.9640961,-0.9987792,0.04510792,0.02014565,0,0,0,-38.72168,0.7542619,0.7193222,-0.413871,-0.6987079,-0.58354,0,0,0,-38.88669,0.8666587,1.152496,-0.8669477,-0.4642265,0.1813726,0,0,0,-0.1750884
1736099895751,-38.75749,1.576752,0.9602165,-0.9987245,0.04322094,0.02611011,-2.679062,-0.2700716,-0.290966,-38.75573,0.7476067,0.7189751,-0.4069098,-0.7090523,-0.5759076,-2.553463,-0.4991412,-0.02603531,-38.91936,0.861607,1.149086,-0.864896,-0.465761,0.187142,-2.450466,-0.3788799,-0.2557755,-0.1750884
1736099895756,-38.75749,1.576752,0.9602165,-0.9987245,0.04322094,0.02611011,0,0,0,-38.75573,0.7476067,0.7189751,-0.4069098,-0.7090523,-0.5759076,0,0,0,-38.91936,0.861607,1.149086,-0.864896,-0.465761,0.187142,0,0,0,-0.1750884
1736099895779,-38.79255,1.573681,0.9562492,-0.9987475,0.03789114,0.03268027,-2.629852,-0.2303302,-0.2975464,-38.79279,0.7430883,0.7177887,-0.4050357,-0.7182624,-0.5657258,-2.77977,-0.3388792,-0.08897781,-38.95026,0.858744,1.146065,-0.8590589,-0.4761519,0.1878765,-2.317715,-0.2147198,-0.226593,-0.1750884
1736099895784,-38.79255,1.573681,0.9562492,-0.9987475,0.03789114,0.03268027,0,0,0,-38.79279,0.7430883,0.7177887,-0.4050357,-0.7182624,-0.5657258,0,0,0,-38.95026,0.858744,1.146065,-0.8590589,-0.4761519,0.1878765,0,0,0,-0.1750884
1736099895807,-38.82981,1.583912,0.9525642,-0.99818,0.04312643,0.04215485,-2.794647,0.7672995,-0.2763748,-38.83183,0.7428403,0.7156143,-0.4015939,-0.7197174,-0.56633,-2.927685,-0.01860112,-0.1630783,-38.97892,0.8575963,1.144844,-0.8516446,-0.4876832,0.1920082,-2.149487,-0.08608103,-0.09155273,-0.1750884
1736099895811,-38.82981,1.583912,0.9525642,-0.99818,0.04312643,0.04215485,0,0,0,-38.83183,0.7428403,0.7156143,-0.4015939,-0.7197174,-0.56633,0,0,0,-38.97892,0.8575963,1.144844,-0.8516446,-0.4876832,0.1920082,0,0,0,-0.1750884
1736099895816,-38.82981,1.583912,0.9525642,-0.99818,0.04312643,0.04215485,0,0,0,-38.83183,0.7428403,0.7156143,-0.4015939,-0.7197174,-0.56633,0,0,0,-38.97892,0.8575963,1.144844,-0.8516446,-0.4876832,0.1920082,0,0,0,-0.1750884
1736099895835,-38.86707,1.588081,0.9491768,-0.99626,0.06475943,0.05720401,-2.794075,0.3127187,-0.2540588,-38.8723,0.7503563,0.7153397,-0.4029003,-0.7274442,-0.5554249,-3.035545,0.563702,-0.02059937,-39.00283,0.8553636,1.146946,-0.8236057,-0.5179012,0.2311974,-1.793003,-0.1674503,0.1576424,-0.1750884
1736099895839,-38.86707,1.588081,0.9491768,-0.99626,0.06475943,0.05720401,0,0,0,-38.8723,0.7503563,0.7153397,-0.4029003,-0.7274442,-0.5554249,0,0,0,-39.00283,0.8553636,1.146946,-0.8236057,-0.5179012,0.2311974,0,0,0,-0.1750884
1736099895862,-38.90268,1.59094,0.9458771,-0.9957052,0.07086502,0.05957747,-2.670479,0.2144247,-0.2474785,-38.91474,0.758173,0.7167625,-0.4317729,-0.7229866,-0.5393174,-3.182888,0.5862549,0.1067162,-39.02727,0.8541397,1.146252,-0.8015527,-0.5446715,0.2466707,-1.833057,-0.09179413,-0.05207062,-0.1750884
1736099895867,-38.90268,1.59094,0.9458771,-0.9957052,0.07086502,0.05957747,0,0,0,-38.91474,0.758173,0.7167625,-0.4317729,-0.7229866,-0.5393174,0,0,0,-39.02727,0.8541397,1.146252,-0.8015527,-0.5446715,0.2466707,0,0,0,-0.1750884
1736099895889,-38.93773,1.593202,0.9433289,-0.9968954,0.05592615,0.05542636,-2.62928,0.1696318,-0.1911163,-38.96331,0.7684295,0.7196808,-0.4984742,-0.7038071,-0.5061424,-3.642941,0.7692307,0.2188683,-39.05291,0.8550681,1.144451,-0.7953852,-0.5594121,0.2332826,-1.922607,0.06963015,-0.1350403,-0.1750884
1736099895895,-38.93773,1.593202,0.9433289,-0.9968954,0.05592615,0.05542636,0,0,0,-38.96331,0.7684295,0.7196808,-0.4984742,-0.7038071,-0.5061424,0,0,0,-39.05291,0.8550681,1.144451,-0.7953852,-0.5594121,0.2332826,0,0,0,-0.1750884
1736099895917,-38.97313,1.597853,0.9418488,-0.9970055,0.05244841,0.05683082,-2.655029,0.348857,-0.1110077,-39.01025,0.7792289,0.7212906,-0.5555742,-0.6810943,-0.4769156,-3.520489,0.8099601,0.1207352,-39.07763,0.8558224,1.144779,-0.7983609,-0.5612622,0.2181858,-1.853943,0.05657673,0.0246048,-0.1750884
1736099895922,-38.97313,1.597853,0.9418488,-0.9970055,0.05244841,0.05683082,0,0,0,-39.01025,0.7792289,0.7212906,-0.5555742,-0.6810943,-0.4769156,0,0,0,-39.07763,0.8558224,1.144779,-0.7983609,-0.5612622,0.2181858,0,0,0,-0.1750884
1736099895945,-39.00837,1.604007,0.9413986,-0.9971786,0.04975303,0.05621237,-2.643013,0.4615366,-0.03376007,-39.05602,0.7899801,0.7202187,-0.5810978,-0.6620015,-0.4733708,-3.432655,0.8063391,-0.08039474,-39.10235,0.8562766,1.148441,-0.7883829,-0.5705481,0.23006,-1.854229,0.03406405,0.2746582,-0.1750884
1736099895950,-39.00837,1.604007,0.9413986,-0.9971786,0.04975303,0.05621237,0,0,0,-39.05602,0.7899801,0.7202187,-0.5810978,-0.6620015,-0.4733708,0,0,0,-39.10235,0.8562766,1.148441,-0.7883829,-0.5705481,0.23006,0,0,0,-0.1750884
1736099895973,-39.04268,1.605903,0.9416542,-0.9973664,0.04467038,0.05714226,-2.573204,0.142166,0.01916885,-39.10026,0.7988698,0.7202721,-0.5943118,-0.6476353,-0.4768252,-3.317928,0.6667301,0.004005432,-39.1274,0.8554312,1.154568,-0.7609478,-0.5893492,0.2713419,-1.878548,-0.06340742,0.4594803,-0.1766485
1736099895978,-39.04268,1.605903,0.9416542,-0.9973664,0.04467038,0.05714226,0,0,0,-39.10026,0.7988698,0.7202721,-0.5943118,-0.6476353,-0.4768252,0,0,0,-39.1274,0.8554312,1.154568,-0.7609478,-0.5893492,0.2713419,0,0,0,-0.1766485
1736099896001,-39.0764,1.605884,0.9425545,-0.9974765,0.04252631,0.05685705,-2.528572,-0.00141263,0.06752014,-39.14364,0.804942,0.7224541,-0.6138901,-0.6373652,-0.4657307,-3.253555,0.4554078,0.1636505,-39.15352,0.850898,1.158798,-0.7375434,-0.6055173,0.2989631,-1.959515,-0.3399879,0.3172874,-0.1795714
1736099896006,-39.0764,1.605884,0.9425545,-0.9974765,0.04252631,0.05685705,0,0,0,-39.14364,0.804942,0.7224541,-0.6138901,-0.6373652,-0.4657307,0,0,0,-39.15352,0.850898,1.158798,-0.7375434,-0.6055173,0.2989631,0,0,0,-0.1795714
1736099896029,-39.11014,1.605535,0.9436569,-0.99718,0.04916015,0.05670661,-2.530575,-0.02619624,0.08268356,-39.18778,0.811994,0.7265587,-0.6444143,-0.6252505,-0.4402192,-3.31049,0.5289003,0.3078461,-39.17994,0.8469859,1.162083,-0.7289112,-0.6133494,0.3041237,-1.980972,-0.2934068,0.2463341,-0.1804264
1736099896034,-39.11014,1.605535,0.9436569,-0.99718,0.04916015,0.05670661,0,0,0,-39.18778,0.811994,0.7265587,-0.6444143,-0.6252505,-0.4402192,0,0,0,-39.17994,0.8469859,1.162083,-0.7289112,-0.6133494,0.3041237,0,0,0,-0.1804264
1736099896057,-39.14399,1.604124,0.9449959,-0.9966614,0.05655189,0.05889428,-2.538586,-0.1057863,0.1004219,-39.23196,0.8183025,0.7299881,-0.6772116,-0.6078424,-0.4146239,-3.313351,0.4731417,0.257206,-39.20793,0.8421224,1.166138,-0.7236322,-0.6174958,0.3083107,-2.099419,-0.3647625,0.3041267,-0.1804264
1736099896061,-39.14399,1.604124,0.9449959,-0.9966614,0.05655189,0.05889428,0,0,0,-39.23196,0.8183025,0.7299881,-0.6772116,-0.6078424,-0.4146239,0,0,0,-39.20793,0.8421224,1.166138,-0.7236322,-0.6174958,0.3083107,0,0,0,-0.1804264
1736099896085,-39.17835,1.600979,0.9466591,-0.996338,0.06086724,0.06005186,-2.577209,-0.2358824,0.1247406,-39.27543,0.821888,0.7326164,-0.7007162,-0.5893342,-0.4020975,-3.260708,0.2689093,0.1971245,-39.23792,0.835952,1.171028,-0.7150477,-0.6197689,0.3234094,-2.249622,-0.4627794,0.3667831,-0.1804264
1736099896089,-39.17835,1.600979,0.9466591,-0.996338,0.06086724,0.06005186,0,0,0,-39.27543,0.821888,0.7326164,-0.7007162,-0.5893342,-0.4020975,0,0,0,-39.23792,0.835952,1.171028,-0.7150477,-0.6197689,0.3234094,0,0,0,-0.1804264
1736099896112,-39.21328,1.596602,0.9487038,-0.995967,0.06567831,0.0611276,-2.620125,-0.3282487,0.1533508,-39.31728,0.8222634,0.7350235,-0.7164251,-0.5773935,-0.3916023,-3.138542,0.02815425,0.1805305,-39.26852,0.8293041,1.176102,-0.7043384,-0.6218839,0.3422984,-2.295113,-0.4985958,0.3805161,-0.1804264
1736099896117,-39.21328,1.596602,0.9487038,-0.995967,0.06567831,0.0611276,0,0,0,-39.31728,0.8222634,0.7350235,-0.7164251,-0.5773935,-0.3916023,0,0,0,-39.26852,0.8293041,1.176102,-0.7043384,-0.6218839,0.3422984,0,0,0,-0.1804264
1736099896140,-39.24881,1.591015,0.9509201,-0.9957033,0.07011078,0.06049532,-2.664185,-0.4190326,0.1662254,-39.35768,0.8182435,0.736454,-0.726118,-0.5691295,-0.3858037,-3.030109,-0.3014892,0.1072884,-39.3014,0.8207902,1.179768,-0.691484,-0.6279834,0.3570534,-2.465916,-0.6385446,0.2749443,-0.1804264
1736099896145,-39.24881,1.591015,0.9509201,-0.9957033,0.07011078,0.06049532,0,0,0,-39.35768,0.8182435,0.736454,-0.726118,-0.5691295,-0.3858037,0,0,0,-39.3014,0.8207902,1.179768,-0.691484,-0.6279834,0.3570534,0,0,0,-0.1804264
1736099896149,-39.24881,1.591015,0.9509201,-0.9957033,0.07011078,0.06049532,0,0,0,-39.35768,0.8182435,0.736454,-0.726118,-0.5691295,-0.3858037,0,0,0,-39.3014,0.8207902,1.179768,-0.691484,-0.6279834,0.3570534,0,0,0,-0.1804264
1736099896168,-39.28532,1.584434,0.9529533,-0.9957584,0.07241227,0.0567649,-2.738571,-0.4935801,0.1524925,-39.39703,0.812,0.7358818,-0.7252111,-0.5617887,-0.3980744,-2.950859,-0.4682645,-0.04291534,-39.33593,0.8110989,1.18211,-0.6816921,-0.6363114,0.3611147,-2.589512,-0.7268474,0.1756668,-0.1804264
1736099896173,-39.28532,1.584434,0.9529533,-0.9957584,0.07241227,0.0567649,0,0,0,-39.39703,0.812,0.7358818,-0.7252111,-0.5617887,-0.3980744,0,0,0,-39.33593,0.8110989,1.18211,-0.6816921,-0.6363114,0.3611147,0,0,0,-0.1804264
1736099896196,-39.32214,1.579354,0.9558182,-0.9964427,0.0690405,0.04832858,-2.761459,-0.3810078,0.2148628,-39.43311,0.804829,0.7348251,-0.7168615,-0.5591154,-0.4165336,-2.706528,-0.5378231,-0.07925034,-39.37038,0.801864,1.18285,-0.6817911,-0.6404288,0.35357,-2.584076,-0.6926179,0.05550385,-0.1804264
1736099896200,-39.32214,1.579354,0.9558182,-0.9964427,0.0690405,0.04832858,0,0,0,-39.43311,0.804829,0.7348251,-0.7168615,-0.5591154,-0.4165336,0,0,0,-39.37038,0.801864,1.18285,-0.6817911,-0.6404288,0.35357,0,0,0,-0.1804264
1736099896223,-39.35923,1.574723,0.9590302,-0.9971378,0.06636978,0.03621197,-2.782059,-0.3473103,0.2408981,-39.46567,0.7967679,0.7337646,-0.6996688,-0.5655046,-0.436656,-2.441597,-0.6045833,-0.07953644,-39.40754,0.7936146,1.1833,-0.6830595,-0.6465792,0.3396544,-2.786636,-0.6187052,0.03376007,-0.1804264
1736099896228,-39.35923,1.574723,0.9590302,-0.9971378,0.06636978,0.03621197,0,0,0,-39.46567,0.7967679,0.7337646,-0.6996688,-0.5655046,-0.436656,0,0,0,-39.40754,0.7936146,1.1833,-0.6830595,-0.6465792,0.3396544,0,0,0,-0.1804264
1736099896251,-39.39591,1.570019,0.9623108,-0.9975603,0.06414785,0.02754205,-2.750587,-0.352782,0.246048,-39.4957,0.7895181,0.7327766,-0.6757699,-0.5786198,-0.4566557,-2.252483,-0.5437329,-0.07410049,-39.44703,0.788092,1.18449,-0.6835949,-0.6502129,0.331544,-2.961445,-0.4141957,0.08926392,-0.1804264
1736099896256,-39.39591,1.570019,0.9623108,-0.9975603,0.06414785,0.02754205,0,0,0,-39.4957,0.7895181,0.7327766,-0.6757699,-0.5786198,-0.4566557,0,0,0,-39.44703,0.788092,1.18449,-0.6835949,-0.6502129,0.331544,0,0,0,-0.1804264
1736099896279,-39.43455,1.575577,0.9647179,-0.9985991,0.05113411,0.01361787,-2.89793,0.4167795,0.1805305,-39.52402,0.7823262,0.7306175,-0.6451997,-0.5961598,-0.4778196,-2.12431,-0.5393967,-0.1619339,-39.48885,0.7855495,1.186241,-0.6824335,-0.6492091,0.3358755,-3.137112,-0.1906827,0.131321,-0.1804264
1736099896283,-39.43455,1.575577,0.9647179,-0.9985991,0.05113411,0.01361787,0,0,0,-39.52402,0.7823262,0.7306175,-0.6451997,-0.5961598,-0.4778196,0,0,0,-39.48885,0.7855495,1.186241,-0.6824335,-0.6492091,0.3358755,0,0,0,-0.1804264
1736099896307,-39.4726,1.58289,0.9664917,-0.9974164,0.07076731,0.01236761,-2.853584,0.5485296,0.1330376,-39.54667,0.7789823,0.7272072,-0.5962898,-0.6105664,-0.5211985,-1.698017,-0.250791,-0.2557755,-39.52729,0.7859885,1.187706,-0.6689107,-0.6583886,0.3450844,-2.883053,0.03291965,0.1098633,-0.1804264
1736099896311,-39.4726,1.58289,0.9664917,-0.9974164,0.07076731,0.01236761,0,0,0,-39.54667,0.7789823,0.7272072,-0.5962898,-0.6105664,-0.5211985,0,0,0,-39.52729,0.7859885,1.187706,-0.6689107,-0.6583886,0.3450844,0,0,0,-0.1804264
1736099896334,-39.50958,1.58419,0.968338,-0.9961611,0.08543781,0.01907849,-2.773762,0.09744465,0.1384735,-39.56657,0.7785316,0.7274246,-0.5382384,-0.6450613,-0.5423985,-1.493168,-0.0338003,0.01630783,-39.56796,0.7922254,1.184982,-0.6640823,-0.6673754,0.3370535,-3.049564,0.4677728,-0.204277,-0.1804264
1736099896339,-39.50958,1.58419,0.968338,-0.9961611,0.08543781,0.01907849,0,0,0,-39.56657,0.7785316,0.7274246,-0.5382384,-0.6450613,-0.5423985,0,0,0,-39.56796,0.7922254,1.184982,-0.6640823,-0.6673754,0.3370535,0,0,0,-0.1804264
1736099896362,-39.54512,1.583998,0.9680405,-0.9978814,0.06296773,0.01637274,-2.665901,-0.01439452,-0.02231598,-39.59063,0.7780837,0.7327499,-0.5256398,-0.6709278,-0.523029,-1.804161,-0.03359467,0.3993988,-39.61427,0.8037038,1.179996,-0.6931626,-0.6497198,0.3120735,-3.473282,0.8608818,-0.3739357,-0.1804264
1736099896367,-39.54512,1.583998,0.9680405,-0.9978814,0.06296773,0.01637274,0,0,0,-39.59063,0.7780837,0.7327499,-0.5256398,-0.6709278,-0.523029,0,0,0,-39.61427,0.8037038,1.179996,-0.6931626,-0.6497198,0.3120735,0,0,0,-0.1804264
1736099896390,-39.58145,1.588727,0.9675407,-0.9987068,0.05021735,0.007978141,-2.724552,0.3546774,-0.0374794,-39.61637,0.7803208,0.7360764,-0.5466186,-0.6737246,-0.4972966,-1.930618,0.1677811,0.2494812,-39.65729,0.8132491,1.174332,-0.7302394,-0.6340781,0.2543538,-3.226662,0.715895,-0.4248619,-0.1804264
1736099896395,-39.58145,1.588727,0.9675407,-0.9987068,0.05021735,0.007978141,0,0,0,-39.61637,0.7803208,0.7360764,-0.5466186,-0.6737246,-0.4972966,0,0,0,-39.65729,0.8132491,1.174332,-0.7302394,-0.6340781,0.2543538,0,0,0,-0.1804264
1736099896418,-39.61794,1.593671,0.9663086,-0.9986202,0.0522872,0.004921079,-2.736568,0.3707975,-0.09241104,-39.64365,0.7847548,0.7359543,-0.5594217,-0.6644778,-0.4954972,-2.045918,0.3325537,-0.009155273,-39.69818,0.8198698,1.171967,-0.7408356,-0.6336354,0.2228654,-3.06673,0.4965484,-0.1773834,-0.1804264
1736099896422,-39.61794,1.593671,0.9663086,-0.9986202,0.0522872,0.004921079,0,0,0,-39.64365,0.7847548,0.7359543,-0.5594217,-0.6644778,-0.4954972,0,0,0,-39.69818,0.8198698,1.171967,-0.7408356,-0.6336354,0.2228654,0,0,0,-0.1804264
1736099896446,-39.65339,1.597896,0.9634209,-0.9988456,0.0479756,0.002480924,-2.659035,0.3168672,-0.2165794,-39.67159,0.7909691,0.7331581,-0.5288021,-0.6666642,-0.5252883,-2.095127,0.466074,-0.209713,-39.74002,0.8274832,1.172794,-0.7473276,-0.6210992,0.2360874,-3.13797,0.5710065,0.0620842,-0.1804264
1736099896452,-39.65339,1.597896,0.9634209,-0.9988456,0.0479756,0.002480924,0,0,0,-39.67159,0.7909691,0.7331581,-0.5288021,-0.6666642,-0.5252883,0,0,0,-39.74002,0.8274832,1.172794,-0.7473276,-0.6210992,0.2360874,0,0,0,-0.1804264
1736099896473,-39.68729,1.599906,0.9599838,-0.9994357,0.03231882,-0.009168506,-2.542305,0.1508027,-0.2577782,-39.69907,0.7960359,0.7327461,-0.492003,-0.6823023,-0.5407376,-2.061653,0.3800064,-0.03089905,-39.78148,0.8348975,1.170536,-0.7517374,-0.6100349,0.250497,-3.109646,0.5560756,-0.1693726,-0.1804264
1736099896479,-39.68729,1.599906,0.9599838,-0.9994357,0.03231882,-0.009168506,0,0,0,-39.69907,0.7960359,0.7327461,-0.492003,-0.6823023,-0.5407376,0,0,0,-39.78148,0.8348975,1.170536,-0.7517374,-0.6100349,0.250497,0,0,0,-0.1804264
1736099896483,-39.68729,1.599906,0.9599838,-0.9994357,0.03231882,-0.009168506,0,0,0,-39.69907,0.7960359,0.7327461,-0.492003,-0.6823023,-0.5407376,0,0,0,-39.78148,0.8348975,1.170536,-0.7517374,-0.6100349,0.250497,0,0,0,-0.1804264
1736099896501,-39.72078,1.601508,0.9561234,-0.9994293,0.02573658,-0.02188265,-2.511406,0.1201183,-0.2895355,-39.72714,0.7978408,0.7341156,-0.4933096,-0.687278,-0.5331933,-2.104855,0.1353666,0.1027107,-39.82342,0.8421447,1.165253,-0.7629067,-0.6018792,0.2360402,-3.145409,0.5435407,-0.3962517,-0.1804264
1736099896506,-39.72078,1.601508,0.9561234,-0.9994293,0.02573658,-0.02188265,0,0,0,-39.72714,0.7978408,0.7341156,-0.4933096,-0.687278,-0.5331933,0,0,0,-39.82342,0.8421447,1.165253,-0.7629067,-0.6018792,0.2360402,0,0,0,-0.1804264
1736099896529,-39.75451,1.602114,0.9517708,-0.9990979,0.0256922,-0.03381753,-2.530003,0.04547238,-0.3264427,-39.75575,0.7969182,0.7339058,-0.5004587,-0.6873996,-0.5263307,-2.145767,-0.06919205,-0.01573563,-39.8632,0.8477192,1.159508,-0.7778689,-0.5926212,0.2090944,-2.984047,0.4180849,-0.4308701,-0.1804264
1736099896534,-39.75451,1.602114,0.9517708,-0.9990979,0.0256922,-0.03381753,0,0,0,-39.75575,0.7969182,0.7339058,-0.5004587,-0.6873996,-0.5263307,0,0,0,-39.8632,0.8477192,1.159508,-0.7778689,-0.5926212,0.2090944,0,0,0,-0.1804264
1736099896555,-39.78738,1.600357,0.9529343,-0.9984866,0.02955073,-0.04638517,-2.465057,-0.1317769,0.0872612,-39.7857,0.7934886,0.7307892,-0.4918166,-0.6888155,-0.5325875,-2.246475,-0.2572238,-0.2337456,-39.90316,0.851638,1.15321,-0.7936152,-0.5807219,0.1814862,-2.996635,0.2939075,-0.4723549,-0.1804264
1736099896559,-39.78738,1.600357,0.9529343,-0.9984866,0.02955073,-0.04638517,0,0,0,-39.7857,0.7934886,0.7307892,-0.4918166,-0.6888155,-0.5325875,0,0,0,-39.90316,0.851638,1.15321,-0.7936152,-0.5807219,0.1814862,0,0,0,-0.1804264
1736099896582,-39.82038,1.59726,0.9524345,-0.9976566,0.03295242,-0.05996776,-2.475643,-0.2322793,-0.0374794,-39.81527,0.7890708,0.7268295,-0.4665335,-0.692772,-0.5499215,-2.217579,-0.3313288,-0.2969742,-39.94413,0.8539524,1.147106,-0.8073905,-0.5674554,0.1616027,-3.073025,0.1735836,-0.4577637,-0.1804264
1736099896587,-39.82038,1.59726,0.9524345,-0.9976566,0.03295242,-0.05996776,0,0,0,-39.81527,0.7890708,0.7268295,-0.4665335,-0.692772,-0.5499215,0,0,0,-39.94413,0.8539524,1.147106,-0.8073905,-0.5674554,0.1616027,0,0,0,-0.1804264
1736099896611,-39.85367,1.592975,0.9473801,-0.99687,0.03674337,-0.07000279,-2.496243,-0.3214002,-0.3790855,-39.84405,0.7829669,0.7233887,-0.4399821,-0.6997608,-0.5628066,-2.158356,-0.4577994,-0.2580643,-39.98461,0.8542629,1.141598,-0.8179181,-0.5551004,0.1512406,-3.035831,0.02329051,-0.4131317,-0.1804264
1736099896615,-39.85367,1.592975,0.9473801,-0.99687,0.03674337,-0.07000279,0,0,0,-39.84405,0.7829669,0.7233887,-0.4399821,-0.6997608,-0.5628066,0,0,0,-39.98461,0.8542629,1.141598,-0.8179181,-0.5551004,0.1512406,0,0,0,-0.1804264
1736099896639,-39.88653,1.587562,0.9421387,-0.9961276,0.04246318,-0.07698691,-2.464771,-0.4059434,-0.3931046,-39.87503,0.7742208,0.7207375,-0.4232264,-0.708042,-0.5652936,-2.323437,-0.6559521,-0.1988411,-40.02557,0.8532844,1.136806,-0.8265291,-0.5422245,0.151137,-3.072166,-0.07339418,-0.3593445,-0.1804264
1736099896643,-39.88653,1.587562,0.9421387,-0.9961276,0.04246318,-0.07698691,0,0,0,-39.87503,0.7742208,0.7207375,-0.4232264,-0.708042,-0.5652936,0,0,0,-40.02557,0.8532844,1.136806,-0.8265291,-0.5422245,0.151137,0,0,0,-0.1804264
1736099896666,-39.92085,1.58166,0.9365387,-0.9956008,0.04523055,-0.08205938,-2.573776,-0.4426539,-0.4199982,-39.90566,0.7649162,0.7174416,-0.4150334,-0.7126427,-0.5655868,-2.297401,-0.6978437,-0.2471924,-40.06402,0.8477901,1.136105,-0.8342068,-0.5305431,0.1504103,-2.883339,-0.4120678,-0.05264282,-0.1804264
1736099896672,-39.92085,1.58166,0.9365387,-0.9956008,0.04523055,-0.08205938,0,0,0,-39.90566,0.7649162,0.7174416,-0.4150334,-0.7126427,-0.5655868,0,0,0,-40.06402,0.8477901,1.136105,-0.8342068,-0.5305431,0.1504103,0,0,0,-0.1804264
1736099896695,-39.95597,1.577345,0.9296074,-0.9954853,0.0447846,-0.08369017,-2.63443,-0.3236532,-0.5198479,-39.93943,0.7557403,0.7132835,-0.4085855,-0.7165552,-0.5653384,-2.53315,-0.6881967,-0.3118515,-40.10147,0.8424486,1.132336,-0.84088,-0.5199834,0.1501278,-2.808666,-0.4006147,-0.2826691,-0.1804264
1736099896699,-39.95597,1.577345,0.9296074,-0.9954853,0.0447846,-0.08369017,0,0,0,-39.93943,0.7557403,0.7132835,-0.4085855,-0.7165552,-0.5653384,0,0,0,-40.10147,0.8424486,1.132336,-0.84088,-0.5199834,0.1501278,0,0,0,-0.1804264
1736099896722,-39.99134,1.573707,0.9231529,-0.9955373,0.0483404,-0.08105111,-2.652168,-0.2727985,-0.4840851,-39.97387,0.7489318,0.7080345,-0.3976336,-0.721333,-0.5670688,-2.582932,-0.510639,-0.3936768,-40.13606,0.8403659,1.129299,-0.8410183,-0.5172035,0.1587107,-2.594376,-0.1562029,-0.2277374,-0.1804264
1736099896727,-39.99134,1.573707,0.9231529,-0.9955373,0.0483404,-0.08105111,0,0,0,-39.97387,0.7489318,0.7080345,-0.3976336,-0.721333,-0.5670688,0,0,0,-40.13606,0.8403659,1.129299,-0.8410183,-0.5172035,0.1587107,0,0,0,-0.1804264
1736099896750,-40.02591,1.570174,0.9170952,-0.9958328,0.04282247,-0.08052182,-2.593231,-0.2650201,-0.4543304,-40.01136,0.7456428,0.7020264,-0.3887531,-0.7263117,-0.5668714,-2.811241,-0.2466738,-0.4506111,-40.16825,0.8394883,1.127583,-0.8352443,-0.5239145,0.166976,-2.414131,-0.06582141,-0.128746,-0.1804264
1736099896755,-40.02591,1.570174,0.9170952,-0.9958328,0.04282247,-0.08052182,0,0,0,-40.01136,0.7456428,0.7020264,-0.3887531,-0.7263117,-0.5668714,0,0,0,-40.16825,0.8394883,1.127583,-0.8352443,-0.5239145,0.166976,0,0,0,-0.1804264
1736099896778,-40.06254,1.579631,0.9107895,-0.9959576,0.04125656,-0.07979333,-2.746868,0.7093191,-0.4729271,-40.0507,0.7464287,0.6945343,-0.3860635,-0.7240442,-0.5715904,-2.950573,0.05894601,-0.5619049,-40.19967,0.8377253,1.124561,-0.8292891,-0.5299474,0.1773013,-2.356339,-0.132224,-0.226593,-0.1804264
1736099896783,-40.06254,1.579631,0.9107895,-0.9959576,0.04125656,-0.07979333,0,0,0,-40.0507,0.7464287,0.6945343,-0.3860635,-0.7240442,-0.5715904,0,0,0,-40.19967,0.8377253,1.124561,-0.8292891,-0.5299474,0.1773013,0,0,0,-0.1804264
1736099896805,-40.09913,1.582855,0.9044647,-0.9965618,0.05419204,-0.06267285,-2.744579,0.2418101,-0.4743576,-40.08882,0.7527926,0.6884689,-0.3868357,-0.7269291,-0.5673909,-2.85902,0.4772902,-0.4549026,-40.2259,0.8356156,1.124432,-0.8079428,-0.5497928,0.2120297,-1.967525,-0.1582235,-0.009727478,-0.1804264
1736099896810,-40.09913,1.582855,0.9044647,-0.9965618,0.05419204,-0.06267285,0,0,0,-40.08882,0.7527926,0.6884689,-0.3868357,-0.7269291,-0.5673909,0,0,0,-40.2259,0.8356156,1.124432,-0.8079428,-0.5497928,0.2120297,0,0,0,-0.1804264
1736099896815,-40.09913,1.582855,0.9044647,-0.9965618,0.05419204,-0.06267285,0,0,0,-40.08882,0.7527926,0.6884689,-0.3868357,-0.7269291,-0.5673909,0,0,0,-40.2259,0.8356156,1.124432,-0.8079428,-0.5497928,0.2120297,0,0,0,-0.1804264
1736099896833,-40.13313,1.584808,0.8994751,-0.996754,0.05126899,-0.06207335,-2.549458,0.1464307,-0.3742218,-40.13305,0.7635868,0.6850166,-0.4338311,-0.7087142,-0.5563412,-3.317642,0.8095667,-0.2589226,-40.25275,0.8377942,1.120483,-0.7840241,-0.5735633,0.2373434,-2.01416,0.1633912,-0.2961159,-0.1804264
1736099896838,-40.13313,1.584808,0.8994751,-0.996754,0.05126899,-0.06207335,0,0,0,-40.13305,0.7635868,0.6850166,-0.4338311,-0.7087142,-0.5563412,0,0,0,-40.25275,0.8377942,1.120483,-0.7840241,-0.5735633,0.2373434,0,0,0,-0.1804264
1736099896861,-40.16734,1.58841,0.8953094,-0.9973425,0.03602384,-0.06332886,-2.566051,0.2701879,-0.3124237,-40.17704,0.773123,0.6827431,-0.4927628,-0.6904743,-0.5295566,-3.299332,0.715211,-0.170517,-40.27956,0.8414366,1.114376,-0.7797002,-0.5827099,0.2291664,-2.010155,0.273183,-0.4580498,-0.1804264
1736099896866,-40.16734,1.58841,0.8953094,-0.9973425,0.03602384,-0.06332886,0,0,0,-40.17704,0.773123,0.6827431,-0.4927628,-0.6904743,-0.5295566,0,0,0,-40.27956,0.8414366,1.114376,-0.7797002,-0.5827099,0.2291664,0,0,0,-0.1804264
1736099896887,-40.20155,1.592604,0.8917046,-0.9976114,0.03239493,-0.06101072,-2.566051,0.3145427,-0.2703667,-40.22185,0.7838377,0.6772385,-0.5343623,-0.6726928,-0.5118029,-3.360271,0.8036077,-0.4128456,-40.3055,0.845903,1.107967,-0.7900019,-0.5816614,0.193823,-1.945496,0.3349811,-0.4806519,-0.1804264
1736099896892,-40.20155,1.592604,0.8917046,-0.9976114,0.03239493,-0.06101072,0,0,0,-40.22185,0.7838377,0.6772385,-0.5343623,-0.6726928,-0.5118029,0,0,0,-40.3055,0.845903,1.107967,-0.7900019,-0.5816614,0.193823,0,0,0,-0.1804264
1736099896916,-40.23565,1.598266,0.8893166,-0.9978485,0.03073284,-0.05791414,-2.557468,0.4246384,-0.1791,-40.26574,0.7946151,0.6691322,-0.5457408,-0.6512118,-0.5273428,-3.292179,0.808306,-0.6079674,-40.33128,0.850328,1.105495,-0.7904888,-0.5858496,0.178628,-1.934052,0.3318697,-0.1853943,-0.1804264
1736099896920,-40.23565,1.598266,0.8893166,-0.9978485,0.03073284,-0.05791414,0,0,0,-40.26574,0.7946151,0.6691322,-0.5457408,-0.6512118,-0.5273428,0,0,0,-40.33128,0.850328,1.105495,-0.7904888,-0.5858496,0.178628,0,0,0,-0.1804264
1736099896944,-40.26876,1.6007,0.8880806,-0.998316,0.02263443,-0.05341458,-2.483368,0.1825154,-0.09269714,-40.30854,0.8050696,0.662941,-0.5449765,-0.6315868,-0.5514518,-3.209496,0.7840812,-0.464344,-40.35888,0.8536476,1.106068,-0.7760151,-0.596221,0.2057219,-2.069664,0.2489716,0.04291534,-0.1804264
1736099896949,-40.26876,1.6007,0.8880806,-0.998316,0.02263443,-0.05341458,0,0,0,-40.30854,0.8050696,0.662941,-0.5449765,-0.6315868,-0.5514518,0,0,0,-40.35888,0.8536476,1.106068,-0.7760151,-0.596221,0.2057219,0,0,0,-0.1804264
1736099896972,-40.30174,1.602573,0.8871384,-0.998549,0.01601689,-0.05141687,-2.473354,0.1404762,-0.07066727,-40.35138,0.8148272,0.6609688,-0.5571097,-0.6216394,-0.5506306,-3.213215,0.7318228,-0.1479149,-40.38734,0.8550552,1.107594,-0.7631881,-0.6002992,0.2391341,-2.134609,0.1055717,0.1144409,-0.1804264
1736099896977,-40.30174,1.602573,0.8871384,-0.998549,0.01601689,-0.05141687,0,0,0,-40.35138,0.8148272,0.6609688,-0.5571097,-0.6216394,-0.5506306,0,0,0,-40.38734,0.8550552,1.107594,-0.7631881,-0.6002992,0.2391341,0,0,0,-0.1804264
1736099897000,-40.33477,1.60301,0.8863983,-0.9986168,0.01568449,-0.05018926,-2.476788,0.03283024,-0.05550385,-40.39379,0.8223175,0.6627045,-0.5924767,-0.6110321,-0.5249872,-3.180885,0.5617708,0.1301765,-40.41574,0.8540639,1.107456,-0.7585222,-0.6031169,0.246768,-2.129745,-0.07435083,-0.01029968,-0.1804264
1736099897006,-40.33477,1.60301,0.8863983,-0.9986168,0.01568449,-0.05018926,0,0,0,-40.39379,0.8223175,0.6627045,-0.5924767,-0.6110321,-0.5249872,0,0,0,-40.41574,0.8540639,1.107456,-0.7585222,-0.6031169,0.246768,0,0,0,-0.1804264
1736099897029,-40.37008,1.600848,0.8856659,-0.9986462,0.01663689,-0.04928541,-2.648735,-0.1621664,-0.05493164,-40.43577,0.8281801,0.6634369,-0.627722,-0.5950117,-0.5019228,-3.148556,0.4396945,0.05493164,-40.4465,0.8504075,1.108196,-0.7576517,-0.6042069,0.2467754,-2.307415,-0.274229,0.05550385,-0.1804264
1736099897035,-40.37008,1.600848,0.8856659,-0.9986462,0.01663689,-0.04928541,0,0,0,-40.43577,0.8281801,0.6634369,-0.627722,-0.5950117,-0.5019228,0,0,0,-40.4465,0.8504075,1.108196,-0.7576517,-0.6042069,0.2467754,0,0,0,-0.1804264
1736099897057,-40.40431,1.597822,0.8856506,-0.998688,0.02003834,-0.04713035,-2.56691,-0.2269864,-0.001144409,-40.47773,0.8310624,0.6634712,-0.6573313,-0.5743191,-0.4879272,-3.147125,0.2161771,0.002574921,-40.48017,0.8447649,1.109997,-0.7547103,-0.6024467,0.259751,-2.524853,-0.42319,0.1350403,-0.1804264
1736099897063,-40.40431,1.597822,0.8856506,-0.998688,0.02003834,-0.04713035,0,0,0,-40.47773,0.8310624,0.6634712,-0.6573313,-0.5743191,-0.4879272,0,0,0,-40.48017,0.8447649,1.109997,-0.7547103,-0.6024467,0.259751,0,0,0,-0.1804264
1736099897068,-40.40431,1.597822,0.8856506,-0.998688,0.02003834,-0.04713035,0,0,0,-40.47773,0.8310624,0.6634712,-0.6573313,-0.5743191,-0.4879272,0,0,0,-40.48017,0.8447649,1.109997,-0.7547103,-0.6024467,0.259751,0,0,0,-0.1804264
1736099897083,-40.43852,1.593168,0.8844376,-0.99861,0.02538921,-0.04619229,-2.565765,-0.3490448,-0.09098053,-40.51772,0.8315482,0.6625481,-0.671516,-0.5615471,-0.483458,-2.998924,0.03643334,-0.06923676,-40.51464,0.8376888,1.111549,-0.7492096,-0.6024746,0.2751536,-2.585506,-0.5307108,0.1164436,-0.1804264
1736099897087,-40.43852,1.593168,0.8844376,-0.99861,0.02538921,-0.04619229,0,0,0,-40.51772,0.8315482,0.6625481,-0.671516,-0.5615471,-0.483458,0,0,0,-40.51464,0.8376888,1.111549,-0.7492096,-0.6024746,0.2751536,0,0,0,-0.1804264
1736099897111,-40.47281,1.588223,0.8847351,-0.9984987,0.02921572,-0.04633892,-2.57206,-0.3708959,0.02231598,-40.55474,0.8307214,0.6612701,-0.6804947,-0.551645,-0.4823024,-2.776623,-0.06201267,-0.09584427,-40.54681,0.8316519,1.112965,-0.743221,-0.6045651,0.2865729,-2.412701,-0.4527658,0.106144,-0.1804264
1736099897150,-40.50751,1.582126,0.8855209,-0.9983061,0.03182162,-0.04871213,-2.6021,-0.4572272,0.05893707,-40.59037,0.8267103,0.6593246,-0.6801333,-0.5461588,-0.489009,-2.671909,-0.3008276,-0.1459122,-40.58255,0.8238701,1.111794,-0.7400262,-0.6068791,0.28993,-2.680206,-0.5836397,-0.0878334,-0.1804264
1736099897154,-40.50751,1.582126,0.8855209,-0.9983061,0.03182162,-0.04871213,0,0,0,-40.59037,0.8267103,0.6593246,-0.6801333,-0.5461588,-0.489009,0,0,0,-40.58255,0.8238701,1.111794,-0.7400262,-0.6068791,0.28993,0,0,0,-0.1804264
1736099897189,-40.56073,1.57469,0.8861313,-0.9976685,0.02565374,-0.0632472,-3.991985,-0.5576938,0.04577637,-40.63902,0.8159204,0.6551819,-0.6589053,-0.5484285,-0.5148503,-3.648949,-0.8092448,-0.3107071,-40.64008,0.8119529,1.108471,-0.7466908,-0.6072307,0.2715215,-4.314995,-0.893788,-0.2491951,-0.1804264
1736099897194,-40.56073,1.57469,0.8861313,-0.9976685,0.02565374,-0.0632472,0,0,0,-40.63902,0.8159204,0.6551819,-0.6589053,-0.5484285,-0.5148503,0,0,0,-40.64008,0.8119529,1.108471,-0.7466908,-0.6072307,0.2715215,0,0,0,-0.1804264
1736099897199,-40.56073,1.57469,0.8861313,-0.9976685,0.02565374,-0.0632472,0,0,0,-40.63902,0.8159204,0.6551819,-0.6589053,-0.5484285,-0.5148503,0,0,0,-40.64008,0.8119529,1.108471,-0.7466908,-0.6072307,0.2715215,0,0,0,-0.1804264
1736099897218,-40.61366,1.569001,0.8888588,-0.9965264,0.03441169,-0.07583916,-3.969383,-0.4266679,0.2045631,-40.68065,0.8032252,0.6508942,-0.6152153,-0.5725326,-0.5419569,-3.12252,-0.952144,-0.321579,-40.70105,0.805629,1.104458,-0.748829,-0.6088141,0.2619174,-4.572773,-0.474295,-0.3009796,-0.1804264
1736099897223,-40.61366,1.569001,0.8888588,-0.9965264,0.03441169,-0.07583916,0,0,0,-40.68065,0.8032252,0.6508942,-0.6152153,-0.5725326,-0.5419569,0,0,0,-40.70105,0.805629,1.104458,-0.748829,-0.6088141,0.2619174,0,0,0,-0.1804264
1736099897227,-40.61366,1.569001,0.8888588,-0.9965264,0.03441169,-0.07583916,0,0,0,-40.68065,0.8032252,0.6508942,-0.6152153,-0.5725326,-0.5419569,0,0,0,-40.70105,0.805629,1.104458,-0.748829,-0.6088141,0.2619174,0,0,0,-0.1804264
1736099897232,-40.61366,1.569001,0.8888588,-0.9965264,0.03441169,-0.07583916,0,0,0,-40.68065,0.8032252,0.6508942,-0.6152153,-0.5725326,-0.5419569,0,0,0,-40.70105,0.805629,1.104458,-0.748829,-0.6088141,0.2619174,0,0,0,-0.1804264
1736099897246,-40.65071,1.575564,0.8907852,-0.9957893,0.02566616,-0.0880096,-2.778912,0.4921943,0.1444817,-40.70617,0.7952788,0.6473961,-0.5793502,-0.5906981,-0.5616316,-1.914024,-0.5959779,-0.2623558,-40.744,0.8043405,1.102631,-0.7514337,-0.6050749,0.2631197,-3.22094,-0.09663552,-0.137043,-0.1804264
1736099897251,-40.65071,1.575564,0.8907852,-0.9957893,0.02566616,-0.0880096,0,0,0,-40.70617,0.7952788,0.6473961,-0.5793502,-0.5906981,-0.5616316,0,0,0,-40.744,0.8043405,1.102631,-0.7514337,-0.6050749,0.2631197,0,0,0,-0.1804264
1736099897273,-40.68724,1.583625,0.8919334,-0.9944125,0.05242777,-0.09162605,-2.739429,0.6046057,0.08611679,-40.72659,0.7903033,0.6430511,-0.5306443,-0.6008193,-0.5978576,-1.530933,-0.3731623,-0.3258705,-40.78255,0.8045163,1.100311,-0.7461442,-0.6093736,0.2682034,-2.89135,0.01318753,-0.1739502,-0.1804264
1736099897278,-40.68724,1.583625,0.8919334,-0.9944125,0.05242777,-0.09162605,0,0,0,-40.72659,0.7903033,0.6430511,-0.5306443,-0.6008193,-0.5978576,0,0,0,-40.78255,0.8045163,1.100311,-0.7461442,-0.6093736,0.2682034,0,0,0,-0.1804264
1736099897301,-40.72256,1.584616,0.8916092,-0.9942126,0.0686349,-0.08265102,-2.649593,0.07429719,-0.0243187,-40.74215,0.7895089,0.6426468,-0.4520528,-0.6363587,-0.625057,-1.167011,-0.05957633,-0.03032684,-40.82116,0.8087786,1.095982,-0.7349562,-0.6249229,0.26327,-2.895641,0.3196746,-0.3247261,-0.1804264
1736099897306,-40.72256,1.584616,0.8916092,-0.9942126,0.0686349,-0.08265102,0,0,0,-40.74215,0.7895089,0.6426468,-0.4520528,-0.6363587,-0.625057,0,0,0,-40.82116,0.8087786,1.095982,-0.7349562,-0.6249229,0.26327,0,0,0,-0.1804264
1736099897329,-40.756,1.586028,0.8908501,-0.9952128,0.05214915,-0.08265722,-2.507687,0.1058936,-0.05693436,-40.7631,0.788646,0.6461601,-0.4222192,-0.6730398,-0.6072469,-1.571274,-0.06471723,0.2635002,-40.86521,0.8213886,1.088638,-0.7538475,-0.6088228,0.2470811,-3.304195,0.9457469,-0.5507469,-0.1804264
1736099897334,-40.756,1.586028,0.8908501,-0.9952128,0.05214915,-0.08265722,0,0,0,-40.7631,0.788646,0.6461601,-0.4222192,-0.6730398,-0.6072469,0,0,0,-40.86521,0.8213886,1.088638,-0.7538475,-0.6088228,0.2470811,0,0,0,-0.1804264
1736099897359,-40.79028,1.590832,0.8883743,-0.9948796,0.04017279,-0.09274042,-2.570915,0.3603458,-0.1856804,-40.78798,0.7896202,0.6487007,-0.4498175,-0.6822474,-0.5763711,-1.865959,0.07306337,0.1905441,-40.90878,0.8342445,1.078426,-0.7891425,-0.5844646,0.1888272,-3.26786,0.9641916,-0.7658958,-0.1804264
1736099897363,-40.79028,1.590832,0.8883743,-0.9948796,0.04017279,-0.09274042,0,0,0,-40.78798,0.7896202,0.6487007,-0.4498175,-0.6822474,-0.5763711,0,0,0,-40.90878,0.8342445,1.078426,-0.7891425,-0.5844646,0.1888272,0,0,0,-0.1804264
1736099897387,-40.82461,1.595338,0.8853989,-0.9942294,0.0533443,-0.09307325,-2.574921,0.3379047,-0.2231598,-40.81395,0.7939263,0.6471977,-0.4776672,-0.6680517,-0.5705624,-1.947784,0.3229558,-0.1127243,-40.94991,0.8423531,1.072338,-0.8045988,-0.5765336,0.1422325,-3.084755,0.6081462,-0.4566193,-0.1804264
1736099897392,-40.82461,1.595338,0.8853989,-0.9942294,0.0533443,-0.09307325,0,0,0,-40.81395,0.7939263,0.6471977,-0.4776672,-0.6680517,-0.5705624,0,0,0,-40.94991,0.8423531,1.072338,-0.8045988,-0.5765336,0.1422325,0,0,0,-0.1804264
1736099897416,-40.85833,1.600229,0.8812294,-0.9942445,0.04946838,-0.0950309,-2.528572,0.3668547,-0.3127098,-40.84105,0.7990097,0.6409187,-0.4468822,-0.6646017,-0.5988334,-2.032471,0.3812537,-0.4709244,-40.99201,0.8510396,1.06958,-0.8136497,-0.5594991,0.1579092,-3.157139,0.6514907,-0.206852,-0.1804264
1736099897420,-40.85833,1.600229,0.8812294,-0.9942445,0.04946838,-0.0950309,0,0,0,-40.84105,0.7990097,0.6409187,-0.4468822,-0.6646017,-0.5988334,0,0,0,-40.99201,0.8510396,1.06958,-0.8136497,-0.5594991,0.1579092,0,0,0,-0.1804264
1736099897444,-40.89118,1.601491,0.8763504,-0.9940907,0.0393679,-0.1011646,-2.463913,0.09464622,-0.3659248,-40.86686,0.8019041,0.6369095,-0.3979393,-0.6812478,-0.6144481,-1.936054,0.2170846,-0.3006935,-41.03259,0.8588661,1.065063,-0.8190712,-0.5470181,0.1728984,-3.04327,0.5869836,-0.3387451,-0.1804264
1736099897449,-40.89118,1.601491,0.8763504,-0.9940907,0.0393679,-0.1011646,0,0,0,-40.86686,0.8019041,0.6369095,-0.3979393,-0.6812478,-0.6144481,0,0,0,-41.03259,0.8588661,1.065063,-0.8190712,-0.5470181,0.1728984,0,0,0,-0.1804264
1736099897472,-40.92422,1.602525,0.8705978,-0.9934844,0.03124733,-0.1096015,-2.478218,0.07753372,-0.4314423,-40.89461,0.8011297,0.6350174,-0.394981,-0.6865132,-0.6104834,-2.081394,-0.05808324,-0.1419067,-41.07185,0.8651317,1.05764,-0.8260906,-0.539826,0.1617479,-2.945137,0.469923,-0.5567551,-0.1804264
1736099897477,-40.92422,1.602525,0.8705978,-0.9934844,0.03124733,-0.1096015,0,0,0,-40.89461,0.8011297,0.6350174,-0.394981,-0.6865132,-0.6104834,0,0,0,-41.07185,0.8651317,1.05764,-0.8260906,-0.539826,0.1617479,0,0,0,-0.1804264
1736099897481,-40.92422,1.602525,0.8705978,-0.9934844,0.03124733,-0.1096015,0,0,0,-40.89461,0.8011297,0.6350174,-0.394981,-0.6865132,-0.6104834,0,0,0,-41.07185,0.8651317,1.05764,-0.8260906,-0.539826,0.1617479,0,0,0,-0.1804264
1736099897500,-40.9571,1.6011,0.8640671,-0.9926922,0.02889371,-0.1171652,-2.466202,-0.1068592,-0.4898071,-40.92359,0.7979605,0.6312752,-0.3983811,-0.6843786,-0.6106704,-2.173519,-0.2376884,-0.2806664,-41.11102,0.8702691,1.047337,-0.8374591,-0.5311271,0.1287111,-2.937698,0.3852993,-0.7727623,-0.1804264
1736099897505,-40.9571,1.6011,0.8640671,-0.9926922,0.02889371,-0.1171652,0,0,0,-40.92359,0.7979605,0.6312752,-0.3983811,-0.6843786,-0.6106704,0,0,0,-41.11102,0.8702691,1.047337,-0.8374591,-0.5311271,0.1287111,0,0,0,-0.1804264
1736099897528,-40.98974,1.598774,0.8577881,-0.991779,0.02654216,-0.125182,-2.447605,-0.1744688,-0.4709244,-40.9527,0.793407,0.62603,-0.3872612,-0.6850294,-0.617061,-2.183247,-0.3415123,-0.3933907,-41.14779,0.8731885,1.03735,-0.8489238,-0.5203121,0.0927583,-2.757454,0.2189577,-0.7490158,-0.1804264
1736099897533,-40.98974,1.598774,0.8577881,-0.991779,0.02654216,-0.125182,0,0,0,-40.9527,0.793407,0.62603,-0.3872612,-0.6850294,-0.617061,0,0,0,-41.14779,0.8731885,1.03735,-0.8489238,-0.5203121,0.0927583,0,0,0,-0.1804264
1736099897556,-41.02234,1.595088,0.8486443,-0.9905412,0.02512382,-0.1348971,-2.445316,-0.2764553,-0.6857872,-40.98314,0.7866043,0.6200867,-0.3655345,-0.6871372,-0.6278751,-2.28281,-0.5102009,-0.4457474,-41.18565,0.8737658,1.02729,-0.8581659,-0.5096878,0.06139868,-2.839279,0.04329979,-0.7544518,-0.1804264
1736099897560,-41.02234,1.595088,0.8486443,-0.9905412,0.02512382,-0.1348971,0,0,0,-40.98314,0.7866043,0.6200867,-0.3655345,-0.6871372,-0.6278751,0,0,0,-41.18565,0.8737658,1.02729,-0.8581659,-0.5096878,0.06139868,0,0,0,-0.1804264
1736099897584,-41.05503,1.590537,0.8397446,-0.9896677,0.02578937,-0.1410434,-2.451324,-0.34132,-0.6674767,-41.01367,0.7787554,0.6158905,-0.346919,-0.6930591,-0.6319152,-2.289677,-0.5886734,-0.3147125,-41.22411,0.8728625,1.017879,-0.8660781,-0.4978112,0.04575187,-2.884483,-0.0677526,-0.7058144,-0.1804264
1736099897588,-41.05503,1.590537,0.8397446,-0.9896677,0.02578937,-0.1410434,0,0,0,-41.01367,0.7787554,0.6158905,-0.346919,-0.6930591,-0.6319152,0,0,0,-41.22411,0.8728625,1.017879,-0.8660781,-0.4978112,0.04575187,0,0,0,-0.1804264
1736099897612,-41.08783,1.585423,0.832119,-0.9889848,0.02690934,-0.1455518,-2.46048,-0.3835827,-0.5719185,-41.04498,0.7691541,0.6116257,-0.3380017,-0.7015526,-0.6273592,-2.348614,-0.7200971,-0.3198624,-41.26177,0.8692167,1.008572,-0.873035,-0.4856699,0.04398799,-2.824688,-0.2734333,-0.6980896,-0.1804264
1736099897617,-41.08783,1.585423,0.832119,-0.9889848,0.02690934,-0.1455518,0,0,0,-41.04498,0.7691541,0.6116257,-0.3380017,-0.7015526,-0.6273592,0,0,0,-41.26177,0.8692167,1.008572,-0.873035,-0.4856699,0.04398799,0,0,0,-0.1804264
1736099897640,-41.12095,1.579569,0.8229713,-0.988692,0.03161535,-0.1465917,-2.48394,-0.4389882,-0.6860733,-41.07788,0.759522,0.6068687,-0.3360339,-0.7090306,-0.6199654,-2.467632,-0.7224038,-0.3567696,-41.29977,0.8656559,0.9997253,-0.8777803,-0.4762635,0.05172414,-2.849865,-0.2670586,-0.6634712,-0.1804264
1736099897644,-41.12095,1.579569,0.8229713,-0.988692,0.03161535,-0.1465917,0,0,0,-41.07788,0.759522,0.6068687,-0.3360339,-0.7090306,-0.6199654,0,0,0,-41.29977,0.8656559,0.9997253,-0.8777803,-0.4762635,0.05172414,0,0,0,-0.1804264
1736099897668,-41.15498,1.576019,0.8146706,-0.988983,0.03581635,-0.1436327,-2.551746,-0.2663076,-0.6225586,-41.11353,0.7495093,0.5995941,-0.3399048,-0.7139096,-0.6122078,-2.673054,-0.7509515,-0.5455971,-41.33616,0.8610741,0.9905701,-0.8808441,-0.4693391,0.0619269,-2.729416,-0.3436357,-0.6866455,-0.1804264
1736099897672,-41.15498,1.576019,0.8146706,-0.988983,0.03581635,-0.1436327,0,0,0,-41.11353,0.7495093,0.5995941,-0.3399048,-0.7139096,-0.6122078,0,0,0,-41.33616,0.8610741,0.9905701,-0.8808441,-0.4693391,0.0619269,0,0,0,-0.1804264
1736099897695,-41.18945,1.572421,0.8060875,-0.9898438,0.04060577,-0.1362375,-2.585506,-0.2698481,-0.6437302,-41.15015,0.743221,0.5920715,-0.3398536,-0.7172794,-0.608285,-2.746582,-0.4716262,-0.5641937,-41.36947,0.8565984,0.9816437,-0.8804196,-0.4688071,0.0712871,-2.498245,-0.3356785,-0.6694794,-0.1804264
1736099897700,-41.18945,1.572421,0.8060875,-0.9898438,0.04060577,-0.1362375,0,0,0,-41.15015,0.743221,0.5920715,-0.3398536,-0.7172794,-0.608285,0,0,0,-41.36947,0.8565984,0.9816437,-0.8804196,-0.4688071,0.0712871,0,0,0,-0.1804264
1736099897723,-41.22402,1.56957,0.7966766,-0.9909681,0.03929698,-0.1282134,-2.592659,-0.2137899,-0.7058144,-41.18839,0.7389119,0.583683,-0.3373517,-0.723367,-0.6024404,-2.868462,-0.3231838,-0.6291389,-41.40012,0.8531553,0.9733391,-0.8758847,-0.4763909,0.07666928,-2.298546,-0.2582341,-0.6228447,-0.1804264
1736099897728,-41.22402,1.56957,0.7966766,-0.9909681,0.03929698,-0.1282134,0,0,0,-41.18839,0.7389119,0.583683,-0.3373517,-0.723367,-0.6024404,0,0,0,-41.40012,0.8531553,0.9733391,-0.8758847,-0.4763909,0.07666928,0,0,0,-0.1804264
1736099897751,-41.26056,1.577939,0.7864609,-0.9921175,0.0284562,-0.1220396,-2.740288,0.6276995,-0.7661819,-41.22886,0.7384123,0.574173,-0.3384005,-0.7248983,-0.6000063,-3.034973,-0.03746599,-0.713253,-41.42832,0.8515434,0.9672241,-0.8700665,-0.4854179,0.08575642,-2.11544,-0.1208872,-0.458622,-0.1804264
1736099897755,-41.26056,1.577939,0.7864609,-0.9921175,0.0284562,-0.1220396,0,0,0,-41.22886,0.7384123,0.574173,-0.3384005,-0.7248983,-0.6000063,0,0,0,-41.42832,0.8515434,0.9672241,-0.8700665,-0.4854179,0.08575642,0,0,0,-0.1804264
1736099897779,-41.29748,1.582703,0.7758751,-0.9935333,0.03534602,-0.1079022,-2.76947,0.3572702,-0.7939339,-41.26973,0.7469938,0.5650673,-0.3510053,-0.7247604,-0.59289,-3.065586,0.6436139,-0.6829262,-41.45208,0.8506091,0.9628105,-0.8516024,-0.5107394,0.1179785,-1.781559,-0.07007718,-0.3310204,-0.1804264
1736099897784,-41.29748,1.582703,0.7758751,-0.9935333,0.03534602,-0.1079022,0,0,0,-41.26973,0.7469938,0.5650673,-0.3510053,-0.7247604,-0.59289,0,0,0,-41.45208,0.8506091,0.9628105,-0.8516024,-0.5107394,0.1179785,0,0,0,-0.1804264
1736099897807,-41.3324,1.586259,0.7669411,-0.993659,0.03239713,-0.1076671,-2.61898,0.2667278,-0.6700516,-41.31272,0.758956,0.5579643,-0.3962678,-0.7065856,-0.5862675,-3.224087,0.8971632,-0.5327225,-41.47436,0.8523656,0.9568596,-0.828005,-0.5432674,0.1388118,-1.67141,0.1317412,-0.4463196,-0.1804264
1736099897811,-41.3324,1.586259,0.7669411,-0.993659,0.03239713,-0.1076671,0,0,0,-41.31272,0.758956,0.5579643,-0.3962678,-0.7065856,-0.5862675,0,0,0,-41.47436,0.8523656,0.9568596,-0.828005,-0.5432674,0.1388118,0,0,0,-0.1804264
1736099897815,-41.3324,1.586259,0.7669411,-0.993659,0.03239713,-0.1076671,0,0,0,-41.31272,0.758956,0.5579643,-0.3962678,-0.7065856,-0.5862675,0,0,0,-41.47436,0.8523656,0.9568596,-0.828005,-0.5432674,0.1388118,0,0,0,-0.1804264
1736099897834,-41.36664,1.588079,0.7569466,-0.9940159,0.01540439,-0.1081445,-2.568054,0.1364708,-0.749588,-41.35969,0.7714328,0.552269,-0.4722624,-0.6836022,-0.556468,-3.522778,0.9357557,-0.4271507,-41.49885,0.8564414,0.9478493,-0.8212515,-0.5591193,0.1137193,-1.836491,0.3056824,-0.6757736,-0.1804264
1736099897839,-41.36664,1.588079,0.7569466,-0.9940159,0.01540439,-0.1081445,0,0,0,-41.35969,0.7714328,0.552269,-0.4722624,-0.6836022,-0.556468,0,0,0,-41.49885,0.8564414,0.9478493,-0.8212515,-0.5591193,0.1137193,0,0,0,-0.1804264
1736099897862,-41.40122,1.592868,0.7512856,-0.9948985,0.008151419,-0.1005512,-2.593231,0.3591835,-0.4245758,-41.40525,0.7822681,0.5422859,-0.5137905,-0.6644865,-0.5426579,-3.416634,0.8126512,-0.7487297,-41.52367,0.8598272,0.9415169,-0.8256782,-0.5569772,0.08962452,-1.861954,0.2539337,-0.4749298,-0.1804264
1736099897867,-41.40122,1.592868,0.7512856,-0.9948985,0.008151419,-0.1005512,0,0,0,-41.40525,0.7822681,0.5422859,-0.5137905,-0.6644865,-0.5426579,0,0,0,-41.52367,0.8598272,0.9415169,-0.8256782,-0.5569772,0.08962452,0,0,0,-0.1804264
1736099897890,-41.43535,1.597686,0.7436562,-0.9960619,0.005726895,-0.08847773,-2.560043,0.3613293,-0.5722046,-41.45074,0.7919477,0.5285683,-0.5209799,-0.6445307,-0.5596076,-3.41177,0.7259712,-1.028824,-41.54973,0.8627647,0.9396744,-0.8264027,-0.5545681,0.09753639,-1.954365,0.2203166,-0.1381874,-0.1804264
1736099897895,-41.43535,1.597686,0.7436562,-0.9960619,0.005726895,-0.08847773,0,0,0,-41.45074,0.7919477,0.5285683,-0.5209799,-0.6445307,-0.5596076,0,0,0,-41.54973,0.8627647,0.9396744,-0.8264027,-0.5545681,0.09753639,0,0,0,-0.1804264
1736099897918,-41.46882,1.601203,0.7392693,-0.997145,0.003675574,-0.07542217,-2.509975,0.2637953,-0.3290176,-41.49503,0.7991146,0.5139313,-0.5169489,-0.6246221,-0.5853304,-3.321648,0.5375147,-1.097775,-41.57729,0.8653182,0.9415703,-0.8128833,-0.5606173,0.1578898,-2.066517,0.1915097,0.1421928,-0.1804264
1736099897922,-41.46882,1.601203,0.7392693,-0.997145,0.003675574,-0.07542217,0,0,0,-41.49503,0.7991146,0.5139313,-0.5169489,-0.6246221,-0.5853304,0,0,0,-41.57729,0.8653182,0.9415703,-0.8128833,-0.5606173,0.1578898,0,0,0,-0.1804264
1736099897946,-41.50196,1.604132,0.7364502,-0.9980289,-0.002231288,-0.06272161,-2.485371,0.2196997,-0.2114296,-41.53841,0.806913,0.5046577,-0.5264476,-0.6100629,-0.5921798,-3.254128,0.5848825,-0.6955147,-41.60346,0.8646926,0.9407387,-0.794226,-0.5725648,0.2034084,-1.963234,-0.04692078,-0.0623703,-0.1804264
1736099897950,-41.50196,1.604132,0.7364502,-0.9980289,-0.002231288,-0.06272161,0,0,0,-41.53841,0.806913,0.5046577,-0.5264476,-0.6100629,-0.5921798,0,0,0,-41.60346,0.8646926,0.9407387,-0.794226,-0.5725648,0.2034084,0,0,0,-0.1804264
1736099897973,-41.53458,1.605064,0.7331543,-0.9987857,-0.004725649,-0.04904389,-2.446747,0.06989837,-0.2471924,-41.58175,0.8144217,0.4999199,-0.5592604,-0.597267,-0.5748911,-3.250122,0.5631521,-0.3553391,-41.62878,0.8630663,0.9392471,-0.7841043,-0.581733,0.2162577,-1.899147,-0.121969,-0.111866,-0.1804264
1736099897978,-41.53458,1.605064,0.7331543,-0.9987857,-0.004725649,-0.04904389,0,0,0,-41.58175,0.8144217,0.4999199,-0.5592604,-0.597267,-0.5748911,0,0,0,-41.62878,0.8630663,0.9392471,-0.7841043,-0.581733,0.2162577,0,0,0,-0.1804264
1736099898001,-41.56747,1.604654,0.7317696,-0.9992999,-0.002841074,-0.037305,-2.466774,-0.03076494,-0.1038551,-41.62417,0.8203626,0.4951363,-0.5933123,-0.5861121,-0.5517732,-3.181458,0.4455641,-0.3587723,-41.65443,0.8594537,0.9379234,-0.7783728,-0.5887377,0.2180002,-1.92318,-0.2709478,-0.0992775,-0.1804264
1736099898006,-41.56747,1.604654,0.7317696,-0.9992999,-0.002841074,-0.037305,0,0,0,-41.62417,0.8203626,0.4951363,-0.5933123,-0.5861121,-0.5517732,0,0,0,-41.65443,0.8594537,0.9379234,-0.7783728,-0.5887377,0.2180002,0,0,0,-0.1804264
1736099898029,-41.60038,1.602105,0.7304039,-0.9996443,9.576976E-05,-0.02668154,-2.467918,-0.1911879,-0.1024246,-41.66685,0.8249011,0.4919281,-0.6272656,-0.5689068,-0.5318681,-3.200912,0.3403902,-0.240612,-41.68299,0.8541566,0.9380226,-0.7730991,-0.5904703,0.2316524,-2.142334,-0.3972799,0.00743866,-0.1804264
1736099898034,-41.60038,1.602105,0.7304039,-0.9996443,9.576976E-05,-0.02668154,0,0,0,-41.66685,0.8249011,0.4919281,-0.6272656,-0.5689068,-0.5318681,0,0,0,-41.68299,0.8541566,0.9380226,-0.7730991,-0.5904703,0.2316524,0,0,0,-0.1804264
1736099898057,-41.63372,1.59851,0.729763,-0.9998507,0.004275357,-0.01674104,-2.500534,-0.2696246,-0.04806519,-41.70758,0.8274295,0.4889069,-0.6551384,-0.5530225,-0.5147429,-3.054714,0.1896322,-0.226593,-41.71208,0.8485991,0.9388199,-0.7650631,-0.5918489,0.2537591,-2.181816,-0.4168153,0.05979538,-0.1804264
1736099898061,-41.63372,1.59851,0.729763,-0.9998507,0.004275357,-0.01674104,0,0,0,-41.70758,0.8274295,0.4889069,-0.6551384,-0.5530225,-0.5147429,0,0,0,-41.71208,0.8485991,0.9388199,-0.7650631,-0.5918489,0.2537591,0,0,0,-0.1804264
1736099898084,-41.6699,1.59335,0.7308388,-0.9999207,0.01013067,-0.007499695,-2.713394,-0.3869891,0.08068085,-41.74715,0.8260156,0.4858475,-0.6729085,-0.5424891,-0.5028918,-2.968025,-0.1060456,-0.229454,-41.74301,0.8416913,0.9393463,-0.7555256,-0.5943854,0.2754766,-2.319717,-0.5180866,0.03948212,-0.1804264
1736099898089,-41.6699,1.59335,0.7308388,-0.9999207,0.01013067,-0.007499695,0,0,0,-41.74715,0.8260156,0.4858475,-0.6729085,-0.5424891,-0.5028918,0,0,0,-41.74301,0.8416913,0.9393463,-0.7555256,-0.5943854,0.2754766,0,0,0,-0.1804264
1736099898112,-41.70622,1.587385,0.7320099,-0.9998671,0.01624908,-0.001550555,-2.724266,-0.4474193,0.0878334,-41.78473,0.8220867,0.4835739,-0.6850221,-0.5371644,-0.4921381,-2.818108,-0.2946675,-0.170517,-41.77452,0.8336439,0.9387779,-0.7475187,-0.5974517,0.2902886,-2.362919,-0.6035507,-0.04262924,-0.1804264
1736099898117,-41.70622,1.587385,0.7320099,-0.9998671,0.01624908,-0.001550555,0,0,0,-41.78473,0.8220867,0.4835739,-0.6850221,-0.5371644,-0.4921381,0,0,0,-41.77452,0.8336439,0.9387779,-0.7475187,-0.5974517,0.2902886,0,0,0,-0.1804264
1736099898121,-41.70622,1.587385,0.7320099,-0.9998671,0.01624908,-0.001550555,0,0,0,-41.78473,0.8220867,0.4835739,-0.6850221,-0.5371644,-0.4921381,0,0,0,-41.77452,0.8336439,0.9387779,-0.7475187,-0.5974517,0.2902886,0,0,0,-0.1804264
1736099898140,-41.74153,1.581619,0.7324104,-0.9998635,0.01652398,0.0006811023,-2.648163,-0.4323989,0.03004074,-41.82193,0.8168324,0.4817352,-0.6841195,-0.5376849,-0.4928248,-2.790356,-0.3940746,-0.1379013,-41.80878,0.8228695,0.938343,-0.7424945,-0.6006485,0.2965189,-2.570057,-0.8080781,-0.03261566,-0.1804264
1736099898144,-41.74153,1.581619,0.7324104,-0.9998635,0.01652398,0.0006811023,0,0,0,-41.82193,0.8168324,0.4817352,-0.6841195,-0.5376849,-0.4928248,0,0,0,-41.80878,0.8228695,0.938343,-0.7424945,-0.6006485,0.2965189,0,0,0,-0.1804264
1736099898168,-41.77768,1.576822,0.7328377,-0.9999077,0.01359837,-0.0003124475,-2.711678,-0.3597736,0.03204346,-41.85471,0.8094941,0.4778366,-0.6737485,-0.541943,-0.5023557,-2.458191,-0.5503669,-0.2923965,-41.84164,0.813859,0.9353714,-0.7390151,-0.6060252,0.2942622,-2.464485,-0.6757915,-0.2228737,-0.1804264
1736099898172,-41.77768,1.576822,0.7328377,-0.9999077,0.01359837,-0.0003124475,0,0,0,-41.85471,0.8094941,0.4778366,-0.6737485,-0.541943,-0.5023557,0,0,0,-41.84164,0.813859,0.9353714,-0.7390151,-0.6060252,0.2942622,0,0,0,-0.1804264
1736099898195,-41.8143,1.573164,0.7340355,-0.9998817,0.01520294,-0.002382755,-2.74601,-0.2743453,0.08983612,-41.88499,0.8002669,0.4752884,-0.6530785,-0.5540609,-0.516242,-2.271652,-0.6920412,-0.1911163,-41.87819,0.8046192,0.9332733,-0.7341969,-0.6137953,0.2901904,-2.740574,-0.6929845,-0.1573563,-0.1804264
1736099898200,-41.8143,1.573164,0.7340355,-0.9998817,0.01520294,-0.002382755,0,0,0,-41.88499,0.8002669,0.4752884,-0.6530785,-0.5540609,-0.516242,0,0,0,-41.87819,0.8046192,0.9332733,-0.7341969,-0.6137953,0.2901904,0,0,0,-0.1804264
1736099898223,-41.85009,1.568949,0.7353401,-0.9998888,0.01458186,-0.003183842,-2.684784,-0.3161341,0.09784698,-41.91376,0.792011,0.4730873,-0.6290441,-0.5711747,-0.527317,-2.157784,-0.6191924,-0.165081,-41.9163,0.7980075,0.930584,-0.7310302,-0.6183584,0.2884927,-2.858734,-0.4958779,-0.2017021,-0.1804264
1736099898228,-41.85009,1.568949,0.7353401,-0.9998888,0.01458186,-0.003183842,0,0,0,-41.91376,0.792011,0.4730873,-0.6290441,-0.5711747,-0.527317,0,0,0,-41.9163,0.7980075,0.930584,-0.7310302,-0.6183584,0.2884927,0,0,0,-0.1804264
1736099898251,-41.88813,1.578086,0.7371292,-0.9998957,0.00750659,-0.01234305,-2.852726,0.6852865,0.134182,-41.93994,0.7866388,0.4685059,-0.5966945,-0.5873944,-0.5467397,-1.962948,-0.402917,-0.3436089,-41.95505,0.7950884,0.9282341,-0.7292394,-0.619692,0.2901585,-2.905941,-0.2189308,-0.176239,-0.1804264
1736099898255,-41.88813,1.578086,0.7371292,-0.9998957,0.00750659,-0.01234305,0,0,0,-41.93994,0.7866388,0.4685059,-0.5966945,-0.5873944,-0.5467397,0,0,0,-41.95505,0.7950884,0.9282341,-0.7292394,-0.619692,0.2901585,0,0,0,-0.1804264
1736099898279,-41.92611,1.581682,0.736866,-0.9996368,0.02670624,-0.003675938,-2.848148,0.2696872,-0.01974106,-41.96096,0.7857503,0.4647141,-0.5416227,-0.6074414,-0.5810857,-1.576424,-0.06663501,-0.2843857,-41.9924,0.7928334,0.9290924,-0.7166087,-0.6342922,0.2900786,-2.801228,-0.1691267,0.06437302,-0.1804264
1736099898283,-41.92611,1.581682,0.736866,-0.9996368,0.02670624,-0.003675938,0,0,0,-41.96096,0.7857503,0.4647141,-0.5416227,-0.6074414,-0.5810857,0,0,0,-41.9924,0.7928334,0.9290924,-0.7166087,-0.6342922,0.2900786,0,0,0,-0.1804264
1736099898307,-41.96065,1.580909,0.7347145,-0.9993209,0.03582652,0.00865072,-2.590942,-0.05797148,-0.1613617,-41.9821,0.7845843,0.4646606,-0.4915344,-0.6449444,-0.5851842,-1.585579,-0.08745342,-0.004005432,-42.03335,0.8001103,0.9230995,-0.7214255,-0.6346943,0.2769633,-3.071594,0.5457714,-0.4494667,-0.1804264
1736099898311,-41.96065,1.580909,0.7347145,-0.9993209,0.03582652,0.00865072,0,0,0,-41.9821,0.7845843,0.4646606,-0.4915344,-0.6449444,-0.5851842,0,0,0,-42.03335,0.8001103,0.9230995,-0.7214255,-0.6346943,0.2769633,0,0,0,-0.1804264
1736099898334,-41.99424,1.581997,0.7322273,-0.9999446,0.009151891,0.005245209,-2.519131,0.08161068,-0.1865387,-42.00715,0.7834641,0.4667816,-0.49447,-0.6654875,-0.55913,-1.878834,-0.08401573,0.1590729,-42.07792,0.8107991,0.9151344,-0.7535492,-0.6095082,0.2462998,-3.342819,0.8016586,-0.5973816,-0.1804264
1736099898339,-41.99424,1.581997,0.7322273,-0.9999446,0.009151891,0.005245209,0,0,0,-42.00715,0.7834641,0.4667816,-0.49447,-0.6654875,-0.55913,0,0,0,-42.07792,0.8107991,0.9151344,-0.7535492,-0.6095082,0.2462998,0,0,0,-0.1804264
1736099898362,-42.02759,1.585786,0.7265892,-0.9999969,-0.00021201,0.002538919,-2.501392,0.2841175,-0.4228592,-42.03339,0.784125,0.4659271,-0.5217913,-0.6606197,-0.539737,-1.968098,0.04956722,-0.06408691,-42.1194,0.8191313,0.9079933,-0.78014,-0.5934113,0.198103,-3.111076,0.6249145,-0.5355835,-0.1804264
1736099898366,-42.02759,1.585786,0.7265892,-0.9999969,-0.00021201,0.002538919,0,0,0,-42.03339,0.784125,0.4659271,-0.5217913,-0.6606197,-0.539737,0,0,0,-42.1194,0.8191313,0.9079933,-0.78014,-0.5934113,0.198103,0,0,0,-0.1804264
1736099898390,-42.06089,1.591195,0.7215462,-0.9999996,-0.000177145,0.001171231,-2.497673,0.4056931,-0.3782272,-42.06028,0.7870464,0.4616203,-0.5337767,-0.6520086,-0.538487,-2.017021,0.2191097,-0.3230095,-42.16038,0.8257134,0.9051628,-0.7891861,-0.5850048,0.1869627,-3.073025,0.4936561,-0.2122879,-0.1804264
1736099898394,-42.06089,1.591195,0.7215462,-0.9999996,-0.000177145,0.001171231,0,0,0,-42.06028,0.7870464,0.4616203,-0.5337767,-0.6520086,-0.538487,0,0,0,-42.16038,0.8257134,0.9051628,-0.7891861,-0.5850048,0.1869627,0,0,0,-0.1804264
1736099898418,-42.09266,1.59541,0.715313,-0.9999968,-0.00259418,-2.491474E-05,-2.38266,0.316152,-0.4674911,-42.08886,0.7917857,0.4535942,-0.4872313,-0.6596138,-0.5722899,-2.143192,0.3554463,-0.6019592,-42.20142,0.8337677,0.9031029,-0.7955651,-0.5674782,0.2122377,-3.078175,0.6040692,-0.1544952,-0.1804264
1736099898422,-42.09266,1.59541,0.715313,-0.9999968,-0.00259418,-2.491474E-05,0,0,0,-42.08886,0.7917857,0.4535942,-0.4872313,-0.6596138,-0.5722899,0,0,0,-42.20142,0.8337677,0.9031029,-0.7955651,-0.5674782,0.2122377,0,0,0,-0.1804264
1736099898445,-42.12365,1.598335,0.7086792,-0.9999426,-0.007284921,-0.007885098,-2.324295,0.2193242,-0.4975319,-42.117,0.7942562,0.4490547,-0.4543471,-0.6745008,-0.5819087,-2.110863,0.185287,-0.3404617,-42.24183,0.8417422,0.8974037,-0.8001758,-0.5589976,0.2173494,-3.030396,0.5980879,-0.4274368,-0.1804264
1736099898450,-42.12365,1.598335,0.7086792,-0.9999426,-0.007284921,-0.007885098,0,0,0,-42.117,0.7942562,0.4490547,-0.4543471,-0.6745008,-0.5819087,0,0,0,-42.24183,0.8417422,0.8974037,-0.8001758,-0.5589976,0.2173494,0,0,0,-0.1804264
1736099898473,-42.15487,1.600531,0.7016182,-0.9998721,-0.005193438,-0.0151366,-2.341461,0.1647234,-0.5295753,-42.14558,0.7950721,0.445755,-0.453689,-0.6774441,-0.5789959,-2.143192,0.0611946,-0.2474785,-42.28043,0.8492278,0.8893967,-0.8116121,-0.5507563,0.1948158,-2.895069,0.5614221,-0.6005287,-0.1804264
1736099898478,-42.15487,1.600531,0.7016182,-0.9998721,-0.005193438,-0.0151366,0,0,0,-42.14558,0.7950721,0.445755,-0.453689,-0.6774441,-0.5789959,0,0,0,-42.28043,0.8492278,0.8893967,-0.8116121,-0.5507563,0.1948158,0,0,0,-0.1804264
1736099898482,-42.15487,1.600531,0.7016182,-0.9998721,-0.005193438,-0.0151366,0,0,0,-42.14558,0.7950721,0.445755,-0.453689,-0.6774441,-0.5789959,0,0,0,-42.28043,0.8492278,0.8893967,-0.8116121,-0.5507563,0.1948158,0,0,0,-0.1804264
1736099898501,-42.18596,1.600359,0.6946068,-0.9997334,0.004066437,-0.02274084,-2.331734,-0.01285672,-0.525856,-42.17677,0.7936771,0.4410248,-0.4619361,-0.6756423,-0.5745634,-2.339172,-0.1046285,-0.3547668,-42.32082,0.8557272,0.8795395,-0.8282605,-0.5373186,0.1589771,-3.029823,0.4874557,-0.7392883,-0.1804264
1736099898505,-42.18596,1.600359,0.6946068,-0.9997334,0.004066437,-0.02274084,0,0,0,-42.17677,0.7936771,0.4410248,-0.4619361,-0.6756423,-0.5745634,0,0,0,-42.32082,0.8557272,0.8795395,-0.8282605,-0.5373186,0.1589771,0,0,0,-0.1804264
1736099898529,-42.21754,1.598898,0.6870689,-0.9994324,0.01201998,-0.03147817,-2.368641,-0.1095951,-0.5653381,-42.20707,0.7913048,0.4345551,-0.4528647,-0.6738974,-0.5837603,-2.272511,-0.1779243,-0.4852295,-42.35943,0.8601222,0.870903,-0.8418319,-0.5236189,0.1309305,-2.895641,0.3296256,-0.6477356,-0.1804264
1736099898534,-42.21754,1.598898,0.6870689,-0.9994324,0.01201998,-0.03147817,0,0,0,-42.20707,0.7913048,0.4345551,-0.4528647,-0.6738974,-0.5837603,0,0,0,-42.35943,0.8601222,0.870903,-0.8418319,-0.5236189,0.1309305,0,0,0,-0.1804264
1736099898557,-42.24914,1.595283,0.6797867,-0.999067,0.01858608,-0.0389868,-2.369499,-0.2711535,-0.5461693,-42.23947,0.7847779,0.4274635,-0.4331039,-0.6724889,-0.6001501,-2.430153,-0.4895166,-0.5318642,-42.40063,0.8611919,0.8628578,-0.8531082,-0.5091772,0.1137769,-3.089619,0.08022487,-0.6033897,-0.1804264
1736099898561,-42.24914,1.595283,0.6797867,-0.999067,0.01858608,-0.0389868,0,0,0,-42.23947,0.7847779,0.4274635,-0.4331039,-0.6724889,-0.6001501,0,0,0,-42.40063,0.8611919,0.8628578,-0.8531082,-0.5091772,0.1137769,0,0,0,-0.1804264
1736099898584,-42.28127,1.590536,0.671917,-0.9987617,0.02479102,-0.0431385,-2.40984,-0.3559828,-0.590229,-42.27119,0.776476,0.4222221,-0.4124946,-0.6800687,-0.6060984,-2.378941,-0.6226435,-0.3931046,-42.4416,0.8598623,0.8556099,-0.8624525,-0.4933994,0.1128417,-3.073311,-0.09971559,-0.5435944,-0.1804264
1736099898589,-42.28127,1.590536,0.671917,-0.9987617,0.02479102,-0.0431385,0,0,0,-42.27119,0.776476,0.4222221,-0.4124946,-0.6800687,-0.6060984,0,0,0,-42.4416,0.8598623,0.8556099,-0.8624525,-0.4933994,0.1128417,0,0,0,-0.1804264
1736099898612,-42.31392,1.58485,0.6625633,-0.9984598,0.03115625,-0.04590976,-2.449036,-0.4264891,-0.7015228,-42.30247,0.7681493,0.4182167,-0.4001254,-0.6892495,-0.6040163,-2.346039,-0.6245032,-0.3004074,-42.48096,0.8570578,0.848587,-0.8691393,-0.4812891,0.1138341,-2.951431,-0.2103388,-0.5267143,-0.1804264
1736099898616,-42.31392,1.58485,0.6625633,-0.9984598,0.03115625,-0.04590976,0,0,0,-42.30247,0.7681493,0.4182167,-0.4001254,-0.6892495,-0.6040163,0,0,0,-42.48096,0.8570578,0.848587,-0.8691393,-0.4812891,0.1138341,0,0,0,-0.1804264
1736099898640,-42.34688,1.579052,0.651104,-0.9983795,0.03330108,-0.04614735,-2.471924,-0.4348308,-0.8594513,-42.33492,0.7578654,0.4134827,-0.3943013,-0.6954475,-0.6007329,-2.4333,-0.7712916,-0.3550529,-42.52037,0.8530782,0.8409233,-0.8745967,-0.4705834,0.1167574,-2.955723,-0.2984673,-0.5747795,-0.1804264
1736099898644,-42.34688,1.579052,0.651104,-0.9983795,0.03330108,-0.04614735,0,0,0,-42.33492,0.7578654,0.4134827,-0.3943013,-0.6954475,-0.6007329,0,0,0,-42.52037,0.8530782,0.8409233,-0.8745967,-0.4705834,0.1167574,0,0,0,-0.1804264
1736099898668,-42.38143,1.575604,0.6418304,-0.9984842,0.03527301,-0.04225266,-2.591228,-0.2586186,-0.6955147,-42.36843,0.7484391,0.408165,-0.3869716,-0.7039101,-0.5956206,-2.513409,-0.7069722,-0.3988266,-42.55733,0.8482794,0.8322754,-0.8787923,-0.4604399,0.1253771,-2.772045,-0.3599167,-0.6485939,-0.1804264
1736099898672,-42.38143,1.575604,0.6418304,-0.9984842,0.03527301,-0.04225266,0,0,0,-42.36843,0.7484391,0.408165,-0.3869716,-0.7039101,-0.5956206,0,0,0,-42.55733,0.8482794,0.8322754,-0.8787923,-0.4604399,0.1253771,0,0,0,-0.1804264
1736099898695,-42.41552,1.571737,0.6328239,-0.9985017,0.04284865,-0.03404498,-2.556324,-0.2900004,-0.6754875,-42.40409,0.741788,0.4019203,-0.3838038,-0.7100396,-0.5903721,-2.674484,-0.4988328,-0.4683495,-42.59123,0.8448961,0.8242874,-0.8790353,-0.4561026,0.138808,-2.542591,-0.2537459,-0.5990982,-0.1804264
1736099898700,-42.41552,1.571737,0.6328239,-0.9985017,0.04284865,-0.03404498,0,0,0,-42.40409,0.741788,0.4019203,-0.3838038,-0.7100396,-0.5903721,0,0,0,-42.59123,0.8448961,0.8242874,-0.8790353,-0.4561026,0.138808,0,0,0,-0.1804264
1736099898723,-42.45061,1.571595,0.623436,-0.9991884,0.029731,-0.02717876,-2.632141,-0.01063049,-0.7040977,-42.44353,0.7385523,0.39468,-0.3885395,-0.715531,-0.5805628,-2.958012,-0.2426729,-0.5430222,-42.62282,0.8432952,0.8161659,-0.8766715,-0.4586604,0.1451828,-2.369499,-0.1200646,-0.6091118,-0.1804264
1736099898728,-42.45061,1.571595,0.623436,-0.9991884,0.029731,-0.02717876,0,0,0,-42.44353,0.7385523,0.39468,-0.3885395,-0.715531,-0.5805628,0,0,0,-42.62282,0.8432952,0.8161659,-0.8766715,-0.4586604,0.1451828,0,0,0,-0.1804264
1736099898751,-42.48692,1.57922,0.6134415,-0.9992005,0.03860974,-0.01039469,-2.723122,0.571838,-0.749588,-42.48258,0.7408385,0.3861122,-0.3894795,-0.717414,-0.5776016,-2.928829,0.1714602,-0.6425858,-42.65023,0.8432745,0.8112373,-0.8680158,-0.4683234,0.1649913,-2.055359,-0.001555681,-0.3696442,-0.1804264
1736099898755,-42.48692,1.57922,0.6134415,-0.9992005,0.03860974,-0.01039469,0,0,0,-42.48258,0.7408385,0.3861122,-0.3894795,-0.717414,-0.5776016,0,0,0,-42.65023,0.8432745,0.8112373,-0.8680158,-0.4683234,0.1649913,0,0,0,-0.1804264
1736099898779,-42.52221,1.582389,0.6045723,-0.9988568,0.04780262,-5.471706E-05,-2.647018,0.2376705,-0.6651878,-42.52415,0.7505802,0.3765182,-0.4128156,-0.7110641,-0.5691855,-3.117943,0.7306293,-0.7195473,-42.67409,0.8418273,0.8068962,-0.8455117,-0.4936215,0.2035871,-1.789856,-0.1085401,-0.3255844,-0.1804264
1736099898784,-42.52221,1.582389,0.6045723,-0.9988568,0.04780262,-5.471706E-05,0,0,0,-42.52415,0.7505802,0.3765182,-0.4128156,-0.7110641,-0.5691855,0,0,0,-42.67409,0.8418273,0.8068962,-0.8455117,-0.4936215,0.2035871,0,0,0,-0.1804264
1736099898807,-42.55655,1.584198,0.5964088,-0.9991499,0.04120662,0.001302421,-2.575493,0.1356572,-0.6122589,-42.57039,0.7627566,0.3688164,-0.4597088,-0.6837382,-0.5667193,-3.467846,0.9132296,-0.5776405,-42.69755,0.8428546,0.7994347,-0.8269222,-0.5202678,0.2133572,-1.759243,0.07705092,-0.5596161,-0.1804264
1736099898811,-42.55655,1.584198,0.5964088,-0.9991499,0.04120662,0.001302421,0,0,0,-42.57039,0.7627566,0.3688164,-0.4597088,-0.6837382,-0.5667193,0,0,0,-42.69755,0.8428546,0.7994347,-0.8269222,-0.5202678,0.2133572,0,0,0,-0.1804264
1736099898815,-42.55655,1.584198,0.5964088,-0.9991499,0.04120662,0.001302421,0,0,0,-42.57039,0.7627566,0.3688164,-0.4597088,-0.6837382,-0.5667193,0,0,0,-42.69755,0.8428546,0.7994347,-0.8269222,-0.5202678,0.2133572,0,0,0,-0.1804264
1736099898834,-42.59081,1.586896,0.5895653,-0.9996759,0.02480113,0.00578922,-2.568913,0.2024084,-0.5132675,-42.61916,0.7750619,0.3622131,-0.5213572,-0.6628385,-0.5374312,-3.657818,0.9228989,-0.4952431,-42.72183,0.8448734,0.7911911,-0.8283934,-0.5277885,0.1876278,-1.821327,0.1514107,-0.6182671,-0.1804264
1736099898839,-42.59081,1.586896,0.5895653,-0.9996759,0.02480113,0.00578922,0,0,0,-42.61916,0.7750619,0.3622131,-0.5213572,-0.6628385,-0.5374312,0,0,0,-42.72183,0.8448734,0.7911911,-0.8283934,-0.5277885,0.1876278,0,0,0,-0.1804264
1736099898862,-42.62519,1.5911,0.5840721,-0.9996797,0.02073228,0.01453763,-2.579212,0.3152311,-0.4119873,-42.66645,0.7866128,0.3522072,-0.5535067,-0.641551,-0.5310774,-3.547096,0.8663177,-0.7504463,-42.74452,0.846656,0.7860985,-0.8297035,-0.5307944,0.1727706,-1.701736,0.1336902,-0.3819466,-0.1804264
1736099898866,-42.62519,1.5911,0.5840721,-0.9996797,0.02073228,0.01453763,0,0,0,-42.66645,0.7866128,0.3522072,-0.5535067,-0.641551,-0.5310774,0,0,0,-42.74452,0.846656,0.7860985,-0.8297035,-0.5307944,0.1727706,0,0,0,-0.1804264
1736099898890,-42.65891,1.595695,0.5810089,-0.9996791,0.01486427,0.02052027,-2.528572,0.344646,-0.2297401,-42.71267,0.7970365,0.3417702,-0.5657752,-0.6170163,-0.5469826,-3.465843,0.781779,-0.7827759,-42.76818,0.8484726,0.7853928,-0.8192636,-0.5402468,0.1921998,-1.774406,0.1362473,-0.05292892,-0.1804264
1736099898894,-42.65891,1.595695,0.5810089,-0.9996791,0.01486427,0.02052027,0,0,0,-42.71267,0.7970365,0.3417702,-0.5657752,-0.6170163,-0.5469826,0,0,0,-42.76818,0.8484726,0.7853928,-0.8192636,-0.5402468,0.1921998,0,0,0,-0.1804264
1736099898918,-42.69206,1.598528,0.578434,-0.9995564,0.007464536,0.02884233,-2.486229,0.2124667,-0.193119,-42.75719,0.8068442,0.3364105,-0.5792585,-0.599703,-0.5521022,-3.339386,0.7355735,-0.4019737,-42.79234,0.8498936,0.7868004,-0.7961622,-0.5550997,0.2408118,-1.811886,0.1065731,0.1055717,-0.1804264
1736099898922,-42.69206,1.598528,0.578434,-0.9995564,0.007464536,0.02884233,0,0,0,-42.75719,0.8068442,0.3364105,-0.5792585,-0.599703,-0.5521022,0,0,0,-42.79234,0.8498936,0.7868004,-0.7961622,-0.5550997,0.2408118,0,0,0,-0.1804264
1736099898945,-42.72496,1.600491,0.5765076,-0.9992602,0.002017796,0.03840947,-2.467346,0.1472175,-0.1444817,-42.80221,0.8167431,0.3337784,-0.6053023,-0.5843067,-0.5405509,-3.376293,0.7424176,-0.1974106,-42.81547,0.850159,0.7869606,-0.778642,-0.5698241,0.2627116,-1.734638,0.01991093,0.0120163,-0.1804264
1736099898950,-42.72496,1.600491,0.5765076,-0.9992602,0.002017796,0.03840947,0,0,0,-42.80221,0.8167431,0.3337784,-0.6053023,-0.5843067,-0.5405509,0,0,0,-42.81547,0.850159,0.7869606,-0.778642,-0.5698241,0.2627116,0,0,0,-0.1804264
1736099898973,-42.75781,1.600583,0.5755768,-0.9988236,0.002460185,0.04843158,-2.464199,0.006955862,-0.06980896,-42.8484,0.8261979,0.3324127,-0.641574,-0.570486,-0.5127664,-3.464413,0.709109,-0.1024246,-42.83995,0.8473607,0.7866516,-0.7686831,-0.5804117,0.2687914,-1.836491,-0.2098739,-0.02317429,-0.1804264
1736099898978,-42.75781,1.600583,0.5755768,-0.9988236,0.002460185,0.04843158,0,0,0,-42.8484,0.8261979,0.3324127,-0.641574,-0.570486,-0.5127664,0,0,0,-42.83995,0.8473607,0.7866516,-0.7686831,-0.5804117,0.2687914,0,0,0,-0.1804264
1736099899001,-42.79085,1.599337,0.5739632,-0.9981988,0.006237213,0.05967134,-2.477646,-0.09346604,-0.1210213,-42.89272,0.8334981,0.3315697,-0.6772531,-0.5496806,-0.4890605,-3.323936,0.5475193,-0.06322861,-42.86658,0.843538,0.7888374,-0.7622976,-0.5837713,0.2794878,-1.996708,-0.2867013,0.1639366,-0.1804264
1736099899006,-42.79085,1.599337,0.5739632,-0.9981988,0.006237213,0.05967134,0,0,0,-42.89272,0.8334981,0.3315697,-0.6772531,-0.5496806,-0.4890605,0,0,0,-42.86658,0.843538,0.7888374,-0.7622976,-0.5837713,0.2794878,0,0,0,-0.1804264
1736099899029,-42.82428,1.596089,0.5741158,-0.9972958,0.01087438,0.07268685,-2.507687,-0.2436072,0.01144409,-42.93734,0.8377253,0.3308983,-0.7072206,-0.5283698,-0.4697499,-3.346539,0.3170371,-0.050354,-42.89494,0.8383553,0.7918816,-0.7531515,-0.5848711,0.3011466,-2.127171,-0.3887057,0.2283096,-0.1804264
1736099899033,-42.82428,1.596089,0.5741158,-0.9972958,0.01087438,0.07268685,0,0,0,-42.93734,0.8377253,0.3308983,-0.7072206,-0.5283698,-0.4697499,0,0,0,-42.89494,0.8383553,0.7918816,-0.7531515,-0.5848711,0.3011466,0,0,0,-0.1804264
1736099899057,-42.85833,1.592162,0.573761,-0.9963917,0.0154665,0.08345562,-2.553749,-0.2945513,-0.02660751,-42.97867,0.8350527,0.3329773,-0.7294058,-0.510772,-0.4550602,-3.099632,-0.2004415,0.1559258,-42.92451,0.8320924,0.794548,-0.7419018,-0.585683,0.3264314,-2.217865,-0.4697174,0.1999855,-0.1804264
1736099899061,-42.85833,1.592162,0.573761,-0.9963917,0.0154665,0.08345562,0,0,0,-42.97867,0.8350527,0.3329773,-0.7294058,-0.510772,-0.4550602,0,0,0,-42.92451,0.8320924,0.794548,-0.7419018,-0.585683,0.3264314,0,0,0,-0.1804264
1736099899084,-42.89272,1.586774,0.5732002,-0.9955077,0.02079047,0.09237194,-2.578926,-0.404048,-0.04205704,-43.0179,0.8283899,0.3330193,-0.7418509,-0.5001693,-0.4466412,-2.942276,-0.4997134,0.003147125,-42.95586,0.8247672,0.7967567,-0.7287247,-0.5914764,0.3451324,-2.351189,-0.5493879,0.1656532,-0.1804264
1736099899089,-42.89272,1.586774,0.5732002,-0.9955077,0.02079047,0.09237194,0,0,0,-43.0179,0.8283899,0.3330193,-0.7418509,-0.5001693,-0.4466412,0,0,0,-42.95586,0.8247672,0.7967567,-0.7287247,-0.5914764,0.3451324,0,0,0,-0.1804264
1736099899112,-42.92788,1.580166,0.5742874,-0.9949885,0.02608218,0.09652847,-2.636719,-0.4956543,0.08153915,-43.05622,0.8230267,0.3312187,-0.7448134,-0.4952965,-0.4471409,-2.874184,-0.4022419,-0.1350403,-42.98814,0.816269,0.796505,-0.7222674,-0.595428,0.3518457,-2.420712,-0.6373689,-0.01888275,-0.1804264
1736099899116,-42.92788,1.580166,0.5742874,-0.9949885,0.02608218,0.09652847,0,0,0,-43.05622,0.8230267,0.3312187,-0.7448134,-0.4952965,-0.4471409,0,0,0,-42.98814,0.816269,0.796505,-0.7222674,-0.595428,0.3518457,0,0,0,-0.1804264
1736099899120,-42.92788,1.580166,0.5742874,-0.9949885,0.02608218,0.09652847,0,0,0,-43.05622,0.8230267,0.3312187,-0.7448134,-0.4952965,-0.4471409,0,0,0,-42.98814,0.816269,0.796505,-0.7222674,-0.595428,0.3518457,0,0,0,-0.1804264
1736099899140,-42.96357,1.574895,0.5748444,-0.9952769,0.02524108,0.09374064,-2.677345,-0.3952682,0.04177094,-43.09122,0.8149958,0.3309593,-0.7354304,-0.4980279,-0.4594682,-2.625275,-0.6023124,-0.01945496,-43.02243,0.8073912,0.7948952,-0.7245349,-0.5979626,0.3427687,-2.572346,-0.665836,-0.1207352,-0.1804264
1736099899145,-42.96357,1.574895,0.5748444,-0.9952769,0.02524108,0.09374064,0,0,0,-43.09122,0.8149958,0.3309593,-0.7354304,-0.4980279,-0.4594682,0,0,0,-43.02243,0.8073912,0.7948952,-0.7245349,-0.5979626,0.3427687,0,0,0,-0.1804264
1736099899168,-42.99976,1.570356,0.5758476,-0.9956028,0.02476823,0.09034359,-2.713966,-0.3404528,0.0752449,-43.12263,0.8061824,0.3293228,-0.7244025,-0.5062159,-0.4679605,-2.355194,-0.6610036,-0.1227379,-43.0565,0.7994275,0.7936211,-0.7243854,-0.6024894,0.3350713,-2.554893,-0.5972743,-0.09555817,-0.1804264
1736099899173,-42.99976,1.570356,0.5758476,-0.9956028,0.02476823,0.09034359,0,0,0,-43.12263,0.8061824,0.3293228,-0.7244025,-0.5062159,-0.4679605,0,0,0,-43.0565,0.7994275,0.7936211,-0.7243854,-0.6024894,0.3350713,0,0,0,-0.1804264
1736099899195,-43.03552,1.565381,0.5774765,-0.9957951,0.02813864,0.08718216,-2.681923,-0.37314,0.1221657,-43.15046,0.7963518,0.3280945,-0.7001733,-0.5292491,-0.4792216,-2.087402,-0.737299,-0.09212494,-43.095,0.7934685,0.7925186,-0.723321,-0.6055463,0.3318441,-2.88763,-0.4469275,-0.08268356,-0.1804264
1736099899200,-43.03552,1.565381,0.5774765,-0.9957951,0.02813864,0.08718216,0,0,0,-43.15046,0.7963518,0.3280945,-0.7001733,-0.5292491,-0.4792216,0,0,0,-43.095,0.7934685,0.7925186,-0.723321,-0.6055463,0.3318441,0,0,0,-0.1804264
1736099899223,-43.07297,1.569528,0.5789986,-0.9971207,0.01692669,0.07391971,-2.808952,0.3110647,0.1141548,-43.17641,0.7874486,0.3260078,-0.6739044,-0.553587,-0.4892802,-1.946354,-0.6677359,-0.156498,-43.13548,0.78981,0.7919617,-0.7231239,-0.6028557,0.3371305,-3.035545,-0.2743855,-0.04177094,-0.1804264
1736099899228,-43.07297,1.569528,0.5789986,-0.9971207,0.01692669,0.07391971,0,0,0,-43.17641,0.7874486,0.3260078,-0.6739044,-0.553587,-0.4892802,0,0,0,-43.13548,0.78981,0.7919617,-0.7231239,-0.6028557,0.3371305,0,0,0,-0.1804264
1736099899251,-43.1092,1.573117,0.5798721,-0.9966426,0.03423785,0.074377,-2.7174,0.2691865,0.06551743,-43.19681,0.7798211,0.3212013,-0.6277765,-0.5784252,-0.5208855,-1.530075,-0.572066,-0.3604889,-43.1729,0.7873816,0.7906418,-0.7108611,-0.6122399,0.3461777,-2.806664,-0.1821265,-0.09899139,-0.1804264
1736099899256,-43.1092,1.573117,0.5798721,-0.9966426,0.03423785,0.074377,0,0,0,-43.19681,0.7798211,0.3212013,-0.6277765,-0.5784252,-0.5208855,0,0,0,-43.1729,0.7873816,0.7906418,-0.7108611,-0.6122399,0.3461777,0,0,0,-0.1804264
1736099899279,-43.1447,1.573289,0.5789642,-0.9956301,0.04992577,0.07892072,-2.662468,0.01285672,-0.06809235,-43.21612,0.7736616,0.3197098,-0.5717935,-0.6127129,-0.5455599,-1.447964,-0.4619613,-0.111866,-43.21167,0.7894874,0.7861748,-0.7045924,-0.623226,0.3393216,-2.907658,0.1579329,-0.3350258,-0.1804264
1736099899283,-43.1447,1.573289,0.5789642,-0.9956301,0.04992577,0.07892072,0,0,0,-43.21612,0.7736616,0.3197098,-0.5717935,-0.6127129,-0.5455599,0,0,0,-43.21167,0.7894874,0.7861748,-0.7045924,-0.623226,0.3393216,0,0,0,-0.1804264
1736099899306,-43.1784,1.571737,0.5785713,-0.9968487,0.03160887,0.07276005,-2.527428,-0.1163721,-0.02946854,-43.23806,0.7708062,0.3216476,-0.5513959,-0.6429262,-0.53161,-1.645374,-0.2141565,0.14534,-43.25525,0.797586,0.7800789,-0.7295302,-0.6054564,0.318133,-3.269005,0.6073907,-0.4571915,-0.1804264
1736099899311,-43.1784,1.571737,0.5785713,-0.9968487,0.03160887,0.07276005,0,0,0,-43.23806,0.7708062,0.3216476,-0.5513959,-0.6429262,-0.53161,0,0,0,-43.25525,0.797586,0.7800789,-0.7295302,-0.6054564,0.318133,0,0,0,-0.1804264
1736099899334,-43.21283,1.575303,0.5758286,-0.9978437,0.01523744,0.06384635,-2.581787,0.2674341,-0.2057076,-43.26177,0.7704702,0.322422,-0.5739108,-0.6429086,-0.5072432,-1.778698,-0.02519935,0.05807877,-43.29756,0.8064389,0.7723045,-0.7644541,-0.5853335,0.2701759,-3.173161,0.6639719,-0.5830765,-0.1804264
1736099899339,-43.21283,1.575303,0.5758286,-0.9978437,0.01523744,0.06384635,0,0,0,-43.26177,0.7704702,0.322422,-0.5739108,-0.6429086,-0.5072432,0,0,0,-43.29756,0.8064389,0.7723045,-0.7644541,-0.5853335,0.2701759,0,0,0,-0.1804264
1736099899362,-43.24673,1.579831,0.5719109,-0.9981412,0.009719897,0.06016499,-2.542877,0.3395855,-0.2938271,-43.28553,0.7731344,0.3194122,-0.5860914,-0.6360977,-0.5018737,-1.782131,0.1998156,-0.2257347,-43.33706,0.8130953,0.7678566,-0.7826135,-0.5769289,0.233815,-2.962303,0.4992306,-0.3335953,-0.1804264
1736099899368,-43.24673,1.579831,0.5719109,-0.9981412,0.009719897,0.06016499,0,0,0,-43.28553,0.7731344,0.3194122,-0.5860914,-0.6360977,-0.5018737,0,0,0,-43.33706,0.8130953,0.7678566,-0.7826135,-0.5769289,0.233815,0,0,0,-0.1804264
1736099899390,-43.27917,1.584377,0.5667801,-0.9983119,0.0007753223,0.05807859,-2.433014,0.3409266,-0.3848076,-43.31092,0.7776696,0.312912,-0.5489845,-0.6433172,-0.5336289,-1.904297,0.3401399,-0.4875183,-43.37716,0.8225089,0.7658386,-0.7890365,-0.5617729,0.248662,-3.007221,0.70602,-0.1513481,-0.1804264
1736099899394,-43.27917,1.584377,0.5667801,-0.9983119,0.0007753223,0.05807859,0,0,0,-43.31092,0.7776696,0.312912,-0.5489845,-0.6433172,-0.5336289,0,0,0,-43.37716,0.8225089,0.7658386,-0.7890365,-0.5617729,0.248662,0,0,0,-0.1804264
1736099899418,-43.31107,1.588481,0.5610924,-0.9986142,-0.005283568,0.05236501,-2.392387,0.307864,-0.4265785,-43.33477,0.7808369,0.3086281,-0.5056327,-0.6619745,-0.5532863,-1.788712,0.2375498,-0.3212929,-43.41651,0.8329328,0.7611732,-0.7925016,-0.5535009,0.2560824,-2.951431,0.7817924,-0.3499031,-0.1804264
1736099899422,-43.31107,1.588481,0.5610924,-0.9986142,-0.005283568,0.05236501,0,0,0,-43.33477,0.7808369,0.3086281,-0.5056327,-0.6619745,-0.5532863,0,0,0,-43.41651,0.8329328,0.7611732,-0.7925016,-0.5535009,0.2560824,0,0,0,-0.1804264
1736099899445,-43.34122,1.591515,0.5561562,-0.9988683,-0.001388878,0.04754347,-2.261353,0.2275139,-0.3702164,-43.35883,0.7815593,0.3064995,-0.4902152,-0.6728399,-0.5540543,-1.803875,0.05417615,-0.1596451,-43.455,0.8422823,0.7550011,-0.8025169,-0.5471035,0.2380013,-2.886772,0.7012099,-0.4629135,-0.1804264
1736099899450,-43.34122,1.591515,0.5561562,-0.9988683,-0.001388878,0.04754347,0,0,0,-43.35883,0.7815593,0.3064995,-0.4902152,-0.6728399,-0.5540543,0,0,0,-43.455,0.8422823,0.7550011,-0.8025169,-0.5471035,0.2380013,0,0,0,-0.1804264
1736099899473,-43.37252,1.592839,0.5501328,-0.9991361,0.007078696,0.04095429,-2.347469,0.09930432,-0.4517555,-43.38467,0.7799398,0.3045349,-0.49531,-0.6747304,-0.5471811,-1.938629,-0.1214594,-0.1473427,-43.49304,0.8504555,0.7464943,-0.8193133,-0.5349384,0.2063172,-2.853298,0.612992,-0.6380081,-0.1804264
1736099899478,-43.37252,1.592839,0.5501328,-0.9991361,0.007078696,0.04095429,0,0,0,-43.38467,0.7799398,0.3045349,-0.49531,-0.6747304,-0.5471811,0,0,0,-43.49304,0.8504555,0.7464943,-0.8193133,-0.5349384,0.2063172,0,0,0,-0.1804264
1736099899482,-43.37252,1.592839,0.5501328,-0.9991361,0.007078696,0.04095429,0,0,0,-43.38467,0.7799398,0.3045349,-0.49531,-0.6747304,-0.5471811,0,0,0,-43.49304,0.8504555,0.7464943,-0.8193133,-0.5349384,0.2063172,0,0,0,-0.1804264
1736099899501,-43.40369,1.592411,0.5443649,-0.9993218,0.0165501,0.03289944,-2.337742,-0.03213286,-0.4325867,-43.41378,0.7759085,0.2993164,-0.4819686,-0.6773219,-0.555825,-2.182961,-0.302352,-0.3913879,-43.53178,0.8550363,0.7398071,-0.8342995,-0.5216414,0.178423,-2.905655,0.3435552,-0.5015373,-0.1804264
1736099899506,-43.40369,1.592411,0.5443649,-0.9993218,0.0165501,0.03289944,0,0,0,-43.41378,0.7759085,0.2993164,-0.4819686,-0.6773219,-0.555825,0,0,0,-43.53178,0.8550363,0.7398071,-0.8342995,-0.5216414,0.178423,0,0,0,-0.1804264
1736099899529,-43.43555,1.590265,0.5379448,-0.999369,0.02412532,0.02607292,-2.389526,-0.1609147,-0.4815102,-43.44168,0.7718945,0.2941551,-0.4598184,-0.6795558,-0.5716395,-2.092552,-0.3010467,-0.3870964,-43.56963,0.8572505,0.7347336,-0.843974,-0.511013,0.1630145,-2.838421,0.1660645,-0.3805161,-0.1804264
1736099899533,-43.43555,1.590265,0.5379448,-0.999369,0.02412532,0.02607292,0,0,0,-43.44168,0.7718945,0.2941551,-0.4598184,-0.6795558,-0.5716395,0,0,0,-43.56963,0.8572505,0.7347336,-0.843974,-0.511013,0.1630145,0,0,0,-0.1804264
1736099899556,-43.46795,1.58611,0.5313377,-0.9993018,0.03146373,0.02015883,-2.429581,-0.3116012,-0.4955292,-43.47178,0.7646931,0.2895508,-0.4346277,-0.6852527,-0.5844039,-2.257347,-0.5401075,-0.3453255,-43.60869,0.8559272,0.7308807,-0.8506568,-0.4994702,0.1640511,-2.929401,-0.09924173,-0.2889633,-0.1804264
1736099899561,-43.46795,1.58611,0.5313377,-0.9993018,0.03146373,0.02015883,0,0,0,-43.47178,0.7646931,0.2895508,-0.4346277,-0.6852527,-0.5844039,0,0,0,-43.60869,0.8559272,0.7308807,-0.8506568,-0.4994702,0.1640511,0,0,0,-0.1804264
1736099899584,-43.50079,1.580514,0.5246887,-0.9991851,0.03700882,0.01611918,-2.463055,-0.4197121,-0.4986763,-43.50308,0.7549508,0.2860146,-0.421178,-0.6917857,-0.5865514,-2.347469,-0.730674,-0.2652168,-43.64734,0.8525395,0.7272072,-0.8552861,-0.4895149,0.169885,-2.899075,-0.2540767,-0.2755165,-0.1804264
1736099899589,-43.50079,1.580514,0.5246887,-0.9991851,0.03700882,0.01611918,0,0,0,-43.50308,0.7549508,0.2860146,-0.421178,-0.6917857,-0.5865514,0,0,0,-43.64734,0.8525395,0.7272072,-0.8552861,-0.4895149,0.169885,0,0,0,-0.1804264
1736099899612,-43.53441,1.57516,0.5174599,-0.9990143,0.04224685,0.01363611,-2.521992,-0.4015982,-0.5421638,-43.53551,0.7453837,0.2831268,-0.4201543,-0.6960233,-0.5822564,-2.432442,-0.7175267,-0.2165794,-43.68478,0.8477094,0.7223701,-0.8587666,-0.4805299,0.1777954,-2.808094,-0.3622591,-0.3627777,-0.1804264
1736099899617,-43.53441,1.57516,0.5174599,-0.9990143,0.04224685,0.01363611,0,0,0,-43.53551,0.7453837,0.2831268,-0.4201543,-0.6960233,-0.5822564,0,0,0,-43.68478,0.8477094,0.7223701,-0.8587666,-0.4805299,0.1777954,0,0,0,-0.1804264
1736099899640,-43.56913,1.571564,0.5101204,-0.998911,0.04483475,0.01293898,-2.603817,-0.2696961,-0.5504608,-43.56905,0.7364671,0.2796249,-0.4179409,-0.7015935,-0.5771415,-2.515125,-0.6687507,-0.2626419,-43.72105,0.842804,0.718132,-0.8613458,-0.4731854,0.1848763,-2.719688,-0.3679097,-0.3178596,-0.1804264
1736099899644,-43.56913,1.571564,0.5101204,-0.998911,0.04483475,0.01293898,0,0,0,-43.56905,0.7364671,0.2796249,-0.4179409,-0.7015935,-0.5771415,0,0,0,-43.72105,0.842804,0.718132,-0.8613458,-0.4731854,0.1848763,0,0,0,-0.1804264
1736099899668,-43.60429,1.568051,0.5024567,-0.9987146,0.04785839,0.01671147,-2.637005,-0.2634197,-0.5747795,-43.60476,0.729906,0.2758179,-0.4135489,-0.7082015,-0.5722138,-2.678204,-0.4920825,-0.2855301,-43.75438,0.8386477,0.7131538,-0.859826,-0.4715037,0.1959184,-2.499676,-0.3117174,-0.3733635,-0.1804264
1736099899673,-43.60429,1.568051,0.5024567,-0.9987146,0.04785839,0.01671147,0,0,0,-43.60476,0.729906,0.2758179,-0.4135489,-0.7082015,-0.5722138,0,0,0,-43.75438,0.8386477,0.7131538,-0.859826,-0.4715037,0.1959184,0,0,0,-0.1804264
1736099899695,-43.63982,1.566606,0.4949722,-0.9990184,0.03821314,0.02241009,-2.664471,-0.1084328,-0.5613327,-43.64307,0.7262614,0.2718391,-0.4134126,-0.7150367,-0.5637493,-2.873325,-0.2733395,-0.2984047,-43.78572,0.8357531,0.7076607,-0.8532,-0.4794075,0.2054714,-2.350903,-0.217098,-0.4119873,-0.1804264
1736099899700,-43.63982,1.566606,0.4949722,-0.9990184,0.03821314,0.02241009,0,0,0,-43.64307,0.7262614,0.2718391,-0.4134126,-0.7150367,-0.5637493,0,0,0,-43.78572,0.8357531,0.7076607,-0.8532,-0.4794075,0.2054714,0,0,0,-0.1804264
1736099899723,-43.67704,1.574014,0.4872818,-0.9988515,0.03807892,0.02908736,-2.7915,0.5556107,-0.5767822,-43.6815,0.7276773,0.2674484,-0.4168113,-0.7173949,-0.5582238,-2.882195,0.1061931,-0.3293037,-43.81383,0.8349375,0.7041817,-0.8411888,-0.4915667,0.2253078,-2.108288,-0.06117225,-0.2609253,-0.1804264
1736099899728,-43.67704,1.574014,0.4872818,-0.9988515,0.03807892,0.02908736,0,0,0,-43.6815,0.7276773,0.2674484,-0.4168113,-0.7173949,-0.5582238,0,0,0,-43.81383,0.8349375,0.7041817,-0.8411888,-0.4915667,0.2253078,0,0,0,-0.1804264
1736099899751,-43.71356,1.576811,0.4797897,-0.9984157,0.04106466,0.0384683,-2.739143,0.2098024,-0.5619049,-43.71915,0.7338495,0.2636299,-0.4326027,-0.7208663,-0.5414861,-2.824402,0.4629135,-0.2863884,-43.83851,0.8341217,0.7000656,-0.8184893,-0.5156543,0.2533301,-1.850796,-0.06118119,-0.3087044,-0.1804264
1736099899755,-43.71356,1.576811,0.4797897,-0.9984157,0.04106466,0.0384683,0,0,0,-43.71915,0.7338495,0.2636299,-0.4326027,-0.7208663,-0.5414861,0,0,0,-43.83851,0.8341217,0.7000656,-0.8184893,-0.5156543,0.2533301,0,0,0,-0.1804264
1736099899779,-43.74882,1.581374,0.4742203,-0.9988086,0.03491083,0.03410351,-2.644444,0.3421962,-0.4177094,-43.76121,0.7448074,0.2606697,-0.4761987,-0.7028357,-0.5284486,-3.154278,0.8218378,-0.2220154,-43.86335,0.8357518,0.6935158,-0.7999843,-0.5413011,0.2588797,-1.863098,0.1222551,-0.4912376,-0.1804264
1736099899783,-43.74882,1.581374,0.4742203,-0.9988086,0.03491083,0.03410351,0,0,0,-43.76121,0.7448074,0.2606697,-0.4761987,-0.7028357,-0.5284486,0,0,0,-43.86335,0.8357518,0.6935158,-0.7999843,-0.5413011,0.2588797,0,0,0,-0.1804264
1736099899806,-43.78294,1.58411,0.4692535,-0.9990236,0.02626632,0.03553486,-2.559185,0.205189,-0.3725052,-43.80509,0.7551759,0.2595978,-0.5319269,-0.6888819,-0.4924392,-3.290749,0.7776439,-0.08039474,-43.88965,0.8387462,0.686039,-0.8005648,-0.5513872,0.2346663,-1.972389,0.2245814,-0.5607605,-0.1804264
1736099899811,-43.78294,1.58411,0.4692535,-0.9990236,0.02626632,0.03553486,0,0,0,-43.80509,0.7551759,0.2595978,-0.5319269,-0.6888819,-0.4924392,0,0,0,-43.88965,0.8387462,0.686039,-0.8005648,-0.5513872,0.2346663,0,0,0,-0.1804264
1736099899816,-43.78294,1.58411,0.4692535,-0.9990236,0.02626632,0.03553486,0,0,0,-43.80509,0.7551759,0.2595978,-0.5319269,-0.6888819,-0.4924392,0,0,0,-43.88965,0.8387462,0.686039,-0.8005648,-0.5513872,0.2346663,0,0,0,-0.1804264
1736099899834,-43.81737,1.589139,0.4631577,-0.9987226,0.02809285,0.0420053,-2.582359,0.3772348,-0.4571915,-43.84981,0.7645233,0.253746,-0.5611798,-0.6747743,-0.4793305,-3.354263,0.7010534,-0.4388809,-43.91599,0.841571,0.6816597,-0.8061653,-0.549576,0.2192348,-1.975822,0.2118587,-0.3284454,-0.1804264
1736099899839,-43.81737,1.589139,0.4631577,-0.9987226,0.02809285,0.0420053,0,0,0,-43.84981,0.7645233,0.253746,-0.5611798,-0.6747743,-0.4793305,0,0,0,-43.91599,0.841571,0.6816597,-0.8061653,-0.549576,0.2192348,0,0,0,-0.1804264
1736099899862,-43.85153,1.594335,0.459095,-0.9985964,0.02402602,0.04720229,-2.56176,0.3896445,-0.3046989,-43.89229,0.7725484,0.2471542,-0.5691826,-0.6593053,-0.4912722,-3.185749,0.6018788,-0.4943848,-43.94234,0.844545,0.6798019,-0.7985889,-0.5541979,0.2347785,-1.975822,0.2230525,-0.1393318,-0.1804264
1736099899866,-43.85153,1.594335,0.459095,-0.9985964,0.02402602,0.04720229,0,0,0,-43.89229,0.7725484,0.2471542,-0.5691826,-0.6593053,-0.4912722,0,0,0,-43.94234,0.844545,0.6798019,-0.7985889,-0.5541979,0.2347785,0,0,0,-0.1804264
1736099899890,-43.88526,1.597875,0.4577599,-0.9982475,0.02035852,0.05556941,-2.529716,0.2655029,-0.1001358,-43.93463,0.7794376,0.2415886,-0.5750127,-0.6457827,-0.5023201,-3.175735,0.5166918,-0.4174232,-43.96907,0.8475043,0.6802063,-0.778881,-0.563062,0.2762355,-2.005005,0.2219439,0.03032684,-0.1804264
1736099899894,-43.88526,1.597875,0.4577599,-0.9982475,0.02035852,0.05556941,0,0,0,-43.93463,0.7794376,0.2415886,-0.5750127,-0.6457827,-0.5023201,0,0,0,-43.96907,0.8475043,0.6802063,-0.778881,-0.563062,0.2762355,0,0,0,-0.1804264
1736099899918,-43.91851,1.600293,0.4574852,-0.9978387,0.01438981,0.06411988,-2.49424,0.1813531,-0.02059937,-43.97577,0.7859543,0.2384644,-0.5911403,-0.6355804,-0.4965798,-3.085041,0.4887521,-0.2343178,-43.99454,0.8483276,0.679184,-0.7634418,-0.5738911,0.2963204,-1.910591,0.06175339,-0.07667542,-0.1804264
1736099899922,-43.91851,1.600293,0.4574852,-0.9978387,0.01438981,0.06411988,0,0,0,-43.97577,0.7859543,0.2384644,-0.5911403,-0.6355804,-0.4965798,0,0,0,-43.99454,0.8483276,0.679184,-0.7634418,-0.5738911,0.2963204,0,0,0,-0.1804264
1736099899945,-43.95137,1.600862,0.4573936,-0.9972284,0.01240779,0.07336134,-2.464485,0.04272759,-0.006866455,-44.01804,0.7927723,0.2397728,-0.6199027,-0.6285722,-0.4697002,-3.1703,0.5113497,0.09813309,-44.02055,0.8472738,0.6767769,-0.7557297,-0.5837951,0.2967427,-1.950645,-0.07903576,-0.1805305,-0.1804264
1736099899950,-43.95137,1.600862,0.4573936,-0.9972284,0.01240779,0.07336134,0,0,0,-44.01804,0.7927723,0.2397728,-0.6199027,-0.6285722,-0.4697002,0,0,0,-44.02055,0.8472738,0.6767769,-0.7557297,-0.5837951,0.2967427,0,0,0,-0.1804264
1736099899973,-43.98329,1.600189,0.4563103,-0.9963103,0.01520465,0.08446932,-2.393818,-0.05052388,-0.08125305,-44.06115,0.7984174,0.2421074,-0.6522161,-0.6175031,-0.4396646,-3.233242,0.4233822,0.1750946,-44.04733,0.843626,0.6770706,-0.7503654,-0.5895479,0.2989737,-2.008152,-0.2735853,0.02202988,-0.1804264
1736099899978,-43.98329,1.600189,0.4563103,-0.9963103,0.01520465,0.08446932,0,0,0,-44.06115,0.7984174,0.2421074,-0.6522161,-0.6175031,-0.4396646,0,0,0,-44.04733,0.843626,0.6770706,-0.7503654,-0.5895479,0.2989737,0,0,0,-0.1804264
1736099900001,-44.01614,1.597845,0.456604,-0.9950252,0.01933773,0.09773022,-2.463913,-0.1757562,0.02202988,-44.10284,0.8017153,0.2439194,-0.6826232,-0.6011221,-0.4155458,-3.127384,0.2473444,0.1358986,-44.07529,0.8385549,0.6786308,-0.7405545,-0.5930883,0.3159521,-2.09713,-0.3803372,0.1170158,-0.1804264
1736099900006,-44.01614,1.597845,0.456604,-0.9950252,0.01933773,0.09773022,0,0,0,-44.10284,0.8017153,0.2439194,-0.6826232,-0.6011221,-0.4155458,0,0,0,-44.07529,0.8385549,0.6786308,-0.7405545,-0.5930883,0.3159521,0,0,0,-0.1804264
1736099900029,-44.04975,1.593981,0.4585381,-0.9939414,0.02391962,0.1072792,-2.520275,-0.2898127,0.1450539,-44.14378,0.8021758,0.2458115,-0.7067021,-0.5857915,-0.3967632,-3.069878,0.03453791,0.1419067,-44.10407,0.8317382,0.6811981,-0.7276512,-0.5957258,0.3400511,-2.158356,-0.5112469,0.1925468,-0.1804264
1736099900034,-44.04975,1.593981,0.4585381,-0.9939414,0.02391962,0.1072792,0,0,0,-44.14378,0.8021758,0.2458115,-0.7067021,-0.5857915,-0.3967632,0,0,0,-44.10407,0.8317382,0.6811981,-0.7276512,-0.5957258,0.3400511,0,0,0,-0.1804264
1736099900056,-44.08366,1.589307,0.4606094,-0.9928269,0.02849683,0.1161161,-2.543736,-0.3505737,0.1553535,-44.18355,0.8007819,0.2460098,-0.7221317,-0.5751826,-0.3843069,-2.983189,-0.1045436,0.01487732,-44.13365,0.8242218,0.6831703,-0.7128237,-0.6021659,0.3595537,-2.218723,-0.5637288,0.1479149,-0.1804264
1736099900061,-44.08366,1.589307,0.4606094,-0.9928269,0.02849683,0.1161161,0,0,0,-44.18355,0.8007819,0.2460098,-0.7221317,-0.5751826,-0.3843069,0,0,0,-44.13365,0.8242218,0.6831703,-0.7128237,-0.6021659,0.3595537,0,0,0,-0.1804264
1736099900084,-44.11828,1.584109,0.4626122,-0.9920998,0.03474159,0.1205473,-2.596378,-0.3898233,0.1502037,-44.22132,0.7977926,0.2455521,-0.7273962,-0.5705472,-0.3812759,-2.832985,-0.2242014,-0.03433228,-44.16462,0.8159601,0.6837044,-0.7027285,-0.6093799,0.3671909,-2.322865,-0.6196305,0.04005432,-0.1804264
1736099900090,-44.11828,1.584109,0.4626122,-0.9920998,0.03474159,0.1205473,0,0,0,-44.22132,0.7977926,0.2455521,-0.7273962,-0.5705472,-0.3812759,0,0,0,-44.16462,0.8159601,0.6837044,-0.7027285,-0.6093799,0.3671909,0,0,0,-0.1804264
1736099900112,-44.15301,1.578837,0.4658051,-0.9919906,0.03870692,0.1202376,-2.604675,-0.3954023,0.2394676,-44.25751,0.7918468,0.2458687,-0.7255964,-0.569735,-0.3858917,-2.71368,-0.4459307,0.02374649,-44.19712,0.8066164,0.6835251,-0.6996884,-0.6151954,0.3632783,-2.437305,-0.7007763,-0.01344681,-0.1804264
1736099900116,-44.15301,1.578837,0.4658051,-0.9919906,0.03870692,0.1202376,0,0,0,-44.25751,0.7918468,0.2458687,-0.7255964,-0.569735,-0.3858917,0,0,0,-44.19712,0.8066164,0.6835251,-0.6996884,-0.6151954,0.3632783,0,0,0,-0.1804264
1736099900120,-44.15301,1.578837,0.4658051,-0.9919906,0.03870692,0.1202376,0,0,0,-44.25751,0.7918468,0.2458687,-0.7255964,-0.569735,-0.3858917,0,0,0,-44.19712,0.8066164,0.6835251,-0.6996884,-0.6151954,0.3632783,0,0,0,-0.1804264
1736099900140,-44.18866,1.574604,0.4685555,-0.9924737,0.03774555,0.1164972,-2.673912,-0.3175199,0.2062798,-44.29082,0.7845094,0.2453423,-0.7123992,-0.5760989,-0.4007466,-2.498531,-0.5503088,-0.03948212,-44.23171,0.7982048,0.683609,-0.6998434,-0.619785,0.3550859,-2.594376,-0.630869,0.00629425,-0.1804264
1736099900144,-44.18866,1.574604,0.4685555,-0.9924737,0.03774555,0.1164972,0,0,0,-44.29082,0.7845094,0.2453423,-0.7123992,-0.5760989,-0.4007466,0,0,0,-44.23171,0.7982048,0.683609,-0.6998434,-0.619785,0.3550859,0,0,0,-0.1804264
1736099900168,-44.22424,1.571247,0.47192,-0.9927527,0.03839467,0.1138774,-2.66819,-0.2517074,0.2523422,-44.32191,0.7778858,0.2444954,-0.6966658,-0.5833257,-0.417598,-2.33202,-0.4967675,-0.06351471,-44.26769,0.7919807,0.6843262,-0.6982617,-0.62314,0.3523172,-2.698231,-0.4668072,0.05378723,-0.1804264
1736099900173,-44.22424,1.571247,0.47192,-0.9927527,0.03839467,0.1138774,0,0,0,-44.32191,0.7778858,0.2444954,-0.6966658,-0.5833257,-0.417598,0,0,0,-44.26769,0.7919807,0.6843262,-0.6982617,-0.62314,0.3523172,0,0,0,-0.1804264
1736099900195,-44.26146,1.575486,0.4756737,-0.993923,0.02690228,0.1067411,-2.791786,0.3178686,0.2815247,-44.35096,0.772494,0.2428246,-0.6731508,-0.5946043,-0.439675,-2.178669,-0.4043832,-0.1253128,-44.30483,0.7876815,0.6863976,-0.6948917,-0.6232619,0.3587067,-2.785492,-0.3224418,0.1553535,-0.1804264
1736099900200,-44.26146,1.575486,0.4756737,-0.993923,0.02690228,0.1067411,0,0,0,-44.35096,0.772494,0.2428246,-0.6731508,-0.5946043,-0.439675,0,0,0,-44.30483,0.7876815,0.6863976,-0.6948917,-0.6232619,0.3587067,0,0,0,-0.1804264
1736099900223,-44.29832,1.582084,0.4790459,-0.9931147,0.03825262,0.1107256,-2.764034,0.4948854,0.2529144,-44.37487,0.7705315,0.2395439,-0.6330555,-0.6086425,-0.4783251,-1.792717,-0.1471862,-0.246048,-44.34079,0.7865593,0.6889076,-0.6803099,-0.6280921,0.3777285,-2.697086,-0.08416325,0.1882553,-0.1804264
1736099900228,-44.29832,1.582084,0.4790459,-0.9931147,0.03825262,0.1107256,0,0,0,-44.37487,0.7705315,0.2395439,-0.6330555,-0.6086425,-0.4783251,0,0,0,-44.34079,0.7865593,0.6889076,-0.6803099,-0.6280921,0.3777285,0,0,0,-0.1804264
1736099900251,-44.33342,1.582758,0.4818764,-0.9916267,0.04641681,0.1205084,-2.632999,0.05051494,0.2122879,-44.39634,0.7712644,0.2392044,-0.5800789,-0.6431389,-0.499881,-1.610756,0.05496293,-0.0254631,-44.37876,0.7916251,0.6877098,-0.6666417,-0.6382782,0.3849545,-2.847862,0.3799349,-0.08983612,-0.1804264
1736099900256,-44.33342,1.582758,0.4818764,-0.9916267,0.04641681,0.1205084,0,0,0,-44.39634,0.7712644,0.2392044,-0.5800789,-0.6431389,-0.499881,0,0,0,-44.37876,0.7916251,0.6877098,-0.6666417,-0.6382782,0.3849545,0,0,0,-0.1804264
1736099900279,-44.36618,1.582849,0.4822922,-0.992455,0.02320041,0.1203957,-2.457047,0.006866455,0.03118515,-44.42194,0.7725313,0.2429314,-0.5753296,-0.6652279,-0.4758873,-1.91946,0.09502172,0.2795219,-44.42066,0.8005393,0.6845512,-0.6870067,-0.6258748,0.3691916,-3.142548,0.6685585,-0.2368927,-0.1804264
1736099900283,-44.36618,1.582849,0.4822922,-0.992455,0.02320041,0.1203957,0,0,0,-44.42194,0.7725313,0.2429314,-0.5753296,-0.6652279,-0.4758873,0,0,0,-44.42066,0.8005393,0.6845512,-0.6870067,-0.6258748,0.3691916,0,0,0,-0.1804264
1736099900307,-44.39925,1.58857,0.482399,-0.9933081,0.01173778,0.1148972,-2.479935,0.4290372,0.008010864,-44.44954,0.7747703,0.2435684,-0.6008632,-0.6575478,-0.4545271,-2.070522,0.1679197,0.04777908,-44.46228,0.8096741,0.6785164,-0.7291211,-0.6083637,0.3134905,-3.121662,0.6851166,-0.4526138,-0.1804264
1736099900313,-44.39925,1.58857,0.482399,-0.9933081,0.01173778,0.1148972,0,0,0,-44.44954,0.7747703,0.2435684,-0.6008632,-0.6575478,-0.4545271,0,0,0,-44.46228,0.8096741,0.6785164,-0.7291211,-0.6083637,0.3134905,0,0,0,-0.1804264
1736099900334,-44.43238,1.593162,0.4811325,-0.993275,0.02237832,0.1135972,-2.485085,0.3444314,-0.09498596,-44.47762,0.7795248,0.2401237,-0.6179962,-0.6384646,-0.4587419,-2.105427,0.3565907,-0.2583504,-44.50211,0.8147837,0.6780128,-0.7476938,-0.6063095,0.2708193,-2.987194,0.3832161,-0.0377655,-0.1804264
1736099900340,-44.43238,1.593162,0.4811325,-0.993275,0.02237832,0.1135972,0,0,0,-44.47762,0.7795248,0.2401237,-0.6179962,-0.6384646,-0.4587419,0,0,0,-44.50211,0.8147837,0.6780128,-0.7476938,-0.6063095,0.2708193,0,0,0,-0.1804264
1736099900362,-44.4641,1.598996,0.4792824,-0.9936759,0.01981085,0.1105273,-2.378941,0.4375309,-0.1387596,-44.50581,0.7851896,0.2335701,-0.5864729,-0.6388361,-0.4979346,-2.114582,0.4248619,-0.4915237,-44.54369,0.8218443,0.6808319,-0.7546396,-0.5891294,0.2888702,-3.117943,0.5295485,0.2114296,-0.1804264
1736099900367,-44.4641,1.598996,0.4792824,-0.9936759,0.01981085,0.1105273,0,0,0,-44.50581,0.7851896,0.2335701,-0.5864729,-0.6388361,-0.4979346,0,0,0,-44.54369,0.8218443,0.6808319,-0.7546396,-0.5891294,0.2888702,0,0,0,-0.1804264
1736099900371,-44.4641,1.598996,0.4792824,-0.9936759,0.01981085,0.1105273,0,0,0,-44.50581,0.7851896,0.2335701,-0.5864729,-0.6388361,-0.4979346,0,0,0,-44.54369,0.8218443,0.6808319,-0.7546396,-0.5891294,0.2888702,0,0,0,-0.1804264
1736099900390,-44.49565,1.602667,0.4763222,-0.9944532,0.01381616,0.1042693,-2.366066,0.2753019,-0.2220154,-44.5319,0.7889801,0.2298508,-0.5452508,-0.6563199,-0.5214846,-1.956654,0.2842829,-0.2789497,-44.58371,0.8312128,0.6835213,-0.7582734,-0.5747219,0.3077609,-3.001785,0.7026315,0.2017021,-0.1804264
1736099900394,-44.49565,1.602667,0.4763222,-0.9944532,0.01381616,0.1042693,0,0,0,-44.5319,0.7889801,0.2298508,-0.5452508,-0.6563199,-0.5214846,0,0,0,-44.58371,0.8312128,0.6835213,-0.7582734,-0.5747219,0.3077609,0,0,0,-0.1804264
1736099900418,-44.52658,1.605964,0.4732323,-0.9952035,0.01006059,0.09730893,-2.319431,0.2472997,-0.2317429,-44.55762,0.7908804,0.2280731,-0.5316436,-0.6656611,-0.52369,-1.928902,0.1425281,-0.1333237,-44.62308,0.8403889,0.6832809,-0.7677528,-0.5658941,0.3005324,-2.952576,0.6882101,-0.01802444,-0.1804264
1736099900445,-44.55748,1.606026,0.4696503,-0.9957314,0.01097938,0.09164518,-2.317429,0.004640222,-0.2686501,-44.58376,0.7886128,0.2269897,-0.5385225,-0.666231,-0.5158784,-1.960373,-0.1700744,-0.08125305,-44.66332,0.8462645,0.6789742,-0.7841557,-0.5553199,0.2769835,-3.018379,0.4406691,-0.3230095,-0.1820931
1736099900450,-44.55748,1.606026,0.4696503,-0.9957314,0.01097938,0.09164518,0,0,0,-44.58376,0.7886128,0.2269897,-0.5385225,-0.666231,-0.5158784,0,0,0,-44.66332,0.8462645,0.6789742,-0.7841557,-0.5553199,0.2769835,0,0,0,-0.1820931
1736099900473,-44.58892,1.605103,0.4650574,-0.9962324,0.01632481,0.08517724,-2.358627,-0.06920099,-0.3444672,-44.61261,0.7845122,0.2238045,-0.5393797,-0.6650628,-0.5164899,-2.163792,-0.3075466,-0.2388954,-44.70462,0.8519635,0.6735153,-0.806828,-0.5375519,0.2450852,-3.09763,0.4274279,-0.4094124,-0.1820931
1736099900478,-44.58892,1.605103,0.4650574,-0.9962324,0.01632481,0.08517724,0,0,0,-44.61261,0.7845122,0.2238045,-0.5393797,-0.6650628,-0.5164899,0,0,0,-44.70462,0.8519635,0.6735153,-0.806828,-0.5375519,0.2450852,0,0,0,-0.1820931
1736099900482,-44.58892,1.605103,0.4650574,-0.9962324,0.01632481,0.08517724,0,0,0,-44.61261,0.7845122,0.2238045,-0.5393797,-0.6650628,-0.5164899,0,0,0,-44.70462,0.8519635,0.6735153,-0.806828,-0.5375519,0.2450852,0,0,0,-0.1820931
1736099900501,-44.62025,1.602782,0.4594116,-0.9966304,0.02127402,0.07921952,-2.349472,-0.1741022,-0.4234314,-44.64161,0.7786743,0.2186852,-0.5173942,-0.6670682,-0.5360258,-2.17495,-0.4378393,-0.3839493,-44.74569,0.8551393,0.6686249,-0.8237741,-0.5212574,0.2229068,-3.080177,0.2381802,-0.3667831,-0.1820931
1736099900505,-44.62025,1.602782,0.4594116,-0.9966304,0.02127402,0.07921952,0,0,0,-44.64161,0.7786743,0.2186852,-0.5173942,-0.6670682,-0.5360258,0,0,0,-44.74569,0.8551393,0.6686249,-0.8237741,-0.5212574,0.2229068,0,0,0,-0.1820931
1736099900529,-44.65218,1.599085,0.4550285,-0.9970053,0.02395331,0.07353342,-2.39439,-0.2772689,-0.3287315,-44.66945,0.7714328,0.2145424,-0.489526,-0.6732506,-0.5541651,-2.088261,-0.543116,-0.3107071,-44.78503,0.8564993,0.6645012,-0.8361997,-0.5061437,0.2111607,-2.950287,0.1020044,-0.3092766,-0.1820931
1736099900533,-44.65218,1.599085,0.4550285,-0.9970053,0.02395331,0.07353342,0,0,0,-44.66945,0.7714328,0.2145424,-0.489526,-0.6732506,-0.5541651,0,0,0,-44.78503,0.8564993,0.6645012,-0.8361997,-0.5061437,0.2111607,0,0,0,-0.1820931
1736099900556,-44.68447,1.594617,0.4506874,-0.9972071,0.0275039,0.06943971,-2.422428,-0.3351241,-0.3255844,-44.69789,0.7627183,0.2117119,-0.4628355,-0.6844336,-0.5633245,-2.132893,-0.6535828,-0.2122879,-44.8242,0.8553493,0.6607208,-0.8449296,-0.4920507,0.2097145,-2.937698,-0.0862509,-0.2835274,-0.1820931
1736099900561,-44.68447,1.594617,0.4506874,-0.9972071,0.0275039,0.06943971,0,0,0,-44.69789,0.7627183,0.2117119,-0.4628355,-0.6844336,-0.5633245,0,0,0,-44.8242,0.8553493,0.6607208,-0.8449296,-0.4920507,0.2097145,0,0,0,-0.1820931
1736099900584,-44.71739,1.589472,0.446106,-0.9971386,0.03258428,0.06821406,-2.468777,-0.3858268,-0.3436089,-44.72844,0.7519173,0.2105789,-0.4534984,-0.6931481,-0.5602548,-2.291107,-0.8100763,-0.08497238,-44.86357,0.851566,0.6565857,-0.8498368,-0.4810918,0.2152402,-2.952862,-0.2837509,-0.3101349,-0.1820931
1736099900589,-44.71739,1.589472,0.446106,-0.9971386,0.03258428,0.06821406,0,0,0,-44.72844,0.7519173,0.2105789,-0.4534984,-0.6931481,-0.5602548,0,0,0,-44.86357,0.851566,0.6565857,-0.8498368,-0.4810918,0.2152402,0,0,0,-0.1820931
1736099900612,-44.75089,1.58502,0.4412193,-0.997036,0.03286191,0.06956726,-2.512264,-0.3339171,-0.366497,-44.75949,0.7414187,0.2098045,-0.4516641,-0.7005652,-0.5524567,-2.329159,-0.7873982,-0.05807877,-44.90048,0.8474768,0.6521034,-0.8526335,-0.4730186,0.2219681,-2.768326,-0.3066838,-0.3361702,-0.1820931
1736099900617,-44.75089,1.58502,0.4412193,-0.997036,0.03286191,0.06956726,0,0,0,-44.75949,0.7414187,0.2098045,-0.4516641,-0.7005652,-0.5524567,0,0,0,-44.90048,0.8474768,0.6521034,-0.8526335,-0.4730186,0.2219681,0,0,0,-0.1820931
1736099900640,-44.78509,1.582402,0.4359818,-0.9965534,0.03357512,0.07585841,-2.564907,-0.1963466,-0.3928185,-44.79102,0.7327628,0.2082138,-0.4472366,-0.7096761,-0.544371,-2.364922,-0.6491885,-0.1193047,-44.93451,0.843027,0.647747,-0.8515776,-0.4703849,0.2314171,-2.552032,-0.3337383,-0.3267288,-0.1820931
1736099900644,-44.78509,1.582402,0.4359818,-0.9965534,0.03357512,0.07585841,0,0,0,-44.79102,0.7327628,0.2082138,-0.4472366,-0.7096761,-0.544371,0,0,0,-44.93451,0.843027,0.647747,-0.8515776,-0.4703849,0.2314171,0,0,0,-0.1820931
1736099900667,-44.81948,1.578881,0.4303474,-0.9956142,0.03869052,0.08518195,-2.579784,-0.2640545,-0.4225731,-44.82645,0.727345,0.2054367,-0.4378157,-0.720611,-0.5376223,-2.656746,-0.4063368,-0.2082825,-44.96567,0.8411977,0.642971,-0.8469034,-0.4735602,0.2418588,-2.33717,-0.137195,-0.3582001,-0.1820931
1736099900672,-44.81948,1.578881,0.4303474,-0.9956142,0.03869052,0.08518195,0,0,0,-44.82645,0.727345,0.2054367,-0.4378157,-0.720611,-0.5376223,0,0,0,-44.96567,0.8411977,0.642971,-0.8469034,-0.4735602,0.2418588,0,0,0,-0.1820931
1736099900695,-44.85464,1.581151,0.4256363,-0.9955817,0.02241199,0.09118783,-2.637005,0.170204,-0.3533363,-44.86728,0.725459,0.2016182,-0.4378522,-0.7258877,-0.5304459,-3.062725,-0.1414508,-0.2863884,-44.99546,0.8396393,0.6379967,-0.8410492,-0.4829783,0.2436566,-2.234459,-0.1168817,-0.3730774,-0.1820931
1736099900700,-44.85464,1.581151,0.4256363,-0.9955817,0.02241199,0.09118783,0,0,0,-44.86728,0.725459,0.2016182,-0.4378522,-0.7258877,-0.5304459,0,0,0,-44.99546,0.8396393,0.6379967,-0.8410492,-0.4829783,0.2436566,0,0,0,-0.1820931
1736099900723,-44.89077,1.587397,0.4197426,-0.9928657,0.04135229,0.1118389,-2.709103,0.4684836,-0.442028,-44.90857,0.7283028,0.1970291,-0.4379721,-0.7266209,-0.5293419,-3.096485,0.2132848,-0.3441811,-45.02118,0.8387133,0.6366692,-0.8273916,-0.4961835,0.2631071,-1.928329,-0.06945133,-0.0995636,-0.1820931
1736099900728,-44.89077,1.587397,0.4197426,-0.9928657,0.04135229,0.1118389,0,0,0,-44.90857,0.7283028,0.1970291,-0.4379721,-0.7266209,-0.5293419,0,0,0,-45.02118,0.8387133,0.6366692,-0.8273916,-0.4961835,0.2631071,0,0,0,-0.1820931
1736099900751,-44.92635,1.59289,0.4159012,-0.9914376,0.04652399,0.1220135,-2.668762,0.4119962,-0.288105,-44.9537,0.7394484,0.1931648,-0.4778132,-0.7095402,-0.5179267,-3.384876,0.8359194,-0.2898216,-45.04313,0.8378551,0.6351089,-0.7963541,-0.5236277,0.302712,-1.646805,-0.06436408,-0.1170158,-0.1820931
1736099900755,-44.92635,1.59289,0.4159012,-0.9914376,0.04652399,0.1220135,0,0,0,-44.9537,0.7394484,0.1931648,-0.4778132,-0.7095402,-0.5179267,0,0,0,-45.04313,0.8378551,0.6351089,-0.7963541,-0.5236277,0.302712,0,0,0,-0.1820931
1736099900759,-44.92635,1.59289,0.4159012,-0.9914376,0.04652399,0.1220135,0,0,0,-44.9537,0.7394484,0.1931648,-0.4778132,-0.7095402,-0.5179267,0,0,0,-45.04313,0.8378551,0.6351089,-0.7963541,-0.5236277,0.302712,0,0,0,-0.1820931
1736099900779,-44.96052,1.594017,0.4126816,-0.9910953,0.0394562,0.127176,-2.562904,0.08449852,-0.2414703,-45.00011,0.7497734,0.1928139,-0.5270973,-0.6922908,-0.4928513,-3.481007,0.7743806,-0.02632141,-45.06652,0.8394908,0.6307144,-0.7787907,-0.5484412,0.3044624,-1.754093,0.1226753,-0.3295898,-0.1820931
1736099900783,-44.96052,1.594017,0.4126816,-0.9910953,0.0394562,0.127176,0,0,0,-45.00011,0.7497734,0.1928139,-0.5270973,-0.6922908,-0.4928513,0,0,0,-45.06652,0.8394908,0.6307144,-0.7787907,-0.5484412,0.3044624,0,0,0,-0.1820931
1736099900806,-44.99466,1.597776,0.4100189,-0.9908512,0.02576954,0.1324772,-2.560329,0.2819538,-0.1996994,-45.04705,0.7600629,0.1920357,-0.5805023,-0.6732807,-0.4579417,-3.520203,0.7717118,-0.05836487,-45.09008,0.8417404,0.6271057,-0.7788689,-0.5572336,0.2878443,-1.766968,0.1687199,-0.2706528,-0.1820931
1736099900834,-45.02881,1.602218,0.4089851,-0.9900126,0.01917841,0.1396698,-2.561474,0.3331125,-0.07753372,-45.09375,0.77079,0.188488,-0.6224266,-0.6459378,-0.4419843,-3.50275,0.8045286,-0.2660751,-45.11248,0.8435866,0.6247787,-0.7829987,-0.5595486,0.2716956,-1.680279,0.1384646,-0.1745224,-0.1820931
1736099900839,-45.02881,1.602218,0.4089851,-0.9900126,0.01917841,0.1396698,0,0,0,-45.09375,0.77079,0.188488,-0.6224266,-0.6459378,-0.4419843,0,0,0,-45.11248,0.8435866,0.6247787,-0.7829987,-0.5595486,0.2716956,0,0,0,-0.1820931
1736099900862,-45.06233,1.605602,0.4083824,-0.9891164,0.01351886,0.1465145,-2.513695,0.2537906,-0.04520416,-45.14211,0.7812455,0.1823769,-0.6306958,-0.6173553,-0.4702084,-3.626919,0.7841662,-0.4583359,-45.13573,0.8451042,0.6280022,-0.7733545,-0.5656978,0.2861978,-1.743793,0.113824,0.2417564,-0.182807
1736099900866,-45.06233,1.605602,0.4083824,-0.9891164,0.01351886,0.1465145,0,0,0,-45.14211,0.7812455,0.1823769,-0.6306958,-0.6173553,-0.4702084,0,0,0,-45.13573,0.8451042,0.6280022,-0.7733545,-0.5656978,0.2861978,0,0,0,-0.182807
1736099900870,-45.06233,1.605602,0.4083824,-0.9891164,0.01351886,0.1465145,0,0,0,-45.14211,0.7812455,0.1823769,-0.6306958,-0.6173553,-0.4702084,0,0,0,-45.13573,0.8451042,0.6280022,-0.7733545,-0.5656978,0.2861978,0,0,0,-0.182807
1736099900890,-45.0947,1.60664,0.4087791,-0.9879664,0.002447825,0.1546503,-2.427864,0.07790029,0.02975464,-45.18709,0.7902663,0.1814232,-0.636485,-0.6061025,-0.4769977,-3.373146,0.6765604,-0.07152557,-45.15929,0.8444799,0.6327477,-0.7455897,-0.579796,0.3285316,-1.766682,-0.04682243,0.3559113,-0.1847433
1736099900894,-45.0947,1.60664,0.4087791,-0.9879664,0.002447825,0.1546503,0,0,0,-45.18709,0.7902663,0.1814232,-0.636485,-0.6061025,-0.4769977,0,0,0,-45.15929,0.8444799,0.6327477,-0.7455897,-0.579796,0.3285316,0,0,0,-0.1847433
1736099900918,-45.1269,1.606005,0.4093475,-0.9866339,-0.002452791,0.1629352,-2.414703,-0.04766285,0.04262924,-45.22961,0.7969253,0.182663,-0.6588136,-0.5935731,-0.4622078,-3.189182,0.4994228,0.09298325,-45.18212,0.8417574,0.6353531,-0.7281991,-0.5916129,0.3460064,-1.712322,-0.2041876,0.1954079,-0.1875248
1736099900922,-45.1269,1.606005,0.4093475,-0.9866339,-0.002452791,0.1629352,0,0,0,-45.22961,0.7969253,0.182663,-0.6588136,-0.5935731,-0.4622078,0,0,0,-45.18212,0.8417574,0.6353531,-0.7281991,-0.5916129,0.3460064,0,0,0,-0.1875248
1736099900945,-45.15881,1.605978,0.4104919,-0.9851954,0.0007438734,0.1714346,-2.393532,-0.00204742,0.08583069,-45.27168,0.8041435,0.1864891,-0.6945895,-0.5768487,-0.4298742,-3.155136,0.5413637,0.2869606,-45.20609,0.8393095,0.6381569,-0.7201817,-0.5987667,0.3504528,-1.797581,-0.1835972,0.2102852,-0.1882294
1736099900950,-45.15881,1.605978,0.4104919,-0.9851954,0.0007438734,0.1714346,0,0,0,-45.27168,0.8041435,0.1864891,-0.6945895,-0.5768487,-0.4298742,0,0,0,-45.20609,0.8393095,0.6381569,-0.7201817,-0.5987667,0.3504528,0,0,0,-0.1882294
1736099900973,-45.19065,1.604658,0.4122581,-0.9839444,0.006031275,0.1783743,-2.388382,-0.09893775,0.1324654,-45.31293,0.8097829,0.1903458,-0.7255466,-0.5580518,-0.4026916,-3.094196,0.4229531,0.2892494,-45.23147,0.8352774,0.6419868,-0.7133123,-0.6022615,0.3584226,-1.903439,-0.3024012,0.2872467,-0.1882294
1736099900978,-45.19065,1.604658,0.4122581,-0.9839444,0.006031275,0.1783743,0,0,0,-45.31293,0.8097829,0.1903458,-0.7255466,-0.5580518,-0.4026916,0,0,0,-45.23147,0.8352774,0.6419868,-0.7133123,-0.6022615,0.3584226,0,0,0,-0.1882294
1736099901001,-45.22291,1.601613,0.4135895,-0.9828112,0.009163328,0.1843873,-2.419281,-0.2284169,0.0998497,-45.35344,0.8145573,0.1945038,-0.7482168,-0.5413587,-0.38354,-3.037834,0.3580838,0.3118515,-45.25838,0.8300771,0.6470833,-0.7018712,-0.6051677,0.3756981,-2.018738,-0.390029,0.3822327,-0.1882294
1736099901005,-45.22291,1.601613,0.4135895,-0.9828112,0.009163328,0.1843873,0,0,0,-45.35344,0.8145573,0.1945038,-0.7482168,-0.5413587,-0.38354,0,0,0,-45.25838,0.8300771,0.6470833,-0.7018712,-0.6051677,0.3756981,0,0,0,-0.1882294
1736099901029,-45.25473,1.597933,0.4180107,-0.9819991,0.01235713,0.1884821,-2.386093,-0.2760082,0.3315926,-45.39156,0.8155529,0.197464,-0.761428,-0.5308204,-0.3720992,-2.85902,0.0746727,0.2220154,-45.28609,0.8237389,0.6519852,-0.6875536,-0.6088309,0.395721,-2.078247,-0.475359,0.3676414,-0.1882294
1736099901033,-45.25473,1.597933,0.4180107,-0.9819991,0.01235713,0.1884821,0,0,0,-45.39156,0.8155529,0.197464,-0.761428,-0.5308204,-0.3720992,0,0,0,-45.28609,0.8237389,0.6519852,-0.6875536,-0.6088309,0.395721,0,0,0,-0.1882294
1736099901056,-45.28739,1.59234,0.4213676,-0.9820405,0.01582807,0.188006,-2.449608,-0.4194975,0.25177,-45.42781,0.8112374,0.2005768,-0.7652907,-0.5268239,-0.3698472,-2.718544,-0.3236666,0.2334595,-45.31543,0.8167402,0.6567612,-0.6737152,-0.6159693,0.4082767,-2.200413,-0.5249083,0.3582001,-0.1882294
1736099901061,-45.28739,1.59234,0.4213676,-0.9820405,0.01582807,0.188006,0,0,0,-45.42781,0.8112374,0.2005768,-0.7652907,-0.5268239,-0.3698472,0,0,0,-45.31543,0.8167402,0.6567612,-0.6737152,-0.6159693,0.4082767,0,0,0,-0.1882294
1736099901084,-45.32049,1.586445,0.424984,-0.9828369,0.02156553,0.1832131,-2.482796,-0.4420817,0.271225,-45.46193,0.8044524,0.203476,-0.7650861,-0.5256839,-0.3718877,-2.559185,-0.5088776,0.2174377,-45.34696,0.8090934,0.6611748,-0.6687514,-0.6202564,0.4099435,-2.364349,-0.5735055,0.3310204,-0.1882294
1736099901088,-45.32049,1.586445,0.424984,-0.9828369,0.02156553,0.1832131,0,0,0,-45.46193,0.8044524,0.203476,-0.7650861,-0.5256839,-0.3718877,0,0,0,-45.34696,0.8090934,0.6611748,-0.6687514,-0.6202564,0.4099435,0,0,0,-0.1882294
1736099901112,-45.35424,1.580845,0.4292526,-0.9843515,0.02447092,0.17451,-2.531433,-0.4199803,0.3201485,-45.49347,0.7954695,0.2038612,-0.754859,-0.5305238,-0.3856591,-2.36578,-0.6737173,0.02889633,-45.38045,0.7994259,0.6634789,-0.6700903,-0.6218114,0.4053763,-2.511692,-0.7250637,0.1728058,-0.1882294
1736099901116,-45.35424,1.580845,0.4292526,-0.9843515,0.02447092,0.17451,0,0,0,-45.49347,0.7954695,0.2038612,-0.754859,-0.5305238,-0.3856591,0,0,0,-45.38045,0.7994259,0.6634789,-0.6700903,-0.6218114,0.4053763,0,0,0,-0.1882294
1736099901140,-45.38897,1.576645,0.4334488,-0.9862368,0.02382282,0.1636147,-2.604675,-0.3150254,0.3147125,-45.52086,0.7855734,0.2055206,-0.7340072,-0.54618,-0.403635,-2.053928,-0.7422075,0.1244545,-45.41585,0.7903903,0.6658859,-0.6712639,-0.626299,0.3964273,-2.655315,-0.6776735,0.1805305,-0.1882294
1736099901144,-45.38897,1.576645,0.4334488,-0.9862368,0.02382282,0.1636147,0,0,0,-45.52086,0.7855734,0.2055206,-0.7340072,-0.54618,-0.403635,0,0,0,-45.41585,0.7903903,0.6658859,-0.6712639,-0.626299,0.3964273,0,0,0,-0.1882294
1736099901148,-45.38897,1.576645,0.4334488,-0.9862368,0.02382282,0.1636147,0,0,0,-45.52086,0.7855734,0.2055206,-0.7340072,-0.54618,-0.403635,0,0,0,-45.41585,0.7903903,0.6658859,-0.6712639,-0.626299,0.3964273,0,0,0,-0.1882294
1736099901167,-45.42321,1.57324,0.4389648,-0.9875687,0.02727836,0.1548039,-2.568054,-0.2553999,0.4137039,-45.54592,0.7752649,0.2052193,-0.703765,-0.5684919,-0.4260666,-1.879692,-0.7731378,-0.02260208,-45.45514,0.7844159,0.6689949,-0.6717802,-0.6259537,0.396098,-2.946568,-0.4480764,0.2331734,-0.1882294
1736099901172,-45.42321,1.57324,0.4389648,-0.9875687,0.02727836,0.1548039,0,0,0,-45.54592,0.7752649,0.2052193,-0.703765,-0.5684919,-0.4260666,0,0,0,-45.45514,0.7844159,0.6689949,-0.6717802,-0.6259537,0.396098,0,0,0,-0.1882294
1736099901195,-45.45942,1.577311,0.4442139,-0.989584,0.01923393,0.1426668,-2.715683,0.3053784,0.3936768,-45.56908,0.7652971,0.2042923,-0.6710246,-0.5944055,-0.44318,-1.737213,-0.7475853,-0.06952286,-45.49466,0.7810885,0.6724968,-0.6701617,-0.6218943,0.4051311,-2.96402,-0.2495572,0.2626419,-0.1882294
1736099901200,-45.45942,1.577311,0.4442139,-0.989584,0.01923393,0.1426668,0,0,0,-45.56908,0.7652971,0.2042923,-0.6710246,-0.5944055,-0.44318,0,0,0,-45.49466,0.7810885,0.6724968,-0.6701617,-0.6218943,0.4051311,0,0,0,-0.1882294
1736099901223,-45.49556,1.584641,0.4512138,-0.9894878,0.030883,0.1412819,-2.710247,0.5497277,0.5249977,-45.58741,0.7590909,0.2009621,-0.6247753,-0.6191041,-0.4757791,-1.374435,-0.4654616,-0.2497673,-45.53273,0.7801138,0.6751671,-0.6547151,-0.6270208,0.4221296,-2.855015,-0.07309914,0.2002716,-0.1882294
1736099901227,-45.49556,1.584641,0.4512138,-0.9894878,0.030883,0.1412819,0,0,0,-45.58741,0.7590909,0.2009621,-0.6247753,-0.6191041,-0.4757791,0,0,0,-45.53273,0.7801138,0.6751671,-0.6547151,-0.6270208,0.4221296,0,0,0,-0.1882294
1736099901251,-45.53075,1.585903,0.4560356,-0.987876,0.05175021,0.1463679,-2.639008,0.09461045,0.3616333,-45.60479,0.7585975,0.2004585,-0.5703622,-0.6547056,-0.4960325,-1.303482,-0.03700554,-0.0377655,-45.57237,0.7839771,0.6733437,-0.6465183,-0.6381952,0.4179966,-2.973175,0.2897456,-0.1367569,-0.1882294
1736099901255,-45.53075,1.585903,0.4560356,-0.987876,0.05175021,0.1463679,0,0,0,-45.60479,0.7585975,0.2004585,-0.5703622,-0.6547056,-0.4960325,0,0,0,-45.57237,0.7839771,0.6733437,-0.6465183,-0.6381952,0.4179966,0,0,0,-0.1882294
1736099901279,-45.56422,1.585405,0.4620094,-0.9889221,0.03921754,0.1431631,-2.510834,-0.03728271,0.4480362,-45.62747,0.7595465,0.2035522,-0.5582569,-0.6784731,-0.4775182,-1.701164,0.07117689,0.232029,-45.618,0.7930617,0.6693077,-0.6735177,-0.6264325,0.3923728,-3.422642,0.6813437,-0.3026962,-0.1882294
1736099901283,-45.56422,1.585405,0.4620094,-0.9889221,0.03921754,0.1431631,0,0,0,-45.62747,0.7595465,0.2035522,-0.5582569,-0.6784731,-0.4775182,0,0,0,-45.618,0.7930617,0.6693077,-0.6735177,-0.6264325,0.3923728,0,0,0,-0.1882294
1736099901306,-45.59836,1.589508,0.4680405,-0.9912187,0.01714311,0.1311181,-2.560043,0.307703,0.4523277,-45.65464,0.7617788,0.2031631,-0.5819734,-0.6695327,-0.4615555,-2.037334,0.167419,-0.02918243,-45.66198,0.8018935,0.6632843,-0.7181652,-0.6068621,0.3405252,-3.298187,0.6623849,-0.4517555,-0.1882294
1736099901311,-45.59836,1.589508,0.4680405,-0.9912187,0.01714311,0.1311181,0,0,0,-45.65464,0.7617788,0.2031631,-0.5819734,-0.6695327,-0.4615555,0,0,0,-45.66198,0.8018935,0.6632843,-0.7181652,-0.6068621,0.3405252,0,0,0,-0.1882294
1736099901334,-45.63273,1.593302,0.4674568,-0.9921497,0.01871264,0.1236501,-2.577782,0.2845287,-0.04377365,-45.68407,0.76749,0.1990967,-0.5980445,-0.6478812,-0.4717982,-2.207565,0.4283398,-0.304985,-45.70487,0.8067217,0.6623039,-0.7511349,-0.5977649,0.2801316,-3.216648,0.3621161,-0.07352829,-0.1882294
1736099901339,-45.63273,1.593302,0.4674568,-0.9921497,0.01871264,0.1236501,0,0,0,-45.68407,0.76749,0.1990967,-0.5980445,-0.6478812,-0.4717982,0,0,0,-45.70487,0.8067217,0.6623039,-0.7511349,-0.5977649,0.2801316,0,0,0,-0.1882294
1736099901362,-45.66615,1.59853,0.4714928,-0.9930204,0.01678829,0.1167439,-2.506828,0.3921032,0.3026962,-45.71278,0.7734655,0.1931267,-0.5659053,-0.6452935,-0.5131741,-2.15292,0.4481658,-0.4477501,-45.74722,0.8127052,0.6647911,-0.7631142,-0.5833218,0.2781956,-3.176022,0.4487604,0.1865387,-0.1882294
1736099901367,-45.66615,1.59853,0.4714928,-0.9930204,0.01678829,0.1167439,0,0,0,-45.71278,0.7734655,0.1931267,-0.5659053,-0.6452935,-0.5131741,0,0,0,-45.74722,0.8127052,0.6647911,-0.7631142,-0.5833218,0.2781956,0,0,0,-0.1882294
1736099901390,-45.69882,1.601033,0.470047,-0.9943221,0.007549744,0.1061446,-2.45018,0.1877189,-0.1084328,-45.73934,0.7782326,0.1909523,-0.5223153,-0.658895,-0.5413363,-1.99213,0.357534,-0.1630783,-45.78891,0.8199925,0.6660347,-0.7677843,-0.5714852,0.2896764,-3.127098,0.5465537,0.09326935,-0.1882294
1736099901394,-45.69882,1.601033,0.470047,-0.9943221,0.007549744,0.1061446,0,0,0,-45.73934,0.7782326,0.1909523,-0.5223153,-0.658895,-0.5413363,0,0,0,-45.78891,0.8199925,0.6660347,-0.7677843,-0.5714852,0.2896764,0,0,0,-0.1882294
1736099901417,-45.73166,1.603439,0.4687347,-0.9956003,0.003420409,0.09364057,-2.462769,0.1804769,-0.09841919,-45.76575,0.7803555,0.1925659,-0.5094353,-0.6651421,-0.5459507,-1.980686,0.1592159,0.1210213,-45.83167,0.8270354,0.6653023,-0.7773028,-0.5661868,0.2742865,-3.206635,0.5282164,-0.05493164,-0.1882294
1736099901422,-45.73166,1.603439,0.4687347,-0.9956003,0.003420409,0.09364057,0,0,0,-45.76575,0.7803555,0.1925659,-0.5094353,-0.6651421,-0.5459507,0,0,0,-45.83167,0.8270354,0.6653023,-0.7773028,-0.5661868,0.2742865,0,0,0,-0.1882294
1736099901445,-45.76469,1.604301,0.4682846,-0.9964895,0.007525589,0.08338046,-2.477646,0.06465912,-0.03376007,-45.79368,0.7797855,0.1967964,-0.5230695,-0.6629493,-0.5356276,-2.094841,-0.04274994,0.3172874,-45.87379,0.835277,0.6610909,-0.7992076,-0.5517866,0.2383254,-3.159428,0.6181151,-0.3158569,-0.1882294
1736099901450,-45.76469,1.604301,0.4682846,-0.9964895,0.007525589,0.08338046,0,0,0,-45.79368,0.7797855,0.1967964,-0.5230695,-0.6629493,-0.5356276,0,0,0,-45.87379,0.835277,0.6610909,-0.7992076,-0.5517866,0.2383254,0,0,0,-0.1882294
1736099901473,-45.79778,1.602953,0.4675484,-0.9973039,0.01594375,0.0716325,-2.481079,-0.1011103,-0.05521774,-45.82416,0.7753089,0.1966324,-0.5222988,-0.6623734,-0.5370902,-2.285957,-0.3357455,-0.0123024,-45.91554,0.8503603,0.662384,-0.8203471,-0.5352387,0.2013721,-3.131104,1.131248,0.09698868,-0.1882294
1736099901478,-45.79778,1.602953,0.4675484,-0.9973039,0.01594375,0.0716325,0,0,0,-45.82416,0.7753089,0.1966324,-0.5222988,-0.6623734,-0.5370902,0,0,0,-45.91554,0.8503603,0.662384,-0.8203471,-0.5352387,0.2013721,0,0,0,-0.1882294
1736099901482,-45.79778,1.602953,0.4675484,-0.9973039,0.01594375,0.0716325,0,0,0,-45.82416,0.7753089,0.1966324,-0.5222988,-0.6623734,-0.5370902,0,0,0,-45.91554,0.8503603,0.662384,-0.8203471,-0.5352387,0.2013721,0,0,0,-0.1882294
1736099901501,-45.83112,1.60042,0.4729309,-0.997946,0.01892451,0.06120646,-2.500534,-0.1899987,0.4036903,-45.85503,0.7704772,0.1972885,-0.5039604,-0.6644199,-0.5518792,-2.315426,-0.3623798,0.04920959,-45.95758,0.8550289,0.6608582,-0.8362157,-0.5204647,0.1728002,-3.153419,0.3501445,-0.1144409,-0.1882294
1736099901505,-45.83112,1.60042,0.4729309,-0.997946,0.01892451,0.06120646,0,0,0,-45.85503,0.7704772,0.1972885,-0.5039604,-0.6644199,-0.5518792,0,0,0,-45.95758,0.8550289,0.6608582,-0.8362157,-0.5204647,0.1728002,0,0,0,-0.1882294
1736099901529,-45.86502,1.596476,0.4695206,-0.9983703,0.02220469,0.05257273,-2.542877,-0.2958119,-0.2557755,-45.88542,0.7635317,0.1993675,-0.4813358,-0.6700756,-0.56508,-2.279091,-0.5209073,0.1559258,-45.99832,0.8583583,0.6623878,-0.8481563,-0.505628,0.1580231,-3.055286,0.2497047,0.114727,-0.1882294
1736099901533,-45.86502,1.596476,0.4695206,-0.9983703,0.02220469,0.05257273,0,0,0,-45.88542,0.7635317,0.1993675,-0.4813358,-0.6700756,-0.56508,0,0,0,-45.99832,0.8583583,0.6623878,-0.8481563,-0.505628,0.1580231,0,0,0,-0.1882294
1736099901556,-45.89957,1.591368,0.4702225,-0.9985295,0.02729141,0.04684633,-2.590942,-0.3830463,0.05264282,-45.91721,0.7544799,0.203701,-0.4657838,-0.6806871,-0.5654299,-2.38409,-0.6788895,0.3250122,-46.03951,0.8587011,0.6648941,-0.8556864,-0.4926609,0.1583868,-3.089333,0.02571344,0.1879692,-0.1882294
1736099901561,-45.89957,1.591368,0.4702225,-0.9985295,0.02729141,0.04684633,0,0,0,-45.91721,0.7544799,0.203701,-0.4657838,-0.6806871,-0.5654299,0,0,0,-46.03951,0.8587011,0.6648941,-0.8556864,-0.4926609,0.1583868,0,0,0,-0.1882294
1736099901584,-45.93448,1.585639,0.4689713,-0.9987061,0.02927369,0.04158556,-2.618694,-0.429672,-0.09384155,-45.94916,0.7471434,0.2089615,-0.4637504,-0.6877786,-0.5584764,-2.396679,-0.5502328,0.3945351,-46.07919,0.8556311,0.6651039,-0.8615419,-0.4819474,0.1596012,-2.97575,-0.2302498,0.01573563,-0.1882294
1736099901589,-45.93448,1.585639,0.4689713,-0.9987061,0.02927369,0.04158556,0,0,0,-45.94916,0.7471434,0.2089615,-0.4637504,-0.6877786,-0.5584764,0,0,0,-46.07919,0.8556311,0.6651039,-0.8615419,-0.4819474,0.1596012,0,0,0,-0.1882294
1736099901612,-45.96975,1.580957,0.46492,-0.9987924,0.02975718,0.0390954,-2.645016,-0.3511637,-0.3038406,-45.98308,0.7386876,0.2120056,-0.4665109,-0.6942146,-0.5481184,-2.544022,-0.634186,0.2283096,-46.11635,0.8523775,0.6654358,-0.8661847,-0.4738192,0.1588075,-2.787209,-0.2440184,0.0248909,-0.1882294
1736099901616,-45.96975,1.580957,0.46492,-0.9987924,0.02975718,0.0390954,0,0,0,-45.98308,0.7386876,0.2120056,-0.4665109,-0.6942146,-0.5481184,0,0,0,-46.11635,0.8523775,0.6654358,-0.8661847,-0.4738192,0.1588075,0,0,0,-0.1882294
1736099901640,-46.00438,1.575236,0.4609375,-0.9988159,0.02794166,0.03983027,-2.597237,-0.4291177,-0.2986908,-46.01687,0.731824,0.2141495,-0.4645608,-0.7024379,-0.5392261,-2.534294,-0.5147696,0.1607895,-46.15059,0.8479958,0.6661034,-0.8673505,-0.4710718,0.1606073,-2.567768,-0.3286332,0.0500679,-0.1882294
1736099901644,-46.00438,1.575236,0.4609375,-0.9988159,0.02794166,0.03983027,0,0,0,-46.01687,0.731824,0.2141495,-0.4645608,-0.7024379,-0.5392261,0,0,0,-46.15059,0.8479958,0.6661034,-0.8673505,-0.4710718,0.1606073,0,0,0,-0.1882294
1736099901667,-46.04008,1.578804,0.458149,-0.9992836,0.002224386,0.03778923,-2.677917,0.2675951,-0.2091408,-46.05596,0.728634,0.213974,-0.4664474,-0.7071709,-0.5313538,-2.931404,-0.239253,-0.01316071,-46.18342,0.8421148,0.6658173,-0.8644907,-0.4740804,0.1670449,-2.462196,-0.4410714,-0.02145767,-0.1882294
1736099901672,-46.04008,1.578804,0.458149,-0.9992836,0.002224386,0.03778923,0,0,0,-46.05596,0.728634,0.213974,-0.4664474,-0.7071709,-0.5313538,0,0,0,-46.18342,0.8421148,0.6658173,-0.8644907,-0.4740804,0.1670449,0,0,0,-0.1882294
1736099901695,-46.07518,1.585948,0.4541893,-0.9982306,0.01140351,0.05836225,-2.632141,0.5358338,-0.2969742,-46.09109,0.7336473,0.212719,-0.4564414,-0.7084205,-0.5383328,-2.634716,0.3759965,-0.09412766,-46.21005,0.8379022,0.6694603,-0.8504162,-0.4854714,0.2027565,-1.99728,-0.3159463,0.2732277,-0.1882294
1736099901700,-46.07518,1.585948,0.4541893,-0.9982306,0.01140351,0.05836225,0,0,0,-46.09109,0.7336473,0.212719,-0.4564414,-0.7084205,-0.5383328,0,0,0,-46.21005,0.8379022,0.6694603,-0.8504162,-0.4854714,0.2027565,0,0,0,-0.1882294
1736099901723,-46.10746,1.587931,0.4521828,-0.9978403,0.02269894,0.06164294,-2.420712,0.1487017,-0.1504898,-46.12832,0.7437955,0.213829,-0.4764874,-0.7015658,-0.5298738,-2.792358,0.761117,0.08325577,-46.23222,0.8372573,0.6733246,-0.818477,-0.5151663,0.2543606,-1.662827,-0.04836917,0.2898216,-0.1882294
1736099901727,-46.10746,1.587931,0.4521828,-0.9978403,0.02269894,0.06164294,0,0,0,-46.12832,0.7437955,0.213829,-0.4764874,-0.7015658,-0.5298738,0,0,0,-46.23222,0.8372573,0.6733246,-0.818477,-0.5151663,0.2543606,0,0,0,-0.1882294
1736099901751,-46.13811,1.591561,0.451683,-0.9981802,0.01708032,0.05783635,-2.298832,0.2722442,-0.0374794,-46.17073,0.7549182,0.217556,-0.5293599,-0.6786113,-0.5091808,-3.181171,0.8342028,0.2795219,-46.25583,0.8422241,0.6728439,-0.8076398,-0.5326865,0.25291,-1.770401,0.3725141,-0.03604889,-0.1882294
1736099901755,-46.13811,1.591561,0.451683,-0.9981802,0.01708032,0.05783635,0,0,0,-46.17073,0.7549182,0.217556,-0.5293599,-0.6786113,-0.5091808,0,0,0,-46.25583,0.8422241,0.6728439,-0.8076398,-0.5326865,0.25291,0,0,0,-0.1882294
1736099901779,-46.16795,1.596671,0.4527321,-0.9977019,0.01208094,0.06667286,-2.237892,0.3832519,0.07867813,-46.21247,0.7658367,0.2216377,-0.5855212,-0.6581835,-0.4732442,-3.130531,0.8188874,0.3061295,-46.277,0.8462298,0.6723366,-0.8211637,-0.529766,0.2122229,-1.588154,0.3004253,-0.03805161,-0.1882294
1736099901783,-46.16795,1.596671,0.4527321,-0.9977019,0.01208094,0.06667286,0,0,0,-46.21247,0.7658367,0.2216377,-0.5855212,-0.6581835,-0.4732442,0,0,0,-46.277,0.8462298,0.6723366,-0.8211637,-0.529766,0.2122229,0,0,0,-0.1882294
1736099901806,-46.19651,1.601562,0.4540825,-0.9964881,0.01108542,0.08299887,-2.142334,0.3668547,0.1012802,-46.25252,0.7766942,0.2219772,-0.6109189,-0.6374519,-0.4695038,-3.003502,0.8143142,0.0254631,-46.29419,0.84848,0.6747856,-0.8219296,-0.5321224,0.2031696,-1.288891,0.1687646,0.1836777,-0.1882294
1736099901811,-46.19651,1.601562,0.4540825,-0.9964881,0.01108542,0.08299887,0,0,0,-46.25252,0.7766942,0.2219772,-0.6109189,-0.6374519,-0.4695038,0,0,0,-46.29419,0.84848,0.6747856,-0.8219296,-0.5321224,0.2031696,0,0,0,-0.1882294
1736099901815,-46.19651,1.601562,0.4540825,-0.9964881,0.01108542,0.08299887,0,0,0,-46.25252,0.7766942,0.2219772,-0.6109189,-0.6374519,-0.4695038,0,0,0,-46.29419,0.84848,0.6747856,-0.8219296,-0.5321224,0.2031696,0,0,0,-0.1882294
1736099901834,-46.22368,1.606384,0.4566231,-0.9954059,-0.001226641,0.09574056,-2.037621,0.3616333,0.1905441,-46.29264,0.787436,0.223793,-0.6159458,-0.6203234,-0.4856033,-3.008938,0.8056328,0.1361847,-46.31289,0.8529685,0.6842384,-0.8054955,-0.5433766,0.2364724,-1.403046,0.3366351,0.7089615,-0.1882294
1736099901839,-46.22368,1.606384,0.4566231,-0.9954059,-0.001226641,0.09574056,0,0,0,-46.29264,0.787436,0.223793,-0.6159458,-0.6203234,-0.4856033,0,0,0,-46.31289,0.8529685,0.6842384,-0.8054955,-0.5433766,0.2364724,0,0,0,-0.1882294
1736099901862,-46.24902,1.606403,0.4587059,-0.9940317,-0.009098889,0.1087127,-1.900864,0.00141263,0.1562119,-46.32995,0.7927934,0.2269974,-0.6320938,-0.6046553,-0.4846134,-2.798367,0.4018039,0.2403259,-46.33074,0.8522722,0.6938705,-0.786145,-0.5551463,0.2716411,-1.338673,-0.05222261,0.7224083,-0.1925229
1736099901866,-46.24902,1.606403,0.4587059,-0.9940317,-0.009098889,0.1087127,0,0,0,-46.32995,0.7927934,0.2269974,-0.6320938,-0.6046553,-0.4846134,0,0,0,-46.33074,0.8522722,0.6938705,-0.786145,-0.5551463,0.2716411,0,0,0,-0.1925229
1736099901890,-46.27313,1.606421,0.461338,-0.9927183,-0.007514663,0.1202264,-1.808167,0.001341105,0.1974106,-46.36644,0.7982662,0.2336769,-0.657289,-0.5904658,-0.4683181,-2.736282,0.4104584,0.5009651,-46.34729,0.8494648,0.70364,-0.7718363,-0.5636024,0.2943148,-1.240826,-0.2105534,0.732708,-0.1968684
1736099901894,-46.27313,1.606421,0.461338,-0.9927183,-0.007514663,0.1202264,0,0,0,-46.36644,0.7982662,0.2336769,-0.657289,-0.5904658,-0.4683181,0,0,0,-46.34729,0.8494648,0.70364,-0.7718363,-0.5636024,0.2943148,0,0,0,-0.1968684
1736099901917,-46.29643,1.60604,0.463623,-0.9917261,-0.0008171052,0.1283705,-1.747513,-0.02857447,0.1713753,-46.40245,0.8045151,0.2410545,-0.6874376,-0.5738541,-0.4451082,-2.701092,0.4686713,0.5533218,-46.36528,0.8422177,0.707489,-0.7672114,-0.5658186,0.3020534,-1.349258,-0.5435318,0.2886772,-0.2004009
1736099901922,-46.29643,1.60604,0.463623,-0.9917261,-0.0008171052,0.1283705,0,0,0,-46.40245,0.8045151,0.2410545,-0.6874376,-0.5738541,-0.4451082,0,0,0,-46.36528,0.8422177,0.707489,-0.7672114,-0.5658186,0.3020534,0,0,0,-0.2004009
1736099901945,-46.3189,1.605847,0.4661942,-0.9911677,0.004917307,0.132524,-1.685143,-0.0144124,0.1928329,-46.43616,0.8109585,0.2475586,-0.7138394,-0.5532249,-0.4293902,-2.528286,0.4832536,0.4878044,-46.38436,0.840258,0.7193069,-0.7563635,-0.5725565,0.3163755,-1.43137,-0.1469761,0.8863449,-0.2021796
1736099901950,-46.3189,1.605847,0.4661942,-0.9911677,0.004917307,0.132524,0,0,0,-46.43616,0.8109585,0.2475586,-0.7138394,-0.5532249,-0.4293902,0,0,0,-46.38436,0.840258,0.7193069,-0.7563635,-0.5725565,0.3163755,0,0,0,-0.2021796
1736099901973,-46.34051,1.605277,0.4691353,-0.9908456,0.01173136,0.1344919,-1.62077,-0.04280806,0.2205849,-46.46836,0.8178432,0.2543945,-0.7332879,-0.5372931,-0.4166594,-2.414703,0.5163521,0.5126953,-46.40231,0.8381101,0.7301445,-0.7417299,-0.5816177,0.3340027,-1.346111,-0.1610935,0.8128166,-0.2021796
1736099901978,-46.34051,1.605277,0.4691353,-0.9908456,0.01173136,0.1344919,0,0,0,-46.46836,0.8178432,0.2543945,-0.7332879,-0.5372931,-0.4166594,0,0,0,-46.40231,0.8381101,0.7301445,-0.7417299,-0.5816177,0.3340027,0,0,0,-0.2021796
1736099902001,-46.36137,1.602537,0.4719124,-0.9911854,0.01664231,0.1314346,-1.564121,-0.2054751,0.2082825,-46.49976,0.8233274,0.2597771,-0.7480959,-0.5195295,-0.4128466,-2.354908,0.4113168,0.4036903,-46.42195,0.8351568,0.7401848,-0.7315178,-0.5871375,0.3466285,-1.472855,-0.2214968,0.7530212,-0.2021796
1736099902005,-46.36137,1.602537,0.4719124,-0.9911854,0.01664231,0.1314346,0,0,0,-46.49976,0.8233274,0.2597771,-0.7480959,-0.5195295,-0.4128466,0,0,0,-46.42195,0.8351568,0.7401848,-0.7315178,-0.5871375,0.3466285,0,0,0,-0.2021796
1736099902029,-46.38193,1.598801,0.4754791,-0.9924389,0.01467129,0.1218602,-1.542091,-0.2802193,0.2675056,-46.52873,0.8256408,0.2644844,-0.7595165,-0.5002531,-0.4157912,-2.172947,0.1735032,0.3530502,-46.4434,0.8304356,0.7490196,-0.7284134,-0.5887976,0.3503304,-1.609039,-0.3540874,0.6626129,-0.2021796
1736099902033,-46.38193,1.598801,0.4754791,-0.9924389,0.01467129,0.1218602,0,0,0,-46.52873,0.8256408,0.2644844,-0.7595165,-0.5002531,-0.4157912,0,0,0,-46.4434,0.8304356,0.7490196,-0.7284134,-0.5887976,0.3503304,0,0,0,-0.2021796
1736099902056,-46.40105,1.594407,0.4789352,-0.9937366,0.02079106,0.1097986,-1.434517,-0.3295004,0.2592087,-46.55537,0.8287758,0.2671471,-0.7653105,-0.4833635,-0.4250412,-1.997852,0.2351224,0.1996994,-46.46327,0.8472316,0.7095299,-0.7530955,-0.5650547,0.3369877,-1.490021,1.259699,-2.961731,-0.2021796
1736099902061,-46.40105,1.594407,0.4789352,-0.9937366,0.02079106,0.1097986,0,0,0,-46.55537,0.8287758,0.2671471,-0.7653105,-0.4833635,-0.4250412,0,0,0,-46.46327,0.8472316,0.7095299,-0.7530955,-0.5650547,0.3369877,0,0,0,-0.2021796
1736099902084,-46.41986,1.5923,0.4831886,-0.9952216,0.0208246,0.09539783,-1.41077,-0.1580715,0.3190041,-46.57893,0.8318794,0.2686577,-0.7642716,-0.4728578,-0.4385142,-1.767254,0.232771,0.1132965,-46.4871,0.8387119,0.7153854,-0.7596677,-0.5628281,0.3257756,-1.787567,-0.6389827,0.439167,-0.2021796
1736099902089,-46.41986,1.5923,0.4831886,-0.9952216,0.0208246,0.09539783,0,0,0,-46.57893,0.8318794,0.2686577,-0.7642716,-0.4728578,-0.4385142,0,0,0,-46.4871,0.8387119,0.7153854,-0.7596677,-0.5628281,0.3257756,0,0,0,-0.2021796
1736099902103,-46.43776,1.591943,0.4870415,-0.9958054,0.02482695,0.08806592,-1.342392,-0.02673268,0.2889633,-46.59709,0.8287836,0.2716026,-0.7560787,-0.4702756,-0.4551768,-1.361847,-0.232181,0.220871,-46.51085,0.8315907,0.7203407,-0.7610518,-0.5611581,0.325426,-1.780987,-0.5340904,0.3716469,-0.2021796
1736099902107,-46.43776,1.591943,0.4870415,-0.9958054,0.02482695,0.08806592,0,0,0,-46.59709,0.8287836,0.2716026,-0.7560787,-0.4702756,-0.4551768,0,0,0,-46.51085,0.8315907,0.7203407,-0.7610518,-0.5611581,0.325426,0,0,0,-0.2021796
1736099902126,-46.44626,1.592918,0.4885902,-0.9957907,0.03103898,0.08624196,-0.6371498,0.07312596,0.1161575,-46.60331,0.8295535,0.2724915,-0.7460273,-0.4768115,-0.4648601,-0.4669189,0.05773902,0.06666183,-46.52205,0.8304541,0.7216187,-0.7583594,-0.5612935,0.3314224,-0.8402824,-0.0852406,0.09584427,-0.2021796
1736099902130,-46.44626,1.592918,0.4885902,-0.9957907,0.03103898,0.08624196,0,0,0,-46.60331,0.8295535,0.2724915,-0.7460273,-0.4768115,-0.4648601,0,0,0,-46.52205,0.8304541,0.7216187,-0.7583594,-0.5612935,0.3314224,0,0,0,-0.2021796
1736099902145,-46.46227,1.591853,0.4917564,-0.9961082,0.03730927,0.07985562,-1.200485,-0.07988513,0.2374649,-46.61401,0.8273262,0.2752495,-0.7243839,-0.4950598,-0.4797751,-0.8022308,-0.167048,0.206852,-46.54423,0.8299918,0.7230759,-0.7577011,-0.5584266,0.3377115,-1.663399,-0.03467202,0.1092911,-0.2021796
1736099902167,-46.46955,1.592602,0.4928513,-0.996595,0.03464657,0.07482386,-0.5464554,0.05616546,0.08211136,-46.61792,0.8247144,0.2773514,-0.7121415,-0.5061444,-0.4864898,-0.2932549,-0.1958817,0.1576424,-46.55622,0.8317369,0.7228584,-0.7621673,-0.5530041,0.3365824,-0.8992195,0.1308829,-0.01630783,-0.2021796
1736099902172,-46.46955,1.592602,0.4928513,-0.996595,0.03464657,0.07482386,0,0,0,-46.61792,0.8247144,0.2773514,-0.7121415,-0.5061444,-0.4864898,0,0,0,-46.55622,0.8317369,0.7228584,-0.7621673,-0.5530041,0.3365824,0,0,0,-0.2021796
1736099902186,-46.48448,1.595568,0.4948502,-0.9972492,0.03354851,0.06609952,-1.119804,0.2224356,0.1499176,-46.62364,0.8209499,0.2805595,-0.6910597,-0.5307162,-0.4906906,-0.4291534,-0.2823383,0.240612,-46.57923,0.8364549,0.714016,-0.7772239,-0.5330985,0.3342589,-1.725483,0.353846,-0.6631851,-0.2021796
1736099902191,-46.48448,1.595568,0.4948502,-0.9972492,0.03354851,0.06609952,0,0,0,-46.62364,0.8209499,0.2805595,-0.6910597,-0.5307162,-0.4906906,0,0,0,-46.57923,0.8364549,0.714016,-0.7772239,-0.5330985,0.3342589,0,0,0,-0.2021796
1736099902209,-46.49148,1.597046,0.4956322,-0.9972763,0.03617603,0.0642786,-0.5247116,0.1108915,0.05865097,-46.62487,0.8205549,0.2820511,-0.6881402,-0.5447783,-0.4792502,-0.09212494,-0.02962947,0.111866,-46.58994,0.8390048,0.705101,-0.7871141,-0.5215306,0.3293285,-0.8030891,0.1912415,-0.6686211,-0.2021796
1736099902228,-46.50535,1.601556,0.4967117,-0.9974385,0.03903306,0.0599432,-1.040268,0.3381908,0.08096695,-46.62846,0.8191422,0.2867165,-0.6801051,-0.5661052,-0.4658136,-0.2692223,-0.1059473,0.3499031,-46.60949,0.8432595,0.7000389,-0.8003387,-0.5112768,0.3131363,-1.46656,0.3191024,-0.3796577,-0.2021796
1736099902251,-46.51165,1.603385,0.4965706,-0.997143,0.04209068,0.06272542,-0.472641,0.1372218,-0.01058578,-46.62891,0.8188187,0.2872581,-0.6787239,-0.5748974,-0.4569757,-0.03376007,-0.02426505,0.04062653,-46.61971,0.8472016,0.6979713,-0.8031672,-0.5058525,0.3147001,-0.766468,0.2956599,-0.1550674,-0.2021796
1736099902255,-46.51165,1.603385,0.4965706,-0.997143,0.04209068,0.06272542,0,0,0,-46.62891,0.8188187,0.2872581,-0.6787239,-0.5748974,-0.4569757,0,0,0,-46.61971,0.8472016,0.6979713,-0.8031672,-0.5058525,0.3147001,0,0,0,-0.2021796
1736099902270,-46.52357,1.606771,0.4957428,-0.9969272,0.04162252,0.06636196,-0.8937836,0.2539247,-0.0620842,-46.63049,0.8149436,0.2842903,-0.6647796,-0.5892853,-0.4591424,-0.1181602,-0.2906352,-0.2225876,-46.64101,0.8556558,0.694313,-0.7988678,-0.5086679,0.3210408,-1.597881,0.6340653,-0.2743721,-0.2024419
1736099902274,-46.52357,1.606771,0.4957428,-0.9969272,0.04162252,0.06636196,0,0,0,-46.63049,0.8149436,0.2842903,-0.6647796,-0.5892853,-0.4591424,0,0,0,-46.64101,0.8556558,0.694313,-0.7988678,-0.5086679,0.3210408,0,0,0,-0.2024419
1736099902292,-46.52888,1.606309,0.4944305,-0.9967717,0.04246534,0.06814218,-0.3988266,-0.03465414,-0.09841919,-46.63109,0.8116121,0.2836266,-0.6544314,-0.5958774,-0.4654568,-0.04520416,-0.2498567,-0.0497818,-46.64915,0.8568302,0.6893883,-0.8012835,-0.5061035,0.3190676,-0.6105423,0.08808374,-0.3693581,-0.2047913
1736099902311,-46.53984,1.606174,0.4924393,-0.9965912,0.04493493,0.06918985,-0.8219719,-0.01013875,-0.1493454,-46.63232,0.8058554,0.2826042,-0.6342706,-0.6123465,-0.471946,-0.09269714,-0.4317552,-0.07667542,-46.66481,0.8597999,0.6808395,-0.8094491,-0.5022781,0.3041527,-1.17445,0.2227217,-0.6411552,-0.2080629
1736099902316,-46.53984,1.606174,0.4924393,-0.9965912,0.04493493,0.06918985,0,0,0,-46.63232,0.8058554,0.2826042,-0.6342706,-0.6123465,-0.471946,0,0,0,-46.66481,0.8597999,0.6808395,-0.8094491,-0.5022781,0.3041527,0,0,0,-0.2080629
1736099902334,-46.54479,1.606023,0.4911842,-0.9965223,0.04654352,0.06911665,-0.3710747,-0.01131892,-0.09412766,-46.63296,0.8024263,0.281044,-0.6247904,-0.6204705,-0.4739769,-0.04777908,-0.2571791,-0.1170158,-46.67265,0.8615999,0.6783066,-0.8161934,-0.5049829,0.2807502,-0.5876541,0.1350045,-0.1899719,-0.2090564
1736099902353,-46.55419,1.606038,0.4884834,-0.9964561,0.04801892,0.06906313,-0.70467,0.001162291,-0.2025604,-46.63449,0.7983308,0.2794533,-0.607996,-0.634533,-0.4771891,-0.1144409,-0.3071666,-0.1193047,-46.6853,0.8644781,0.6688919,-0.830666,-0.4999456,0.2450482,-0.9484291,0.2158642,-0.7061005,-0.2103238
1736099902357,-46.55419,1.606038,0.4884834,-0.9964561,0.04801892,0.06906313,0,0,0,-46.63449,0.7983308,0.2794533,-0.607996,-0.634533,-0.4771891,0,0,0,-46.6853,0.8644781,0.6688919,-0.830666,-0.4999456,0.2450482,0,0,0,-0.2103238
1736099902376,-46.55788,1.605608,0.4868126,-0.9966427,0.04574445,0.06790507,-0.276947,-0.03227592,-0.1253128,-46.63593,0.7967321,0.2784882,-0.6016997,-0.6386935,-0.4796129,-0.1084328,-0.1199037,-0.07238388,-46.69015,0.8650368,0.6630096,-0.8373342,-0.4972505,0.2271869,-0.3642082,0.04190505,-0.4411697,-0.2103238
1736099902380,-46.55788,1.605608,0.4868126,-0.9966427,0.04574445,0.06790507,0,0,0,-46.63593,0.7967321,0.2784882,-0.6016997,-0.6386935,-0.4796129,0,0,0,-46.69015,0.8650368,0.6630096,-0.8373342,-0.4972505,0.2271869,0,0,0,-0.2103238
1736099902403,-46.56521,1.605033,0.483551,-0.9968708,0.04108199,0.06753737,-0.5498886,-0.0431478,-0.2446175,-46.63871,0.7934291,0.2771835,-0.5918926,-0.6471727,-0.4804487,-0.2079964,-0.2477199,-0.09784698,-46.70067,0.8662937,0.6548576,-0.8462459,-0.4932238,0.2014907,-0.7890701,0.09426177,-0.6114006,-0.2103238
1736099902431,-46.57062,1.603842,0.4798737,-0.9968122,0.03777169,0.07027966,-0.4056931,-0.08926392,-0.2758026,-46.64223,0.7902011,0.276432,-0.5912191,-0.6519855,-0.4747374,-0.2643585,-0.2421051,-0.05636215,-46.70938,0.8668242,0.64645,-0.8551189,-0.4836598,0.1866685,-0.6534576,0.0397861,-0.6305695,-0.2103238
1736099902437,-46.57062,1.603842,0.4798737,-0.9968122,0.03777169,0.07027966,0,0,0,-46.64223,0.7902011,0.276432,-0.5912191,-0.6519855,-0.4747374,0,0,0,-46.70938,0.8668242,0.64645,-0.8551189,-0.4836598,0.1866685,0,0,0,-0.2103238
1736099902459,-46.57562,1.603575,0.4759178,-0.9967181,0.03491692,0.07303375,-0.3750801,-0.02006292,-0.2966881,-46.64729,0.785409,0.2734451,-0.5963518,-0.6543388,-0.4649794,-0.3796577,-0.3594026,-0.2240181,-46.71614,0.8672661,0.6424751,-0.8607669,-0.4731461,0.1876519,-0.5066872,0.03314316,-0.2981186,-0.2103238
1736099902464,-46.57562,1.603575,0.4759178,-0.9967181,0.03491692,0.07303375,0,0,0,-46.64729,0.785409,0.2734451,-0.5963518,-0.6543388,-0.4649794,0,0,0,-46.71614,0.8672661,0.6424751,-0.8607669,-0.4731461,0.1876519,0,0,0,-0.2103238
1736099902468,-46.57562,1.603575,0.4759178,-0.9967181,0.03491692,0.07303375,0,0,0,-46.64729,0.785409,0.2734451,-0.5963518,-0.6543388,-0.4649794,0,0,0,-46.71614,0.8672661,0.6424751,-0.8607669,-0.4731461,0.1876519,0,0,0,-0.2103238
1736099902487,-46.57996,1.603193,0.4716187,-0.9960238,0.040948,0.07912302,-0.3255844,-0.02868176,-0.3224373,-46.6527,0.7823284,0.2709427,-0.6008766,-0.6561456,-0.4565312,-0.405407,-0.2310455,-0.1876831,-46.72018,0.8676449,0.6403542,-0.8608686,-0.4718998,0.1903052,-0.3029823,0.02841353,-0.1590729,-0.2103238
1736099902491,-46.57996,1.603193,0.4716187,-0.9960238,0.040948,0.07912302,0,0,0,-46.6527,0.7823284,0.2709427,-0.6008766,-0.6561456,-0.4565312,0,0,0,-46.72018,0.8676449,0.6403542,-0.8608686,-0.4718998,0.1903052,0,0,0,-0.2103238
1736099902515,-46.58392,1.603754,0.4669647,-0.9957079,0.0412517,0.08285266,-0.296402,0.04207492,-0.3490448,-46.65844,0.7810179,0.2679024,-0.6056594,-0.6566114,-0.4494873,-0.4302979,-0.09828955,-0.2280235,-46.72221,0.8665496,0.634182,-0.8582119,-0.4739099,0.1971849,-0.1522064,-0.08214712,-0.4629135,-0.2103238
1736099902519,-46.58392,1.603754,0.4669647,-0.9957079,0.0412517,0.08285266,0,0,0,-46.65844,0.7810179,0.2679024,-0.6056594,-0.6566114,-0.4494873,0,0,0,-46.72221,0.8665496,0.634182,-0.8582119,-0.4739099,0.1971849,0,0,0,-0.2103238
1736099902542,-46.58737,1.604995,0.4623489,-0.995837,0.03907485,0.08235353,-0.2592087,0.0931263,-0.3461838,-46.66489,0.7824896,0.2651329,-0.6114873,-0.6516011,-0.4488871,-0.4843712,0.1103774,-0.2077103,-46.7215,0.8652071,0.6301613,-0.8513712,-0.4878879,0.1926989,0.05321503,-0.1006901,-0.3015518,-0.2103238
1736099902547,-46.58737,1.604995,0.4623489,-0.995837,0.03907485,0.08235353,0,0,0,-46.66489,0.7824896,0.2651329,-0.6114873,-0.6516011,-0.4488871,0,0,0,-46.7215,0.8652071,0.6301613,-0.8513712,-0.4878879,0.1926989,0,0,0,-0.2103238
1736099902570,-46.58982,1.605509,0.4576912,-0.996135,0.03739033,0.07948256,-0.1836777,0.03849864,-0.3493309,-46.67139,0.7854819,0.2620468,-0.6191826,-0.6442681,-0.4489231,-0.4872322,0.2244249,-0.2314568,-46.71882,0.8622363,0.6232986,-0.8411692,-0.5087681,0.1832745,0.2008438,-0.2228111,-0.514698,-0.2103238
1736099902575,-46.58982,1.605509,0.4576912,-0.996135,0.03739033,0.07948256,0,0,0,-46.67139,0.7854819,0.2620468,-0.6191826,-0.6442681,-0.4489231,0,0,0,-46.71882,0.8622363,0.6232986,-0.8411692,-0.5087681,0.1832745,0,0,0,-0.2103238
1736099902598,-46.59188,1.605257,0.4533234,-0.9968848,0.0357209,0.07032186,-0.1542091,-0.01884699,-0.3275871,-46.67815,0.7889996,0.2590523,-0.6314688,-0.6353071,-0.4445591,-0.5072594,0.2638221,-0.2245903,-46.71578,0.8590814,0.6181526,-0.8310522,-0.5315548,0.1637131,0.2280235,-0.2366155,-0.385952,-0.2103238
1736099902603,-46.59188,1.605257,0.4533234,-0.9968848,0.0357209,0.07032186,0,0,0,-46.67815,0.7889996,0.2590523,-0.6314688,-0.6353071,-0.4445591,0,0,0,-46.71578,0.8590814,0.6181526,-0.8310522,-0.5315548,0.1637131,0,0,0,-0.2103238
1736099902626,-46.59253,1.60503,0.4499588,-0.9976113,0.03608729,0.0589059,-0.04863739,-0.01705885,-0.2523422,-46.68482,0.7930274,0.2560272,-0.6484977,-0.6236219,-0.4365172,-0.5001068,0.3020883,-0.2268791,-46.7144,0.8555446,0.6139908,-0.8270442,-0.5441992,0.140873,0.103569,-0.2652615,-0.3121376,-0.2103238
1736099902630,-46.59253,1.60503,0.4499588,-0.9976113,0.03608729,0.0589059,0,0,0,-46.68482,0.7930274,0.2560272,-0.6484977,-0.6236219,-0.4365172,0,0,0,-46.7144,0.8555446,0.6139908,-0.8270442,-0.5441992,0.140873,0,0,0,-0.2103238
1736099902653,-46.59368,1.604639,0.44701,-0.9979939,0.03799792,0.05064368,-0.086689,-0.0293076,-0.2211571,-46.69013,0.7957232,0.2532196,-0.661272,-0.6132377,-0.4320407,-0.3982544,0.2021849,-0.2105713,-46.71444,0.8520226,0.6118813,-0.8236887,-0.5499756,0.1380708,-0.002861023,-0.2641439,-0.1582146,-0.2103238
1736099902658,-46.59368,1.604639,0.44701,-0.9979939,0.03799792,0.05064368,0,0,0,-46.69013,0.7957232,0.2532196,-0.661272,-0.6132377,-0.4320407,0,0,0,-46.71444,0.8520226,0.6118813,-0.8236887,-0.5499756,0.1380708,0,0,0,-0.2103238
1736099902681,-46.59457,1.604146,0.4467697,-0.9982506,0.03785825,0.04542363,-0.06694794,-0.0369966,-0.01802444,-46.69388,0.7965392,0.2498817,-0.6676674,-0.6068509,-0.4312218,-0.2809525,0.06119907,-0.2503395,-46.71511,0.849111,0.6136093,-0.8191847,-0.5540365,0.1482578,-0.05064011,-0.2183765,0.1296043,-0.2103238
1736099902686,-46.59457,1.604146,0.4467697,-0.9982506,0.03785825,0.04542363,0,0,0,-46.69388,0.7965392,0.2498817,-0.6676674,-0.6068509,-0.4312218,0,0,0,-46.71511,0.849111,0.6136093,-0.8191847,-0.5540365,0.1482578,0,0,0,-0.2103238
1736099902709,-46.5953,1.604056,0.4466553,-0.9984432,0.03520311,0.04326749,-0.05435944,-0.006768107,-0.008583069,-46.6958,0.795855,0.247139,-0.6685623,-0.6054351,-0.4318255,-0.1441956,-0.05131066,-0.2057076,-46.71585,0.845253,0.6131973,-0.8122733,-0.5590892,0.1662278,-0.05521774,-0.2893478,-0.03089905,-0.2103238
1736099902714,-46.5953,1.604056,0.4466553,-0.9984432,0.03520311,0.04326749,0,0,0,-46.6958,0.795855,0.247139,-0.6685623,-0.6054351,-0.4318255,0,0,0,-46.71585,0.845253,0.6131973,-0.8122733,-0.5590892,0.1662278,0,0,0,-0.2103238
1736099902737,-46.59577,1.604007,0.4452362,-0.9985356,0.03197329,0.04364234,-0.03547668,-0.003620982,-0.1064301,-46.69566,0.7942835,0.2448425,-0.6668781,-0.607904,-0.4309602,0.01087189,-0.1178652,-0.1722336,-46.71594,0.8442975,0.6167946,-0.8058831,-0.5657053,0.1747292,-0.006866455,-0.07165968,0.2697945,-0.2103238
1736099902742,-46.59577,1.604007,0.4452362,-0.9985356,0.03197329,0.04364234,0,0,0,-46.69566,0.7942835,0.2448425,-0.6668781,-0.607904,-0.4309602,0,0,0,-46.71594,0.8442975,0.6167946,-0.8058831,-0.5657053,0.1747292,0,0,0,-0.2103238
1736099902765,-46.59565,1.60378,0.4445,-0.9984173,0.03067244,0.04714429,0.009441376,-0.01707673,-0.05521774,-46.69442,0.792833,0.2434235,-0.6632013,-0.6143503,-0.4274793,0.09241104,-0.1087904,-0.1064301,-46.71517,0.8432963,0.616684,-0.8043142,-0.5689705,0.1713228,0.05779266,-0.07509291,-0.008296967,-0.2103238
1736099902769,-46.59565,1.60378,0.4445,-0.9984173,0.03067244,0.04714429,0,0,0,-46.69442,0.792833,0.2434235,-0.6632013,-0.6143503,-0.4274793,0,0,0,-46.71517,0.8432963,0.616684,-0.8043142,-0.5689705,0.1713228,0,0,0,-0.2103238
1736099902773,-46.59565,1.60378,0.4445,-0.9984173,0.03067244,0.04714429,0,0,0,-46.69442,0.792833,0.2434235,-0.6632013,-0.6143503,-0.4274793,0,0,0,-46.71517,0.8432963,0.616684,-0.8043142,-0.5689705,0.1713228,0,0,0,-0.2103238
1736099902792,-46.59562,1.603827,0.4438477,-0.9981607,0.0325067,0.05117697,0.002288818,0.003540516,-0.04892349,-46.69332,0.7912524,0.24189,-0.6604363,-0.618241,-0.4261487,0.08296967,-0.1185447,-0.1150131,-46.71533,0.8437433,0.6182594,-0.8037139,-0.5700251,0.1706333,-0.01173019,0.03352761,0.1181602,-0.2103238
1736099902797,-46.59562,1.603827,0.4438477,-0.9981607,0.0325067,0.05117697,0,0,0,-46.69332,0.7912524,0.24189,-0.6604363,-0.618241,-0.4261487,0,0,0,-46.71533,0.8437433,0.6182594,-0.8037139,-0.5700251,0.1706333,0,0,0,-0.2103238
1736099902820,-46.5955,1.60413,0.4433327,-0.997819,0.03679918,0.05480522,0.008583069,0.02274513,-0.03862381,-46.69281,0.7899742,0.2406731,-0.657904,-0.6212462,-0.4256949,0.03833771,-0.09586215,-0.09126663,-46.7158,0.8435944,0.6199074,-0.8027549,-0.569304,0.1774198,-0.03547668,-0.01116693,0.1235962,-0.2103238
1736099902825,-46.5955,1.60413,0.4433327,-0.997819,0.03679918,0.05480522,0,0,0,-46.69281,0.7899742,0.2406731,-0.657904,-0.6212462,-0.4256949,0,0,0,-46.7158,0.8435944,0.6199074,-0.8027549,-0.569304,0.1774198,0,0,0,-0.2103238
1736099902848,-46.59548,1.60423,0.4429359,-0.9974546,0.04249045,0.05726653,0.001430511,0.007510185,-0.02975464,-46.69171,0.7885909,0.2395706,-0.6540841,-0.6238671,-0.4277437,0.08239746,-0.1037478,-0.08268356,-46.71627,0.8424852,0.6211166,-0.8007958,-0.5686622,0.1880151,-0.03547668,-0.08319318,0.09069443,-0.2103238
1736099902853,-46.59548,1.60423,0.4429359,-0.9974546,0.04249045,0.05726653,0,0,0,-46.69171,0.7885909,0.2395706,-0.6540841,-0.6238671,-0.4277437,0,0,0,-46.71627,0.8424852,0.6211166,-0.8007958,-0.5686622,0.1880151,0,0,0,-0.2103238
1736099902876,-46.59523,1.604228,0.4424896,-0.9972619,0.04470959,0.05890667,0.01888275,-0.0001788139,-0.03347397,-46.69032,0.7872855,0.2391777,-0.6486095,-0.6283798,-0.429471,0.1038551,-0.0979051,-0.02946854,-46.71665,0.8407652,0.6230164,-0.7970679,-0.5712672,0.1957979,-0.02832413,-0.1289964,0.1424789,-0.2103238
1736099902880,-46.59523,1.604228,0.4424896,-0.9972619,0.04470959,0.05890667,0,0,0,-46.69032,0.7872855,0.2391777,-0.6486095,-0.6283798,-0.429471,0,0,0,-46.71665,0.8407652,0.6230164,-0.7970679,-0.5712672,0.1957979,0,0,0,-0.2103238
1736099902903,-46.59479,1.604208,0.4422531,-0.9971922,0.04475807,0.06003881,0.03318787,-0.001510978,-0.01773834,-46.68876,0.7857276,0.2393417,-0.6445637,-0.6332521,-0.4284039,0.1170158,-0.116846,0.0123024,-46.71617,0.8387868,0.62323,-0.7939268,-0.5741767,0.2000044,0.03633499,-0.1483798,0.01602173,-0.2103238
1736099902908,-46.59479,1.604208,0.4422531,-0.9971922,0.04475807,0.06003881,0,0,0,-46.68876,0.7857276,0.2393417,-0.6445637,-0.6332521,-0.4284039,0,0,0,-46.71617,0.8387868,0.62323,-0.7939268,-0.5741767,0.2000044,0,0,0,-0.2103238
1736099902931,-46.5948,1.60417,0.4420052,-0.9971352,0.0440879,0.06146532,-0.001144409,-0.002834201,-0.01859665,-46.68646,0.7839992,0.2395096,-0.640911,-0.6402996,-0.4233794,0.1725197,-0.1296267,0.0125885,-46.71516,0.8367225,0.6230507,-0.7909108,-0.5790834,0.1977946,0.07553101,-0.154826,-0.01344681,-0.2103238
1736099902936,-46.5948,1.60417,0.4420052,-0.9971352,0.0440879,0.06146532,0,0,0,-46.68646,0.7839992,0.2395096,-0.640911,-0.6402996,-0.4233794,0,0,0,-46.71516,0.8367225,0.6230507,-0.7909108,-0.5790834,0.1977946,0,0,0,-0.2103238
1736099902959,-46.59465,1.604373,0.4417953,-0.9970229,0.04551418,0.06224298,0.01144409,0.01523495,-0.01573563,-46.6847,0.7831028,0.2402725,-0.6394354,-0.6449685,-0.4184958,0.1318932,-0.06723404,0.05722046,-46.71465,0.8353424,0.6228485,-0.7882283,-0.5833188,0.1960499,0.03805161,-0.1035064,-0.01516342,-0.2103238
1736099902964,-46.59465,1.604373,0.4417953,-0.9970229,0.04551418,0.06224298,0,0,0,-46.6847,0.7831028,0.2402725,-0.6394354,-0.6449685,-0.4184958,0,0,0,-46.71465,0.8353424,0.6228485,-0.7882283,-0.5833188,0.1960499,0,0,0,-0.2103238
1736099902987,-46.59485,1.604771,0.4416351,-0.9968349,0.04866059,0.06286925,-0.01487732,0.02986193,-0.0120163,-46.6837,0.7823792,0.2415504,-0.6392161,-0.6477488,-0.4145174,0.0749588,-0.05427003,0.09584427,-46.71457,0.8344108,0.6224747,-0.7860574,-0.5867292,0.1945841,0.006008148,-0.06987154,-0.02803802,-0.2103238
1736099902991,-46.59485,1.604771,0.4416351,-0.9968349,0.04866059,0.06286925,0,0,0,-46.6837,0.7823792,0.2415504,-0.6392161,-0.6477488,-0.4145174,0,0,0,-46.71457,0.8344108,0.6224747,-0.7860574,-0.5867292,0.1945841,0,0,0,-0.2103238
1736099903015,-46.59522,1.605193,0.441597,-0.9966369,0.05274681,0.06271249,-0.02775192,0.03165901,-0.002861023,-46.68316,0.7820523,0.2429008,-0.6385017,-0.6504806,-0.4113286,0.04091263,-0.02451539,0.1012802,-46.71504,0.8338485,0.6224403,-0.7853845,-0.5878021,0.1940624,-0.03490448,-0.04217327,-0.002574921,-0.2103238
1736099903019,-46.59522,1.605193,0.441597,-0.9966369,0.05274681,0.06271249,0,0,0,-46.68316,0.7820523,0.2429008,-0.6385017,-0.6504806,-0.4113286,0,0,0,-46.71504,0.8338485,0.6224403,-0.7853845,-0.5878021,0.1940624,0,0,0,-0.2103238
1736099903042,-46.59577,1.605408,0.4416275,-0.9964647,0.05524724,0.06329626,-0.04148483,0.01610219,0.002288818,-46.68304,0.781748,0.2441788,-0.6385217,-0.6530603,-0.4071887,0.008869171,-0.02282113,0.09584427,-46.7155,0.8334608,0.6222382,-0.7848361,-0.5884494,0.1943195,-0.03490448,-0.02907515,-0.01516342,-0.2103238
1736099903047,-46.59577,1.605408,0.4416275,-0.9964647,0.05524724,0.06329626,0,0,0,-46.68304,0.781748,0.2441788,-0.6385217,-0.6530603,-0.4071887,0,0,0,-46.7155,0.8334608,0.6222382,-0.7848361,-0.5884494,0.1943195,0,0,0,-0.2103238
1736099903070,-46.59683,1.605237,0.4419327,-0.9964218,0.0560153,0.0632956,-0.07953644,-0.01280308,0.02288818,-46.68363,0.7810915,0.2452812,-0.6402756,-0.6534101,-0.4038601,-0.04405975,-0.04924089,0.08268356,-46.71649,0.8327824,0.6220703,-0.7847034,-0.5890095,0.1931543,-0.07410049,-0.05088151,-0.0125885,-0.2103238
1736099903075,-46.59683,1.605237,0.4419327,-0.9964218,0.0560153,0.0632956,0,0,0,-46.68363,0.7810915,0.2452812,-0.6402756,-0.6534101,-0.4038601,0,0,0,-46.71649,0.8327824,0.6220703,-0.7847034,-0.5890095,0.1931543,0,0,0,-0.2103238
1736099903098,-46.5974,1.605131,0.4422646,-0.9964625,0.05594085,0.06271517,-0.04291534,-0.007939339,0.0248909,-46.68454,0.7808176,0.2463951,-0.6442997,-0.652079,-0.3995893,-0.06809235,-0.02053678,0.08354187,-46.71759,0.8319136,0.6212654,-0.7849076,-0.5899962,0.1892747,-0.08211136,-0.0651598,-0.06036758,-0.2103238
1736099903102,-46.5974,1.605131,0.4422646,-0.9964625,0.05594085,0.06271517,0,0,0,-46.68454,0.7808176,0.2463951,-0.6442997,-0.652079,-0.3995893,0,0,0,-46.71759,0.8319136,0.6212654,-0.7849076,-0.5899962,0.1892747,0,0,0,-0.2103238
1736099903126,-46.5983,1.605023,0.4425774,-0.9966288,0.05436875,0.06144392,-0.06752014,-0.008118153,0.02346039,-46.68548,0.7804786,0.2472191,-0.6478267,-0.6508494,-0.3958738,-0.07066727,-0.02542734,0.0617981,-46.71808,0.8315995,0.620903,-0.7853445,-0.5910566,0.1840825,-0.0371933,-0.02355874,-0.02717972,-0.2103238
1736099903131,-46.5983,1.605023,0.4425774,-0.9966288,0.05436875,0.06144392,0,0,0,-46.68548,0.7804786,0.2472191,-0.6478267,-0.6508494,-0.3958738,0,0,0,-46.71808,0.8315995,0.620903,-0.7853445,-0.5910566,0.1840825,0,0,0,-0.2103238
1736099903153,-46.59967,1.604727,0.4430466,-0.996883,0.05129958,0.05993956,-0.1024246,-0.02224445,0.03519058,-46.68645,0.7800109,0.2477646,-0.6505069,-0.6495544,-0.3935993,-0.07266998,-0.03507882,0.04091263,-46.71804,0.8315846,0.6211052,-0.7847184,-0.5933167,0.1794229,0.002861023,-0.001117587,0.01516342,-0.2103238
1736099903158,-46.59967,1.604727,0.4430466,-0.996883,0.05129958,0.05993956,0,0,0,-46.68645,0.7800109,0.2477646,-0.6505069,-0.6495544,-0.3935993,0,0,0,-46.71804,0.8315846,0.6211052,-0.7847184,-0.5933167,0.1794229,0,0,0,-0.2103238
1736099903162,-46.59967,1.604727,0.4430466,-0.996883,0.05129958,0.05993956,0,0,0,-46.68645,0.7800109,0.2477646,-0.6505069,-0.6495544,-0.3935993,0,0,0,-46.71804,0.8315846,0.6211052,-0.7847184,-0.5933167,0.1794229,0,0,0,-0.2103238
1736099903181,-46.60093,1.604513,0.4435806,-0.9971534,0.04723071,0.05877864,-0.09441376,-0.01603961,0.04005432,-46.68722,0.7792416,0.2478828,-0.650651,-0.6495946,-0.3932946,-0.05807877,-0.05769432,0.008869171,-46.71832,0.8310827,0.6198921,-0.7836674,-0.5965045,0.1733436,-0.02059937,-0.03764033,-0.09098053,-0.2103238
1736099903186,-46.60093,1.604513,0.4435806,-0.9971534,0.04723071,0.05877864,0,0,0,-46.68722,0.7792416,0.2478828,-0.650651,-0.6495946,-0.3932946,0,0,0,-46.71832,0.8310827,0.6198921,-0.7836674,-0.5965045,0.1733436,0,0,0,-0.2103238
1736099903209,-46.60172,1.604318,0.444046,-0.9972989,0.04518763,0.05790746,-0.05950928,-0.01456439,0.03490448,-46.68756,0.778892,0.248188,-0.6510736,-0.6494706,-0.3928001,-0.025177,-0.02621859,0.02288818,-46.71892,0.8312068,0.6191673,-0.7833928,-0.5983897,0.1680058,-0.04491806,0.009307265,-0.05435944,-0.2103238
1736099903214,-46.60172,1.604318,0.444046,-0.9972989,0.04518763,0.05790746,0,0,0,-46.68756,0.778892,0.248188,-0.6510736,-0.6494706,-0.3928001,0,0,0,-46.71892,0.8312068,0.6191673,-0.7833928,-0.5983897,0.1680058,0,0,0,-0.2103238
1736099903237,-46.60256,1.604419,0.4445,-0.9972993,0.04526921,0.05783635,-0.0629425,0.007554889,0.03404617,-46.68833,0.7782886,0.2485428,-0.6512145,-0.649473,-0.3925619,-0.05807877,-0.04525781,0.02660751,-46.71949,0.8309654,0.6180801,-0.784287,-0.5987671,0.1623949,-0.04320145,-0.01810491,-0.08153915,-0.2103238
1736099903241,-46.60256,1.604419,0.4445,-0.9972993,0.04526921,0.05783635,0,0,0,-46.68833,0.7782886,0.2485428,-0.6512145,-0.649473,-0.3925619,0,0,0,-46.71949,0.8309654,0.6180801,-0.784287,-0.5987671,0.1623949,0,0,0,-0.2103238
1736099903264,-46.60304,1.604497,0.4449883,-0.9972172,0.04772706,0.05727243,-0.03604889,0.005802512,0.03662109,-46.68884,0.7776647,0.2487717,-0.6505952,-0.6500086,-0.3927026,-0.0377655,-0.04679561,0.01716614,-46.72039,0.8306274,0.6173172,-0.7845485,-0.5996534,0.1577954,-0.06752014,-0.02534688,-0.05722046,-0.2103238
1736099903269,-46.60304,1.604497,0.4449883,-0.9972172,0.04772706,0.05727243,0,0,0,-46.68884,0.7776647,0.2487717,-0.6505952,-0.6500086,-0.3927026,0,0,0,-46.72039,0.8306274,0.6173172,-0.7845485,-0.5996534,0.1577954,0,0,0,-0.2103238
1736099903292,-46.60348,1.604546,0.445385,-0.9971338,0.04949397,0.05722332,-0.03261566,0.003728271,0.02975464,-46.68927,0.7772186,0.2490692,-0.6502737,-0.6504818,-0.3924515,-0.03232956,-0.03345609,0.02231598,-46.72116,0.8301452,0.6168518,-0.7830561,-0.602404,0.1547028,-0.05750656,-0.03616512,-0.03490448,-0.2103238
1736099903297,-46.60348,1.604546,0.445385,-0.9971338,0.04949397,0.05722332,0,0,0,-46.68927,0.7772186,0.2490692,-0.6502737,-0.6504818,-0.3924515,0,0,0,-46.72116,0.8301452,0.6168518,-0.7830561,-0.602404,0.1547028,0,0,0,-0.2103238
1736099903320,-46.6039,1.604554,0.445755,-0.997116,0.05115449,0.05606413,-0.03204346,0.0005453825,0.02775192,-46.68985,0.776125,0.2494583,-0.6500093,-0.6515138,-0.3911755,-0.04377365,-0.08201748,0.02918243,-46.72187,0.8302014,0.6168365,-0.7817351,-0.604856,0.1517889,-0.05350113,0.004211068,-0.001144409,-0.2103238
1736099903325,-46.6039,1.604554,0.445755,-0.997116,0.05115449,0.05606413,0,0,0,-46.68985,0.776125,0.2494583,-0.6500093,-0.6515138,-0.3911755,0,0,0,-46.72187,0.8302014,0.6168365,-0.7817351,-0.604856,0.1517889,0,0,0,-0.2103238
1736099903348,-46.60444,1.604859,0.4460678,-0.9971409,0.05259624,0.054259,-0.04005432,0.02291501,0.02346039,-46.69007,0.7757233,0.2498779,-0.6500231,-0.6521494,-0.3900911,-0.01630783,-0.03012568,0.03147125,-46.72266,0.8312073,0.6176453,-0.7815556,-0.6056589,0.1494939,-0.05865097,0.0754416,0.06065369,-0.2103238
1736099903354,-46.60444,1.604859,0.4460678,-0.9971409,0.05259624,0.054259,0,0,0,-46.69007,0.7757233,0.2498779,-0.6500231,-0.6521494,-0.3900911,0,0,0,-46.72266,0.8312073,0.6176453,-0.7815556,-0.6056589,0.1494939,0,0,0,-0.2103238
1736099903376,-46.60493,1.605038,0.4464989,-0.9972506,0.0525816,0.05221695,-0.0371933,0.01341105,0.03232956,-46.69043,0.7752821,0.2503586,-0.650006,-0.6525782,-0.3894029,-0.02689362,-0.03309399,0.03604889,-46.7231,0.8308423,0.6176796,-0.7810775,-0.6065829,0.1482409,-0.03347397,-0.02737641,0.002574921,-0.2103238
1736099903380,-46.60493,1.605038,0.4464989,-0.9972506,0.0525816,0.05221695,0,0,0,-46.69043,0.7752821,0.2503586,-0.650006,-0.6525782,-0.3894029,0,0,0,-46.7231,0.8308423,0.6176796,-0.7810775,-0.6065829,0.1482409,0,0,0,-0.2103238
1736099903403,-46.60526,1.605119,0.4467545,-0.9973428,0.05248333,0.05053151,-0.02403259,0.006070733,0.01916885,-46.69082,0.7747013,0.2509346,-0.6499788,-0.6531699,-0.3884553,-0.02975464,-0.04355907,0.04320145,-46.72368,0.8318216,0.6179771,-0.7809193,-0.6073847,0.145771,-0.04348755,0.07344782,0.02231598,-0.2103238
1736099903408,-46.60526,1.605119,0.4467545,-0.9973428,0.05248333,0.05053151,0,0,0,-46.69082,0.7747013,0.2509346,-0.6499788,-0.6531699,-0.3884553,0,0,0,-46.72368,0.8318216,0.6179771,-0.7809193,-0.6073847,0.145771,0,0,0,-0.2103238
1736099903431,-46.60571,1.605146,0.446907,-0.9973774,0.05278677,0.0495227,-0.03433228,0.002011657,0.01144409,-46.69141,0.7740001,0.2515678,-0.6506131,-0.6536425,-0.3865933,-0.04377365,-0.05258918,0.04749298,-46.72417,0.8320887,0.6180801,-0.7809804,-0.6076098,0.1445001,-0.03633499,0.0200361,0.007724762,-0.2103238
1736099903436,-46.60571,1.605146,0.446907,-0.9973774,0.05278677,0.0495227,0,0,0,-46.69141,0.7740001,0.2515678,-0.6506131,-0.6536425,-0.3865933,0,0,0,-46.72417,0.8320887,0.6180801,-0.7809804,-0.6076098,0.1445001,0,0,0,-0.2103238
1736099903459,-46.60588,1.60516,0.4472198,-0.9973522,0.0539496,0.04876637,-0.0123024,0.001108646,0.02346039,-46.69174,0.7734469,0.2522125,-0.6517353,-0.6537524,-0.3845119,-0.0248909,-0.0414893,0.04835129,-46.72482,0.8321934,0.618084,-0.7814085,-0.6072481,0.1437042,-0.04920959,0.007849932,0.0002861023,-0.2103238
1736099903463,-46.60588,1.60516,0.4472198,-0.9973522,0.0539496,0.04876637,0,0,0,-46.69174,0.7734469,0.2522125,-0.6517353,-0.6537524,-0.3845119,0,0,0,-46.72482,0.8321934,0.618084,-0.7814085,-0.6072481,0.1437042,0,0,0,-0.2103238
1736099903487,-46.60635,1.605204,0.4474258,-0.9973949,0.05434375,0.04743844,-0.03519058,0.003236532,0.01544952,-46.69207,0.7730587,0.252533,-0.6527051,-0.653753,-0.3828619,-0.0246048,-0.02911538,0.02403259,-46.72537,0.832175,0.618103,-0.7813381,-0.6073852,0.1435066,-0.04091263,-0.001376867,0.001430511,-0.2103238
1736099903491,-46.60635,1.605204,0.4474258,-0.9973949,0.05434375,0.04743844,0,0,0,-46.69207,0.7730587,0.252533,-0.6527051,-0.653753,-0.3828619,0,0,0,-46.72537,0.832175,0.618103,-0.7813381,-0.6073852,0.1435066,0,0,0,-0.2103238
1736099903495,-46.60635,1.605204,0.4474258,-0.9973949,0.05434375,0.04743844,0,0,0,-46.69207,0.7730587,0.252533,-0.6527051,-0.653753,-0.3828619,0,0,0,-46.72537,0.832175,0.618103,-0.7813381,-0.6073852,0.1435066,0,0,0,-0.2103238
1736099903514,-46.60655,1.605145,0.4476395,-0.9975154,0.05329989,0.04607058,-0.01516342,-0.004434586,0.01602173,-46.69254,0.7722371,0.2524719,-0.6529222,-0.6534599,-0.3829923,-0.03547668,-0.06162375,-0.004577637,-46.72582,0.8320177,0.6181831,-0.7810048,-0.6078861,0.1431998,-0.03376007,-0.01180172,0.006008148,-0.2103238
1736099903520,-46.60655,1.605145,0.4476395,-0.9975154,0.05329989,0.04607058,0,0,0,-46.69254,0.7722371,0.2524719,-0.6529222,-0.6534599,-0.3829923,0,0,0,-46.72582,0.8320177,0.6181831,-0.7810048,-0.6078861,0.1431998,0,0,0,-0.2103238
1736099903542,-46.60658,1.605045,0.447876,-0.9976131,0.05242618,0.04494405,-0.002574921,-0.00743866,0.01773834,-46.69265,0.7719752,0.2524147,-0.6531009,-0.6532837,-0.3829885,-0.008010864,-0.01963824,-0.004291534,-46.7262,0.8322624,0.6184769,-0.7804254,-0.6087197,0.1428179,-0.02889633,0.01835525,0.02202988,-0.2103238
1736099903547,-46.60658,1.605045,0.447876,-0.9976131,0.05242618,0.04494405,0,0,0,-46.69265,0.7719752,0.2524147,-0.6531009,-0.6532837,-0.3829885,0,0,0,-46.7262,0.8322624,0.6184769,-0.7804254,-0.6087197,0.1428179,0,0,0,-0.2103238
1736099903570,-46.60663,1.604901,0.4481583,-0.9977031,0.05142874,0.04409283,-0.00371933,-0.01083612,0.02117157,-46.69271,0.7716764,0.2522736,-0.6531886,-0.6532657,-0.382869,-0.005149841,-0.02241433,-0.01058578,-46.72621,0.8320436,0.618309,-0.7801256,-0.6093932,0.1415781,-0.0002861023,-0.01640618,-0.0125885,-0.2103238
1736099903574,-46.60663,1.604901,0.4481583,-0.9977031,0.05142874,0.04409283,0,0,0,-46.69271,0.7716764,0.2522736,-0.6531886,-0.6532657,-0.382869,0,0,0,-46.72621,0.8320436,0.618309,-0.7801256,-0.6093932,0.1415781,0,0,0,-0.2103238
1736099903598,-46.60641,1.604701,0.4484253,-0.9977761,0.05038192,0.04364592,0.01688004,-0.01495779,0.02002716,-46.69291,0.7711311,0.2523346,-0.6533165,-0.6530778,-0.3829713,-0.01459122,-0.04089475,0.004577637,-46.72615,0.8325891,0.6179848,-0.7796396,-0.6104286,0.1397827,0.004577637,0.04091263,-0.0243187,-0.2103238
1736099903602,-46.60641,1.604701,0.4484253,-0.9977761,0.05038192,0.04364592,0,0,0,-46.69291,0.7711311,0.2523346,-0.6533165,-0.6530778,-0.3829713,0,0,0,-46.72615,0.8325891,0.6179848,-0.7796396,-0.6104286,0.1397827,0,0,0,-0.2103238
1736099903626,-46.60632,1.604648,0.4486732,-0.9978364,0.0495439,0.04322648,0.006866455,-0.004032254,0.01859665,-46.69294,0.7710018,0.2518082,-0.6537232,-0.6518637,-0.3843437,-0.002002716,-0.009696186,-0.03948212,-46.72602,0.8329761,0.617691,-0.7794948,-0.6109699,0.1382163,0.009441376,0.0290215,-0.02202988,-0.2103238
1736099903630,-46.60632,1.604648,0.4486732,-0.9978364,0.0495439,0.04322648,0,0,0,-46.69294,0.7710018,0.2518082,-0.6537232,-0.6518637,-0.3843437,0,0,0,-46.72602,0.8329761,0.617691,-0.7794948,-0.6109699,0.1382163,0,0,0,-0.2103238
1736099903653,-46.6059,1.604599,0.4489784,-0.997824,0.04968779,0.04334539,0.03118515,-0.003665686,0.02288818,-46.69336,0.7701477,0.2518387,-0.6538838,-0.6511016,-0.3853614,-0.03204346,-0.06405562,0.002288818,-46.72587,0.833024,0.6176643,-0.7791851,-0.6114955,0.1376366,0.01115799,0.00359416,-0.002002716,-0.2103238
1736099903658,-46.6059,1.604599,0.4489784,-0.997824,0.04968779,0.04334539,0,0,0,-46.69336,0.7701477,0.2518387,-0.6538838,-0.6511016,-0.3853614,0,0,0,-46.72587,0.833024,0.6176643,-0.7791851,-0.6114955,0.1376366,0,0,0,-0.2103238
1736099903681,-46.60507,1.604566,0.4493561,-0.9977784,0.04998948,0.04403889,0.0620842,-0.002467632,0.02832413,-46.69332,0.7699806,0.2517967,-0.6541675,-0.650869,-0.385273,0.003147125,-0.01253486,-0.003147125,-46.72583,0.8335656,0.617878,-0.7789056,-0.6118383,0.1376964,0.002861023,0.04061759,0.01602173,-0.2103238
1736099903685,-46.60507,1.604566,0.4493561,-0.9977784,0.04998948,0.04403889,0,0,0,-46.69332,0.7699806,0.2517967,-0.6541675,-0.650869,-0.385273,0,0,0,-46.72583,0.8335656,0.617878,-0.7789056,-0.6118383,0.1376964,0,0,0,-0.2103238
1736099903709,-46.60435,1.604666,0.4497643,-0.9976335,0.05162488,0.04541814,0.05378723,0.007501245,0.03061295,-46.69345,0.7695063,0.2517242,-0.6546457,-0.6504754,-0.3851247,-0.009727478,-0.03557503,-0.005435944,-46.7257,0.8334444,0.6179008,-0.7788479,-0.6119002,0.1377478,0.009727478,-0.009092689,0.001716614,-0.2103238
1736099903714,-46.60435,1.604666,0.4497643,-0.9976335,0.05162488,0.04541814,0,0,0,-46.69345,0.7695063,0.2517242,-0.6546457,-0.6504754,-0.3851247,0,0,0,-46.7257,0.8334444,0.6179008,-0.7788479,-0.6119002,0.1377478,0,0,0,-0.2103238
1736099903737,-46.60326,1.604678,0.4501534,-0.9974225,0.05410419,0.04713082,0.08182526,0.0009387732,0.02918243,-46.69387,0.769214,0.2520561,-0.6553874,-0.6499012,-0.3848326,-0.03175735,-0.02191812,0.0248909,-46.72554,0.8339229,0.618,-0.7789915,-0.6117143,0.1377622,0.0123024,0.03588796,0.00743866,-0.2103238
1736099903741,-46.60326,1.604678,0.4501534,-0.9974225,0.05410419,0.04713082,0,0,0,-46.69387,0.769214,0.2520561,-0.6553874,-0.6499012,-0.3848326,0,0,0,-46.72554,0.8339229,0.618,-0.7789915,-0.6117143,0.1377622,0,0,0,-0.2103238
1736099903764,-46.60169,1.604537,0.4505882,-0.9972748,0.05591965,0.04812843,0.1178741,-0.01063049,0.03261566,-46.694,0.768852,0.25214,-0.6561137,-0.6493415,-0.3845398,-0.009155273,-0.0271529,0.00629425,-46.72544,0.8340455,0.6181602,-0.7791548,-0.6114671,0.1379361,0.007152557,0.009199977,0.0120163,-0.2103238
1736099903769,-46.60169,1.604537,0.4505882,-0.9972748,0.05591965,0.04812843,0,0,0,-46.694,0.768852,0.25214,-0.6561137,-0.6493415,-0.3845398,0,0,0,-46.72544,0.8340455,0.6181602,-0.7791548,-0.6114671,0.1379361,0,0,0,-0.2103238
1736099903792,-46.60054,1.604483,0.4508247,-0.9971432,0.0577823,0.0486542,0.08640289,-0.003987551,0.01773834,-46.69427,0.7684866,0.2523613,-0.6569517,-0.6486126,-0.3843392,-0.02059937,-0.02740324,0.01659393,-46.72515,0.833937,0.6182976,-0.7792633,-0.6112503,0.1382827,0.02202988,-0.008136034,0.01029968,-0.2103238
1736099903797,-46.60054,1.604483,0.4508247,-0.9971432,0.0577823,0.0486542,0,0,0,-46.69427,0.7684866,0.2523613,-0.6569517,-0.6486126,-0.3843392,0,0,0,-46.72515,0.833937,0.6182976,-0.7792633,-0.6112503,0.1382827,0,0,0,-0.2103238
1736099903820,-46.59935,1.604534,0.4510193,-0.9970406,0.05984107,0.04826736,0.08926392,0.003799796,0.01459122,-46.69433,0.7684166,0.2524261,-0.6577383,-0.6478446,-0.3842888,-0.004291534,-0.005252659,0.004863739,-46.72484,0.8337595,0.618454,-0.7792131,-0.6112227,0.1386868,0.02346039,-0.0133127,0.01173019,-0.2103238
1736099903825,-46.59935,1.604534,0.4510193,-0.9970406,0.05984107,0.04826736,0,0,0,-46.69433,0.7684166,0.2524261,-0.6577383,-0.6478446,-0.3842888,0,0,0,-46.72484,0.8337595,0.618454,-0.7792131,-0.6112227,0.1386868,0,0,0,-0.2103238
1736099903848,-46.5981,1.604548,0.4511223,-0.9969525,0.06179174,0.04762346,0.09355545,0.001019239,0.007724762,-46.6945,0.7684134,0.2526131,-0.6584161,-0.6470667,-0.3844395,-0.0128746,-0.0002413988,0.01401901,-46.72467,0.833612,0.6186523,-0.779142,-0.6111864,0.1392457,0.0128746,-0.01106858,0.01487732,-0.2103238
1736099903852,-46.5981,1.604548,0.4511223,-0.9969525,0.06179174,0.04762346,0,0,0,-46.6945,0.7684134,0.2526131,-0.6584161,-0.6470667,-0.3844395,0,0,0,-46.72467,0.833612,0.6186523,-0.779142,-0.6111864,0.1392457,0,0,0,-0.2103238
1736099903856,-46.5981,1.604548,0.4511223,-0.9969525,0.06179174,0.04762346,0,0,0,-46.6945,0.7684134,0.2526131,-0.6584161,-0.6470667,-0.3844395,0,0,0,-46.72467,0.833612,0.6186523,-0.779142,-0.6111864,0.1392457,0,0,0,-0.2103238
1736099903876,-46.59702,1.604579,0.4510651,-0.9968489,0.06367815,0.04730159,0.08153915,0.002333522,-0.004291534,-46.69424,0.7694164,0.2524567,-0.659001,-0.6463664,-0.3846152,0.01945496,0.07522702,-0.01173019,-46.72415,0.8339435,0.6187019,-0.7789415,-0.6112847,0.1399347,0.03862381,0.02486408,0.00371933,-0.2103238
1736099903880,-46.59702,1.604579,0.4510651,-0.9968489,0.06367815,0.04730159,0,0,0,-46.69424,0.7694164,0.2524567,-0.659001,-0.6463664,-0.3846152,0,0,0,-46.72415,0.8339435,0.6187019,-0.7789415,-0.6112847,0.1399347,0,0,0,-0.2103238
1736099903903,-46.59586,1.604653,0.4509506,-0.9967166,0.06591284,0.04703265,0.086689,0.005587935,-0.008583069,-46.69414,0.7694703,0.2523232,-0.6595296,-0.6457939,-0.384671,0.007724762,0.004041195,-0.01001358,-46.72403,0.8338406,0.6187935,-0.7788515,-0.61136,0.1401052,0.008869171,-0.007715821,0.006866455,-0.2103238
1736099903908,-46.59586,1.604653,0.4509506,-0.9967166,0.06591284,0.04703265,0,0,0,-46.69414,0.7694703,0.2523232,-0.6595296,-0.6457939,-0.384671,0,0,0,-46.72403,0.8338406,0.6187935,-0.7788515,-0.61136,0.1401052,0,0,0,-0.2103238
1736099903931,-46.59462,1.604857,0.4509773,-0.9965248,0.06886146,0.04686856,0.09298325,0.01524389,0.002002716,-46.69418,0.7696118,0.2523232,-0.6601332,-0.6450204,-0.3849331,-0.002861023,0.01061261,0,-46.72325,0.834649,0.6191063,-0.7787555,-0.6115278,0.1399063,0.05865097,0.06062686,0.02346039,-0.2103238
1736099903936,-46.59462,1.604857,0.4509773,-0.9965248,0.06886146,0.04686856,0,0,0,-46.69418,0.7696118,0.2523232,-0.6601332,-0.6450204,-0.3849331,0,0,0,-46.72325,0.834649,0.6191063,-0.7787555,-0.6115278,0.1399063,0,0,0,-0.2103238
1736099903959,-46.59357,1.605028,0.4510498,-0.9963455,0.07185202,0.04618728,0.07839203,0.01286566,0.005435944,-46.69419,0.7696629,0.2523041,-0.6606384,-0.6445229,-0.3849001,-0.0008583069,0.003835559,-0.001430511,-46.72289,0.8350637,0.6193123,-0.7787651,-0.6115288,0.1398491,0.02717972,0.03110468,0.01544952,-0.2103238
1736099903963,-46.59357,1.605028,0.4510498,-0.9963455,0.07185202,0.04618728,0,0,0,-46.69419,0.7696629,0.2523041,-0.6606384,-0.6445229,-0.3849001,0,0,0,-46.72289,0.8350637,0.6193123,-0.7787651,-0.6115288,0.1398491,0,0,0,-0.2103238
1736099903987,-46.59245,1.605207,0.4510727,-0.9962341,0.0738401,0.04545122,0.08440018,0.01341105,0.001716614,-46.69447,0.7694295,0.2524605,-0.6613784,-0.6439349,-0.3846126,-0.02117157,-0.01750588,0.01173019,-46.7228,0.8351868,0.6195297,-0.7788379,-0.6113638,0.1401639,0.006580353,0.00923574,0.01630783,-0.2103238
1736099903991,-46.59245,1.605207,0.4510727,-0.9962341,0.0738401,0.04545122,0,0,0,-46.69447,0.7694295,0.2524605,-0.6613784,-0.6439349,-0.3846126,0,0,0,-46.7228,0.8351868,0.6195297,-0.7788379,-0.6113638,0.1401639,0,0,0,-0.2103238
1736099904014,-46.59156,1.605293,0.4510803,-0.9960945,0.07602128,0.0449068,0.06666183,0.006455183,0.0005722046,-46.69467,0.7694718,0.2526321,-0.6631336,-0.642686,-0.3836788,-0.01516342,0.003169477,0.0128746,-46.72276,0.8357275,0.6201096,-0.7799625,-0.6095448,0.1418242,0.003147125,0.04054606,0.04348755,-0.2103238
1736099904019,-46.59156,1.605293,0.4510803,-0.9960945,0.07602128,0.0449068,0,0,0,-46.69467,0.7694718,0.2526321,-0.6631336,-0.642686,-0.3836788,0,0,0,-46.72276,0.8357275,0.6201096,-0.7799625,-0.6095448,0.1418242,0,0,0,-0.2103238
1736099904023,-46.59156,1.605293,0.4510803,-0.9960945,0.07602128,0.0449068,0,0,0,-46.69467,0.7694718,0.2526321,-0.6631336,-0.642686,-0.3836788,0,0,0,-46.72276,0.8357275,0.6201096,-0.7799625,-0.6095448,0.1418242,0,0,0,-0.2103238
1736099904042,-46.59077,1.605347,0.4511223,-0.9959868,0.07775455,0.04432905,0.05893707,0.004014373,0.003147125,-46.69492,0.7693008,0.2527809,-0.6648862,-0.641507,-0.3826168,-0.01859665,-0.01282096,0.01115799,-46.72299,0.8359877,0.6203423,-0.780889,-0.6080649,0.1430727,-0.01745224,0.01951754,0.01745224,-0.2103238
1736099904047,-46.59077,1.605347,0.4511223,-0.9959868,0.07775455,0.04432905,0,0,0,-46.69492,0.7693008,0.2527809,-0.6648862,-0.641507,-0.3826168,0,0,0,-46.72299,0.8359877,0.6203423,-0.780889,-0.6080649,0.1430727,0,0,0,-0.2103238
1736099904070,-46.59009,1.60532,0.451149,-0.9959161,0.07842762,0.04473191,0.05149841,-0.002011657,0.002002716,-46.69501,0.7694573,0.2529564,-0.6661025,-0.6407814,-0.3817161,-0.006580353,0.01173466,0.01316071,-46.72289,0.8361524,0.6208038,-0.7814499,-0.6071745,0.1437898,0.007724762,0.01235604,0.03461838,-0.2103238
1736099904098,-46.58967,1.605189,0.4511795,-0.9959286,0.07828126,0.04470497,0.03147125,-0.009799004,0.002288818,-46.695,0.769513,0.252903,-0.6670326,-0.6402834,-0.3809265,0.0008583069,0.004179776,-0.004005432,-46.72292,0.8363736,0.6209335,-0.7819916,-0.6063578,0.1442908,-0.002288818,0.01658499,0.009727478,-0.2103238
1736099904102,-46.58967,1.605189,0.4511795,-0.9959286,0.07828126,0.04470497,0,0,0,-46.695,0.769513,0.252903,-0.6670326,-0.6402834,-0.3809265,0,0,0,-46.72292,0.8363736,0.6209335,-0.7819916,-0.6063578,0.1442908,0,0,0,-0.2103238
1736099904126,-46.58929,1.605118,0.4511375,-0.9959596,0.07790361,0.04467422,0.02861023,-0.005328655,-0.003147125,-46.6954,0.7692952,0.2530518,-0.6677028,-0.6399735,-0.380273,-0.03061295,-0.01633465,0.01115799,-46.72296,0.8365192,0.620945,-0.7826079,-0.605445,0.1447809,-0.003147125,0.01092553,0.0008583069,-0.2103238
1736099904131,-46.58929,1.605118,0.4511375,-0.9959596,0.07790361,0.04467422,0,0,0,-46.6954,0.7692952,0.2530518,-0.6677028,-0.6399735,-0.380273,0,0,0,-46.72296,0.8365192,0.620945,-0.7826079,-0.605445,0.1447809,0,0,0,-0.2103238
1736099904153,-46.58878,1.60499,0.451004,-0.996043,0.07688441,0.04458016,0.03833771,-0.00962019,-0.01001358,-46.6955,0.7694017,0.25317,-0.6681466,-0.6399353,-0.3795571,-0.006866455,0.007984042,0.008869171,-46.72266,0.8358824,0.6211243,-0.7830311,-0.6047741,0.1452959,0.02260208,-0.0477612,0.01344681,-0.2103238
1736099904158,-46.58878,1.60499,0.451004,-0.996043,0.07688441,0.04458016,0,0,0,-46.6955,0.7694017,0.25317,-0.6681466,-0.6399353,-0.3795571,0,0,0,-46.72266,0.8358824,0.6211243,-0.7830311,-0.6047741,0.1452959,0,0,0,-0.2103238
1736099904162,-46.58878,1.60499,0.451004,-0.996043,0.07688441,0.04458016,0,0,0,-46.6955,0.7694017,0.25317,-0.6681466,-0.6399353,-0.3795571,0,0,0,-46.72266,0.8358824,0.6211243,-0.7830311,-0.6047741,0.1452959,0,0,0,-0.2103238
1736099904181,-46.58851,1.604895,0.4508362,-0.9961119,0.07622098,0.04417694,0.02002716,-0.007072091,-0.0125885,-46.69555,0.7695689,0.2532043,-0.668469,-0.6401829,-0.3785708,-0.004005432,0.0125438,0.002574921,-46.72243,0.8358488,0.6210594,-0.783068,-0.6045865,0.1458763,0.01745224,-0.002521276,-0.004863739,-0.2103238
1736099904185,-46.58851,1.604895,0.4508362,-0.9961119,0.07622098,0.04417694,0,0,0,-46.69555,0.7695689,0.2532043,-0.668469,-0.6401829,-0.3785708,0,0,0,-46.72243,0.8358488,0.6210594,-0.783068,-0.6045865,0.1458763,0,0,0,-0.2103238
1736099904209,-46.58831,1.604805,0.4506798,-0.9961704,0.07549633,0.0441038,0.01487732,-0.00680387,-0.01173019,-46.69564,0.7697997,0.253315,-0.6686622,-0.6404101,-0.3778446,-0.007152557,0.01730919,0.008296967,-46.72214,0.8354625,0.6210823,-0.7828919,-0.6046724,0.1464643,0.02145767,-0.0289768,0.001716614,-0.2103238
1736099904213,-46.58831,1.604805,0.4506798,-0.9961704,0.07549633,0.0441038,0,0,0,-46.69564,0.7697997,0.253315,-0.6686622,-0.6404101,-0.3778446,0,0,0,-46.72214,0.8354625,0.6210823,-0.7828919,-0.6046724,0.1464643,0,0,0,-0.2103238
1736099904237,-46.58828,1.604678,0.4505119,-0.9961937,0.07520982,0.04406631,0.002288818,-0.009477139,-0.0125885,-46.69553,0.7698317,0.2531624,-0.6690955,-0.6403176,-0.3772335,0.008869171,0.002400577,-0.01144409,-46.72165,0.8351748,0.6209831,-0.7823523,-0.6051703,0.1472893,0.0369072,-0.0215739,-0.00743866,-0.2103238
1736099904241,-46.58828,1.604678,0.4505119,-0.9961937,0.07520982,0.04406631,0,0,0,-46.69553,0.7698317,0.2531624,-0.6690955,-0.6403176,-0.3772335,0,0,0,-46.72165,0.8351748,0.6209831,-0.7823523,-0.6051703,0.1472893,0,0,0,-0.2103238
1736099904264,-46.58831,1.60464,0.4503746,-0.9961674,0.07529312,0.0445205,-0.002288818,-0.002843142,-0.01029968,-46.69555,0.7698075,0.253067,-0.6693421,-0.6403425,-0.3767531,-0.002002716,-0.001819432,-0.007152557,-46.721,0.8348585,0.6208458,-0.7816077,-0.6060085,0.1477947,0.04835129,-0.02371967,-0.01029968,-0.2103238
1736099904269,-46.58831,1.60464,0.4503746,-0.9961674,0.07529312,0.0445205,0,0,0,-46.69555,0.7698075,0.253067,-0.6693421,-0.6403425,-0.3767531,0,0,0,-46.721,0.8348585,0.6208458,-0.7816077,-0.6060085,0.1477947,0,0,0,-0.2103238
1736099904292,-46.58839,1.604618,0.4501801,-0.9961899,0.07459709,0.0451811,-0.005722046,-0.001716614,-0.01459122,-46.69508,0.7696824,0.2527542,-0.6695682,-0.6406816,-0.375774,0.03519058,-0.009378791,-0.02346039,-46.72034,0.8345343,0.6206627,-0.7807699,-0.6069599,0.1483188,0.0494957,-0.0243187,-0.01373291,-0.2103238
1736099904297,-46.58839,1.604618,0.4501801,-0.9961899,0.07459709,0.0451811,0,0,0,-46.69508,0.7696824,0.2527542,-0.6695682,-0.6406816,-0.375774,0,0,0,-46.72034,0.8345343,0.6206627,-0.7807699,-0.6069599,0.1483188,0,0,0,-0.2103238
1736099904320,-46.58847,1.604451,0.4500618,-0.9962396,0.07343262,0.04598337,-0.00629425,-0.01246333,-0.008869171,-46.69469,0.7695333,0.2523575,-0.6694466,-0.6414776,-0.3746309,0.02946854,-0.01118481,-0.02975464,-46.71963,0.8342191,0.6204453,-0.7800938,-0.6076801,0.1489253,0.05350113,-0.0236392,-0.01630783,-0.2103238
1736099904324,-46.58847,1.604451,0.4500618,-0.9962396,0.07343262,0.04598337,0,0,0,-46.69469,0.7695333,0.2523575,-0.6694466,-0.6414776,-0.3746309,0,0,0,-46.71963,0.8342191,0.6204453,-0.7800938,-0.6076801,0.1489253,0,0,0,-0.2103238
1736099904348,-46.58864,1.604245,0.4500237,-0.9962658,0.0724382,0.04698449,-0.0125885,-0.01548529,-0.002861023,-46.69421,0.7693491,0.2517929,-0.667914,-0.6430081,-0.374742,0.03576279,-0.01381338,-0.04234314,-46.71874,0.8338357,0.6202316,-0.7794197,-0.6084858,0.1491649,0.06694794,-0.02875328,-0.01602173,-0.2103238
1736099904352,-46.58864,1.604245,0.4500237,-0.9962658,0.0724382,0.04698449,0,0,0,-46.69421,0.7693491,0.2517929,-0.667914,-0.6430081,-0.374742,0,0,0,-46.71874,0.8338357,0.6202316,-0.7794197,-0.6084858,0.1491649,0,0,0,-0.2103238
1736099904376,-46.5887,1.604089,0.4499626,-0.9962586,0.07163975,0.04834253,-0.004577637,-0.01167655,-0.004577637,-46.69383,0.7691767,0.2514725,-0.6672834,-0.6437306,-0.3746252,0.02889633,-0.01292825,-0.02403259,-46.71833,0.8337148,0.6200447,-0.7788882,-0.6091533,0.149217,0.03061295,-0.009065866,-0.01401901,-0.2103238
1736099904380,-46.5887,1.604089,0.4499626,-0.9962586,0.07163975,0.04834253,0,0,0,-46.69383,0.7691767,0.2514725,-0.6672834,-0.6437306,-0.3746252,0,0,0,-46.71833,0.8337148,0.6200447,-0.7788882,-0.6091533,0.149217,0,0,0,-0.2103238
1736099904403,-46.58865,1.604036,0.4498901,-0.9962722,0.07085459,0.04921001,0.003433228,-0.003969669,-0.005435944,-46.6936,0.7690877,0.2512779,-0.6668927,-0.6444122,-0.3741488,0.01688004,-0.0066787,-0.01459122,-46.71776,0.8339533,0.6200104,-0.778496,-0.6095285,0.1497307,0.04262924,0.01788139,-0.002574921,-0.2103238
1736099904408,-46.58865,1.604036,0.4498901,-0.9962722,0.07085459,0.04921001,0,0,0,-46.6936,0.7690877,0.2512779,-0.6668927,-0.6444122,-0.3741488,0,0,0,-46.71776,0.8339533,0.6200104,-0.778496,-0.6095285,0.1497307,0,0,0,-0.2103238
1736099904431,-46.5886,1.604023,0.4497452,-0.9961826,0.07125238,0.05043477,0.004005432,-0.001001358,-0.01087189,-46.6934,0.7689963,0.2510948,-0.666757,-0.6449382,-0.3734841,0.01544952,-0.006853044,-0.01373291,-46.71748,0.8340738,0.6199799,-0.7782261,-0.6097037,0.1504198,0.02117157,0.009039044,-0.002288818,-0.2103238
1736099904435,-46.5886,1.604023,0.4497452,-0.9961826,0.07125238,0.05043477,0,0,0,-46.6934,0.7689963,0.2510948,-0.666757,-0.6449382,-0.3734841,0,0,0,-46.71748,0.8340738,0.6199799,-0.7782261,-0.6097037,0.1504198,0,0,0,-0.2103238
1736099904459,-46.58858,1.604104,0.4496765,-0.996084,0.07174246,0.0516715,0.001716614,0.006061792,-0.005149841,-46.69356,0.7689683,0.2510185,-0.6665045,-0.6456026,-0.3727858,-0.0120163,-0.002096593,-0.005722046,-46.71735,0.8341372,0.6199875,-0.7781128,-0.6097231,0.1509259,0.009727478,0.004756451,0.0005722046,-0.2103238
1736099904463,-46.58858,1.604104,0.4496765,-0.996084,0.07174246,0.0516715,0,0,0,-46.69356,0.7689683,0.2510185,-0.6665045,-0.6456026,-0.3727858,0,0,0,-46.71735,0.8341372,0.6199875,-0.7781128,-0.6097231,0.1509259,0,0,0,-0.2103238
1736099904487,-46.58858,1.60413,0.4496574,-0.9959849,0.07210404,0.05306304,-0.0005722046,0.001984835,-0.001430511,-46.69419,0.7689313,0.2511826,-0.6665596,-0.6460693,-0.3718776,-0.04720688,-0.002776086,0.0123024,-46.71726,0.8342912,0.6200676,-0.7781588,-0.6095408,0.1514235,0.006580353,0.01155138,0.006008148,-0.2103238
1736099904491,-46.58858,1.60413,0.4496574,-0.9959849,0.07210404,0.05306304,0,0,0,-46.69419,0.7689313,0.2511826,-0.6665596,-0.6460693,-0.3718776,0,0,0,-46.71726,0.8342912,0.6200676,-0.7781588,-0.6095408,0.1514235,0,0,0,-0.2103238
1736099904495,-46.58858,1.60413,0.4496574,-0.9959849,0.07210404,0.05306304,0,0,0,-46.69419,0.7689313,0.2511826,-0.6665596,-0.6460693,-0.3718776,0,0,0,-46.71726,0.8342912,0.6200676,-0.7781588,-0.6095408,0.1514235,0,0,0,-0.2103238
1736099904514,-46.58863,1.604096,0.4495926,-0.9959522,0.07195993,0.05386353,-0.003147125,-0.002557039,-0.004863739,-46.69484,0.7691495,0.2514534,-0.6671701,-0.6461844,-0.3705814,-0.04892349,0.01636595,0.02031326,-46.71729,0.8344327,0.6202087,-0.778304,-0.6091643,0.1521912,-0.001716614,0.01061261,0.01058578,-0.2103238
1736099904519,-46.58863,1.604096,0.4495926,-0.9959522,0.07195993,0.05386353,0,0,0,-46.69484,0.7691495,0.2514534,-0.6671701,-0.6461844,-0.3705814,0,0,0,-46.71729,0.8344327,0.6202087,-0.778304,-0.6091643,0.1521912,0,0,0,-0.2103238
1736099904542,-46.58869,1.604102,0.449482,-0.9959167,0.07205672,0.0543862,-0.004577637,0.0004380941,-0.008296967,-46.69498,0.7693048,0.2515564,-0.6675732,-0.6462473,-0.3697442,-0.01087189,0.01164526,0.007724762,-46.7173,0.8343829,0.6202965,-0.778454,-0.6088322,0.1527513,-0.001144409,-0.003737211,0.006580353,-0.2103238
1736099904547,-46.58869,1.604102,0.449482,-0.9959167,0.07205672,0.0543862,0,0,0,-46.69498,0.7693048,0.2515564,-0.6675732,-0.6462473,-0.3697442,0,0,0,-46.7173,0.8343829,0.6202965,-0.778454,-0.6088322,0.1527513,0,0,0,-0.2103238
1736099904570,-46.58878,1.604094,0.4493752,-0.9959378,0.07184594,0.05428237,-0.007152557,-0.0006079674,-0.008010864,-46.69532,0.7693286,0.2516708,-0.6682627,-0.6462836,-0.3684337,-0.0254631,0.001783669,0.008583069,-46.71736,0.8344628,0.6204643,-0.7784559,-0.6086398,0.1535069,-0.004577637,0.005990267,0.0125885,-0.2103238
1736099904574,-46.58878,1.604094,0.4493752,-0.9959378,0.07184594,0.05428237,0,0,0,-46.69532,0.7693286,0.2516708,-0.6682627,-0.6462836,-0.3684337,0,0,0,-46.71736,0.8344628,0.6204643,-0.7784559,-0.6086398,0.1535069,0,0,0,-0.2103238
1736099904598,-46.58894,1.60403,0.4493904,-0.996021,0.07091648,0.05397189,-0.0120163,-0.004765391,0.001144409,-46.69529,0.7692392,0.2517815,-0.6687279,-0.6464214,-0.367346,0.002861023,-0.006705523,0.008296967,-46.71721,0.8344073,0.6205177,-0.7782972,-0.6087052,0.1540509,0.01115799,-0.004157424,0.004005432,-0.2103238
1736099904602,-46.58894,1.60403,0.4493904,-0.996021,0.07091648,0.05397189,0,0,0,-46.69529,0.7692392,0.2517815,-0.6687279,-0.6464214,-0.367346,0,0,0,-46.71721,0.8344073,0.6205177,-0.7782972,-0.6087052,0.1540509,0,0,0,-0.2103238
1736099904625,-46.58925,1.603976,0.4495735,-0.9960679,0.0702515,0.05397868,-0.02288818,-0.004041195,0.01373291,-46.69525,0.7692231,0.2517319,-0.6690928,-0.6466027,-0.3663607,0.002861023,-0.001206994,-0.00371933,-46.71714,0.834367,0.6205368,-0.7780939,-0.6088744,0.1544081,0.005722046,-0.003021955,0.001430511,-0.2103238
1736099904630,-46.58925,1.603976,0.4495735,-0.9960679,0.0702515,0.05397868,0,0,0,-46.69525,0.7692231,0.2517319,-0.6690928,-0.6466027,-0.3663607,0,0,0,-46.71714,0.834367,0.6205368,-0.7780939,-0.6088744,0.1544081,0,0,0,-0.2103238
1736099904653,-46.58946,1.603964,0.4497414,-0.9960682,0.07017964,0.05406654,-0.01602173,-0.0009208918,0.0125885,-46.69563,0.7690855,0.251873,-0.6698452,-0.6464764,-0.3652074,-0.02889633,-0.01031756,0.01058578,-46.71717,0.8344179,0.6205482,-0.7779275,-0.6090714,0.1544707,-0.002574921,0.003817677,0.0008583069,-0.2103238
1736099904658,-46.58946,1.603964,0.4497414,-0.9960682,0.07017964,0.05406654,0,0,0,-46.69563,0.7690855,0.251873,-0.6698452,-0.6464764,-0.3652074,0,0,0,-46.71717,0.8344179,0.6205482,-0.7779275,-0.6090714,0.1544707,0,0,0,-0.2103238
1736099904681,-46.5896,1.604029,0.4499702,-0.9960268,0.0704371,0.05449259,-0.01029968,0.004890561,0.01716614,-46.69575,0.7687632,0.2521439,-0.6708012,-0.6461075,-0.3641038,-0.008869171,-0.02417117,0.02031326,-46.71724,0.8345428,0.620533,-0.7780338,-0.6089078,0.1545808,-0.005149841,0.009360909,-0.001144409,-0.2103238
1736099904685,-46.5896,1.604029,0.4499702,-0.9960268,0.0704371,0.05449259,0,0,0,-46.69575,0.7687632,0.2521439,-0.6708012,-0.6461075,-0.3641038,0,0,0,-46.71724,0.8345428,0.620533,-0.7780338,-0.6089078,0.1545808,0,0,0,-0.2103238
1736099904709,-46.58974,1.60407,0.4502373,-0.9959681,0.07082771,0.05505764,-0.01087189,0.003021955,0.02002716,-46.69574,0.7688119,0.2520714,-0.6716064,-0.6458067,-0.3631513,0.001144409,0.003652275,-0.005435944,-46.71743,0.8346187,0.6204948,-0.778092,-0.6088823,0.1543876,-0.01401901,0.005695224,-0.002861023,-0.2103238
1736099904713,-46.58974,1.60407,0.4502373,-0.9959681,0.07082771,0.05505764,0,0,0,-46.69574,0.7688119,0.2520714,-0.6716064,-0.6458067,-0.3631513,0,0,0,-46.71743,0.8346187,0.6204948,-0.778092,-0.6088823,0.1543876,0,0,0,-0.2103238
1736099904737,-46.58993,1.604091,0.4504738,-0.9959663,0.07074196,0.05520147,-0.01373291,0.001591444,0.01773834,-46.69566,0.7684274,0.2516251,-0.6729519,-0.6452143,-0.3617113,0.005435944,-0.02884269,-0.03347397,-46.71753,0.834594,0.6205139,-0.7782078,-0.608773,0.1542352,-0.008010864,-0.001850724,0.001430511,-0.2103238
1736099904741,-46.58993,1.604091,0.4504738,-0.9959663,0.07074196,0.05520147,0,0,0,-46.69566,0.7684274,0.2516251,-0.6729519,-0.6452143,-0.3617113,0,0,0,-46.71753,0.834594,0.6205139,-0.7782078,-0.608773,0.1542352,0,0,0,-0.2103238
1736099904764,-46.59018,1.604099,0.4507751,-0.9959317,0.07160109,0.05471438,-0.01916885,0.0005722046,0.02260208,-46.69551,0.7686222,0.2517319,-0.6749644,-0.6449912,-0.3583436,0.01115799,0.0146091,0.008010864,-46.71775,0.8346373,0.6205368,-0.7784289,-0.6085383,0.1540459,-0.01659393,0.003245473,0.001716614,-0.2103238
1736099904769,-46.59018,1.604099,0.4507751,-0.9959317,0.07160109,0.05471438,0,0,0,-46.69551,0.7686222,0.2517319,-0.6749644,-0.6449912,-0.3583436,0,0,0,-46.71775,0.8346373,0.6205368,-0.7784289,-0.6085383,0.1540459,0,0,0,-0.2103238
1736099904792,-46.59041,1.604119,0.4509621,-0.9959916,0.07116733,0.05418962,-0.01688004,0.001555681,0.01401901,-46.69536,0.768627,0.2517548,-0.6767135,-0.6458425,-0.3534782,0.01144409,0.0003665686,0.001716614,-46.71803,0.8347249,0.6205482,-0.7786668,-0.608283,0.1538507,-0.02088547,0.006571412,0.0008583069,-0.2103238
1736099904797,-46.59041,1.604119,0.4509621,-0.9959916,0.07116733,0.05418962,0,0,0,-46.69536,0.768627,0.2517548,-0.6767135,-0.6458425,-0.3534782,0,0,0,-46.71803,0.8347249,0.6205482,-0.7786668,-0.608283,0.1538507,0,0,0,-0.2103238
1736099904801,-46.59041,1.604119,0.4509621,-0.9959916,0.07116733,0.05418962,0,0,0,-46.69536,0.768627,0.2517548,-0.6767135,-0.6458425,-0.3534782,0,0,0,-46.71803,0.8347249,0.6205482,-0.7786668,-0.608283,0.1538507,0,0,0,-0.2103238
1736099904820,-46.59072,1.604048,0.4509583,-0.9960207,0.0710187,0.05384552,-0.02346039,-0.005364418,-0.0002861023,-46.69536,0.7685324,0.2516937,-0.6789536,-0.6453541,-0.3500584,0.0002861023,-0.007098913,-0.004577637,-46.71869,0.8353415,0.6204758,-0.779713,-0.6074981,0.1516369,-0.0494957,0.04624128,-0.005435944,-0.2103238
1736099904824,-46.59072,1.604048,0.4509583,-0.9960207,0.0710187,0.05384552,0,0,0,-46.69536,0.7685324,0.2516937,-0.6789536,-0.6453541,-0.3500584,0,0,0,-46.71869,0.8353415,0.6204758,-0.779713,-0.6074981,0.1516369,0,0,0,-0.2103238
1736099904848,-46.59101,1.604033,0.4510651,-0.9960991,0.07031446,0.05331844,-0.02174377,-0.001090765,0.008010864,-46.69539,0.7684836,0.2516212,-0.6809795,-0.6453702,-0.3460693,-0.002574921,-0.003656745,-0.005435944,-46.71972,0.8365217,0.6203308,-0.7810836,-0.6073333,0.1451033,-0.07724762,0.08852184,-0.01087189,-0.2103238
1736099904852,-46.59101,1.604033,0.4510651,-0.9960991,0.07031446,0.05331844,0,0,0,-46.69539,0.7684836,0.2516212,-0.6809795,-0.6453702,-0.3460693,0,0,0,-46.71972,0.8365217,0.6203308,-0.7810836,-0.6073333,0.1451033,0,0,0,-0.2103238
1736099904875,-46.59132,1.60402,0.4512405,-0.9961536,0.07037234,0.0522123,-0.02288818,-0.0009924173,0.01316071,-46.69549,0.7685491,0.2514381,-0.6838183,-0.6441329,-0.3427625,-0.007152557,0.004912913,-0.01373291,-46.72034,0.8366283,0.6205139,-0.7818484,-0.6062292,0.1456016,-0.04663467,0.007992983,0.01373291,-0.2103238
1736099904880,-46.59132,1.60402,0.4512405,-0.9961536,0.07037234,0.0522123,0,0,0,-46.69549,0.7685491,0.2514381,-0.6838183,-0.6441329,-0.3427625,0,0,0,-46.72034,0.8366283,0.6205139,-0.7818484,-0.6062292,0.1456016,0,0,0,-0.2103238
1736099904903,-46.59174,1.60406,0.4514275,-0.9962251,0.07045095,0.05072033,-0.03175735,0.002995133,0.01401901,-46.69556,0.7689942,0.2512817,-0.6869663,-0.6431831,-0.3382206,-0.005435944,0.03337562,-0.01173019,-46.72089,0.8372653,0.6199684,-0.7815216,-0.6071975,0.1433034,-0.04062653,0.04777014,-0.04091263,-0.2103238
1736099904908,-46.59174,1.60406,0.4514275,-0.9962251,0.07045095,0.05072033,0,0,0,-46.69556,0.7689942,0.2512817,-0.6869663,-0.6431831,-0.3382206,0,0,0,-46.72089,0.8372653,0.6199684,-0.7815216,-0.6071975,0.1433034,0,0,0,-0.2103238
1736099904931,-46.59216,1.60412,0.4515305,-0.996291,0.07040468,0.04947245,-0.03118515,0.004541874,0.007724762,-46.69588,0.76975,0.2513618,-0.6913921,-0.6415136,-0.3323212,-0.02403259,0.05668849,0.006008148,-46.72174,0.8381974,0.6202202,-0.7832271,-0.6048175,0.1440539,-0.06408691,0.06990731,0.01888275,-0.2103238
1736099904936,-46.59216,1.60412,0.4515305,-0.996291,0.07040468,0.04947245,0,0,0,-46.69588,0.76975,0.2513618,-0.6913921,-0.6415136,-0.3323212,0,0,0,-46.72174,0.8381974,0.6202202,-0.7832271,-0.6048175,0.1440539,0,0,0,-0.2103238
1736099904959,-46.59257,1.603973,0.4516525,-0.9963706,0.06975775,0.04878592,-0.03089905,-0.01108646,0.009155273,-46.69652,0.7702579,0.2511902,-0.6935849,-0.640488,-0.329721,-0.04806519,0.03809631,-0.0128746,-46.72264,0.8388906,0.6204262,-0.784778,-0.6019935,0.1474032,-0.06752014,0.05199015,0.01544952,-0.2103238
1736099904963,-46.59257,1.603973,0.4516525,-0.9963706,0.06975775,0.04878592,0,0,0,-46.69652,0.7702579,0.2511902,-0.6935849,-0.640488,-0.329721,0,0,0,-46.72264,0.8388906,0.6204262,-0.784778,-0.6019935,0.1474032,0,0,0,-0.2103238
1736099904987,-46.59298,1.603802,0.4518356,-0.9964559,0.06882744,0.04835981,-0.03061295,-0.0127852,0.01373291,-46.69709,0.770375,0.2519989,-0.6947222,-0.6393722,-0.3294916,-0.04262924,0.008779764,0.06065369,-46.72393,0.8402315,0.6208382,-0.7874338,-0.5978613,0.1500338,-0.09641647,0.1005739,0.03089905,-0.2103238
1736099904991,-46.59298,1.603802,0.4518356,-0.9964559,0.06882744,0.04835981,0,0,0,-46.69709,0.770375,0.2519989,-0.6947222,-0.6393722,-0.3294916,0,0,0,-46.72393,0.8402315,0.6208382,-0.7874338,-0.5978613,0.1500338,0,0,0,-0.2103238
1736099905014,-46.59334,1.603705,0.4520264,-0.9965502,0.06851261,0.04684424,-0.02746582,-0.007286668,0.01430511,-46.6979,0.7701356,0.2529716,-0.6978688,-0.6381813,-0.3251224,-0.06093979,-0.01795739,0.07295609,-46.72568,0.8416295,0.6218987,-0.7874457,-0.5972437,0.1524122,-0.131321,0.1048476,0.07953644,-0.2103238
1736099905019,-46.59334,1.603705,0.4520264,-0.9965502,0.06851261,0.04684424,0,0,0,-46.6979,0.7701356,0.2529716,-0.6978688,-0.6381813,-0.3251224,0,0,0,-46.72568,0.8416295,0.6218987,-0.7874457,-0.5972437,0.1524122,0,0,0,-0.2103238
1736099905042,-46.59372,1.603683,0.4521141,-0.9966525,0.06807596,0.04527283,-0.02861023,-0.001636147,0.006580353,-46.69868,0.7709685,0.25243,-0.6983764,-0.6373789,-0.325605,-0.05836487,0.06246865,-0.04062653,-46.72673,0.8422056,0.6227646,-0.7884134,-0.5945733,0.1577574,-0.07925034,0.04321039,0.06494522,-0.2103238
1736099905047,-46.59372,1.603683,0.4521141,-0.9966525,0.06807596,0.04527283,0,0,0,-46.69868,0.7709685,0.25243,-0.6983764,-0.6373789,-0.325605,0,0,0,-46.72673,0.8422056,0.6227646,-0.7884134,-0.5945733,0.1577574,0,0,0,-0.2103238
1736099905070,-46.59416,1.603702,0.4522285,-0.9967045,0.06786265,0.04444265,-0.03290176,0.001376867,0.008583069,-46.70106,0.7716092,0.2541275,-0.6962876,-0.6343917,-0.3357549,-0.1785278,0.04805177,0.1273155,-46.72768,0.8428894,0.6235809,-0.7895981,-0.592057,0.161257,-0.07095337,0.05128384,0.06122589,-0.2103238
1736099905074,-46.59416,1.603702,0.4522285,-0.9967045,0.06786265,0.04444265,0,0,0,-46.70106,0.7716092,0.2541275,-0.6962876,-0.6343917,-0.3357549,0,0,0,-46.72768,0.8428894,0.6235809,-0.7895981,-0.592057,0.161257,0,0,0,-0.2103238
1736099905098,-46.59467,1.603568,0.4524422,-0.9966999,0.06762641,0.04490411,-0.0377655,-0.01001358,0.01602173,-46.70177,0.772236,0.2544289,-0.6983156,-0.633511,-0.3331957,-0.05292892,0.04701465,0.02260208,-46.72847,0.8438824,0.624218,-0.7920591,-0.5886742,0.1615717,-0.05893707,0.074476,0.04777908,-0.2103238
1736099905102,-46.59467,1.603568,0.4524422,-0.9966999,0.06762641,0.04490411,0,0,0,-46.70177,0.772236,0.2544289,-0.6983156,-0.633511,-0.3331957,0,0,0,-46.72847,0.8438824,0.624218,-0.7920591,-0.5886742,0.1615717,0,0,0,-0.2103238
1736099905125,-46.59508,1.603554,0.4526482,-0.9967181,0.0673255,0.04495114,-0.03089905,-0.001037121,0.01544952,-46.70156,0.7722132,0.254261,-0.7001978,-0.6320444,-0.3320301,0.01573563,-0.001712143,-0.0125885,-46.72966,0.8450711,0.6241188,-0.792762,-0.5881609,0.1599861,-0.08926392,0.08914769,-0.00743866,-0.2103238
1736099905131,-46.59508,1.603554,0.4526482,-0.9967181,0.0673255,0.04495114,0,0,0,-46.70156,0.7722132,0.254261,-0.7001978,-0.6320444,-0.3320301,0,0,0,-46.72966,0.8450711,0.6241188,-0.792762,-0.5881609,0.1599861,0,0,0,-0.2103238
1736099905153,-46.59554,1.603494,0.4528847,-0.9967891,0.06703917,0.04378867,-0.03433228,-0.004506111,0.01773834,-46.70139,0.7720324,0.2539635,-0.6997643,-0.6324257,-0.332217,0.0125885,-0.01355857,-0.02231598,-46.73096,0.8466965,0.623806,-0.7948812,-0.5869353,0.1538546,-0.09784698,0.1219064,-0.02346039,-0.2103238
1736099905158,-46.59554,1.603494,0.4528847,-0.9967891,0.06703917,0.04378867,0,0,0,-46.70139,0.7720324,0.2539635,-0.6997643,-0.6324257,-0.332217,0,0,0,-46.73096,0.8466965,0.623806,-0.7948812,-0.5869353,0.1538546,0,0,0,-0.2103238
1736099905162,-46.59554,1.603494,0.4528847,-0.9967891,0.06703917,0.04378867,0,0,0,-46.70139,0.7720324,0.2539635,-0.6997643,-0.6324257,-0.332217,0,0,0,-46.73096,0.8466965,0.623806,-0.7948812,-0.5869353,0.1538546,0,0,0,-0.2103238
1736099905181,-46.59605,1.603507,0.4530144,-0.996833,0.06738665,0.04223263,-0.03890991,0.0009745359,0.009727478,-46.70208,0.7728769,0.2536469,-0.7023093,-0.6286659,-0.3339782,-0.05178452,0.06333143,-0.02374649,-46.73211,0.8482867,0.6232224,-0.7979275,-0.5837031,0.1503424,-0.08640289,0.1192689,-0.04377365,-0.2103238
1736099905186,-46.59605,1.603507,0.4530144,-0.996833,0.06738665,0.04223263,0,0,0,-46.70208,0.7728769,0.2536469,-0.7023093,-0.6286659,-0.3339782,0,0,0,-46.73211,0.8482867,0.6232224,-0.7979275,-0.5837031,0.1503424,0,0,0,-0.2103238
1736099905209,-46.59659,1.603515,0.4531975,-0.9968793,0.06717011,0.04147506,-0.04005432,0.0005811453,0.01373291,-46.70265,0.7733972,0.2533569,-0.703015,-0.6277829,-0.3341548,-0.04291534,0.03902614,-0.02174377,-46.73321,0.8497043,0.6228485,-0.8010618,-0.5800451,0.1478104,-0.08239746,0.1063138,-0.02803802,-0.2103238
1736099905213,-46.59659,1.603515,0.4531975,-0.9968793,0.06717011,0.04147506,0,0,0,-46.70265,0.7733972,0.2533569,-0.703015,-0.6277829,-0.3341548,0,0,0,-46.73321,0.8497043,0.6228485,-0.8010618,-0.5800451,0.1478104,0,0,0,-0.2103238
1736099905237,-46.5972,1.603443,0.4535255,-0.9968742,0.06691952,0.04199958,-0.04577637,-0.005409122,0.0246048,-46.70361,0.7746837,0.2536812,-0.7058095,-0.6249481,-0.3335764,-0.07181168,0.096488,0.0243187,-46.73393,0.8506616,0.6221771,-0.8023887,-0.5788009,0.1454729,-0.05378723,0.07180274,-0.050354,-0.2103238
1736099905241,-46.5972,1.603443,0.4535255,-0.9968742,0.06691952,0.04199958,0,0,0,-46.70361,0.7746837,0.2536812,-0.7058095,-0.6249481,-0.3335764,0,0,0,-46.73393,0.8506616,0.6221771,-0.8023887,-0.5788009,0.1454729,0,0,0,-0.2103238
1736099905264,-46.59773,1.603369,0.4538765,-0.9968737,0.06608038,0.04331851,-0.04005432,-0.00551641,0.02632141,-46.70349,0.7760364,0.2536812,-0.7088926,-0.6227662,-0.33111,0.008869171,0.1014501,0,-46.73492,0.8517989,0.6216431,-0.8057912,-0.5747926,0.1425289,-0.0746727,0.08529425,-0.04005432,-0.2103238
1736099905269,-46.59773,1.603369,0.4538765,-0.9968737,0.06608038,0.04331851,0,0,0,-46.70349,0.7760364,0.2536812,-0.7088926,-0.6227662,-0.33111,0,0,0,-46.73492,0.8517989,0.6216431,-0.8057912,-0.5747926,0.1425289,0,0,0,-0.2103238
1736099905292,-46.59842,1.603294,0.4542084,-0.9969066,0.0652803,0.04377288,-0.05121231,-0.00565052,0.0248909,-46.70538,0.7778491,0.2549515,-0.7128097,-0.620146,-0.3275992,-0.1416206,0.1359567,0.09527206,-46.73614,0.8528327,0.6216164,-0.8090124,-0.5692134,0.1466123,-0.09126663,0.07753372,-0.002002716,-0.2103238
1736099905298,-46.59842,1.603294,0.4542084,-0.9969066,0.0652803,0.04377288,0,0,0,-46.70538,0.7778491,0.2549515,-0.7128097,-0.620146,-0.3275992,0,0,0,-46.73614,0.8528327,0.6216164,-0.8090124,-0.5692134,0.1466123,0,0,0,-0.2103238
1736099905320,-46.59892,1.603275,0.4544754,-0.9969636,0.06480193,0.04317886,-0.0377655,-0.001394749,0.02002716,-46.70826,0.7792954,0.2563705,-0.7144601,-0.6199016,-0.3244528,-0.2160072,0.1084685,0.1064301,-46.73758,0.8541104,0.6213913,-0.8098066,-0.5671507,0.1501786,-0.1078606,0.09582639,-0.01688004,-0.2103238
1736099905325,-46.59892,1.603275,0.4544754,-0.9969636,0.06480193,0.04317886,0,0,0,-46.70826,0.7792954,0.2563705,-0.7144601,-0.6199016,-0.3244528,0,0,0,-46.73758,0.8541104,0.6213913,-0.8098066,-0.5671507,0.1501786,0,0,0,-0.2103238
1736099905348,-46.59946,1.60317,0.4547958,-0.9970493,0.0641024,0.04224014,-0.04034042,-0.007912517,0.02403259,-46.7086,0.7797564,0.2559395,-0.7179844,-0.6181226,-0.3200357,-0.025177,0.03457367,-0.03232956,-46.73926,0.8559458,0.6213837,-0.8098955,-0.5668031,0.1510094,-0.125885,0.1376599,-0.0005722046,-0.2103238
1736099905352,-46.59946,1.60317,0.4547958,-0.9970493,0.0641024,0.04224014,0,0,0,-46.7086,0.7797564,0.2559395,-0.7179844,-0.6181226,-0.3200357,0,0,0,-46.73926,0.8559458,0.6213837,-0.8098955,-0.5668031,0.1510094,0,0,0,-0.2103238
1736099905375,-46.59994,1.60311,0.4551277,-0.9971054,0.06389589,0.04121184,-0.03604889,-0.004461408,0.0248909,-46.70852,0.7796329,0.2559547,-0.7186173,-0.6182786,-0.31831,0.006008148,-0.009258091,0.001144409,-46.74158,0.8589984,0.6213837,-0.814854,-0.559535,0.1514391,-0.1739502,0.2289444,0,-0.2103238
1736099905382,-46.59994,1.60311,0.4551277,-0.9971054,0.06389589,0.04121184,0,0,0,-46.70852,0.7796329,0.2559547,-0.7186173,-0.6182786,-0.31831,0,0,0,-46.74158,0.8589984,0.6213837,-0.814854,-0.559535,0.1514391,0,0,0,-0.2103238
1736099905403,-46.60047,1.603132,0.4554024,-0.9971146,0.06427985,0.0403834,-0.04005432,0.001618266,0.02059937,-46.70834,0.7802566,0.255352,-0.7180098,-0.6186727,-0.3189142,0.01316071,0.04677773,-0.04520416,-46.74566,0.8635001,0.6218758,-0.8195468,-0.5514026,0.1558805,-0.3064156,0.3376275,0.0369072,-0.2103238
1736099905408,-46.60047,1.603132,0.4554024,-0.9971146,0.06427985,0.0403834,0,0,0,-46.70834,0.7802566,0.255352,-0.7180098,-0.6186727,-0.3189142,0,0,0,-46.74566,0.8635001,0.6218758,-0.8195468,-0.5514026,0.1558805,0,0,0,-0.2103238
1736099905431,-46.60098,1.603107,0.4557304,-0.9971406,0.06464224,0.03914672,-0.0377655,-0.001877546,0.0246048,-46.70811,0.7803667,0.2551155,-0.7181666,-0.6189612,-0.3180006,0.01716614,0.008256733,-0.01773834,-46.75054,0.8692207,0.6224518,-0.8243304,-0.5424936,0.1618037,-0.3656387,0.4290462,0.04320145,-0.2103238
1736099905436,-46.60098,1.603107,0.4557304,-0.9971406,0.06464224,0.03914672,0,0,0,-46.70811,0.7803667,0.2551155,-0.7181666,-0.6189612,-0.3180006,0,0,0,-46.75054,0.8692207,0.6224518,-0.8243304,-0.5424936,0.1618037,0,0,0,-0.2103238
1736099905459,-46.60137,1.603133,0.4561234,-0.9971443,0.06470551,0.03894669,-0.02946854,0.001984835,0.02946854,-46.708,0.780281,0.2544403,-0.7169734,-0.6207035,-0.3172958,0.008296967,-0.006428361,-0.05064011,-46.75661,0.8767471,0.6235542,-0.8310139,-0.5307919,0.1663625,-0.455761,0.5644798,0.08268356,-0.2103238
1736099905463,-46.60137,1.603133,0.4561234,-0.9971443,0.06470551,0.03894669,0,0,0,-46.708,0.780281,0.2544403,-0.7169734,-0.6207035,-0.3172958,0,0,0,-46.75661,0.8767471,0.6235542,-0.8310139,-0.5307919,0.1663625,0,0,0,-0.2103238
1736099905467,-46.60137,1.603133,0.4561234,-0.9971443,0.06470551,0.03894669,0,0,0,-46.708,0.780281,0.2544403,-0.7169734,-0.6207035,-0.3172958,0,0,0,-46.75661,0.8767471,0.6235542,-0.8310139,-0.5307919,0.1663625,0,0,0,-0.2103238
1736099905487,-46.60171,1.60316,0.4564819,-0.9971384,0.06441633,0.03956795,-0.0254631,0.001993775,0.02689362,-46.7073,0.7795675,0.2534447,-0.7136949,-0.6244596,-0.3173175,0.05235672,-0.05351454,-0.0746727,-46.76408,0.8850513,0.6253319,-0.8351351,-0.51987,0.1796797,-0.5601883,0.6228089,0.1333237,-0.2103238
1736099905491,-46.60171,1.60316,0.4564819,-0.9971384,0.06441633,0.03956795,0,0,0,-46.7073,0.7795675,0.2534447,-0.7136949,-0.6244596,-0.3173175,0,0,0,-46.76408,0.8850513,0.6253319,-0.8351351,-0.51987,0.1796797,0,0,0,-0.2103238
1736099905514,-46.6019,1.603217,0.4569511,-0.997005,0.06548252,0.04115307,-0.01459122,0.004255772,0.03519058,-46.70613,0.7787249,0.2528534,-0.7111432,-0.6276801,-0.3166919,0.08811951,-0.06319284,-0.04434586,-46.7717,0.894431,0.6261749,-0.8389934,-0.5140081,0.1785659,-0.5710602,0.7034808,0.06322861,-0.2103238
1736099905519,-46.6019,1.603217,0.4569511,-0.997005,0.06548252,0.04115307,0,0,0,-46.70613,0.7787249,0.2528534,-0.7111432,-0.6276801,-0.3166919,0,0,0,-46.7717,0.894431,0.6261749,-0.8389934,-0.5140081,0.1785659,0,0,0,-0.2103238
1736099905542,-46.6021,1.60335,0.4575958,-0.9968519,0.06695537,0.04247004,-0.01459122,0.01002252,0.04835129,-46.70486,0.7790431,0.2529716,-0.7106665,-0.6280504,-0.3170273,0.09498596,0.02386272,0.008869171,-46.78003,0.9053763,0.6271477,-0.8427178,-0.5042367,0.1886061,-0.6251335,0.820899,0.07295609,-0.2103238
1736099905547,-46.6021,1.60335,0.4575958,-0.9968519,0.06695537,0.04247004,0,0,0,-46.70486,0.7790431,0.2529716,-0.7106665,-0.6280504,-0.3170273,0,0,0,-46.78003,0.9053763,0.6271477,-0.8427178,-0.5042367,0.1886061,0,0,0,-0.2103238
1736099905570,-46.60221,1.603619,0.4582977,-0.9966002,0.06950954,0.04423529,-0.008869171,0.02014339,0.05264282,-46.70417,0.7785312,0.2524605,-0.7085708,-0.6301638,-0.3175238,0.05207062,-0.03839135,-0.03833771,-46.78875,0.9168187,0.6266937,-0.8517922,-0.4850154,0.198016,-0.6537437,0.8581817,-0.03404617,-0.2103238
1736099905574,-46.60221,1.603619,0.4582977,-0.9966002,0.06950954,0.04423529,0,0,0,-46.70417,0.7785312,0.2524605,-0.7085708,-0.6301638,-0.3175238,0,0,0,-46.78875,0.9168187,0.6266937,-0.8517922,-0.4850154,0.198016,0,0,0,-0.2103238
1736099905598,-46.6022,1.603603,0.4588509,-0.9964758,0.070037,0.04616725,0.001430511,-0.001189113,0.04148483,-46.70472,0.778597,0.2524338,-0.7072527,-0.6322146,-0.3163842,-0.04119873,0.004935265,-0.002002716,-46.79765,0.9291536,0.6256447,-0.8654625,-0.4582634,0.2024094,-0.6674767,0.9251118,-0.07867813,-0.2103238
1736099905602,-46.6022,1.603603,0.4588509,-0.9964758,0.070037,0.04616725,0,0,0,-46.70472,0.778597,0.2524338,-0.7072527,-0.6322146,-0.3163842,0,0,0,-46.79765,0.9291536,0.6256447,-0.8654625,-0.4582634,0.2024094,0,0,0,-0.2103238
1736099905625,-46.60226,1.603664,0.4592972,-0.9964584,0.06921636,0.0477528,-0.005149841,0.004568696,0.03347397,-46.70512,0.778597,0.2524834,-0.7076885,-0.6331415,-0.3135438,-0.03004074,0,0.00371933,-46.80697,0.9421625,0.6243515,-0.8766406,-0.4361625,0.2031349,-0.699234,0.9756714,-0.09698868,-0.2103238
1736099905630,-46.60226,1.603664,0.4592972,-0.9964584,0.06921636,0.0477528,0,0,0,-46.70512,0.778597,0.2524834,-0.7076885,-0.6331415,-0.3135438,0,0,0,-46.80697,0.9421625,0.6243515,-0.8766406,-0.4361625,0.2031349,0,0,0,-0.2103238
1736099905653,-46.60207,1.603693,0.4597931,-0.9963723,0.06959305,0.04898107,0.01430511,0.002217293,0.0371933,-46.70552,0.7787523,0.2526283,-0.7078377,-0.6332227,-0.3130422,-0.03032684,0.01164526,0.01087189,-46.81705,0.9567331,0.622345,-0.8895821,-0.4087252,0.2039304,-0.7555962,1.092795,-0.1504898,-0.2103238
1736099905659,-46.60207,1.603693,0.4597931,-0.9963723,0.06959305,0.04898107,0,0,0,-46.70552,0.7787523,0.2526283,-0.7078377,-0.6332227,-0.3130422,0,0,0,-46.81705,0.9567331,0.622345,-0.8895821,-0.4087252,0.2039304,0,0,0,-0.2103238
1736099905681,-46.60201,1.603673,0.4602776,-0.9962638,0.07091688,0.04929066,0.004577637,-0.001564622,0.03633499,-46.70696,0.779345,0.2532234,-0.7085855,-0.6328637,-0.3120741,-0.1081467,0.04445314,0.04463196,-46.82778,0.9719893,0.621273,-0.899054,-0.378134,0.2207186,-0.8048058,1.144212,-0.08039474,-0.2103238
1736099905685,-46.60201,1.603673,0.4602776,-0.9962638,0.07091688,0.04929066,0,0,0,-46.70696,0.779345,0.2532234,-0.7085855,-0.6328637,-0.3120741,0,0,0,-46.82778,0.9719893,0.621273,-0.899054,-0.378134,0.2207186,0,0,0,-0.2103238
1736099905709,-46.60198,1.603592,0.4607658,-0.9962911,0.07063545,0.04914254,0.002288818,-0.006043911,0.03662109,-46.7072,0.7793638,0.253479,-0.7096126,-0.6327196,-0.3100264,-0.01773834,0.00141263,0.01916885,-46.83648,0.9881132,0.6184196,-0.9110677,-0.3452376,0.2253156,-0.6528854,1.209292,-0.2140045,-0.2103238
1736099905714,-46.60198,1.603592,0.4607658,-0.9962911,0.07063545,0.04914254,0,0,0,-46.7072,0.7793638,0.253479,-0.7096126,-0.6327196,-0.3100264,0,0,0,-46.83648,0.9881132,0.6184196,-0.9110677,-0.3452376,0.2253156,0,0,0,-0.2103238
1736099905737,-46.60179,1.603434,0.4612541,-0.9963846,0.06913598,0.04938298,0.01459122,-0.01187325,0.03662109,-46.70835,0.7803763,0.2546616,-0.7115698,-0.6322915,-0.3063923,-0.08640289,0.07593781,0.08869171,-46.84512,1.003315,0.6153641,-0.9229526,-0.324402,0.2071767,-0.6474495,1.140162,-0.2291679,-0.2103238
1736099905741,-46.60179,1.603434,0.4612541,-0.9963846,0.06913598,0.04938298,0,0,0,-46.70835,0.7803763,0.2546616,-0.7115698,-0.6322915,-0.3063923,0,0,0,-46.84512,1.003315,0.6153641,-0.9229526,-0.324402,0.2071767,0,0,0,-0.2103238
1736099905764,-46.60165,1.603175,0.4617538,-0.9965193,0.06691406,0.04971832,0.01001358,-0.01939237,0.0374794,-46.70872,0.7806444,0.2552299,-0.7129606,-0.6321466,-0.3034434,-0.02775192,0.02010763,0.04262924,-46.85221,1.019049,0.6115379,-0.9376011,-0.2881017,0.1946843,-0.5324364,1.180011,-0.2869606,-0.2103238
1736099905769,-46.60165,1.603175,0.4617538,-0.9965193,0.06691406,0.04971832,0,0,0,-46.70872,0.7806444,0.2552299,-0.7129606,-0.6321466,-0.3034434,0,0,0,-46.85221,1.019049,0.6115379,-0.9376011,-0.2881017,0.1946843,0,0,0,-0.2103238
1736099905792,-46.60142,1.602862,0.4621925,-0.9967303,0.06418334,0.04908872,0.01773834,-0.02348721,0.03290176,-46.70945,0.7809443,0.2559471,-0.7140144,-0.6322343,-0.3007715,-0.05435944,0.02249032,0.05378723,-46.8587,1.033341,0.6080132,-0.9538774,-0.2415763,0.1782109,-0.48666,1.071891,-0.2643585,-0.2103238
1736099905799,-46.60142,1.602862,0.4621925,-0.9967303,0.06418334,0.04908872,0,0,0,-46.70945,0.7809443,0.2559471,-0.7140144,-0.6322343,-0.3007715,0,0,0,-46.8587,1.033341,0.6080132,-0.9538774,-0.2415763,0.1782109,0,0,0,-0.2103238
1736099905820,-46.60138,1.602553,0.4625473,-0.9968956,0.06253833,0.04783821,0.002861023,-0.02316535,0.02660751,-46.7104,0.7813532,0.2565689,-0.714939,-0.6319998,-0.2990627,-0.07181168,0.03066659,0.04663467,-46.86559,1.046789,0.6044006,-0.9613059,-0.2230856,0.1616299,-0.5161285,1.008645,-0.2709389,-0.2103238
1736099905824,-46.60138,1.602553,0.4625473,-0.9968956,0.06253833,0.04783821,0,0,0,-46.7104,0.7813532,0.2565689,-0.714939,-0.6319998,-0.2990627,0,0,0,-46.86559,1.046789,0.6044006,-0.9613059,-0.2230856,0.1616299,0,0,0,-0.2103238
1736099905828,-46.60138,1.602553,0.4625473,-0.9968956,0.06253833,0.04783821,0,0,0,-46.7104,0.7813532,0.2565689,-0.714939,-0.6319998,-0.2990627,0,0,0,-46.86559,1.046789,0.6044006,-0.9613059,-0.2230856,0.1616299,0,0,0,-0.2103238
1736099905848,-46.60136,1.60244,0.4628601,-0.9969786,0.06226346,0.04644579,0.001716614,-0.00847578,0.02346039,-46.71091,0.7818637,0.257019,-0.7154594,-0.6317847,-0.2982726,-0.03805161,0.03828853,0.03376007,-46.87147,1.060356,0.6004677,-0.9702386,-0.1902278,0.1498358,-0.4414558,1.017496,-0.2949715,-0.2103238
1736099905852,-46.60136,1.60244,0.4628601,-0.9969786,0.06226346,0.04644579,0,0,0,-46.71091,0.7818637,0.257019,-0.7154594,-0.6317847,-0.2982726,0,0,0,-46.87147,1.060356,0.6004677,-0.9702386,-0.1902278,0.1498358,0,0,0,-0.2103238
1736099905875,-46.6014,1.602377,0.46315,-0.9970483,0.06188871,0.04544115,-0.003433228,-0.004756451,0.02174377,-46.7118,0.7829438,0.2577438,-0.7159098,-0.6318734,-0.2970004,-0.06694794,0.08100718,0.05435944,-46.87757,1.072431,0.5969238,-0.977702,-0.1620205,0.1335987,-0.4571915,0.90563,-0.265789,-0.2103238
1736099905880,-46.6014,1.602377,0.46315,-0.9970483,0.06188871,0.04544115,0,0,0,-46.7118,0.7829438,0.2577438,-0.7159098,-0.6318734,-0.2970004,0,0,0,-46.87757,1.072431,0.5969238,-0.977702,-0.1620205,0.1335987,0,0,0,-0.2103238
1736099905903,-46.60162,1.60231,0.4634361,-0.9971355,0.06165608,0.04381585,-0.01630783,-0.004971027,0.02145767,-46.71199,0.7831386,0.2578278,-0.7159799,-0.6317995,-0.2969899,-0.01401901,0.01461357,0.00629425,-46.88263,1.085728,0.5930824,-0.981393,-0.1441258,0.1268694,-0.3793716,0.9972632,-0.288105,-0.2103238
1736099905910,-46.60162,1.60231,0.4634361,-0.9971355,0.06165608,0.04381585,0,0,0,-46.71199,0.7831386,0.2578278,-0.7159799,-0.6317995,-0.2969899,0,0,0,-46.88263,1.085728,0.5930824,-0.981393,-0.1441258,0.1268694,0,0,0,-0.2103238
1736099905931,-46.6018,1.602343,0.4636765,-0.9972233,0.06116433,0.04248208,-0.01316071,0.00244081,0.01802444,-46.71246,0.7839847,0.2582169,-0.7155658,-0.631409,-0.2988119,-0.03519058,0.06345212,0.02918243,-46.88713,1.098896,0.5890198,-0.9855005,-0.1250018,0.1147322,-0.3378868,0.9876341,-0.3046989,-0.2103238
1736099905936,-46.6018,1.602343,0.4636765,-0.9972233,0.06116433,0.04248208,0,0,0,-46.71246,0.7839847,0.2582169,-0.7155658,-0.631409,-0.2988119,0,0,0,-46.88713,1.098896,0.5890198,-0.9855005,-0.1250018,0.1147322,0,0,0,-0.2103238
1736099905959,-46.6022,1.602338,0.46381,-0.9973103,0.06108182,0.04052049,-0.03061295,-0.00038445,0.01001358,-46.71258,0.784344,0.2580338,-0.714608,-0.6313825,-0.3011518,-0.008869171,0.02695173,-0.01373291,-46.89123,1.111755,0.5849533,-0.9883481,-0.1059427,0.1092904,-0.30756,0.964424,-0.304985,-0.2103238
1736099905965,-46.6022,1.602338,0.46381,-0.9973103,0.06108182,0.04052049,0,0,0,-46.71258,0.784344,0.2580338,-0.714608,-0.6313825,-0.3011518,0,0,0,-46.89123,1.111755,0.5849533,-0.9883481,-0.1059427,0.1092904,0,0,0,-0.2103238
1736099905987,-46.60273,1.602316,0.4639397,-0.9974467,0.0604606,0.03801483,-0.03948212,-0.00166297,0.009727478,-46.71228,0.7843952,0.2576141,-0.7131047,-0.6320292,-0.3033497,0.02260208,0.003835559,-0.03147125,-46.89393,1.125744,0.5815697,-0.9913179,-0.08119696,0.1034228,-0.2022743,1.049137,-0.2537727,-0.2103238
1736099905994,-46.60273,1.602316,0.4639397,-0.9974467,0.0604606,0.03801483,0,0,0,-46.71228,0.7843952,0.2576141,-0.7131047,-0.6320292,-0.3033497,0,0,0,-46.89393,1.125744,0.5815697,-0.9913179,-0.08119696,0.1034228,0,0,0,-0.2103238
1736099906014,-46.60331,1.60218,0.4640312,-0.9975827,0.05972125,0.03553492,-0.04377365,-0.01017451,0.006866455,-46.71189,0.7847525,0.2574463,-0.7114261,-0.6328745,-0.3055215,0.02918243,0.02680421,-0.0125885,-46.89608,1.139717,0.5787468,-0.9933042,-0.06589105,0.09489745,-0.1610756,1.048028,-0.2117157,-0.2103238
1736099906019,-46.60331,1.60218,0.4640312,-0.9975827,0.05972125,0.03553492,0,0,0,-46.71189,0.7847525,0.2574463,-0.7114261,-0.6328745,-0.3055215,0,0,0,-46.89608,1.139717,0.5787468,-0.9933042,-0.06589105,0.09489745,0,0,0,-0.2103238
1736099906042,-46.60403,1.60206,0.4640198,-0.9977638,0.05833288,0.03263772,-0.05378723,-0.00897646,-0.0008583069,-46.71157,0.7843909,0.2568359,-0.7091622,-0.6340004,-0.3084362,0.02374649,-0.0271216,-0.04577637,-46.89752,1.153184,0.5754738,-0.9950703,-0.05242464,0.08418572,-0.1081467,1.009977,-0.2454758,-0.2103238
1736099906047,-46.60403,1.60206,0.4640198,-0.9977638,0.05833288,0.03263772,0,0,0,-46.71157,0.7843909,0.2568359,-0.7091622,-0.6340004,-0.3084362,0,0,0,-46.89752,1.153184,0.5754738,-0.9950703,-0.05242464,0.08418572,0,0,0,-0.2103238
1736099906070,-46.60503,1.601846,0.4639397,-0.9979848,0.05625821,0.02935368,-0.0752449,-0.01608431,-0.006008148,-46.71209,0.7850948,0.2573624,-0.7074517,-0.6350396,-0.3102216,-0.03919601,0.05279034,0.03948212,-46.89772,1.166371,0.571701,-0.9967992,-0.01727723,0.07805717,-0.01544952,0.9890199,-0.2829552,-0.2103238
1736099906075,-46.60503,1.601846,0.4639397,-0.9979848,0.05625821,0.02935368,0,0,0,-46.71209,0.7850948,0.2573624,-0.7074517,-0.6350396,-0.3102216,0,0,0,-46.89772,1.166371,0.571701,-0.9967992,-0.01727723,0.07805717,0,0,0,-0.2103238
1736099906098,-46.60598,1.601734,0.4639397,-0.9982342,0.05335498,0.0261212,-0.07095337,-0.008377433,0,-46.71191,0.7851565,0.2572327,-0.705756,-0.6358188,-0.3124793,0.01401901,0.004626811,-0.009727478,-46.89788,1.178783,0.5688133,-0.9973412,0.009600747,0.0722419,-0.01144409,0.93095,-0.2165794,-0.2103238
1736099906102,-46.60598,1.601734,0.4639397,-0.9982342,0.05335498,0.0261212,0,0,0,-46.71191,0.7851565,0.2572327,-0.705756,-0.6358188,-0.3124793,0,0,0,-46.89788,1.178783,0.5688133,-0.9973412,0.009600747,0.0722419,0,0,0,-0.2103238
1736099906125,-46.60684,1.601549,0.4638977,-0.9984412,0.05098387,0.02271467,-0.06465912,-0.0138849,-0.003147125,-46.71175,0.7856095,0.2573013,-0.7035214,-0.6372424,-0.3146116,0.01173019,0.03397912,0.005149841,-46.89777,1.190575,0.5662193,-0.9972185,0.017952,0.07234144,0.008010864,0.8843333,-0.1945496,-0.2103238
1736099906130,-46.60684,1.601549,0.4638977,-0.9984412,0.05098387,0.02271467,0,0,0,-46.71175,0.7856095,0.2573013,-0.7035214,-0.6372424,-0.3146116,0,0,0,-46.89777,1.190575,0.5662193,-0.9972185,0.017952,0.07234144,0,0,0,-0.2103238
1736099906153,-46.60778,1.60136,0.4637184,-0.9986525,0.04828857,0.01901859,-0.07009506,-0.01418889,-0.01344681,-46.71164,0.7860911,0.257473,-0.7018393,-0.6384058,-0.3160065,0.008296967,0.03611594,0.0128746,-46.89636,1.203593,0.5634499,-0.9975177,0.02846259,0.06441033,0.1055717,0.9764224,-0.2077103,-0.2103238
1736099906159,-46.60778,1.60136,0.4637184,-0.9986525,0.04828857,0.01901859,0,0,0,-46.71164,0.7860911,0.257473,-0.7018393,-0.6384058,-0.3160065,0,0,0,-46.89636,1.203593,0.5634499,-0.9975177,0.02846259,0.06441033,0,0,0,-0.2103238
1736099906181,-46.60878,1.601234,0.4635887,-0.9988011,0.04640208,0.01560628,-0.0752449,-0.009423494,-0.009727478,-46.71152,0.7859524,0.2574234,-0.7001498,-0.6395577,-0.3174217,0.008869171,-0.0104025,-0.00371933,-46.89318,1.21709,0.5607719,-0.9958837,0.07061824,0.05682355,0.2388954,1.012266,-0.2008438,-0.2103238
1736099906186,-46.60878,1.601234,0.4635887,-0.9988011,0.04640208,0.01560628,0,0,0,-46.71152,0.7859524,0.2574234,-0.7001498,-0.6395577,-0.3174217,0,0,0,-46.89318,1.21709,0.5607719,-0.9958837,0.07061824,0.05682355,0,0,0,-0.2103238
1736099906190,-46.60878,1.601234,0.4635887,-0.9988011,0.04640208,0.01560628,0,0,0,-46.71152,0.7859524,0.2574234,-0.7001498,-0.6395577,-0.3174217,0,0,0,-46.89318,1.21709,0.5607719,-0.9958837,0.07061824,0.05682355,0,0,0,-0.2103238
1736099906209,-46.60991,1.601082,0.4636192,-0.9989285,0.04468533,0.01206869,-0.08468628,-0.01139045,0.002288818,-46.71207,0.7863612,0.2580032,-0.698531,-0.6407641,-0.3185539,-0.04148483,0.03065765,0.04348755,-46.89,1.228261,0.5578842,-0.9930184,0.1061497,0.05144966,0.2380371,0.8377701,-0.2165794,-0.2103238
1736099906213,-46.60991,1.601082,0.4636192,-0.9989285,0.04468533,0.01206869,0,0,0,-46.71207,0.7863612,0.2580032,-0.698531,-0.6407641,-0.3185539,0,0,0,-46.89,1.228261,0.5578842,-0.9930184,0.1061497,0.05144966,0,0,0,-0.2103238
1736099906236,-46.61098,1.600851,0.4636993,-0.9990561,0.04242002,0.009365201,-0.08010864,-0.01731813,0.006008148,-46.71201,0.7861872,0.2578773,-0.6974769,-0.6415225,-0.3193359,0.004577637,-0.01304895,-0.009441376,-46.88747,1.237895,0.5554008,-0.991641,0.1187423,0.05048376,0.1896858,0.7225692,-0.1862526,-0.2103238
1736099906241,-46.61098,1.600851,0.4636993,-0.9990561,0.04242002,0.009365201,0,0,0,-46.71201,0.7861872,0.2578773,-0.6974769,-0.6415225,-0.3193359,0,0,0,-46.88747,1.237895,0.5554008,-0.991641,0.1187423,0.05048376,0,0,0,-0.2103238
1736099906264,-46.61184,1.600634,0.4638367,-0.9992067,0.0391159,0.007497072,-0.06465912,-0.01632571,0.01029968,-46.71215,0.7862834,0.2578468,-0.6957636,-0.6424624,-0.3211777,-0.01001358,0.007215142,-0.002288818,-46.88437,1.246274,0.5526733,-0.9897513,0.1350295,0.04647279,0.2326012,0.6283969,-0.2045631,-0.2103238
1736099906269,-46.61184,1.600634,0.4638367,-0.9992067,0.0391159,0.007497072,0,0,0,-46.71215,0.7862834,0.2578468,-0.6957636,-0.6424624,-0.3211777,0,0,0,-46.88437,1.246274,0.5526733,-0.9897513,0.1350295,0.04647279,0,0,0,-0.2103238
1736099906292,-46.61282,1.600433,0.4640045,-0.9993134,0.0365042,0.0063743,-0.07324219,-0.01507401,0.0125885,-46.71233,0.7862682,0.2577782,-0.6940895,-0.6433668,-0.3229855,-0.01344681,-0.001135468,-0.005149841,-46.88091,1.253242,0.550457,-0.9864892,0.1585423,0.04127538,0.2597809,0.5226552,-0.1662254,-0.2103238
1736099906297,-46.61282,1.600433,0.4640045,-0.9993134,0.0365042,0.0063743,0,0,0,-46.71233,0.7862682,0.2577782,-0.6940895,-0.6433668,-0.3229855,0,0,0,-46.88091,1.253242,0.550457,-0.9864892,0.1585423,0.04127538,0,0,0,-0.2103238
1736099906320,-46.61375,1.600291,0.4641571,-0.9993935,0.03433612,0.005840778,-0.07009506,-0.01061261,0.01144409,-46.71308,0.788104,0.2592697,-0.6929419,-0.6439051,-0.3243735,-0.05664825,0.1376823,0.111866,-46.8771,1.259309,0.5481682,-0.9836339,0.1764405,0.03651357,0.2858162,0.4550368,-0.1716614,-0.2103238
1736099906324,-46.61375,1.600291,0.4641571,-0.9993935,0.03433612,0.005840778,0,0,0,-46.71308,0.788104,0.2592697,-0.6929419,-0.6439051,-0.3243735,0,0,0,-46.8771,1.259309,0.5481682,-0.9836339,0.1764405,0.03651357,0,0,0,-0.2103238
1736099906348,-46.61465,1.600279,0.464325,-0.9994413,0.03313096,0.004437804,-0.06780624,-0.0009298325,0.0125885,-46.71315,0.7890173,0.2596474,-0.6924999,-0.643959,-0.3252091,-0.004863739,0.06849468,0.02832413,-46.87194,1.265718,0.5452232,-0.9772589,0.2088459,0.03672606,0.3865242,0.4806608,-0.220871,-0.2103238
1736099906353,-46.61465,1.600279,0.464325,-0.9994413,0.03313096,0.004437804,0,0,0,-46.71315,0.7890173,0.2596474,-0.6924999,-0.643959,-0.3252091,0,0,0,-46.87194,1.265718,0.5452232,-0.9772589,0.2088459,0.03672606,0,0,0,-0.2103238
1736099906375,-46.61552,1.600121,0.4645767,-0.9994645,0.03256404,0.00327599,-0.06523132,-0.01187325,0.01888275,-46.71373,0.7890223,0.2596321,-0.6920333,-0.6440962,-0.3259304,-0.04405975,0.0003799796,-0.001144409,-46.86788,1.270776,0.5438995,-0.9725823,0.2303356,0.03208899,0.304985,0.3793448,-0.0992775,-0.2103238
1736099906380,-46.61552,1.600121,0.4645767,-0.9994645,0.03256404,0.00327599,0,0,0,-46.71373,0.7890223,0.2596321,-0.6920333,-0.6440962,-0.3259304,0,0,0,-46.86788,1.270776,0.5438995,-0.9725823,0.2303356,0.03208899,0,0,0,-0.2103238
1736099906403,-46.61636,1.599908,0.4648666,-0.9995329,0.03043881,0.002804756,-0.0629425,-0.01593232,0.02174377,-46.71426,0.7889147,0.2596588,-0.6913477,-0.6444501,-0.326685,-0.03919601,-0.008068979,0.002002716,-46.86438,1.274719,0.5419197,-0.9725876,0.2308007,0.0283702,0.2623558,0.2957493,-0.1484871,-0.2103238
1736099906408,-46.61636,1.599908,0.4648666,-0.9995329,0.03043881,0.002804756,0,0,0,-46.71426,0.7889147,0.2596588,-0.6913477,-0.6444501,-0.326685,0,0,0,-46.86438,1.274719,0.5419197,-0.9725876,0.2308007,0.0283702,0,0,0,-0.2103238
1736099906431,-46.61731,1.599737,0.4652023,-0.9996146,0.02754176,0.003526449,-0.07095337,-0.01280308,0.025177,-46.7149,0.7887859,0.2598,-0.6903755,-0.6452245,-0.3272123,-0.04863739,-0.009660423,0.01058578,-46.86108,1.277627,0.5394402,-0.9714469,0.2366702,0.01668751,0.2474785,0.2180725,-0.1859665,-0.2103238
1736099906435,-46.61731,1.599737,0.4652023,-0.9996146,0.02754176,0.003526449,0,0,0,-46.7149,0.7887859,0.2598,-0.6903755,-0.6452245,-0.3272123,0,0,0,-46.86108,1.277627,0.5394402,-0.9714469,0.2366702,0.01668751,0,0,0,-0.2103238
1736099906459,-46.61808,1.599568,0.4655571,-0.9996734,0.0251647,0.00448525,-0.05807877,-0.01270473,0.02660751,-46.71621,0.7904239,0.26194,-0.6903104,-0.6458041,-0.3262043,-0.09784698,0.1228452,0.1605034,-46.85917,1.279443,0.5378227,-0.9709523,0.2388323,0.01452184,0.1430511,0.1361847,-0.1213074,-0.2103238
1736099906464,-46.61808,1.599568,0.4655571,-0.9996734,0.0251647,0.00448525,0,0,0,-46.71621,0.7904239,0.26194,-0.6903104,-0.6458041,-0.3262043,0,0,0,-46.85917,1.279443,0.5378227,-0.9709523,0.2388323,0.01452184,0,0,0,-0.2103238
1736099906486,-46.61873,1.599573,0.4658928,-0.9996944,0.02390807,0.006328344,-0.04835129,0.0003397465,0.025177,-46.71757,0.7914385,0.2633553,-0.6907209,-0.6456318,-0.3256757,-0.1018524,0.07609427,0.106144,-46.85769,1.279965,0.536171,-0.9728159,0.2312274,0.01278037,0.1112938,0.03916025,-0.1238823,-0.2103238
1736099906491,-46.61873,1.599573,0.4658928,-0.9996944,0.02390807,0.006328344,0,0,0,-46.71757,0.7914385,0.2633553,-0.6907209,-0.6456318,-0.3256757,0,0,0,-46.85769,1.279965,0.536171,-0.9728159,0.2312274,0.01278037,0,0,0,-0.2103238
1736099906496,-46.61873,1.599573,0.4658928,-0.9996944,0.02390807,0.006328344,0,0,0,-46.71757,0.7914385,0.2633553,-0.6907209,-0.6456318,-0.3256757,0,0,0,-46.85769,1.279965,0.536171,-0.9728159,0.2312274,0.01278037,0,0,0,-0.2103238
1736099906514,-46.61932,1.599505,0.4661751,-0.9996989,0.02308928,0.008347452,-0.04463196,-0.005087256,0.02117157,-46.71978,0.7926188,0.2654839,-0.6911805,-0.645503,-0.3249556,-0.1659393,0.08852184,0.1596451,-46.85749,1.277607,0.5340576,-0.9746039,0.2239361,0.0003401637,0.01516342,-0.1768559,-0.1585007,-0.2103238
1736099906521,-46.61932,1.599505,0.4661751,-0.9996989,0.02308928,0.008347452,0,0,0,-46.71978,0.7926188,0.2654839,-0.6911805,-0.645503,-0.3249556,0,0,0,-46.85749,1.277607,0.5340576,-0.9746039,0.2239361,0.0003401637,0,0,0,-0.2103238
1736099906542,-46.61998,1.599367,0.4664421,-0.9997048,0.0219401,0.01045942,-0.04920959,-0.0103265,0.02002716,-46.72098,0.7927847,0.2663612,-0.6915241,-0.645351,-0.3245251,-0.09012222,0.01244545,0.06580353,-46.85907,1.274505,0.5338173,-0.980287,0.1975781,-0.0008990765,-0.1190186,-0.2326548,-0.01802444,-0.2103238
1736099906548,-46.61998,1.599367,0.4664421,-0.9997048,0.0219401,0.01045942,0,0,0,-46.72098,0.7927847,0.2663612,-0.6915241,-0.645351,-0.3245251,0,0,0,-46.85907,1.274505,0.5338173,-0.980287,0.1975781,-0.0008990765,0,0,0,-0.2103238
1736099906568,-46.62064,1.599141,0.4666252,-0.9997178,0.02049815,0.01202494,-0.0494957,-0.01698732,0.01373291,-46.72254,0.7933083,0.2677498,-0.6920395,-0.6451041,-0.3239176,-0.1167297,0.03926754,0.1041412,-46.86186,1.269593,0.5348244,-0.9868386,0.1614806,-0.008591294,-0.2091408,-0.3684282,0.07553101,-0.2103238
1736099906573,-46.62064,1.599141,0.4666252,-0.9997178,0.02049815,0.01202494,0,0,0,-46.72254,0.7933083,0.2677498,-0.6920395,-0.6451041,-0.3239176,0,0,0,-46.86186,1.269593,0.5348244,-0.9868386,0.1614806,-0.008591294,0,0,0,-0.2103238
1736099906596,-46.62109,1.599072,0.4667854,-0.9997255,0.01892499,0.01383805,-0.03404617,-0.005140901,0.0120163,-46.72229,0.7934746,0.2682228,-0.6920549,-0.6451198,-0.3238533,0.01859665,0.01247227,0.03547668,-46.86685,1.261099,0.5357628,-0.9922312,0.124055,-0.009383917,-0.3739357,-0.6369889,0.07038116,-0.2103238
1736099906602,-46.62109,1.599072,0.4667854,-0.9997255,0.01892499,0.01383805,0,0,0,-46.72229,0.7934746,0.2682228,-0.6920549,-0.6451198,-0.3238533,0,0,0,-46.86685,1.261099,0.5357628,-0.9922312,0.124055,-0.009383917,0,0,0,-0.2103238
1736099906624,-46.62159,1.599029,0.466732,-0.9997006,0.01812951,0.01645076,-0.0374794,-0.003236532,-0.004005432,-46.72211,0.7932303,0.2680702,-0.6923434,-0.6449151,-0.3236439,0.01344681,-0.01831949,-0.01144409,-46.87224,1.250874,0.5368958,-0.9956632,0.09229689,0.01168531,-0.4045486,-0.766933,0.08497238,-0.2103238
1736099906631,-46.62159,1.599029,0.466732,-0.9997006,0.01812951,0.01645076,0,0,0,-46.72211,0.7932303,0.2680702,-0.6923434,-0.6449151,-0.3236439,0,0,0,-46.87224,1.250874,0.5368958,-0.9956632,0.09229689,0.01168531,0,0,0,-0.2103238
1736099906652,-46.622,1.599086,0.4666595,-0.9996478,0.0194272,0.0180921,-0.03061295,0.004291534,-0.005435944,-46.72277,0.7932001,0.2683296,-0.6926317,-0.6447167,-0.3234221,-0.0497818,-0.002261996,0.01945496,-46.87614,1.241822,0.5389824,-0.9987325,0.04552018,0.02148479,-0.2923965,-0.6788403,0.156498,-0.2103238
1736099906656,-46.622,1.599086,0.4666595,-0.9996478,0.0194272,0.0180921,0,0,0,-46.72277,0.7932001,0.2683296,-0.6926317,-0.6447167,-0.3234221,0,0,0,-46.87614,1.241822,0.5389824,-0.9987325,0.04552018,0.02148479,0,0,0,-0.2103238
1736099906679,-46.62259,1.599215,0.466507,-0.9996017,0.02105722,0.01879227,-0.04405975,0.009700656,-0.01144409,-46.72301,0.7930369,0.2684402,-0.6926818,-0.6447291,-0.3232905,-0.01745224,-0.01223981,0.008296967,-46.8783,1.235029,0.5404625,-0.9998388,-0.007246837,0.01643723,-0.1619339,-0.5095035,0.1110077,-0.2103238
1736099906685,-46.62259,1.599215,0.466507,-0.9996017,0.02105722,0.01879227,0,0,0,-46.72301,0.7930369,0.2684402,-0.6926818,-0.6447291,-0.3232905,0,0,0,-46.8783,1.235029,0.5404625,-0.9998388,-0.007246837,0.01643723,0,0,0,-0.2103238
1736099906708,-46.6234,1.599287,0.4662247,-0.9995939,0.02162266,0.01857215,-0.06065369,0.005373359,-0.02117157,-46.72396,0.7931471,0.2691345,-0.6923015,-0.6448542,-0.3238556,-0.07123947,0.008261204,0.05207062,-46.87855,1.230775,0.5404282,-0.9997402,-0.01269532,0.01893902,-0.01888275,-0.3190845,-0.002574921,-0.2103238
1736099906712,-46.6234,1.599287,0.4662247,-0.9995939,0.02162266,0.01857215,0,0,0,-46.72396,0.7931471,0.2691345,-0.6923015,-0.6448542,-0.3238556,0,0,0,-46.87855,1.230775,0.5404282,-0.9997402,-0.01269532,0.01893902,0,0,0,-0.2103238
1736099906736,-46.62408,1.599272,0.4660912,-0.9996163,0.0209285,0.01814705,-0.05092621,-0.001108646,-0.01001358,-46.72296,0.7940427,0.2695274,-0.6912824,-0.6456247,-0.324496,0.0749588,0.06717145,0.02946854,-46.87878,1.227781,0.5403709,-0.9995419,-0.01267006,0.02749223,-0.01688004,-0.2245367,-0.004291534,-0.2103238
1736099906740,-46.62408,1.599272,0.4660912,-0.9996163,0.0209285,0.01814705,0,0,0,-46.72296,0.7940427,0.2695274,-0.6912824,-0.6456247,-0.324496,0,0,0,-46.87878,1.227781,0.5403709,-0.9995419,-0.01267006,0.02749223,0,0,0,-0.2103238
1736099906764,-46.62479,1.599247,0.4660339,-0.9996565,0.01945627,0.0175696,-0.05350113,-0.001895428,-0.004291534,-46.72252,0.7942139,0.2695694,-0.6899203,-0.6467863,-0.3250818,0.03290176,0.01283884,0.003147125,-46.87889,1.225691,0.5399971,-0.9995132,-0.01471318,0.02751499,-0.008869171,-0.1567483,-0.02803802,-0.2103238
1736099906768,-46.62479,1.599247,0.4660339,-0.9996565,0.01945627,0.0175696,0,0,0,-46.72252,0.7942139,0.2695694,-0.6899203,-0.6467863,-0.3250818,0,0,0,-46.87889,1.225691,0.5399971,-0.9995132,-0.01471318,0.02751499,0,0,0,-0.2103238
1736099906792,-46.62543,1.599277,0.4659271,-0.9996828,0.01869742,0.0168736,-0.04806519,0.002288818,-0.008010864,-46.72255,0.7942976,0.269722,-0.6887752,-0.6479244,-0.3252434,-0.002002716,0.006276369,0.01144409,-46.87922,1.224462,0.5398369,-0.9996331,-0.02056838,0.01764315,-0.0243187,-0.09213388,-0.0120163,-0.2103238
1736099906796,-46.62543,1.599277,0.4659271,-0.9996828,0.01869742,0.0168736,0,0,0,-46.72255,0.7942976,0.269722,-0.6887752,-0.6479244,-0.3252434,0,0,0,-46.87922,1.224462,0.5398369,-0.9996331,-0.02056838,0.01764315,0,0,0,-0.2103238
1736099906820,-46.62608,1.599138,0.4658852,-0.9997065,0.01757786,0.01668799,-0.04892349,-0.01049638,-0.003147125,-46.7226,0.7945057,0.2698555,-0.6883425,-0.6483679,-0.3252755,-0.00371933,0.01561046,0.01001358,-46.87973,1.223484,0.5397873,-0.9995979,-0.02587017,0.01162624,-0.03805161,-0.07335842,-0.00371933,-0.2103238
1736099906824,-46.62608,1.599138,0.4658852,-0.9997065,0.01757786,0.01668799,0,0,0,-46.7226,0.7945057,0.2698555,-0.6883425,-0.6483679,-0.3252755,0,0,0,-46.87973,1.223484,0.5397873,-0.9995979,-0.02587017,0.01162624,0,0,0,-0.2103238
1736099906828,-46.62608,1.599138,0.4658852,-0.9997065,0.01757786,0.01668799,0,0,0,-46.7226,0.7945057,0.2698555,-0.6883425,-0.6483679,-0.3252755,0,0,0,-46.87973,1.223484,0.5397873,-0.9995979,-0.02587017,0.01162624,0,0,0,-0.2103238
1736099906848,-46.62669,1.599129,0.4657707,-0.9997137,0.01708318,0.01676226,-0.04577637,-0.0006437302,-0.008583069,-46.72312,0.794559,0.2707024,-0.6881009,-0.6483861,-0.3257501,-0.03948212,0.003996491,0.06351471,-46.88016,1.222781,0.5396729,-0.999608,-0.02279927,0.01626855,-0.03232956,-0.05275011,-0.008583069,-0.2103238
1736099906852,-46.62669,1.599129,0.4657707,-0.9997137,0.01708318,0.01676226,0,0,0,-46.72312,0.794559,0.2707024,-0.6881009,-0.6483861,-0.3257501,0,0,0,-46.88016,1.222781,0.5396729,-0.999608,-0.02279927,0.01626855,0,0,0,-0.2103238
1736099906875,-46.62717,1.599156,0.4656372,-0.9997202,0.01687007,0.01660222,-0.03604889,0.002038479,-0.01001358,-46.72295,0.794355,0.270813,-0.6882924,-0.6480108,-0.3260922,0.0128746,-0.01529753,0.008296967,-46.88049,1.222071,0.5399742,-0.9995227,-0.02578884,0.01701015,-0.0248909,-0.05324185,0.02260208,-0.2103238
1736099906880,-46.62717,1.599156,0.4656372,-0.9997202,0.01687007,0.01660222,0,0,0,-46.72295,0.794355,0.270813,-0.6882924,-0.6480108,-0.3260922,0,0,0,-46.88049,1.222071,0.5399742,-0.9995227,-0.02578884,0.01701015,0,0,0,-0.2103238
1736099906903,-46.62755,1.599233,0.4654732,-0.9997344,0.01677582,0.01582164,-0.02803802,0.005739927,-0.0123024,-46.72319,0.7943519,0.2712784,-0.6884409,-0.64792,-0.3259593,-0.01802444,-0.0002324581,0.03490448,-46.88106,1.220724,0.5399284,-0.9992374,-0.0355776,0.01611066,-0.04262924,-0.101012,-0.003433228,-0.2103238
1736099906908,-46.62755,1.599233,0.4654732,-0.9997344,0.01677582,0.01582164,0,0,0,-46.72319,0.7943519,0.2712784,-0.6884409,-0.64792,-0.3259593,0,0,0,-46.88106,1.220724,0.5399284,-0.9992374,-0.0355776,0.01611066,0,0,0,-0.2103238
1736099906931,-46.62786,1.599249,0.4653168,-0.9997511,0.01632772,0.01521796,-0.02346039,0.001251698,-0.01173019,-46.72266,0.7937744,0.270977,-0.6883413,-0.6478612,-0.3262862,0.04005432,-0.04331768,-0.02260208,-46.88107,1.220359,0.5399361,-0.9990702,-0.03831484,0.01977932,-0.0005722046,-0.02734959,0.0005722046,-0.2103238
1736099906936,-46.62786,1.599249,0.4653168,-0.9997511,0.01632772,0.01521796,0,0,0,-46.72266,0.7937744,0.270977,-0.6883413,-0.6478612,-0.3262862,0,0,0,-46.88107,1.220359,0.5399361,-0.9990702,-0.03831484,0.01977932,0,0,0,-0.2103238
1736099906959,-46.62821,1.599205,0.4651833,-0.9997699,0.01556263,0.01477033,-0.02632141,-0.003352761,-0.01001358,-46.72305,0.7933404,0.2715607,-0.6878317,-0.6480215,-0.3270421,-0.02975464,-0.03254414,0.04377365,-46.88121,1.219209,0.5396614,-0.9989009,-0.04356151,0.01731271,-0.01115799,-0.08625984,-0.02059937,-0.2103238
1736099906963,-46.62821,1.599205,0.4651833,-0.9997699,0.01556263,0.01477033,0,0,0,-46.72305,0.7933404,0.2715607,-0.6878317,-0.6480215,-0.3270421,0,0,0,-46.88121,1.219209,0.5396614,-0.9989009,-0.04356151,0.01731271,0,0,0,-0.2103238
1736099906986,-46.62844,1.599173,0.4650688,-0.9997767,0.01543128,0.01445019,-0.01688004,-0.002369285,-0.008583069,-46.72321,0.793099,0.2718811,-0.6872667,-0.6483135,-0.3276498,-0.0120163,-0.01810491,0.02403259,-46.88147,1.217831,0.5396843,-0.9985882,-0.05124429,0.0139966,-0.01888275,-0.1033813,0.001716614,-0.2103238
1736099906991,-46.62844,1.599173,0.4650688,-0.9997767,0.01543128,0.01445019,0,0,0,-46.72321,0.793099,0.2718811,-0.6872667,-0.6483135,-0.3276498,0,0,0,-46.88147,1.217831,0.5396843,-0.9985882,-0.05124429,0.0139966,0,0,0,-0.2103238
1736099907014,-46.62846,1.599265,0.4649277,-0.9997675,0.01627031,0.01416087,-0.002002716,0.006875396,-0.01058578,-46.72332,0.7925925,0.2719765,-0.6868515,-0.6485074,-0.3281369,-0.008296967,-0.03798902,0.007152557,-46.88158,1.216247,0.5396652,-0.9978433,-0.06462941,0.01149672,-0.008583069,-0.1187682,-0.001430511,-0.2103238
1736099907019,-46.62846,1.599265,0.4649277,-0.9997675,0.01627031,0.01416087,0,0,0,-46.72332,0.7925925,0.2719765,-0.6868515,-0.6485074,-0.3281369,0,0,0,-46.88158,1.216247,0.5396652,-0.9978433,-0.06462941,0.01149672,0,0,0,-0.2103238
1736099907042,-46.62846,1.599357,0.4647903,-0.9997551,0.01732856,0.01378274,0.0005722046,0.006911159,-0.01029968,-46.72365,0.7923599,0.2724113,-0.6867189,-0.648406,-0.3286139,-0.0246048,-0.0174433,0.03261566,-46.88125,1.214597,0.5393105,-0.9976258,-0.06861724,0.005913496,0.0246048,-0.1237929,-0.02660751,-0.2103238
1736099907046,-46.62846,1.599357,0.4647903,-0.9997551,0.01732856,0.01378274,0,0,0,-46.72365,0.7923599,0.2724113,-0.6867189,-0.648406,-0.3286139,0,0,0,-46.88125,1.214597,0.5393105,-0.9976258,-0.06861724,0.005913496,0,0,0,-0.2103238
1736099907070,-46.62845,1.599414,0.464592,-0.9997606,0.01751088,0.01314688,0.0002861023,0.004273653,-0.01487732,-46.72368,0.790998,0.2732811,-0.6866795,-0.6481442,-0.3292129,-0.002288818,-0.1021475,0.06523132,-46.88109,1.213184,0.539299,-0.9969505,-0.07800335,0.002379239,0.0123024,-0.1059473,-0.0008583069,-0.2103238
1736099907074,-46.62845,1.599414,0.464592,-0.9997606,0.01751088,0.01314688,0,0,0,-46.72368,0.790998,0.2732811,-0.6866795,-0.6481442,-0.3292129,0,0,0,-46.88109,1.213184,0.539299,-0.9969505,-0.07800335,0.002379239,0,0,0,-0.2103238
1736099907098,-46.62859,1.599369,0.4643936,-0.9997631,0.01777324,0.01257223,-0.01001358,-0.003397465,-0.01487732,-46.72352,0.7905777,0.2738037,-0.6865509,-0.6481781,-0.3294145,0.0120163,-0.0315249,0.03919601,-46.88071,1.212118,0.5391426,-0.996138,-0.08775783,0.002839863,0.02832413,-0.07999241,-0.01173019,-0.2103238
1736099907102,-46.62859,1.599369,0.4643936,-0.9997631,0.01777324,0.01257223,0,0,0,-46.72352,0.7905777,0.2738037,-0.6865509,-0.6481781,-0.3294145,0,0,0,-46.88071,1.212118,0.5391426,-0.996138,-0.08775783,0.002839863,0,0,0,-0.2103238
1736099907125,-46.62849,1.599452,0.464222,-0.9997573,0.01887833,0.01138318,0.006866455,0.006258488,-0.0128746,-46.72358,0.790422,0.2747192,-0.6863581,-0.6482921,-0.3295908,-0.004005432,-0.01167655,0.06866455,-46.88049,1.211434,0.5389938,-0.9956399,-0.09327777,-0.0009847879,0.01688004,-0.05125701,-0.01115799,-0.2103238
1736099907130,-46.62849,1.599452,0.464222,-0.9997573,0.01887833,0.01138318,0,0,0,-46.72358,0.790422,0.2747192,-0.6863581,-0.6482921,-0.3295908,0,0,0,-46.88049,1.211434,0.5389938,-0.9956399,-0.09327777,-0.0009847879,0,0,0,-0.2103238
1736099907153,-46.62822,1.59954,0.4641037,-0.9997516,0.01962505,0.0105983,0.02088547,0.006598234,-0.008869171,-46.72373,0.790225,0.2759514,-0.6864464,-0.6479024,-0.330173,-0.01173019,-0.01477003,0.09241104,-46.88028,1.210609,0.539238,-0.9950399,-0.09947938,0.0001021028,0.01544952,-0.06186962,0.01831055,-0.2103238
1736099907158,-46.62822,1.59954,0.4641037,-0.9997516,0.01962505,0.0105983,0,0,0,-46.72373,0.790225,0.2759514,-0.6864464,-0.6479024,-0.330173,0,0,0,-46.88028,1.210609,0.539238,-0.9950399,-0.09947938,0.0001021028,0,0,0,-0.2103238
1736099907162,-46.62822,1.59954,0.4641037,-0.9997516,0.01962505,0.0105983,0,0,0,-46.72373,0.790225,0.2759514,-0.6864464,-0.6479024,-0.330173,0,0,0,-46.88028,1.210609,0.539238,-0.9950399,-0.09947938,0.0001021028,0,0,0,-0.2103238
1736099907181,-46.62799,1.599617,0.464077,-0.9997454,0.01999305,0.01048225,0.01716614,0.00577569,-0.002002716,-46.72365,0.7903335,0.2764282,-0.686515,-0.64766,-0.330505,0.006008148,0.008136034,0.03576279,-46.88049,1.210034,0.5391769,-0.9943759,-0.105876,0.002700329,-0.01544952,-0.04312992,-0.004577637,-0.2103238
1736099907189,-46.62799,1.599617,0.464077,-0.9997454,0.01999305,0.01048225,0,0,0,-46.72365,0.7903335,0.2764282,-0.686515,-0.64766,-0.330505,0,0,0,-46.88049,1.210034,0.5391769,-0.9943759,-0.105876,0.002700329,0,0,0,-0.2103238
1736099907209,-46.62781,1.599605,0.4640198,-0.9997522,0.01963415,0.01051009,0.01344681,-0.000885129,-0.004291534,-46.72357,0.7904729,0.2768402,-0.6864784,-0.6475272,-0.3308423,0.00629425,0.01045167,0.03089905,-46.88039,1.210194,0.5393677,-0.9945007,-0.1041139,0.01135182,0.006866455,0.01198947,0.01430511,-0.2103238
1736099907213,-46.62781,1.599605,0.4640198,-0.9997522,0.01963415,0.01051009,0,0,0,-46.72357,0.7904729,0.2768402,-0.6864784,-0.6475272,-0.3308423,0,0,0,-46.88039,1.210194,0.5393677,-0.9945007,-0.1041139,0.01135182,0,0,0,-0.2103238
1736099907236,-46.62763,1.599615,0.4639854,-0.9997424,0.02014102,0.01046413,0.01344681,0.0007152557,-0.002574921,-46.72353,0.7904491,0.2772179,-0.6865568,-0.6473135,-0.3310974,0.002861023,-0.001779199,0.02832413,-46.88055,1.210264,0.5393219,-0.9946385,-0.1018418,0.0179733,-0.01144409,0.005221367,-0.003433228,-0.2103238
1736099907241,-46.62763,1.599615,0.4639854,-0.9997424,0.02014102,0.01046413,0,0,0,-46.72353,0.7904491,0.2772179,-0.6865568,-0.6473135,-0.3310974,0,0,0,-46.88055,1.210264,0.5393219,-0.9946385,-0.1018418,0.0179733,0,0,0,-0.2103238
1736099907262,-46.62731,1.59968,0.4640503,-0.9997311,0.02049632,0.01087296,0.02374649,0.004926324,0.004863739,-46.72397,0.7898717,0.2774849,-0.6867424,-0.646994,-0.3313369,-0.03318787,-0.04330873,0.02002716,-46.88078,1.210572,0.5389824,-0.9942359,-0.1035634,0.02775282,-0.01773834,0.02313852,-0.0254631,-0.2103238
1736099907267,-46.62731,1.59968,0.4640503,-0.9997311,0.02049632,0.01087296,0,0,0,-46.72397,0.7898717,0.2774849,-0.6867424,-0.646994,-0.3313369,0,0,0,-46.88078,1.210572,0.5389824,-0.9942359,-0.1035634,0.02775282,0,0,0,-0.2103238
1736099907290,-46.62687,1.599724,0.464119,-0.999725,0.0205719,0.01126909,0.03318787,0.003236532,0.005149841,-46.72409,0.7896553,0.2779655,-0.686902,-0.64676,-0.3314631,-0.009155273,-0.01622736,0.03604889,-46.88065,1.210764,0.5385666,-0.9939242,-0.1040445,0.03591275,0.01001358,0.0143677,-0.03118515,-0.2103238
1736099907295,-46.62687,1.599724,0.464119,-0.999725,0.0205719,0.01126909,0,0,0,-46.72409,0.7896553,0.2779655,-0.686902,-0.64676,-0.3314631,0,0,0,-46.88065,1.210764,0.5385666,-0.9939242,-0.1040445,0.03591275,0,0,0,-0.2103238
1736099907319,-46.6264,1.599692,0.464222,-0.9997245,0.02013003,0.01208454,0.03519058,-0.002351403,0.007724762,-46.72434,0.7894499,0.2785492,-0.6870654,-0.6467533,-0.3311374,-0.01831055,-0.01540482,0.04377365,-46.8796,1.210623,0.5378418,-0.9947073,-0.09767704,0.03188896,0.07867813,-0.01055896,-0.05435944,-0.2103238
1736099907323,-46.6264,1.599692,0.464222,-0.9997245,0.02013003,0.01208454,0,0,0,-46.72434,0.7894499,0.2785492,-0.6870654,-0.6467533,-0.3311374,0,0,0,-46.8796,1.210623,0.5378418,-0.9947073,-0.09767704,0.03188896,0,0,0,-0.2103238
1736099907347,-46.62598,1.599664,0.4644012,-0.9997139,0.0203751,0.01254034,0.03175735,-0.002092123,0.01344681,-46.72434,0.7894449,0.2791977,-0.6874227,-0.6465256,-0.3308406,-0.0002861023,-0.0003799796,0.04863739,-46.87917,1.210851,0.5371132,-0.9951828,-0.0948494,0.02480739,0.03261566,0.01713932,-0.05464554,-0.2103238
1736099907351,-46.62598,1.599664,0.4644012,-0.9997139,0.0203751,0.01254034,0,0,0,-46.72434,0.7894449,0.2791977,-0.6874227,-0.6465256,-0.3308406,0,0,0,-46.87917,1.210851,0.5371132,-0.9951828,-0.0948494,0.02480739,0,0,0,-0.2103238
1736099907375,-46.6255,1.599678,0.4646225,-0.9997036,0.02081351,0.01263088,0.03547668,0.0009924173,0.01659393,-46.72458,0.7892285,0.2798042,-0.6877651,-0.6462787,-0.3306112,-0.01745224,-0.01622736,0.04549026,-46.87889,1.210916,0.5365334,-0.9955295,-0.09043589,0.02725154,0.02031326,0.004854798,-0.04348755,-0.2103238
1736099907380,-46.6255,1.599678,0.4646225,-0.9997036,0.02081351,0.01263088,0,0,0,-46.72458,0.7892285,0.2798042,-0.6877651,-0.6462787,-0.3306112,0,0,0,-46.87889,1.210916,0.5365334,-0.9955295,-0.09043589,0.02725154,0,0,0,-0.2103238
1736099907403,-46.62492,1.59968,0.4647293,-0.9996933,0.02125459,0.01271969,0.04348755,0.0001877546,0.008010864,-46.72455,0.7890027,0.2803612,-0.6880195,-0.6461024,-0.3304255,0.002002716,-0.01693368,0.04177094,-46.87843,1.210482,0.5360069,-0.9959489,-0.08259025,0.03556848,0.03490448,-0.03259778,-0.03948212,-0.2103238
1736099907409,-46.62492,1.59968,0.4647293,-0.9996933,0.02125459,0.01271969,0,0,0,-46.72455,0.7890027,0.2803612,-0.6880195,-0.6461024,-0.3304255,0,0,0,-46.87843,1.210482,0.5360069,-0.9959489,-0.08259025,0.03556848,0,0,0,-0.2103238
1736099907431,-46.62416,1.599586,0.4647446,-0.9997082,0.02032923,0.01305383,0.05722046,-0.007045269,0.001144409,-46.72425,0.7890638,0.2809181,-0.6881793,-0.6459916,-0.3303099,0.02260208,0.004577637,0.04177094,-46.87791,1.209751,0.5350418,-0.9959829,-0.0818431,0.03633243,0.03862381,-0.05479753,-0.07238388,-0.2103238
1736099907435,-46.62416,1.599586,0.4647446,-0.9997082,0.02032923,0.01305383,0,0,0,-46.72425,0.7890638,0.2809181,-0.6881793,-0.6459916,-0.3303099,0,0,0,-46.87791,1.209751,0.5350418,-0.9959829,-0.0818431,0.03633243,0,0,0,-0.2103238
1736099907439,-46.62416,1.599586,0.4647446,-0.9997082,0.02032923,0.01305383,0,0,0,-46.72425,0.7890638,0.2809181,-0.6881793,-0.6459916,-0.3303099,0,0,0,-46.87791,1.209751,0.5350418,-0.9959829,-0.0818431,0.03633243,0,0,0,-0.2103238
1736099907459,-46.62354,1.599545,0.4648933,-0.9997074,0.02009482,0.01348567,0.04663467,-0.003066659,0.01115799,-46.72384,0.7890663,0.2813072,-0.6882722,-0.6457167,-0.3306543,0.03032684,0.000192225,0.02918243,-46.87733,1.209173,0.5337906,-0.9960485,-0.0814927,0.03531027,0.04377365,-0.04337132,-0.09384155,-0.2103238
1736099907463,-46.62354,1.599545,0.4648933,-0.9997074,0.02009482,0.01348567,0,0,0,-46.72384,0.7890663,0.2813072,-0.6882722,-0.6457167,-0.3306543,0,0,0,-46.87733,1.209173,0.5337906,-0.9960485,-0.0814927,0.03531027,0,0,0,-0.2103238
1736099907486,-46.62284,1.599573,0.465023,-0.999689,0.02080594,0.01377016,0.05235672,0.002074242,0.009727478,-46.7235,0.7890714,0.2816429,-0.6884056,-0.6455197,-0.3307602,0.02574921,0.0003799796,0.025177,-46.87671,1.208456,0.5320969,-0.9960001,-0.08038008,0.03902876,0.04663467,-0.05373359,-0.1270294,-0.2103238
1736099907491,-46.62284,1.599573,0.465023,-0.999689,0.02080594,0.01377016,0,0,0,-46.7235,0.7890714,0.2816429,-0.6884056,-0.6455197,-0.3307602,0,0,0,-46.87671,1.208456,0.5320969,-0.9960001,-0.08038008,0.03902876,0,0,0,-0.2103238
1736099907514,-46.6221,1.599569,0.4651794,-0.9996764,0.02088483,0.01454121,0.05550385,-0.0002861023,0.01173019,-46.72309,0.7891135,0.282238,-0.6886175,-0.6453327,-0.3306844,0.03032684,0.003156066,0.04463196,-46.87638,1.207735,0.530098,-0.9960579,-0.08166432,0.03464079,0.0243187,-0.05405545,-0.1499176,-0.2103238
1736099907518,-46.6221,1.599569,0.4651794,-0.9996764,0.02088483,0.01454121,0,0,0,-46.72309,0.7891135,0.282238,-0.6886175,-0.6453327,-0.3306844,0,0,0,-46.87638,1.207735,0.530098,-0.9960579,-0.08166432,0.03464079,0,0,0,-0.2103238
1736099907542,-46.62137,1.599641,0.4653206,-0.9996418,0.02149693,0.01595432,0.05493164,0.005400181,0.01058578,-46.72243,0.7890049,0.2826653,-0.688727,-0.6455326,-0.3300661,0.0494957,-0.008144975,0.03204346,-46.87583,1.20683,0.5278053,-0.995967,-0.08394815,0.0316698,0.04148483,-0.06789565,-0.1719475,-0.2103238
1736099907546,-46.62137,1.599641,0.4653206,-0.9996418,0.02149693,0.01595432,0,0,0,-46.72243,0.7890049,0.2826653,-0.688727,-0.6455326,-0.3300661,0,0,0,-46.87583,1.20683,0.5278053,-0.995967,-0.08394815,0.0316698,0,0,0,-0.2103238
1736099907570,-46.62067,1.599641,0.4654922,-0.9996073,0.02220437,0.01711076,0.05235672,-2.682209E-05,0.0128746,-46.72197,0.789013,0.2834663,-0.6890755,-0.645649,-0.3291092,0.03461838,0.0006079674,0.06008148,-46.87503,1.206328,0.5253487,-0.9960318,-0.08443144,0.02814728,0.05979538,-0.03768504,-0.1842499,-0.2103238
1736099907574,-46.62067,1.599641,0.4654922,-0.9996073,0.02220437,0.01711076,0,0,0,-46.72197,0.789013,0.2834663,-0.6890755,-0.645649,-0.3291092,0,0,0,-46.87503,1.206328,0.5253487,-0.9960318,-0.08443144,0.02814728,0,0,0,-0.2103238
1736099907598,-46.62003,1.599658,0.4655876,-0.999598,0.02195657,0.01794487,0.04835129,0.001314282,0.007152557,-46.72128,0.7902561,0.282589,-0.6894131,-0.6455553,-0.3285854,0.05207062,0.09323806,-0.06580353,-46.87365,1.206643,0.522892,-0.99661,-0.08004615,0.01901084,0.103569,0.02361238,-0.1842499,-0.2103238
1736099907602,-46.62003,1.599658,0.4655876,-0.999598,0.02195657,0.01794487,0,0,0,-46.72128,0.7902561,0.282589,-0.6894131,-0.6455553,-0.3285854,0,0,0,-46.87365,1.206643,0.522892,-0.99661,-0.08004615,0.01901084,0,0,0,-0.2103238
1736099907625,-46.61932,1.599572,0.4655914,-0.9996027,0.02152554,0.01820672,0.05321503,-0.006473064,0.0002861023,-46.72068,0.7910553,0.2821693,-0.6894078,-0.6454609,-0.3287814,0.04491806,0.05993843,-0.03147125,-46.87222,1.20722,0.5208817,-0.9968375,-0.07908962,0.007743657,0.1072884,0.04328191,-0.1507759,-0.2103238
1736099907632,-46.61932,1.599572,0.4655914,-0.9996027,0.02152554,0.01820672,0,0,0,-46.72068,0.7910553,0.2821693,-0.6894078,-0.6454609,-0.3287814,0,0,0,-46.87222,1.20722,0.5208817,-0.9968375,-0.07908962,0.007743657,0,0,0,-0.2103238
1736099907667,-46.61868,1.599532,0.4654999,-0.9995996,0.02153047,0.01837111,0.04806519,-0.002968311,-0.006866455,-46.71995,0.7917416,0.2823982,-0.6895947,-0.6454394,-0.3284322,0.05464554,0.05147159,0.01716614,1.881396,1.251438,-0.4333769,-0.9748164,0,0.2230096,3656.521,3.316417,-71.56939,-0.2103238
1736099907676,-46.61868,1.599532,0.4654999,-0.9995996,0.02153047,0.01837111,0,0,0,-46.71995,0.7917416,0.2823982,-0.6895947,-0.6454394,-0.3284322,0,0,0,1.881396,1.251438,-0.4333769,-0.9748164,0,0.2230096,0,0,0,-0.2103238
1736099907685,-46.61868,1.599532,0.4654999,-0.9995996,0.02153047,0.01837111,0,0,0,-46.71995,0.7917416,0.2823982,-0.6895947,-0.6454394,-0.3284322,0,0,0,1.881396,1.251438,-0.4333769,-0.9748164,0,0.2230096,0,0,0,-0.2103238
1736099907718,-46.61755,1.599464,0.4652977,-0.9996365,0.02065881,0.01734042,0.08468628,-0.005140901,-0.01516342,2.5,-0.2103238,0,-1,0,-1.192093E-07,3691.496,-75.15491,-21.17987,2.5,-0.2103238,0,-1,0,-1.192093E-07,46.39533,-109.6322,32.50327,-0.2103238
1736099907728,-46.61755,1.599464,0.4652977,-0.9996365,0.02065881,0.01734042,0,0,0,2.5,-0.2103238,0,-1,0,-1.192093E-07,0,0,0,2.5,-0.2103238,0,-1,0,-1.192093E-07,0,0,0,-0.2103238
1736099907738,-46.61755,1.599464,0.4652977,-0.9996365,0.02065881,0.01734042,0,0,0,2.5,-0.2103238,0,-1,0,-1.192093E-07,0,0,0,2.5,-0.2103238,0,-1,0,-1.192093E-07,0,0,0,-0.2103238
1736099907743,-46.61755,1.599464,0.4652977,-0.9996365,0.02065881,0.01734042,0,0,0,2.5,-0.2103238,0,-1,0,-1.192093E-07,0,0,0,2.5,-0.2103238,0,-1,0,-1.192093E-07,0,0,0,-0.2103238
1736099907745,-46.61755,1.599464,0.4652977,-0.9996365,0.02065881,0.01734042,0,0,0,2.5,-0.2103238,0,-1,0,-1.192093E-07,0,0,0,2.5,-0.2103238,0,-1,0,-1.192093E-07,0,0,0,-0.2103238
1736099907763,-46.61612,1.599379,0.4648056,-0.9996778,0.02007403,0.01554757,0.1070023,-0.006374717,-0.0369072,2.5,-0.2103238,0,-1,0,-1.192093E-07,0,0,0,2.5,-0.2103238,0,-1,0,-1.192093E-07,0,0,0,-0.2103238
1736099907772,-46.61612,1.599379,0.4648056,-0.9996778,0.02007403,0.01554757,0,0,0,2.5,-0.2103238,0,-1,0,-1.192093E-07,0,0,0,2.5,-0.2103238,0,-1,0,-1.192093E-07,0,0,0,-0.2103238
1736099907789,-46.61475,1.599307,0.4644547,-0.9997226,0.01971824,0.01290238,0.1024246,-0.005382299,-0.02632141,2.5,-0.2103238,0,-1,0,-1.192093E-07,0,0,0,2.5,-0.2103238,0,-1,0,-1.192093E-07,0,0,0,-0.2103238
1736099907795,-46.61475,1.599307,0.4644547,-0.9997226,0.01971824,0.01290238,0,0,0,2.5,-0.2103238,0,-1,0,-1.192093E-07,0,0,0,2.5,-0.2103238,0,-1,0,-1.192093E-07,0,0,0,-0.2103238
1736099907805,-46.61475,1.599307,0.4644547,-0.9997226,0.01971824,0.01290238,0,0,0,2.5,-0.2103238,0,-1,0,-1.192093E-07,0,0,0,2.5,-0.2103238,0,-1,0,-1.192093E-07,0,0,0,-0.2103238
1736099907819,-46.61404,1.599282,0.4641533,-0.9997278,0.01996431,0.01209164,0.05321503,-0.001868606,-0.02260208,2.5,-0.2103238,0,-1,0,-1.192093E-07,0,0,0,2.5,-0.2103238,0,-1,0,-1.192093E-07,0,0,0,-0.2103238
1736099907825,-46.61404,1.599282,0.4641533,-0.9997278,0.01996431,0.01209164,0,0,0,2.5,-0.2103238,0,-1,0,-1.192093E-07,0,0,0,2.5,-0.2103238,0,-1,0,-1.192093E-07,0,0,0,-0.2103238
1736099907847,-46.61338,1.599286,0.4640274,-0.9997524,0.0190667,0.01148081,0.0500679,0.0002592802,-0.009441376,2.5,-0.2103238,0,-1,0,-1.192093E-07,0,0,0,2.5,-0.2103238,0,-1,0,-1.192093E-07,0,0,0,-0.2103238
1736099907853,-46.61338,1.599286,0.4640274,-0.9997524,0.0190667,0.01148081,0,0,0,2.5,-0.2103238,0,-1,0,-1.192093E-07,0,0,0,2.5,-0.2103238,0,-1,0,-1.192093E-07,0,0,0,-0.2103238
1736099907875,-46.61266,1.599259,0.4639397,-0.9997712,0.0184301,0.01087821,0.05350113,-0.002020597,-0.006580353,2.5,-0.2103238,0,-1,0,-1.192093E-07,0,0,0,2.5,-0.2103238,0,-1,0,-1.192093E-07,0,0,0,-0.2103238
1736099907884,-46.61266,1.599259,0.4639397,-0.9997712,0.0184301,0.01087821,0,0,0,2.5,-0.2103238,0,-1,0,-1.192093E-07,0,0,0,2.5,-0.2103238,0,-1,0,-1.192093E-07,0,0,0,-0.2103238
1736099907917,-46.61198,1.599278,0.4639587,-0.9997684,0.01906105,0.01000512,0.05149841,0.001448393,0.001430511,2.5,-0.2103238,0,-1,0,-1.192093E-07,0,0,0,2.5,-0.2103238,0,-1,0,-1.192093E-07,0,0,0,-0.2103238
1736099907924,-46.61198,1.599278,0.4639587,-0.9997684,0.01906105,0.01000512,0,0,0,2.5,-0.2103238,0,-1,0,-1.192093E-07,0,0,0,2.5,-0.2103238,0,-1,0,-1.192093E-07,0,0,0,-0.2103238
1736099907930,-46.61198,1.599278,0.4639587,-0.9997684,0.01906105,0.01000512,0,0,0,2.5,-0.2103238,0,-1,0,-1.192093E-07,0,0,0,2.5,-0.2103238,0,-1,0,-1.192093E-07,0,0,0,-0.2103238
1736099907958,-46.61095,1.59921,0.463913,-0.9997737,0.01862364,0.01029068,0.07696152,-0.005105138,-0.003433228,2.5,-0.2103238,0,-1,0,-1.192093E-07,0,0,0,2.5,-0.2103238,0,-1,0,-1.192093E-07,0,0,0,-0.2103238
1736099907965,-46.61095,1.59921,0.463913,-0.9997737,0.01862364,0.01029068,0,0,0,2.5,-0.2103238,0,-1,0,-1.192093E-07,0,0,0,2.5,-0.2103238,0,-1,0,-1.192093E-07,0,0,0,-0.2103238
1736099907972,-46.61095,1.59921,0.463913,-0.9997737,0.01862364,0.01029068,0,0,0,2.5,-0.2103238,0,-1,0,-1.192093E-07,0,0,0,2.5,-0.2103238,0,-1,0,-1.192093E-07,0,0,0,-0.2103238
1736099907998,-46.61004,1.599104,0.4637604,-0.9998011,0.01786427,0.008900702,0.06837845,-0.007939339,-0.01144409,2.5,-0.2103238,0,-1,0,-1.192093E-07,0,0,0,2.5,-0.2103238,0,-1,0,-1.192093E-07,0,0,0,-0.2103238
1736099908007,-46.61004,1.599104,0.4637604,-0.9998011,0.01786427,0.008900702,0,0,0,2.5,-0.2103238,0,-1,0,-1.192093E-07,0,0,0,2.5,-0.2103238,0,-1,0,-1.192093E-07,0,0,0,-0.2103238
1736099908011,-46.61004,1.599104,0.4637604,-0.9998011,0.01786427,0.008900702,0,0,0,2.5,-0.2103238,0,-1,0,-1.192093E-07,0,0,0,2.5,-0.2103238,0,-1,0,-1.192093E-07,0,0,0,-0.2103238
1736099908027,-46.60942,1.599219,0.4634438,-0.9998124,0.01796364,0.007264316,0.04634857,0.008645654,-0.02374649,2.5,-0.2103238,0,-1,0,-1.192093E-07,0,0,0,2.5,-0.2103238,0,-1,0,-1.192093E-07,0,0,0,-0.2103238
1736099908032,-46.60942,1.599219,0.4634438,-0.9998124,0.01796364,0.007264316,0,0,0,2.5,-0.2103238,0,-1,0,-1.192093E-07,0,0,0,2.5,-0.2103238,0,-1,0,-1.192093E-07,0,0,0,-0.2103238
1736099908037,-46.60942,1.599219,0.4634438,-0.9998124,0.01796364,0.007264316,0,0,0,2.5,-0.2103238,0,-1,0,-1.192093E-07,0,0,0,2.5,-0.2103238,0,-1,0,-1.192093E-07,0,0,0,-0.2103238
1736099908054,-46.60889,1.599154,0.4633026,-0.9998191,0.01800703,0.006152868,0.03948212,-0.004935265,-0.01058578,2.5,-0.2103238,0,-1,0,-1.192093E-07,0,0,0,2.5,-0.2103238,0,-1,0,-1.192093E-07,0,0,0,-0.2103238
1736099908060,-46.60889,1.599154,0.4633026,-0.9998191,0.01800703,0.006152868,0,0,0,2.5,-0.2103238,0,-1,0,-1.192093E-07,0,0,0,2.5,-0.2103238,0,-1,0,-1.192093E-07,0,0,0,-0.2103238
1736099908083,-46.60839,1.599122,0.4630775,-0.9998416,0.01707428,0.005079269,0.0377655,-0.002342463,-0.01688004,2.5,-0.2103238,0,-1,0,-1.192093E-07,0,0,0,2.5,-0.2103238,0,-1,0,-1.192093E-07,0,0,0,-0.2103238
1736099908111,-46.60794,1.599081,0.4627686,-0.9998646,0.01608978,0.003527164,0.03404617,-0.0030756,-0.02317429,2.5,-0.2103238,0,-1,0,-1.192093E-07,0,0,0,2.5,-0.2103238,0,-1,0,-1.192093E-07,0,0,0,-0.2103238
1736099908117,-46.60794,1.599081,0.4627686,-0.9998646,0.01608978,0.003527164,0,0,0,2.5,-0.2103238,0,-1,0,-1.192093E-07,0,0,0,2.5,-0.2103238,0,-1,0,-1.192093E-07,0,0,0,-0.2103238
1736099908139,-46.60759,1.599017,0.4623604,-0.9998776,0.01549203,0.002338469,0.02603531,-0.004792213,-0.03061295,2.5,-0.2103238,0,-1,0,-1.192093E-07,0,0,0,2.5,-0.2103238,0,-1,0,-1.192093E-07,0,0,0,-0.2103238
1736099908144,-46.60759,1.599017,0.4623604,-0.9998776,0.01549203,0.002338469,0,0,0,2.5,-0.2103238,0,-1,0,-1.192093E-07,0,0,0,2.5,-0.2103238,0,-1,0,-1.192093E-07,0,0,0,-0.2103238
1736099908149,-46.60759,1.599017,0.4623604,-0.9998776,0.01549203,0.002338469,0,0,0,2.5,-0.2103238,0,-1,0,-1.192093E-07,0,0,0,2.5,-0.2103238,0,-1,0,-1.192093E-07,0,0,0,-0.2103238
1736099908168,-46.60741,1.59895,0.4620132,-0.9998801,0.0154473,0.001204312,0.01373291,-0.005042553,-0.02603531,2.5,-0.2103238,0,-1,0,-1.192093E-07,0,0,0,2.5,-0.2103238,0,-1,0,-1.192093E-07,0,0,0,-0.2103238
1736099908173,-46.60741,1.59895,0.4620132,-0.9998801,0.0154473,0.001204312,0,0,0,2.5,-0.2103238,0,-1,0,-1.192093E-07,0,0,0,2.5,-0.2103238,0,-1,0,-1.192093E-07,0,0,0,-0.2103238
1736099908196,-46.60729,1.598969,0.4616814,-0.9998766,0.01572988,-0.0001012087,0.008869171,0.001421571,-0.0248909,2.5,-0.2103238,0,-1,0,-1.192093E-07,0,0,0,2.5,-0.2103238,0,-1,0,-1.192093E-07,0,0,0,-0.2103238
1736099908201,-46.60729,1.598969,0.4616814,-0.9998766,0.01572988,-0.0001012087,0,0,0,2.5,-0.2103238,0,-1,0,-1.192093E-07,0,0,0,2.5,-0.2103238,0,-1,0,-1.192093E-07,0,0,0,-0.2103238
1736099908224,-46.60725,1.599009,0.4614143,-0.999887,0.01497989,-0.001197457,0.002574921,0.003004074,-0.02002716,2.5,-0.2103238,0,-1,0,-1.192093E-07,0,0,0,2.5,-0.2103238,0,-1,0,-1.192093E-07,0,0,0,-0.2103238
1736099908229,-46.60725,1.599009,0.4614143,-0.999887,0.01497989,-0.001197457,0,0,0,2.5,-0.2103238,0,-1,0,-1.192093E-07,0,0,0,2.5,-0.2103238,0,-1,0,-1.192093E-07,0,0,0,-0.2103238
1736099908253,-46.60731,1.598864,0.461174,-0.9999174,0.01268084,-0.002188444,-0.004005432,-0.01088083,-0.01802444,2.5,-0.2103238,0,-1,0,-1.192093E-07,0,0,0,2.5,-0.2103238,0,-1,0,-1.192093E-07,0,0,0,-0.2103238
1736099908258,-46.60731,1.598864,0.461174,-0.9999174,0.01268084,-0.002188444,0,0,0,2.5,-0.2103238,0,-1,0,-1.192093E-07,0,0,0,2.5,-0.2103238,0,-1,0,-1.192093E-07,0,0,0,-0.2103238
1736099908281,-46.60733,1.598551,0.4608879,-0.9999529,0.009319775,-0.002764583,-0.001716614,-0.02347827,-0.02145767,2.5,-0.2103238,0,-1,0,-1.192093E-07,0,0,0,2.5,-0.2103238,0,-1,0,-1.192093E-07,0,0,0,-0.2103238
1736099908286,-46.60733,1.598551,0.4608879,-0.9999529,0.009319775,-0.002764583,0,0,0,2.5,-0.2103238,0,-1,0,-1.192093E-07,0,0,0,2.5,-0.2103238,0,-1,0,-1.192093E-07,0,0,0,-0.2103238
1736099908310,-46.60745,1.598425,0.4606018,-0.9999509,0.009359572,-0.00333035,-0.008869171,-0.009459257,-0.02145767,2.5,-0.2103238,0,-1,0,-1.192093E-07,0,0,0,2.5,-0.2103238,0,-1,0,-1.192093E-07,0,0,0,-0.2103238
1736099908315,-46.60745,1.598425,0.4606018,-0.9999509,0.009359572,-0.00333035,0,0,0,2.5,-0.2103238,0,-1,0,-1.192093E-07,0,0,0,2.5,-0.2103238,0,-1,0,-1.192093E-07,0,0,0,-0.2103238
1736099908339,-46.6076,1.598387,0.4603195,-0.9999513,0.008775774,-0.004557014,-0.01115799,-0.002878904,-0.02117157,2.5,-0.2103238,0,-1,0,-1.192093E-07,0,0,0,2.5,-0.2103238,0,-1,0,-1.192093E-07,0,0,0,-0.2103238
1736099908344,-46.6076,1.598387,0.4603195,-0.9999513,0.008775774,-0.004557014,0,0,0,2.5,-0.2103238,0,-1,0,-1.192093E-07,0,0,0,2.5,-0.2103238,0,-1,0,-1.192093E-07,0,0,0,-0.2103238
1736099908368,-46.60772,1.598294,0.4601212,-0.9999655,0.006566249,-0.005130649,-0.008869171,-0.006955862,-0.01487732,2.5,-0.2103238,0,-1,0,-1.192093E-07,0,0,0,2.5,-0.2103238,0,-1,0,-1.192093E-07,0,0,0,-0.2103238
1736099908372,-46.60772,1.598294,0.4601212,-0.9999655,0.006566249,-0.005130649,0,0,0,2.5,-0.2103238,0,-1,0,-1.192093E-07,0,0,0,2.5,-0.2103238,0,-1,0,-1.192093E-07,0,0,0,-0.2103238
1736099908377,-46.60772,1.598294,0.4601212,-0.9999655,0.006566249,-0.005130649,0,0,0,2.5,-0.2103238,0,-1,0,-1.192093E-07,0,0,0,2.5,-0.2103238,0,-1,0,-1.192093E-07,0,0,0,-0.2103238
1736099908398,-46.60783,1.598218,0.4598846,-0.999968,0.005452842,-0.005869985,-0.008869171,-0.00565052,-0.01773834,2.5,-0.2103238,0,-1,0,-1.192093E-07,0,0,0,2.5,-0.2103238,0,-1,0,-1.192093E-07,0,0,0,-0.2103238
1736099908402,-46.60783,1.598218,0.4598846,-0.999968,0.005452842,-0.005869985,0,0,0,2.5,-0.2103238,0,-1,0,-1.192093E-07,0,0,0,2.5,-0.2103238,0,-1,0,-1.192093E-07,0,0,0,-0.2103238
1736099908426,-46.60791,1.598159,0.4595757,-0.9999663,0.005308855,-0.006293535,-0.005722046,-0.004470348,-0.02317429,2.5,-0.2103238,0,-1,0,-1.192093E-07,0,0,0,2.5,-0.2103238,0,-1,0,-1.192093E-07,0,0,0,-0.2103238
1736099908430,-46.60791,1.598159,0.4595757,-0.9999663,0.005308855,-0.006293535,0,0,0,2.5,-0.2103238,0,-1,0,-1.192093E-07,0,0,0,2.5,-0.2103238,0,-1,0,-1.192093E-07,0,0,0,-0.2103238
1736099908453,-46.60799,1.598102,0.4593315,-0.9999636,0.005280036,-0.006739497,-0.005722046,-0.004282594,-0.01831055,2.5,-0.2103238,0,-1,0,-1.192093E-07,0,0,0,2.5,-0.2103238,0,-1,0,-1.192093E-07,0,0,0,-0.2103238
1736099908458,-46.60799,1.598102,0.4593315,-0.9999636,0.005280036,-0.006739497,0,0,0,2.5,-0.2103238,0,-1,0,-1.192093E-07,0,0,0,2.5,-0.2103238,0,-1,0,-1.192093E-07,0,0,0,-0.2103238
1736099908482,-46.6081,1.598052,0.4591064,-0.9999614,0.004775848,-0.007416129,-0.008583069,-0.003728271,-0.01688004,2.5,-0.2103238,0,-1,0,-1.192093E-07,0,0,0,2.5,-0.2103238,0,-1,0,-1.192093E-07,0,0,0,-0.2103238
1736099908487,-46.6081,1.598052,0.4591064,-0.9999614,0.004775848,-0.007416129,0,0,0,2.5,-0.2103238,0,-1,0,-1.192093E-07,0,0,0,2.5,-0.2103238,0,-1,0,-1.192093E-07,0,0,0,-0.2103238
1736099908511,-46.60831,1.598043,0.4589119,-0.9999584,0.004426502,-0.008003592,-0.01573563,-0.0006437302,-0.01459122,2.5,-0.2103238,0,-1,0,-1.192093E-07,0,0,0,2.5,-0.2103238,0,-1,0,-1.192093E-07,0,0,0,-0.2103238
1736099908516,-46.60831,1.598043,0.4589119,-0.9999584,0.004426502,-0.008003592,0,0,0,2.5,-0.2103238,0,-1,0,-1.192093E-07,0,0,0,2.5,-0.2103238,0,-1,0,-1.192093E-07,0,0,0,-0.2103238
1736099908539,-46.60847,1.598059,0.4586716,-0.9999549,0.004284617,-0.008515716,-0.0120163,0.001144409,-0.01802444,2.5,-0.2103238,0,-1,0,-1.192093E-07,0,0,0,2.5,-0.2103238,0,-1,0,-1.192093E-07,0,0,0,-0.2103238
1736099908544,-46.60847,1.598059,0.4586716,-0.9999549,0.004284617,-0.008515716,0,0,0,2.5,-0.2103238,0,-1,0,-1.192093E-07,0,0,0,2.5,-0.2103238,0,-1,0,-1.192093E-07,0,0,0,-0.2103238
1736099908548,-46.60847,1.598059,0.4586716,-0.9999549,0.004284617,-0.008515716,0,0,0,2.5,-0.2103238,0,-1,0,-1.192093E-07,0,0,0,2.5,-0.2103238,0,-1,0,-1.192093E-07,0,0,0,-0.2103238
1736099908567,-46.60868,1.598096,0.4583664,-0.9999508,0.003972538,-0.009111166,-0.01573563,0.002789497,-0.02288818,2.5,-0.2103238,0,-1,0,-1.192093E-07,0,0,0,2.5,-0.2103238,0,-1,0,-1.192093E-07,0,0,0,-0.2103238
1736099908572,-46.60868,1.598096,0.4583664,-0.9999508,0.003972538,-0.009111166,0,0,0,2.5,-0.2103238,0,-1,0,-1.192093E-07,0,0,0,2.5,-0.2103238,0,-1,0,-1.192093E-07,0,0,0,-0.2103238
1736099908595,-46.60886,1.598075,0.4580994,-0.9999439,0.003867429,-0.009887099,-0.01316071,-0.001573563,-0.02002716,2.5,-0.2103238,0,-1,0,-1.192093E-07,0,0,0,2.5,-0.2103238,0,-1,0,-1.192093E-07,0,0,0,-0.2103238
1736099908599,-46.60886,1.598075,0.4580994,-0.9999439,0.003867429,-0.009887099,0,0,0,2.5,-0.2103238,0,-1,0,-1.192093E-07,0,0,0,2.5,-0.2103238,0,-1,0,-1.192093E-07,0,0,0,-0.2103238
1736099908622,-46.60885,1.598093,0.457859,-0.9999365,0.003972724,-0.01056671,0.0005722046,0.001341105,-0.01802444,2.5,-0.2103238,0,-1,0,-1.192093E-07,0,0,0,2.5,-0.2103238,0,-1,0,-1.192093E-07,0,0,0,-0.2103238
1736099908627,-46.60885,1.598093,0.457859,-0.9999365,0.003972724,-0.01056671,0,0,0,2.5,-0.2103238,0,-1,0,-1.192093E-07,0,0,0,2.5,-0.2103238,0,-1,0,-1.192093E-07,0,0,0,-0.2103238
1736099908650,-46.60896,1.598089,0.4576721,-0.9999261,0.004079022,-0.01145899,-0.008296967,-0.0003039837,-0.01401901,2.5,-0.2103238,0,-1,0,-1.192093E-07,0,0,0,2.5,-0.2103238,0,-1,0,-1.192093E-07,0,0,0,-0.2103238
1736099908654,-46.60896,1.598089,0.4576721,-0.9999261,0.004079022,-0.01145899,0,0,0,2.5,-0.2103238,0,-1,0,-1.192093E-07,0,0,0,2.5,-0.2103238,0,-1,0,-1.192093E-07,0,0,0,-0.2103238
1736099908678,-46.60917,1.598062,0.4574547,-0.9999251,0.003510363,-0.01174355,-0.01602173,-0.002020597,-0.01630783,2.5,-0.2103238,0,-1,0,-1.192093E-07,0,0,0,2.5,-0.2103238,0,-1,0,-1.192093E-07,0,0,0,-0.2103238
1736099908682,-46.60917,1.598062,0.4574547,-0.9999251,0.003510363,-0.01174355,0,0,0,2.5,-0.2103238,0,-1,0,-1.192093E-07,0,0,0,2.5,-0.2103238,0,-1,0,-1.192093E-07,0,0,0,-0.2103238
1736099908705,-46.60943,1.59808,0.4571838,-0.9999261,0.003624178,-0.01160312,-0.01916885,0.001332164,-0.02031326,2.5,-0.2103238,0,-1,0,-1.192093E-07,0,0,0,2.5,-0.2103238,0,-1,0,-1.192093E-07,0,0,0,-0.2103238
1736099908710,-46.60943,1.59808,0.4571838,-0.9999261,0.003624178,-0.01160312,0,0,0,2.5,-0.2103238,0,-1,0,-1.192093E-07,0,0,0,2.5,-0.2103238,0,-1,0,-1.192093E-07,0,0,0,-0.2103238
1736099908733,-46.60962,1.598093,0.4570541,-0.9999258,0.004283056,-0.01142228,-0.01430511,0.00102818,-0.009727478,2.5,-0.2103238,0,-1,0,-1.192093E-07,0,0,0,2.5,-0.2103238,0,-1,0,-1.192093E-07,0,0,0,-0.2103238
1736099908737,-46.60962,1.598093,0.4570541,-0.9999258,0.004283056,-0.01142228,0,0,0,2.5,-0.2103238,0,-1,0,-1.192093E-07,0,0,0,2.5,-0.2103238,0,-1,0,-1.192093E-07,0,0,0,-0.2103238
1736099908761,-46.60976,1.598027,0.4570007,-0.9999236,0.003953014,-0.01173639,-0.01029968,-0.004971027,-0.004005432,2.5,-0.2103238,0,-1,0,-1.192093E-07,0,0,0,2.5,-0.2103238,0,-1,0,-1.192093E-07,0,0,0,-0.2103238
1736099908765,-46.60976,1.598027,0.4570007,-0.9999236,0.003953014,-0.01173639,0,0,0,2.5,-0.2103238,0,-1,0,-1.192093E-07,0,0,0,2.5,-0.2103238,0,-1,0,-1.192093E-07,0,0,0,-0.2103238
1736099908789,-46.60989,1.597913,0.4569283,-0.9999233,0.00256234,-0.01213467,-0.009727478,-0.008547306,-0.005435944,2.5,-0.2103238,0,-1,0,-1.192093E-07,0,0,0,2.5,-0.2103238,0,-1,0,-1.192093E-07,0,0,0,-0.2103238
1736099908793,-46.60989,1.597913,0.4569283,-0.9999233,0.00256234,-0.01213467,0,0,0,2.5,-0.2103238,0,-1,0,-1.192093E-07,0,0,0,2.5,-0.2103238,0,-1,0,-1.192093E-07,0,0,0,-0.2103238
1736099908817,-46.61003,1.59784,0.4568787,-0.9999201,0.001890194,-0.01251471,-0.01087189,-0.005471706,-0.00371933,2.5,-0.2103238,0,-1,0,-1.192093E-07,0,0,0,2.5,-0.2103238,0,-1,0,-1.192093E-07,0,0,0,-0.2103238
1736099908822,-46.61003,1.59784,0.4568787,-0.9999201,0.001890194,-0.01251471,0,0,0,2.5,-0.2103238,0,-1,0,-1.192093E-07,0,0,0,2.5,-0.2103238,0,-1,0,-1.192093E-07,0,0,0,-0.2103238
1736099908845,-46.6102,1.597799,0.4568596,-0.9999167,0.0017033,-0.01279974,-0.0125885,-0.003102422,-0.001430511,2.5,-0.2103238,0,-1,0,-1.192093E-07,0,0,0,2.5,-0.2103238,0,-1,0,-1.192093E-07,0,0,0,-0.2103238
1736099908853,-46.6102,1.597799,0.4568596,-0.9999167,0.0017033,-0.01279974,0,0,0,2.5,-0.2103238,0,-1,0,-1.192093E-07,0,0,0,2.5,-0.2103238,0,-1,0,-1.192093E-07,0,0,0,-0.2103238
1736099908857,-46.6102,1.597799,0.4568596,-0.9999167,0.0017033,-0.01279974,0,0,0,2.5,-0.2103238,0,-1,0,-1.192093E-07,0,0,0,2.5,-0.2103238,0,-1,0,-1.192093E-07,0,0,0,-0.2103238
1736099908873,-46.61044,1.59779,0.4569244,-0.9999119,0.0015647,-0.01319969,-0.01773834,-0.000679493,0.004863739,2.5,-0.2103238,0,-1,0,-1.192093E-07,0,0,0,2.5,-0.2103238,0,-1,0,-1.192093E-07,0,0,0,-0.2103238
1736099908877,-46.61044,1.59779,0.4569244,-0.9999119,0.0015647,-0.01319969,0,0,0,2.5,-0.2103238,0,-1,0,-1.192093E-07,0,0,0,2.5,-0.2103238,0,-1,0,-1.192093E-07,0,0,0,-0.2103238
1736099908900,-46.61064,1.597796,0.4570198,-0.9999112,0.001385279,-0.01327741,-0.01544952,0.0004738569,0.007152557,2.5,-0.2103238,0,-1,0,-1.192093E-07,0,0,0,2.5,-0.2103238,0,-1,0,-1.192093E-07,0,0,0,-0.2103238
1736099908905,-46.61064,1.597796,0.4570198,-0.9999112,0.001385279,-0.01327741,0,0,0,2.5,-0.2103238,0,-1,0,-1.192093E-07,0,0,0,2.5,-0.2103238,0,-1,0,-1.192093E-07,0,0,0,-0.2103238
1736099908939,-46.61084,1.597756,0.4571953,-0.999916,0.0008186661,-0.01294577,-0.01487732,-0.002977252,0.01316071,2.5,-0.2103238,0,-1,0,-1.192093E-07,0,0,0,2.5,-0.2103238,0,-1,0,-1.192093E-07,0,0,0,-0.2103238
1736099908944,-46.61084,1.597756,0.4571953,-0.999916,0.0008186661,-0.01294577,0,0,0,2.5,-0.2103238,0,-1,0,-1.192093E-07,0,0,0,2.5,-0.2103238,0,-1,0,-1.192093E-07,0,0,0,-0.2103238
1736099908979,-46.61116,1.597592,0.4575005,-0.9999246,-0.0002440773,-0.01229203,-0.02374649,-0.01232922,0.02288818,2.5,-0.2103238,0,-1,0,-1.192093E-07,0,0,0,2.5,-0.2103238,0,-1,0,-1.192093E-07,0,0,0,-0.2103238
1736099908983,-46.61116,1.597592,0.4575005,-0.9999246,-0.0002440773,-0.01229203,0,0,0,2.5,-0.2103238,0,-1,0,-1.192093E-07,0,0,0,2.5,-0.2103238,0,-1,0,-1.192093E-07,0,0,0,-0.2103238
1736099908987,-46.61116,1.597592,0.4575005,-0.9999246,-0.0002440773,-0.01229203,0,0,0,2.5,-0.2103238,0,-1,0,-1.192093E-07,0,0,0,2.5,-0.2103238,0,-1,0,-1.192093E-07,0,0,0,-0.2103238
1736099909008,-46.61139,1.597455,0.4578362,-0.9999281,-0.001561463,-0.01190162,-0.01745224,-0.0102818,0.025177,2.5,-0.2103238,0,-1,0,-1.192093E-07,0,0,0,2.5,-0.2103238,0,-1,0,-1.192093E-07,0,0,0,-0.2103238
1736099909013,-46.61139,1.597455,0.4578362,-0.9999281,-0.001561463,-0.01190162,0,0,0,2.5,-0.2103238,0,-1,0,-1.192093E-07,0,0,0,2.5,-0.2103238,0,-1,0,-1.192093E-07,0,0,0,-0.2103238
1736099909017,-46.61139,1.597455,0.4578362,-0.9999281,-0.001561463,-0.01190162,0,0,0,2.5,-0.2103238,0,-1,0,-1.192093E-07,0,0,0,2.5,-0.2103238,0,-1,0,-1.192093E-07,0,0,0,-0.2103238
1736099909036,-46.61147,1.597417,0.4580917,-0.9999273,-0.002273981,-0.01185405,-0.00629425,-0.002869964,0.01916885,2.5,-0.2103238,0,-1,0,-1.192093E-07,0,0,0,2.5,-0.2103238,0,-1,0,-1.192093E-07,0,0,0,-0.2103238
1736099909041,-46.61147,1.597417,0.4580917,-0.9999273,-0.002273981,-0.01185405,0,0,0,2.5,-0.2103238,0,-1,0,-1.192093E-07,0,0,0,2.5,-0.2103238,0,-1,0,-1.192093E-07,0,0,0,-0.2103238
1736099909076,-46.61158,1.597389,0.4583511,-0.9999225,-0.002332069,-0.0122385,-0.008010864,-0.002074242,0.01945496,2.5,-0.2103238,0,-1,0,-1.192093E-07,0,0,0,2.5,-0.2103238,0,-1,0,-1.192093E-07,0,0,0,-0.2103238
1736099909080,-46.61158,1.597389,0.4583511,-0.9999225,-0.002332069,-0.0122385,0,0,0,2.5,-0.2103238,0,-1,0,-1.192093E-07,0,0,0,2.5,-0.2103238,0,-1,0,-1.192093E-07,0,0,0,-0.2103238
1736099909104,-46.61187,1.597313,0.4586868,-0.9999163,-0.003160819,-0.01256609,-0.02174377,-0.005677342,0.025177,2.5,-0.2103238,0,-1,0,-1.192093E-07,0,0,0,2.5,-0.2103238,0,-1,0,-1.192093E-07,0,0,0,-0.2103238
1736099909110,-46.61187,1.597313,0.4586868,-0.9999163,-0.003160819,-0.01256609,0,0,0,2.5,-0.2103238,0,-1,0,-1.192093E-07,0,0,0,2.5,-0.2103238,0,-1,0,-1.192093E-07,0,0,0,-0.2103238
1736099909115,-46.61187,1.597313,0.4586868,-0.9999163,-0.003160819,-0.01256609,0,0,0,2.5,-0.2103238,0,-1,0,-1.192093E-07,0,0,0,2.5,-0.2103238,0,-1,0,-1.192093E-07,0,0,0,-0.2103238
1736099909133,-46.61185,1.597254,0.4588699,-0.9999126,-0.003094673,-0.01285291,0.001716614,-0.004470348,0.01373291,2.5,-0.2103238,0,-1,0,-1.192093E-07,0,0,0,2.5,-0.2103238,0,-1,0,-1.192093E-07,0,0,0,-0.2103238
1736099909139,-46.61185,1.597254,0.4588699,-0.9999126,-0.003094673,-0.01285291,0,0,0,2.5,-0.2103238,0,-1,0,-1.192093E-07,0,0,0,2.5,-0.2103238,0,-1,0,-1.192093E-07,0,0,0,-0.2103238
1736099909143,-46.61185,1.597254,0.4588699,-0.9999126,-0.003094673,-0.01285291,0,0,0,2.5,-0.2103238,0,-1,0,-1.192093E-07,0,0,0,2.5,-0.2103238,0,-1,0,-1.192093E-07,0,0,0,-0.2103238
1736099909160,-46.61185,1.597251,0.4591408,-0.9999067,-0.002708431,-0.01340842,0,-0.0001788139,0.02031326,2.5,-0.2103238,0,-1,0,-1.192093E-07,0,0,0,2.5,-0.2103238,0,-1,0,-1.192093E-07,0,0,0,-0.2103238
1736099909165,-46.61185,1.597251,0.4591408,-0.9999067,-0.002708431,-0.01340842,0,0,0,2.5,-0.2103238,0,-1,0,-1.192093E-07,0,0,0,2.5,-0.2103238,0,-1,0,-1.192093E-07,0,0,0,-0.2103238
1736099909188,-46.61189,1.597229,0.4593277,-0.9998995,-0.002722476,-0.01393628,-0.002861023,-0.001627207,0.01401901,2.5,-0.2103238,0,-1,0,-1.192093E-07,0,0,0,2.5,-0.2103238,0,-1,0,-1.192093E-07,0,0,0,-0.2103238
1736099909216,-46.61187,1.597194,0.459465,-0.9998839,-0.00336469,-0.01487565,0.001144409,-0.002655387,0.01029968,2.5,-0.2103238,0,-1,0,-1.192093E-07,0,0,0,2.5,-0.2103238,0,-1,0,-1.192093E-07,0,0,0,-0.2103238
1736099909221,-46.61187,1.597194,0.459465,-0.9998839,-0.00336469,-0.01487565,0,0,0,2.5,-0.2103238,0,-1,0,-1.192093E-07,0,0,0,2.5,-0.2103238,0,-1,0,-1.192093E-07,0,0,0,-0.2103238
1736099909244,-46.61182,1.597237,0.4596138,-0.9998752,-0.003611185,-0.01539326,0.00371933,0.00320971,0.01115799,2.5,-0.2103238,0,-1,0,-1.192093E-07,0,0,0,2.5,-0.2103238,0,-1,0,-1.192093E-07,0,0,0,-0.2103238
1736099909249,-46.61182,1.597237,0.4596138,-0.9998752,-0.003611185,-0.01539326,0,0,0,2.5,-0.2103238,0,-1,0,-1.192093E-07,0,0,0,2.5,-0.2103238,0,-1,0,-1.192093E-07,0,0,0,-0.2103238
1736099909272,-46.61176,1.597312,0.4598923,-0.999868,-0.002868731,-0.01600039,0.004863739,0.005632639,0.02088547,2.5,-0.2103238,0,-1,0,-1.192093E-07,0,0,0,2.5,-0.2103238,0,-1,0,-1.192093E-07,0,0,0,-0.2103238
1736099909277,-46.61176,1.597312,0.4598923,-0.999868,-0.002868731,-0.01600039,0,0,0,2.5,-0.2103238,0,-1,0,-1.192093E-07,0,0,0,2.5,-0.2103238,0,-1,0,-1.192093E-07,0,0,0,-0.2103238
1736099909301,-46.61162,1.597401,0.4602089,-0.9998651,-0.002680268,-0.01622355,0.01029968,0.0066787,0.02374649,2.5,-0.2103238,0,-1,0,-1.192093E-07,0,0,0,2.5,-0.2103238,0,-1,0,-1.192093E-07,0,0,0,-0.2103238
1736099909305,-46.61162,1.597401,0.4602089,-0.9998651,-0.002680268,-0.01622355,0,0,0,2.5,-0.2103238,0,-1,0,-1.192093E-07,0,0,0,2.5,-0.2103238,0,-1,0,-1.192093E-07,0,0,0,-0.2103238
1736099909310,-46.61162,1.597401,0.4602089,-0.9998651,-0.002680268,-0.01622355,0,0,0,2.5,-0.2103238,0,-1,0,-1.192093E-07,0,0,0,2.5,-0.2103238,0,-1,0,-1.192093E-07,0,0,0,-0.2103238
1736099909330,-46.61141,1.597519,0.4604797,-0.9998705,-0.00175409,-0.01602054,0.01544952,0.008842349,0.02031326,2.5,-0.2103238,0,-1,0,-1.192093E-07,0,0,0,2.5,-0.2103238,0,-1,0,-1.192093E-07,0,0,0,-0.2103238
1736099909334,-46.61141,1.597519,0.4604797,-0.9998705,-0.00175409,-0.01602054,0,0,0,2.5,-0.2103238,0,-1,0,-1.192093E-07,0,0,0,2.5,-0.2103238,0,-1,0,-1.192093E-07,0,0,0,-0.2103238
1736099909358,-46.61119,1.597531,0.4607353,-0.9998724,-0.002012726,-0.01585329,0.01659393,0.0009298325,0.01916885,2.5,-0.2103238,0,-1,0,-1.192093E-07,0,0,0,2.5,-0.2103238,0,-1,0,-1.192093E-07,0,0,0,-0.2103238
1736099909362,-46.61119,1.597531,0.4607353,-0.9998724,-0.002012726,-0.01585329,0,0,0,2.5,-0.2103238,0,-1,0,-1.192093E-07,0,0,0,2.5,-0.2103238,0,-1,0,-1.192093E-07,0,0,0,-0.2103238
1736099909385,-46.61095,1.597602,0.4610634,-0.9998779,-0.0006516986,-0.01562309,0.01831055,0.005337596,0.0246048,2.5,-0.2103238,0,-1,0,-1.192093E-07,0,0,0,2.5,-0.2103238,0,-1,0,-1.192093E-07,0,0,0,-0.2103238
1736099909390,-46.61095,1.597602,0.4610634,-0.9998779,-0.0006516986,-0.01562309,0,0,0,2.5,-0.2103238,0,-1,0,-1.192093E-07,0,0,0,2.5,-0.2103238,0,-1,0,-1.192093E-07,0,0,0,-0.2103238
1736099909414,-46.61071,1.597654,0.46138,-0.9998816,-0.0001485907,-0.01539099,0.01745224,0.003835559,0.02374649,2.5,-0.2103238,0,-1,0,-1.192093E-07,0,0,0,2.5,-0.2103238,0,-1,0,-1.192093E-07,0,0,0,-0.2103238
1736099909418,-46.61071,1.597654,0.46138,-0.9998816,-0.0001485907,-0.01539099,0,0,0,2.5,-0.2103238,0,-1,0,-1.192093E-07,0,0,0,2.5,-0.2103238,0,-1,0,-1.192093E-07,0,0,0,-0.2103238
1736099909441,-46.61046,1.597672,0.461731,-0.9998971,-0.0005618334,-0.01434505,0.01916885,0.001358986,0.02632141,2.5,-0.2103238,0,-1,0,-1.192093E-07,0,0,0,2.5,-0.2103238,0,-1,0,-1.192093E-07,0,0,0,-0.2103238
1736099909447,-46.61046,1.597672,0.461731,-0.9998971,-0.0005618334,-0.01434505,0,0,0,2.5,-0.2103238,0,-1,0,-1.192093E-07,0,0,0,2.5,-0.2103238,0,-1,0,-1.192093E-07,0,0,0,-0.2103238
1736099909469,-46.61028,1.597543,0.4620667,-0.9999018,-0.001148809,-0.01397133,0.01316071,-0.00962019,0.025177,2.5,-0.2103238,0,-1,0,-1.192093E-07,0,0,0,2.5,-0.2103238,0,-1,0,-1.192093E-07,0,0,0,-0.2103238
1736099909475,-46.61028,1.597543,0.4620667,-0.9999018,-0.001148809,-0.01397133,0,0,0,2.5,-0.2103238,0,-1,0,-1.192093E-07,0,0,0,2.5,-0.2103238,0,-1,0,-1.192093E-07,0,0,0,-0.2103238
1736099909497,-46.61024,1.597399,0.4622879,-0.9999128,-0.001991387,-0.01306784,0.002861023,-0.01082718,0.01659393,2.5,-0.2103238,0,-1,0,-1.192093E-07,0,0,0,2.5,-0.2103238,0,-1,0,-1.192093E-07,0,0,0,-0.2103238
1736099909502,-46.61024,1.597399,0.4622879,-0.9999128,-0.001991387,-0.01306784,0,0,0,2.5,-0.2103238,0,-1,0,-1.192093E-07,0,0,0,2.5,-0.2103238,0,-1,0,-1.192093E-07,0,0,0,-0.2103238
1736099909506,-46.61024,1.597399,0.4622879,-0.9999128,-0.001991387,-0.01306784,0,0,0,2.5,-0.2103238,0,-1,0,-1.192093E-07,0,0,0,2.5,-0.2103238,0,-1,0,-1.192093E-07,0,0,0,-0.2103238
1736099909526,-46.61014,1.597339,0.4625587,-0.9999221,-0.002220206,-0.01230264,0.008010864,-0.00449717,0.02031326,2.5,-0.2103238,0,-1,0,-1.192093E-07,0,0,0,2.5,-0.2103238,0,-1,0,-1.192093E-07,0,0,0,-0.2103238
1736099909530,-46.61014,1.597339,0.4625587,-0.9999221,-0.002220206,-0.01230264,0,0,0,2.5,-0.2103238,0,-1,0,-1.192093E-07,0,0,0,2.5,-0.2103238,0,-1,0,-1.192093E-07,0,0,0,-0.2103238
1736099909553,-46.61,1.597435,0.4627266,-0.9999284,-0.001251832,-0.0119133,0.01029968,0.007179379,0.0125885,2.5,-0.2103238,0,-1,0,-1.192093E-07,0,0,0,2.5,-0.2103238,0,-1,0,-1.192093E-07,0,0,0,-0.2103238
1736099909559,-46.61,1.597435,0.4627266,-0.9999284,-0.001251832,-0.0119133,0,0,0,2.5,-0.2103238,0,-1,0,-1.192093E-07,0,0,0,2.5,-0.2103238,0,-1,0,-1.192093E-07,0,0,0,-0.2103238
1736099909582,-46.60986,1.597569,0.4628983,-0.9999273,-0.0007972904,-0.01204109,0.01029968,0.01006722,0.0128746,2.5,-0.2103238,0,-1,0,-1.192093E-07,0,0,0,2.5,-0.2103238,0,-1,0,-1.192093E-07,0,0,0,-0.2103238
1736099909588,-46.60986,1.597569,0.4628983,-0.9999273,-0.0007972904,-0.01204109,0,0,0,2.5,-0.2103238,0,-1,0,-1.192093E-07,0,0,0,2.5,-0.2103238,0,-1,0,-1.192093E-07,0,0,0,-0.2103238
1736099909610,-46.60971,1.597576,0.463047,-0.9999282,-0.0005289875,-0.0119791,0.01144409,0.0005543232,0.01115799,2.5,-0.2103238,0,-1,0,-1.192093E-07,0,0,0,2.5,-0.2103238,0,-1,0,-1.192093E-07,0,0,0,-0.2103238
1736099909614,-46.60971,1.597576,0.463047,-0.9999282,-0.0005289875,-0.0119791,0,0,0,2.5,-0.2103238,0,-1,0,-1.192093E-07,0,0,0,2.5,-0.2103238,0,-1,0,-1.192093E-07,0,0,0,-0.2103238
1736099909638,-46.6095,1.59752,0.4631958,-0.9999265,-0.0007481314,-0.01213133,0.01602173,-0.004211068,0.01115799,2.5,-0.2103238,0,-1,0,-1.192093E-07,0,0,0,2.5,-0.2103238,0,-1,0,-1.192093E-07,0,0,0,-0.2103238
1736099909642,-46.6095,1.59752,0.4631958,-0.9999265,-0.0007481314,-0.01213133,0,0,0,2.5,-0.2103238,0,-1,0,-1.192093E-07,0,0,0,2.5,-0.2103238,0,-1,0,-1.192093E-07,0,0,0,-0.2103238
1736099909666,-46.60929,1.597545,0.4633713,-0.9999304,-0.0004665516,-0.01180482,0.01573563,0.001859665,0.01316071,2.5,-0.2103238,0,-1,0,-1.192093E-07,0,0,0,2.5,-0.2103238,0,-1,0,-1.192093E-07,0,0,0,-0.2103238
1736099909671,-46.60929,1.597545,0.4633713,-0.9999304,-0.0004665516,-0.01180482,0,0,0,2.5,-0.2103238,0,-1,0,-1.192093E-07,0,0,0,2.5,-0.2103238,0,-1,0,-1.192093E-07,0,0,0,-0.2103238
1736099909694,-46.60909,1.597672,0.4635735,-0.9999406,0.0003699847,-0.01091051,0.01516342,0.009539723,0.01516342,2.5,-0.2103238,0,-1,0,-1.192093E-07,0,0,0,2.5,-0.2103238,0,-1,0,-1.192093E-07,0,0,0,-0.2103238
1736099909698,-46.60909,1.597672,0.4635735,-0.9999406,0.0003699847,-0.01091051,0,0,0,2.5,-0.2103238,0,-1,0,-1.192093E-07,0,0,0,2.5,-0.2103238,0,-1,0,-1.192093E-07,0,0,0,-0.2103238
1736099909722,-46.60889,1.597753,0.4637108,-0.9999446,0.00101012,-0.010499,0.01487732,0.00602603,0.01029968,2.5,-0.2103238,0,-1,0,-1.192093E-07,0,0,0,2.5,-0.2103238,0,-1,0,-1.192093E-07,0,0,0,-0.2103238
1736099909726,-46.60889,1.597753,0.4637108,-0.9999446,0.00101012,-0.010499,0,0,0,2.5,-0.2103238,0,-1,0,-1.192093E-07,0,0,0,2.5,-0.2103238,0,-1,0,-1.192093E-07,0,0,0,-0.2103238
1736099909750,-46.60869,1.59776,0.4637527,-0.9999489,0.001174401,-0.01007414,0.01487732,0.0005185604,0.003147125,2.5,-0.2103238,0,-1,0,-1.192093E-07,0,0,0,2.5,-0.2103238,0,-1,0,-1.192093E-07,0,0,0,-0.2103238
1736099909755,-46.60869,1.59776,0.4637527,-0.9999489,0.001174401,-0.01007414,0,0,0,2.5,-0.2103238,0,-1,0,-1.192093E-07,0,0,0,2.5,-0.2103238,0,-1,0,-1.192093E-07,0,0,0,-0.2103238
1736099909777,-46.60847,1.597764,0.4637375,-0.9999501,0.001327973,-0.009907484,0.01659393,0.0003665686,-0.001144409,2.5,-0.2103238,0,-1,0,-1.192093E-07,0,0,0,2.5,-0.2103238,0,-1,0,-1.192093E-07,0,0,0,-0.2103238
1736099909782,-46.60847,1.597764,0.4637375,-0.9999501,0.001327973,-0.009907484,0,0,0,2.5,-0.2103238,0,-1,0,-1.192093E-07,0,0,0,2.5,-0.2103238,0,-1,0,-1.192093E-07,0,0,0,-0.2103238
1736099909805,-46.60826,1.597759,0.4637222,-0.9999516,0.001615927,-0.009739876,0.01544952,-0.000411272,-0.001144409,2.5,-0.2103238,0,-1,0,-1.192093E-07,0,0,0,2.5,-0.2103238,0,-1,0,-1.192093E-07,0,0,0,-0.2103238
1736099909810,-46.60826,1.597759,0.4637222,-0.9999516,0.001615927,-0.009739876,0,0,0,2.5,-0.2103238,0,-1,0,-1.192093E-07,0,0,0,2.5,-0.2103238,0,-1,0,-1.192093E-07,0,0,0,-0.2103238
1736099909833,-46.60802,1.597798,0.4636841,-0.9999464,0.002097663,-0.01017559,0.01773834,0.002896786,-0.002861023,2.5,-0.2103238,0,-1,0,-1.192093E-07,0,0,0,2.5,-0.2103238,0,-1,0,-1.192093E-07,0,0,0,-0.2103238
1736099909838,-46.60802,1.597798,0.4636841,-0.9999464,0.002097663,-0.01017559,0,0,0,2.5,-0.2103238,0,-1,0,-1.192093E-07,0,0,0,2.5,-0.2103238,0,-1,0,-1.192093E-07,0,0,0,-0.2103238
1736099909842,-46.60802,1.597798,0.4636841,-0.9999464,0.002097663,-0.01017559,0,0,0,2.5,-0.2103238,0,-1,0,-1.192093E-07,0,0,0,2.5,-0.2103238,0,-1,0,-1.192093E-07,0,0,0,-0.2103238
1736099909861,-46.60785,1.597896,0.4635696,-0.999939,0.002896201,-0.01067734,0.01344681,0.007385015,-0.008583069,2.5,-0.2103238,0,-1,0,-1.192093E-07,0,0,0,2.5,-0.2103238,0,-1,0,-1.192093E-07,0,0,0,-0.2103238
1736099909865,-46.60785,1.597896,0.4635696,-0.999939,0.002896201,-0.01067734,0,0,0,2.5,-0.2103238,0,-1,0,-1.192093E-07,0,0,0,2.5,-0.2103238,0,-1,0,-1.192093E-07,0,0,0,-0.2103238
1736099909889,-46.60765,1.597907,0.4634056,-0.9999335,0.002983328,-0.0111593,0.01459122,0.0008136034,-0.0123024,2.5,-0.2103238,0,-1,0,-1.192093E-07,0,0,0,2.5,-0.2103238,0,-1,0,-1.192093E-07,0,0,0,-0.2103238
1736099909893,-46.60765,1.597907,0.4634056,-0.9999335,0.002983328,-0.0111593,0,0,0,2.5,-0.2103238,0,-1,0,-1.192093E-07,0,0,0,2.5,-0.2103238,0,-1,0,-1.192093E-07,0,0,0,-0.2103238
1736099909916,-46.60743,1.597919,0.4632454,-0.9999241,0.003388017,-0.01186967,0.01688004,0.0008940697,-0.0120163,2.5,-0.2103238,0,-1,0,-1.192093E-07,0,0,0,2.5,-0.2103238,0,-1,0,-1.192093E-07,0,0,0,-0.2103238
1736099909921,-46.60743,1.597919,0.4632454,-0.9999241,0.003388017,-0.01186967,0,0,0,2.5,-0.2103238,0,-1,0,-1.192093E-07,0,0,0,2.5,-0.2103238,0,-1,0,-1.192093E-07,0,0,0,-0.2103238
1736099909944,-46.60719,1.597983,0.4631386,-0.9999177,0.003895815,-0.01224637,0.01802444,0.004774332,-0.008010864,2.5,-0.2103238,0,-1,0,-1.192093E-07,0,0,0,2.5,-0.2103238,0,-1,0,-1.192093E-07,0,0,0,-0.2103238
1736099909949,-46.60719,1.597983,0.4631386,-0.9999177,0.003895815,-0.01224637,0,0,0,2.5,-0.2103238,0,-1,0,-1.192093E-07,0,0,0,2.5,-0.2103238,0,-1,0,-1.192093E-07,0,0,0,-0.2103238
1736099909972,-46.60703,1.598068,0.4631081,-0.9999132,0.003980052,-0.01258445,0.01173019,0.006446242,-0.002288818,2.5,-0.2103238,0,-1,0,-1.192093E-07,0,0,0,2.5,-0.2103238,0,-1,0,-1.192093E-07,0,0,0,-0.2103238
1736099909976,-46.60703,1.598068,0.4631081,-0.9999132,0.003980052,-0.01258445,0,0,0,2.5,-0.2103238,0,-1,0,-1.192093E-07,0,0,0,2.5,-0.2103238,0,-1,0,-1.192093E-07,0,0,0,-0.2103238
1736099910000,-46.60689,1.598102,0.4630966,-0.9999054,0.004522521,-0.01299787,0.01058578,0.002494454,-0.0008583069,2.5,-0.2103238,0,-1,0,-1.192093E-07,0,0,0,2.5,-0.2103238,0,-1,0,-1.192093E-07,0,0,0,-0.2103238
1736099910004,-46.60689,1.598102,0.4630966,-0.9999054,0.004522521,-0.01299787,0,0,0,2.5,-0.2103238,0,-1,0,-1.192093E-07,0,0,0,2.5,-0.2103238,0,-1,0,-1.192093E-07,0,0,0,-0.2103238
1736099910028,-46.60682,1.598058,0.4629288,-0.9999042,0.004623935,-0.0130583,0.005149841,-0.003254414,-0.0125885,2.5,-0.2103238,0,-1,0,-1.192093E-07,0,0,0,2.5,-0.2103238,0,-1,0,-1.192093E-07,0,0,0,-0.2103238
1736099910032,-46.60682,1.598058,0.4629288,-0.9999042,0.004623935,-0.0130583,0,0,0,2.5,-0.2103238,0,-1,0,-1.192093E-07,0,0,0,2.5,-0.2103238,0,-1,0,-1.192093E-07,0,0,0,-0.2103238
1736099910055,-46.60672,1.59804,0.4629326,-0.9999094,0.004362591,-0.01274312,0.007152557,-0.001394749,0.0002861023,2.5,-0.2103238,0,-1,0,-1.192093E-07,0,0,0,2.5,-0.2103238,0,-1,0,-1.192093E-07,0,0,0,-0.2103238
1736099910060,-46.60672,1.59804,0.4629326,-0.9999094,0.004362591,-0.01274312,0,0,0,2.5,-0.2103238,0,-1,0,-1.192093E-07,0,0,0,2.5,-0.2103238,0,-1,0,-1.192093E-07,0,0,0,-0.2103238
1736099910083,-46.60664,1.598041,0.4630089,-0.999914,0.004224457,-0.01243734,0.00629425,6.258488E-05,0.005722046,2.5,-0.2103238,0,-1,0,-1.192093E-07,0,0,0,2.5,-0.2103238,0,-1,0,-1.192093E-07,0,0,0,-0.2103238
1736099910087,-46.60664,1.598041,0.4630089,-0.999914,0.004224457,-0.01243734,0,0,0,2.5,-0.2103238,0,-1,0,-1.192093E-07,0,0,0,2.5,-0.2103238,0,-1,0,-1.192093E-07,0,0,0,-0.2103238
1736099910092,-46.60664,1.598041,0.4630089,-0.999914,0.004224457,-0.01243734,0,0,0,2.5,-0.2103238,0,-1,0,-1.192093E-07,0,0,0,2.5,-0.2103238,0,-1,0,-1.192093E-07,0,0,0,-0.2103238
1736099910111,-46.60655,1.598047,0.4630356,-0.9999124,0.00452584,-0.01245558,0.006580353,0.0005096197,0.002002716,2.5,-0.2103238,0,-1,0,-1.192093E-07,0,0,0,2.5,-0.2103238,0,-1,0,-1.192093E-07,0,0,0,-0.2103238
1736099910117,-46.60655,1.598047,0.4630356,-0.9999124,0.00452584,-0.01245558,0,0,0,2.5,-0.2103238,0,-1,0,-1.192093E-07,0,0,0,2.5,-0.2103238,0,-1,0,-1.192093E-07,0,0,0,-0.2103238
1736099910138,-46.60651,1.598078,0.4629745,-0.9999096,0.005029291,-0.01248777,0.002861023,0.00231564,-0.004577637,2.5,-0.2103238,0,-1,0,-1.192093E-07,0,0,0,2.5,-0.2103238,0,-1,0,-1.192093E-07,0,0,0,-0.2103238
1736099910165,-46.60662,1.598079,0.4627914,-0.9999079,0.005194981,-0.01254451,-0.008010864,7.152557E-05,-0.01373291,2.5,-0.2103238,0,-1,0,-1.192093E-07,0,0,0,2.5,-0.2103238,0,-1,0,-1.192093E-07,0,0,0,-0.2103238
1736099910169,-46.60662,1.598079,0.4627914,-0.9999079,0.005194981,-0.01254451,0,0,0,2.5,-0.2103238,0,-1,0,-1.192093E-07,0,0,0,2.5,-0.2103238,0,-1,0,-1.192093E-07,0,0,0,-0.2103238
1736099910193,-46.60662,1.598066,0.4627342,-0.999915,0.004974525,-0.01206684,0,-0.0009655952,-0.004291534,2.5,-0.2103238,0,-1,0,-1.192093E-07,0,0,0,2.5,-0.2103238,0,-1,0,-1.192093E-07,0,0,0,-0.2103238
1736099910198,-46.60662,1.598066,0.4627342,-0.999915,0.004974525,-0.01206684,0,0,0,2.5,-0.2103238,0,-1,0,-1.192093E-07,0,0,0,2.5,-0.2103238,0,-1,0,-1.192093E-07,0,0,0,-0.2103238
1736099910222,-46.60671,1.598129,0.4629135,-0.9999216,0.005009074,-0.01149738,-0.006866455,0.004720688,0.01344681,2.5,-0.2103238,0,-1,0,-1.192093E-07,0,0,0,2.5,-0.2103238,0,-1,0,-1.192093E-07,0,0,0,-0.2103238
1736099910226,-46.60671,1.598129,0.4629135,-0.9999216,0.005009074,-0.01149738,0,0,0,2.5,-0.2103238,0,-1,0,-1.192093E-07,0,0,0,2.5,-0.2103238,0,-1,0,-1.192093E-07,0,0,0,-0.2103238
1736099910230,-46.60671,1.598129,0.4629135,-0.9999216,0.005009074,-0.01149738,0,0,0,2.5,-0.2103238,0,-1,0,-1.192093E-07,0,0,0,2.5,-0.2103238,0,-1,0,-1.192093E-07,0,0,0,-0.2103238
1736099910249,-46.60678,1.598129,0.4629288,-0.9999291,0.004606783,-0.01098907,-0.005149841,0,0.001144409,2.5,-0.2103238,0,-1,0,-1.192093E-07,0,0,0,2.5,-0.2103238,0,-1,0,-1.192093E-07,0,0,0,-0.2103238
1736099910254,-46.60678,1.598129,0.4629288,-0.9999291,0.004606783,-0.01098907,0,0,0,2.5,-0.2103238,0,-1,0,-1.192093E-07,0,0,0,2.5,-0.2103238,0,-1,0,-1.192093E-07,0,0,0,-0.2103238
1736099910277,-46.60697,1.598101,0.4628258,-0.9999325,0.004208289,-0.01084554,-0.01430511,-0.002127886,-0.007724762,2.5,-0.2103238,0,-1,0,-1.192093E-07,0,0,0,2.5,-0.2103238,0,-1,0,-1.192093E-07,0,0,0,-0.2103238
1736099910281,-46.60697,1.598101,0.4628258,-0.9999325,0.004208289,-0.01084554,0,0,0,2.5,-0.2103238,0,-1,0,-1.192093E-07,0,0,0,2.5,-0.2103238,0,-1,0,-1.192093E-07,0,0,0,-0.2103238
1736099910303,-46.60727,1.598033,0.4627151,-0.9999338,0.003544357,-0.01096404,-0.02260208,-0.005105138,-0.008296967,2.5,-0.2103238,0,-1,0,-1.192093E-07,0,0,0,2.5,-0.2103238,0,-1,0,-1.192093E-07,0,0,0,-0.2103238
1736099910308,-46.60727,1.598033,0.4627151,-0.9999338,0.003544357,-0.01096404,0,0,0,2.5,-0.2103238,0,-1,0,-1.192093E-07,0,0,0,2.5,-0.2103238,0,-1,0,-1.192093E-07,0,0,0,-0.2103238
1736099910331,-46.60754,1.597931,0.4626198,-0.999939,0.002428785,-0.01079214,-0.01974106,-0.007617474,-0.007152557,2.5,-0.2103238,0,-1,0,-1.192093E-07,0,0,0,2.5,-0.2103238,0,-1,0,-1.192093E-07,0,0,0,-0.2103238
1736099910337,-46.60754,1.597931,0.4626198,-0.999939,0.002428785,-0.01079214,0,0,0,2.5,-0.2103238,0,-1,0,-1.192093E-07,0,0,0,2.5,-0.2103238,0,-1,0,-1.192093E-07,0,0,0,-0.2103238
1736099910360,-46.60776,1.597866,0.4624596,-0.9999392,0.00126208,-0.01097286,-0.01659393,-0.004899502,-0.0120163,2.5,-0.2103238,0,-1,0,-1.192093E-07,0,0,0,2.5,-0.2103238,0,-1,0,-1.192093E-07,0,0,0,-0.2103238
1736099910365,-46.60776,1.597866,0.4624596,-0.9999392,0.00126208,-0.01097286,0,0,0,2.5,-0.2103238,0,-1,0,-1.192093E-07,0,0,0,2.5,-0.2103238,0,-1,0,-1.192093E-07,0,0,0,-0.2103238
1736099910388,-46.60804,1.597756,0.4622612,-0.9999363,0.0001102127,-0.01130712,-0.02117157,-0.0082165,-0.01487732,2.5,-0.2103238,0,-1,0,-1.192093E-07,0,0,0,2.5,-0.2103238,0,-1,0,-1.192093E-07,0,0,0,-0.2103238
1736099910392,-46.60804,1.597756,0.4622612,-0.9999363,0.0001102127,-0.01130712,0,0,0,2.5,-0.2103238,0,-1,0,-1.192093E-07,0,0,0,2.5,-0.2103238,0,-1,0,-1.192093E-07,0,0,0,-0.2103238
1736099910416,-46.6083,1.5976,0.4620132,-0.9999219,-0.0008246116,-0.0124898,-0.01945496,-0.01169443,-0.01859665,2.5,-0.2103238,0,-1,0,-1.192093E-07,0,0,0,2.5,-0.2103238,0,-1,0,-1.192093E-07,0,0,0,-0.2103238
1736099910420,-46.6083,1.5976,0.4620132,-0.9999219,-0.0008246116,-0.0124898,0,0,0,2.5,-0.2103238,0,-1,0,-1.192093E-07,0,0,0,2.5,-0.2103238,0,-1,0,-1.192093E-07,0,0,0,-0.2103238
1736099910444,-46.60859,1.597465,0.4617081,-0.9999138,-0.001938585,-0.0130055,-0.02202988,-0.01019239,-0.02288818,2.5,-0.2103238,0,-1,0,-1.192093E-07,0,0,0,2.5,-0.2103238,0,-1,0,-1.192093E-07,0,0,0,-0.2103238
1736099910449,-46.60859,1.597465,0.4617081,-0.9999138,-0.001938585,-0.0130055,0,0,0,2.5,-0.2103238,0,-1,0,-1.192093E-07,0,0,0,2.5,-0.2103238,0,-1,0,-1.192093E-07,0,0,0,-0.2103238
1736099910472,-46.60888,1.597414,0.4614906,-0.9999017,-0.002498463,-0.01380825,-0.02145767,-0.003808737,-0.01630783,2.5,-0.2103238,0,-1,0,-1.192093E-07,0,0,0,2.5,-0.2103238,0,-1,0,-1.192093E-07,0,0,0,-0.2103238
1736099910476,-46.60888,1.597414,0.4614906,-0.9999017,-0.002498463,-0.01380825,0,0,0,2.5,-0.2103238,0,-1,0,-1.192093E-07,0,0,0,2.5,-0.2103238,0,-1,0,-1.192093E-07,0,0,0,-0.2103238
1736099910500,-46.6091,1.597441,0.4612274,-0.9998875,-0.003317405,-0.01465631,-0.01659393,0.002020597,-0.01974106,2.5,-0.2103238,0,-1,0,-1.192093E-07,0,0,0,2.5,-0.2103238,0,-1,0,-1.192093E-07,0,0,0,-0.2103238
1736099910504,-46.6091,1.597441,0.4612274,-0.9998875,-0.003317405,-0.01465631,0,0,0,2.5,-0.2103238,0,-1,0,-1.192093E-07,0,0,0,2.5,-0.2103238,0,-1,0,-1.192093E-07,0,0,0,-0.2103238
1736099910508,-46.6091,1.597441,0.4612274,-0.9998875,-0.003317405,-0.01465631,0,0,0,2.5,-0.2103238,0,-1,0,-1.192093E-07,0,0,0,2.5,-0.2103238,0,-1,0,-1.192093E-07,0,0,0,-0.2103238
1736099910528,-46.6093,1.597395,0.4609642,-0.9998695,-0.00409833,-0.01564419,-0.01487732,-0.003433228,-0.01974106,2.5,-0.2103238,0,-1,0,-1.192093E-07,0,0,0,2.5,-0.2103238,0,-1,0,-1.192093E-07,0,0,0,-0.2103238
1736099910533,-46.6093,1.597395,0.4609642,-0.9998695,-0.00409833,-0.01564419,0,0,0,2.5,-0.2103238,0,-1,0,-1.192093E-07,0,0,0,2.5,-0.2103238,0,-1,0,-1.192093E-07,0,0,0,-0.2103238
1736099910555,-46.60967,1.597343,0.4606934,-0.9998497,-0.004066277,-0.01686668,-0.02775192,-0.003862381,-0.02031326,2.5,-0.2103238,0,-1,0,-1.192093E-07,0,0,0,2.5,-0.2103238,0,-1,0,-1.192093E-07,0,0,0,-0.2103238
1736099910561,-46.60967,1.597343,0.4606934,-0.9998497,-0.004066277,-0.01686668,0,0,0,2.5,-0.2103238,0,-1,0,-1.192093E-07,0,0,0,2.5,-0.2103238,0,-1,0,-1.192093E-07,0,0,0,-0.2103238
1736099910583,-46.60996,1.597312,0.4605179,-0.9998392,-0.004526533,-0.0173527,-0.02202988,-0.002378225,-0.01316071,2.5,-0.2103238,0,-1,0,-1.192093E-07,0,0,0,2.5,-0.2103238,0,-1,0,-1.192093E-07,0,0,0,-0.2103238
1736099910588,-46.60996,1.597312,0.4605179,-0.9998392,-0.004526533,-0.0173527,0,0,0,2.5,-0.2103238,0,-1,0,-1.192093E-07,0,0,0,2.5,-0.2103238,0,-1,0,-1.192093E-07,0,0,0,-0.2103238
1736099910611,-46.61015,1.597291,0.4605217,-0.9998263,-0.005897343,-0.01768911,-0.01373291,-0.001564622,0.0002861023,2.5,-0.2103238,0,-1,0,-1.192093E-07,0,0,0,2.5,-0.2103238,0,-1,0,-1.192093E-07,0,0,0,-0.2103238
1736099910616,-46.61015,1.597291,0.4605217,-0.9998263,-0.005897343,-0.01768911,0,0,0,2.5,-0.2103238,0,-1,0,-1.192093E-07,0,0,0,2.5,-0.2103238,0,-1,0,-1.192093E-07,0,0,0,-0.2103238
1736099910638,-46.61031,1.597308,0.4606018,-0.9998338,-0.006281972,-0.01713383,-0.0123024,0.001251698,0.006008148,2.5,-0.2103238,0,-1,0,-1.192093E-07,0,0,0,2.5,-0.2103238,0,-1,0,-1.192093E-07,0,0,0,-0.2103238
1736099910644,-46.61031,1.597308,0.4606018,-0.9998338,-0.006281972,-0.01713383,0,0,0,2.5,-0.2103238,0,-1,0,-1.192093E-07,0,0,0,2.5,-0.2103238,0,-1,0,-1.192093E-07,0,0,0,-0.2103238
1736099910666,-46.61047,1.597307,0.4606857,-0.9998439,-0.006586831,-0.01640844,-0.0120163,-2.682209E-05,0.00629425,2.5,-0.2103238,0,-1,0,-1.192093E-07,0,0,0,2.5,-0.2103238,0,-1,0,-1.192093E-07,0,0,0,-0.2103238
1736099910671,-46.61047,1.597307,0.4606857,-0.9998439,-0.006586831,-0.01640844,0,0,0,2.5,-0.2103238,0,-1,0,-1.192093E-07,0,0,0,2.5,-0.2103238,0,-1,0,-1.192093E-07,0,0,0,-0.2103238
1736099910694,-46.6108,1.5973,0.4607544,-0.9998528,-0.006548565,-0.01587737,-0.0248909,-0.0005543232,0.005149841,2.5,-0.2103238,0,-1,0,-1.192093E-07,0,0,0,2.5,-0.2103238,0,-1,0,-1.192093E-07,0,0,0,-0.2103238
1736099910699,-46.6108,1.5973,0.4607544,-0.9998528,-0.006548565,-0.01587737,0,0,0,2.5,-0.2103238,0,-1,0,-1.192093E-07,0,0,0,2.5,-0.2103238,0,-1,0,-1.192093E-07,0,0,0,-0.2103238
1736099910722,-46.61092,1.597311,0.4607925,-0.9998608,-0.006553076,-0.01534808,-0.009155273,0.0008583069,0.002861023,2.5,-0.2103238,0,-1,0,-1.192093E-07,0,0,0,2.5,-0.2103238,0,-1,0,-1.192093E-07,0,0,0,-0.2103238
1736099910727,-46.61092,1.597311,0.4607925,-0.9998608,-0.006553076,-0.01534808,0,0,0,2.5,-0.2103238,0,-1,0,-1.192093E-07,0,0,0,2.5,-0.2103238,0,-1,0,-1.192093E-07,0,0,0,-0.2103238
1736099910750,-46.611,1.597436,0.4608421,-0.999862,-0.006402876,-0.01534617,-0.005722046,0.009387732,0.00371933,2.5,-0.2103238,0,-1,0,-1.192093E-07,0,0,0,2.5,-0.2103238,0,-1,0,-1.192093E-07,0,0,0,-0.2103238
1736099910755,-46.611,1.597436,0.4608421,-0.999862,-0.006402876,-0.01534617,0,0,0,2.5,-0.2103238,0,-1,0,-1.192093E-07,0,0,0,2.5,-0.2103238,0,-1,0,-1.192093E-07,0,0,0,-0.2103238
1736099910778,-46.61104,1.597589,0.4608803,-0.9998678,-0.005953331,-0.01514292,-0.003147125,0.01144409,0.002861023,2.5,-0.2103238,0,-1,0,-1.192093E-07,0,0,0,2.5,-0.2103238,0,-1,0,-1.192093E-07,0,0,0,-0.2103238
1736099910782,-46.61104,1.597589,0.4608803,-0.9998678,-0.005953331,-0.01514292,0,0,0,2.5,-0.2103238,0,-1,0,-1.192093E-07,0,0,0,2.5,-0.2103238,0,-1,0,-1.192093E-07,0,0,0,-0.2103238
1736099910805,-46.61115,1.597632,0.4608917,-0.999872,-0.005833857,-0.01490819,-0.007724762,0.003218651,0.0008583069,2.5,-0.2103238,0,-1,0,-1.192093E-07,0,0,0,2.5,-0.2103238,0,-1,0,-1.192093E-07,0,0,0,-0.2103238
1736099910810,-46.61115,1.597632,0.4608917,-0.999872,-0.005833857,-0.01490819,0,0,0,2.5,-0.2103238,0,-1,0,-1.192093E-07,0,0,0,2.5,-0.2103238,0,-1,0,-1.192093E-07,0,0,0,-0.2103238
1736099910814,-46.61115,1.597632,0.4608917,-0.999872,-0.005833857,-0.01490819,0,0,0,2.5,-0.2103238,0,-1,0,-1.192093E-07,0,0,0,2.5,-0.2103238,0,-1,0,-1.192093E-07,0,0,0,-0.2103238
1736099910833,-46.6114,1.597597,0.460865,-0.9998744,-0.005618475,-0.01483274,-0.01945496,-0.002592802,-0.002002716,2.5,-0.2103238,0,-1,0,-1.192093E-07,0,0,0,2.5,-0.2103238,0,-1,0,-1.192093E-07,0,0,0,-0.2103238
1736099910839,-46.6114,1.597597,0.460865,-0.9998744,-0.005618475,-0.01483274,0,0,0,2.5,-0.2103238,0,-1,0,-1.192093E-07,0,0,0,2.5,-0.2103238,0,-1,0,-1.192093E-07,0,0,0,-0.2103238
1736099910860,-46.61139,1.597661,0.4608612,-0.9998774,-0.005331125,-0.01473475,0.0008583069,0.004810095,-0.0002861023,2.5,-0.2103238,0,-1,0,-1.192093E-07,0,0,0,2.5,-0.2103238,0,-1,0,-1.192093E-07,0,0,0,-0.2103238
1736099910865,-46.61139,1.597661,0.4608612,-0.9998774,-0.005331125,-0.01473475,0,0,0,2.5,-0.2103238,0,-1,0,-1.192093E-07,0,0,0,2.5,-0.2103238,0,-1,0,-1.192093E-07,0,0,0,-0.2103238
1736099910889,-46.61142,1.597792,0.4608765,-0.9998804,-0.004912924,-0.01468289,-0.002002716,0.009781122,0.001144409,2.5,-0.2103238,0,-1,0,-1.192093E-07,0,0,0,2.5,-0.2103238,0,-1,0,-1.192093E-07,0,0,0,-0.2103238
1736099910895,-46.61142,1.597792,0.4608765,-0.9998804,-0.004912924,-0.01468289,0,0,0,2.5,-0.2103238,0,-1,0,-1.192093E-07,0,0,0,2.5,-0.2103238,0,-1,0,-1.192093E-07,0,0,0,-0.2103238
1736099910916,-46.61139,1.59795,0.460907,-0.9998881,-0.004224773,-0.01437438,0.002002716,0.01187325,0.002288818,2.5,-0.2103238,0,-1,0,-1.192093E-07,0,0,0,2.5,-0.2103238,0,-1,0,-1.192093E-07,0,0,0,-0.2103238
1736099910924,-46.61139,1.59795,0.460907,-0.9998881,-0.004224773,-0.01437438,0,0,0,2.5,-0.2103238,0,-1,0,-1.192093E-07,0,0,0,2.5,-0.2103238,0,-1,0,-1.192093E-07,0,0,0,-0.2103238
