unix_ms,pos_x,pos_y,pos_z,forward_x,forward_y,forward_z,vel_x,vel_y,vel_z,leftHandPos_x,leftHandPos_y,leftHandPos_z,leftHandForward_x,leftHandForward_y,leftHandForward_z,leftHandVelocity_x,leftHandVelocity_y,leftHandVelocity_z,rightHandPos_x,rightHandPos_y,rightHandPos_z,rightHandForward_x,rightHandForward_y,rightHandForward_z,rightHandVelocity_x,rightHandVelocity_y,rightHandVelocity_z,heightOffset
1732482638895,2.444717,1.577039,-0.0396896,-0.9947098,0.1026196,-0.004677534,0.0002861023,0.0008761883,0.001854915,2.39126,1.301296,-0.253192,-0.5228299,-0.5754213,-0.6289196,0,8.940697E-06,4.470348E-06,2.401282,0.715133,0.156027,-0.3380246,-0.8000928,0.4955715,0,0,1.117587E-06,0
1732482638900,2.444717,1.577039,-0.0396896,-0.9947098,0.1026196,-0.004677534,0,0,0,2.39126,1.301296,-0.253192,-0.5228299,-0.5754213,-0.6289196,0,0,0,2.401282,0.715133,0.156027,-0.3380246,-0.8000928,0.4955715,0,0,0,0
1732482638923,2.444981,1.577087,-0.03979481,-0.9947248,0.1025152,-0.003724456,0.01984835,0.003531575,-0.007890165,2.39126,1.301296,-0.2531922,-0.5229843,-0.5753424,-0.6288638,0,0,-1.117587E-05,2.401282,0.715133,0.1560269,-0.3391658,-0.8000261,0.494899,0,4.470348E-06,-4.470348E-06,0
1732482638928,2.444981,1.577087,-0.03979481,-0.9947248,0.1025152,-0.003724456,0,0,0,2.39126,1.301296,-0.2531922,-0.5229843,-0.5753424,-0.6288638,0,0,0,2.401282,0.715133,0.1560269,-0.3391658,-0.8000261,0.494899,0,0,0,0
1732482638933,2.444981,1.577087,-0.03979481,-0.9947248,0.1025152,-0.003724456,0,0,0,2.39126,1.301296,-0.2531922,-0.5229843,-0.5753424,-0.6288638,0,0,0,2.401282,0.715133,0.1560269,-0.3391658,-0.8000261,0.494899,0,0,0,0
1732482638953,2.445127,1.577051,-0.03990008,-0.9947333,0.1024529,-0.003125072,0.01094341,-0.002682209,-0.007895753,2.39126,1.301296,-0.2531921,-0.5231558,-0.5752584,-0.628798,0,0,4.470348E-06,2.401282,0.715133,0.156027,-0.3399727,-0.7998258,0.494669,0,-4.470348E-06,1.117587E-06,0
1732482638957,2.445127,1.577051,-0.03990008,-0.9947333,0.1024529,-0.003125072,0,0,0,2.39126,1.301296,-0.2531921,-0.5231558,-0.5752584,-0.628798,0,0,0,2.401282,0.715133,0.156027,-0.3399727,-0.7998258,0.494669,0,0,0,0
1732482638994,2.445283,1.577077,-0.04001181,-0.9947245,0.1025408,-0.002966166,0.01165867,0.001940131,-0.008379668,2.391259,1.301296,-0.2531917,-0.5235052,-0.5752001,-0.6285602,-3.576279E-05,0,3.129244E-05,2.401282,0.715133,0.156027,-0.3404815,-0.7994177,0.4949787,0,0,2.235174E-06,0
1732482638999,2.445283,1.577077,-0.04001181,-0.9947245,0.1025408,-0.002966166,0,0,0,2.391259,1.301296,-0.2531917,-0.5235052,-0.5752001,-0.6285602,0,0,0,2.401282,0.715133,0.156027,-0.3404815,-0.7994177,0.4949787,0,0,0,0
1732482639036,2.445698,1.577153,-0.04010326,-0.9946205,0.1035547,-0.002667308,0.03118515,0.005722046,-0.006858632,2.391259,1.301296,-0.2531918,-0.5249565,-0.5750901,-0.6274495,1.788139E-05,0,-6.705523E-06,2.401282,0.715133,0.156027,-0.3407259,-0.7988035,0.4958014,0,0,-2.235174E-06,0
1732482639040,2.445698,1.577153,-0.04010326,-0.9946205,0.1035547,-0.002667308,0,0,0,2.391259,1.301296,-0.2531918,-0.5249565,-0.5750901,-0.6274495,0,0,0,2.401282,0.715133,0.156027,-0.3407259,-0.7988035,0.4958014,0,0,0,0
1732482639045,2.445698,1.577153,-0.04010326,-0.9946205,0.1035547,-0.002667308,0,0,0,2.391259,1.301296,-0.2531918,-0.5249565,-0.5750901,-0.6274495,0,0,0,2.401282,0.715133,0.156027,-0.3407259,-0.7988035,0.4958014,0,0,0,0
1732482639064,2.446068,1.577248,-0.04012317,-0.9944606,0.1050888,-0.002108335,0.02771616,0.007098913,-0.001493096,2.39126,1.301296,-0.2531921,-0.5261537,-0.5753849,-0.6261744,1.788139E-05,-8.940697E-06,-2.235174E-05,2.401282,0.715133,0.156027,-0.3409473,-0.7985324,0.4960859,0,0,1.117587E-06,0
1732482639069,2.446068,1.577248,-0.04012317,-0.9944606,0.1050888,-0.002108335,0,0,0,2.39126,1.301296,-0.2531921,-0.5261537,-0.5753849,-0.6261744,0,0,0,2.401282,0.715133,0.156027,-0.3409473,-0.7985324,0.4960859,0,0,0,0
1732482639074,2.446068,1.577248,-0.04012317,-0.9944606,0.1050888,-0.002108335,0,0,0,2.39126,1.301296,-0.2531921,-0.5261537,-0.5753849,-0.6261744,0,0,0,2.401282,0.715133,0.156027,-0.3409473,-0.7985324,0.4960859,0,0,0,0
1732482639078,2.446068,1.577248,-0.04012317,-0.9944606,0.1050888,-0.002108335,0,0,0,2.39126,1.301296,-0.2531921,-0.5261537,-0.5753849,-0.6261744,0,0,0,2.401282,0.715133,0.156027,-0.3409473,-0.7985324,0.4960859,0,0,0,0
1732482639106,2.446185,1.577229,-0.04012381,-0.9943471,0.1061648,-0.001747012,0.008797646,-0.001421571,-4.777685E-05,2.391259,1.301296,-0.2531918,-0.526871,-0.5754516,-0.62551,-3.576279E-05,0,1.788139E-05,2.401282,0.715133,0.156027,-0.340701,-0.7984236,0.4964299,-1.788139E-05,0,1.117587E-06,0
1732482639111,2.446185,1.577229,-0.04012381,-0.9943471,0.1061648,-0.001747012,0,0,0,2.391259,1.301296,-0.2531918,-0.526871,-0.5754516,-0.62551,0,0,0,2.401282,0.715133,0.156027,-0.340701,-0.7984236,0.4964299,0,0,0,0
1732482639147,2.446353,1.577187,-0.04006745,-0.9941959,0.1075748,-0.001630783,0.01255274,-0.003147125,0.004226714,2.391259,1.301296,-0.2531918,-0.5276131,-0.5755535,-0.6247908,-1.788139E-05,8.940697E-06,4.470348E-06,2.401282,0.715133,0.156027,-0.3399337,-0.7985692,0.4967217,1.788139E-05,0,-2.235174E-06,0
1732482639151,2.446353,1.577187,-0.04006745,-0.9941959,0.1075748,-0.001630783,0,0,0,2.391259,1.301296,-0.2531918,-0.5276131,-0.5755535,-0.6247908,0,0,0,2.401282,0.715133,0.156027,-0.3399337,-0.7985692,0.4967217,0,0,0,0
1732482639156,2.446353,1.577187,-0.04006745,-0.9941959,0.1075748,-0.001630783,0,0,0,2.391259,1.301296,-0.2531918,-0.5276131,-0.5755535,-0.6247908,0,0,0,2.401282,0.715133,0.156027,-0.3399337,-0.7985692,0.4967217,0,0,0,0
1732482639176,2.446102,1.577066,-0.03998826,-0.9941611,0.1078918,-0.001830578,-0.01879334,-0.009039044,0.005939137,2.391259,1.301296,-0.253192,-0.5280362,-0.5756851,-0.6243112,3.576279E-05,0,-1.788139E-05,2.401282,0.715133,0.156027,-0.3389293,-0.7991982,0.4963963,-1.788139E-05,0,0,0
1732482639180,2.446102,1.577066,-0.03998826,-0.9941611,0.1078918,-0.001830578,0,0,0,2.391259,1.301296,-0.253192,-0.5280362,-0.5756851,-0.6243112,0,0,0,2.401282,0.715133,0.156027,-0.3389293,-0.7991982,0.4963963,0,0,0,0
1732482639185,2.446102,1.577066,-0.03998826,-0.9941611,0.1078918,-0.001830578,0,0,0,2.391259,1.301296,-0.253192,-0.5280362,-0.5756851,-0.6243112,0,0,0,2.401282,0.715133,0.156027,-0.3389293,-0.7991982,0.4963963,0,0,0,0
1732482639217,2.445806,1.576767,-0.03981182,-0.9941745,0.107779,-0.00105989,-0.02224445,-0.02242327,0.01323307,2.391255,1.301295,-0.2531887,-0.5267717,-0.5759618,-0.6251245,-0.0003218651,-3.576279E-05,0.0002503395,2.401282,0.715133,0.156027,-0.3392418,-0.7994679,0.4957483,0,0,4.470348E-06,0
1732482639222,2.445806,1.576767,-0.03981182,-0.9941745,0.107779,-0.00105989,0,0,0,2.391255,1.301295,-0.2531887,-0.5267717,-0.5759618,-0.6251245,0,0,0,2.401282,0.715133,0.156027,-0.3392418,-0.7994679,0.4957483,0,0,0,0
1732482639258,2.444768,1.576394,-0.03938891,-0.9940148,0.1092344,0.001587033,-0.07783771,-0.02802014,0.03171852,2.391251,1.301294,-0.2531886,-0.5227692,-0.5777322,-0.626848,-0.0003218651,-9.834766E-05,4.470348E-06,2.401282,0.715133,0.156027,-0.3397284,-0.7995807,0.4952329,1.788139E-05,0,-4.470348E-06,0
1732482639263,2.444768,1.576394,-0.03938891,-0.9940148,0.1092344,0.001587033,0,0,0,2.391251,1.301294,-0.2531886,-0.5227692,-0.5777322,-0.626848,0,0,0,2.401282,0.715133,0.156027,-0.3397284,-0.7995807,0.4952329,0,0,0,0
1732482639268,2.444768,1.576394,-0.03938891,-0.9940148,0.1092344,0.001587033,0,0,0,2.391251,1.301294,-0.2531886,-0.5227692,-0.5777322,-0.626848,0,0,0,2.401282,0.715133,0.156027,-0.3397284,-0.7995807,0.4952329,0,0,0,0
1732482639287,2.442435,1.577111,-0.03867284,-0.9930931,0.1172703,0.003793895,-0.1749694,0.05380511,0.05370481,2.391241,1.301292,-0.2531882,-0.5209373,-0.5743126,-0.6314983,-0.0007152557,-0.0001698732,3.352761E-05,2.401282,0.715133,0.156027,-0.3386182,-0.8011147,0.493511,1.788139E-05,0,2.235174E-06,0
1732482639292,2.442435,1.577111,-0.03867284,-0.9930931,0.1172703,0.003793895,0,0,0,2.391241,1.301292,-0.2531882,-0.5209373,-0.5743126,-0.6314983,0,0,0,2.401282,0.715133,0.156027,-0.3386182,-0.8011147,0.493511,0,0,0,0
1732482639296,2.442435,1.577111,-0.03867284,-0.9930931,0.1172703,0.003793895,0,0,0,2.391241,1.301292,-0.2531882,-0.5209373,-0.5743126,-0.6314983,0,0,0,2.401282,0.715133,0.156027,-0.3386182,-0.8011147,0.493511,0,0,0,0
1732482639328,2.440265,1.577457,-0.03821003,-0.9918857,0.1270622,0.004283845,-0.1627386,0.02592802,0.03471086,2.391202,1.301299,-0.2532021,-0.5100912,-0.5660774,-0.6475836,-0.00295043,0.0005453825,-0.001043826,2.401282,0.715133,0.156027,-0.3364112,-0.8031396,0.491726,-1.788139E-05,0,2.235174E-06,0
1732482639333,2.440265,1.577457,-0.03821003,-0.9918857,0.1270622,0.004283845,0,0,0,2.391202,1.301299,-0.2532021,-0.5100912,-0.5660774,-0.6475836,0,0,0,2.401282,0.715133,0.156027,-0.3364112,-0.8031396,0.491726,0,0,0,0
1732482639338,2.440265,1.577457,-0.03821003,-0.9918857,0.1270622,0.004283845,0,0,0,2.391202,1.301299,-0.2532021,-0.5100912,-0.5660774,-0.6475836,0,0,0,2.401282,0.715133,0.156027,-0.3364112,-0.8031396,0.491726,0,0,0,0
1732482639369,2.435672,1.576633,-0.03737771,-0.9904064,0.1381237,0.004135132,-0.344485,-0.06177127,0.06242422,2.391203,1.301302,-0.2532058,-0.4985511,-0.5612265,-0.6606603,8.940697E-05,0.0002503395,-0.0002771616,2.401282,0.715133,0.156027,-0.330234,-0.8085449,0.4870328,0,0,-4.470348E-06,0
1732482639374,2.435672,1.576633,-0.03737771,-0.9904064,0.1381237,0.004135132,0,0,0,2.391203,1.301302,-0.2532058,-0.4985511,-0.5612265,-0.6606603,0,0,0,2.401282,0.715133,0.156027,-0.330234,-0.8085449,0.4870328,0,0,0,0
1732482639379,2.435672,1.576633,-0.03737771,-0.9904064,0.1381237,0.004135132,0,0,0,2.391203,1.301302,-0.2532058,-0.4985511,-0.5612265,-0.6606603,0,0,0,2.401282,0.715133,0.156027,-0.330234,-0.8085449,0.4870328,0,0,0,0
1732482639397,2.42882,1.575629,-0.03604536,-0.9892123,0.1464788,0.00186646,-0.5139112,-0.07527173,0.09992597,2.38572,1.29023,-0.2580988,-0.5081138,-0.5686333,-0.6468979,-0.4112184,-0.8303851,-0.3669798,2.401282,0.715133,0.156027,-0.3098243,-0.8222868,0.4773399,0,0,2.235174E-06,0
1732482639402,2.42882,1.575629,-0.03604536,-0.9892123,0.1464788,0.00186646,0,0,0,2.38572,1.29023,-0.2580988,-0.5081138,-0.5686333,-0.6468979,0,0,0,2.401282,0.715133,0.156027,-0.3098243,-0.8222868,0.4773399,0,0,0,0
1732482639407,2.42882,1.575629,-0.03604536,-0.9892123,0.1464788,0.00186646,0,0,0,2.38572,1.29023,-0.2580988,-0.5081138,-0.5686333,-0.6468979,0,0,0,2.401282,0.715133,0.156027,-0.3098243,-0.8222868,0.4773399,0,0,0,0
1732482639425,2.422931,1.575227,-0.03507205,-0.9890302,0.1476989,0.002135932,-0.4416525,-0.03021061,0.07299799,2.358067,1.237856,-0.280003,-0.5150481,-0.5769905,-0.6338835,-2.074009,-3.928095,-1.642808,2.401282,0.715133,0.156027,-0.3010728,-0.8277159,0.4735414,-1.788139E-05,0,-2.235174E-06,0
1732482639430,2.422931,1.575227,-0.03507205,-0.9890302,0.1476989,0.002135932,0,0,0,2.358067,1.237856,-0.280003,-0.5150481,-0.5769905,-0.6338835,0,0,0,2.401282,0.715133,0.156027,-0.3010728,-0.8277159,0.4735414,0,0,0,0
1732482639452,2.415887,1.575168,-0.03422846,-0.9887419,0.149574,0.004200697,-0.52827,-0.00436306,0.0632694,2.348281,1.225125,-0.2824261,-0.5214218,-0.5861257,-0.620142,-0.7339418,-0.9548306,-0.1817375,2.401282,0.715133,0.156027,-0.2890187,-0.8325465,0.4725832,1.788139E-05,0,1.117587E-06,0
1732482639457,2.415887,1.575168,-0.03422846,-0.9887419,0.149574,0.004200697,0,0,0,2.348281,1.225125,-0.2824261,-0.5214218,-0.5861257,-0.620142,0,0,0,2.401282,0.715133,0.156027,-0.2890187,-0.8325465,0.4725832,0,0,0,0
1732482639493,2.407765,1.57397,-0.0334856,-0.9895809,0.1437929,0.007326007,-0.6092012,-0.08989871,0.05571451,2.341974,1.222601,-0.2798555,-0.5077403,-0.5972278,-0.6209025,-0.4730344,-0.1892924,0.1927972,2.401282,0.715133,0.156027,-0.2613477,-0.8427797,0.470553,0,0,1.117587E-06,0
1732482639497,2.407765,1.57397,-0.0334856,-0.9895809,0.1437929,0.007326007,0,0,0,2.341974,1.222601,-0.2798555,-0.5077403,-0.5972278,-0.6209025,0,0,0,2.401282,0.715133,0.156027,-0.2613477,-0.8427797,0.470553,0,0,0,0
1732482639533,2.393607,1.573113,-0.03275003,-0.9915692,0.1291632,0.01038194,-1.061851,-0.06424785,0.05516829,2.334634,1.217837,-0.2782247,-0.4832593,-0.6207064,-0.6174011,-0.5505145,-0.3572613,0.1223087,2.401282,0.7151331,0.156027,-0.263262,-0.8466042,0.4625522,0,8.940697E-06,-2.235174E-06,0
1732482639538,2.393607,1.573113,-0.03275003,-0.9915692,0.1291632,0.01038194,0,0,0,2.334634,1.217837,-0.2782247,-0.4832593,-0.6207064,-0.6174011,0,0,0,2.401282,0.7151331,0.156027,-0.263262,-0.8466042,0.4625522,0,0,0,0
1732482639543,2.393607,1.573113,-0.03275003,-0.9915692,0.1291632,0.01038194,0,0,0,2.334634,1.217837,-0.2782247,-0.4832593,-0.6207064,-0.6174011,0,0,0,2.401282,0.7151331,0.156027,-0.263262,-0.8466042,0.4625522,0,0,0,0
1732482639562,2.37721,1.571182,-0.03253535,-0.9934061,0.1138666,0.01339769,-1.229775,-0.1448303,0.01610052,2.326373,1.210327,-0.2779571,-0.4461419,-0.6446125,-0.6208322,-0.6195188,-0.5632997,0.02006739,2.401282,0.7151331,0.156027,-0.2815267,-0.8506985,0.4439088,-1.788139E-05,0,2.235174E-06,0
1732482639567,2.37721,1.571182,-0.03253535,-0.9934061,0.1138666,0.01339769,0,0,0,2.326373,1.210327,-0.2779571,-0.4461419,-0.6446125,-0.6208322,0,0,0,2.401282,0.7151331,0.156027,-0.2815267,-0.8506985,0.4439088,0,0,0,0
1732482639572,2.37721,1.571182,-0.03253535,-0.9934061,0.1138666,0.01339769,0,0,0,2.326373,1.210327,-0.2779571,-0.4461419,-0.6446125,-0.6208322,0,0,0,2.401282,0.7151331,0.156027,-0.2815267,-0.8506985,0.4439088,0,0,0,0
1732482639590,2.364944,1.569204,-0.03246759,-0.9943221,0.1053223,0.01520658,-0.9199619,-0.1483262,0.005082227,2.321371,1.204548,-0.2785847,-0.419483,-0.6611995,-0.6219724,-0.3751874,-0.4334182,-0.04706383,2.401282,0.7151331,0.1560269,-0.2840733,-0.8546273,0.4346431,1.788139E-05,0,-4.470348E-06,0
1732482639595,2.364944,1.569204,-0.03246759,-0.9943221,0.1053223,0.01520658,0,0,0,2.321371,1.204548,-0.2785847,-0.419483,-0.6611995,-0.6219724,0,0,0,2.401282,0.7151331,0.1560269,-0.2840733,-0.8546273,0.4346431,0,0,0,0
1732482639632,2.351829,1.567045,-0.03215191,-0.9952405,0.09600291,0.0167399,-0.9836197,-0.1619428,0.02367608,2.317459,1.199674,-0.2789821,-0.3926082,-0.6769664,-0.6225561,-0.2934158,-0.3655046,-0.02980828,2.401282,0.7151331,0.156027,-0.2900812,-0.8558642,0.4281936,0,0,3.352761E-06,0
1732482639637,2.351829,1.567045,-0.03215191,-0.9952405,0.09600291,0.0167399,0,0,0,2.317459,1.199674,-0.2789821,-0.3926082,-0.6769664,-0.6225561,0,0,0,2.401282,0.7151331,0.156027,-0.2900812,-0.8558642,0.4281936,0,0,0,0
1732482639673,2.329753,1.563315,-0.03183404,-0.9960478,0.08667646,0.0193935,-1.655638,-0.2797991,0.02384037,2.309049,1.188531,-0.2795248,-0.3464328,-0.7033732,-0.6206861,-0.6307483,-0.8357406,-0.04070029,2.401282,0.7151331,0.1560269,-0.3043094,-0.8522997,0.4254188,0,0,-4.470348E-06,0
1732482639678,2.329753,1.563315,-0.03183404,-0.9960478,0.08667646,0.0193935,0,0,0,2.309049,1.188531,-0.2795248,-0.3464328,-0.7033732,-0.6206861,0,0,0,2.401282,0.7151331,0.1560269,-0.3043094,-0.8522997,0.4254188,0,0,0,0
1732482639682,2.329753,1.563315,-0.03183404,-0.9960478,0.08667646,0.0193935,0,0,0,2.309049,1.188531,-0.2795248,-0.3464328,-0.7033732,-0.6206861,0,0,0,2.401282,0.7151331,0.1560269,-0.3043094,-0.8522997,0.4254188,0,0,0,0
1732482639702,2.305748,1.559301,-0.03117448,-0.9964131,0.08269364,0.01796913,-1.80037,-0.3010422,0.04946664,2.297647,1.175155,-0.2780574,-0.3156717,-0.7260234,-0.6109352,-0.8551419,-1.0032,0.110051,2.396073,0.7145463,0.1561474,-0.3019231,-0.8486676,0.4342881,-0.3907084,-0.04400611,0.009037927,0
1732482639706,2.305748,1.559301,-0.03117448,-0.9964131,0.08269364,0.01796913,0,0,0,2.297647,1.175155,-0.2780574,-0.3156717,-0.7260234,-0.6109352,0,0,0,2.396073,0.7145463,0.1561474,-0.3019231,-0.8486676,0.4342881,0,0,0,0
1732482639711,2.305748,1.559301,-0.03117448,-0.9964131,0.08269364,0.01796913,0,0,0,2.297647,1.175155,-0.2780574,-0.3156717,-0.7260234,-0.6109352,0,0,0,2.396073,0.7145463,0.1561474,-0.3019231,-0.8486676,0.4342881,0,0,0,0
1732482639743,2.288547,1.556172,-0.03047952,-0.9967872,0.0778339,0.01890361,-1.290089,-0.2346575,0.05212203,2.287729,1.166774,-0.275708,-0.301751,-0.7390491,-0.6022903,-0.7438123,-0.6285667,0.1762055,2.381035,0.7126409,0.1573011,-0.2975276,-0.8473822,0.4397964,-1.127815,-0.1429081,0.08652806,0
1732482639748,2.288547,1.556172,-0.03047952,-0.9967872,0.0778339,0.01890361,0,0,0,2.287729,1.166774,-0.275708,-0.301751,-0.7390491,-0.6022903,0,0,0,2.381035,0.7126409,0.1573011,-0.2975276,-0.8473822,0.4397964,0,0,0,0
1732482639753,2.288547,1.556172,-0.03047952,-0.9967872,0.0778339,0.01890361,0,0,0,2.287729,1.166774,-0.275708,-0.301751,-0.7390491,-0.6022903,0,0,0,2.381035,0.7126409,0.1573011,-0.2975276,-0.8473822,0.4397964,0,0,0,0
1732482639784,2.261176,1.551504,-0.02949685,-0.9968559,0.07402071,0.02827764,-2.052873,-0.3501177,0.0737004,2.267953,1.155867,-0.2722302,-0.2968048,-0.7465755,-0.5954262,-1.483244,-0.8180559,0.2608337,2.357864,0.7091045,0.1597001,-0.2885366,-0.8455186,0.4492717,-1.737839,-0.2652258,0.1799226,0
1732482639789,2.261176,1.551504,-0.02949685,-0.9968559,0.07402071,0.02827764,0,0,0,2.267953,1.155867,-0.2722302,-0.2968048,-0.7465755,-0.5954262,0,0,0,2.357864,0.7091045,0.1597001,-0.2885366,-0.8455186,0.4492717,0,0,0,0
1732482639794,2.261176,1.551504,-0.02949685,-0.9968559,0.07402071,0.02827764,0,0,0,2.267953,1.155867,-0.2722302,-0.2968048,-0.7465755,-0.5954262,0,0,0,2.357864,0.7091045,0.1597001,-0.2885366,-0.8455186,0.4492717,0,0,0,0
1732482639826,2.231819,1.547852,-0.02816732,-0.9961874,0.0753976,0.0438897,-2.201772,-0.2738893,0.09971447,2.242263,1.147277,-0.2689145,-0.2968007,-0.7509047,-0.5899591,-1.926702,-0.644213,0.2486788,2.33333,0.7052273,0.1615057,-0.2854317,-0.8433368,0.4553153,-1.840031,-0.2907917,0.1354191,0
1732482639831,2.231819,1.547852,-0.02816732,-0.9961874,0.0753976,0.0438897,0,0,0,2.242263,1.147277,-0.2689145,-0.2968007,-0.7509047,-0.5899591,0,0,0,2.33333,0.7052273,0.1615057,-0.2854317,-0.8433368,0.4553153,0,0,0,0
1732482639835,2.231819,1.547852,-0.02816732,-0.9961874,0.0753976,0.0438897,0,0,0,2.242263,1.147277,-0.2689145,-0.2968007,-0.7509047,-0.5899591,0,0,0,2.33333,0.7052273,0.1615057,-0.2854317,-0.8433368,0.4553153,0,0,0,0
1732482639868,2.20108,1.544256,-0.02666229,-0.9953683,0.07253706,0.06309325,-2.305412,-0.2696514,0.1128774,2.214821,1.14218,-0.26946,-0.2801173,-0.744701,-0.6057686,-2.058184,-0.382331,-0.04091263,2.307386,0.701764,0.1633536,-0.2767013,-0.840468,0.4658862,-1.9458,-0.2597496,0.138592,0
1732482639873,2.20108,1.544256,-0.02666229,-0.9953683,0.07253706,0.06309325,0,0,0,2.214821,1.14218,-0.26946,-0.2801173,-0.744701,-0.6057686,0,0,0,2.307386,0.701764,0.1633536,-0.2767013,-0.840468,0.4658862,0,0,0,0
1732482639878,2.20108,1.544256,-0.02666229,-0.9953683,0.07253706,0.06309325,0,0,0,2.214821,1.14218,-0.26946,-0.2801173,-0.744701,-0.6057686,0,0,0,2.307386,0.701764,0.1633536,-0.2767013,-0.840468,0.4658862,0,0,0,0
1732482639910,2.168446,1.544621,-0.02540344,-0.9941956,0.07018911,0.08154118,-2.447569,0.02736747,0.09441376,2.185193,1.139658,-0.2723122,-0.2717466,-0.7347285,-0.6215534,-2.222103,-0.1890957,-0.2139151,2.278258,0.6990204,0.1656866,-0.2706864,-0.8349769,0.4791062,-2.184641,-0.2057657,0.174975,0
1732482639915,2.168446,1.544621,-0.02540344,-0.9941956,0.07018911,0.08154118,0,0,0,2.185193,1.139658,-0.2723122,-0.2717466,-0.7347285,-0.6215534,0,0,0,2.278258,0.6990204,0.1656866,-0.2706864,-0.8349769,0.4791062,0,0,0,0
1732482639920,2.168446,1.544621,-0.02540344,-0.9941956,0.07018911,0.08154118,0,0,0,2.185193,1.139658,-0.2723122,-0.2717466,-0.7347285,-0.6215534,0,0,0,2.278258,0.6990204,0.1656866,-0.2706864,-0.8349769,0.4791062,0,0,0,0
1732482639952,2.134052,1.548991,-0.02394038,-0.9926234,0.07474082,0.09546107,-2.579534,0.3277123,0.1097292,2.155491,1.140815,-0.2759432,-0.2537926,-0.7249233,-0.640372,-2.22761,0.0867337,-0.2723202,2.251723,0.6991354,0.1682619,-0.2596807,-0.8299045,0.4937861,-1.99011,0.008618832,0.193147,0
1732482639956,2.134052,1.548991,-0.02394038,-0.9926234,0.07474082,0.09546107,0,0,0,2.155491,1.140815,-0.2759432,-0.2537926,-0.7249233,-0.640372,0,0,0,2.251723,0.6991354,0.1682619,-0.2596807,-0.8299045,0.4937861,0,0,0,0
1732482639961,2.134052,1.548991,-0.02394038,-0.9926234,0.07474082,0.09546107,0,0,0,2.155491,1.140815,-0.2759432,-0.2537926,-0.7249233,-0.640372,0,0,0,2.251723,0.6991354,0.1682619,-0.2596807,-0.8299045,0.4937861,0,0,0,0
1732482639979,2.099048,1.555516,-0.02188551,-0.9920704,0.06888342,0.1051282,-2.625293,0.4894227,0.1541153,2.123545,1.145316,-0.2792491,-0.2295948,-0.7297108,-0.6440568,-2.395982,0.3376096,-0.2479456,2.221825,0.7025515,0.171063,-0.2350867,-0.8320891,0.5023568,-2.242362,0.2562091,0.2100851,0
1732482639984,2.099048,1.555516,-0.02188551,-0.9920704,0.06888342,0.1051282,0,0,0,2.123545,1.145316,-0.2792491,-0.2295948,-0.7297108,-0.6440568,0,0,0,2.221825,0.7025515,0.171063,-0.2350867,-0.8320891,0.5023568,0,0,0,0
1732482639989,2.099048,1.555516,-0.02188551,-0.9920704,0.06888342,0.1051282,0,0,0,2.123545,1.145316,-0.2792491,-0.2295948,-0.7297108,-0.6440568,0,0,0,2.221825,0.7025515,0.171063,-0.2350867,-0.8320891,0.5023568,0,0,0,0
1732482640021,2.074711,1.562735,-0.02080369,-0.9914569,0.07547726,0.1063809,-1.825279,0.5413771,0.08113682,2.095642,1.151144,-0.2796328,-0.2405007,-0.7271959,-0.64292,-2.092731,0.437057,-0.02877563,2.194447,0.708042,0.1747026,-0.2214185,-0.8301895,0.5116243,-2.053356,0.4117906,0.2729729,0
1732482640027,2.074711,1.562735,-0.02080369,-0.9914569,0.07547726,0.1063809,0,0,0,2.095642,1.151144,-0.2796328,-0.2405007,-0.7271959,-0.64292,0,0,0,2.194447,0.708042,0.1747026,-0.2214185,-0.8301895,0.5116243,0,0,0,0
1732482640033,2.074711,1.562735,-0.02080369,-0.9914569,0.07547726,0.1063809,0,0,0,2.095642,1.151144,-0.2796328,-0.2405007,-0.7271959,-0.64292,0,0,0,2.194447,0.708042,0.1747026,-0.2214185,-0.8301895,0.5116243,0,0,0,0
1732482640060,2.038667,1.569337,-0.01945522,-0.9918993,0.07329743,0.1037483,-2.703291,0.4951537,0.1011349,2.056276,1.160453,-0.27892,-0.2776839,-0.7256368,-0.6295583,-2.952433,0.6981879,0.05345643,2.166842,0.7153539,0.1779217,-0.2075925,-0.8326724,0.5133833,-2.070308,0.548391,0.2414301,0
1732482640066,2.038667,1.569337,-0.01945522,-0.9918993,0.07329743,0.1037483,0,0,0,2.056276,1.160453,-0.27892,-0.2776839,-0.7256368,-0.6295583,0,0,0,2.166842,0.7153539,0.1779217,-0.2075925,-0.8326724,0.5133833,0,0,0,0
1732482640071,2.038667,1.569337,-0.01945522,-0.9918993,0.07329743,0.1037483,0,0,0,2.056276,1.160453,-0.27892,-0.2776839,-0.7256368,-0.6295583,0,0,0,2.166842,0.7153539,0.1779217,-0.2075925,-0.8326724,0.5133833,0,0,0,0
1732482640089,2.002211,1.57195,-0.01805869,-0.9926375,0.07114795,0.09802651,-2.734208,0.195998,0.1047403,2.014546,1.169579,-0.2757045,-0.3290401,-0.7120409,-0.6202667,-3.12978,0.6844461,0.2411664,2.134965,0.7225085,0.1814763,-0.2055464,-0.8307682,0.5172764,-2.390778,0.5365983,0.2665915,0
1732482640095,2.002211,1.57195,-0.01805869,-0.9926375,0.07114795,0.09802651,0,0,0,2.014546,1.169579,-0.2757045,-0.3290401,-0.7120409,-0.6202667,0,0,0,2.134965,0.7225085,0.1814763,-0.2055464,-0.8307682,0.5172764,0,0,0,0
1732482640100,2.002211,1.57195,-0.01805869,-0.9926375,0.07114795,0.09802651,0,0,0,2.014546,1.169579,-0.2757045,-0.3290401,-0.7120409,-0.6202667,0,0,0,2.134965,0.7225085,0.1814763,-0.2055464,-0.8307682,0.5172764,0,0,0,0
1732482640117,1.977175,1.572666,-0.01692867,-0.9925658,0.07692191,0.09432107,-1.877671,0.05370677,0.0847511,1.985978,1.176863,-0.2729684,-0.3835317,-0.6804206,-0.624445,-2.142557,0.5463034,0.2052069,2.108286,0.7266649,0.184034,-0.2308504,-0.824212,0.5170909,-2.000946,0.3117263,0.1918294,0
1732482640123,1.977175,1.572666,-0.01692867,-0.9925658,0.07692191,0.09432107,0,0,0,1.985978,1.176863,-0.2729684,-0.3835317,-0.6804206,-0.624445,0,0,0,2.108286,0.7266649,0.184034,-0.2308504,-0.824212,0.5170909,0,0,0,0
1732482640144,1.951869,1.573037,-0.01565987,-0.9917195,0.0905668,0.09105241,-1.897967,0.02783239,0.09516031,1.964035,1.183414,-0.2707089,-0.448268,-0.6401587,-0.6239015,-1.645714,0.4913181,0.1694575,2.090443,0.7287356,0.1854701,-0.2557289,-0.8127576,0.5234767,-1.338226,0.1552999,0.1077086,0
1732482640151,1.951869,1.573037,-0.01565987,-0.9917195,0.0905668,0.09105241,0,0,0,1.964035,1.183414,-0.2707089,-0.448268,-0.6401587,-0.6239015,0,0,0,2.090443,0.7287356,0.1854701,-0.2557289,-0.8127576,0.5234767,0,0,0,0
1732482640172,1.926755,1.572092,-0.01431352,-0.9913773,0.09705372,0.08804506,-1.883519,-0.07089972,0.1009762,1.93038,1.19246,-0.2678262,-0.5367022,-0.5937474,-0.5995123,-2.524128,0.6784827,0.2162084,2.055019,0.732316,0.1882099,-0.2743765,-0.8022606,0.5301846,-2.656782,0.2685294,0.205484,0
1732482640178,1.926755,1.572092,-0.01431352,-0.9913773,0.09705372,0.08804506,0,0,0,1.93038,1.19246,-0.2678262,-0.5367022,-0.5937474,-0.5995123,0,0,0,2.055019,0.732316,0.1882099,-0.2743765,-0.8022606,0.5301846,0,0,0,0
1732482640200,1.901226,1.572426,-0.01239014,-0.9916109,0.09556918,0.08703303,-1.914704,0.02505183,0.1442537,1.877598,1.205782,-0.258044,-0.6109422,-0.5610732,-0.5585227,-3.958708,0.9991318,0.7336602,2.025955,0.7345312,0.1916387,-0.2777901,-0.7969936,0.5363154,-2.179831,0.1661405,0.257159,0
1732482640206,1.901226,1.572426,-0.01239014,-0.9916109,0.09556918,0.08703303,0,0,0,1.877598,1.205782,-0.258044,-0.6109422,-0.5610732,-0.5585227,0,0,0,2.025955,0.7345312,0.1916387,-0.2777901,-0.7969936,0.5363154,0,0,0,0
1732482640241,1.875478,1.574655,-0.01032257,-0.9918328,0.09259203,0.08771926,-1.931083,0.1671553,0.1550674,1.832951,1.216055,-0.248812,-0.6520982,-0.54102,-0.5310988,-3.348505,0.7704556,0.6924055,2.000451,0.7366433,0.1951198,-0.2740734,-0.7963166,0.539225,-1.912808,0.1584068,0.261084,0
1732482640247,1.875478,1.574655,-0.01032257,-0.9918328,0.09259203,0.08771926,0,0,0,1.832951,1.216055,-0.248812,-0.6520982,-0.54102,-0.5310988,0,0,0,2.000451,0.7366433,0.1951198,-0.2740734,-0.7963166,0.539225,0,0,0,0
1732482640283,1.836359,1.576779,-0.006741881,-0.9923096,0.08522535,0.08976984,-2.933961,0.1593232,0.2685517,1.781343,1.228817,-0.2323395,-0.6795031,-0.5285623,-0.5088198,-3.870571,0.9571731,1.235432,1.959094,0.739746,0.1994647,-0.2772541,-0.8079973,0.5198755,-3.101787,0.232704,0.325866,0
1732482640289,1.836359,1.576779,-0.006741881,-0.9923096,0.08522535,0.08976984,0,0,0,1.781343,1.228817,-0.2323395,-0.6795031,-0.5285623,-0.5088198,0,0,0,1.959094,0.739746,0.1994647,-0.2772541,-0.8079973,0.5198755,0,0,0,0
1732482640294,1.836359,1.576779,-0.006741881,-0.9923096,0.08522535,0.08976984,0,0,0,1.781343,1.228817,-0.2323395,-0.6795031,-0.5285623,-0.5088198,0,0,0,1.959094,0.739746,0.1994647,-0.2772541,-0.8079973,0.5198755,0,0,0,0
1732482640312,1.796897,1.57755,-0.003652692,-0.9928903,0.07693779,0.09082824,-2.959657,0.05781949,0.2316892,1.739399,1.237468,-0.2209563,-0.683601,-0.5182482,-0.5139154,-3.145784,0.6487995,0.8537404,1.91775,0.741129,0.199126,-0.2820786,-0.8202399,0.4976327,-3.100759,0.1037255,-0.02540052,0
1732482640318,1.796897,1.57755,-0.003652692,-0.9928903,0.07693779,0.09082824,0,0,0,1.739399,1.237468,-0.2209563,-0.683601,-0.5182482,-0.5139154,0,0,0,1.91775,0.741129,0.199126,-0.2820786,-0.8202399,0.4976327,0,0,0,0
1732482640323,1.796897,1.57755,-0.003652692,-0.9928903,0.07693779,0.09082824,0,0,0,1.739399,1.237468,-0.2209563,-0.683601,-0.5182482,-0.5139154,0,0,0,1.91775,0.741129,0.199126,-0.2820786,-0.8202399,0.4976327,0,0,0,0
1732482640353,1.770004,1.576686,-0.001085639,-0.9936098,0.07189717,0.08700985,-2.016932,-0.06480217,0.192529,1.704161,1.244082,-0.2168733,-0.6871176,-0.497735,-0.5292724,-2.642879,0.4960656,0.3062233,1.88665,0.7402792,0.1986904,-0.2637731,-0.8287433,0.4935672,-2.332538,-0.06373376,-0.03267378,0
1732482640359,1.770004,1.576686,-0.001085639,-0.9936098,0.07189717,0.08700985,0,0,0,1.704161,1.244082,-0.2168733,-0.6871176,-0.497735,-0.5292724,0,0,0,1.88665,0.7402792,0.1986904,-0.2637731,-0.8287433,0.4935672,0,0,0,0
1732482640365,1.770004,1.576686,-0.001085639,-0.9936098,0.07189717,0.08700985,0,0,0,1.704161,1.244082,-0.2168733,-0.6871176,-0.497735,-0.5292724,0,0,0,1.88665,0.7402792,0.1986904,-0.2637731,-0.8287433,0.4935672,0,0,0,0
1732482640394,1.729077,1.573694,0.002768576,-0.9939167,0.07543365,0.08024824,-3.069529,-0.2244383,0.2890661,1.66241,1.252363,-0.2155243,-0.7002002,-0.4649157,-0.5418246,-3.1313,0.6210566,0.1011774,1.854086,0.7376534,0.2004793,-0.2294337,-0.8331611,0.5031928,-2.442285,-0.1969323,0.134173,0
1732482640400,1.729077,1.573694,0.002768576,-0.9939167,0.07543365,0.08024824,0,0,0,1.66241,1.252363,-0.2155243,-0.7002002,-0.4649157,-0.5418246,0,0,0,1.854086,0.7376534,0.2004793,-0.2294337,-0.8331611,0.5031928,0,0,0,0
1732482640406,1.729077,1.573694,0.002768576,-0.9939167,0.07543365,0.08024824,0,0,0,1.66241,1.252363,-0.2155243,-0.7002002,-0.4649157,-0.5418246,0,0,0,1.854086,0.7376534,0.2004793,-0.2294337,-0.8331611,0.5031928,0,0,0,0
1732482640422,1.687097,1.567393,0.006195724,-0.9936144,0.08392952,0.07541043,-3.148538,-0.4725695,0.2570361,1.616204,1.259932,-0.2146748,-0.7190105,-0.4337863,-0.5430043,-3.465477,0.5677342,0.06371588,1.818957,0.7326248,0.2057671,-0.1838364,-0.833379,0.5212328,-2.634698,-0.3771454,0.3965825,0
1732482640428,1.687097,1.567393,0.006195724,-0.9936144,0.08392952,0.07541043,0,0,0,1.616204,1.259932,-0.2146748,-0.7190105,-0.4337863,-0.5430043,0,0,0,1.818957,0.7326248,0.2057671,-0.1838364,-0.833379,0.5212328,0,0,0,0
1732482640433,1.687097,1.567393,0.006195724,-0.9936144,0.08392952,0.07541043,0,0,0,1.616204,1.259932,-0.2146748,-0.7190105,-0.4337863,-0.5430043,0,0,0,1.818957,0.7326248,0.2057671,-0.1838364,-0.833379,0.5212328,0,0,0,0
1732482640449,1.658451,1.56138,0.008742213,-0.9934446,0.08612111,0.07517564,-2.148405,-0.4509151,0.1909867,1.514458,1.26928,-0.2184052,-0.7302454,-0.405603,-0.5497531,-7.630965,0.7010847,-0.2797812,1.794564,0.7270898,0.2105324,-0.1480848,-0.8356559,0.5289142,-1.829481,-0.41513,0.3573999,0
1732482640455,1.658451,1.56138,0.008742213,-0.9934446,0.08612111,0.07517564,0,0,0,1.514458,1.26928,-0.2184052,-0.7302454,-0.405603,-0.5497531,0,0,0,1.794564,0.7270898,0.2105324,-0.1480848,-0.8356559,0.5289142,0,0,0,0
1732482640477,1.629308,1.554894,0.01178491,-0.993032,0.08884151,0.07742685,-2.185714,-0.4864991,0.2282023,1.483763,1.268251,-0.2108118,-0.7493485,-0.3795072,-0.542634,-2.302149,-0.07717609,0.5695045,1.778624,0.7224313,0.2141693,-0.1132379,-0.8351297,0.5382712,-1.195443,-0.3493845,0.2727628,0
1732482640483,1.629308,1.554894,0.01178491,-0.993032,0.08884151,0.07742685,0,0,0,1.483763,1.268251,-0.2108118,-0.7493485,-0.3795072,-0.542634,0,0,0,1.778624,0.7224313,0.2141693,-0.1132379,-0.8351297,0.5382712,0,0,0,0
1732482640505,1.60012,1.54908,0.01484156,-0.9929778,0.08517423,0.08210325,-2.189112,-0.4360199,0.2292484,1.456498,1.259934,-0.2074093,-0.765083,-0.3598398,-0.5340073,-2.044845,-0.6237924,0.2551854,1.757011,0.7158195,0.2195845,-0.07625952,-0.8303961,0.5519304,-1.621029,-0.4958868,0.4061446,0
1732482640511,1.60012,1.54908,0.01484156,-0.9929778,0.08517423,0.08210325,0,0,0,1.456498,1.259934,-0.2074093,-0.765083,-0.3598398,-0.5340073,0,0,0,1.757011,0.7158195,0.2195845,-0.07625952,-0.8303961,0.5519304,0,0,0,0
1732482640533,1.570284,1.544138,0.01851118,-0.9929176,0.07997707,0.08785647,-2.237731,-0.3706276,0.2752215,1.427628,1.170592,-0.1988593,-0.7638116,-0.3584915,-0.5367274,-2.165267,-6.700659,0.6412491,1.733778,0.7087762,0.2256505,-0.04783541,-0.8266754,0.5606422,-1.742417,-0.5282432,0.4549518,0
1732482640539,1.570284,1.544138,0.01851118,-0.9929176,0.07997707,0.08785647,0,0,0,1.427628,1.170592,-0.1988593,-0.7638116,-0.3584915,-0.5367274,0,0,0,1.733778,0.7087762,0.2256505,-0.04783541,-0.8266754,0.5606422,0,0,0,0
1732482640560,1.540285,1.541819,0.0222109,-0.9929043,0.07104397,0.09536248,-2.249944,-0.1739502,0.277479,1.405341,1.072488,-0.1922063,-0.7479882,-0.3779634,-0.5455804,-1.671481,-7.357818,0.4989758,1.710227,0.7022141,0.2305933,-0.02592987,-0.8285911,0.5592536,-1.766315,-0.4921585,0.3707036,0
1732482640566,1.540285,1.541819,0.0222109,-0.9929043,0.07104397,0.09536248,0,0,0,1.405341,1.072488,-0.1922063,-0.7479882,-0.3779634,-0.5455804,0,0,0,1.710227,0.7022141,0.2305933,-0.02592987,-0.8285911,0.5592536,0,0,0,0
1732482640588,1.509879,1.539664,0.0262053,-0.9918243,0.0728097,0.104804,-2.280432,-0.1616478,0.2995804,1.387233,0.9842975,-0.1873447,-0.7278638,-0.400696,-0.556469,-1.358083,-6.614256,0.3646195,1.688764,0.6973225,0.2338563,-0.008345515,-0.831787,0.5550321,-1.609728,-0.3668725,0.2447248,0
1732482640594,1.509879,1.539664,0.0262053,-0.9918243,0.0728097,0.104804,0,0,0,1.387233,0.9842975,-0.1873447,-0.7278638,-0.400696,-0.556469,0,0,0,1.688764,0.6973225,0.2338563,-0.008345515,-0.831787,0.5550321,0,0,0,0
1732482640630,1.478464,1.544819,0.03034651,-0.9918958,0.05511036,0.1144809,-2.356106,0.3866136,0.3105909,1.372174,0.8963526,-0.1816652,-0.6987573,-0.4308349,-0.571069,-1.129434,-6.595865,0.4259661,1.665328,0.6938419,0.2375024,0.002472073,-0.8289165,0.5593669,-1.757714,-0.2610415,0.2734601,0
1732482640636,1.478464,1.544819,0.03034651,-0.9918958,0.05511036,0.1144809,0,0,0,1.372174,0.8963526,-0.1816652,-0.6987573,-0.4308349,-0.571069,0,0,0,1.665328,0.6938419,0.2375024,0.002472073,-0.8289165,0.5593669,0,0,0,0
1732482640671,1.432081,1.551859,0.0356853,-0.9899089,0.05174591,0.1319212,-3.478745,0.5280107,0.4004091,1.359194,0.7489448,-0.1723365,-0.6300873,-0.5084801,-0.586889,-0.9735614,-11.05559,0.6996498,1.623135,0.6945068,0.2433878,0.01128834,-0.83066,0.5566657,-3.164461,0.04986674,0.4414067,0
1732482640677,1.432081,1.551859,0.0356853,-0.9899089,0.05174591,0.1319212,0,0,0,1.359194,0.7489448,-0.1723365,-0.6300873,-0.5084801,-0.586889,0,0,0,1.623135,0.6945068,0.2433878,0.01128834,-0.83066,0.5566657,0,0,0,0
1732482640683,1.432081,1.551859,0.0356853,-0.9899089,0.05174591,0.1319212,0,0,0,1.359194,0.7489448,-0.1723365,-0.6300873,-0.5084801,-0.586889,0,0,0,1.623135,0.6945068,0.2433878,0.01128834,-0.83066,0.5566657,0,0,0,0
1732482640701,1.386981,1.554323,0.03944492,-0.9869627,0.05840934,0.1499787,-3.382516,0.184831,0.2819717,1.349091,0.7105282,-0.1698319,-0.5659531,-0.6264998,-0.5359066,-0.7576793,-2.881242,0.1878485,1.57466,0.7005222,0.2472383,-0.006780028,-0.8321859,0.5544555,-3.635645,0.451152,0.2887845,0
1732482640708,1.386981,1.554323,0.03944492,-0.9869627,0.05840934,0.1499787,0,0,0,1.349091,0.7105282,-0.1698319,-0.5659531,-0.6264998,-0.5359066,0,0,0,1.57466,0.7005222,0.2472383,-0.006780028,-0.8321859,0.5544555,0,0,0,0
1732482640714,1.386981,1.554323,0.03944492,-0.9869627,0.05840934,0.1499787,0,0,0,1.349091,0.7105282,-0.1698319,-0.5659531,-0.6264998,-0.5359066,0,0,0,1.57466,0.7005222,0.2472383,-0.006780028,-0.8321859,0.5544555,0,0,0,0
1732482640720,1.386981,1.554323,0.03944492,-0.9869627,0.05840934,0.1499787,0,0,0,1.349091,0.7105282,-0.1698319,-0.5659531,-0.6264998,-0.5359066,0,0,0,1.57466,0.7005222,0.2472383,-0.006780028,-0.8321859,0.5544555,0,0,0,0
1732482640742,1.356305,1.559572,0.04120779,-0.9861897,0.06516614,0.1522623,-2.300709,0.3936231,0.132215,1.334221,0.7034048,-0.1694006,-0.5764663,-0.6619102,-0.4791262,-1.115263,-0.5342513,0.03234297,1.539019,0.7052548,0.2483241,-0.05187675,-0.8256072,0.5618556,-2.673107,0.3549457,0.08143634,0
1732482640748,1.356305,1.559572,0.04120779,-0.9861897,0.06516614,0.1522623,0,0,0,1.334221,0.7034048,-0.1694006,-0.5764663,-0.6619102,-0.4791262,0,0,0,1.539019,0.7052548,0.2483241,-0.05187675,-0.8256072,0.5618556,0,0,0,0
1732482640782,1.31069,1.565438,0.04246092,-0.9851324,0.09168362,0.1452891,-3.421113,0.4399538,0.0939846,1.311163,0.6977409,-0.1685953,-0.6034548,-0.6572364,-0.4515342,-1.729381,-0.4247993,0.06039888,1.494461,0.7118376,0.2506009,-0.1275589,-0.8144554,0.5660312,-3.341836,0.4937142,0.1707628,0
1732482640788,1.31069,1.565438,0.04246092,-0.9851324,0.09168362,0.1452891,0,0,0,1.311163,0.6977409,-0.1685953,-0.6034548,-0.6572364,-0.4515342,0,0,0,1.494461,0.7118376,0.2506009,-0.1275589,-0.8144554,0.5660312,0,0,0,0
1732482640794,1.31069,1.565438,0.04246092,-0.9851324,0.09168362,0.1452891,0,0,0,1.311163,0.6977409,-0.1685953,-0.6034548,-0.6572364,-0.4515342,0,0,0,1.494461,0.7118376,0.2506009,-0.1275589,-0.8144554,0.5660312,0,0,0,0
1732482640811,1.26472,1.570624,0.04311562,-0.9865448,0.1003017,0.1291088,-3.447756,0.3890097,0.04910231,1.272115,0.7005425,-0.1707466,-0.597996,-0.6223039,-0.5051129,-2.92857,0.2101243,-0.1613438,1.426518,0.7201851,0.2515177,-0.2107199,-0.808771,0.5490781,-5.095705,0.6260589,0.06875396,0
1732482640817,1.26472,1.570624,0.04311562,-0.9865448,0.1003017,0.1291088,0,0,0,1.272115,0.7005425,-0.1707466,-0.597996,-0.6223039,-0.5051129,0,0,0,1.426518,0.7201851,0.2515177,-0.2107199,-0.808771,0.5490781,0,0,0,0
1732482640823,1.26472,1.570624,0.04311562,-0.9865448,0.1003017,0.1291088,0,0,0,1.272115,0.7005425,-0.1707466,-0.597996,-0.6223039,-0.5051129,0,0,0,1.426518,0.7201851,0.2515177,-0.2107199,-0.808771,0.5490781,0,0,0,0
1732482640852,1.234682,1.573156,0.04272985,-0.9891493,0.0941499,0.1127818,-2.252832,0.1898646,-0.02893209,1.238583,0.7091913,-0.177424,-0.5483283,-0.6167976,-0.5647099,-2.51492,0.6486565,-0.5008042,1.385292,0.7251181,0.2499456,-0.2545989,-0.8069739,0.5328909,-3.091961,0.369975,-0.117901,0
1732482640858,1.234682,1.573156,0.04272985,-0.9891493,0.0941499,0.1127818,0,0,0,1.238583,0.7091913,-0.177424,-0.5483283,-0.6167976,-0.5647099,0,0,0,1.385292,0.7251181,0.2499456,-0.2545989,-0.8069739,0.5328909,0,0,0,0
1732482640893,1.189386,1.575458,0.04148102,-0.9935134,0.07917109,0.08163077,-3.39717,0.1726806,-0.09366274,1.201056,0.7157286,-0.1886785,-0.4806082,-0.6274626,-0.6126227,-2.814496,0.4902989,-0.8440912,1.331867,0.7308615,0.2459735,-0.3018757,-0.8026567,0.5144061,-4.006898,0.4307538,-0.297913,0
1732482640899,1.189386,1.575458,0.04148102,-0.9935134,0.07917109,0.08163077,0,0,0,1.201056,0.7157286,-0.1886785,-0.4806082,-0.6274626,-0.6126227,0,0,0,1.331867,0.7308615,0.2459735,-0.3018757,-0.8026567,0.5144061,0,0,0,0
1732482640905,1.189386,1.575458,0.04148102,-0.9935134,0.07917109,0.08163077,0,0,0,1.201056,0.7157286,-0.1886785,-0.4806082,-0.6274626,-0.6126227,0,0,0,1.331867,0.7308615,0.2459735,-0.3018757,-0.8026567,0.5144061,0,0,0,0
1732482640922,1.144158,1.573789,0.04023957,-0.9951656,0.08161823,0.0546273,-3.392091,-0.1251787,-0.09310842,1.165615,0.7159735,-0.1981763,-0.4671444,-0.6286192,-0.6217835,-2.658069,0.01836866,-0.7123321,1.272588,0.7360414,0.2394842,-0.3338923,-0.7962483,0.5044847,-4.44594,0.3884956,-0.4866958,0
1732482640928,1.144158,1.573789,0.04023957,-0.9951656,0.08161823,0.0546273,0,0,0,1.165615,0.7159735,-0.1981763,-0.4671444,-0.6286192,-0.6217835,0,0,0,1.272588,0.7360414,0.2394842,-0.3338923,-0.7962483,0.5044847,0,0,0,0
1732482640935,1.144158,1.573789,0.04023957,-0.9951656,0.08161823,0.0546273,0,0,0,1.165615,0.7159735,-0.1981763,-0.4671444,-0.6286192,-0.6217835,0,0,0,1.272588,0.7360414,0.2394842,-0.3338923,-0.7962483,0.5044847,0,0,0,0
1732482640962,1.113601,1.570089,0.03984439,-0.9947611,0.09258924,0.04333282,-2.291795,-0.2775013,-0.02963841,1.139636,0.7114266,-0.2010783,-0.4587533,-0.6313715,-0.6252327,-1.948473,-0.3410161,-0.2176523,1.235015,0.7378404,0.2376915,-0.3524544,-0.7841676,0.5107417,-2.817929,0.1349196,-0.1344502,0
1732482640969,1.113601,1.570089,0.03984439,-0.9947611,0.09258924,0.04333282,0,0,0,1.139636,0.7114266,-0.2010783,-0.4587533,-0.6313715,-0.6252327,0,0,0,1.235015,0.7378404,0.2376915,-0.3524544,-0.7841676,0.5107417,0,0,0,0
1732482640975,1.113601,1.570089,0.03984439,-0.9947611,0.09258924,0.04333282,0,0,0,1.139636,0.7114266,-0.2010783,-0.4587533,-0.6313715,-0.6252327,0,0,0,1.235015,0.7378404,0.2376915,-0.3524544,-0.7841676,0.5107417,0,0,0,0
1732482641003,1.06686,1.560183,0.04010677,-0.9937962,0.1051801,0.03615028,-3.505576,-0.7429451,0.01967847,1.100661,0.6968908,-0.2041682,-0.4173155,-0.6489316,-0.6361887,-2.92308,-1.090184,-0.2317429,1.181707,0.7383708,0.2402308,-0.3947295,-0.7583501,0.5187427,-3.99811,0.0397861,0.1904458,0
1732482641010,1.06686,1.560183,0.04010677,-0.9937962,0.1051801,0.03615028,0,0,0,1.100661,0.6968908,-0.2041682,-0.4173155,-0.6489316,-0.6361887,0,0,0,1.181707,0.7383708,0.2402308,-0.3947295,-0.7583501,0.5187427,0,0,0,0
1732482641031,1.018827,1.548462,0.0406518,-0.9922287,0.1190742,0.03611124,-3.602511,-0.8790761,0.04087687,1.073956,0.696516,-0.2099062,-0.2995693,-0.6658469,-0.6833056,-2.002886,-0.02811402,-0.4303515,1.133736,0.7363027,0.239585,-0.4396774,-0.7334098,0.5184536,-3.597817,-0.1551121,-0.04843175,0
1732482641038,1.018827,1.548462,0.0406518,-0.9922287,0.1190742,0.03611124,0,0,0,1.073956,0.696516,-0.2099062,-0.2995693,-0.6658469,-0.6833056,0,0,0,1.133736,0.7363027,0.239585,-0.4396774,-0.7334098,0.5184536,0,0,0,0
1732482641044,1.018827,1.548462,0.0406518,-0.9922287,0.1190742,0.03611124,0,0,0,1.073956,0.696516,-0.2099062,-0.2995693,-0.6658469,-0.6833056,0,0,0,1.133736,0.7363027,0.239585,-0.4396774,-0.7334098,0.5184536,0,0,0,0
1732482641061,0.9853439,1.54078,0.04112399,-0.9917397,0.121876,0.03998685,-2.5112,-0.5761474,0.0354141,1.049037,0.6838733,-0.2114463,-0.2540238,-0.6860174,-0.6818013,-1.868901,-0.9482011,-0.1155049,1.08726,0.7325401,0.2411165,-0.4592712,-0.7213346,0.5184077,-3.485745,-0.2821907,0.1148611,0
1732482641067,0.9853439,1.54078,0.04112399,-0.9917397,0.121876,0.03998685,0,0,0,1.049037,0.6838733,-0.2114463,-0.2540238,-0.6860174,-0.6818013,0,0,0,1.08726,0.7325401,0.2411165,-0.4592712,-0.7213346,0.5184077,0,0,0,0
1732482641073,0.9853439,1.54078,0.04112399,-0.9917397,0.121876,0.03998685,0,0,0,1.049037,0.6838733,-0.2114463,-0.2540238,-0.6860174,-0.6818013,0,0,0,1.08726,0.7325401,0.2411165,-0.4592712,-0.7213346,0.5184077,0,0,0,0
1732482641089,0.9514887,1.534569,0.04118824,-0.9917362,0.1203512,0.04444033,-2.53914,-0.4658818,0.004819036,1.021966,0.6697389,-0.2105317,-0.2203138,-0.7065849,-0.6724585,-2.030316,-1.060081,0.06859303,1.049653,0.729286,0.2425834,-0.471454,-0.7067108,0.5275332,-2.820495,-0.2440587,0.1100153,0
1732482641095,0.9514887,1.534569,0.04118824,-0.9917362,0.1203512,0.04444033,0,0,0,1.021966,0.6697389,-0.2105317,-0.2203138,-0.7065849,-0.6724585,0,0,0,1.049653,0.729286,0.2425834,-0.471454,-0.7067108,0.5275332,0,0,0,0
1732482641129,0.9170313,1.53065,0.04123855,-0.9922911,0.1139919,0.04862767,-2.584308,-0.2938986,0.003772974,0.9955645,0.6600595,-0.2086797,-0.1857755,-0.7265689,-0.6615024,-1.98015,-0.7259533,0.1389027,1.020862,0.7270754,0.2439204,-0.4759391,-0.6986948,0.534142,-2.159339,-0.1657963,0.1002789,0
1732482641136,0.9170313,1.53065,0.04123855,-0.9922911,0.1139919,0.04862767,0,0,0,0.9955645,0.6600595,-0.2086797,-0.1857755,-0.7265689,-0.6615024,0,0,0,1.020862,0.7270754,0.2439204,-0.4759391,-0.6986948,0.534142,0,0,0,0
1732482641157,0.8638568,1.531151,0.04146755,-0.9919963,0.1138312,0.05464637,-3.988087,0.03760457,0.01717508,0.9486529,0.6500409,-0.2090027,-0.143391,-0.7486628,-0.6472585,-3.51837,-0.7513985,-0.02422929,0.9708509,0.7232844,0.2472618,-0.4489115,-0.7063321,0.547333,-3.75081,-0.2843231,0.2505988,0
1732482641163,0.8638568,1.531151,0.04146755,-0.9919963,0.1138312,0.05464637,0,0,0,0.9486529,0.6500409,-0.2090027,-0.143391,-0.7486628,-0.6472585,0,0,0,0.9708509,0.7232844,0.2472618,-0.4489115,-0.7063321,0.547333,0,0,0,0
1732482641169,0.8638568,1.531151,0.04146755,-0.9919963,0.1138312,0.05464637,0,0,0,0.9486529,0.6500409,-0.2090027,-0.143391,-0.7486628,-0.6472585,0,0,0,0.9708509,0.7232844,0.2472618,-0.4489115,-0.7063321,0.547333,0,0,0,0
1732482641187,0.8279423,1.540671,0.04096496,-0.9919361,0.1146295,0.0540657,-2.69359,0.714004,-0.03769398,0.9096072,0.6497148,-0.2138929,-0.121251,-0.7411915,-0.660253,-2.928427,-0.02445728,-0.3667653,0.9288976,0.7215281,0.2511033,-0.4070028,-0.7221826,0.5592864,-3.146499,-0.1317278,0.288114,0
1732482641193,0.8279423,1.540671,0.04096496,-0.9919361,0.1146295,0.0540657,0,0,0,0.9096072,0.6497148,-0.2138929,-0.121251,-0.7411915,-0.660253,0,0,0,0.9288976,0.7215281,0.2511033,-0.4070028,-0.7221826,0.5592864,0,0,0,0
1732482641214,0.7922107,1.545271,0.04020751,-0.9903421,0.1292684,0.05012339,-2.679867,0.3450036,-0.05680919,0.8711488,0.6583694,-0.2183857,-0.09572828,-0.7258331,-0.6811777,-2.884376,0.6490946,-0.336957,0.9022851,0.7217685,0.2533766,-0.3637715,-0.7459938,0.5578205,-1.995939,0.01803339,0.1704991,0
1732482641221,0.7922107,1.545271,0.04020751,-0.9903421,0.1292684,0.05012339,0,0,0,0.8711488,0.6583694,-0.2183857,-0.09572828,-0.7258331,-0.6811777,0,0,0,0.9022851,0.7217685,0.2533766,-0.3637715,-0.7459938,0.5578205,0,0,0,0
1732482641255,0.7570901,1.550534,0.03890705,-0.9905412,0.1306088,0.04206884,-2.634045,0.3946871,-0.09753406,0.8284142,0.6710209,-0.2240864,-0.07979298,-0.7253011,-0.6837926,-3.205097,0.9488627,-0.4275531,0.8729202,0.7218996,0.2533989,-0.3249314,-0.7758348,0.5408329,-2.202371,0.009834766,0.00167191,0
1732482641262,0.7570901,1.550534,0.03890705,-0.9905412,0.1306088,0.04206884,0,0,0,0.8284142,0.6710209,-0.2240864,-0.07979298,-0.7253011,-0.6837926,0,0,0,0.8729202,0.7218996,0.2533989,-0.3249314,-0.7758348,0.5408329,0,0,0,0
1732482641283,0.7055233,1.55415,0.03811204,-0.9932907,0.1119443,0.02902251,-3.867513,0.271225,-0.05962551,0.7617222,0.6807445,-0.2271446,-0.1064355,-0.7399281,-0.6642127,-5.001899,0.7292747,-0.2293646,0.8287741,0.719485,0.2491059,-0.3174115,-0.8040921,0.502679,-3.310955,-0.1810983,-0.3219724,0
1732482641290,0.7055233,1.55415,0.03811204,-0.9932907,0.1119443,0.02902251,0,0,0,0.7617222,0.6807445,-0.2271446,-0.1064355,-0.7399281,-0.6642127,0,0,0,0.8287741,0.719485,0.2491059,-0.3174115,-0.8040921,0.502679,0,0,0,0
1732482641296,0.7055233,1.55415,0.03811204,-0.9932907,0.1119443,0.02902251,0,0,0,0.7617222,0.6807445,-0.2271446,-0.1064355,-0.7399281,-0.6642127,0,0,0,0.8287741,0.719485,0.2491059,-0.3174115,-0.8040921,0.502679,0,0,0,0
1732482641312,0.6711881,1.55924,0.03795767,-0.9920543,0.1233962,0.02453601,-2.575135,0.3817052,-0.0115782,0.7175477,0.6833983,-0.2277069,-0.204875,-0.7038353,-0.6801786,-3.313091,0.1990333,-0.04217327,0.788939,0.7188863,0.2422403,-0.3435921,-0.8077356,0.4790699,-2.987632,-0.04490018,-0.5149215,0
1732482641318,0.6711881,1.55924,0.03795767,-0.9920543,0.1233962,0.02453601,0,0,0,0.7175477,0.6833983,-0.2277069,-0.204875,-0.7038353,-0.6801786,0,0,0,0.788939,0.7188863,0.2422403,-0.3435921,-0.8077356,0.4790699,0,0,0,0
1732482641324,0.6711881,1.55924,0.03795767,-0.9920543,0.1233962,0.02453601,0,0,0,0.7175477,0.6833983,-0.2277069,-0.204875,-0.7038353,-0.6801786,0,0,0,0.788939,0.7188863,0.2422403,-0.3435921,-0.8077356,0.4790699,0,0,0,0
1732482641354,0.6372669,1.563361,0.03827059,-0.9921702,0.123307,0.01985008,-2.544093,0.3091335,0.02346933,0.6688588,0.6931388,-0.2259939,-0.3066888,-0.6675192,-0.6784986,-3.651667,0.7305399,0.1284778,0.7500306,0.7202105,0.237317,-0.3364188,-0.8050348,0.4886119,-2.918127,0.09931326,-0.3692508,0
1732482641362,0.6372669,1.563361,0.03827059,-0.9921702,0.123307,0.01985008,0,0,0,0.6688588,0.6931388,-0.2259939,-0.3066888,-0.6675192,-0.6784986,0,0,0,0.7500306,0.7202105,0.237317,-0.3364188,-0.8050348,0.4886119,0,0,0,0
1732482641394,0.5869081,1.570719,0.03953028,-0.9926515,0.1197197,0.01762235,-3.776908,0.551784,0.09447634,0.5895214,0.7151522,-0.2170908,-0.4514009,-0.6185057,-0.6431861,-5.950302,1.651002,0.667727,0.7085265,0.7240665,0.2397557,-0.2764714,-0.8113191,0.5150972,-3.112811,0.2892002,0.1829088,0
1732482641401,0.5869081,1.570719,0.03953028,-0.9926515,0.1197197,0.01762235,0,0,0,0.5895214,0.7151522,-0.2170908,-0.4514009,-0.6185057,-0.6431861,0,0,0,0.7085265,0.7240665,0.2397557,-0.2764714,-0.8113191,0.5150972,0,0,0,0
1732482641409,0.5869081,1.570719,0.03953028,-0.9926515,0.1197197,0.01762235,0,0,0,0.5895214,0.7151522,-0.2170908,-0.4514009,-0.6185057,-0.6431861,0,0,0,0.7085265,0.7240665,0.2397557,-0.2764714,-0.8113191,0.5150972,0,0,0,0
1732482641436,0.5371199,1.574708,0.04159927,-0.9941555,0.1052705,0.02393955,-3.734118,0.2992451,0.1551747,0.5182358,0.7353122,-0.1955205,-0.564586,-0.5935208,-0.5735648,-5.34642,1.512001,1.617774,0.6576053,0.7294354,0.2464586,-0.2494564,-0.8240241,0.5086806,-3.81909,0.4026711,0.5027175,0
1732482641444,0.5371199,1.574708,0.04159927,-0.9941555,0.1052705,0.02393955,0,0,0,0.5182358,0.7353122,-0.1955205,-0.564586,-0.5935208,-0.5735648,0,0,0,0.6576053,0.7294354,0.2464586,-0.2494564,-0.8240241,0.5086806,0,0,0,0
1732482641451,0.5371199,1.574708,0.04159927,-0.9941555,0.1052705,0.02393955,0,0,0,0.5182358,0.7353122,-0.1955205,-0.564586,-0.5935208,-0.5735648,0,0,0,0.6576053,0.7294354,0.2464586,-0.2494564,-0.8240241,0.5086806,0,0,0,0
1732482641474,0.487309,1.576524,0.04365945,-0.9951087,0.09462662,0.02836925,-3.735816,0.1361668,0.1545131,0.4517958,0.7470499,-0.1795417,-0.6073912,-0.5852094,-0.5372208,-4.982999,0.8803278,1.198411,0.6148347,0.7329001,0.2492703,-0.2435842,-0.823235,0.5127875,-3.207797,0.2598524,0.2108753,0
1732482641482,0.487309,1.576524,0.04365945,-0.9951087,0.09462662,0.02836925,0,0,0,0.4517958,0.7470499,-0.1795417,-0.6073912,-0.5852094,-0.5372208,0,0,0,0.6148347,0.7329001,0.2492703,-0.2435842,-0.823235,0.5127875,0,0,0,0
1732482641489,0.487309,1.576524,0.04365945,-0.9951087,0.09462662,0.02836925,0,0,0,0.4517958,0.7470499,-0.1795417,-0.6073912,-0.5852094,-0.5372208,0,0,0,0.6148347,0.7329001,0.2492703,-0.2435842,-0.823235,0.5127875,0,0,0,0
1732482641514,0.4383433,1.574379,0.04564166,-0.9959851,0.08452828,0.02948177,-3.672427,-0.1608789,0.1486659,0.388289,0.7520592,-0.1785703,-0.6217,-0.5652894,-0.5421605,-4.763013,0.375697,0.07285774,0.5744153,0.7341127,0.2509738,-0.2264917,-0.8260201,0.5161324,-3.031451,0.09094477,0.1277626,0
1732482641522,0.4383433,1.574379,0.04564166,-0.9959851,0.08452828,0.02948177,0,0,0,0.388289,0.7520592,-0.1785703,-0.6217,-0.5652894,-0.5421605,0,0,0,0.5744153,0.7341127,0.2509738,-0.2264917,-0.8260201,0.5161324,0,0,0,0
1732482641529,0.4383433,1.574379,0.04564166,-0.9959851,0.08452828,0.02948177,0,0,0,0.388289,0.7520592,-0.1785703,-0.6217,-0.5652894,-0.5421605,0,0,0,0.5744153,0.7341127,0.2509738,-0.2264917,-0.8260201,0.5161324,0,0,0,0
1732482641556,0.3888247,1.567148,0.04722476,-0.9957504,0.08857881,0.0252018,-3.713894,-0.5423248,0.1187325,0.3313501,0.7557214,-0.1786163,-0.6578848,-0.5056874,-0.5580935,-4.270416,0.2746671,-0.003451109,0.5298616,0.7316024,0.2535955,-0.1999695,-0.8279644,0.5239154,-3.341532,-0.1882777,0.1966238,0
1732482641564,0.3888247,1.567148,0.04722476,-0.9957504,0.08857881,0.0252018,0,0,0,0.3313501,0.7557214,-0.1786163,-0.6578848,-0.5056874,-0.5580935,0,0,0,0.5298616,0.7316024,0.2535955,-0.1999695,-0.8279644,0.5239154,0,0,0,0
1732482641571,0.3888247,1.567148,0.04722476,-0.9957504,0.08857881,0.0252018,0,0,0,0.3313501,0.7557214,-0.1786163,-0.6578848,-0.5056874,-0.5580935,0,0,0,0.5298616,0.7316024,0.2535955,-0.1999695,-0.8279644,0.5239154,0,0,0,0
1732482641597,0.3392837,1.554063,0.04920363,-0.9958786,0.08797964,0.02203965,-3.715575,-0.9813845,0.1484156,0.2742763,0.7568381,-0.1774316,-0.6907281,-0.4516262,-0.564738,-4.280537,0.08375198,0.08885264,0.4878798,0.7242239,0.2570727,-0.1702567,-0.8301976,0.530834,-3.148636,-0.5533844,0.2607912,0
1732482641606,0.3392837,1.554063,0.04920363,-0.9958786,0.08797964,0.02203965,0,0,0,0.2742763,0.7568381,-0.1774316,-0.6907281,-0.4516262,-0.564738,0,0,0,0.4878798,0.7242239,0.2570727,-0.1702567,-0.8301976,0.530834,0,0,0,0
1732482641613,0.3392837,1.554063,0.04920363,-0.9958786,0.08797964,0.02203965,0,0,0,0.2742763,0.7568381,-0.1774316,-0.6907281,-0.4516262,-0.564738,0,0,0,0.4878798,0.7242239,0.2570727,-0.1702567,-0.8301976,0.530834,0,0,0,0
1732482641639,0.2896974,1.539539,0.05198359,-0.9963572,0.08162107,0.02471656,-3.718972,-1.089299,0.208497,0.2241888,0.7530313,-0.1740165,-0.7205949,-0.3963332,-0.5689144,-3.756559,-0.2855167,0.2561331,0.4418142,0.711688,0.2611027,-0.1545438,-0.8277137,0.53945,-3.454918,-0.9401947,0.3022492,0
1732482641646,0.2896974,1.539539,0.05198359,-0.9963572,0.08162107,0.02471656,0,0,0,0.2241888,0.7530313,-0.1740165,-0.7205949,-0.3963332,-0.5689144,0,0,0,0.4418142,0.711688,0.2611027,-0.1545438,-0.8277137,0.53945,0,0,0,0
1732482641653,0.2896974,1.539539,0.05198359,-0.9963572,0.08162107,0.02471656,0,0,0,0.2241888,0.7530313,-0.1740165,-0.7205949,-0.3963332,-0.5689144,0,0,0,0.4418142,0.711688,0.2611027,-0.1545438,-0.8277137,0.53945,0,0,0,0
1732482641680,0.2385283,1.529649,0.05572891,-0.9970693,0.07064935,0.0293535,-3.837687,-0.7417649,0.2808988,0.1748884,0.7493927,-0.1726756,-0.7278336,-0.3556569,-0.5863165,-3.697532,-0.2728924,0.100565,0.3990104,0.6997809,0.2671568,-0.1312733,-0.8182235,0.5597123,-3.210282,-0.8930326,0.4540622,0
1732482641687,0.2385283,1.529649,0.05572891,-0.9970693,0.07064935,0.0293535,0,0,0,0.1748884,0.7493927,-0.1726756,-0.7278336,-0.3556569,-0.5863165,0,0,0,0.3990104,0.6997809,0.2671568,-0.1312733,-0.8182235,0.5597123,0,0,0,0
1732482641693,0.2385283,1.529649,0.05572891,-0.9970693,0.07064935,0.0293535,0,0,0,0.1748884,0.7493927,-0.1726756,-0.7278336,-0.3556569,-0.5863165,0,0,0,0.3990104,0.6997809,0.2671568,-0.1312733,-0.8182235,0.5597123,0,0,0,0
1732482641708,0.1869857,1.528477,0.05990529,-0.996448,0.07475397,0.03877509,-3.865689,-0.08786917,0.3132284,0.1374919,0.7457857,-0.1773696,-0.6953627,-0.33782,-0.6343095,-2.804732,-0.2705276,-0.3520489,0.3566275,0.6935738,0.2736354,-0.1095939,-0.8157912,0.5678679,-3.178722,-0.4655287,0.4858911,0.003067493
1732482641714,0.1869857,1.528477,0.05990529,-0.996448,0.07475397,0.03877509,0,0,0,0.1374919,0.7457857,-0.1773696,-0.6953627,-0.33782,-0.6343095,0,0,0,0.3566275,0.6935738,0.2736354,-0.1095939,-0.8157912,0.5678679,0,0,0,0.003067493
1732482641721,0.1869857,1.528477,0.05990529,-0.996448,0.07475397,0.03877509,0,0,0,0.1374919,0.7457857,-0.1773696,-0.6953627,-0.33782,-0.6343095,0,0,0,0.3566275,0.6935738,0.2736354,-0.1095939,-0.8157912,0.5678679,0,0,0,0.003067493
1732482641737,0.1525056,1.528423,0.06308222,-0.9969366,0.06210805,0.04754317,-2.586007,-0.004032254,0.2382696,0.1273341,0.7347438,-0.1851497,-0.6381204,-0.3652986,-0.6777613,-0.7618368,-0.8281365,-0.5835056,0.3233533,0.6884122,0.2772923,-0.1074281,-0.8186078,0.5642168,-2.495563,-0.3871232,0.2742648,0.003177404
1732482641743,0.1525056,1.528423,0.06308222,-0.9969366,0.06210805,0.04754317,0,0,0,0.1273341,0.7347438,-0.1851497,-0.6381204,-0.3652986,-0.6777613,0,0,0,0.3233533,0.6884122,0.2772923,-0.1074281,-0.8186078,0.5642168,0,0,0,0.003177404
1732482641749,0.1525056,1.528423,0.06308222,-0.9969366,0.06210805,0.04754317,0,0,0,0.1273341,0.7347438,-0.1851497,-0.6381204,-0.3652986,-0.6777613,0,0,0,0.3233533,0.6884122,0.2772923,-0.1074281,-0.8186078,0.5642168,0,0,0,0.003177404
1732482641765,0.1174934,1.534017,0.06633997,-0.9961295,0.06850565,0.05507535,-2.625918,0.4195422,0.2443314,0.1085665,0.7285655,-0.1848056,-0.5976734,-0.3992015,-0.6952877,-1.40757,-0.4633784,0.02580285,0.2943504,0.6865717,0.2799742,-0.1086007,-0.8170219,0.5662873,-2.175218,-0.1380354,0.2011478,0.003177404
1732482641771,0.1174934,1.534017,0.06633997,-0.9961295,0.06850565,0.05507535,0,0,0,0.1085665,0.7285655,-0.1848056,-0.5976734,-0.3992015,-0.6952877,0,0,0,0.2943504,0.6865717,0.2799742,-0.1086007,-0.8170219,0.5662873,0,0,0,0.003177404
1732482641793,0.08265495,1.540293,0.06969595,-0.9965218,0.0557093,0.06197733,-2.612883,0.4707009,0.2516985,0.08697891,0.7265959,-0.1829035,-0.5567997,-0.4287906,-0.7114164,-1.619071,-0.1477137,0.1426578,0.2687798,0.6872042,0.2818747,-0.10336,-0.8231395,0.558353,-1.917797,0.04743487,0.1425326,0.003177404
1732482641821,0.04797387,1.541513,0.07289243,-0.9947069,0.07380275,0.07149673,-2.601081,0.09151697,0.2397358,0.06834507,0.7267936,-0.1788883,-0.5101966,-0.4757153,-0.7165159,-1.397538,0.01482368,0.3011405,0.2426074,0.6893107,0.2836185,-0.1045898,-0.8248951,0.555526,-1.96293,0.1579866,0.1307845,0.003177404
1732482641828,0.04797387,1.541513,0.07289243,-0.9947069,0.07380275,0.07149673,0,0,0,0.06834507,0.7267936,-0.1788883,-0.5101966,-0.4757153,-0.7165159,0,0,0,0.2426074,0.6893107,0.2836185,-0.1045898,-0.8248951,0.555526,0,0,0,0.003177404
1732482641850,0.01340175,1.544171,0.07556462,-0.9939432,0.07286809,0.08226538,-2.592909,0.1992881,0.2004147,0.04328918,0.7206145,-0.1696103,-0.5127909,-0.557246,-0.6530871,-1.879191,-0.4634321,0.6958544,0.2000382,0.6925542,0.2861285,-0.1172648,-0.8255476,0.5520147,-3.192687,0.2432674,0.1882553,0.003177404
1732482641856,0.01340175,1.544171,0.07556462,-0.9939432,0.07286809,0.08226538,0,0,0,0.04328918,0.7206145,-0.1696103,-0.5127909,-0.557246,-0.6530871,0,0,0,0.2000382,0.6925542,0.2861285,-0.1172648,-0.8255476,0.5520147,0,0,0,0.003177404
1732482641878,-0.02181625,1.550307,0.07745028,-0.9916169,0.09790128,0.08433014,-2.64135,0.4602045,0.1414239,-0.01367974,0.7334194,-0.1404009,-0.5703195,-0.5748835,-0.5867243,-4.272669,0.9603649,2.190703,0.1597283,0.6969473,0.2880764,-0.1678011,-0.8102421,0.561561,-3.023243,0.3294826,0.146091,0.003177404
1732482641885,-0.02181625,1.550307,0.07745028,-0.9916169,0.09790128,0.08433014,0,0,0,-0.01367974,0.7334194,-0.1404009,-0.5703195,-0.5748835,-0.5867243,0,0,0,0.1597283,0.6969473,0.2880764,-0.1678011,-0.8102421,0.561561,0,0,0,0.003177404
1732482641890,-0.02181625,1.550307,0.07745028,-0.9916169,0.09790128,0.08433014,0,0,0,-0.01367974,0.7334194,-0.1404009,-0.5703195,-0.5748835,-0.5867243,0,0,0,0.1597283,0.6969473,0.2880764,-0.1678011,-0.8102421,0.561561,0,0,0,0.003177404
1732482641908,-0.05696893,1.554178,0.07941103,-0.9912323,0.09978654,0.08661002,-2.636451,0.2903849,0.1470566,-0.1138377,0.8002644,-0.07612491,-0.6289738,-0.5502712,-0.5491756,-7.511848,5.013379,4.820698,0.1037712,0.703961,0.2913108,-0.2208713,-0.8041707,0.5518384,-4.196781,0.5260259,0.242579,0.003177404
1732482641915,-0.05696893,1.554178,0.07941103,-0.9912323,0.09978654,0.08661002,0,0,0,-0.1138377,0.8002644,-0.07612491,-0.6289738,-0.5502712,-0.5491756,0,0,0,0.1037712,0.703961,0.2913108,-0.2208713,-0.8041707,0.5518384,0,0,0,0.003177404
1732482641936,-0.09155917,1.560104,0.08017468,-0.991277,0.09890535,0.08710927,-2.594268,0.4443884,0.0572741,-0.1304953,0.8043714,-0.07166791,-0.6313563,-0.5272036,-0.5687232,-1.249319,0.3080204,0.3342748,0.06671524,0.708733,0.2911894,-0.2553261,-0.802447,0.5393398,-2.779198,0.3579006,-0.009101629,0.003177404
1732482641942,-0.09155917,1.560104,0.08017468,-0.991277,0.09890535,0.08710927,0,0,0,-0.1304953,0.8043714,-0.07166791,-0.6313563,-0.5272036,-0.5687232,0,0,0,0.06671524,0.708733,0.2911894,-0.2553261,-0.802447,0.5393398,0,0,0,0.003177404
1732482641977,-0.126102,1.563372,0.08062315,-0.9924371,0.09296344,0.08016706,-2.59071,0.245136,0.0336349,-0.1470046,0.8096957,-0.06854343,-0.5731574,-0.5415915,-0.6149545,-1.238197,0.3993273,0.2343357,0.02733684,0.7139946,0.288358,-0.3021816,-0.8012826,0.5163648,-2.95338,0.3946155,-0.2123594,0.003177404
1732482641983,-0.126102,1.563372,0.08062315,-0.9924371,0.09296344,0.08016706,0,0,0,-0.1470046,0.8096957,-0.06854343,-0.5731574,-0.5415915,-0.6149545,0,0,0,0.02733684,0.7139946,0.288358,-0.3021816,-0.8012826,0.5163648,0,0,0,0.003177404
1732482642005,-0.1775916,1.566996,0.08072424,-0.9948581,0.08267622,0.05850196,-3.861719,0.2717614,0.007581711,-0.1710329,0.813081,-0.06419683,-0.4407716,-0.6010646,-0.6666651,-1.802123,0.2538934,0.3259957,-0.03555417,0.7218258,0.2810445,-0.351166,-0.8003832,0.4858698,-4.716825,0.5873457,-0.5485117,0.003177404
1732482642011,-0.1775916,1.566996,0.08072424,-0.9948581,0.08267622,0.05850196,0,0,0,-0.1710329,0.813081,-0.06419683,-0.4407716,-0.6010646,-0.6666651,0,0,0,-0.03555417,0.7218258,0.2810445,-0.351166,-0.8003832,0.4858698,0,0,0,0.003177404
1732482642017,-0.1775916,1.566996,0.08072424,-0.9948581,0.08267622,0.05850196,0,0,0,-0.1710329,0.813081,-0.06419683,-0.4407716,-0.6010646,-0.6666651,0,0,0,-0.03555417,0.7218258,0.2810445,-0.351166,-0.8003832,0.4858698,0,0,0,0.003177404
1732482642034,-0.2117455,1.566647,0.08166146,-0.9950102,0.08912756,0.04484832,-2.561545,-0.02615154,0.07029176,-0.175627,0.8075902,-0.07022166,-0.3910534,-0.6086986,-0.6903358,-0.3445566,-0.4118085,-0.4518628,-0.08624029,0.7268005,0.276473,-0.3602533,-0.7971901,0.4844643,-3.801459,0.3730997,-0.3428578,0.003177404
1732482642040,-0.2117455,1.566647,0.08166146,-0.9950102,0.08912756,0.04484832,0,0,0,-0.175627,0.8075902,-0.07022166,-0.3910534,-0.6086986,-0.6903358,0,0,0,-0.08624029,0.7268005,0.276473,-0.3602533,-0.7971901,0.4844643,0,0,0,0.003177404
1732482642047,-0.2117455,1.566647,0.08166146,-0.9950102,0.08912756,0.04484832,0,0,0,-0.175627,0.8075902,-0.07022166,-0.3910534,-0.6086986,-0.6903358,0,0,0,-0.08624029,0.7268005,0.276473,-0.3602533,-0.7971901,0.4844643,0,0,0,0.003177404
1732482642075,-0.2461121,1.563555,0.08261204,-0.994734,0.0958745,0.03623217,-2.577496,-0.2318949,0.07129312,-0.1989889,0.8011348,-0.07458234,-0.3624821,-0.6157979,-0.6995718,-1.752144,-0.4841521,-0.3270507,-0.126965,0.7294021,0.2752805,-0.3643973,-0.7917976,0.4901748,-3.054357,0.1951173,-0.08944273,0.003177404
1732482642081,-0.2461121,1.563555,0.08261204,-0.994734,0.0958745,0.03623217,0,0,0,-0.1989889,0.8011348,-0.07458234,-0.3624821,-0.6157979,-0.6995718,0,0,0,-0.126965,0.7294021,0.2752805,-0.3643973,-0.7917976,0.4901748,0,0,0,0.003177404
1732482642102,-0.2976806,1.552413,0.08557129,-0.994253,0.1035203,0.02729243,-3.867638,-0.8356869,0.2219439,-0.2355528,0.7856767,-0.07403779,-0.320044,-0.6400583,-0.6984969,-2.74229,-1.159358,0.0408411,-0.1763735,0.7297813,0.2792385,-0.3900947,-0.7728238,0.5005695,-3.705633,0.02844036,0.296849,0.003177404
1732482642108,-0.2976806,1.552413,0.08557129,-0.994253,0.1035203,0.02729243,0,0,0,-0.2355528,0.7856767,-0.07403779,-0.320044,-0.6400583,-0.6984969,0,0,0,-0.1763735,0.7297813,0.2792385,-0.3900947,-0.7728238,0.5005695,0,0,0,0.003177404
1732482642114,-0.2976806,1.552413,0.08557129,-0.994253,0.1035203,0.02729243,0,0,0,-0.2355528,0.7856767,-0.07403779,-0.320044,-0.6400583,-0.6984969,0,0,0,-0.1763735,0.7297813,0.2792385,-0.3900947,-0.7728238,0.5005695,0,0,0,0.003177404
1732482642131,-0.3329489,1.545775,0.08789134,-0.9942303,0.1039271,0.02656305,-2.645123,-0.4978448,0.1740038,-0.2650199,0.768988,-0.07237148,-0.2900992,-0.6564788,-0.6963326,-2.210033,-1.251653,0.1249731,-0.2216573,0.7279949,0.2833414,-0.4232168,-0.7537741,0.5027051,-3.396285,-0.1339808,0.3077209,0.003177404
1732482642137,-0.3329489,1.545775,0.08789134,-0.9942303,0.1039271,0.02656305,0,0,0,-0.2650199,0.768988,-0.07237148,-0.2900992,-0.6564788,-0.6963326,0,0,0,-0.2216573,0.7279949,0.2833414,-0.4232168,-0.7537741,0.5027051,0,0,0,0.003177404
1732482642159,-0.3684995,1.536833,0.09058094,-0.993019,0.1143328,0.02900976,-2.666295,-0.6706327,0.20172,-0.290231,0.7551146,-0.06997371,-0.2534576,-0.6658673,-0.7016983,-1.890832,-1.040505,0.1798332,-0.253737,0.7261385,0.2859704,-0.4557443,-0.7373957,0.4985429,-2.405977,-0.139229,0.1971781,0.003177404
1732482642165,-0.3684995,1.536833,0.09058094,-0.993019,0.1143328,0.02900976,0,0,0,-0.290231,0.7551146,-0.06997371,-0.2534576,-0.6658673,-0.7016983,0,0,0,-0.253737,0.7261385,0.2859704,-0.4557443,-0.7373957,0.4985429,0,0,0,0.003177404
1732482642199,-0.4044113,1.528267,0.09391022,-0.9932047,0.1097619,0.03869414,-2.693385,-0.6424427,0.2496958,-0.3182974,0.7401991,-0.06785059,-0.2055968,-0.6840286,-0.6998825,-2.10498,-1.11866,0.1592338,-0.2954595,0.7231091,0.2885952,-0.4899589,-0.7162098,0.4969747,-3.12919,-0.2272055,0.1968563,0.003177404
1732482642206,-0.4044113,1.528267,0.09391022,-0.9932047,0.1097619,0.03869414,0,0,0,-0.3182974,0.7401991,-0.06785059,-0.2055968,-0.6840286,-0.6998825,0,0,0,-0.2954595,0.7231091,0.2885952,-0.4899589,-0.7162098,0.4969747,0,0,0,0.003177404
1732482642241,-0.458739,1.527841,0.09837675,-0.993077,0.105754,0.05113429,-4.074579,-0.03191829,0.33499,-0.3584328,0.7269869,-0.06295848,-0.1167627,-0.727368,-0.6762416,-3.010154,-0.9909198,0.3669083,-0.3564348,0.7246609,0.2926421,-0.5058563,-0.6993615,0.5049783,-4.573148,0.1163855,0.3035188,0.009348631
1732482642247,-0.458739,1.527841,0.09837675,-0.993077,0.105754,0.05113429,0,0,0,-0.3584328,0.7269869,-0.06295848,-0.1167627,-0.727368,-0.6762416,0,0,0,-0.3564348,0.7246609,0.2926421,-0.5058563,-0.6993615,0.5049783,0,0,0,0.009348631
1732482642253,-0.458739,1.527841,0.09837675,-0.993077,0.105754,0.05113429,0,0,0,-0.3584328,0.7269869,-0.06295848,-0.1167627,-0.727368,-0.6762416,0,0,0,-0.3564348,0.7246609,0.2926421,-0.5058563,-0.6993615,0.5049783,0,0,0,0.009348631
1732482642270,-0.5137992,1.527875,0.1019378,-0.9925307,0.1076058,0.05747879,-4.129511,0.002557039,0.2670765,-0.4114571,0.7167909,-0.05990386,-0.07735983,-0.7440062,-0.6636801,-3.976822,-0.7646978,0.2290964,-0.4220223,0.7202887,0.3003125,-0.4596553,-0.7124939,0.5301601,-4.919064,-0.3279135,0.5752802,0.009531498
1732482642276,-0.5137992,1.527875,0.1019378,-0.9925307,0.1076058,0.05747879,0,0,0,-0.4114571,0.7167909,-0.05990386,-0.07735983,-0.7440062,-0.6636801,0,0,0,-0.4220223,0.7202887,0.3003125,-0.4596553,-0.7124939,0.5301601,0,0,0,0.009531498
1732482642282,-0.5137992,1.527875,0.1019378,-0.9925307,0.1076058,0.05747879,0,0,0,-0.4114571,0.7167909,-0.05990386,-0.07735983,-0.7440062,-0.6636801,0,0,0,-0.4220223,0.7202887,0.3003125,-0.4596553,-0.7124939,0.5301601,0,0,0,0.009531498
1732482642288,-0.5137992,1.527875,0.1019378,-0.9925307,0.1076058,0.05747879,0,0,0,-0.4114571,0.7167909,-0.05990386,-0.07735983,-0.7440062,-0.6636801,0,0,0,-0.4220223,0.7202887,0.3003125,-0.4596553,-0.7124939,0.5301601,0,0,0,0.009531498
1732482642310,-0.550864,1.534667,0.1037853,-0.9932544,0.09777649,0.06233811,-2.779859,0.5093873,0.1385629,-0.4498756,0.716585,-0.06012726,-0.05652365,-0.7433243,-0.6665397,-2.88139,-0.01544505,-0.01675487,-0.4530141,0.7187535,0.3061671,-0.4162917,-0.7233577,0.5508675,-2.324384,-0.1151428,0.4390955,0.009531498
1732482642316,-0.550864,1.534667,0.1037853,-0.9932544,0.09777649,0.06233811,0,0,0,-0.4498756,0.716585,-0.06012726,-0.05652365,-0.7433243,-0.6665397,0,0,0,-0.4530141,0.7187535,0.3061671,-0.4162917,-0.7233577,0.5508675,0,0,0,0.009531498
1732482642338,-0.6057956,1.542247,0.1061776,-0.9920832,0.1051991,0.06858867,-4.119873,0.5684674,0.1794219,-0.5141151,0.7267329,-0.06475878,-0.03515452,-0.7295485,-0.6830256,-4.817963,0.7610902,-0.3473639,-0.4915304,0.7186317,0.3148046,-0.329895,-0.7541965,0.567765,-2.888721,-0.009132922,0.6478071,0.009531498
1732482642344,-0.6057956,1.542247,0.1061776,-0.9920832,0.1051991,0.06858867,0,0,0,-0.5141151,0.7267329,-0.06475878,-0.03515452,-0.7295485,-0.6830256,0,0,0,-0.4915304,0.7186317,0.3148046,-0.329895,-0.7541965,0.567765,0,0,0,0.009531498
1732482642367,-0.6417294,1.543032,0.1082487,-0.9903715,0.1171808,0.07371253,-2.69503,0.05888343,0.1553357,-0.5617113,0.7359577,-0.06803966,-0.04597366,-0.7356546,-0.6757951,-3.569716,0.6918669,-0.2460659,-0.5103426,0.7175657,0.3286457,-0.237607,-0.7864774,0.5700846,-1.410913,-0.07995218,1.038086,0.009531498
1732482642373,-0.6417294,1.543032,0.1082487,-0.9903715,0.1171808,0.07371253,0,0,0,-0.5617113,0.7359577,-0.06803966,-0.04597366,-0.7356546,-0.6757951,0,0,0,-0.5103426,0.7175657,0.3286457,-0.237607,-0.7864774,0.5700846,0,0,0,0.009531498
1732482642395,-0.6780424,1.551199,0.1102712,-0.9904682,0.1119318,0.08027631,-2.723479,0.6125629,0.1516879,-0.6091945,0.7402186,-0.06885147,-0.0922901,-0.7367804,-0.6698042,-3.56124,0.3195629,-0.06088614,-0.5391049,0.7154005,0.3293791,-0.230726,-0.7986411,0.555822,-2.157176,-0.1623899,0.05500317,0.009531498
1732482642401,-0.6780424,1.551199,0.1102712,-0.9904682,0.1119318,0.08027631,0,0,0,-0.6091945,0.7402186,-0.06885147,-0.0922901,-0.7367804,-0.6698042,0,0,0,-0.5391049,0.7154005,0.3293791,-0.230726,-0.7986411,0.555822,0,0,0,0.009531498
1732482642423,-0.7135413,1.555779,0.1124914,-0.9884534,0.125765,0.08451736,-2.662414,0.34343,0.1665115,-0.661088,0.7470419,-0.06681681,-0.2091269,-0.7071106,-0.6754712,-3.89201,0.5117476,0.1525998,-0.5770848,0.7158031,0.3277946,-0.275214,-0.7959083,0.5392472,-2.848488,0.03020167,-0.1188397,0.009531498
1732482642429,-0.7135413,1.555779,0.1124914,-0.9884534,0.125765,0.08451736,0,0,0,-0.661088,0.7470419,-0.06681681,-0.2091269,-0.7071106,-0.6754712,0,0,0,-0.5770848,0.7158031,0.3277946,-0.275214,-0.7959083,0.5392472,0,0,0,0.009531498
1732482642435,-0.7135413,1.555779,0.1124914,-0.9884534,0.125765,0.08451736,0,0,0,-0.661088,0.7470419,-0.06681681,-0.2091269,-0.7071106,-0.6754712,0,0,0,-0.5770848,0.7158031,0.3277946,-0.275214,-0.7959083,0.5392472,0,0,0,0.009531498
1732482642452,-0.748667,1.561131,0.1154051,-0.9895115,0.1172382,0.08439654,-2.63443,0.4014462,0.2185285,-0.7276549,0.7624127,-0.06418467,-0.3334693,-0.666567,-0.6666987,-4.992521,1.152813,0.1974106,-0.6227617,0.7191149,0.3245485,-0.3022329,-0.7996048,0.5189291,-3.425771,0.2483815,-0.2434552,0.009531498
1732482642459,-0.748667,1.561131,0.1154051,-0.9895115,0.1172382,0.08439654,0,0,0,-0.7276549,0.7624127,-0.06418467,-0.3334693,-0.666567,-0.6666987,0,0,0,-0.6227617,0.7191149,0.3245485,-0.3022329,-0.7996048,0.5189291,0,0,0,0.009531498
1732482642480,-0.783591,1.567346,0.1184232,-0.9906537,0.1085953,0.08253783,-2.619302,0.4661232,0.2263606,-0.7946825,0.7788536,-0.06067824,-0.4258731,-0.6308865,-0.6485488,-5.027068,1.233065,0.2629817,-0.6539085,0.7220753,0.3231783,-0.2901619,-0.8077457,0.5131794,-2.336007,0.2220333,-0.1027644,0.009531498
1732482642486,-0.783591,1.567346,0.1184232,-0.9906537,0.1085953,0.08253783,0,0,0,-0.7946825,0.7788536,-0.06067824,-0.4258731,-0.6308865,-0.6485488,0,0,0,-0.6539085,0.7220753,0.3231783,-0.2901619,-0.8077457,0.5131794,0,0,0,0.009531498
1732482642520,-0.8184571,1.571688,0.1217935,-0.9916757,0.1007689,0.08015722,-2.614957,0.3256649,0.2527714,-0.8547521,0.7985925,-0.0486877,-0.5243973,-0.5881436,-0.6157073,-4.505217,1.480418,0.899291,-0.6847699,0.726045,0.3245449,-0.2528629,-0.8179173,0.51679,-2.314603,0.2977207,0.1024961,0.009531498
1732482642527,-0.8184571,1.571688,0.1217935,-0.9916757,0.1007689,0.08015722,0,0,0,-0.8547521,0.7985925,-0.0486877,-0.5243973,-0.5881436,-0.6157073,0,0,0,-0.6847699,0.726045,0.3245449,-0.2528629,-0.8179173,0.51679,0,0,0,0.009531498
1732482642548,-0.8694029,1.57434,0.1269834,-0.9929838,0.08728074,0.07978433,-3.820932,0.198859,0.3892422,-0.9342313,0.8243394,-0.02839971,-0.6247848,-0.5413663,-0.5626432,-5.960941,1.931021,1.521599,-0.7288342,0.7307518,0.3287172,-0.2279865,-0.8276801,0.5128042,-3.304821,0.3530145,0.3129244,0.009531498
1732482642554,-0.8694029,1.57434,0.1269834,-0.9929838,0.08728074,0.07978433,0,0,0,-0.9342313,0.8243394,-0.02839971,-0.6247848,-0.5413663,-0.5626432,0,0,0,-0.7288342,0.7307518,0.3287172,-0.2279865,-0.8276801,0.5128042,0,0,0,0.009531498
1732482642560,-0.8694029,1.57434,0.1269834,-0.9929838,0.08728074,0.07978433,0,0,0,-0.9342313,0.8243394,-0.02839971,-0.6247848,-0.5413663,-0.5626432,0,0,0,-0.7288342,0.7307518,0.3287172,-0.2279865,-0.8276801,0.5128042,0,0,0,0.009531498
1732482642576,-0.9034882,1.573532,0.130424,-0.9925799,0.08861907,0.08325911,-2.556396,-0.0605911,0.2580464,-0.9728491,0.8346295,-0.01603675,-0.6302496,-0.5270619,-0.5700805,-2.896339,0.7717565,0.9272218,-0.7683771,0.7329324,0.3326128,-0.2096353,-0.8296453,0.5174378,-2.965719,0.1635477,0.2921641,0.009531498
1732482642583,-0.9034882,1.573532,0.130424,-0.9925799,0.08861907,0.08325911,0,0,0,-0.9728491,0.8346295,-0.01603675,-0.6302496,-0.5270619,-0.5700805,0,0,0,-0.7683771,0.7329324,0.3326128,-0.2096353,-0.8296453,0.5174378,0,0,0,0.009531498
1732482642589,-0.9034882,1.573532,0.130424,-0.9925799,0.08861907,0.08325911,0,0,0,-0.9728491,0.8346295,-0.01603675,-0.6302496,-0.5270619,-0.5700805,0,0,0,-0.7683771,0.7329324,0.3326128,-0.2096353,-0.8296453,0.5174378,0,0,0,0.009531498
1732482642617,-0.9369192,1.570023,0.1336424,-0.991923,0.09193747,0.08738703,-2.507329,-0.2631426,0.2413809,-1.010577,0.8400665,-0.01375866,-0.6271236,-0.5030344,-0.5947042,-2.829605,0.4077718,0.1708567,-0.7999177,0.7321323,0.335669,-0.1842982,-0.8333951,0.5210442,-2.365547,-0.06001443,0.2292216,0.009531498
1732482642623,-0.9369192,1.570023,0.1336424,-0.991923,0.09193747,0.08738703,0,0,0,-1.010577,0.8400665,-0.01375866,-0.6271236,-0.5030344,-0.5947042,0,0,0,-0.7999177,0.7321323,0.335669,-0.1842982,-0.8333951,0.5210442,0,0,0,0.009531498
1732482642657,-0.9868259,1.560908,0.1384518,-0.9910774,0.09131994,0.09709114,-3.743005,-0.6836146,0.3607035,-1.083853,0.8495169,-0.01526213,-0.6643209,-0.439496,-0.6045845,-5.495685,0.7087827,-0.1127601,-0.8264017,0.7292493,0.3387113,-0.1444859,-0.8370683,0.5276747,-1.986301,-0.2162218,0.2281666,0.009531498
1732482642663,-0.9868259,1.560908,0.1384518,-0.9910774,0.09131994,0.09709114,0,0,0,-1.083853,0.8495169,-0.01526213,-0.6643209,-0.439496,-0.6045845,0,0,0,-0.8264017,0.7292493,0.3387113,-0.1444859,-0.8370683,0.5276747,0,0,0,0.009531498
1732482642686,-1.037905,1.54921,0.1428456,-0.9888488,0.1018909,0.1086125,-3.83091,-0.8773953,0.3295362,-1.132296,0.8499157,-0.01238203,-0.7128587,-0.3428141,-0.61181,-3.633231,0.0299111,0.2160072,-0.8726895,0.7196494,0.345099,-0.1081989,-0.829012,0.548664,-3.471583,-0.7199943,0.4790783,0.009531498
1732482642692,-1.037905,1.54921,0.1428456,-0.9888488,0.1018909,0.1086125,0,0,0,-1.132296,0.8499157,-0.01238203,-0.7128587,-0.3428141,-0.61181,0,0,0,-0.8726895,0.7196494,0.345099,-0.1081989,-0.829012,0.548664,0,0,0,0.009531498
1732482642699,-1.037905,1.54921,0.1428456,-0.9888488,0.1018909,0.1086125,0,0,0,-1.132296,0.8499157,-0.01238203,-0.7128587,-0.3428141,-0.61181,0,0,0,-0.8726895,0.7196494,0.345099,-0.1081989,-0.829012,0.548664,0,0,0,0.009531498
1732482642714,-1.072476,1.539202,0.1459606,-0.9884701,0.1028446,0.1111313,-2.592838,-0.7505536,0.2336204,-1.158724,0.8489389,-0.007715702,-0.7198545,-0.3112218,-0.6204445,-1.982117,-0.07326454,0.3499746,-0.9094207,0.7092977,0.3509157,-0.07949159,-0.8288632,0.5537753,-2.754843,-0.7763788,0.4362524,0.009531498
1732482642721,-1.072476,1.539202,0.1459606,-0.9884701,0.1028446,0.1111313,0,0,0,-1.158724,0.8489389,-0.007715702,-0.7198545,-0.3112218,-0.6204445,0,0,0,-0.9094207,0.7092977,0.3509157,-0.07949159,-0.8288632,0.5537753,0,0,0,0.009531498
1732482642727,-1.072476,1.539202,0.1459606,-0.9884701,0.1028446,0.1111313,0,0,0,-1.158724,0.8489389,-0.007715702,-0.7198545,-0.3112218,-0.6204445,0,0,0,-0.9094207,0.7092977,0.3509157,-0.07949159,-0.8288632,0.5537753,0,0,0,0.009531498
1732482642742,-1.106877,1.531733,0.1492434,-0.9888196,0.09527729,0.11471,-2.580106,-0.5602241,0.2462089,-1.17827,0.8470062,-0.008980989,-0.7092077,-0.2925263,-0.6414461,-1.465917,-0.144951,-0.09489655,-0.9393837,0.6994568,0.3553016,-0.05698565,-0.8255631,0.5614253,-2.247226,-0.7380679,0.3289461,0.009531498
1732482642749,-1.106877,1.531733,0.1492434,-0.9888196,0.09527729,0.11471,0,0,0,-1.17827,0.8470062,-0.008980989,-0.7092077,-0.2925263,-0.6414461,0,0,0,-0.9393837,0.6994568,0.3553016,-0.05698565,-0.8255631,0.5614253,0,0,0,0.009531498
1732482642783,-1.141959,1.527038,0.1527224,-0.9886428,0.09424013,0.1170666,-2.63114,-0.3521204,0.2609253,-1.210878,0.8449556,-0.009004354,-0.6962069,-0.2764565,-0.6624717,-2.44562,-0.1537979,-0.001752377,-0.9620595,0.6938008,0.359036,-0.04080364,-0.8215479,0.5686777,-1.700681,-0.4241958,0.2800763,0.01061058
1732482642789,-1.141959,1.527038,0.1527224,-0.9886428,0.09424013,0.1170666,0,0,0,-1.210878,0.8449556,-0.009004354,-0.6962069,-0.2764565,-0.6624717,0,0,0,-0.9620595,0.6938008,0.359036,-0.04080364,-0.8215479,0.5686777,0,0,0,0.01061058
1732482642823,-1.195319,1.526353,0.1581547,-0.9870844,0.1053682,0.1206744,-4.002017,-0.05133748,0.4074275,-1.248713,0.8412697,-0.01037693,-0.6427705,-0.2753665,-0.7148566,-2.837616,-0.2764419,-0.1029432,-1.007088,0.685947,0.365541,-0.04259416,-0.8230587,0.566357,-3.377169,-0.5890355,0.4878759,0.0129981
1732482642830,-1.195319,1.526353,0.1581547,-0.9870844,0.1053682,0.1206744,0,0,0,-1.248713,0.8412697,-0.01037693,-0.6427705,-0.2753665,-0.7148566,0,0,0,-1.007088,0.685947,0.365541,-0.04259416,-0.8230587,0.566357,0,0,0,0.0129981
1732482642836,-1.195319,1.526353,0.1581547,-0.9870844,0.1053682,0.1206744,0,0,0,-1.248713,0.8412697,-0.01037693,-0.6427705,-0.2753665,-0.7148566,0,0,0,-1.007088,0.685947,0.365541,-0.04259416,-0.8230587,0.566357,0,0,0,0.0129981
1732482642852,-1.249273,1.534446,0.1638329,-0.9863724,0.101865,0.1292028,-4.046541,0.6069213,0.4258633,-1.274186,0.8340857,-0.01214361,-0.556584,-0.3166088,-0.7680978,-1.910484,-0.5387977,-0.1325011,-1.067857,0.6808427,0.3702166,-0.07571003,-0.813518,0.5765905,-4.557627,-0.3828228,0.350672,0.0129981
1732482642859,-1.249273,1.534446,0.1638329,-0.9863724,0.101865,0.1292028,0,0,0,-1.274186,0.8340857,-0.01214361,-0.556584,-0.3166088,-0.7680978,0,0,0,-1.067857,0.6808427,0.3702166,-0.07571003,-0.813518,0.5765905,0,0,0,0.0129981
1732482642865,-1.249273,1.534446,0.1638329,-0.9863724,0.101865,0.1292028,0,0,0,-1.274186,0.8340857,-0.01214361,-0.556584,-0.3166088,-0.7680978,0,0,0,-1.067857,0.6808427,0.3702166,-0.07571003,-0.813518,0.5765905,0,0,0,0.0129981
1732482642893,-1.285001,1.539795,0.1677506,-0.9853905,0.1003451,0.1376116,-2.679563,0.4012316,0.2938271,-1.289104,0.8305823,-0.01070881,-0.5022757,-0.3838861,-0.7748234,-1.118821,-0.2627537,0.1076102,-1.105856,0.6839786,0.3747745,-0.07244226,-0.8154793,0.5742348,-2.849936,0.2351895,0.3418386,0.0129981
1732482642900,-1.285001,1.539795,0.1677506,-0.9853905,0.1003451,0.1376116,0,0,0,-1.289104,0.8305823,-0.01070881,-0.5022757,-0.3838861,-0.7748234,0,0,0,-1.105856,0.6839786,0.3747745,-0.07244226,-0.8154793,0.5742348,0,0,0,0.0129981
1732482642934,-1.338371,1.540569,0.1726539,-0.9827701,0.1109987,0.1477911,-4.002732,0.05798936,0.3677487,-1.320418,0.8188527,0.0001783371,-0.4422655,-0.5034195,-0.7422742,-2.34856,-0.8797243,0.8165359,-1.153366,0.6897982,0.3795087,-0.1096743,-0.8152394,0.5686443,-3.563279,0.4364759,0.3550708,0.0129981
1732482642941,-1.338371,1.540569,0.1726539,-0.9827701,0.1109987,0.1477911,0,0,0,-1.320418,0.8188527,0.0001783371,-0.4422655,-0.5034195,-0.7422742,0,0,0,-1.153366,0.6897982,0.3795087,-0.1096743,-0.8152394,0.5686443,0,0,0,0.0129981
1732482642947,-1.338371,1.540569,0.1726539,-0.9827701,0.1109987,0.1477911,0,0,0,-1.320418,0.8188527,0.0001783371,-0.4422655,-0.5034195,-0.7422742,0,0,0,-1.153366,0.6897982,0.3795087,-0.1096743,-0.8152394,0.5686443,0,0,0,0.0129981
1732482642964,-1.392768,1.549909,0.1758385,-0.9836718,0.1184306,0.1355148,-4.079836,0.7005036,0.2388418,-1.368397,0.7987698,0.02088141,-0.525295,-0.5499848,-0.6492937,-3.598452,-1.506212,1.552731,-1.22499,0.7007919,0.3865225,-0.1873438,-0.7868884,0.5879704,-5.371749,0.8245245,0.5260348,0.0129981
1732482642971,-1.392768,1.549909,0.1758385,-0.9836718,0.1184306,0.1355148,0,0,0,-1.368397,0.7987698,0.02088141,-0.525295,-0.5499848,-0.6492937,0,0,0,-1.22499,0.7007919,0.3865225,-0.1873438,-0.7868884,0.5879704,0,0,0,0.0129981
1732482642977,-1.392768,1.549909,0.1758385,-0.9836718,0.1184306,0.1355148,0,0,0,-1.368397,0.7987698,0.02088141,-0.525295,-0.5499848,-0.6492937,0,0,0,-1.22499,0.7007919,0.3865225,-0.1873438,-0.7868884,0.5879704,0,0,0,0.0129981
1732482642984,-1.392768,1.549909,0.1758385,-0.9836718,0.1184306,0.1355148,0,0,0,-1.368397,0.7987698,0.02088141,-0.525295,-0.5499848,-0.6492937,0,0,0,-1.22499,0.7007919,0.3865225,-0.1873438,-0.7868884,0.5879704,0,0,0,0.0129981
1732482643004,-1.428166,1.55469,0.1770158,-0.9860038,0.1107126,0.1246589,-2.654815,0.3586292,0.08829832,-1.409569,0.8001345,0.0344522,-0.5981292,-0.5360687,-0.5957117,-3.087848,0.1023531,1.017809,-1.269978,0.7083029,0.3894012,-0.236624,-0.7834945,0.5745831,-3.374112,0.563322,0.2158999,0.0129981
1732482643011,-1.428166,1.55469,0.1770158,-0.9860038,0.1107126,0.1246589,0,0,0,-1.409569,0.8001345,0.0344522,-0.5981292,-0.5360687,-0.5957117,0,0,0,-1.269978,0.7083029,0.3894012,-0.236624,-0.7834945,0.5745831,0,0,0,0.0129981
1732482643044,-1.480988,1.563655,0.1775546,-0.9877813,0.1141149,0.1061421,-3.961658,0.6723583,0.04041195,-1.463018,0.8083038,0.04374146,-0.5751458,-0.5439413,-0.611012,-4.008687,0.6126925,0.6966949,-1.327598,0.7174395,0.3899384,-0.2924163,-0.7728634,0.563183,-4.321486,0.6852463,0.04028678,0.0129981
1732482643051,-1.480988,1.563655,0.1775546,-0.9877813,0.1141149,0.1061421,0,0,0,-1.463018,0.8083038,0.04374146,-0.5751458,-0.5439413,-0.611012,0,0,0,-1.327598,0.7174395,0.3899384,-0.2924163,-0.7728634,0.563183,0,0,0,0.0129981
1732482643073,-1.533231,1.568402,0.1769919,-0.9914362,0.1045329,0.07827777,-3.918207,0.3559917,-0.04220009,-1.507035,0.8156654,0.02874708,-0.392414,-0.5958584,-0.7006888,-3.301281,0.5521193,-1.124579,-1.389195,0.7267333,0.3882272,-0.3249519,-0.7717108,0.5466889,-4.619819,0.6970346,-0.1283348,0.0129981
1732482643080,-1.533231,1.568402,0.1769919,-0.9914362,0.1045329,0.07827777,0,0,0,-1.507035,0.8156654,0.02874708,-0.392414,-0.5958584,-0.7006888,0,0,0,-1.389195,0.7267333,0.3882272,-0.3249519,-0.7717108,0.5466889,0,0,0,0.0129981
1732482643087,-1.533231,1.568402,0.1769919,-0.9914362,0.1045329,0.07827777,0,0,0,-1.507035,0.8156654,0.02874708,-0.392414,-0.5958584,-0.7006888,0,0,0,-1.389195,0.7267333,0.3882272,-0.3249519,-0.7717108,0.5466889,0,0,0,0.0129981
1732482643094,-1.533231,1.568402,0.1769919,-0.9914362,0.1045329,0.07827777,0,0,0,-1.507035,0.8156654,0.02874708,-0.392414,-0.5958584,-0.7006888,0,0,0,-1.389195,0.7267333,0.3882272,-0.3249519,-0.7717108,0.5466889,0,0,0,0.0129981
1732482643115,-1.56926,1.569359,0.1765656,-0.9922215,0.1088181,0.06045902,-2.7022,0.07177591,-0.03197193,-1.527796,0.8099103,0.01530361,-0.3069732,-0.6286918,-0.7145034,-1.557076,-0.43163,-1.00826,-1.44409,0.7335832,0.3849299,-0.3321282,-0.7692438,0.5458525,-4.117119,0.5137458,-0.2472997,0.0129981
1732482643122,-1.56926,1.569359,0.1765656,-0.9922215,0.1088181,0.06045902,0,0,0,-1.527796,0.8099103,0.01530361,-0.3069732,-0.6286918,-0.7145034,0,0,0,-1.44409,0.7335832,0.3849299,-0.3321282,-0.7692438,0.5458525,0,0,0,0.0129981
1732482643154,-1.621845,1.566232,0.1763844,-0.9929024,0.1131705,0.03657115,-3.943884,-0.2344787,-0.01358986,-1.55723,0.8002401,0.009801388,-0.2519526,-0.639309,-0.7265016,-2.207565,-0.7252648,-0.4126668,-1.492822,0.7373495,0.3842716,-0.3428726,-0.7638617,0.5467668,-3.654903,0.2824724,-0.04937053,0.0129981
1732482643162,-1.621845,1.566232,0.1763844,-0.9929024,0.1131705,0.03657115,0,0,0,-1.55723,0.8002401,0.009801388,-0.2519526,-0.639309,-0.7265016,0,0,0,-1.492822,0.7373495,0.3842716,-0.3428726,-0.7638617,0.5467668,0,0,0,0.0129981
1732482643169,-1.621845,1.566232,0.1763844,-0.9929024,0.1131705,0.03657115,0,0,0,-1.55723,0.8002401,0.009801388,-0.2519526,-0.639309,-0.7265016,0,0,0,-1.492822,0.7373495,0.3842716,-0.3428726,-0.7638617,0.5467668,0,0,0,0.0129981
1732482643183,-1.674781,1.554772,0.177454,-0.9932498,0.1143941,0.01921624,-3.970206,-0.8595139,0.08021593,-1.595394,0.7833899,0.007994175,-0.2088297,-0.6472007,-0.7331591,-2.86231,-1.263767,-0.135541,-1.554514,0.7375388,0.3885188,-0.3742297,-0.7454908,0.5515395,-4.626882,0.01419783,0.3185391,0.0129981
1732482643191,-1.674781,1.554772,0.177454,-0.9932498,0.1143941,0.01921624,0,0,0,-1.595394,0.7833899,0.007994175,-0.2088297,-0.6472007,-0.7331591,0,0,0,-1.554514,0.7375388,0.3885188,-0.3742297,-0.7454908,0.5515395,0,0,0,0.0129981
1732482643198,-1.674781,1.554772,0.177454,-0.9932498,0.1143941,0.01921624,0,0,0,-1.595394,0.7833899,0.007994175,-0.2088297,-0.6472007,-0.7331591,0,0,0,-1.554514,0.7375388,0.3885188,-0.3742297,-0.7454908,0.5515395,0,0,0,0.0129981
1732482643223,-1.710198,1.547813,0.1782298,-0.9933292,0.1144163,0.0143699,-2.656245,-0.5219668,0.05818605,-1.622606,0.7685328,0.007843494,-0.1557312,-0.6611435,-0.7339191,-2.040911,-1.114283,-0.01130104,-1.598332,0.7353719,0.3894482,-0.4077078,-0.7280297,0.5511328,-3.28635,-0.1625195,0.06970167,0.0129981
1732482643231,-1.710198,1.547813,0.1782298,-0.9933292,0.1144163,0.0143699,0,0,0,-1.622606,0.7685328,0.007843494,-0.1557312,-0.6611435,-0.7339191,0,0,0,-1.598332,0.7353719,0.3894482,-0.4077078,-0.7280297,0.5511328,0,0,0,0.0129981
1732482643264,-1.763906,1.535593,0.1798348,-0.9923798,0.1228204,0.009880364,-4.028106,-0.9165019,0.1203775,-1.657504,0.749349,0.009091377,-0.06474516,-0.6743754,-0.7355452,-2.6173,-1.438782,0.09359121,-1.643066,0.7325073,0.3898931,-0.455171,-0.6992135,0.5512894,-3.355086,-0.2148405,0.03336668,0.0129981
1732482643272,-1.763906,1.535593,0.1798348,-0.9923798,0.1228204,0.009880364,0,0,0,-1.657504,0.749349,0.009091377,-0.06474516,-0.6743754,-0.7355452,0,0,0,-1.643066,0.7325073,0.3898931,-0.455171,-0.6992135,0.5512894,0,0,0,0.0129981
1732482643280,-1.763906,1.535593,0.1798348,-0.9923798,0.1228204,0.009880364,0,0,0,-1.657504,0.749349,0.009091377,-0.06474516,-0.6743754,-0.7355452,0,0,0,-1.643066,0.7325073,0.3898931,-0.455171,-0.6992135,0.5512894,0,0,0,0.0129981
1732482643308,-1.818882,1.529234,0.1816301,-0.9945147,0.1034456,0.01548392,-4.123235,-0.4769146,0.1346469,-1.696263,0.7329625,0.01205015,0.03608456,-0.7096174,-0.7036631,-2.906942,-1.228984,0.2219081,-1.71734,0.729931,0.3933325,-0.4775571,-0.6795013,0.5569716,-5.570555,-0.1932263,0.257957,0.01623058
1732482643315,-1.818882,1.529234,0.1816301,-0.9945147,0.1034456,0.01548392,0,0,0,-1.696263,0.7329625,0.01205015,0.03608456,-0.7096174,-0.7036631,0,0,0,-1.71734,0.729931,0.3933325,-0.4775571,-0.6795013,0.5569716,0,0,0,0.01623058
1732482643323,-1.818882,1.529234,0.1816301,-0.9945147,0.1034456,0.01548392,0,0,0,-1.696263,0.7329625,0.01205015,0.03608456,-0.7096174,-0.7036631,0,0,0,-1.71734,0.729931,0.3933325,-0.4775571,-0.6795013,0.5569716,0,0,0,0.01623058
1732482643330,-1.818882,1.529234,0.1816301,-0.9945147,0.1034456,0.01548392,0,0,0,-1.696263,0.7329625,0.01205015,0.03608456,-0.7096174,-0.7036631,0,0,0,-1.71734,0.729931,0.3933325,-0.4775571,-0.6795013,0.5569716,0,0,0,0.01623058
1732482643347,-1.874451,1.529697,0.1828723,-0.9949395,0.09936805,0.01488984,-4.167652,0.03472567,0.09316206,-1.740707,0.7220308,0.01757383,0.09629822,-0.7314953,-0.6750125,-3.333342,-0.8198798,0.4142761,-1.777117,0.7289422,0.3993249,-0.4538168,-0.6711199,0.5862155,-4.483223,-0.07415861,0.4494309,0.01819992
1732482643355,-1.874451,1.529697,0.1828723,-0.9949395,0.09936805,0.01488984,0,0,0,-1.740707,0.7220308,0.01757383,0.09629822,-0.7314953,-0.6750125,0,0,0,-1.777117,0.7289422,0.3993249,-0.4538168,-0.6711199,0.5862155,0,0,0,0.01819992
1732482643362,-1.874451,1.529697,0.1828723,-0.9949395,0.09936805,0.01488984,0,0,0,-1.740707,0.7220308,0.01757383,0.09629822,-0.7314953,-0.6750125,0,0,0,-1.777117,0.7289422,0.3993249,-0.4538168,-0.6711199,0.5862155,0,0,0,0.01819992
1732482643388,-1.930276,1.534535,0.1832418,-0.9959211,0.08978996,0.00890559,-4.186857,0.362885,0.02771616,-1.798851,0.7221924,0.01662016,0.1271551,-0.7291403,-0.6724479,-4.360735,0.01211911,-0.07152557,-1.825331,0.7285069,0.4083257,-0.3838766,-0.6900994,0.613516,-3.616083,-0.03265142,0.6750584,0.01819992
1732482643396,-1.930276,1.534535,0.1832418,-0.9959211,0.08978996,0.00890559,0,0,0,-1.798851,0.7221924,0.01662016,0.1271551,-0.7291403,-0.6724479,0,0,0,-1.825331,0.7285069,0.4083257,-0.3838766,-0.6900994,0.613516,0,0,0,0.01819992
1732482643403,-1.930276,1.534535,0.1832418,-0.9959211,0.08978996,0.00890559,0,0,0,-1.798851,0.7221924,0.01662016,0.1271551,-0.7291403,-0.6724479,0,0,0,-1.825331,0.7285069,0.4083257,-0.3838766,-0.6900994,0.613516,0,0,0,0.01819992
1732482643428,-1.984717,1.538438,0.1833491,-0.9968701,0.07821399,0.011531,-4.083073,0.2926826,0.008046627,-1.868335,0.7289612,0.01047277,0.1239351,-0.731882,-0.6700668,-5.211318,0.5076617,-0.4610538,-1.866916,0.727815,0.4158154,-0.3120812,-0.7260203,0.6127805,-3.118873,-0.0518918,0.5617261,0.01819992
1732482643436,-1.984717,1.538438,0.1833491,-0.9968701,0.07821399,0.011531,0,0,0,-1.868335,0.7289612,0.01047277,0.1239351,-0.731882,-0.6700668,0,0,0,-1.866916,0.727815,0.4158154,-0.3120812,-0.7260203,0.6127805,0,0,0,0.01819992
1732482643443,-1.984717,1.538438,0.1833491,-0.9968701,0.07821399,0.011531,0,0,0,-1.868335,0.7289612,0.01047277,0.1239351,-0.731882,-0.6700668,0,0,0,-1.866916,0.727815,0.4158154,-0.3120812,-0.7260203,0.6127805,0,0,0,0.01819992
1732482643470,-2.04007,1.547002,0.1834297,-0.9949067,0.09919207,0.01795286,-4.151452,0.6423265,0.006043911,-1.942261,0.735792,0.002934456,0.0673309,-0.7349292,-0.6747936,-5.544484,0.5123109,-0.5653739,-1.908052,0.725572,0.4181042,-0.2637343,-0.7533302,0.6024434,-3.085184,-0.1682237,0.1716614,0.01819992
1732482643478,-2.04007,1.547002,0.1834297,-0.9949067,0.09919207,0.01795286,0,0,0,-1.942261,0.735792,0.002934456,0.0673309,-0.7349292,-0.6747936,0,0,0,-1.908052,0.725572,0.4181042,-0.2637343,-0.7533302,0.6024434,0,0,0,0.01819992
1732482643484,-2.04007,1.547002,0.1834297,-0.9949067,0.09919207,0.01795286,0,0,0,-1.942261,0.735792,0.002934456,0.0673309,-0.7349292,-0.6747936,0,0,0,-1.908052,0.725572,0.4181042,-0.2637343,-0.7533302,0.6024434,0,0,0,0.01819992
1732482643512,-2.095541,1.554961,0.1840763,-0.9926879,0.1180497,0.025208,-4.160392,0.5969167,0.04849434,-2.022134,0.7480677,-0.002938271,-0.0643484,-0.7104967,-0.7007526,-5.990481,0.9206727,-0.4404545,-1.95828,0.7249695,0.4164548,-0.2555539,-0.7719908,0.5819989,-3.767109,-0.04518628,-0.1237035,0.01819992
1732482643520,-2.095541,1.554961,0.1840763,-0.9926879,0.1180497,0.025208,0,0,0,-2.022134,0.7480677,-0.002938271,-0.0643484,-0.7104967,-0.7007526,0,0,0,-1.95828,0.7249695,0.4164548,-0.2555539,-0.7719908,0.5819989,0,0,0,0.01819992
1732482643526,-2.095541,1.554961,0.1840763,-0.9926879,0.1180497,0.025208,0,0,0,-2.022134,0.7480677,-0.002938271,-0.0643484,-0.7104967,-0.7007526,0,0,0,-1.95828,0.7249695,0.4164548,-0.2555539,-0.7719908,0.5819989,0,0,0,0.01819992
1732482643554,-2.149896,1.56434,0.185019,-0.993619,0.1079238,0.03277194,-4.0766,0.7034361,0.07070303,-2.109694,0.7672527,-0.003382683,-0.2178435,-0.6704142,-0.7092884,-6.567013,1.43888,-0.03333092,-2.009663,0.7262029,0.4110765,-0.2573954,-0.7900609,0.5563736,-3.853691,0.09250492,-0.4033685,0.01819992
1732482643561,-2.149896,1.56434,0.185019,-0.993619,0.1079238,0.03277194,0,0,0,-2.109694,0.7672527,-0.003382683,-0.2178435,-0.6704142,-0.7092884,0,0,0,-2.009663,0.7262029,0.4110765,-0.2573954,-0.7900609,0.5563736,0,0,0,0.01819992
1732482643568,-2.149896,1.56434,0.185019,-0.993619,0.1079238,0.03277194,0,0,0,-2.109694,0.7672527,-0.003382683,-0.2178435,-0.6704142,-0.7092884,0,0,0,-2.009663,0.7262029,0.4110765,-0.2573954,-0.7900609,0.5563736,0,0,0,0.01819992
1732482643582,-2.203989,1.570935,0.186079,-0.9950031,0.09293664,0.03649271,-4.056931,0.494644,0.07950068,-2.197783,0.7910409,0.0006299019,-0.3519612,-0.6267078,-0.6952419,-6.606638,1.784111,0.3009439,-2.05873,0.7294868,0.4064908,-0.2415147,-0.8073148,0.5384364,-3.680062,0.2462938,-0.3439307,0.01819992
1732482643589,-2.203989,1.570935,0.186079,-0.9950031,0.09293664,0.03649271,0,0,0,-2.197783,0.7910409,0.0006299019,-0.3519612,-0.6267078,-0.6952419,0,0,0,-2.05873,0.7294868,0.4064908,-0.2415147,-0.8073148,0.5384364,0,0,0,0.01819992
1732482643596,-2.203989,1.570935,0.186079,-0.9950031,0.09293664,0.03649271,0,0,0,-2.197783,0.7910409,0.0006299019,-0.3519612,-0.6267078,-0.6952419,0,0,0,-2.05873,0.7294868,0.4064908,-0.2415147,-0.8073148,0.5384364,0,0,0,0.01819992
1732482643624,-2.239565,1.572648,0.1866965,-0.996027,0.08033065,0.03843981,-2.668262,0.128442,0.04631281,-2.255665,0.8066878,0.01386213,-0.5108852,-0.6018853,-0.613784,-4.341137,1.17352,0.9924173,-2.093884,0.7318386,0.4036279,-0.2269406,-0.8172993,0.5296414,-2.63654,0.1763821,-0.2147198,0.01819992
1732482643631,-2.239565,1.572648,0.1866965,-0.996027,0.08033065,0.03843981,0,0,0,-2.255665,0.8066878,0.01386213,-0.5108852,-0.6018853,-0.613784,0,0,0,-2.093884,0.7318386,0.4036279,-0.2269406,-0.8172993,0.5296414,0,0,0,0.01819992
1732482643666,-2.292887,1.572541,0.1873903,-0.9964197,0.07177994,0.04467076,-3.999138,-0.008010864,0.05203485,-2.341743,0.825298,0.03975964,-0.7159061,-0.5428566,-0.4390739,-6.455827,1.395759,1.942313,-2.133708,0.733171,0.400691,-0.2063663,-0.8256103,0.5251483,-2.986801,0.09993464,-0.220263,0.01819992
1732482643673,-2.292887,1.572541,0.1873903,-0.9964197,0.07177994,0.04467076,0,0,0,-2.341743,0.825298,0.03975964,-0.7159061,-0.5428566,-0.4390739,0,0,0,-2.133708,0.733171,0.400691,-0.2063663,-0.8256103,0.5251483,0,0,0,0.01819992
1732482643680,-2.292887,1.572541,0.1873903,-0.9964197,0.07177994,0.04467076,0,0,0,-2.341743,0.825298,0.03975964,-0.7159061,-0.5428566,-0.4390739,0,0,0,-2.133708,0.733171,0.400691,-0.2063663,-0.8256103,0.5251483,0,0,0,0.01819992
1732482643696,-2.345582,1.564174,0.1876636,-0.9957829,0.07429295,0.05382907,-3.952074,-0.6275207,0.02049208,-2.420691,0.8405629,0.05119705,-0.682492,-0.4785164,-0.552474,-5.921102,1.14487,0.8578062,-2.189326,0.7309271,0.3983412,-0.1726591,-0.8212727,0.5437831,-4.171371,-0.1682997,-0.176239,0.01819992
1732482643703,-2.345582,1.564174,0.1876636,-0.9957829,0.07429295,0.05382907,0,0,0,-2.420691,0.8405629,0.05119705,-0.682492,-0.4785164,-0.552474,0,0,0,-2.189326,0.7309271,0.3983412,-0.1726591,-0.8212727,0.5437831,0,0,0,0.01819992
1732482643710,-2.345582,1.564174,0.1876636,-0.9957829,0.07429295,0.05382907,0,0,0,-2.420691,0.8405629,0.05119705,-0.682492,-0.4785164,-0.552474,0,0,0,-2.189326,0.7309271,0.3983412,-0.1726591,-0.8212727,0.5437831,0,0,0,0.01819992
1732482643736,-2.380588,1.556995,0.1875348,-0.995397,0.07577457,0.05867904,-2.625489,-0.5384356,-0.009655952,-2.460029,0.84743,0.04412746,-0.6703811,-0.4337656,-0.6020277,-2.950394,0.5150333,-0.5302191,-2.22143,0.7264115,0.3985543,-0.1429375,-0.8215392,0.5519444,-2.407765,-0.3386691,0.01598597,0.01819992
1732482643744,-2.380588,1.556995,0.1875348,-0.995397,0.07577457,0.05867904,0,0,0,-2.460029,0.84743,0.04412746,-0.6703811,-0.4337656,-0.6020277,0,0,0,-2.22143,0.7264115,0.3985543,-0.1429375,-0.8215392,0.5519444,0,0,0,0.01819992
1732482643751,-2.380588,1.556995,0.1875348,-0.995397,0.07577457,0.05867904,0,0,0,-2.460029,0.84743,0.04412746,-0.6703811,-0.4337656,-0.6020277,0,0,0,-2.22143,0.7264115,0.3985543,-0.1429375,-0.8215392,0.5519444,0,0,0,0.01819992
1732482643778,-2.433799,1.543903,0.1872778,-0.9951434,0.07779221,0.06031883,-3.990805,-0.9818852,-0.01927614,-2.514003,0.853072,0.0335269,-0.692143,-0.3466862,-0.6330462,-4.048061,0.4231542,-0.7950425,-2.263902,0.7166818,0.3998756,-0.1037349,-0.8180143,0.5657666,-3.185391,-0.7297218,0.09909868,0.01819992
1732482643785,-2.433799,1.543903,0.1872778,-0.9951434,0.07779221,0.06031883,0,0,0,-2.514003,0.853072,0.0335269,-0.692143,-0.3466862,-0.6330462,0,0,0,-2.263902,0.7166818,0.3998756,-0.1037349,-0.8180143,0.5657666,0,0,0,0.01819992
1732482643792,-2.433799,1.543903,0.1872778,-0.9951434,0.07779221,0.06031883,0,0,0,-2.514003,0.853072,0.0335269,-0.692143,-0.3466862,-0.6330462,0,0,0,-2.263902,0.7166818,0.3998756,-0.1037349,-0.8180143,0.5657666,0,0,0,0.01819992
1732482643819,-2.486619,1.530642,0.1872406,-0.9955332,0.0733324,0.05946964,-3.961515,-0.9945631,-0.002789497,-2.565415,0.8739406,0.0258193,-0.7066308,-0.2651091,-0.6560416,-3.855908,1.56514,-0.5780697,-2.311287,0.7031549,0.4029007,-0.07330886,-0.8121758,0.5787888,-3.553927,-1.014519,0.2268791,0.01819992
1732482643827,-2.486619,1.530642,0.1872406,-0.9955332,0.0733324,0.05946964,0,0,0,-2.565415,0.8739406,0.0258193,-0.7066308,-0.2651091,-0.6560416,0,0,0,-2.311287,0.7031549,0.4029007,-0.07330886,-0.8121758,0.5787888,0,0,0,0.01819992
1732482643833,-2.486619,1.530642,0.1872406,-0.9955332,0.0733324,0.05946964,0,0,0,-2.565415,0.8739406,0.0258193,-0.7066308,-0.2651091,-0.6560416,0,0,0,-2.311287,0.7031549,0.4029007,-0.07330886,-0.8121758,0.5787888,0,0,0,0.01819992
1732482643860,-2.540317,1.528726,0.1875663,-0.9959827,0.06610443,0.06040591,-4.027355,-0.1437485,0.02442598,-2.697581,0.9662396,0.009934902,-0.6544645,-0.2447586,-0.715381,-9.912407,6.922428,-1.19133,-2.358124,0.6956115,0.4057889,-0.06155068,-0.8032182,0.5924965,-3.512728,-0.5657539,0.2166152,0.0229435
1732482643867,-2.540317,1.528726,0.1875663,-0.9959827,0.06610443,0.06040591,0,0,0,-2.697581,0.9662396,0.009934902,-0.6544645,-0.2447586,-0.715381,0,0,0,-2.358124,0.6956115,0.4057889,-0.06155068,-0.8032182,0.5924965,0,0,0,0.0229435
1732482643874,-2.540317,1.528726,0.1875663,-0.9959827,0.06610443,0.06040591,0,0,0,-2.697581,0.9662396,0.009934902,-0.6544645,-0.2447586,-0.715381,0,0,0,-2.358124,0.6956115,0.4057889,-0.06155068,-0.8032182,0.5924965,0,0,0,0.0229435
1732482643902,-2.594065,1.525624,0.1882358,-0.9950977,0.07226309,0.06752062,-4.03111,-0.2326101,0.05021095,-2.740458,0.9605128,-7.915497E-05,-0.5513781,-0.2667222,-0.7904699,-3.21579,-0.4295155,-0.7510543,-2.408966,0.6876974,0.4070597,-0.07972172,-0.8049743,0.5879295,-3.813171,-0.5935594,0.09530783,0.02309656
1732482643910,-2.594065,1.525624,0.1882358,-0.9950977,0.07226309,0.06752062,0,0,0,-2.740458,0.9605128,-7.915497E-05,-0.5513781,-0.2667222,-0.7904699,0,0,0,-2.408966,0.6876974,0.4070597,-0.07972172,-0.8049743,0.5879295,0,0,0,0.02309656
1732482643917,-2.594065,1.525624,0.1882358,-0.9950977,0.07226309,0.06752062,0,0,0,-2.740458,0.9605128,-7.915497E-05,-0.5513781,-0.2667222,-0.7904699,0,0,0,-2.408966,0.6876974,0.4070597,-0.07972172,-0.8049743,0.5879295,0,0,0,0.02309656
1732482643944,-2.647912,1.53488,0.1885309,-0.9951075,0.07180185,0.06786668,-4.038513,0.6942183,0.02213717,-2.769634,0.9475177,0.001198769,-0.4583859,-0.3218991,-0.8284109,-2.188182,-0.9746298,0.09584427,-2.462387,0.6867731,0.4091411,-0.07833689,-0.7934866,0.603525,-4.006541,-0.06932169,0.1561046,0.02309656
1732482643951,-2.647912,1.53488,0.1885309,-0.9951075,0.07180185,0.06786668,0,0,0,-2.769634,0.9475177,0.001198769,-0.4583859,-0.3218991,-0.8284109,0,0,0,-2.462387,0.6867731,0.4091411,-0.07833689,-0.7934866,0.603525,0,0,0,0.02309656
1732482643958,-2.647912,1.53488,0.1885309,-0.9951075,0.07180185,0.06786668,0,0,0,-2.769634,0.9475177,0.001198769,-0.4583859,-0.3218991,-0.8284109,0,0,0,-2.462387,0.6867731,0.4091411,-0.07833689,-0.7934866,0.603525,0,0,0,0.02309656
1732482643985,-2.701004,1.538805,0.1886024,-0.9955088,0.06671709,0.06716752,-3.981864,0.2943814,0.005364418,-2.789097,0.9372008,0.01246691,-0.4024788,-0.4248733,-0.8108599,-1.45973,-0.7737637,0.8451104,-2.517913,0.6913059,0.410995,-0.08591908,-0.8105235,0.5793699,-4.164505,0.3399611,0.1390457,0.02309656
1732482643993,-2.701004,1.538805,0.1886024,-0.9955088,0.06671709,0.06716752,0,0,0,-2.789097,0.9372008,0.01246691,-0.4024788,-0.4248733,-0.8108599,0,0,0,-2.517913,0.6913059,0.410995,-0.08591908,-0.8105235,0.5793699,0,0,0,0.02309656
1732482644000,-2.701004,1.538805,0.1886024,-0.9955088,0.06671709,0.06716752,0,0,0,-2.789097,0.9372008,0.01246691,-0.4024788,-0.4248733,-0.8108599,0,0,0,-2.517913,0.6913059,0.410995,-0.08591908,-0.8105235,0.5793699,0,0,0,0.02309656
1732482644027,-2.754098,1.543342,0.1873417,-0.9946428,0.08160701,0.06345427,-3.982079,0.3402293,-0.09455681,-2.806631,0.9253706,0.03412294,-0.4502049,-0.5047915,-0.7365472,-1.315033,-0.8872703,1.624203,-2.574938,0.6972723,0.4110885,-0.1326346,-0.7968399,0.5894526,-4.276836,0.4474774,0.007009506,0.02309656
1732482644035,-2.754098,1.543342,0.1873417,-0.9946428,0.08160701,0.06345427,0,0,0,-2.806631,0.9253706,0.03412294,-0.4502049,-0.5047915,-0.7365472,0,0,0,-2.574938,0.6972723,0.4110885,-0.1326346,-0.7968399,0.5894526,0,0,0,0.02309656
1732482644042,-2.754098,1.543342,0.1873417,-0.9946428,0.08160701,0.06345427,0,0,0,-2.806631,0.9253706,0.03412294,-0.4502049,-0.5047915,-0.7365472,0,0,0,-2.574938,0.6972723,0.4110885,-0.1326346,-0.7968399,0.5894526,0,0,0,0.02309656
1732482644049,-2.754098,1.543342,0.1873417,-0.9946428,0.08160701,0.06345427,0,0,0,-2.806631,0.9253706,0.03412294,-0.4502049,-0.5047915,-0.7365472,0,0,0,-2.574938,0.6972723,0.4110885,-0.1326346,-0.7968399,0.5894526,0,0,0,0.02309656
1732482644068,-2.807505,1.550674,0.185113,-0.9933942,0.1012968,0.0539183,-4.005504,0.5499423,-0.1671553,-2.820072,0.9190472,0.04966307,-0.528415,-0.516698,-0.6736479,-1.008117,-0.4742503,1.165509,-2.636248,0.7050578,0.4102497,-0.2125946,-0.7786581,0.590335,-4.598236,0.5839124,-0.06290674,0.02309656
1732482644076,-2.807505,1.550674,0.185113,-0.9933942,0.1012968,0.0539183,0,0,0,-2.820072,0.9190472,0.04966307,-0.528415,-0.516698,-0.6736479,0,0,0,-2.636248,0.7050578,0.4102497,-0.2125946,-0.7786581,0.590335,0,0,0,0.02309656
1732482644083,-2.807505,1.550674,0.185113,-0.9933942,0.1012968,0.0539183,0,0,0,-2.820072,0.9190472,0.04966307,-0.528415,-0.516698,-0.6736479,0,0,0,-2.636248,0.7050578,0.4102497,-0.2125946,-0.7786581,0.590335,0,0,0,0.02309656
1732482644110,-2.860629,1.558942,0.1814294,-0.9942089,0.0969815,0.04629892,-3.984296,0.6200731,-0.2762675,-2.829418,0.9194511,0.055861,-0.4845901,-0.5256107,-0.6992185,-0.7009149,0.03029108,0.4648447,-2.704646,0.7141054,0.4048553,-0.2911014,-0.7656607,0.573606,-5.129886,0.6785676,-0.4045844,0.02309656
1732482644118,-2.860629,1.558942,0.1814294,-0.9942089,0.0969815,0.04629892,0,0,0,-2.829418,0.9194511,0.055861,-0.4845901,-0.5256107,-0.6992185,0,0,0,-2.704646,0.7141054,0.4048553,-0.2911014,-0.7656607,0.573606,0,0,0,0.02309656
1732482644125,-2.860629,1.558942,0.1814294,-0.9942089,0.0969815,0.04629892,0,0,0,-2.829418,0.9194511,0.055861,-0.4845901,-0.5256107,-0.6992185,0,0,0,-2.704646,0.7141054,0.4048553,-0.2911014,-0.7656607,0.573606,0,0,0,0.02309656
1732482644138,-2.912908,1.563873,0.1775279,-0.9956682,0.08682808,0.03325915,-3.92096,0.3697962,-0.2926111,-2.837244,0.9212265,0.06231213,-0.3701894,-0.582153,-0.7239189,-0.5869746,0.1331538,0.4838347,-2.766259,0.7238382,0.396512,-0.3713939,-0.7535859,0.542379,-4.620945,0.7299632,-0.6257415,0.02309656
1732482644146,-2.912908,1.563873,0.1775279,-0.9956682,0.08682808,0.03325915,0,0,0,-2.837244,0.9212265,0.06231213,-0.3701894,-0.582153,-0.7239189,0,0,0,-2.766259,0.7238382,0.396512,-0.3713939,-0.7535859,0.542379,0,0,0,0.02309656
1732482644153,-2.912908,1.563873,0.1775279,-0.9956682,0.08682808,0.03325915,0,0,0,-2.837244,0.9212265,0.06231213,-0.3701894,-0.582153,-0.7239189,0,0,0,-2.766259,0.7238382,0.396512,-0.3713939,-0.7535859,0.542379,0,0,0,0.02309656
1732482644180,-2.948108,1.566566,0.1746359,-0.9959015,0.08705498,0.02453697,-2.639973,0.2019614,-0.2169013,-2.841763,0.9191753,0.06770992,-0.3076675,-0.6216269,-0.7203617,-0.3388882,-0.1538381,0.4048347,-2.81898,0.7324505,0.3880301,-0.3844404,-0.7500284,0.5382035,-3.954113,0.6459206,-0.6361485,0.02309656
1732482644187,-2.948108,1.566566,0.1746359,-0.9959015,0.08705498,0.02453697,0,0,0,-2.841763,0.9191753,0.06770992,-0.3076675,-0.6216269,-0.7203617,0,0,0,-2.81898,0.7324505,0.3880301,-0.3844404,-0.7500284,0.5382035,0,0,0,0.02309656
1732482644208,-3.000562,1.565867,0.170877,-0.9949892,0.09923027,0.01226068,-3.934085,-0.05239248,-0.281918,-2.84768,0.9130366,0.07449245,-0.2369318,-0.6436976,-0.7276795,-0.4438162,-0.4604056,0.5086899,-2.868525,0.7398484,0.384038,-0.4061867,-0.7353204,0.5425094,-3.715825,0.5548462,-0.2994061,0.02309656
1732482644216,-3.000562,1.565867,0.170877,-0.9949892,0.09923027,0.01226068,0,0,0,-2.84768,0.9130366,0.07449245,-0.2369318,-0.6436976,-0.7276795,0,0,0,-2.868525,0.7398484,0.384038,-0.4061867,-0.7353204,0.5425094,0,0,0,0.02309656
1732482644223,-3.000562,1.565867,0.170877,-0.9949892,0.09923027,0.01226068,0,0,0,-2.84768,0.9130366,0.07449245,-0.2369318,-0.6436976,-0.7276795,0,0,0,-2.868525,0.7398484,0.384038,-0.4061867,-0.7353204,0.5425094,0,0,0,0.02309656
1732482644238,-3.036139,1.55902,0.168344,-0.9937693,0.1113462,0.00500536,-2.668262,-0.5135179,-0.1899719,-2.8516,0.9045902,0.07946253,-0.1982963,-0.6591579,-0.7253897,-0.2940059,-0.6334797,0.3727555,-2.916005,0.7448414,0.3826671,-0.4296964,-0.7208047,0.5438766,-3.561044,0.3744721,-0.102818,0.02309656
1732482644245,-3.036139,1.55902,0.168344,-0.9937693,0.1113462,0.00500536,0,0,0,-2.8516,0.9045902,0.07946253,-0.1982963,-0.6591579,-0.7253897,0,0,0,-2.916005,0.7448414,0.3826671,-0.4296964,-0.7208047,0.5438766,0,0,0,0.02309656
1732482644265,-3.071419,1.549867,0.1665335,-0.9935116,0.1137327,-0.0003554821,-2.646017,-0.6864667,-0.1357913,-2.856373,0.8954874,0.08366585,-0.1439906,-0.6800783,-0.7188609,-0.3579855,-0.6827116,0.315249,-2.954244,0.7467954,0.3815637,-0.4642559,-0.6994923,0.5433022,-2.867889,0.146547,-0.08275509,0.02309656
1732482644273,-3.071419,1.549867,0.1665335,-0.9935116,0.1137327,-0.0003554821,0,0,0,-2.856373,0.8954874,0.08366585,-0.1439906,-0.6800783,-0.7188609,0,0,0,-2.954244,0.7467954,0.3815637,-0.4642559,-0.6994923,0.5433022,0,0,0,0.02309656
1732482644306,-3.107637,1.541544,0.1643534,-0.9934126,0.1145514,-0.003137827,-2.716327,-0.6242216,-0.1635075,-2.862754,0.8835724,0.08621645,-0.08110398,-0.6920358,-0.7172931,-0.4785419,-0.8936226,0.1912951,-2.99318,0.74685,0.3802118,-0.5030735,-0.6729743,0.5422386,-2.92021,0.004094839,-0.1013875,0.02309656
1732482644314,-3.107637,1.541544,0.1643534,-0.9934126,0.1145514,-0.003137827,0,0,0,-2.862754,0.8835724,0.08621645,-0.08110398,-0.6920358,-0.7172931,0,0,0,-2.99318,0.74685,0.3802118,-0.5030735,-0.6729743,0.5422386,0,0,0,0.02309656
1732482644334,-3.162601,1.529689,0.1615949,-0.9917582,0.1281086,-0.002119184,-4.122269,-0.8891165,-0.2068877,-2.875882,0.866861,0.08908129,0.01517904,-0.6899883,-0.7236617,-0.984621,-1.253356,0.2148628,-3.063122,0.7442077,0.3772278,-0.549224,-0.640296,0.5370048,-5.24565,-0.1981661,-0.2238035,0.02309656
1732482644342,-3.162601,1.529689,0.1615949,-0.9917582,0.1281086,-0.002119184,0,0,0,-2.875882,0.866861,0.08908129,0.01517904,-0.6899883,-0.7236617,0,0,0,-3.063122,0.7442077,0.3772278,-0.549224,-0.640296,0.5370048,0,0,0,0.02309656
1732482644349,-3.162601,1.529689,0.1615949,-0.9917582,0.1281086,-0.002119184,0,0,0,-2.875882,0.866861,0.08908129,0.01517904,-0.6899883,-0.7236617,0,0,0,-3.063122,0.7442077,0.3772278,-0.549224,-0.640296,0.5370048,0,0,0,0.02309656
1732482644364,-3.199735,1.527388,0.1597662,-0.9934535,0.1142291,0.001569211,-2.785099,-0.1725912,-0.1371503,-2.888297,0.865066,0.09208775,0.0810734,-0.6973584,-0.7121229,-0.9311199,-0.1346245,0.2254844,-3.113952,0.7449226,0.3744559,-0.5564959,-0.6371786,0.5332128,-3.812277,0.05361736,-0.2078891,0.02803659
1732482644371,-3.199735,1.527388,0.1597662,-0.9934535,0.1142291,0.001569211,0,0,0,-2.888297,0.865066,0.09208775,0.0810734,-0.6973584,-0.7121229,0,0,0,-3.113952,0.7449226,0.3744559,-0.5564959,-0.6371786,0.5332128,0,0,0,0.02803659
1732482644378,-3.199735,1.527388,0.1597662,-0.9934535,0.1142291,0.001569211,0,0,0,-2.888297,0.865066,0.09208775,0.0810734,-0.6973584,-0.7121229,0,0,0,-3.113952,0.7449226,0.3744559,-0.5564959,-0.6371786,0.5332128,0,0,0,0.02803659
1732482644405,-3.236725,1.529207,0.1573925,-0.9945518,0.1042399,0.0008462667,-2.774262,0.1364082,-0.1780272,-2.907255,0.8670694,0.093225,0.1366817,-0.7093714,-0.6914558,-1.421857,0.1502573,0.08529425,-3.155052,0.7451679,0.3726406,-0.5378611,-0.6404999,0.5481472,-3.082502,0.01839101,-0.1361489,0.03311527
1732482644413,-3.236725,1.529207,0.1573925,-0.9945518,0.1042399,0.0008462667,0,0,0,-2.907255,0.8670694,0.093225,0.1366817,-0.7093714,-0.6914558,0,0,0,-3.155052,0.7451679,0.3726406,-0.5378611,-0.6404999,0.5481472,0,0,0,0.03311527
1732482644445,-3.292853,1.528657,0.153275,-0.9950173,0.09967835,-0.002246141,-4.209602,-0.04125237,-0.3088117,-2.945251,0.864929,0.09155703,0.1856178,-0.7090543,-0.6802857,-2.849686,-0.1605347,-0.1250982,-3.197256,0.7398244,0.3739891,-0.4763607,-0.658668,0.5824406,-3.165293,-0.4007578,0.1011372,0.03311527
1732482644453,-3.292853,1.528657,0.153275,-0.9950173,0.09967835,-0.002246141,0,0,0,-2.945251,0.864929,0.09155703,0.1856178,-0.7090543,-0.6802857,0,0,0,-3.197256,0.7398244,0.3739891,-0.4763607,-0.658668,0.5824406,0,0,0,0.03311527
1732482644475,-3.34821,1.535694,0.1485562,-0.9957579,0.09201442,0.000257194,-4.151738,0.5278051,-0.3539085,-3.007363,0.8699903,0.08333683,0.1693202,-0.6949365,-0.6988521,-4.658389,0.3795996,-0.6165147,-3.242239,0.734838,0.3785348,-0.3730962,-0.6984471,0.6107135,-3.373682,-0.3739804,0.3409266,0.03311527
1732482644482,-3.34821,1.535694,0.1485562,-0.9957579,0.09201442,0.000257194,0,0,0,-3.007363,0.8699903,0.08333683,0.1693202,-0.6949365,-0.6988521,0,0,0,-3.242239,0.734838,0.3785348,-0.3730962,-0.6984471,0.6107135,0,0,0,0.03311527
1732482644489,-3.34821,1.535694,0.1485562,-0.9957579,0.09201442,0.000257194,0,0,0,-3.007363,0.8699903,0.08333683,0.1693202,-0.6949365,-0.6988521,0,0,0,-3.242239,0.734838,0.3785348,-0.3730962,-0.6984471,0.6107135,0,0,0,0.03311527
1732482644497,-3.34821,1.535694,0.1485562,-0.9957579,0.09201442,0.000257194,0,0,0,-3.007363,0.8699903,0.08333683,0.1693202,-0.6949365,-0.6988521,0,0,0,-3.242239,0.734838,0.3785348,-0.3730962,-0.6984471,0.6107135,0,0,0,0.03311527
1732482644518,-3.384731,1.539927,0.1450548,-0.995459,0.09472193,0.009468019,-2.739072,0.3174841,-0.2626061,-3.062279,0.8760096,0.0745573,0.1329152,-0.707605,-0.6939952,-4.118693,0.4514515,-0.6584644,-3.275288,0.7297919,0.3789768,-0.3026041,-0.7382331,0.6028622,-2.478683,-0.3784597,0.0331521,0.03311527
1732482644525,-3.384731,1.539927,0.1450548,-0.995459,0.09472193,0.009468019,0,0,0,-3.062279,0.8760096,0.0745573,0.1329152,-0.707605,-0.6939952,0,0,0,-3.275288,0.7297919,0.3789768,-0.3026041,-0.7382331,0.6028622,0,0,0,0.03311527
1732482644558,-3.439948,1.549865,0.1406775,-0.9949428,0.09869799,0.0186519,-4.141295,0.7453591,-0.3283024,-3.139918,0.8818246,0.06173944,0.04589069,-0.7142746,-0.6983598,-5.822968,0.4361227,-0.9613395,-3.304549,0.7252118,0.3756785,-0.2475705,-0.7650505,0.5944802,-2.194583,-0.343506,-0.2473712,0.03311527
1732482644565,-3.439948,1.549865,0.1406775,-0.9949428,0.09869799,0.0186519,0,0,0,-3.139918,0.8818246,0.06173944,0.04589069,-0.7142746,-0.6983598,0,0,0,-3.304549,0.7252118,0.3756785,-0.2475705,-0.7650505,0.5944802,0,0,0,0.03311527
1732482644573,-3.439948,1.549865,0.1406775,-0.9949428,0.09869799,0.0186519,0,0,0,-3.139918,0.8818246,0.06173944,0.04589069,-0.7142746,-0.6983598,0,0,0,-3.304549,0.7252118,0.3756785,-0.2475705,-0.7650505,0.5944802,0,0,0,0.03311527
1732482644601,-3.493709,1.55618,0.1369691,-0.9948791,0.09858053,0.02231514,-4.032075,0.4735619,-0.2781272,-3.227918,0.890651,0.04438877,-0.08692029,-0.6815991,-0.7265453,-6.599987,0.6619826,-1.301301,-3.36241,0.7224278,0.3638945,-0.2765558,-0.7855137,0.553611,-4.339564,-0.2087966,-0.8838058,0.03311527
1732482644609,-3.493709,1.55618,0.1369691,-0.9948791,0.09858053,0.02231514,0,0,0,-3.227918,0.890651,0.04438877,-0.08692029,-0.6815991,-0.7265453,0,0,0,-3.36241,0.7224278,0.3638945,-0.2765558,-0.7855137,0.553611,0,0,0,0.03311527
1732482644616,-3.493709,1.55618,0.1369691,-0.9948791,0.09858053,0.02231514,0,0,0,-3.227918,0.890651,0.04438877,-0.08692029,-0.6815991,-0.7265453,0,0,0,-3.36241,0.7224278,0.3638945,-0.2765558,-0.7855137,0.553611,0,0,0,0.03311527
1732482644624,-3.493709,1.55618,0.1369691,-0.9948791,0.09858053,0.02231514,0,0,0,-3.227918,0.890651,0.04438877,-0.08692029,-0.6815991,-0.7265453,0,0,0,-3.36241,0.7224278,0.3638945,-0.2765558,-0.7855137,0.553611,0,0,0,0.03311527
1732482644641,-3.547809,1.564541,0.1333094,-0.9957213,0.08883496,0.02545083,-4.057467,0.6270826,-0.2744794,-3.310898,0.9099413,0.03743315,-0.2120983,-0.6363261,-0.7416899,-6.223512,1.44677,-0.5216718,-3.412403,0.7242388,0.3539586,-0.2818527,-0.7895072,0.5451951,-3.749478,0.1358226,-0.7451892,0.03311527
1732482644648,-3.547809,1.564541,0.1333094,-0.9957213,0.08883496,0.02545083,0,0,0,-3.310898,0.9099413,0.03743315,-0.2120983,-0.6363261,-0.7416899,0,0,0,-3.412403,0.7242388,0.3539586,-0.2818527,-0.7895072,0.5451951,0,0,0,0.03311527
1732482644656,-3.547809,1.564541,0.1333094,-0.9957213,0.08883496,0.02545083,0,0,0,-3.310898,0.9099413,0.03743315,-0.2120983,-0.6363261,-0.7416899,0,0,0,-3.412403,0.7242388,0.3539586,-0.2818527,-0.7895072,0.5451951,0,0,0,0.03311527
1732482644681,-3.601087,1.570648,0.1300206,-0.9964721,0.08012855,0.02496648,-3.995848,0.458014,-0.2466559,-3.396767,0.937647,0.03922319,-0.3962401,-0.577374,-0.7138864,-6.440163,2.077925,0.1342535,-3.463323,0.7290332,0.3483329,-0.2304368,-0.8068233,0.5439993,-3.819001,0.3595814,-0.4219294,0.03311527
1732482644689,-3.601087,1.570648,0.1300206,-0.9964721,0.08012855,0.02496648,0,0,0,-3.396767,0.937647,0.03922319,-0.3962401,-0.577374,-0.7138864,0,0,0,-3.463323,0.7290332,0.3483329,-0.2304368,-0.8068233,0.5439993,0,0,0,0.03311527
1732482644696,-3.601087,1.570648,0.1300206,-0.9964721,0.08012855,0.02496648,0,0,0,-3.396767,0.937647,0.03922319,-0.3962401,-0.577374,-0.7138864,0,0,0,-3.463323,0.7290332,0.3483329,-0.2304368,-0.8068233,0.5439993,0,0,0,0.03311527
1732482644722,-3.654394,1.574011,0.126792,-0.9966103,0.07701261,0.02893728,-3.998065,0.2522349,-0.2421498,-3.487625,0.9675128,0.05200338,-0.5922311,-0.4892069,-0.6402652,-6.814313,2.239939,0.9585142,-3.507562,0.7327501,0.3453441,-0.2003515,-0.8142427,0.5448561,-3.317964,0.2787665,-0.2241611,0.03311527
1732482644730,-3.654394,1.574011,0.126792,-0.9966103,0.07701261,0.02893728,0,0,0,-3.487625,0.9675128,0.05200338,-0.5922311,-0.4892069,-0.6402652,0,0,0,-3.507562,0.7327501,0.3453441,-0.2003515,-0.8142427,0.5448561,0,0,0,0.03311527
1732482644737,-3.654394,1.574011,0.126792,-0.9966103,0.07701261,0.02893728,0,0,0,-3.487625,0.9675128,0.05200338,-0.5922311,-0.4892069,-0.6402652,0,0,0,-3.507562,0.7327501,0.3453441,-0.2003515,-0.8142427,0.5448561,0,0,0,0.03311527
1732482644764,-3.707438,1.571797,0.1231246,-0.9957123,0.08607827,0.03388274,-3.978252,-0.1660466,-0.2750516,-3.568094,0.9933194,0.0593338,-0.6432282,-0.4294374,-0.6339097,-6.035221,1.935491,0.5497813,-3.551779,0.7338513,0.3422523,-0.1734208,-0.8145183,0.5536111,-3.316283,0.08258522,-0.2318859,0.03311527
1732482644771,-3.707438,1.571797,0.1231246,-0.9957123,0.08607827,0.03388274,0,0,0,-3.568094,0.9933194,0.0593338,-0.6432282,-0.4294374,-0.6339097,0,0,0,-3.551779,0.7338513,0.3422523,-0.1734208,-0.8145183,0.5536111,0,0,0,0.03311527
1732482644778,-3.707438,1.571797,0.1231246,-0.9957123,0.08607827,0.03388274,0,0,0,-3.568094,0.9933194,0.0593338,-0.6432282,-0.4294374,-0.6339097,0,0,0,-3.551779,0.7338513,0.3422523,-0.1734208,-0.8145183,0.5536111,0,0,0,0.03311527
1732482644805,-3.759982,1.561906,0.1190228,-0.9952109,0.090344,0.0373286,-3.940845,-0.7417738,-0.3076315,-3.627309,1.005259,0.05683851,-0.6543298,-0.3806047,-0.6534473,-4.44113,0.8954912,-0.1871467,-3.60005,0.7302986,0.3393345,-0.1349609,-0.8157963,0.5623719,-3.620338,-0.2664462,-0.2188325,0.03311527
1732482644813,-3.759982,1.561906,0.1190228,-0.9952109,0.090344,0.0373286,0,0,0,-3.627309,1.005259,0.05683851,-0.6543298,-0.3806047,-0.6534473,0,0,0,-3.60005,0.7302986,0.3393345,-0.1349609,-0.8157963,0.5623719,0,0,0,0.03311527
1732482644820,-3.759982,1.561906,0.1190228,-0.9952109,0.090344,0.0373286,0,0,0,-3.627309,1.005259,0.05683851,-0.6543298,-0.3806047,-0.6534473,0,0,0,-3.60005,0.7302986,0.3393345,-0.1349609,-0.8157963,0.5623719,0,0,0,0.03311527
1732482644833,-3.813275,1.549646,0.1148996,-0.9952317,0.08933049,0.03917289,-3.996992,-0.9195507,-0.3092408,-3.686712,1.009522,0.05496883,-0.7205374,-0.2776921,-0.6353846,-4.455185,0.3196925,-0.1402259,-3.64488,0.721219,0.3368125,-0.09655181,-0.8134226,0.5736041,-3.362203,-0.6809726,-0.1891494,0.03311527
1732482644841,-3.813275,1.549646,0.1148996,-0.9952317,0.08933049,0.03917289,0,0,0,-3.686712,1.009522,0.05496883,-0.7205374,-0.2776921,-0.6353846,0,0,0,-3.64488,0.721219,0.3368125,-0.09655181,-0.8134226,0.5736041,0,0,0,0.03311527
1732482644848,-3.813275,1.549646,0.1148996,-0.9952317,0.08933049,0.03917289,0,0,0,-3.686712,1.009522,0.05496883,-0.7205374,-0.2776921,-0.6353846,0,0,0,-3.64488,0.721219,0.3368125,-0.09655181,-0.8134226,0.5736041,0,0,0,0.03311527
1732482644875,-3.849052,1.540116,0.1125607,-0.9948457,0.09430343,0.03727579,-2.683246,-0.7147551,-0.1754165,-3.734359,1.008683,0.05496883,-0.7479449,-0.2102261,-0.6295905,-3.573525,-0.06290674,0,-3.674707,0.7132441,0.3363471,-0.0698255,-0.8083254,0.5845805,-2.23707,-0.5981147,-0.03490448,0.03311527
1732482644883,-3.849052,1.540116,0.1125607,-0.9948457,0.09430343,0.03727579,0,0,0,-3.734359,1.008683,0.05496883,-0.7479449,-0.2102261,-0.6295905,0,0,0,-3.674707,0.7132441,0.3363471,-0.0698255,-0.8083254,0.5845805,0,0,0,0.03311527
1732482644903,-3.902847,1.52889,0.1094456,-0.9964203,0.07684284,0.03524554,-4.03465,-0.8419633,-0.2336383,-3.789801,1.0092,0.05102348,-0.7472863,-0.1521818,-0.6468421,-4.158139,0.0387758,-0.2959013,-3.711579,0.7028049,0.3368592,-0.04091254,-0.7997267,0.5989686,-2.765357,-0.7829458,0.03840923,0.03311527
1732482644910,-3.902847,1.52889,0.1094456,-0.9964203,0.07684284,0.03524554,0,0,0,-3.789801,1.0092,0.05102348,-0.7472863,-0.1521818,-0.6468421,0,0,0,-3.711579,0.7028049,0.3368592,-0.04091254,-0.7997267,0.5989686,0,0,0,0.03311527
1732482644917,-3.902847,1.52889,0.1094456,-0.9964203,0.07684284,0.03524554,0,0,0,-3.789801,1.0092,0.05102348,-0.7472863,-0.1521818,-0.6468421,0,0,0,-3.711579,0.7028049,0.3368592,-0.04091254,-0.7997267,0.5989686,0,0,0,0.03311527
1732482644933,-3.939332,1.529601,0.1082811,-0.99725,0.06363806,0.03798836,-2.736354,0.05336702,-0.08733273,-3.807862,1.007401,0.04636526,-0.6975009,-0.1673229,-0.6967752,-1.354623,-0.134933,-0.3493667,-3.752526,0.6963814,0.3368874,-0.05168745,-0.7971143,0.6016123,-3.071058,-0.481756,0.002110004,0.03573322
1732482644940,-3.939332,1.529601,0.1082811,-0.99725,0.06363806,0.03798836,0,0,0,-3.807862,1.007401,0.04636526,-0.6975009,-0.1673229,-0.6967752,0,0,0,-3.752526,0.6963814,0.3368874,-0.05168745,-0.7971143,0.6016123,0,0,0,0.03573322
1732482644960,-3.97582,1.527837,0.1071157,-0.9967696,0.0671791,0.0440194,-2.736568,-0.1323313,-0.08740425,-3.832535,1.003034,0.03894424,-0.6449188,-0.1752481,-0.7438869,-1.850474,-0.3275335,-0.5565763,-3.779632,0.6923296,0.3358989,-0.06453723,-0.7988154,0.5981044,-2.0329,-0.3038853,-0.07413626,0.03573322
1732482644968,-3.97582,1.527837,0.1071157,-0.9967696,0.0671791,0.0440194,0,0,0,-3.832535,1.003034,0.03894424,-0.6449188,-0.1752481,-0.7438869,0,0,0,-3.779632,0.6923296,0.3358989,-0.06453723,-0.7988154,0.5981044,0,0,0,0.03573322
1732482644988,-4.011318,1.530972,0.105999,-0.9979035,0.04208311,0.04917616,-2.662396,0.235185,-0.08375645,-3.849668,0.9945499,0.03272867,-0.5893703,-0.220676,-0.7771392,-1.284921,-0.6363004,-0.4661679,-3.820476,0.6892391,0.3339839,-0.07229149,-0.7983726,0.5978088,-3.063297,-0.231792,-0.1436234,0.03614676
1732482644995,-4.011318,1.530972,0.105999,-0.9979035,0.04208311,0.04917616,0,0,0,-3.849668,0.9945499,0.03272867,-0.5893703,-0.220676,-0.7771392,0,0,0,-3.820476,0.6892391,0.3339839,-0.07229149,-0.7983726,0.5978088,0,0,0,0.03614676
1732482645015,-4.047286,1.533594,0.1044002,-0.9964389,0.07007846,0.04689556,-2.697587,0.196597,-0.1199126,-3.867854,0.9844948,0.0284481,-0.5388614,-0.2674659,-0.7988061,-1.363993,-0.7541299,-0.3210425,-3.852418,0.6901712,0.334147,-0.05371028,-0.7985656,0.5995067,-2.395713,0.06990731,0.01223087,0.03614676
1732482645024,-4.047286,1.533594,0.1044002,-0.9964389,0.07007846,0.04689556,0,0,0,-3.867854,0.9844948,0.0284481,-0.5388614,-0.2674659,-0.7988061,0,0,0,-3.852418,0.6901712,0.334147,-0.05371028,-0.7985656,0.5995067,0,0,0,0.03614676
1732482645044,-4.082783,1.537781,0.1026974,-0.9979537,0.05003012,0.03982306,-2.662289,0.3140062,-0.1277089,-4.008699,0.9389263,0.007506847,-0.4877111,-0.3344594,-0.8063966,-10.5634,-3.417635,-1.570594,-3.887755,0.6912069,0.3336887,-0.06501612,-0.8097857,0.5831125,-2.650237,0.07767677,-0.03436804,0.03614676
1732482645051,-4.082783,1.537781,0.1026974,-0.9979537,0.05003012,0.03982306,0,0,0,-4.008699,0.9389263,0.007506847,-0.4877111,-0.3344594,-0.8063966,0,0,0,-3.887755,0.6912069,0.3336887,-0.06501612,-0.8097857,0.5831125,0,0,0,0.03614676
1732482645071,-4.117913,1.539359,0.1008253,-0.9969533,0.07014178,0.03412688,-2.634716,0.1183659,-0.1404047,-4.136041,0.8917375,-0.008638859,-0.4400217,-0.3961059,-0.8059042,-9.550595,-3.539166,-1.210928,-3.922061,0.6939023,0.3324881,-0.09040606,-0.8040729,0.587617,-2.572954,0.2021536,-0.0900507,0.03614676
1732482645079,-4.117913,1.539359,0.1008253,-0.9969533,0.07014178,0.03412688,0,0,0,-4.136041,0.8917375,-0.008638859,-0.4400217,-0.3961059,-0.8059042,0,0,0,-3.922061,0.6939023,0.3324881,-0.09040606,-0.8040729,0.587617,0,0,0,0.03614676
1732482645100,-4.153749,1.544977,0.09871387,-0.9972703,0.06726588,0.0304547,-2.687752,0.4213661,-0.1583576,-4.276928,0.8370123,-0.02298975,-0.4444461,-0.4537909,-0.7723616,-10.56654,-4.104388,-1.076317,-3.964413,0.6979838,0.3307214,-0.128926,-0.7922415,0.5964325,-3.176415,0.306116,-0.1325011,0.03614676
1732482645107,-4.153749,1.544977,0.09871387,-0.9972703,0.06726588,0.0304547,0,0,0,-4.276928,0.8370123,-0.02298975,-0.4444461,-0.4537909,-0.7723616,0,0,0,-3.964413,0.6979838,0.3307214,-0.128926,-0.7922415,0.5964325,0,0,0,0.03614676
1732482645128,-4.188806,1.549237,0.09588003,-0.9970961,0.07023323,0.02944791,-2.629209,0.3194779,-0.2125382,-4.293061,0.8195733,-0.01172638,-0.4769017,-0.4809521,-0.7356974,-1.209962,-1.307921,0.8447528,-4.005515,0.7031857,0.3286686,-0.163679,-0.7824922,0.6007622,-3.082609,0.3901407,-0.1539588,0.03614676
1732482645135,-4.188806,1.549237,0.09588003,-0.9970961,0.07023323,0.02944791,0,0,0,-4.293061,0.8195733,-0.01172638,-0.4769017,-0.4809521,-0.7356974,0,0,0,-4.005515,0.7031857,0.3286686,-0.163679,-0.7824922,0.6007622,0,0,0,0.03614676
1732482645143,-4.188806,1.549237,0.09588003,-0.9970961,0.07023323,0.02944791,0,0,0,-4.293061,0.8195733,-0.01172638,-0.4769017,-0.4809521,-0.7356974,0,0,0,-4.005515,0.7031857,0.3286686,-0.163679,-0.7824922,0.6007622,0,0,0,0.03614676
1732482645171,-4.22466,1.554304,0.09214354,-0.997515,0.06302411,0.03150111,-2.689075,0.380069,-0.2802372,-4.299361,0.8115826,-0.0004434586,-0.4854392,-0.5098801,-0.7101915,-0.4725337,-0.5993038,0.8462191,-4.063989,0.7112433,0.3235335,-0.2226697,-0.7687458,0.5995399,-4.385591,0.604324,-0.3851295,0.03614676
1732482645178,-4.22466,1.554304,0.09214354,-0.997515,0.06302411,0.03150111,0,0,0,-4.299361,0.8115826,-0.0004434586,-0.4854392,-0.5098801,-0.7101915,0,0,0,-4.063989,0.7112433,0.3235335,-0.2226697,-0.7687458,0.5995399,0,0,0,0.03614676
1732482645211,-4.27677,1.559546,0.08707142,-0.997789,0.05808441,0.03230572,-3.908265,0.3931224,-0.3804088,-4.310427,0.8033184,0.01270008,-0.4305077,-0.5647569,-0.7040694,-0.8299112,-0.6198138,0.9857655,-4.121921,0.7213098,0.3157601,-0.3228691,-0.7528032,0.5736228,-4.344893,0.7549837,-0.583005,0.03614676
1732482645219,-4.27677,1.559546,0.08707142,-0.997789,0.05808441,0.03230572,0,0,0,-4.310427,0.8033184,0.01270008,-0.4305077,-0.5647569,-0.7040694,0,0,0,-4.121921,0.7213098,0.3157601,-0.3228691,-0.7528032,0.5736228,0,0,0,0.03614676
1732482645226,-4.27677,1.559546,0.08707142,-0.997789,0.05808441,0.03230572,0,0,0,-4.310427,0.8033184,0.01270008,-0.4305077,-0.5647569,-0.7040694,0,0,0,-4.121921,0.7213098,0.3157601,-0.3228691,-0.7528032,0.5736228,0,0,0,0.03614676
1732482645240,-4.329138,1.560479,0.08203125,-0.9983553,0.05092221,0.02634501,-3.927577,0.06995201,-0.3780127,-4.32279,0.7942842,0.0223608,-0.3123803,-0.6351591,-0.706394,-0.9272218,-0.6775707,0.7245541,-4.196986,0.7331632,0.3028483,-0.3886988,-0.7423679,0.5457136,-5.629885,0.8890092,-0.9683847,0.03614676
1732482645247,-4.329138,1.560479,0.08203125,-0.9983553,0.05092221,0.02634501,0,0,0,-4.32279,0.7942842,0.0223608,-0.3123803,-0.6351591,-0.706394,0,0,0,-4.196986,0.7331632,0.3028483,-0.3886988,-0.7423679,0.5457136,0,0,0,0.03614676
1732482645255,-4.329138,1.560479,0.08203125,-0.9983553,0.05092221,0.02634501,0,0,0,-4.32279,0.7942842,0.0223608,-0.3123803,-0.6351591,-0.706394,0,0,0,-4.196986,0.7331632,0.3028483,-0.3886988,-0.7423679,0.5457136,0,0,0,0.03614676
1732482645281,-4.363974,1.558732,0.0787921,-0.9982672,0.05497202,0.02099836,-2.612722,-0.1309991,-0.2429366,-4.331672,0.7863945,0.02709055,-0.2485704,-0.6518183,-0.7164823,-0.6661892,-0.5917266,0.3547311,-4.243506,0.7402411,0.2971454,-0.418365,-0.7268459,0.5446703,-3.489017,0.530836,-0.4277229,0.03614676
1732482645289,-4.363974,1.558732,0.0787921,-0.9982672,0.05497202,0.02099836,0,0,0,-4.331672,0.7863945,0.02709055,-0.2485704,-0.6518183,-0.7164823,0,0,0,-4.243506,0.7402411,0.2971454,-0.418365,-0.7268459,0.5446703,0,0,0,0.03614676
1732482645296,-4.363974,1.558732,0.0787921,-0.9982672,0.05497202,0.02099836,0,0,0,-4.331672,0.7863945,0.02709055,-0.2485704,-0.6518183,-0.7164823,0,0,0,-4.243506,0.7402411,0.2971454,-0.418365,-0.7268459,0.5446703,0,0,0,0.03614676
1732482645321,-4.416487,1.551445,0.07441139,-0.9984058,0.05505788,0.01242882,-3.938484,-0.5464911,-0.3285527,-4.345789,0.7733024,0.03453112,-0.1623025,-0.6591458,-0.7342926,-1.058793,-0.9819031,0.5580425,-4.30538,0.7476534,0.292419,-0.479479,-0.6885729,0.5440288,-4.640543,0.5559236,-0.3544807,0.03614676
1732482645329,-4.416487,1.551445,0.07441139,-0.9984058,0.05505788,0.01242882,0,0,0,-4.345789,0.7733024,0.03453112,-0.1623025,-0.6591458,-0.7342926,0,0,0,-4.30538,0.7476534,0.292419,-0.479479,-0.6885729,0.5440288,0,0,0,0.03614676
1732482645336,-4.416487,1.551445,0.07441139,-0.9984058,0.05505788,0.01242882,0,0,0,-4.345789,0.7733024,0.03453112,-0.1623025,-0.6591458,-0.7342926,0,0,0,-4.30538,0.7476534,0.292419,-0.479479,-0.6885729,0.5440288,0,0,0,0.03614676
1732482645363,-4.469493,1.539245,0.07127237,-0.9988904,0.0462836,0.008722484,-3.975427,-0.9150445,-0.2354264,-4.36406,0.7583072,0.04179144,-0.06515151,-0.6748124,-0.7351081,-1.370287,-1.124641,0.5445242,-4.369827,0.7522303,0.2884135,-0.5321546,-0.6489971,0.5437045,-4.833519,0.3432691,-0.3004074,0.03614676
1732482645370,-4.469493,1.539245,0.07127237,-0.9988904,0.0462836,0.008722484,0,0,0,-4.36406,0.7583072,0.04179144,-0.06515151,-0.6748124,-0.7351081,0,0,0,-4.369827,0.7522303,0.2884135,-0.5321546,-0.6489971,0.5437045,0,0,0,0.03614676
1732482645378,-4.469493,1.539245,0.07127237,-0.9988904,0.0462836,0.008722484,0,0,0,-4.36406,0.7583072,0.04179144,-0.06515151,-0.6748124,-0.7351081,0,0,0,-4.369827,0.7522303,0.2884135,-0.5321546,-0.6489971,0.5437045,0,0,0,0.03614676
1732482645405,-4.523183,1.525895,0.06802368,-0.9988807,0.04639393,0.009231985,-4.026747,-1.001215,-0.2436519,-4.388205,0.7427513,0.04913139,0.02043697,-0.6875197,-0.7258786,-1.810884,-1.166694,0.5504966,-4.431671,0.7519205,0.2854066,-0.5629131,-0.6197134,0.546886,-4.63829,-0.02323687,-0.2255201,0.03614676
1732482645413,-4.523183,1.525895,0.06802368,-0.9988807,0.04639393,0.009231985,0,0,0,-4.388205,0.7427513,0.04913139,0.02043697,-0.6875197,-0.7258786,0,0,0,-4.431671,0.7519205,0.2854066,-0.5629131,-0.6197134,0.546886,0,0,0,0.03614676
1732482645420,-4.523183,1.525895,0.06802368,-0.9988807,0.04639393,0.009231985,0,0,0,-4.388205,0.7427513,0.04913139,0.02043697,-0.6875197,-0.7258786,0,0,0,-4.431671,0.7519205,0.2854066,-0.5629131,-0.6197134,0.546886,0,0,0,0.03614676
1732482645446,-4.577714,1.527638,0.06476593,-0.9993145,0.03486302,0.01246971,-4.089868,0.130713,-0.2443314,-4.420205,0.7413661,0.05498505,0.09423146,-0.6933757,-0.7143886,-2.399969,-0.1038864,0.439024,-4.555367,0.7579091,0.2191443,-0.6259709,-0.6197835,0.4733171,-9.277153,0.4491448,-4.969668,0.04969025
1732482645454,-4.577714,1.527638,0.06476593,-0.9993145,0.03486302,0.01246971,0,0,0,-4.420205,0.7413661,0.05498505,0.09423146,-0.6933757,-0.7143886,0,0,0,-4.555367,0.7579091,0.2191443,-0.6259709,-0.6197835,0.4733171,0,0,0,0.04969025
1732482645461,-4.577714,1.527638,0.06476593,-0.9993145,0.03486302,0.01246971,0,0,0,-4.420205,0.7413661,0.05498505,0.09423146,-0.6933757,-0.7143886,0,0,0,-4.555367,0.7579091,0.2191443,-0.6259709,-0.6197835,0.4733171,0,0,0,0.04969025
1732482645487,-4.632259,1.52779,0.06135273,-0.999411,0.02782306,0.02010053,-4.090869,0.01139939,-0.25599,-4.462275,0.7373642,0.05819798,0.1479662,-0.6899953,-0.7085291,-3.155279,-0.3001437,0.2409697,-4.607092,0.7563246,0.2173147,-0.5936992,-0.630339,0.5001938,-3.87944,-0.1188308,-0.1372218,0.05542707
1732482645495,-4.632259,1.52779,0.06135273,-0.999411,0.02782306,0.02010053,0,0,0,-4.462275,0.7373642,0.05819798,0.1479662,-0.6899953,-0.7085291,0,0,0,-4.607092,0.7563246,0.2173147,-0.5936992,-0.630339,0.5001938,0,0,0,0.05542707
1732482645502,-4.632259,1.52779,0.06135273,-0.999411,0.02782306,0.02010053,0,0,0,-4.462275,0.7373642,0.05819798,0.1479662,-0.6899953,-0.7085291,0,0,0,-4.607092,0.7563246,0.2173147,-0.5936992,-0.630339,0.5001938,0,0,0,0.05542707
1732482645529,-4.686829,1.530336,0.05801249,-0.9996741,-0.001191673,0.02550721,-4.092729,0.1909733,-0.2505183,-4.520559,0.7343967,0.05631781,0.1892923,-0.6895128,-0.6991,-4.371321,-0.2225652,-0.1410127,-4.803426,0.7313313,0.2973647,-0.5146931,-0.6593548,0.548035,-14.72501,-1.874498,6.003749,0.05721641
1732482645537,-4.686829,1.530336,0.05801249,-0.9996741,-0.001191673,0.02550721,0,0,0,-4.520559,0.7343967,0.05631781,0.1892923,-0.6895128,-0.6991,0,0,0,-4.803426,0.7313313,0.2973647,-0.5146931,-0.6593548,0.548035,0,0,0,0.05721641
1732482645544,-4.686829,1.530336,0.05801249,-0.9996741,-0.001191673,0.02550721,0,0,0,-4.520559,0.7343967,0.05631781,0.1892923,-0.6895128,-0.6991,0,0,0,-4.803426,0.7313313,0.2973647,-0.5146931,-0.6593548,0.548035,0,0,0,0.05721641
1732482645571,-4.741037,1.536912,0.05439472,-0.9995415,-0.003263599,0.03010559,-4.065585,0.4931957,-0.2713323,-4.596829,0.7351994,0.04887772,0.1932765,-0.6747433,-0.7122966,-5.720222,0.06020218,-0.5580068,-4.831321,0.7173942,0.2947607,-0.4009176,-0.7106591,0.5781252,-2.092159,-1.045288,-0.1953006,0.05721641
1732482645579,-4.741037,1.536912,0.05439472,-0.9995415,-0.003263599,0.03010559,0,0,0,-4.596829,0.7351994,0.04887772,0.1932765,-0.6747433,-0.7122966,0,0,0,-4.831321,0.7173942,0.2947607,-0.4009176,-0.7106591,0.5781252,0,0,0,0.05721641
1732482645586,-4.741037,1.536912,0.05439472,-0.9995415,-0.003263599,0.03010559,0,0,0,-4.596829,0.7351994,0.04887772,0.1932765,-0.6747433,-0.7122966,0,0,0,-4.831321,0.7173942,0.2947607,-0.4009176,-0.7106591,0.5781252,0,0,0,0.05721641
1732482645613,-4.795124,1.54312,0.05060244,-0.9995698,-0.001900789,0.0292747,-4.056537,0.4656047,-0.2844214,-4.68763,0.7381263,0.03766966,0.1558245,-0.6772827,-0.7190325,-6.810093,0.2195209,-0.8406043,-4.84973,0.7052093,0.28405,-0.2979341,-0.7694474,0.5649656,-1.380658,-0.9138644,-0.8033037,0.05721641
1732482645620,-4.795124,1.54312,0.05060244,-0.9995698,-0.001900789,0.0292747,0,0,0,-4.68763,0.7381263,0.03766966,0.1558245,-0.6772827,-0.7190325,0,0,0,-4.84973,0.7052093,0.28405,-0.2979341,-0.7694474,0.5649656,0,0,0,0.05721641
1732482645628,-4.795124,1.54312,0.05060244,-0.9995698,-0.001900789,0.0292747,0,0,0,-4.68763,0.7381263,0.03766966,0.1558245,-0.6772827,-0.7190325,0,0,0,-4.84973,0.7052093,0.28405,-0.2979341,-0.7694474,0.5649656,0,0,0,0.05721641
1732482645654,-4.850002,1.552685,0.04799128,-0.9993773,0.02133803,0.02811104,-4.115868,0.71733,-0.195837,-4.786892,0.7414219,0.02540731,0.05239147,-0.6625215,-0.7472088,-7.444668,0.24717,-0.9196758,-4.872769,0.6967593,0.2713003,-0.2853777,-0.8039594,0.5217367,-1.727951,-0.6337523,-0.9562254,0.05721641
1732482645662,-4.850002,1.552685,0.04799128,-0.9993773,0.02133803,0.02811104,0,0,0,-4.786892,0.7414219,0.02540731,0.05239147,-0.6625215,-0.7472088,0,0,0,-4.872769,0.6967593,0.2713003,-0.2853777,-0.8039594,0.5217367,0,0,0,0.05721641
1732482645669,-4.850002,1.552685,0.04799128,-0.9993773,0.02133803,0.02811104,0,0,0,-4.786892,0.7414219,0.02540731,0.05239147,-0.6625215,-0.7472088,0,0,0,-4.872769,0.6967593,0.2713003,-0.2853777,-0.8039594,0.5217367,0,0,0,0.05721641
1732482645676,-4.850002,1.552685,0.04799128,-0.9993773,0.02133803,0.02811104,0,0,0,-4.786892,0.7414219,0.02540731,0.05239147,-0.6625215,-0.7472088,0,0,0,-4.872769,0.6967593,0.2713003,-0.2853777,-0.8039594,0.5217367,0,0,0,0.05721641
1732482645696,-4.903686,1.56014,0.04590464,-0.9990657,0.029179,0.03188848,-4.026246,0.5591512,-0.156498,-4.890952,0.749094,0.01580858,-0.09723699,-0.6293269,-0.771034,-7.804477,0.5754054,-0.7199049,-4.900516,0.701847,0.2618074,-0.3289798,-0.8086258,0.4877467,-2.080965,0.38158,-0.7119656,0.05721641
1732482645703,-4.903686,1.56014,0.04590464,-0.9990657,0.029179,0.03188848,0,0,0,-4.890952,0.749094,0.01580858,-0.09723699,-0.6293269,-0.771034,0,0,0,-4.900516,0.701847,0.2618074,-0.3289798,-0.8086258,0.4877467,0,0,0,0.05721641
1732482645710,-4.903686,1.56014,0.04590464,-0.9990657,0.029179,0.03188848,0,0,0,-4.890952,0.749094,0.01580858,-0.09723699,-0.6293269,-0.771034,0,0,0,-4.900516,0.701847,0.2618074,-0.3289798,-0.8086258,0.4877467,0,0,0,0.05721641
1732482645724,-4.957031,1.566992,0.04467964,-0.999139,0.01711216,0.03780031,-4.00089,0.5138844,-0.0918746,-4.997538,0.760723,0.009746075,-0.2493098,-0.5954965,-0.7636943,-7.993913,0.8721739,-0.4546881,-4.936364,0.7103156,0.2586918,-0.3043804,-0.8117688,0.4983816,-2.688646,0.6351471,-0.233674,0.05721641
1732482645732,-4.957031,1.566992,0.04467964,-0.999139,0.01711216,0.03780031,0,0,0,-4.997538,0.760723,0.009746075,-0.2493098,-0.5954965,-0.7636943,0,0,0,-4.936364,0.7103156,0.2586918,-0.3043804,-0.8117688,0.4983816,0,0,0,0.05721641
1732482645739,-4.957031,1.566992,0.04467964,-0.999139,0.01711216,0.03780031,0,0,0,-4.997538,0.760723,0.009746075,-0.2493098,-0.5954965,-0.7636943,0,0,0,-4.936364,0.7103156,0.2586918,-0.3043804,-0.8117688,0.4983816,0,0,0,0.05721641
1732482645765,-4.992052,1.569354,0.04397821,-0.9990203,0.01053598,0.0429908,-2.626598,0.1771599,-0.05260706,-5.068746,0.7707073,0.009848118,-0.3657454,-0.5583869,-0.7446039,-5.3406,0.7488236,0.007653236,-4.962406,0.7156525,0.2573686,-0.2704187,-0.8177645,0.5080699,-1.953113,0.4002616,-0.09924173,0.05721641
1732482645773,-4.992052,1.569354,0.04397821,-0.9990203,0.01053598,0.0429908,0,0,0,-5.068746,0.7707073,0.009848118,-0.3657454,-0.5583869,-0.7446039,0,0,0,-4.962406,0.7156525,0.2573686,-0.2704187,-0.8177645,0.5080699,0,0,0,0.05721641
1732482645793,-5.044185,1.570715,0.04339933,-0.9985554,-0.002870163,0.05365908,-3.909945,0.102067,-0.04341602,-5.16676,0.7848191,0.01247263,-0.5878909,-0.4919174,-0.642185,-7.351077,1.058382,0.1968384,-5.000126,0.7196298,0.2554088,-0.2436714,-0.819754,0.5182931,-2.829015,0.2982974,-0.1469851,0.05721641
1732482645800,-5.044185,1.570715,0.04339933,-0.9985554,-0.002870163,0.05365908,0,0,0,-5.16676,0.7848191,0.01247263,-0.5878909,-0.4919174,-0.642185,0,0,0,-5.000126,0.7196298,0.2554088,-0.2436714,-0.819754,0.5182931,0,0,0,0.05721641
1732482645820,-5.078929,1.570315,0.04329205,-0.9980249,-0.00191416,0.06279492,-2.605855,-0.02996922,-0.008046627,-5.23184,0.7935527,0.01243258,-0.674633,-0.4564512,-0.5801061,-4.881012,0.6550223,-0.003004074,-4.966515,0.7096709,0.2610965,-0.2315986,-0.8154881,0.5304162,2.520812,-0.7469147,0.4265785,0.05721641
1732482645828,-5.078929,1.570315,0.04329205,-0.9980249,-0.00191416,0.06279492,0,0,0,-5.23184,0.7935527,0.01243258,-0.674633,-0.4564512,-0.5801061,0,0,0,-4.966515,0.7096709,0.2610965,-0.2315986,-0.8154881,0.5304162,0,0,0,0.05721641
1732482645835,-5.078929,1.570315,0.04329205,-0.9980249,-0.00191416,0.06279492,0,0,0,-5.23184,0.7935527,0.01243258,-0.674633,-0.4564512,-0.5801061,0,0,0,-4.966515,0.7096709,0.2610965,-0.2315986,-0.8154881,0.5304162,0,0,0,0.05721641
1732482645851,-5.11322,1.565745,0.04306936,-0.997433,0.0006315168,0.07160693,-2.571809,-0.3427505,-0.01670122,-5.299576,0.8021479,0.006858349,-0.6454405,-0.4478577,-0.618733,-5.080211,0.6446376,-0.418067,-5.001028,0.7048479,0.2646513,-0.2100993,-0.8157797,0.5388523,-2.588475,-0.3617272,0.2666116,0.05721641
1732482645859,-5.11322,1.565745,0.04306936,-0.997433,0.0006315168,0.07160693,0,0,0,-5.299576,0.8021479,0.006858349,-0.6454405,-0.4478577,-0.618733,0,0,0,-5.001028,0.7048479,0.2646513,-0.2100993,-0.8157797,0.5388523,0,0,0,0.05721641
1732482645879,-5.147505,1.559839,0.04244041,-0.9968724,-0.0004556514,0.07903111,-2.571344,-0.4429758,-0.04717112,-5.362017,0.8086521,0.003519535,-0.6665949,-0.4174382,-0.617574,-4.683065,0.4878178,-0.250411,-5.031381,0.6986858,0.2652006,-0.1859708,-0.8175836,0.5449514,-2.27648,-0.462158,0.04119873,0.05721641
1732482645886,-5.147505,1.559839,0.04244041,-0.9968724,-0.0004556514,0.07903111,0,0,0,-5.362017,0.8086521,0.003519535,-0.6665949,-0.4174382,-0.617574,0,0,0,-5.031381,0.6986858,0.2652006,-0.1859708,-0.8175836,0.5449514,0,0,0,0.05721641
1732482645905,-5.181804,1.552569,0.04203892,-0.9963485,-0.001128832,0.08537459,-2.572417,-0.5452394,-0.03011227,-5.422667,0.811219,-0.0002799034,-0.7078095,-0.3654203,-0.6045448,-4.54874,0.1925156,-0.2849579,-5.061213,0.690147,0.2652173,-0.1654436,-0.8178118,0.5511917,-2.237391,-0.6404042,0.001251698,0.05721641
1732482645913,-5.181804,1.552569,0.04203892,-0.9963485,-0.001128832,0.08537459,0,0,0,-5.422667,0.811219,-0.0002799034,-0.7078095,-0.3654203,-0.6045448,0,0,0,-5.061213,0.690147,0.2652173,-0.1654436,-0.8178118,0.5511917,0,0,0,0.05721641
1732482645934,-5.216487,1.543839,0.04150629,-0.995883,0.004913174,0.09051698,-2.601242,-0.654763,-0.03994703,-5.4808,0.8111377,-0.004684925,-0.7380019,-0.3038268,-0.602531,-4.359949,-0.006093085,-0.3303766,-5.091905,0.6800234,0.2654033,-0.143311,-0.818603,0.5561934,-2.301872,-0.7592753,0.01394749,0.05721641
1732482645941,-5.216487,1.543839,0.04150629,-0.995883,0.004913174,0.09051698,0,0,0,-5.4808,0.8111377,-0.004684925,-0.7380019,-0.3038268,-0.602531,0,0,0,-5.091905,0.6800234,0.2654033,-0.143311,-0.818603,0.5561934,0,0,0,0.05721641
1732482645961,-5.251193,1.535147,0.04129934,-0.9956453,0.003796639,0.09314656,-2.602959,-0.6519198,-0.01552105,-5.443461,0.8039666,-0.1525354,-0.7496383,-0.2595733,-0.6088225,2.800369,-0.5378321,-11.08879,-5.123443,0.6686329,0.266232,-0.1227278,-0.818036,0.5619211,-2.365351,-0.8542836,0.06215572,0.05721641
1732482645971,-5.251193,1.535147,0.04129934,-0.9956453,0.003796639,0.09314656,0,0,0,-5.443461,0.8039666,-0.1525354,-0.7496383,-0.2595733,-0.6088225,0,0,0,-5.123443,0.6686329,0.266232,-0.1227278,-0.818036,0.5619211,0,0,0,0.05721641
1732482645989,-5.285968,1.528612,0.04113197,-0.9953957,-0.002186589,0.09582943,-2.608109,-0.4900664,-0.01255274,-5.488639,0.7944791,-0.1664815,-0.7291346,-0.2306687,-0.644326,-3.388345,-0.7115632,-1.045954,-5.155439,0.6584496,0.2678366,-0.102273,-0.813798,0.572078,-2.399719,-0.7637501,0.1203418,0.05721641
1732482645998,-5.285968,1.528612,0.04113197,-0.9953957,-0.002186589,0.09582943,0,0,0,-5.488639,0.7944791,-0.1664815,-0.7291346,-0.2306687,-0.644326,0,0,0,-5.155439,0.6584496,0.2678366,-0.102273,-0.813798,0.572078,0,0,0,0.05721641
1732482646017,-5.321105,1.527488,0.04106569,-0.99514,-0.01031764,0.09792995,-2.635324,-0.08436441,-0.004971027,-5.53087,0.7959356,-0.1779351,-0.6891909,-0.2108591,-0.6932204,-3.167331,0.1092374,-0.8590221,-5.187734,0.6554162,0.2693758,-0.0817028,-0.8106959,0.5797386,-2.422106,-0.227505,0.1154423,0.06081533
1732482646025,-5.321105,1.527488,0.04106569,-0.99514,-0.01031764,0.09792995,0,0,0,-5.53087,0.7959356,-0.1779351,-0.6891909,-0.2108591,-0.6932204,0,0,0,-5.187734,0.6554162,0.2693758,-0.0817028,-0.8106959,0.5797386,0,0,0,0.06081533
1732482646045,-5.356772,1.528503,0.04144526,-0.9945699,-0.01077639,0.1035133,-2.675021,0.07614791,0.02846718,-5.56711,0.7953467,-0.1861057,-0.6283785,-0.2172277,-0.7469629,-2.717972,-0.04417151,-0.6127954,-5.221286,0.6554819,0.2704496,-0.07104069,-0.8092614,0.5831374,-2.516413,0.004930794,0.0805378,0.06253719
1732482646053,-5.356772,1.528503,0.04144526,-0.9945699,-0.01077639,0.1035133,0,0,0,-5.56711,0.7953467,-0.1861057,-0.6283785,-0.2172277,-0.7469629,0,0,0,-5.221286,0.6554819,0.2704496,-0.07104069,-0.8092614,0.5831374,0,0,0,0.06253719
1732482646072,-5.391578,1.527783,0.04169035,-0.9936788,-0.01592845,0.111126,-2.610397,-0.05401075,0.01838207,-5.596981,0.7885389,-0.193387,-0.553267,-0.247012,-0.7955384,-2.240324,-0.5105853,-0.5460978,-5.190505,0.6629955,0.2728601,-0.08138901,-0.8105837,0.5799395,2.308559,0.5635187,0.1807809,0.06253719
1732482646081,-5.391578,1.527783,0.04169035,-0.9936788,-0.01592845,0.111126,0,0,0,-5.596981,0.7885389,-0.193387,-0.553267,-0.247012,-0.7955384,0,0,0,-5.190505,0.6629955,0.2728601,-0.08138901,-0.8105837,0.5799395,0,0,0,0.06253719
1732482646089,-5.391578,1.527783,0.04169035,-0.9936788,-0.01592845,0.111126,0,0,0,-5.596981,0.7885389,-0.193387,-0.553267,-0.247012,-0.7955384,0,0,0,-5.190505,0.6629955,0.2728601,-0.08138901,-0.8105837,0.5799395,0,0,0,0.06253719
1732482646114,-5.427824,1.534869,0.0419569,-0.993336,-0.01077374,0.1147508,-2.718508,0.531444,0.0199914,-5.619265,0.7780659,-0.1936688,-0.5050868,-0.2962715,-0.8106239,-1.671267,-0.785476,-0.02113581,-5.234334,0.6626227,0.2722564,-0.09191227,-0.8099704,0.5792239,-3.287208,-0.02795756,-0.04527569,0.06253719
1732482646123,-5.427824,1.534869,0.0419569,-0.993336,-0.01077374,0.1147508,0,0,0,-5.619265,0.7780659,-0.1936688,-0.5050868,-0.2962715,-0.8106239,0,0,0,-5.234334,0.6626227,0.2722564,-0.09191227,-0.8099704,0.5792239,0,0,0,0.06253719
1732482646154,-5.481119,1.541875,0.0421896,-0.9926043,-0.00706991,0.1211902,-3.997099,0.5254716,0.01745224,-5.645448,0.7631656,-0.1877375,-0.4589677,-0.3854825,-0.8004706,-1.963735,-1.11752,0.4448533,-5.27691,0.6659154,0.2713623,-0.1048514,-0.8171355,0.5668297,-3.193152,0.2469465,-0.06705523,0.06253719
1732482646163,-5.481119,1.541875,0.0421896,-0.9926043,-0.00706991,0.1211902,0,0,0,-5.645448,0.7631656,-0.1877375,-0.4589677,-0.3854825,-0.8004706,0,0,0,-5.27691,0.6659154,0.2713623,-0.1048514,-0.8171355,0.5668297,0,0,0,0.06253719
1732482646171,-5.481119,1.541875,0.0421896,-0.9926043,-0.00706991,0.1211902,0,0,0,-5.645448,0.7631656,-0.1877375,-0.4589677,-0.3854825,-0.8004706,0,0,0,-5.27691,0.6659154,0.2713623,-0.1048514,-0.8171355,0.5668297,0,0,0,0.06253719
1732482646197,-5.53482,1.549669,0.0411911,-0.9931071,0.004558666,0.1171245,-4.027534,0.5845159,-0.07488728,-5.665571,0.7455427,-0.1693392,-0.502215,-0.4736595,-0.723483,-1.509261,-1.321717,1.379871,-5.340741,0.674152,0.2705588,-0.161733,-0.7998245,0.5780342,-4.787314,0.617744,-0.0602603,0.06253719
1732482646205,-5.53482,1.549669,0.0411911,-0.9931071,0.004558666,0.1171245,0,0,0,-5.665571,0.7455427,-0.1693392,-0.502215,-0.4736595,-0.723483,0,0,0,-5.340741,0.674152,0.2705588,-0.161733,-0.7998245,0.5780342,0,0,0,0.06253719
1732482646213,-5.53482,1.549669,0.0411911,-0.9931071,0.004558666,0.1171245,0,0,0,-5.665571,0.7455427,-0.1693392,-0.502215,-0.4736595,-0.723483,0,0,0,-5.340741,0.674152,0.2705588,-0.161733,-0.7998245,0.5780342,0,0,0,0.06253719
1732482646236,-5.588424,1.556731,0.03939629,-0.994226,0.01583712,0.1061337,-4.020309,0.5297005,-0.1346111,-5.683825,0.7308507,-0.1542587,-0.5790893,-0.50201,-0.6423726,-1.368999,-1.101901,1.131034,-5.413643,0.6852909,0.2694383,-0.2491799,-0.7863757,0.5652635,-5.467701,0.8354232,-0.08404255,0.06253719
1732482646244,-5.588424,1.556731,0.03939629,-0.994226,0.01583712,0.1061337,0,0,0,-5.683825,0.7308507,-0.1542587,-0.5790893,-0.50201,-0.6423726,0,0,0,-5.413643,0.6852909,0.2694383,-0.2491799,-0.7863757,0.5652635,0,0,0,0.06253719
1732482646252,-5.588424,1.556731,0.03939629,-0.994226,0.01583712,0.1061337,0,0,0,-5.683825,0.7308507,-0.1542587,-0.5790893,-0.50201,-0.6423726,0,0,0,-5.413643,0.6852909,0.2694383,-0.2491799,-0.7863757,0.5652635,0,0,0,0.06253719
1732482646260,-5.588424,1.556731,0.03939629,-0.994226,0.01583712,0.1061337,0,0,0,-5.683825,0.7308507,-0.1542587,-0.5790893,-0.50201,-0.6423726,0,0,0,-5.413643,0.6852909,0.2694383,-0.2491799,-0.7863757,0.5652635,0,0,0,0.06253719
1732482646276,-5.641844,1.564595,0.03630161,-0.9952533,0.01901465,0.09544605,-4.006505,0.5898178,-0.2321005,-5.697742,0.7218124,-0.1488791,-0.5600401,-0.5313176,-0.6356552,-1.043844,-0.6778702,0.4034758,-5.479611,0.6950343,0.263576,-0.3150122,-0.777166,0.5447757,-4.947567,0.73075,-0.4396677,0.06253719
1732482646284,-5.641844,1.564595,0.03630161,-0.9952533,0.01901465,0.09544605,0,0,0,-5.697742,0.7218124,-0.1488791,-0.5600401,-0.5313176,-0.6356552,0,0,0,-5.479611,0.6950343,0.263576,-0.3150122,-0.777166,0.5447757,0,0,0,0.06253719
1732482646291,-5.641844,1.564595,0.03630161,-0.9952533,0.01901465,0.09544605,0,0,0,-5.697742,0.7218124,-0.1488791,-0.5600401,-0.5313176,-0.6356552,0,0,0,-5.479611,0.6950343,0.263576,-0.3150122,-0.777166,0.5447757,0,0,0,0.06253719
1732482646317,-5.694318,1.567902,0.03279877,-0.9963855,0.01470559,0.08366495,-3.935552,0.247997,-0.2627134,-5.706686,0.7219715,-0.1471462,-0.4454555,-0.5857658,-0.6770884,-0.6707668,0.01193136,0.129962,-5.539862,0.7041798,0.2563896,-0.3677349,-0.7700085,0.5214003,-4.518807,0.6859124,-0.538981,0.06253719
1732482646326,-5.694318,1.567902,0.03279877,-0.9963855,0.01470559,0.08366495,0,0,0,-5.706686,0.7219715,-0.1471462,-0.4454555,-0.5857658,-0.6770884,0,0,0,-5.539862,0.7041798,0.2563896,-0.3677349,-0.7700085,0.5214003,0,0,0,0.06253719
1732482646345,-5.746873,1.568813,0.02952576,-0.9971985,0.01551183,0.07317674,-3.941631,0.06828904,-0.2454758,-5.717645,0.7122626,-0.1474867,-0.3104369,-0.6379038,-0.7047753,-0.8219004,-0.7281661,-0.02553463,-5.590949,0.7104512,0.2493858,-0.4064525,-0.7594538,0.507963,-3.831553,0.4703611,-0.5252838,0.06253719
1732482646352,-5.746873,1.568813,0.02952576,-0.9971985,0.01551183,0.07317674,0,0,0,-5.717645,0.7122626,-0.1474867,-0.3104369,-0.6379038,-0.7047753,0,0,0,-5.590949,0.7104512,0.2493858,-0.4064525,-0.7594538,0.507963,0,0,0,0.06253719
1732482646359,-5.746873,1.568813,0.02952576,-0.9971985,0.01551183,0.07317674,0,0,0,-5.717645,0.7122626,-0.1474867,-0.3104369,-0.6379038,-0.7047753,0,0,0,-5.590949,0.7104512,0.2493858,-0.4064525,-0.7594538,0.507963,0,0,0,0.06253719
1732482646375,-5.781818,1.565335,0.0278759,-0.9973639,0.02210918,0.0691151,-2.620912,-0.2608269,-0.1237392,-5.72452,0.7014997,-0.1477613,-0.2373825,-0.6464707,-0.7250694,-0.5156279,-0.8072197,-0.02059937,-5.644182,0.715416,0.2453136,-0.426632,-0.7462433,0.5109855,-3.992486,0.3723577,-0.3054142,0.06253719
1732482646382,-5.781818,1.565335,0.0278759,-0.9973639,0.02210918,0.0691151,0,0,0,-5.72452,0.7014997,-0.1477613,-0.2373825,-0.6464707,-0.7250694,0,0,0,-5.644182,0.715416,0.2453136,-0.426632,-0.7462433,0.5109855,0,0,0,0.06253719
1732482646403,-5.816409,1.560687,0.02615166,-0.9975256,0.02412442,0.06603891,-2.594304,-0.3485709,-0.1293182,-5.731059,0.6911535,-0.1468277,-0.1797067,-0.6509079,-0.7375807,-0.4904509,-0.7759675,0.07002354,-5.676705,0.7174552,0.2436438,-0.4574469,-0.7285889,0.5098045,-2.439237,0.1529396,-0.1252413,0.06253719
1732482646410,-5.816409,1.560687,0.02615166,-0.9975256,0.02412442,0.06603891,0,0,0,-5.731059,0.6911535,-0.1468277,-0.1797067,-0.6509079,-0.7375807,0,0,0,-5.676705,0.7174552,0.2436438,-0.4574469,-0.7285889,0.5098045,0,0,0,0.06253719
1732482646430,-5.850965,1.554097,0.02450752,-0.9976391,0.02137233,0.06526732,-2.591658,-0.4942775,-0.1233101,-5.738246,0.6794018,-0.1452484,-0.1204396,-0.6633098,-0.7385895,-0.5390167,-0.8813784,0.1184464,-5.724245,0.7193812,0.2415962,-0.4951938,-0.7035895,0.5096519,-3.565478,0.1444504,-0.1535654,0.06253719
1732482646438,-5.850965,1.554097,0.02450752,-0.9976391,0.02137233,0.06526732,0,0,0,-5.738246,0.6794018,-0.1452484,-0.1204396,-0.6633098,-0.7385895,0,0,0,-5.724245,0.7193812,0.2415962,-0.4951938,-0.7035895,0.5096519,0,0,0,0.06253719
1732482646459,-5.885852,1.547037,0.02296448,-0.9976588,0.02226667,0.06466556,-2.616549,-0.5294591,-0.1157284,-5.746017,0.6680353,-0.1433592,-0.04143971,-0.6781021,-0.7337992,-0.5828619,-0.8524865,0.1416922,-5.756895,0.7202154,0.2404842,-0.5267498,-0.6800646,0.5099481,-2.44875,0.062567,-0.08339882,0.06253719
1732482646466,-5.885852,1.547037,0.02296448,-0.9976588,0.02226667,0.06466556,0,0,0,-5.746017,0.6680353,-0.1433592,-0.04143971,-0.6781021,-0.7337992,0,0,0,-5.756895,0.7202154,0.2404842,-0.5267498,-0.6800646,0.5099481,0,0,0,0.06253719
1732482646487,-5.920945,1.538971,0.02120495,-0.9975318,0.02934595,0.06379211,-2.631998,-0.6049633,-0.1319647,-5.756411,0.6564984,-0.1400948,0.03455958,-0.6955978,-0.7176003,-0.7794857,-0.8652627,0.244832,-5.801175,0.7205191,0.2391663,-0.5530012,-0.6593355,0.5093787,-3.321004,0.02277642,-0.09884834,0.06253719
1732482646495,-5.920945,1.538971,0.02120495,-0.9975318,0.02934595,0.06379211,0,0,0,-5.756411,0.6564984,-0.1400948,0.03455958,-0.6955978,-0.7176003,0,0,0,-5.801175,0.7205191,0.2391663,-0.5530012,-0.6593355,0.5093787,0,0,0,0.06253719
1732482646529,-5.956098,1.531376,0.01927757,-0.9975775,0.02930018,0.06309599,-2.636433,-0.5696118,-0.1445532,-5.782889,0.6334472,-0.1374826,0.09092373,-0.7119316,-0.6963382,-1.985908,-1.728845,0.1959085,-5.841836,0.7197185,0.2379723,-0.5728807,-0.6425013,0.5089207,-3.049564,-0.06005019,-0.08955002,0.06253719
1732482646536,-5.956098,1.531376,0.01927757,-0.9975775,0.02930018,0.06309599,0,0,0,-5.782889,0.6334472,-0.1374826,0.09092373,-0.7119316,-0.6963382,0,0,0,-5.841836,0.7197185,0.2379723,-0.5728807,-0.6425013,0.5089207,0,0,0,0.06253719
1732482646543,-5.956098,1.531376,0.01927757,-0.9975775,0.02930018,0.06309599,0,0,0,-5.782889,0.6334472,-0.1374826,0.09092373,-0.7119316,-0.6963382,0,0,0,-5.841836,0.7197185,0.2379723,-0.5728807,-0.6425013,0.5089207,0,0,0,0.06253719
1732482646557,-6.009418,1.528687,0.01601982,-0.997604,0.02187656,0.06563562,-3.998995,-0.2016753,-0.2443314,-5.835779,0.6026188,-0.1393909,0.1421792,-0.7168147,-0.6826141,-3.966737,-2.312127,-0.1431227,-5.914318,0.719413,0.2367525,-0.5784977,-0.6213502,0.5284548,-5.436158,-0.02290606,-0.09148121,0.06474996
1732482646564,-6.009418,1.528687,0.01601982,-0.997604,0.02187656,0.06563562,0,0,0,-5.835779,0.6026188,-0.1393909,0.1421792,-0.7168147,-0.6826141,0,0,0,-5.914318,0.719413,0.2367525,-0.5784977,-0.6213502,0.5284548,0,0,0,0.06474996
1732482646571,-6.009418,1.528687,0.01601982,-0.997604,0.02187656,0.06563562,0,0,0,-5.835779,0.6026188,-0.1393909,0.1421792,-0.7168147,-0.6826141,0,0,0,-5.914318,0.719413,0.2367525,-0.5784977,-0.6213502,0.5284548,0,0,0,0.06474996
1732482646599,-6.045084,1.527035,0.01396275,-0.9973474,0.02131084,0.06960326,-2.674985,-0.1239181,-0.1542807,-5.866592,0.5980732,-0.142849,0.1747642,-0.7134792,-0.6785319,-2.310991,-0.3409177,-0.2593517,-5.9483,0.7188557,0.2377205,-0.5619467,-0.6211386,0.5462626,-2.548671,-0.04180223,0.07259846,0.06476641
1732482646606,-6.045084,1.527035,0.01396275,-0.9973474,0.02131084,0.06960326,0,0,0,-5.866592,0.5980732,-0.142849,0.1747642,-0.7134792,-0.6785319,0,0,0,-5.9483,0.7188557,0.2377205,-0.5619467,-0.6211386,0.5462626,0,0,0,0.06476641
1732482646626,-6.097918,1.53235,0.0105381,-0.9971654,-0.0008530696,0.07523865,-3.962517,0.3986388,-0.2568483,-5.92858,0.5939891,-0.1546841,0.216629,-0.7050943,-0.6752144,-4.649091,-0.3063127,-0.8876324,-6.073739,0.7571985,0.2432451,-0.5119547,-0.6497434,0.5619041,-9.407902,2.875712,0.4143476,0.06476641
1732482646634,-6.097918,1.53235,0.0105381,-0.9971654,-0.0008530696,0.07523865,0,0,0,-5.92858,0.5939891,-0.1546841,0.216629,-0.7050943,-0.6752144,0,0,0,-6.073739,0.7571985,0.2432451,-0.5119547,-0.6497434,0.5619041,0,0,0,0.06476641
1732482646640,-6.097918,1.53235,0.0105381,-0.9971654,-0.0008530696,0.07523865,0,0,0,-5.92858,0.5939891,-0.1546841,0.216629,-0.7050943,-0.6752144,0,0,0,-6.073739,0.7571985,0.2432451,-0.5119547,-0.6497434,0.5619041,0,0,0,0.06476641
1732482646656,-6.133134,1.53632,0.008748055,-0.9967018,-0.00665578,0.08087969,-2.641225,0.2977341,-0.1342535,-5.98747,0.5935776,-0.1674137,0.2048937,-0.6886215,-0.6955712,-4.416704,-0.03086329,-0.9547234,-6.200085,0.7305016,0.2417011,-0.4315702,-0.6861914,0.5855668,-9.475923,-2.002269,-0.1157999,0.06476641
1732482646663,-6.133134,1.53632,0.008748055,-0.9967018,-0.00665578,0.08087969,0,0,0,-5.98747,0.5935776,-0.1674137,0.2048937,-0.6886215,-0.6955712,0,0,0,-6.200085,0.7305016,0.2417011,-0.4315702,-0.6861914,0.5855668,0,0,0,0.06476641
1732482646670,-6.133134,1.53632,0.008748055,-0.9967018,-0.00665578,0.08087969,0,0,0,-5.98747,0.5935776,-0.1674137,0.2048937,-0.6886215,-0.6955712,0,0,0,-6.200085,0.7305016,0.2417011,-0.4315702,-0.6861914,0.5855668,0,0,0,0.06476641
1732482646697,-6.168347,1.539381,0.007126808,-0.9963288,0.002344542,0.08557904,-2.64101,0.2295524,-0.1215935,-6.049585,0.5923435,-0.180974,0.1695257,-0.6979527,-0.6957901,-4.658675,-0.09255409,-1.017022,-6.20945,0.7239537,0.2580929,-0.3866477,-0.7179151,0.5788797,-0.7023811,-0.4910946,1.229382,0.06476641
1732482646704,-6.168347,1.539381,0.007126808,-0.9963288,0.002344542,0.08557904,0,0,0,-6.049585,0.5923435,-0.180974,0.1695257,-0.6979527,-0.6957901,0,0,0,-6.20945,0.7239537,0.2580929,-0.3866477,-0.7179151,0.5788797,0,0,0,0.06476641
1732482646724,-6.221639,1.549606,0.004520416,-0.9954372,0.03245373,0.08973271,-3.996849,0.7668883,-0.1954794,-6.141776,0.5913342,-0.2010555,0.08480147,-0.6778433,-0.7302997,-6.914306,-0.07569641,-1.506114,-6.209023,0.7227986,0.2578421,-0.3294394,-0.7534127,0.5690686,0.03197193,-0.08663088,-0.01881123,0.06476641
1732482646731,-6.221639,1.549606,0.004520416,-0.9954372,0.03245373,0.08973271,0,0,0,-6.141776,0.5913342,-0.2010555,0.08480147,-0.6778433,-0.7302997,0,0,0,-6.209023,0.7227986,0.2578421,-0.3294394,-0.7534127,0.5690686,0,0,0,0.06476641
1732482646752,-6.256517,1.554917,0.002916336,-0.9950655,0.03728919,0.0919494,-2.615905,0.3983259,-0.120306,-6.209917,0.5943027,-0.2144718,-0.01860034,-0.6494824,-0.7601494,-5.110574,0.2226368,-1.006222,-6.213984,0.7233195,0.2594557,-0.3399796,-0.7655566,0.5462024,-0.3720045,0.03907084,0.1210213,0.06476641
1732482646759,-6.256517,1.554917,0.002916336,-0.9950655,0.03728919,0.0919494,0,0,0,-6.209917,0.5943027,-0.2144718,-0.01860034,-0.6494824,-0.7601494,0,0,0,-6.213984,0.7233195,0.2594557,-0.3399796,-0.7655566,0.5462024,0,0,0,0.06476641
1732482646781,-6.291249,1.56078,0.00165844,-0.9946228,0.0408096,0.09518671,-2.60489,0.4397035,-0.09434223,-6.277786,0.5997823,-0.2256527,-0.1177982,-0.6201508,-0.7755885,-5.090189,0.4109681,-0.8385658,-6.215237,0.7237279,0.258728,-0.3519709,-0.7815096,0.5151304,-0.0939846,0.03063083,-0.05457401,0.06476641
1732482646789,-6.291249,1.56078,0.00165844,-0.9946228,0.0408096,0.09518671,0,0,0,-6.277786,0.5997823,-0.2256527,-0.1177982,-0.6201508,-0.7755885,0,0,0,-6.215237,0.7237279,0.258728,-0.3519709,-0.7815096,0.5151304,0,0,0,0.06476641
1732482646810,-6.325845,1.566531,0.0004768372,-0.9947812,0.03109393,0.0971809,-2.594662,0.4313529,-0.08862019,-6.3507,0.6082777,-0.233736,-0.2137058,-0.6049343,-0.7670627,-5.468559,0.6371588,-0.6062508,-6.214097,0.7263269,0.2565641,-0.3548827,-0.7888393,0.5017878,0.08547306,0.1949206,-0.1622915,0.06476641
1732482646818,-6.325845,1.566531,0.0004768372,-0.9947812,0.03109393,0.0971809,0,0,0,-6.3507,0.6082777,-0.233736,-0.2137058,-0.6049343,-0.7670627,0,0,0,-6.214097,0.7263269,0.2565641,-0.3548827,-0.7888393,0.5017878,0,0,0,0.06476641
1732482646825,-6.325845,1.566531,0.0004768372,-0.9947812,0.03109393,0.0971809,0,0,0,-6.3507,0.6082777,-0.233736,-0.2137058,-0.6049343,-0.7670627,0,0,0,-6.214097,0.7263269,0.2565641,-0.3548827,-0.7888393,0.5017878,0,0,0,0.06476641
1732482646838,-6.360085,1.570103,-0.0005426407,-0.9948469,0.03270305,0.09597075,-2.567983,0.2679169,-0.07646084,-6.421321,0.6172757,-0.2398558,-0.3085584,-0.5867037,-0.7487133,-5.29654,0.6748483,-0.4589796,-6.205603,0.7314066,0.2484837,-0.3154981,-0.8002955,0.5098906,0.6370783,0.380981,-0.6060362,0.06476641
1732482646846,-6.360085,1.570103,-0.0005426407,-0.9948469,0.03270305,0.09597075,0,0,0,-6.421321,0.6172757,-0.2398558,-0.3085584,-0.5867037,-0.7487133,0,0,0,-6.205603,0.7314066,0.2484837,-0.3154981,-0.8002955,0.5098906,0,0,0,0.06476641
1732482646866,-6.394486,1.57218,-0.001864433,-0.9950872,0.03079676,0.09409267,-2.580142,0.1557291,-0.09913445,-6.486747,0.6256453,-0.2432804,-0.4399364,-0.5548687,-0.7061,-4.90694,0.6277218,-0.2568483,-6.226942,0.732761,0.2480927,-0.2842942,-0.8100822,0.5127804,-1.600456,0.1015797,-0.02932549,0.06476641
1732482646873,-6.394486,1.57218,-0.001864433,-0.9950872,0.03079676,0.09409267,0,0,0,-6.486747,0.6256453,-0.2432804,-0.4399364,-0.5548687,-0.7061,0,0,0,-6.226942,0.732761,0.2480927,-0.2842942,-0.8100822,0.5127804,0,0,0,0.06476641
1732482646906,-6.428494,1.572994,-0.003359795,-0.9954405,0.03057756,0.09035242,-2.550602,0.0610292,-0.1121521,-6.552259,0.6341749,-0.2461576,-0.5843558,-0.5075295,-0.6332003,-4.913449,0.6397203,-0.2157927,-6.258573,0.734328,0.2482166,-0.2677258,-0.8117449,0.5190312,-2.372289,0.117521,0.009298325,0.06476641
1732482646914,-6.428494,1.572994,-0.003359795,-0.9954405,0.03057756,0.09035242,0,0,0,-6.552259,0.6341749,-0.2461576,-0.5843558,-0.5075295,-0.6332003,0,0,0,-6.258573,0.734328,0.2482166,-0.2677258,-0.8117449,0.5190312,0,0,0,0.06476641
1732482646934,-6.479652,1.568647,-0.0054636,-0.9953911,0.03718578,0.08839697,-3.836846,-0.3259778,-0.1577854,-6.649071,0.6449381,-0.2563944,-0.6634201,-0.4574763,-0.5921063,-7.260847,0.8072376,-0.7677555,-6.303972,0.734552,0.2493248,-0.2409842,-0.8097445,0.5350147,-3.404975,0.01679957,0.08311272,0.06476641
1732482646941,-6.479652,1.568647,-0.0054636,-0.9953911,0.03718578,0.08839697,0,0,0,-6.649071,0.6449381,-0.2563944,-0.6634201,-0.4574763,-0.5921063,0,0,0,-6.303972,0.734552,0.2493248,-0.2409842,-0.8097445,0.5350147,0,0,0,0.06476641
1732482646947,-6.479652,1.568647,-0.0054636,-0.9953911,0.03718578,0.08839697,0,0,0,-6.649071,0.6449381,-0.2563944,-0.6634201,-0.4574763,-0.5921063,0,0,0,-6.303972,0.734552,0.2493248,-0.2409842,-0.8097445,0.5350147,0,0,0,0.06476641
1732482646963,-6.513014,1.562547,-0.007072449,-0.9953243,0.03298754,0.09078258,-2.502108,-0.4575402,-0.1206636,-6.714962,0.6506038,-0.2678251,-0.6541693,-0.4393063,-0.6156888,-4.941845,0.424929,-0.8573055,-6.340174,0.7317224,0.2501173,-0.2170124,-0.8095146,0.5455199,-2.715111,-0.2122164,0.05943775,0.06476641
1732482646970,-6.513014,1.562547,-0.007072449,-0.9953243,0.03298754,0.09078258,0,0,0,-6.714962,0.6506038,-0.2678251,-0.6541693,-0.4393063,-0.6156888,0,0,0,-6.340174,0.7317224,0.2501173,-0.2170124,-0.8095146,0.5455199,0,0,0,0.06476641
1732482646976,-6.513014,1.562547,-0.007072449,-0.9953243,0.03298754,0.09078258,0,0,0,-6.714962,0.6506038,-0.2678251,-0.6541693,-0.4393063,-0.6156888,0,0,0,-6.340174,0.7317224,0.2501173,-0.2170124,-0.8095146,0.5455199,0,0,0,0.06476641
1732482647003,-6.54745,1.55637,-0.008396149,-0.9950311,0.03387509,0.09362715,-2.582717,-0.4632354,-0.0992775,-6.776672,0.6544726,-0.2787151,-0.6794767,-0.3796519,-0.6278349,-4.628277,0.2901614,-0.8167505,-6.369275,0.7265442,0.2503939,-0.1860862,-0.8117661,0.5535411,-2.182603,-0.388366,0.02074242,0.06476641
1732482647011,-6.54745,1.55637,-0.008396149,-0.9950311,0.03387509,0.09362715,0,0,0,-6.776672,0.6544726,-0.2787151,-0.6794767,-0.3796519,-0.6278349,0,0,0,-6.369275,0.7265442,0.2503939,-0.1860862,-0.8117661,0.5535411,0,0,0,0.06476641
1732482647044,-6.598876,1.544552,-0.01054668,-0.9948149,0.04034982,0.09335965,-3.856945,-0.886336,-0.1612902,-6.862758,0.6592958,-0.2955732,-0.7067395,-0.2791948,-0.6500536,-6.456399,0.3617361,-1.264358,-6.40542,0.7172165,0.2511415,-0.1384456,-0.8128352,0.565802,-2.710891,-0.6995782,0.05607605,0.06476641
1732482647051,-6.598876,1.544552,-0.01054668,-0.9948149,0.04034982,0.09335965,0,0,0,-6.862758,0.6592958,-0.2955732,-0.7067395,-0.2791948,-0.6500536,0,0,0,-6.40542,0.7172165,0.2511415,-0.1384456,-0.8128352,0.565802,0,0,0,0.06476641
1732482647073,-6.65063,1.533971,-0.01250458,-0.9956384,0.0339492,0.08690149,-3.88155,-0.7935673,-0.146842,-6.910042,0.6618329,-0.2841015,-0.680499,-0.2196936,-0.6990398,-3.546309,0.1902804,0.8603811,-6.447644,0.7038655,0.2519178,-0.09608269,-0.8118318,0.5759318,-3.166795,-1.001327,0.05822182,0.06476641
1732482647080,-6.65063,1.533971,-0.01250458,-0.9956384,0.0339492,0.08690149,0,0,0,-6.910042,0.6618329,-0.2841015,-0.680499,-0.2196936,-0.6990398,0,0,0,-6.447644,0.7038655,0.2519178,-0.09608269,-0.8118318,0.5759318,0,0,0,0.06476641
1732482647087,-6.65063,1.533971,-0.01250458,-0.9956384,0.0339492,0.08690149,0,0,0,-6.910042,0.6618329,-0.2841015,-0.680499,-0.2196936,-0.6990398,0,0,0,-6.447644,0.7038655,0.2519178,-0.09608269,-0.8118318,0.5759318,0,0,0,0.06476641
1732482647102,-6.685378,1.530915,-0.01395702,-0.996191,0.03330513,0.08058923,-2.606106,-0.2292484,-0.1089334,-6.937431,0.6754472,-0.2470694,-0.6449502,-0.1933057,-0.7393733,-2.054214,1.021077,2.77741,-6.482471,0.6941211,0.2523851,-0.08039278,-0.8110731,0.5793941,-2.611971,-0.730826,0.03504753,0.06476641
1732482647109,-6.685378,1.530915,-0.01395702,-0.996191,0.03330513,0.08058923,0,0,0,-6.937431,0.6754472,-0.2470694,-0.6449502,-0.1933057,-0.7393733,0,0,0,-6.482471,0.6941211,0.2523851,-0.08039278,-0.8110731,0.5793941,0,0,0,0.06476641
1732482647116,-6.685378,1.530915,-0.01395702,-0.996191,0.03330513,0.08058923,0,0,0,-6.937431,0.6754472,-0.2470694,-0.6449502,-0.1933057,-0.7393733,0,0,0,-6.482471,0.6941211,0.2523851,-0.08039278,-0.8110731,0.5793941,0,0,0,0.06476641
1732482647143,-6.720867,1.528955,-0.01438713,-0.9959382,0.04419649,0.07844847,-2.661681,-0.146994,-0.03225803,-6.976055,0.6729032,-0.2488108,-0.6124966,-0.1905795,-0.7671558,-2.896786,-0.1908034,-0.1306057,-6.516255,0.6877483,0.2533331,-0.08448252,-0.8079311,0.5831897,-2.533865,-0.4779607,0.07109642,0.06476641
1732482647150,-6.720867,1.528955,-0.01438713,-0.9959382,0.04419649,0.07844847,0,0,0,-6.976055,0.6729032,-0.2488108,-0.6124966,-0.1905795,-0.7671558,0,0,0,-6.516255,0.6877483,0.2533331,-0.08448252,-0.8079311,0.5831897,0,0,0,0.06476641
1732482647170,-6.772874,1.533227,-0.01488495,-0.9971244,0.01757324,0.07371873,-3.900504,0.3204256,-0.03733635,-7.022679,0.6640893,-0.2491102,-0.5562434,-0.2269347,-0.7994337,-3.496814,-0.6610394,-0.02245903,-6.557033,0.6850936,0.2548037,-0.09279177,-0.7980018,0.5954688,-3.05829,-0.1991004,0.1102924,0.06593847
1732482647177,-6.772874,1.533227,-0.01488495,-0.9971244,0.01757324,0.07371873,0,0,0,-7.022679,0.6640893,-0.2491102,-0.5562434,-0.2269347,-0.7994337,0,0,0,-6.557033,0.6850936,0.2548037,-0.09279177,-0.7980018,0.5954688,0,0,0,0.06593847
1732482647184,-6.772874,1.533227,-0.01488495,-0.9971244,0.01757324,0.07371873,0,0,0,-7.022679,0.6640893,-0.2491102,-0.5562434,-0.2269347,-0.7994337,0,0,0,-6.557033,0.6850936,0.2548037,-0.09279177,-0.7980018,0.5954688,0,0,0,0.06593847
1732482647199,-6.807437,1.534469,-0.01506901,-0.9971319,0.03163599,0.06875467,-2.59223,0.0931263,-0.01380444,-7.043667,0.6496707,-0.2425051,-0.5299374,-0.2691715,-0.8041849,-1.574063,-1.0814,0.4953861,-6.600043,0.6871588,0.2588634,-0.09202605,-0.7982351,0.5952748,-3.225803,0.1548886,0.3044844,0.06593847
1732482647207,-6.807437,1.534469,-0.01506901,-0.9971319,0.03163599,0.06875467,0,0,0,-7.043667,0.6496707,-0.2425051,-0.5299374,-0.2691715,-0.8041849,0,0,0,-6.600043,0.6871588,0.2588634,-0.09202605,-0.7982351,0.5952748,0,0,0,0.06593847
1732482647227,-6.842105,1.540078,-0.01563835,-0.9974945,0.02673773,0.06550187,-2.600098,0.4206955,-0.04270077,-7.053497,0.6806274,-0.2186985,-0.5153734,-0.3268597,-0.7921827,-0.7372856,2.321756,1.785493,-6.627619,0.6895517,0.2603493,-0.1062138,-0.8037158,0.5854567,-2.068162,0.1794666,0.1114368,0.06593847
1732482647234,-6.842105,1.540078,-0.01563835,-0.9974945,0.02673773,0.06550187,0,0,0,-7.053497,0.6806274,-0.2186985,-0.5153734,-0.3268597,-0.7921827,0,0,0,-6.627619,0.6895517,0.2603493,-0.1062138,-0.8037158,0.5854567,0,0,0,0.06593847
1732482647254,-6.875714,1.541867,-0.01654148,-0.9974227,0.03514718,0.06255364,-2.520704,0.1341462,-0.06773472,-7.065189,0.6771246,-0.2041645,-0.5035148,-0.3950673,-0.7683718,-0.8769035,-0.262709,1.09005,-6.666656,0.6933966,0.2597456,-0.1467484,-0.8030086,0.5776178,-2.927828,0.2883643,-0.04527569,0.06593847
1732482647261,-6.875714,1.541867,-0.01654148,-0.9974227,0.03514718,0.06255364,0,0,0,-7.065189,0.6771246,-0.2041645,-0.5035148,-0.3950673,-0.7683718,0,0,0,-6.666656,0.6933966,0.2597456,-0.1467484,-0.8030086,0.5776178,0,0,0,0.06593847
1732482647282,-6.910384,1.548199,-0.01759148,-0.9972317,0.04506108,0.05915332,-2.600241,0.4749119,-0.07874966,-7.076733,0.6624668,-0.1917,-0.5052185,-0.4423657,-0.7409912,-0.8657455,-1.099339,0.9348392,-6.707178,0.6983793,0.258791,-0.1944833,-0.7869161,0.5856102,-3.039122,0.3737077,-0.0715971,0.06593847
1732482647289,-6.910384,1.548199,-0.01759148,-0.9972317,0.04506108,0.05915332,0,0,0,-7.076733,0.6624668,-0.1917,-0.5052185,-0.4423657,-0.7409912,0,0,0,-6.707178,0.6983793,0.258791,-0.1944833,-0.7869161,0.5856102,0,0,0,0.06593847
1732482647310,-6.944239,1.552598,-0.01961327,-0.9972222,0.05230404,0.05303258,-2.539086,0.3298938,-0.1516342,-7.089203,0.6346518,-0.183671,-0.5211553,-0.4690436,-0.7130189,-0.9352684,-2.086119,0.6021738,-6.749554,0.7055765,0.2574873,-0.2426082,-0.7716098,0.5880133,-3.178167,0.5397901,-0.09777546,0.06593847
1732482647317,-6.944239,1.552598,-0.01961327,-0.9972222,0.05230404,0.05303258,0,0,0,-7.089203,0.6346518,-0.183671,-0.5211553,-0.4690436,-0.7130189,0,0,0,-6.749554,0.7055765,0.2574873,-0.2426082,-0.7716098,0.5880133,0,0,0,0.06593847
1732482647338,-6.97853,1.557866,-0.02136421,-0.9977987,0.04777131,0.04599887,-2.571845,0.3951073,-0.131321,-7.095148,0.6225922,-0.1741638,-0.5175356,-0.4956056,-0.6975185,-0.4458904,-0.9044766,0.7130384,-6.79106,0.7124269,0.2559547,-0.3012655,-0.7581463,0.5783194,-3.113008,0.5137771,-0.1149416,0.06593847
1732482647345,-6.97853,1.557866,-0.02136421,-0.9977987,0.04777131,0.04599887,0,0,0,-7.095148,0.6225922,-0.1741638,-0.5175356,-0.4956056,-0.6975185,0,0,0,-6.79106,0.7124269,0.2559547,-0.3012655,-0.7581463,0.5783194,0,0,0,0.06593847
1732482647366,-7.011953,1.562499,-0.02273273,-0.9981108,0.04761346,0.03883392,-2.506757,0.3474712,-0.1026392,-7.098264,0.613789,-0.16609,-0.4765132,-0.5256749,-0.7046999,-0.233674,-0.6602347,0.6055355,-6.836378,0.7207507,0.2528009,-0.3673694,-0.7441599,0.5579122,-3.398824,0.6242886,-0.2365351,0.06593847
1732482647373,-7.011953,1.562499,-0.02273273,-0.9981108,0.04761346,0.03883392,0,0,0,-7.098264,0.613789,-0.16609,-0.4765132,-0.5256749,-0.7046999,0,0,0,-6.836378,0.7207507,0.2528009,-0.3673694,-0.7441599,0.5579122,0,0,0,0.06593847
1732482647394,-7.045901,1.56389,-0.0245924,-0.9985424,0.04338028,0.03211802,-2.546096,0.1043737,-0.1394749,-7.101313,0.6051696,-0.1581421,-0.4133363,-0.5724332,-0.708148,-0.2286673,-0.6464571,0.5960941,-6.882744,0.7292078,0.2475414,-0.4231578,-0.7336597,0.5316776,-3.47743,0.6342798,-0.3944635,0.06593847
1732482647401,-7.045901,1.56389,-0.0245924,-0.9985424,0.04338028,0.03211802,0,0,0,-7.101313,0.6051696,-0.1581421,-0.4133363,-0.5724332,-0.708148,0,0,0,-6.882744,0.7292078,0.2475414,-0.4231578,-0.7336597,0.5316776,0,0,0,0.06593847
1732482647422,-7.079909,1.564599,-0.02660561,-0.9988124,0.0424006,0.024005,-2.550602,0.0531882,-0.1509905,-7.103039,0.5972474,-0.1528282,-0.3357908,-0.6192651,-0.7097578,-0.1294613,-0.5941674,0.3985405,-6.93371,0.7374222,0.2408419,-0.4534046,-0.7281352,0.5140464,-3.82247,0.6160811,-0.5024672,0.06593847
1732482647429,-7.079909,1.564599,-0.02660561,-0.9988124,0.0424006,0.024005,0,0,0,-7.103039,0.5972474,-0.1528282,-0.3357908,-0.6192651,-0.7097578,0,0,0,-6.93371,0.7374222,0.2408419,-0.4534046,-0.7281352,0.5140464,0,0,0,0.06593847
1732482647436,-7.079909,1.564599,-0.02660561,-0.9988124,0.0424006,0.024005,0,0,0,-7.103039,0.5972474,-0.1528282,-0.3357908,-0.6192651,-0.7097578,0,0,0,-6.93371,0.7374222,0.2408419,-0.4534046,-0.7281352,0.5140464,0,0,0,0.06593847
1732482647450,-7.113963,1.562552,-0.02853298,-0.9985009,0.05195279,0.0172444,-2.554035,-0.1535296,-0.1445532,-7.104251,0.5833929,-0.1553173,-0.2882477,-0.6320481,-0.7193254,-0.090909,-1.039088,-0.1866817,-6.986427,0.7450249,0.2354507,-0.4892066,-0.7106619,0.5056055,-3.953791,0.5702019,-0.4043341,0.06593847
1732482647457,-7.113963,1.562552,-0.02853298,-0.9985009,0.05195279,0.0172444,0,0,0,-7.104251,0.5833929,-0.1553173,-0.2882477,-0.6320481,-0.7193254,0,0,0,-6.986427,0.7450249,0.2354507,-0.4892066,-0.7106619,0.5056055,0,0,0,0.06593847
1732482647478,-7.148416,1.558317,-0.03000546,-0.9983813,0.05581768,0.01093209,-2.583933,-0.317654,-0.1104355,-7.105861,0.5687497,-0.1566029,-0.2456116,-0.6443493,-0.7242165,-0.1207352,-1.098235,-0.09641647,-7.017619,0.7484443,0.2331228,-0.5270534,-0.6895394,0.4967394,-2.339387,0.2564549,-0.1745939,0.06593847
1732482647485,-7.148416,1.558317,-0.03000546,-0.9983813,0.05581768,0.01093209,0,0,0,-7.105861,0.5687497,-0.1566029,-0.2456116,-0.6443493,-0.7242165,0,0,0,-7.017619,0.7484443,0.2331228,-0.5270534,-0.6895394,0.4967394,0,0,0,0.06593847
1732482647518,-7.18278,1.551353,-0.03068352,-0.9984975,0.05436581,0.006893635,-2.577353,-0.5223155,-0.05085468,-7.1092,0.5555096,-0.1507263,-0.1735148,-0.6621053,-0.7290473,-0.2504826,-0.9930119,0.4407406,-7.063612,0.7520338,0.2307529,-0.5622935,-0.6652182,0.4912342,-3.449464,0.2692088,-0.1777411,0.06593847
1732482647526,-7.18278,1.551353,-0.03068352,-0.9984975,0.05436581,0.006893635,0,0,0,-7.1092,0.5555096,-0.1507263,-0.1735148,-0.6621053,-0.7290473,0,0,0,-7.063612,0.7520338,0.2307529,-0.5622935,-0.6652182,0.4912342,0,0,0,0.06593847
1732482647546,-7.236223,1.540355,-0.03251171,-0.9982843,0.05811741,0.00713563,-4.008222,-0.8248329,-0.1371145,-7.116555,0.5366074,-0.1410313,-0.05859324,-0.6840073,-0.7271187,-0.5516052,-1.417664,0.727129,-7.124115,0.753624,0.2273388,-0.6026598,-0.6319128,0.4873271,-4.537725,0.1192689,-0.2560616,0.06593847
1732482647553,-7.236223,1.540355,-0.03251171,-0.9982843,0.05811741,0.00713563,0,0,0,-7.116555,0.5366074,-0.1410313,-0.05859324,-0.6840073,-0.7271187,0,0,0,-7.124115,0.753624,0.2273388,-0.6026598,-0.6319128,0.4873271,0,0,0,0.06593847
1732482647560,-7.236223,1.540355,-0.03251171,-0.9982843,0.05811741,0.00713563,0,0,0,-7.116555,0.5366074,-0.1410313,-0.05859324,-0.6840073,-0.7271187,0,0,0,-7.124115,0.753624,0.2273388,-0.6026598,-0.6319128,0.4873271,0,0,0,0.06593847
1732482647588,-7.271733,1.531484,-0.03303719,-0.9982956,0.05737661,0.01068509,-2.663255,-0.6653488,-0.03941059,-7.126149,0.5249996,-0.1332121,0.01221856,-0.696148,-0.7177947,-0.7195473,-0.8705825,0.5864382,-7.175732,0.7518837,0.2256336,-0.6092532,-0.6222017,0.4916052,-3.87125,-0.1305208,-0.1278877,0.06593847
1732482647596,-7.271733,1.531484,-0.03303719,-0.9982956,0.05737661,0.01068509,0,0,0,-7.126149,0.5249996,-0.1332121,0.01221856,-0.696148,-0.7177947,0,0,0,-7.175732,0.7518837,0.2256336,-0.6092532,-0.6222017,0.4916052,0,0,0,0.06593847
1732482647603,-7.271733,1.531484,-0.03303719,-0.9982956,0.05737661,0.01068509,0,0,0,-7.126149,0.5249996,-0.1332121,0.01221856,-0.696148,-0.7177947,0,0,0,-7.175732,0.7518837,0.2256336,-0.6092532,-0.6222017,0.4916052,0,0,0,0.06593847
1732482647628,-7.326024,1.528336,-0.03468037,-0.9991555,0.03703719,0.01780987,-4.071808,-0.2360612,-0.1232386,-7.149581,0.5189722,-0.1240721,0.09125778,-0.7024553,-0.7058537,-1.757383,-0.4520595,0.6855011,-7.348463,0.7193151,0.2107944,-0.6091474,-0.6155079,0.5000894,-12.95485,-2.442647,-1.112938,0.07343078
1732482647636,-7.326024,1.528336,-0.03468037,-0.9991555,0.03703719,0.01780987,0,0,0,-7.149581,0.5189722,-0.1240721,0.09125778,-0.7024553,-0.7058537,0,0,0,-7.348463,0.7193151,0.2107944,-0.6091474,-0.6155079,0.5000894,0,0,0,0.07343078
1732482647644,-7.326024,1.528336,-0.03468037,-0.9991555,0.03703719,0.01780987,0,0,0,-7.149581,0.5189722,-0.1240721,0.09125778,-0.7024553,-0.7058537,0,0,0,-7.348463,0.7193151,0.2107944,-0.6091474,-0.6155079,0.5000894,0,0,0,0.07343078
1732482647668,-7.381724,1.529175,-0.03640461,-0.9992356,0.03262135,0.02155906,-4.177523,0.06287992,-0.1293182,-7.191596,0.5154833,-0.1197577,0.1612179,-0.6881608,-0.7074207,-3.151131,-0.2616674,0.3235817,-7.513783,0.7132262,0.2093658,-0.571839,-0.6262591,0.5299057,-12.39896,-0.4566684,-0.1071453,0.07811952
1732482647676,-7.381724,1.529175,-0.03640461,-0.9992356,0.03262135,0.02155906,0,0,0,-7.191596,0.5154833,-0.1197577,0.1612179,-0.6881608,-0.7074207,0,0,0,-7.513783,0.7132262,0.2093658,-0.571839,-0.6262591,0.5299057,0,0,0,0.07811952
1732482647684,-7.381724,1.529175,-0.03640461,-0.9992356,0.03262135,0.02155906,0,0,0,-7.191596,0.5154833,-0.1197577,0.1612179,-0.6881608,-0.7074207,0,0,0,-7.513783,0.7132262,0.2093658,-0.571839,-0.6262591,0.5299057,0,0,0,0.07811952
1732482647708,-7.436095,1.530138,-0.03719807,-0.9996427,0.01456914,0.02241945,-4.077816,0.07229447,-0.05950928,-7.253868,0.5095114,-0.1192703,0.2042685,-0.6845444,-0.699767,-4.670405,-0.4478887,0.03654957,-7.562694,0.7186729,0.2038116,-0.5026605,-0.6631673,0.5545645,-3.668332,0.4085049,-0.4165649,0.07811952
1732482647717,-7.436095,1.530138,-0.03719807,-0.9996427,0.01456914,0.02241945,0,0,0,-7.253868,0.5095114,-0.1192703,0.2042685,-0.6845444,-0.699767,0,0,0,-7.562694,0.7186729,0.2038116,-0.5026605,-0.6631673,0.5545645,0,0,0,0.07811952
1732482647725,-7.436095,1.530138,-0.03719807,-0.9996427,0.01456914,0.02241945,0,0,0,-7.253868,0.5095114,-0.1192703,0.2042685,-0.6845444,-0.699767,0,0,0,-7.562694,0.7186729,0.2038116,-0.5026605,-0.6631673,0.5545645,0,0,0,0.07811952
1732482647750,-7.49072,1.532892,-0.03790283,-0.9996387,0.007874122,0.02570581,-4.096842,0.206548,-0.0528574,-7.338344,0.5059814,-0.122839,0.1663899,-0.6859096,-0.7084091,-6.335664,-0.2647519,-0.2676487,-7.592448,0.7045546,0.197834,-0.4147517,-0.7138123,0.5643166,-2.231598,-1.058878,-0.4483223,0.07811952
1732482647758,-7.49072,1.532892,-0.03790283,-0.9996387,0.007874122,0.02570581,0,0,0,-7.338344,0.5059814,-0.122839,0.1663899,-0.6859096,-0.7084091,0,0,0,-7.592448,0.7045546,0.197834,-0.4147517,-0.7138123,0.5643166,0,0,0,0.07811952
1732482647766,-7.49072,1.532892,-0.03790283,-0.9996387,0.007874122,0.02570581,0,0,0,-7.338344,0.5059814,-0.122839,0.1663899,-0.6859096,-0.7084091,0,0,0,-7.592448,0.7045546,0.197834,-0.4147517,-0.7138123,0.5643166,0,0,0,0.07811952
1732482647791,-7.545712,1.539807,-0.03787136,-0.9992083,0.02117855,0.03368342,-4.124379,0.5185962,0.002360344,-7.429955,0.5023822,-0.1297407,0.1178504,-0.6940916,-0.7101753,-6.870818,-0.2699375,-0.5176306,-7.616977,0.6878333,0.1954527,-0.3457728,-0.7522174,0.5609014,-1.839638,-1.254094,-0.1785994,0.07811952
1732482647799,-7.545712,1.539807,-0.03787136,-0.9992083,0.02117855,0.03368342,0,0,0,-7.429955,0.5023822,-0.1297407,0.1178504,-0.6940916,-0.7101753,0,0,0,-7.616977,0.6878333,0.1954527,-0.3457728,-0.7522174,0.5609014,0,0,0,0.07811952
1732482647808,-7.545712,1.539807,-0.03787136,-0.9992083,0.02117855,0.03368342,0,0,0,-7.429955,0.5023822,-0.1297407,0.1178504,-0.6940916,-0.7101753,0,0,0,-7.616977,0.6878333,0.1954527,-0.3457728,-0.7522174,0.5609014,0,0,0,0.07811952
1732482647832,-7.600366,1.545937,-0.03765869,-0.998251,0.03960073,0.04390019,-4.099059,0.4597664,0.0159502,-7.529126,0.5010958,-0.1375341,0.006856292,-0.6812524,-0.7320169,-7.437873,-0.09648353,-0.584507,-7.637204,0.6810509,0.185401,-0.2997218,-0.7843248,0.5431405,-1.517057,-0.5086809,-0.7538795,0.07811952
1732482647841,-7.600366,1.545937,-0.03765869,-0.998251,0.03960073,0.04390019,0,0,0,-7.529126,0.5010958,-0.1375341,0.006856292,-0.6812524,-0.7320169,0,0,0,-7.637204,0.6810509,0.185401,-0.2997218,-0.7843248,0.5431405,0,0,0,0.07811952
1732482647849,-7.600366,1.545937,-0.03765869,-0.998251,0.03960073,0.04390019,0,0,0,-7.529126,0.5010958,-0.1375341,0.006856292,-0.6812524,-0.7320169,0,0,0,-7.637204,0.6810509,0.185401,-0.2997218,-0.7843248,0.5431405,0,0,0,0.07811952
1732482647873,-7.654284,1.552432,-0.03656578,-0.9976207,0.03818325,0.05740696,-4.043913,0.4870892,0.08196831,-7.634793,0.5038528,-0.1428633,-0.152566,-0.6522416,-0.7424991,-7.925034,0.2067804,-0.3996849,-7.661736,0.6798565,0.1759958,-0.2996746,-0.8055614,0.511142,-1.839924,-0.08958131,-0.7053852,0.07811952
1732482647881,-7.654284,1.552432,-0.03656578,-0.9976207,0.03818325,0.05740696,0,0,0,-7.634793,0.5038528,-0.1428633,-0.152566,-0.6522416,-0.7424991,0,0,0,-7.661736,0.6798565,0.1759958,-0.2996746,-0.8055614,0.511142,0,0,0,0.07811952
1732482647889,-7.654284,1.552432,-0.03656578,-0.9976207,0.03818325,0.05740696,0,0,0,-7.634793,0.5038528,-0.1428633,-0.152566,-0.6522416,-0.7424991,0,0,0,-7.661736,0.6798565,0.1759958,-0.2996746,-0.8055614,0.511142,0,0,0,0.07811952
1732482647915,-7.706626,1.558238,-0.03397083,-0.9970725,0.0253037,0.07215482,-3.92561,0.4354745,0.1946211,-7.744724,0.5127394,-0.1450539,-0.3206993,-0.6141656,-0.7210779,-8.244824,0.6664932,-0.1642942,-7.69174,0.6826823,0.1712284,-0.3081437,-0.8108996,0.4974833,-2.250266,0.2119347,-0.3575563,0.07811952
1732482647923,-7.706626,1.558238,-0.03397083,-0.9970725,0.0253037,0.07215482,0,0,0,-7.744724,0.5127394,-0.1450539,-0.3206993,-0.6141656,-0.7210779,0,0,0,-7.69174,0.6826823,0.1712284,-0.3081437,-0.8108996,0.4974833,0,0,0,0.07811952
1732482647931,-7.706626,1.558238,-0.03397083,-0.9970725,0.0253037,0.07215482,0,0,0,-7.744724,0.5127394,-0.1450539,-0.3206993,-0.6141656,-0.7210779,0,0,0,-7.69174,0.6826823,0.1712284,-0.3081437,-0.8108996,0.4974833,0,0,0,0.07811952
1732482647957,-7.758366,1.561231,-0.03125286,-0.9959291,0.0160347,0.08870518,-3.880477,0.2244294,0.2038479,-7.846059,0.5273569,-0.1314306,-0.6155015,-0.5493072,-0.5651724,-7.600093,1.096308,1.021743,-7.651763,0.703821,0.1966581,-0.2744895,-0.8177279,0.5059414,2.998281,1.585405,1.907229,0.07811952
1732482647965,-7.758366,1.561231,-0.03125286,-0.9959291,0.0160347,0.08870518,0,0,0,-7.846059,0.5273569,-0.1314306,-0.6155015,-0.5493072,-0.5651724,0,0,0,-7.651763,0.703821,0.1966581,-0.2744895,-0.8177279,0.5059414,0,0,0,0.07811952
1732482647973,-7.758366,1.561231,-0.03125286,-0.9959291,0.0160347,0.08870518,0,0,0,-7.846059,0.5273569,-0.1314306,-0.6155015,-0.5493072,-0.5651724,0,0,0,-7.651763,0.703821,0.1966581,-0.2744895,-0.8177279,0.5059414,0,0,0,0.07811952
1732482647999,-7.809764,1.562111,-0.02805424,-0.9939067,0.02128804,0.108151,-3.854871,0.06604493,0.2398968,-7.9379,0.5411983,-0.1208401,-0.8216783,-0.4789162,-0.3090061,-6.888056,1.038104,0.7942915,-7.700435,0.7027315,0.2011833,-0.2421043,-0.8223871,0.5148448,-3.650379,-0.08170903,0.3393888,0.07811952
1732482648007,-7.809764,1.562111,-0.02805424,-0.9939067,0.02128804,0.108151,0,0,0,-7.9379,0.5411983,-0.1208401,-0.8216783,-0.4789162,-0.3090061,0,0,0,-7.700435,0.7027315,0.2011833,-0.2421043,-0.8223871,0.5148448,0,0,0,0.07811952
1732482648015,-7.809764,1.562111,-0.02805424,-0.9939067,0.02128804,0.108151,0,0,0,-7.9379,0.5411983,-0.1208401,-0.8216783,-0.4789162,-0.3090061,0,0,0,-7.700435,0.7027315,0.2011833,-0.2421043,-0.8223871,0.5148448,0,0,0,0.07811952
1732482648041,-7.859792,1.556763,-0.02572823,-0.9909683,0.02859377,0.1310145,-3.752089,-0.4011244,0.1744509,-8.04008,0.5584227,-0.1248102,-0.7736771,-0.4260442,-0.4689461,-7.663536,1.291837,-0.297761,-7.745755,0.6973514,0.2052717,-0.214876,-0.8155036,0.5373849,-3.399038,-0.4035115,0.3066301,0.07811952
1732482648049,-7.859792,1.556763,-0.02572823,-0.9909683,0.02859377,0.1310145,0,0,0,-8.04008,0.5584227,-0.1248102,-0.7736771,-0.4260442,-0.4689461,0,0,0,-7.745755,0.6973514,0.2052717,-0.214876,-0.8155036,0.5373849,0,0,0,0.07811952
1732482648056,-7.859792,1.556763,-0.02572823,-0.9909683,0.02859377,0.1310145,0,0,0,-8.04008,0.5584227,-0.1248102,-0.7736771,-0.4260442,-0.4689461,0,0,0,-7.745755,0.6973514,0.2052717,-0.214876,-0.8155036,0.5373849,0,0,0,0.07811952
1732482648063,-7.859792,1.556763,-0.02572823,-0.9909683,0.02859377,0.1310145,0,0,0,-8.04008,0.5584227,-0.1248102,-0.7736771,-0.4260442,-0.4689461,0,0,0,-7.745755,0.6973514,0.2052717,-0.214876,-0.8155036,0.5373849,0,0,0,0.07811952
1732482648082,-7.910674,1.547627,-0.02340603,-0.988063,0.03164311,0.1507667,-3.816175,-0.6851524,0.1741648,-8.134706,0.5691345,-0.1310186,-0.7373111,-0.38515,-0.5550065,-7.09691,0.8033797,-0.4656315,-7.791244,0.6869938,0.2103519,-0.1732486,-0.8146416,0.5534836,-3.411627,-0.7768214,0.3810167,0.07811952
1732482648090,-7.910674,1.547627,-0.02340603,-0.988063,0.03164311,0.1507667,0,0,0,-8.134706,0.5691345,-0.1310186,-0.7373111,-0.38515,-0.5550065,0,0,0,-7.791244,0.6869938,0.2103519,-0.1732486,-0.8146416,0.5534836,0,0,0,0.07811952
1732482648097,-7.910674,1.547627,-0.02340603,-0.988063,0.03164311,0.1507667,0,0,0,-8.134706,0.5691345,-0.1310186,-0.7373111,-0.38515,-0.5550065,0,0,0,-7.791244,0.6869938,0.2103519,-0.1732486,-0.8146416,0.5534836,0,0,0,0.07811952
1732482648124,-7.961343,1.535619,-0.02175617,-0.9862567,0.04438498,0.1591474,-3.800154,-0.9006679,0.1237392,-8.220568,0.5732971,-0.1334858,-0.7860885,-0.2697994,-0.5561239,-6.439662,0.3122002,-0.1850367,-7.836516,0.6737732,0.2145529,-0.1492994,-0.8069751,0.5714026,-3.395462,-0.9915456,0.3150702,0.07811952
1732482648131,-7.961343,1.535619,-0.02175617,-0.9862567,0.04438498,0.1591474,0,0,0,-8.220568,0.5732971,-0.1334858,-0.7860885,-0.2697994,-0.5561239,0,0,0,-7.836516,0.6737732,0.2145529,-0.1492994,-0.8069751,0.5714026,0,0,0,0.07811952
1732482648137,-7.961343,1.535619,-0.02175617,-0.9862567,0.04438498,0.1591474,0,0,0,-8.220568,0.5732971,-0.1334858,-0.7860885,-0.2697994,-0.5561239,0,0,0,-7.836516,0.6737732,0.2145529,-0.1492994,-0.8069751,0.5714026,0,0,0,0.07811952
1732482648152,-8.011876,1.526055,-0.0209341,-0.9879709,0.04066,0.1492001,-3.789997,-0.7172853,0.06165504,-8.297471,0.5743387,-0.1338243,-0.8066581,-0.1938013,-0.558341,-5.767751,0.07811487,-0.02539158,-7.88468,0.6634131,0.2205439,-0.1205189,-0.8026438,0.584156,-3.612256,-0.7770047,0.4493237,0.08047342
1732482648159,-8.011876,1.526055,-0.0209341,-0.9879709,0.04066,0.1492001,0,0,0,-8.297471,0.5743387,-0.1338243,-0.8066581,-0.1938013,-0.558341,0,0,0,-7.88468,0.6634131,0.2205439,-0.1205189,-0.8026438,0.584156,0,0,0,0.08047342
1732482648165,-8.011876,1.526055,-0.0209341,-0.9879709,0.04066,0.1492001,0,0,0,-8.297471,0.5743387,-0.1338243,-0.8066581,-0.1938013,-0.558341,0,0,0,-7.88468,0.6634131,0.2205439,-0.1205189,-0.8026438,0.584156,0,0,0,0.08047342
1732482648180,-8.04568,1.527839,-0.02036285,-0.9902186,0.02828369,0.1366294,-2.535295,0.1338243,0.04284382,-8.343308,0.5792527,-0.1353951,-0.7814782,-0.1838332,-0.5962365,-3.437805,0.3685534,-0.1178026,-7.916351,0.6639433,0.2254553,-0.1028958,-0.7941732,0.5989169,-2.375364,0.03976375,0.3683567,0.08767378
1732482648187,-8.04568,1.527839,-0.02036285,-0.9902186,0.02828369,0.1366294,0,0,0,-8.343308,0.5792527,-0.1353951,-0.7814782,-0.1838332,-0.5962365,0,0,0,-7.916351,0.6639433,0.2254553,-0.1028958,-0.7941732,0.5989169,0,0,0,0.08767378
1732482648208,-8.080176,1.528784,-0.01970005,-0.9919966,0.02085051,0.1245328,-2.587223,0.07083714,0.04971027,-8.384211,0.5790293,-0.1372452,-0.7359799,-0.1815811,-0.6521988,-3.06766,-0.01675487,-0.1387596,-7.948918,0.6628684,0.2286482,-0.09113595,-0.7934657,0.6017529,-2.442527,-0.08061826,0.2394676,0.09066248
1732482648237,-8.114061,1.526698,-0.01900291,-0.9927169,0.03362849,0.1156829,-2.541375,-0.1564443,0.05228519,-8.419201,0.5742803,-0.1378403,-0.6776876,-0.1883507,-0.7108196,-2.624273,-0.3561795,-0.04463196,-7.982129,0.6614476,0.2302856,-0.0918895,-0.7946819,0.600031,-2.490807,-0.1065552,0.1228094,0.09066248
1732482648243,-8.114061,1.526698,-0.01900291,-0.9927169,0.03362849,0.1156829,0,0,0,-8.419201,0.5742803,-0.1378403,-0.6776876,-0.1883507,-0.7108196,0,0,0,-7.982129,0.6614476,0.2302856,-0.0918895,-0.7946819,0.600031,0,0,0,0.09066248
1732482648265,-8.148395,1.533432,-0.01800823,-0.9943234,0.02633268,0.1030923,-2.574992,0.5050868,0.07460117,-8.447126,0.563319,-0.1341562,-0.6209594,-0.2248052,-0.7509148,-2.094412,-0.8220971,0.2763033,-7.950046,0.6737475,0.2302933,-0.1108809,-0.7942748,0.5973551,2.406263,0.9224921,0.0005722046,0.09066248
1732482648272,-8.148395,1.533432,-0.01800823,-0.9943234,0.02633268,0.1030923,0,0,0,-8.447126,0.563319,-0.1341562,-0.6209594,-0.2248052,-0.7509148,0,0,0,-7.950046,0.6737475,0.2302933,-0.1108809,-0.7942748,0.5973551,0,0,0,0.09066248
1732482648278,-8.148395,1.533432,-0.01800823,-0.9943234,0.02633268,0.1030923,0,0,0,-8.447126,0.563319,-0.1341562,-0.6209594,-0.2248052,-0.7509148,0,0,0,-7.950046,0.6737475,0.2302933,-0.1108809,-0.7942748,0.5973551,0,0,0,0.09066248
1732482648294,-8.181663,1.538901,-0.01719952,-0.995254,0.02902653,0.09288365,-2.495098,0.4101366,0.06065369,-8.46623,0.5485579,-0.1246309,-0.5778544,-0.2780112,-0.7673297,-1.4328,-1.107082,0.7143974,-7.984544,0.6743197,0.2321014,-0.1009776,-0.7994429,0.5921948,-2.587366,0.04291087,0.1356125,0.09066248
1732482648301,-8.181663,1.538901,-0.01719952,-0.995254,0.02902653,0.09288365,0,0,0,-8.46623,0.5485579,-0.1246309,-0.5778544,-0.2780112,-0.7673297,0,0,0,-7.984544,0.6743197,0.2321014,-0.1009776,-0.7994429,0.5921948,0,0,0,0.09066248
1732482648335,-8.215115,1.541387,-0.01620197,-0.9956883,0.04211244,0.08265281,-2.508903,0.1865029,0.07481575,-8.481574,0.5349317,-0.1130104,-0.5473065,-0.340567,-0.7645068,-1.150775,-1.021962,0.8715391,-8.014508,0.676989,0.2328463,-0.1129639,-0.7989905,0.5906381,-2.247334,0.2001956,0.05586147,0.09066248
1732482648342,-8.215115,1.541387,-0.01620197,-0.9956883,0.04211244,0.08265281,0,0,0,-8.481574,0.5349317,-0.1130104,-0.5473065,-0.340567,-0.7645068,0,0,0,-8.014508,0.676989,0.2328463,-0.1129639,-0.7989905,0.5906381,0,0,0,0.09066248
1732482648363,-8.26653,1.548908,-0.01596165,-0.9960839,0.05484924,0.06934649,-3.856158,0.5640507,0.01802444,-8.500075,0.5109376,-0.08787537,-0.5618309,-0.4441086,-0.6979351,-1.387596,-1.799561,1.885128,-8.069261,0.682754,0.2347717,-0.1648139,-0.7863629,0.5953737,-4.106426,0.4323766,0.1444101,0.09066248
1732482648370,-8.26653,1.548908,-0.01596165,-0.9960839,0.05484924,0.06934649,0,0,0,-8.500075,0.5109376,-0.08787537,-0.5618309,-0.4441086,-0.6979351,0,0,0,-8.069261,0.682754,0.2347717,-0.1648139,-0.7863629,0.5953737,0,0,0,0.09066248
1732482648376,-8.26653,1.548908,-0.01596165,-0.9960839,0.05484924,0.06934649,0,0,0,-8.500075,0.5109376,-0.08787537,-0.5618309,-0.4441086,-0.6979351,0,0,0,-8.069261,0.682754,0.2347717,-0.1648139,-0.7863629,0.5953737,0,0,0,0.09066248
1732482648393,-8.300598,1.553708,-0.01596832,-0.9960549,0.0657978,0.05954742,-2.555108,0.360024,-0.000500679,-8.507809,0.4975224,-0.06935215,-0.6196029,-0.4630599,-0.6337733,-0.5800009,-1.006137,1.389241,-8.119365,0.6902115,0.2368402,-0.2234842,-0.7711238,0.5961736,-3.757811,0.5593121,0.155139,0.09066248
1732482648400,-8.300598,1.553708,-0.01596832,-0.9960549,0.0657978,0.05954742,0,0,0,-8.507809,0.4975224,-0.06935215,-0.6196029,-0.4630599,-0.6337733,0,0,0,-8.119365,0.6902115,0.2368402,-0.2234842,-0.7711238,0.5961736,0,0,0,0.09066248
1732482648406,-8.300598,1.553708,-0.01596832,-0.9960549,0.0657978,0.05954742,0,0,0,-8.507809,0.4975224,-0.06935215,-0.6196029,-0.4630599,-0.6337733,0,0,0,-8.119365,0.6902115,0.2368402,-0.2234842,-0.7711238,0.5961736,0,0,0,0.09066248
1732482648434,-8.334173,1.558676,-0.01616478,-0.9967089,0.06029234,0.05418885,-2.518129,0.3725499,-0.01473427,-8.513274,0.4885412,-0.05601978,-0.6380875,-0.4787415,-0.6030354,-0.4099131,-0.6735921,0.9999275,-8.169235,0.6972451,0.2386951,-0.276328,-0.765737,0.5807667,-3.740287,0.5275235,0.1391172,0.09066248
1732482648440,-8.334173,1.558676,-0.01616478,-0.9967089,0.06029234,0.05418885,0,0,0,-8.513274,0.4885412,-0.05601978,-0.6380875,-0.4787415,-0.6030354,0,0,0,-8.169235,0.6972451,0.2386951,-0.276328,-0.765737,0.5807667,0,0,0,0.09066248
1732482648475,-8.384706,1.565154,-0.01652813,-0.9973822,0.05391911,0.048186,-3.789926,0.4858822,-0.02725124,-8.520899,0.4780634,-0.04050636,-0.5879595,-0.5253884,-0.6150379,-0.571847,-0.7858358,1.163507,-8.225511,0.7060953,0.2351055,-0.3438593,-0.7550498,0.5582658,-4.220653,0.6637618,-0.2692223,0.09066248
1732482648482,-8.384706,1.565154,-0.01652813,-0.9973822,0.05391911,0.048186,0,0,0,-8.520899,0.4780634,-0.04050636,-0.5879595,-0.5253884,-0.6150379,0,0,0,-8.225511,0.7060953,0.2351055,-0.3438593,-0.7550498,0.5582658,0,0,0,0.09066248
1732482648488,-8.384706,1.565154,-0.01652813,-0.9973822,0.05391911,0.048186,0,0,0,-8.520899,0.4780634,-0.04050636,-0.5879595,-0.5253884,-0.6150379,0,0,0,-8.225511,0.7060953,0.2351055,-0.3438593,-0.7550498,0.5582658,0,0,0,0.09066248
1732482648504,-8.4337,1.566739,-0.01710033,-0.9979169,0.05063225,0.03998381,-3.674555,0.1188397,-0.04291534,-8.52868,0.4666544,-0.02720928,-0.4461192,-0.5998148,-0.6642292,-0.5835772,-0.8556761,0.9972811,-8.297841,0.7170937,0.2272205,-0.4008118,-0.7445819,0.533805,-5.424786,0.8248821,-0.5913734,0.09066248
1732482648511,-8.4337,1.566739,-0.01710033,-0.9979169,0.05063225,0.03998381,0,0,0,-8.52868,0.4666544,-0.02720928,-0.4461192,-0.5998148,-0.6642292,0,0,0,-8.297841,0.7170937,0.2272205,-0.4008118,-0.7445819,0.533805,0,0,0,0.09066248
1732482648517,-8.4337,1.566739,-0.01710033,-0.9979169,0.05063225,0.03998381,0,0,0,-8.52868,0.4666544,-0.02720928,-0.4461192,-0.5998148,-0.6642292,0,0,0,-8.297841,0.7170937,0.2272205,-0.4008118,-0.7445819,0.533805,0,0,0,0.09066248
1732482648531,-8.466536,1.565037,-0.01752186,-0.9980865,0.05236483,0.03288239,-2.462697,-0.1276284,-0.0316143,-8.533541,0.4565722,-0.01887226,-0.3663834,-0.6318114,-0.6830654,-0.3645658,-0.7561639,0.6252766,-8.338028,0.7222418,0.2235241,-0.419977,-0.7364379,0.5303572,-3.014016,0.3861085,-0.2772331,0.09066248
1732482648538,-8.466536,1.565037,-0.01752186,-0.9980865,0.05236483,0.03288239,0,0,0,-8.533541,0.4565722,-0.01887226,-0.3663834,-0.6318114,-0.6830654,0,0,0,-8.338028,0.7222418,0.2235241,-0.419977,-0.7364379,0.5303572,0,0,0,0.09066248
1732482648559,-8.498721,1.561303,-0.01775169,-0.9982682,0.05280536,0.02593416,-2.413917,-0.2800316,-0.01723766,-8.537914,0.4457053,-0.01039219,-0.2942648,-0.6539221,-0.6969897,-0.3280163,-0.8150138,0.6360054,-8.371365,0.7252482,0.2221098,-0.4440374,-0.7251053,0.5263584,-2.500248,0.2254799,-0.1060724,0.09066248
1732482648566,-8.498721,1.561303,-0.01775169,-0.9982682,0.05280536,0.02593416,0,0,0,-8.537914,0.4457053,-0.01039219,-0.2942648,-0.6539221,-0.6969897,0,0,0,-8.371365,0.7252482,0.2221098,-0.4440374,-0.7251053,0.5263584,0,0,0,0.09066248
1732482648587,-8.531531,1.556775,-0.01788616,-0.9979866,0.06030861,0.01964283,-2.460766,-0.3395945,-0.01008511,-8.542255,0.4328752,-0.001402855,-0.2283888,-0.6717397,-0.7047023,-0.3255844,-0.9622559,0.6742001,-8.405027,0.7273085,0.2217655,-0.4771247,-0.7057004,0.523774,-2.52471,0.1545221,-0.02582073,0.09066248
1732482648594,-8.531531,1.556775,-0.01788616,-0.9979866,0.06030861,0.01964283,0,0,0,-8.542255,0.4328752,-0.001402855,-0.2283888,-0.6717397,-0.7047023,0,0,0,-8.405027,0.7273085,0.2217655,-0.4771247,-0.7057004,0.523774,0,0,0,0.09066248
1732482648614,-8.56465,1.550626,-0.01791573,-0.9972325,0.07234108,0.01717079,-2.483869,-0.4612237,-0.002217293,-8.547314,0.4198645,0.007986069,-0.1604259,-0.6788179,-0.7165687,-0.3793716,-0.9758077,0.7041693,-8.451172,0.7292651,0.2218027,-0.5146993,-0.6784949,0.5241462,-3.460836,0.1467437,0.002789497,0.09066248
1732482648621,-8.56465,1.550626,-0.01791573,-0.9972325,0.07234108,0.01717079,0,0,0,-8.547314,0.4198645,0.007986069,-0.1604259,-0.6788179,-0.7165687,0,0,0,-8.451172,0.7292651,0.2218027,-0.5146993,-0.6784949,0.5241462,0,0,0,0.09066248
1732482648642,-8.597789,1.542969,-0.01815796,-0.9964797,0.0817098,0.01876253,-2.485442,-0.5742431,-0.0181675,-8.554137,0.4081463,0.01817131,-0.0811969,-0.6918831,-0.7174295,-0.5117655,-0.8788615,0.7638931,-8.488229,0.7298472,0.2216425,-0.5442683,-0.6557239,0.5232574,-2.779269,0.04365742,-0.0120163,0.09066248
1732482648650,-8.597789,1.542969,-0.01815796,-0.9964797,0.0817098,0.01876253,0,0,0,-8.554137,0.4081463,0.01817131,-0.0811969,-0.6918831,-0.7174295,0,0,0,-8.488229,0.7298472,0.2216425,-0.5442683,-0.6557239,0.5232574,0,0,0,0.09066248
1732482648670,-8.63184,1.535716,-0.01772022,-0.9962394,0.08308922,0.0245651,-2.553821,-0.5440056,0.03283024,-8.525582,0.4690038,-0.04269886,-0.00207001,-0.7073716,-0.7068397,2.141619,4.564313,-4.565263,-8.528088,0.7294637,0.2220459,-0.5664166,-0.6387546,0.5207349,-2.989411,-0.02876222,0.03025532,0.09066248
1732482648677,-8.63184,1.535716,-0.01772022,-0.9962394,0.08308922,0.0245651,0,0,0,-8.525582,0.4690038,-0.04269886,-0.00207001,-0.7073716,-0.7068397,0,0,0,-8.528088,0.7294637,0.2220459,-0.5664166,-0.6387546,0.5207349,0,0,0,0.09066248
1732482648711,-8.665553,1.529187,-0.01738167,-0.9959689,0.08373944,0.03215373,-2.528501,-0.4896283,0.02539158,-8.547807,0.4573269,-0.04375839,0.06742662,-0.7181584,-0.6926057,-1.666832,-0.8757681,-0.07946491,-8.566504,0.727468,0.2222395,-0.5774535,-0.6294475,0.5199457,-2.881193,-0.1496762,0.01451969,0.09066248
1732482648718,-8.665553,1.529187,-0.01738167,-0.9959689,0.08373944,0.03215373,0,0,0,-8.547807,0.4573269,-0.04375839,0.06742662,-0.7181584,-0.6926057,0,0,0,-8.566504,0.727468,0.2222395,-0.5774535,-0.6294475,0.5199457,0,0,0,0.09066248
1732482648753,-8.717612,1.527551,-0.01691055,-0.9959744,0.07917458,0.04203266,-3.904438,-0.1227379,0.03533363,-8.588083,0.4470807,-0.04750633,0.1463157,-0.7119529,-0.6868157,-3.02074,-0.768464,-0.2810955,-8.663756,0.7340003,0.2245064,-0.5947725,-0.6250216,0.5055629,-7.293963,0.4899189,0.1700163,0.09374166
1732482648760,-8.717612,1.527551,-0.01691055,-0.9959744,0.07917458,0.04203266,0,0,0,-8.588083,0.4470807,-0.04750633,0.1463157,-0.7119529,-0.6868157,0,0,0,-8.663756,0.7340003,0.2245064,-0.5947725,-0.6250216,0.5055629,0,0,0,0.09374166
1732482648767,-8.717612,1.527551,-0.01691055,-0.9959744,0.07917458,0.04203266,0,0,0,-8.588083,0.4470807,-0.04750633,0.1463157,-0.7119529,-0.6868157,0,0,0,-8.663756,0.7340003,0.2245064,-0.5947725,-0.6250216,0.5055629,0,0,0,0.09374166
1732482648782,-8.769645,1.5299,-0.01644897,-0.9963792,0.06887326,0.04985505,-3.902435,0.1762122,0.03461838,-8.64305,0.4451204,-0.05751038,0.1897033,-0.6955396,-0.692992,-4.122519,-0.1470253,-0.7503033,-8.779575,0.8021931,0.2054625,-0.5340322,-0.6534234,0.5365143,-8.686423,5.114463,-1.428294,0.09374166
1732482648790,-8.769645,1.5299,-0.01644897,-0.9963792,0.06887326,0.04985505,0,0,0,-8.64305,0.4451204,-0.05751038,0.1897033,-0.6955396,-0.692992,0,0,0,-8.779575,0.8021931,0.2054625,-0.5340322,-0.6534234,0.5365143,0,0,0,0.09374166
1732482648797,-8.769645,1.5299,-0.01644897,-0.9963792,0.06887326,0.04985505,0,0,0,-8.64305,0.4451204,-0.05751038,0.1897033,-0.6955396,-0.692992,0,0,0,-8.779575,0.8021931,0.2054625,-0.5340322,-0.6534234,0.5365143,0,0,0,0.09374166
1732482648804,-8.769645,1.5299,-0.01644897,-0.9963792,0.06887326,0.04985505,0,0,0,-8.64305,0.4451204,-0.05751038,0.1897033,-0.6955396,-0.692992,0,0,0,-8.779575,0.8021931,0.2054625,-0.5340322,-0.6534234,0.5365143,0,0,0,0.09374166
1732482648823,-8.804339,1.532705,-0.01627922,-0.9958016,0.07282532,0.05546242,-2.6021,0.2103388,0.01273155,-8.68442,0.4503188,-0.06589222,0.1951054,-0.6760923,-0.7105165,-3.102708,0.3898814,-0.6286383,-8.871241,0.7739733,0.2060022,-0.4789913,-0.6881036,0.5450513,-6.874895,-2.116486,0.04048347,0.09374166
1732482648830,-8.804339,1.532705,-0.01627922,-0.9958016,0.07282532,0.05546242,0,0,0,-8.68442,0.4503188,-0.06589222,0.1951054,-0.6760923,-0.7105165,0,0,0,-8.871241,0.7739733,0.2060022,-0.4789913,-0.6881036,0.5450513,0,0,0,0.09374166
1732482648863,-8.856515,1.540796,-0.01602936,-0.9955718,0.06671241,0.06623,-3.913164,0.6068498,0.0187397,-8.751717,0.4575623,-0.07401466,0.1761854,-0.6616459,-0.7288238,-5.047274,0.5432613,-0.6091833,-8.883066,0.7625084,0.2001171,-0.4073577,-0.7358655,0.5408899,-0.8869171,-0.859867,-0.4413843,0.09374166
1732482648870,-8.856515,1.540796,-0.01602936,-0.9955718,0.06671241,0.06623,0,0,0,-8.751717,0.4575623,-0.07401466,0.1761854,-0.6616459,-0.7288238,0,0,0,-8.883066,0.7625084,0.2001171,-0.4073577,-0.7358655,0.5408899,0,0,0,0.09374166
1732482648876,-8.856515,1.540796,-0.01602936,-0.9955718,0.06671241,0.06623,0,0,0,-8.751717,0.4575623,-0.07401466,0.1761854,-0.6616459,-0.7288238,0,0,0,-8.883066,0.7625084,0.2001171,-0.4073577,-0.7358655,0.5408899,0,0,0,0.09374166
1732482648892,-8.907475,1.544433,-0.01492882,-0.9948164,0.06593807,0.07741517,-3.821969,0.2727628,0.08254051,-8.824257,0.4675309,-0.08078766,0.1034537,-0.6782537,-0.7275095,-5.440521,0.7476434,-0.5079746,-8.890792,0.7546415,0.1893349,-0.3616,-0.7811084,0.5090339,-0.5794287,-0.5900189,-0.8086681,0.09374166
1732482648899,-8.907475,1.544433,-0.01492882,-0.9948164,0.06593807,0.07741517,0,0,0,-8.824257,0.4675309,-0.08078766,0.1034537,-0.6782537,-0.7275095,0,0,0,-8.890792,0.7546415,0.1893349,-0.3616,-0.7811084,0.5090339,0,0,0,0.09374166
1732482648905,-8.907475,1.544433,-0.01492882,-0.9948164,0.06593807,0.07741517,0,0,0,-8.824257,0.4675309,-0.08078766,0.1034537,-0.6782537,-0.7275095,0,0,0,-8.890792,0.7546415,0.1893349,-0.3616,-0.7811084,0.5090339,0,0,0,0.09374166
1732482648933,-8.94208,1.548848,-0.01438713,-0.9925674,0.08684947,0.08524889,-2.595448,0.3311455,0.04062653,-8.876524,0.4725801,-0.08242702,0.03029525,-0.662859,-0.7481315,-3.920031,0.3786944,-0.1229525,-8.898512,0.7521369,0.1846361,-0.3439564,-0.7989865,0.4932695,-0.5789995,-0.187844,-0.3524065,0.09374166
1732482648940,-8.94208,1.548848,-0.01438713,-0.9925674,0.08684947,0.08524889,0,0,0,-8.876524,0.4725801,-0.08242702,0.03029525,-0.662859,-0.7481315,0,0,0,-8.898512,0.7521369,0.1846361,-0.3439564,-0.7989865,0.4932695,0,0,0,0.09374166
1732482648960,-8.993553,1.556003,-0.01287937,-0.9906464,0.09931704,0.09357184,-3.86045,0.5366027,0.1130819,-8.95878,0.4850191,-0.08395004,-0.09677684,-0.6287709,-0.7715452,-6.169224,0.9329237,-0.1142263,-8.915201,0.7563078,0.1808147,-0.3479284,-0.8032376,0.4834826,-1.251698,0.3128216,-0.286603,0.09374166
1732482648967,-8.993553,1.556003,-0.01287937,-0.9906464,0.09931704,0.09357184,0,0,0,-8.95878,0.4850191,-0.08395004,-0.09677684,-0.6287709,-0.7715452,0,0,0,-8.915201,0.7563078,0.1808147,-0.3479284,-0.8032376,0.4834826,0,0,0,0.09374166
1732482648973,-8.993553,1.556003,-0.01287937,-0.9906464,0.09931704,0.09357184,0,0,0,-8.95878,0.4850191,-0.08395004,-0.09677684,-0.6287709,-0.7715452,0,0,0,-8.915201,0.7563078,0.1808147,-0.3479284,-0.8032376,0.4834826,0,0,0,0.09374166
1732482648990,-9.027946,1.56146,-0.01175022,-0.99064,0.09826579,0.09474325,-2.579427,0.4093051,0.08468628,-9.014351,0.5002716,-0.07993412,-0.1896959,-0.6153859,-0.7650598,-4.167795,1.143938,0.3011942,-8.909183,0.7645059,0.1898346,-0.3324934,-0.7998269,0.4997252,0.4513979,0.6148517,0.6764889,0.09374166
1732482649004,-9.027946,1.56146,-0.01175022,-0.99064,0.09826579,0.09474325,0,0,0,-9.014351,0.5002716,-0.07993412,-0.1896959,-0.6153859,-0.7650598,0,0,0,-8.909183,0.7645059,0.1898346,-0.3324934,-0.7998269,0.4997252,0,0,0,0.09374166
1732482649031,-9.061893,1.564918,-0.01016331,-0.9913054,0.08929424,0.09664655,-2.546024,0.2593338,0.1190186,-9.067822,0.5159105,-0.07144547,-0.2767313,-0.6060126,-0.7457672,-4.010296,1.172917,0.6366491,-8.946556,0.772623,0.1950274,-0.3015255,-0.8056067,0.5099807,-2.803016,0.6087855,0.3894567,0.09374166
1732482649038,-9.061893,1.564918,-0.01016331,-0.9913054,0.08929424,0.09664655,0,0,0,-9.067822,0.5159105,-0.07144547,-0.2767313,-0.6060126,-0.7457672,0,0,0,-8.946556,0.772623,0.1950274,-0.3015255,-0.8056067,0.5099807,0,0,0,0.09374166
1732482649044,-9.061893,1.564918,-0.01016331,-0.9913054,0.08929424,0.09664655,0,0,0,-9.067822,0.5159105,-0.07144547,-0.2767313,-0.6060126,-0.7457672,0,0,0,-8.946556,0.772623,0.1950274,-0.3015255,-0.8056067,0.5099807,0,0,0,0.09374166
1732482649071,-9.113313,1.567199,-0.007867813,-0.9921864,0.07353628,0.1007895,-3.856516,0.1711071,0.1721621,-9.151993,0.5341316,-0.05285454,-0.4715425,-0.5714921,-0.6715988,-6.312847,1.366585,1.39432,-8.994032,0.7783281,0.2016354,-0.2748214,-0.8119738,0.5149484,-3.560686,0.4278839,0.4956007,0.09374166
1732482649078,-9.113313,1.567199,-0.007867813,-0.9921864,0.07353628,0.1007895,0,0,0,-9.151993,0.5341316,-0.05285454,-0.4715425,-0.5714921,-0.6715988,0,0,0,-8.994032,0.7783281,0.2016354,-0.2748214,-0.8119738,0.5149484,0,0,0,0.09374166
1732482649085,-9.113313,1.567199,-0.007867813,-0.9921864,0.07353628,0.1007895,0,0,0,-9.151993,0.5341316,-0.05285454,-0.4715425,-0.5714921,-0.6715988,0,0,0,-8.994032,0.7783281,0.2016354,-0.2748214,-0.8119738,0.5149484,0,0,0,0.09374166
1732482649112,-9.164168,1.56512,-0.005822182,-0.9920183,0.07008665,0.1048233,-3.814173,-0.1559794,0.1534224,-9.238461,0.5528619,-0.02887058,-0.6435608,-0.5019145,-0.5778509,-6.485152,1.404771,1.798797,-9.041742,0.7776702,0.2074957,-0.2715908,-0.8035353,0.5296883,-3.578281,-0.04934371,0.4395247,0.09374166
1732482649119,-9.164168,1.56512,-0.005822182,-0.9920183,0.07008665,0.1048233,0,0,0,-9.238461,0.5528619,-0.02887058,-0.6435608,-0.5019145,-0.5778509,0,0,0,-9.041742,0.7776702,0.2074957,-0.2715908,-0.8035353,0.5296883,0,0,0,0.09374166
1732482649126,-9.164168,1.56512,-0.005822182,-0.9920183,0.07008665,0.1048233,0,0,0,-9.238461,0.5528619,-0.02887058,-0.6435608,-0.5019145,-0.5778509,0,0,0,-9.041742,0.7776702,0.2074957,-0.2715908,-0.8035353,0.5296883,0,0,0,0.09374166
1732482649140,-9.215789,1.556576,-0.003637314,-0.9917437,0.0682997,0.1085348,-3.871536,-0.6407619,0.1638651,-9.318448,0.5696334,-0.006443024,-0.7459536,-0.4157005,-0.5203338,-5.998993,1.257858,1.682067,-9.093424,0.7699376,0.2132549,-0.2653144,-0.7946419,0.5460337,-3.876114,-0.5799472,0.4319429,0.09374166
1732482649147,-9.215789,1.556576,-0.003637314,-0.9917437,0.0682997,0.1085348,0,0,0,-9.318448,0.5696334,-0.006443024,-0.7459536,-0.4157005,-0.5203338,0,0,0,-9.093424,0.7699376,0.2132549,-0.2653144,-0.7946419,0.5460337,0,0,0,0.09374166
1732482649154,-9.215789,1.556576,-0.003637314,-0.9917437,0.0682997,0.1085348,0,0,0,-9.318448,0.5696334,-0.006443024,-0.7459536,-0.4157005,-0.5203338,0,0,0,-9.093424,0.7699376,0.2132549,-0.2653144,-0.7946419,0.5460337,0,0,0,0.09374166
1732482649182,-9.25015,1.54898,-0.002049446,-0.9917484,0.06430513,0.1109067,-2.577066,-0.569737,0.1190901,-9.367557,0.5800461,0.00603199,-0.8027473,-0.3476134,-0.4845226,-3.683138,0.7809564,0.935626,-9.126313,0.7618583,0.2167158,-0.2519251,-0.7910455,0.5574773,-2.466702,-0.6059423,0.2595663,0.09374166
1732482649191,-9.25015,1.54898,-0.002049446,-0.9917484,0.06430513,0.1109067,0,0,0,-9.367557,0.5800461,0.00603199,-0.8027473,-0.3476134,-0.4845226,0,0,0,-9.126313,0.7618583,0.2167158,-0.2519251,-0.7910455,0.5574773,0,0,0,0.09374166
1732482649209,-9.302837,1.536311,9.727478E-05,-0.9919336,0.06282885,0.1100925,-3.951573,-0.9501457,0.1610041,-9.432693,0.5951124,0.01524544,-0.8537574,-0.2390824,-0.462535,-4.885268,1.129974,0.6910086,-9.171187,0.7481555,0.2210207,-0.2234777,-0.7885619,0.5729117,-3.365564,-1.027711,0.3228664,0.09374166
1732482649216,-9.302837,1.536311,9.727478E-05,-0.9919336,0.06282885,0.1100925,0,0,0,-9.432693,0.5951124,0.01524544,-0.8537574,-0.2390824,-0.462535,0,0,0,-9.171187,0.7481555,0.2210207,-0.2234777,-0.7885619,0.5729117,0,0,0,0.09374166
1732482649223,-9.302837,1.536311,9.727478E-05,-0.9919336,0.06282885,0.1100925,0,0,0,-9.432693,0.5951124,0.01524544,-0.8537574,-0.2390824,-0.462535,0,0,0,-9.171187,0.7481555,0.2210207,-0.2234777,-0.7885619,0.5729117,0,0,0,0.09374166
1732482649238,-9.337801,1.528069,0.001734734,-0.9927272,0.05671119,0.1061916,-2.622271,-0.618124,0.1228094,-9.456368,0.6044019,0.006084442,-0.8486667,-0.1822127,-0.4965516,-1.775622,0.6967127,-0.6870747,-9.204057,0.7363534,0.2251072,-0.1912838,-0.7911321,0.5809653,-2.4652,-0.8851603,0.3064871,0.09374166
1732482649246,-9.337801,1.528069,0.001734734,-0.9927272,0.05671119,0.1061916,0,0,0,-9.456368,0.6044019,0.006084442,-0.8486667,-0.1822127,-0.4965516,0,0,0,-9.204057,0.7363534,0.2251072,-0.1912838,-0.7911321,0.5809653,0,0,0,0.09374166
1732482649266,-9.373519,1.527684,0.003480911,-0.99341,0.04781313,0.1041678,-2.678847,-0.02894104,0.1309633,-9.489982,0.6167573,0.004130363,-0.8397912,-0.1327387,-0.526433,-2.52099,0.926654,-0.1465559,-9.232499,0.7323439,0.226759,-0.1706004,-0.7947552,0.5824602,-2.133179,-0.3007159,0.1238823,0.09922373
1732482649274,-9.373519,1.527684,0.003480911,-0.99341,0.04781313,0.1041678,0,0,0,-9.489982,0.6167573,0.004130363,-0.8397912,-0.1327387,-0.526433,0,0,0,-9.232499,0.7323439,0.226759,-0.1706004,-0.7947552,0.5824602,0,0,0,0.09922373
1732482649307,-9.41009,1.527794,0.005669594,-0.9936502,0.04561431,0.1028544,-2.742863,0.008261204,0.1641512,-9.609791,0.6419458,-0.1176329,-0.8115764,-0.1202946,-0.5717285,-8.985686,1.889133,-9.132242,-9.265105,0.7289119,0.2285652,-0.1515918,-0.7971414,0.5844532,-2.445459,-0.2573982,0.1354694,0.1027645
1732482649314,-9.41009,1.527794,0.005669594,-0.9936502,0.04561431,0.1028544,0,0,0,-9.609791,0.6419458,-0.1176329,-0.8115764,-0.1202946,-0.5717285,0,0,0,-9.265105,0.7289119,0.2285652,-0.1515918,-0.7971414,0.5844532,0,0,0,0.1027645
1732482649335,-9.464934,1.527065,0.009217262,-0.9932423,0.05282276,0.1033444,-4.113293,-0.0546366,0.2660751,-9.723515,0.6891472,-0.2115822,-0.7391358,-0.1328712,-0.6603208,-8.529282,3.540109,-7.046199,-9.269371,0.7354083,0.2339277,-0.1405014,-0.7960522,0.5886939,-0.3199339,0.4872322,0.4021883,0.1027645
1732482649342,-9.464934,1.527065,0.009217262,-0.9932423,0.05282276,0.1033444,0,0,0,-9.723515,0.6891472,-0.2115822,-0.7391358,-0.1328712,-0.6603208,0,0,0,-9.269371,0.7354083,0.2339277,-0.1405014,-0.7960522,0.5886939,0,0,0,0.1027645
1732482649350,-9.464934,1.527065,0.009217262,-0.9932423,0.05282276,0.1033444,0,0,0,-9.723515,0.6891472,-0.2115822,-0.7391358,-0.1328712,-0.6603208,0,0,0,-9.269371,0.7354083,0.2339277,-0.1405014,-0.7960522,0.5886939,0,0,0,0.1027645
1732482649364,-9.50104,1.533749,0.01207542,-0.9932181,0.05234483,0.1038179,-2.707887,0.501287,0.2143621,-9.7403,0.7963927,-0.1682796,-0.8751619,-0.2023034,-0.4395062,-1.258922,8.043408,3.24769,-9.309745,0.7329768,0.2387009,-0.1391652,-0.7884603,0.5991358,-3.028035,-0.1823634,0.3579855,0.1027645
1732482649371,-9.50104,1.533749,0.01207542,-0.9932181,0.05234483,0.1038179,0,0,0,-9.7403,0.7963927,-0.1682796,-0.8751619,-0.2023034,-0.4395062,0,0,0,-9.309745,0.7329768,0.2387009,-0.1391652,-0.7884603,0.5991358,0,0,0,0.1027645
1732482649378,-9.50104,1.533749,0.01207542,-0.9932181,0.05234483,0.1038179,0,0,0,-9.7403,0.7963927,-0.1682796,-0.8751619,-0.2023034,-0.4395062,0,0,0,-9.309745,0.7329768,0.2387009,-0.1391652,-0.7884603,0.5991358,0,0,0,0.1027645
1732482649405,-9.53726,1.540455,0.01442623,-0.9935352,0.04426821,0.1045396,-2.716541,0.5029768,0.1763105,-9.758991,0.7820032,-0.1756544,-0.8394986,-0.279069,-0.4662225,-1.40183,-1.079209,-0.5531073,-9.349691,0.7357041,0.2433968,-0.1440705,-0.7963079,0.5874842,-2.995992,0.2045497,0.3521919,0.1027645
1732482649412,-9.53726,1.540455,0.01442623,-0.9935352,0.04426821,0.1045396,0,0,0,-9.758991,0.7820032,-0.1756544,-0.8394986,-0.279069,-0.4662225,0,0,0,-9.349691,0.7357041,0.2433968,-0.1440705,-0.7963079,0.5874842,0,0,0,0.1027645
1732482649445,-9.590511,1.544224,0.01671505,-0.9929381,0.05354031,0.1058669,-3.993845,0.2826512,0.1716614,-9.780173,0.7591198,-0.1757917,-0.7883857,-0.399308,-0.4679761,-1.588655,-1.716256,-0.01029968,-9.3924,0.7406873,0.2451992,-0.1797123,-0.8049398,0.565487,-3.20313,0.3737345,0.1351833,0.1027645
1732482649452,-9.590511,1.544224,0.01671505,-0.9929381,0.05354031,0.1058669,0,0,0,-9.780173,0.7591198,-0.1757917,-0.7883857,-0.399308,-0.4679761,0,0,0,-9.3924,0.7406873,0.2451992,-0.1797123,-0.8049398,0.565487,0,0,0,0.1027645
1732482649475,-9.643593,1.553388,0.01702881,-0.993211,0.0605257,0.09934032,-3.981113,0.6872714,0.02353191,-9.791286,0.7361409,-0.170702,-0.7940843,-0.4751922,-0.3789763,-0.8334875,-1.723418,0.381732,-9.457748,0.7493284,0.2447681,-0.2715902,-0.7780995,0.5663921,-4.901147,0.6480888,-0.03232956,0.1027645
1732482649482,-9.643593,1.553388,0.01702881,-0.993211,0.0605257,0.09934032,0,0,0,-9.791286,0.7361409,-0.170702,-0.7940843,-0.4751922,-0.3789763,0,0,0,-9.457748,0.7493284,0.2447681,-0.2715902,-0.7780995,0.5663921,0,0,0,0.1027645
1732482649489,-9.643593,1.553388,0.01702881,-0.993211,0.0605257,0.09934032,0,0,0,-9.791286,0.7361409,-0.170702,-0.7940843,-0.4751922,-0.3789763,0,0,0,-9.457748,0.7493284,0.2447681,-0.2715902,-0.7780995,0.5663921,0,0,0,0.1027645
1732482649504,-9.679241,1.55806,0.01645279,-0.9936102,0.06712952,0.09073406,-2.673626,0.3504217,-0.04320145,-9.795589,0.7324151,-0.1635828,-0.7964182,-0.4834601,-0.3632975,-0.3227234,-0.279437,0.5339384,-9.513007,0.7585753,0.2431669,-0.330956,-0.7678949,0.5484576,-4.144406,0.6935164,-0.1200914,0.1027645
1732482649511,-9.679241,1.55806,0.01645279,-0.9936102,0.06712952,0.09073406,0,0,0,-9.795589,0.7324151,-0.1635828,-0.7964182,-0.4834601,-0.3632975,0,0,0,-9.513007,0.7585753,0.2431669,-0.330956,-0.7678949,0.5484576,0,0,0,0.1027645
1732482649517,-9.679241,1.55806,0.01645279,-0.9936102,0.06712952,0.09073406,0,0,0,-9.795589,0.7324151,-0.1635828,-0.7964182,-0.4834601,-0.3632975,0,0,0,-9.513007,0.7585753,0.2431669,-0.330956,-0.7678949,0.5484576,0,0,0,0.1027645
1732482649545,-9.714689,1.563765,0.01580811,-0.994049,0.0697951,0.08363891,-2.658606,0.4278839,-0.04835129,-9.800593,0.728218,-0.1672344,-0.7634413,-0.5099217,-0.3964062,-0.3752947,-0.3147796,-0.2738714,-9.558236,0.7659829,0.2404089,-0.3643114,-0.7628313,0.5341962,-3.392172,0.5555704,-0.206852,0.1027645
1732482649552,-9.714689,1.563765,0.01580811,-0.994049,0.0697951,0.08363891,0,0,0,-9.800593,0.728218,-0.1672344,-0.7634413,-0.5099217,-0.3964062,0,0,0,-9.558236,0.7659829,0.2404089,-0.3643114,-0.7628313,0.5341962,0,0,0,0.1027645
1732482649586,-9.767118,1.566328,0.0148592,-0.9951161,0.06902855,0.07056499,-3.93219,0.1922071,-0.07116795,-9.806951,0.7206207,-0.1768799,-0.6515362,-0.5753686,-0.494421,-0.4767895,-0.5697995,-0.7234097,-9.61482,0.775002,0.2368469,-0.4167861,-0.7496485,0.5141174,-4.243755,0.6764308,-0.267148,0.1027645
1732482649593,-9.767118,1.566328,0.0148592,-0.9951161,0.06902855,0.07056499,0,0,0,-9.806951,0.7206207,-0.1768799,-0.6515362,-0.5753686,-0.494421,0,0,0,-9.61482,0.775002,0.2368469,-0.4167861,-0.7496485,0.5141174,0,0,0,0.1027645
1732482649600,-9.767118,1.566328,0.0148592,-0.9951161,0.06902855,0.07056499,0,0,0,-9.806951,0.7206207,-0.1768799,-0.6515362,-0.5753686,-0.494421,0,0,0,-9.61482,0.775002,0.2368469,-0.4167861,-0.7496485,0.5141174,0,0,0,0.1027645
1732482649615,-9.819877,1.566016,0.01298523,-0.9963004,0.06424622,0.05708313,-3.956866,-0.02337098,-0.1405478,-9.814309,0.7099214,-0.1857548,-0.5328751,-0.6318055,-0.5629094,-0.5518913,-0.8024499,-0.665617,-9.687973,0.7845871,0.2318487,-0.453749,-0.7356811,0.5028772,-5.486512,0.7188812,-0.3748655,0.1027645
1732482649622,-9.819877,1.566016,0.01298523,-0.9963004,0.06424622,0.05708313,0,0,0,-9.814309,0.7099214,-0.1857548,-0.5328751,-0.6318055,-0.5629094,0,0,0,-9.687973,0.7845871,0.2318487,-0.453749,-0.7356811,0.5028772,0,0,0,0.1027645
1732482649628,-9.819877,1.566016,0.01298523,-0.9963004,0.06424622,0.05708313,0,0,0,-9.814309,0.7099214,-0.1857548,-0.5328751,-0.6318055,-0.5629094,0,0,0,-9.687973,0.7845871,0.2318487,-0.453749,-0.7356811,0.5028772,0,0,0,0.1027645
1732482649656,-9.855202,1.563259,0.01197433,-0.9964163,0.06975777,0.04784262,-2.649379,-0.2067983,-0.07581711,-9.818096,0.7028459,-0.1912403,-0.4704459,-0.6422307,-0.6051621,-0.2840281,-0.5306616,-0.4114151,-9.720383,0.7872757,0.230689,-0.4723054,-0.7280069,0.4969242,-2.430725,0.2016485,-0.0869751,0.1027645
1732482649663,-9.855202,1.563259,0.01197433,-0.9964163,0.06975777,0.04784262,0,0,0,-9.818096,0.7028459,-0.1912403,-0.4704459,-0.6422307,-0.6051621,0,0,0,-9.720383,0.7872757,0.230689,-0.4723054,-0.7280069,0.4969242,0,0,0,0.1027645
1732482649669,-9.855202,1.563259,0.01197433,-0.9964163,0.06975777,0.04784262,0,0,0,-9.818096,0.7028459,-0.1912403,-0.4704459,-0.6422307,-0.6051621,0,0,0,-9.720383,0.7872757,0.230689,-0.4723054,-0.7280069,0.4969242,0,0,0,0.1027645
1732482649683,-9.908598,1.555438,0.01061249,-0.9970258,0.06880847,0.03472084,-4.004717,-0.5865991,-0.1021385,-9.822745,0.6910294,-0.1973181,-0.3713794,-0.6586056,-0.6544592,-0.3486872,-0.8862332,-0.4558325,-9.789833,0.7904426,0.2276173,-0.5131972,-0.7073367,0.4861108,-5.208778,0.2375141,-0.2303839,0.1027645
1732482649690,-9.908598,1.555438,0.01061249,-0.9970258,0.06880847,0.03472084,0,0,0,-9.822745,0.6910294,-0.1973181,-0.3713794,-0.6586056,-0.6544592,0,0,0,-9.789833,0.7904426,0.2276173,-0.5131972,-0.7073367,0.4861108,0,0,0,0.1027645
1732482649696,-9.908598,1.555438,0.01061249,-0.9970258,0.06880847,0.03472084,0,0,0,-9.822745,0.6910294,-0.1973181,-0.3713794,-0.6586056,-0.6544592,0,0,0,-9.789833,0.7904426,0.2276173,-0.5131972,-0.7073367,0.4861108,0,0,0,0.1027645
1732482649711,-9.9446,1.548181,0.01004219,-0.997236,0.06790099,0.03016877,-2.700162,-0.5442381,-0.04277229,-9.827628,0.6842769,-0.1997328,-0.2811555,-0.6744478,-0.6826949,-0.3662109,-0.5064368,-0.1811028,-9.830853,0.7907196,0.2257128,-0.5453266,-0.6855184,0.4823728,-3.076458,0.02077818,-0.1428366,0.1027645
1732482649718,-9.9446,1.548181,0.01004219,-0.997236,0.06790099,0.03016877,0,0,0,-9.827628,0.6842769,-0.1997328,-0.2811555,-0.6744478,-0.6826949,0,0,0,-9.830853,0.7907196,0.2257128,-0.5453266,-0.6855184,0.4823728,0,0,0,0.1027645
1732482649739,-9.980993,1.54031,0.009498596,-0.9970109,0.07184739,0.02841413,-2.729487,-0.5903095,-0.04076958,-9.835168,0.6782795,-0.2010584,-0.1892045,-0.6874539,-0.7011487,-0.5654812,-0.4498065,-0.09942055,-9.863938,0.7903059,0.2250795,-0.5726887,-0.6654055,0.4788145,-2.481437,-0.03103316,-0.04749298,0.1027645
1732482649766,-10.01779,1.53158,0.009271622,-0.9967175,0.07577479,0.02850634,-2.759385,-0.6548077,-0.01702309,-9.84523,0.6724723,-0.2018166,-0.1103599,-0.6912621,-0.7141278,-0.7546663,-0.4355416,-0.05686283,-9.893973,0.7891972,0.2247753,-0.5936752,-0.6478033,0.4773895,-2.252626,-0.08314848,-0.02281666,0.1027645
1732482649773,-10.01779,1.53158,0.009271622,-0.9967175,0.07577479,0.02850634,0,0,0,-9.84523,0.6724723,-0.2018166,-0.1103599,-0.6912621,-0.7141278,0,0,0,-9.893973,0.7891972,0.2247753,-0.5936752,-0.6478033,0.4773895,0,0,0,0.1027645
1732482649794,-10.05523,1.526443,0.008609772,-0.9966469,0.07590842,0.03054613,-2.808166,-0.3852278,-0.04963875,-9.864832,0.6690928,-0.2012177,-0.05838716,-0.6843971,-0.7267683,-1.470137,-0.2534643,0.04491806,-9.9469,0.787904,0.2246799,-0.602253,-0.6352748,0.4834434,-3.969526,-0.09698868,-0.007152557,0.1049452
1732482649801,-10.05523,1.526443,0.008609772,-0.9966469,0.07590842,0.03054613,0,0,0,-9.864832,0.6690928,-0.2012177,-0.05838716,-0.6843971,-0.7267683,0,0,0,-9.9469,0.787904,0.2246799,-0.602253,-0.6352748,0.4834434,0,0,0,0.1049452
1732482649808,-10.05523,1.526443,0.008609772,-0.9966469,0.07590842,0.03054613,0,0,0,-9.864832,0.6690928,-0.2012177,-0.05838716,-0.6843971,-0.7267683,0,0,0,-9.9469,0.787904,0.2246799,-0.602253,-0.6352748,0.4834434,0,0,0,0.1049452
1732482649822,-10.09308,1.529132,0.0070467,-0.996483,0.07787664,0.03093857,-2.83885,0.2016574,-0.1172304,-9.892278,0.6708779,-0.2003937,-0.008663833,-0.6692547,-0.7429829,-2.058434,0.1338825,0.0617981,-9.997947,0.788581,0.2251644,-0.5987996,-0.6272736,0.497963,-3.828478,0.05076975,0.03633499,0.1096479
1732482649829,-10.09308,1.529132,0.0070467,-0.996483,0.07787664,0.03093857,0,0,0,-9.892278,0.6708779,-0.2003937,-0.008663833,-0.6692547,-0.7429829,0,0,0,-9.997947,0.788581,0.2251644,-0.5987996,-0.6272736,0.497963,0,0,0,0.1096479
1732482649850,-10.13117,1.527913,0.00547123,-0.996296,0.08157614,0.02719957,-2.856588,-0.09145439,-0.1181602,-9.922026,0.6698001,-0.1992245,0.03764719,-0.6525957,-0.7567708,-2.231097,-0.08083284,0.08769035,-10.02525,0.7864975,0.226263,-0.5822115,-0.6296804,0.5143274,-2.047563,-0.156261,0.08239746,0.1096479
1732482649857,-10.13117,1.527913,0.00547123,-0.996296,0.08157614,0.02719957,0,0,0,-9.922026,0.6698001,-0.1992245,0.03764719,-0.6525957,-0.7567708,0,0,0,-10.02525,0.7864975,0.226263,-0.5822115,-0.6296804,0.5143274,0,0,0,0.1096479
1732482649877,-10.16874,1.52747,0.003588676,-0.9973924,0.07028961,0.01637077,-2.817965,-0.03316998,-0.1411915,-9.966756,0.670859,-0.1967382,0.07109854,-0.6424224,-0.7630459,-3.354764,0.07941574,0.1864672,-10.06104,0.7829567,0.2292433,-0.5316627,-0.6564521,0.5351688,-2.684212,-0.2655566,0.2235174,0.1096479
1732482649884,-10.16874,1.52747,0.003588676,-0.9973924,0.07028961,0.01637077,0,0,0,-9.966756,0.670859,-0.1967382,0.07109854,-0.6424224,-0.7630459,0,0,0,-10.06104,0.7829567,0.2292433,-0.5316627,-0.6564521,0.5351688,0,0,0,0.1096479
1732482649905,-10.20693,1.533694,0.0006332397,-0.9976518,0.06821318,0.006182313,-2.86417,0.4668027,-0.2216578,-10.0252,0.671815,-0.1927795,0.06628871,-0.6244052,-0.7782834,-4.383588,0.07170439,0.2969027,-10.0828,0.7733849,0.2400055,-0.4181025,-0.7012918,0.5773909,-1.632285,-0.7178843,0.8071661,0.1096479
1732482649911,-10.20693,1.533694,0.0006332397,-0.9976518,0.06821318,0.006182313,0,0,0,-10.0252,0.671815,-0.1927795,0.06628871,-0.6244052,-0.7782834,0,0,0,-10.0828,0.7733849,0.2400055,-0.4181025,-0.7012918,0.5773909,0,0,0,0.1096479
1732482649933,-10.24412,1.538263,-0.001344681,-0.9992886,0.03701639,-0.007238984,-2.789211,0.3426254,-0.148344,-10.08974,0.6724799,-0.186739,0.03296688,-0.629794,-0.7760627,-4.839921,0.04986674,0.453043,-10.10979,0.7704627,0.2429037,-0.3522103,-0.7323755,0.5827299,-2.024245,-0.2191678,0.2173662,0.1096479
1732482649941,-10.24412,1.538263,-0.001344681,-0.9992886,0.03701639,-0.007238984,0,0,0,-10.08974,0.6724799,-0.186739,0.03296688,-0.629794,-0.7760627,0,0,0,-10.10979,0.7704627,0.2429037,-0.3522103,-0.7323755,0.5827299,0,0,0,0.1096479
1732482649960,-10.28186,1.54028,-0.001670837,-0.9991305,0.03892988,-0.01493812,-2.830911,0.1512766,-0.02446175,-10.16229,0.6723872,-0.1793394,-0.01746598,-0.6490188,-0.7605723,-5.44188,-0.006955862,0.5549669,-10.13873,0.7669798,0.2456703,-0.296254,-0.7628952,0.5746517,-2.170444,-0.2612159,0.2074957,0.1096479
1732482649967,-10.28186,1.54028,-0.001670837,-0.9991305,0.03892988,-0.01493812,0,0,0,-10.16229,0.6723872,-0.1793394,-0.01746598,-0.6490188,-0.7605723,0,0,0,-10.13873,0.7669798,0.2456703,-0.296254,-0.7628952,0.5746517,0,0,0,0.1096479
1732482649988,-10.31943,1.545517,-0.002528191,-0.9993657,0.02959124,-0.01982176,-2.817178,0.3928185,-0.06430149,-10.23523,0.6718833,-0.1723185,-0.08761925,-0.65635,-0.7493522,-5.470061,-0.03778785,0.5265713,-10.16523,0.7637076,0.2464476,-0.2669468,-0.7794337,0.5667651,-1.987839,-0.2454177,0.05829334,0.1096479
1732482649995,-10.31943,1.545517,-0.002528191,-0.9993657,0.02959124,-0.01982176,0,0,0,-10.23523,0.6718833,-0.1723185,-0.08761925,-0.65635,-0.7493522,0,0,0,-10.16523,0.7637076,0.2464476,-0.2669468,-0.7794337,0.5667651,0,0,0,0.1096479
1732482650017,-10.35659,1.55129,-0.003898621,-0.9992153,0.03233728,-0.02288175,-2.787495,0.4329354,-0.1027822,-10.30099,0.6764468,-0.1659536,-0.1865697,-0.6397417,-0.7456027,-4.932404,0.3422588,0.4773617,-10.19821,0.7612765,0.2438946,-0.2712996,-0.7986267,0.5372078,-2.473354,-0.1823276,-0.191474,0.1096479
1732482650024,-10.35659,1.55129,-0.003898621,-0.9992153,0.03233728,-0.02288175,0,0,0,-10.30099,0.6764468,-0.1659536,-0.1865697,-0.6397417,-0.7456027,0,0,0,-10.19821,0.7612765,0.2438946,-0.2712996,-0.7986267,0.5372078,0,0,0,0.1096479
1732482650045,-10.39313,1.556434,-0.004649162,-0.9992866,0.02837354,-0.0249275,-2.740645,0.3858358,-0.05629063,-10.20185,0.6851825,-0.1775961,-0.2896985,-0.6126906,-0.7353132,7.435942,0.6551787,-0.8731842,-10.2348,0.7613588,0.2380219,-0.3004822,-0.8021,0.5160874,-2.743936,0.006169081,-0.4404545,0.1096479
1732482650052,-10.39313,1.556434,-0.004649162,-0.9992866,0.02837354,-0.0249275,0,0,0,-10.20185,0.6851825,-0.1775961,-0.2896985,-0.6126906,-0.7353132,0,0,0,-10.2348,0.7613588,0.2380219,-0.3004822,-0.8021,0.5160874,0,0,0,0.1096479
1732482650074,-10.42901,1.56239,-0.00454998,-0.999592,0.01641601,-0.02338183,-2.690792,0.446713,0.00743866,-10.26387,0.6969094,-0.1723776,-0.390604,-0.5959682,-0.7016062,-4.651308,0.8795142,0.3913879,-10.26849,0.7633675,0.2330275,-0.3135237,-0.8031797,0.5065624,-2.526999,0.1506552,-0.3745794,0.1096479
1732482650080,-10.42901,1.56239,-0.00454998,-0.999592,0.01641601,-0.02338183,0,0,0,-10.26387,0.6969094,-0.1723776,-0.390604,-0.5959682,-0.7016062,0,0,0,-10.26849,0.7633675,0.2330275,-0.3135237,-0.8031797,0.5065624,0,0,0,0.1096479
1732482650103,-10.4644,1.567016,-0.00464344,-0.9997374,0.01291114,-0.01894355,-2.654386,0.346899,-0.007009506,-10.3177,0.7078523,-0.1651897,-0.4770406,-0.5859434,-0.6550599,-4.037619,0.8207202,0.5390882,-10.30586,0.7677724,0.2300739,-0.2881898,-0.8054067,0.5179449,-2.802944,0.3303677,-0.2215147,0.1096479
1732482650110,-10.4644,1.567016,-0.00464344,-0.9997374,0.01291114,-0.01894355,0,0,0,-10.3177,0.7078523,-0.1651897,-0.4770406,-0.5859434,-0.6550599,0,0,0,-10.30586,0.7677724,0.2300739,-0.2881898,-0.8054067,0.5179449,0,0,0,0.1096479
1732482650116,-10.4644,1.567016,-0.00464344,-0.9997374,0.01291114,-0.01894355,0,0,0,-10.3177,0.7078523,-0.1651897,-0.4770406,-0.5859434,-0.6550599,0,0,0,-10.30586,0.7677724,0.2300739,-0.2881898,-0.8054067,0.5179449,0,0,0,0.1096479
1732482650131,-10.49943,1.569135,-0.004487991,-0.9998599,0.01159344,-0.01208019,-2.626705,0.1589656,0.01165867,-10.38291,0.7208592,-0.1526423,-0.5806291,-0.5620239,-0.5890667,-4.890347,0.9755194,0.941062,-10.34579,0.7728806,0.2302713,-0.2685245,-0.8113165,0.5192884,-2.994204,0.3831089,0.01480579,0.1096479
1732482650138,-10.49943,1.569135,-0.004487991,-0.9998599,0.01159344,-0.01208019,0,0,0,-10.38291,0.7208592,-0.1526423,-0.5806291,-0.5620239,-0.5890667,0,0,0,-10.34579,0.7728806,0.2302713,-0.2685245,-0.8113165,0.5192884,0,0,0,0.1096479
1732482650159,-10.5344,1.570959,-0.00465107,-0.9999297,0.01050081,-0.005515337,-2.623415,0.1368016,-0.01223087,-10.43045,0.7301337,-0.1397305,-0.7025324,-0.5214903,-0.4842489,-3.566051,0.6955862,0.9683847,-10.37351,0.7756632,0.2299118,-0.2606897,-0.8122397,0.5218312,-2.079248,0.2086982,-0.02696514,0.1096479
1732482650166,-10.5344,1.570959,-0.00465107,-0.9999297,0.01050081,-0.005515337,0,0,0,-10.43045,0.7301337,-0.1397305,-0.7025324,-0.5214903,-0.4842489,0,0,0,-10.37351,0.7756632,0.2299118,-0.2606897,-0.8122397,0.5218312,0,0,0,0.1096479
1732482650186,-10.56916,1.57061,-0.004659653,-0.9998559,0.01676348,0.002795935,-2.606821,-0.026232,-0.0006437302,-10.48654,0.7427847,-0.1204014,-0.7988887,-0.4620513,-0.3850793,-4.206705,0.948827,1.44968,-10.4078,0.7781345,0.2297907,-0.2472117,-0.8084432,0.5341406,-2.571702,0.1853496,-0.009083748,0.1096479
1732482650193,-10.56916,1.57061,-0.004659653,-0.9998559,0.01676348,0.002795935,0,0,0,-10.48654,0.7427847,-0.1204014,-0.7988887,-0.4620513,-0.3850793,0,0,0,-10.4078,0.7781345,0.2297907,-0.2472117,-0.8084432,0.5341406,0,0,0,0.1096479
1732482650214,-10.60361,1.567392,-0.004628181,-0.9996441,0.0239033,0.0118553,-2.583361,-0.2412826,0.002360344,-10.53767,0.7556409,-0.1035585,-0.8352282,-0.4145129,-0.3613491,-3.834414,0.9642094,1.263213,-10.43682,0.7787783,0.230155,-0.2251905,-0.8074812,0.5452189,-2.176738,0.04828423,0.02732277,0.1096479
1732482650221,-10.60361,1.567392,-0.004628181,-0.9996441,0.0239033,0.0118553,0,0,0,-10.53767,0.7556409,-0.1035585,-0.8352282,-0.4145129,-0.3613491,0,0,0,-10.43682,0.7787783,0.230155,-0.2251905,-0.8074812,0.5452189,0,0,0,0.1096479
1732482650242,-10.63754,1.561195,-0.004752159,-0.9994783,0.02548889,0.01984507,-2.545023,-0.4648268,-0.009298325,-10.58676,0.7681943,-0.09170628,-0.8668242,-0.3622465,-0.342628,-3.682065,0.9415045,0.8889198,-10.46833,0.7767869,0.2306566,-0.1912061,-0.8112584,0.5525398,-2.362847,-0.1493543,0.03762245,0.1096479
1732482650250,-10.63754,1.561195,-0.004752159,-0.9994783,0.02548889,0.01984507,0,0,0,-10.58676,0.7681943,-0.09170628,-0.8668242,-0.3622465,-0.342628,0,0,0,-10.46833,0.7767869,0.2306566,-0.1912061,-0.8112584,0.5525398,0,0,0,0.1096479
1732482650270,-10.67201,1.554074,-0.005254745,-0.9993733,0.02540072,0.02465934,-2.585506,-0.5340457,-0.03769398,-10.6271,0.7775859,-0.08293056,-0.9028835,-0.3006601,-0.3072551,-3.025317,0.7043704,0.6581783,-10.49706,0.7718157,0.2313042,-0.1631097,-0.8107553,0.5622022,-2.154851,-0.3728449,0.04856586,0.1096479
1732482650277,-10.67201,1.554074,-0.005254745,-0.9993733,0.02540072,0.02465934,0,0,0,-10.6271,0.7775859,-0.08293056,-0.9028835,-0.3006601,-0.3072551,0,0,0,-10.49706,0.7718157,0.2313042,-0.1631097,-0.8107553,0.5622022,0,0,0,0.1096479
1732482650298,-10.70655,1.54658,-0.005665779,-0.9993328,0.02657138,0.02506584,-2.59037,-0.5620658,-0.03082752,-10.66834,0.7872247,-0.07505989,-0.9273365,-0.234988,-0.2912529,-3.093195,0.722909,0.5903006,-10.52411,0.7659498,0.2328806,-0.1382466,-0.8083066,0.572301,-2.029037,-0.4399404,0.1182318,0.1096479
1732482650305,-10.70655,1.54658,-0.005665779,-0.9993328,0.02657138,0.02506584,0,0,0,-10.66834,0.7872247,-0.07505989,-0.9273365,-0.234988,-0.2912529,0,0,0,-10.52411,0.7659498,0.2328806,-0.1382466,-0.8083066,0.572301,0,0,0,0.1096479
1732482650326,-10.74139,1.538819,-0.005785942,-0.9994124,0.02364809,0.02481741,-2.613044,-0.5820751,-0.009012222,-10.70755,0.7956942,-0.07021523,-0.937494,-0.1738322,-0.301476,-2.940345,0.6352186,0.3633499,-10.55574,0.7578344,0.2351894,-0.1122005,-0.8069586,0.5798526,-2.37236,-0.6086513,0.1731634,0.1096479
1732482650333,-10.74139,1.538819,-0.005785942,-0.9994124,0.02364809,0.02481741,0,0,0,-10.70755,0.7956942,-0.07021523,-0.937494,-0.1738322,-0.301476,0,0,0,-10.55574,0.7578344,0.2351894,-0.1122005,-0.8069586,0.5798526,0,0,0,0.1096479
1732482650354,-10.77652,1.532915,-0.00588131,-0.9995937,0.01513509,0.02416289,-2.634358,-0.4428327,-0.007152557,-10.76637,0.8086643,-0.04318142,-0.95486,-0.1123149,-0.2750058,-4.411483,0.9727567,2.027535,-10.58589,0.7495493,0.2376242,-0.08784911,-0.8070909,0.5838553,-2.261209,-0.6213829,0.1826048,0.1096479
1732482650361,-10.77652,1.532915,-0.00588131,-0.9995937,0.01513509,0.02416289,0,0,0,-10.76637,0.8086643,-0.04318142,-0.95486,-0.1123149,-0.2750058,0,0,0,-10.58589,0.7495493,0.2376242,-0.08784911,-0.8070909,0.5838553,0,0,0,0.1096479
1732482650382,-10.81201,1.530262,-0.005776405,-0.9997147,0.005157474,0.02333111,-2.662182,-0.1989216,0.007867813,-10.83159,0.8146924,-0.03435421,-0.9282119,-0.1023055,-0.3577105,-4.891562,0.4521087,0.6620407,-10.61547,0.7419323,0.2379036,-0.0796845,-0.8095428,0.5816279,-2.218151,-0.5712792,0.02095699,0.1096479
1732482650389,-10.81201,1.530262,-0.005776405,-0.9997147,0.005157474,0.02333111,0,0,0,-10.83159,0.8146924,-0.03435421,-0.9282119,-0.1023055,-0.3577105,0,0,0,-10.61547,0.7419323,0.2379036,-0.0796845,-0.8095428,0.5816279,0,0,0,0.1096479
1732482650396,-10.81201,1.530262,-0.005776405,-0.9997147,0.005157474,0.02333111,0,0,0,-10.83159,0.8146924,-0.03435421,-0.9282119,-0.1023055,-0.3577105,0,0,0,-10.61547,0.7419323,0.2379036,-0.0796845,-0.8095428,0.5816279,0,0,0,0.1096479
1732482650424,-10.84755,1.528549,-0.005073547,-0.9995325,0.01269308,0.02782124,-2.665043,-0.1284868,0.05271435,-10.87377,0.8184145,-0.05085945,-0.892635,-0.1219494,-0.4339718,-3.163862,0.2791554,-1.237893,-10.65878,0.7349467,0.2391157,-0.08838567,-0.8050767,0.5865489,-3.247976,-0.5239159,0.090909,0.1096479
1732482650431,-10.84755,1.528549,-0.005073547,-0.9995325,0.01269308,0.02782124,0,0,0,-10.87377,0.8184145,-0.05085945,-0.892635,-0.1219494,-0.4339718,0,0,0,-10.65878,0.7349467,0.2391157,-0.08838567,-0.8050767,0.5865489,0,0,0,0.1096479
1732482650463,-10.90119,1.533807,-0.004306793,-0.9994383,0.001685625,0.03347349,-4.023457,0.3943563,0.05750656,-11.11471,0.8222603,-0.1543255,-0.8639392,-0.1633628,-0.4763637,-18.07043,0.2884313,-7.759953,-10.70034,0.7331659,0.2405281,-0.09430599,-0.8021185,0.5896715,-3.117657,-0.1335606,0.1059294,0.1096479
1732482650470,-10.90119,1.533807,-0.004306793,-0.9994383,0.001685625,0.03347349,0,0,0,-11.11471,0.8222603,-0.1543255,-0.8639392,-0.1633628,-0.4763637,0,0,0,-10.70034,0.7331659,0.2405281,-0.09430599,-0.8021185,0.5896715,0,0,0,0.1096479
1732482650477,-10.90119,1.533807,-0.004306793,-0.9994383,0.001685625,0.03347349,0,0,0,-11.11471,0.8222603,-0.1543255,-0.8639392,-0.1633628,-0.4763637,0,0,0,-10.70034,0.7331659,0.2405281,-0.09430599,-0.8021185,0.5896715,0,0,0,0.1096479
1732482650506,-10.95394,1.539256,-0.003781319,-0.9994152,0.009630547,0.0328154,-3.95565,0.4086435,0.03941059,-11.17357,0.8003858,-0.1835632,-0.8353761,-0.244042,-0.4925351,-4.414415,-1.640582,-2.192831,-10.75796,0.7368841,0.2424278,-0.1005585,-0.8142277,0.5717704,-4.321146,0.2788603,0.1424789,0.1096479
1732482650513,-10.95394,1.539256,-0.003781319,-0.9994152,0.009630547,0.0328154,0,0,0,-11.17357,0.8003858,-0.1835632,-0.8353761,-0.244042,-0.4925351,0,0,0,-10.75796,0.7368841,0.2424278,-0.1005585,-0.8142277,0.5717704,0,0,0,0.1096479
1732482650520,-10.95394,1.539256,-0.003781319,-0.9994152,0.009630547,0.0328154,0,0,0,-11.17357,0.8003858,-0.1835632,-0.8353761,-0.244042,-0.4925351,0,0,0,-10.75796,0.7368841,0.2424278,-0.1005585,-0.8142277,0.5717704,0,0,0,0.1096479
1732482650544,-11.0071,1.545776,-0.003482819,-0.9990746,0.02312936,0.03626472,-3.987479,0.4890203,0.0223875,-11.19508,0.777505,-0.1806831,-0.8213651,-0.3539315,-0.4473166,-1.613116,-1.716064,0.2160072,-10.81928,0.7435218,0.2420692,-0.1634471,-0.8007842,0.5762205,-4.599094,0.4978314,-0.02689362,0.1096479
1732482650552,-11.0071,1.545776,-0.003482819,-0.9990746,0.02312936,0.03626472,0,0,0,-11.19508,0.777505,-0.1806831,-0.8213651,-0.3539315,-0.4473166,0,0,0,-10.81928,0.7435218,0.2420692,-0.1634471,-0.8007842,0.5762205,0,0,0,0.1096479
1732482650560,-11.0071,1.545776,-0.003482819,-0.9990746,0.02312936,0.03626472,0,0,0,-11.19508,0.777505,-0.1806831,-0.8213651,-0.3539315,-0.4473166,0,0,0,-10.81928,0.7435218,0.2420692,-0.1634471,-0.8007842,0.5762205,0,0,0,0.1096479
1732482650585,-11.06033,1.554009,-0.004431725,-0.9986423,0.03465389,0.03889966,-3.9922,0.6174982,-0.07116795,-11.20238,0.7521858,-0.1817799,-0.8208562,-0.4212693,-0.3856525,-0.5474567,-1.898941,-0.08225441,-10.88165,0.753292,0.2396221,-0.2422624,-0.7815782,0.5748432,-4.677987,0.7327661,-0.1835346,0.1096479
1732482650593,-11.06033,1.554009,-0.004431725,-0.9986423,0.03465389,0.03889966,0,0,0,-11.20238,0.7521858,-0.1817799,-0.8208562,-0.4212693,-0.3856525,0,0,0,-10.88165,0.753292,0.2396221,-0.2422624,-0.7815782,0.5748432,0,0,0,0.1096479
1732482650599,-11.06033,1.554009,-0.004431725,-0.9986423,0.03465389,0.03889966,0,0,0,-11.20238,0.7521858,-0.1817799,-0.8208562,-0.4212693,-0.3856525,0,0,0,-10.88165,0.753292,0.2396221,-0.2422624,-0.7815782,0.5748432,0,0,0,0.1096479
1732482650626,-11.11306,1.562258,-0.004800797,-0.998737,0.02684646,0.04247642,-3.954935,0.6186336,-0.0276804,-11.19934,0.7367308,-0.1878977,-0.7938394,-0.4877181,-0.3632498,0.2275229,-1.159121,-0.4588366,-10.9451,0.7634692,0.234684,-0.3037295,-0.7762263,0.5524684,-4.75831,0.7632852,-0.3703594,0.1096479
1732482650633,-11.11306,1.562258,-0.004800797,-0.998737,0.02684646,0.04247642,0,0,0,-11.19934,0.7367308,-0.1878977,-0.7938394,-0.4877181,-0.3632498,0,0,0,-10.9451,0.7634692,0.234684,-0.3037295,-0.7762263,0.5524684,0,0,0,0.1096479
1732482650640,-11.11306,1.562258,-0.004800797,-0.998737,0.02684646,0.04247642,0,0,0,-11.19934,0.7367308,-0.1878977,-0.7938394,-0.4877181,-0.3632498,0,0,0,-10.9451,0.7634692,0.234684,-0.3037295,-0.7762263,0.5524684,0,0,0,0.1096479
1732482650647,-11.11306,1.562258,-0.004800797,-0.998737,0.02684646,0.04247642,0,0,0,-11.19934,0.7367308,-0.1878977,-0.7938394,-0.4877181,-0.3632498,0,0,0,-10.9451,0.7634692,0.234684,-0.3037295,-0.7762263,0.5524684,0,0,0,0.1096479
1732482650668,-11.16529,1.566912,-0.005517006,-0.9990515,0.0184413,0.03944767,-3.916883,0.3490895,-0.05371571,-11.19451,0.7255511,-0.1990013,-0.7093434,-0.5914415,-0.3834438,0.3628492,-0.8384764,-0.8327723,-11.00617,0.7739922,0.2285929,-0.3557622,-0.7644523,0.5376301,-4.580712,0.7892311,-0.4568338,0.1096479
1732482650675,-11.16529,1.566912,-0.005517006,-0.9990515,0.0184413,0.03944767,0,0,0,-11.19451,0.7255511,-0.1990013,-0.7093434,-0.5914415,-0.3834438,0,0,0,-11.00617,0.7739922,0.2285929,-0.3557622,-0.7644523,0.5376301,0,0,0,0.1096479
1732482650683,-11.16529,1.566912,-0.005517006,-0.9990515,0.0184413,0.03944767,0,0,0,-11.19451,0.7255511,-0.1990013,-0.7093434,-0.5914415,-0.3834438,0,0,0,-11.00617,0.7739922,0.2285929,-0.3557622,-0.7644523,0.5376301,0,0,0,0.1096479
1732482650710,-11.21796,1.570713,-0.007374763,-0.999262,0.0212361,0.0320127,-3.9505,0.2850473,-0.1393318,-11.19335,0.7160481,-0.2136145,-0.5922746,-0.6719227,-0.4446697,0.08661747,-0.71273,-1.095986,-11.06803,0.7848616,0.2225666,-0.3857998,-0.7513067,0.5354408,-4.638863,0.8151993,-0.4519701,0.1096479
1732482650717,-11.21796,1.570713,-0.007374763,-0.999262,0.0212361,0.0320127,0,0,0,-11.19335,0.7160481,-0.2136145,-0.5922746,-0.6719227,-0.4446697,0,0,0,-11.06803,0.7848616,0.2225666,-0.3857998,-0.7513067,0.5354408,0,0,0,0.1096479
1732482650724,-11.21796,1.570713,-0.007374763,-0.999262,0.0212361,0.0320127,0,0,0,-11.19335,0.7160481,-0.2136145,-0.5922746,-0.6719227,-0.4446697,0,0,0,-11.06803,0.7848616,0.2225666,-0.3857998,-0.7513067,0.5354408,0,0,0,0.1096479
1732482650751,-11.27046,1.567493,-0.008228302,-0.9989508,0.03546688,0.02898264,-3.937054,-0.2414882,-0.06401539,-11.19509,0.7065063,-0.2308941,-0.4930394,-0.6962665,-0.5216569,-0.1304626,-0.7156357,-1.295972,-11.13124,0.7924531,0.2206507,-0.4070873,-0.7397851,0.5357221,-4.741216,0.5693659,-0.1436949,0.1096479
1732482650759,-11.27046,1.567493,-0.008228302,-0.9989508,0.03546688,0.02898264,0,0,0,-11.19509,0.7065063,-0.2308941,-0.4930394,-0.6962665,-0.5216569,0,0,0,-11.13124,0.7924531,0.2206507,-0.4070873,-0.7397851,0.5357221,0,0,0,0.1096479
1732482650765,-11.27046,1.567493,-0.008228302,-0.9989508,0.03546688,0.02898264,0,0,0,-11.19509,0.7065063,-0.2308941,-0.4930394,-0.6962665,-0.5216569,0,0,0,-11.13124,0.7924531,0.2206507,-0.4070873,-0.7397851,0.5357221,0,0,0,0.1096479
1732482650779,-11.32304,1.559351,-0.008554459,-0.9985575,0.04367787,0.03123409,-3.943491,-0.6106317,-0.02446175,-11.19873,0.6964221,-0.2467384,-0.3873596,-0.7072332,-0.5914176,-0.2730131,-0.7563114,-1.188326,-11.18824,0.7948886,0.2197504,-0.445605,-0.7200383,0.5319598,-4.275227,0.1826629,-0.06752014,0.1096479
1732482650786,-11.32304,1.559351,-0.008554459,-0.9985575,0.04367787,0.03123409,0,0,0,-11.19873,0.6964221,-0.2467384,-0.3873596,-0.7072332,-0.5914176,0,0,0,-11.18824,0.7948886,0.2197504,-0.445605,-0.7200383,0.5319598,0,0,0,0.1096479
1732482650793,-11.32304,1.559351,-0.008554459,-0.9985575,0.04367787,0.03123409,0,0,0,-11.19873,0.6964221,-0.2467384,-0.3873596,-0.7072332,-0.5914176,0,0,0,-11.18824,0.7948886,0.2197504,-0.445605,-0.7200383,0.5319598,0,0,0,0.1096479
1732482650821,-11.35885,1.552752,-0.008481979,-0.9979656,0.05288764,0.03560734,-2.686357,-0.4949391,0.005435944,-11.20339,0.6898622,-0.2555819,-0.3086669,-0.7164581,-0.6256301,-0.3498316,-0.4919931,-0.6632566,-11.23169,0.7942638,0.2192764,-0.4743359,-0.7022308,0.5309215,-3.258705,-0.04685819,-0.03554821,0.1096479
1732482650828,-11.35885,1.552752,-0.008481979,-0.9979656,0.05288764,0.03560734,0,0,0,-11.20339,0.6898622,-0.2555819,-0.3086669,-0.7164581,-0.6256301,0,0,0,-11.23169,0.7942638,0.2192764,-0.4743359,-0.7022308,0.5309215,0,0,0,0.1096479
1732482650848,-11.41319,1.541728,-0.008552551,-0.9967184,0.06775834,0.04429293,-4.075098,-0.8268356,-0.005292892,-11.2148,0.6820924,-0.2664013,-0.1936908,-0.7273174,-0.6584029,-0.8551598,-0.5827323,-0.8114576,-11.28129,0.792402,0.2185383,-0.5108532,-0.6780117,0.5285163,-3.719544,-0.1396358,-0.05536079,0.1096479
1732482650855,-11.41319,1.541728,-0.008552551,-0.9967184,0.06775834,0.04429293,0,0,0,-11.2148,0.6820924,-0.2664013,-0.1936908,-0.7273174,-0.6584029,0,0,0,-11.28129,0.792402,0.2185383,-0.5108532,-0.6780117,0.5285163,0,0,0,0.1096479
1732482650862,-11.41319,1.541728,-0.008552551,-0.9967184,0.06775834,0.04429293,0,0,0,-11.2148,0.6820924,-0.2664013,-0.1936908,-0.7273174,-0.6584029,0,0,0,-11.28129,0.792402,0.2185383,-0.5108532,-0.6780117,0.5285163,0,0,0,0.1096479
1732482650878,-11.44971,1.535583,-0.008213997,-0.9961546,0.07151714,0.05061257,-2.738786,-0.4608572,0.02539158,-11.23027,0.679212,-0.2722788,-0.1291531,-0.7263246,-0.6751094,-1.160789,-0.2160341,-0.4408121,-11.3331,0.7881348,0.2172775,-0.5211887,-0.6717231,0.5264511,-3.886199,-0.3200412,-0.09455681,0.1096479
1732482650885,-11.44971,1.535583,-0.008213997,-0.9961546,0.07151714,0.05061257,0,0,0,-11.23027,0.679212,-0.2722788,-0.1291531,-0.7263246,-0.6751094,0,0,0,-11.3331,0.7881348,0.2172775,-0.5211887,-0.6717231,0.5264511,0,0,0,0.1096479
1732482650906,-11.48589,1.531469,-0.00709343,-0.9957355,0.07388154,0.05525345,-2.71368,-0.3085434,0.08404255,-11.24882,0.6773323,-0.2773905,-0.06889445,-0.7186762,-0.6919237,-1.390958,-0.1409724,-0.3833771,-11.39341,0.7829775,0.1904173,-0.5440176,-0.6715406,0.5030689,-4.522848,-0.3868014,-2.014518,0.1096479
1732482650913,-11.48589,1.531469,-0.00709343,-0.9957355,0.07388154,0.05525345,0,0,0,-11.24882,0.6773323,-0.2773905,-0.06889445,-0.7186762,-0.6919237,0,0,0,-11.39341,0.7829775,0.1904173,-0.5440176,-0.6715406,0.5030689,0,0,0,0.1096479
1732482650933,-11.52334,1.531194,-0.006889343,-0.9955858,0.0731664,0.05878574,-2.809095,-0.02059042,0.01530647,-11.2784,0.6770927,-0.2809992,-0.02610812,-0.7072833,-0.7064483,-2.218652,-0.01797527,-0.2706528,-11.49286,0.7777131,0.1465893,-0.5248864,-0.676761,0.5162258,-7.458472,-0.3948301,-3.287101,0.1096479
1732482650940,-11.52334,1.531194,-0.006889343,-0.9955858,0.0731664,0.05878574,0,0,0,-11.2784,0.6770927,-0.2809992,-0.02610812,-0.7072833,-0.7064483,0,0,0,-11.49286,0.7777131,0.1465893,-0.5248864,-0.676761,0.5162258,0,0,0,0.1096479
1732482650961,-11.55986,1.532223,-0.00725174,-0.9950106,0.07586125,0.06480324,-2.738643,0.07714927,-0.02717972,-11.32036,0.6775094,-0.2826633,-0.004973233,-0.6983568,-0.7157329,-3.146839,0.03125668,-0.1248121,-11.58984,0.7799956,0.2071333,-0.4752635,-0.6930991,0.5419762,-7.273722,0.1711875,4.540801,0.1096479
1732482650968,-11.55986,1.532223,-0.00725174,-0.9950106,0.07586125,0.06480324,0,0,0,-11.32036,0.6775094,-0.2826633,-0.004973233,-0.6983568,-0.7157329,0,0,0,-11.58984,0.7799956,0.2071333,-0.4752635,-0.6930991,0.5419762,0,0,0,0.1096479
1732482650989,-11.59763,1.537311,-0.00771904,-0.9933746,0.09031406,0.07106984,-2.832842,0.3815711,-0.03504753,-11.36485,0.677795,-0.285635,-0.01466557,-0.6898034,-0.7238485,-3.337026,0.02141744,-0.2228737,-11.63164,0.7522074,0.2080812,-0.4397667,-0.7131476,0.5459176,-3.135037,-2.084112,0.07109642,0.1096479
1732482650996,-11.59763,1.537311,-0.00771904,-0.9933746,0.09031406,0.07106984,0,0,0,-11.36485,0.677795,-0.285635,-0.01466557,-0.6898034,-0.7238485,0,0,0,-11.63164,0.7522074,0.2080812,-0.4397667,-0.7131476,0.5459176,0,0,0,0.1096479
1732482651030,-11.63416,1.542235,-0.008125305,-0.9947026,0.07074711,0.07457924,-2.73993,0.3693044,-0.03046989,-11.42483,0.6817446,-0.2859535,-0.06365761,-0.694565,-0.7166083,-4.497886,0.2962232,-0.02388954,-11.68581,0.7256817,0.2106867,-0.4217297,-0.7401727,0.5237256,-4.062939,-1.98943,0.1954079,0.1096479
1732482651037,-11.63416,1.542235,-0.008125305,-0.9947026,0.07074711,0.07457924,0,0,0,-11.42483,0.6817446,-0.2859535,-0.06365761,-0.694565,-0.7166083,0,0,0,-11.68581,0.7256817,0.2106867,-0.4217297,-0.7401727,0.5237256,0,0,0,0.1096479
1732482651072,-11.68918,1.547877,-0.008535385,-0.9938595,0.07833587,0.07814884,-4.126167,0.4231453,-0.030756,-11.51275,0.6901401,-0.2847767,-0.1394598,-0.703616,-0.6967611,-6.594372,0.629662,0.08826256,-11.71367,0.7470669,0.2073584,-0.4091055,-0.7782543,0.4763959,-2.089262,1.603894,-0.2496243,0.1096479
1732482651079,-11.68918,1.547877,-0.008535385,-0.9938595,0.07833587,0.07814884,0,0,0,-11.51275,0.6901401,-0.2847767,-0.1394598,-0.703616,-0.6967611,0,0,0,-11.71367,0.7470669,0.2073584,-0.4091055,-0.7782543,0.4763959,0,0,0,0.1096479
1732482651086,-11.68918,1.547877,-0.008535385,-0.9938595,0.07833587,0.07814884,0,0,0,-11.51275,0.6901401,-0.2847767,-0.1394598,-0.703616,-0.6967611,0,0,0,-11.71367,0.7470669,0.2073584,-0.4091055,-0.7782543,0.4763959,0,0,0,0.1096479
1732482651101,-11.74392,1.557883,-0.009037018,-0.991277,0.1058227,0.07856244,-4.105783,0.7504642,-0.03762245,-11.59612,0.7051571,-0.280283,-0.2776768,-0.6815936,-0.6769977,-6.252551,1.126273,0.3370285,-11.74197,0.755381,0.2015619,-0.391351,-0.7957075,0.4622705,-2.12245,0.62356,-0.4347324,0.1096479
1732482651108,-11.74392,1.557883,-0.009037018,-0.991277,0.1058227,0.07856244,0,0,0,-11.59612,0.7051571,-0.280283,-0.2776768,-0.6815936,-0.6769977,0,0,0,-11.74197,0.755381,0.2015619,-0.391351,-0.7957075,0.4622705,0,0,0,0.1096479
1732482651115,-11.74392,1.557883,-0.009037018,-0.991277,0.1058227,0.07856244,0,0,0,-11.59612,0.7051571,-0.280283,-0.2776768,-0.6815936,-0.6769977,0,0,0,-11.74197,0.755381,0.2015619,-0.391351,-0.7957075,0.4622705,0,0,0,0.1096479
1732482651122,-11.74392,1.557883,-0.009037018,-0.991277,0.1058227,0.07856244,0,0,0,-11.59612,0.7051571,-0.280283,-0.2776768,-0.6815936,-0.6769977,0,0,0,-11.74197,0.755381,0.2015619,-0.391351,-0.7957075,0.4622705,0,0,0,0.1096479
1732482651141,-11.78028,1.56332,-0.008513451,-0.9909021,0.109452,0.07831609,-2.726698,0.4077494,0.03926754,-11.52518,0.7122548,-0.2825775,-0.3788157,-0.6527942,-0.6560175,5.320287,0.5323246,-0.1720905,-11.76309,0.7639589,0.1988277,-0.4008709,-0.7980775,0.4498611,-1.584363,0.6433412,-0.2050638,0.1096479
1732482651148,-11.78028,1.56332,-0.008513451,-0.9909021,0.109452,0.07831609,0,0,0,-11.52518,0.7122548,-0.2825775,-0.3788157,-0.6527942,-0.6560175,0,0,0,-11.76309,0.7639589,0.1988277,-0.4008709,-0.7980775,0.4498611,0,0,0,0.1096479
1732482651168,-11.83355,1.572649,-0.006046295,-0.9906455,0.1105165,0.08005023,-3.99549,0.69969,0.1850367,-11.59439,0.7278289,-0.2727079,-0.5074986,-0.6185219,-0.599897,-5.190682,1.168057,0.7402182,-11.79844,0.7784525,0.1974077,-0.3994166,-0.7959278,0.4549347,-2.65131,1.087019,-0.1065016,0.1096479
1732482651175,-11.83355,1.572649,-0.006046295,-0.9906455,0.1105165,0.08005023,0,0,0,-11.59439,0.7278289,-0.2727079,-0.5074986,-0.6185219,-0.599897,0,0,0,-11.79844,0.7784525,0.1974077,-0.3994166,-0.7959278,0.4549347,0,0,0,0.1096479
1732482651182,-11.83355,1.572649,-0.006046295,-0.9906455,0.1105165,0.08005023,0,0,0,-11.59439,0.7278289,-0.2727079,-0.5074986,-0.6185219,-0.599897,0,0,0,-11.79844,0.7784525,0.1974077,-0.3994166,-0.7959278,0.4549347,0,0,0,0.1096479
1732482651197,-11.86852,1.574901,-0.004857063,-0.9905923,0.1088021,0.08300221,-2.623057,0.1688987,0.08919239,-11.65976,0.7427435,-0.2595682,-0.6071267,-0.5962052,-0.5252972,-4.902792,1.118597,0.9854794,-11.77061,0.7677751,0.2036095,-0.3793391,-0.800757,0.4635626,2.087831,-0.8008093,0.4651308,0.1096479
1732482651205,-11.86852,1.574901,-0.004857063,-0.9905923,0.1088021,0.08300221,0,0,0,-11.65976,0.7427435,-0.2595682,-0.6071267,-0.5962052,-0.5252972,0,0,0,-11.77061,0.7677751,0.2036095,-0.3793391,-0.800757,0.4635626,0,0,0,0.1096479
1732482651225,-11.90288,1.576868,-0.003634453,-0.9905323,0.1052942,0.08808362,-2.576923,0.1475126,0.09169579,-11.70343,0.7533007,-0.2466078,-0.7420236,-0.5345895,-0.4044948,-3.275442,0.7917881,0.9720325,-11.80155,0.7713779,0.205739,-0.3710685,-0.8015904,0.4687868,-2.320504,0.2702102,0.1597166,0.1096479
1732482651232,-11.90288,1.576868,-0.003634453,-0.9905323,0.1052942,0.08808362,0,0,0,-11.70343,0.7533007,-0.2466078,-0.7420236,-0.5345895,-0.4044948,0,0,0,-11.80155,0.7713779,0.205739,-0.3710685,-0.8015904,0.4687868,0,0,0,0.1096479
1732482651266,-11.93736,1.577475,-0.002449989,-0.9893533,0.1102082,0.09504998,-2.585936,0.04558861,0.08883476,-11.76331,0.7697283,-0.2190418,-0.8814431,-0.4366208,-0.1800578,-4.490519,1.232073,2.067447,-11.8344,0.7699794,0.2093697,-0.3582948,-0.7998418,0.4815374,-2.463984,-0.1048833,0.2722979,0.1096479
1732482651274,-11.93736,1.577475,-0.002449989,-0.9893533,0.1102082,0.09504998,0,0,0,-11.76331,0.7697283,-0.2190418,-0.8814431,-0.4366208,-0.1800578,0,0,0,-11.8344,0.7699794,0.2093697,-0.3582948,-0.7998418,0.4815374,0,0,0,0.1096479
1732482651294,-11.98945,1.573123,-0.001029015,-0.9872398,0.119799,0.1049096,-3.90687,-0.3264606,0.1065731,-11.84081,0.7947545,-0.1783257,-0.913407,-0.3726998,-0.1636541,-5.812883,1.876965,3.053713,-11.88238,0.7633548,0.215415,-0.3244697,-0.7981955,0.5075467,-3.598738,-0.4968435,0.4534006,0.1096479
1732482651302,-11.98945,1.573123,-0.001029015,-0.9872398,0.119799,0.1049096,0,0,0,-11.84081,0.7947545,-0.1783257,-0.913407,-0.3726998,-0.1636541,0,0,0,-11.88238,0.7633548,0.215415,-0.3244697,-0.7981955,0.5075467,0,0,0,0.1096479
1732482651308,-11.98945,1.573123,-0.001029015,-0.9872398,0.119799,0.1049096,0,0,0,-11.84081,0.7947545,-0.1783257,-0.913407,-0.3726998,-0.1636541,0,0,0,-11.88238,0.7633548,0.215415,-0.3244697,-0.7981955,0.5075467,0,0,0,0.1096479
1732482651336,-12.0241,1.567008,-0.0001115799,-0.986616,0.1202153,0.1101699,-2.598667,-0.458613,0.0688076,-11.89761,0.8106567,-0.1657953,-0.9115945,-0.3440892,-0.2249404,-4.259992,1.192667,0.9397745,-11.9147,0.7539513,0.2197304,-0.2951386,-0.7990171,0.5238941,-2.424002,-0.7052645,0.3236532,0.1096479
1732482651344,-12.0241,1.567008,-0.0001115799,-0.986616,0.1202153,0.1101699,0,0,0,-11.89761,0.8106567,-0.1657953,-0.9115945,-0.3440892,-0.2249404,0,0,0,-11.9147,0.7539513,0.2197304,-0.2951386,-0.7990171,0.5238941,0,0,0,0.1096479
1732482651351,-12.0241,1.567008,-0.0001115799,-0.986616,0.1202153,0.1101699,0,0,0,-11.89761,0.8106567,-0.1657953,-0.9115945,-0.3440892,-0.2249404,0,0,0,-11.9147,0.7539513,0.2197304,-0.2951386,-0.7990171,0.5238941,0,0,0,0.1096479
1732482651376,-12.07715,1.555078,0.002099991,-0.9846434,0.1315013,0.1148269,-3.978539,-0.8947313,0.1658678,-11.95759,0.823291,-0.1578407,-0.9458547,-0.2608567,-0.1931657,-4.498529,0.9475708,0.5965948,-11.96261,0.7396449,0.2257242,-0.2566113,-0.7987691,0.544168,-3.592873,-1.072977,0.4495382,0.1096479
1732482651383,-12.07715,1.555078,0.002099991,-0.9846434,0.1315013,0.1148269,0,0,0,-11.95759,0.823291,-0.1578407,-0.9458547,-0.2608567,-0.1931657,0,0,0,-11.96261,0.7396449,0.2257242,-0.2566113,-0.7987691,0.544168,0,0,0,0.1096479
1732482651390,-12.07715,1.555078,0.002099991,-0.9846434,0.1315013,0.1148269,0,0,0,-11.95759,0.823291,-0.1578407,-0.9458547,-0.2608567,-0.1931657,0,0,0,-11.96261,0.7396449,0.2257242,-0.2566113,-0.7987691,0.544168,0,0,0,0.1096479
1732482651417,-12.12963,1.541941,0.00391674,-0.9853289,0.1283698,0.1124665,-3.936052,-0.9852827,0.1362562,-12.11333,0.825388,-0.1403551,-0.9715806,-0.1641685,-0.1705301,-11.67998,0.1572713,1.311421,-12.00956,0.7253642,0.2306471,-0.2213879,-0.7968227,0.562193,-3.521419,-1.071055,0.369215,0.1096479
1732482651424,-12.12963,1.541941,0.00391674,-0.9853289,0.1283698,0.1124665,0,0,0,-12.11333,0.825388,-0.1403551,-0.9715806,-0.1641685,-0.1705301,0,0,0,-12.00956,0.7253642,0.2306471,-0.2213879,-0.7968227,0.562193,0,0,0,0.1096479
1732482651430,-12.12963,1.541941,0.00391674,-0.9853289,0.1283698,0.1124665,0,0,0,-12.11333,0.825388,-0.1403551,-0.9715806,-0.1641685,-0.1705301,0,0,0,-12.00956,0.7253642,0.2306471,-0.2213879,-0.7968227,0.562193,0,0,0,0.1096479
1732482651458,-12.18282,1.533745,0.006839752,-0.9871561,0.1198858,0.1055965,-3.98941,-0.614664,0.2192259,-12.45328,0.690358,-0.1681414,-0.9688445,-0.1103276,-0.2217395,-25.49686,-10.12725,-2.083969,-12.05982,0.7130077,0.2335949,-0.2103226,-0.8000129,0.5619109,-3.769398,-0.9267345,0.2210855,0.1096479
1732482651466,-12.18282,1.533745,0.006839752,-0.9871561,0.1198858,0.1055965,0,0,0,-12.45328,0.690358,-0.1681414,-0.9688445,-0.1103276,-0.2217395,0,0,0,-12.05982,0.7130077,0.2335949,-0.2103226,-0.8000129,0.5619109,0,0,0,0.1096479
1732482651474,-12.18282,1.533745,0.006839752,-0.9871561,0.1198858,0.1055965,0,0,0,-12.45328,0.690358,-0.1681414,-0.9688445,-0.1103276,-0.2217395,0,0,0,-12.05982,0.7130077,0.2335949,-0.2103226,-0.8000129,0.5619109,0,0,0,0.1096479
1732482651500,-12.23658,1.529301,0.01022434,-0.9867619,0.1226293,0.1061296,-4.031897,-0.3333002,0.2538443,-12.52179,0.7136908,-0.1709194,-0.9350004,-0.1347585,-0.3280468,-5.137968,1.749963,-0.208354,-12.11547,0.7091662,0.2353926,-0.2135328,-0.8005294,0.5599613,-4.173875,-0.288114,0.1348257,0.1096479
1732482651507,-12.23658,1.529301,0.01022434,-0.9867619,0.1226293,0.1061296,0,0,0,-12.52179,0.7136908,-0.1709194,-0.9350004,-0.1347585,-0.3280468,0,0,0,-12.11547,0.7091662,0.2353926,-0.2135328,-0.8005294,0.5599613,0,0,0,0.1096479
1732482651514,-12.23658,1.529301,0.01022434,-0.9867619,0.1226293,0.1061296,0,0,0,-12.52179,0.7136908,-0.1709194,-0.9350004,-0.1347585,-0.3280468,0,0,0,-12.11547,0.7091662,0.2353926,-0.2135328,-0.8005294,0.5599613,0,0,0,0.1096479
1732482651541,-12.29061,1.533681,0.01328087,-0.9872421,0.1214529,0.1029685,-4.051781,0.3284723,0.2292395,-12.55715,0.7735051,-0.162364,-0.9010144,-0.1842194,-0.3927301,-2.651739,4.486071,0.6416559,-12.10436,0.7085532,0.2428045,-0.2116963,-0.7910461,0.5739605,0.8329868,-0.04597753,0.5558968,0.1096479
1732482651548,-12.29061,1.533681,0.01328087,-0.9872421,0.1214529,0.1029685,0,0,0,-12.55715,0.7735051,-0.162364,-0.9010144,-0.1842194,-0.3927301,0,0,0,-12.10436,0.7085532,0.2428045,-0.2116963,-0.7910461,0.5739605,0,0,0,0.1096479
1732482651555,-12.29061,1.533681,0.01328087,-0.9872421,0.1214529,0.1029685,0,0,0,-12.55715,0.7735051,-0.162364,-0.9010144,-0.1842194,-0.3927301,0,0,0,-12.10436,0.7085532,0.2428045,-0.2116963,-0.7910461,0.5739605,0,0,0,0.1096479
1732482651569,-12.34488,1.538267,0.01631832,-0.9887412,0.1137746,0.09719324,-4.070449,0.3439486,0.227809,-12.58516,0.7567338,-0.163413,-0.8648193,-0.2551573,-0.4324148,-2.101207,-1.257844,-0.07867813,-12.16076,0.7110528,0.2490187,-0.222717,-0.7956505,0.5633272,-4.229522,0.187473,0.4660606,0.1096479
1732482651576,-12.34488,1.538267,0.01631832,-0.9887412,0.1137746,0.09719324,0,0,0,-12.58516,0.7567338,-0.163413,-0.8648193,-0.2551573,-0.4324148,0,0,0,-12.16076,0.7110528,0.2490187,-0.222717,-0.7956505,0.5633272,0,0,0,0.1096479
1732482651583,-12.34488,1.538267,0.01631832,-0.9887412,0.1137746,0.09719324,0,0,0,-12.58516,0.7567338,-0.163413,-0.8648193,-0.2551573,-0.4324148,0,0,0,-12.16076,0.7110528,0.2490187,-0.222717,-0.7956505,0.5633272,0,0,0,0.1096479
1732482651611,-12.38109,1.541438,0.01786995,-0.9897396,0.1043345,0.09762406,-2.71554,0.2377957,0.1163721,-12.59642,0.7400174,-0.1618805,-0.8357157,-0.3403193,-0.4310018,-0.8440733,-1.253731,0.1149416,-12.19823,0.7139117,0.2512417,-0.2410215,-0.7946793,0.5571299,-2.810383,0.2144113,0.1667261,0.1096479
1732482651618,-12.38109,1.541438,0.01786995,-0.9897396,0.1043345,0.09762406,0,0,0,-12.59642,0.7400174,-0.1618805,-0.8357157,-0.3403193,-0.4310018,0,0,0,-12.19823,0.7139117,0.2512417,-0.2410215,-0.7946793,0.5571299,0,0,0,0.1096479
1732482651638,-12.43548,1.551594,0.01951981,-0.9884903,0.1193184,0.09300739,-4.079461,0.7616937,0.1237392,-12.60012,0.7329285,-0.1556883,-0.8234094,-0.4199358,-0.3816429,-0.2779484,-0.5316719,0.4644156,-12.24656,0.7206042,0.2537622,-0.2924383,-0.7738015,0.5618819,-3.624701,0.5019397,0.1890421,0.1096479
1732482651645,-12.43548,1.551594,0.01951981,-0.9884903,0.1193184,0.09300739,0,0,0,-12.60012,0.7329285,-0.1556883,-0.8234094,-0.4199358,-0.3816429,0,0,0,-12.24656,0.7206042,0.2537622,-0.2924383,-0.7738015,0.5618819,0,0,0,0.1096479
1732482651652,-12.43548,1.551594,0.01951981,-0.9884903,0.1193184,0.09300739,0,0,0,-12.60012,0.7329285,-0.1556883,-0.8234094,-0.4199358,-0.3816429,0,0,0,-12.24656,0.7206042,0.2537622,-0.2924383,-0.7738015,0.5618819,0,0,0,0.1096479
1732482651668,-12.47124,1.557067,0.02027035,-0.9897034,0.1100692,0.091501,-2.682352,0.4104853,0.05629063,-12.59507,0.7263805,-0.1563339,-0.8292944,-0.4566621,-0.3220732,0.3789425,-0.4910946,-0.04842281,-12.29529,0.7290965,0.2544889,-0.3402162,-0.7657804,0.5457412,-3.6551,0.6369218,0.05450249,0.1096479
1732482651676,-12.47124,1.557067,0.02027035,-0.9897034,0.1100692,0.091501,0,0,0,-12.59507,0.7263805,-0.1563339,-0.8292944,-0.4566621,-0.3220732,0,0,0,-12.29529,0.7290965,0.2544889,-0.3402162,-0.7657804,0.5457412,0,0,0,0.1096479
1732482651696,-12.50695,1.56395,0.02071095,-0.9895251,0.1114795,0.09172088,-2.677774,0.5162805,0.03304482,-12.59237,0.7191728,-0.1608562,-0.8030931,-0.5093007,-0.3092806,0.2022028,-0.5405769,-0.3391743,-12.32291,0.7340033,0.2534084,-0.3764043,-0.7606814,0.5288513,-2.071452,0.3680125,-0.08103848,0.1096479
1732482651704,-12.50695,1.56395,0.02071095,-0.9895251,0.1114795,0.09172088,0,0,0,-12.59237,0.7191728,-0.1608562,-0.8030931,-0.5093007,-0.3092806,0,0,0,-12.32291,0.7340033,0.2534084,-0.3764043,-0.7606814,0.5288513,0,0,0,0.1096479
1732482651737,-12.54207,1.566681,0.020648,-0.9899281,0.1081069,0.09140909,-2.634144,0.2048135,-0.004720688,-12.58834,0.7182558,-0.1676016,-0.7389889,-0.568569,-0.3614212,0.3021955,-0.06877631,-0.5059004,-12.37815,0.7443517,0.2490339,-0.4202361,-0.7548323,0.503617,-4.142618,0.7761329,-0.3280878,0.1096479
1732482651744,-12.54207,1.566681,0.020648,-0.9899281,0.1081069,0.09140909,0,0,0,-12.58834,0.7182558,-0.1676016,-0.7389889,-0.568569,-0.3614212,0,0,0,-12.37815,0.7443517,0.2490339,-0.4202361,-0.7548323,0.503617,0,0,0,0.1096479
1732482651765,-12.59418,1.566809,0.01977062,-0.9904311,0.1074567,0.08660078,-3.908157,0.009548664,-0.06580353,-12.58738,0.7105116,-0.1822224,-0.6131353,-0.6635898,-0.4286194,0.07238388,-0.5808145,-1.096559,-12.44204,0.7550856,0.2417936,-0.4735092,-0.7423749,0.4739923,-4.792213,0.8050382,-0.5430222,0.1096479
1732482651773,-12.59418,1.566809,0.01977062,-0.9904311,0.1074567,0.08660078,0,0,0,-12.58738,0.7105116,-0.1822224,-0.6131353,-0.6635898,-0.4286194,0,0,0,-12.44204,0.7550856,0.2417936,-0.4735092,-0.7423749,0.4739923,0,0,0,0.1096479
1732482651779,-12.59418,1.566809,0.01977062,-0.9904311,0.1074567,0.08660078,0,0,0,-12.58738,0.7105116,-0.1822224,-0.6131353,-0.6635898,-0.4286194,0,0,0,-12.44204,0.7550856,0.2417936,-0.4735092,-0.7423749,0.4739923,0,0,0,0.1096479
1732482651794,-12.62933,1.563814,0.01923561,-0.9904071,0.111553,0.0815472,-2.636719,-0.2245635,-0.04012585,-12.5879,0.7033366,-0.1937056,-0.5425701,-0.6908363,-0.4778738,-0.03919601,-0.5381271,-0.8612394,-12.49332,0.7614129,0.2368603,-0.5022784,-0.7311773,0.4616233,-3.846002,0.4745454,-0.3700018,0.1096479
1732482651801,-12.62933,1.563814,0.01923561,-0.9904071,0.111553,0.0815472,0,0,0,-12.5879,0.7033366,-0.1937056,-0.5425701,-0.6908363,-0.4778738,0,0,0,-12.49332,0.7614129,0.2368603,-0.5022784,-0.7311773,0.4616233,0,0,0,0.1096479
1732482651808,-12.62933,1.563814,0.01923561,-0.9904071,0.111553,0.0815472,0,0,0,-12.5879,0.7033366,-0.1937056,-0.5425701,-0.6908363,-0.4778738,0,0,0,-12.49332,0.7614129,0.2368603,-0.5022784,-0.7311773,0.4616233,0,0,0,0.1096479
1732482651835,-12.66449,1.560202,0.01870537,-0.9897082,0.1205145,0.07716334,-2.636576,-0.2708942,-0.03976822,-12.58907,0.6932721,-0.2055159,-0.491847,-0.6953168,-0.5240438,-0.08776188,-0.7548407,-0.8857727,-12.53856,0.7650754,0.2334461,-0.537218,-0.7139243,0.4491205,-3.392959,0.2746895,-0.2560616,0.1096479
1732482651843,-12.66449,1.560202,0.01870537,-0.9897082,0.1205145,0.07716334,0,0,0,-12.58907,0.6932721,-0.2055159,-0.491847,-0.6953168,-0.5240438,0,0,0,-12.53856,0.7650754,0.2334461,-0.537218,-0.7139243,0.4491205,0,0,0,0.1096479
1732482651876,-12.71798,1.551599,0.01818848,-0.9887145,0.1311678,0.07238251,-4.012156,-0.6452322,-0.03876686,-12.592,0.681031,-0.222477,-0.3774939,-0.7055239,-0.5997791,-0.2199411,-0.9180754,-1.272082,-12.59353,0.7675178,0.2300177,-0.5862184,-0.6848676,0.4327871,-4.122305,0.1831815,-0.2571344,0.1096479
1732482651884,-12.71798,1.551599,0.01818848,-0.9887145,0.1311678,0.07238251,0,0,0,-12.592,0.681031,-0.222477,-0.3774939,-0.7055239,-0.5997791,0,0,0,-12.59353,0.7675178,0.2300177,-0.5862184,-0.6848676,0.4327871,0,0,0,0.1096479
1732482651892,-12.71798,1.551599,0.01818848,-0.9887145,0.1311678,0.07238251,0,0,0,-12.592,0.681031,-0.222477,-0.3774939,-0.7055239,-0.5997791,0,0,0,-12.59353,0.7675178,0.2300177,-0.5862184,-0.6848676,0.4327871,0,0,0,0.1096479
1732482651919,-12.77238,1.540682,0.01637554,-0.9877099,0.1381472,0.07310927,-4.079533,-0.8188248,-0.1359701,-12.60093,0.6752592,-0.2361307,-0.2187255,-0.7183842,-0.6603665,-0.6695509,-0.4328862,-1.024032,-12.66548,0.7662669,0.2248421,-0.6159087,-0.6656048,0.4214582,-5.396605,-0.09381473,-0.3881693,0.1096479
1732482651927,-12.77238,1.540682,0.01637554,-0.9877099,0.1381472,0.07310927,0,0,0,-12.60093,0.6752592,-0.2361307,-0.2187255,-0.7183842,-0.6603665,0,0,0,-12.66548,0.7662669,0.2248421,-0.6159087,-0.6656048,0.4214582,0,0,0,0.1096479
1732482651934,-12.77238,1.540682,0.01637554,-0.9877099,0.1381472,0.07310927,0,0,0,-12.60093,0.6752592,-0.2361307,-0.2187255,-0.7183842,-0.6603665,0,0,0,-12.66548,0.7662669,0.2248421,-0.6159087,-0.6656048,0.4214582,0,0,0,0.1096479
1732482651959,-12.82708,1.52942,0.01558113,-0.9883929,0.1310779,0.07679957,-4.102707,-0.8446455,-0.0595808,-12.61898,0.6706337,-0.245225,-0.09570327,-0.7223831,-0.6848389,-1.353335,-0.3469169,-0.6820679,-12.72848,0.7611297,0.2218876,-0.6283649,-0.6536907,0.4217184,-4.724765,-0.3852949,-0.2215862,0.1096479
1732482651967,-12.82708,1.52942,0.01558113,-0.9883929,0.1310779,0.07679957,0,0,0,-12.61898,0.6706337,-0.245225,-0.09570327,-0.7223831,-0.6848389,0,0,0,-12.72848,0.7611297,0.2218876,-0.6283649,-0.6536907,0.4217184,0,0,0,0.1096479
1732482651974,-12.82708,1.52942,0.01558113,-0.9883929,0.1310779,0.07679957,0,0,0,-12.61898,0.6706337,-0.245225,-0.09570327,-0.7223831,-0.6848389,0,0,0,-12.72848,0.7611297,0.2218876,-0.6283649,-0.6536907,0.4217184,0,0,0,0.1096479
1732482651981,-12.82708,1.52942,0.01558113,-0.9883929,0.1310779,0.07679957,0,0,0,-12.61898,0.6706337,-0.245225,-0.09570327,-0.7223831,-0.6848389,0,0,0,-12.72848,0.7611297,0.2218876,-0.6283649,-0.6536907,0.4217184,0,0,0,0.1096479
1732482652000,-12.88287,1.529545,0.01445293,-0.9893619,0.1213675,0.08020794,-4.184246,0.00936985,-0.08461475,-12.65219,0.672682,-0.2508593,-0.02917117,-0.7176216,-0.6958224,-2.490735,0.1536235,-0.4225731,-12.77975,0.7608201,0.2218351,-0.6205899,-0.6455805,0.445078,-3.845572,-0.02321899,-0.003933907,0.1149508
1732482652007,-12.88287,1.529545,0.01445293,-0.9893619,0.1213675,0.08020794,0,0,0,-12.65219,0.672682,-0.2508593,-0.02917117,-0.7176216,-0.6958224,0,0,0,-12.77975,0.7608201,0.2218351,-0.6205899,-0.6455805,0.445078,0,0,0,0.1149508
1732482652015,-12.88287,1.529545,0.01445293,-0.9893619,0.1213675,0.08020794,0,0,0,-12.65219,0.672682,-0.2508593,-0.02917117,-0.7176216,-0.6958224,0,0,0,-12.77975,0.7608201,0.2218351,-0.6205899,-0.6455805,0.445078,0,0,0,0.1149508
1732482652041,-12.93834,1.52752,0.01262569,-0.9901561,0.1145432,0.08044243,-4.159999,-0.1518846,-0.137043,-12.70055,0.671407,-0.2550716,-0.0068717,-0.7161553,-0.6979077,-3.627062,-0.09562075,-0.3159285,-12.83503,0.7549781,0.226285,-0.5689285,-0.6620351,0.4878832,-4.145837,-0.4381478,0.3337383,0.1149508
1732482652049,-12.93834,1.52752,0.01262569,-0.9901561,0.1145432,0.08044243,0,0,0,-12.70055,0.671407,-0.2550716,-0.0068717,-0.7161553,-0.6979077,0,0,0,-12.83503,0.7549781,0.226285,-0.5689285,-0.6620351,0.4878832,0,0,0,0.1149508
1732482652056,-12.93834,1.52752,0.01262569,-0.9901561,0.1145432,0.08044243,0,0,0,-12.70055,0.671407,-0.2550716,-0.0068717,-0.7161553,-0.6979077,0,0,0,-12.83503,0.7549781,0.226285,-0.5689285,-0.6620351,0.4878832,0,0,0,0.1149508
1732482652082,-12.99433,1.531976,0.009896278,-0.991855,0.1018526,0.07648706,-4.199624,0.3342122,-0.2047062,-12.77672,0.6716356,-0.2570658,-0.0321514,-0.7128495,-0.7005802,-5.712605,0.01713932,-0.14956,-12.88282,0.7495232,0.2324448,-0.4945959,-0.6979929,0.517862,-3.584361,-0.4091173,0.4619837,0.1149508
1732482652091,-12.99433,1.531976,0.009896278,-0.991855,0.1018526,0.07648706,0,0,0,-12.77672,0.6716356,-0.2570658,-0.0321514,-0.7128495,-0.7005802,0,0,0,-12.88282,0.7495232,0.2324448,-0.4945959,-0.6979929,0.517862,0,0,0,0.1149508
1732482652098,-12.99433,1.531976,0.009896278,-0.991855,0.1018526,0.07648706,0,0,0,-12.77672,0.6716356,-0.2570658,-0.0321514,-0.7128495,-0.7005802,0,0,0,-12.88282,0.7495232,0.2324448,-0.4945959,-0.6979929,0.517862,0,0,0,0.1149508
1732482652124,-13.04888,1.536847,0.00623703,-0.9919406,0.1042876,0.07196188,-4.090905,0.3653616,-0.2744436,-12.85917,0.6775225,-0.2585268,-0.09373894,-0.7179591,-0.6897449,-6.184101,0.4415229,-0.1095772,-12.92801,0.7442551,0.2361298,-0.4251203,-0.7323704,0.5318896,-3.389096,-0.3951073,0.2763748,0.1149508
1732482652131,-13.04888,1.536847,0.00623703,-0.9919406,0.1042876,0.07196188,0,0,0,-12.85917,0.6775225,-0.2585268,-0.09373894,-0.7179591,-0.6897449,0,0,0,-12.92801,0.7442551,0.2361298,-0.4251203,-0.7323704,0.5318896,0,0,0,0.1149508
1732482652139,-13.04888,1.536847,0.00623703,-0.9919406,0.1042876,0.07196188,0,0,0,-12.85917,0.6775225,-0.2585268,-0.09373894,-0.7179591,-0.6897449,0,0,0,-12.92801,0.7442551,0.2361298,-0.4251203,-0.7323704,0.5318896,0,0,0,0.1149508
1732482652165,-13.10351,1.54572,0.00336647,-0.9910542,0.116984,0.06423968,-4.097629,0.6654292,-0.215292,-12.94269,0.6852235,-0.2570887,-0.1981271,-0.711925,-0.6737278,-6.264353,0.577569,0.1078606,-12.97055,0.7403378,0.2368441,-0.3966932,-0.7547153,0.5225319,-3.190398,-0.2937958,0.05357265,0.1149508
1732482652173,-13.10351,1.54572,0.00336647,-0.9910542,0.116984,0.06423968,0,0,0,-12.94269,0.6852235,-0.2570887,-0.1981271,-0.711925,-0.6737278,0,0,0,-12.97055,0.7403378,0.2368441,-0.3966932,-0.7547153,0.5225319,0,0,0,0.1149508
1732482652180,-13.10351,1.54572,0.00336647,-0.9910542,0.116984,0.06423968,0,0,0,-12.94269,0.6852235,-0.2570887,-0.1981271,-0.711925,-0.6737278,0,0,0,-12.97055,0.7403378,0.2368441,-0.3966932,-0.7547153,0.5225319,0,0,0,0.1149508
1732482652207,-13.15748,1.553795,0.001009941,-0.991865,0.1134375,0.05775934,-4.047632,0.6056875,-0.1767397,-13.03151,0.7017227,-0.2530708,-0.3376888,-0.6800084,-0.6508113,-6.661105,1.237446,0.3013372,-13.01744,0.739713,0.2323599,-0.3982085,-0.7730793,0.4937394,-3.516984,-0.04686713,-0.3363132,0.1149508
1732482652214,-13.15748,1.553795,0.001009941,-0.991865,0.1134375,0.05775934,0,0,0,-13.03151,0.7017227,-0.2530708,-0.3376888,-0.6800084,-0.6508113,0,0,0,-13.01744,0.739713,0.2323599,-0.3982085,-0.7730793,0.4937394,0,0,0,0.1149508
1732482652222,-13.15748,1.553795,0.001009941,-0.991865,0.1134375,0.05775934,0,0,0,-13.03151,0.7017227,-0.2530708,-0.3376888,-0.6800084,-0.6508113,0,0,0,-13.01744,0.739713,0.2323599,-0.3982085,-0.7730793,0.4937394,0,0,0,0.1149508
1732482652249,-13.20977,1.56153,-0.0001802444,-0.9932395,0.1026409,0.05422366,-3.921747,0.5800813,-0.08926392,-13.12067,0.7252558,-0.2414637,-0.4717472,-0.6385832,-0.6080019,-6.686997,1.764978,0.8705378,-13.06741,0.7417234,0.225276,-0.3953097,-0.7882502,0.4715846,-3.748012,0.1507804,-0.531292,0.1149508
1732482652256,-13.20977,1.56153,-0.0001802444,-0.9932395,0.1026409,0.05422366,0,0,0,-13.12067,0.7252558,-0.2414637,-0.4717472,-0.6385832,-0.6080019,0,0,0,-13.06741,0.7417234,0.225276,-0.3953097,-0.7882502,0.4715846,0,0,0,0.1149508
1732482652263,-13.20977,1.56153,-0.0001802444,-0.9932395,0.1026409,0.05422366,0,0,0,-13.12067,0.7252558,-0.2414637,-0.4717472,-0.6385832,-0.6080019,0,0,0,-13.06741,0.7417234,0.225276,-0.3953097,-0.7882502,0.4715846,0,0,0,0.1149508
1732482652290,-13.26193,1.565938,-0.001438141,-0.9938302,0.09573144,0.05601144,-3.911805,0.330618,-0.09434223,-13.05531,0.7351376,-0.2352877,-0.6010119,-0.5914478,-0.537564,4.902148,0.7411346,0.4631996,-13.11846,0.7455471,0.2202806,-0.3671938,-0.806664,0.4631005,-3.828692,0.2867818,-0.374651,0.1149508
1732482652298,-13.26193,1.565938,-0.001438141,-0.9938302,0.09573144,0.05601144,0,0,0,-13.05531,0.7351376,-0.2352877,-0.6010119,-0.5914478,-0.537564,0,0,0,-13.11846,0.7455471,0.2202806,-0.3671938,-0.806664,0.4631005,0,0,0,0.1149508
1732482652306,-13.26193,1.565938,-0.001438141,-0.9938302,0.09573144,0.05601144,0,0,0,-13.05531,0.7351376,-0.2352877,-0.6010119,-0.5914478,-0.537564,0,0,0,-13.11846,0.7455471,0.2202806,-0.3671938,-0.806664,0.4631005,0,0,0,0.1149508
1732482652332,-13.31386,1.568855,-0.003153801,-0.9935828,0.09750234,0.05732846,-3.894854,0.2187788,-0.1286745,-13.13133,0.7570861,-0.2179956,-0.7707828,-0.4891894,-0.4081521,-5.701947,1.646139,1.296902,-13.1668,0.7483781,0.2168131,-0.3577927,-0.809458,0.4655775,-3.625274,0.2123237,-0.260067,0.1149508
1732482652339,-13.31386,1.568855,-0.003153801,-0.9935828,0.09750234,0.05732846,0,0,0,-13.13133,0.7570861,-0.2179956,-0.7707828,-0.4891894,-0.4081521,0,0,0,-13.1668,0.7483781,0.2168131,-0.3577927,-0.809458,0.4655775,0,0,0,0.1149508
1732482652346,-13.31386,1.568855,-0.003153801,-0.9935828,0.09750234,0.05732846,0,0,0,-13.13133,0.7570861,-0.2179956,-0.7707828,-0.4891894,-0.4081521,0,0,0,-13.1668,0.7483781,0.2168131,-0.3577927,-0.809458,0.4655775,0,0,0,0.1149508
1732482652374,-13.36507,1.56595,-0.005357742,-0.9932895,0.0999154,0.05825007,-3.840566,-0.2179205,-0.1652956,-13.20926,0.7832707,-0.1943302,-0.8652569,-0.3858063,-0.3201318,-5.844283,1.963842,1.774907,-13.21184,0.7487934,0.2156534,-0.3255825,-0.812628,0.4833549,-3.378081,0.03114939,-0.0869751,0.1149508
1732482652381,-13.36507,1.56595,-0.005357742,-0.9932895,0.0999154,0.05825007,0,0,0,-13.20926,0.7832707,-0.1943302,-0.8652569,-0.3858063,-0.3201318,0,0,0,-13.21184,0.7487934,0.2156534,-0.3255825,-0.812628,0.4833549,0,0,0,0.1149508
1732482652388,-13.36507,1.56595,-0.005357742,-0.9932895,0.0999154,0.05825007,0,0,0,-13.20926,0.7832707,-0.1943302,-0.8652569,-0.3858063,-0.3201318,0,0,0,-13.21184,0.7487934,0.2156534,-0.3255825,-0.812628,0.4833549,0,0,0,0.1149508
1732482652395,-13.36507,1.56595,-0.005357742,-0.9932895,0.0999154,0.05825007,0,0,0,-13.20926,0.7832707,-0.1943302,-0.8652569,-0.3858063,-0.3201318,0,0,0,-13.21184,0.7487934,0.2156534,-0.3255825,-0.812628,0.4833549,0,0,0,0.1149508
1732482652415,-13.41706,1.557404,-0.008079529,-0.9928779,0.1053569,0.05562198,-3.899145,-0.6409049,-0.204134,-13.27726,0.8058645,-0.1781454,-0.9121209,-0.3002055,-0.2791282,-5.100274,1.694539,1.213861,-13.26127,0.7441351,0.2171879,-0.2745162,-0.8168355,0.5073665,-3.706813,-0.3493756,0.1150846,0.1149508
1732482652423,-13.41706,1.557404,-0.008079529,-0.9928779,0.1053569,0.05562198,0,0,0,-13.27726,0.8058645,-0.1781454,-0.9121209,-0.3002055,-0.2791282,0,0,0,-13.26127,0.7441351,0.2171879,-0.2745162,-0.8168355,0.5073665,0,0,0,0.1149508
1732482652430,-13.41706,1.557404,-0.008079529,-0.9928779,0.1053569,0.05562198,0,0,0,-13.27726,0.8058645,-0.1781454,-0.9121209,-0.3002055,-0.2791282,0,0,0,-13.26127,0.7441351,0.2171879,-0.2745162,-0.8168355,0.5073665,0,0,0,0.1149508
1732482652457,-13.46957,1.544634,-0.01068687,-0.9926451,0.1100572,0.05043614,-3.93877,-0.9577364,-0.1955509,-13.34228,0.8243688,-0.1654644,-0.9505378,-0.2062049,-0.2322885,-4.876685,1.387824,0.9510756,-13.30363,0.7352346,0.2194901,-0.2400731,-0.8178048,0.52303,-3.177238,-0.6675392,0.1726627,0.1149508
1732482652464,-13.46957,1.544634,-0.01068687,-0.9926451,0.1100572,0.05043614,0,0,0,-13.34228,0.8243688,-0.1654644,-0.9505378,-0.2062049,-0.2322885,0,0,0,-13.30363,0.7352346,0.2194901,-0.2400731,-0.8178048,0.52303,0,0,0,0.1149508
1732482652471,-13.46957,1.544634,-0.01068687,-0.9926451,0.1100572,0.05043614,0,0,0,-13.34228,0.8243688,-0.1654644,-0.9505378,-0.2062049,-0.2322885,0,0,0,-13.30363,0.7352346,0.2194901,-0.2400731,-0.8178048,0.52303,0,0,0,0.1149508
1732482652499,-13.52299,1.531426,-0.01239586,-0.9936433,0.105973,0.03798878,-4.006577,-0.9905934,-0.1281738,-13.52181,0.8280916,-0.1740828,-0.9625332,-0.1144822,-0.2458129,-13.4644,0.279209,-0.6463766,-13.3481,0.7231712,0.2220736,-0.2209095,-0.8153944,0.5350991,-3.335023,-0.9047538,0.1937628,0.1149508
1732482652506,-13.52299,1.531426,-0.01239586,-0.9936433,0.105973,0.03798878,0,0,0,-13.52181,0.8280916,-0.1740828,-0.9625332,-0.1144822,-0.2458129,0,0,0,-13.3481,0.7231712,0.2220736,-0.2209095,-0.8153944,0.5350991,0,0,0,0.1149508
1732482652513,-13.52299,1.531426,-0.01239586,-0.9936433,0.105973,0.03798878,0,0,0,-13.52181,0.8280916,-0.1740828,-0.9625332,-0.1144822,-0.2458129,0,0,0,-13.3481,0.7231712,0.2220736,-0.2209095,-0.8153944,0.5350991,0,0,0,0.1149508
1732482652540,-13.57733,1.529372,-0.01271629,-0.9949021,0.09683785,0.02815491,-4.075098,-0.1540571,-0.02403259,-13.87386,0.6843431,-0.203289,-0.9559462,-0.05156922,-0.2889775,-26.40381,-10.78114,-2.190471,-13.40005,0.7148854,0.2251797,-0.2160054,-0.8128187,0.5409877,-3.896785,-0.6214321,0.2329588,0.1202042
1732482652547,-13.57733,1.529372,-0.01271629,-0.9949021,0.09683785,0.02815491,0,0,0,-13.87386,0.6843431,-0.203289,-0.9559462,-0.05156922,-0.2889775,0,0,0,-13.40005,0.7148854,0.2251797,-0.2160054,-0.8128187,0.5409877,0,0,0,0.1202042
1732482652554,-13.57733,1.529372,-0.01271629,-0.9949021,0.09683785,0.02815491,0,0,0,-13.87386,0.6843431,-0.203289,-0.9559462,-0.05156922,-0.2889775,0,0,0,-13.40005,0.7148854,0.2251797,-0.2160054,-0.8128187,0.5409877,0,0,0,0.1202042
1732482652568,-13.63141,1.525797,-0.01405144,-0.9948246,0.09773719,0.02777642,-4.055929,-0.2681762,-0.1001358,-13.92825,0.7772804,-0.1818924,-0.9232349,-0.06385717,-0.3788931,-4.07939,6.970301,1.604748,-13.44866,0.7067561,0.2242451,-0.2389241,-0.8140137,0.529431,-3.645372,-0.6096974,-0.07009506,0.1211321
1732482652576,-13.63141,1.525797,-0.01405144,-0.9948246,0.09773719,0.02777642,0,0,0,-13.92825,0.7772804,-0.1818924,-0.9232349,-0.06385717,-0.3788931,0,0,0,-13.44866,0.7067561,0.2242451,-0.2389241,-0.8140137,0.529431,0,0,0,0.1211321
1732482652582,-13.63141,1.525797,-0.01405144,-0.9948246,0.09773719,0.02777642,0,0,0,-13.92825,0.7772804,-0.1818924,-0.9232349,-0.06385717,-0.3788931,0,0,0,-13.44866,0.7067561,0.2242451,-0.2389241,-0.8140137,0.529431,0,0,0,0.1211321
1732482652610,-13.66829,1.533956,-0.01457024,-0.9967306,0.07739559,0.02320427,-2.766037,0.6119728,-0.03890991,-13.94923,0.799099,-0.1834412,-0.8983619,-0.1111657,-0.4249573,-1.573277,1.636389,-0.1161575,-13.49195,0.7055614,0.2243795,-0.2554238,-0.8025467,0.5391454,-3.24676,-0.08960366,0.01008511,0.1230774
1732482652617,-13.66829,1.533956,-0.01457024,-0.9967306,0.07739559,0.02320427,0,0,0,-13.94923,0.799099,-0.1834412,-0.8983619,-0.1111657,-0.4249573,0,0,0,-13.49195,0.7055614,0.2243795,-0.2554238,-0.8025467,0.5391454,0,0,0,0.1230774
1732482652651,-13.7216,1.539962,-0.0159626,-0.9980651,0.0613836,0.009917438,-3.998709,0.4504412,-0.1044273,-13.97951,0.7781009,-0.1903992,-0.8652542,-0.1964621,-0.4612355,-2.271223,-1.574854,-0.5218506,-13.53793,0.7081909,0.2259045,-0.2619262,-0.8068122,0.5295742,-3.448749,0.1972139,0.1143694,0.1230774
1732482652659,-13.7216,1.539962,-0.0159626,-0.9980651,0.0613836,0.009917438,0,0,0,-13.97951,0.7781009,-0.1903992,-0.8652542,-0.1964621,-0.4612355,0,0,0,-13.53793,0.7081909,0.2259045,-0.2619262,-0.8068122,0.5295742,0,0,0,0.1230774
1732482652666,-13.7216,1.539962,-0.0159626,-0.9980651,0.0613836,0.009917438,0,0,0,-13.97951,0.7781009,-0.1903992,-0.8652542,-0.1964621,-0.4612355,0,0,0,-13.53793,0.7081909,0.2259045,-0.2619262,-0.8068122,0.5295742,0,0,0,0.1230774
1732482652681,-13.77551,1.545147,-0.0174408,-0.9965432,0.08299704,0.003656685,-4.043341,0.3888577,-0.1108646,-13.98973,0.7485542,-0.193943,-0.8352847,-0.33905,-0.4328337,-0.7661819,-2.216005,-0.265789,-13.60753,0.7160271,0.2251816,-0.2985119,-0.8043875,0.5136648,-5.219793,0.5877167,-0.05421638,0.1230774
1732482652689,-13.77551,1.545147,-0.0174408,-0.9965432,0.08299704,0.003656685,0,0,0,-13.98973,0.7485542,-0.193943,-0.8352847,-0.33905,-0.4328337,0,0,0,-13.60753,0.7160271,0.2251816,-0.2985119,-0.8043875,0.5136648,0,0,0,0.1230774
1732482652696,-13.77551,1.545147,-0.0174408,-0.9965432,0.08299704,0.003656685,0,0,0,-13.98973,0.7485542,-0.193943,-0.8352847,-0.33905,-0.4328337,0,0,0,-13.60753,0.7160271,0.2251816,-0.2985119,-0.8043875,0.5136648,0,0,0,0.1230774
1732482652722,-13.81075,1.551512,-0.01951981,-0.9959767,0.08960325,-0.001358271,-2.643013,0.4773706,-0.1559258,-13.98944,0.7364178,-0.1954288,-0.8345858,-0.3927149,-0.3863189,0.02160072,-0.9102255,-0.1114368,-13.65403,0.7234893,0.2235851,-0.3358126,-0.7885396,0.5152043,-3.487587,0.5596653,-0.1197338,0.1230774
1732482652729,-13.81075,1.551512,-0.01951981,-0.9959767,0.08960325,-0.001358271,0,0,0,-13.98944,0.7364178,-0.1954288,-0.8345858,-0.3927149,-0.3863189,0,0,0,-13.65403,0.7234893,0.2235851,-0.3358126,-0.7885396,0.5152043,0,0,0,0.1230774
1732482652736,-13.81075,1.551512,-0.01951981,-0.9959767,0.08960325,-0.001358271,0,0,0,-13.98944,0.7364178,-0.1954288,-0.8345858,-0.3927149,-0.3863189,0,0,0,-13.65403,0.7234893,0.2235851,-0.3358126,-0.7885396,0.5152043,0,0,0,0.1230774
1732482652762,-13.86435,1.558485,-0.02098656,-0.9964115,0.08432373,-0.007351041,-4.019737,0.5229861,-0.1100063,-13.9828,0.7201437,-0.204113,-0.8228787,-0.4571085,-0.3375251,0.497961,-1.220562,-0.6513119,-13.71257,0.7338095,0.2214622,-0.398411,-0.7731222,0.4935086,-4.390669,0.7740095,-0.1592159,0.1230774
1732482652770,-13.86435,1.558485,-0.02098656,-0.9964115,0.08432373,-0.007351041,0,0,0,-13.9828,0.7201437,-0.204113,-0.8228787,-0.4571085,-0.3375251,0,0,0,-13.71257,0.7338095,0.2214622,-0.398411,-0.7731222,0.4935086,0,0,0,0.1230774
1732482652776,-13.86435,1.558485,-0.02098656,-0.9964115,0.08432373,-0.007351041,0,0,0,-13.9828,0.7201437,-0.204113,-0.8228787,-0.4571085,-0.3375251,0,0,0,-13.71257,0.7338095,0.2214622,-0.398411,-0.7731222,0.4935086,0,0,0,0.1230774
1732482652790,-13.91833,1.565151,-0.02258682,-0.9961547,0.08715686,-0.008944631,-4.048061,0.4999459,-0.1200199,-13.96889,0.718973,-0.2182121,-0.7644497,-0.545768,-0.343154,1.043129,-0.08779764,-1.057434,-13.77553,0.7452873,0.214674,-0.4697867,-0.7583706,0.4518567,-4.722118,0.8608371,-0.509119,0.1230774
1732482652798,-13.91833,1.565151,-0.02258682,-0.9961547,0.08715686,-0.008944631,0,0,0,-13.96889,0.718973,-0.2182121,-0.7644497,-0.545768,-0.343154,0,0,0,-13.77553,0.7452873,0.214674,-0.4697867,-0.7583706,0.4518567,0,0,0,0.1230774
1732482652805,-13.91833,1.565151,-0.02258682,-0.9961547,0.08715686,-0.008944631,0,0,0,-13.96889,0.718973,-0.2182121,-0.7644497,-0.545768,-0.343154,0,0,0,-13.77553,0.7452873,0.214674,-0.4697867,-0.7583706,0.4518567,0,0,0,0.1230774
1732482652832,-13.95438,1.566712,-0.02358627,-0.996791,0.07913297,-0.01207268,-2.704239,0.1170874,-0.0749588,-13.96387,0.7096703,-0.2302055,-0.6879293,-0.6135544,-0.3876915,0.3765106,-0.6977051,-0.8995056,-13.82552,0.7534841,0.206789,-0.4953252,-0.7589367,0.4226918,-3.749228,0.6147578,-0.5913734,0.1230774
1732482652839,-13.95438,1.566712,-0.02358627,-0.996791,0.07913297,-0.01207268,0,0,0,-13.96387,0.7096703,-0.2302055,-0.6879293,-0.6135544,-0.3876915,0,0,0,-13.82552,0.7534841,0.206789,-0.4953252,-0.7589367,0.4226918,0,0,0,0.1230774
1732482652860,-14.00862,1.566158,-0.02538681,-0.9972697,0.07180532,-0.0172503,-4.067802,-0.04152954,-0.1350403,-13.96248,0.6983988,-0.2504997,-0.5295942,-0.6890959,-0.4946492,0.1045704,-0.8453652,-1.522064,-13.87041,0.7596304,0.2005081,-0.5272697,-0.7473478,0.4042996,-3.366566,0.4609734,-0.4710674,0.1230774
1732482652868,-14.00862,1.566158,-0.02538681,-0.9972697,0.07180532,-0.0172503,0,0,0,-13.96248,0.6983988,-0.2504997,-0.5295942,-0.6890959,-0.4946492,0,0,0,-13.87041,0.7596304,0.2005081,-0.5272697,-0.7473478,0.4042996,0,0,0,0.1230774
1732482652887,-14.04457,1.561528,-0.02690506,-0.9975386,0.06641345,-0.02249932,-2.696371,-0.3472656,-0.1138687,-13.96116,0.6922677,-0.2628498,-0.449292,-0.7117165,-0.5399969,0.09841919,-0.459829,-0.9262562,-13.91749,0.7647982,0.1958771,-0.5490002,-0.7329406,0.4017425,-3.530931,0.3875881,-0.3473282,0.1230774
1732482652895,-14.04457,1.561528,-0.02690506,-0.9975386,0.06641345,-0.02249932,0,0,0,-13.96116,0.6922677,-0.2628498,-0.449292,-0.7117165,-0.5399969,0,0,0,-13.91749,0.7647982,0.1958771,-0.5490002,-0.7329406,0.4017425,0,0,0,0.1230774
1732482652901,-14.04457,1.561528,-0.02690506,-0.9975386,0.06641345,-0.02249932,0,0,0,-13.96116,0.6922677,-0.2628498,-0.449292,-0.7117165,-0.5399969,0,0,0,-13.91749,0.7647982,0.1958771,-0.5490002,-0.7329406,0.4017425,0,0,0,0.1230774
1732482652919,-14.08059,1.554929,-0.0280304,-0.997775,0.0606255,-0.02774835,-2.701235,-0.4949212,-0.08440018,-13.96248,0.6857429,-0.2757149,-0.3789515,-0.7083716,-0.5954883,-0.09884834,-0.4893601,-0.96488,-13.97084,0.7682592,0.191721,-0.5848528,-0.712136,0.3883421,-4.001427,0.2595708,-0.3117085,0.1230774
1732482652927,-14.08059,1.554929,-0.0280304,-0.997775,0.0606255,-0.02774835,0,0,0,-13.96248,0.6857429,-0.2757149,-0.3789515,-0.7083716,-0.5954883,0,0,0,-13.97084,0.7682592,0.191721,-0.5848528,-0.712136,0.3883421,0,0,0,0.1230774
1732482652946,-14.11712,1.549257,-0.02927208,-0.9973347,0.06644169,-0.03015876,-2.739573,-0.4254073,-0.0931263,-13.96541,0.6798207,-0.2855225,-0.3084871,-0.7108116,-0.6321261,-0.2197266,-0.4441649,-0.735569,-14.01012,0.7695642,0.1885395,-0.6161896,-0.6915962,0.3768358,-2.946138,0.09787381,-0.2386093,0.1230774
1732482652954,-14.11712,1.549257,-0.02927208,-0.9973347,0.06644169,-0.03015876,0,0,0,-13.96541,0.6798207,-0.2855225,-0.3084871,-0.7108116,-0.6321261,0,0,0,-14.01012,0.7695642,0.1885395,-0.6161896,-0.6915962,0.3768358,0,0,0,0.1230774
1732482652987,-14.15372,1.542679,-0.03055763,-0.9967304,0.07489233,-0.03033543,-2.745724,-0.4933923,-0.09641647,-13.97126,0.6752194,-0.2935295,-0.234699,-0.7138484,-0.6598015,-0.4387379,-0.345102,-0.6005287,-14.04958,0.7701507,0.185257,-0.6425686,-0.6724201,0.3673653,-2.959299,0.0439927,-0.246191,0.1230774
1732482652995,-14.15372,1.542679,-0.03055763,-0.9967304,0.07489233,-0.03033543,0,0,0,-13.97126,0.6752194,-0.2935295,-0.234699,-0.7138484,-0.6598015,0,0,0,-14.04958,0.7701507,0.185257,-0.6425686,-0.6724201,0.3673653,0,0,0,0.1230774
1732482653016,-14.20837,1.530003,-0.03203011,-0.9963092,0.08002059,-0.03106642,-4.098272,-0.9506375,-0.1104355,-13.98879,0.6706653,-0.3009186,-0.1427802,-0.7274129,-0.6711819,-1.314497,-0.341557,-0.5541801,-14.11221,0.7673577,0.1816635,-0.6661988,-0.6527913,0.3606147,-4.697084,-0.2094761,-0.2695084,0.1230774
1732482653024,-14.20837,1.530003,-0.03203011,-0.9963092,0.08002059,-0.03106642,0,0,0,-13.98879,0.6706653,-0.3009186,-0.1427802,-0.7274129,-0.6711819,0,0,0,-14.11221,0.7673577,0.1816635,-0.6661988,-0.6527913,0.3606147,0,0,0,0.1230774
1732482653031,-14.20837,1.530003,-0.03203011,-0.9963092,0.08002059,-0.03106642,0,0,0,-13.98879,0.6706653,-0.3009186,-0.1427802,-0.7274129,-0.6711819,0,0,0,-14.11221,0.7673577,0.1816635,-0.6661988,-0.6527913,0.3606147,0,0,0,0.1230774
1732482653059,-14.24443,1.529266,-0.03367233,-0.9965927,0.07343721,-0.03754902,-2.704525,-0.05534291,-0.123167,-14.01037,0.6707692,-0.3052502,-0.09614378,-0.730136,-0.6765047,-1.618481,0.007796288,-0.3248692,-14.16294,0.7659609,0.1792908,-0.667901,-0.6480895,0.3659077,-3.805017,-0.1047581,-0.1779556,0.1263001
1732482653066,-14.24443,1.529266,-0.03367233,-0.9965927,0.07343721,-0.03754902,0,0,0,-14.01037,0.6707692,-0.3052502,-0.09614378,-0.730136,-0.6765047,0,0,0,-14.16294,0.7659609,0.1792908,-0.667901,-0.6480895,0.3659077,0,0,0,0.1263001
1732482653074,-14.24443,1.529266,-0.03367233,-0.9965927,0.07343721,-0.03754902,0,0,0,-14.01037,0.6707692,-0.3052502,-0.09614378,-0.730136,-0.6765047,0,0,0,-14.16294,0.7659609,0.1792908,-0.667901,-0.6480895,0.3659077,0,0,0,0.1263001
1732482653099,-14.29988,1.527794,-0.03448677,-0.9954799,0.07832605,-0.0537132,-4.158783,-0.110364,-0.06108284,-14.05506,0.6703834,-0.3119621,-0.04032001,-0.7114043,-0.7016261,-3.351974,-0.02893656,-0.503397,-14.29065,0.7599241,0.182066,-0.645681,-0.6525745,0.3965386,-9.577847,-0.4527614,0.2081394,0.1286678
1732482653107,-14.29988,1.527794,-0.03448677,-0.9954799,0.07832605,-0.0537132,0,0,0,-14.05506,0.6703834,-0.3119621,-0.04032001,-0.7114043,-0.7016261,0,0,0,-14.29065,0.7599241,0.182066,-0.645681,-0.6525745,0.3965386,0,0,0,0.1286678
1732482653114,-14.29988,1.527794,-0.03448677,-0.9954799,0.07832605,-0.0537132,0,0,0,-14.05506,0.6703834,-0.3119621,-0.04032001,-0.7114043,-0.7016261,0,0,0,-14.29065,0.7599241,0.182066,-0.645681,-0.6525745,0.3965386,0,0,0,0.1286678
1732482653139,-14.35496,1.530933,-0.0353756,-0.9958395,0.05697704,-0.07111812,-4.131031,0.2354175,-0.06666183,-14.12084,0.6686864,-0.3162327,0.001874238,-0.6918963,-0.7219946,-4.933691,-0.1272753,-0.3202915,-14.3292,0.7558416,0.1925945,-0.5840964,-0.6859353,0.4339634,-2.891636,-0.306192,0.7896423,0.130033
1732482653147,-14.35496,1.530933,-0.0353756,-0.9958395,0.05697704,-0.07111812,0,0,0,-14.12084,0.6686864,-0.3162327,0.001874238,-0.6918963,-0.7219946,0,0,0,-14.3292,0.7558416,0.1925945,-0.5840964,-0.6859353,0.4339634,0,0,0,0.130033
1732482653154,-14.35496,1.530933,-0.0353756,-0.9958395,0.05697704,-0.07111812,0,0,0,-14.12084,0.6686864,-0.3162327,0.001874238,-0.6918963,-0.7219946,0,0,0,-14.3292,0.7558416,0.1925945,-0.5840964,-0.6859353,0.4339634,0,0,0,0.130033
1732482653180,-14.40869,1.532228,-0.03535843,-0.9959773,0.04916395,-0.07491517,-4.030037,0.09716749,0.00128746,-14.20606,0.6657934,-0.3158188,-0.01878762,-0.6824139,-0.730725,-6.391525,-0.2169773,0.0310421,-14.42177,0.7445499,0.2027225,-0.5134867,-0.7329689,0.4461931,-6.942558,-0.8468762,0.7596016,0.130033
1732482653188,-14.40869,1.532228,-0.03535843,-0.9959773,0.04916395,-0.07491517,0,0,0,-14.20606,0.6657934,-0.3158188,-0.01878762,-0.6824139,-0.730725,0,0,0,-14.42177,0.7445499,0.2027225,-0.5134867,-0.7329689,0.4461931,0,0,0,0.130033
1732482653195,-14.40869,1.532228,-0.03535843,-0.9959773,0.04916395,-0.07491517,0,0,0,-14.20606,0.6657934,-0.3158188,-0.01878762,-0.6824139,-0.730725,0,0,0,-14.42177,0.7445499,0.2027225,-0.5134867,-0.7329689,0.4461931,0,0,0,0.130033
1732482653222,-14.46464,1.53995,-0.03479004,-0.9962122,0.05461486,-0.06766546,-4.195976,0.5791426,0.04262924,-14.30665,0.6623178,-0.3121109,-0.0965448,-0.6983041,-0.7092613,-7.544088,-0.2606705,0.2780914,-14.45246,0.7358272,0.2082348,-0.4340568,-0.774414,0.4603019,-2.301979,-0.6541997,0.4134178,0.130033
1732482653230,-14.46464,1.53995,-0.03479004,-0.9962122,0.05461486,-0.06766546,0,0,0,-14.30665,0.6623178,-0.3121109,-0.0965448,-0.6983041,-0.7092613,0,0,0,-14.45246,0.7358272,0.2082348,-0.4340568,-0.774414,0.4603019,0,0,0,0.130033
1732482653237,-14.46464,1.53995,-0.03479004,-0.9962122,0.05461486,-0.06766546,0,0,0,-14.30665,0.6623178,-0.3121109,-0.0965448,-0.6983041,-0.7092613,0,0,0,-14.45246,0.7358272,0.2082348,-0.4340568,-0.774414,0.4603019,0,0,0,0.130033
1732482653264,-14.51961,1.546412,-0.03286743,-0.9960999,0.07222273,-0.05068743,-4.122448,0.4845858,0.1441956,-14.41682,0.6638196,-0.3062458,-0.2358366,-0.6868939,-0.6874291,-8.262634,0.1126349,0.4398823,-14.48639,0.7383772,0.2067299,-0.3907532,-0.8027984,0.4503629,-2.54488,0.191246,-0.1128674,0.130033
1732482653271,-14.51961,1.546412,-0.03286743,-0.9960999,0.07222273,-0.05068743,0,0,0,-14.41682,0.6638196,-0.3062458,-0.2358366,-0.6868939,-0.6874291,0,0,0,-14.48639,0.7383772,0.2067299,-0.3907532,-0.8027984,0.4503629,0,0,0,0.130033
1732482653278,-14.51961,1.546412,-0.03286743,-0.9960999,0.07222273,-0.05068743,0,0,0,-14.41682,0.6638196,-0.3062458,-0.2358366,-0.6868939,-0.6874291,0,0,0,-14.48639,0.7383772,0.2067299,-0.3907532,-0.8027984,0.4503629,0,0,0,0.130033
1732482653305,-14.57347,1.553293,-0.03051376,-0.9980399,0.05512976,-0.02962458,-4.039478,0.5161375,0.1765251,-14.51929,0.6750886,-0.2946434,-0.3960985,-0.6582559,-0.6401608,-7.685566,0.8451775,0.8701801,-14.53596,0.7442179,0.1985092,-0.4091875,-0.8221055,0.3958643,-3.71747,0.4380539,-0.6165504,0.130033
1732482653313,-14.57347,1.553293,-0.03051376,-0.9980399,0.05512976,-0.02962458,0,0,0,-14.51929,0.6750886,-0.2946434,-0.3960985,-0.6582559,-0.6401608,0,0,0,-14.53596,0.7442179,0.1985092,-0.4091875,-0.8221055,0.3958643,0,0,0,0.130033
1732482653320,-14.57347,1.553293,-0.03051376,-0.9980399,0.05512976,-0.02962458,0,0,0,-14.51929,0.6750886,-0.2946434,-0.3960985,-0.6582559,-0.6401608,0,0,0,-14.53596,0.7442179,0.1985092,-0.4091875,-0.8221055,0.3958643,0,0,0,0.130033
1732482653347,-14.62699,1.558442,-0.0266571,-0.9995726,0.0261158,-0.01315796,-4.014015,0.3861666,0.2892494,-14.46838,0.6879467,-0.2911358,-0.5368245,-0.6257186,-0.5659474,3.818321,0.9643614,0.2630711,-14.59643,0.7532774,0.1969471,-0.4072468,-0.8224012,0.3972487,-4.535151,0.6794617,-0.1171589,0.130033
1732482653354,-14.62699,1.558442,-0.0266571,-0.9995726,0.0261158,-0.01315796,0,0,0,-14.46838,0.6879467,-0.2911358,-0.5368245,-0.6257186,-0.5659474,0,0,0,-14.59643,0.7532774,0.1969471,-0.4072468,-0.8224012,0.3972487,0,0,0,0.130033
1732482653362,-14.62699,1.558442,-0.0266571,-0.9995726,0.0261158,-0.01315796,0,0,0,-14.46838,0.6879467,-0.2911358,-0.5368245,-0.6257186,-0.5659474,0,0,0,-14.59643,0.7532774,0.1969471,-0.4072468,-0.8224012,0.3972487,0,0,0,0.130033
1732482653369,-14.62699,1.558442,-0.0266571,-0.9995726,0.0261158,-0.01315796,0,0,0,-14.46838,0.6879467,-0.2911358,-0.5368245,-0.6257186,-0.5659474,0,0,0,-14.59643,0.7532774,0.1969471,-0.4072468,-0.8224012,0.3972487,0,0,0,0.130033
1732482653388,-14.67916,1.560483,-0.02203941,-0.9999524,0.00976583,-0.0004953146,-3.912735,0.1530737,0.3463268,-14.55688,0.7042995,-0.2625122,-0.7870131,-0.5600212,-0.2588191,-6.637144,1.226458,2.146769,-14.64959,0.7580825,0.2037582,-0.3744025,-0.8276018,0.4182087,-3.987122,0.3603861,0.5108356,0.130033
1732482653396,-14.67916,1.560483,-0.02203941,-0.9999524,0.00976583,-0.0004953146,0,0,0,-14.55688,0.7042995,-0.2625122,-0.7870131,-0.5600212,-0.2588191,0,0,0,-14.64959,0.7580825,0.2037582,-0.3744025,-0.8276018,0.4182087,0,0,0,0.130033
1732482653403,-14.67916,1.560483,-0.02203941,-0.9999524,0.00976583,-0.0004953146,0,0,0,-14.55688,0.7042995,-0.2625122,-0.7870131,-0.5600212,-0.2588191,0,0,0,-14.64959,0.7580825,0.2037582,-0.3744025,-0.8276018,0.4182087,0,0,0,0.130033
1732482653430,-14.73003,1.558382,-0.01682281,-0.9998279,0.01072664,0.01514924,-3.815889,-0.1575708,0.3912449,-14.77672,0.7317881,-0.1289883,-0.9161851,-0.3970892,-0.05408573,-16.48808,2.061644,10.0143,-14.69845,0.7554364,0.2128124,-0.3490764,-0.8247212,0.4449502,-3.664398,-0.1984566,0.6790638,0.130033
1732482653438,-14.73003,1.558382,-0.01682281,-0.9998279,0.01072664,0.01514924,0,0,0,-14.77672,0.7317881,-0.1289883,-0.9161851,-0.3970892,-0.05408573,0,0,0,-14.69845,0.7554364,0.2128124,-0.3490764,-0.8247212,0.4449502,0,0,0,0.130033
1732482653445,-14.73003,1.558382,-0.01682281,-0.9998279,0.01072664,0.01514924,0,0,0,-14.77672,0.7317881,-0.1289883,-0.9161851,-0.3970892,-0.05408573,0,0,0,-14.69845,0.7554364,0.2128124,-0.3490764,-0.8247212,0.4449502,0,0,0,0.130033
1732482653472,-14.78134,1.55097,-0.01196671,-0.9992865,0.01976466,0.03219295,-3.847647,-0.5559236,0.3642082,-14.83941,0.7543177,-0.09991264,-0.9229693,-0.3573875,-0.1428363,-4.701805,1.68972,2.180672,-14.74466,0.7456945,0.2217083,-0.318684,-0.8218583,0.4722178,-3.465557,-0.7306471,0.6671906,0.130033
1732482653479,-14.78134,1.55097,-0.01196671,-0.9992865,0.01976466,0.03219295,0,0,0,-14.83941,0.7543177,-0.09991264,-0.9229693,-0.3573875,-0.1428363,0,0,0,-14.74466,0.7456945,0.2217083,-0.318684,-0.8218583,0.4722178,0,0,0,0.130033
1732482653487,-14.78134,1.55097,-0.01196671,-0.9992865,0.01976466,0.03219295,0,0,0,-14.83941,0.7543177,-0.09991264,-0.9229693,-0.3573875,-0.1428363,0,0,0,-14.74466,0.7456945,0.2217083,-0.318684,-0.8218583,0.4722178,0,0,0,0.130033
1732482653514,-14.83275,1.538952,-0.007514954,-0.9986132,0.02131274,0.0481447,-3.855801,-0.9013295,0.3338814,-14.89876,0.7695046,-0.09737206,-0.9358135,-0.2942303,-0.194119,-4.45118,1.139018,0.1905441,-14.78913,0.7312096,0.2295341,-0.2789952,-0.8226462,0.4953938,-3.335667,-1.086366,0.5869389,0.130033
1732482653522,-14.83275,1.538952,-0.007514954,-0.9986132,0.02131274,0.0481447,0,0,0,-14.89876,0.7695046,-0.09737206,-0.9358135,-0.2942303,-0.194119,0,0,0,-14.78913,0.7312096,0.2295341,-0.2789952,-0.8226462,0.4953938,0,0,0,0.130033
1732482653529,-14.83275,1.538952,-0.007514954,-0.9986132,0.02131274,0.0481447,0,0,0,-14.89876,0.7695046,-0.09737206,-0.9358135,-0.2942303,-0.194119,0,0,0,-14.78913,0.7312096,0.2295341,-0.2789952,-0.8226462,0.4953938,0,0,0,0.130033
1732482653555,-14.88464,1.524656,-0.002674103,-0.9977662,0.02689163,0.06115603,-3.89185,-1.072249,0.3630638,-15.05707,0.7795958,-0.1221962,-0.9658423,-0.1939728,-0.1718242,-11.87339,0.7568389,-1.861811,-14.8341,0.7140747,0.2382565,-0.2412766,-0.8184147,0.52152,-3.372574,-1.285118,0.6541729,0.130033
1732482653563,-14.88464,1.524656,-0.002674103,-0.9977662,0.02689163,0.06115603,0,0,0,-15.05707,0.7795958,-0.1221962,-0.9658423,-0.1939728,-0.1718242,0,0,0,-14.8341,0.7140747,0.2382565,-0.2412766,-0.8184147,0.52152,0,0,0,0.130033
1732482653570,-14.88464,1.524656,-0.002674103,-0.9977662,0.02689163,0.06115603,0,0,0,-15.05707,0.7795958,-0.1221962,-0.9658423,-0.1939728,-0.1718242,0,0,0,-14.8341,0.7140747,0.2382565,-0.2412766,-0.8184147,0.52152,0,0,0,0.130033
1732482653597,-14.93736,1.52837,0.001811981,-0.9976661,0.02102343,0.06496727,-3.954506,0.27861,0.3364563,-15.13665,0.773005,-0.1910496,-0.9759356,-0.1146497,-0.1854874,-5.968666,-0.4943088,-5.164003,-14.88152,0.7132194,0.2468777,-0.2068904,-0.8115384,0.5464448,-3.556538,-0.06414503,0.6465912,0.143177
1732482653605,-14.93736,1.52837,0.001811981,-0.9976661,0.02102343,0.06496727,0,0,0,-15.13665,0.773005,-0.1910496,-0.9759356,-0.1146497,-0.1854874,0,0,0,-14.88152,0.7132194,0.2468777,-0.2068904,-0.8115384,0.5464448,0,0,0,0.143177
1732482653612,-14.93736,1.52837,0.001811981,-0.9976661,0.02102343,0.06496727,0,0,0,-15.13665,0.773005,-0.1910496,-0.9759356,-0.1146497,-0.1854874,0,0,0,-14.88152,0.7132194,0.2468777,-0.2068904,-0.8115384,0.5464448,0,0,0,0.143177
1732482653638,-14.99077,1.528467,0.006084442,-0.9978682,0.008873982,0.06465977,-4.005718,0.007224083,0.3204346,-15.21874,0.7897723,-0.1796894,-0.946942,-0.09538543,-0.3069254,-6.156635,1.257549,0.8520126,-14.93253,0.7145602,0.2528477,-0.1854468,-0.8142105,0.5501555,-3.825331,0.100556,0.4477501,0.1485562
1732482653645,-14.99077,1.528467,0.006084442,-0.9978682,0.008873982,0.06465977,0,0,0,-15.21874,0.7897723,-0.1796894,-0.946942,-0.09538543,-0.3069254,0,0,0,-14.93253,0.7145602,0.2528477,-0.1854468,-0.8142105,0.5501555,0,0,0,0.1485562
1732482653652,-14.99077,1.528467,0.006084442,-0.9978682,0.008873982,0.06465977,0,0,0,-15.21874,0.7897723,-0.1796894,-0.946942,-0.09538543,-0.3069254,0,0,0,-14.93253,0.7145602,0.2528477,-0.1854468,-0.8142105,0.5501555,0,0,0,0.1485562
1732482653680,-15.04459,1.531202,0.009992599,-0.9981814,-0.01163388,0.05915242,-4.036331,0.2051711,0.2931118,-15.3054,0.8092031,-0.1533623,-0.8978478,-0.1559682,-0.4117568,-6.4991,1.457311,1.974535,-14.91856,0.709698,0.2519684,-0.2020393,-0.8145457,0.543779,1.047564,-0.3646597,-0.06594658,0.150527
1732482653688,-15.04459,1.531202,0.009992599,-0.9981814,-0.01163388,0.05915242,0,0,0,-15.3054,0.8092031,-0.1533623,-0.8978478,-0.1559682,-0.4117568,0,0,0,-14.91856,0.709698,0.2519684,-0.2020393,-0.8145457,0.543779,0,0,0,0.150527
1732482653695,-15.04459,1.531202,0.009992599,-0.9981814,-0.01163388,0.05915242,0,0,0,-15.3054,0.8092031,-0.1533623,-0.8978478,-0.1559682,-0.4117568,0,0,0,-14.91856,0.709698,0.2519684,-0.2020393,-0.8145457,0.543779,0,0,0,0.150527
1732482653702,-15.04459,1.531202,0.009992599,-0.9981814,-0.01163388,0.05915242,0,0,0,-15.3054,0.8092031,-0.1533623,-0.8978478,-0.1559682,-0.4117568,0,0,0,-14.91856,0.709698,0.2519684,-0.2020393,-0.8145457,0.543779,0,0,0,0.150527
1732482653721,-15.0974,1.534086,0.01457214,-0.9988417,-0.01069525,0.04691648,-3.9608,0.2163112,0.3434658,-15.33989,0.7940297,-0.1536732,-0.8632157,-0.2213076,-0.4537425,-2.586651,-1.138008,-0.02331734,-14.9722,0.7091984,0.2595406,-0.2045924,-0.8143349,0.5431396,-4.023027,-0.03747493,0.5679131,0.150527
1732482653729,-15.0974,1.534086,0.01457214,-0.9988417,-0.01069525,0.04691648,0,0,0,-15.33989,0.7940297,-0.1536732,-0.8632157,-0.2213076,-0.4537425,0,0,0,-14.9722,0.7091984,0.2595406,-0.2045924,-0.8143349,0.5431396,0,0,0,0.150527
1732482653736,-15.0974,1.534086,0.01457214,-0.9988417,-0.01069525,0.04691648,0,0,0,-15.33989,0.7940297,-0.1536732,-0.8632157,-0.2213076,-0.4537425,0,0,0,-14.9722,0.7091984,0.2595406,-0.2045924,-0.8143349,0.5431396,0,0,0,0.150527
1732482653763,-15.15007,1.536439,0.01667023,-0.9990929,0.01365951,0.04033762,-3.949928,0.1764715,0.1573563,-15.36013,0.7706099,-0.1522446,-0.840249,-0.29486,-0.4550161,-1.518059,-1.756485,0.1071453,-15.02616,0.713078,0.2641277,-0.2389405,-0.8072692,0.5396516,-4.04706,0.2909705,0.344038,0.150527
1732482653771,-15.15007,1.536439,0.01667023,-0.9990929,0.01365951,0.04033762,0,0,0,-15.36013,0.7706099,-0.1522446,-0.840249,-0.29486,-0.4550161,0,0,0,-15.02616,0.713078,0.2641277,-0.2389405,-0.8072692,0.5396516,0,0,0,0.150527
1732482653779,-15.15007,1.536439,0.01667023,-0.9990929,0.01365951,0.04033762,0,0,0,-15.36013,0.7706099,-0.1522446,-0.840249,-0.29486,-0.4550161,0,0,0,-15.02616,0.713078,0.2641277,-0.2389405,-0.8072692,0.5396516,0,0,0,0.150527
1732482653805,-15.20313,1.545222,0.01885223,-0.9986833,0.03371248,0.03867227,-3.979969,0.6587058,0.1636505,-15.36828,0.7444993,-0.1483421,-0.8446057,-0.3584111,-0.3977221,-0.6114006,-1.958299,0.2926826,-15.09291,0.7209611,0.2686005,-0.2941934,-0.7816758,0.5499394,-5.006361,0.5912349,0.3354549,0.150527
1732482653814,-15.20313,1.545222,0.01885223,-0.9986833,0.03371248,0.03867227,0,0,0,-15.36828,0.7444993,-0.1483421,-0.8446057,-0.3584111,-0.3977221,0,0,0,-15.09291,0.7209611,0.2686005,-0.2941934,-0.7816758,0.5499394,0,0,0,0.150527
1732482653821,-15.20313,1.545222,0.01885223,-0.9986833,0.03371248,0.03867227,0,0,0,-15.36828,0.7444993,-0.1483421,-0.8446057,-0.3584111,-0.3977221,0,0,0,-15.09291,0.7209611,0.2686005,-0.2941934,-0.7816758,0.5499394,0,0,0,0.150527
1732482653845,-15.2538,1.553886,0.02172852,-0.9988562,0.02679389,0.03961074,-3.799868,0.649783,0.2157211,-15.36357,0.7309363,-0.1519947,-0.8441244,-0.4153229,-0.3390591,0.3531933,-1.017219,-0.2739429,-15.15482,0.7317201,0.2714481,-0.3521178,-0.7635627,0.5412812,-4.643154,0.8069247,0.2135754,0.150527
1732482653854,-15.2538,1.553886,0.02172852,-0.9988562,0.02679389,0.03961074,0,0,0,-15.36357,0.7309363,-0.1519947,-0.8441244,-0.4153229,-0.3390591,0,0,0,-15.15482,0.7317201,0.2714481,-0.3521178,-0.7635627,0.5412812,0,0,0,0.150527
1732482653861,-15.2538,1.553886,0.02172852,-0.9988562,0.02679389,0.03961074,0,0,0,-15.36357,0.7309363,-0.1519947,-0.8441244,-0.4153229,-0.3390591,0,0,0,-15.15482,0.7317201,0.2714481,-0.3521178,-0.7635627,0.5412812,0,0,0,0.150527
1732482653886,-15.30499,1.559972,0.02420235,-0.9991763,0.009117812,0.03954756,-3.838921,0.4564315,0.1855373,-15.35689,0.7230481,-0.1601181,-0.7892971,-0.5145187,-0.3350835,0.5012512,-0.5916193,-0.6092548,-15.2156,0.7440193,0.2691307,-0.4316375,-0.7491187,0.5025042,-4.558325,0.9224385,-0.1738071,0.150527
1732482653895,-15.30499,1.559972,0.02420235,-0.9991763,0.009117812,0.03954756,0,0,0,-15.35689,0.7230481,-0.1601181,-0.7892971,-0.5145187,-0.3350835,0,0,0,-15.2156,0.7440193,0.2691307,-0.4316375,-0.7491187,0.5025042,0,0,0,0.150527
1732482653903,-15.30499,1.559972,0.02420235,-0.9991763,0.009117812,0.03954756,0,0,0,-15.35689,0.7230481,-0.1601181,-0.7892971,-0.5145187,-0.3350835,0,0,0,-15.2156,0.7440193,0.2691307,-0.4316375,-0.7491187,0.5025042,0,0,0,0.150527
1732482653928,-15.35565,1.56208,0.02581787,-0.9994085,0.0003424156,0.03439629,-3.799868,0.158152,0.1211643,-15.35482,0.7199476,-0.1708717,-0.6642459,-0.6350299,-0.3943541,0.1550674,-0.2325341,-0.8065224,-15.27902,0.7553443,0.2601738,-0.4937942,-0.7476332,0.4440857,-4.756594,0.8493796,-0.6717682,0.150527
1732482653936,-15.35565,1.56208,0.02581787,-0.9994085,0.0003424156,0.03439629,0,0,0,-15.35482,0.7199476,-0.1708717,-0.6642459,-0.6350299,-0.3943541,0,0,0,-15.27902,0.7553443,0.2601738,-0.4937942,-0.7476332,0.4440857,0,0,0,0.150527
1732482653944,-15.35565,1.56208,0.02581787,-0.9994085,0.0003424156,0.03439629,0,0,0,-15.35482,0.7199476,-0.1708717,-0.6642459,-0.6350299,-0.3943541,0,0,0,-15.27902,0.7553443,0.2601738,-0.4937942,-0.7476332,0.4440857,0,0,0,0.150527
1732482653970,-15.40621,1.558528,0.0261097,-0.9995347,0.01779067,0.02479059,-3.792143,-0.266397,0.02188683,-15.36031,0.7128217,-0.1848392,-0.5664459,-0.6823642,-0.4620807,-0.4115582,-0.5344436,-1.047564,-15.34266,0.7630987,0.2524471,-0.5273493,-0.7334276,0.4289372,-4.772902,0.5815744,-0.5795002,0.150527
1732482653978,-15.40621,1.558528,0.0261097,-0.9995347,0.01779067,0.02479059,0,0,0,-15.36031,0.7128217,-0.1848392,-0.5664459,-0.6823642,-0.4620807,0,0,0,-15.34266,0.7630987,0.2524471,-0.5273493,-0.7334276,0.4289372,0,0,0,0.150527
1732482653985,-15.40621,1.558528,0.0261097,-0.9995347,0.01779067,0.02479059,0,0,0,-15.36031,0.7128217,-0.1848392,-0.5664459,-0.6823642,-0.4620807,0,0,0,-15.34266,0.7630987,0.2524471,-0.5273493,-0.7334276,0.4289372,0,0,0,0.150527
1732482654011,-15.45824,1.550755,0.02694702,-0.9993307,0.03219853,0.01737177,-3.902292,-0.583005,0.06279945,-15.36746,0.7010099,-0.201807,-0.499634,-0.6679406,-0.5515633,-0.5364418,-0.8858845,-1.272583,-15.40251,0.7668867,0.2503529,-0.575743,-0.7039717,0.4158654,-4.488945,0.2840996,-0.1570702,0.150527
1732482654019,-15.45824,1.550755,0.02694702,-0.9993307,0.03219853,0.01737177,0,0,0,-15.36746,0.7010099,-0.201807,-0.499634,-0.6679406,-0.5515633,0,0,0,-15.40251,0.7668867,0.2503529,-0.575743,-0.7039717,0.4158654,0,0,0,0.150527
1732482654027,-15.45824,1.550755,0.02694702,-0.9993307,0.03219853,0.01737177,0,0,0,-15.36746,0.7010099,-0.201807,-0.499634,-0.6679406,-0.5515633,0,0,0,-15.40251,0.7668867,0.2503529,-0.575743,-0.7039717,0.4158654,0,0,0,0.150527
1732482654035,-15.45824,1.550755,0.02694702,-0.9993307,0.03219853,0.01737177,0,0,0,-15.36746,0.7010099,-0.201807,-0.499634,-0.6679406,-0.5515633,0,0,0,-15.40251,0.7668867,0.2503529,-0.575743,-0.7039717,0.4158654,0,0,0,0.150527
1732482654053,-15.51031,1.540042,0.02783585,-0.9988986,0.04404963,0.01618153,-3.905439,-0.8034736,0.06666183,-15.37646,0.6907818,-0.2181644,-0.4049745,-0.6504753,-0.6425557,-0.6747723,-0.7671118,-1.226807,-15.46459,0.768213,0.2477512,-0.6285167,-0.6677653,0.3988189,-4.656172,0.09947419,-0.1951218,0.150527
1732482654061,-15.51031,1.540042,0.02783585,-0.9988986,0.04404963,0.01618153,0,0,0,-15.37646,0.6907818,-0.2181644,-0.4049745,-0.6504753,-0.6425557,0,0,0,-15.46459,0.768213,0.2477512,-0.6285167,-0.6677653,0.3988189,0,0,0,0.150527
1732482654069,-15.51031,1.540042,0.02783585,-0.9988986,0.04404963,0.01618153,0,0,0,-15.37646,0.6907818,-0.2181644,-0.4049745,-0.6504753,-0.6425557,0,0,0,-15.46459,0.768213,0.2477512,-0.6285167,-0.6677653,0.3988189,0,0,0,0.150527
1732482654094,-15.56345,1.527963,0.02933311,-0.9987754,0.04553335,0.01935941,-3.985262,-0.905934,0.1122952,-15.3873,0.6851835,-0.2285156,-0.2676333,-0.6701208,-0.6923229,-0.8135319,-0.4198685,-0.7763386,-15.52613,0.7656869,0.246172,-0.6544322,-0.6513369,0.3840297,-4.615688,-0.1894534,-0.1184464,0.150527
1732482654102,-15.56345,1.527963,0.02933311,-0.9987754,0.04553335,0.01935941,0,0,0,-15.3873,0.6851835,-0.2285156,-0.2676333,-0.6701208,-0.6923229,0,0,0,-15.52613,0.7656869,0.246172,-0.6544322,-0.6513369,0.3840297,0,0,0,0.150527
1732482654109,-15.56345,1.527963,0.02933311,-0.9987754,0.04553335,0.01935941,0,0,0,-15.3873,0.6851835,-0.2285156,-0.2676333,-0.6701208,-0.6923229,0,0,0,-15.52613,0.7656869,0.246172,-0.6544322,-0.6513369,0.3840297,0,0,0,0.150527
1732482654136,-15.61724,1.528103,0.03058243,-0.9993131,0.02986322,0.02195185,-4.034042,0.01049638,0.0936985,-15.40551,0.690927,-0.2361031,-0.17585,-0.6745292,-0.7169991,-1.36528,0.4307628,-0.5690575,-15.58383,0.7692291,0.2453327,-0.6587881,-0.6473128,0.3833858,-4.327297,0.2656639,-0.0629425,0.1602638
1732482654144,-15.61724,1.528103,0.03058243,-0.9993131,0.02986322,0.02195185,0,0,0,-15.40551,0.690927,-0.2361031,-0.17585,-0.6745292,-0.7169991,0,0,0,-15.58383,0.7692291,0.2453327,-0.6587881,-0.6473128,0.3833858,0,0,0,0.1602638
1732482654152,-15.61724,1.528103,0.03058243,-0.9993131,0.02986322,0.02195185,0,0,0,-15.40551,0.690927,-0.2361031,-0.17585,-0.6745292,-0.7169991,0,0,0,-15.58383,0.7692291,0.2453327,-0.6587881,-0.6473128,0.3833858,0,0,0,0.1602638
1732482654178,-15.67243,1.530155,0.03152084,-0.999439,0.02708015,0.01971942,-4.139614,0.1538962,0.07038116,-15.43978,0.6955054,-0.2445259,-0.1428452,-0.6563978,-0.7407682,-2.570486,0.3433764,-0.6317139,-15.71322,0.7578508,0.2486687,-0.6380004,-0.6521003,0.4095374,-9.704447,-0.8533716,0.2501965,0.1645181
1732482654186,-15.67243,1.530155,0.03152084,-0.999439,0.02708015,0.01971942,0,0,0,-15.43978,0.6955054,-0.2445259,-0.1428452,-0.6563978,-0.7407682,0,0,0,-15.71322,0.7578508,0.2486687,-0.6380004,-0.6521003,0.4095374,0,0,0,0.1645181
1732482654193,-15.67243,1.530155,0.03152084,-0.999439,0.02708015,0.01971942,0,0,0,-15.43978,0.6955054,-0.2445259,-0.1428452,-0.6563978,-0.7407682,0,0,0,-15.71322,0.7578508,0.2486687,-0.6380004,-0.6521003,0.4095374,0,0,0,0.1645181
1732482654220,-15.72763,1.53398,0.03127861,-0.9997824,0.0132834,0.0160954,-4.139614,0.2869248,-0.0181675,-15.49535,0.7005362,-0.2515068,-0.01112118,-0.6473401,-0.7621206,-4.167652,0.3773108,-0.5235672,-15.74893,0.7354474,0.2595387,-0.5808138,-0.6917263,0.4291508,-2.677774,-1.680256,0.8152485,0.1645181
1732482654227,-15.72763,1.53398,0.03127861,-0.9997824,0.0132834,0.0160954,0,0,0,-15.49535,0.7005362,-0.2515068,-0.01112118,-0.6473401,-0.7621206,0,0,0,-15.74893,0.7354474,0.2595387,-0.5808138,-0.6917263,0.4291508,0,0,0,0.1645181
1732482654234,-15.72763,1.53398,0.03127861,-0.9997824,0.0132834,0.0160954,0,0,0,-15.49535,0.7005362,-0.2515068,-0.01112118,-0.6473401,-0.7621206,0,0,0,-15.74893,0.7354474,0.2595387,-0.5808138,-0.6917263,0.4291508,0,0,0,0.1645181
1732482654261,-15.78246,1.540464,0.03069878,-0.9999449,0.003990377,0.0097242,-4.112291,0.4862577,-0.04348755,-15.57313,0.7047232,-0.2517605,0.01348895,-0.6422419,-0.7663836,-5.83334,0.3140241,-0.0190258,-15.78581,0.7153215,0.2630043,-0.5161996,-0.7481154,0.4169672,-2.765894,-1.50944,0.2599239,0.1645181
1732482654269,-15.78246,1.540464,0.03069878,-0.9999449,0.003990377,0.0097242,0,0,0,-15.57313,0.7047232,-0.2517605,0.01348895,-0.6422419,-0.7663836,0,0,0,-15.78581,0.7153215,0.2630043,-0.5161996,-0.7481154,0.4169672,0,0,0,0.1645181
1732482654277,-15.78246,1.540464,0.03069878,-0.9999449,0.003990377,0.0097242,0,0,0,-15.57313,0.7047232,-0.2517605,0.01348895,-0.6422419,-0.7663836,0,0,0,-15.78581,0.7153215,0.2630043,-0.5161996,-0.7481154,0.4169672,0,0,0,0.1645181
1732482654303,-15.83653,1.548143,0.03042793,-0.9999526,0.008491127,0.004829228,-4.055071,0.5759597,-0.02031326,-15.66531,0.7059527,-0.2489338,-0.07988763,-0.6610045,-0.7461176,-6.914091,0.09221435,0.2120018,-15.8188,0.7173781,0.2623577,-0.4545532,-0.7858198,0.4193669,-2.474213,0.1542449,-0.04849434,0.1645181
1732482654311,-15.83653,1.548143,0.03042793,-0.9999526,0.008491127,0.004829228,0,0,0,-15.66531,0.7059527,-0.2489338,-0.07988763,-0.6610045,-0.7461176,0,0,0,-15.8188,0.7173781,0.2623577,-0.4545532,-0.7858198,0.4193669,0,0,0,0.1645181
1732482654318,-15.83653,1.548143,0.03042793,-0.9999526,0.008491127,0.004829228,0,0,0,-15.66531,0.7059527,-0.2489338,-0.07988763,-0.6610045,-0.7461176,0,0,0,-15.8188,0.7173781,0.2623577,-0.4545532,-0.7858198,0.4193669,0,0,0,0.1645181
1732482654345,-15.89059,1.558014,0.03093529,-0.9994686,0.03159086,0.008050501,-4.054499,0.7402718,0.03805161,-15.76032,0.7111621,-0.2449989,-0.2223412,-0.6524225,-0.7245065,-7.125807,0.390704,0.2951145,-15.864,0.7253865,0.2585926,-0.4476887,-0.7967245,0.4059619,-3.390598,0.6006271,-0.282383,0.1645181
1732482654353,-15.89059,1.558014,0.03093529,-0.9994686,0.03159086,0.008050501,0,0,0,-15.76032,0.7111621,-0.2449989,-0.2223412,-0.6524225,-0.7245065,0,0,0,-15.864,0.7253865,0.2585926,-0.4476887,-0.7967245,0.4059619,0,0,0,0.1645181
1732482654360,-15.89059,1.558014,0.03093529,-0.9994686,0.03159086,0.008050501,0,0,0,-15.76032,0.7111621,-0.2449989,-0.2223412,-0.6524225,-0.7245065,0,0,0,-15.864,0.7253865,0.2585926,-0.4476887,-0.7967245,0.4059619,0,0,0,0.1645181
1732482654387,-15.94358,1.567821,0.03275871,-0.9993479,0.03367886,0.01303995,-3.97439,0.7355511,0.1367569,-15.72118,0.7216994,-0.2400341,-0.3654374,-0.6309748,-0.6843443,2.935839,0.790295,0.3723621,-15.92197,0.7374823,0.2539921,-0.4592819,-0.8004087,0.3852355,-4.347754,0.9071857,-0.3450394,0.1645181
1732482654394,-15.94358,1.567821,0.03275871,-0.9993479,0.03367886,0.01303995,0,0,0,-15.72118,0.7216994,-0.2400341,-0.3654374,-0.6309748,-0.6843443,0,0,0,-15.92197,0.7374823,0.2539921,-0.4592819,-0.8004087,0.3852355,0,0,0,0.1645181
1732482654402,-15.94358,1.567821,0.03275871,-0.9993479,0.03367886,0.01303995,0,0,0,-15.72118,0.7216994,-0.2400341,-0.3654374,-0.6309748,-0.6843443,0,0,0,-15.92197,0.7374823,0.2539921,-0.4592819,-0.8004087,0.3852355,0,0,0,0.1645181
1732482654410,-15.94358,1.567821,0.03275871,-0.9993479,0.03367886,0.01303995,0,0,0,-15.72118,0.7216994,-0.2400341,-0.3654374,-0.6309748,-0.6843443,0,0,0,-15.92197,0.7374823,0.2539921,-0.4592819,-0.8004087,0.3852355,0,0,0,0.1645181
1732482654428,-15.99604,1.575088,0.03546524,-0.9995047,0.02662745,0.01677859,-3.934336,0.5449891,0.2029896,-15.8011,0.7369155,-0.2257385,-0.5081741,-0.6148495,-0.6030917,-5.993986,1.141213,1.072168,-15.98107,0.7489901,0.2556019,-0.4457612,-0.8017283,0.3981569,-4.432154,0.8630857,0.1207352,0.1645181
1732482654436,-15.99604,1.575088,0.03546524,-0.9995047,0.02662745,0.01677859,0,0,0,-15.8011,0.7369155,-0.2257385,-0.5081741,-0.6148495,-0.6030917,0,0,0,-15.98107,0.7489901,0.2556019,-0.4457612,-0.8017283,0.3981569,0,0,0,0.1645181
1732482654443,-15.99604,1.575088,0.03546524,-0.9995047,0.02662745,0.01677859,0,0,0,-15.8011,0.7369155,-0.2257385,-0.5081741,-0.6148495,-0.6030917,0,0,0,-15.98107,0.7489901,0.2556019,-0.4457612,-0.8017283,0.3981569,0,0,0,0.1645181
1732482654470,-16.04751,1.576749,0.03867531,-0.9994932,0.02436272,0.02049476,-3.860807,0.1246154,0.2407551,-15.8812,0.7523914,-0.2040997,-0.6481059,-0.5790179,-0.4946691,-6.007719,1.16069,1.622915,-16.03496,0.7540739,0.2593765,-0.4403458,-0.8031833,0.4012386,-4.04191,0.3812805,0.2830982,0.1645181
1732482654477,-16.04751,1.576749,0.03867531,-0.9994932,0.02436272,0.02049476,0,0,0,-15.8812,0.7523914,-0.2040997,-0.6481059,-0.5790179,-0.4946691,0,0,0,-16.03496,0.7540739,0.2593765,-0.4403458,-0.8031833,0.4012386,0,0,0,0.1645181
1732482654485,-16.04751,1.576749,0.03867531,-0.9994932,0.02436272,0.02049476,0,0,0,-15.8812,0.7523914,-0.2040997,-0.6481059,-0.5790179,-0.4946691,0,0,0,-16.03496,0.7540739,0.2593765,-0.4403458,-0.8031833,0.4012386,0,0,0,0.1645181
1732482654511,-16.09809,1.574634,0.04136086,-0.9992987,0.02717075,0.02577025,-3.793144,-0.1586616,0.201416,-15.95835,0.7688588,-0.1765156,-0.8146334,-0.481508,-0.3233004,-5.786133,1.235054,2.068806,-16.08545,0.7502028,0.2646694,-0.4245438,-0.8017513,0.4206635,-3.786278,-0.2903268,0.3969669,0.1645181
1732482654519,-16.09809,1.574634,0.04136086,-0.9992987,0.02717075,0.02577025,0,0,0,-15.95835,0.7688588,-0.1765156,-0.8146334,-0.481508,-0.3233004,0,0,0,-16.08545,0.7502028,0.2646694,-0.4245438,-0.8017513,0.4206635,0,0,0,0.1645181
1732482654527,-16.09809,1.574634,0.04136086,-0.9992987,0.02717075,0.02577025,0,0,0,-15.95835,0.7688588,-0.1765156,-0.8146334,-0.481508,-0.3233004,0,0,0,-16.08545,0.7502028,0.2646694,-0.4245438,-0.8017513,0.4206635,0,0,0,0.1645181
1732482654553,-16.14902,1.567906,0.0442543,-0.9989216,0.02894878,0.03630364,-3.819895,-0.5045593,0.2170086,-16.03839,0.7892962,-0.139719,-0.8965685,-0.3920822,-0.2060016,-6.002998,1.532806,2.759743,-16.13247,0.7404729,0.2722359,-0.3912351,-0.8026139,0.4502737,-3.527069,-0.7297486,0.5674839,0.1645181
1732482654560,-16.14902,1.567906,0.0442543,-0.9989216,0.02894878,0.03630364,0,0,0,-16.03839,0.7892962,-0.139719,-0.8965685,-0.3920822,-0.2060016,0,0,0,-16.13247,0.7404729,0.2722359,-0.3912351,-0.8026139,0.4502737,0,0,0,0.1645181
1732482654567,-16.14902,1.567906,0.0442543,-0.9989216,0.02894878,0.03630364,0,0,0,-16.03839,0.7892962,-0.139719,-0.8965685,-0.3920822,-0.2060016,0,0,0,-16.13247,0.7404729,0.2722359,-0.3912351,-0.8026139,0.4502737,0,0,0,0.1645181
1732482654594,-16.20046,1.558861,0.04722977,-0.9982109,0.03383557,0.04930192,-3.858232,-0.6783664,0.2231598,-16.10468,0.8071737,-0.1162014,-0.9407226,-0.2916036,-0.1732301,-4.971313,1.340809,1.763821,-16.17478,0.7267584,0.2800732,-0.3372491,-0.8096576,0.4803309,-3.172731,-1.028587,0.5877972,0.1645181
1732482654602,-16.20046,1.558861,0.04722977,-0.9982109,0.03383557,0.04930192,0,0,0,-16.10468,0.8071737,-0.1162014,-0.9407226,-0.2916036,-0.1732301,0,0,0,-16.17478,0.7267584,0.2800732,-0.3372491,-0.8096576,0.4803309,0,0,0,0.1645181
1732482654609,-16.20046,1.558861,0.04722977,-0.9982109,0.03383557,0.04930192,0,0,0,-16.10468,0.8071737,-0.1162014,-0.9407226,-0.2916036,-0.1732301,0,0,0,-16.17478,0.7267584,0.2800732,-0.3372491,-0.8096576,0.4803309,0,0,0,0.1645181
1732482654636,-16.25158,1.545399,0.05166245,-0.9974641,0.03315786,0.06297749,-3.833485,-1.009637,0.3324509,-16.16458,0.8218173,-0.100193,-0.9666632,-0.2053169,-0.1529957,-4.49295,1.098275,1.200628,-16.21445,0.7102899,0.2887306,-0.2716743,-0.8209395,0.5022466,-2.975178,-1.235135,0.6493092,0.1645181
1732482654644,-16.25158,1.545399,0.05166245,-0.9974641,0.03315786,0.06297749,0,0,0,-16.16458,0.8218173,-0.100193,-0.9666632,-0.2053169,-0.1529957,0,0,0,-16.21445,0.7102899,0.2887306,-0.2716743,-0.8209395,0.5022466,0,0,0,0.1645181
1732482654651,-16.25158,1.545399,0.05166245,-0.9974641,0.03315786,0.06297749,0,0,0,-16.16458,0.8218173,-0.100193,-0.9666632,-0.2053169,-0.1529957,0,0,0,-16.21445,0.7102899,0.2887306,-0.2716743,-0.8209395,0.5022466,0,0,0,0.1645181
1732482654677,-16.30368,1.534944,0.05586052,-0.9968471,0.02099439,0.07652205,-3.907585,-0.7841349,0.3148556,-16.21987,0.8306146,-0.09112358,-0.974654,-0.1452303,-0.1701713,-4.146767,0.6597921,0.6802082,-16.25636,0.6922674,0.2944794,-0.2397459,-0.8223536,0.5160006,-3.143549,-1.351686,0.4311562,0.1645181
1732482654685,-16.30368,1.534944,0.05586052,-0.9968471,0.02099439,0.07652205,0,0,0,-16.21987,0.8306146,-0.09112358,-0.974654,-0.1452303,-0.1701713,0,0,0,-16.25636,0.6922674,0.2944794,-0.2397459,-0.8223536,0.5160006,0,0,0,0.1645181
1732482654692,-16.30368,1.534944,0.05586052,-0.9968471,0.02099439,0.07652205,0,0,0,-16.21987,0.8306146,-0.09112358,-0.974654,-0.1452303,-0.1701713,0,0,0,-16.25636,0.6922674,0.2944794,-0.2397459,-0.8223536,0.5160006,0,0,0,0.1645181
1732482654719,-16.35696,1.531959,0.0606041,-0.9958721,0.02446636,0.08741069,-3.996277,-0.2238661,0.3557682,-16.51982,0.6825022,-0.1277122,-0.9548033,-0.08914074,-0.2835577,-22.49651,-11.10843,-2.74415,-16.30992,0.6850173,0.2981091,-0.2443413,-0.8241817,0.5109032,-4.017305,-0.5437598,0.2722263,0.1645181
1732482654727,-16.35696,1.531959,0.0606041,-0.9958721,0.02446636,0.08741069,0,0,0,-16.51982,0.6825022,-0.1277122,-0.9548033,-0.08914074,-0.2835577,0,0,0,-16.30992,0.6850173,0.2981091,-0.2443413,-0.8241817,0.5109032,0,0,0,0.1645181
1732482654734,-16.35696,1.531959,0.0606041,-0.9958721,0.02446636,0.08741069,0,0,0,-16.51982,0.6825022,-0.1277122,-0.9548033,-0.08914074,-0.2835577,0,0,0,-16.30992,0.6850173,0.2981091,-0.2443413,-0.8241817,0.5109032,0,0,0,0.1645181
1732482654760,-16.41002,1.532267,0.06578064,-0.9948786,0.01424852,0.1000704,-3.979397,0.02305806,0.3882408,-16.63109,0.7049374,-0.1190891,-0.9018825,-0.1126351,-0.4170393,-8.344746,1.682644,0.6467342,-16.37251,0.6888221,0.3017387,-0.2584181,-0.8193306,0.5117788,-4.694223,0.2853602,0.2722263,0.1645181
1732482654768,-16.41002,1.532267,0.06578064,-0.9948786,0.01424852,0.1000704,0,0,0,-16.63109,0.7049374,-0.1190891,-0.9018825,-0.1126351,-0.4170393,0,0,0,-16.37251,0.6888221,0.3017387,-0.2584181,-0.8193306,0.5117788,0,0,0,0.1645181
1732482654775,-16.41002,1.532267,0.06578064,-0.9948786,0.01424852,0.1000704,0,0,0,-16.63109,0.7049374,-0.1190891,-0.9018825,-0.1126351,-0.4170393,0,0,0,-16.37251,0.6888221,0.3017387,-0.2584181,-0.8193306,0.5117788,0,0,0,0.1645181
1732482654782,-16.41002,1.532267,0.06578064,-0.9948786,0.01424852,0.1000704,0,0,0,-16.63109,0.7049374,-0.1190891,-0.9018825,-0.1126351,-0.4170393,0,0,0,-16.37251,0.6888221,0.3017387,-0.2584181,-0.8193306,0.5117788,0,0,0,0.1645181
1732482654802,-16.46343,1.542735,0.07082939,-0.9940413,0.009894839,0.1085566,-4.005718,0.7851362,0.3786564,-16.69416,0.8042412,-0.09614754,-0.8592861,-0.2019353,-0.4699473,-4.730415,7.447788,1.720619,-16.34454,0.7108929,0.3016987,-0.2373938,-0.8089694,0.5377851,2.098131,1.655312,-0.003004074,0.1645181
1732482654810,-16.46343,1.542735,0.07082939,-0.9940413,0.009894839,0.1085566,0,0,0,-16.69416,0.8042412,-0.09614754,-0.8592861,-0.2019353,-0.4699473,0,0,0,-16.34454,0.7108929,0.3016987,-0.2373938,-0.8089694,0.5377851,0,0,0,0.1645181
1732482654818,-16.46343,1.542735,0.07082939,-0.9940413,0.009894839,0.1085566,0,0,0,-16.69416,0.8042412,-0.09614754,-0.8592861,-0.2019353,-0.4699473,0,0,0,-16.34454,0.7108929,0.3016987,-0.2373938,-0.8089694,0.5377851,0,0,0,0.1645181
1732482654844,-16.51706,1.54595,0.07418251,-0.9916278,0.03814356,0.1233683,-4.021883,0.2411306,0.2514839,-16.71266,0.7801677,-0.09663963,-0.8227884,-0.3359366,-0.4584391,-1.387596,-1.805516,-0.0369072,-16.40003,0.7189571,0.3087807,-0.273469,-0.803995,0.5280217,-4.161787,0.6048113,0.5311489,0.1645181
1732482654852,-16.51706,1.54595,0.07418251,-0.9916278,0.03814356,0.1233683,0,0,0,-16.71266,0.7801677,-0.09663963,-0.8227884,-0.3359366,-0.4584391,0,0,0,-16.40003,0.7189571,0.3087807,-0.273469,-0.803995,0.5280217,0,0,0,0.1645181
1732482654859,-16.51706,1.54595,0.07418251,-0.9916278,0.03814356,0.1233683,0,0,0,-16.71266,0.7801677,-0.09663963,-0.8227884,-0.3359366,-0.4584391,0,0,0,-16.40003,0.7189571,0.3087807,-0.273469,-0.803995,0.5280217,0,0,0,0.1645181
1732482654885,-16.57015,1.55588,0.07481575,-0.991779,0.05190849,0.1169608,-3.981972,0.7446975,0.04749298,-16.72146,0.7598675,-0.09057617,-0.8495724,-0.3929206,-0.3519099,-0.6596088,-1.522511,0.4547596,-16.46044,0.7293737,0.3117046,-0.3367125,-0.7783547,0.5298952,-4.530716,0.781247,0.2192974,0.1645181
1732482654893,-16.57015,1.55588,0.07481575,-0.991779,0.05190849,0.1169608,0,0,0,-16.72146,0.7598675,-0.09057617,-0.8495724,-0.3929206,-0.3519099,0,0,0,-16.46044,0.7293737,0.3117046,-0.3367125,-0.7783547,0.5298952,0,0,0,0.1645181
1732482654900,-16.57015,1.55588,0.07481575,-0.991779,0.05190849,0.1169608,0,0,0,-16.72146,0.7598675,-0.09057617,-0.8495724,-0.3929206,-0.3519099,0,0,0,-16.46044,0.7293737,0.3117046,-0.3367125,-0.7783547,0.5298952,0,0,0,0.1645181
1732482654926,-16.62194,1.565127,0.07507515,-0.9940051,0.05328015,0.09547555,-3.884268,0.6935388,0.01945496,-16.72318,0.7487793,-0.09809875,-0.8655446,-0.4256098,-0.2639883,-0.1294613,-0.8316189,-0.5641937,-16.52314,0.741089,0.3124256,-0.3897799,-0.7752135,0.4971074,-4.702806,0.8786514,0.05407333,0.1645181
1732482654934,-16.62194,1.565127,0.07507515,-0.9940051,0.05328015,0.09547555,0,0,0,-16.72318,0.7487793,-0.09809875,-0.8655446,-0.4256098,-0.2639883,0,0,0,-16.52314,0.741089,0.3124256,-0.3897799,-0.7752135,0.4971074,0,0,0,0.1645181
1732482654942,-16.62194,1.565127,0.07507515,-0.9940051,0.05328015,0.09547555,0,0,0,-16.72318,0.7487793,-0.09809875,-0.8655446,-0.4256098,-0.2639883,0,0,0,-16.52314,0.741089,0.3124256,-0.3897799,-0.7752135,0.4971074,0,0,0,0.1645181
1732482654968,-16.67475,1.572261,0.07318115,-0.9960615,0.05548225,0.06916171,-3.9608,0.5350649,-0.1420498,-16.72611,0.7466697,-0.1126156,-0.7867794,-0.5080891,-0.3504626,-0.2192974,-0.1582235,-1.088762,-16.5787,0.7505168,0.3082008,-0.4336668,-0.7699225,0.4681373,-4.166508,0.7070839,-0.3168583,0.1645181
1732482654976,-16.67475,1.572261,0.07318115,-0.9960615,0.05548225,0.06916171,0,0,0,-16.72611,0.7466697,-0.1126156,-0.7867794,-0.5080891,-0.3504626,0,0,0,-16.5787,0.7505168,0.3082008,-0.4336668,-0.7699225,0.4681373,0,0,0,0.1645181
1732482654984,-16.67475,1.572261,0.07318115,-0.9960615,0.05548225,0.06916171,0,0,0,-16.72611,0.7466697,-0.1126156,-0.7867794,-0.5080891,-0.3504626,0,0,0,-16.5787,0.7505168,0.3082008,-0.4336668,-0.7699225,0.4681373,0,0,0,0.1645181
1732482655010,-16.72727,1.573739,0.07115173,-0.9979019,0.04866069,0.0427171,-3.938913,0.1108736,-0.1522064,-16.73055,0.743362,-0.129694,-0.6187769,-0.5998536,-0.5072389,-0.3330231,-0.248073,-1.28088,-16.66427,0.7629004,0.2995987,-0.4777084,-0.76029,0.4401745,-6.417847,0.928764,-0.6451607,0.1645181
1732482655018,-16.72727,1.573739,0.07115173,-0.9979019,0.04866069,0.0427171,0,0,0,-16.73055,0.743362,-0.129694,-0.6187769,-0.5998536,-0.5072389,0,0,0,-16.66427,0.7629004,0.2995987,-0.4777084,-0.76029,0.4401745,0,0,0,0.1645181
1732482655026,-16.72727,1.573739,0.07115173,-0.9979019,0.04866069,0.0427171,0,0,0,-16.73055,0.743362,-0.129694,-0.6187769,-0.5998536,-0.5072389,0,0,0,-16.66427,0.7629004,0.2995987,-0.4777084,-0.76029,0.4401745,0,0,0,0.1645181
1732482655033,-16.72727,1.573739,0.07115173,-0.9979019,0.04866069,0.0427171,0,0,0,-16.73055,0.743362,-0.129694,-0.6187769,-0.5998536,-0.5072389,0,0,0,-16.66427,0.7629004,0.2995987,-0.4777084,-0.76029,0.4401745,0,0,0,0.1645181
1732482655048,-16.77976,1.571263,0.06977463,-0.9983953,0.05218425,0.02200007,-3.937197,-0.1856983,-0.1032829,-16.7314,0.7346353,-0.143261,-0.5134817,-0.6455322,-0.5653543,-0.06365776,-0.6545037,-1.017523,-16.71564,0.7680154,0.2948532,-0.5207545,-0.7494478,0.4088314,-3.852797,0.3836274,-0.3559113,0.1645181
1732482655056,-16.77976,1.571263,0.06977463,-0.9983953,0.05218425,0.02200007,0,0,0,-16.7314,0.7346353,-0.143261,-0.5134817,-0.6455322,-0.5653543,0,0,0,-16.71564,0.7680154,0.2948532,-0.5207545,-0.7494478,0.4088314,0,0,0,0.1645181
1732482655063,-16.77976,1.571263,0.06977463,-0.9983953,0.05218425,0.02200007,0,0,0,-16.7314,0.7346353,-0.143261,-0.5134817,-0.6455322,-0.5653543,0,0,0,-16.71564,0.7680154,0.2948532,-0.5207545,-0.7494478,0.4088314,0,0,0,0.1645181
1732482655091,-16.83261,1.563814,0.06754112,-0.9985875,0.05273478,0.006505489,-3.963089,-0.5586773,-0.1675129,-16.72926,0.7235975,-0.1562557,-0.4151154,-0.6656605,-0.6201416,0.1603603,-0.8278325,-0.9746075,-16.774,0.7706226,0.2882767,-0.5765281,-0.7254355,0.3759772,-4.376936,0.195542,-0.4932404,0.1645181
1732482655099,-16.83261,1.563814,0.06754112,-0.9985875,0.05273478,0.006505489,0,0,0,-16.72926,0.7235975,-0.1562557,-0.4151154,-0.6656605,-0.6201416,0,0,0,-16.774,0.7706226,0.2882767,-0.5765281,-0.7254355,0.3759772,0,0,0,0.1645181
1732482655119,-16.88594,1.554049,0.06637955,-0.9985844,0.05310513,0.003050625,-4.000425,-0.7323861,-0.08711815,-16.72724,0.7138894,-0.167511,-0.3067935,-0.6842368,-0.6615875,0.1513481,-0.7281125,-0.8441448,-16.82978,0.7715609,0.2817478,-0.632436,-0.691548,0.3489791,-4.183674,0.07037222,-0.4896641,0.1645181
1732482655127,-16.88594,1.554049,0.06637955,-0.9985844,0.05310513,0.003050625,0,0,0,-16.72724,0.7138894,-0.167511,-0.3067935,-0.6842368,-0.6615875,0,0,0,-16.82978,0.7715609,0.2817478,-0.632436,-0.691548,0.3489791,0,0,0,0.1645181
1732482655135,-16.88594,1.554049,0.06637955,-0.9985844,0.05310513,0.003050625,0,0,0,-16.72724,0.7138894,-0.167511,-0.3067935,-0.6842368,-0.6615875,0,0,0,-16.82978,0.7715609,0.2817478,-0.632436,-0.691548,0.3489791,0,0,0,0.1645181
1732482655164,-16.92207,1.546757,0.06530762,-0.9981913,0.05922924,0.01031333,-2.709675,-0.5469024,-0.08039474,-16.74797,0.7026279,-0.1741695,-0.2169012,-0.7003323,-0.6800654,-1.555109,-0.8446097,-0.4993916,-16.88135,0.7719162,0.2753868,-0.6598695,-0.6663585,0.3471872,-3.867531,0.02664775,-0.4770756,0.1645181
1732482655172,-16.92207,1.546757,0.06530762,-0.9981913,0.05922924,0.01031333,0,0,0,-16.74797,0.7026279,-0.1741695,-0.2169012,-0.7003323,-0.6800654,0,0,0,-16.88135,0.7719162,0.2753868,-0.6598695,-0.6663585,0.3471872,0,0,0,0.1645181
1732482655179,-16.92207,1.546757,0.06530762,-0.9981913,0.05922924,0.01031333,0,0,0,-16.74797,0.7026279,-0.1741695,-0.2169012,-0.7003323,-0.6800654,0,0,0,-16.88135,0.7719162,0.2753868,-0.6598695,-0.6663585,0.3471872,0,0,0,0.1645181
1732482655205,-16.97622,1.536167,0.06462288,-0.998437,0.05128303,0.02222389,-4.06065,-0.7942379,-0.05135536,-16.78739,0.6852939,-0.1788883,-0.1046124,-0.7272974,-0.6783032,-2.956152,-1.300053,-0.3539085,-16.94969,0.770461,0.2712536,-0.6806295,-0.6445571,0.348267,-5.125666,-0.1091436,-0.3099918,0.1645181
1732482655213,-16.97622,1.536167,0.06462288,-0.998437,0.05128303,0.02222389,0,0,0,-16.78739,0.6852939,-0.1788883,-0.1046124,-0.7272974,-0.6783032,0,0,0,-16.94969,0.770461,0.2712536,-0.6806295,-0.6445571,0.348267,0,0,0,0.1645181
1732482655220,-16.97622,1.536167,0.06462288,-0.998437,0.05128303,0.02222389,0,0,0,-16.78739,0.6852939,-0.1788883,-0.1046124,-0.7272974,-0.6783032,0,0,0,-16.94969,0.770461,0.2712536,-0.6806295,-0.6445571,0.348267,0,0,0,0.1645181
1732482655243,-17.03118,1.532236,0.06368637,-0.9987319,0.0389913,0.03185266,-4.122591,-0.2948821,-0.07023811,-16.83179,0.6714287,-0.1843777,-0.01898569,-0.7224649,-0.6911473,-3.330231,-1.039888,-0.4117012,-17.00843,0.7684447,0.2713833,-0.685299,-0.6279233,0.3688876,-4.405689,-0.1512185,0.009727478,0.1645181
1732482655251,-17.03118,1.532236,0.06368637,-0.9987319,0.0389913,0.03185266,0,0,0,-16.83179,0.6714287,-0.1843777,-0.01898569,-0.7224649,-0.6911473,0,0,0,-17.00843,0.7684447,0.2713833,-0.685299,-0.6279233,0.3688876,0,0,0,0.1645181
1732482655258,-17.03118,1.532236,0.06368637,-0.9987319,0.0389913,0.03185266,0,0,0,-16.83179,0.6714287,-0.1843777,-0.01898569,-0.7224649,-0.6911473,0,0,0,-17.00843,0.7684447,0.2713833,-0.685299,-0.6279233,0.3688876,0,0,0,0.1645181
1732482655286,-17.08614,1.530741,0.0620079,-0.9983223,0.0425063,0.03932297,-4.121733,-0.1120627,-0.125885,-16.89079,0.6672723,-0.1936455,0.03051513,-0.6958386,-0.71755,-4.424572,-0.3117308,-0.6950855,-17.05663,0.7680748,0.2750988,-0.6601554,-0.6342077,0.4024621,-3.614902,-0.02774745,0.2786636,0.1645181
1732482655294,-17.08614,1.530741,0.0620079,-0.9983223,0.0425063,0.03932297,0,0,0,-16.89079,0.6672723,-0.1936455,0.03051513,-0.6958386,-0.71755,0,0,0,-17.05663,0.7680748,0.2750988,-0.6601554,-0.6342077,0.4024621,0,0,0,0.1645181
1732482655301,-17.08614,1.530741,0.0620079,-0.9983223,0.0425063,0.03932297,0,0,0,-16.89079,0.6672723,-0.1936455,0.03051513,-0.6958386,-0.71755,0,0,0,-17.05663,0.7680748,0.2750988,-0.6601554,-0.6342077,0.4024621,0,0,0,0.1645181
1732482655329,-17.14035,1.53411,0.06056786,-0.998079,0.03886468,0.04825473,-4.065657,0.2526104,-0.1080036,-16.96838,0.6705822,-0.2050266,0.02098408,-0.6638702,-0.7475538,-5.819464,0.2482429,-0.8535862,-17.10979,0.7657332,0.2812443,-0.5912552,-0.6835601,0.4279753,-3.987408,-0.1756176,0.4609108,0.1645181
1732482655337,-17.14035,1.53411,0.06056786,-0.998079,0.03886468,0.04825473,0,0,0,-16.96838,0.6705822,-0.2050266,0.02098408,-0.6638702,-0.7475538,0,0,0,-17.10979,0.7657332,0.2812443,-0.5912552,-0.6835601,0.4279753,0,0,0,0.1645181
1732482655345,-17.14035,1.53411,0.06056786,-0.998079,0.03886468,0.04825473,0,0,0,-16.96838,0.6705822,-0.2050266,0.02098408,-0.6638702,-0.7475538,0,0,0,-17.10979,0.7657332,0.2812443,-0.5912552,-0.6835601,0.4279753,0,0,0,0.1645181
1732482655371,-17.19375,1.541054,0.0578022,-0.9979499,0.03550867,0.05325168,-4.005432,0.5207956,-0.2074242,-17.04873,0.6767918,-0.2108898,-0.04528785,-0.6744037,-0.7369728,-6.02603,0.4657209,-0.4397392,-17.15587,0.7591522,0.2848358,-0.5226234,-0.7302739,0.4399604,-3.4554,-0.4935712,0.2693653,0.1645181
1732482655379,-17.19375,1.541054,0.0578022,-0.9979499,0.03550867,0.05325168,0,0,0,-17.04873,0.6767918,-0.2108898,-0.04528785,-0.6744037,-0.7369728,0,0,0,-17.15587,0.7591522,0.2848358,-0.5226234,-0.7302739,0.4399604,0,0,0,0.1645181
1732482655387,-17.19375,1.541054,0.0578022,-0.9979499,0.03550867,0.05325168,0,0,0,-17.04873,0.6767918,-0.2108898,-0.04528785,-0.6744037,-0.7369728,0,0,0,-17.15587,0.7591522,0.2848358,-0.5226234,-0.7302739,0.4399604,0,0,0,0.1645181
1732482655412,-17.2468,1.549752,0.05465508,-0.9959123,0.07006458,0.05701029,-3.978539,0.6524026,-0.2360344,-17.12787,0.685181,-0.2121315,-0.1559636,-0.6727307,-0.723263,-5.935621,0.6291881,-0.0931263,-17.20001,0.752194,0.2845058,-0.4707131,-0.7559753,0.4548963,-3.310633,-0.521864,-0.02474785,0.1645181
1732482655421,-17.2468,1.549752,0.05465508,-0.9959123,0.07006458,0.05701029,0,0,0,-17.12787,0.685181,-0.2121315,-0.1559636,-0.6727307,-0.723263,0,0,0,-17.20001,0.752194,0.2845058,-0.4707131,-0.7559753,0.4548963,0,0,0,0.1645181
1732482655429,-17.2468,1.549752,0.05465508,-0.9959123,0.07006458,0.05701029,0,0,0,-17.12787,0.685181,-0.2121315,-0.1559636,-0.6727307,-0.723263,0,0,0,-17.20001,0.752194,0.2845058,-0.4707131,-0.7559753,0.4548963,0,0,0,0.1645181
1732482655437,-17.2468,1.549752,0.05465508,-0.9959123,0.07006458,0.05701029,0,0,0,-17.12787,0.685181,-0.2121315,-0.1559636,-0.6727307,-0.723263,0,0,0,-17.20001,0.752194,0.2845058,-0.4707131,-0.7559753,0.4548963,0,0,0,0.1645181
1732482655454,-17.29889,1.55784,0.0517807,-0.9952986,0.0808243,0.05337089,-3.907013,0.6065995,-0.2155781,-17.08276,0.6936702,-0.2043247,-0.292125,-0.6489459,-0.7025189,3.382874,0.6366894,0.5855083,-17.24361,0.7485313,0.2843189,-0.4270487,-0.7806091,0.4563758,-3.270006,-0.2747074,-0.01401901,0.1645181
1732482655462,-17.29889,1.55784,0.0517807,-0.9952986,0.0808243,0.05337089,0,0,0,-17.08276,0.6936702,-0.2043247,-0.292125,-0.6489459,-0.7025189,0,0,0,-17.24361,0.7485313,0.2843189,-0.4270487,-0.7806091,0.4563758,0,0,0,0.1645181
1732482655470,-17.29889,1.55784,0.0517807,-0.9952986,0.0808243,0.05337089,0,0,0,-17.08276,0.6936702,-0.2043247,-0.292125,-0.6489459,-0.7025189,0,0,0,-17.24361,0.7485313,0.2843189,-0.4270487,-0.7806091,0.4563758,0,0,0,0.1645181
1732482655496,-17.35073,1.566153,0.04967117,-0.996221,0.07417339,0.04519188,-3.887558,0.6234258,-0.1582146,-17.16442,0.7078156,-0.1967487,-0.4249252,-0.6250205,-0.6548195,-6.124592,1.060912,0.5681992,-17.28681,0.7477533,0.2812347,-0.410136,-0.8007365,0.4365888,-3.240252,-0.05834699,-0.2313137,0.1645181
1732482655504,-17.35073,1.566153,0.04967117,-0.996221,0.07417339,0.04519188,0,0,0,-17.16442,0.7078156,-0.1967487,-0.4249252,-0.6250205,-0.6548195,0,0,0,-17.28681,0.7477533,0.2812347,-0.410136,-0.8007365,0.4365888,0,0,0,0.1645181
1732482655512,-17.35073,1.566153,0.04967117,-0.996221,0.07417339,0.04519188,0,0,0,-17.16442,0.7078156,-0.1967487,-0.4249252,-0.6250205,-0.6548195,0,0,0,-17.28681,0.7477533,0.2812347,-0.410136,-0.8007365,0.4365888,0,0,0,0.1645181
1732482655537,-17.40138,1.569983,0.04815292,-0.9974249,0.06137323,0.03711379,-3.799152,0.2872467,-0.1138687,-17.24133,0.7241081,-0.1837044,-0.5618691,-0.5878727,-0.5819874,-5.767536,1.221934,0.9783268,-17.33184,0.7497588,0.2785397,-0.3837609,-0.8118798,0.4399763,-3.376865,0.1504093,-0.2021313,0.1645181
1732482655546,-17.40138,1.569983,0.04815292,-0.9974249,0.06137323,0.03711379,0,0,0,-17.24133,0.7241081,-0.1837044,-0.5618691,-0.5878727,-0.5819874,0,0,0,-17.33184,0.7497588,0.2785397,-0.3837609,-0.8118798,0.4399763,0,0,0,0.1645181
1732482655554,-17.40138,1.569983,0.04815292,-0.9974249,0.06137323,0.03711379,0,0,0,-17.24133,0.7241081,-0.1837044,-0.5618691,-0.5878727,-0.5819874,0,0,0,-17.33184,0.7497588,0.2785397,-0.3837609,-0.8118798,0.4399763,0,0,0,0.1645181
1732482655579,-17.4529,1.571596,0.04705811,-0.9975227,0.06247258,0.03234327,-3.863668,0.1209944,-0.08211136,-17.32037,0.7437738,-0.1634922,-0.7377602,-0.4984923,-0.4552099,-5.928469,1.474929,1.515913,-17.37984,0.7519499,0.2776699,-0.3634015,-0.8154359,0.4505594,-3.600597,0.1643345,-0.06523132,0.1645181
1732482655588,-17.4529,1.571596,0.04705811,-0.9975227,0.06247258,0.03234327,0,0,0,-17.32037,0.7437738,-0.1634922,-0.7377602,-0.4984923,-0.4552099,0,0,0,-17.37984,0.7519499,0.2776699,-0.3634015,-0.8154359,0.4505594,0,0,0,0.1645181
1732482655595,-17.4529,1.571596,0.04705811,-0.9975227,0.06247258,0.03234327,0,0,0,-17.32037,0.7437738,-0.1634922,-0.7377602,-0.4984923,-0.4552099,0,0,0,-17.37984,0.7519499,0.2776699,-0.3634015,-0.8154359,0.4505594,0,0,0,0.1645181
1732482655621,-17.50514,1.56884,0.04561996,-0.9958753,0.08354312,0.03539997,-3.918171,-0.2066642,-0.1078606,-17.397,0.7689508,-0.1353149,-0.8779073,-0.3482836,-0.3285999,-5.746794,1.888275,2.113295,-17.42528,0.7520297,0.2783794,-0.3462577,-0.8096299,0.4739254,-3.407335,0.005981326,0.05321503,0.1645181
1732482655630,-17.50514,1.56884,0.04561996,-0.9958753,0.08354312,0.03539997,0,0,0,-17.397,0.7689508,-0.1353149,-0.8779073,-0.3482836,-0.3285999,0,0,0,-17.42528,0.7520297,0.2783794,-0.3462577,-0.8096299,0.4739254,0,0,0,0.1645181
1732482655637,-17.50514,1.56884,0.04561996,-0.9958753,0.08354312,0.03539997,0,0,0,-17.397,0.7689508,-0.1353149,-0.8779073,-0.3482836,-0.3285999,0,0,0,-17.42528,0.7520297,0.2783794,-0.3462577,-0.8096299,0.4739254,0,0,0,0.1645181
1732482655663,-17.55713,1.557677,0.04423714,-0.9949517,0.08888365,0.04659677,-3.898859,-0.8372426,-0.1037121,-17.47327,0.7981835,-0.1149483,-0.9238917,-0.2295463,-0.3061588,-5.720615,2.192451,1.5275,-17.47275,0.7479765,0.2801743,-0.3129937,-0.8123169,0.4921141,-3.560686,-0.3039837,0.1346111,0.1645181
1732482655671,-17.55713,1.557677,0.04423714,-0.9949517,0.08888365,0.04659677,0,0,0,-17.47327,0.7981835,-0.1149483,-0.9238917,-0.2295463,-0.3061588,0,0,0,-17.47275,0.7479765,0.2801743,-0.3129937,-0.8123169,0.4921141,0,0,0,0.1645181
1732482655679,-17.55713,1.557677,0.04423714,-0.9949517,0.08888365,0.04659677,0,0,0,-17.47327,0.7981835,-0.1149483,-0.9238917,-0.2295463,-0.3061588,0,0,0,-17.47275,0.7479765,0.2801743,-0.3129937,-0.8123169,0.4921141,0,0,0,0.1645181
1732482655704,-17.61074,1.544513,0.04252434,-0.9946145,0.08480062,0.05958897,-4.021168,-0.9872854,-0.1284599,-17.53685,0.820031,-0.103756,-0.9573644,-0.1177116,-0.263814,-4.768324,1.638566,0.8394241,-17.51959,0.7367355,0.2815189,-0.267762,-0.813961,0.5155302,-3.512621,-0.8430764,0.1008511,0.1645181
1732482655713,-17.61074,1.544513,0.04252434,-0.9946145,0.08480062,0.05958897,0,0,0,-17.53685,0.820031,-0.103756,-0.9573644,-0.1177116,-0.263814,0,0,0,-17.51959,0.7367355,0.2815189,-0.267762,-0.813961,0.5155302,0,0,0,0.1645181
1732482655720,-17.61074,1.544513,0.04252434,-0.9946145,0.08480062,0.05958897,0,0,0,-17.53685,0.820031,-0.103756,-0.9573644,-0.1177116,-0.263814,0,0,0,-17.51959,0.7367355,0.2815189,-0.267762,-0.813961,0.5155302,0,0,0,0.1645181
1732482655728,-17.61074,1.544513,0.04252434,-0.9946145,0.08480062,0.05958897,0,0,0,-17.53685,0.820031,-0.103756,-0.9573644,-0.1177116,-0.263814,0,0,0,-17.51959,0.7367355,0.2815189,-0.267762,-0.813961,0.5155302,0,0,0,0.1645181
1732482655746,-17.66543,1.533411,0.04049492,-0.9944949,0.08419582,0.06238085,-4.101276,-0.8326471,-0.1522064,-17.59754,0.8376366,-0.09714317,-0.9640383,-0.01620844,-0.2652705,-4.551601,1.320416,0.4959583,-17.56576,0.7231986,0.2841911,-0.2443882,-0.8098296,0.533339,-3.462839,-1.01527,0.2004147,0.1645181
1732482655755,-17.66543,1.533411,0.04049492,-0.9944949,0.08419582,0.06238085,0,0,0,-17.59754,0.8376366,-0.09714317,-0.9640383,-0.01620844,-0.2652705,0,0,0,-17.56576,0.7231986,0.2841911,-0.2443882,-0.8098296,0.533339,0,0,0,0.1645181
1732482655762,-17.66543,1.533411,0.04049492,-0.9944949,0.08419582,0.06238085,0,0,0,-17.59754,0.8376366,-0.09714317,-0.9640383,-0.01620844,-0.2652705,0,0,0,-17.56576,0.7231986,0.2841911,-0.2443882,-0.8098296,0.533339,0,0,0,0.1645181
1732482655788,-17.72066,1.529523,0.03915215,-0.9959617,0.06767951,0.05899274,-4.142189,-0.2916366,-0.100708,-17.86925,0.8710905,-0.1087933,-0.9526546,0.05199811,-0.2995762,-20.37821,2.509046,-0.8737564,-17.61254,0.7143966,0.2871876,-0.2240071,-0.8043258,0.5503463,-3.508472,-0.6601498,0.2247334,0.1667718
1732482655796,-17.72066,1.529523,0.03915215,-0.9959617,0.06767951,0.05899274,0,0,0,-17.86925,0.8710905,-0.1087933,-0.9526546,0.05199811,-0.2995762,0,0,0,-17.61254,0.7143966,0.2871876,-0.2240071,-0.8043258,0.5503463,0,0,0,0.1667718
1732482655804,-17.72066,1.529523,0.03915215,-0.9959617,0.06767951,0.05899274,0,0,0,-17.86925,0.8710905,-0.1087933,-0.9526546,0.05199811,-0.2995762,0,0,0,-17.61254,0.7143966,0.2871876,-0.2240071,-0.8043258,0.5503463,0,0,0,0.1667718
1732482655830,-17.77645,1.525373,0.03753853,-0.9963381,0.063603,0.05714601,-4.184246,-0.3112435,-0.1210213,-18.02819,0.8584593,-0.132412,-0.9100818,0.0223327,-0.4138273,-11.92074,-0.9473428,-1.771402,-17.65929,0.7078784,0.2893829,-0.2221669,-0.7982293,0.5598858,-3.506327,-0.4888639,0.1646519,0.1667718
1732482655838,-17.77645,1.525373,0.03753853,-0.9963381,0.063603,0.05714601,0,0,0,-18.02819,0.8584593,-0.132412,-0.9100818,0.0223327,-0.4138273,0,0,0,-17.65929,0.7078784,0.2893829,-0.2221669,-0.7982293,0.5598858,0,0,0,0.1667718
1732482655846,-17.77645,1.525373,0.03753853,-0.9963381,0.063603,0.05714601,0,0,0,-18.02819,0.8584593,-0.132412,-0.9100818,0.0223327,-0.4138273,0,0,0,-17.65929,0.7078784,0.2893829,-0.2221669,-0.7982293,0.5598858,0,0,0,0.1667718
1732482655871,-17.83244,1.53074,0.03591156,-0.9974942,0.05317154,0.04667366,-4.199696,0.4025728,-0.1220226,-18.09795,0.8256427,-0.1190929,-0.8760048,-0.05888957,-0.4786946,-5.232239,-2.461244,0.9989262,-17.72128,0.7076691,0.2926712,-0.2228001,-0.7982814,0.5595595,-4.649162,-0.01569986,0.2466202,0.1679955
1732482655879,-17.83244,1.53074,0.03591156,-0.9974942,0.05317154,0.04667366,0,0,0,-18.09795,0.8256427,-0.1190929,-0.8760048,-0.05888957,-0.4786946,0,0,0,-17.72128,0.7076691,0.2926712,-0.2228001,-0.7982814,0.5595595,0,0,0,0.1679955
1732482655887,-17.83244,1.53074,0.03591156,-0.9974942,0.05317154,0.04667366,0,0,0,-18.09795,0.8256427,-0.1190929,-0.8760048,-0.05888957,-0.4786946,0,0,0,-17.72128,0.7076691,0.2926712,-0.2228001,-0.7982814,0.5595595,0,0,0,0.1679955
1732482655913,-17.88808,1.536,0.03632164,-0.9983853,0.04805415,0.03030026,-4.173088,0.3944993,0.030756,-18.12744,0.7947695,-0.1256542,-0.8531377,-0.1689868,-0.4935591,-2.211285,-2.315488,-0.4920959,-17.77345,0.7102155,0.2950535,-0.2431879,-0.8022648,0.545189,-3.912878,0.1909822,0.1786709,0.1679955
1732482655921,-17.88808,1.536,0.03632164,-0.9983853,0.04805415,0.03030026,0,0,0,-18.12744,0.7947695,-0.1256542,-0.8531377,-0.1689868,-0.4935591,0,0,0,-17.77345,0.7102155,0.2950535,-0.2431879,-0.8022648,0.545189,0,0,0,0.1679955
1732482655929,-17.88808,1.536,0.03632164,-0.9983853,0.04805415,0.03030026,0,0,0,-18.12744,0.7947695,-0.1256542,-0.8531377,-0.1689868,-0.4935591,0,0,0,-17.77345,0.7102155,0.2950535,-0.2431879,-0.8022648,0.545189,0,0,0,0.1679955
1732482655955,-17.94302,1.540502,0.03485107,-0.9987648,0.04468941,0.02172375,-4.120445,0.3376365,-0.1102924,-18.13701,0.7577474,-0.1293678,-0.8486785,-0.2902003,-0.4421868,-0.7184029,-2.776659,-0.2785206,-17.83243,0.7148846,0.2931271,-0.2832805,-0.796314,0.5344497,-4.423428,0.3501803,-0.1444817,0.1679955
1732482655964,-17.94302,1.540502,0.03485107,-0.9987648,0.04468941,0.02172375,0,0,0,-18.13701,0.7577474,-0.1293678,-0.8486785,-0.2902003,-0.4421868,0,0,0,-17.83243,0.7148846,0.2931271,-0.2832805,-0.796314,0.5344497,0,0,0,0.1679955
1732482655971,-17.94302,1.540502,0.03485107,-0.9987648,0.04468941,0.02172375,0,0,0,-18.13701,0.7577474,-0.1293678,-0.8486785,-0.2902003,-0.4421868,0,0,0,-17.83243,0.7148846,0.2931271,-0.2832805,-0.796314,0.5344497,0,0,0,0.1679955
1732482655997,-17.99818,1.547823,0.03208923,-0.9987843,0.0460529,0.01758713,-4.137039,0.5490661,-0.2071381,-18.13381,0.7285651,-0.1374073,-0.8572466,-0.3622882,-0.365891,0.2400398,-2.188673,-0.6029606,-17.89872,0.7217537,0.2866173,-0.3425117,-0.789801,0.5088226,-4.9716,0.5151808,-0.4882336,0.1679955
1732482656005,-17.99818,1.547823,0.03208923,-0.9987843,0.0460529,0.01758713,0,0,0,-18.13381,0.7285651,-0.1374073,-0.8572466,-0.3622882,-0.365891,0,0,0,-17.89872,0.7217537,0.2866173,-0.3425117,-0.789801,0.5088226,0,0,0,0.1679955
1732482656013,-17.99818,1.547823,0.03208923,-0.9987843,0.0460529,0.01758713,0,0,0,-18.13381,0.7285651,-0.1374073,-0.8572466,-0.3622882,-0.365891,0,0,0,-17.89872,0.7217537,0.2866173,-0.3425117,-0.789801,0.5088226,0,0,0,0.1679955
1732482656039,-18.05283,1.555976,0.03011131,-0.9993486,0.03283869,0.01496989,-4.098701,0.61149,-0.148344,-18.1232,0.7078342,-0.1569462,-0.8221627,-0.4312431,-0.3715894,0.7960796,-1.554814,-1.465416,-17.96563,0.7312626,0.2757759,-0.4284344,-0.7819509,0.452766,-5.018377,0.7131681,-0.8131027,0.1679955
1732482656047,-18.05283,1.555976,0.03011131,-0.9993486,0.03283869,0.01496989,0,0,0,-18.1232,0.7078342,-0.1569462,-0.8221627,-0.4312431,-0.3715894,0,0,0,-17.96563,0.7312626,0.2757759,-0.4284344,-0.7819509,0.452766,0,0,0,0.1679955
1732482656055,-18.05283,1.555976,0.03011131,-0.9993486,0.03283869,0.01496989,0,0,0,-18.1232,0.7078342,-0.1569462,-0.8221627,-0.4312431,-0.3715894,0,0,0,-17.96563,0.7312626,0.2757759,-0.4284344,-0.7819509,0.452766,0,0,0,0.1679955
1732482656064,-18.05283,1.555976,0.03011131,-0.9993486,0.03283869,0.01496989,0,0,0,-18.1232,0.7078342,-0.1569462,-0.8221627,-0.4312431,-0.3715894,0,0,0,-17.96563,0.7312626,0.2757759,-0.4284344,-0.7819509,0.452766,0,0,0,0.1679955
1732482656081,-18.1065,1.559046,0.02818871,-0.9996416,0.02115802,0.01641893,-4.024887,0.2302051,-0.1441956,-18.11151,0.6945009,-0.1798439,-0.6965109,-0.5517735,-0.458715,0.8767605,-0.999999,-1.717329,-18.03628,0.7429608,0.260046,-0.4966629,-0.771205,0.3982071,-5.298901,0.8773685,-1.179743,0.1679955
1732482656089,-18.1065,1.559046,0.02818871,-0.9996416,0.02115802,0.01641893,0,0,0,-18.11151,0.6945009,-0.1798439,-0.6965109,-0.5517735,-0.458715,0,0,0,-18.03628,0.7429608,0.260046,-0.4966629,-0.771205,0.3982071,0,0,0,0.1679955
1732482656097,-18.1065,1.559046,0.02818871,-0.9996416,0.02115802,0.01641893,0,0,0,-18.11151,0.6945009,-0.1798439,-0.6965109,-0.5517735,-0.458715,0,0,0,-18.03628,0.7429608,0.260046,-0.4966629,-0.771205,0.3982071,0,0,0,0.1679955
1732482656122,-18.15985,1.557666,0.02625656,-0.9996301,0.02125324,0.01697093,-4.001427,-0.1035154,-0.1449108,-18.10399,0.6809752,-0.2033386,-0.5137869,-0.638762,-0.5727184,0.5639076,-1.014429,-1.762104,-18.10045,0.7517404,0.2488346,-0.5348875,-0.7565627,0.3761759,-4.813099,0.6584689,-0.8408546,0.1679955
1732482656131,-18.15985,1.557666,0.02625656,-0.9996301,0.02125324,0.01697093,0,0,0,-18.10399,0.6809752,-0.2033386,-0.5137869,-0.638762,-0.5727184,0,0,0,-18.10045,0.7517404,0.2488346,-0.5348875,-0.7565627,0.3761759,0,0,0,0.1679955
1732482656139,-18.15985,1.557666,0.02625656,-0.9996301,0.02125324,0.01697093,0,0,0,-18.10399,0.6809752,-0.2033386,-0.5137869,-0.638762,-0.5727184,0,0,0,-18.10045,0.7517404,0.2488346,-0.5348875,-0.7565627,0.3761759,0,0,0,0.1679955
1732482656164,-18.21314,1.552844,0.02350616,-0.9995137,0.02705204,0.01552463,-3.996849,-0.3616333,-0.2062798,-18.09648,0.6696195,-0.2259369,-0.3870451,-0.6458291,-0.6581047,0.5634785,-0.8516774,-1.69487,-18.16201,0.7590374,0.2402802,-0.5981905,-0.7226883,0.3462514,-4.61669,0.5472779,-0.6415844,0.1679955
1732482656172,-18.21314,1.552844,0.02350616,-0.9995137,0.02705204,0.01552463,0,0,0,-18.09648,0.6696195,-0.2259369,-0.3870451,-0.6458291,-0.6581047,0,0,0,-18.16201,0.7590374,0.2402802,-0.5981905,-0.7226883,0.3462514,0,0,0,0.1679955
1732482656180,-18.21314,1.552844,0.02350616,-0.9995137,0.02705204,0.01552463,0,0,0,-18.09648,0.6696195,-0.2259369,-0.3870451,-0.6458291,-0.6581047,0,0,0,-18.16201,0.7590374,0.2402802,-0.5981905,-0.7226883,0.3462514,0,0,0,0.1679955
1732482656206,-18.2669,1.544509,0.02066994,-0.9993228,0.0342277,0.01351833,-4.031754,-0.6251425,-0.2127171,-18.09089,0.66122,-0.2433033,-0.2995576,-0.6248952,-0.7209518,0.419426,-0.629966,-1.302481,-18.23126,0.7654293,0.2303276,-0.6619554,-0.679427,0.3165348,-5.193615,0.4793912,-0.7464409,0.1679955
1732482656214,-18.2669,1.544509,0.02066994,-0.9993228,0.0342277,0.01351833,0,0,0,-18.09089,0.66122,-0.2433033,-0.2995576,-0.6248952,-0.7209518,0,0,0,-18.23126,0.7654293,0.2303276,-0.6619554,-0.679427,0.3165348,0,0,0,0.1679955
1732482656222,-18.2669,1.544509,0.02066994,-0.9993228,0.0342277,0.01351833,0,0,0,-18.09089,0.66122,-0.2433033,-0.2995576,-0.6248952,-0.7209518,0,0,0,-18.23126,0.7654293,0.2303276,-0.6619554,-0.679427,0.3165348,0,0,0,0.1679955
1732482656247,-18.32099,1.534009,0.01844215,-0.998693,0.04966819,0.01207906,-4.056931,-0.7874787,-0.1670837,-18.092,0.6571295,-0.2509384,-0.2066905,-0.6493511,-0.7318625,-0.08382797,-0.3067821,-0.5726337,-18.2955,0.7679989,0.2229443,-0.7006956,-0.6478108,0.2989435,-4.818249,0.1927167,-0.553751,0.1679955
1732482656256,-18.32099,1.534009,0.01844215,-0.998693,0.04966819,0.01207906,0,0,0,-18.092,0.6571295,-0.2509384,-0.2066905,-0.6493511,-0.7318625,0,0,0,-18.2955,0.7679989,0.2229443,-0.7006956,-0.6478108,0.2989435,0,0,0,0.1679955
1732482656264,-18.32099,1.534009,0.01844215,-0.998693,0.04966819,0.01207906,0,0,0,-18.092,0.6571295,-0.2509384,-0.2066905,-0.6493511,-0.7318625,0,0,0,-18.2955,0.7679989,0.2229443,-0.7006956,-0.6478108,0.2989435,0,0,0,0.1679955
1732482656289,-18.37521,1.526255,0.01636505,-0.9988416,0.04467202,0.01789594,-4.066801,-0.5815655,-0.1557827,-18.10624,0.658381,-0.2540779,-0.1235075,-0.6881655,-0.7149649,-1.067448,0.09385943,-0.2354622,-18.35814,0.7712141,0.2173595,-0.7306246,-0.6182758,0.289695,-4.697943,0.241144,-0.4188538,0.172122
1732482656297,-18.37521,1.526255,0.01636505,-0.9988416,0.04467202,0.01789594,0,0,0,-18.10624,0.658381,-0.2540779,-0.1235075,-0.6881655,-0.7149649,0,0,0,-18.35814,0.7712141,0.2173595,-0.7306246,-0.6182758,0.289695,0,0,0,0.172122
1732482656305,-18.37521,1.526255,0.01636505,-0.9988416,0.04467202,0.01789594,0,0,0,-18.10624,0.658381,-0.2540779,-0.1235075,-0.6881655,-0.7149649,0,0,0,-18.35814,0.7712141,0.2173595,-0.7306246,-0.6182758,0.289695,0,0,0,0.172122
1732482656331,-18.43036,1.528955,0.01306534,-0.9990821,0.03242835,0.02799529,-4.135609,0.2025425,-0.2474785,-18.1468,0.6533266,-0.2589931,-0.05652639,-0.6905531,-0.7210699,-3.042269,-0.3790766,-0.3686428,-18.41549,0.7786308,0.2127628,-0.7442154,-0.5965731,0.3004071,-4.300976,0.5562499,-0.3447533,0.1806874
1732482656339,-18.43036,1.528955,0.01306534,-0.9990821,0.03242835,0.02799529,0,0,0,-18.1468,0.6533266,-0.2589931,-0.05652639,-0.6905531,-0.7210699,0,0,0,-18.41549,0.7786308,0.2127628,-0.7442154,-0.5965731,0.3004071,0,0,0,0.1806874
1732482656347,-18.43036,1.528955,0.01306534,-0.9990821,0.03242835,0.02799529,0,0,0,-18.1468,0.6533266,-0.2589931,-0.05652639,-0.6905531,-0.7210699,0,0,0,-18.41549,0.7786308,0.2127628,-0.7442154,-0.5965731,0.3004071,0,0,0,0.1806874
1732482656373,-18.48384,1.527795,0.01130486,-0.9987505,0.009253202,0.04911405,-4.011011,-0.08704662,-0.1320362,-18.21227,0.644715,-0.2666779,-0.02236485,-0.6655056,-0.7460581,-4.910088,-0.6458715,-0.5763531,-18.54321,0.7706667,0.2416382,-0.7241477,-0.6198583,0.3023013,-9.578848,-0.5973056,2.165651,0.1821575
1732482656381,-18.48384,1.527795,0.01130486,-0.9987505,0.009253202,0.04911405,0,0,0,-18.21227,0.644715,-0.2666779,-0.02236485,-0.6655056,-0.7460581,0,0,0,-18.54321,0.7706667,0.2416382,-0.7241477,-0.6198583,0.3023013,0,0,0,0.1821575
1732482656390,-18.48384,1.527795,0.01130486,-0.9987505,0.009253202,0.04911405,0,0,0,-18.21227,0.644715,-0.2666779,-0.02236485,-0.6655056,-0.7460581,0,0,0,-18.54321,0.7706667,0.2416382,-0.7241477,-0.6198583,0.3023013,0,0,0,0.1821575
1732482656398,-18.48384,1.527795,0.01130486,-0.9987505,0.009253202,0.04911405,0,0,0,-18.21227,0.644715,-0.2666779,-0.02236485,-0.6655056,-0.7460581,0,0,0,-18.54321,0.7706667,0.2416382,-0.7241477,-0.6198583,0.3023013,0,0,0,0.1821575
1732482656414,-18.53707,1.533831,0.008869171,-0.9976342,-0.001224135,0.0687393,-3.992558,0.4527032,-0.1826763,-18.28834,0.6466566,-0.2772655,-0.04001138,-0.6450492,-0.7630934,-5.705309,0.1456171,-0.7940769,-18.62687,0.7558758,0.2454929,-0.6401911,-0.6796651,0.3580657,-6.274939,-1.109317,0.2891064,0.1821575
1732482656423,-18.53707,1.533831,0.008869171,-0.9976342,-0.001224135,0.0687393,0,0,0,-18.28834,0.6466566,-0.2772655,-0.04001138,-0.6450492,-0.7630934,0,0,0,-18.62687,0.7558758,0.2454929,-0.6401911,-0.6796651,0.3580657,0,0,0,0.1821575
1732482656431,-18.53707,1.533831,0.008869171,-0.9976342,-0.001224135,0.0687393,0,0,0,-18.28834,0.6466566,-0.2772655,-0.04001138,-0.6450492,-0.7630934,0,0,0,-18.62687,0.7558758,0.2454929,-0.6401911,-0.6796651,0.3580657,0,0,0,0.1821575
1732482656455,-18.59029,1.540536,0.005474091,-0.9959639,0.008872226,0.08931756,-3.991699,0.5028784,-0.254631,-18.37042,0.6551901,-0.2825756,-0.09959325,-0.6678518,-0.7376013,-6.156063,0.6400153,-0.3982544,-18.65885,0.7572347,0.2508068,-0.5596814,-0.7452993,0.3623339,-2.398539,0.101915,0.3985405,0.1821575
1732482656464,-18.59029,1.540536,0.005474091,-0.9959639,0.008872226,0.08931756,0,0,0,-18.37042,0.6551901,-0.2825756,-0.09959325,-0.6678518,-0.7376013,0,0,0,-18.65885,0.7572347,0.2508068,-0.5596814,-0.7452993,0.3623339,0,0,0,0.1821575
1732482656472,-18.59029,1.540536,0.005474091,-0.9959639,0.008872226,0.08931756,0,0,0,-18.37042,0.6551901,-0.2825756,-0.09959325,-0.6678518,-0.7376013,0,0,0,-18.65885,0.7572347,0.2508068,-0.5596814,-0.7452993,0.3623339,0,0,0,0.1821575
1732482656497,-18.64302,1.549315,0.00227356,-0.9947308,0.02928367,0.09825283,-3.954792,0.6584823,-0.2400398,-18.4526,0.6639122,-0.2812672,-0.2123734,-0.663503,-0.7173995,-6.163502,0.6541595,0.09813309,-18.66776,0.7527196,0.2599945,-0.4937345,-0.7811975,0.3820432,-0.6677628,-0.3386289,0.6890774,0.1821575
1732482656505,-18.64302,1.549315,0.00227356,-0.9947308,0.02928367,0.09825283,0,0,0,-18.4526,0.6639122,-0.2812672,-0.2123734,-0.663503,-0.7173995,0,0,0,-18.66776,0.7527196,0.2599945,-0.4937345,-0.7811975,0.3820432,0,0,0,0.1821575
1732482656514,-18.64302,1.549315,0.00227356,-0.9947308,0.02928367,0.09825283,0,0,0,-18.4526,0.6639122,-0.2812672,-0.2123734,-0.663503,-0.7173995,0,0,0,-18.66776,0.7527196,0.2599945,-0.4937345,-0.7811975,0.3820432,0,0,0,0.1821575
1732482656539,-18.69512,1.558282,-0.0009613037,-0.9954683,0.02898881,0.09056973,-3.907585,0.6724834,-0.2426147,-18.40845,0.6798716,-0.2841473,-0.3751083,-0.6284573,-0.6814219,3.310919,1.196954,-0.2160072,-18.67913,0.7554459,0.2651253,-0.5004151,-0.8080168,0.3109569,-0.853157,0.2044693,0.3848076,0.1821575
1732482656549,-18.69512,1.558282,-0.0009613037,-0.9954683,0.02898881,0.09056973,0,0,0,-18.40845,0.6798716,-0.2841473,-0.3751083,-0.6284573,-0.6814219,0,0,0,-18.67913,0.7554459,0.2651253,-0.5004151,-0.8080168,0.3109569,0,0,0,0.1821575
1732482656557,-18.69512,1.558282,-0.0009613037,-0.9954683,0.02898881,0.09056973,0,0,0,-18.40845,0.6798716,-0.2841473,-0.3751083,-0.6284573,-0.6814219,0,0,0,-18.67913,0.7554459,0.2651253,-0.5004151,-0.8080168,0.3109569,0,0,0,0.1821575
1732482656591,-18.74682,1.566196,-0.003892899,-0.9970893,0.01407369,0.07493496,-3.877258,0.5935729,-0.2198696,-18.50475,0.7035657,-0.2728901,-0.531623,-0.5700375,-0.6264462,-7.222223,1.777053,0.8442879,-18.70665,0.7391486,0.2681122,-0.4877878,-0.8118965,0.3207606,-2.064085,-1.222301,0.2240181,0.1821575
1732482656599,-18.74682,1.566196,-0.003892899,-0.9970893,0.01407369,0.07493496,0,0,0,-18.50475,0.7035657,-0.2728901,-0.531623,-0.5700375,-0.6264462,0,0,0,-18.70665,0.7391486,0.2681122,-0.4877878,-0.8118965,0.3207606,0,0,0,0.1821575
1732482656606,-18.74682,1.566196,-0.003892899,-0.9970893,0.01407369,0.07493496,0,0,0,-18.50475,0.7035657,-0.2728901,-0.531623,-0.5700375,-0.6264462,0,0,0,-18.70665,0.7391486,0.2681122,-0.4877878,-0.8118965,0.3207606,0,0,0,0.1821575
1732482656613,-18.74682,1.566196,-0.003892899,-0.9970893,0.01407369,0.07493496,0,0,0,-18.50475,0.7035657,-0.2728901,-0.531623,-0.5700375,-0.6264462,0,0,0,-18.70665,0.7391486,0.2681122,-0.4877878,-0.8118965,0.3207606,0,0,0,0.1821575
1732482656631,-18.81481,1.570548,-0.006793976,-0.998358,9.38694E-05,0.05728406,-5.099201,0.3263891,-0.2175808,-18.58339,0.7265389,-0.2543526,-0.7419235,-0.4768521,-0.4713409,-5.898142,1.722993,1.390314,-18.74464,0.7465278,0.2821865,-0.4407396,-0.8228145,0.3587829,-2.849293,0.5534425,1.055574,0.1821575
1732482656638,-18.81481,1.570548,-0.006793976,-0.998358,9.38694E-05,0.05728406,0,0,0,-18.58339,0.7265389,-0.2543526,-0.7419235,-0.4768521,-0.4713409,0,0,0,-18.74464,0.7465278,0.2821865,-0.4407396,-0.8228145,0.3587829,0,0,0,0.1821575
1732482656644,-18.81481,1.570548,-0.006793976,-0.998358,9.38694E-05,0.05728406,0,0,0,-18.58339,0.7265389,-0.2543526,-0.7419235,-0.4768521,-0.4713409,0,0,0,-18.74464,0.7465278,0.2821865,-0.4407396,-0.8228145,0.3587829,0,0,0,0.1821575
1732482656662,-18.8657,1.57023,-0.00841713,-0.9983703,0.001509623,0.05705118,-3.816891,-0.0238359,-0.1217365,-18.66506,0.7534421,-0.2162151,-0.938169,-0.3015081,-0.1700944,-6.125164,2.017741,2.860308,-18.7704,0.7425609,0.2836475,-0.4190256,-0.8191889,0.3915957,-1.931763,-0.2975151,0.1095772,0.1821575
1732482656667,-18.8657,1.57023,-0.00841713,-0.9983703,0.001509623,0.05705118,0,0,0,-18.66506,0.7534421,-0.2162151,-0.938169,-0.3015081,-0.1700944,0,0,0,-18.7704,0.7425609,0.2836475,-0.4190256,-0.8191889,0.3915957,0,0,0,0.1821575
1732482656672,-18.8657,1.57023,-0.00841713,-0.9983703,0.001509623,0.05705118,0,0,0,-18.66506,0.7534421,-0.2162151,-0.938169,-0.3015081,-0.1700944,0,0,0,-18.7704,0.7425609,0.2836475,-0.4190256,-0.8191889,0.3915957,0,0,0,0.1821575
1732482656692,-18.89978,1.567079,-0.009838104,-0.9979507,0.007846474,0.06350809,-2.555752,-0.2363741,-0.1065731,-18.71253,0.7729262,-0.1921024,-0.9567168,-0.2373416,-0.1684122,-3.559971,1.461308,1.808453,-18.80452,0.7385145,0.2872677,-0.4066328,-0.813921,0.414949,-2.558899,-0.303483,0.2715111,0.1821575
1732482656697,-18.89978,1.567079,-0.009838104,-0.9979507,0.007846474,0.06350809,0,0,0,-18.71253,0.7729262,-0.1921024,-0.9567168,-0.2373416,-0.1684122,0,0,0,-18.80452,0.7385145,0.2872677,-0.4066328,-0.813921,0.414949,0,0,0,0.1821575
1732482656719,-18.93343,1.560143,-0.01116753,-0.9974242,0.01556344,0.07002181,-2.523994,-0.5201966,-0.09970665,-18.7529,0.7885082,-0.1796894,-0.9558033,-0.2026467,-0.2130145,-3.027964,1.168652,0.9309769,-18.83614,0.7323321,0.2903576,-0.38668,-0.8120797,0.4370417,-2.371788,-0.4636779,0.2317429,0.1821575
1732482656725,-18.93343,1.560143,-0.01116753,-0.9974242,0.01556344,0.07002181,0,0,0,-18.7529,0.7885082,-0.1796894,-0.9558033,-0.2026467,-0.2130145,0,0,0,-18.83614,0.7323321,0.2903576,-0.38668,-0.8120797,0.4370417,0,0,0,0.1821575
1732482656752,-18.96701,1.551943,-0.01213455,-0.9969343,0.005714808,0.07803541,-2.518272,-0.6149769,-0.07252693,-18.79507,0.8032542,-0.1730385,-0.964871,-0.1521622,-0.2141752,-3.162718,1.105951,0.4988194,-18.86703,0.7225384,0.2925282,-0.3599981,-0.8128555,0.4578946,-2.316999,-0.7345274,0.1627922,0.1821575
1732482656758,-18.96701,1.551943,-0.01213455,-0.9969343,0.005714808,0.07803541,0,0,0,-18.79507,0.8032542,-0.1730385,-0.964871,-0.1521622,-0.2141752,0,0,0,-18.86703,0.7225384,0.2925282,-0.3599981,-0.8128555,0.4578946,0,0,0,0.1821575
1732482656782,-19.00131,1.543973,-0.01278305,-0.9963297,0.01040487,0.08496654,-2.572918,-0.5977482,-0.04863739,-18.83732,0.8164384,-0.1672077,-0.9808263,-0.07567096,-0.1795944,-3.168583,0.9888098,0.4373074,-18.8983,0.7110049,0.2946625,-0.3249274,-0.8120291,0.4848001,-2.344751,-0.8650169,0.1600742,0.1821575
1732482656787,-19.00131,1.543973,-0.01278305,-0.9963297,0.01040487,0.08496654,0,0,0,-18.83732,0.8164384,-0.1672077,-0.9808263,-0.07567096,-0.1795944,0,0,0,-18.8983,0.7110049,0.2946625,-0.3249274,-0.8120291,0.4848001,0,0,0,0.1821575
1732482656809,-19.03614,1.536057,-0.01386261,-0.9963214,0.01283516,0.08473176,-2.612114,-0.5936891,-0.08096695,-18.87558,0.8274544,-0.1625938,-0.9838306,-0.005986929,-0.1790034,-2.870035,0.8262008,0.3460407,-18.92933,0.700973,0.2971363,-0.2980943,-0.8079715,0.5082542,-2.327156,-0.7523909,0.1855373,0.1821575
1732482656815,-19.03614,1.536057,-0.01386261,-0.9963214,0.01283516,0.08473176,0,0,0,-18.87558,0.8274544,-0.1625938,-0.9838306,-0.005986929,-0.1790034,0,0,0,-18.92933,0.700973,0.2971363,-0.2980943,-0.8079715,0.5082542,0,0,0,0.1821575
1732482656838,-19.07128,1.530223,-0.01490402,-0.9968519,0.0009416211,0.07928377,-2.635288,-0.4375935,-0.07810593,-18.90792,0.8358552,-0.1627674,-0.9746757,0.05038843,-0.2178741,-2.425289,0.6300643,-0.01301765,-18.96152,0.6929595,0.2996006,-0.2743176,-0.8053706,0.5254791,-2.414703,-0.6010115,0.1848221,0.1821575
1732482656846,-19.07128,1.530223,-0.01490402,-0.9968519,0.0009416211,0.07928377,0,0,0,-18.90792,0.8358552,-0.1627674,-0.9746757,0.05038843,-0.2178741,0,0,0,-18.96152,0.6929595,0.2996006,-0.2743176,-0.8053706,0.5254791,0,0,0,0.1821575
1732482656866,-19.1067,1.527345,-0.01517677,-0.9972898,-0.0062567,0.07330906,-2.656174,-0.2158016,-0.02045631,-18.94577,0.8432828,-0.1675415,-0.9585785,0.05880985,-0.2786919,-2.838993,0.557068,-0.358057,-18.99708,0.6889448,0.3007603,-0.2602693,-0.80416,0.5344031,-2.666759,-0.3011003,0.0869751,0.1825202
1732482656872,-19.1067,1.527345,-0.01517677,-0.9972898,-0.0062567,0.07330906,0,0,0,-18.94577,0.8432828,-0.1675415,-0.9585785,0.05880985,-0.2786919,0,0,0,-18.99708,0.6889448,0.3007603,-0.2602693,-0.80416,0.5344031,0,0,0,0.1825202
1732482656877,-19.1067,1.527345,-0.01517677,-0.9972898,-0.0062567,0.07330906,0,0,0,-18.94577,0.8432828,-0.1675415,-0.9585785,0.05880985,-0.2786919,0,0,0,-18.99708,0.6889448,0.3007603,-0.2602693,-0.80416,0.5344031,0,0,0,0.1825202
1732482656908,-19.14278,1.525732,-0.0140934,-0.9972526,0.002833273,0.07402581,-2.706528,-0.1210123,0.08125305,-19.15405,0.8236608,-0.1750298,-0.9274021,0.03306338,-0.3726026,-15.6209,-1.471652,-0.5616188,-19.03592,0.6896796,0.3000793,-0.2705249,-0.8080992,0.5232515,-2.913237,0.05510598,-0.05106926,0.1825202
1732482656914,-19.14278,1.525732,-0.0140934,-0.9972526,0.002833273,0.07402581,0,0,0,-19.15405,0.8236608,-0.1750298,-0.9274021,0.03306338,-0.3726026,0,0,0,-19.03592,0.6896796,0.3000793,-0.2705249,-0.8080992,0.5232515,0,0,0,0.1825202
1732482656949,-19.19634,1.533011,-0.01302338,-0.9971426,-0.0273333,0.07042694,-4.01659,0.5459815,0.08025169,-19.45999,0.8360165,-0.1720848,-0.8931738,-0.05078763,-0.4468354,-22.94526,0.9266764,0.220871,-19.09755,0.692671,0.2977028,-0.288018,-0.8082161,0.5136464,-4.621696,0.2243578,-0.1782417,0.1850724
1732482656955,-19.19634,1.533011,-0.01302338,-0.9971426,-0.0273333,0.07042694,0,0,0,-19.45999,0.8360165,-0.1720848,-0.8931738,-0.05078763,-0.4468354,0,0,0,-19.09755,0.692671,0.2977028,-0.288018,-0.8082161,0.5136464,0,0,0,0.1850724
1732482656960,-19.19634,1.533011,-0.01302338,-0.9971426,-0.0273333,0.07042694,0,0,0,-19.45999,0.8360165,-0.1720848,-0.8931738,-0.05078763,-0.4468354,0,0,0,-19.09755,0.692671,0.2977028,-0.288018,-0.8082161,0.5136464,0,0,0,0.1850724
1732482656978,-19.25044,1.538173,-0.01204681,-0.9978151,-0.01497091,0.06435049,-4.057503,0.3871053,0.07324219,-19.49931,0.8111265,-0.1752987,-0.8741257,-0.1457243,-0.4633241,-2.949142,-1.866746,-0.2410412,-19.16122,0.7013431,0.2985229,-0.2772922,-0.8173424,0.5050355,-4.77562,0.6504044,0.06151199,0.1850724
1732482656983,-19.25044,1.538173,-0.01204681,-0.9978151,-0.01497091,0.06435049,0,0,0,-19.49931,0.8111265,-0.1752987,-0.8741257,-0.1457243,-0.4633241,0,0,0,-19.16122,0.7013431,0.2985229,-0.2772922,-0.8173424,0.5050355,0,0,0,0.1850724
1732482656988,-19.25044,1.538173,-0.01204681,-0.9978151,-0.01497091,0.06435049,0,0,0,-19.49931,0.8111265,-0.1752987,-0.8741257,-0.1457243,-0.4633241,0,0,0,-19.16122,0.7013431,0.2985229,-0.2772922,-0.8173424,0.5050355,0,0,0,0.1850724
1732482657020,-19.28591,1.540442,-0.01129341,-0.9979751,0.01997964,0.06038898,-2.660322,0.1701593,0.0565052,-19.50683,0.7885453,-0.1780586,-0.8579261,-0.2240245,-0.4623597,-0.5637646,-1.693591,-0.206995,-19.20253,0.7070723,0.2986774,-0.3051391,-0.8089169,0.5025374,-3.098345,0.4296899,0.01158714,0.1850724
1732482657025,-19.28591,1.540442,-0.01129341,-0.9979751,0.01997964,0.06038898,0,0,0,-19.50683,0.7885453,-0.1780586,-0.8579261,-0.2240245,-0.4623597,0,0,0,-19.20253,0.7070723,0.2986774,-0.3051391,-0.8089169,0.5025374,0,0,0,0.1850724
1732482657030,-19.28591,1.540442,-0.01129341,-0.9979751,0.01997964,0.06038898,0,0,0,-19.50683,0.7885453,-0.1780586,-0.8579261,-0.2240245,-0.4623597,0,0,0,-19.20253,0.7070723,0.2986774,-0.3051391,-0.8089169,0.5025374,0,0,0,0.1850724
1732482657060,-19.34003,1.548233,-0.01127625,-0.9981689,0.02722083,0.05402011,-4.059076,0.584355,0.00128746,-19.50946,0.7549617,-0.1841736,-0.8489515,-0.3471764,-0.398435,-0.1971245,-2.518773,-0.458622,-19.18158,0.7066169,0.3016968,-0.3586624,-0.7960881,0.4874476,1.571417,-0.03414899,0.22645,0.1850724
1732482657065,-19.34003,1.548233,-0.01127625,-0.9981689,0.02722083,0.05402011,0,0,0,-19.50946,0.7549617,-0.1841736,-0.8489515,-0.3471764,-0.398435,0,0,0,-19.18158,0.7066169,0.3016968,-0.3586624,-0.7960881,0.4874476,0,0,0,0.1850724
1732482657071,-19.34003,1.548233,-0.01127625,-0.9981689,0.02722083,0.05402011,0,0,0,-19.50946,0.7549617,-0.1841736,-0.8489515,-0.3471764,-0.398435,0,0,0,-19.18158,0.7066169,0.3016968,-0.3586624,-0.7960881,0.4874476,0,0,0,0.1850724
1732482657101,-19.39367,1.555839,-0.01232719,-0.9985291,0.02166085,0.04970747,-4.023457,0.5704165,-0.07882118,-19.50135,0.7298768,-0.1948051,-0.8392935,-0.4197071,-0.3455908,0.6076813,-1.881364,-0.7973671,-19.24941,0.7161071,0.2966537,-0.4232157,-0.7842961,0.4536168,-5.087614,0.7117644,-0.3782272,0.1850724
1732482657107,-19.39367,1.555839,-0.01232719,-0.9985291,0.02166085,0.04970747,0,0,0,-19.50135,0.7298768,-0.1948051,-0.8392935,-0.4197071,-0.3455908,0,0,0,-19.24941,0.7161071,0.2966537,-0.4232157,-0.7842961,0.4536168,0,0,0,0.1850724
1732482657111,-19.39367,1.555839,-0.01232719,-0.9985291,0.02166085,0.04970747,0,0,0,-19.50135,0.7298768,-0.1948051,-0.8392935,-0.4197071,-0.3455908,0,0,0,-19.24941,0.7161071,0.2966537,-0.4232157,-0.7842961,0.4536168,0,0,0,0.1850724
1732482657142,-19.44737,1.561897,-0.01369476,-0.9985495,0.02099497,0.04958338,-4.027462,0.4543662,-0.1025677,-19.4899,0.712328,-0.2123814,-0.7812538,-0.5074077,-0.3635663,0.8590221,-1.316164,-1.318216,-19.31544,0.7270889,0.286356,-0.497171,-0.7672355,0.4051802,-4.951859,0.8236349,-0.7723331,0.1850724
1732482657148,-19.44737,1.561897,-0.01369476,-0.9985495,0.02099497,0.04958338,0,0,0,-19.4899,0.712328,-0.2123814,-0.7812538,-0.5074077,-0.3635663,0,0,0,-19.31544,0.7270889,0.286356,-0.497171,-0.7672355,0.4051802,0,0,0,0.1850724
1732482657153,-19.44737,1.561897,-0.01369476,-0.9985495,0.02099497,0.04958338,0,0,0,-19.4899,0.712328,-0.2123814,-0.7812538,-0.5074077,-0.3635663,0,0,0,-19.31544,0.7270889,0.286356,-0.497171,-0.7672355,0.4051802,0,0,0,0.1850724
1732482657184,-19.50072,1.563281,-0.01549149,-0.9986913,0.01911785,0.04744321,-4.000854,0.1038104,-0.1347542,-19.48114,0.7010208,-0.2318916,-0.6429042,-0.6095843,-0.463769,0.6568909,-0.8480385,-1.46327,-19.37384,0.7367175,0.2747765,-0.5442424,-0.7594815,0.3563543,-4.37994,0.7221401,-0.8684635,0.1850724
1732482657189,-19.50072,1.563281,-0.01549149,-0.9986913,0.01911785,0.04744321,0,0,0,-19.48114,0.7010208,-0.2318916,-0.6429042,-0.6095843,-0.463769,0,0,0,-19.37384,0.7367175,0.2747765,-0.5442424,-0.7594815,0.3563543,0,0,0,0.1850724
1732482657196,-19.50072,1.563281,-0.01549149,-0.9986913,0.01911785,0.04744321,0,0,0,-19.48114,0.7010208,-0.2318916,-0.6429042,-0.6095843,-0.463769,0,0,0,-19.37384,0.7367175,0.2747765,-0.5442424,-0.7594815,0.3563543,0,0,0,0.1850724
1732482657225,-19.55483,1.559939,-0.01741791,-0.9988263,0.02442518,0.04182965,-4.058361,-0.2506167,-0.1444817,-19.47402,0.6902705,-0.2507114,-0.5045,-0.6584463,-0.5585059,0.5340099,-0.806272,-1.411486,-19.44048,0.745436,0.2651825,-0.590472,-0.7330986,0.337505,-4.998207,0.6538913,-0.7195473,0.1850724
1732482657231,-19.55483,1.559939,-0.01741791,-0.9988263,0.02442518,0.04182965,0,0,0,-19.47402,0.6902705,-0.2507114,-0.5045,-0.6584463,-0.5585059,0,0,0,-19.44048,0.745436,0.2651825,-0.590472,-0.7330986,0.337505,0,0,0,0.1850724
1732482657236,-19.55483,1.559939,-0.01741791,-0.9988263,0.02442518,0.04182965,0,0,0,-19.47402,0.6902705,-0.2507114,-0.5045,-0.6584463,-0.5585059,0,0,0,-19.44048,0.745436,0.2651825,-0.590472,-0.7330986,0.337505,0,0,0,0.1850724
1732482657253,-19.6091,1.55185,-0.01895332,-0.9990056,0.02333726,0.03799307,-4.070091,-0.6067157,-0.1151562,-19.46737,0.6805077,-0.2675362,-0.3902052,-0.665871,-0.6358902,0.4991055,-0.7322118,-1.261854,-19.50998,0.7525231,0.2573872,-0.6570371,-0.689652,0.3044382,-5.212784,0.5315289,-0.58465,0.1850724
1732482657259,-19.6091,1.55185,-0.01895332,-0.9990056,0.02333726,0.03799307,0,0,0,-19.46737,0.6805077,-0.2675362,-0.3902052,-0.665871,-0.6358902,0,0,0,-19.50998,0.7525231,0.2573872,-0.6570371,-0.689652,0.3044382,0,0,0,0.1850724
1732482657264,-19.6091,1.55185,-0.01895332,-0.9990056,0.02333726,0.03799307,0,0,0,-19.46737,0.6805077,-0.2675362,-0.3902052,-0.665871,-0.6358902,0,0,0,-19.50998,0.7525231,0.2573872,-0.6570371,-0.689652,0.3044382,0,0,0,0.1850724
1732482657281,-19.6452,1.544573,-0.01920128,-0.9990112,0.02337192,0.03782231,-2.707529,-0.5457759,-0.01859665,-19.46535,0.6761743,-0.2758904,-0.309237,-0.6716114,-0.6732839,0.1514912,-0.3249988,-0.626564,-19.55051,0.7553769,0.2529182,-0.6936039,-0.661235,0.2858011,-3.039408,0.2140403,-0.3351688,0.1850724
1732482657287,-19.6452,1.544573,-0.01920128,-0.9990112,0.02337192,0.03782231,0,0,0,-19.46535,0.6761743,-0.2758904,-0.309237,-0.6716114,-0.6732839,0,0,0,-19.55051,0.7553769,0.2529182,-0.6936039,-0.661235,0.2858011,0,0,0,0.1850724
1732482657322,-19.68187,1.537565,-0.01910782,-0.9988539,0.02813424,0.03872919,-2.750587,-0.5255878,0.007009506,-19.46621,0.6733363,-0.2820396,-0.2242099,-0.6775334,-0.7004849,-0.06437302,-0.2128556,-0.4611969,-19.58713,0.7567549,0.2500858,-0.7182367,-0.6379098,0.2778621,-2.746582,0.10335,-0.212431,0.1850724
1732482657329,-19.68187,1.537565,-0.01910782,-0.9988539,0.02813424,0.03872919,0,0,0,-19.46621,0.6733363,-0.2820396,-0.2242099,-0.6775334,-0.7004849,0,0,0,-19.58713,0.7567549,0.2500858,-0.7182367,-0.6379098,0.2778621,0,0,0,0.1850724
1732482657364,-19.7373,1.525525,-0.01931381,-0.9983622,0.03454213,0.04560781,-4.157209,-0.9030104,-0.01544952,-19.47605,0.6713891,-0.286768,-0.1216867,-0.6880625,-0.7153759,-0.7380009,-0.1460373,-0.3546238,-19.65034,0.7563427,0.2465839,-0.7400526,-0.6139544,0.2745588,-4.740858,-0.03091693,-0.2626419,0.1850724
1732482657369,-19.7373,1.525525,-0.01931381,-0.9983622,0.03454213,0.04560781,0,0,0,-19.47605,0.6713891,-0.286768,-0.1216867,-0.6880625,-0.7153759,0,0,0,-19.65034,0.7563427,0.2465839,-0.7400526,-0.6139544,0.2745588,0,0,0,0.1850724
1732482657375,-19.7373,1.525525,-0.01931381,-0.9983622,0.03454213,0.04560781,0,0,0,-19.47605,0.6713891,-0.286768,-0.1216867,-0.6880625,-0.7153759,0,0,0,-19.65034,0.7563427,0.2465839,-0.7400526,-0.6139544,0.2745588,0,0,0,0.1850724
1732482657393,-19.79352,1.528747,-0.01907349,-0.9981346,0.0223585,0.05681407,-4.216003,0.241667,0.01802444,-19.49792,0.6807662,-0.2899265,-0.03142291,-0.6932217,-0.7200395,-1.640797,0.7032841,-0.2368927,-19.71689,0.7634314,0.2457333,-0.7450442,-0.6007521,0.2898383,-4.991055,0.5316541,-0.06380081,0.1958203
1732482657399,-19.79352,1.528747,-0.01907349,-0.9981346,0.0223585,0.05681407,0,0,0,-19.49792,0.6807662,-0.2899265,-0.03142291,-0.6932217,-0.7200395,0,0,0,-19.71689,0.7634314,0.2457333,-0.7450442,-0.6007521,0.2898383,0,0,0,0.1958203
1732482657405,-19.79352,1.528747,-0.01907349,-0.9981346,0.0223585,0.05681407,0,0,0,-19.49792,0.6807662,-0.2899265,-0.03142291,-0.6932217,-0.7200395,0,0,0,-19.71689,0.7634314,0.2457333,-0.7450442,-0.6007521,0.2898383,0,0,0,0.1958203
1732482657410,-19.79352,1.528747,-0.01907349,-0.9981346,0.0223585,0.05681407,0,0,0,-19.49792,0.6807662,-0.2899265,-0.03142291,-0.6932217,-0.7200395,0,0,0,-19.71689,0.7634314,0.2457333,-0.7450442,-0.6007521,0.2898383,0,0,0,0.1958203
1732482657434,-19.8309,1.527513,-0.01988411,-0.9976497,0.02615907,0.06333452,-2.803946,-0.09258986,-0.06079674,-19.53412,0.6808836,-0.2913933,0.0003409684,-0.6785733,-0.7345331,-2.714825,0.008806586,-0.1100063,-19.76318,0.760592,0.2478352,-0.725673,-0.6092933,0.3196256,-3.471851,-0.212954,0.1576424,0.196157
1732482657440,-19.8309,1.527513,-0.01988411,-0.9976497,0.02615907,0.06333452,0,0,0,-19.53412,0.6808836,-0.2913933,0.0003409684,-0.6785733,-0.7345331,0,0,0,-19.76318,0.760592,0.2478352,-0.725673,-0.6092933,0.3196256,0,0,0,0.196157
1732482657475,-19.8863,1.532091,-0.02060127,-0.9974374,-0.005340703,0.0713492,-4.154491,0.3433943,-0.05378723,-19.5859,0.6800818,-0.2928295,0.05171436,-0.6627635,-0.7470415,-3.883266,-0.0601396,-0.1077175,-19.80409,0.7575881,0.2528572,-0.6766896,-0.6404153,0.3632626,-3.068161,-0.2252966,0.3766537,0.1973362
1732482657481,-19.8863,1.532091,-0.02060127,-0.9974374,-0.005340703,0.0713492,0,0,0,-19.5859,0.6800818,-0.2928295,0.05171436,-0.6627635,-0.7470415,0,0,0,-19.80409,0.7575881,0.2528572,-0.6766896,-0.6404153,0.3632626,0,0,0,0.1973362
1732482657505,-19.94147,1.535833,-0.01946068,-0.9967976,0.002874214,0.07991618,-4.137754,0.2806127,0.08554459,-19.67649,0.6812853,-0.2950649,-0.01772419,-0.6549908,-0.7554293,-6.794786,0.0902608,-0.1676559,-19.85173,0.7505934,0.2639198,-0.5776173,-0.7043912,0.4125425,-3.572845,-0.5245999,0.8296967,0.1973362
1732482657510,-19.94147,1.535833,-0.01946068,-0.9967976,0.002874214,0.07991618,0,0,0,-19.67649,0.6812853,-0.2950649,-0.01772419,-0.6549908,-0.7554293,0,0,0,-19.85173,0.7505934,0.2639198,-0.5776173,-0.7043912,0.4125425,0,0,0,0.1973362
1732482657515,-19.94147,1.535833,-0.01946068,-0.9967976,0.002874214,0.07991618,0,0,0,-19.67649,0.6812853,-0.2950649,-0.01772419,-0.6549908,-0.7554293,0,0,0,-19.85173,0.7505934,0.2639198,-0.5776173,-0.7043912,0.4125425,0,0,0,0.1973362
1732482657534,-19.97829,1.539202,-0.01970291,-0.996323,0.01974422,0.08337069,-2.761745,0.252673,-0.0181675,-19.73808,0.6849918,-0.2963848,-0.07236901,-0.6688202,-0.7398937,-4.618692,0.2779931,-0.09899139,-19.92208,0.7213798,0.2720242,-0.5124775,-0.7459586,0.4253384,-5.276442,-2.191025,0.6078243,0.1973362
1732482657540,-19.97829,1.539202,-0.01970291,-0.996323,0.01974422,0.08337069,0,0,0,-19.73808,0.6849918,-0.2963848,-0.07236901,-0.6688202,-0.7398937,0,0,0,-19.92208,0.7213798,0.2720242,-0.5124775,-0.7459586,0.4253384,0,0,0,0.1973362
1732482657545,-19.97829,1.539202,-0.01970291,-0.996323,0.01974422,0.08337069,0,0,0,-19.73808,0.6849918,-0.2963848,-0.07236901,-0.6688202,-0.7398937,0,0,0,-19.92208,0.7213798,0.2720242,-0.5124775,-0.7459586,0.4253384,0,0,0,0.1973362
1732482657575,-20.01457,1.546375,-0.02026749,-0.9953573,0.04241523,0.08639956,-2.720833,0.5379707,-0.04234314,-19.79607,0.6879512,-0.2946568,-0.1377799,-0.6708922,-0.7286437,-4.34947,0.2219528,0.1296043,-19.94173,0.7157764,0.2727356,-0.4725861,-0.7684731,0.4314067,-1.473999,-0.4202485,0.05335808,0.1973362
1732482657581,-20.01457,1.546375,-0.02026749,-0.9953573,0.04241523,0.08639956,0,0,0,-19.79607,0.6879512,-0.2946568,-0.1377799,-0.6708922,-0.7286437,0,0,0,-19.94173,0.7157764,0.2727356,-0.4725861,-0.7684731,0.4314067,0,0,0,0.1973362
1732482657615,-20.06821,1.55394,-0.02101707,-0.9952164,0.04520331,0.08661187,-4.02317,0.5674124,-0.0562191,-19.72726,0.7037944,-0.2978954,-0.291828,-0.651919,-0.6998849,5.160856,1.188236,-0.2429008,-19.97302,0.7129236,0.2699089,-0.4371184,-0.7976913,0.4154713,-2.346754,-0.2139643,-0.2120018,0.1973362
1732482657622,-20.06821,1.55394,-0.02101707,-0.9952164,0.04520331,0.08661187,0,0,0,-19.72726,0.7037944,-0.2978954,-0.291828,-0.651919,-0.6998849,0,0,0,-19.97302,0.7129236,0.2699089,-0.4371184,-0.7976913,0.4154713,0,0,0,0.1973362
1732482657627,-20.06821,1.55394,-0.02101707,-0.9952164,0.04520331,0.08661187,0,0,0,-19.72726,0.7037944,-0.2978954,-0.291828,-0.651919,-0.6998849,0,0,0,-19.97302,0.7129236,0.2699089,-0.4371184,-0.7976913,0.4154713,0,0,0,0.1973362
1732482657644,-20.12097,1.560901,-0.01931381,-0.9969341,0.0195866,0.07575911,-3.957367,0.5220652,0.1277447,-19.83412,0.7231565,-0.2827492,-0.4831239,-0.6079278,-0.6300917,-8.014441,1.452161,1.135969,-20.0323,0.7273008,0.2596626,-0.4665827,-0.8142161,0.3454749,-4.445887,1.078288,-0.7684708,0.1973362
1732482657650,-20.12097,1.560901,-0.01931381,-0.9969341,0.0195866,0.07575911,0,0,0,-19.83412,0.7231565,-0.2827492,-0.4831239,-0.6079278,-0.6300917,0,0,0,-20.0323,0.7273008,0.2596626,-0.4665827,-0.8142161,0.3454749,0,0,0,0.1973362
1732482657655,-20.12097,1.560901,-0.01931381,-0.9969341,0.0195866,0.07575911,0,0,0,-19.83412,0.7231565,-0.2827492,-0.4831239,-0.6079278,-0.6300917,0,0,0,-20.0323,0.7273008,0.2596626,-0.4665827,-0.8142161,0.3454749,0,0,0,0.1973362
1732482657685,-20.15587,1.563941,-0.01906395,-0.9977442,0.01277694,0.06590617,-2.61755,0.2280235,0.0187397,-19.8889,0.7360778,-0.2705669,-0.5817013,-0.5734955,-0.5768248,-4.108715,0.9690955,0.9136677,-20.07129,0.7322294,0.2581406,-0.4480198,-0.821003,0.3538821,-2.923679,0.3696442,-0.1141548,0.1973362
1732482657691,-20.15587,1.563941,-0.01906395,-0.9977442,0.01277694,0.06590617,0,0,0,-19.8889,0.7360778,-0.2705669,-0.5817013,-0.5734955,-0.5768248,0,0,0,-20.07129,0.7322294,0.2581406,-0.4480198,-0.821003,0.3538821,0,0,0,0.1973362
1732482657696,-20.15587,1.563941,-0.01906395,-0.9977442,0.01277694,0.06590617,0,0,0,-19.8889,0.7360778,-0.2705669,-0.5817013,-0.5734955,-0.5768248,0,0,0,-20.07129,0.7322294,0.2581406,-0.4480198,-0.821003,0.3538821,0,0,0,0.1973362
1732482657713,-20.20807,1.566016,-0.0165062,-0.9985595,0.008751269,0.05294114,-3.915024,0.155586,0.1918316,-19.97359,0.7592731,-0.242506,-0.7593131,-0.4802021,-0.4391465,-6.351328,1.739649,2.104568,-20.12668,0.7349598,0.2646694,-0.4283463,-0.8218451,0.3756201,-4.154634,0.2047867,0.4896641,0.1973362
1732482657718,-20.20807,1.566016,-0.0165062,-0.9985595,0.008751269,0.05294114,0,0,0,-19.97359,0.7592731,-0.242506,-0.7593131,-0.4802021,-0.4391465,0,0,0,-20.12668,0.7349598,0.2646694,-0.4283463,-0.8218451,0.3756201,0,0,0,0.1973362
1732482657724,-20.20807,1.566016,-0.0165062,-0.9985595,0.008751269,0.05294114,0,0,0,-19.97359,0.7592731,-0.242506,-0.7593131,-0.4802021,-0.4391465,0,0,0,-20.12668,0.7349598,0.2646694,-0.4283463,-0.8218451,0.3756201,0,0,0,0.1973362
1732482657741,-20.24309,1.565334,-0.0155468,-0.9986664,0.01155019,0.05032456,-2.626419,-0.05113184,0.07195473,-20.02961,0.7762014,-0.2238159,-0.889034,-0.3715413,-0.2675364,-4.201984,1.269624,1.401758,-20.11226,0.7337555,0.2651157,-0.4165402,-0.8203275,0.3918636,1.081467,-0.09032339,0.03347397,0.1973362
1732482657746,-20.24309,1.565334,-0.0155468,-0.9986664,0.01155019,0.05032456,0,0,0,-20.02961,0.7762014,-0.2238159,-0.889034,-0.3715413,-0.2675364,0,0,0,-20.11226,0.7337555,0.2651157,-0.4165402,-0.8203275,0.3918636,0,0,0,0.1973362
1732482657768,-20.27835,1.562486,-0.01391411,-0.9985565,0.01370466,0.0519383,-2.644444,-0.213629,0.1224518,-20.07428,0.792401,-0.2016487,-0.9452077,-0.2852205,-0.1588463,-3.350401,1.214965,1.66254,-20.13919,0.7343414,0.2690296,-0.4031901,-0.8185521,0.4091581,-2.019882,0.04394352,0.293541,0.1973362
1732482657796,-20.31338,1.556694,-0.01254463,-0.9980361,0.01416058,0.06102306,-2.627277,-0.434348,0.1027107,-20.1152,0.8083667,-0.1822548,-0.9580907,-0.2264126,-0.175499,-3.068447,1.197428,1.454544,-20.16965,0.733394,0.2732964,-0.3833973,-0.8161144,0.4323934,-2.284527,-0.07105619,0.3200054,0.1973362
1732482657802,-20.31338,1.556694,-0.01254463,-0.9980361,0.01416058,0.06102306,0,0,0,-20.1152,0.8083667,-0.1822548,-0.9580907,-0.2264126,-0.175499,0,0,0,-20.16965,0.733394,0.2732964,-0.3833973,-0.8161144,0.4323934,0,0,0,0.1973362
1732482657824,-20.34822,1.548358,-0.01198387,-0.9969895,0.004186044,0.07742554,-2.612686,-0.6251872,0.04205704,-20.16334,0.8261651,-0.1715794,-0.9588134,-0.1768146,-0.2222919,-3.610754,1.334886,0.8006573,-20.20465,0.7293699,0.2777462,-0.3534455,-0.8169092,0.4557803,-2.624416,-0.3018066,0.3337383,0.1973362
1732482657830,-20.34822,1.548358,-0.01198387,-0.9969895,0.004186044,0.07742554,0,0,0,-20.16334,0.8261651,-0.1715794,-0.9588134,-0.1768146,-0.2222919,0,0,0,-20.20465,0.7293699,0.2777462,-0.3534455,-0.8169092,0.4557803,0,0,0,0.1973362
1732482657835,-20.34822,1.548358,-0.01198387,-0.9969895,0.004186044,0.07742554,0,0,0,-20.16334,0.8261651,-0.1715794,-0.9588134,-0.1768146,-0.2222919,0,0,0,-20.20465,0.7293699,0.2777462,-0.3534455,-0.8169092,0.4557803,0,0,0,0.1973362
1732482657851,-20.38331,1.539326,-0.01144409,-0.9958659,-0.001157938,0.09083122,-2.631712,-0.6774008,0.04048347,-20.21051,0.8424182,-0.1653252,-0.9753532,-0.1024539,-0.1954226,-3.537798,1.218979,0.4690647,-20.23858,0.7216293,0.2815571,-0.3228813,-0.8179028,0.4762173,-2.545309,-0.5805507,0.2858162,0.1973362
1732482657857,-20.38331,1.539326,-0.01144409,-0.9958659,-0.001157938,0.09083122,0,0,0,-20.21051,0.8424182,-0.1653252,-0.9753532,-0.1024539,-0.1954226,0,0,0,-20.23858,0.7216293,0.2815571,-0.3228813,-0.8179028,0.4762173,0,0,0,0.1973362
1732482657893,-20.41854,1.530107,-0.01054192,-0.9950141,-0.005861826,0.09956276,-2.642584,-0.6914914,0.06766319,-20.2423,0.851871,-0.1597977,-0.9862382,-0.03257084,-0.162092,-2.384377,0.7089615,0.4145622,-20.25991,0.7151722,0.2846756,-0.2950155,-0.8162256,0.496731,-1.599312,-0.4842818,0.2338886,0.1973362
1732482657898,-20.41854,1.530107,-0.01054192,-0.9950141,-0.005861826,0.09956276,0,0,0,-20.2423,0.851871,-0.1597977,-0.9862382,-0.03257084,-0.162092,0,0,0,-20.25991,0.7151722,0.2846756,-0.2950155,-0.8162256,0.496731,0,0,0,0.1973362
1732482657921,-20.47216,1.527859,-0.01076317,-0.9945649,-0.01925283,0.1023245,-4.021025,-0.1685321,-0.01659393,-20.75887,0.7473494,-0.1430683,-0.9814887,0.05880237,-0.1822709,-38.74283,-7.839122,1.254702,-20.29682,0.7107216,0.2891445,-0.2676409,-0.8089179,0.5234694,-2.768755,-0.333792,0.3351688,0.2038605
1732482657927,-20.47216,1.527859,-0.01076317,-0.9945649,-0.01925283,0.1023245,0,0,0,-20.75887,0.7473494,-0.1430683,-0.9814887,0.05880237,-0.1822709,0,0,0,-20.29682,0.7107216,0.2891445,-0.2676409,-0.8089179,0.5234694,0,0,0,0.2038605
1732482657932,-20.47216,1.527859,-0.01076317,-0.9945649,-0.01925283,0.1023245,0,0,0,-20.75887,0.7473494,-0.1430683,-0.9814887,0.05880237,-0.1822709,0,0,0,-20.29682,0.7107216,0.2891445,-0.2676409,-0.8089179,0.5234694,0,0,0,0.2038605
1732482657950,-20.50832,1.528519,-0.0103817,-0.9952227,-0.01755934,0.09604007,-2.711964,0.04947782,0.02861023,-20.81896,0.7640456,-0.1624069,-0.9635515,0.07644758,-0.2563688,-4.506254,1.252216,-1.450396,-20.34565,0.7020718,0.2962799,-0.2651466,-0.8096504,0.5236064,-3.66168,-0.648737,0.5351543,0.2061682
1732482657956,-20.50832,1.528519,-0.0103817,-0.9952227,-0.01755934,0.09604007,0,0,0,-20.81896,0.7640456,-0.1624069,-0.9635515,0.07644758,-0.2563688,0,0,0,-20.34565,0.7020718,0.2962799,-0.2651466,-0.8096504,0.5236064,0,0,0,0.2061682
1732482657978,-20.54414,1.526408,-0.009941101,-0.9955778,-0.003967162,0.09386021,-2.687073,-0.1583576,0.03304482,-20.85135,0.8351727,-0.1558762,-0.9397638,0.06307447,-0.3359556,-2.429152,5.334534,0.4898071,-20.37424,0.6978658,0.2987328,-0.2689744,-0.8115048,0.518761,-2.144337,-0.3154457,0.1839638,0.2061682
1732482657984,-20.54414,1.526408,-0.009941101,-0.9955778,-0.003967162,0.09386021,0,0,0,-20.85135,0.8351727,-0.1558762,-0.9397638,0.06307447,-0.3359556,0,0,0,-20.37424,0.6978658,0.2987328,-0.2689744,-0.8115048,0.518761,0,0,0,0.2061682
1732482658005,-20.58045,1.531996,-0.008853912,-0.9955347,-0.024505,0.09116232,-2.723265,0.4191041,0.08153915,-20.88127,0.8585303,-0.1560326,-0.9124717,0.005491883,-0.4091036,-2.244043,1.751818,-0.01173019,-20.41002,0.6945681,0.3003788,-0.291095,-0.8035908,0.5191395,-2.683496,-0.247331,0.1234531,0.2064333
1732482658011,-20.58045,1.531996,-0.008853912,-0.9955347,-0.024505,0.09116232,0,0,0,-20.88127,0.8585303,-0.1560326,-0.9124717,0.005491883,-0.4091036,0,0,0,-20.41002,0.6945681,0.3003788,-0.291095,-0.8035908,0.5191395,0,0,0,0.2064333
1732482658033,-20.61678,1.534935,-0.008712769,-0.9960457,-0.001735599,0.08882827,-2.724552,0.2204686,0.01058578,-20.90456,0.844512,-0.1604271,-0.8926998,-0.0555636,-0.4472139,-1.747084,-1.051372,-0.3295898,-20.44796,0.6959579,0.3022594,-0.2867711,-0.8011662,0.5252573,-2.845573,0.1042351,0.1410484,0.2064333
1732482658039,-20.61678,1.534935,-0.008712769,-0.9960457,-0.001735599,0.08882827,0,0,0,-20.90456,0.844512,-0.1604271,-0.8926998,-0.0555636,-0.4472139,0,0,0,-20.44796,0.6959579,0.3022594,-0.2867711,-0.8011662,0.5252573,0,0,0,0.2064333
1732482658061,-20.6536,1.541959,-0.007406235,-0.9957267,0.007927733,0.09200901,-2.761459,0.526768,0.09799004,-20.91952,0.822835,-0.1651497,-0.877793,-0.1291638,-0.4612989,-1.121807,-1.625772,-0.3541946,-20.48237,0.698732,0.3043156,-0.2915199,-0.8074459,0.5128815,-2.580929,0.208059,0.1542091,0.2064333
1732482658067,-20.6536,1.541959,-0.007406235,-0.9957267,0.007927733,0.09200901,0,0,0,-20.91952,0.822835,-0.1651497,-0.877793,-0.1291638,-0.4612989,0,0,0,-20.48237,0.698732,0.3043156,-0.2915199,-0.8074459,0.5128815,0,0,0,0.2064333
1732482658089,-20.68891,1.543777,-0.006895065,-0.9951091,0.01265177,0.09797102,-2.648449,0.1363724,0.03833771,-20.92945,0.7975163,-0.1662083,-0.8638088,-0.2207188,-0.4528995,-0.7452965,-1.898906,-0.07939339,-20.52106,0.7032456,0.304882,-0.3261075,-0.8017867,0.5007915,-2.902079,0.3385216,0.04248619,0.2064333
1732482658095,-20.68891,1.543777,-0.006895065,-0.9951091,0.01265177,0.09797102,0,0,0,-20.92945,0.7975163,-0.1662083,-0.8638088,-0.2207188,-0.4528995,0,0,0,-20.52106,0.7032456,0.304882,-0.3261075,-0.8017867,0.5007915,0,0,0,0.2064333
1732482658117,-20.72473,1.550625,-0.007585526,-0.9950319,0.006208426,0.09936565,-2.686214,0.5136073,-0.05178452,-20.93305,0.7706459,-0.165596,-0.8664606,-0.293028,-0.404204,-0.2699375,-2.015282,0.04591942,-20.56798,0.7106414,0.3027782,-0.3826845,-0.7798294,0.4953977,-3.518915,0.5546853,-0.1577854,0.2064333
1732482658123,-20.72473,1.550625,-0.007585526,-0.9950319,0.006208426,0.09936565,0,0,0,-20.93305,0.7706459,-0.165596,-0.8664606,-0.293028,-0.404204,0,0,0,-20.56798,0.7106414,0.3027782,-0.3826845,-0.7798294,0.4953977,0,0,0,0.2064333
1732482658128,-20.72473,1.550625,-0.007585526,-0.9950319,0.006208426,0.09936565,0,0,0,-20.93305,0.7706459,-0.165596,-0.8664606,-0.293028,-0.404204,0,0,0,-20.56798,0.7106414,0.3027782,-0.3826845,-0.7798294,0.4953977,0,0,0,0.2064333
1732482658145,-20.76025,1.555882,-0.008466721,-0.9955829,0.01182734,0.09314156,-2.664328,0.3942132,-0.06608963,-20.92613,0.748399,-0.1676731,-0.8780013,-0.3389262,-0.3379987,0.5191326,-1.668513,-0.1557827,-20.62051,0.720499,0.299511,-0.4348446,-0.76875,0.4689712,-3.939199,0.7393196,-0.2450466,0.2064333
1732482658151,-20.76025,1.555882,-0.008466721,-0.9955829,0.01182734,0.09314156,0,0,0,-20.92613,0.748399,-0.1676731,-0.8780013,-0.3389262,-0.3379987,0,0,0,-20.62051,0.720499,0.299511,-0.4348446,-0.76875,0.4689712,0,0,0,0.2064333
1732482658187,-20.79578,1.562279,-0.009885788,-0.9961823,0.004543781,0.08718139,-2.664185,0.4797846,-0.1064301,-20.91544,0.7361137,-0.173214,-0.867998,-0.3949746,-0.3009573,0.8016586,-0.9213969,-0.4155636,-20.65536,0.7270961,0.295126,-0.4764591,-0.7632766,0.4363437,-2.613831,0.4947826,-0.3288746,0.2064333
1732482658193,-20.79578,1.562279,-0.009885788,-0.9961823,0.004543781,0.08718139,0,0,0,-20.91544,0.7361137,-0.173214,-0.867998,-0.3949746,-0.3009573,0,0,0,-20.65536,0.7270961,0.295126,-0.4764591,-0.7632766,0.4363437,0,0,0,0.2064333
1732482658227,-20.84779,1.567003,-0.01268387,-0.9973557,-0.005634632,0.07245839,-3.901148,0.3543109,-0.209856,-20.89507,0.7158735,-0.1900253,-0.7999943,-0.5164323,-0.3054622,1.528072,-1.518018,-1.260853,-20.72055,0.7389101,0.2847366,-0.5269471,-0.7546402,0.3909542,-4.889202,0.8860454,-0.7791996,0.2064333
1732482658233,-20.84779,1.567003,-0.01268387,-0.9973557,-0.005634632,0.07245839,0,0,0,-20.89507,0.7158735,-0.1900253,-0.7999943,-0.5164323,-0.3054622,0,0,0,-20.72055,0.7389101,0.2847366,-0.5269471,-0.7546402,0.3909542,0,0,0,0.2064333
1732482658238,-20.84779,1.567003,-0.01268387,-0.9973557,-0.005634632,0.07245839,0,0,0,-20.89507,0.7158735,-0.1900253,-0.7999943,-0.5164323,-0.3054622,0,0,0,-20.72055,0.7389101,0.2847366,-0.5269471,-0.7546402,0.3909542,0,0,0,0.2064333
1732482658256,-20.89946,1.568081,-0.01642418,-0.9984277,-0.009091347,0.05531347,-3.874969,0.08084178,-0.2805233,-20.87945,0.7027848,-0.2113132,-0.6615478,-0.6345633,-0.3996058,1.171446,-0.9816483,-1.596594,-20.78926,0.7495796,0.2731323,-0.5582229,-0.7467563,0.361583,-5.153131,0.8002147,-0.8703232,0.2064333
1732482658262,-20.89946,1.568081,-0.01642418,-0.9984277,-0.009091347,0.05531347,0,0,0,-20.87945,0.7027848,-0.2113132,-0.6615478,-0.6345633,-0.3996058,0,0,0,-20.78926,0.7495796,0.2731323,-0.5582229,-0.7467563,0.361583,0,0,0,0.2064333
1732482658268,-20.89946,1.568081,-0.01642418,-0.9984277,-0.009091347,0.05531347,0,0,0,-20.87945,0.7027848,-0.2113132,-0.6615478,-0.6345633,-0.3996058,0,0,0,-20.78926,0.7495796,0.2731323,-0.5582229,-0.7467563,0.361583,0,0,0,0.2064333
1732482658283,-20.9343,1.567255,-0.01910019,-0.9989702,-0.002263209,0.04531914,-2.612972,-0.06192327,-0.2007008,-20.87287,0.6947342,-0.2263794,-0.5734015,-0.6750692,-0.4642122,0.4935265,-0.6037965,-1.129961,-20.83408,0.7550339,0.2680111,-0.5844833,-0.7303796,0.3534476,-3.361845,0.4090682,-0.3840923,0.2064333
1732482658289,-20.9343,1.567255,-0.01910019,-0.9989702,-0.002263209,0.04531914,0,0,0,-20.87287,0.6947342,-0.2263794,-0.5734015,-0.6750692,-0.4642122,0,0,0,-20.83408,0.7550339,0.2680111,-0.5844833,-0.7303796,0.3534476,0,0,0,0.2064333
1732482658294,-20.9343,1.567255,-0.01910019,-0.9989702,-0.002263209,0.04531914,0,0,0,-20.87287,0.6947342,-0.2263794,-0.5734015,-0.6750692,-0.4642122,0,0,0,-20.83408,0.7550339,0.2680111,-0.5844833,-0.7303796,0.3534476,0,0,0,0.2064333
1732482658311,-20.96917,1.563597,-0.02157974,-0.9993295,0.004219403,0.03637713,-2.615261,-0.2743542,-0.1859665,-20.86546,0.6876127,-0.2426014,-0.5033711,-0.6818123,-0.5308013,0.5560398,-0.5341172,-1.21665,-20.8706,0.7588497,0.2646656,-0.6152968,-0.7112359,0.3399317,-2.738714,0.2861917,-0.2509117,0.2064333
1732482658338,-21.00419,1.558276,-0.02341843,-0.9996087,0.005936617,0.02734095,-2.626848,-0.3990769,-0.1379013,-20.85899,0.6800648,-0.257925,-0.4379455,-0.6838238,-0.5836005,0.4850864,-0.5660892,-1.149273,-20.89902,0.7610725,0.2611027,-0.6484209,-0.6903198,0.3209504,-2.132034,0.1667038,-0.2672195,0.2064333
1732482658345,-21.00419,1.558276,-0.02341843,-0.9996087,0.005936617,0.02734095,0,0,0,-20.85899,0.6800648,-0.257925,-0.4379455,-0.6838238,-0.5836005,0,0,0,-20.89902,0.7610725,0.2611027,-0.6484209,-0.6903198,0.3209504,0,0,0,0.2064333
1732482658366,-21.03906,1.551757,-0.02509308,-0.9996693,0.007364416,0.02465099,-2.615404,-0.4888862,-0.1255989,-20.85499,0.6767778,-0.2721691,-0.3556152,-0.6773837,-0.6439643,0.2995491,-0.2465218,-1.068306,-20.94799,0.7635152,0.2564754,-0.6798007,-0.6680293,0.3026681,-3.672838,0.1832038,-0.3470421,0.2064333
1732482658372,-21.03906,1.551757,-0.02509308,-0.9996693,0.007364416,0.02465099,0,0,0,-20.85499,0.6767778,-0.2721691,-0.3556152,-0.6773837,-0.6439643,0,0,0,-20.94799,0.7635152,0.2564754,-0.6798007,-0.6680293,0.3026681,0,0,0,0.2064333
1732482658394,-21.07491,1.544763,-0.02651024,-0.9995441,0.01566941,0.0258165,-2.688217,-0.5246043,-0.106287,-20.8556,0.6754751,-0.2819843,-0.256384,-0.692437,-0.6743877,-0.04520416,-0.09770393,-0.7361412,-20.98982,0.7641314,0.2525139,-0.7045394,-0.6470934,0.2913669,-3.136826,0.04621446,-0.2971172,0.2064333
1732482658400,-21.07491,1.544763,-0.02651024,-0.9995441,0.01566941,0.0258165,0,0,0,-20.8556,0.6754751,-0.2819843,-0.256384,-0.692437,-0.6743877,0,0,0,-20.98982,0.7641314,0.2525139,-0.7045394,-0.6470934,0.2913669,0,0,0,0.2064333
1732482658422,-21.11056,1.537328,-0.02816772,-0.9994797,0.01787413,0.0268504,-2.674198,-0.5576134,-0.1243114,-20.86194,0.67546,-0.2886429,-0.1738993,-0.7076935,-0.6847847,-0.4760742,-0.001135468,-0.4993916,-21.03343,0.7635071,0.2483425,-0.7240376,-0.6291871,0.2826544,-3.270578,-0.04682243,-0.3128529,0.2064333
1732482658427,-21.11056,1.537328,-0.02816772,-0.9994797,0.01787413,0.0268504,0,0,0,-20.86194,0.67546,-0.2886429,-0.1738993,-0.7076935,-0.6847847,0,0,0,-21.03343,0.7635071,0.2483425,-0.7240376,-0.6291871,0.2826544,0,0,0,0.2064333
1732482658449,-21.14681,1.532126,-0.0298214,-0.9994935,0.01367768,0.02873999,-2.718687,-0.3901452,-0.1240253,-20.87478,0.675186,-0.2948952,-0.1043157,-0.7151207,-0.6911738,-0.9628773,-0.02054572,-0.4689217,-21.07347,0.7621782,0.2451534,-0.737806,-0.6130394,0.2825336,-3.003502,-0.09966642,-0.2391815,0.2064333
1732482658455,-21.14681,1.532126,-0.0298214,-0.9994935,0.01367768,0.02873999,0,0,0,-20.87478,0.675186,-0.2948952,-0.1043157,-0.7151207,-0.6911738,0,0,0,-21.07347,0.7621782,0.2451534,-0.737806,-0.6130394,0.2825336,0,0,0,0.2064333
1732482658477,-21.18366,1.52904,-0.03148651,-0.9993707,0.01243111,0.03322852,-2.763605,-0.2314389,-0.1248837,-20.8966,0.675348,-0.3008709,-0.05918667,-0.715685,-0.6959114,-1.636362,0.01215041,-0.4481792,-21.22219,0.762951,0.2329998,-0.7379802,-0.6057596,0.2973897,-11.15384,0.05795807,-0.9115219,0.2064333
1732482658483,-21.18366,1.52904,-0.03148651,-0.9993707,0.01243111,0.03322852,0,0,0,-20.8966,0.675348,-0.3008709,-0.05918667,-0.715685,-0.6959114,0,0,0,-21.22219,0.762951,0.2329998,-0.7379802,-0.6057596,0.2973897,0,0,0,0.2064333
1732482658488,-21.18366,1.52904,-0.03148651,-0.9993707,0.01243111,0.03322852,0,0,0,-20.8966,0.675348,-0.3008709,-0.05918667,-0.715685,-0.6959114,0,0,0,-21.22219,0.762951,0.2329998,-0.7379802,-0.6057596,0.2973897,0,0,0,0.2064333
1732482658505,-21.22067,1.52838,-0.03388596,-0.9993287,0.01300049,0.03425348,-2.775764,-0.04951358,-0.1799583,-20.93301,0.6758709,-0.3070946,-0.04866439,-0.6981517,-0.7142941,-2.730846,0.0392139,-0.4667759,-21.26609,0.7596117,0.2333698,-0.7140731,-0.6162429,0.3321814,-3.292465,-0.2504468,0.02775192,0.2064333
1732482658511,-21.22067,1.52838,-0.03388596,-0.9993287,0.01300049,0.03425348,0,0,0,-20.93301,0.6758709,-0.3070946,-0.04866439,-0.6981517,-0.7142941,0,0,0,-21.26609,0.7596117,0.2333698,-0.7140731,-0.6162429,0.3321814,0,0,0,0.2064333
1732482658533,-21.25707,1.531634,-0.03622627,-0.9993544,-0.01177447,0.03394836,-2.729988,0.2440542,-0.1755238,-20.97441,0.6756544,-0.3119278,-0.03991738,-0.6868964,-0.7256587,-3.104496,-0.01623631,-0.3624916,-21.29443,0.7559637,0.2380486,-0.6797976,-0.6388043,0.360284,-2.125454,-0.2735943,0.3509045,0.2064333
1732482658539,-21.25707,1.531634,-0.03622627,-0.9993544,-0.01177447,0.03394836,0,0,0,-20.97441,0.6756544,-0.3119278,-0.03991738,-0.6868964,-0.7256587,0,0,0,-21.29443,0.7559637,0.2380486,-0.6797976,-0.6388043,0.360284,0,0,0,0.2064333
1732482658574,-21.29358,1.533068,-0.03894997,-0.9994082,0.006999359,0.03368628,-2.738571,0.1075834,-0.204277,-21.02881,0.6752751,-0.3145752,-0.06166366,-0.6771268,-0.7332791,-4.080105,-0.0284493,-0.198555,-21.35254,0.7265322,0.2388935,-0.6271397,-0.6749357,0.3887902,-4.35791,-2.207369,0.06337166,0.2064333
1732482658580,-21.29358,1.533068,-0.03894997,-0.9994082,0.006999359,0.03368628,0,0,0,-21.02881,0.6752751,-0.3145752,-0.06166366,-0.6771268,-0.7332791,0,0,0,-21.35254,0.7265322,0.2388935,-0.6271397,-0.6749357,0.3887902,0,0,0,0.2064333
1732482658602,-21.34708,1.539081,-0.04285812,-0.9993744,0.00793387,0.03447235,-4.011869,0.4509151,-0.2931118,-21.12841,0.6723639,-0.3157902,-0.1219387,-0.6700662,-0.732218,-7.47056,-0.2183408,-0.09112358,-21.43629,0.6223967,0.2490673,-0.5508427,-0.7307782,0.4031571,-6.281376,-7.810159,0.7630348,0.2064333
1732482658608,-21.34708,1.539081,-0.04285812,-0.9993744,0.00793387,0.03447235,0,0,0,-21.12841,0.6723639,-0.3157902,-0.1219387,-0.6700662,-0.732218,0,0,0,-21.43629,0.6223967,0.2490673,-0.5508427,-0.7307782,0.4031571,0,0,0,0.2064333
1732482658613,-21.34708,1.539081,-0.04285812,-0.9993744,0.00793387,0.03447235,0,0,0,-21.12841,0.6723639,-0.3157902,-0.1219387,-0.6700662,-0.732218,0,0,0,-21.43629,0.6223967,0.2490673,-0.5508427,-0.7307782,0.4031571,0,0,0,0.2064333
1732482658631,-21.38312,1.544771,-0.04462624,-0.9992737,0.01157769,0.03631169,-2.702951,0.4267573,-0.1326084,-21.20175,0.6692036,-0.3156662,-0.1790096,-0.6793332,-0.7116621,-5.500031,-0.2370179,0.009298325,-21.45318,0.6001135,0.2444172,-0.4982517,-0.7632892,0.4112606,-1.266861,-1.67124,-0.3487587,0.2064333
1732482658636,-21.38312,1.544771,-0.04462624,-0.9992737,0.01157769,0.03631169,0,0,0,-21.20175,0.6692036,-0.3156662,-0.1790096,-0.6793332,-0.7116621,0,0,0,-21.45318,0.6001135,0.2444172,-0.4982517,-0.7632892,0.4112606,0,0,0,0.2064333
1732482658641,-21.38312,1.544771,-0.04462624,-0.9992737,0.01157769,0.03631169,0,0,0,-21.20175,0.6692036,-0.3156662,-0.1790096,-0.6793332,-0.7116621,0,0,0,-21.45318,0.6001135,0.2444172,-0.4982517,-0.7632892,0.4112606,0,0,0,0.2064333
1732482658659,-21.41799,1.549446,-0.04679298,-0.9989601,0.02031193,0.04082191,-2.615261,0.3506541,-0.1625061,-21.26963,0.6678441,-0.315712,-0.2480281,-0.6729164,-0.6968975,-5.091047,-0.1019686,-0.003433228,-21.47066,0.5823629,0.24333,-0.4639682,-0.7821143,0.4159695,-1.310921,-1.331297,-0.08153915,0.2064333
1732482658665,-21.41799,1.549446,-0.04679298,-0.9989601,0.02031193,0.04082191,0,0,0,-21.26963,0.6678441,-0.315712,-0.2480281,-0.6729164,-0.6968975,0,0,0,-21.47066,0.5823629,0.24333,-0.4639682,-0.7821143,0.4159695,0,0,0,0.2064333
1732482658686,-21.45283,1.555014,-0.04834747,-0.9987411,0.02487382,0.04356343,-2.612972,0.4175663,-0.1165867,-21.34589,0.6695669,-0.3147335,-0.356446,-0.6437231,-0.677176,-5.719471,0.1292109,0.07338524,-21.4888,0.5691697,0.2448101,-0.4575604,-0.7955326,0.3971984,-1.360989,-0.9894893,0.1110077,0.2064333
1732482658713,-21.48725,1.55982,-0.04921532,-0.998723,0.02415047,0.04438019,-2.581787,0.3604978,-0.06508827,-21.42099,0.674085,-0.3112602,-0.4602852,-0.6087481,-0.6461921,-5.632353,0.3388613,0.2604961,-21.50935,0.559322,0.2475433,-0.4568937,-0.809356,0.3690411,-1.54109,-0.7385775,0.2049923,0.2064333
1732482658719,-21.48725,1.55982,-0.04921532,-0.998723,0.02415047,0.04438019,0,0,0,-21.42099,0.674085,-0.3112602,-0.4602852,-0.6087481,-0.6461921,0,0,0,-21.50935,0.559322,0.2475433,-0.4568937,-0.809356,0.3690411,0,0,0,0.2064333
1732482658741,-21.52124,1.564726,-0.05007935,-0.9988766,0.01783684,0.0439049,-2.549601,0.3679007,-0.06480217,-21.50226,0.684014,-0.3030205,-0.5517942,-0.5803774,-0.5989039,-6.095266,0.7446706,0.617981,-21.5371,0.5512444,0.2538891,-0.4413139,-0.8164783,0.3722976,-2.081251,-0.6058171,0.4759312,0.2064333
1732482658747,-21.52124,1.564726,-0.05007935,-0.9988766,0.01783684,0.0439049,0,0,0,-21.50226,0.684014,-0.3030205,-0.5517942,-0.5803774,-0.5989039,0,0,0,-21.5371,0.5512444,0.2538891,-0.4413139,-0.8164783,0.3722976,0,0,0,0.2064333
1732482658769,-21.55484,1.567126,-0.05062294,-0.9989047,0.0168633,0.04365122,-2.519417,0.1800299,-0.04076958,-21.57768,0.6953218,-0.2910118,-0.6347368,-0.5592223,-0.5332735,-5.656672,0.8480877,0.90065,-21.48981,0.6206003,0.2487698,-0.4170527,-0.8207293,0.3904753,3.547096,5.201688,-0.3839493,0.2064333
1732482658775,-21.55484,1.567126,-0.05062294,-0.9989047,0.0168633,0.04365122,0,0,0,-21.57768,0.6953218,-0.2910118,-0.6347368,-0.5592223,-0.5332735,0,0,0,-21.48981,0.6206003,0.2487698,-0.4170527,-0.8207293,0.3904753,0,0,0,0.2064333
1732482658797,-21.58815,1.567942,-0.05099487,-0.9988537,0.01470788,0.04555672,-2.498531,0.06120801,-0.02789497,-21.48413,0.6892681,-0.2936211,-0.7520725,-0.5185046,-0.4068669,7.01623,-0.4540265,-0.195694,-21.52565,0.6222636,0.2505646,-0.4084141,-0.8206154,0.3997357,-2.68836,0.1247451,0.1346111,0.2064333
1732482658803,-21.58815,1.567942,-0.05099487,-0.9988537,0.01470788,0.04555672,0,0,0,-21.48413,0.6892681,-0.2936211,-0.7520725,-0.5185046,-0.4068669,0,0,0,-21.52565,0.6222636,0.2505646,-0.4084141,-0.8206154,0.3997357,0,0,0,0.2064333
1732482658808,-21.58815,1.567942,-0.05099487,-0.9988537,0.01470788,0.04555672,0,0,0,-21.48413,0.6892681,-0.2936211,-0.7520725,-0.5185046,-0.4068669,0,0,0,-21.52565,0.6222636,0.2505646,-0.4084141,-0.8206154,0.3997357,0,0,0,0.2064333
1732482658825,-21.62205,1.567415,-0.05151367,-0.9985194,0.02263315,0.04946727,-2.542162,-0.03953576,-0.03890991,-21.54946,0.7067508,-0.267025,-0.8626423,-0.4298865,-0.2665459,-4.899502,1.311198,1.994705,-21.56199,0.622532,0.2519054,-0.4019842,-0.81532,0.416728,-2.725697,0.02013445,0.100565,0.2064333
1732482658831,-21.62205,1.567415,-0.05151367,-0.9985194,0.02263315,0.04946727,0,0,0,-21.54946,0.7067508,-0.267025,-0.8626423,-0.4298865,-0.2665459,0,0,0,-21.56199,0.622532,0.2519054,-0.4019842,-0.81532,0.416728,0,0,0,0.2064333
1732482658853,-21.65577,1.564372,-0.05200958,-0.997904,0.03289111,0.05573612,-2.529287,-0.228256,-0.0371933,-21.59259,0.7205704,-0.248909,-0.9074813,-0.355567,-0.2237191,-3.234959,1.036473,1.3587,-21.59587,0.6166288,0.2553749,-0.3958841,-0.8089105,0.4346721,-2.540302,-0.4427433,0.26021,0.2064333
1732482658859,-21.65577,1.564372,-0.05200958,-0.997904,0.03289111,0.05573612,0,0,0,-21.59259,0.7205704,-0.248909,-0.9074813,-0.355567,-0.2237191,0,0,0,-21.59587,0.6166288,0.2553749,-0.3958841,-0.8089105,0.4346721,0,0,0,0.2064333
1732482658881,-21.68945,1.558872,-0.05242538,-0.997257,0.0374863,0.06382495,-2.525854,-0.412488,-0.03118515,-21.63814,0.7366191,-0.2357693,-0.932072,-0.2780347,-0.2322474,-3.416634,1.20365,0.9854794,-21.62966,0.6109884,0.257864,-0.3853128,-0.8031391,0.4544246,-2.53458,-0.4230291,0.1866817,0.2064333
1732482658886,-21.68945,1.558872,-0.05242538,-0.997257,0.0374863,0.06382495,0,0,0,-21.63814,0.7366191,-0.2357693,-0.932072,-0.2780347,-0.2322474,0,0,0,-21.62966,0.6109884,0.257864,-0.3853128,-0.8031391,0.4544246,0,0,0,0.2064333
1732482658908,-21.72348,1.552685,-0.05372429,-0.9964651,0.04071064,0.07348543,-2.552462,-0.4640222,-0.09741783,-21.67985,0.7519516,-0.2288723,-0.9538582,-0.2055202,-0.2188981,-3.128242,1.149943,0.5172729,-21.66203,0.6038125,0.2599678,-0.3600495,-0.801265,0.4778484,-2.427721,-0.5381897,0.1577854,0.2064333
1732482658914,-21.72348,1.552685,-0.05372429,-0.9964651,0.04071064,0.07348543,0,0,0,-21.67985,0.7519516,-0.2288723,-0.9538582,-0.2055202,-0.2188981,0,0,0,-21.66203,0.6038125,0.2599678,-0.3600495,-0.801265,0.4778484,0,0,0,0.2064333
1732482658936,-21.7582,1.5454,-0.05423355,-0.9957311,0.04635925,0.07981819,-2.603817,-0.5463928,-0.03819466,-21.71385,0.7640225,-0.2244682,-0.9696929,-0.1355892,-0.2032529,-2.549601,0.9053171,0.3303051,-21.69331,0.5950874,0.2638664,-0.3303849,-0.7977251,0.5044608,-2.346182,-0.654383,0.2923965,0.2064333
1732482658942,-21.7582,1.5454,-0.05423355,-0.9957311,0.04635925,0.07981819,0,0,0,-21.71385,0.7640225,-0.2244682,-0.9696929,-0.1355892,-0.2032529,0,0,0,-21.69331,0.5950874,0.2638664,-0.3303849,-0.7977251,0.5044608,0,0,0,0.2064333
1732482658964,-21.79315,1.53669,-0.05486679,-0.9955534,0.04124536,0.08469129,-2.621269,-0.653252,-0.04749298,-21.75384,0.7739556,-0.2247772,-0.9700236,-0.09135488,-0.2251868,-2.999067,0.7449791,-0.02317429,-21.72304,0.5889715,0.2663116,-0.2967062,-0.8002917,0.5210553,-2.229595,-0.4586935,0.1833916,0.2064333
1732482658970,-21.79315,1.53669,-0.05486679,-0.9955534,0.04124536,0.08469129,0,0,0,-21.75384,0.7739556,-0.2247772,-0.9700236,-0.09135488,-0.2251868,0,0,0,-21.72304,0.5889715,0.2663116,-0.2967062,-0.8002917,0.5210553,0,0,0,0.2064333
1732482659006,-21.82854,1.530849,-0.05593491,-0.9956408,0.03061021,0.08810776,-2.654171,-0.4380763,-0.08010864,-21.7925,0.7837049,-0.2254505,-0.9667524,-0.03066871,-0.2538698,-2.899647,0.7312015,-0.05049706,-21.75396,0.5790552,0.2671814,-0.2821106,-0.8010579,0.5279394,-2.318859,-0.7437229,0.06523132,0.2064333
1732482659012,-21.82854,1.530849,-0.05593491,-0.9956408,0.03061021,0.08810776,0,0,0,-21.7925,0.7837049,-0.2254505,-0.9667524,-0.03066871,-0.2538698,0,0,0,-21.75396,0.5790552,0.2671814,-0.2821106,-0.8010579,0.5279394,0,0,0,0.2064333
1732482659047,-21.8826,1.528147,-0.05699158,-0.9961004,0.01956691,0.08603245,-4.054928,-0.2026051,-0.07925034,-21.9844,0.8182004,-0.2287941,-0.9467118,0.03268453,-0.3204195,-14.39266,2.58716,-0.2507687,-21.80536,0.5738657,0.2627983,-0.2992641,-0.7990977,0.5214252,-3.855371,-0.3892109,-0.3287315,0.2080913
1732482659053,-21.8826,1.528147,-0.05699158,-0.9961004,0.01956691,0.08603245,0,0,0,-21.9844,0.8182004,-0.2287941,-0.9467118,0.03268453,-0.3204195,0,0,0,-21.80536,0.5738657,0.2627983,-0.2992641,-0.7990977,0.5214252,0,0,0,0.2080913
1732482659059,-21.8826,1.528147,-0.05699158,-0.9961004,0.01956691,0.08603245,0,0,0,-21.9844,0.8182004,-0.2287941,-0.9467118,0.03268453,-0.3204195,0,0,0,-21.80536,0.5738657,0.2627983,-0.2992641,-0.7990977,0.5214252,0,0,0,0.2080913
1732482659076,-21.93669,1.532467,-0.05731201,-0.9958077,0.001308076,0.09146553,-4.056787,0.3240198,-0.02403259,-22.20561,0.8323857,-0.2200451,-0.9107158,0.001960665,-0.4130296,-16.59064,1.063894,0.6561756,-21.86452,0.5768161,0.2572899,-0.3125072,-0.798829,0.5140153,-4.436731,0.2212822,-0.4131317,0.2080913
1732482659082,-21.93669,1.532467,-0.05731201,-0.9958077,0.001308076,0.09146553,0,0,0,-22.20561,0.8323857,-0.2200451,-0.9107158,0.001960665,-0.4130296,0,0,0,-21.86452,0.5768161,0.2572899,-0.3125072,-0.798829,0.5140153,0,0,0,0.2080913
1732482659087,-21.93669,1.532467,-0.05731201,-0.9958077,0.001308076,0.09146553,0,0,0,-22.20561,0.8323857,-0.2200451,-0.9107158,0.001960665,-0.4130296,0,0,0,-21.86452,0.5768161,0.2572899,-0.3125072,-0.798829,0.5140153,0,0,0,0.2080913
1732482659092,-21.93669,1.532467,-0.05731201,-0.9958077,0.001308076,0.09146553,0,0,0,-22.20561,0.8323857,-0.2200451,-0.9107158,0.001960665,-0.4130296,0,0,0,-21.86452,0.5768161,0.2572899,-0.3125072,-0.798829,0.5140153,0,0,0,0.2080913
1732482659103,-21.97249,1.538151,-0.0574379,-0.995405,0.007078358,0.09549445,-2.684641,0.4262567,-0.009441376,-22.24043,0.8302049,-0.2215691,-0.8873286,-0.061995,-0.4569521,-2.611399,-0.1635566,-0.1142979,-21.90679,0.5858018,0.2562618,-0.3133007,-0.7887921,0.5288191,-3.1703,0.6739274,-0.07710457,0.2080913
1732482659110,-21.97249,1.538151,-0.0574379,-0.995405,0.007078358,0.09549445,0,0,0,-22.24043,0.8302049,-0.2215691,-0.8873286,-0.061995,-0.4569521,0,0,0,-21.90679,0.5858018,0.2562618,-0.3133007,-0.7887921,0.5288191,0,0,0,0.2080913
1732482659131,-22.00828,1.541879,-0.05801773,-0.9946059,0.02758639,0.0999918,-2.684212,0.2795935,-0.04348755,-22.25907,0.8176213,-0.2247906,-0.8659353,-0.1364638,-0.4811805,-1.398468,-0.943771,-0.2416134,-21.85356,0.6129481,0.2554913,-0.3146714,-0.7884175,0.528564,3.992271,2.035966,-0.05779266,0.2080913
1732482659137,-22.00828,1.541879,-0.05801773,-0.9946059,0.02758639,0.0999918,0,0,0,-22.25907,0.8176213,-0.2247906,-0.8659353,-0.1364638,-0.4811805,0,0,0,-21.85356,0.6129481,0.2554913,-0.3146714,-0.7884175,0.528564,0,0,0,0.2080913
1732482659158,-22.04305,1.544562,-0.05948639,-0.9942887,0.02586817,0.103542,-2.607822,0.2012193,-0.1101494,-22.27186,0.7992563,-0.2261124,-0.8543078,-0.2365031,-0.4628443,-0.9588718,-1.377372,-0.09913445,-21.89018,0.6181875,0.2545223,-0.337836,-0.7921182,0.5083463,-2.746582,0.3929615,-0.07266998,0.2080913
1732482659164,-22.04305,1.544562,-0.05948639,-0.9942887,0.02586817,0.103542,0,0,0,-22.27186,0.7992563,-0.2261124,-0.8543078,-0.2365031,-0.4628443,0,0,0,-21.89018,0.6181875,0.2545223,-0.337836,-0.7921182,0.5083463,0,0,0,0.2080913
1732482659186,-22.07795,1.54975,-0.06170082,-0.9948168,0.02700139,0.09803402,-2.617407,0.3891617,-0.1660824,-22.28215,0.782585,-0.2261715,-0.8565707,-0.2935669,-0.4243885,-0.7716179,-1.250347,-0.004434586,-21.92669,0.6238388,0.2520828,-0.3914183,-0.7756554,0.4951268,-2.738428,0.4238427,-0.1829624,0.2080913
1732482659191,-22.07795,1.54975,-0.06170082,-0.9948168,0.02700139,0.09803402,0,0,0,-22.28215,0.782585,-0.2261715,-0.8565707,-0.2935669,-0.4243885,0,0,0,-21.92669,0.6238388,0.2520828,-0.3914183,-0.7756554,0.4951268,0,0,0,0.2080913
1732482659213,-22.11306,1.554916,-0.06434631,-0.9961592,0.02841469,0.08282191,-2.633429,0.3874362,-0.1984119,-22.28367,0.7649669,-0.2277813,-0.8738072,-0.3139009,-0.3713857,-0.1142979,-1.321359,-0.1207352,-21.96964,0.631381,0.2477837,-0.4535845,-0.7597827,0.4658237,-3.221226,0.5656645,-0.3224373,0.2080913
1732482659219,-22.11306,1.554916,-0.06434631,-0.9961592,0.02841469,0.08282191,0,0,0,-22.28367,0.7649669,-0.2277813,-0.8738072,-0.3139009,-0.3713857,0,0,0,-21.96964,0.631381,0.2477837,-0.4535845,-0.7597827,0.4658237,0,0,0,0.2080913
1732482659241,-22.14776,1.561075,-0.06712341,-0.9973244,0.02105683,0.07000786,-2.602386,0.4618943,-0.2082825,-22.28021,0.7492342,-0.237484,-0.8729655,-0.3482785,-0.3415171,0.2594948,-1.179953,-0.7277012,-22.0154,0.6399161,0.2409096,-0.5058609,-0.7508711,0.4246145,-3.43194,0.6401315,-0.5155563,0.2080913
1732482659247,-22.14776,1.561075,-0.06712341,-0.9973244,0.02105683,0.07000786,0,0,0,-22.28021,0.7492342,-0.237484,-0.8729655,-0.3482785,-0.3415171,0,0,0,-22.0154,0.6399161,0.2409096,-0.5058609,-0.7508711,0.4246145,0,0,0,0.2080913
1732482659269,-22.18204,1.56607,-0.06951141,-0.9979153,0.01874071,0.06175953,-2.571058,0.3746599,-0.1791,-22.27343,0.7363494,-0.2509117,-0.8176382,-0.425915,-0.3873818,0.5086899,-0.9663597,-1.00708,-22.06237,0.647844,0.2324734,-0.5153254,-0.7565199,0.4026381,-3.522348,0.5945921,-0.6327152,0.2080913
1732482659275,-22.18204,1.56607,-0.06951141,-0.9979153,0.01874071,0.06175953,0,0,0,-22.27343,0.7363494,-0.2509117,-0.8176382,-0.425915,-0.3873818,0,0,0,-22.06237,0.647844,0.2324734,-0.5153254,-0.7565199,0.4026381,0,0,0,0.2080913
1732482659297,-22.21625,1.568761,-0.07131004,-0.998482,0.01292986,0.05354238,-2.565622,0.2018094,-0.1348972,-22.26559,0.7251287,-0.2625179,-0.7363733,-0.5023234,-0.4532397,0.5876541,-0.841552,-0.8704662,-22.09752,0.6530967,0.2265186,-0.5280926,-0.7584043,0.3820226,-2.636719,0.3939584,-0.4466057,0.2080913
1732482659302,-22.21625,1.568761,-0.07131004,-0.998482,0.01292986,0.05354238,0,0,0,-22.26559,0.7251287,-0.2625179,-0.7363733,-0.5023234,-0.4532397,0,0,0,-22.09752,0.6530967,0.2265186,-0.5280926,-0.7584043,0.3820226,0,0,0,0.2080913
1732482659325,-22.25045,1.570179,-0.07315445,-0.9987934,0.01312251,0.04732913,-2.564907,0.1063228,-0.1383305,-22.25588,0.7142327,-0.2734833,-0.6382003,-0.5935058,-0.4903586,0.7285595,-0.817202,-0.822401,-22.14276,0.6590394,0.2198353,-0.5422094,-0.7523541,0.3741291,-3.392601,0.4456982,-0.5012512,0.2080913
1732482659330,-22.25045,1.570179,-0.07315445,-0.9987934,0.01312251,0.04732913,0,0,0,-22.25588,0.7142327,-0.2734833,-0.6382003,-0.5935058,-0.4903586,0,0,0,-22.14276,0.6590394,0.2198353,-0.5422094,-0.7523541,0.3741291,0,0,0,0.2080913
1732482659352,-22.28446,1.568765,-0.07527161,-0.9990222,0.01906949,0.03988951,-2.550745,-0.1060188,-0.1587868,-22.24847,0.7060193,-0.2864113,-0.5380562,-0.6623598,-0.5213211,0.5556107,-0.6160051,-0.9696007,-22.18208,0.6638591,0.2157688,-0.5594823,-0.7386501,0.3759997,-2.949286,0.3614768,-0.304985,0.2080913
1732482659358,-22.28446,1.568765,-0.07527161,-0.9990222,0.01906949,0.03988951,0,0,0,-22.24847,0.7060193,-0.2864113,-0.5380562,-0.6623598,-0.5213211,0,0,0,-22.18208,0.6638591,0.2157688,-0.5594823,-0.7386501,0.3759997,0,0,0,0.2080913
1732482659381,-22.31847,1.564449,-0.07697296,-0.9992293,0.02240065,0.03223842,-2.551317,-0.3237426,-0.1276016,-22.24089,0.6971846,-0.2984371,-0.5042763,-0.6851793,-0.5255811,0.5684853,-0.6625995,-0.9019375,-22.21605,0.6667786,0.2139874,-0.5789763,-0.7273591,0.3684226,-2.547741,0.2189621,-0.1336098,0.2080913
1732482659386,-22.31847,1.564449,-0.07697296,-0.9992293,0.02240065,0.03223842,0,0,0,-22.24089,0.6971846,-0.2984371,-0.5042763,-0.6851793,-0.5255811,0,0,0,-22.21605,0.6667786,0.2139874,-0.5789763,-0.7273591,0.3684226,0,0,0,0.2080913
1732482659409,-22.35275,1.5593,-0.0791893,-0.9992455,0.02924256,0.02557093,-2.570343,-0.3861308,-0.1662254,-22.23517,0.6882957,-0.3142948,-0.4601543,-0.6829567,-0.5672995,0.4292965,-0.6666675,-1.189327,-22.26189,0.6691153,0.2099743,-0.612467,-0.7102518,0.3470258,-3.438234,0.1752555,-0.3009796,0.2080913
1732482659415,-22.35275,1.5593,-0.0791893,-0.9992455,0.02924256,0.02557093,0,0,0,-22.23517,0.6882957,-0.3142948,-0.4601543,-0.6829567,-0.5672995,0,0,0,-22.26189,0.6691153,0.2099743,-0.612467,-0.7102518,0.3470258,0,0,0,0.2080913
1732482659437,-22.38789,1.553242,-0.08034897,-0.9988402,0.0432441,0.02117425,-2.635717,-0.454393,-0.0869751,-22.23179,0.6813093,-0.3282146,-0.4012154,-0.6760726,-0.6180229,0.2533436,-0.5239785,-1.043987,-22.30281,0.6692742,0.2064342,-0.6428492,-0.6918316,0.3288074,-3.06859,0.01191795,-0.2655029,0.2080913
1732482659442,-22.38789,1.553242,-0.08034897,-0.9988402,0.0432441,0.02117425,0,0,0,-22.23179,0.6813093,-0.3282146,-0.4012154,-0.6760726,-0.6180229,0,0,0,-22.30281,0.6692742,0.2064342,-0.6428492,-0.6918316,0.3288074,0,0,0,0.2080913
1732482659448,-22.38789,1.553242,-0.08034897,-0.9988402,0.0432441,0.02117425,0,0,0,-22.23179,0.6813093,-0.3282146,-0.4012154,-0.6760726,-0.6180229,0,0,0,-22.30281,0.6692742,0.2064342,-0.6428492,-0.6918316,0.3288074,0,0,0,0.2080913
1732482659465,-22.42301,1.54531,-0.08222961,-0.9981927,0.05659818,0.02020788,-2.634287,-0.594905,-0.1410484,-22.23404,0.6786919,-0.3391895,-0.3020073,-0.6835,-0.6645451,-0.1686573,-0.1963109,-0.8231163,-22.35035,0.6682745,0.2017746,-0.6679175,-0.6737712,0.3160992,-3.565264,-0.07497668,-0.349474,0.2080913
1732482659471,-22.42301,1.54531,-0.08222961,-0.9981927,0.05659818,0.02020788,0,0,0,-22.23404,0.6786919,-0.3391895,-0.3020073,-0.6835,-0.6645451,0,0,0,-22.35035,0.6682745,0.2017746,-0.6679175,-0.6737712,0.3160992,0,0,0,0.2080913
1732482659493,-22.45853,1.537054,-0.08446693,-0.998278,0.05517647,0.01992363,-2.664042,-0.6191611,-0.167799,-22.23941,0.6768885,-0.3471012,-0.2211487,-0.6964852,-0.6826439,-0.4032612,-0.1352549,-0.5933762,-22.38863,0.6659378,0.1977615,-0.6842589,-0.6606304,0.3087996,-2.87118,-0.1752511,-0.3009796,0.2080913
1732482659499,-22.45853,1.537054,-0.08446693,-0.998278,0.05517647,0.01992363,0,0,0,-22.23941,0.6768885,-0.3471012,-0.2211487,-0.6964852,-0.6826439,0,0,0,-22.38863,0.6659378,0.1977615,-0.6842589,-0.6606304,0.3087996,0,0,0,0.2080913
1732482659534,-22.49407,1.530355,-0.086586,-0.9986969,0.04605131,0.02200294,-2.665472,-0.5024493,-0.1589298,-22.25066,0.6756622,-0.3539925,-0.1423746,-0.7029941,-0.6967996,-0.8432865,-0.09197295,-0.5168438,-22.42263,0.6629279,0.1945992,-0.693133,-0.65096,0.3095452,-2.549887,-0.2257437,-0.2371788,0.2080913
1732482659540,-22.49407,1.530355,-0.086586,-0.9986969,0.04605131,0.02200294,0,0,0,-22.25066,0.6756622,-0.3539925,-0.1423746,-0.7029941,-0.6967996,0,0,0,-22.42263,0.6629279,0.1945992,-0.693133,-0.65096,0.3095452,0,0,0,0.2080913
1732482659562,-22.5481,1.528359,-0.09025383,-0.9991412,0.0315947,0.02681792,-4.051924,-0.1496762,-0.2750874,-22.28321,0.6771063,-0.362648,-0.06310648,-0.6910598,-0.7200378,-2.441168,0.1083121,-0.6491661,-22.48094,0.6597428,0.1919098,-0.679874,-0.6477091,0.3438671,-4.37336,-0.238882,-0.2017021,0.2103829
1732482659568,-22.5481,1.528359,-0.09025383,-0.9991412,0.0315947,0.02681792,0,0,0,-22.28321,0.6771063,-0.362648,-0.06310648,-0.6910598,-0.7200378,0,0,0,-22.48094,0.6597428,0.1919098,-0.679874,-0.6477091,0.3438671,0,0,0,0.2103829
1732482659573,-22.5481,1.528359,-0.09025383,-0.9991412,0.0315947,0.02681792,0,0,0,-22.28321,0.6771063,-0.362648,-0.06310648,-0.6910598,-0.7200378,0,0,0,-22.48094,0.6597428,0.1919098,-0.679874,-0.6477091,0.3438671,0,0,0,0.2103829
1732482659591,-22.5836,1.52827,-0.09308815,-0.9993377,0.02618101,0.02528268,-2.662611,-0.006714463,-0.212574,-22.3216,0.6774908,-0.3671303,-0.04450673,-0.6753507,-0.7361531,-2.87962,0.02883822,-0.3361702,-22.58106,0.7128113,0.1655197,-0.64903,-0.6673475,0.3652501,-7.509041,3.980134,-1.979256,0.2103829
1732482659596,-22.5836,1.52827,-0.09308815,-0.9993377,0.02618101,0.02528268,0,0,0,-22.3216,0.6774908,-0.3671303,-0.04450673,-0.6753507,-0.7361531,0,0,0,-22.58106,0.7128113,0.1655197,-0.64903,-0.6673475,0.3652501,0,0,0,0.2103829
1732482659618,-22.61977,1.532122,-0.09631538,-0.9993377,0.02691856,0.02449626,-2.712679,0.2889276,-0.2420425,-22.36631,0.6781728,-0.3702412,-0.03991413,-0.6561906,-0.7535392,-3.353119,0.05114973,-0.2333164,-22.65525,0.7353531,0.1563854,-0.6047378,-0.6891449,0.3992137,-5.56469,1.690632,-0.6850719,0.2103829
1732482659624,-22.61977,1.532122,-0.09631538,-0.9993377,0.02691856,0.02449626,0,0,0,-22.36631,0.6781728,-0.3702412,-0.03991413,-0.6561906,-0.7535392,0,0,0,-22.65525,0.7353531,0.1563854,-0.6047378,-0.6891449,0.3992137,0,0,0,0.2103829
1732482659645,-22.65472,1.536646,-0.09944916,-0.9997723,-4.325621E-05,0.02135152,-2.621698,0.3393352,-0.235033,-22.42165,0.6781089,-0.3716679,-0.05641094,-0.6511106,-0.7568841,-4.150486,-0.004792213,-0.1070023,-22.67707,0.7288199,0.1397839,-0.5361735,-0.7242798,0.433517,-1.636219,-0.4899859,-1.245117,0.2103829
1732482659651,-22.65472,1.536646,-0.09944916,-0.9997723,-4.325621E-05,0.02135152,0,0,0,-22.42165,0.6781089,-0.3716679,-0.05641094,-0.6511106,-0.7568841,0,0,0,-22.67707,0.7288199,0.1397839,-0.5361735,-0.7242798,0.433517,0,0,0,0.2103829
1732482659673,-22.68939,1.538964,-0.102108,-0.9997805,0.01338765,0.0161348,-2.599955,0.1738429,-0.1994133,-22.47766,0.6797903,-0.3727608,-0.09767528,-0.6446923,-0.7581769,-4.200554,0.1260996,-0.08196831,-22.68927,0.726746,0.1378975,-0.4838721,-0.7597693,0.4343023,-0.914669,-0.1555413,-0.1414776,0.2103829
1732482659679,-22.68939,1.538964,-0.102108,-0.9997805,0.01338765,0.0161348,0,0,0,-22.47766,0.6797903,-0.3727608,-0.09767528,-0.6446923,-0.7581769,0,0,0,-22.68927,0.726746,0.1378975,-0.4838721,-0.7597693,0.4343023,0,0,0,0.2103829
1732482659701,-22.72464,1.544557,-0.1017361,-0.9998558,0.01217572,0.01186931,-2.643728,0.4194707,0.02789497,-22.53234,0.6867074,-0.3708973,-0.1478312,-0.6532342,-0.7425845,-4.101276,0.5187839,0.139761,-22.69451,0.7284594,0.1331253,-0.4447914,-0.7858419,0.4296665,-0.3931046,0.1285046,-0.357914,0.2103829
1732482659707,-22.72464,1.544557,-0.1017361,-0.9998558,0.01217572,0.01186931,0,0,0,-22.53234,0.6867074,-0.3708973,-0.1478312,-0.6532342,-0.7425845,0,0,0,-22.69451,0.7284594,0.1331253,-0.4447914,-0.7858419,0.4296665,0,0,0,0.2103829
1732482659729,-22.7595,1.550512,-0.1031208,-0.9991093,0.04058137,0.01157993,-2.614403,0.4466325,-0.1038551,-22.45973,0.6942821,-0.3716183,-0.22183,-0.643567,-0.7325391,5.445528,0.5681008,-0.05407333,-22.70254,0.7328627,0.1270504,-0.4373548,-0.8031276,0.4046072,-0.6021023,0.330247,-0.4556179,0.2103829
1732482659735,-22.7595,1.550512,-0.1031208,-0.9991093,0.04058137,0.01157993,0,0,0,-22.45973,0.6942821,-0.3716183,-0.22183,-0.643567,-0.7325391,0,0,0,-22.70254,0.7328627,0.1270504,-0.4373548,-0.8031276,0.4046072,0,0,0,0.2103829
1732482659757,-22.79411,1.55461,-0.1042824,-0.99865,0.05030527,0.01295555,-2.595806,0.3073275,-0.08711815,-22.5044,0.7023116,-0.371664,-0.3135095,-0.6193769,-0.7197809,-3.349686,0.6022185,-0.003433228,-22.71296,0.739422,0.1218529,-0.452472,-0.8107358,0.3714523,-0.7817745,0.491944,-0.3898144,0.2103829
1732482659764,-22.79411,1.55461,-0.1042824,-0.99865,0.05030527,0.01295555,0,0,0,-22.5044,0.7023116,-0.371664,-0.3135095,-0.6193769,-0.7197809,0,0,0,-22.71296,0.739422,0.1218529,-0.452472,-0.8107358,0.3714523,0,0,0,0.2103829
1732482659770,-22.79411,1.55461,-0.1042824,-0.99865,0.05030527,0.01295555,0,0,0,-22.5044,0.7023116,-0.371664,-0.3135095,-0.6193769,-0.7197809,0,0,0,-22.71296,0.739422,0.1218529,-0.452472,-0.8107358,0.3714523,0,0,0,0.2103829
1732482659786,-22.82847,1.559242,-0.1048946,-0.9987021,0.04905428,0.01371855,-2.577209,0.3473997,-0.04591942,-22.57386,0.7159958,-0.3678036,-0.4154913,-0.5913931,-0.6911023,-5.209494,1.026312,0.2895355,-22.74602,0.7432563,0.1220779,-0.4853045,-0.7970113,0.3595176,-2.479506,0.287573,0.01688004,0.2103829
1732482659791,-22.82847,1.559242,-0.1048946,-0.9987021,0.04905428,0.01371855,0,0,0,-22.57386,0.7159958,-0.3678036,-0.4154913,-0.5913931,-0.6911023,0,0,0,-22.74602,0.7432563,0.1220779,-0.4853045,-0.7970113,0.3595176,0,0,0,0.2103829
1732482659813,-22.86259,1.56357,-0.1054764,-0.9989041,0.0439426,0.01613009,-2.558756,0.3245652,-0.0436306,-22.61788,0.7254925,-0.362999,-0.4964758,-0.5736643,-0.6514761,-3.30205,0.7122561,0.3603458,-22.783,0.7509207,0.1207027,-0.4725374,-0.7969609,0.3762471,-2.773476,0.5748332,-0.1031399,0.2103829
1732482659819,-22.86259,1.56357,-0.1054764,-0.9989041,0.0439426,0.01613009,0,0,0,-22.61788,0.7254925,-0.362999,-0.4964758,-0.5736643,-0.6514761,0,0,0,-22.783,0.7509207,0.1207027,-0.4725374,-0.7969609,0.3762471,0,0,0,0.2103829
1732482659853,-22.89623,1.565327,-0.1069088,-0.9990361,0.03704375,0.02355915,-2.52285,0.1318395,-0.1074314,-22.66877,0.7356017,-0.3563347,-0.5785789,-0.5562348,-0.5965319,-3.816748,0.7581845,0.4998207,-22.82172,0.7561424,0.1208897,-0.4494815,-0.8042222,0.3888358,-2.904224,0.3916249,0.01401901,0.2103829
1732482659859,-22.89623,1.565327,-0.1069088,-0.9990361,0.03704375,0.02355915,0,0,0,-22.66877,0.7356017,-0.3563347,-0.5785789,-0.5562348,-0.5965319,0,0,0,-22.82172,0.7561424,0.1208897,-0.4494815,-0.8042222,0.3888358,0,0,0,0.2103829
1732482659894,-22.94601,1.566657,-0.1058369,-0.9989831,0.0232197,0.03865111,-3.733778,0.09974241,0.08039474,-22.73445,0.7481219,-0.3399754,-0.7301659,-0.5139408,-0.4502479,-4.925394,0.9390146,1.22695,-22.86963,0.7603979,0.1235352,-0.4421327,-0.8031482,0.3993395,-3.592873,0.3191605,0.1984119,0.2103829
1732482659899,-22.94601,1.566657,-0.1058369,-0.9989831,0.0232197,0.03865111,0,0,0,-22.73445,0.7481219,-0.3399754,-0.7301659,-0.5139408,-0.4502479,0,0,0,-22.86963,0.7603979,0.1235352,-0.4421327,-0.8031482,0.3993395,0,0,0,0.2103829
1732482659905,-22.94601,1.566657,-0.1058369,-0.9989831,0.0232197,0.03865111,0,0,0,-22.73445,0.7481219,-0.3399754,-0.7301659,-0.5139408,-0.4502479,0,0,0,-22.86963,0.7603979,0.1235352,-0.4421327,-0.8031482,0.3993395,0,0,0,0.2103829
1732482659923,-22.99569,1.564316,-0.1043968,-0.9982071,0.02287883,0.05531424,-3.72591,-0.1756042,0.1080036,-22.82467,0.7688023,-0.3036385,-0.8685942,-0.4139194,-0.2724247,-6.766748,1.551032,2.725267,-22.92136,0.7567279,0.1273232,-0.4436512,-0.7970304,0.4097758,-3.87969,-0.2752438,0.2840996,0.2103829
1732482659929,-22.99569,1.564316,-0.1043968,-0.9982071,0.02287883,0.05531424,0,0,0,-22.82467,0.7688023,-0.3036385,-0.8685942,-0.4139194,-0.2724247,0,0,0,-22.92136,0.7567279,0.1273232,-0.4436512,-0.7970304,0.4097758,0,0,0,0.2103829
1732482659934,-22.99569,1.564316,-0.1043968,-0.9982071,0.02287883,0.05531424,0,0,0,-22.82467,0.7688023,-0.3036385,-0.8685942,-0.4139194,-0.2724247,0,0,0,-22.92136,0.7567279,0.1273232,-0.4436512,-0.7970304,0.4097758,0,0,0,0.2103829
1732482659950,-23.02866,1.559692,-0.1041279,-0.997313,0.02684786,0.06816375,-2.472496,-0.3468186,0.02017021,-22.8763,0.7832454,-0.2824497,-0.8987535,-0.3526026,-0.2606027,-3.872681,1.083232,1.589155,-22.95402,0.7514877,0.1292133,-0.4307862,-0.7963943,0.4244754,-2.449751,-0.3930151,0.1417637,0.2103829
1732482659956,-23.02866,1.559692,-0.1041279,-0.997313,0.02684786,0.06816375,0,0,0,-22.8763,0.7832454,-0.2824497,-0.8987535,-0.3526026,-0.2606027,0,0,0,-22.95402,0.7514877,0.1292133,-0.4307862,-0.7963943,0.4244754,0,0,0,0.2103829
1732482659961,-23.02866,1.559692,-0.1041279,-0.997313,0.02684786,0.06816375,0,0,0,-22.8763,0.7832454,-0.2824497,-0.8987535,-0.3526026,-0.2606027,0,0,0,-22.95402,0.7514877,0.1292133,-0.4307862,-0.7963943,0.4244754,0,0,0,0.2103829
1732482659978,-23.06152,1.553389,-0.1034794,-0.9964285,0.02870175,0.07941544,-2.465057,-0.4726857,0.04863739,-22.91579,0.7940217,-0.2739964,-0.924116,-0.2954816,-0.2422822,-2.961731,0.8082211,0.6340027,-22.98377,0.7451293,0.1307297,-0.4145798,-0.7965193,0.4400917,-2.231455,-0.4768789,0.1137257,0.2103829
1732482660005,-23.0943,1.545958,-0.1024857,-0.9954122,0.03087427,0.09056461,-2.458477,-0.5573362,0.07452965,-22.94142,0.8013517,-0.2685909,-0.9506729,-0.225003,-0.2135299,-1.922178,0.54975,0.405407,-23.01149,0.7392335,0.1321983,-0.3983459,-0.7974167,0.4532629,-2.078676,-0.442189,0.1101494,0.2103829
1732482660010,-23.0943,1.545958,-0.1024857,-0.9954122,0.03087427,0.09056461,0,0,0,-22.94142,0.8013517,-0.2685909,-0.9506729,-0.225003,-0.2135299,0,0,0,-23.01149,0.7392335,0.1321983,-0.3983459,-0.7974167,0.4532629,0,0,0,0.2103829
1732482660032,-23.1279,1.536717,-0.1019745,-0.9947141,0.03365073,0.09701467,-2.519846,-0.6931096,0.03833771,-22.98239,0.8118073,-0.2608719,-0.9655091,-0.1640001,-0.2022291,-3.072739,0.7841706,0.578928,-23.0428,0.7274961,0.1352806,-0.3789542,-0.7974752,0.469497,-2.348471,-0.880301,0.2311707,0.2103829
1732482660038,-23.1279,1.536717,-0.1019745,-0.9947141,0.03365073,0.09701467,0,0,0,-22.98239,0.8118073,-0.2608719,-0.9655091,-0.1640001,-0.2022291,0,0,0,-23.0428,0.7274961,0.1352806,-0.3789542,-0.7974752,0.469497,0,0,0,0.2103829
1732482660060,-23.1615,1.529282,-0.1012993,-0.9947188,0.03426002,0.09675425,-2.519846,-0.5576223,0.05064011,-23.01874,0.8203211,-0.2569103,-0.9692908,-0.1014038,-0.224038,-2.726126,0.6385356,0.2971172,-23.07316,0.7165449,0.1391926,-0.3620194,-0.7927531,0.4903923,-2.277088,-0.821346,0.2933979,0.2103829
1732482660066,-23.1615,1.529282,-0.1012993,-0.9947188,0.03426002,0.09675425,0,0,0,-23.01874,0.8203211,-0.2569103,-0.9692908,-0.1014038,-0.224038,0,0,0,-23.07316,0.7165449,0.1391926,-0.3620194,-0.7927531,0.4903923,0,0,0,0.2103829
1732482660101,-23.19561,1.526595,-0.1009178,-0.9951944,0.0343363,0.09170336,-2.558613,-0.2015233,0.02861023,-23.05347,0.8336374,-0.259449,-0.9594609,-0.02859309,-0.2803887,-2.604389,0.9987205,-0.1904011,-23.10351,0.7096269,0.1428108,-0.3435534,-0.7917521,0.505074,-2.275944,-0.518851,0.271368,0.2123775
1732482660106,-23.19561,1.526595,-0.1009178,-0.9951944,0.0343363,0.09170336,0,0,0,-23.05347,0.8336374,-0.259449,-0.9594609,-0.02859309,-0.2803887,0,0,0,-23.10351,0.7096269,0.1428108,-0.3435534,-0.7917521,0.505074,0,0,0,0.2123775
1732482660142,-23.24733,1.526377,-0.09948349,-0.9953131,0.03885997,0.08855516,-3.878689,-0.01629889,0.1075745,-23.3217,0.8444031,-0.2740536,-0.9227481,-0.008802176,-0.3853036,-20.11757,0.8074343,-1.095343,-23.09743,0.7104726,0.1484203,-0.3266734,-0.7983557,0.5058782,0.4556179,0.06342977,0.4207134,0.2155794
1732482660148,-23.24733,1.526377,-0.09948349,-0.9953131,0.03885997,0.08855516,0,0,0,-23.3217,0.8444031,-0.2740536,-0.9227481,-0.008802176,-0.3853036,0,0,0,-23.09743,0.7104726,0.1484203,-0.3266734,-0.7983557,0.5058782,0,0,0,0.2155794
1732482660154,-23.24733,1.526377,-0.09948349,-0.9953131,0.03885997,0.08855516,0,0,0,-23.3217,0.8444031,-0.2740536,-0.9227481,-0.008802176,-0.3853036,0,0,0,-23.09743,0.7104726,0.1484203,-0.3266734,-0.7983557,0.5058782,0,0,0,0.2155794
1732482660171,-23.29855,1.531966,-0.09703445,-0.9959656,0.01783727,0.08794737,-3.841782,0.4191488,0.1836777,-23.51756,0.8245729,-0.2837296,-0.876535,-0.07803977,-0.4749706,-14.68906,-1.487271,-0.7256985,-23.15606,0.7039956,0.1495571,-0.3571556,-0.7954796,0.489543,-4.397106,-0.4857749,0.08525848,0.2178266
1732482660177,-23.29855,1.531966,-0.09703445,-0.9959656,0.01783727,0.08794737,0,0,0,-23.51756,0.8245729,-0.2837296,-0.876535,-0.07803977,-0.4749706,0,0,0,-23.15606,0.7039956,0.1495571,-0.3571556,-0.7954796,0.489543,0,0,0,0.2178266
1732482660182,-23.29855,1.531966,-0.09703445,-0.9959656,0.01783727,0.08794737,0,0,0,-23.51756,0.8245729,-0.2837296,-0.876535,-0.07803977,-0.4749706,0,0,0,-23.15606,0.7039956,0.1495571,-0.3571556,-0.7954796,0.489543,0,0,0,0.2178266
1732482660188,-23.29855,1.531966,-0.09703445,-0.9959656,0.01783727,0.08794737,0,0,0,-23.51756,0.8245729,-0.2837296,-0.876535,-0.07803977,-0.4749706,0,0,0,-23.15606,0.7039956,0.1495571,-0.3571556,-0.7954796,0.489543,0,0,0,0.2178266
1732482660199,-23.33237,1.535031,-0.09559441,-0.996501,0.01165556,0.08276719,-2.536297,0.2298653,0.1080036,-23.59125,0.8095691,-0.2822056,-0.8552217,-0.1344095,-0.5005299,-5.527067,-1.125285,0.1142979,-23.1942,0.7040973,0.1520348,-0.3242428,-0.8110441,0.4869028,-2.860165,0.007626414,0.1858234,0.2178266
1732482660205,-23.33237,1.535031,-0.09559441,-0.996501,0.01165556,0.08276719,0,0,0,-23.59125,0.8095691,-0.2822056,-0.8552217,-0.1344095,-0.5005299,0,0,0,-23.1942,0.7040973,0.1520348,-0.3242428,-0.8110441,0.4869028,0,0,0,0.2178266
1732482660227,-23.36726,1.539954,-0.09380531,-0.9959674,0.0404692,0.08007193,-2.616978,0.3692508,0.134182,-23.60768,0.7949932,-0.2845459,-0.8303974,-0.1902823,-0.5236732,-1.232529,-1.093192,-0.1755238,-23.21719,0.7051359,0.1542339,-0.3241308,-0.8122706,0.4849287,-1.724195,0.07790029,0.164938,0.2178266
1732482660232,-23.36726,1.539954,-0.09380531,-0.9959674,0.0404692,0.08007193,0,0,0,-23.60768,0.7949932,-0.2845459,-0.8303974,-0.1902823,-0.5236732,0,0,0,-23.21719,0.7051359,0.1542339,-0.3241308,-0.8122706,0.4849287,0,0,0,0.2178266
1732482660254,-23.40127,1.540641,-0.09240723,-0.9954932,0.05382076,0.07808298,-2.550602,0.05149841,0.1048565,-23.61789,0.7746902,-0.2826385,-0.813323,-0.2685613,-0.5161214,-0.7656097,-1.522721,0.1430511,-23.24989,0.7078032,0.1565266,-0.3519454,-0.8030654,0.480854,-2.453041,0.2000481,0.1719475,0.2178266
1732482660260,-23.40127,1.540641,-0.09240723,-0.9954932,0.05382076,0.07808298,0,0,0,-23.61789,0.7746902,-0.2826385,-0.813323,-0.2685613,-0.5161214,0,0,0,-23.24989,0.7078032,0.1565266,-0.3519454,-0.8030654,0.480854,0,0,0,0.2178266
1732482660281,-23.436,1.547695,-0.09254646,-0.9952336,0.06501047,0.07269001,-2.604389,0.5290926,-0.01044273,-23.6216,0.7550125,-0.2799587,-0.8147002,-0.3333621,-0.4744828,-0.2780914,-1.475832,0.2009869,-23.28883,0.7123101,0.1572361,-0.4026914,-0.7826858,0.4745975,-2.91996,0.3380165,0.05321503,0.2178266
1732482660287,-23.436,1.547695,-0.09254646,-0.9952336,0.06501047,0.07269001,0,0,0,-23.6216,0.7550125,-0.2799587,-0.8147002,-0.3333621,-0.4744828,0,0,0,-23.28883,0.7123101,0.1572361,-0.4026914,-0.7826858,0.4745975,0,0,0,0.2178266
1732482660309,-23.47049,1.552447,-0.09517288,-0.9946876,0.0797447,0.06509614,-2.586937,0.3563672,-0.1969814,-23.62003,0.735535,-0.2797642,-0.8241371,-0.3676678,-0.4308355,0.1178741,-1.460811,0.01459122,-23.33063,0.7183784,0.1541691,-0.4506927,-0.7699655,0.451696,-3.135538,0.4551172,-0.2300262,0.2178266
1732482660315,-23.47049,1.552447,-0.09517288,-0.9946876,0.0797447,0.06509614,0,0,0,-23.62003,0.735535,-0.2797642,-0.8241371,-0.3676678,-0.4308355,0,0,0,-23.33063,0.7183784,0.1541691,-0.4506927,-0.7699655,0.451696,0,0,0,0.2178266
1732482660350,-23.50502,1.558435,-0.09541512,-0.9952937,0.07646634,0.05952972,-2.589798,0.4490733,-0.0181675,-23.61262,0.7213866,-0.2820873,-0.8218735,-0.4047555,-0.4008713,0.5558968,-1.061131,-0.1742363,-23.3734,0.724788,0.1502342,-0.4860308,-0.7713327,0.4108774,-3.20735,0.4807234,-0.2951145,0.2178266
1732482660356,-23.50502,1.558435,-0.09541512,-0.9952937,0.07646634,0.05952972,0,0,0,-23.61262,0.7213866,-0.2820873,-0.8218735,-0.4047555,-0.4008713,0,0,0,-23.3734,0.724788,0.1502342,-0.4860308,-0.7713327,0.4108774,0,0,0,0.2178266
1732482660391,-23.55615,1.564843,-0.09856987,-0.9958355,0.0741588,0.05303234,-3.834772,0.480625,-0.2366066,-23.59877,0.7041022,-0.2962761,-0.754573,-0.5059642,-0.4178767,1.038551,-1.296329,-1.064157,-23.43475,0.7339346,0.1385212,-0.5199809,-0.7693606,0.3710855,-4.60124,0.6859928,-0.8784771,0.2178266
1732482660398,-23.55615,1.564843,-0.09856987,-0.9958355,0.0741588,0.05303234,0,0,0,-23.59877,0.7041022,-0.2962761,-0.754573,-0.5059642,-0.4178767,0,0,0,-23.43475,0.7339346,0.1385212,-0.5199809,-0.7693606,0.3710855,0,0,0,0.2178266
1732482660404,-23.55615,1.564843,-0.09856987,-0.9958355,0.0741588,0.05303234,0,0,0,-23.59877,0.7041022,-0.2962761,-0.754573,-0.5059642,-0.4178767,0,0,0,-23.43475,0.7339346,0.1385212,-0.5199809,-0.7693606,0.3710855,0,0,0,0.2178266
1732482660420,-23.6077,1.566196,-0.09877968,-0.9963889,0.07095748,0.0466311,-3.865957,0.101459,-0.01573563,-23.58521,0.6897638,-0.3105869,-0.5982577,-0.6241529,-0.5025151,1.017237,-1.075374,-1.073313,-23.50053,0.7438129,0.1291656,-0.54217,-0.75748,0.3636976,-4.933834,0.7408708,-0.7016659,0.2178266
1732482660426,-23.6077,1.566196,-0.09877968,-0.9963889,0.07095748,0.0466311,0,0,0,-23.58521,0.6897638,-0.3105869,-0.5982577,-0.6241529,-0.5025151,0,0,0,-23.50053,0.7438129,0.1291656,-0.54217,-0.75748,0.3636976,0,0,0,0.2178266
1732482660432,-23.6077,1.566196,-0.09877968,-0.9963889,0.07095748,0.0466311,0,0,0,-23.58521,0.6897638,-0.3105869,-0.5982577,-0.6241529,-0.5025151,0,0,0,-23.50053,0.7438129,0.1291656,-0.54217,-0.75748,0.3636976,0,0,0,0.2178266
1732482660437,-23.6077,1.566196,-0.09877968,-0.9963889,0.07095748,0.0466311,0,0,0,-23.58521,0.6897638,-0.3105869,-0.5982577,-0.6241529,-0.5025151,0,0,0,-23.50053,0.7438129,0.1291656,-0.54217,-0.75748,0.3636976,0,0,0,0.2178266
1732482660461,-23.64216,1.564251,-0.09853172,-0.9962263,0.07518529,0.04336447,-2.584648,-0.1458585,0.01859665,-23.57699,0.6793074,-0.3204803,-0.5263272,-0.659608,-0.5365613,0.6158352,-0.7842332,-0.7420063,-23.5414,0.7489264,0.1271286,-0.5596892,-0.7450857,0.3627611,-3.065014,0.3835157,-0.1527786,0.2178266
1732482660467,-23.64216,1.564251,-0.09853172,-0.9962263,0.07518529,0.04336447,0,0,0,-23.57699,0.6793074,-0.3204803,-0.5263272,-0.659608,-0.5365613,0,0,0,-23.5414,0.7489264,0.1271286,-0.5596892,-0.7450857,0.3627611,0,0,0,0.2178266
1732482660502,-23.69374,1.557487,-0.09875107,-0.9959525,0.08054857,0.03988653,-3.868532,-0.507313,-0.01645088,-23.56491,0.6656225,-0.3335838,-0.436197,-0.6866434,-0.5815961,0.906229,-1.02637,-0.9827614,-23.57767,0.7521443,0.126049,-0.5963457,-0.7235306,0.3476717,-2.719975,0.2413407,-0.08096695,0.2178266
1732482660508,-23.69374,1.557487,-0.09875107,-0.9959525,0.08054857,0.03988653,0,0,0,-23.56491,0.6656225,-0.3335838,-0.436197,-0.6866434,-0.5815961,0,0,0,-23.57767,0.7521443,0.126049,-0.5963457,-0.7235306,0.3476717,0,0,0,0.2178266
1732482660513,-23.69374,1.557487,-0.09875107,-0.9959525,0.08054857,0.03988653,0,0,0,-23.56491,0.6656225,-0.3335838,-0.436197,-0.6866434,-0.5815961,0,0,0,-23.57767,0.7521443,0.126049,-0.5963457,-0.7235306,0.3476717,0,0,0,0.2178266
1732482660532,-23.74607,1.547572,-0.09827423,-0.9954243,0.08615065,0.04134154,-3.924608,-0.7435888,0.03576279,-23.55706,0.6554135,-0.3459816,-0.3133024,-0.7062249,-0.6348927,0.5885124,-0.7656723,-0.9298325,-23.6617,0.7552372,0.1201458,-0.6600367,-0.6842347,0.3101203,-6.302404,0.2319664,-0.4427433,0.2178266
1732482660537,-23.74607,1.547572,-0.09827423,-0.9954243,0.08615065,0.04134154,0,0,0,-23.55706,0.6554135,-0.3459816,-0.3133024,-0.7062249,-0.6348927,0,0,0,-23.6617,0.7552372,0.1201458,-0.6600367,-0.6842347,0.3101203,0,0,0,0.2178266
1732482660543,-23.74607,1.547572,-0.09827423,-0.9954243,0.08615065,0.04134154,0,0,0,-23.55706,0.6554135,-0.3459816,-0.3133024,-0.7062249,-0.6348927,0,0,0,-23.6617,0.7552372,0.1201458,-0.6600367,-0.6842347,0.3101203,0,0,0,0.2178266
1732482660559,-23.78119,1.539804,-0.09634209,-0.9950476,0.08874083,0.04478437,-2.63443,-0.5826384,0.1449108,-23.55666,0.6516194,-0.3521061,-0.2213485,-0.7169666,-0.6610329,0.03061295,-0.2845556,-0.4593372,-23.69977,0.7556186,0.1184731,-0.6874269,-0.6623899,0.2977988,-2.85573,0.02860576,-0.1254559,0.2178266
1732482660565,-23.78119,1.539804,-0.09634209,-0.9950476,0.08874083,0.04478437,0,0,0,-23.55666,0.6516194,-0.3521061,-0.2213485,-0.7169666,-0.6610329,0,0,0,-23.69977,0.7556186,0.1184731,-0.6874269,-0.6623899,0.2977988,0,0,0,0.2178266
1732482660600,-23.81618,1.53141,-0.09535789,-0.9953905,0.08199568,0.04974687,-2.62413,-0.6295681,0.07381439,-23.56064,0.6494203,-0.3568249,-0.1417873,-0.7247887,-0.674224,-0.2986908,-0.164938,-0.3539085,-23.73136,0.7549634,0.1170311,-0.7063414,-0.6454382,0.2906744,-2.368784,-0.04913807,-0.1081467,0.2178266
1732482660606,-23.81618,1.53141,-0.09535789,-0.9953905,0.08199568,0.04974687,0,0,0,-23.56064,0.6494203,-0.3568249,-0.1417873,-0.7247887,-0.674224,0,0,0,-23.73136,0.7549634,0.1170311,-0.7063414,-0.6454382,0.2906744,0,0,0,0.2178266
1732482660642,-23.86842,1.527713,-0.09474945,-0.9962424,0.06467315,0.05760878,-3.917742,-0.2772152,0.04563332,-23.58246,0.6513206,-0.3643589,-0.04147902,-0.7232535,-0.6893364,-1.636362,0.1425236,-0.565052,-23.79157,0.756364,0.1156082,-0.7147182,-0.6291831,0.3054615,-4.515982,0.1050487,-0.1067162,0.2224288
1732482660648,-23.86842,1.527713,-0.09474945,-0.9962424,0.06467315,0.05760878,0,0,0,-23.58246,0.6513206,-0.3643589,-0.04147902,-0.7232535,-0.6893364,0,0,0,-23.79157,0.756364,0.1156082,-0.7147182,-0.6291831,0.3054615,0,0,0,0.2224288
1732482660653,-23.86842,1.527713,-0.09474945,-0.9962424,0.06467315,0.05760878,0,0,0,-23.58246,0.6513206,-0.3643589,-0.04147902,-0.7232535,-0.6893364,0,0,0,-23.79157,0.756364,0.1156082,-0.7147182,-0.6291831,0.3054615,0,0,0,0.2224288
1732482660670,-23.92145,1.52717,-0.09529305,-0.995957,0.06718779,0.05962777,-3.977394,-0.04076958,-0.04076958,-23.62748,0.6487351,-0.3717709,0.0008949339,-0.7094047,-0.7048012,-3.376722,-0.1939103,-0.5558968,-23.85393,0.7547099,0.1206436,-0.6910217,-0.6298548,0.3546436,-4.6772,-0.1240611,0.377655,0.22421
1732482660676,-23.92145,1.52717,-0.09529305,-0.995957,0.06718779,0.05962777,0,0,0,-23.62748,0.6487351,-0.3717709,0.0008949339,-0.7094047,-0.7048012,0,0,0,-23.85393,0.7547099,0.1206436,-0.6910217,-0.6298548,0.3546436,0,0,0,0.22421
1732482660682,-23.92145,1.52717,-0.09529305,-0.995957,0.06718779,0.05962777,0,0,0,-23.62748,0.6487351,-0.3717709,0.0008949339,-0.7094047,-0.7048012,0,0,0,-23.85393,0.7547099,0.1206436,-0.6910217,-0.6298548,0.3546436,0,0,0,0.22421
1732482660712,-23.95673,1.533064,-0.09499931,-0.997539,0.04321576,0.055215,-2.646017,0.4420549,0.02202988,-23.67209,0.6462419,-0.3749695,-0.00291431,-0.7000335,-0.7141047,-3.345966,-0.1869902,-0.2398968,-23.8875,0.7529793,0.1274471,-0.6516284,-0.651279,0.3888655,-2.5177,-0.1297966,0.5102634,0.2242184
1732482660718,-23.95673,1.533064,-0.09499931,-0.997539,0.04321576,0.055215,0,0,0,-23.67209,0.6462419,-0.3749695,-0.00291431,-0.7000335,-0.7141047,0,0,0,-23.8875,0.7529793,0.1274471,-0.6516284,-0.651279,0.3888655,0,0,0,0.2242184
1732482660753,-24.0088,1.536545,-0.09611702,-0.9977718,0.04417217,0.05000687,-3.905582,0.261122,-0.08382797,-23.75436,0.6506585,-0.37883,-0.07380968,-0.6833934,-0.7263104,-6.170368,0.3312483,-0.2895355,-23.92612,0.7492852,0.1370544,-0.5636492,-0.7010415,0.4368531,-2.896643,-0.2770543,0.7205486,0.2242184
1732482660759,-24.0088,1.536545,-0.09611702,-0.9977718,0.04417217,0.05000687,0,0,0,-23.75436,0.6506585,-0.37883,-0.07380968,-0.6833934,-0.7263104,0,0,0,-23.92612,0.7492852,0.1370544,-0.5636492,-0.7010415,0.4368531,0,0,0,0.2242184
1732482660765,-24.0088,1.536545,-0.09611702,-0.9977718,0.04417217,0.05000687,0,0,0,-23.75436,0.6506585,-0.37883,-0.07380968,-0.6833934,-0.7263104,0,0,0,-23.92612,0.7492852,0.1370544,-0.5636492,-0.7010415,0.4368531,0,0,0,0.2242184
1732482660783,-24.05993,1.539632,-0.09776688,-0.9968363,0.0603572,0.05171609,-3.834629,0.2314925,-0.1237392,-23.83825,0.660779,-0.3798122,-0.1515187,-0.6847746,-0.7128301,-6.291533,0.7590339,-0.07367134,-23.96906,0.7406107,0.144413,-0.490041,-0.7508311,0.442846,-3.220367,-0.6505921,0.5518913,0.2242184
1732482660788,-24.05993,1.539632,-0.09776688,-0.9968363,0.0603572,0.05171609,0,0,0,-23.83825,0.660779,-0.3798122,-0.1515187,-0.6847746,-0.7128301,0,0,0,-23.96906,0.7406107,0.144413,-0.490041,-0.7508311,0.442846,0,0,0,0.2242184
1732482660794,-24.05993,1.539632,-0.09776688,-0.9968363,0.0603572,0.05171609,0,0,0,-23.83825,0.660779,-0.3798122,-0.1515187,-0.6847746,-0.7128301,0,0,0,-23.96906,0.7406107,0.144413,-0.490041,-0.7508311,0.442846,0,0,0,0.2242184
1732482660799,-24.05993,1.539632,-0.09776688,-0.9968363,0.0603572,0.05171609,0,0,0,-23.83825,0.660779,-0.3798122,-0.1515187,-0.6847746,-0.7128301,0,0,0,-23.96906,0.7406107,0.144413,-0.490041,-0.7508311,0.442846,0,0,0,0.2242184
1732482660823,-24.09446,1.546214,-0.09837341,-0.9949197,0.08205497,0.05832851,-2.589655,0.4936785,-0.04549026,-23.89205,0.6666701,-0.3787403,-0.2334557,-0.6735096,-0.7013447,-4.034615,0.4418358,0.08039474,-23.99841,0.7354238,0.1442833,-0.4865386,-0.7620029,0.4273546,-2.200985,-0.3890142,-0.009727478,0.2242184
1732482660830,-24.09446,1.546214,-0.09837341,-0.9949197,0.08205497,0.05832851,0,0,0,-23.89205,0.6666701,-0.3787403,-0.2334557,-0.6735096,-0.7013447,0,0,0,-23.99841,0.7354238,0.1442833,-0.4865386,-0.7620029,0.4273546,0,0,0,0.2242184
1732482660864,-24.1452,1.552949,-0.09898186,-0.9945478,0.08160067,0.06493407,-3.80559,0.5050689,-0.04563332,-23.83853,0.6826359,-0.37187,-0.3840888,-0.6312526,-0.6737925,4.013586,1.197432,0.5152702,-24.03333,0.733397,0.1402721,-0.4895375,-0.7767695,0.39621,-2.61898,-0.1520097,-0.3008366,0.2242184
1732482660871,-24.1452,1.552949,-0.09898186,-0.9945478,0.08160067,0.06493407,0,0,0,-23.83853,0.6826359,-0.37187,-0.3840888,-0.6312526,-0.6737925,0,0,0,-24.03333,0.733397,0.1402721,-0.4895375,-0.7767695,0.39621,0,0,0,0.2242184
1732482660876,-24.1452,1.552949,-0.09898186,-0.9945478,0.08160067,0.06493407,0,0,0,-23.83853,0.6826359,-0.37187,-0.3840888,-0.6312526,-0.6737925,0,0,0,-24.03333,0.733397,0.1402721,-0.4895375,-0.7767695,0.39621,0,0,0,0.2242184
1732482660893,-24.19442,1.561328,-0.09881592,-0.9958397,0.06334975,0.06550241,-3.691006,0.6284326,0.01244545,-23.93085,0.7030184,-0.3605309,-0.5267227,-0.5872117,-0.6146109,-6.923962,1.528689,0.8504391,-24.09365,0.7345962,0.1314087,-0.4826252,-0.7919798,0.3739534,-4.524279,0.08993894,-0.6647587,0.2242184
1732482660899,-24.19442,1.561328,-0.09881592,-0.9958397,0.06334975,0.06550241,0,0,0,-23.93085,0.7030184,-0.3605309,-0.5267227,-0.5872117,-0.6146109,0,0,0,-24.09365,0.7345962,0.1314087,-0.4826252,-0.7919798,0.3739534,0,0,0,0.2242184
1732482660904,-24.19442,1.561328,-0.09881592,-0.9958397,0.06334975,0.06550241,0,0,0,-23.93085,0.7030184,-0.3605309,-0.5267227,-0.5872117,-0.6146109,0,0,0,-24.09365,0.7345962,0.1314087,-0.4826252,-0.7919798,0.3739534,0,0,0,0.2242184
1732482660921,-24.22683,1.564632,-0.09851265,-0.9960209,0.0569445,0.06855589,-2.431154,0.247854,0.02274513,-23.97365,0.7142657,-0.3529263,-0.6046393,-0.5580227,-0.5683508,-3.210211,0.8435458,0.5703449,-24.12061,0.7365714,0.1307678,-0.4502623,-0.8070133,0.3820913,-2.021885,0.1481384,-0.04806519,0.2242184
1732482660927,-24.22683,1.564632,-0.09851265,-0.9960209,0.0569445,0.06855589,0,0,0,-23.97365,0.7142657,-0.3529263,-0.6046393,-0.5580227,-0.5683508,0,0,0,-24.12061,0.7365714,0.1307678,-0.4502623,-0.8070133,0.3820913,0,0,0,0.2242184
1732482660962,-24.25941,1.567,-0.09799385,-0.9960706,0.05168895,0.07191557,-2.4436,0.1775801,0.03890991,-24.01977,0.7271068,-0.3428574,-0.6870408,-0.5195332,-0.507997,-3.458548,0.9630829,0.755167,-24.14557,0.7385467,0.1311378,-0.4386219,-0.8145746,0.3795778,-1.872253,0.1481518,0.02775192,0.2242184
1732482660968,-24.25941,1.567,-0.09799385,-0.9960706,0.05168895,0.07191557,0,0,0,-24.01977,0.7271068,-0.3428574,-0.6870408,-0.5195332,-0.507997,0,0,0,-24.14557,0.7385467,0.1311378,-0.4386219,-0.8145746,0.3795778,0,0,0,0.2242184
1732482660990,-24.308,1.566698,-0.09703827,-0.9955676,0.0521104,0.07829261,-3.644228,-0.02264678,0.07166862,-24.0915,0.7490796,-0.3219261,-0.8375242,-0.4075463,-0.3639501,-5.379725,1.647963,1.569843,-24.18957,0.7411112,0.1311207,-0.4314762,-0.8138402,0.3892205,-3.299761,0.1923323,-0.00128746,0.2242184
1732482660996,-24.308,1.566698,-0.09703827,-0.9955676,0.0521104,0.07829261,0,0,0,-24.0915,0.7490796,-0.3219261,-0.8375242,-0.4075463,-0.3639501,0,0,0,-24.18957,0.7411112,0.1311207,-0.4314762,-0.8138402,0.3892205,0,0,0,0.2242184
1732482661001,-24.308,1.566698,-0.09703827,-0.9955676,0.0521104,0.07829261,0,0,0,-24.0915,0.7490796,-0.3219261,-0.8375242,-0.4075463,-0.3639501,0,0,0,-24.18957,0.7411112,0.1311207,-0.4314762,-0.8138402,0.3892205,0,0,0,0.2242184
1732482661019,-24.34019,1.561913,-0.09658051,-0.994754,0.0557928,0.0857448,-2.414417,-0.3588706,0.03433228,-24.15059,0.7696475,-0.3009586,-0.8930598,-0.3308302,-0.3049529,-4.431581,1.542588,1.572561,-24.22556,0.7411845,0.1318722,-0.4229019,-0.8093044,0.4076524,-2.699232,0.005502999,0.05636215,0.2242184
1732482661025,-24.34019,1.561913,-0.09658051,-0.994754,0.0557928,0.0857448,0,0,0,-24.15059,0.7696475,-0.3009586,-0.8930598,-0.3308302,-0.3049529,0,0,0,-24.22556,0.7411845,0.1318722,-0.4229019,-0.8093044,0.4076524,0,0,0,0.2242184
1732482661030,-24.34019,1.561913,-0.09658051,-0.994754,0.0557928,0.0857448,0,0,0,-24.15059,0.7696475,-0.3009586,-0.8930598,-0.3308302,-0.3049529,0,0,0,-24.22556,0.7411845,0.1318722,-0.4229019,-0.8093044,0.4076524,0,0,0,0.2242184
1732482661047,-24.37254,1.555711,-0.09604836,-0.994082,0.05473506,0.09383839,-2.426147,-0.4651934,0.03991127,-24.19762,0.7868965,-0.2868156,-0.925862,-0.2558978,-0.2780223,-3.527641,1.293679,1.060724,-24.2553,0.7390393,0.1340446,-0.4089482,-0.8041186,0.4314566,-2.23074,-0.1608923,0.1629353,0.2242184
1732482661052,-24.37254,1.555711,-0.09604836,-0.994082,0.05473506,0.09383839,0,0,0,-24.19762,0.7868965,-0.2868156,-0.925862,-0.2558978,-0.2780223,0,0,0,-24.2553,0.7390393,0.1340446,-0.4089482,-0.8041186,0.4314566,0,0,0,0.2242184
1732482661087,-24.40512,1.548305,-0.09560013,-0.9932612,0.05230972,0.1034217,-2.4436,-0.5554229,0.03361702,-24.22945,0.7987027,-0.2778473,-0.9560438,-0.1734311,-0.2364362,-2.387094,0.8854598,0.6726265,-24.2794,0.7355623,0.1366119,-0.3854421,-0.8006191,0.4587415,-1.807165,-0.2607778,0.1925468,0.2242184
1732482661128,-24.45547,1.53649,-0.09248924,-0.9922405,0.05185435,0.1130061,-3.775978,-0.8861035,0.2333164,-24.28112,0.8178076,-0.2635269,-0.9744985,-0.05511156,-0.2175221,-3.875685,1.432872,1.074028,-24.31406,0.7279825,0.1438961,-0.3442175,-0.7958671,0.4981064,-2.599239,-0.5684808,0.5463123,0.2242184
1732482661134,-24.45547,1.53649,-0.09248924,-0.9922405,0.05185435,0.1130061,0,0,0,-24.28112,0.8178076,-0.2635269,-0.9744985,-0.05511156,-0.2175221,0,0,0,-24.31406,0.7279825,0.1438961,-0.3442175,-0.7958671,0.4981064,0,0,0,0.2242184
1732482661139,-24.45547,1.53649,-0.09248924,-0.9922405,0.05185435,0.1130061,0,0,0,-24.28112,0.8178076,-0.2635269,-0.9744985,-0.05511156,-0.2175221,0,0,0,-24.31406,0.7279825,0.1438961,-0.3442175,-0.7958671,0.4981064,0,0,0,0.2242184
1732482661158,-24.50605,1.528358,-0.0916748,-0.9925765,0.04931782,0.1111756,-3.793716,-0.6099075,0.06108284,-24.3534,0.8323087,-0.2830124,-0.9540937,0.006340951,-0.2994422,-5.420351,1.087582,-1.461411,-24.36265,0.7150909,0.1546421,-0.3004676,-0.7891061,0.5357525,-3.644228,-0.9668693,0.8059502,0.2242184
1732482661164,-24.50605,1.528358,-0.0916748,-0.9925765,0.04931782,0.1111756,0,0,0,-24.3534,0.8323087,-0.2830124,-0.9540937,0.006340951,-0.2994422,0,0,0,-24.36265,0.7150909,0.1546421,-0.3004676,-0.7891061,0.5357525,0,0,0,0.2242184
1732482661169,-24.50605,1.528358,-0.0916748,-0.9925765,0.04931782,0.1111756,0,0,0,-24.3534,0.8323087,-0.2830124,-0.9540937,0.006340951,-0.2994422,0,0,0,-24.36265,0.7150909,0.1546421,-0.3004676,-0.7891061,0.5357525,0,0,0,0.2242184
1732482661175,-24.50605,1.528358,-0.0916748,-0.9925765,0.04931782,0.1111756,0,0,0,-24.3534,0.8323087,-0.2830124,-0.9540937,0.006340951,-0.2994422,0,0,0,-24.36265,0.7150909,0.1546421,-0.3004676,-0.7891061,0.5357525,0,0,0,0.2242184
1732482661199,-24.54054,1.528459,-0.09106445,-0.9929384,0.0453686,0.1096151,-2.586222,0.007545948,0.04577637,-24.58478,0.8501344,-0.2685356,-0.9302531,0.02248994,-0.3662295,-17.35368,1.336925,1.085758,-24.38878,0.7114131,0.1595707,-0.2850512,-0.7884552,0.5450543,-1.960373,-0.2758339,0.3696442,0.2269316
1732482661205,-24.54054,1.528459,-0.09106445,-0.9929384,0.0453686,0.1096151,0,0,0,-24.58478,0.8501344,-0.2685356,-0.9302531,0.02248994,-0.3662295,0,0,0,-24.38878,0.7114131,0.1595707,-0.2850512,-0.7884552,0.5450543,0,0,0,0.2269316
1732482661240,-24.59311,1.52681,-0.09013939,-0.9912404,0.06764568,0.1134319,-3.942919,-0.1236677,0.06937981,-24.76536,0.8634385,-0.2653179,-0.8862604,0.02150765,-0.4626883,-13.54365,0.9978086,0.2413273,-24.43319,0.7043825,0.1637268,-0.2949239,-0.7873098,0.5414456,-3.33066,-0.5272955,0.3117085,0.2269316
1732482661246,-24.59311,1.52681,-0.09013939,-0.9912404,0.06764568,0.1134319,0,0,0,-24.76536,0.8634385,-0.2653179,-0.8862604,0.02150765,-0.4626883,0,0,0,-24.43319,0.7043825,0.1637268,-0.2949239,-0.7873098,0.5414456,0,0,0,0.2269316
1732482661252,-24.59311,1.52681,-0.09013939,-0.9912404,0.06764568,0.1134319,0,0,0,-24.76536,0.8634385,-0.2653179,-0.8862604,0.02150765,-0.4626883,0,0,0,-24.43319,0.7043825,0.1637268,-0.2949239,-0.7873098,0.5414456,0,0,0,0.2269316
1732482661269,-24.64595,1.533125,-0.08968163,-0.9911023,0.07556015,0.1095767,-3.962803,0.4736245,0.03433228,-24.93239,0.8570477,-0.2559948,-0.8613158,-0.05721983,-0.5048385,-12.52713,-0.4793108,0.699234,-24.49177,0.7020284,0.1665058,-0.2994827,-0.7858541,0.5410578,-4.393101,-0.1765609,0.2084255,0.2269316
1732482661275,-24.64595,1.533125,-0.08968163,-0.9911023,0.07556015,0.1095767,0,0,0,-24.93239,0.8570477,-0.2559948,-0.8613158,-0.05721983,-0.5048385,0,0,0,-24.49177,0.7020284,0.1665058,-0.2994827,-0.7858541,0.5410578,0,0,0,0.2269316
1732482661280,-24.64595,1.533125,-0.08968163,-0.9911023,0.07556015,0.1095767,0,0,0,-24.93239,0.8570477,-0.2559948,-0.8613158,-0.05721983,-0.5048385,0,0,0,-24.49177,0.7020284,0.1665058,-0.2994827,-0.7858541,0.5410578,0,0,0,0.2269316
1732482661297,-24.68043,1.536345,-0.08921814,-0.9936451,0.05087139,0.1004092,-2.586079,0.2415061,0.03476143,-24.95182,0.8365444,-0.2592869,-0.8566367,-0.1218085,-0.5013351,-1.457405,-1.537746,-0.2469063,-24.52438,0.7027708,0.1683483,-0.2972433,-0.8005078,0.5204169,-2.446175,0.05568266,0.1381874,0.2269316
1732482661302,-24.68043,1.536345,-0.08921814,-0.9936451,0.05087139,0.1004092,0,0,0,-24.95182,0.8365444,-0.2592869,-0.8566367,-0.1218085,-0.5013351,0,0,0,-24.52438,0.7027708,0.1683483,-0.2972433,-0.8005078,0.5204169,0,0,0,0.2269316
1732482661337,-24.71595,1.539257,-0.08908463,-0.9928272,0.07860573,0.09008777,-2.664328,0.2184033,0.01001358,-24.96652,0.8144938,-0.2632008,-0.8544359,-0.1752592,-0.4891057,-1.102495,-1.653792,-0.293541,-24.55533,0.7045928,0.168829,-0.3152407,-0.8008791,0.5091327,-2.320719,0.1366496,0.03604889,0.2269316
1732482661343,-24.71595,1.539257,-0.08908463,-0.9928272,0.07860573,0.09008777,0,0,0,-24.96652,0.8144938,-0.2632008,-0.8544359,-0.1752592,-0.4891057,0,0,0,-24.55533,0.7045928,0.168829,-0.3152407,-0.8008791,0.5091327,0,0,0,0.2269316
1732482661378,-24.76886,1.544069,-0.08826637,-0.9942173,0.07773204,0.07409656,-3.968382,0.3608733,0.06136894,-24.97383,0.7771863,-0.2675114,-0.8538689,-0.2756031,-0.4415332,-0.548172,-2.798063,-0.3232956,-24.61479,0.708969,0.1679153,-0.3724927,-0.794189,0.4801177,-4.459476,0.328213,-0.0685215,0.2269316
1732482661384,-24.76886,1.544069,-0.08826637,-0.9942173,0.07773204,0.07409656,0,0,0,-24.97383,0.7771863,-0.2675114,-0.8538689,-0.2756031,-0.4415332,0,0,0,-24.61479,0.708969,0.1679153,-0.3724927,-0.794189,0.4801177,0,0,0,0.2269316
1732482661389,-24.76886,1.544069,-0.08826637,-0.9942173,0.07773204,0.07409656,0,0,0,-24.97383,0.7771863,-0.2675114,-0.8538689,-0.2756031,-0.4415332,0,0,0,-24.61479,0.708969,0.1679153,-0.3724927,-0.794189,0.4801177,0,0,0,0.2269316
1732482661407,-24.82215,1.549373,-0.08934402,-0.9952492,0.07814637,0.05807233,-3.996563,0.3978252,-0.0808239,-24.96675,0.7438577,-0.2766647,-0.8251233,-0.3594067,-0.4358885,0.5310059,-2.499649,-0.6865025,-24.68597,0.7170876,0.1639347,-0.444983,-0.7722902,0.4533851,-5.338955,0.6088972,-0.2985477,0.2269316
1732482661413,-24.82215,1.549373,-0.08934402,-0.9952492,0.07814637,0.05807233,0,0,0,-24.96675,0.7438577,-0.2766647,-0.8251233,-0.3594067,-0.4358885,0,0,0,-24.68597,0.7170876,0.1639347,-0.444983,-0.7722902,0.4533851,0,0,0,0.2269316
1732482661418,-24.82215,1.549373,-0.08934402,-0.9952492,0.07814637,0.05807233,0,0,0,-24.96675,0.7438577,-0.2766647,-0.8251233,-0.3594067,-0.4358885,0,0,0,-24.68597,0.7170876,0.1639347,-0.444983,-0.7722902,0.4533851,0,0,0,0.2269316
1732482661424,-24.82215,1.549373,-0.08934402,-0.9952492,0.07814637,0.05807233,0,0,0,-24.96675,0.7438577,-0.2766647,-0.8251233,-0.3594067,-0.4358885,0,0,0,-24.68597,0.7170876,0.1639347,-0.444983,-0.7722902,0.4533851,0,0,0,0.2269316
1732482661448,-24.85756,1.554823,-0.08999062,-0.9966047,0.06214519,0.05401438,-2.655888,0.408715,-0.04849434,-24.95465,0.7298852,-0.2826767,-0.790257,-0.4387576,-0.4277687,0.9073734,-1.047935,-0.4508972,-24.7367,0.7247327,0.1578903,-0.4951223,-0.7597457,0.4214745,-3.804731,0.5733803,-0.4533291,0.2269316
1732482661454,-24.85756,1.554823,-0.08999062,-0.9966047,0.06214519,0.05401438,0,0,0,-24.95465,0.7298852,-0.2826767,-0.790257,-0.4387576,-0.4277687,0,0,0,-24.7367,0.7247327,0.1578903,-0.4951223,-0.7597457,0.4214745,0,0,0,0.2269316
1732482661489,-24.91016,1.557742,-0.09121323,-0.9978429,0.0425955,0.04995584,-3.944921,0.2189487,-0.09169579,-24.93539,0.7124997,-0.2944851,-0.7030672,-0.5559182,-0.4434545,1.444817,-1.303911,-0.8856297,-24.79223,0.7340204,0.1486111,-0.5516853,-0.746506,0.3719844,-4.164648,0.6965742,-0.6959438,0.2269316
1732482661495,-24.91016,1.557742,-0.09121323,-0.9978429,0.0425955,0.04995584,0,0,0,-24.93539,0.7124997,-0.2944851,-0.7030672,-0.5559182,-0.4434545,0,0,0,-24.79223,0.7340204,0.1486111,-0.5516853,-0.746506,0.3719844,0,0,0,0.2269316
1732482661500,-24.91016,1.557742,-0.09121323,-0.9978429,0.0425955,0.04995584,0,0,0,-24.93539,0.7124997,-0.2944851,-0.7030672,-0.5559182,-0.4434545,0,0,0,-24.79223,0.7340204,0.1486111,-0.5516853,-0.746506,0.3719844,0,0,0,0.2269316
1732482661519,-24.96365,1.557994,-0.09269714,-0.9979361,0.0417579,0.04878938,-4.011726,0.01891851,-0.1112938,-24.91578,0.7006707,-0.3105278,-0.5642443,-0.6503191,-0.5086392,1.470566,-0.8871764,-1.203203,-24.85781,0.7443657,0.1381874,-0.5830283,-0.7314982,0.3535377,-4.918671,0.7759005,-0.7817745,0.2269316
1732482661524,-24.96365,1.557994,-0.09269714,-0.9979361,0.0417579,0.04878938,0,0,0,-24.91578,0.7006707,-0.3105278,-0.5642443,-0.6503191,-0.5086392,0,0,0,-24.85781,0.7443657,0.1381874,-0.5830283,-0.7314982,0.3535377,0,0,0,0.2269316
1732482661530,-24.96365,1.557994,-0.09269714,-0.9979361,0.0417579,0.04878938,0,0,0,-24.91578,0.7006707,-0.3105278,-0.5642443,-0.6503191,-0.5086392,0,0,0,-24.85781,0.7443657,0.1381874,-0.5830283,-0.7314982,0.3535377,0,0,0,0.2269316
1732482661546,-24.99888,1.554644,-0.0933876,-0.9978284,0.04307064,0.04983544,-2.642012,-0.2512515,-0.05178452,-24.90519,0.6960014,-0.3214054,-0.4807636,-0.6797199,-0.5539386,0.7939339,-0.3502026,-0.8158207,-24.90516,0.7513683,0.1334438,-0.6186271,-0.7100503,0.3363472,-3.550816,0.5251989,-0.3557682,0.2269316
1732482661552,-24.99888,1.554644,-0.0933876,-0.9978284,0.04307064,0.04983544,0,0,0,-24.90519,0.6960014,-0.3214054,-0.4807636,-0.6797199,-0.5539386,0,0,0,-24.90516,0.7513683,0.1334438,-0.6186271,-0.7100503,0.3363472,0,0,0,0.2269316
1732482661574,-25.03419,1.548842,-0.09402847,-0.9978024,0.0413417,0.05178559,-2.648449,-0.4351258,-0.04806519,-24.8962,0.6919534,-0.331789,-0.3900081,-0.6966215,-0.6021736,0.6742001,-0.3035948,-0.7787704,-24.93837,0.7552335,0.1296959,-0.6610296,-0.6828402,0.3110778,-2.491093,0.2898887,-0.2810955,0.2269316
1732482661579,-25.03419,1.548842,-0.09402847,-0.9978024,0.0413417,0.05178559,0,0,0,-24.8962,0.6919534,-0.331789,-0.3900081,-0.6966215,-0.6021736,0,0,0,-24.93837,0.7552335,0.1296959,-0.6610296,-0.6828402,0.3110778,0,0,0,0.2269316
1732482661602,-25.06956,1.540654,-0.09438515,-0.9974769,0.04298912,0.0564996,-2.652311,-0.6141186,-0.02675056,-24.89057,0.6879433,-0.34161,-0.2951214,-0.7084572,-0.6410871,0.422287,-0.3007561,-0.7365704,-24.98087,0.7592289,0.1241436,-0.703151,-0.6515658,0.284677,-3.187466,0.2996519,-0.4164219,0.2269316
1732482661607,-25.06956,1.540654,-0.09438515,-0.9974769,0.04298912,0.0564996,0,0,0,-24.89057,0.6879433,-0.34161,-0.2951214,-0.7084572,-0.6410871,0,0,0,-24.98087,0.7592289,0.1241436,-0.703151,-0.6515658,0.284677,0,0,0,0.2269316
1732482661630,-25.10548,1.532056,-0.09505844,-0.9968849,0.04920704,0.06163973,-2.694368,-0.6448835,-0.05049706,-24.91278,0.6758529,-0.3508167,-0.1999401,-0.712625,-0.6724508,-1.665688,-0.9067833,-0.6905079,-25.02341,0.7613205,0.1185207,-0.7349221,-0.6243423,0.2647389,-3.190327,0.156869,-0.4217148,0.2269316
1732482661636,-25.10548,1.532056,-0.09505844,-0.9968849,0.04920704,0.06163973,0,0,0,-24.91278,0.6758529,-0.3508167,-0.1999401,-0.712625,-0.6724508,0,0,0,-25.02341,0.7613205,0.1185207,-0.7349221,-0.6243423,0.2647389,0,0,0,0.2269316
1732482661658,-25.14154,1.525579,-0.09591866,-0.9962971,0.05572395,0.06547827,-2.704382,-0.485757,-0.06451607,-24.93789,0.666527,-0.3584213,-0.1177495,-0.7127999,-0.6914132,-1.882839,-0.6994396,-0.5703449,-25.06527,0.7641338,0.1132145,-0.7602558,-0.5995848,0.2500188,-3.139257,0.210996,-0.3979683,0.2295411
1732482661663,-25.14154,1.525579,-0.09591866,-0.9962971,0.05572395,0.06547827,0,0,0,-24.93789,0.666527,-0.3584213,-0.1177495,-0.7127999,-0.6914132,0,0,0,-25.06527,0.7641338,0.1132145,-0.7602558,-0.5995848,0.2500188,0,0,0,0.2295411
1732482661686,-25.1776,1.526486,-0.09667969,-0.996017,0.0573051,0.06831163,-2.704525,0.06802082,-0.05707741,-24.96997,0.6624029,-0.3646946,-0.04599321,-0.7091282,-0.7035787,-2.406406,-0.3093123,-0.4704952,-25.10931,0.7719308,0.1085205,-0.7801675,-0.5771337,0.241362,-3.303623,0.5847752,-0.3520489,0.2386255
1732482661691,-25.1776,1.526486,-0.09667969,-0.996017,0.0573051,0.06831163,0,0,0,-24.96997,0.6624029,-0.3646946,-0.04599321,-0.7091282,-0.7035787,0,0,0,-25.10931,0.7719308,0.1085205,-0.7801675,-0.5771337,0.241362,0,0,0,0.2386255
1732482661714,-25.21375,1.528057,-0.09753609,-0.9957628,0.05830289,0.07111883,-2.711248,0.1178116,-0.06422997,-24.99817,0.6599445,-0.3717537,0.01907533,-0.6923235,-0.7213353,-2.114725,-0.184375,-0.5294323,-25.14906,0.7759362,0.1056843,-0.7842797,-0.5665259,0.2528915,-2.9809,0.3004074,-0.2127171,0.244871
1732482661719,-25.21375,1.528057,-0.09753609,-0.9957628,0.05830289,0.07111883,0,0,0,-24.99817,0.6599445,-0.3717537,0.01907533,-0.6923235,-0.7213353,0,0,0,-25.14906,0.7759362,0.1056843,-0.7842797,-0.5665259,0.2528915,0,0,0,0.244871
1732482661742,-25.25042,1.527249,-0.09896088,-0.9952897,0.06395164,0.07286191,-2.750015,-0.06061792,-0.1068592,-25.03585,0.6541643,-0.3775864,0.06445879,-0.6781449,-0.7320966,-2.826405,-0.4335165,-0.4374504,-25.18757,0.7745562,0.1056118,-0.7689739,-0.5719608,0.2855527,-2.888346,-0.103502,-0.005435944,0.2468592
1732482661747,-25.25042,1.527249,-0.09896088,-0.9952897,0.06395164,0.07286191,0,0,0,-25.03585,0.6541643,-0.3775864,0.06445879,-0.6781449,-0.7320966,0,0,0,-25.18757,0.7745562,0.1056118,-0.7689739,-0.5719608,0.2855527,0,0,0,0.2468592
1732482661770,-25.28673,1.530335,-0.1015072,-0.9962497,0.04822293,0.07184166,-2.723408,0.2314925,-0.1909733,-25.0806,0.6483854,-0.3830433,0.08831584,-0.6709226,-0.7362497,-3.35598,-0.4334182,-0.4092693,-25.22344,0.7707213,0.1081047,-0.7308795,-0.5942793,0.3356297,-2.69022,-0.2876133,0.1869678,0.2474149
1732482661775,-25.28673,1.530335,-0.1015072,-0.9962497,0.04822293,0.07184166,0,0,0,-25.0806,0.6483854,-0.3830433,0.08831584,-0.6709226,-0.7362497,0,0,0,-25.22344,0.7707213,0.1081047,-0.7308795,-0.5942793,0.3356297,0,0,0,0.2474149
1732482661798,-25.32405,1.538438,-0.1040745,-0.9956759,0.06324837,0.0680421,-2.798939,0.607717,-0.1925468,-25.13595,0.6468356,-0.3870182,0.04867211,-0.662206,-0.74774,-4.151344,-0.116238,-0.2981186,-25.31483,0.7571648,0.1331406,-0.6731545,-0.6288659,0.3890899,-6.85401,-1.016736,1.877689,0.2474149
1732482661804,-25.32405,1.538438,-0.1040745,-0.9956759,0.06324837,0.0680421,0,0,0,-25.13595,0.6468356,-0.3870182,0.04867211,-0.662206,-0.74774,0,0,0,-25.31483,0.7571648,0.1331406,-0.6731545,-0.6288659,0.3890899,0,0,0,0.2474149
1732482661809,-25.32405,1.538438,-0.1040745,-0.9956759,0.06324837,0.0680421,0,0,0,-25.13595,0.6468356,-0.3870182,0.04867211,-0.662206,-0.74774,0,0,0,-25.31483,0.7571648,0.1331406,-0.6731545,-0.6288659,0.3890899,0,0,0,0.2474149
1732482661826,-25.3602,1.544285,-0.1052036,-0.9965141,0.06074009,0.05719125,-2.711678,0.4385591,-0.08468628,-25.20237,0.6538948,-0.3880939,-0.01992247,-0.6674751,-0.7443663,-4.981327,0.5294412,-0.08068085,-25.3407,0.7513359,0.1493874,-0.5653023,-0.6907097,0.4509475,-1.940489,-0.4371732,1.21851,0.2474149
1732482661832,-25.3602,1.544285,-0.1052036,-0.9965141,0.06074009,0.05719125,0,0,0,-25.20237,0.6538948,-0.3880939,-0.01992247,-0.6674751,-0.7443663,0,0,0,-25.3407,0.7513359,0.1493874,-0.5653023,-0.6907097,0.4509475,0,0,0,0.2474149
1732482661868,-25.39496,1.547314,-0.1072655,-0.9978611,0.04516841,0.04725856,-2.606964,0.2271295,-0.1546383,-25.2635,0.6603545,-0.3893795,-0.05732602,-0.6656784,-0.7440341,-4.584789,0.4844785,-0.09641647,-25.3464,0.7447244,0.1568356,-0.4693992,-0.7436042,0.4761485,-0.4271507,-0.49586,0.5586147,0.2474149
1732482661874,-25.39496,1.547314,-0.1072655,-0.9978611,0.04516841,0.04725856,0,0,0,-25.2635,0.6603545,-0.3893795,-0.05732602,-0.6656784,-0.7440341,0,0,0,-25.3464,0.7447244,0.1568356,-0.4693992,-0.7436042,0.4761485,0,0,0,0.2474149
1732482661908,-25.44693,1.558126,-0.1102562,-0.9981526,0.04963996,0.03504127,-3.897429,0.8108854,-0.2243042,-25.35157,0.67469,-0.3895893,-0.1888303,-0.6477233,-0.7381048,-6.605244,1.075163,-0.01573563,-25.37568,0.7378883,0.1503391,-0.4566171,-0.7821901,0.4238865,-2.196121,-0.5127043,-0.4872322,0.2474149
1732482661914,-25.44693,1.558126,-0.1102562,-0.9981526,0.04963996,0.03504127,0,0,0,-25.35157,0.67469,-0.3895893,-0.1888303,-0.6477233,-0.7381048,0,0,0,-25.37568,0.7378883,0.1503391,-0.4566171,-0.7821901,0.4238865,0,0,0,0.2474149
1732482661919,-25.44693,1.558126,-0.1102562,-0.9981526,0.04963996,0.03504127,0,0,0,-25.35157,0.67469,-0.3895893,-0.1888303,-0.6477233,-0.7381048,0,0,0,-25.37568,0.7378883,0.1503391,-0.4566171,-0.7821901,0.4238865,0,0,0,0.2474149
1732482661937,-25.49759,1.565318,-0.1115646,-0.9980358,0.05671888,0.02660328,-3.799868,0.5394012,-0.09813309,-25.30261,0.6966126,-0.37603,-0.3756669,-0.6083553,-0.6991272,3.671837,1.644194,1.016951,-25.42998,0.7463151,0.1335182,-0.5186083,-0.7898241,0.3274499,-4.072809,0.6320089,-1.261568,0.2474149
1732482661943,-25.49759,1.565318,-0.1115646,-0.9980358,0.05671888,0.02660328,0,0,0,-25.30261,0.6966126,-0.37603,-0.3756669,-0.6083553,-0.6991272,0,0,0,-25.42998,0.7463151,0.1335182,-0.5186083,-0.7898241,0.3274499,0,0,0,0.2474149
1732482661948,-25.49759,1.565318,-0.1115646,-0.9980358,0.05671888,0.02660328,0,0,0,-25.30261,0.6966126,-0.37603,-0.3756669,-0.6083553,-0.6991272,0,0,0,-25.42998,0.7463151,0.1335182,-0.5186083,-0.7898241,0.3274499,0,0,0,0.2474149
1732482661964,-25.53137,1.570603,-0.1119289,-0.9982868,0.05154504,0.02769578,-2.533293,0.3963679,-0.02732277,-25.4781,0.7096289,-0.2961349,-0.4866729,-0.5772767,-0.6556692,-13.16142,0.9762257,5.992126,-25.47427,0.7526705,0.1285686,-0.4995982,-0.7937975,0.3468246,-3.321362,0.4766554,-0.3712177,0.2474149
1732482661970,-25.53137,1.570603,-0.1119289,-0.9982868,0.05154504,0.02769578,0,0,0,-25.4781,0.7096289,-0.2961349,-0.4866729,-0.5772767,-0.6556692,0,0,0,-25.47427,0.7526705,0.1285686,-0.4995982,-0.7937975,0.3468246,0,0,0,0.2474149
1732482661975,-25.53137,1.570603,-0.1119289,-0.9982868,0.05154504,0.02769578,0,0,0,-25.4781,0.7096289,-0.2961349,-0.4866729,-0.5772767,-0.6556692,0,0,0,-25.47427,0.7526705,0.1285686,-0.4995982,-0.7937975,0.3468246,0,0,0,0.2474149
1732482661992,-25.56453,1.574233,-0.1115723,-0.9981628,0.05140035,0.03208011,-2.486944,0.2723157,0.02675056,-25.52894,0.7223564,-0.2871017,-0.5863526,-0.5465903,-0.5978545,-3.813457,0.9545624,0.6774902,-25.51141,0.7580244,0.1313133,-0.4603389,-0.8021038,0.3804181,-2.785492,0.4015401,0.2058506,0.2474149
1732482661998,-25.56453,1.574233,-0.1115723,-0.9981628,0.05140035,0.03208011,0,0,0,-25.52894,0.7223564,-0.2871017,-0.5863526,-0.5465903,-0.5978545,0,0,0,-25.51141,0.7580244,0.1313133,-0.4603389,-0.8021038,0.3804181,0,0,0,0.2474149
1732482662020,-25.59769,1.576059,-0.1107826,-0.9980676,0.04799937,0.03946829,-2.486801,0.1369178,0.05922318,-25.57904,0.7352381,-0.2750683,-0.6822339,-0.5111737,-0.5227418,-3.757524,0.9661227,0.9025097,-25.561,0.7474536,0.1333523,-0.4401149,-0.8098447,0.38788,-3.71933,-0.7928118,0.1529217,0.2474149
1732482662047,-25.63102,1.577785,-0.1100407,-0.9977446,0.04375425,0.05090719,-2.499676,0.1294792,0.0556469,-25.62497,0.7472469,-0.2609215,-0.7880112,-0.4544157,-0.4153858,-3.444672,0.900659,1.06101,-25.5868,0.7492816,0.1356277,-0.4319336,-0.8097884,0.3970844,-1.935053,0.1371056,0.17066,0.2474149
1732482662053,-25.63102,1.577785,-0.1100407,-0.9977446,0.04375425,0.05090719,0,0,0,-25.62497,0.7472469,-0.2609215,-0.7880112,-0.4544157,-0.4153858,0,0,0,-25.5868,0.7492816,0.1356277,-0.4319336,-0.8097884,0.3970844,0,0,0,0.2474149
1732482662075,-25.66413,1.577459,-0.1093998,-0.9964422,0.04934172,0.06832939,-2.483511,-0.02447963,0.04806519,-25.6875,0.7676587,-0.234375,-0.900723,-0.3541601,-0.2515336,-4.689503,1.530884,1.990986,-25.62181,0.7511618,0.1378098,-0.4245698,-0.8066406,0.4111831,-2.625847,0.1410082,0.1636505,0.2474149
1732482662081,-25.66413,1.577459,-0.1093998,-0.9964422,0.04934172,0.06832939,0,0,0,-25.6875,0.7676587,-0.234375,-0.900723,-0.3541601,-0.2515336,0,0,0,-25.62181,0.7511618,0.1378098,-0.4245698,-0.8066406,0.4111831,0,0,0,0.2474149
1732482662103,-25.69707,1.574461,-0.1102695,-0.9949034,0.05289198,0.08584815,-2.470779,-0.2248406,-0.06523132,-25.73301,0.7831276,-0.2128811,-0.9350286,-0.2983906,-0.191534,-3.413486,1.160172,1.612043,-25.64966,0.751083,0.1384735,-0.4030671,-0.8078467,0.4300244,-2.089119,-0.00590533,0.0497818,0.2474149
1732482662109,-25.69707,1.574461,-0.1102695,-0.9949034,0.05289198,0.08584815,0,0,0,-25.73301,0.7831276,-0.2128811,-0.9350286,-0.2983906,-0.191534,0,0,0,-25.64966,0.751083,0.1384735,-0.4030671,-0.8078467,0.4300244,0,0,0,0.2474149
1732482662131,-25.73016,1.568228,-0.1103725,-0.9935415,0.05485416,0.09933144,-2.481508,-0.467518,-0.007724762,-25.77778,0.7988319,-0.1944714,-0.9500517,-0.2488593,-0.1883378,-3.357697,1.177821,1.38073,-25.67648,0.7489233,0.1406746,-0.3761852,-0.8102002,0.4495115,-2.01087,-0.1619786,0.165081,0.2474149
1732482662137,-25.73016,1.568228,-0.1103725,-0.9935415,0.05485416,0.09933144,0,0,0,-25.77778,0.7988319,-0.1944714,-0.9500517,-0.2488593,-0.1883378,0,0,0,-25.67648,0.7489233,0.1406746,-0.3761852,-0.8102002,0.4495115,0,0,0,0.2474149
1732482662142,-25.73016,1.568228,-0.1103725,-0.9935415,0.05485416,0.09933144,0,0,0,-25.77778,0.7988319,-0.1944714,-0.9500517,-0.2488593,-0.1883378,0,0,0,-25.67648,0.7489233,0.1406746,-0.3761852,-0.8102002,0.4495115,0,0,0,0.2474149
1732482662159,-25.76354,1.560722,-0.1094189,-0.9931051,0.05199423,0.1050691,-2.503395,-0.5629331,0.07152557,-25.82742,0.8136092,-0.1789646,-0.9674355,-0.1895069,-0.1677971,-3.72262,1.108298,1.163006,-25.70944,0.7432324,0.1455097,-0.3607003,-0.8069893,0.4676149,-2.472067,-0.4268155,0.3626347,0.2474149
1732482662165,-25.76354,1.560722,-0.1094189,-0.9931051,0.05199423,0.1050691,0,0,0,-25.82742,0.8136092,-0.1789646,-0.9674355,-0.1895069,-0.1677971,0,0,0,-25.70944,0.7432324,0.1455097,-0.3607003,-0.8069893,0.4676149,0,0,0,0.2474149
1732482662187,-25.79739,1.552783,-0.1094093,-0.9927819,0.05598224,0.1060693,-2.538872,-0.5954325,0.0007152557,-25.85372,0.8209679,-0.1721115,-0.9836813,-0.1186303,-0.1352704,-1.972532,0.5519047,0.5139828,-25.72906,0.7391268,0.148243,-0.3500281,-0.8005524,0.4864117,-1.471424,-0.3079221,0.2049923,0.2474149
1732482662194,-25.79739,1.552783,-0.1094093,-0.9927819,0.05598224,0.1060693,0,0,0,-25.85372,0.8209679,-0.1721115,-0.9836813,-0.1186303,-0.1352704,0,0,0,-25.72906,0.7391268,0.148243,-0.3500281,-0.8005524,0.4864117,0,0,0,0.2474149
1732482662228,-25.83176,1.544962,-0.109375,-0.993701,0.05462348,0.09785283,-2.577782,-0.5865812,0.002574921,-25.89206,0.8311297,-0.1651707,-0.9875841,-0.05535871,-0.1470151,-2.875471,0.7621363,0.5205631,-25.76055,0.7323329,0.1522141,-0.3384706,-0.7962759,0.5013806,-2.361917,-0.5095437,0.2978325,0.2474149
1732482662234,-25.83176,1.544962,-0.109375,-0.993701,0.05462348,0.09785283,0,0,0,-25.89206,0.8311297,-0.1651707,-0.9875841,-0.05535871,-0.1470151,0,0,0,-25.76055,0.7323329,0.1522141,-0.3384706,-0.7962759,0.5013806,0,0,0,0.2474149
1732482662256,-25.88434,1.538457,-0.1083908,-0.9949365,0.04942378,0.08751601,-3.943348,-0.4878581,0.07381439,-26.1241,0.8187562,-0.2612133,-0.9763348,0.027116,-0.2145585,-17.40332,-0.928013,-7.203197,-25.80807,0.7226474,0.1594963,-0.3176107,-0.7903218,0.5239419,-3.563833,-0.7264137,0.5461693,0.2474149
1732482662261,-25.88434,1.538457,-0.1083908,-0.9949365,0.04942378,0.08751601,0,0,0,-26.1241,0.8187562,-0.2612133,-0.9763348,0.027116,-0.2145585,0,0,0,-25.80807,0.7226474,0.1594963,-0.3176107,-0.7903218,0.5239419,0,0,0,0.2474149
1732482662266,-25.88434,1.538457,-0.1083908,-0.9949365,0.04942378,0.08751601,0,0,0,-26.1241,0.8187562,-0.2612133,-0.9763348,0.027116,-0.2145585,0,0,0,-25.80807,0.7226474,0.1594963,-0.3176107,-0.7903218,0.5239419,0,0,0,0.2474149
1732482662284,-25.92012,1.537833,-0.1069946,-0.994904,0.04951693,0.08783412,-2.683926,-0.04677773,0.1047134,-26.16704,0.8209519,-0.2675629,-0.9519251,0.0361279,-0.3041943,-3.220081,0.1646742,-0.4762173,-25.84574,0.7162839,0.1641254,-0.3179427,-0.7878225,0.5274924,-2.825403,-0.4772589,0.3471851,0.2474149
1732482662290,-25.92012,1.537833,-0.1069946,-0.994904,0.04951693,0.08783412,0,0,0,-26.16704,0.8209519,-0.2675629,-0.9519251,0.0361279,-0.3041943,0,0,0,-25.84574,0.7162839,0.1641254,-0.3179427,-0.7878225,0.5274924,0,0,0,0.2474149
1732482662312,-25.95578,1.535754,-0.1054306,-0.9943418,0.05523086,0.09074116,-2.674198,-0.1559436,0.1173019,-26.26487,0.8565776,-0.2608891,-0.9205891,0.01640025,-0.3901888,-7.337809,2.671932,0.500536,-25.87567,0.7138162,0.1667538,-0.325966,-0.7851799,0.5265347,-2.245188,-0.1850814,0.1971245,0.2474149
1732482662318,-25.95578,1.535754,-0.1054306,-0.9943418,0.05523086,0.09074116,0,0,0,-26.26487,0.8565776,-0.2608891,-0.9205891,0.01640025,-0.3901888,0,0,0,-25.87567,0.7138162,0.1667538,-0.325966,-0.7851799,0.5265347,0,0,0,0.2474149
1732482662340,-25.99172,1.543147,-0.104063,-0.9953246,0.03609529,0.08959138,-2.69537,0.5544573,0.1025677,-26.29414,0.8467853,-0.2662983,-0.8933296,-0.04675636,-0.4469643,-2.194691,-0.7344246,-0.4056931,-25.91294,0.7123664,0.1695938,-0.3278828,-0.7804298,0.5323743,-2.79479,-0.1087323,0.2130032,0.2474149
1732482662345,-25.99172,1.543147,-0.104063,-0.9953246,0.03609529,0.08959138,0,0,0,-26.29414,0.8467853,-0.2662983,-0.8933296,-0.04675636,-0.4469643,0,0,0,-25.91294,0.7123664,0.1695938,-0.3278828,-0.7804298,0.5323743,0,0,0,0.2474149
1732482662368,-26.02706,1.547133,-0.1025562,-0.9959779,0.02878943,0.08484972,-2.650738,0.298968,0.1130104,-26.31511,0.8341821,-0.2704601,-0.8696906,-0.115779,-0.479827,-1.572847,-0.9452373,-0.3121376,-25.94548,0.7144955,0.1727924,-0.3161049,-0.790435,0.5246813,-2.440882,0.1596853,0.2398968,0.2474149
1732482662373,-26.02706,1.547133,-0.1025562,-0.9959779,0.02878943,0.08484972,0,0,0,-26.31511,0.8341821,-0.2704601,-0.8696906,-0.115779,-0.479827,0,0,0,-25.94548,0.7144955,0.1727924,-0.3161049,-0.790435,0.5246813,0,0,0,0.2474149
1732482662396,-26.06334,1.551916,-0.1012821,-0.9956869,0.04485757,0.08121413,-2.720547,0.3587365,0.09555817,-26.32735,0.8166322,-0.273674,-0.8470867,-0.1925638,-0.4953421,-0.9183884,-1.316245,-0.2410412,-25.98082,0.7183294,0.1753464,-0.3250893,-0.7921264,0.5165781,-2.650309,0.2875417,0.1915455,0.2474149
1732482662401,-26.06334,1.551916,-0.1012821,-0.9956869,0.04485757,0.08121413,0,0,0,-26.32735,0.8166322,-0.273674,-0.8470867,-0.1925638,-0.4953421,0,0,0,-25.98082,0.7183294,0.1753464,-0.3250893,-0.7921264,0.5165781,0,0,0,0.2474149
1732482662424,-26.09923,1.553605,-0.1004276,-0.9960622,0.04033084,0.07895625,-2.691793,0.1266718,0.06408691,-26.33389,0.7966309,-0.2740173,-0.8397579,-0.2722761,-0.4697584,-0.4905224,-1.500101,-0.02574921,-26.02163,0.7231795,0.1761971,-0.3598808,-0.7880757,0.4994222,-3.060722,0.3637522,0.06380081,0.2474149
1732482662429,-26.09923,1.553605,-0.1004276,-0.9960622,0.04033084,0.07895625,0,0,0,-26.33389,0.7966309,-0.2740173,-0.8397579,-0.2722761,-0.4697584,0,0,0,-26.02163,0.7231795,0.1761971,-0.3598808,-0.7880757,0.4994222,0,0,0,0.2474149
1732482662452,-26.13574,1.561339,-0.09993553,-0.9961651,0.05119988,0.07094932,-2.738285,0.5800188,0.0369072,-26.33403,0.7788005,-0.2743855,-0.8510484,-0.3213898,-0.4152417,-0.01001358,-1.337273,-0.02760887,-26.06276,0.7288727,0.1753159,-0.409031,-0.771809,0.4868312,-3.084469,0.4269898,-0.06608963,0.2474149
1732482662458,-26.13574,1.561339,-0.09993553,-0.9961651,0.05119988,0.07094932,0,0,0,-26.33403,0.7788005,-0.2743855,-0.8510484,-0.3213898,-0.4152417,0,0,0,-26.06276,0.7288727,0.1753159,-0.409031,-0.771809,0.4868312,0,0,0,0.2474149
1732482662463,-26.13574,1.561339,-0.09993553,-0.9961651,0.05119988,0.07094932,0,0,0,-26.33403,0.7788005,-0.2743855,-0.8510484,-0.3213898,-0.4152417,0,0,0,-26.06276,0.7288727,0.1753159,-0.409031,-0.771809,0.4868312,0,0,0,0.2474149
1732482662481,-26.1716,1.565534,-0.09935188,-0.9968338,0.05101779,0.06099272,-2.689648,0.3146857,0.04377365,-26.32664,0.7615082,-0.2787476,-0.8583947,-0.353007,-0.3722167,0.5536079,-1.296929,-0.327158,-26.1164,0.737222,0.1716576,-0.4599996,-0.7658741,0.4492629,-4.023314,0.6261975,-0.2743721,0.2474149
1732482662486,-26.1716,1.565534,-0.09935188,-0.9968338,0.05101779,0.06099272,0,0,0,-26.32664,0.7615082,-0.2787476,-0.8583947,-0.353007,-0.3722167,0,0,0,-26.1164,0.737222,0.1716576,-0.4599996,-0.7658741,0.4492629,0,0,0,0.2474149
1732482662509,-26.20764,1.572096,-0.0987072,-0.9973652,0.04949529,0.05304134,-2.703238,0.4921228,0.04835129,-26.31881,0.7499431,-0.2847443,-0.8425776,-0.4077441,-0.3518636,0.5877972,-0.8673772,-0.4497528,-26.15144,0.7429207,0.1675167,-0.4989226,-0.7608321,0.4149834,-2.628279,0.4274055,-0.310564,0.2474149
1732482662515,-26.20764,1.572096,-0.0987072,-0.9973652,0.04949529,0.05304134,0,0,0,-26.31881,0.7499431,-0.2847443,-0.8425776,-0.4077441,-0.3518636,0,0,0,-26.15144,0.7429207,0.1675167,-0.4989226,-0.7608321,0.4149834,0,0,0,0.2474149
1732482662548,-26.24342,1.575479,-0.09862137,-0.9977335,0.04962417,0.04545212,-2.683067,0.2537012,0.006437302,-26.3086,0.7400403,-0.2947063,-0.7864929,-0.4879609,-0.3785813,0.7658958,-0.7427126,-0.7471561,-26.18946,0.7490473,0.1616077,-0.5324084,-0.7538587,0.3850173,-2.851152,0.4594982,-0.4431725,0.2474149
1732482662554,-26.24342,1.575479,-0.09862137,-0.9977335,0.04962417,0.04545212,0,0,0,-26.3086,0.7400403,-0.2947063,-0.7864929,-0.4879609,-0.3785813,0,0,0,-26.18946,0.7490473,0.1616077,-0.5324084,-0.7538587,0.3850173,0,0,0,0.2474149
1732482662577,-26.29795,1.577043,-0.09728241,-0.9982105,0.04477214,0.03964365,-4.089832,0.1173019,0.1004219,-26.29267,0.7284489,-0.310112,-0.6424534,-0.6067381,-0.468106,1.194763,-0.8693576,-1.155424,-26.25656,0.7596562,0.1521893,-0.5665,-0.74001,0.3625786,-5.032539,0.7956639,-0.7063866,0.2474149
1732482662582,-26.29795,1.577043,-0.09728241,-0.9982105,0.04477214,0.03964365,0,0,0,-26.29267,0.7284489,-0.310112,-0.6424534,-0.6067381,-0.468106,0,0,0,-26.25656,0.7596562,0.1521893,-0.5665,-0.74001,0.3625786,0,0,0,0.2474149
1732482662587,-26.29795,1.577043,-0.09728241,-0.9982105,0.04477214,0.03964365,0,0,0,-26.29267,0.7284489,-0.310112,-0.6424534,-0.6067381,-0.468106,0,0,0,-26.25656,0.7596562,0.1521893,-0.5665,-0.74001,0.3625786,0,0,0,0.2474149
1732482662605,-26.33424,1.575147,-0.09738922,-0.9978045,0.05347053,0.03908521,-2.721691,-0.142166,-0.008010864,-26.28189,0.7208456,-0.3215809,-0.5484384,-0.6549062,-0.5199174,0.8085251,-0.5702466,-0.8601665,-26.30336,0.7658722,0.1476326,-0.5835901,-0.7271684,0.3614537,-3.509903,0.4661992,-0.3417492,0.2474149
1732482662611,-26.33424,1.575147,-0.09738922,-0.9978045,0.05347053,0.03908521,0,0,0,-26.28189,0.7208456,-0.3215809,-0.5484384,-0.6549062,-0.5199174,0,0,0,-26.30336,0.7658722,0.1476326,-0.5835901,-0.7271684,0.3614537,0,0,0,0.2474149
1732482662633,-26.37067,1.571361,-0.09779549,-0.9974895,0.0595547,0.03831899,-2.732849,-0.2839833,-0.03046989,-26.27249,0.7129521,-0.3324394,-0.4738235,-0.6849557,-0.5534686,0.7049561,-0.5920082,-0.8143902,-26.33334,0.768997,0.1453457,-0.6124749,-0.7099072,0.3477163,-2.248478,0.2343625,-0.1715183,0.2474149
1732482662638,-26.37067,1.571361,-0.09779549,-0.9974895,0.0595547,0.03831899,0,0,0,-26.27249,0.7129521,-0.3324394,-0.4738235,-0.6849557,-0.5534686,0,0,0,-26.33334,0.768997,0.1453457,-0.6124749,-0.7099072,0.3477163,0,0,0,0.2474149
1732482662673,-26.40723,1.565415,-0.09778214,-0.9970891,0.06595132,0.03826493,-2.741718,-0.4459441,0.001001358,-26.26328,0.7063076,-0.3439732,-0.3912467,-0.6925955,-0.606002,0.6905079,-0.4983366,-0.8650303,-26.38205,0.7723821,0.1413879,-0.6531036,-0.684591,0.3237146,-3.653097,0.2538845,-0.2968311,0.2474149
1732482662679,-26.40723,1.565415,-0.09778214,-0.9970891,0.06595132,0.03826493,0,0,0,-26.26328,0.7063076,-0.3439732,-0.3912467,-0.6925955,-0.606002,0,0,0,-26.38205,0.7723821,0.1413879,-0.6531036,-0.684591,0.3237146,0,0,0,0.2474149
1732482662701,-26.46299,1.555957,-0.09634781,-0.996305,0.07574832,0.04048729,-4.181957,-0.7093012,0.1075745,-26.25404,0.7039465,-0.3582401,-0.2320971,-0.7061418,-0.6689506,0.6927967,-0.1770884,-1.070023,-26.45033,0.7749112,0.1363697,-0.7058948,-0.6438073,0.2953386,-5.121517,0.1896769,-0.3763676,0.2474149
1732482662707,-26.46299,1.555957,-0.09634781,-0.996305,0.07574832,0.04048729,0,0,0,-26.25404,0.7039465,-0.3582401,-0.2320971,-0.7061418,-0.6689506,0,0,0,-26.45033,0.7749112,0.1363697,-0.7058948,-0.6438073,0.2953386,0,0,0,0.2474149
1732482662712,-26.46299,1.555957,-0.09634781,-0.996305,0.07574832,0.04048729,0,0,0,-26.25404,0.7039465,-0.3582401,-0.2320971,-0.7061418,-0.6689506,0,0,0,-26.45033,0.7749112,0.1363697,-0.7058948,-0.6438073,0.2953386,0,0,0,0.2474149
1732482662729,-26.50037,1.548417,-0.09590721,-0.995612,0.08233439,0.04447436,-2.80323,-0.5654991,0.03304482,-26.25546,0.7073044,-0.3649521,-0.1243841,-0.7106994,-0.6924129,-0.1065731,0.2518415,-0.503397,-26.49611,0.774956,0.1334171,-0.7255985,-0.6237432,0.2906055,-3.433657,0.003366172,-0.2214432,0.2474149
1732482662735,-26.50037,1.548417,-0.09590721,-0.995612,0.08233439,0.04447436,0,0,0,-26.25546,0.7073044,-0.3649521,-0.1243841,-0.7106994,-0.6924129,0,0,0,-26.49611,0.774956,0.1334171,-0.7255985,-0.6237432,0.2906055,0,0,0,0.2474149
1732482662740,-26.50037,1.548417,-0.09590721,-0.995612,0.08233439,0.04447436,0,0,0,-26.25546,0.7073044,-0.3649521,-0.1243841,-0.7106994,-0.6924129,0,0,0,-26.49611,0.774956,0.1334171,-0.7255985,-0.6237432,0.2906055,0,0,0,0.2474149
1732482662757,-26.53802,1.541151,-0.0958271,-0.9957523,0.07820725,0.04859233,-2.823973,-0.5449802,0.006008148,-26.26406,0.711754,-0.3698978,-0.03711098,-0.7071612,-0.7060783,-0.6444454,0.3337249,-0.3709316,-26.54372,0.773476,0.1314774,-0.7350577,-0.61078,0.2943439,-3.570271,-0.1110032,-0.145483,0.2474149
1732482662763,-26.53802,1.541151,-0.0958271,-0.9957523,0.07820725,0.04859233,0,0,0,-26.26406,0.711754,-0.3698978,-0.03711098,-0.7071612,-0.7060783,0,0,0,-26.54372,0.773476,0.1314774,-0.7350577,-0.61078,0.2943439,0,0,0,0.2474149
1732482662798,-26.57586,1.535624,-0.09568024,-0.9963668,0.06615941,0.0536328,-2.838278,-0.4144996,0.01101494,-26.2783,0.7151262,-0.3747845,0.04412988,-0.6932279,-0.7193668,-1.068163,0.25291,-0.366497,-26.56919,0.7702474,0.1351585,-0.7427387,-0.5968544,0.3034865,-1.910019,-0.2421454,0.2760887,0.2474149
1732482662803,-26.57586,1.535624,-0.09568024,-0.9963668,0.06615941,0.0536328,0,0,0,-26.2783,0.7151262,-0.3747845,0.04412988,-0.6932279,-0.7193668,0,0,0,-26.56919,0.7702474,0.1351585,-0.7427387,-0.5968544,0.3034865,0,0,0,0.2474149
1732482662825,-26.63281,1.531912,-0.09538841,-0.9965357,0.05493987,0.06244004,-4.271221,-0.2783954,0.02188683,-26.32684,0.7167122,-0.3808117,0.1216388,-0.6701005,-0.7322358,-3.640509,0.1189515,-0.4520416,-26.59132,0.7386148,0.1670265,-0.7362887,-0.5902054,0.3309637,-1.660395,-2.372445,2.390099,0.2474149
1732482662830,-26.63281,1.531912,-0.09538841,-0.9965357,0.05493987,0.06244004,0,0,0,-26.32684,0.7167122,-0.3808117,0.1216388,-0.6701005,-0.7322358,0,0,0,-26.59132,0.7386148,0.1670265,-0.7362887,-0.5902054,0.3309637,0,0,0,0.2474149
1732482662835,-26.63281,1.531912,-0.09538841,-0.9965357,0.05493987,0.06244004,0,0,0,-26.32684,0.7167122,-0.3808117,0.1216388,-0.6701005,-0.7322358,0,0,0,-26.59132,0.7386148,0.1670265,-0.7362887,-0.5902054,0.3309637,0,0,0,0.2474149
1732482662854,-26.67014,1.534254,-0.09554672,-0.9971876,0.04070968,0.06293082,-2.799654,0.1756221,-0.01187325,-26.3794,0.7128311,-0.3837299,0.1009418,-0.6628939,-0.7418779,-3.942347,-0.2910823,-0.2188683,-26.60966,0.7346759,0.175993,-0.7151571,-0.6094305,0.3422645,-1.375151,-0.2954185,0.6724834,0.2474149
1732482662861,-26.67014,1.534254,-0.09554672,-0.9971876,0.04070968,0.06293082,0,0,0,-26.3794,0.7128311,-0.3837299,0.1009418,-0.6628939,-0.7418779,0,0,0,-26.60966,0.7346759,0.175993,-0.7151571,-0.6094305,0.3422645,0,0,0,0.2474149
1732482662882,-26.70738,1.536411,-0.09576225,-0.9963095,0.05559814,0.06539571,-2.793074,0.1617819,-0.01616478,-26.4386,0.7095801,-0.3868065,0.04816556,-0.658348,-0.7511714,-4.440022,-0.2438262,-0.2307415,-26.63104,0.7123792,0.1922684,-0.6820816,-0.6392753,0.3550939,-1.603317,-1.67225,1.220655,0.2474149
1732482662887,-26.70738,1.536411,-0.09576225,-0.9963095,0.05559814,0.06539571,0,0,0,-26.4386,0.7095801,-0.3868065,0.04816556,-0.658348,-0.7511714,0,0,0,-26.63104,0.7123792,0.1922684,-0.6820816,-0.6392753,0.3550939,0,0,0,0.2474149
1732482662909,-26.74399,1.540383,-0.09606171,-0.9969703,0.03690957,0.06847131,-2.745724,0.2979219,-0.02245903,-26.51348,0.7052401,-0.3894558,-0.007200956,-0.6569248,-0.7539223,-5.616188,-0.3254995,-0.198698,-26.63226,0.6487595,0.2186604,-0.6232633,-0.6813051,0.3838832,-0.09198189,-4.77148,1.979399,0.2474149
1732482662915,-26.74399,1.540383,-0.09606171,-0.9969703,0.03690957,0.06847131,0,0,0,-26.51348,0.7052401,-0.3894558,-0.007200956,-0.6569248,-0.7539223,0,0,0,-26.63226,0.6487595,0.2186604,-0.6232633,-0.6813051,0.3838832,0,0,0,0.2474149
1732482662938,-26.78038,1.541955,-0.09664917,-0.9965732,0.04362208,0.07027853,-2.729416,0.117892,-0.04405975,-26.59253,0.6993608,-0.3908005,-0.04972145,-0.664323,-0.7457905,-5.928469,-0.4409418,-0.1008511,-26.63285,0.5905865,0.2388515,-0.5680939,-0.7231046,0.3929242,-0.04377365,-4.36297,1.514339,0.2474149
1732482662943,-26.78038,1.541955,-0.09664917,-0.9965732,0.04362208,0.07027853,0,0,0,-26.59253,0.6993608,-0.3908005,-0.04972145,-0.664323,-0.7457905,0,0,0,-26.63285,0.5905865,0.2388515,-0.5680939,-0.7231046,0.3929242,0,0,0,0.2474149
1732482662966,-26.8176,1.548805,-0.09734917,-0.995387,0.0605489,0.07442605,-2.791214,0.5136877,-0.05249977,-26.66949,0.6944179,-0.3912449,-0.1234011,-0.6625684,-0.7387663,-5.771828,-0.3707215,-0.03333092,-26.62428,0.5667868,0.2480392,-0.5367927,-0.7466961,0.3928089,0.6425858,-1.784983,0.6890774,0.2474149
1732482662971,-26.8176,1.548805,-0.09734917,-0.995387,0.0605489,0.07442605,0,0,0,-26.66949,0.6944179,-0.3912449,-0.1234011,-0.6625684,-0.7387663,0,0,0,-26.62428,0.5667868,0.2480392,-0.5367927,-0.7466961,0.3928089,0,0,0,0.2474149
1732482662993,-26.85344,1.552101,-0.09771729,-0.9948677,0.0638665,0.07848388,-2.687931,0.2472728,-0.02760887,-26.5866,0.7057897,-0.38797,-0.2326607,-0.6491346,-0.7242196,6.216717,0.8528888,0.2456188,-26.61553,0.5503373,0.2500057,-0.5211537,-0.7649368,0.3785115,0.6564617,-1.233713,0.1474857,0.2474149
1732482663000,-26.85344,1.552101,-0.09771729,-0.9948677,0.0638665,0.07848388,0,0,0,-26.5866,0.7057897,-0.38797,-0.2326607,-0.6491346,-0.7242196,0,0,0,-26.61553,0.5503373,0.2500057,-0.5211537,-0.7649368,0.3785115,0,0,0,0.2474149
1732482663022,-26.8892,1.557277,-0.09906197,-0.9953322,0.05862023,0.07666606,-2.682352,0.3881693,-0.1008511,-26.6494,0.7157916,-0.3841076,-0.3582261,-0.6246144,-0.6939247,-4.710245,0.7501423,0.2896786,-26.60369,0.5472378,0.2488899,-0.5297085,-0.7800514,0.3330599,0.8877754,-0.2324626,-0.08368492,0.2474149
1732482663027,-26.8892,1.557277,-0.09906197,-0.9953322,0.05862023,0.07666606,0,0,0,-26.6494,0.7157916,-0.3841076,-0.3582261,-0.6246144,-0.6939247,0,0,0,-26.60369,0.5472378,0.2488899,-0.5297085,-0.7800514,0.3330599,0,0,0,0.2474149
1732482663033,-26.8892,1.557277,-0.09906197,-0.9953322,0.05862023,0.07666606,0,0,0,-26.6494,0.7157916,-0.3841076,-0.3582261,-0.6246144,-0.6939247,0,0,0,-26.60369,0.5472378,0.2488899,-0.5297085,-0.7800514,0.3330599,0,0,0,0.2474149
1732482663049,-26.92457,1.562009,-0.09968376,-0.9961561,0.05041933,0.0716325,-2.65274,0.3549278,-0.04663467,-26.71397,0.7284127,-0.3760262,-0.4665875,-0.5972285,-0.6523917,-4.84271,0.9465829,0.6061077,-26.5922,0.5512538,0.2548218,-0.5195025,-0.7939428,0.3158673,0.861454,0.3012031,0.4448891,0.2474149
1732482663055,-26.92457,1.562009,-0.09968376,-0.9961561,0.05041933,0.0716325,0,0,0,-26.71397,0.7284127,-0.3760262,-0.4665875,-0.5972285,-0.6523917,0,0,0,-26.5922,0.5512538,0.2548218,-0.5195025,-0.7939428,0.3158673,0,0,0,0.2474149
1732482663077,-26.95967,1.564906,-0.09907913,-0.9966988,0.04676259,0.06637055,-2.63257,0.2172679,0.04534721,-26.75368,0.7373765,-0.3681889,-0.5613886,-0.5668254,-0.6029533,-2.978182,0.6722778,0.5877972,-26.58388,0.5534681,0.2612133,-0.4872964,-0.8097907,0.3267745,0.6241322,0.1660734,0.4793644,0.2474149
1732482663117,-26.99485,1.565656,-0.09801483,-0.9973055,0.04242842,0.05984998,-2.637863,0.05619228,0.07982254,-26.80043,0.7483342,-0.3569775,-0.6470149,-0.5337536,-0.5444994,-3.506041,0.8218333,0.8408546,-26.5792,0.5541314,0.2683506,-0.4551058,-0.816697,0.354803,0.3511906,0.04974604,0.5352974,0.2474149
1732482663123,-26.99485,1.565656,-0.09801483,-0.9973055,0.04242842,0.05984998,0,0,0,-26.80043,0.7483342,-0.3569775,-0.6470149,-0.5337536,-0.5444994,0,0,0,-26.5792,0.5541314,0.2683506,-0.4551058,-0.816697,0.354803,0,0,0,0.2474149
1732482663145,-27.04747,1.564058,-0.09706879,-0.9975854,0.04813526,0.05007064,-3.947067,-0.1198411,0.07095337,-26.87848,0.7682957,-0.3316631,-0.823197,-0.4150258,-0.3874284,-5.853939,1.497111,1.898575,-26.57505,0.5499856,0.2781391,-0.4422726,-0.8142126,0.3761023,0.3112793,-0.3109306,0.7341385,0.2474149
1732482663151,-27.04747,1.564058,-0.09706879,-0.9975854,0.04813526,0.05007064,0,0,0,-26.87848,0.7682957,-0.3316631,-0.823197,-0.4150258,-0.3874284,0,0,0,-26.57505,0.5499856,0.2781391,-0.4422726,-0.8142126,0.3761023,0,0,0,0.2474149
1732482663156,-27.04747,1.564058,-0.09706879,-0.9975854,0.04813526,0.05007064,0,0,0,-26.87848,0.7682957,-0.3316631,-0.823197,-0.4150258,-0.3874284,0,0,0,-26.57505,0.5499856,0.2781391,-0.4422726,-0.8142126,0.3761023,0,0,0,0.2474149
1732482663161,-27.04747,1.564058,-0.09706879,-0.9975854,0.04813526,0.05007064,0,0,0,-26.87848,0.7682957,-0.3316631,-0.823197,-0.4150258,-0.3874284,0,0,0,-26.57505,0.5499856,0.2781391,-0.4422726,-0.8142126,0.3761023,0,0,0,0.2474149
1732482663174,-27.08251,1.559456,-0.09708977,-0.9975302,0.0508698,0.04843962,-2.62785,-0.3451645,-0.001573563,-26.95553,0.7943587,-0.2999077,-0.9041714,-0.3068336,-0.2971991,-5.778837,1.954727,2.381659,-26.57515,0.5420573,0.2851257,-0.4444799,-0.8031372,0.3967476,-0.00743866,-0.5946279,0.5239964,0.2474149
1732482663180,-27.08251,1.559456,-0.09708977,-0.9975302,0.0508698,0.04843962,0,0,0,-26.95553,0.7943587,-0.2999077,-0.9041714,-0.3068336,-0.2971991,0,0,0,-26.57515,0.5420573,0.2851257,-0.4444799,-0.8031372,0.3967476,0,0,0,0.2474149
1732482663201,-27.11766,1.552485,-0.09644127,-0.9975462,0.05016991,0.04883826,-2.636003,-0.5227625,0.04863739,-26.99704,0.810257,-0.2842026,-0.9395007,-0.2217091,-0.2611204,-3.112936,1.192367,1.177883,-26.57525,0.5344374,0.2910194,-0.4318028,-0.80122,0.4142379,-0.007867813,-0.5714938,0.442028,0.2474149
1732482663207,-27.11766,1.552485,-0.09644127,-0.9975462,0.05016991,0.04883826,0,0,0,-26.99704,0.810257,-0.2842026,-0.9395007,-0.2217091,-0.2611204,0,0,0,-26.57525,0.5344374,0.2910194,-0.4318028,-0.80122,0.4142379,0,0,0,0.2474149
1732482663229,-27.15356,1.544035,-0.09656715,-0.9974859,0.04915315,0.05105329,-2.692509,-0.6337881,-0.009441376,-27.03859,0.8261392,-0.2718678,-0.9638045,-0.1325028,-0.231353,-3.116226,1.191164,0.9251118,-26.57756,0.5243757,0.2965202,-0.4144203,-0.798253,0.4370905,-0.1732349,-0.7546261,0.4125595,0.2474149
1732482663234,-27.15356,1.544035,-0.09656715,-0.9974859,0.04915315,0.05105329,0,0,0,-27.03859,0.8261392,-0.2718678,-0.9638045,-0.1325028,-0.231353,0,0,0,-26.57756,0.5243757,0.2965202,-0.4144203,-0.798253,0.4370905,0,0,0,0.2474149
1732482663256,-27.18946,1.533895,-0.09669113,-0.997328,0.05275573,0.05054188,-2.692938,-0.7604778,-0.009298325,-27.07979,0.8417919,-0.2617626,-0.9754409,-0.04965585,-0.214592,-3.089905,1.173954,0.757885,-26.58156,0.5133148,0.3012905,-0.3940134,-0.7966043,0.4584487,-0.2998352,-0.8295625,0.3577709,0.2474149
1732482663262,-27.18946,1.533895,-0.09669113,-0.997328,0.05275573,0.05054188,0,0,0,-27.07979,0.8417919,-0.2617626,-0.9754409,-0.04965585,-0.214592,0,0,0,-26.58156,0.5133148,0.3012905,-0.3940134,-0.7966043,0.4584487,0,0,0,0.2474149
1732482663284,-27.22542,1.526728,-0.09655762,-0.9977744,0.0466219,0.04767704,-2.696371,-0.5375594,0.01001358,-27.30339,0.879325,-0.2315731,-0.9767073,0.02391258,-0.2132406,-16.77032,2.814987,2.264214,-26.58885,0.5037813,0.305315,-0.3819709,-0.792707,0.4750938,-0.5464554,-0.7150143,0.3018379,0.249372
1732482663290,-27.22542,1.526728,-0.09655762,-0.9977744,0.0466219,0.04767704,0,0,0,-27.30339,0.879325,-0.2315731,-0.9767073,0.02391258,-0.2132406,0,0,0,-26.58885,0.5037813,0.305315,-0.3819709,-0.792707,0.4750938,0,0,0,0.249372
1732482663312,-27.26165,1.527979,-0.09620094,-0.9984133,0.036071,0.0432471,-2.7174,0.09388626,0.02675056,-27.47544,0.8663808,-0.2322407,-0.9629423,0.104746,-0.2485379,-12.90336,-0.9708211,-0.0500679,-26.62591,0.50161,0.3085537,-0.3839792,-0.7885678,0.4803343,-2.779913,-0.1628458,0.2429008,0.2559313
1732482663317,-27.26165,1.527979,-0.09620094,-0.9984133,0.036071,0.0432471,0,0,0,-27.47544,0.8663808,-0.2322407,-0.9629423,0.104746,-0.2485379,0,0,0,-26.62591,0.50161,0.3085537,-0.3839792,-0.7885678,0.4803343,0,0,0,0.2559313
1732482663340,-27.29826,1.52691,-0.09565926,-0.9988009,0.0311572,0.03776807,-2.74601,-0.08022487,0.04062653,-27.61926,0.8438953,-0.2416821,-0.9438248,0.1459416,-0.2964724,-10.78706,-1.686408,-0.7081032,-26.66507,0.4999813,0.3101826,-0.3934139,-0.7841302,0.4799641,-2.936983,-0.122159,0.1221657,0.2592857
1732482663345,-27.29826,1.52691,-0.09565926,-0.9988009,0.0311572,0.03776807,0,0,0,-27.61926,0.8438953,-0.2416821,-0.9438248,0.1459416,-0.2964724,0,0,0,-26.66507,0.4999813,0.3101826,-0.3934139,-0.7841302,0.4799641,0,0,0,0.2592857
1732482663368,-27.33445,1.525211,-0.09466743,-0.9987422,0.03589283,0.03501767,-2.714109,-0.1274228,0.0743866,-27.66208,0.8633782,-0.2404957,-0.9187803,0.1432295,-0.3678706,-3.211498,1.461214,0.08897781,-26.70586,0.5012298,0.311285,-0.3932013,-0.7852402,0.4783207,-3.059435,0.09363815,0.08268356,0.2611315
1732482663373,-27.33445,1.525211,-0.09466743,-0.9987422,0.03589283,0.03501767,0,0,0,-27.66208,0.8633782,-0.2404957,-0.9187803,0.1432295,-0.3678706,0,0,0,-26.70586,0.5012298,0.311285,-0.3932013,-0.7852402,0.4783207,0,0,0,0.2611315
1732482663396,-27.37072,1.530912,-0.09385681,-0.9995731,0.006146694,0.02857172,-2.720547,0.4275531,0.06079674,-27.69401,0.8780799,-0.240778,-0.898886,0.09959409,-0.4267147,-2.39439,1.102629,-0.02117157,-26.74699,0.5050759,0.311697,-0.3974172,-0.78351,0.4776735,-3.084755,0.2884582,0.03089905,0.2647748
1732482663401,-27.37072,1.530912,-0.09385681,-0.9995731,0.006146694,0.02857172,0,0,0,-27.69401,0.8780799,-0.240778,-0.898886,0.09959409,-0.4267147,0,0,0,-26.74699,0.5050759,0.311697,-0.3974172,-0.78351,0.4776735,0,0,0,0.2647748
1732482663425,-27.40751,1.535901,-0.09253883,-0.9997917,0.01169325,0.01673508,-2.758598,0.374195,0.09884834,-27.72108,0.8612688,-0.2451038,-0.8820974,0.0318391,-0.4699903,-2.030182,-1.260835,-0.32444,-26.79321,0.5119967,0.3143826,-0.4059097,-0.7777909,0.4798738,-3.465843,0.5190656,0.201416,0.2647748
1732482663430,-27.40751,1.535901,-0.09253883,-0.9997917,0.01169325,0.01673508,0,0,0,-27.72108,0.8612688,-0.2451038,-0.8820974,0.0318391,-0.4699903,0,0,0,-26.79321,0.5119967,0.3143826,-0.4059097,-0.7777909,0.4798738,0,0,0,0.2647748
1732482663435,-27.40751,1.535901,-0.09253883,-0.9997917,0.01169325,0.01673508,0,0,0,-27.72108,0.8612688,-0.2451038,-0.8820974,0.0318391,-0.4699903,0,0,0,-26.79321,0.5119967,0.3143826,-0.4059097,-0.7777909,0.4798738,0,0,0,0.2647748
1732482663453,-27.44412,1.538809,-0.09067154,-0.9997244,0.0203196,0.01175964,-2.74601,0.2180994,0.1400471,-27.73586,0.843234,-0.2483044,-0.8708401,-0.06322926,-0.4874834,-1.109076,-1.352607,-0.2400398,-26.84366,0.5234969,0.3190479,-0.4237972,-0.7852925,0.4513443,-3.784132,0.862509,0.3499031,0.2647748
1732482663458,-27.44412,1.538809,-0.09067154,-0.9997244,0.0203196,0.01175964,0,0,0,-27.73586,0.843234,-0.2483044,-0.8708401,-0.06322926,-0.4874834,0,0,0,-26.84366,0.5234969,0.3190479,-0.4237972,-0.7852925,0.4513443,0,0,0,0.2647748
1732482663480,-27.4805,1.542565,-0.08950043,-0.9998068,0.0146959,0.01307738,-2.728701,0.2817214,0.0878334,-27.75023,0.8185129,-0.249506,-0.8639382,-0.1475098,-0.4815102,-1.077604,-1.854086,-0.09012222,-26.8473,0.5216708,0.3306122,-0.4514888,-0.7778525,0.4371542,-0.2730846,-0.1369581,0.8673191,0.2647748
1732482663487,-27.4805,1.542565,-0.08950043,-0.9998068,0.0146959,0.01307738,0,0,0,-27.75023,0.8185129,-0.249506,-0.8639382,-0.1475098,-0.4815102,0,0,0,-26.8473,0.5216708,0.3306122,-0.4514888,-0.7778525,0.4371542,0,0,0,0.2647748
1732482663507,-27.51674,1.549509,-0.08902931,-0.9995559,0.02701379,0.01260698,-2.718115,0.5207777,0.03533363,-27.75532,0.7941906,-0.2490025,-0.869987,-0.2201584,-0.4411955,-0.3812313,-1.82417,0.0377655,-26.88946,0.5273151,0.3305073,-0.5031714,-0.7540397,0.4221882,-3.161716,0.4233286,-0.007867813,0.2647748
1732482663512,-27.51674,1.549509,-0.08902931,-0.9995559,0.02701379,0.01260698,0,0,0,-27.75532,0.7941906,-0.2490025,-0.869987,-0.2201584,-0.4411955,0,0,0,-26.88946,0.5273151,0.3305073,-0.5031714,-0.7540397,0.4221882,0,0,0,0.2647748
1732482663535,-27.55248,1.552932,-0.08888245,-0.9996278,0.02517356,0.01053828,-2.680206,0.256741,0.01101494,-27.75201,0.7689788,-0.2508202,-0.8747043,-0.2760668,-0.3983471,0.2480507,-1.890881,-0.1363277,-26.93406,0.5353632,0.3273449,-0.5536428,-0.7402616,0.3814353,-3.345251,0.6036043,-0.2371788,0.2647748
1732482663540,-27.55248,1.552932,-0.08888245,-0.9996278,0.02517356,0.01053828,0,0,0,-27.75201,0.7689788,-0.2508202,-0.8747043,-0.2760668,-0.3983471,0,0,0,-26.93406,0.5353632,0.3273449,-0.5536428,-0.7402616,0.3814353,0,0,0,0.2647748
1732482663563,-27.58825,1.560444,-0.0894413,-0.999853,0.01427399,0.00952065,-2.682924,0.5634159,-0.04191399,-27.74124,0.7480754,-0.255621,-0.8709222,-0.3457295,-0.3492365,0.8078098,-1.567756,-0.3600597,-26.97538,0.5438001,0.3208084,-0.6000084,-0.7306544,0.3257831,-3.098917,0.6327644,-0.4902363,0.2647748
1732482663568,-27.58825,1.560444,-0.0894413,-0.999853,0.01427399,0.00952065,0,0,0,-27.74124,0.7480754,-0.255621,-0.8709222,-0.3457295,-0.3492365,0,0,0,-26.97538,0.5438001,0.3208084,-0.6000084,-0.7306544,0.3257831,0,0,0,0.2647748
1732482663591,-27.62378,1.564559,-0.09020805,-0.9998789,0.01350984,0.007735372,-2.664614,0.3086239,-0.05750656,-27.72667,0.7318467,-0.2646809,-0.8357019,-0.4359538,-0.333987,1.092339,-1.217151,-0.679493,-27.01878,0.5530217,0.3112812,-0.6342928,-0.7216834,0.277211,-3.254986,0.6916255,-0.7145405,0.2647748
1732482663596,-27.62378,1.564559,-0.09020805,-0.9998789,0.01350984,0.007735372,0,0,0,-27.72667,0.7318467,-0.2646809,-0.8357019,-0.4359538,-0.333987,0,0,0,-27.01878,0.5530217,0.3112812,-0.6342928,-0.7216834,0.277211,0,0,0,0.2647748
1732482663620,-27.6595,1.567033,-0.09117699,-0.9997999,0.01942459,0.004805982,-2.678919,0.1855016,-0.07266998,-27.71238,0.7159066,-0.2791519,-0.7527313,-0.5296792,-0.3909425,1.072025,-1.19551,-1.085329,-27.06678,0.5623322,0.3004532,-0.6541741,-0.7167107,0.2416246,-3.600168,0.6982818,-0.8121014,0.2647748
1732482663625,-27.6595,1.567033,-0.09117699,-0.9997999,0.01942459,0.004805982,0,0,0,-27.71238,0.7159066,-0.2791519,-0.7527313,-0.5296792,-0.3909425,0,0,0,-27.06678,0.5623322,0.3004532,-0.6541741,-0.7167107,0.2416246,0,0,0,0.2647748
1732482663647,-27.6952,1.56758,-0.09218025,-0.9995025,0.03142425,0.002750754,-2.677774,0.04105568,-0.0752449,-27.69843,0.7055409,-0.2934151,-0.6504687,-0.6010767,-0.4643254,1.046419,-0.7774293,-1.069736,-27.10476,0.5682722,0.2939205,-0.6653529,-0.7106912,0.2285255,-2.848291,0.445506,-0.4899502,0.2647748
1732482663653,-27.6952,1.56758,-0.09218025,-0.9995025,0.03142425,0.002750754,0,0,0,-27.69843,0.7055409,-0.2934151,-0.6504687,-0.6010767,-0.4643254,0,0,0,-27.10476,0.5682722,0.2939205,-0.6653529,-0.7106912,0.2285255,0,0,0,0.2647748
1732482663675,-27.73144,1.566016,-0.09261322,-0.9990099,0.04440682,0.002743781,-2.717829,-0.1173288,-0.03247261,-27.6868,0.6949744,-0.3096924,-0.5160683,-0.648821,-0.5592008,0.8723259,-0.7924855,-1.220798,-27.14611,0.574317,0.2895889,-0.6892874,-0.6913484,0.2166112,-3.101349,0.4533559,-0.3248692,0.2647748
1732482663681,-27.73144,1.566016,-0.09261322,-0.9990099,0.04440682,0.002743781,0,0,0,-27.6868,0.6949744,-0.3096924,-0.5160683,-0.648821,-0.5592008,0,0,0,-27.14611,0.574317,0.2895889,-0.6892874,-0.6913484,0.2166112,0,0,0,0.2647748
1732482663703,-27.76677,1.561918,-0.09200668,-0.9985062,0.05440821,0.005064964,-2.650023,-0.3073186,0.04549026,-27.67343,0.6890161,-0.3220596,-0.4437505,-0.6722171,-0.5926301,1.002645,-0.4468739,-0.9275436,-27.18387,0.5791267,0.2861176,-0.7140455,-0.6717735,0.1971289,-2.831984,0.3607258,-0.2603531,0.2647748
1732482663709,-27.76677,1.561918,-0.09200668,-0.9985062,0.05440821,0.005064964,0,0,0,-27.67343,0.6890161,-0.3220596,-0.4437505,-0.6722171,-0.5926301,0,0,0,-27.18387,0.5791267,0.2861176,-0.7140455,-0.6717735,0.1971289,0,0,0,0.2647748
1732482663731,-27.80306,1.555356,-0.09188461,-0.9983597,0.05672143,0.007812917,-2.721691,-0.4921675,0.009155273,-27.66097,0.6858907,-0.3345795,-0.3358468,-0.6743826,-0.6575831,0.934124,-0.2344072,-0.9389877,-27.22763,0.5825561,0.2811317,-0.741828,-0.6478096,0.1733035,-3.281736,0.2572104,-0.3739357,0.2647748
1732482663737,-27.80306,1.555356,-0.09188461,-0.9983597,0.05672143,0.007812917,0,0,0,-27.66097,0.6858907,-0.3345795,-0.3358468,-0.6743826,-0.6575831,0,0,0,-27.22763,0.5825561,0.2811317,-0.741828,-0.6478096,0.1733035,0,0,0,0.2647748
1732482663742,-27.80306,1.555356,-0.09188461,-0.9983597,0.05672143,0.007812917,0,0,0,-27.66097,0.6858907,-0.3345795,-0.3358468,-0.6743826,-0.6575831,0,0,0,-27.22763,0.5825561,0.2811317,-0.741828,-0.6478096,0.1733035,0,0,0,0.2647748
1732482663759,-27.8399,1.547629,-0.09097862,-0.9980218,0.06188761,0.0110656,-2.763176,-0.5794734,0.0679493,-27.65336,0.6854936,-0.3421097,-0.2440289,-0.68993,-0.6815035,0.5709171,-0.02978146,-0.5647659,-27.27741,0.5836183,0.275053,-0.7677523,-0.6224717,0.1519389,-3.733921,0.07966161,-0.455904,0.2647748
1732482663764,-27.8399,1.547629,-0.09097862,-0.9980218,0.06188761,0.0110656,0,0,0,-27.65336,0.6854936,-0.3421097,-0.2440289,-0.68993,-0.6815035,0,0,0,-27.27741,0.5836183,0.275053,-0.7677523,-0.6224717,0.1519389,0,0,0,0.2647748
1732482663787,-27.87691,1.538809,-0.09075356,-0.9973474,0.07131117,0.01459932,-2.775478,-0.661549,0.01688004,-27.65071,0.6856986,-0.3478985,-0.1592302,-0.7033505,-0.6927805,0.1989841,0.015378,-0.4341602,-27.30918,0.583102,0.2706966,-0.7879474,-0.6005195,0.1360719,-2.382517,-0.03872216,-0.3267288,0.2647748
1732482663793,-27.87691,1.538809,-0.09075356,-0.9973474,0.07131117,0.01459932,0,0,0,-27.65071,0.6856986,-0.3478985,-0.1592302,-0.7033505,-0.6927805,0,0,0,-27.30918,0.583102,0.2706966,-0.7879474,-0.6005195,0.1360719,0,0,0,0.2647748
1732482663827,-27.91389,1.530899,-0.09051323,-0.9973724,0.06975838,0.01955611,-2.773762,-0.5932331,0.01802444,-27.65656,0.6874884,-0.3519249,-0.08912343,-0.7183584,-0.6899414,-0.4385948,0.1342312,-0.301981,-27.35488,0.580973,0.2645378,-0.8020806,-0.5828281,0.1303019,-3.427505,-0.1596719,-0.4619122,0.2647748
1732482663832,-27.91389,1.530899,-0.09051323,-0.9973724,0.06975838,0.01955611,0,0,0,-27.65656,0.6874884,-0.3519249,-0.08912343,-0.7183584,-0.6899414,0,0,0,-27.35488,0.580973,0.2645378,-0.8020806,-0.5828281,0.1303019,0,0,0,0.2647748
1732482663867,-27.96943,1.527014,-0.09052849,-0.9977499,0.06191983,0.02572292,-4.165077,-0.2913773,-0.001144409,-27.68058,0.6936892,-0.3589668,0.004800677,-0.7187195,-0.6952841,-1.801586,0.4650638,-0.5281448,-27.42286,0.5801122,0.2646465,-0.8106751,-0.5671374,0.1454694,-5.098486,-0.06456077,0.008153915,0.2684827
1732482663872,-27.96943,1.527014,-0.09052849,-0.9977499,0.06191983,0.02572292,0,0,0,-27.68058,0.6936892,-0.3589668,0.004800677,-0.7187195,-0.6952841,0,0,0,-27.42286,0.5801122,0.2646465,-0.8106751,-0.5671374,0.1454694,0,0,0,0.2684827
1732482663877,-27.96943,1.527014,-0.09052849,-0.9977499,0.06191983,0.02572292,0,0,0,-27.68058,0.6936892,-0.3589668,0.004800677,-0.7187195,-0.6952841,0,0,0,-27.42286,0.5801122,0.2646465,-0.8106751,-0.5671374,0.1454694,0,0,0,0.2684827
1732482663896,-28.02422,1.529039,-0.09288597,-0.9988952,0.03800866,0.02763695,-4.109001,0.1518399,-0.1768112,-27.73781,0.695955,-0.3668537,0.0335857,-0.7033257,-0.7100742,-4.292393,0.1699358,-0.5915165,-27.46941,0.5736614,0.2737408,-0.7834013,-0.5856068,0.2082003,-3.49102,-0.4838124,0.6820679,0.2711751
1732482663901,-28.02422,1.529039,-0.09288597,-0.9988952,0.03800866,0.02763695,0,0,0,-27.73781,0.695955,-0.3668537,0.0335857,-0.7033257,-0.7100742,0,0,0,-27.46941,0.5736614,0.2737408,-0.7834013,-0.5856068,0.2082003,0,0,0,0.2711751
1732482663906,-28.02422,1.529039,-0.09288597,-0.9988952,0.03800866,0.02763695,0,0,0,-27.73781,0.695955,-0.3668537,0.0335857,-0.7033257,-0.7100742,0,0,0,-27.46941,0.5736614,0.2737408,-0.7834013,-0.5856068,0.2082003,0,0,0,0.2711751
1732482663923,-28.06104,1.535371,-0.09477997,-0.9989234,0.03887033,0.02532953,-2.761745,0.4749209,-0.1420498,-27.79504,0.6942768,-0.3710365,-0.001121223,-0.6915033,-0.7223728,-4.292393,-0.1258671,-0.3137112,-27.59046,0.5905447,0.2691936,-0.7467049,-0.6185204,0.2446722,-9.07917,1.266248,-0.3410339,0.2711751
1732482663928,-28.06104,1.535371,-0.09477997,-0.9989234,0.03887033,0.02532953,0,0,0,-27.79504,0.6942768,-0.3710365,-0.001121223,-0.6915033,-0.7223728,0,0,0,-27.59046,0.5905447,0.2691936,-0.7467049,-0.6185204,0.2446722,0,0,0,0.2711751
1732482663950,-28.09688,1.541121,-0.09670448,-0.9990771,0.03714588,0.0215748,-2.687788,0.4312456,-0.1443386,-27.85905,0.6934263,-0.3751469,-0.04033008,-0.6795128,-0.7325548,-4.800653,-0.06379187,-0.3082752,-27.69692,0.603354,0.2633133,-0.6870677,-0.6645945,0.2936876,-7.984543,0.9606957,-0.4410267,0.2711751
1732482663956,-28.09688,1.541121,-0.09670448,-0.9990771,0.03714588,0.0215748,0,0,0,-27.85905,0.6934263,-0.3751469,-0.04033008,-0.6795128,-0.7325548,0,0,0,-27.69692,0.603354,0.2633133,-0.6870677,-0.6645945,0.2936876,0,0,0,0.2711751
1732482663978,-28.13181,1.54327,-0.09840775,-0.999186,0.03692114,0.01626235,-2.620411,0.161165,-0.1277447,-27.92739,0.6919,-0.3789921,-0.06461585,-0.6725675,-0.7372098,-5.125237,-0.1144677,-0.2883911,-27.819,0.6270215,0.2567806,-0.6041229,-0.7260506,0.3284606,-9.15556,1.775064,-0.4899502,0.2711751
1732482663983,-28.13181,1.54327,-0.09840775,-0.999186,0.03692114,0.01626235,0,0,0,-27.92739,0.6919,-0.3789921,-0.06461585,-0.6725675,-0.7372098,0,0,0,-27.819,0.6270215,0.2567806,-0.6041229,-0.7260506,0.3284606,0,0,0,0.2711751
1732482664005,-28.16758,1.550984,-0.09947205,-0.9987103,0.04843629,0.01522595,-2.682495,0.5785882,-0.07982254,-28.00604,0.6890658,-0.3819389,-0.1131611,-0.6652803,-0.7379683,-5.899429,-0.2125651,-0.221014,-27.93002,0.6492829,0.2473297,-0.5410491,-0.7660853,0.3469571,-8.326435,1.669604,-0.7088184,0.2711751
1732482664011,-28.16758,1.550984,-0.09947205,-0.9987103,0.04843629,0.01522595,0,0,0,-28.00604,0.6890658,-0.3819389,-0.1131611,-0.6652803,-0.7379683,0,0,0,-27.93002,0.6492829,0.2473297,-0.5410491,-0.7660853,0.3469571,0,0,0,0.2711751
1732482664033,-28.20187,1.556552,-0.09986115,-0.9982554,0.05635529,0.01762819,-2.571917,0.4176021,-0.02918243,-28.0856,0.6880524,-0.3824005,-0.2134057,-0.657846,-0.7222861,-5.966806,-0.07600933,-0.03461838,-28.04831,0.6772985,0.2304344,-0.5339932,-0.7819819,0.3214898,-8.872318,2.101171,-1.267147,0.2711751
1732482664039,-28.20187,1.556552,-0.09986115,-0.9982554,0.05635529,0.01762819,0,0,0,-28.0856,0.6880524,-0.3824005,-0.2134057,-0.657846,-0.7222861,0,0,0,-28.04831,0.6772985,0.2304344,-0.5339932,-0.7819819,0.3214898,0,0,0,0.2711751
1732482664061,-28.23674,1.561698,-0.1002712,-0.9981198,0.05811618,0.01949131,-2.614689,0.3859162,-0.030756,-28.16856,0.6904449,-0.379488,-0.3611,-0.6397864,-0.6784399,-6.22201,0.1794398,0.2184391,-28.17739,0.7153586,0.2099533,-0.5484415,-0.7925282,0.2666668,-9.680414,2.854505,-1.536083,0.2711751
1732482664067,-28.23674,1.561698,-0.1002712,-0.9981198,0.05811618,0.01949131,0,0,0,-28.16856,0.6904449,-0.379488,-0.3611,-0.6397864,-0.6784399,0,0,0,-28.17739,0.7153586,0.2099533,-0.5484415,-0.7925282,0.2666668,0,0,0,0.2711751
1732482664089,-28.27109,1.567364,-0.1003723,-0.998423,0.05280917,0.01905614,-2.576208,0.4249424,-0.007581711,-28.25294,0.6965364,-0.3743534,-0.4910637,-0.6130927,-0.6188488,-6.328726,0.4568651,0.3850937,-28.23151,0.7384985,0.2085915,-0.5437378,-0.8029016,0.2443327,-4.059219,1.735497,-0.1021385,0.2711751
1732482664095,-28.27109,1.567364,-0.1003723,-0.998423,0.05280917,0.01905614,0,0,0,-28.25294,0.6965364,-0.3743534,-0.4910637,-0.6130927,-0.6188488,0,0,0,-28.23151,0.7384985,0.2085915,-0.5437378,-0.8029016,0.2443327,0,0,0,0.2711751
1732482664117,-28.30511,1.571907,-0.1001453,-0.9984385,0.05194584,0.02055782,-2.551746,0.3407389,0.01702309,-28.33954,0.706485,-0.3669739,-0.5848308,-0.5865689,-0.5602776,-6.494808,0.7461458,0.5534649,-28.25074,0.7507916,0.2177429,-0.5072207,-0.813492,0.2845316,-1.442385,0.9219825,0.6863594,0.2711751
1732482664123,-28.30511,1.571907,-0.1001453,-0.9984385,0.05194584,0.02055782,0,0,0,-28.33954,0.706485,-0.3669739,-0.5848308,-0.5865689,-0.5602776,0,0,0,-28.25074,0.7507916,0.2177429,-0.5072207,-0.813492,0.2845316,0,0,0,0.2711751
1732482664145,-28.33957,1.57357,-0.09919548,-0.9982612,0.05333543,0.02511072,-2.584219,0.1247764,0.07123947,-28.42408,0.7185303,-0.35853,-0.6661143,-0.5538525,-0.4995391,-6.340599,0.9033948,0.6332874,-28.27087,0.7416539,0.2117748,-0.4795532,-0.8208174,0.3103029,-1.509476,-0.6853268,-0.447607,0.2711751
1732482664151,-28.33957,1.57357,-0.09919548,-0.9982612,0.05333543,0.02511072,0,0,0,-28.42408,0.7185303,-0.35853,-0.6661143,-0.5538525,-0.4995391,0,0,0,-28.27087,0.7416539,0.2117748,-0.4795532,-0.8208174,0.3103029,0,0,0,0.2711751
1732482664156,-28.33957,1.57357,-0.09919548,-0.9982612,0.05333543,0.02511072,0,0,0,-28.42408,0.7185303,-0.35853,-0.6661143,-0.5538525,-0.4995391,0,0,0,-28.27087,0.7416539,0.2117748,-0.4795532,-0.8208174,0.3103029,0,0,0,0.2711751
1732482664173,-28.37383,1.574413,-0.0981636,-0.9983402,0.04769259,0.03228849,-2.569914,0.06315708,0.07739067,-28.5047,0.7328168,-0.3470879,-0.7907315,-0.4896282,-0.3674353,-6.046343,1.071484,0.8581638,-28.30678,0.7406986,0.2156544,-0.4779977,-0.815263,0.3269016,-2.693796,-0.07164627,0.290966,0.2711751
1732482664179,-28.37383,1.574413,-0.0981636,-0.9983402,0.04769259,0.03228849,0,0,0,-28.5047,0.7328168,-0.3470879,-0.7907315,-0.4896282,-0.3674353,0,0,0,-28.30678,0.7406986,0.2156544,-0.4779977,-0.815263,0.3269016,0,0,0,0.2711751
1732482664201,-28.40822,1.573151,-0.09739685,-0.9980604,0.04677647,0.04108423,-2.578926,-0.09461939,0.05750656,-28.58008,0.7485552,-0.3346443,-0.9024681,-0.3884968,-0.1860701,-5.653095,1.180382,0.9332657,-28.33729,0.7409326,0.2198677,-0.4715732,-0.8118988,0.3441497,-2.287817,0.01755059,0.316,0.2711751
1732482664207,-28.40822,1.573151,-0.09739685,-0.9980604,0.04677647,0.04108423,0,0,0,-28.58008,0.7485552,-0.3346443,-0.9024681,-0.3884968,-0.1860701,0,0,0,-28.33729,0.7409326,0.2198677,-0.4715732,-0.8118988,0.3441497,0,0,0,0.2711751
1732482664228,-28.44173,1.568571,-0.0984478,-0.9975131,0.04405189,0.05502427,-2.513266,-0.3435284,-0.07882118,-28.61519,0.7660431,-0.310524,-0.9289387,-0.3276709,-0.1723511,-2.633858,1.311591,1.809025,-28.36999,0.7373459,0.2209759,-0.461639,-0.8091971,0.3634418,-2.452755,-0.2690032,0.08311272,0.2711751
1732482664233,-28.44173,1.568571,-0.0984478,-0.9975131,0.04405189,0.05502427,0,0,0,-28.61519,0.7660431,-0.310524,-0.9289387,-0.3276709,-0.1723511,0,0,0,-28.36999,0.7373459,0.2209759,-0.461639,-0.8091971,0.3634418,0,0,0,0.2711751
1732482664256,-28.47548,1.562518,-0.09807587,-0.9971011,0.03557543,0.06726354,-2.531862,-0.4539818,0.02789497,-28.67189,0.7880836,-0.3017597,-0.9355961,-0.2820374,-0.2124033,-4.252052,1.653041,0.65732,-28.40174,0.7309718,0.2227383,-0.4441937,-0.8062105,0.39079,-2.381372,-0.4780591,0.1321793,0.2711751
1732482664261,-28.47548,1.562518,-0.09807587,-0.9971011,0.03557543,0.06726354,0,0,0,-28.67189,0.7880836,-0.3017597,-0.9355961,-0.2820374,-0.2124033,0,0,0,-28.40174,0.7309718,0.2227383,-0.4441937,-0.8062105,0.39079,0,0,0,0.2711751
1732482664284,-28.50933,1.555413,-0.09922409,-0.9964309,0.03432402,0.07712114,-2.5383,-0.5328745,-0.08611679,-28.72336,0.8072805,-0.2841892,-0.9588007,-0.2063508,-0.1952467,-3.860521,1.43977,1.317787,-28.43287,0.7230656,0.2252636,-0.421566,-0.8041033,0.4191664,-2.334738,-0.5929649,0.1893997,0.2711751
1732482664289,-28.50933,1.555413,-0.09922409,-0.9964309,0.03432402,0.07712114,0,0,0,-28.72336,0.8072805,-0.2841892,-0.9588007,-0.2063508,-0.1952467,0,0,0,-28.43287,0.7230656,0.2252636,-0.421566,-0.8041033,0.4191664,0,0,0,0.2711751
1732482664312,-28.54299,1.547366,-0.1034336,-0.9959233,0.03697662,0.08228034,-2.524424,-0.603497,-0.3157139,-28.78149,0.8057685,-0.2674007,-0.9789118,-0.1243463,-0.1620804,-4.359913,-0.1134038,1.259136,-28.4634,0.7147987,0.2240047,-0.4039039,-0.797407,0.4483346,-2.289534,-0.620015,-0.09441376,0.2711751
1732482664317,-28.54299,1.547366,-0.1034336,-0.9959233,0.03697662,0.08228034,0,0,0,-28.78149,0.8057685,-0.2674007,-0.9789118,-0.1243463,-0.1620804,0,0,0,-28.4634,0.7147987,0.2240047,-0.4039039,-0.797407,0.4483346,0,0,0,0.2711751
1732482664340,-28.57753,1.54015,-0.1027279,-0.9954508,0.037132,0.08774561,-2.590656,-0.5411893,0.05292892,-28.84009,0.813742,-0.2675877,-0.9839127,-0.05684844,-0.1693656,-4.394531,0.5980164,-0.01401901,-28.49515,0.7053145,0.2265129,-0.3895402,-0.7928935,0.4685918,-2.380943,-0.7113174,0.1881123,0.2711751
1732482664345,-28.57753,1.54015,-0.1027279,-0.9954508,0.037132,0.08774561,0,0,0,-28.84009,0.813742,-0.2675877,-0.9839127,-0.05684844,-0.1693656,0,0,0,-28.49515,0.7053145,0.2265129,-0.3895402,-0.7928935,0.4685918,0,0,0,0.2711751
1732482664368,-28.61153,1.534518,-0.1023026,-0.9953241,0.02944949,0.09199584,-2.550316,-0.4224122,0.03190041,-28.89376,0.8276824,-0.2632294,-0.9770284,0.009026438,-0.2129188,-4.025602,1.045525,0.3268719,-28.52615,0.6976412,0.2273235,-0.3802375,-0.7916027,0.4783145,-2.325296,-0.5754992,0.06079674,0.2711751
1732482664373,-28.61153,1.534518,-0.1023026,-0.9953241,0.02944949,0.09199584,0,0,0,-28.89376,0.8276824,-0.2632294,-0.9770284,0.009026438,-0.2129188,0,0,0,-28.52615,0.6976412,0.2273235,-0.3802375,-0.7916027,0.4783145,0,0,0,0.2711751
1732482664396,-28.64675,1.53084,-0.1011562,-0.9954311,0.02074523,0.0932045,-2.64101,-0.2758116,0.08597374,-28.9406,0.8389981,-0.2635956,-0.9597454,0.03955665,-0.2780734,-3.51305,0.8486822,-0.02746582,-28.55844,0.6922009,0.2260723,-0.3765888,-0.7943322,0.4766732,-2.421427,-0.4080221,-0.09384155,0.2711751
1732482664401,-28.64675,1.53084,-0.1011562,-0.9954311,0.02074523,0.0932045,0,0,0,-28.9406,0.8389981,-0.2635956,-0.9597454,0.03955665,-0.2780734,0,0,0,-28.55844,0.6922009,0.2260723,-0.3765888,-0.7943322,0.4766732,0,0,0,0.2711751
1732482664424,-28.68209,1.52931,-0.09944534,-0.9948251,0.02615692,0.09817952,-2.650738,-0.1147449,0.1283169,-28.9811,0.8438269,-0.2683449,-0.9318749,0.02759349,-0.3617297,-3.037548,0.3621563,-0.3561974,-28.59296,0.6904919,0.2225838,-0.3837011,-0.7988653,0.4632365,-2.589655,-0.1281738,-0.2616405,0.2711751
1732482664430,-28.68209,1.52931,-0.09944534,-0.9948251,0.02615692,0.09817952,0,0,0,-28.9811,0.8438269,-0.2683449,-0.9318749,0.02759349,-0.3617297,0,0,0,-28.59296,0.6904919,0.2225838,-0.3837011,-0.7988653,0.4632365,0,0,0,0.2711751
1732482664453,-28.71733,1.532251,-0.0980854,-0.9951939,-0.0007086582,0.09792227,-2.643013,0.220567,0.1019955,-29.01414,0.8421955,-0.2713337,-0.902805,-0.004106194,-0.4300312,-2.477646,-0.1223579,-0.2241611,-28.5672,0.6833529,0.2232018,-0.3994277,-0.7980183,0.4512476,1.932049,-0.535427,0.04634857,0.2711751
1732482664458,-28.71733,1.532251,-0.0980854,-0.9951939,-0.0007086582,0.09792227,0,0,0,-29.01414,0.8421955,-0.2713337,-0.902805,-0.004106194,-0.4300312,0,0,0,-28.5672,0.6833529,0.2232018,-0.3994277,-0.7980183,0.4512476,0,0,0,0.2711751
1732482664463,-28.71733,1.532251,-0.0980854,-0.9951939,-0.0007086582,0.09792227,0,0,0,-29.01414,0.8421955,-0.2713337,-0.902805,-0.004106194,-0.4300312,0,0,0,-28.5672,0.6833529,0.2232018,-0.3994277,-0.7980183,0.4512476,0,0,0,0.2711751
1732482664481,-28.75314,1.536996,-0.09804535,-0.9958753,0.002647227,0.09069526,-2.685785,0.3558218,0.003004074,-29.03693,0.8331696,-0.2751122,-0.884279,-0.05221844,-0.4640306,-1.709175,-0.6769404,-0.2833843,-28.61315,0.6842542,0.2236996,-0.3994548,-0.7957062,0.4552886,-3.445673,0.06759614,0.03733635,0.2711751
1732482664486,-28.75314,1.536996,-0.09804535,-0.9958753,0.002647227,0.09069526,0,0,0,-29.03693,0.8331696,-0.2751122,-0.884279,-0.05221844,-0.4640306,0,0,0,-28.61315,0.6842542,0.2236996,-0.3994548,-0.7957062,0.4552886,0,0,0,0.2711751
1732482664509,-28.78967,1.541697,-0.09970856,-0.9960611,0.01394411,0.08756888,-2.740002,0.3526032,-0.1247406,-29.0546,0.821525,-0.275938,-0.873468,-0.1070485,-0.4749686,-1.325512,-0.8733407,-0.06194115,-28.64178,0.686946,0.2222061,-0.4039275,-0.8022662,0.4395586,-2.147341,0.2018899,-0.112009,0.2711751
1732482664514,-28.78967,1.541697,-0.09970856,-0.9960611,0.01394411,0.08756888,0,0,0,-29.0546,0.821525,-0.275938,-0.873468,-0.1070485,-0.4749686,0,0,0,-28.64178,0.686946,0.2222061,-0.4039275,-0.8022662,0.4395586,0,0,0,0.2711751
1732482664549,-28.82501,1.544438,-0.09958649,-0.9962868,0.01496938,0.08478808,-2.650023,0.2055824,0.009155273,-29.06445,0.8015569,-0.2747803,-0.8769035,-0.1950093,-0.4393309,-0.738287,-1.497607,0.08683205,-28.68311,0.6908467,0.2202339,-0.4383503,-0.8027359,0.4043073,-3.099632,0.2925485,-0.1479149,0.2711751
1732482664554,-28.82501,1.544438,-0.09958649,-0.9962868,0.01496938,0.08478808,0,0,0,-29.06445,0.8015569,-0.2747803,-0.8769035,-0.1950093,-0.4393309,0,0,0,-28.68311,0.6908467,0.2202339,-0.4383503,-0.8027359,0.4043073,0,0,0,0.2711751
1732482664577,-28.87739,1.55337,-0.09938431,-0.9973062,0.01808397,0.07108998,-3.928757,0.6698728,0.01516342,-29.06943,0.7724408,-0.2751541,-0.8908135,-0.2792379,-0.3584393,-0.3737926,-2.183712,-0.02803802,-28.74014,0.69942,0.2150097,-0.5200683,-0.776536,0.3556977,-4.277945,0.642997,-0.3918171,0.2711751
1732482664582,-28.87739,1.55337,-0.09938431,-0.9973062,0.01808397,0.07108998,0,0,0,-29.06943,0.7724408,-0.2751541,-0.8908135,-0.2792379,-0.3584393,0,0,0,-28.74014,0.69942,0.2150097,-0.5200683,-0.776536,0.3556977,0,0,0,0.2711751
1732482664587,-28.87739,1.55337,-0.09938431,-0.9973062,0.01808397,0.07108998,0,0,0,-29.06943,0.7724408,-0.2751541,-0.8908135,-0.2792379,-0.3584393,0,0,0,-28.74014,0.69942,0.2150097,-0.5200683,-0.776536,0.3556977,0,0,0,0.2711751
1732482664605,-28.91267,1.558581,-0.1001148,-0.998202,0.01342673,0.05841923,-2.645731,0.3908157,-0.05478859,-29.06398,0.7538522,-0.2813396,-0.8936444,-0.3160307,-0.3186296,0.4085541,-1.394141,-0.4639149,-28.78493,0.7071472,0.2086124,-0.5613739,-0.7697149,0.3039712,-3.35927,0.5795449,-0.4797935,0.2711751
1732482664611,-28.91267,1.558581,-0.1001148,-0.998202,0.01342673,0.05841923,0,0,0,-29.06398,0.7538522,-0.2813396,-0.8936444,-0.3160307,-0.3186296,0,0,0,-28.78493,0.7071472,0.2086124,-0.5613739,-0.7697149,0.3039712,0,0,0,0.2711751
1732482664633,-28.94762,1.564841,-0.1014805,-0.998709,0.009026014,0.04999232,-2.621698,0.4695296,-0.1024246,-29.05611,0.7383873,-0.2900181,-0.8627512,-0.3925142,-0.3187381,0.5903721,-1.159872,-0.6508827,-28.8287,0.7154911,0.1997147,-0.5866486,-0.7657941,0.2634445,-3.282595,0.6257862,-0.6673336,0.2711751
1732482664638,-28.94762,1.564841,-0.1014805,-0.998709,0.009026014,0.04999232,0,0,0,-29.05611,0.7383873,-0.2900181,-0.8627512,-0.3925142,-0.3187381,0,0,0,-28.8287,0.7154911,0.1997147,-0.5866486,-0.7657941,0.2634445,0,0,0,0.2711751
1732482664660,-28.98228,1.567295,-0.1023388,-0.9989784,0.004552279,0.04496372,-2.599239,0.1840174,-0.06437302,-29.04496,0.7255237,-0.3019791,-0.788036,-0.4796466,-0.3859265,0.836277,-0.9647682,-0.8970737,-28.87436,0.724571,0.1904297,-0.6187595,-0.7521837,0.2266202,-3.423929,0.6809995,-0.696373,0.2711751
1732482664665,-28.98228,1.567295,-0.1023388,-0.9989784,0.004552279,0.04496372,0,0,0,-29.04496,0.7255237,-0.3019791,-0.788036,-0.4796466,-0.3859265,0,0,0,-28.87436,0.724571,0.1904297,-0.6187595,-0.7521837,0.2266202,0,0,0,0.2711751
1732482664687,-29.01678,1.567738,-0.1022549,-0.9990939,-0.001634861,0.04253578,-2.587223,0.03325939,0.00629425,-29.03443,0.7125486,-0.3146172,-0.6921464,-0.5613829,-0.4536333,0.7894993,-0.9731323,-0.9478569,-28.91283,0.7319564,0.1832466,-0.6420327,-0.7396305,0.201844,-2.885628,0.5538985,-0.5387306,0.2711751
1732482664693,-29.01678,1.567738,-0.1022549,-0.9990939,-0.001634861,0.04253578,0,0,0,-29.03443,0.7125486,-0.3146172,-0.6921464,-0.5613829,-0.4536333,0,0,0,-28.91283,0.7319564,0.1832466,-0.6420327,-0.7396305,0.201844,0,0,0,0.2711751
1732482664715,-29.05112,1.566741,-0.1014767,-0.9991109,-0.0008672234,0.04215229,-2.575493,-0.07474422,0.05836487,-29.02179,0.702194,-0.3261566,-0.5934661,-0.6252853,-0.5067711,0.9484291,-0.7765979,-0.8654594,-28.95223,0.7384754,0.1789684,-0.65423,-0.7297167,0.1987382,-2.954721,0.4889309,-0.3208637,0.2711751
1732482664721,-29.05112,1.566741,-0.1014767,-0.9991109,-0.0008672234,0.04215229,0,0,0,-29.02179,0.702194,-0.3261566,-0.5934661,-0.6252853,-0.5067711,0,0,0,-28.95223,0.7384754,0.1789684,-0.65423,-0.7297167,0.1987382,0,0,0,0.2711751
1732482664743,-29.08593,1.562874,-0.1017494,-0.9991467,0.002767365,0.04121619,-2.611256,-0.2900362,-0.02045631,-29.01014,0.6918811,-0.3376522,-0.5237352,-0.6620406,-0.5361009,0.8738995,-0.7734686,-0.8621693,-28.98917,0.7432635,0.1755352,-0.6757207,-0.7134718,0.1853637,-2.770615,0.3591031,-0.2574921,0.2711751
1732482664749,-29.08593,1.562874,-0.1017494,-0.9991467,0.002767365,0.04121619,0,0,0,-29.01014,0.6918811,-0.3376522,-0.5237352,-0.6620406,-0.5361009,0,0,0,-28.98917,0.7432635,0.1755352,-0.6757207,-0.7134718,0.1853637,0,0,0,0.2711751
1732482664754,-29.08593,1.562874,-0.1017494,-0.9991467,0.002767365,0.04121619,0,0,0,-29.01014,0.6918811,-0.3376522,-0.5237352,-0.6620406,-0.5361009,0,0,0,-28.98917,0.7432635,0.1755352,-0.6757207,-0.7134718,0.1853637,0,0,0,0.2711751
1732482664771,-29.12073,1.55772,-0.1013641,-0.9992374,0.004905028,0.0387395,-2.609396,-0.3866047,0.02889633,-28.99921,0.6833156,-0.350359,-0.461737,-0.6802307,-0.5692854,0.8192539,-0.6424114,-0.9530067,-29.03483,0.7476462,0.1723042,-0.70652,-0.6884106,0.1640756,-3.424358,0.3287047,-0.2423286,0.2711751
1732482664777,-29.12073,1.55772,-0.1013641,-0.9992374,0.004905028,0.0387395,0,0,0,-28.99921,0.6833156,-0.350359,-0.461737,-0.6802307,-0.5692854,0,0,0,-29.03483,0.7476462,0.1723042,-0.70652,-0.6884106,0.1640756,0,0,0,0.2711751
1732482664799,-29.15601,1.552213,-0.1015472,-0.9992809,0.01086873,0.03633028,-2.646017,-0.4129797,-0.01373291,-28.99083,0.677799,-0.3616142,-0.3886393,-0.6954864,-0.6043662,0.6288528,-0.4137442,-0.8441448,-29.06959,0.7500795,0.1687679,-0.7410616,-0.6571717,0.1376718,-2.606964,0.182493,-0.2652168,0.2711751
1732482664805,-29.15601,1.552213,-0.1015472,-0.9992809,0.01086873,0.03633028,0,0,0,-28.99083,0.677799,-0.3616142,-0.3886393,-0.6954864,-0.6043662,0,0,0,-29.06959,0.7500795,0.1687679,-0.7410616,-0.6571717,0.1376718,0,0,0,0.2711751
1732482664826,-29.1914,1.546303,-0.1002541,-0.9989997,0.02328048,0.03818238,-2.654743,-0.4432976,0.09698868,-28.98668,0.6761231,-0.3712349,-0.2965039,-0.7057546,-0.6434255,0.3111362,-0.1256928,-0.72155,-29.11879,0.7523805,0.1646233,-0.7648359,-0.6321685,0.1240536,-3.690434,0.1725778,-0.3108501,0.2711751
1732482664831,-29.1914,1.546303,-0.1002541,-0.9989997,0.02328048,0.03818238,0,0,0,-28.98668,0.6761231,-0.3712349,-0.2965039,-0.7057546,-0.6434255,0,0,0,-29.11879,0.7523805,0.1646233,-0.7648359,-0.6321685,0.1240536,0,0,0,0.2711751
1732482664854,-29.22693,1.538681,-0.09981155,-0.9986567,0.03073347,0.04171979,-2.664328,-0.5716145,0.03318787,-28.98868,0.6776344,-0.3778954,-0.2129173,-0.7169386,-0.6638266,-0.1499176,0.1133457,-0.4995346,-29.15629,0.7527184,0.1622238,-0.7791176,-0.615975,0.1164081,-2.812386,0.0253424,-0.1799583,0.2711751
1732482664859,-29.22693,1.538681,-0.09981155,-0.9986567,0.03073347,0.04171979,0,0,0,-28.98868,0.6776344,-0.3778954,-0.2129173,-0.7169386,-0.6638266,0,0,0,-29.15629,0.7527184,0.1622238,-0.7791176,-0.615975,0.1164081,0,0,0,0.2711751
1732482664882,-29.2627,1.531406,-0.09976578,-0.9985833,0.027758,0.04540151,-2.682924,-0.5456507,0.003433228,-28.99779,0.679111,-0.3833694,-0.1315543,-0.7275013,-0.6733763,-0.6833553,0.1107484,-0.4105568,-29.18238,0.7476574,0.1677456,-0.7872796,-0.6053157,0.1174048,-1.957083,-0.3795773,0.4141331,0.2711751
1732482664887,-29.2627,1.531406,-0.09976578,-0.9985833,0.027758,0.04540151,0,0,0,-28.99779,0.679111,-0.3833694,-0.1315543,-0.7275013,-0.6733763,0,0,0,-29.18238,0.7476574,0.1677456,-0.7872796,-0.6053157,0.1174048,0,0,0,0.2711751
1732482664909,-29.29848,1.526957,-0.09854507,-0.9984182,0.02189864,0.05178893,-2.683353,-0.3336847,0.09155273,-29.01537,0.680074,-0.3882408,-0.06738082,-0.7257633,-0.6846371,-1.318645,0.07222295,-0.3653526,-29.21945,0.7423106,0.1705704,-0.79265,-0.5968145,0.1245741,-2.779627,-0.4010037,0.2118587,0.2717639
1732482664915,-29.29848,1.526957,-0.09854507,-0.9984182,0.02189864,0.05178893,0,0,0,-29.01537,0.680074,-0.3882408,-0.06738082,-0.7257633,-0.6846371,0,0,0,-29.21945,0.7423106,0.1705704,-0.79265,-0.5968145,0.1245741,0,0,0,0.2717639
1732482664937,-29.33509,1.52816,-0.09890747,-0.9980997,0.02002508,0.0582788,-2.746296,0.09028316,-0.02717972,-29.04387,0.6818871,-0.3927917,-0.02990514,-0.7196832,-0.6936586,-2.137041,0.135988,-0.34132,-29.25881,0.7394767,0.1689701,-0.7947095,-0.595113,0.1194889,-2.952147,-0.2125472,-0.1200199,0.2748384
1732482664943,-29.33509,1.52816,-0.09890747,-0.9980997,0.02002508,0.0582788,0,0,0,-29.04387,0.6818871,-0.3927917,-0.02990514,-0.7196832,-0.6936586,0,0,0,-29.25881,0.7394767,0.1689701,-0.7947095,-0.595113,0.1194889,0,0,0,0.2748384
1732482664966,-29.37131,1.527326,-0.1003227,-0.9977664,0.02938749,0.05999303,-2.715826,-0.06258488,-0.106144,-29.08098,0.6796967,-0.3968868,-0.02056494,-0.7098113,-0.7040923,-2.783632,-0.1642853,-0.3071308,-29.28779,0.7339739,0.1762295,-0.7782689,-0.6077392,0.1579573,-2.173519,-0.4127115,0.5444527,0.2748384
1732482664971,-29.37131,1.527326,-0.1003227,-0.9977664,0.02938749,0.05999303,0,0,0,-29.08098,0.6796967,-0.3968868,-0.02056494,-0.7098113,-0.7040923,0,0,0,-29.28779,0.7339739,0.1762295,-0.7782689,-0.6077392,0.1579573,0,0,0,0.2748384
1732482664994,-29.40802,1.533486,-0.1015091,-0.9978602,0.02081071,0.0619874,-2.753592,0.4620016,-0.08897781,-29.13214,0.6764902,-0.3997612,-0.04787865,-0.6969062,-0.7155628,-3.837204,-0.2404869,-0.2155781,-29.28938,0.7023044,0.2003479,-0.7655787,-0.636991,0.09017867,-0.1193047,-2.375212,1.808882,0.2748384
1732482665006,-29.40802,1.533486,-0.1015091,-0.9978602,0.02081071,0.0619874,0,0,0,-29.13214,0.6764902,-0.3997612,-0.04787865,-0.6969062,-0.7155628,0,0,0,-29.28938,0.7023044,0.2003479,-0.7655787,-0.636991,0.09017867,0,0,0,0.2748384
1732482665022,-29.44406,1.535589,-0.1020985,-0.9979463,0.005131491,0.06385267,-2.702808,0.1577675,-0.0442028,-29.20159,0.6727791,-0.4005604,-0.1003843,-0.6920972,-0.7147902,-5.208206,-0.2783328,-0.05993843,-29.30136,0.68987,0.2303581,-0.7175053,-0.6931313,0.06896174,-0.8986473,-0.9325773,2.250767,0.2748384
1732482665028,-29.44406,1.535589,-0.1020985,-0.9979463,0.005131491,0.06385267,0,0,0,-29.20159,0.6727791,-0.4005604,-0.1003843,-0.6920972,-0.7147902,0,0,0,-29.30136,0.68987,0.2303581,-0.7175053,-0.6931313,0.06896174,0,0,0,0.2748384
1732482665033,-29.44406,1.535589,-0.1020985,-0.9979463,0.005131491,0.06385267,0,0,0,-29.20159,0.6727791,-0.4005604,-0.1003843,-0.6920972,-0.7147902,0,0,0,-29.30136,0.68987,0.2303581,-0.7175053,-0.6931313,0.06896174,0,0,0,0.2748384
1732482665050,-29.4803,1.537584,-0.1029282,-0.9978322,0.01716899,0.0635308,-2.717972,0.1495779,-0.06222725,-29.27009,0.6684424,-0.4000702,-0.1337659,-0.6842242,-0.7168989,-5.138111,-0.3252536,0.03676414,-29.28061,0.6787523,0.2551823,-0.6680372,-0.7350012,0.1161883,1.555967,-0.8338273,1.861811,0.2748384
1732482665055,-29.4803,1.537584,-0.1029282,-0.9978322,0.01716899,0.0635308,0,0,0,-29.27009,0.6684424,-0.4000702,-0.1337659,-0.6842242,-0.7168989,0,0,0,-29.28061,0.6787523,0.2551823,-0.6680372,-0.7350012,0.1161883,0,0,0,0.2748384
1732482665090,-29.5166,1.544189,-0.1043415,-0.9977311,0.02730037,0.06154144,-2.722836,0.4954219,-0.1060009,-29.33844,0.6643375,-0.3989277,-0.1841852,-0.6860301,-0.7038743,-5.126095,-0.307864,0.08568764,-29.26297,0.6618134,0.2819366,-0.6319975,-0.7612407,0.1452318,1.323366,-1.270419,2.006578,0.2748384
1732482665095,-29.5166,1.544189,-0.1043415,-0.9977311,0.02730037,0.06154144,0,0,0,-29.33844,0.6643375,-0.3989277,-0.1841852,-0.6860301,-0.7038743,0,0,0,-29.26297,0.6618134,0.2819366,-0.6319975,-0.7612407,0.1452318,0,0,0,0.2748384
1732482665130,-29.56935,1.550897,-0.106945,-0.9974158,0.03965506,0.05991274,-3.955936,0.503093,-0.1952648,-29.45084,0.6621467,-0.3946991,-0.3240569,-0.6680269,-0.6698712,-8.430147,-0.1643121,0.3171444,-29.24961,0.6188024,0.3333645,-0.6055866,-0.7869228,0.1183965,1.002359,-3.225821,3.857088,0.2748384
1732482665136,-29.56935,1.550897,-0.106945,-0.9974158,0.03965506,0.05991274,0,0,0,-29.45084,0.6621467,-0.3946991,-0.3240569,-0.6680269,-0.6698712,0,0,0,-29.24961,0.6188024,0.3333645,-0.6055866,-0.7869228,0.1183965,0,0,0,0.2748384
1732482665159,-29.62215,1.559019,-0.1072426,-0.9980033,0.02982994,0.05567729,-3.959942,0.6091297,-0.02231598,-29.57116,0.6676064,-0.384903,-0.5012686,-0.6242304,-0.5992216,-9.023952,0.409475,0.7347107,-29.22386,0.622403,0.3666153,-0.585596,-0.807363,0.07240677,1.930761,0.2700448,2.493811,0.2748384
1732482665165,-29.62215,1.559019,-0.1072426,-0.9980033,0.02982994,0.05567729,0,0,0,-29.57116,0.6676064,-0.384903,-0.5012686,-0.6242304,-0.5992216,0,0,0,-29.22386,0.622403,0.3666153,-0.585596,-0.807363,0.07240677,0,0,0,0.2748384
1732482665170,-29.62215,1.559019,-0.1072426,-0.9980033,0.02982994,0.05567729,0,0,0,-29.57116,0.6676064,-0.384903,-0.5012686,-0.6242304,-0.5992216,0,0,0,-29.22386,0.622403,0.3666153,-0.585596,-0.807363,0.07240677,0,0,0,0.2748384
1732482665175,-29.62215,1.559019,-0.1072426,-0.9980033,0.02982994,0.05567729,0,0,0,-29.57116,0.6676064,-0.384903,-0.5012686,-0.6242304,-0.5992216,0,0,0,-29.22386,0.622403,0.3666153,-0.585596,-0.807363,0.07240677,0,0,0,0.2748384
1732482665188,-29.65689,1.563492,-0.1071701,-0.9983026,0.02269222,0.05364072,-2.606106,0.3354549,0.005435944,-29.65911,0.6790364,-0.3733902,-0.5993715,-0.5881727,-0.5429616,-6.596375,0.8572519,0.8634567,-29.21525,0.6279396,0.3881207,-0.5774293,-0.8111227,0.09303671,0.6458759,0.4152462,1.612902,0.2748384
1732482665193,-29.65689,1.563492,-0.1071701,-0.9983026,0.02269222,0.05364072,0,0,0,-29.65911,0.6790364,-0.3733902,-0.5993715,-0.5881727,-0.5429616,0,0,0,-29.21525,0.6279396,0.3881207,-0.5774293,-0.8111227,0.09303671,0,0,0,0.2748384
1732482665215,-29.69117,1.565534,-0.1075935,-0.9985396,0.01297934,0.0524478,-2.570343,0.153172,-0.03175735,-29.74179,0.6921508,-0.3614025,-0.6858701,-0.5461109,-0.4809842,-6.200695,0.9835839,0.8990765,-29.20644,0.6300747,0.4077377,-0.5677634,-0.8148813,0.1166762,0.6607533,0.1601279,1.471281,0.2748384
1732482665221,-29.69117,1.565534,-0.1075935,-0.9985396,0.01297934,0.0524478,0,0,0,-29.74179,0.6921508,-0.3614025,-0.6858701,-0.5461109,-0.4809842,0,0,0,-29.20644,0.6300747,0.4077377,-0.5677634,-0.8148813,0.1166762,0,0,0,0.2748384
1732482665255,-29.72494,1.566362,-0.1081696,-0.9985422,0.001214257,0.05396622,-2.53315,0.0620842,-0.04320145,-29.82371,0.7086897,-0.3465195,-0.7813894,-0.4819731,-0.3964001,-6.143761,1.240419,1.116228,-29.19906,0.6299246,0.4262562,-0.5628638,-0.8162924,0.1298133,0.5531788,-0.01125634,1.388884,0.2748384
1732482665261,-29.72494,1.566362,-0.1081696,-0.9985422,0.001214257,0.05396622,0,0,0,-29.82371,0.7086897,-0.3465195,-0.7813894,-0.4819731,-0.3964001,0,0,0,-29.19906,0.6299246,0.4262562,-0.5628638,-0.8162924,0.1298133,0,0,0,0.2748384
1732482665283,-29.77649,1.564619,-0.1077003,-0.9980494,0.00338345,0.06233925,-3.866386,-0.130704,0.03519058,-29.94008,0.739202,-0.3231201,-0.9201493,-0.3264252,-0.2162684,-8.728123,2.28842,1.754951,-29.19093,0.6247144,0.4535236,-0.5683495,-0.8078722,0.1559542,0.6102562,-0.3907666,2.045059,0.2748384
1732482665289,-29.77649,1.564619,-0.1077003,-0.9980494,0.00338345,0.06233925,0,0,0,-29.94008,0.739202,-0.3231201,-0.9201493,-0.3264252,-0.2162684,0,0,0,-29.19093,0.6247144,0.4535236,-0.5683495,-0.8078722,0.1559542,0,0,0,0.2748384
1732482665294,-29.77649,1.564619,-0.1077003,-0.9980494,0.00338345,0.06233925,0,0,0,-29.94008,0.739202,-0.3231201,-0.9201493,-0.3264252,-0.2162684,0,0,0,-29.19093,0.6247144,0.4535236,-0.5683495,-0.8078722,0.1559542,0,0,0,0.2748384
1732482665312,-29.81083,1.558906,-0.106041,-0.9972525,0.009301745,0.07349306,-2.575493,-0.4285187,0.1244545,-30.01624,0.762635,-0.3109207,-0.9421397,-0.2568909,-0.2153597,-5.711746,1.757473,0.9149551,-29.18607,0.6178221,0.4710808,-0.570813,-0.801733,0.177192,0.3643513,-0.5169243,1.316786,0.2748384
1732482665318,-29.81083,1.558906,-0.106041,-0.9972525,0.009301745,0.07349306,0,0,0,-30.01624,0.762635,-0.3109207,-0.9421397,-0.2568909,-0.2153597,0,0,0,-29.18607,0.6178221,0.4710808,-0.570813,-0.801733,0.177192,0,0,0,0.2748384
1732482665340,-29.84491,1.55196,-0.1061134,-0.9964269,0.00733494,0.08414137,-2.555466,-0.5208939,-0.005435944,-30.08525,0.7834079,-0.2998123,-0.9617318,-0.1876837,-0.1996181,-5.176163,1.55797,0.8331299,-29.19148,0.6109843,0.4824619,-0.5669703,-0.7990103,0.2003188,-0.4061222,-0.5128294,0.8535862,0.2748384
1732482665345,-29.84491,1.55196,-0.1061134,-0.9964269,0.00733494,0.08414137,0,0,0,-30.08525,0.7834079,-0.2998123,-0.9617318,-0.1876837,-0.1996181,0,0,0,-29.19148,0.6109843,0.4824619,-0.5669703,-0.7990103,0.2003188,0,0,0,0.2748384
1732482665367,-29.87856,1.543834,-0.1024017,-0.9954436,0.01157404,0.0946492,-2.523708,-0.6094426,0.2783775,-30.1146,0.807945,-0.2605858,-0.9776984,-0.1164368,-0.174782,-2.200985,1.840277,2.94199,-29.22436,0.6017199,0.4810505,-0.5594221,-0.7971681,0.227091,-2.465916,-0.6948352,-0.1058578,0.2748384
1732482665373,-29.87856,1.543834,-0.1024017,-0.9954436,0.01157404,0.0946492,0,0,0,-30.1146,0.807945,-0.2605858,-0.9776984,-0.1164368,-0.174782,0,0,0,-29.22436,0.6017199,0.4810505,-0.5594221,-0.7971681,0.227091,0,0,0,0.2748384
1732482665395,-29.91325,1.534666,-0.1026726,-0.994676,0.01641473,0.1017379,-2.601814,-0.6876558,-0.02031326,-30.17128,0.8228232,-0.2553825,-0.9872263,-0.03711635,-0.1549418,-4.250622,1.115866,0.3902435,-29.25264,0.5913436,0.4789295,-0.5560054,-0.7928293,0.2495596,-2.12059,-0.7782206,-0.1590729,0.2748384
1732482665401,-29.91325,1.534666,-0.1026726,-0.994676,0.01641473,0.1017379,0,0,0,-30.17128,0.8228232,-0.2553825,-0.9872263,-0.03711635,-0.1549418,0,0,0,-29.25264,0.5913436,0.4789295,-0.5560054,-0.7928293,0.2495596,0,0,0,0.2748384
1732482665423,-29.94838,1.527273,-0.1053467,-0.9942964,0.01313083,0.1058418,-2.634716,-0.5544841,-0.2005577,-30.22565,0.8357074,-0.2539635,-0.9849823,0.03658292,-0.1687367,-4.077816,0.966315,0.1064301,-29.28136,0.5808101,0.4748955,-0.5513971,-0.7906491,0.2661492,-2.154207,-0.7900089,-0.3025532,0.2748384
1732482665429,-29.94838,1.527273,-0.1053467,-0.9942964,0.01313083,0.1058418,0,0,0,-30.22565,0.8357074,-0.2539635,-0.9849823,0.03658292,-0.1687367,0,0,0,-29.28136,0.5808101,0.4748955,-0.5513971,-0.7906491,0.2661492,0,0,0,0.2748384
1732482665434,-29.94838,1.527273,-0.1053467,-0.9942964,0.01313083,0.1058418,0,0,0,-30.22565,0.8357074,-0.2539635,-0.9849823,0.03658292,-0.1687367,0,0,0,-29.28136,0.5808101,0.4748955,-0.5513971,-0.7906491,0.2661492,0,0,0,0.2748384
1732482665452,-29.98418,1.527101,-0.1077347,-0.9947478,0.009763509,0.1018918,-2.685356,-0.01290143,-0.1791,-30.27433,0.8485398,-0.2578392,-0.970358,0.07999206,-0.2280498,-3.651237,0.9624347,-0.2906799,-29.32118,0.5779634,0.4653568,-0.5510046,-0.7894139,0.2705917,-2.986479,-0.2135038,-0.7153988,0.2792199
1732482665458,-29.98418,1.527101,-0.1077347,-0.9947478,0.009763509,0.1018918,0,0,0,-30.27433,0.8485398,-0.2578392,-0.970358,0.07999206,-0.2280498,0,0,0,-29.32118,0.5779634,0.4653568,-0.5510046,-0.7894139,0.2705917,0,0,0,0.2792199
1732482665480,-30.02046,1.52811,-0.1082649,-0.9953011,0.01011717,0.09629911,-2.720833,0.07570982,-0.03976822,-30.31681,0.8609927,-0.2597542,-0.9514385,0.09657621,-0.2922981,-3.185749,0.9339631,-0.1436234,-29.35628,0.5753996,0.470541,-0.5509435,-0.7899546,0.2691344,-2.632141,-0.1922831,0.388813,0.2817116
1732482665485,-30.02046,1.52811,-0.1082649,-0.9953011,0.01011717,0.09629911,0,0,0,-30.31681,0.8609927,-0.2597542,-0.9514385,0.09657621,-0.2922981,0,0,0,-29.35628,0.5753996,0.470541,-0.5509435,-0.7899546,0.2691344,0,0,0,0.2817116
1732482665507,-30.05593,1.524893,-0.1085663,-0.9955627,0.01632181,0.09267664,-2.660751,-0.2412826,-0.02260208,-30.35276,0.8763713,-0.2535782,-0.9305815,0.07151246,-0.3590331,-2.696514,1.153399,0.4631996,-29.39554,0.5755404,0.4673405,-0.5520733,-0.7911028,0.2633851,-2.945137,0.01055896,-0.2400398,0.2819315
1732482665513,-30.05593,1.524893,-0.1085663,-0.9955627,0.01632181,0.09267664,0,0,0,-30.35276,0.8763713,-0.2535782,-0.9305815,0.07151246,-0.3590331,0,0,0,-29.39554,0.5755404,0.4673405,-0.5520733,-0.7911028,0.2633851,0,0,0,0.2819315
1732482665535,-30.09272,1.533212,-0.1084595,-0.9962665,0.00431112,0.08622378,-2.759171,0.6239176,0.008010864,-30.38155,0.867372,-0.2575989,-0.9131306,0.007439137,-0.4075997,-2.1595,-0.6749511,-0.3015518,-29.43817,0.5792146,0.4636879,-0.5692793,-0.7785179,0.2642557,-3.19705,0.2755657,-0.2739429,0.2819315
1732482665541,-30.09272,1.533212,-0.1084595,-0.9962665,0.00431112,0.08622378,0,0,0,-30.38155,0.867372,-0.2575989,-0.9131306,0.007439137,-0.4075997,0,0,0,-29.43817,0.5792146,0.4636879,-0.5692793,-0.7785179,0.2642557,0,0,0,0.2819315
1732482665564,-30.12935,1.537352,-0.1111832,-0.9967042,8.782465E-05,0.08112407,-2.747154,0.3105104,-0.204277,-30.40253,0.8487028,-0.2640152,-0.8942481,-0.06328782,-0.4430752,-1.573563,-1.400185,-0.4812241,-29.47421,0.5892277,0.4565067,-0.5603691,-0.7840309,0.2669874,-2.702665,0.7509783,-0.5385876,0.2819315
1732482665569,-30.12935,1.537352,-0.1111832,-0.9967042,8.782465E-05,0.08112407,0,0,0,-30.40253,0.8487028,-0.2640152,-0.8942481,-0.06328782,-0.4430752,0,0,0,-29.47421,0.5892277,0.4565067,-0.5603691,-0.7840309,0.2669874,0,0,0,0.2819315
1732482665592,-30.1652,1.540969,-0.1117363,-0.9959963,0.03629863,0.08169544,-2.688217,0.2712429,-0.04148483,-30.4144,0.8229558,-0.2696953,-0.8770159,-0.1539876,-0.4551173,-0.8900642,-1.931025,-0.4260063,-29.51396,0.5931277,0.4584961,-0.5647606,-0.7875375,0.2466387,-2.981615,0.2925038,0.1492023,0.2819315
1732482665598,-30.1652,1.540969,-0.1117363,-0.9959963,0.03629863,0.08169544,0,0,0,-30.4144,0.8229558,-0.2696953,-0.8770159,-0.1539876,-0.4551173,0,0,0,-29.51396,0.5931277,0.4584961,-0.5647606,-0.7875375,0.2466387,0,0,0,0.2819315
1732482665620,-30.2007,1.544592,-0.1133766,-0.9957861,0.03543325,0.08458692,-2.66304,0.2717614,-0.123024,-30.42065,0.797294,-0.2726326,-0.8722644,-0.2407916,-0.4256462,-0.4686356,-1.924637,-0.2202988,-29.55605,0.5978746,0.4558525,-0.5913448,-0.7787272,0.2095122,-3.156281,0.3560185,-0.1982689,0.2819315
1732482665625,-30.2007,1.544592,-0.1133766,-0.9957861,0.03543325,0.08458692,0,0,0,-30.42065,0.797294,-0.2726326,-0.8722644,-0.2407916,-0.4256462,0,0,0,-29.55605,0.5978746,0.4558525,-0.5913448,-0.7787272,0.2095122,0,0,0,0.2819315
1732482665648,-30.23684,1.55069,-0.1170158,-0.9955892,0.04266044,0.08356231,-2.710533,0.4573524,-0.2729416,-30.42171,0.771823,-0.2791214,-0.8768359,-0.2987759,-0.3766859,-0.07953644,-1.910323,-0.48666,-29.5933,0.6036341,0.4469376,-0.626399,-0.7621452,0.1635823,-2.794075,0.4319564,-0.6686211,0.2819315
1732482665653,-30.23684,1.55069,-0.1170158,-0.9955892,0.04266044,0.08356231,0,0,0,-30.42171,0.771823,-0.2791214,-0.8768359,-0.2987759,-0.3766859,0,0,0,-29.5933,0.6036341,0.4469376,-0.626399,-0.7621452,0.1635823,0,0,0,0.2819315
1732482665676,-30.27219,1.555466,-0.118187,-0.9958367,0.04193957,0.08093566,-2.651024,0.3581643,-0.0878334,-30.41257,0.7501493,-0.2866592,-0.8774822,-0.342614,-0.3356209,0.685215,-1.625535,-0.5653381,-29.63655,0.6117496,0.4378357,-0.6519173,-0.7513107,0.1026471,-3.244114,0.6086692,-0.6826401,0.2819315
1732482665681,-30.27219,1.555466,-0.118187,-0.9958367,0.04193957,0.08093566,0,0,0,-30.41257,0.7501493,-0.2866592,-0.8774822,-0.342614,-0.3356209,0,0,0,-29.63655,0.6117496,0.4378357,-0.6519173,-0.7513107,0.1026471,0,0,0,0.2819315
1732482665704,-30.30854,1.561514,-0.121254,-0.9962744,0.03598337,0.07837504,-2.725983,0.453651,-0.2300262,-30.39956,0.7325972,-0.3004913,-0.8533379,-0.4152025,-0.3153124,0.976181,-1.316406,-1.037407,-29.67931,0.6199825,0.4248657,-0.663099,-0.7472593,0.04362923,-3.206921,0.6174669,-0.9727478,0.2819315
1732482665709,-30.30854,1.561514,-0.121254,-0.9962744,0.03598337,0.07837504,0,0,0,-30.39956,0.7325972,-0.3004913,-0.8533379,-0.4152025,-0.3153124,0,0,0,-29.67931,0.6199825,0.4248657,-0.663099,-0.7472593,0.04362923,0,0,0,0.2819315
1732482665714,-30.30854,1.561514,-0.121254,-0.9962744,0.03598337,0.07837504,0,0,0,-30.39956,0.7325972,-0.3004913,-0.8533379,-0.4152025,-0.3153124,0,0,0,-29.67931,0.6199825,0.4248657,-0.663099,-0.7472593,0.04362923,0,0,0,0.2819315
1732482665731,-30.3437,1.564216,-0.1233978,-0.9966714,0.03317666,0.07447034,-2.637291,0.202632,-0.1607895,-30.38505,0.718962,-0.3168259,-0.7901626,-0.5141833,-0.3335547,1.088047,-1.022637,-1.22509,-29.72248,0.6290346,0.4113693,-0.6725962,-0.7399437,-0.009910107,-3.237247,0.6789073,-1.01223,0.2819315
1732482665737,-30.3437,1.564216,-0.1233978,-0.9966714,0.03317666,0.07447034,0,0,0,-30.38505,0.718962,-0.3168259,-0.7901626,-0.5141833,-0.3335547,0,0,0,-29.72248,0.6290346,0.4113693,-0.6725962,-0.7399437,-0.009910107,0,0,0,0.2819315
1732482665759,-30.37875,1.566308,-0.1251373,-0.9970408,0.03393039,0.06898332,-2.628422,0.1568735,-0.1304626,-30.37209,0.7074203,-0.3319321,-0.7096832,-0.5924529,-0.3812478,0.9718895,-0.8656248,-1.132965,-29.75428,0.6350499,0.4028587,-0.6794363,-0.7324259,-0.04380608,-2.384949,0.4511476,-0.6382942,0.2819315
1732482665765,-30.37875,1.566308,-0.1251373,-0.9970408,0.03393039,0.06898332,0,0,0,-30.37209,0.7074203,-0.3319321,-0.7096832,-0.5924529,-0.3812478,0,0,0,-29.75428,0.6350499,0.4028587,-0.6794363,-0.7324259,-0.04380608,0,0,0,0.2819315
1732482665786,-30.41391,1.566152,-0.1269341,-0.9970599,0.04357343,0.06303352,-2.637005,-0.01167655,-0.1347542,-30.35951,0.6980641,-0.3486824,-0.6187338,-0.647355,-0.4450848,0.9438515,-0.7017195,-1.256275,-29.79263,0.6411139,0.3967209,-0.6897191,-0.7219255,-0.05577874,-2.876186,0.4547954,-0.4603386,0.2819315
1732482665791,-30.41391,1.566152,-0.1269341,-0.9970599,0.04357343,0.06303352,0,0,0,-30.35951,0.6980641,-0.3486824,-0.6187338,-0.647355,-0.4450848,0,0,0,-29.79263,0.6411139,0.3967209,-0.6897191,-0.7219255,-0.05577874,0,0,0,0.2819315
1732482665813,-30.44911,1.563214,-0.1291008,-0.9971355,0.04956234,0.05713934,-2.640152,-0.2203345,-0.1625061,-30.34771,0.6908895,-0.3650856,-0.5347421,-0.6806505,-0.5007657,0.8849144,-0.5380958,-1.23024,-29.82994,0.6459663,0.3932991,-0.7030974,-0.7068272,-0.07777941,-2.798653,0.3639311,-0.2566338,0.2819315
1732482665820,-30.44911,1.563214,-0.1291008,-0.9971355,0.04956234,0.05713934,0,0,0,-30.34771,0.6908895,-0.3650856,-0.5347421,-0.6806505,-0.5007657,0,0,0,-29.82994,0.6459663,0.3932991,-0.7030974,-0.7068272,-0.07777941,0,0,0,0.2819315
1732482665842,-30.48491,1.557587,-0.1334572,-0.9972987,0.05169675,0.05218571,-2.684784,-0.4220188,-0.3267288,-30.3377,0.6865946,-0.3817406,-0.4398899,-0.6964352,-0.566988,0.7507324,-0.3221154,-1.249123,-29.8713,0.649475,0.387455,-0.7199155,-0.6859738,-0.1056498,-3.101921,0.2631515,-0.4383087,0.2819315
1732482665847,-30.48491,1.557587,-0.1334572,-0.9972987,0.05169675,0.05218571,0,0,0,-30.3377,0.6865946,-0.3817406,-0.4398899,-0.6964352,-0.566988,0,0,0,-29.8713,0.649475,0.387455,-0.7199155,-0.6859738,-0.1056498,0,0,0,0.2819315
1732482665869,-30.52048,1.551345,-0.1348839,-0.9971257,0.0568749,0.05005807,-2.66819,-0.4681349,-0.1070023,-30.33077,0.6846776,-0.3958588,-0.341041,-0.7023094,-0.6248624,0.5195618,-0.1437753,-1.058865,-29.91368,0.6519703,0.3811111,-0.7402135,-0.6578537,-0.1389725,-3.17831,0.1871467,-0.4757881,0.2819315
1732482665875,-30.52048,1.551345,-0.1348839,-0.9971257,0.0568749,0.05005807,0,0,0,-30.33077,0.6846776,-0.3958588,-0.341041,-0.7023094,-0.6248624,0,0,0,-29.91368,0.6519703,0.3811111,-0.7402135,-0.6578537,-0.1389725,0,0,0,0.2819315
1732482665897,-30.55621,1.543738,-0.1377602,-0.9966844,0.06444431,0.04967266,-2.679348,-0.5705863,-0.2157211,-30.32839,0.6847854,-0.4081078,-0.234596,-0.7061978,-0.6680198,0.1788139,0.00808239,-0.9186745,-29.95195,0.6528277,0.3732224,-0.7548227,-0.6360031,-0.1604459,-2.87075,0.06431043,-0.5916595,0.2819315
1732482665902,-30.55621,1.543738,-0.1377602,-0.9966844,0.06444431,0.04967266,0,0,0,-30.32839,0.6847854,-0.4081078,-0.234596,-0.7061978,-0.6680198,0,0,0,-29.95195,0.6528277,0.3732224,-0.7548227,-0.6360031,-0.1604459,0,0,0,0.2819315
1732482665925,-30.59223,1.535425,-0.1398811,-0.9962059,0.07135828,0.04982215,-2.701664,-0.6234169,-0.1590729,-30.33124,0.6859521,-0.4176254,-0.1383001,-0.7028269,-0.697788,-0.2140045,0.08750707,-0.7138252,-29.98807,0.6521746,0.3672791,-0.7691239,-0.6158872,-0.1706805,-2.70853,-0.04898608,-0.4457474,0.2819315
1732482665930,-30.59223,1.535425,-0.1398811,-0.9962059,0.07135828,0.04982215,0,0,0,-30.33124,0.6859521,-0.4176254,-0.1383001,-0.7028269,-0.697788,0,0,0,-29.98807,0.6521746,0.3672791,-0.7691239,-0.6158872,-0.1706805,0,0,0,0.2819315
1732482665953,-30.62864,1.527109,-0.1413536,-0.9962117,0.06971346,0.05198431,-2.73056,-0.6237298,-0.1104355,-30.34183,0.6867111,-0.4251556,-0.05945385,-0.7028906,-0.7088091,-0.79422,0.05692095,-0.5647659,-30.02763,0.6499617,0.3634033,-0.781262,-0.601256,-0.1676949,-2.966881,-0.1659706,-0.2906799,0.2819315
1732482665958,-30.62864,1.527109,-0.1413536,-0.9962117,0.06971346,0.05198431,0,0,0,-30.34183,0.6867111,-0.4251556,-0.05945385,-0.7028906,-0.7088091,0,0,0,-30.02763,0.6499617,0.3634033,-0.781262,-0.601256,-0.1676949,0,0,0,0.2819315
1732482665981,-30.66557,1.527448,-0.1428146,-0.9964765,0.06057429,0.0580129,-2.770329,0.02545416,-0.1095772,-30.36175,0.6914002,-0.4316673,-0.008556604,-0.6977864,-0.7162551,-1.49374,0.3516823,-0.4883766,-30.06973,0.6515489,0.3608589,-0.7900224,-0.5944017,-0.1501729,-3.157997,0.1190409,-0.1908302,0.2869997
1732482665986,-30.66557,1.527448,-0.1428146,-0.9964765,0.06057429,0.0580129,0,0,0,-30.36175,0.6914002,-0.4316673,-0.008556604,-0.6977864,-0.7162551,0,0,0,-30.06973,0.6515489,0.3608589,-0.7900224,-0.5944017,-0.1501729,0,0,0,0.2869997
1732482666008,-30.70241,1.527388,-0.144146,-0.996138,0.05702234,0.06676847,-2.762604,-0.004515052,-0.0998497,-30.3946,0.6914791,-0.4374084,0.0121977,-0.6939826,-0.7198889,-2.464199,0.005918741,-0.430584,-30.17044,0.6426163,0.3792152,-0.7966761,-0.5935712,-0.113933,-7.553101,-0.6699443,1.376724,0.2891141
1732482666015,-30.70241,1.527388,-0.144146,-0.996138,0.05702234,0.06676847,0,0,0,-30.3946,0.6914791,-0.4374084,0.0121977,-0.6939826,-0.7198889,0,0,0,-30.17044,0.6426163,0.3792152,-0.7966761,-0.5935712,-0.113933,0,0,0,0.2891141
1732482666037,-30.73869,1.526681,-0.1457214,-0.9965096,0.04623327,0.06951034,-2.721405,-0.05303621,-0.1181602,-30.43998,0.6871941,-0.4421158,0.004012167,-0.690064,-0.7237374,-3.403473,-0.3213733,-0.3530502,-30.20416,0.6366565,0.3905449,-0.788054,-0.6130406,-0.05614746,-2.529144,-0.4469857,0.8497238,0.2892988
1732482666042,-30.73869,1.526681,-0.1457214,-0.9965096,0.04623327,0.06951034,0,0,0,-30.43998,0.6871941,-0.4421158,0.004012167,-0.690064,-0.7237374,0,0,0,-30.20416,0.6366565,0.3905449,-0.788054,-0.6130406,-0.05614746,0,0,0,0.2892988
1732482666064,-30.77553,1.532109,-0.1473656,-0.9962443,0.04204452,0.07569772,-2.76289,0.4071146,-0.1233101,-30.50027,0.6822557,-0.4457855,-0.04530573,-0.6836551,-0.7283978,-4.521275,-0.3703773,-0.2752304,-30.23409,0.6297867,0.4051018,-0.7636727,-0.6453944,0.01643538,-2.244473,-0.51523,1.091766,0.2892988
1732482666070,-30.77553,1.532109,-0.1473656,-0.9962443,0.04204452,0.07569772,0,0,0,-30.50027,0.6822557,-0.4457855,-0.04530573,-0.6836551,-0.7283978,0,0,0,-30.23409,0.6297867,0.4051018,-0.7636727,-0.6453944,0.01643538,0,0,0,0.2892988
1732482666075,-30.77553,1.532109,-0.1473656,-0.9962443,0.04204452,0.07569772,0,0,0,-30.50027,0.6822557,-0.4457855,-0.04530573,-0.6836551,-0.7283978,0,0,0,-30.23409,0.6297867,0.4051018,-0.7636727,-0.6453944,0.01643538,0,0,0,0.2892988
1732482666092,-30.81168,1.536244,-0.1509438,-0.9961506,0.03215617,0.08154941,-2.711391,0.3100902,-0.268364,-30.57301,0.6780524,-0.4488297,-0.09047301,-0.6667621,-0.7397587,-5.455685,-0.315249,-0.2283096,-30.26038,0.6226612,0.4192886,-0.7160599,-0.6916297,0.09437805,-1.972103,-0.5344167,1.064014,0.2892988
1732482666098,-30.81168,1.536244,-0.1509438,-0.9961506,0.03215617,0.08154941,0,0,0,-30.57301,0.6780524,-0.4488297,-0.09047301,-0.6667621,-0.7397587,0,0,0,-30.26038,0.6226612,0.4192886,-0.7160599,-0.6916297,0.09437805,0,0,0,0.2892988
1732482666120,-30.84758,1.537931,-0.1535683,-0.9954621,0.03931403,0.0866617,-2.691936,0.1265377,-0.1968384,-30.64116,0.6743417,-0.4504738,-0.1162715,-0.6569061,-0.7449536,-5.111217,-0.278306,-0.1233101,-30.27981,0.6152353,0.4315987,-0.6584287,-0.7382357,0.1465609,-1.457119,-0.5569384,0.9232521,0.2892988
1732482666126,-30.84758,1.537931,-0.1535683,-0.9954621,0.03931403,0.0866617,0,0,0,-30.64116,0.6743417,-0.4504738,-0.1162715,-0.6569061,-0.7449536,0,0,0,-30.27981,0.6152353,0.4315987,-0.6584287,-0.7382357,0.1465609,0,0,0,0.2892988
1732482666160,-30.88402,1.544223,-0.1547928,-0.9944215,0.04687124,0.09449512,-2.733421,0.47189,-0.09183884,-30.72242,0.6704975,-0.4492149,-0.1836974,-0.6658339,-0.7231328,-6.094837,-0.2883106,0.09441376,-30.29731,0.6079326,0.4361916,-0.6196198,-0.7683947,0.1601288,-1.312637,-0.5477071,0.3444672,0.2892988
1732482666166,-30.88402,1.544223,-0.1547928,-0.9944215,0.04687124,0.09449512,0,0,0,-30.72242,0.6704975,-0.4492149,-0.1836974,-0.6658339,-0.7231328,0,0,0,-30.29731,0.6079326,0.4361916,-0.6196198,-0.7683947,0.1601288,0,0,0,0.2892988
1732482666189,-30.93768,1.551244,-0.1562462,-0.9928106,0.05779899,0.1048159,-4.024315,0.526607,-0.109005,-30.84001,0.6692355,-0.4452782,-0.3496717,-0.6454381,-0.6790727,-8.819103,-0.09465516,0.2952576,-30.33327,0.6064393,0.4365196,-0.5976181,-0.7917588,0.1263762,-2.6968,-0.1119956,0.0246048,0.2892988
1732482666194,-30.93768,1.551244,-0.1562462,-0.9928106,0.05779899,0.1048159,0,0,0,-30.84001,0.6692355,-0.4452782,-0.3496717,-0.6454381,-0.6790727,0,0,0,-30.33327,0.6064393,0.4365196,-0.5976181,-0.7917588,0.1263762,0,0,0,0.2892988
1732482666200,-30.93768,1.551244,-0.1562462,-0.9928106,0.05779899,0.1048159,0,0,0,-30.84001,0.6692355,-0.4452782,-0.3496717,-0.6454381,-0.6790727,0,0,0,-30.33327,0.6064393,0.4365196,-0.5976181,-0.7917588,0.1263762,0,0,0,0.2892988
1732482666217,-30.97364,1.556943,-0.1577568,-0.9932352,0.05597728,0.1017383,-2.697086,0.4273921,-0.1132965,-30.92437,0.674255,-0.4379768,-0.4871437,-0.6140324,-0.6210117,-6.327152,0.3764659,0.5475998,-30.37719,0.6154255,0.4188118,-0.5978469,-0.7967108,0.0884943,-3.293896,0.6739631,-1.328087,0.2892988
1732482666223,-30.97364,1.556943,-0.1577568,-0.9932352,0.05597728,0.1017383,0,0,0,-30.92437,0.674255,-0.4379768,-0.4871437,-0.6140324,-0.6210117,0,0,0,-30.37719,0.6154255,0.4188118,-0.5978469,-0.7967108,0.0884943,0,0,0,0.2892988
1732482666228,-30.97364,1.556943,-0.1577568,-0.9932352,0.05597728,0.1017383,0,0,0,-30.92437,0.674255,-0.4379768,-0.4871437,-0.6140324,-0.6210117,0,0,0,-30.37719,0.6154255,0.4188118,-0.5978469,-0.7967108,0.0884943,0,0,0,0.2892988
1732482666245,-31.00928,1.562252,-0.158371,-0.9937852,0.05181,0.09852457,-2.673054,0.398165,-0.04606247,-31.00661,0.6824936,-0.4294548,-0.5875897,-0.5822996,-0.5618417,-6.167507,0.617896,0.6391525,-30.38291,0.6151563,0.3855209,-0.5857285,-0.8017128,0.1190754,-0.4288673,-0.02018809,-2.496815,0.2892988
1732482666285,-31.0446,1.565714,-0.1578522,-0.9943231,0.04572183,0.0960803,-2.648735,0.2596647,0.03890991,-31.08572,0.6925714,-0.4202499,-0.6698272,-0.5503546,-0.4984394,-5.933762,0.7558331,0.6903648,-30.40655,0.6170183,0.3881607,-0.567423,-0.8099962,0.1481138,-1.772976,0.1396537,0.1979828,0.2892988
1732482666290,-31.0446,1.565714,-0.1578522,-0.9943231,0.04572183,0.0960803,0,0,0,-31.08572,0.6925714,-0.4202499,-0.6698272,-0.5503546,-0.4984394,0,0,0,-30.40655,0.6170183,0.3881607,-0.567423,-0.8099962,0.1481138,0,0,0,0.2892988
1732482666312,-31.096,1.566263,-0.1560745,-0.9949893,0.02972224,0.09546322,-3.855515,0.04121661,0.1333237,-31.2128,0.7209605,-0.3968086,-0.8270305,-0.4530467,-0.3328211,-9.530354,2.129182,1.758099,-30.45812,0.6208193,0.3954697,-0.5551229,-0.8159347,0.1615233,-3.867817,0.2850696,0.548172,0.2892988
1732482666318,-31.096,1.566263,-0.1560745,-0.9949893,0.02972224,0.09546322,0,0,0,-31.2128,0.7209605,-0.3968086,-0.8270305,-0.4530467,-0.3328211,0,0,0,-30.45812,0.6208193,0.3954697,-0.5551229,-0.8159347,0.1615233,0,0,0,0.2892988
1732482666323,-31.096,1.566263,-0.1560745,-0.9949893,0.02972224,0.09546322,0,0,0,-31.2128,0.7209605,-0.3968086,-0.8270305,-0.4530467,-0.3328211,0,0,0,-30.45812,0.6208193,0.3954697,-0.5551229,-0.8159347,0.1615233,0,0,0,0.2892988
1732482666341,-31.13038,1.564173,-0.1554413,-0.9945408,0.02809137,0.1004977,-2.578354,-0.1568019,0.04749298,-31.29187,0.7413716,-0.3828964,-0.9132563,-0.3514218,-0.206073,-5.930328,1.530835,1.043415,-30.49838,0.6222882,0.3986588,-0.5594954,-0.812839,0.1620433,-3.019524,0.1101717,0.2391815,0.2892988
1732482666347,-31.13038,1.564173,-0.1554413,-0.9945408,0.02809137,0.1004977,0,0,0,-31.29187,0.7413716,-0.3828964,-0.9132563,-0.3514218,-0.206073,0,0,0,-30.49838,0.6222882,0.3986588,-0.5594954,-0.812839,0.1620433,0,0,0,0.2892988
1732482666352,-31.13038,1.564173,-0.1554413,-0.9945408,0.02809137,0.1004977,0,0,0,-31.29187,0.7413716,-0.3828964,-0.9132563,-0.3514218,-0.206073,0,0,0,-30.49838,0.6222882,0.3986588,-0.5594954,-0.812839,0.1620433,0,0,0,0.2892988
1732482666369,-31.16437,1.559714,-0.155777,-0.9935701,0.03177037,0.1086696,-2.549171,-0.3344178,-0.025177,-31.36583,0.7637099,-0.3683205,-0.939174,-0.2733794,-0.2078867,-5.546951,1.67537,1.093197,-30.53246,0.6216837,0.3974648,-0.5568942,-0.8120994,0.1742511,-2.556038,-0.04533827,-0.08955002,0.2892988
1732482666374,-31.16437,1.559714,-0.155777,-0.9935701,0.03177037,0.1086696,0,0,0,-31.36583,0.7637099,-0.3683205,-0.939174,-0.2733794,-0.2078867,0,0,0,-30.53246,0.6216837,0.3974648,-0.5568942,-0.8120994,0.1742511,0,0,0,0.2892988
1732482666396,-31.19841,1.553067,-0.1545258,-0.9926761,0.03012407,0.1169924,-2.553177,-0.4984796,0.09384155,-31.42057,0.7835072,-0.3454514,-0.9589825,-0.1977545,-0.203091,-4.105568,1.484799,1.715183,-30.55663,0.6192942,0.3971481,-0.551759,-0.8114353,0.1927046,-1.81303,-0.1792118,-0.02374649,0.2892988
1732482666423,-31.23278,1.546053,-0.1525688,-0.9916637,0.02938671,0.125459,-2.577209,-0.5260706,0.1467705,-31.47326,0.8027869,-0.3207741,-0.973309,-0.1224014,-0.1941339,-3.951931,1.445979,1.850796,-30.58054,0.6157483,0.3974342,-0.5485528,-0.8078368,0.2156146,-1.793003,-0.265941,0.02145767,0.2892988
1732482666429,-31.23278,1.546053,-0.1525688,-0.9916637,0.02938671,0.125459,0,0,0,-31.47326,0.8027869,-0.3207741,-0.973309,-0.1224014,-0.1941339,0,0,0,-30.58054,0.6157483,0.3974342,-0.5485528,-0.8078368,0.2156146,0,0,0,0.2892988
1732482666451,-31.26783,1.53813,-0.1505432,-0.990596,0.04073654,0.1306154,-2.62928,-0.5942076,0.1519203,-31.53302,0.8171551,-0.3119202,-0.9826472,-0.04816806,-0.1791232,-4.482365,1.077613,0.6640434,-30.61414,0.6088281,0.3975716,-0.5407955,-0.8045502,0.2454374,-2.520275,-0.5190209,0.01029968,0.2892988
1732482666457,-31.26783,1.53813,-0.1505432,-0.990596,0.04073654,0.1306154,0,0,0,-31.53302,0.8171551,-0.3119202,-0.9826472,-0.04816806,-0.1791232,0,0,0,-30.61414,0.6088281,0.3975716,-0.5407955,-0.8045502,0.2454374,0,0,0,0.2892988
1732482666481,-31.30259,1.529084,-0.1487427,-0.9901808,0.04454768,0.1325063,-2.606392,-0.6784916,0.1350403,-31.59019,0.8305023,-0.3099709,-0.9802829,0.01728541,-0.1968434,-4.287529,1.001036,0.1461983,-30.64634,0.6002339,0.3985786,-0.5293106,-0.8051504,0.2675136,-2.414989,-0.6445616,0.07553101,0.2892988
1732482666486,-31.30259,1.529084,-0.1487427,-0.9901808,0.04454768,0.1325063,0,0,0,-31.59019,0.8305023,-0.3099709,-0.9802829,0.01728541,-0.1968434,0,0,0,-30.64634,0.6002339,0.3985786,-0.5293106,-0.8051504,0.2675136,0,0,0,0.2892988
1732482666491,-31.30259,1.529084,-0.1487427,-0.9901808,0.04454768,0.1325063,0,0,0,-31.59019,0.8305023,-0.3099709,-0.9802829,0.01728541,-0.1968434,0,0,0,-30.64634,0.6002339,0.3985786,-0.5293106,-0.8051504,0.2675136,0,0,0,0.2892988
1732482666508,-31.33824,1.527801,-0.1436768,-0.9904463,0.04204449,0.131335,-2.674198,-0.09618402,0.3799438,-31.64039,0.8490087,-0.3070297,-0.9686341,0.07513952,-0.2368598,-3.76482,1.387985,0.2205849,-30.6853,0.5935711,0.4061584,-0.5286443,-0.8025593,0.2764674,-2.921963,-0.499709,0.5684853,0.29296
1732482666514,-31.33824,1.527801,-0.1436768,-0.9904463,0.04204449,0.131335,0,0,0,-31.64039,0.8490087,-0.3070297,-0.9686341,0.07513952,-0.2368598,0,0,0,-30.6853,0.5935711,0.4061584,-0.5286443,-0.8025593,0.2764674,0,0,0,0.29296
1732482666536,-31.37374,1.526564,-0.1420555,-0.990538,0.04695182,0.1289582,-2.662754,-0.09277761,0.1215935,-31.68566,0.8603588,-0.3085976,-0.9533813,0.1092845,-0.2812849,-3.395462,0.8512527,-0.117588,-30.71679,0.5906965,0.4119987,-0.5301661,-0.80256,0.2735357,-2.361774,-0.2156004,0.4380226,0.2966828
1732482666544,-31.37374,1.526564,-0.1420555,-0.990538,0.04695182,0.1289582,0,0,0,-31.68566,0.8603588,-0.3085976,-0.9533813,0.1092845,-0.2812849,0,0,0,-30.71679,0.5906965,0.4119987,-0.5301661,-0.80256,0.2735357,0,0,0,0.2966828
1732482666563,-31.40886,1.52544,-0.1391449,-0.9895025,0.06155382,0.1307525,-2.633858,-0.08436441,0.2182961,-31.7233,0.864827,-0.3084946,-0.9305685,0.1007372,-0.3519868,-2.823257,0.3351152,0.007724762,-30.75844,0.5852876,0.4176598,-0.5464562,-0.7965136,0.2587504,-3.123379,-0.4056662,0.4245758,0.2972655
1732482666569,-31.40886,1.52544,-0.1391449,-0.9895025,0.06155382,0.1307525,0,0,0,-31.7233,0.864827,-0.3084946,-0.9305685,0.1007372,-0.3519868,0,0,0,-30.75844,0.5852876,0.4176598,-0.5464562,-0.7965136,0.2587504,0,0,0,0.2972655
1732482666590,-31.44433,1.530193,-0.1375122,-0.9909816,0.03702596,0.128782,-2.660179,0.3564835,0.1224518,-31.7554,0.866114,-0.3086586,-0.9108955,0.0605807,-0.4081666,-2.406979,0.09652823,-0.0123024,-30.79016,0.5867354,0.4185677,-0.5628555,-0.7864882,0.2542253,-2.379513,0.1085892,0.06809235,0.3018961
1732482666597,-31.44433,1.530193,-0.1375122,-0.9909816,0.03702596,0.128782,0,0,0,-31.7554,0.866114,-0.3086586,-0.9108955,0.0605807,-0.4081666,0,0,0,-30.79016,0.5867354,0.4185677,-0.5628555,-0.7864882,0.2542253,0,0,0,0.3018961
1732482666619,-31.4805,1.531206,-0.1359138,-0.9912527,0.05471942,0.1201009,-2.71225,0.0760138,0.1198769,-31.78024,0.8515599,-0.3111496,-0.8960828,0.007827312,-0.4438186,-1.862812,-1.091556,-0.1868248,-30.8322,0.5873799,0.4222374,-0.5687329,-0.7770268,0.2697638,-3.152275,0.04833341,0.2752304,0.3018961
1732482666625,-31.4805,1.531206,-0.1359138,-0.9912527,0.05471942,0.1201009,0,0,0,-31.78024,0.8515599,-0.3111496,-0.8960828,0.007827312,-0.4438186,0,0,0,-30.8322,0.5873799,0.4222374,-0.5687329,-0.7770268,0.2697638,0,0,0,0.3018961
1732482666646,-31.51703,1.534628,-0.1340446,-0.9927656,0.04014699,0.1131594,-2.740288,0.2566516,0.1401901,-31.79714,0.8276182,-0.3108711,-0.8929755,-0.06071037,-0.4459934,-1.268005,-1.795632,0.02088547,-30.86983,0.5896034,0.4282532,-0.5627888,-0.7848399,0.2594135,-2.822971,0.1667663,0.4511833,0.3018961
1732482666653,-31.51703,1.534628,-0.1340446,-0.9927656,0.04014699,0.1131594,0,0,0,-31.79714,0.8276182,-0.3108711,-0.8929755,-0.06071037,-0.4459934,0,0,0,-30.86983,0.5896034,0.4282532,-0.5627888,-0.7848399,0.2594135,0,0,0,0.3018961
1732482666675,-31.55303,1.536786,-0.1327438,-0.9934233,0.03675869,0.1084405,-2.699661,0.1618534,0.09756088,-31.80796,0.8003535,-0.3125038,-0.8866143,-0.1431055,-0.4398143,-0.8111,-2.044853,-0.1224518,-30.90824,0.5920855,0.4309692,-0.5789114,-0.7834647,0.2259312,-2.880192,0.1861542,0.2037048,0.3018961
1732482666681,-31.55303,1.536786,-0.1327438,-0.9934233,0.03675869,0.1084405,0,0,0,-31.80796,0.8003535,-0.3125038,-0.8866143,-0.1431055,-0.4398143,0,0,0,-30.90824,0.5920855,0.4309692,-0.5789114,-0.7834647,0.2259312,0,0,0,0.3018961
1732482666703,-31.58934,1.545296,-0.1288452,-0.9935909,0.05668699,0.09779555,-2.723122,0.6382495,0.2923965,-31.81075,0.7728719,-0.3123741,-0.8807005,-0.2122242,-0.4234715,-0.209713,-2.061117,0.009727478,-30.95042,0.5987562,0.4302864,-0.6324637,-0.7545839,0.1749092,-3.163719,0.5003035,-0.05121231,0.3018961
1732482666709,-31.58934,1.545296,-0.1288452,-0.9935909,0.05668699,0.09779555,0,0,0,-31.81075,0.7728719,-0.3123741,-0.8807005,-0.2122242,-0.4234715,0,0,0,-30.95042,0.5987562,0.4302864,-0.6324637,-0.7545839,0.1749092,0,0,0,0.3018961
1732482666715,-31.58934,1.545296,-0.1288452,-0.9935909,0.05668699,0.09779555,0,0,0,-31.81075,0.7728719,-0.3123741,-0.8807005,-0.2122242,-0.4234715,0,0,0,-30.95042,0.5987562,0.4302864,-0.6324637,-0.7545839,0.1749092,0,0,0,0.3018961
1732482666730,-31.62542,1.550361,-0.1273766,-0.9948097,0.05289198,0.08692789,-2.705956,0.3798902,0.1101494,-31.80222,0.74696,-0.3158607,-0.8680679,-0.2851336,-0.4063957,0.6402969,-1.94339,-0.2614975,-30.9949,0.6078504,0.4242859,-0.6612153,-0.7405461,0.1199425,-3.336239,0.6820679,-0.4500389,0.3018961
1732482666737,-31.62542,1.550361,-0.1273766,-0.9948097,0.05289198,0.08692789,0,0,0,-31.80222,0.74696,-0.3158607,-0.8680679,-0.2851336,-0.4063957,0,0,0,-30.9949,0.6078504,0.4242859,-0.6612153,-0.7405461,0.1199425,0,0,0,0.3018961
1732482666758,-31.66225,1.557812,-0.127018,-0.9957153,0.0473544,0.07942742,-2.76289,0.5588293,0.02689362,-31.79016,0.7270317,-0.3181648,-0.8411692,-0.3677056,-0.3965186,0.9043694,-1.494625,-0.1728058,-31.03687,0.6163718,0.4209023,-0.6734374,-0.7361739,0.06730789,-3.147411,0.6390989,-0.2537727,0.3018961
1732482666765,-31.66225,1.557812,-0.127018,-0.9957153,0.0473544,0.07942742,0,0,0,-31.79016,0.7270317,-0.3181648,-0.8411692,-0.3677056,-0.3965186,0,0,0,-31.03687,0.6163718,0.4209023,-0.6734374,-0.7361739,0.06730789,0,0,0,0.3018961
1732482666798,-31.69828,1.561436,-0.1267815,-0.996578,0.03671575,0.07405722,-2.70195,0.2717435,0.01773834,-31.77045,0.7126427,-0.3212357,-0.79545,-0.4691413,-0.3836226,1.478004,-1.079178,-0.2303123,-31.07967,0.6255167,0.4164085,-0.6799684,-0.732867,0.02343905,-3.210354,0.6858677,-0.3370285,0.3018961
1732482666804,-31.69828,1.561436,-0.1267815,-0.996578,0.03671575,0.07405722,0,0,0,-31.77045,0.7126427,-0.3212357,-0.79545,-0.4691413,-0.3836226,0,0,0,-31.07967,0.6255167,0.4164085,-0.6799684,-0.732867,0.02343905,0,0,0,0.3018961
1732482666824,-31.75235,1.563508,-0.1276627,-0.9975728,0.02272427,0.06582046,-4.0555,0.1553893,-0.06608963,-31.74451,0.6941432,-0.3335266,-0.7000078,-0.5987388,-0.3892319,1.945496,-1.387462,-0.9218216,-31.13666,0.6363472,0.4098244,-0.6880888,-0.7253679,-0.01938426,-4.274082,0.8122936,-0.4938126,0.3018961
1732482666830,-31.75235,1.563508,-0.1276627,-0.9975728,0.02272427,0.06582046,0,0,0,-31.74451,0.6941432,-0.3335266,-0.7000078,-0.5987388,-0.3892319,0,0,0,-31.13666,0.6363472,0.4098244,-0.6880888,-0.7253679,-0.01938426,0,0,0,0.3018961
1732482666836,-31.75235,1.563508,-0.1276627,-0.9975728,0.02272427,0.06582046,0,0,0,-31.74451,0.6941432,-0.3335266,-0.7000078,-0.5987388,-0.3892319,0,0,0,-31.13666,0.6363472,0.4098244,-0.6880888,-0.7253679,-0.01938426,0,0,0,0.3018961
1732482666853,-31.78856,1.562634,-0.1286621,-0.9978147,0.02887351,0.05943519,-2.715683,-0.06548166,-0.0749588,-31.73209,0.6863248,-0.3456612,-0.5966087,-0.6586405,-0.4585316,0.931263,-0.5863756,-0.9100914,-31.18287,0.6435682,0.4065742,-0.7043862,-0.7089937,-0.03418303,-3.465843,0.5415693,-0.2437592,0.3018961
1732482666859,-31.78856,1.562634,-0.1286621,-0.9978147,0.02887351,0.05943519,0,0,0,-31.73209,0.6863248,-0.3456612,-0.5966087,-0.6586405,-0.4585316,0,0,0,-31.18287,0.6435682,0.4065742,-0.7043862,-0.7089937,-0.03418303,0,0,0,0.3018961
1732482666881,-31.82454,1.559335,-0.1292267,-0.9979876,0.03505543,0.05284125,-2.698517,-0.2474964,-0.04234314,-31.72095,0.6777308,-0.3576279,-0.5296129,-0.6904468,-0.4927413,0.8359909,-0.6445527,-0.8975029,-31.21545,0.6474023,0.4062653,-0.7197818,-0.6920688,-0.05436373,-2.443314,0.2875596,-0.02317429,0.3018961
1732482666887,-31.82454,1.559335,-0.1292267,-0.9979876,0.03505543,0.05284125,0,0,0,-31.72095,0.6777308,-0.3576279,-0.5296129,-0.6904468,-0.4927413,0,0,0,-31.21545,0.6474023,0.4062653,-0.7197818,-0.6920688,-0.05436373,0,0,0,0.3018961
1732482666908,-31.86137,1.554217,-0.1314964,-0.9981074,0.04016525,0.04657143,-2.761745,-0.3837883,-0.1702309,-31.71188,0.6713725,-0.3712425,-0.4542595,-0.6866245,-0.5676229,0.6797791,-0.4768699,-1.021099,-31.25824,0.6513358,0.4035301,-0.7375949,-0.6699967,-0.08401382,-3.208923,0.2950162,-0.2051353,0.3018961
1732482666914,-31.86137,1.554217,-0.1314964,-0.9981074,0.04016525,0.04657143,0,0,0,-31.71188,0.6713725,-0.3712425,-0.4542595,-0.6866245,-0.5676229,0,0,0,-31.25824,0.6513358,0.4035301,-0.7375949,-0.6699967,-0.08401382,0,0,0,0.3018961
1732482666937,-31.89796,1.547894,-0.1309471,-0.9979828,0.04657519,0.04314184,-2.744865,-0.4742861,0.04119873,-31.70509,0.6676878,-0.38274,-0.3566715,-0.6808956,-0.6396617,0.5095482,-0.2763569,-0.8623123,-31.29914,0.653129,0.4007378,-0.7537873,-0.6473728,-0.1127549,-3.068161,0.1344904,-0.2094269,0.3018961
1732482666942,-31.89796,1.547894,-0.1309471,-0.9979828,0.04657519,0.04314184,0,0,0,-31.70509,0.6676878,-0.38274,-0.3566715,-0.6808956,-0.6396617,0,0,0,-31.29914,0.653129,0.4007378,-0.7537873,-0.6473728,-0.1127549,0,0,0,0.3018961
1732482666966,-31.93514,1.540636,-0.1301308,-0.9975945,0.05378927,0.04373139,-2.788353,-0.5443275,0.06122589,-31.70216,0.6670072,-0.3911285,-0.2494948,-0.677659,-0.6917595,0.2194405,-0.05104244,-0.6291389,-31.33554,0.6535751,0.3968849,-0.7640541,-0.6312168,-0.1333683,-2.729702,0.03345609,-0.2889633,0.3018961
1732482666971,-31.93514,1.540636,-0.1301308,-0.9975945,0.05378927,0.04373139,0,0,0,-31.70216,0.6670072,-0.3911285,-0.2494948,-0.677659,-0.6917595,0,0,0,-31.33554,0.6535751,0.3968849,-0.7640541,-0.6312168,-0.1333683,0,0,0,0.3018961
1732482666994,-31.97206,1.532174,-0.1292267,-0.9974499,0.05342512,0.04732513,-2.769184,-0.6346554,0.06780624,-31.70723,0.6695083,-0.3943748,-0.1563111,-0.6814369,-0.7149903,-0.3802299,0.1875848,-0.2434731,-31.38122,0.6515595,0.3941002,-0.7718197,-0.6189233,-0.1457002,-3.425789,-0.1511738,-0.2088547,0.3018961
1732482666999,-31.97206,1.532174,-0.1292267,-0.9974499,0.05342512,0.04732513,0,0,0,-31.70723,0.6695083,-0.3943748,-0.1563111,-0.6814369,-0.7149903,0,0,0,-31.38122,0.6515595,0.3941002,-0.7718197,-0.6189233,-0.1457002,0,0,0,0.3018961
1732482667021,-32.00917,1.52707,-0.1280746,-0.9976696,0.04248619,0.05339265,-2.782631,-0.3828138,0.08640289,-31.71718,0.671816,-0.3969765,-0.06825569,-0.6833818,-0.7268636,-0.7458687,0.173074,-0.1951218,-31.41666,0.6499169,0.3913918,-0.7804341,-0.6073624,-0.1484387,-2.658176,-0.1231939,-0.2031326,0.3033864
1732482667027,-32.00917,1.52707,-0.1280746,-0.9976696,0.04248619,0.05339265,0,0,0,-31.71718,0.671816,-0.3969765,-0.06825569,-0.6833818,-0.7268636,0,0,0,-31.41666,0.6499169,0.3913918,-0.7804341,-0.6073624,-0.1484387,0,0,0,0.3033864
1732482667050,-32.04679,1.527305,-0.1269035,-0.9973067,0.03437704,0.06479144,-2.821541,0.0176847,0.0878334,-31.73667,0.674821,-0.3977966,-0.01120082,-0.6729882,-0.7395687,-1.461983,0.2253771,-0.06151199,-31.45368,0.6495739,0.3885384,-0.7913407,-0.5970109,-0.131752,-2.776623,-0.02572238,-0.2140045,0.305865
1732482667056,-32.04679,1.527305,-0.1269035,-0.9973067,0.03437704,0.06479144,0,0,0,-31.73667,0.674821,-0.3977966,-0.01120082,-0.6729882,-0.7395687,0,0,0,-31.45368,0.6495739,0.3885384,-0.7913407,-0.5970109,-0.131752,0,0,0,0.305865
1732482667078,-32.08343,1.526146,-0.1263695,-0.9967071,0.02962029,0.07548565,-2.748299,-0.08696616,0.04005432,-31.76931,0.674943,-0.3964844,0.003537714,-0.6673065,-0.7447753,-2.448177,0.009150803,0.09841919,-31.54031,0.6471449,0.3847694,-0.7937224,-0.6023623,-0.08464527,-6.496811,-0.1821756,-0.2826691,0.3061302
1732482667084,-32.08343,1.526146,-0.1263695,-0.9967071,0.02962029,0.07548565,0,0,0,-31.76931,0.674943,-0.3964844,0.003537714,-0.6673065,-0.7447753,0,0,0,-31.54031,0.6471449,0.3847694,-0.7937224,-0.6023623,-0.08464527,0,0,0,0.3061302
1732482667089,-32.08343,1.526146,-0.1263695,-0.9967071,0.02962029,0.07548565,0,0,0,-31.76931,0.674943,-0.3964844,0.003537714,-0.6673065,-0.7447753,0,0,0,-31.54031,0.6471449,0.3847694,-0.7937224,-0.6023623,-0.08464527,0,0,0,0.3061302
1732482667106,-32.11991,1.532853,-0.1288757,-0.9962915,0.01990838,0.08370835,-2.735996,0.5030125,-0.1879692,-31.82044,0.672883,-0.3934784,-0.01568097,-0.6677777,-0.7441963,-3.834629,-0.1544997,0.2254486,-31.57285,0.6449883,0.3925095,-0.7813817,-0.6236524,-0.02237499,-2.440739,-0.1617461,0.5805016,0.3061302
1732482667114,-32.11991,1.532853,-0.1288757,-0.9962915,0.01990838,0.08370835,0,0,0,-31.82044,0.672883,-0.3934784,-0.01568097,-0.6677777,-0.7441963,0,0,0,-31.57285,0.6449883,0.3925095,-0.7813817,-0.6236524,-0.02237499,0,0,0,0.3061302
1732482667134,-32.15608,1.53743,-0.1287117,-0.9955517,0.01367702,0.09322214,-2.712536,0.3433138,0.0123024,-31.87932,0.6712154,-0.3899574,-0.05213881,-0.673585,-0.737269,-4.415989,-0.1250714,0.2640724,-31.61086,0.6465365,0.4070091,-0.7526547,-0.6567378,0.04697222,-2.851009,0.1161173,1.087475,0.3061302
1732482667139,-32.15608,1.53743,-0.1287117,-0.9955517,0.01367702,0.09322214,0,0,0,-31.87932,0.6712154,-0.3899574,-0.05213881,-0.673585,-0.737269,0,0,0,-31.61086,0.6465365,0.4070091,-0.7526547,-0.6567378,0.04697222,0,0,0,0.3061302
1732482667162,-32.19186,1.540843,-0.1279449,-0.9943963,0.02382063,0.103,-2.68364,0.2559453,0.05750656,-31.9448,0.6690103,-0.3856392,-0.09374921,-0.6726211,-0.7340251,-4.910946,-0.1653805,0.3238678,-31.63195,0.6465412,0.4141273,-0.7082486,-0.6983642,0.1033036,-1.58186,0.0003531575,0.5338669,0.3061302
1732482667167,-32.19186,1.540843,-0.1279449,-0.9943963,0.02382063,0.103,0,0,0,-31.9448,0.6690103,-0.3856392,-0.09374921,-0.6726211,-0.7340251,0,0,0,-31.63195,0.6465412,0.4141273,-0.7082486,-0.6983642,0.1033036,0,0,0,0.3061302
1732482667190,-32.22791,1.546885,-0.1277771,-0.993482,0.02849815,0.1103704,-2.703953,0.4531682,0.0125885,-32.0143,0.6650356,-0.3805428,-0.1384673,-0.6779435,-0.7219555,-5.212498,-0.2981052,0.3822327,-31.64928,0.6378233,0.4178391,-0.6633444,-0.7391908,0.1164968,-1.299477,-0.6538421,0.2783775,0.3061302
1732482667196,-32.22791,1.546885,-0.1277771,-0.993482,0.02849815,0.1103704,0,0,0,-32.0143,0.6650356,-0.3805428,-0.1384673,-0.6779435,-0.7219555,0,0,0,-31.64928,0.6378233,0.4178391,-0.6633444,-0.7391908,0.1164968,0,0,0,0.3061302
1732482667218,-32.26348,1.551856,-0.1274567,-0.9923951,0.04484559,0.1146346,-2.667904,0.3727913,0.02403259,-32.08973,0.6616142,-0.373497,-0.2298661,-0.6784703,-0.6977394,-5.657387,-0.2566069,0.5284309,-31.66753,0.6333325,0.419693,-0.6339956,-0.7660412,0.1059762,-1.368999,-0.3368139,0.1390457,0.3061302
1732482667224,-32.26348,1.551856,-0.1274567,-0.9923951,0.04484559,0.1146346,0,0,0,-32.08973,0.6616142,-0.373497,-0.2298661,-0.6784703,-0.6977394,0,0,0,-31.66753,0.6333325,0.419693,-0.6339956,-0.7660412,0.1059762,0,0,0,0.3061302
1732482667246,-32.29864,1.556182,-0.1259613,-0.9925341,0.0418181,0.114576,-2.636719,0.3244758,0.1121521,-32.16743,0.6605087,-0.3652954,-0.3489722,-0.6662164,-0.6590712,-5.827045,-0.08291155,0.6151199,-31.69148,0.6326327,0.4196205,-0.6151501,-0.786638,0.05283487,-1.795864,-0.05248189,-0.005435944,0.3061302
1732482667252,-32.29864,1.556182,-0.1259613,-0.9925341,0.0418181,0.114576,0,0,0,-32.16743,0.6605087,-0.3652954,-0.3489722,-0.6662164,-0.6590712,0,0,0,-31.69148,0.6326327,0.4196205,-0.6151501,-0.786638,0.05283487,0,0,0,0.3061302
1732482667274,-32.33374,1.561475,-0.1259346,-0.9932641,0.03607197,0.1101156,-2.632713,0.3969848,0.002002716,-32.2497,0.6634352,-0.3553581,-0.4687307,-0.6348357,-0.6142279,-6.170368,0.2194896,0.7452965,-31.72448,0.6356938,0.4117012,-0.6105276,-0.7919201,0.01091546,-2.475357,0.2295792,-0.5939484,0.3061302
1732482667280,-32.33374,1.561475,-0.1259346,-0.9932641,0.03607197,0.1101156,0,0,0,-32.2497,0.6634352,-0.3553581,-0.4687307,-0.6348357,-0.6142279,0,0,0,-31.72448,0.6356938,0.4117012,-0.6105276,-0.7919201,0.01091546,0,0,0,0.3061302
1732482667302,-32.36806,1.566615,-0.1236076,-0.9938248,0.03156849,0.1063763,-2.573776,0.3854692,0.1745224,-32.33261,0.6704347,-0.3437195,-0.568308,-0.5966614,-0.5665879,-6.218433,0.5249619,0.8728981,-31.75794,0.6409374,0.4124069,-0.6011474,-0.7982284,0.03812975,-2.509403,0.3932744,0.05292892,0.3061302
1732482667308,-32.36806,1.566615,-0.1236076,-0.9938248,0.03156849,0.1063763,0,0,0,-32.33261,0.6704347,-0.3437195,-0.568308,-0.5966614,-0.5665879,0,0,0,-31.75794,0.6409374,0.4124069,-0.6011474,-0.7982284,0.03812975,0,0,0,0.3061302
1732482667330,-32.40203,1.569644,-0.1225929,-0.9942895,0.02832906,0.1028896,-2.547455,0.2272367,0.07610321,-32.41901,0.6829367,-0.3288307,-0.6506084,-0.5571458,-0.5160401,-6.479931,0.9376466,1.116657,-31.7956,0.6446273,0.4155426,-0.5779618,-0.8110762,0.09008807,-2.824688,0.2767414,0.2351761,0.3061302
1732482667336,-32.40203,1.569644,-0.1225929,-0.9942895,0.02832906,0.1028896,0,0,0,-32.41901,0.6829367,-0.3288307,-0.6506084,-0.5571458,-0.5160401,0,0,0,-31.7956,0.6446273,0.4155426,-0.5779618,-0.8110762,0.09008807,0,0,0,0.3061302
1732482667358,-32.43567,1.571237,-0.1219826,-0.9944184,0.02624448,0.1021937,-2.52285,0.1194745,0.04577637,-32.50353,0.6997048,-0.3097725,-0.7704099,-0.4870612,-0.4113883,-6.339169,1.257607,1.429367,-31.83051,0.6451143,0.4197121,-0.5657823,-0.8167289,0.1133342,-2.617836,0.03652275,0.3127098,0.3061302
1732482667364,-32.43567,1.571237,-0.1219826,-0.9944184,0.02624448,0.1021937,0,0,0,-32.50353,0.6997048,-0.3097725,-0.7704099,-0.4870612,-0.4113883,0,0,0,-31.83051,0.6451143,0.4197121,-0.5657823,-0.8167289,0.1133342,0,0,0,0.3061302
1732482667369,-32.43567,1.571237,-0.1219826,-0.9944184,0.02624448,0.1021937,0,0,0,-32.50353,0.6997048,-0.3097725,-0.7704099,-0.4870612,-0.4113883,0,0,0,-31.83051,0.6451143,0.4197121,-0.5657823,-0.8167289,0.1133342,0,0,0,0.3061302
1732482667386,-32.46916,1.570981,-0.1213493,-0.9939207,0.02760023,0.1065837,-2.512264,-0.01924932,0.04749298,-32.58311,0.7214346,-0.2882843,-0.9018194,-0.3626438,-0.2349715,-5.968666,1.629737,1.611614,-31.86835,0.6410571,0.4219704,-0.5696281,-0.8124525,0.1242774,-2.838135,-0.3042877,0.1693726,0.3061302
1732482667392,-32.46916,1.570981,-0.1213493,-0.9939207,0.02760023,0.1065837,0,0,0,-32.58311,0.7214346,-0.2882843,-0.9018194,-0.3626438,-0.2349715,0,0,0,-31.86835,0.6410571,0.4219704,-0.5696281,-0.8124525,0.1242774,0,0,0,0.3061302
1732482667414,-32.50238,1.568851,-0.1203918,-0.9931446,0.02920732,0.1131869,-2.491093,-0.1597345,0.07181168,-32.65927,0.7419393,-0.2718468,-0.9425419,-0.2777039,-0.18573,-5.711746,1.537853,1.232815,-31.90235,0.6389912,0.423481,-0.5710616,-0.809135,0.1385266,-2.55003,-0.1549423,0.1132965,0.3061302
1732482667420,-32.50238,1.568851,-0.1203918,-0.9931446,0.02920732,0.1131869,0,0,0,-32.65927,0.7419393,-0.2718468,-0.9425419,-0.2777039,-0.18573,0,0,0,-31.90235,0.6389912,0.423481,-0.5710616,-0.809135,0.1385266,0,0,0,0.3061302
1732482667440,-32.53533,1.563972,-0.1190758,-0.9919902,0.0338938,0.121684,-2.471352,-0.3659517,0.09870529,-32.73283,0.7667491,-0.2597961,-0.9498402,-0.2216074,-0.2206677,-5.517197,1.860738,0.9037971,-31.93538,0.6352153,0.4235153,-0.56944,-0.8066126,0.1584763,-2.477074,-0.2831921,0.002574921,0.3061302
1732482667445,-32.53533,1.563972,-0.1190758,-0.9919902,0.0338938,0.121684,0,0,0,-32.73283,0.7667491,-0.2597961,-0.9498402,-0.2216074,-0.2206677,0,0,0,-31.93538,0.6352153,0.4235153,-0.56944,-0.8066126,0.1584763,0,0,0,0.3061302
1732482667468,-32.56879,1.557671,-0.118782,-0.9907461,0.03779145,0.1303627,-2.509689,-0.4725605,0.02202988,-32.79097,0.791813,-0.2609482,-0.9630188,-0.1590614,-0.2174731,-4.360199,1.87979,-0.08640289,-31.96689,0.6291474,0.4197578,-0.5689378,-0.8026879,0.1788913,-2.363205,-0.4550949,-0.2818108,0.3061302
1732482667473,-32.56879,1.557671,-0.118782,-0.9907461,0.03779145,0.1303627,0,0,0,-32.79097,0.791813,-0.2609482,-0.9630188,-0.1590614,-0.2174731,0,0,0,-31.96689,0.6291474,0.4197578,-0.5689378,-0.8026879,0.1788913,0,0,0,0.3061302
1732482667496,-32.60296,1.550002,-0.1170044,-0.9895669,0.04756622,0.1359969,-2.562904,-0.575155,0.1333237,-32.84931,0.8145742,-0.264473,-0.9775707,-0.08318821,-0.1934832,-4.375648,1.707087,-0.2643585,-31.99929,0.6206976,0.4168282,-0.5723773,-0.794926,0.2011891,-2.430153,-0.6337345,-0.2197266,0.3061302
1732482667501,-32.60296,1.550002,-0.1170044,-0.9895669,0.04756622,0.1359969,0,0,0,-32.84931,0.8145742,-0.264473,-0.9775707,-0.08318821,-0.1934832,0,0,0,-31.99929,0.6206976,0.4168282,-0.5723773,-0.794926,0.2011891,0,0,0,0.3061302
1732482667524,-32.63726,1.540802,-0.115036,-0.9887662,0.0525534,0.1399275,-2.57206,-0.6900162,0.1476288,-32.90884,0.8320639,-0.261879,-0.9840108,-0.003344417,-0.1780789,-4.464912,1.311725,0.1945496,-32.03279,0.6118317,0.41605,-0.5724924,-0.7913134,0.2146527,-2.512264,-0.6649464,-0.05836487,0.3061302
1732482667529,-32.63726,1.540802,-0.115036,-0.9887662,0.0525534,0.1399275,0,0,0,-32.90884,0.8320639,-0.261879,-0.9840108,-0.003344417,-0.1780789,0,0,0,-32.03279,0.6118317,0.41605,-0.5724924,-0.7913134,0.2146527,0,0,0,0.3061302
1732482667552,-32.67142,1.534151,-0.1147575,-0.9884772,0.04600454,0.1442102,-2.562618,-0.4987836,0.02088547,-32.96356,0.8444206,-0.2606888,-0.9759713,0.07276186,-0.205392,-4.103851,0.9267524,0.08926392,-32.06581,0.6030722,0.4127579,-0.5746436,-0.7877221,0.2219883,-2.477074,-0.6569624,-0.2469063,0.3061302
1732482667557,-32.67142,1.534151,-0.1147575,-0.9884772,0.04600454,0.1442102,0,0,0,-32.96356,0.8444206,-0.2606888,-0.9759713,0.07276186,-0.205392,0,0,0,-32.06581,0.6030722,0.4127579,-0.5746436,-0.7877221,0.2219883,0,0,0,0.3061302
1732482667580,-32.70602,1.529761,-0.1145554,-0.9884894,0.04391068,0.1447794,-2.594662,-0.329259,0.01516342,-33.01208,0.8566335,-0.2613907,-0.9596685,0.1174428,-0.255429,-3.639221,0.9159744,-0.05264282,-32.09923,0.5967056,0.4082565,-0.5795268,-0.7827383,0.2268698,-2.50597,-0.4774913,-0.3376007,0.3061302
1732482667585,-32.70602,1.529761,-0.1145554,-0.9884894,0.04391068,0.1447794,0,0,0,-33.01208,0.8566335,-0.2613907,-0.9596685,0.1174428,-0.255429,0,0,0,-32.09923,0.5967056,0.4082565,-0.5795268,-0.7827383,0.2268698,0,0,0,0.3061302
1732482667608,-32.74134,1.529183,-0.1140594,-0.9888195,0.04194264,0.1430978,-2.649307,-0.0433445,0.0371933,-33.05335,0.8604835,-0.2651215,-0.9368849,0.1155981,-0.3299761,-3.095055,0.2887487,-0.279808,-32.13847,0.5950923,0.4106445,-0.5801048,-0.7831814,0.2238429,-2.943134,-0.1209989,0.1791,0.3061302
1732482667613,-32.74134,1.529183,-0.1140594,-0.9888195,0.04194264,0.1430978,0,0,0,-33.05335,0.8604835,-0.2651215,-0.9368849,0.1155981,-0.3299761,0,0,0,-32.13847,0.5950923,0.4106445,-0.5801048,-0.7831814,0.2238429,0,0,0,0.3061302
1732482667636,-32.77724,1.53816,-0.1134491,-0.9895483,0.02789696,0.1414785,-2.692223,0.6732702,0.04577637,-33.08663,0.8577612,-0.270752,-0.9131534,0.07600763,-0.4004675,-2.495956,-0.2041742,-0.422287,-32.175,0.5988417,0.4074593,-0.5923415,-0.7762581,0.2157664,-2.740002,0.2812028,-0.2388954,0.3061302
1732482667641,-32.77724,1.53816,-0.1134491,-0.9895483,0.02789696,0.1414785,0,0,0,-33.08663,0.8577612,-0.270752,-0.9131534,0.07600763,-0.4004675,0,0,0,-32.175,0.5988417,0.4074593,-0.5923415,-0.7762581,0.2157664,0,0,0,0.3061302
1732482667664,-32.81353,1.547323,-0.1122742,-0.9887079,0.04336725,0.1434442,-2.721691,0.6872088,0.08811951,-33.10851,0.8473054,-0.277626,-0.8833768,-0.007659823,-0.4686013,-1.641083,-0.784184,-0.5155563,-32.15268,0.5927159,0.4164276,-0.6048712,-0.7701718,0.2024024,1.674557,-0.4594356,0.6726265,0.3061302
1732482667669,-32.81353,1.547323,-0.1122742,-0.9887079,0.04336725,0.1434442,0,0,0,-33.10851,0.8473054,-0.277626,-0.8833768,-0.007659823,-0.4686013,0,0,0,-32.15268,0.5927159,0.4164276,-0.6048712,-0.7701718,0.2024024,0,0,0,0.3061302
1732482667674,-32.81353,1.547323,-0.1122742,-0.9887079,0.04336725,0.1434442,0,0,0,-33.10851,0.8473054,-0.277626,-0.8833768,-0.007659823,-0.4686013,0,0,0,-32.15268,0.5927159,0.4164276,-0.6048712,-0.7701718,0.2024024,0,0,0,0.3061302
1732482667692,-32.84855,1.550518,-0.1115303,-0.9867489,0.05562632,0.1524231,-2.626419,0.2396375,0.05578995,-33.11896,0.8298439,-0.2810707,-0.8599941,-0.1316035,-0.4930431,-0.7833481,-1.309615,-0.2583504,-32.19742,0.6016113,0.413063,-0.6041805,-0.777207,0.1758278,-3.35598,0.6671593,-0.2523422,0.3061302
1732482667697,-32.84855,1.550518,-0.1115303,-0.9867489,0.05562632,0.1524231,0,0,0,-33.11896,0.8298439,-0.2810707,-0.8599941,-0.1316035,-0.4930431,0,0,0,-32.19742,0.6016113,0.413063,-0.6041805,-0.777207,0.1758278,0,0,0,0.3061302
1732482667720,-32.88305,1.55395,-0.1117058,-0.9867531,0.03336176,0.1587633,-2.587509,0.2573758,-0.01316071,-33.12943,0.8119392,-0.2802544,-0.8513396,-0.2385915,-0.4672215,-0.7856369,-1.342848,0.06122589,-32.22648,0.6072617,0.40662,-0.6119111,-0.7786985,0.1385412,-2.179241,0.4237756,-0.4832268,0.3061302
1732482667725,-32.88305,1.55395,-0.1117058,-0.9867531,0.03336176,0.1587633,0,0,0,-33.12943,0.8119392,-0.2802544,-0.8513396,-0.2385915,-0.4672215,0,0,0,-32.22648,0.6072617,0.40662,-0.6119111,-0.7786985,0.1385412,0,0,0,0.3061302
1732482667746,-32.91733,1.560408,-0.1129608,-0.9877169,0.02161129,0.1547531,-2.570915,0.4843265,-0.09412766,-33.13203,0.7902917,-0.2763405,-0.8771141,-0.2710511,-0.3964881,-0.1951218,-1.623568,0.293541,-32.25854,0.6151607,0.3973465,-0.6483622,-0.7557592,0.09195095,-2.404976,0.5924284,-0.6955147,0.3061302
1732482667751,-32.91733,1.560408,-0.1129608,-0.9877169,0.02161129,0.1547531,0,0,0,-33.13203,0.7902917,-0.2763405,-0.8771141,-0.2710511,-0.3964881,0,0,0,-32.25854,0.6151607,0.3973465,-0.6483622,-0.7557592,0.09195095,0,0,0,0.3061302
1732482667774,-32.9511,1.56625,-0.1149178,-0.9889369,0.03565309,0.1439895,-2.532578,0.4381657,-0.1467705,-33.12611,0.7731847,-0.2758293,-0.9042813,-0.2857626,-0.3171999,0.4440308,-1.283026,0.03833771,-32.29554,0.6248347,0.3868523,-0.6673292,-0.7443402,0.02509397,-2.774906,0.7255465,-0.7870674,0.3061302
1732482667780,-32.9511,1.56625,-0.1149178,-0.9889369,0.03565309,0.1439895,0,0,0,-33.12611,0.7731847,-0.2758293,-0.9042813,-0.2857626,-0.3171999,0,0,0,-32.29554,0.6248347,0.3868523,-0.6673292,-0.7443402,0.02509397,0,0,0,0.3061302
1732482667803,-32.98503,1.5715,-0.1162796,-0.9902744,0.04122163,0.1328822,-2.545452,0.3937483,-0.1021385,-33.11467,0.7555844,-0.2839966,-0.9033462,-0.3430612,-0.2574394,0.858593,-1.320022,-0.612545,-32.33535,0.6342822,0.3799706,-0.6724504,-0.7400286,-0.0129652,-2.985764,0.7085636,-0.5161285,0.3061302
1732482667808,-32.98503,1.5715,-0.1162796,-0.9902744,0.04122163,0.1328822,0,0,0,-33.11467,0.7555844,-0.2839966,-0.9033462,-0.3430612,-0.2574394,0,0,0,-32.33535,0.6342822,0.3799706,-0.6724504,-0.7400286,-0.0129652,0,0,0,0.3061302
1732482667830,-33.01934,1.576323,-0.117672,-0.9915497,0.04563845,0.1214357,-2.572632,0.3617406,-0.1044273,-33.1025,0.7405033,-0.2979622,-0.8472027,-0.4325406,-0.3084742,0.9123802,-1.131079,-1.047421,-32.37514,0.6418042,0.3767929,-0.6736158,-0.7382349,-0.03537691,-2.983761,0.5641535,-0.2383232,0.3061302
1732482667836,-33.01934,1.576323,-0.117672,-0.9915497,0.04563845,0.1214357,0,0,0,-33.1025,0.7405033,-0.2979622,-0.8472027,-0.4325406,-0.3084742,0,0,0,-32.37514,0.6418042,0.3767929,-0.6736158,-0.7382349,-0.03537691,0,0,0,0.3061302
1732482667858,-33.0533,1.578619,-0.1195259,-0.9928578,0.04767652,0.1093648,-2.547455,0.1721889,-0.1390457,-33.08841,0.7286098,-0.3121948,-0.756754,-0.5159441,-0.4014051,1.056862,-0.8920133,-1.067448,-32.41268,0.648242,0.3758698,-0.6837045,-0.7274909,-0.05749559,-2.815533,0.4828334,-0.06923676,0.3061302
1732482667864,-33.0533,1.578619,-0.1195259,-0.9928578,0.04767652,0.1093648,0,0,0,-33.08841,0.7286098,-0.3121948,-0.756754,-0.5159441,-0.4014051,0,0,0,-32.41268,0.648242,0.3758698,-0.6837045,-0.7274909,-0.05749559,0,0,0,0.3061302
1732482667886,-33.08672,1.579485,-0.1210098,-0.9938787,0.04394559,0.1013631,-2.506256,0.06497204,-0.1112938,-33.07476,0.7187031,-0.3263626,-0.6657389,-0.5887783,-0.4584022,1.023674,-0.7430032,-1.062584,-32.45578,0.6545207,0.3767624,-0.6866808,-0.7240459,-0.06502199,-3.232956,0.470902,0.06694794,0.3061302
1732482667892,-33.08672,1.579485,-0.1210098,-0.9938787,0.04394559,0.1013631,0,0,0,-33.07476,0.7187031,-0.3263626,-0.6657389,-0.5887783,-0.4584022,0,0,0,-32.45578,0.6545207,0.3767624,-0.6866808,-0.7240459,-0.06502199,0,0,0,0.3061302
1732482667914,-33.12008,1.578881,-0.1225662,-0.9941878,0.04612438,0.0972802,-2.501678,-0.04530251,-0.1167297,-33.06318,0.7133534,-0.3423882,-0.5619407,-0.6383684,-0.5260313,0.8688927,-0.4012272,-1.201916,-32.49424,0.658165,0.3782158,-0.6860493,-0.7238115,-0.0737139,-2.884483,0.273326,0.109005,0.3061302
1732482667920,-33.12008,1.578881,-0.1225662,-0.9941878,0.04612438,0.0972802,0,0,0,-33.06318,0.7133534,-0.3423882,-0.5619407,-0.6383684,-0.5260313,0,0,0,-32.49424,0.658165,0.3782158,-0.6860493,-0.7238115,-0.0737139,0,0,0,0.3061302
1732482667942,-33.15364,1.576421,-0.1248245,-0.9940062,0.0554205,0.09423691,-2.517128,-0.1844913,-0.1693726,-33.05169,0.705923,-0.3599434,-0.5058555,-0.6573407,-0.5585823,0.8617401,-0.5572781,-1.316643,-32.53354,0.6598486,0.3775978,-0.6856205,-0.7229609,-0.08516169,-2.94714,0.126265,-0.04634857,0.3061302
1732482667947,-33.15364,1.576421,-0.1248245,-0.9940062,0.0554205,0.09423691,0,0,0,-33.05169,0.705923,-0.3599434,-0.5058555,-0.6573407,-0.5585823,0,0,0,-32.53354,0.6598486,0.3775978,-0.6856205,-0.7229609,-0.08516169,0,0,0,0.3061302
1732482667970,-33.18813,1.571734,-0.1272087,-0.9932934,0.0695778,0.09234565,-2.586937,-0.351575,-0.1788139,-33.0423,0.7007771,-0.3764343,-0.4334863,-0.6667921,-0.6062001,0.7040977,-0.3859475,-1.23682,-32.5705,0.6591502,0.3752327,-0.6934108,-0.7123247,-0.1085154,-2.771759,-0.0523746,-0.1773834,0.3061302
1732482667975,-33.18813,1.571734,-0.1272087,-0.9932934,0.0695778,0.09234565,0,0,0,-33.0423,0.7007771,-0.3764343,-0.4334863,-0.6667921,-0.6062001,0,0,0,-32.5705,0.6591502,0.3752327,-0.6934108,-0.7123247,-0.1085154,0,0,0,0.3061302
1732482667997,-33.22178,1.565678,-0.1296997,-0.9927248,0.08039063,0.08963895,-2.523708,-0.4541785,-0.1868248,-33.03545,0.6977639,-0.3916931,-0.3442989,-0.6640559,-0.6636931,0.5138397,-0.2259851,-1.144409,-32.60673,0.657892,0.3709831,-0.7041478,-0.6971326,-0.1348417,-2.7174,-0.09436458,-0.318718,0.3061302
1732482668003,-33.22178,1.565678,-0.1296997,-0.9927248,0.08039063,0.08963895,0,0,0,-33.03545,0.6977639,-0.3916931,-0.3442989,-0.6640559,-0.6636931,0,0,0,-32.60673,0.657892,0.3709831,-0.7041478,-0.6971326,-0.1348417,0,0,0,0.3061302
1732482668008,-33.22178,1.565678,-0.1296997,-0.9927248,0.08039063,0.08963895,0,0,0,-33.03545,0.6977639,-0.3916931,-0.3442989,-0.6640559,-0.6636931,0,0,0,-32.60673,0.657892,0.3709831,-0.7041478,-0.6971326,-0.1348417,0,0,0,0.3061302
1732482668025,-33.25532,1.556966,-0.1321106,-0.9925841,0.08699206,0.08490711,-2.515697,-0.6533861,-0.1808167,-33.03241,0.6964583,-0.40448,-0.2501054,-0.667286,-0.7015538,0.2280235,-0.09791851,-0.9590149,-32.65083,0.6543398,0.3659859,-0.7112762,-0.6860981,-0.1528274,-3.307629,-0.2664194,-0.374794,0.3061302
1732482668031,-33.25532,1.556966,-0.1321106,-0.9925841,0.08699206,0.08490711,0,0,0,-33.03241,0.6964583,-0.40448,-0.2501054,-0.667286,-0.7015538,0,0,0,-32.65083,0.6543398,0.3659859,-0.7112762,-0.6860981,-0.1528274,0,0,0,0.3061302
1732482668053,-33.2893,1.548486,-0.134716,-0.9924336,0.0935116,0.07956928,-2.548027,-0.6360054,-0.1954079,-33.03301,0.6953748,-0.4149666,-0.1764047,-0.67126,-0.7199247,-0.04520416,-0.08126646,-0.7864952,-32.67715,0.6509914,0.3638039,-0.717627,-0.6761179,-0.1669623,-1.97382,-0.2511263,-0.1636505,0.3061302
1732482668059,-33.2893,1.548486,-0.134716,-0.9924336,0.0935116,0.07956928,0,0,0,-33.03301,0.6953748,-0.4149666,-0.1764047,-0.67126,-0.7199247,0,0,0,-32.67715,0.6509914,0.3638039,-0.717627,-0.6761179,-0.1669623,0,0,0,0.3061302
1732482668078,-33.32403,1.541586,-0.1376495,-0.9923429,0.09825227,0.07484841,-2.604961,-0.5175054,-0.2200127,-33.03972,0.6944001,-0.424221,-0.1129969,-0.6691948,-0.7344457,-0.50354,-0.07310361,-0.6940842,-32.71793,0.6454281,0.3610497,-0.7270641,-0.6649315,-0.1710095,-3.05872,-0.4172534,-0.2065659,0.3061302
1732482668084,-33.32403,1.541586,-0.1376495,-0.9923429,0.09825227,0.07484841,0,0,0,-33.03972,0.6944001,-0.424221,-0.1129969,-0.6691948,-0.7344457,0,0,0,-32.71793,0.6454281,0.3610497,-0.7270641,-0.6649315,-0.1710095,0,0,0,0.3061302
1732482668105,-33.35932,1.536216,-0.1396332,-0.9920422,0.1035959,0.07155842,-2.646732,-0.4027784,-0.1487732,-33.05396,0.6945035,-0.4324875,-0.0614188,-0.6575481,-0.7509053,-1.06802,0.007760525,-0.6199837,-32.75423,0.6403886,0.3613281,-0.73838,-0.6545076,-0.1625288,-2.722836,-0.377959,0.02088547,0.3061302
1732482668111,-33.35932,1.536216,-0.1396332,-0.9920422,0.1035959,0.07155842,0,0,0,-33.05396,0.6945035,-0.4324875,-0.0614188,-0.6575481,-0.7509053,0,0,0,-32.75423,0.6403886,0.3613281,-0.73838,-0.6545076,-0.1625288,0,0,0,0.3061302
1732482668132,-33.39502,1.533988,-0.1428757,-0.9929439,0.09622572,0.06930649,-2.677345,-0.167048,-0.243187,-33.07735,0.6952673,-0.4398727,-0.01493239,-0.6418272,-0.7667041,-1.754093,0.05728304,-0.553894,-32.79413,0.635821,0.3625107,-0.7462127,-0.6530589,-0.1291554,-2.992058,-0.3425717,0.08869171,0.3061302
1732482668139,-33.39502,1.533988,-0.1428757,-0.9929439,0.09622572,0.06930649,0,0,0,-33.07735,0.6952673,-0.4398727,-0.01493239,-0.6418272,-0.7667041,0,0,0,-32.79413,0.635821,0.3625107,-0.7462127,-0.6530589,-0.1291554,0,0,0,0.3061302
1732482668159,-33.43055,1.539541,-0.1464806,-0.9950019,0.07675356,0.06387782,-2.664757,0.4164577,-0.2703667,-33.1102,0.6967403,-0.4454155,0.0117301,-0.6188092,-0.785454,-2.463913,0.1104712,-0.4157066,-32.83399,0.6322987,0.3670464,-0.7475529,-0.6604395,-0.07060158,-2.989769,-0.2641708,0.3401756,0.3061302
1732482668165,-33.43055,1.539541,-0.1464806,-0.9950019,0.07675356,0.06387782,0,0,0,-33.1102,0.6967403,-0.4454155,0.0117301,-0.6188092,-0.785454,0,0,0,-32.83399,0.6322987,0.3670464,-0.7475529,-0.6604395,-0.07060158,0,0,0,0.3061302
1732482668186,-33.46741,1.54864,-0.1509056,-0.9944719,0.0903137,0.05356598,-2.764893,0.6824434,-0.3318787,-33.15768,0.7002563,-0.4478378,0.01267166,-0.5927448,-0.8052913,-3.560829,0.2637014,-0.181675,-32.86923,0.632381,0.3728409,-0.7391009,-0.6735382,0.008722663,-2.642727,0.006169081,0.4345894,0.3061302
1732482668193,-33.46741,1.54864,-0.1509056,-0.9944719,0.0903137,0.05356598,0,0,0,-33.15768,0.7002563,-0.4478378,0.01267166,-0.5927448,-0.8052913,0,0,0,-32.86923,0.632381,0.3728409,-0.7391009,-0.6735382,0.008722663,0,0,0,0.3061302
1732482668214,-33.50361,1.55681,-0.1551781,-0.9966747,0.07300457,0.0362016,-2.715111,0.6127596,-0.3204346,-33.21753,0.7022187,-0.4477997,0.008615971,-0.5933385,-0.8049074,-4.488373,0.1471817,0.002861023,-32.90384,0.63322,0.3821335,-0.6941339,-0.7138296,0.0928759,-2.596092,0.06292462,0.6969452,0.3061302
1732482668220,-33.50361,1.55681,-0.1551781,-0.9966747,0.07300457,0.0362016,0,0,0,-33.21753,0.7022187,-0.4477997,0.008615971,-0.5933385,-0.8049074,0,0,0,-32.90384,0.63322,0.3821335,-0.6941339,-0.7138296,0.0928759,0,0,0,0.3061302
1732482668242,-33.53881,1.56181,-0.1584015,-0.9968667,0.07754278,0.01562542,-2.63958,0.3749549,-0.2417564,-33.29364,0.7026618,-0.4448471,-0.03886756,-0.603754,-0.7962232,-5.708885,0.0332281,0.2214432,-32.93831,0.6320579,0.3946419,-0.622102,-0.7699203,0.1421686,-2.58522,-0.08715391,0.9381294,0.3061302
1732482668248,-33.53881,1.56181,-0.1584015,-0.9968667,0.07754278,0.01562542,0,0,0,-33.29364,0.7026618,-0.4448471,-0.03886756,-0.603754,-0.7962232,0,0,0,-32.93831,0.6320579,0.3946419,-0.622102,-0.7699203,0.1421686,0,0,0,0.3061302
1732482668269,-33.57373,1.566019,-0.1614227,-0.9981689,0.06048092,-0.001136184,-2.61898,0.3156602,-0.226593,-33.36726,0.702184,-0.4404297,-0.1037493,-0.6128423,-0.7833655,-5.521488,-0.03583431,0.3313065,-32.96562,0.6284715,0.4001427,-0.576722,-0.8097646,0.1080428,-2.048206,-0.2689809,0.4125595,0.3061302
1732482668276,-33.57373,1.566019,-0.1614227,-0.9981689,0.06048092,-0.001136184,0,0,0,-33.36726,0.702184,-0.4404297,-0.1037493,-0.6128423,-0.7833655,0,0,0,-32.96562,0.6284715,0.4001427,-0.576722,-0.8097646,0.1080428,0,0,0,0.3061302
1732482668297,-33.60879,1.571873,-0.1632118,-0.998033,0.06196021,-0.009559512,-2.629852,0.4390776,-0.134182,-33.4458,0.7028005,-0.4343872,-0.2122883,-0.6171637,-0.7576563,-5.890274,0.04624128,0.453186,-32.99842,0.6264216,0.3989334,-0.5807233,-0.8140612,-0.0080688,-2.460194,-0.1537442,-0.09069443,0.3061302
1732482668303,-33.60879,1.571873,-0.1632118,-0.998033,0.06196021,-0.009559512,0,0,0,-33.4458,0.7028005,-0.4343872,-0.2122883,-0.6171637,-0.7576563,0,0,0,-32.99842,0.6264216,0.3989334,-0.5807233,-0.8140612,-0.0080688,0,0,0,0.3061302
1732482668325,-33.64301,1.575884,-0.1645584,-0.9978154,0.06425103,-0.01538169,-2.566338,0.3008276,-0.1009941,-33.52292,0.7057661,-0.4277191,-0.3334406,-0.5944604,-0.7317343,-5.78413,0.2224177,0.5001068,-33.02135,0.6272621,0.38694,-0.5815635,-0.8093349,-0.08222711,-1.719475,0.06303638,-0.8995056,0.3061302
1732482668331,-33.64301,1.575884,-0.1645584,-0.9978154,0.06425103,-0.01538169,0,0,0,-33.52292,0.7057661,-0.4277191,-0.3334406,-0.5944604,-0.7317343,0,0,0,-33.02135,0.6272621,0.38694,-0.5815635,-0.8093349,-0.08222711,0,0,0,0.3061302
1732482668353,-33.67726,1.580494,-0.1658745,-0.9981548,0.05924872,-0.01329505,-2.568626,0.3457814,-0.09870529,-33.60115,0.7117361,-0.4187164,-0.4486751,-0.5562099,-0.6995158,-5.866814,0.4477546,0.6752014,-33.05284,0.6301076,0.3764534,-0.5919453,-0.8051764,-0.03594673,-2.361488,0.2134189,-0.7864952,0.3061302
1732482668359,-33.67726,1.580494,-0.1658745,-0.9981548,0.05924872,-0.01329505,0,0,0,-33.60115,0.7117361,-0.4187164,-0.4486751,-0.5562099,-0.6995158,0,0,0,-33.05284,0.6301076,0.3764534,-0.5919453,-0.8051764,-0.03594673,0,0,0,0.3061302
1732482668380,-33.71131,1.584755,-0.1671219,-0.9980676,0.06211608,-0.001775861,-2.554035,0.3195763,-0.09355545,-33.67892,0.7209201,-0.4052849,-0.5498323,-0.5256745,-0.6491157,-5.83334,0.6887957,1.007366,-33.08524,0.6330187,0.3747292,-0.5888494,-0.8082239,0.00555861,-2.430153,0.2183318,-0.1293182,0.3061302
1732482668387,-33.71131,1.584755,-0.1671219,-0.9980676,0.06211608,-0.001775861,0,0,0,-33.67892,0.7209201,-0.4052849,-0.5498323,-0.5256745,-0.6491157,0,0,0,-33.08524,0.6330187,0.3747292,-0.5888494,-0.8082239,0.00555861,0,0,0,0.3061302
1732482668408,-33.74414,1.585794,-0.1676064,-0.9987485,0.04781653,0.0146715,-2.462196,0.07790029,-0.03633499,-33.75288,0.7319714,-0.3871803,-0.6567536,-0.5076652,-0.5576304,-5.546665,0.8288473,1.357841,-33.12204,0.6376179,0.3762932,-0.5868281,-0.8095067,0.01822162,-2.760315,0.344941,0.1173019,0.3061302
1732482668415,-33.74414,1.585794,-0.1676064,-0.9987485,0.04781653,0.0146715,0,0,0,-33.75288,0.7319714,-0.3871803,-0.6567536,-0.5076652,-0.5576304,0,0,0,-33.12204,0.6376179,0.3762932,-0.5868281,-0.8095067,0.01822162,0,0,0,0.3061302
1732482668421,-33.74414,1.585794,-0.1676064,-0.9987485,0.04781653,0.0146715,0,0,0,-33.75288,0.7319714,-0.3871803,-0.6567536,-0.5076652,-0.5576304,0,0,0,-33.12204,0.6376179,0.3762932,-0.5868281,-0.8095067,0.01822162,0,0,0,0.3061302
1732482668436,-33.77574,1.585924,-0.1687393,-0.9991066,0.02771169,0.03191382,-2.369785,0.009736419,-0.08497238,-33.82496,0.744789,-0.3681374,-0.7545803,-0.4891128,-0.4374673,-5.406189,0.9613216,1.428223,-33.15544,0.6420096,0.3682861,-0.5913404,-0.8064225,-0.0002422333,-2.504826,0.3293753,-0.6005287,0.3061302
1732482668443,-33.77574,1.585924,-0.1687393,-0.9991066,0.02771169,0.03191382,0,0,0,-33.82496,0.744789,-0.3681374,-0.7545803,-0.4891128,-0.4374673,0,0,0,-33.15544,0.6420096,0.3682861,-0.5913404,-0.8064225,-0.0002422333,0,0,0,0.3061302
1732482668464,-33.80824,1.585497,-0.1693459,-0.9988158,0.01794305,0.04522675,-2.437592,-0.03198981,-0.04549026,-33.89143,0.7580061,-0.3512497,-0.8324448,-0.4407856,-0.3357739,-4.98476,0.9912819,1.266575,-33.1795,0.6448773,0.3646431,-0.589191,-0.8078938,-0.01272607,-1.804447,0.2150774,-0.2732277,0.3061302
1732482668471,-33.80824,1.585497,-0.1693459,-0.9988158,0.01794305,0.04522675,0,0,0,-33.89143,0.7580061,-0.3512497,-0.8324448,-0.4407856,-0.3357739,0,0,0,-33.1795,0.6448773,0.3646431,-0.589191,-0.8078938,-0.01272607,0,0,0,0.3061302
1732482668504,-33.8397,1.583377,-0.1719093,-0.9982175,0.01625879,0.05742866,-2.359486,-0.1590192,-0.1922607,-33.95996,0.7726756,-0.3303375,-0.8854755,-0.4011628,-0.2345245,-5.1404,1.100215,1.568413,-33.20933,0.6468171,0.3587151,-0.5830693,-0.8122136,-0.01842976,-2.23732,0.145483,-0.444603,0.3061302
1732482668511,-33.8397,1.583377,-0.1719093,-0.9982175,0.01625879,0.05742866,0,0,0,-33.95996,0.7726756,-0.3303375,-0.8854755,-0.4011628,-0.2345245,0,0,0,-33.20933,0.6468171,0.3587151,-0.5830693,-0.8122136,-0.01842976,0,0,0,0.3061302
1732482668532,-33.88745,1.576579,-0.1744995,-0.9971093,0.01739892,0.07396227,-3.581142,-0.5098879,-0.1942635,-34.05701,0.791418,-0.3233566,-0.9449011,-0.288615,-0.1544797,-7.278728,1.405674,0.5235672,-33.24435,0.6466512,0.341465,-0.5904191,-0.8067489,-0.02370846,-2.626419,-0.01244098,-1.293755,0.3061302
1732482668538,-33.88745,1.576579,-0.1744995,-0.9971093,0.01739892,0.07396227,0,0,0,-34.05701,0.791418,-0.3233566,-0.9449011,-0.288615,-0.1544797,0,0,0,-33.24435,0.6466512,0.341465,-0.5904191,-0.8067489,-0.02370846,0,0,0,0.3061302
1732482668545,-33.88745,1.576579,-0.1744995,-0.9971093,0.01739892,0.07396227,0,0,0,-34.05701,0.791418,-0.3233566,-0.9449011,-0.288615,-0.1544797,0,0,0,-33.24435,0.6466512,0.341465,-0.5904191,-0.8067489,-0.02370846,0,0,0,0.3061302
1732482668561,-33.91989,1.569024,-0.1775856,-0.9964452,0.02349799,0.08090067,-2.433014,-0.5665898,-0.2314568,-34.12134,0.8040334,-0.3219643,-0.9691005,-0.2069648,-0.1342014,-4.824257,0.9461582,0.1044273,-33.27745,0.6441387,0.3281174,-0.6046816,-0.7962819,-0.01719308,-2.48251,-0.1884386,-1.001072,0.3061302
1732482668567,-33.91989,1.569024,-0.1775856,-0.9964452,0.02349799,0.08090067,0,0,0,-34.12134,0.8040334,-0.3219643,-0.9691005,-0.2069648,-0.1342014,0,0,0,-33.27745,0.6441387,0.3281174,-0.6046816,-0.7962819,-0.01719308,0,0,0,0.3061302
1732482668589,-33.95226,1.559671,-0.178196,-0.9958516,0.02583222,0.0872494,-2.427864,-0.7014602,-0.04577637,-34.18213,0.8159288,-0.3158073,-0.9835147,-0.1399251,-0.1145437,-4.55904,0.8921519,0.4617691,-33.30046,0.6409454,0.322422,-0.6113083,-0.7913788,-0.004715085,-1.725483,-0.2394944,-0.4271507,0.3061302
1732482668595,-33.95226,1.559671,-0.178196,-0.9958516,0.02583222,0.0872494,0,0,0,-34.18213,0.8159288,-0.3158073,-0.9835147,-0.1399251,-0.1145437,0,0,0,-33.30046,0.6409454,0.322422,-0.6113083,-0.7913788,-0.004715085,0,0,0,0.3061302
1732482668617,-33.985,1.550902,-0.1766853,-0.9953832,0.01800315,0.09427851,-2.455902,-0.6576687,0.1132965,-34.24171,0.8270311,-0.3129349,-0.9867712,-0.07522166,-0.1436116,-4.468632,0.8326784,0.215435,-33.33263,0.6341081,0.318718,-0.6174402,-0.7864926,0.01404589,-2.412701,-0.5128026,-0.2778053,0.3061302
1732482668623,-33.985,1.550902,-0.1766853,-0.9953832,0.01800315,0.09427851,0,0,0,-34.24171,0.8270311,-0.3129349,-0.9867712,-0.07522166,-0.1436116,0,0,0,-33.33263,0.6341081,0.318718,-0.6174402,-0.7864926,0.01404589,0,0,0,0.3061302
1732482668645,-34.0181,1.54467,-0.1746902,-0.9950709,0.01170816,0.09847462,-2.482224,-0.4674017,0.1496315,-34.29609,0.8374037,-0.3164215,-0.9800556,-0.01665711,-0.198025,-4.07896,0.7779434,-0.2614975,-33.36324,0.6269581,0.3179588,-0.626196,-0.7787876,0.0369944,-2.295685,-0.5362451,-0.05693436,0.3061302
1732482668652,-34.0181,1.54467,-0.1746902,-0.9950709,0.01170816,0.09847462,0,0,0,-34.29609,0.8374037,-0.3164215,-0.9800556,-0.01665711,-0.198025,0,0,0,-33.36324,0.6269581,0.3179588,-0.626196,-0.7787876,0.0369944,0,0,0,0.3061302
1732482668674,-34.05235,1.541884,-0.1735649,-0.9949464,0.01469254,0.09932745,-2.56834,-0.208962,0.08440018,-34.34335,0.8462158,-0.3191795,-0.9673252,0.01793686,-0.2529044,-3.544235,0.6609097,-0.206852,-33.39738,0.6202019,0.3186646,-0.6242658,-0.7780479,0.07024348,-2.561188,-0.5067185,0.05292892,0.3061302
1732482668680,-34.05235,1.541884,-0.1735649,-0.9949464,0.01469254,0.09932745,0,0,0,-34.34335,0.8462158,-0.3191795,-0.9673252,0.01793686,-0.2529044,0,0,0,-33.39738,0.6202019,0.3186646,-0.6242658,-0.7780479,0.07024348,0,0,0,0.3061302
1732482668702,-34.08558,1.542818,-0.1712379,-0.9938101,0.03269163,0.1061749,-2.492523,0.0700593,0.1745224,-34.38425,0.853174,-0.3237801,-0.9452155,0.0205262,-0.3258022,-3.067875,0.521864,-0.3450394,-33.42899,0.6145021,0.3226662,-0.6216274,-0.7765487,0.102722,-2.370071,-0.427486,0.3001213,0.3061302
1732482668708,-34.08558,1.542818,-0.1712379,-0.9938101,0.03269163,0.1061749,0,0,0,-34.38425,0.853174,-0.3237801,-0.9452155,0.0205262,-0.3258022,0,0,0,-33.42899,0.6145021,0.3226662,-0.6216274,-0.7765487,0.102722,0,0,0,0.3061302
1732482668715,-34.08558,1.542818,-0.1712379,-0.9938101,0.03269163,0.1061749,0,0,0,-34.38425,0.853174,-0.3237801,-0.9452155,0.0205262,-0.3258022,0,0,0,-33.42899,0.6145021,0.3226662,-0.6216274,-0.7765487,0.102722,0,0,0,0.3061302
1732482668730,-34.12136,1.553515,-0.1692581,-0.9925418,0.03665592,0.1162658,-2.683353,0.8022219,0.1484871,-34.41457,0.8539777,-0.3302155,-0.9143501,0.001754552,-0.4049215,-2.273941,0.06027818,-0.4826546,-33.46865,0.6132349,0.326828,-0.6295669,-0.7650604,0.1353821,-2.974606,-0.09503514,0.3121376,0.3061302
1732482668737,-34.12136,1.553515,-0.1692581,-0.9925418,0.03665592,0.1162658,0,0,0,-34.41457,0.8539777,-0.3302155,-0.9143501,0.001754552,-0.4049215,0,0,0,-33.46865,0.6132349,0.326828,-0.6295669,-0.7650604,0.1353821,0,0,0,0.3061302
1732482668758,-34.1574,1.562031,-0.1669617,-0.9907075,0.03554239,0.1312841,-2.703094,0.6387144,0.1722336,-34.4377,0.8511651,-0.3360443,-0.8829873,-0.04981455,-0.4667462,-1.734638,-0.2109468,-0.4371643,-33.49461,0.6162899,0.3284111,-0.6231554,-0.7663131,0.1563398,-1.946926,0.2291232,0.1187325,0.3061302
1732482668765,-34.1574,1.562031,-0.1669617,-0.9907075,0.03554239,0.1312841,0,0,0,-34.4377,0.8511651,-0.3360443,-0.8829873,-0.04981455,-0.4667462,0,0,0,-33.49461,0.6162899,0.3284111,-0.6231554,-0.7663131,0.1563398,0,0,0,0.3061302
1732482668784,-34.19343,1.567954,-0.1652412,-0.9863127,0.05027393,0.1570355,-2.702522,0.4442453,0.1290321,-34.45021,0.840227,-0.3389587,-0.8587222,-0.1612142,-0.4864224,-0.9378433,-0.8203581,-0.2185822,-33.52517,0.6214764,0.3237,-0.5977753,-0.7908612,0.1311616,-2.292538,0.3889874,-0.3533363,0.3061302
1732482668791,-34.19343,1.567954,-0.1652412,-0.9863127,0.05027393,0.1570355,0,0,0,-34.45021,0.840227,-0.3389587,-0.8587222,-0.1612142,-0.4864224,0,0,0,-33.52517,0.6214764,0.3237,-0.5977753,-0.7908612,0.1311616,0,0,0,0.3061302
1732482668813,-34.2283,1.570682,-0.1652222,-0.9837404,0.04424816,0.1740615,-2.615261,0.2045631,0.001430511,-34.45963,0.8246586,-0.3374519,-0.8497245,-0.2717639,-0.4517887,-0.7069588,-1.167633,0.1130104,-33.5594,0.6268134,0.3208466,-0.6123414,-0.7848068,0.09548044,-2.56691,0.400275,-0.2140045,0.3061302
1732482668819,-34.2283,1.570682,-0.1652222,-0.9837404,0.04424816,0.1740615,0,0,0,-34.45963,0.8246586,-0.3374519,-0.8497245,-0.2717639,-0.4517887,0,0,0,-33.5594,0.6268134,0.3208466,-0.6123414,-0.7848068,0.09548044,0,0,0,0.3061302
1732482668841,-34.26316,1.575086,-0.1669197,-0.9853979,0.0291794,0.167749,-2.614117,0.330323,-0.1273155,-34.46222,0.8056512,-0.334446,-0.8801342,-0.3011458,-0.3669821,-0.1939774,-1.425554,0.2254486,-33.585,0.6329182,0.3072052,-0.6307857,-0.7709827,0.08772457,-1.920033,0.457862,-1.023102,0.3061302
1732482668848,-34.26316,1.575086,-0.1669197,-0.9853979,0.0291794,0.167749,0,0,0,-34.46222,0.8056512,-0.334446,-0.8801342,-0.3011458,-0.3669821,0,0,0,-33.585,0.6329182,0.3072052,-0.6307857,-0.7709827,0.08772457,0,0,0,0.3061302
1732482668870,-34.29869,1.581208,-0.1676712,-0.9875357,0.04304197,0.151396,-2.664757,0.4591942,-0.05636215,-34.45751,0.7862878,-0.3397522,-0.9080495,-0.3083531,-0.2834871,0.3533363,-1.452255,-0.3979683,-33.60607,0.6411326,0.2795334,-0.6327131,-0.770521,0.07727754,-1.580143,0.6160766,-2.075386,0.3061302
1732482668876,-34.29869,1.581208,-0.1676712,-0.9875357,0.04304197,0.151396,0,0,0,-34.45751,0.7862878,-0.3397522,-0.9080495,-0.3083531,-0.2834871,0,0,0,-33.60607,0.6411326,0.2795334,-0.6327131,-0.770521,0.07727754,0,0,0,0.3061302
1732482668898,-34.33404,1.586082,-0.1684837,-0.9893275,0.04469494,0.1386858,-2.651596,0.3654867,-0.06093979,-34.45277,0.7678636,-0.3540955,-0.8825193,-0.3605275,-0.3019607,0.3550529,-1.381811,-1.075745,-33.64532,0.6471009,0.2816544,-0.6415733,-0.7645557,0.06195742,-2.943993,0.4476249,0.1590729,0.3061302
1732482668904,-34.33404,1.586082,-0.1684837,-0.9893275,0.04469494,0.1386858,0,0,0,-34.45277,0.7678636,-0.3540955,-0.8825193,-0.3605275,-0.3019607,0,0,0,-33.64532,0.6471009,0.2816544,-0.6415733,-0.7645557,0.06195742,0,0,0,0.3061302
1732482668926,-34.36911,1.591006,-0.1701584,-0.9915229,0.04383939,0.122314,-2.630424,0.3693491,-0.1255989,-34.443,0.7511777,-0.3724785,-0.7851248,-0.4281186,-0.4475422,0.732708,-1.251443,-1.378727,-33.68331,0.6527836,0.2841034,-0.6555175,-0.7544566,0.03305185,-2.849007,0.426203,0.1836777,0.3061302
1732482668932,-34.36911,1.591006,-0.1701584,-0.9915229,0.04383939,0.122314,0,0,0,-34.443,0.7511777,-0.3724785,-0.7851248,-0.4281186,-0.4475422,0,0,0,-33.68331,0.6527836,0.2841034,-0.6555175,-0.7544566,0.03305185,0,0,0,0.3061302
1732482668954,-34.403,1.594256,-0.1719208,-0.993996,0.03166897,0.1047343,-2.541161,0.2436966,-0.1321793,-34.42704,0.7379142,-0.3863373,-0.6675317,-0.5197333,-0.533179,1.197052,-0.9947643,-1.03941,-33.72454,0.6591619,0.2882271,-0.6642483,-0.7472026,0.02151036,-3.092194,0.4783675,0.3092766,0.3061302
1732482668960,-34.403,1.594256,-0.1719208,-0.993996,0.03166897,0.1047343,0,0,0,-34.42704,0.7379142,-0.3863373,-0.6675317,-0.5197333,-0.533179,0,0,0,-33.72454,0.6591619,0.2882271,-0.6642483,-0.7472026,0.02151036,0,0,0,0.3061302
1732482668982,-34.43662,1.596678,-0.1737442,-0.9955428,0.02401915,0.09120291,-2.521706,0.1817018,-0.1367569,-34.40978,0.7279782,-0.3956299,-0.5953363,-0.6066482,-0.5268333,1.294613,-0.7451981,-0.6969452,-33.76942,0.6658351,0.2923355,-0.6692989,-0.7429002,0.01176769,-3.36628,0.5004913,0.3081322,0.3061302
1732482668988,-34.43662,1.596678,-0.1737442,-0.9955428,0.02401915,0.09120291,0,0,0,-34.40978,0.7279782,-0.3956299,-0.5953363,-0.6066482,-0.5268333,0,0,0,-33.76942,0.6658351,0.2923355,-0.6692989,-0.7429002,0.01176769,0,0,0,0.3061302
1732482669010,-34.47052,1.596885,-0.1760254,-0.9963586,0.03072648,0.07953614,-2.542305,0.01552105,-0.1710892,-34.39375,0.723189,-0.4059715,-0.5420922,-0.6650642,-0.5136399,1.202774,-0.3591925,-0.7756233,-33.80577,0.670857,0.2879105,-0.6743991,-0.7383662,-0.001333952,-2.725983,0.3766447,-0.3318787,0.3061302
1732482669016,-34.47052,1.596885,-0.1760254,-0.9963586,0.03072648,0.07953614,0,0,0,-34.39375,0.723189,-0.4059715,-0.5420922,-0.6650642,-0.5136399,0,0,0,-33.80577,0.670857,0.2879105,-0.6743991,-0.7383662,-0.001333952,0,0,0,0.3061302
1732482669021,-34.47052,1.596885,-0.1760254,-0.9963586,0.03072648,0.07953614,0,0,0,-34.39375,0.723189,-0.4059715,-0.5420922,-0.6650642,-0.5136399,0,0,0,-33.80577,0.670857,0.2879105,-0.6743991,-0.7383662,-0.001333952,0,0,0,0.3061302
1732482669036,-34.50449,1.594838,-0.1783676,-0.9964899,0.04577129,0.07009351,-2.548027,-0.1535296,-0.1756668,-34.38071,0.7181067,-0.4202271,-0.4923624,-0.6897832,-0.5308286,0.9773254,-0.3811732,-1.069164,-33.84816,0.6746782,0.2893486,-0.6839915,-0.7288799,-0.02983785,-3.179741,0.2865896,0.1078606,0.3061302
1732482669042,-34.50449,1.594838,-0.1783676,-0.9964899,0.04577129,0.07009351,0,0,0,-34.38071,0.7181067,-0.4202271,-0.4923624,-0.6897832,-0.5308286,0,0,0,-33.84816,0.6746782,0.2893486,-0.6839915,-0.7288799,-0.02983785,0,0,0,0.3061302
1732482669064,-34.53856,1.590781,-0.1806259,-0.9962596,0.06023179,0.06196129,-2.55518,-0.3042877,-0.1693726,-34.37058,0.7134969,-0.4341164,-0.429321,-0.7029777,-0.5670156,0.7598877,-0.3457323,-1.041698,-33.87789,0.6761467,0.2903633,-0.6999316,-0.7116514,-0.06040215,-2.229309,0.1101404,0.07610321,0.3061302
1732482669070,-34.53856,1.590781,-0.1806259,-0.9962596,0.06023179,0.06196129,0,0,0,-34.37058,0.7134969,-0.4341164,-0.429321,-0.7029777,-0.5670156,0,0,0,-33.87789,0.6761467,0.2903633,-0.6999316,-0.7116514,-0.06040215,0,0,0,0.3061302
1732482669091,-34.57306,1.585514,-0.1831932,-0.9955178,0.07628985,0.05589753,-2.587795,-0.3950536,-0.1925468,-34.36497,0.7107619,-0.4478607,-0.3517556,-0.6975478,-0.624256,0.4211426,-0.2051264,-1.030827,-33.90594,0.6776336,0.2711296,-0.7201262,-0.6867684,-0.0988338,-2.104282,0.1115173,-1.442528,0.3061302
1732482669096,-34.57306,1.585514,-0.1831932,-0.9955178,0.07628985,0.05589753,0,0,0,-34.36497,0.7107619,-0.4478607,-0.3517556,-0.6975478,-0.624256,0,0,0,-33.90594,0.6776336,0.2711296,-0.7201262,-0.6867684,-0.0988338,0,0,0,0.3061302
1732482669119,-34.60781,1.578208,-0.1858215,-0.9949099,0.08823267,0.04867893,-2.60582,-0.5478859,-0.1971245,-34.36478,0.7100367,-0.4598312,-0.2575926,-0.693697,-0.6726301,0.01373291,-0.05439073,-0.897789,-33.94223,0.6783184,0.2653084,-0.7331774,-0.6669518,-0.1327655,-2.721405,0.05135536,-0.4365921,0.3061302
1732482669124,-34.60781,1.578208,-0.1858215,-0.9949099,0.08823267,0.04867893,0,0,0,-34.36478,0.7100367,-0.4598312,-0.2575926,-0.693697,-0.6726301,0,0,0,-33.94223,0.6783184,0.2653084,-0.7331774,-0.6669518,-0.1327655,0,0,0,0.3061302
1732482669147,-34.64307,1.569365,-0.1880722,-0.9952257,0.08704343,0.04415762,-2.644444,-0.6632298,-0.1688004,-34.37051,0.7107354,-0.4696159,-0.1677144,-0.6831541,-0.7107551,-0.4291534,0.05240589,-0.7338524,-33.98419,0.6767477,0.2596283,-0.74066,-0.6537994,-0.1548212,-3.146839,-0.1177981,-0.4260063,0.3061302
1732482669152,-34.64307,1.569365,-0.1880722,-0.9952257,0.08704343,0.04415762,0,0,0,-34.37051,0.7107354,-0.4696159,-0.1677144,-0.6831541,-0.7107551,0,0,0,-33.98419,0.6767477,0.2596283,-0.74066,-0.6537994,-0.1548212,0,0,0,0.3061302
1732482669175,-34.67868,1.562477,-0.1903687,-0.9959437,0.07983243,0.04151553,-2.670765,-0.5166382,-0.1722336,-34.38339,0.7105037,-0.4784012,-0.07425599,-0.6715036,-0.7372718,-0.9661674,-0.01738071,-0.6588936,-34.02165,0.6741665,0.2537956,-0.7499021,-0.641063,-0.1633573,-2.809811,-0.1935929,-0.4374504,0.3061302
1732482669180,-34.67868,1.562477,-0.1903687,-0.9959437,0.07983243,0.04151553,0,0,0,-34.38339,0.7105037,-0.4784012,-0.07425599,-0.6715036,-0.7372718,0,0,0,-34.02165,0.6741665,0.2537956,-0.7499021,-0.641063,-0.1633573,0,0,0,0.3061302
1732482669203,-34.71471,1.557186,-0.1931343,-0.9966422,0.07121689,0.04040849,-2.702522,-0.3968149,-0.2074242,-34.40339,0.7094122,-0.4863205,-0.0003572404,-0.6451502,-0.764056,-1.50032,-0.08186102,-0.5939484,-34.06093,0.6705877,0.2516212,-0.7601559,-0.6301063,-0.1585227,-2.945709,-0.2684131,-0.1630783,0.3061302
1732482669209,-34.71471,1.557186,-0.1931343,-0.9966422,0.07121689,0.04040849,0,0,0,-34.40339,0.7094122,-0.4863205,-0.0003572404,-0.6451502,-0.764056,0,0,0,-34.06093,0.6705877,0.2516212,-0.7601559,-0.6301063,-0.1585227,0,0,0,0.3061302
1732482669231,-34.75132,1.556753,-0.1965179,-0.996982,0.06594384,0.04097259,-2.745438,-0.03247261,-0.2537727,-34.43276,0.7077926,-0.4920311,0.0360291,-0.6212598,-0.782776,-2.202415,-0.1214683,-0.4282951,-34.09979,0.6680026,0.2505188,-0.7673256,-0.6273017,-0.1330565,-2.91481,-0.193879,-0.08268356,0.3061302
1732482669236,-34.75132,1.556753,-0.1965179,-0.996982,0.06594384,0.04097259,0,0,0,-34.43276,0.7077926,-0.4920311,0.0360291,-0.6212598,-0.782776,0,0,0,-34.09979,0.6680026,0.2505188,-0.7673256,-0.6273017,-0.1330565,0,0,0,0.3061302
1732482669259,-34.78769,1.55816,-0.2001152,-0.9978278,0.05488738,0.03643256,-2.728271,0.1055449,-0.2697945,-34.47341,0.7056808,-0.4950447,0.03991446,-0.6130984,-0.7889977,-3.048706,-0.1583844,-0.2260208,-34.14841,0.6642859,0.267952,-0.7678751,-0.6370894,-0.06697404,-3.646088,-0.278753,1.307487,0.3061302
1732482669264,-34.78769,1.55816,-0.2001152,-0.9978278,0.05488738,0.03643256,0,0,0,-34.47341,0.7056808,-0.4950447,0.03991446,-0.6130984,-0.7889977,0,0,0,-34.14841,0.6642859,0.267952,-0.7678751,-0.6370894,-0.06697404,0,0,0,0.3061302
1732482669287,-34.82463,1.564182,-0.2038612,-0.9979324,0.05676745,0.03014392,-2.770329,0.4516482,-0.2809525,-34.52773,0.7035956,-0.4957809,0.01150522,-0.6142359,-0.7890389,-4.074383,-0.1563907,-0.05521774,-34.18384,0.6642543,0.2789726,-0.7579888,-0.6522176,-0.00808394,-2.657318,-0.002369285,0.8265495,0.3061302
1732482669292,-34.82463,1.564182,-0.2038612,-0.9979324,0.05676745,0.03014392,0,0,0,-34.52773,0.7035956,-0.4957809,0.01150522,-0.6142359,-0.7890389,0,0,0,-34.18384,0.6642543,0.2789726,-0.7579888,-0.6522176,-0.00808394,0,0,0,0.3061302
1732482669315,-34.86089,1.572896,-0.2072411,-0.9993049,0.03090972,0.02084339,-2.719116,0.6535292,-0.2534866,-34.59487,0.7013096,-0.4947243,-0.04294619,-0.6278427,-0.7771553,-5.0354,-0.1714557,0.07925034,-34.22566,0.6663272,0.2907181,-0.72258,-0.6896305,0.04783678,-3.136826,0.1554698,0.880909,0.3061302
1732482669320,-34.86089,1.572896,-0.2072411,-0.9993049,0.03090972,0.02084339,0,0,0,-34.59487,0.7013096,-0.4947243,-0.04294619,-0.6278427,-0.7771553,0,0,0,-34.22566,0.6663272,0.2907181,-0.72258,-0.6896305,0.04783678,0,0,0,0.3061302
1732482669343,-34.89687,1.578756,-0.2099266,-0.9988179,0.0470257,0.01232028,-2.698803,0.4395068,-0.201416,-34.67161,0.7002068,-0.4913139,-0.1091565,-0.6288531,-0.7698243,-5.755234,-0.08271039,0.2557755,-34.26089,0.6666417,0.2993622,-0.6828242,-0.7245719,0.0935266,-2.642155,0.02358556,0.6483078,0.3061302
1732482669348,-34.89687,1.578756,-0.2099266,-0.9988179,0.0470257,0.01232028,0,0,0,-34.67161,0.7002068,-0.4913139,-0.1091565,-0.6288531,-0.7698243,0,0,0,-34.26089,0.6666417,0.2993622,-0.6828242,-0.7245719,0.0935266,0,0,0,0.3061302
1732482669353,-34.89687,1.578756,-0.2099266,-0.9988179,0.0470257,0.01232028,0,0,0,-34.67161,0.7002068,-0.4913139,-0.1091565,-0.6288531,-0.7698243,0,0,0,-34.26089,0.6666417,0.2993622,-0.6828242,-0.7245719,0.0935266,0,0,0,0.3061302
1732482669371,-34.93208,1.586376,-0.2101402,-0.9985197,0.0537917,0.008060157,-2.64101,0.5715251,-0.01602173,-34.75177,0.6999873,-0.4867859,-0.1851837,-0.6449223,-0.7414732,-6.011868,-0.01645982,0.3396034,-34.29926,0.6630592,0.3054085,-0.643235,-0.7616527,0.07832199,-2.877903,-0.2686858,0.4534721,0.3061302
1732482669376,-34.93208,1.586376,-0.2101402,-0.9985197,0.0537917,0.008060157,0,0,0,-34.75177,0.6999873,-0.4867859,-0.1851837,-0.6449223,-0.7414732,0,0,0,-34.29926,0.6630592,0.3054085,-0.643235,-0.7616527,0.07832199,0,0,0,0.3061302
1732482669398,-34.9679,1.593563,-0.2121048,-0.9981241,0.06051695,0.009307504,-2.686214,0.5389631,-0.1473427,-34.82784,0.700717,-0.4817429,-0.28356,-0.6415696,-0.712729,-5.705452,0.054726,0.3782272,-34.32581,0.6612741,0.3047676,-0.6221129,-0.781788,0.04223043,-1.9907,-0.1338869,-0.04806519,0.3061302
1732482669404,-34.9679,1.593563,-0.2121048,-0.9981241,0.06051695,0.009307504,0,0,0,-34.82784,0.700717,-0.4817429,-0.28356,-0.6415696,-0.712729,0,0,0,-34.32581,0.6612741,0.3047676,-0.6221129,-0.781788,0.04223043,0,0,0,0.3061302
1732482669438,-35.0033,1.599875,-0.2138252,-0.9980127,0.06131963,0.01451415,-2.655029,0.4734457,-0.1290321,-34.91229,0.7054382,-0.4730415,-0.4376403,-0.6093644,-0.6611702,-6.333733,0.3540918,0.6525993,-34.35949,0.6656406,0.2937775,-0.617992,-0.7859769,-0.01806951,-2.526569,0.3274888,-0.8242607,0.3061302
1732482669444,-35.0033,1.599875,-0.2138252,-0.9980127,0.06131963,0.01451415,0,0,0,-34.91229,0.7054382,-0.4730415,-0.4376403,-0.6093644,-0.6611702,0,0,0,-34.35949,0.6656406,0.2937775,-0.617992,-0.7859769,-0.01806951,0,0,0,0.3061302
1732482669478,-35.05612,1.608396,-0.2144585,-0.9983054,0.05235001,0.02542239,-3.961372,0.639081,-0.04749298,-35.03563,0.7196928,-0.4568672,-0.6194603,-0.5393806,-0.5703837,-9.250832,1.069097,1.213074,-34.40955,0.6761997,0.2852173,-0.6125808,-0.7900961,-0.02221274,-3.753948,0.7919312,-0.6420135,0.3061302
1732482669484,-35.05612,1.608396,-0.2144585,-0.9983054,0.05235001,0.02542239,0,0,0,-35.03563,0.7196928,-0.4568672,-0.6194603,-0.5393806,-0.5703837,0,0,0,-34.40955,0.6761997,0.2852173,-0.6125808,-0.7900961,-0.02221274,0,0,0,0.3061302
1732482669489,-35.05612,1.608396,-0.2144585,-0.9983054,0.05235001,0.02542239,0,0,0,-35.03563,0.7196928,-0.4568672,-0.6194603,-0.5393806,-0.5703837,0,0,0,-34.40955,0.6761997,0.2852173,-0.6125808,-0.7900961,-0.02221274,0,0,0,0.3061302
1732482669507,-35.10736,1.611571,-0.2141342,-0.9981264,0.03713322,0.04863387,-3.843498,0.2380908,0.0243187,-35.16053,0.742929,-0.4341049,-0.7397777,-0.4830082,-0.4684365,-9.367561,1.742712,1.707172,-34.46859,0.6812434,0.284771,-0.5899166,-0.8069471,0.0288983,-4.428577,0.3782809,-0.03347397,0.3061302
1732482669512,-35.10736,1.611571,-0.2141342,-0.9981264,0.03713322,0.04863387,0,0,0,-35.16053,0.742929,-0.4341049,-0.7397777,-0.4830082,-0.4684365,0,0,0,-34.46859,0.6812434,0.284771,-0.5899166,-0.8069471,0.0288983,0,0,0,0.3061302
1732482669518,-35.10736,1.611571,-0.2141342,-0.9981264,0.03713322,0.04863387,0,0,0,-35.16053,0.742929,-0.4341049,-0.7397777,-0.4830082,-0.4684365,0,0,0,-34.46859,0.6812434,0.284771,-0.5899166,-0.8069471,0.0288983,0,0,0,0.3061302
1732482669535,-35.14151,1.612022,-0.2131996,-0.9972771,0.03165684,0.06660831,-2.560616,0.03384948,0.07009506,-35.23887,0.7614782,-0.4164696,-0.8409012,-0.4029673,-0.3612521,-5.875397,1.39119,1.322651,-34.50121,0.6793773,0.2816658,-0.5867209,-0.8087894,0.04023111,-2.446175,-0.1399577,-0.2328873,0.3061302
1732482669540,-35.14151,1.612022,-0.2131996,-0.9972771,0.03165684,0.06660831,0,0,0,-35.23887,0.7614782,-0.4164696,-0.8409012,-0.4029673,-0.3612521,0,0,0,-34.50121,0.6793773,0.2816658,-0.5867209,-0.8087894,0.04023111,0,0,0,0.3061302
1732482669563,-35.17488,1.610616,-0.2094688,-0.9961746,0.02651278,0.0832684,-2.502823,-0.1054913,0.279808,-35.31182,0.7784716,-0.4018707,-0.9085104,-0.3276227,-0.2593699,-5.471134,1.27451,1.094913,-34.5257,0.6776914,0.2807999,-0.583484,-0.8104011,0.0528869,-1.836491,-0.1264438,-0.06494522,0.3061302
1732482669568,-35.17488,1.610616,-0.2094688,-0.9961746,0.02651278,0.0832684,0,0,0,-35.31182,0.7784716,-0.4018707,-0.9085104,-0.3276227,-0.2593699,0,0,0,-34.5257,0.6776914,0.2807999,-0.583484,-0.8104011,0.0528869,0,0,0,0.3061302
1732482669591,-35.20853,1.607073,-0.2081337,-0.9947293,0.02283777,0.09996235,-2.523994,-0.2656639,0.1001358,-35.38358,0.7980371,-0.3915176,-0.9379439,-0.2631424,-0.2258706,-5.382156,1.46741,0.7764816,-34.55321,0.672685,0.274334,-0.5831195,-0.8090215,0.07386774,-2.063656,-0.375478,-0.4849434,0.3061302
1732482669596,-35.20853,1.607073,-0.2081337,-0.9947293,0.02283777,0.09996235,0,0,0,-35.38358,0.7980371,-0.3915176,-0.9379439,-0.2631424,-0.2258706,0,0,0,-34.55321,0.672685,0.274334,-0.5831195,-0.8090215,0.07386774,0,0,0,0.3061302
1732482669619,-35.24242,1.602017,-0.2076302,-0.993364,0.02161076,0.1129664,-2.541447,-0.3792018,0.0377655,-35.45367,0.8190293,-0.3814125,-0.9608168,-0.1911196,-0.2007607,-5.256557,1.574416,0.757885,-34.58642,0.6665093,0.2723541,-0.5836412,-0.8051805,0.1051096,-2.49052,-0.4631817,-0.1484871,0.3061302
1732482669625,-35.24242,1.602017,-0.2076302,-0.993364,0.02161076,0.1129664,0,0,0,-35.45367,0.8190293,-0.3814125,-0.9608168,-0.1911196,-0.2007607,0,0,0,-34.58642,0.6665093,0.2723541,-0.5836412,-0.8051805,0.1051096,0,0,0,0.3061302
1732482669648,-35.27634,1.59648,-0.2067833,-0.9922333,0.02510476,0.1218327,-2.544308,-0.4153311,0.06351471,-35.51842,0.8382027,-0.3721085,-0.9782534,-0.1214213,-0.1681596,-4.8563,1.437999,0.6978035,-34.61846,0.6604005,0.2703705,-0.5823061,-0.8023322,0.1310841,-2.403259,-0.4581571,-0.1487732,0.3061302
1732482669653,-35.27634,1.59648,-0.2067833,-0.9922333,0.02510476,0.1218327,0,0,0,-35.51842,0.8382027,-0.3721085,-0.9782534,-0.1214213,-0.1681596,0,0,0,-34.61846,0.6604005,0.2703705,-0.5823061,-0.8023322,0.1310841,0,0,0,0.3061302
1732482669676,-35.31039,1.58828,-0.2067604,-0.9918059,0.02897545,0.1244279,-2.554035,-0.6149948,0.001716614,-35.5792,0.8532219,-0.3660088,-0.9851129,-0.05925906,-0.1613725,-4.558468,1.126443,0.4574776,-34.65448,0.6526037,0.2679176,-0.580508,-0.8003836,0.1496555,-2.701664,-0.5847573,-0.1839638,0.3061302
1732482669682,-35.31039,1.58828,-0.2067604,-0.9918059,0.02897545,0.1244279,0,0,0,-35.5792,0.8532219,-0.3660088,-0.9851129,-0.05925906,-0.1613725,0,0,0,-34.65448,0.6526037,0.2679176,-0.580508,-0.8003836,0.1496555,0,0,0,0.3061302
1732482669687,-35.31039,1.58828,-0.2067604,-0.9918059,0.02897545,0.1244279,0,0,0,-35.5792,0.8532219,-0.3660088,-0.9851129,-0.05925906,-0.1613725,0,0,0,-34.65448,0.6526037,0.2679176,-0.580508,-0.8003836,0.1496555,0,0,0,0.3061302
1732482669704,-35.34398,1.582409,-0.2046471,-0.992099,0.0239351,0.1231549,-2.518559,-0.4402757,0.1585007,-35.63694,0.8686767,-0.3622971,-0.982485,0.001575112,-0.1863369,-4.330158,1.159108,0.2783775,-34.68916,0.6453234,0.2619743,-0.5882182,-0.7887523,0.1785202,-2.60067,-0.5460262,-0.4457474,0.3061302
1732482669710,-35.34398,1.582409,-0.2046471,-0.992099,0.0239351,0.1231549,0,0,0,-35.63694,0.8686767,-0.3622971,-0.982485,0.001575112,-0.1863369,0,0,0,-34.68916,0.6453234,0.2619743,-0.5882182,-0.7887523,0.1785202,0,0,0,0.3061302
1732482669732,-35.3783,1.576639,-0.2036209,-0.9925167,0.01797052,0.1207811,-2.574348,-0.4327923,0.07696152,-35.68825,0.8803381,-0.3601837,-0.9757602,0.05990148,-0.2104858,-3.848362,0.8746102,0.1585007,-34.71976,0.6399891,0.2588921,-0.5938318,-0.7796754,0.1986712,-2.295399,-0.4000738,-0.2311707,0.3061302
1732482669738,-35.3783,1.576639,-0.2036209,-0.9925167,0.01797052,0.1207811,0,0,0,-35.68825,0.8803381,-0.3601837,-0.9757602,0.05990148,-0.2104858,0,0,0,-34.71976,0.6399891,0.2588921,-0.5938318,-0.7796754,0.1986712,0,0,0,0.3061302
1732482669759,-35.4132,1.574453,-0.2020874,-0.9931455,0.01258184,0.1162067,-2.617836,-0.1639456,0.1150131,-35.73364,0.8886228,-0.3624306,-0.9577019,0.08521834,-0.2748554,-3.404617,0.6213471,-0.1685143,-34.75631,0.637699,0.2598495,-0.597142,-0.7767721,0.2001177,-2.740574,-0.1717553,0.07181168,0.3061302
1732482669765,-35.4132,1.574453,-0.2020874,-0.9931455,0.01258184,0.1162067,0,0,0,-35.73364,0.8886228,-0.3624306,-0.9577019,0.08521834,-0.2748554,0,0,0,-34.75631,0.637699,0.2598495,-0.597142,-0.7767721,0.2001177,0,0,0,0.3061302
1732482669788,-35.44821,1.574379,-0.1996918,-0.9929903,0.02461065,0.1156075,-2.625275,-0.005525351,0.1796722,-35.77203,0.8936568,-0.3654594,-0.9325196,0.08308929,-0.3514317,-2.879333,0.3775567,-0.2271652,-34.7929,0.6379725,0.2612495,-0.5938154,-0.7794284,0.1996876,-2.744293,0.02051443,0.1049995,0.3061302
1732482669793,-35.44821,1.574379,-0.1996918,-0.9929903,0.02461065,0.1156075,0,0,0,-35.77203,0.8936568,-0.3654594,-0.9325196,0.08308929,-0.3514317,0,0,0,-34.7929,0.6379725,0.2612495,-0.5938154,-0.7794284,0.1996876,0,0,0,0.3061302
1732482669816,-35.48308,1.581135,-0.1970978,-0.9935945,0.009049434,0.1126438,-2.615261,0.5066693,0.1945496,-35.80251,0.8907264,-0.368412,-0.9100565,0.04907593,-0.4115686,-2.285671,-0.2197802,-0.2214432,-34.82895,0.6395278,0.2623482,-0.5948685,-0.7777446,0.2030891,-2.703953,0.1166448,0.08239746,0.3061302
1732482669822,-35.48308,1.581135,-0.1970978,-0.9935945,0.009049434,0.1126438,0,0,0,-35.80251,0.8907264,-0.368412,-0.9100565,0.04907593,-0.4115686,0,0,0,-34.82895,0.6395278,0.2623482,-0.5948685,-0.7777446,0.2030891,0,0,0,0.3061302
1732482669844,-35.51602,1.586885,-0.1937141,-0.9935611,0.02873328,0.1095951,-2.470493,0.4312456,0.2537727,-35.82377,0.8828859,-0.3720245,-0.8926702,-0.0175797,-0.4503683,-1.594448,-0.588043,-0.2709389,-34.86688,0.6499243,0.2658844,-0.6013717,-0.7710904,0.2092171,-2.844715,0.779736,0.2652168,0.3061302
1732482669850,-35.51602,1.586885,-0.1937141,-0.9935611,0.02873328,0.1095951,0,0,0,-35.82377,0.8828859,-0.3720245,-0.8926702,-0.0175797,-0.4503683,0,0,0,-34.86688,0.6499243,0.2658844,-0.6013717,-0.7710904,0.2092171,0,0,0,0.3061302
1732482669872,-35.55107,1.592329,-0.1913452,-0.9930927,0.04435991,0.1086248,-2.628708,0.4083127,0.1776695,-35.83804,0.8674218,-0.3744736,-0.8741382,-0.0982568,-0.4756351,-1.070023,-1.159805,-0.1836777,-34.85305,0.648692,0.2750854,-0.5960503,-0.7766408,0.2038466,1.037407,-0.09242445,0.6900787,0.3061302
1732482669878,-35.55107,1.592329,-0.1913452,-0.9930927,0.04435991,0.1086248,0,0,0,-35.83804,0.8674218,-0.3744736,-0.8741382,-0.0982568,-0.4756351,0,0,0,-34.85305,0.648692,0.2750854,-0.5960503,-0.7766408,0.2038466,0,0,0,0.3061302
1732482669900,-35.5858,1.594448,-0.1898537,-0.9930143,0.05273743,0.105553,-2.605247,0.1589209,0.111866,-35.84454,0.8470856,-0.3740425,-0.8633398,-0.1862296,-0.4690027,-0.4875183,-1.525216,0.03232956,-34.8895,0.6533222,0.2786522,-0.5920049,-0.7838195,0.187503,-2.73428,0.3472656,0.2675056,0.3061302
1732482669906,-35.5858,1.594448,-0.1898537,-0.9930143,0.05273743,0.105553,0,0,0,-35.84454,0.8470856,-0.3740425,-0.8633398,-0.1862296,-0.4690027,0,0,0,-34.8895,0.6533222,0.2786522,-0.5920049,-0.7838195,0.187503,0,0,0,0.3061302
1732482669928,-35.62102,1.600591,-0.1883888,-0.9936959,0.05518513,0.09758717,-2.641296,0.4607409,0.1098633,-35.84566,0.823521,-0.3720398,-0.8741779,-0.2448781,-0.4193422,-0.08411407,-1.767343,0.1502037,-34.9272,0.6577177,0.2807465,-0.6172054,-0.7719175,0.1523197,-2.827263,0.3296658,0.1570702,0.3061302
1732482669934,-35.62102,1.600591,-0.1883888,-0.9936959,0.05518513,0.09758717,0,0,0,-35.84566,0.823521,-0.3720398,-0.8741779,-0.2448781,-0.4193422,0,0,0,-34.9272,0.6577177,0.2807465,-0.6172054,-0.7719175,0.1523197,0,0,0,0.3061302
1732482669956,-35.65547,1.60577,-0.187664,-0.9939384,0.06783342,0.08651918,-2.583504,0.3884465,0.05435944,-35.8391,0.7997679,-0.3721809,-0.8852233,-0.286238,-0.3666716,0.4915237,-1.781487,-0.01058578,-34.9675,0.6643046,0.2808914,-0.6455604,-0.75685,0.102128,-3.022385,0.4940137,0.01087189,0.3061302
1732482669962,-35.65547,1.60577,-0.187664,-0.9939384,0.06783342,0.08651918,0,0,0,-35.8391,0.7997679,-0.3721809,-0.8852233,-0.286238,-0.3666716,0,0,0,-34.9675,0.6643046,0.2808914,-0.6455604,-0.75685,0.102128,0,0,0,0.3061302
1732482669967,-35.65547,1.60577,-0.187664,-0.9939384,0.06783342,0.08651918,0,0,0,-35.8391,0.7997679,-0.3721809,-0.8852233,-0.286238,-0.3666716,0,0,0,-34.9675,0.6643046,0.2808914,-0.6455604,-0.75685,0.102128,0,0,0,0.3061302
1732482669983,-35.69012,1.612108,-0.1869202,-0.9950404,0.06258926,0.07731438,-2.599239,0.475359,0.05578995,-35.82148,0.7810332,-0.3784142,-0.8732184,-0.3522674,-0.3367451,1.321507,-1.405102,-0.4674911,-35.01742,0.6729398,0.2797585,-0.6593609,-0.7496604,0.0570336,-3.744221,0.6476417,-0.08497238,0.3061302
1732482669989,-35.69012,1.612108,-0.1869202,-0.9950404,0.06258926,0.07731438,0,0,0,-35.82148,0.7810332,-0.3784142,-0.8732184,-0.3522674,-0.3367451,0,0,0,-35.01742,0.6729398,0.2797585,-0.6593609,-0.7496604,0.0570336,0,0,0,0.3061302
1732482670011,-35.72506,1.613342,-0.1870842,-0.9956493,0.06114345,0.07031548,-2.619839,0.09252727,-0.0123024,-35.80497,0.760368,-0.3871651,-0.823579,-0.4408417,-0.3568995,1.238251,-1.549883,-0.6563187,-35.05791,0.6759067,0.2781219,-0.669901,-0.7420434,0.02458417,-3.03669,0.2225161,-0.1227379,0.3014367
1732482670017,-35.72506,1.613342,-0.1870842,-0.9956493,0.06114345,0.07031548,0,0,0,-35.80497,0.760368,-0.3871651,-0.823579,-0.4408417,-0.3568995,0,0,0,-35.05791,0.6759067,0.2781219,-0.669901,-0.7420434,0.02458417,0,0,0,0.3014367
1732482670037,-35.75959,1.612955,-0.1883354,-0.996534,0.05206518,0.06488222,-2.589798,-0.02906621,-0.09384155,-35.78489,0.7470249,-0.3962708,-0.7457799,-0.5306897,-0.4027172,1.506329,-1.000737,-0.6829262,-35.09131,0.6791604,0.2745552,-0.6784883,-0.7345637,-0.008370757,-2.505112,0.2440274,-0.2675056,0.2974243
1732482670042,-35.75959,1.612955,-0.1883354,-0.996534,0.05206518,0.06488222,0,0,0,-35.78489,0.7470249,-0.3962708,-0.7457799,-0.5306897,-0.4027172,0,0,0,-35.09131,0.6791604,0.2745552,-0.6784883,-0.7345637,-0.008370757,0,0,0,0.2974243
1732482670063,-35.79446,1.6129,-0.187439,-0.9971779,0.04414361,0.06073046,-2.615261,-0.004068017,0.06723404,-35.76557,0.7379113,-0.4051476,-0.6560812,-0.615576,-0.4366053,1.448822,-0.6835163,-0.66576,-35.1242,0.6837718,0.2732925,-0.6860062,-0.7269316,-0.03108478,-2.466202,0.3458619,-0.09469986,0.2959
1732482670069,-35.79446,1.6129,-0.187439,-0.9971779,0.04414361,0.06073046,0,0,0,-35.76557,0.7379113,-0.4051476,-0.6560812,-0.615576,-0.4366053,0,0,0,-35.1242,0.6837718,0.2732925,-0.6860062,-0.7269316,-0.03108478,0,0,0,0.2959
1732482670091,-35.82852,1.611897,-0.1877289,-0.9974414,0.04391029,0.05641776,-2.554607,-0.07526278,-0.02174377,-35.7478,0.7315382,-0.4147377,-0.5657541,-0.6802425,-0.4660398,1.333237,-0.4779875,-0.7192612,-35.15653,0.6894713,0.2717705,-0.6969836,-0.7150944,-0.05342162,-2.425289,0.4274592,-0.1141548,0.2959
1732482670096,-35.82852,1.611897,-0.1877289,-0.9974414,0.04391029,0.05641776,0,0,0,-35.7478,0.7315382,-0.4147377,-0.5657541,-0.6802425,-0.4660398,0,0,0,-35.15653,0.6894713,0.2717705,-0.6969836,-0.7150944,-0.05342162,0,0,0,0.2959
1732482670118,-35.86236,1.608763,-0.1882362,-0.9976161,0.04624155,0.05122721,-2.5383,-0.2350688,-0.03805161,-35.73307,0.7265845,-0.4258423,-0.4821122,-0.7149409,-0.5063872,1.104069,-0.3715262,-0.8328438,-35.19659,0.6956869,0.2687378,-0.7094823,-0.6995345,-0.08536172,-3.004646,0.4661679,-0.2274513,0.2959
1732482670124,-35.86236,1.608763,-0.1882362,-0.9976161,0.04624155,0.05122721,0,0,0,-35.73307,0.7265845,-0.4258423,-0.4821122,-0.7149409,-0.5063872,0,0,0,-35.19659,0.6956869,0.2687378,-0.7094823,-0.6995345,-0.08536172,0,0,0,0.2959
1732482670146,-35.89741,1.603992,-0.1876259,-0.9975238,0.05284866,0.04640454,-2.628708,-0.3578246,0.04577637,-35.72318,0.7234636,-0.4380493,-0.4046147,-0.7171319,-0.5674589,0.7424355,-0.2340674,-0.9155273,-35.23581,0.699264,0.2667351,-0.7288097,-0.6731954,-0.1250786,-2.940845,0.2682835,-0.1502037,0.2959
1732482670152,-35.89741,1.603992,-0.1876259,-0.9975238,0.05284866,0.04640454,0,0,0,-35.72318,0.7234636,-0.4380493,-0.4046147,-0.7171319,-0.5674589,0,0,0,-35.23581,0.699264,0.2667351,-0.7288097,-0.6731954,-0.1250786,0,0,0,0.2959
1732482670174,-35.9327,1.598558,-0.1876411,-0.9971717,0.06106202,0.04382688,-2.646732,-0.407508,-0.001144409,-35.71819,0.7228544,-0.4491234,-0.3131614,-0.7046511,-0.6367085,0.3742218,-0.04569143,-0.830555,-35.27811,0.7026627,0.2624626,-0.745617,-0.6462185,-0.1626581,-3.172588,0.2549037,-0.3204346,0.2959
1732482670180,-35.9327,1.598558,-0.1876411,-0.9971717,0.06106202,0.04382688,0,0,0,-35.71819,0.7228544,-0.4491234,-0.3131614,-0.7046511,-0.6367085,0,0,0,-35.27811,0.7026627,0.2624626,-0.745617,-0.6462185,-0.1626581,0,0,0,0.2959
1732482670203,-35.96865,1.591178,-0.1861839,-0.9966837,0.06897579,0.04317909,-2.696228,-0.5535275,0.1092911,-35.7178,0.7245184,-0.4575462,-0.2057241,-0.6847947,-0.6990957,0.02889633,0.1248032,-0.6317139,-35.31459,0.7034004,0.259594,-0.7559074,-0.6268777,-0.1887565,-2.736282,0.05532503,-0.2151489,0.2959
1732482670209,-35.96865,1.591178,-0.1861839,-0.9966837,0.06897579,0.04317909,0,0,0,-35.7178,0.7245184,-0.4575462,-0.2057241,-0.6847947,-0.6990957,0,0,0,-35.31459,0.7034004,0.259594,-0.7559074,-0.6268777,-0.1887565,0,0,0,0.2959
1732482670231,-36.00473,1.582282,-0.1866875,-0.9967127,0.06853601,0.04321128,-2.705956,-0.6672174,-0.0377655,-35.72359,0.7273293,-0.4621391,-0.1032651,-0.6766967,-0.7289847,-0.4345894,0.2108127,-0.3444672,-35.3587,0.7020605,0.2551231,-0.7602388,-0.6184806,-0.1987941,-3.308487,-0.100489,-0.3353119,0.2959
1732482670236,-36.00473,1.582282,-0.1866875,-0.9967127,0.06853601,0.04321128,0,0,0,-35.72359,0.7273293,-0.4621391,-0.1032651,-0.6766967,-0.7289847,0,0,0,-35.3587,0.7020605,0.2551231,-0.7602388,-0.6184806,-0.1987941,0,0,0,0.2959
1732482670259,-36.04107,1.574915,-0.1857872,-0.9970174,0.06338832,0.04402697,-2.72541,-0.5524904,0.06752014,-35.73539,0.7282978,-0.4650536,-0.0240081,-0.6740996,-0.738251,-0.8843422,0.07263869,-0.2185822,-35.3936,0.6985767,0.2531548,-0.76639,-0.6100597,-0.2011818,-2.617264,-0.2612874,-0.1476288,0.2959
1732482670264,-36.04107,1.574915,-0.1857872,-0.9970174,0.06338832,0.04402697,0,0,0,-35.73539,0.7282978,-0.4650536,-0.0240081,-0.6740996,-0.738251,0,0,0,-35.3936,0.6985767,0.2531548,-0.76639,-0.6100597,-0.2011818,0,0,0,0.2959
1732482670287,-36.07728,1.569809,-0.1846046,-0.9971773,0.06028641,0.0447607,-2.715683,-0.3829658,0.08869171,-35.75571,0.7270813,-0.4669647,0.01807961,-0.6638791,-0.7476221,-1.524067,-0.09123534,-0.1433372,-35.4308,0.6940777,0.2529945,-0.7754643,-0.602659,-0.1883019,-2.789783,-0.3374219,-0.0120163,0.2959
1732482670292,-36.07728,1.569809,-0.1846046,-0.9971773,0.06028641,0.0447607,0,0,0,-35.75571,0.7270813,-0.4669647,0.01807961,-0.6638791,-0.7476221,0,0,0,-35.4308,0.6940777,0.2529945,-0.7754643,-0.602659,-0.1883019,0,0,0,0.2959
1732482670315,-36.11263,1.568163,-0.1836967,-0.9972301,0.06025217,0.04361415,-2.65131,-0.1234442,0.06809235,-35.78727,0.723863,-0.4678726,0.02720746,-0.6608742,-0.7500035,-2.36721,-0.241372,-0.06809235,-35.46697,0.6901181,0.2554016,-0.7801636,-0.6056074,-0.1567954,-2.713108,-0.2969742,0.1805305,0.2959
1732482670321,-36.11263,1.568163,-0.1836967,-0.9972301,0.06025217,0.04361415,0,0,0,-35.78727,0.723863,-0.4678726,0.02720746,-0.6608742,-0.7500035,0,0,0,-35.46697,0.6901181,0.2554016,-0.7801636,-0.6056074,-0.1567954,0,0,0,0.2959
1732482670343,-36.14933,1.569182,-0.1833038,-0.9978528,0.05273599,0.03884983,-2.752304,0.07641613,0.02946854,-35.8302,0.7192347,-0.4682617,0.01950586,-0.6572515,-0.7534192,-3.219509,-0.3471226,-0.02918243,-35.51167,0.6847856,0.2627029,-0.7736313,-0.6256088,-0.1005404,-3.352261,-0.3999352,0.5475998,0.2959
1732482670349,-36.14933,1.569182,-0.1833038,-0.9978528,0.05273599,0.03884983,0,0,0,-35.8302,0.7192347,-0.4682617,0.01950586,-0.6572515,-0.7534192,0,0,0,-35.51167,0.6847856,0.2627029,-0.7736313,-0.6256088,-0.1005404,0,0,0,0.2959
1732482670371,-36.18647,1.577353,-0.1828423,-0.9976851,0.05788312,0.03569621,-2.786064,0.6128758,0.03461838,-35.88814,0.715068,-0.4674149,-0.03168239,-0.6454527,-0.7631433,-4.345894,-0.3125042,0.06351471,-35.54808,0.6817695,0.2731438,-0.7585893,-0.6506436,-0.03472209,-2.73056,-0.2262041,0.783062,0.2959
1732482670376,-36.18647,1.577353,-0.1828423,-0.9976851,0.05788312,0.03569621,0,0,0,-35.88814,0.715068,-0.4674149,-0.03168239,-0.6454527,-0.7631433,0,0,0,-35.54808,0.6817695,0.2731438,-0.7585893,-0.6506436,-0.03472209,0,0,0,0.2959
1732482670382,-36.18647,1.577353,-0.1828423,-0.9976851,0.05788312,0.03569621,0,0,0,-35.88814,0.715068,-0.4674149,-0.03168239,-0.6454527,-0.7631433,0,0,0,-35.54808,0.6817695,0.2731438,-0.7585893,-0.6506436,-0.03472209,0,0,0,0.2959
1732482670399,-36.22288,1.583656,-0.1822395,-0.997563,0.06161457,0.03273708,-2.73056,0.4726857,0.04520416,-35.96236,0.7129605,-0.4644775,-0.0827312,-0.6272975,-0.7743735,-5.566406,-0.1580581,0.2202988,-35.59434,0.678036,0.2907715,-0.7185457,-0.694152,0.04295772,-3.469563,-0.2800182,1.322079,0.2959
1732482670404,-36.22288,1.583656,-0.1822395,-0.997563,0.06161457,0.03273708,0,0,0,-35.96236,0.7129605,-0.4644775,-0.0827312,-0.6272975,-0.7743735,0,0,0,-35.59434,0.678036,0.2907715,-0.7185457,-0.694152,0.04295772,0,0,0,0.2959
1732482670426,-36.25863,1.588163,-0.1810951,-0.9972094,0.06845574,0.02979165,-2.680779,0.3379941,0.08583069,-36.03264,0.7101896,-0.4592819,-0.1061082,-0.6220355,-0.7757666,-5.270863,-0.2078176,0.3896713,-35.6215,0.6746752,0.3027573,-0.6664613,-0.7400833,0.09003669,-2.037334,-0.2520561,0.8989334,0.2959
1732482670432,-36.25863,1.588163,-0.1810951,-0.9972094,0.06845574,0.02979165,0,0,0,-36.03264,0.7101896,-0.4592819,-0.1061082,-0.6220355,-0.7757666,0,0,0,-35.6215,0.6746752,0.3027573,-0.6664613,-0.7400833,0.09003669,0,0,0,0.2959
1732482670466,-36.29439,1.595737,-0.1795998,-0.9965298,0.07715878,0.03123569,-2.682495,0.5680829,0.1121521,-36.11215,0.7068518,-0.4508705,-0.1582482,-0.6407765,-0.7512417,-5.963516,-0.250335,0.6308556,-35.65248,0.6694415,0.3148308,-0.6310245,-0.7691731,0.1009014,-2.323723,-0.3925323,0.9055138,0.2959
1732482670471,-36.29439,1.595737,-0.1795998,-0.9965298,0.07715878,0.03123569,0,0,0,-36.11215,0.7068518,-0.4508705,-0.1582482,-0.6407765,-0.7512417,0,0,0,-35.65248,0.6694415,0.3148308,-0.6310245,-0.7691731,0.1009014,0,0,0,0.2959
1732482670506,-36.34703,1.603438,-0.178009,-0.995635,0.08685123,0.03417712,-3.947926,0.5775869,0.1193047,-36.2325,0.706511,-0.4340858,-0.3474876,-0.6335475,-0.6912818,-9.025955,-0.02556145,1.25885,-35.69483,0.6657472,0.319088,-0.6150414,-0.7873781,0.04195452,-3.176022,-0.2770722,0.3192902,0.2959
1732482670511,-36.34703,1.603438,-0.178009,-0.995635,0.08685123,0.03417712,0,0,0,-36.2325,0.706511,-0.4340858,-0.3474876,-0.6335475,-0.6912818,0,0,0,-35.69483,0.6657472,0.319088,-0.6150414,-0.7873781,0.04195452,0,0,0,0.2959
1732482670517,-36.34703,1.603438,-0.178009,-0.995635,0.08685123,0.03417712,0,0,0,-36.2325,0.706511,-0.4340858,-0.3474876,-0.6335475,-0.6912818,0,0,0,-35.69483,0.6657472,0.319088,-0.6150414,-0.7873781,0.04195452,0,0,0,0.2959
1732482670534,-36.39932,1.612178,-0.1750908,-0.9961863,0.08009619,0.03461146,-3.921604,0.6555051,0.2188683,-36.35728,0.7155515,-0.4115143,-0.5714765,-0.5712072,-0.5891837,-9.358692,0.6780356,1.692867,-35.74523,0.6677534,0.3169441,-0.610317,-0.7909636,0.04347378,-3.779697,0.1504675,-0.1607895,0.2959
1732482670540,-36.39932,1.612178,-0.1750908,-0.9961863,0.08009619,0.03461146,0,0,0,-36.35728,0.7155515,-0.4115143,-0.5714765,-0.5712072,-0.5891837,0,0,0,-35.74523,0.6677534,0.3169441,-0.610317,-0.7909636,0.04347378,0,0,0,0.2959
1732482670546,-36.39932,1.612178,-0.1750908,-0.9961863,0.08009619,0.03461146,0,0,0,-36.35728,0.7155515,-0.4115143,-0.5714765,-0.5712072,-0.5891837,0,0,0,-35.74523,0.6677534,0.3169441,-0.610317,-0.7909636,0.04347378,0,0,0,0.2959
1732482670562,-36.43363,1.613038,-0.1721001,-0.9961236,0.07834153,0.04001004,-2.573204,0.06451607,0.2243042,-36.44036,0.7240552,-0.3926888,-0.6702634,-0.5331032,-0.5162828,-6.231022,0.6377757,1.411915,-35.77784,0.6673905,0.3223953,-0.5964072,-0.7975211,0.09087998,-2.445602,-0.02721995,0.4088402,0.2919888
1732482670567,-36.43363,1.613038,-0.1721001,-0.9961236,0.07834153,0.04001004,0,0,0,-36.44036,0.7240552,-0.3926888,-0.6702634,-0.5331032,-0.5162828,0,0,0,-35.77784,0.6673905,0.3223953,-0.5964072,-0.7975211,0.09087998,0,0,0,0.2919888
1732482670589,-36.4683,1.612821,-0.1690369,-0.9962437,0.07302833,0.04653698,-2.600098,-0.01628995,0.2297401,-36.51906,0.7351624,-0.3732452,-0.7517067,-0.4972306,-0.4332423,-5.90229,0.8330405,1.458263,-35.80624,0.6672542,0.328949,-0.5803829,-0.8060094,0.1162099,-2.130032,-0.01021922,0.4915237,0.2891085
1732482670595,-36.4683,1.612821,-0.1690369,-0.9962437,0.07302833,0.04653698,0,0,0,-36.51906,0.7351624,-0.3732452,-0.7517067,-0.4972306,-0.4332423,0,0,0,-35.80624,0.6672542,0.328949,-0.5803829,-0.8060094,0.1162099,0,0,0,0.2891085
1732482670617,-36.50281,1.612992,-0.1661377,-0.9961162,0.06689617,0.05725068,-2.588367,0.01281202,0.2174377,-36.59707,0.7538975,-0.3490944,-0.8487722,-0.4287728,-0.3094188,-5.851078,1.405138,1.811314,-35.83896,0.6691036,0.3327713,-0.5783099,-0.8058322,0.1272504,-2.454185,0.1387015,0.2866745,0.288425
1732482670622,-36.50281,1.612992,-0.1661377,-0.9961162,0.06689617,0.05725068,0,0,0,-36.59707,0.7538975,-0.3490944,-0.8487722,-0.4287728,-0.3094188,0,0,0,-35.83896,0.6691036,0.3327713,-0.5783099,-0.8058322,0.1272504,0,0,0,0.288425
1732482670645,-36.53741,1.611652,-0.1637001,-0.9954737,0.06638198,0.06801295,-2.595234,-0.1004755,0.1828194,-36.66795,0.7724601,-0.327301,-0.9253319,-0.3469008,-0.1530402,-5.316067,1.392192,1.634502,-35.85824,0.6702047,0.3330078,-0.5783789,-0.8041565,0.1371514,-1.446247,0.08258522,0.01773834,0.288425
1732482670650,-36.53741,1.611652,-0.1637001,-0.9954737,0.06638198,0.06801295,0,0,0,-36.66795,0.7724601,-0.327301,-0.9253319,-0.3469008,-0.1530402,0,0,0,-35.85824,0.6702047,0.3330078,-0.5783789,-0.8041565,0.1371514,0,0,0,0.288425
1732482670673,-36.57153,1.607217,-0.1608467,-0.9946418,0.06908315,0.07691216,-2.558899,-0.3326654,0.2140045,-36.74214,0.7940275,-0.3093567,-0.955524,-0.2719325,-0.1141349,-5.563831,1.617555,1.345825,-35.89609,0.6706759,0.3321915,-0.580715,-0.7994766,0.1536472,-2.838707,0.0353381,-0.06122589,0.288425
1732482670679,-36.57153,1.607217,-0.1608467,-0.9946418,0.06908315,0.07691216,0,0,0,-36.74214,0.7940275,-0.3093567,-0.955524,-0.2719325,-0.1141349,0,0,0,-35.89609,0.6706759,0.3321915,-0.580715,-0.7994766,0.1536472,0,0,0,0.288425
1732482670701,-36.60532,1.600737,-0.1603165,-0.9939238,0.06994277,0.08499342,-2.534294,-0.4859716,0.03976822,-36.81401,0.815923,-0.3021431,-0.9740059,-0.199026,-0.1081738,-5.390453,1.64216,0.5410194,-35.92627,0.6692121,0.3303833,-0.5884879,-0.7907549,0.1684905,-2.263641,-0.1097828,-0.1356125,0.288425
1732482670707,-36.60532,1.600737,-0.1603165,-0.9939238,0.06994277,0.08499342,0,0,0,-36.81401,0.815923,-0.3021431,-0.9740059,-0.199026,-0.1081738,0,0,0,-35.92627,0.6692121,0.3303833,-0.5884879,-0.7907549,0.1684905,0,0,0,0.288425
1732482670730,-36.63956,1.593009,-0.1591339,-0.9933365,0.07135226,0.09050691,-2.568054,-0.5795807,0.08869171,-36.88118,0.8368718,-0.2892685,-0.9903793,-0.1099054,-0.08408451,-5.037689,1.571162,0.9655952,-35.9593,0.665536,0.328804,-0.5907658,-0.7843321,0.1892603,-2.47736,-0.2757043,-0.1184464,0.288425
1732482670735,-36.63956,1.593009,-0.1591339,-0.9933365,0.07135226,0.09050691,0,0,0,-36.88118,0.8368718,-0.2892685,-0.9903793,-0.1099054,-0.08408451,0,0,0,-35.9593,0.665536,0.328804,-0.5907658,-0.7843321,0.1892603,0,0,0,0.288425
1732482670758,-36.67422,1.583191,-0.1561317,-0.9924185,0.07988943,0.09339911,-2.599239,-0.7364094,0.2251625,-36.9441,0.8546512,-0.281208,-0.9964913,-0.03545642,-0.07581723,-4.719257,1.333451,0.6045341,-35.98675,0.6600478,0.3243484,-0.593092,-0.7769178,0.211284,-2.05822,-0.4116207,-0.3341675,0.288425
1732482670764,-36.67422,1.583191,-0.1561317,-0.9924185,0.07988943,0.09339911,0,0,0,-36.9441,0.8546512,-0.281208,-0.9964913,-0.03545642,-0.07581723,0,0,0,-35.98675,0.6600478,0.3243484,-0.593092,-0.7769178,0.211284,0,0,0,0.288425
1732482670769,-36.67422,1.583191,-0.1561317,-0.9924185,0.07988943,0.09339911,0,0,0,-36.9441,0.8546512,-0.281208,-0.9964913,-0.03545642,-0.07581723,0,0,0,-35.98675,0.6600478,0.3243484,-0.593092,-0.7769178,0.211284,0,0,0,0.288425
1732482670786,-36.70916,1.575045,-0.1531944,-0.9925776,0.07778418,0.09348512,-2.620983,-0.6108999,0.2202988,-37.00582,0.8708457,-0.279953,-0.991671,0.03593349,-0.1236851,-4.628849,1.214589,0.09412766,-36.02538,0.6519443,0.328701,-0.5992118,-0.7672967,0.2284763,-2.897358,-0.6077617,0.3264427,0.288425
1732482670792,-36.70916,1.575045,-0.1531944,-0.9925776,0.07778418,0.09348512,0,0,0,-37.00582,0.8708457,-0.279953,-0.991671,0.03593349,-0.1236851,0,0,0,-36.02538,0.6519443,0.328701,-0.5992118,-0.7672967,0.2284763,0,0,0,0.288425
1732482670814,-36.74432,1.568867,-0.1506729,-0.9926689,0.0784933,0.09191096,-2.637005,-0.4633874,0.1891136,-37.05864,0.8835344,-0.2780342,-0.9804215,0.102948,-0.1678551,-3.961372,0.9516567,0.1439095,-36.05294,0.6462339,0.3324738,-0.6023167,-0.759849,0.2446309,-2.067375,-0.4282773,0.2829552,0.288425
1732482670820,-36.74432,1.568867,-0.1506729,-0.9926689,0.0784933,0.09191096,0,0,0,-37.05864,0.8835344,-0.2780342,-0.9804215,0.102948,-0.1678551,0,0,0,-36.05294,0.6462339,0.3324738,-0.6023167,-0.759849,0.2446309,0,0,0,0.288425
1732482670841,-36.77978,1.565059,-0.1477013,-0.9926059,0.08319237,0.08838987,-2.659321,-0.2855927,0.2228737,-37.10527,0.8973077,-0.2775764,-0.9631722,0.1384736,-0.2304882,-3.497028,1.032995,0.03433228,-36.09096,0.6393685,0.339222,-0.5957663,-0.7628592,0.251214,-2.851009,-0.5149037,0.506115,0.288425
1732482670846,-36.77978,1.565059,-0.1477013,-0.9926059,0.08319237,0.08838987,0,0,0,-37.10527,0.8973077,-0.2775764,-0.9631722,0.1384736,-0.2304882,0,0,0,-36.09096,0.6393685,0.339222,-0.5957663,-0.7628592,0.251214,0,0,0,0.288425
1732482670870,-36.81587,1.564771,-0.1446419,-0.991743,0.09336545,0.08791482,-2.706528,-0.02160072,0.229454,-37.14408,0.9026422,-0.2810822,-0.9450925,0.1259216,-0.3015693,-2.911091,0.4000872,-0.262928,-36.12426,0.6336553,0.3448524,-0.5921751,-0.7672871,0.2461696,-2.497387,-0.4284918,0.422287,0.288425
1732482670875,-36.81587,1.564771,-0.1446419,-0.991743,0.09336545,0.08791482,0,0,0,-37.14408,0.9026422,-0.2810822,-0.9450925,0.1259216,-0.3015693,0,0,0,-36.12426,0.6336553,0.3448524,-0.5921751,-0.7672871,0.2461696,0,0,0,0.288425
1732482670898,-36.85258,1.574727,-0.1416779,-0.9926877,0.08539561,0.08531839,-2.753448,0.7466733,0.2223015,-37.175,0.9000115,-0.2854652,-0.9255184,0.08225492,-0.3696629,-2.318859,-0.1973033,-0.3287315,-36.16563,0.6306684,0.3500481,-0.6086696,-0.756182,0.2402303,-3.102779,-0.2240181,0.3896713,0.288425
1732482670903,-36.85258,1.574727,-0.1416779,-0.9926877,0.08539561,0.08531839,0,0,0,-37.175,0.9000115,-0.2854652,-0.9255184,0.08225492,-0.3696629,0,0,0,-36.16563,0.6306684,0.3500481,-0.6086696,-0.756182,0.2402303,0,0,0,0.288425
1732482670926,-36.88906,1.583137,-0.1386681,-0.9920143,0.09550849,0.08237749,-2.736282,0.6307483,0.2257347,-37.19689,0.8924609,-0.2899666,-0.9015834,0.02325365,-0.4319807,-1.641655,-0.5662948,-0.3376007,-36.19824,0.6332228,0.3532181,-0.6207352,-0.7502123,0.2277492,-2.445889,0.1915812,0.237751,0.288425
1732482670931,-36.88906,1.583137,-0.1386681,-0.9920143,0.09550849,0.08237749,0,0,0,-37.19689,0.8924609,-0.2899666,-0.9015834,0.02325365,-0.4319807,0,0,0,-36.19824,0.6332228,0.3532181,-0.6207352,-0.7502123,0.2277492,0,0,0,0.288425
1732482670954,-36.92488,1.587519,-0.13657,-0.9902882,0.1107669,0.08402467,-2.685928,0.3287047,0.1573563,-37.20801,0.87224,-0.2940826,-0.8853122,-0.1042561,-0.4531595,-0.8342743,-1.516566,-0.3087044,-36.24168,0.6397659,0.3564377,-0.607843,-0.7638498,0.216935,-3.258133,0.490728,0.2414703,0.288425
1732482670959,-36.92488,1.587519,-0.13657,-0.9902882,0.1107669,0.08402467,0,0,0,-37.20801,0.87224,-0.2940826,-0.8853122,-0.1042561,-0.4531595,0,0,0,-36.24168,0.6397659,0.3564377,-0.607843,-0.7638498,0.216935,0,0,0,0.288425
1732482670982,-36.96071,1.594096,-0.1351814,-0.9906737,0.1072943,0.08398718,-2.687645,0.4932851,0.1041412,-37.21607,0.8473826,-0.2924042,-0.8738351,-0.2281051,-0.429396,-0.6045341,-1.864305,0.125885,-36.27818,0.6458426,0.3562431,-0.6150205,-0.7670452,0.1827343,-2.737713,0.455752,-0.01459122,0.288425
1732482670987,-36.96071,1.594096,-0.1351814,-0.9906737,0.1072943,0.08398718,0,0,0,-37.21607,0.8473826,-0.2924042,-0.8738351,-0.2281051,-0.429396,0,0,0,-36.27818,0.6458426,0.3562431,-0.6150205,-0.7670452,0.1827343,0,0,0,0.288425
1732482671010,-36.99655,1.599819,-0.1338654,-0.9906287,0.1117932,0.0784685,-2.687645,0.4291713,0.09870529,-37.21656,0.8219848,-0.2915649,-0.8798882,-0.285108,-0.3801455,-0.0369072,-1.904838,0.0629425,-36.3173,0.6534405,0.3525352,-0.6548338,-0.747511,0.1114463,-2.933407,0.5698442,-0.2780914,0.288425
1732482671015,-36.99655,1.599819,-0.1338654,-0.9906287,0.1117932,0.0784685,0,0,0,-37.21656,0.8219848,-0.2915649,-0.8798882,-0.285108,-0.3801455,0,0,0,-36.3173,0.6534405,0.3525352,-0.6548338,-0.747511,0.1114463,0,0,0,0.288425
1732482671021,-36.99655,1.599819,-0.1338654,-0.9906287,0.1117932,0.0784685,0,0,0,-37.21656,0.8219848,-0.2915649,-0.8798882,-0.285108,-0.3801455,0,0,0,-36.3173,0.6534405,0.3525352,-0.6548338,-0.747511,0.1114463,0,0,0,0.288425
1732482671038,-37.0319,1.605452,-0.1324692,-0.9919086,0.1073617,0.06776112,-2.651596,0.4225016,0.1047134,-37.20431,0.7989827,-0.2943611,-0.9048904,-0.3030222,-0.2989173,0.9189606,-1.725152,-0.209713,-36.36902,0.6654162,0.3435326,-0.6671994,-0.7442974,0.02943879,-3.879547,0.8981824,-0.6752014,0.288425
1732482671043,-37.0319,1.605452,-0.1324692,-0.9919086,0.1073617,0.06776112,0,0,0,-37.20431,0.7989827,-0.2943611,-0.9048904,-0.3030222,-0.2989173,0,0,0,-36.36902,0.6654162,0.3435326,-0.6671994,-0.7442974,0.02943879,0,0,0,0.288425
1732482671065,-37.06781,1.611593,-0.1317215,-0.9925942,0.106992,0.05753052,-2.693367,0.4605711,0.05607605,-37.19312,0.7792969,-0.3024788,-0.894783,-0.357983,-0.266856,0.839138,-1.47644,-0.6088257,-36.40004,0.6712887,0.338913,-0.6654749,-0.7462914,-0.0138725,-2.326584,0.4404366,-0.3464699,0.288425
1732482671071,-37.06781,1.611593,-0.1317215,-0.9925942,0.106992,0.05753052,0,0,0,-37.19312,0.7792969,-0.3024788,-0.894783,-0.357983,-0.266856,0,0,0,-36.40004,0.6712887,0.338913,-0.6654749,-0.7462914,-0.0138725,0,0,0,0.288425
1732482671091,-37.10342,1.613114,-0.1303482,-0.9931924,0.1072807,0.0453853,-2.670193,0.1140475,0.1029968,-37.17813,0.7610075,-0.3152771,-0.8430102,-0.4391146,-0.3106645,1.124096,-1.3717,-0.9598732,-36.43676,0.6751031,0.3372345,-0.6646031,-0.7461883,-0.03881109,-2.753448,0.2860799,-0.125885,0.2858281
1732482671097,-37.10342,1.613114,-0.1303482,-0.9931924,0.1072807,0.0453853,0,0,0,-37.17813,0.7610075,-0.3152771,-0.8430102,-0.4391146,-0.3106645,0,0,0,-36.43676,0.6751031,0.3372345,-0.6646031,-0.7461883,-0.03881109,0,0,0,0.2858281
1732482671118,-37.13894,1.613056,-0.1289978,-0.9949238,0.09547289,0.0318107,-2.664471,-0.004336238,0.1012802,-37.16312,0.7475829,-0.3280869,-0.7485846,-0.5265572,-0.4029381,1.126385,-1.006852,-0.9607315,-36.47715,0.6799308,0.3395271,-0.6738889,-0.7369021,-0.05337989,-3.029251,0.3620759,0.1719475,0.2838175
1732482671124,-37.13894,1.613056,-0.1289978,-0.9949238,0.09547289,0.0318107,0,0,0,-37.16312,0.7475829,-0.3280869,-0.7485846,-0.5265572,-0.4029381,0,0,0,-36.47715,0.6799308,0.3395271,-0.6738889,-0.7369021,-0.05337989,0,0,0,0.2838175
1732482671146,-37.17424,1.613237,-0.1287651,-0.9963284,0.08291084,0.02135319,-2.647305,0.01356304,0.01745224,-37.14745,0.7379246,-0.3407936,-0.6494977,-0.6151903,-0.4468716,1.174736,-0.7243663,-0.9530067,-36.51234,0.6846238,0.3423653,-0.6875542,-0.7232949,-0.0641408,-2.63958,0.3519773,0.2128601,0.2837811
1732482671152,-37.17424,1.613237,-0.1287651,-0.9963284,0.08291084,0.02135319,0,0,0,-37.14745,0.7379246,-0.3407936,-0.6494977,-0.6151903,-0.4468716,0,0,0,-36.51234,0.6846238,0.3423653,-0.6875542,-0.7232949,-0.0641408,0,0,0,0.2837811
1732482671174,-37.20914,1.611369,-0.1277466,-0.9970309,0.07567896,0.01423573,-2.617836,-0.1400471,0.07638931,-37.13155,0.7310378,-0.3539314,-0.5403873,-0.6589858,-0.5231826,1.192474,-0.516513,-0.9853363,-36.55581,0.6898394,0.3481598,-0.6934482,-0.7178671,-0.06161869,-3.260422,0.3911644,0.4345894,0.2837811
1732482671180,-37.20914,1.611369,-0.1277466,-0.9970309,0.07567896,0.01423573,0,0,0,-37.13155,0.7310378,-0.3539314,-0.5403873,-0.6589858,-0.5231826,0,0,0,-36.55581,0.6898394,0.3481598,-0.6934482,-0.7178671,-0.06161869,0,0,0,0.2837811
1732482671202,-37.24425,1.606508,-0.1276169,-0.9972146,0.07399906,0.009359717,-2.632999,-0.3645837,0.009727478,-37.11579,0.7266608,-0.3669395,-0.4755306,-0.676046,-0.5628798,1.182175,-0.3282756,-0.9756088,-36.60443,0.6921307,0.353138,-0.6988015,-0.7112175,-0.07646036,-3.646088,0.1718491,0.3733635,0.2837811
1732482671207,-37.24425,1.606508,-0.1276169,-0.9972146,0.07399906,0.009359717,0,0,0,-37.11579,0.7266608,-0.3669395,-0.4755306,-0.676046,-0.5628798,0,0,0,-36.60443,0.6921307,0.353138,-0.6988015,-0.7112175,-0.07646036,0,0,0,0.2837811
1732482671229,-37.27921,1.600822,-0.1267548,-0.996854,0.07891347,0.007426381,-2.621555,-0.4264712,0.06465912,-37.10294,0.7231913,-0.3810577,-0.3836864,-0.6866898,-0.6174486,0.9638786,-0.26021,-1.058865,-36.63497,0.692562,0.3545799,-0.7101228,-0.6963864,-0.10379,-2.290821,0.03234744,0.1081467,0.2837811
1732482671235,-37.27921,1.600822,-0.1267548,-0.996854,0.07891347,0.007426381,0,0,0,-37.10294,0.7231913,-0.3810577,-0.3836864,-0.6866898,-0.6174486,0,0,0,-36.63497,0.692562,0.3545799,-0.7101228,-0.6963864,-0.10379,0,0,0,0.2837811
1732482671257,-37.31456,1.593951,-0.1261864,-0.9961979,0.08685663,0.006781042,-2.651596,-0.5153507,0.04262924,-37.09377,0.7222723,-0.3930588,-0.2795338,-0.6841516,-0.6736455,0.688076,-0.06892383,-0.9000778,-36.66866,0.6922119,0.3480606,-0.725338,-0.675548,-0.1323633,-2.526283,-0.02625883,-0.4889488,0.2837811
1732482671263,-37.31456,1.593951,-0.1261864,-0.9961979,0.08685663,0.006781042,0,0,0,-37.09377,0.7222723,-0.3930588,-0.2795338,-0.6841516,-0.6736455,0,0,0,-36.66866,0.6922119,0.3480606,-0.725338,-0.675548,-0.1323633,0,0,0,0.2837811
1732482671285,-37.35022,1.585795,-0.126133,-0.9952745,0.09699309,0.004635513,-2.67477,-0.6116688,0.004005432,-37.09027,0.7239139,-0.4023857,-0.1697636,-0.6767061,-0.7164142,0.2623558,0.1231179,-0.6995201,-36.7034,0.6902381,0.337101,-0.7365406,-0.6579407,-0.1569159,-2.605534,-0.1480311,-0.8219719,0.2837811
1732482671291,-37.35022,1.585795,-0.126133,-0.9952745,0.09699309,0.004635513,0,0,0,-37.09027,0.7239139,-0.4023857,-0.1697636,-0.6767061,-0.7164142,0,0,0,-36.7034,0.6902381,0.337101,-0.7365406,-0.6579407,-0.1569159,0,0,0,0.2837811
1732482671313,-37.3857,1.578053,-0.1258354,-0.9952663,0.09717946,0.001279771,-2.660751,-0.5806357,0.02231598,-37.09249,0.7264634,-0.409523,-0.07492812,-0.6691006,-0.7393855,-0.1665115,0.1912147,-0.5352974,-36.74155,0.6879896,0.3349228,-0.7446293,-0.6441351,-0.1749796,-2.861309,-0.1686394,-0.1633644,0.2837811
1732482671319,-37.3857,1.578053,-0.1258354,-0.9952663,0.09717946,0.001279771,0,0,0,-37.09249,0.7264634,-0.409523,-0.07492812,-0.6691006,-0.7393855,0,0,0,-36.74155,0.6879896,0.3349228,-0.7446293,-0.6441351,-0.1749796,0,0,0,0.2837811
1732482671340,-37.42212,1.571828,-0.1259727,-0.9957877,0.09165576,-0.002563596,-2.731705,-0.4669189,-0.01029968,-37.1032,0.7297157,-0.414875,-0.001092881,-0.6541089,-0.7564002,-0.8030891,0.2439201,-0.4014015,-36.78626,0.6833193,0.3330727,-0.7507825,-0.6344213,-0.1839457,-3.353405,-0.3502697,-0.1387596,0.2837811
1732482671347,-37.42212,1.571828,-0.1259727,-0.9957877,0.09165576,-0.002563596,0,0,0,-37.1032,0.7297157,-0.414875,-0.001092881,-0.6541089,-0.7564002,0,0,0,-36.78626,0.6833193,0.3330727,-0.7507825,-0.6344213,-0.1839457,0,0,0,0.2837811
1732482671356,-37.42212,1.571828,-0.1259727,-0.9957877,0.09165576,-0.002563596,0,0,0,-37.1032,0.7297157,-0.414875,-0.001092881,-0.6541089,-0.7564002,0,0,0,-36.78626,0.6833193,0.3330727,-0.7507825,-0.6344213,-0.1839457,0,0,0,0.2837811
1732482671380,-37.45881,1.569967,-0.1261139,-0.9963613,0.08516225,-0.003462791,-2.751732,-0.1395464,-0.01058578,-37.12741,0.7323368,-0.4181099,0.04317579,-0.6410902,-0.7662507,-1.815891,0.1965791,-0.2426147,-36.83709,0.6797606,0.3338394,-0.7620792,-0.6256323,-0.1667933,-3.812599,-0.2669066,0.05750656,0.2837811
1732482671386,-37.45881,1.569967,-0.1261139,-0.9963613,0.08516225,-0.003462791,0,0,0,-37.12741,0.7323368,-0.4181099,0.04317579,-0.6410902,-0.7662507,0,0,0,-36.83709,0.6797606,0.3338394,-0.7620792,-0.6256323,-0.1667933,0,0,0,0.2837811
1732482671408,-37.51423,1.56928,-0.1270599,-0.9965376,0.08269325,-0.008664012,-4.156208,-0.05152524,-0.07095337,-37.17247,0.7333332,-0.4213142,0.0924615,-0.6250383,-0.775099,-3.380013,0.07473528,-0.2403259,-36.87743,0.6774139,0.3374214,-0.7693269,-0.6272646,-0.121143,-3.025532,-0.1759976,0.2686501,0.2837811
1732482671413,-37.51423,1.56928,-0.1270599,-0.9965376,0.08269325,-0.008664012,0,0,0,-37.17247,0.7333332,-0.4213142,0.0924615,-0.6250383,-0.775099,0,0,0,-36.87743,0.6774139,0.3374214,-0.7693269,-0.6272646,-0.121143,0,0,0,0.2837811
1732482671446,-37.55197,1.579144,-0.1273346,-0.9970257,0.07600685,-0.01277304,-2.83041,0.7397801,-0.02059937,-37.22311,0.732318,-0.4212036,0.06471264,-0.6239442,-0.7787855,-3.797436,-0.07613897,0.008296967,-36.91365,0.6771128,0.343502,-0.763747,-0.642745,-0.05974686,-2.716541,-0.02258867,0.4560471,0.2837811
1732482671452,-37.55197,1.579144,-0.1273346,-0.9970257,0.07600685,-0.01277304,0,0,0,-37.22311,0.732318,-0.4212036,0.06471264,-0.6239442,-0.7787855,0,0,0,-36.91365,0.6771128,0.343502,-0.763747,-0.642745,-0.05974686,0,0,0,0.2837811
1732482671477,-37.60786,1.586102,-0.1280937,-0.9966787,0.07792502,-0.02366054,-4.191971,0.5218863,-0.05693436,-37.33025,0.7280917,-0.4192734,-0.03486121,-0.634132,-0.7724392,-8.035755,-0.316979,0.1447678,-36.96774,0.6770825,0.358429,-0.7105273,-0.7018293,0.05086452,-4.056072,-0.002266467,1.119518,0.2837811
1732482671483,-37.60786,1.586102,-0.1280937,-0.9966787,0.07792502,-0.02366054,0,0,0,-37.33025,0.7280917,-0.4192734,-0.03486121,-0.634132,-0.7724392,0,0,0,-36.96774,0.6770825,0.358429,-0.7105273,-0.7018293,0.05086452,0,0,0,0.2837811
1732482671488,-37.60786,1.586102,-0.1280937,-0.9966787,0.07792502,-0.02366054,0,0,0,-37.33025,0.7280917,-0.4192734,-0.03486121,-0.634132,-0.7724392,0,0,0,-36.96774,0.6770825,0.358429,-0.7105273,-0.7018293,0.05086452,0,0,0,0.2837811
1732482671506,-37.64331,1.593416,-0.1281815,-0.9970528,0.06915899,-0.03321207,-2.658463,0.5485296,-0.006580353,-37.41228,0.7222352,-0.4175491,-0.08175434,-0.6275532,-0.7742701,-6.152058,-0.4392341,0.1293182,-37.01261,0.6731855,0.3732071,-0.6622506,-0.7454164,0.07601762,-3.365421,-0.2922803,1.10836,0.2837811
1732482671512,-37.64331,1.593416,-0.1281815,-0.9970528,0.06915899,-0.03321207,0,0,0,-37.41228,0.7222352,-0.4175491,-0.08175434,-0.6275532,-0.7742701,0,0,0,-37.01261,0.6731855,0.3732071,-0.6622506,-0.7454164,0.07601762,0,0,0,0.2837811
1732482671517,-37.64331,1.593416,-0.1281815,-0.9970528,0.06915899,-0.03321207,0,0,0,-37.41228,0.7222352,-0.4175491,-0.08175434,-0.6275532,-0.7742701,0,0,0,-37.01261,0.6731855,0.3732071,-0.6622506,-0.7454164,0.07601762,0,0,0,0.2837811
1732482671533,-37.67965,1.599446,-0.1281662,-0.995981,0.08226924,-0.03541458,-2.72541,0.4522383,0.001144409,-37.48986,0.7202783,-0.414238,-0.1686294,-0.6180627,-0.7678304,-5.818748,-0.1467705,0.2483368,-37.04436,0.6708201,0.3815193,-0.6483983,-0.7594399,0.05321062,-2.381516,-0.1774013,0.6234169,0.2837811
1732482671538,-37.67965,1.599446,-0.1281662,-0.995981,0.08226924,-0.03541458,0,0,0,-37.48986,0.7202783,-0.414238,-0.1686294,-0.6180627,-0.7678304,0,0,0,-37.04436,0.6708201,0.3815193,-0.6483983,-0.7594399,0.05321062,0,0,0,0.2837811
1732482671561,-37.71524,1.605959,-0.1282845,-0.996329,0.07818189,-0.0348773,-2.669907,0.4884839,-0.008869171,-37.56928,0.7218113,-0.4087715,-0.2946799,-0.5983677,-0.745064,-5.956364,0.1149774,0.4099846,-37.07275,0.6708522,0.3827362,-0.6390021,-0.768985,0.01840454,-2.129173,0.002405047,0.09126663,0.2837811
1732482671566,-37.71524,1.605959,-0.1282845,-0.996329,0.07818189,-0.0348773,0,0,0,-37.56928,0.7218113,-0.4087715,-0.2946799,-0.5983677,-0.745064,0,0,0,-37.07275,0.6708522,0.3827362,-0.6390021,-0.768985,0.01840454,0,0,0,0.2837811
1732482671588,-37.75011,1.612456,-0.1270218,-0.9974256,0.06581692,-0.02847517,-2.614975,0.4872501,0.09469986,-37.6542,0.7280995,-0.3987579,-0.4367818,-0.5639813,-0.7008188,-6.369209,0.4716128,0.7510185,-37.10291,0.6722499,0.3786774,-0.619186,-0.7851027,-0.0149194,-2.261925,0.1048252,-0.3044128,0.2837811
1732482671594,-37.75011,1.612456,-0.1270218,-0.9974256,0.06581692,-0.02847517,0,0,0,-37.6542,0.7280995,-0.3987579,-0.4367818,-0.5639813,-0.7008188,0,0,0,-37.10291,0.6722499,0.3786774,-0.619186,-0.7851027,-0.0149194,0,0,0,0.2837811
1732482671629,-37.78445,1.6139,-0.1249123,-0.9980415,0.06017561,-0.01709342,-2.575779,0.1083165,0.1582146,-37.73874,0.7324244,-0.3845329,-0.5461921,-0.5393842,-0.6408899,-6.340599,0.3243729,1.066875,-37.13219,0.6692884,0.3768654,-0.605275,-0.7960069,0.00396055,-2.195835,-0.2221093,-0.1358986,0.2788252
1732482671634,-37.78445,1.6139,-0.1249123,-0.9980415,0.06017561,-0.01709342,0,0,0,-37.73874,0.7324244,-0.3845329,-0.5461921,-0.5393842,-0.6408899,0,0,0,-37.13219,0.6692884,0.3768654,-0.605275,-0.7960069,0.00396055,0,0,0,0.2788252
1732482671656,-37.83458,1.612453,-0.1213226,-0.9979488,0.06388628,0.004166961,-3.75967,-0.1085043,0.2692223,-37.86781,0.7422673,-0.3598328,-0.6907899,-0.4956056,-0.5264834,-9.679985,0.738211,1.852512,-37.17587,0.6675129,0.3802719,-0.5839132,-0.8114043,0.02586561,-3.276443,-0.1331627,0.2554893,0.2723519
1732482671662,-37.83458,1.612453,-0.1213226,-0.9979488,0.06388628,0.004166961,0,0,0,-37.86781,0.7422673,-0.3598328,-0.6907899,-0.4956056,-0.5264834,0,0,0,-37.17587,0.6675129,0.3802719,-0.5839132,-0.8114043,0.02586561,0,0,0,0.2723519
1732482671668,-37.83458,1.612453,-0.1213226,-0.9979488,0.06388628,0.004166961,0,0,0,-37.86781,0.7422673,-0.3598328,-0.6907899,-0.4956056,-0.5264834,0,0,0,-37.17587,0.6675129,0.3802719,-0.5839132,-0.8114043,0.02586561,0,0,0,0.2723519
1732482671686,-37.86794,1.612777,-0.1173019,-0.99805,0.05899304,0.02039903,-2.501678,0.02429187,0.3015518,-37.95629,0.7593189,-0.3373947,-0.8033006,-0.4437875,-0.3971919,-6.636143,1.278877,1.682854,-37.21166,0.6703076,0.3800201,-0.5842868,-0.8110706,0.02781975,-2.684212,0.2096057,-0.01888275,0.2719362
1732482671691,-37.86794,1.612777,-0.1173019,-0.99805,0.05899304,0.02039903,0,0,0,-37.95629,0.7593189,-0.3373947,-0.8033006,-0.4437875,-0.3971919,0,0,0,-37.21166,0.6703076,0.3800201,-0.5842868,-0.8110706,0.02781975,0,0,0,0.2719362
1732482671697,-37.86794,1.612777,-0.1173019,-0.99805,0.05899304,0.02039903,0,0,0,-37.95629,0.7593189,-0.3373947,-0.8033006,-0.4437875,-0.3971919,0,0,0,-37.21166,0.6703076,0.3800201,-0.5842868,-0.8110706,0.02781975,0,0,0,0.2719362
1732482671713,-37.9011,1.611468,-0.112236,-0.9977372,0.05751564,0.03482586,-2.487087,-0.09820461,0.3799438,-38.03741,0.7772344,-0.3096581,-0.9080168,-0.3415357,-0.2426096,-6.084251,1.343657,2.08025,-37.23895,0.6724502,0.3777122,-0.5851489,-0.8094789,0.04842657,-2.046776,0.1606911,-0.1730919,0.2719362
1732482671719,-37.9011,1.611468,-0.112236,-0.9977372,0.05751564,0.03482586,0,0,0,-38.03741,0.7772344,-0.3096581,-0.9080168,-0.3415357,-0.2426096,0,0,0,-37.23895,0.6724502,0.3777122,-0.5851489,-0.8094789,0.04842657,0,0,0,0.2719362
1732482671741,-37.93448,1.607671,-0.1107407,-0.9972696,0.0553641,0.04887146,-2.503395,-0.2847433,0.1121521,-38.11478,0.7946538,-0.2845345,-0.9548439,-0.2564944,-0.1499481,-5.802727,1.306459,1.88427,-37.25959,0.6723815,0.3733368,-0.5813951,-0.8105147,0.07103711,-1.5481,-0.005149841,-0.3281593,0.2719362
1732482671769,-37.96762,1.602964,-0.1086159,-0.9965754,0.05408843,0.06254959,-2.485943,-0.3530592,0.159359,-38.17221,0.8160236,-0.2761612,-0.9770885,-0.1684391,-0.1301029,-4.306698,1.602736,0.6279945,-37.28193,0.6711646,0.3700867,-0.5764738,-0.8111627,0.09845549,-1.675415,-0.09126663,-0.2437592,0.2719362
1732482671775,-37.96762,1.602964,-0.1086159,-0.9965754,0.05408843,0.06254959,0,0,0,-38.17221,0.8160236,-0.2761612,-0.9770885,-0.1684391,-0.1301029,0,0,0,-37.28193,0.6711646,0.3700867,-0.5764738,-0.8111627,0.09845549,0,0,0,0.2719362
1732482671797,-38.00101,1.595868,-0.1071777,-0.9952644,0.05921875,0.07708657,-2.503681,-0.5321771,0.1078606,-38.23809,0.8375879,-0.2630882,-0.9876726,-0.07908854,-0.135087,-4.941559,1.617318,0.9804726,-37.31409,0.6665847,0.3655434,-0.5761421,-0.8068408,0.1306461,-2.411842,-0.3434926,-0.3407478,0.2719362
1732482671803,-38.00101,1.595868,-0.1071777,-0.9952644,0.05921875,0.07708657,0,0,0,-38.23809,0.8375879,-0.2630882,-0.9876726,-0.07908854,-0.135087,0,0,0,-37.31409,0.6665847,0.3655434,-0.5761421,-0.8068408,0.1306461,0,0,0,0.2719362
1732482671809,-38.00101,1.595868,-0.1071777,-0.9952644,0.05921875,0.07708657,0,0,0,-38.23809,0.8375879,-0.2630882,-0.9876726,-0.07908854,-0.135087,0,0,0,-37.31409,0.6665847,0.3655434,-0.5761421,-0.8068408,0.1306461,0,0,0,0.2719362
1732482671825,-38.03454,1.58738,-0.1042709,-0.9940885,0.06230716,0.08891767,-2.515125,-0.6365955,0.2180099,-38.29893,0.8559756,-0.2551079,-0.9917507,-0.00442192,-0.1281072,-4.562759,1.37908,0.598526,-37.34129,0.6610183,0.3622246,-0.5803034,-0.8009788,0.1472449,-2.039623,-0.4174814,-0.248909,0.2719362
1732482671831,-38.03454,1.58738,-0.1042709,-0.9940885,0.06230716,0.08891767,0,0,0,-38.29893,0.8559756,-0.2551079,-0.9917507,-0.00442192,-0.1281072,0,0,0,-37.34129,0.6610183,0.3622246,-0.5803034,-0.8009788,0.1472449,0,0,0,0.2719362
1732482671853,-38.06809,1.580542,-0.1012611,-0.9932088,0.05763922,0.1010661,-2.515984,-0.5128473,0.2257347,-38.35687,0.8717476,-0.2484207,-0.987794,0.05985057,-0.1438098,-4.345608,1.182894,0.5015373,-37.36912,0.6543611,0.3596306,-0.586567,-0.7938354,0.1605145,-2.087402,-0.4992932,-0.1945496,0.2719362
1732482671859,-38.06809,1.580542,-0.1012611,-0.9932088,0.05763922,0.1010661,0,0,0,-38.35687,0.8717476,-0.2484207,-0.987794,0.05985057,-0.1438098,0,0,0,-37.36912,0.6543611,0.3596306,-0.586567,-0.7938354,0.1605145,0,0,0,0.2719362
1732482671881,-38.10183,1.575576,-0.09865952,-0.9919825,0.05582076,0.1133802,-2.530289,-0.3724784,0.1951218,-38.40885,0.8849127,-0.2440376,-0.9769571,0.1168455,-0.1786126,-3.89843,0.9873882,0.3287315,-37.40165,0.6478264,0.3611145,-0.5969124,-0.783815,0.1712602,-2.440166,-0.4900977,0.1112938,0.2719362
1732482671887,-38.10183,1.575576,-0.09865952,-0.9919825,0.05582076,0.1133802,0,0,0,-38.40885,0.8849127,-0.2440376,-0.9769571,0.1168455,-0.1786126,0,0,0,-37.40165,0.6478264,0.3611145,-0.5969124,-0.783815,0.1712602,0,0,0,0.2719362
1732482671910,-38.13532,1.573108,-0.09582901,-0.9902405,0.05796687,0.1267437,-2.511978,-0.1850992,0.2122879,-38.45514,0.8981746,-0.2427979,-0.961629,0.147622,-0.2312533,-3.471565,0.9946391,0.09298325,-37.43299,0.6431257,0.363945,-0.6002535,-0.7801946,0.176047,-2.350044,-0.3525585,0.2122879,0.2719362
1732482671916,-38.13532,1.573108,-0.09582901,-0.9902405,0.05796687,0.1267437,0,0,0,-38.45514,0.8981746,-0.2427979,-0.961629,0.147622,-0.2312533,0,0,0,-37.43299,0.6431257,0.363945,-0.6002535,-0.7801946,0.176047,0,0,0,0.2719362
1732482671939,-38.16953,1.573105,-0.09242249,-0.987529,0.07015147,0.1409446,-2.565479,-0.0001877546,0.2554893,-38.49425,0.9041011,-0.2436333,-0.9407232,0.1441053,-0.3070399,-2.933407,0.4444912,-0.0626564,-37.47002,0.6385849,0.3644714,-0.6025769,-0.7762516,0.1852971,-2.777481,-0.3405601,0.03948212,0.2719362
1732482671944,-38.16953,1.573105,-0.09242249,-0.987529,0.07015147,0.1409446,0,0,0,-38.49425,0.9041011,-0.2436333,-0.9407232,0.1441053,-0.3070399,0,0,0,-37.47002,0.6385849,0.3644714,-0.6025769,-0.7762516,0.1852971,0,0,0,0.2719362
1732482671967,-38.20333,1.580803,-0.09104919,-0.9864404,0.05923876,0.1530569,-2.535152,0.5773276,0.1029968,-38.5254,0.9053721,-0.2458992,-0.9209678,0.1208325,-0.3704302,-2.336025,0.09532571,-0.1699448,-37.49921,0.6382046,0.358078,-0.6161637,-0.7617475,0.2002087,-2.189255,-0.02852082,-0.4795074,0.2719362
1732482671973,-38.20333,1.580803,-0.09104919,-0.9864404,0.05923876,0.1530569,0,0,0,-38.5254,0.9053721,-0.2458992,-0.9209678,0.1208325,-0.3704302,0,0,0,-37.49921,0.6382046,0.358078,-0.6161637,-0.7617475,0.2002087,0,0,0,0.2719362
1732482671996,-38.23788,1.590001,-0.08705902,-0.9840293,0.05993105,0.1676162,-2.591515,0.6898642,0.299263,-38.54744,0.9000594,-0.2490196,-0.9069598,0.06895182,-0.4155364,-1.653385,-0.3984556,-0.2340317,-37.52864,0.6426153,0.3480301,-0.6196989,-0.7571267,0.2067186,-2.206993,0.3308058,-0.7535934,0.2719362
1732482672005,-38.23788,1.590001,-0.08705902,-0.9840293,0.05993105,0.1676162,0,0,0,-38.54744,0.9000594,-0.2490196,-0.9069598,0.06895182,-0.4155364,0,0,0,-37.52864,0.6426153,0.3480301,-0.6196989,-0.7571267,0.2067186,0,0,0,0.2719362
1732482672024,-38.27169,1.593597,-0.08353424,-0.9788018,0.08296251,0.1872558,-2.535439,0.2696872,0.2643585,-38.55931,0.8836778,-0.2515411,-0.8983995,-0.02396902,-0.4385256,-0.8900642,-1.228622,-0.1891136,-37.56113,0.6495862,0.3394279,-0.6089666,-0.7705237,0.1882906,-2.436733,0.5228162,-0.6451607,0.2719362
1732482672030,-38.27169,1.593597,-0.08353424,-0.9788018,0.08296251,0.1872558,0,0,0,-38.55931,0.8836778,-0.2515411,-0.8983995,-0.02396902,-0.4385256,0,0,0,-37.56113,0.6495862,0.3394279,-0.6089666,-0.7705237,0.1882906,0,0,0,0.2719362
1732482672035,-38.27169,1.593597,-0.08353424,-0.9788018,0.08296251,0.1872558,0,0,0,-38.55931,0.8836778,-0.2515411,-0.8983995,-0.02396902,-0.4385256,0,0,0,-37.56113,0.6495862,0.3394279,-0.6089666,-0.7705237,0.1882906,0,0,0,0.2719362
1732482672051,-38.30519,1.599923,-0.08120728,-0.9776324,0.0780683,0.1952956,-2.513123,0.4744291,0.1745224,-38.56753,0.8642576,-0.2514992,-0.9016563,-0.1130467,-0.4174169,-0.6165504,-1.456515,0.003147125,-37.5888,0.6549942,0.3281326,-0.6147068,-0.7725731,0.1589548,-2.075672,0.4056036,-0.8471489,0.2719362
1732482672057,-38.30519,1.599923,-0.08120728,-0.9776324,0.0780683,0.1952956,0,0,0,-38.56753,0.8642576,-0.2514992,-0.9016563,-0.1130467,-0.4174169,0,0,0,-37.5888,0.6549942,0.3281326,-0.6147068,-0.7725731,0.1589548,0,0,0,0.2719362
1732482672079,-38.33912,1.606842,-0.07908249,-0.9763082,0.09492463,0.1944529,-2.544594,0.5189627,0.159359,-38.57188,0.8442072,-0.2502937,-0.9090797,-0.165098,-0.3825141,-0.3258705,-1.503776,0.09040833,-37.61344,0.6614138,0.3144531,-0.654116,-0.7472569,0.1172168,-1.847649,0.4814699,-1.025963,0.2719362
1732482672085,-38.33912,1.606842,-0.07908249,-0.9763082,0.09492463,0.1944529,0,0,0,-38.57188,0.8442072,-0.2502937,-0.9090797,-0.165098,-0.3825141,0,0,0,-37.61344,0.6614138,0.3144531,-0.654116,-0.7472569,0.1172168,0,0,0,0.2719362
1732482672107,-38.37214,1.612771,-0.0770874,-0.9762918,0.1029635,0.1904028,-2.476501,0.4447013,0.1496315,-38.56663,0.8232595,-0.2540436,-0.9151132,-0.2116424,-0.3431854,0.3933907,-1.571077,-0.2812386,-37.64847,0.6710442,0.3048058,-0.6702803,-0.7398037,0.05843854,-2.627277,0.7222787,-0.7235527,0.2719362
1732482672113,-38.37214,1.612771,-0.0770874,-0.9762918,0.1029635,0.1904028,0,0,0,-38.56663,0.8232595,-0.2540436,-0.9151132,-0.2116424,-0.3431854,0,0,0,-37.64847,0.6710442,0.3048058,-0.6702803,-0.7398037,0.05843854,0,0,0,0.2719362
1732482672136,-38.4056,1.614226,-0.0748291,-0.97616,0.104936,0.1900008,-2.509117,0.1091123,0.1693726,-38.55449,0.7989969,-0.2609253,-0.9078931,-0.2765782,-0.3150162,0.9103775,-1.8197,-0.5161285,-37.68908,0.6748732,0.2967453,-0.6755943,-0.7366943,0.02922308,-3.046131,0.2871752,-0.6045341,0.2663673
1732482672141,-38.4056,1.614226,-0.0748291,-0.97616,0.104936,0.1900008,0,0,0,-38.55449,0.7989969,-0.2609253,-0.9078931,-0.2765782,-0.3150162,0,0,0,-37.68908,0.6748732,0.2967453,-0.6755943,-0.7366943,0.02922308,0,0,0,0.2663673
1732482672164,-38.43826,1.613508,-0.07170868,-0.9765205,0.1052372,0.1879702,-2.449608,-0.05389452,0.2340317,-38.54089,0.7769792,-0.2711868,-0.8699663,-0.3654471,-0.3310702,1.019955,-1.651324,-0.7696152,-37.72091,0.6762747,0.293541,-0.6806623,-0.7324765,0.01332551,-2.386951,0.1051068,-0.2403259,0.2603385
1732482672170,-38.43826,1.613508,-0.07170868,-0.9765205,0.1052372,0.1879702,0,0,0,-38.54089,0.7769792,-0.2711868,-0.8699663,-0.3654471,-0.3310702,0,0,0,-37.72091,0.6762747,0.293541,-0.6806623,-0.7324765,0.01332551,0,0,0,0.2603385
1732482672193,-38.4712,1.613283,-0.06968689,-0.9768985,0.1052158,0.1860088,-2.470493,-0.01686215,0.1516342,-38.52612,0.7593213,-0.2823715,-0.8021982,-0.4514177,-0.3907692,1.108074,-1.324345,-0.8388519,-37.75026,0.6786437,0.2917328,-0.6888167,-0.7249333,-0.001856565,-2.201557,0.1776785,-0.1356125,0.2563472
1732482672198,-38.4712,1.613283,-0.06968689,-0.9768985,0.1052158,0.1860088,0,0,0,-38.52612,0.7593213,-0.2823715,-0.8021982,-0.4514177,-0.3907692,0,0,0,-37.75026,0.6786437,0.2917328,-0.6888167,-0.7249333,-0.001856565,0,0,0,0.2563472
1732482672221,-38.50382,1.613128,-0.06851196,-0.9770148,0.1076013,0.1840223,-2.446461,-0.01164079,0.08811951,-38.50851,0.7464186,-0.2940331,-0.7181401,-0.5333792,-0.4469694,1.320648,-0.9677008,-0.8746147,-37.78971,0.684074,0.2905731,-0.6986427,-0.7154525,-0.005175233,-2.95887,0.4072756,-0.0869751,0.254457
1732482672226,-38.50382,1.613128,-0.06851196,-0.9770148,0.1076013,0.1840223,0,0,0,-38.50851,0.7464186,-0.2940331,-0.7181401,-0.5333792,-0.4469694,0,0,0,-37.78971,0.684074,0.2905731,-0.6986427,-0.7154525,-0.005175233,0,0,0,0.254457
1732482672248,-38.53609,1.612642,-0.06739807,-0.9768502,0.1105655,0.1831371,-2.420425,-0.03643334,0.08354187,-38.49117,0.7369211,-0.3057442,-0.6271502,-0.6002337,-0.4963894,1.300335,-0.7123142,-0.878334,-37.826,0.6901323,0.2900238,-0.7047819,-0.7091818,-0.01855004,-2.721691,0.4543707,-0.04119873,0.254457
1732482672254,-38.53609,1.612642,-0.06739807,-0.9768502,0.1105655,0.1831371,0,0,0,-38.49117,0.7369211,-0.3057442,-0.6271502,-0.6002337,-0.4963894,0,0,0,-37.826,0.6901323,0.2900238,-0.7047819,-0.7091818,-0.01855004,0,0,0,0.254457
1732482672276,-38.56921,1.609353,-0.06614304,-0.9757915,0.1172404,0.1846243,-2.484226,-0.2466381,0.09412766,-38.47411,0.7291609,-0.317646,-0.5618836,-0.6394748,-0.524747,1.279449,-0.5820125,-0.8926392,-37.86031,0.692892,0.2886086,-0.714668,-0.6981479,-0.04289436,-2.572918,0.2069727,-0.106144,0.254457
1732482672282,-38.56921,1.609353,-0.06614304,-0.9757915,0.1172404,0.1846243,0,0,0,-38.47411,0.7291609,-0.317646,-0.5618836,-0.6394748,-0.524747,0,0,0,-37.86031,0.692892,0.2886086,-0.714668,-0.6981479,-0.04289436,0,0,0,0.254457
1732482672304,-38.60287,1.605009,-0.06465149,-0.9747505,0.1248715,0.1851181,-2.524281,-0.3258169,0.111866,-38.45992,0.7237427,-0.3308754,-0.4755969,-0.6562945,-0.5857353,1.064301,-0.4063636,-0.9922028,-37.89738,0.6946107,0.2846794,-0.7288337,-0.680259,-0.07777882,-2.780342,0.1289025,-0.2946854,0.254457
1732482672310,-38.60287,1.605009,-0.06465149,-0.9747505,0.1248715,0.1851181,0,0,0,-38.45992,0.7237427,-0.3308754,-0.4755969,-0.6562945,-0.5857353,0,0,0,-37.89738,0.6946107,0.2846794,-0.7288337,-0.680259,-0.07777882,0,0,0,0.254457
1732482672315,-38.60287,1.605009,-0.06465149,-0.9747505,0.1248715,0.1851181,0,0,0,-38.45992,0.7237427,-0.3308754,-0.4755969,-0.6562945,-0.5857353,0,0,0,-37.89738,0.6946107,0.2846794,-0.7288337,-0.680259,-0.07777882,0,0,0,0.254457
1732482672332,-38.63674,1.599993,-0.06333542,-0.9735802,0.1333763,0.1853442,-2.540302,-0.3762245,0.09870529,-38.44947,0.722154,-0.3424873,-0.3815594,-0.6583395,-0.648847,0.7836342,-0.1191527,-0.8708954,-37.93734,0.6950855,0.2791557,-0.744367,-0.6591844,-0.1067438,-2.997208,0.03561527,-0.4142761,0.254457
1732482672338,-38.63674,1.599993,-0.06333542,-0.9735802,0.1333763,0.1853442,0,0,0,-38.44947,0.722154,-0.3424873,-0.3815594,-0.6583395,-0.648847,0,0,0,-37.93734,0.6950855,0.2791557,-0.744367,-0.6591844,-0.1067438,0,0,0,0.254457
1732482672360,-38.67045,1.593606,-0.05953598,-0.9714562,0.1450604,0.1876975,-2.528286,-0.4790246,0.2849579,-38.44239,0.7228413,-0.3511772,-0.2808891,-0.657008,-0.6996014,0.5310059,0.05154312,-0.651741,-37.96494,0.6950999,0.2775421,-0.7567603,-0.6411164,-0.1276091,-2.069664,0.001081824,-0.1210213,0.254457
1732482672366,-38.67045,1.593606,-0.05953598,-0.9714562,0.1450604,0.1876975,0,0,0,-38.44239,0.7228413,-0.3511772,-0.2808891,-0.657008,-0.6996014,0,0,0,-37.96494,0.6950999,0.2775421,-0.7567603,-0.6411164,-0.1276091,0,0,0,0.254457
1732482672386,-38.70481,1.587016,-0.05701065,-0.9705085,0.1453129,0.1923484,-2.576923,-0.4942417,0.1893997,-38.44316,0.7269875,-0.3562775,-0.1845972,-0.6598404,-0.7283788,-0.05750656,0.3109664,-0.3825188,-38.00251,0.6934056,0.2742043,-0.7631534,-0.6311166,-0.1388851,-2.818108,-0.1270786,-0.2503395,0.254457
1732482672392,-38.70481,1.587016,-0.05701065,-0.9705085,0.1453129,0.1923484,0,0,0,-38.44316,0.7269875,-0.3562775,-0.1845972,-0.6598404,-0.7283788,0,0,0,-38.00251,0.6934056,0.2742043,-0.7631534,-0.6311166,-0.1388851,0,0,0,0.254457
1732482672414,-38.73944,1.581036,-0.05538559,-0.9701174,0.1427035,0.1962352,-2.596951,-0.4484832,0.1218796,-38.44962,0.7300851,-0.3605804,-0.0926934,-0.6566261,-0.7484992,-0.4846573,0.232324,-0.3227234,-38.03741,0.6907226,0.2702789,-0.7713279,-0.6205047,-0.1415193,-2.616978,-0.2012193,-0.2943993,0.254457
1732482672419,-38.73944,1.581036,-0.05538559,-0.9701174,0.1427035,0.1962352,0,0,0,-38.44962,0.7300851,-0.3605804,-0.0926934,-0.6566261,-0.7484992,0,0,0,-38.03741,0.6907226,0.2702789,-0.7713279,-0.6205047,-0.1415193,0,0,0,0.254457
1732482672442,-38.77432,1.576823,-0.05358887,-0.9704421,0.1330962,0.2013159,-2.616405,-0.3159821,0.1347542,-38.46418,0.7323787,-0.3635406,-0.03268996,-0.647005,-0.761785,-1.092052,0.172019,-0.2220154,-38.06974,0.6884643,0.268528,-0.780249,-0.6118415,-0.1298531,-2.424717,-0.1693726,-0.131321,0.254457
1732482672448,-38.77432,1.576823,-0.05358887,-0.9704421,0.1330962,0.2013159,0,0,0,-38.46418,0.7323787,-0.3635406,-0.03268996,-0.647005,-0.761785,0,0,0,-38.06974,0.6884643,0.268528,-0.780249,-0.6118415,-0.1298531,0,0,0,0.254457
1732482672470,-38.81007,1.575859,-0.05316925,-0.9697446,0.132713,0.2048978,-2.681351,-0.07231236,0.03147125,-38.48877,0.7336487,-0.3655243,-0.01098853,-0.6398325,-0.7684363,-1.843929,0.09524524,-0.1487732,-38.10287,0.6862602,0.2678757,-0.7859899,-0.6092491,-0.1050513,-2.485371,-0.165309,-0.04892349,0.254457
1732482672476,-38.81007,1.575859,-0.05316925,-0.9697446,0.132713,0.2048978,0,0,0,-38.48877,0.7336487,-0.3655243,-0.01098853,-0.6398325,-0.7684363,0,0,0,-38.10287,0.6862602,0.2678757,-0.7859899,-0.6092491,-0.1050513,0,0,0,0.254457
1732482672498,-38.84648,1.579786,-0.05160904,-0.9701404,0.1260462,0.2072201,-2.730274,0.2945513,0.1170158,-38.52895,0.7326826,-0.3668785,-0.02286078,-0.6367891,-0.7706995,-3.013515,-0.07245094,-0.1015663,-38.14524,0.6842179,0.2721596,-0.7790683,-0.6233993,-0.06653059,-3.177452,-0.153172,0.3212929,0.254457
1732482672504,-38.84648,1.579786,-0.05160904,-0.9701404,0.1260462,0.2072201,0,0,0,-38.52895,0.7326826,-0.3668785,-0.02286078,-0.6367891,-0.7706995,0,0,0,-38.14524,0.6842179,0.2721596,-0.7790683,-0.6233993,-0.06653059,0,0,0,0.254457
1732482672526,-38.88227,1.583294,-0.05075073,-0.9677474,0.1377838,0.2109046,-2.684212,0.2630621,0.06437302,-38.58163,0.7320825,-0.3670807,-0.07518916,-0.6254968,-0.7765956,-3.951073,-0.04501194,-0.01516342,-38.1796,0.683504,0.2790451,-0.766002,-0.642602,-0.0174365,-2.577209,-0.05354136,0.5164146,0.254457
1732482672532,-38.88227,1.583294,-0.05075073,-0.9677474,0.1377838,0.2109046,0,0,0,-38.58163,0.7320825,-0.3670807,-0.07518916,-0.6254968,-0.7765956,0,0,0,-38.1796,0.683504,0.2790451,-0.766002,-0.642602,-0.0174365,0,0,0,0.254457
1732482672554,-38.91685,1.589151,-0.0508194,-0.9693788,0.1203112,0.2140802,-2.593803,0.4392833,-0.005149841,-38.64367,0.7303053,-0.3670578,-0.1114468,-0.6171684,-0.7788988,-4.652596,-0.1332879,0.001716614,-38.21371,0.6815279,0.2870865,-0.7342359,-0.6777706,0.0390566,-2.558327,-0.1482144,0.6031036,0.254457
1732482672560,-38.91685,1.589151,-0.0508194,-0.9693788,0.1203112,0.2140802,0,0,0,-38.64367,0.7303053,-0.3670578,-0.1114468,-0.6171684,-0.7788988,0,0,0,-38.21371,0.6815279,0.2870865,-0.7342359,-0.6777706,0.0390566,0,0,0,0.254457
1732482672582,-38.95099,1.592067,-0.05092239,-0.9683557,0.1302757,0.2128745,-2.560616,0.2187431,-0.007724762,-38.71056,0.7268508,-0.3650131,-0.1384783,-0.6128908,-0.777939,-5.017376,-0.259088,0.1533508,-38.24658,0.6782625,0.2951736,-0.6946314,-0.7142944,0.08527082,-2.465057,-0.2448991,0.6065369,0.254457
1732482672587,-38.95099,1.592067,-0.05092239,-0.9683557,0.1302757,0.2128745,0,0,0,-38.71056,0.7268508,-0.3650131,-0.1384783,-0.6128908,-0.777939,0,0,0,-38.24658,0.6782625,0.2951736,-0.6946314,-0.7142944,0.08527082,0,0,0,0.254457
1732482672610,-38.98491,1.598348,-0.05073166,-0.9694543,0.1237449,0.2117682,-2.543449,0.4710764,0.01430511,-38.7827,0.7225115,-0.362278,-0.2100715,-0.6090555,-0.7648022,-5.410194,-0.3254458,0.2051353,-38.27608,0.6743681,0.302887,-0.6689315,-0.7365068,0.1004428,-2.212715,-0.2920836,0.5784988,0.254457
1732482672615,-38.98491,1.598348,-0.05073166,-0.9694543,0.1237449,0.2117682,0,0,0,-38.7827,0.7225115,-0.362278,-0.2100715,-0.6090555,-0.7648022,0,0,0,-38.27608,0.6743681,0.302887,-0.6689315,-0.7365068,0.1004428,0,0,0,0.254457
1732482672637,-39.01725,1.603413,-0.05088806,-0.969479,0.123584,0.2117488,-2.425575,0.3798813,-0.01173019,-38.85953,0.7212943,-0.3588028,-0.3202269,-0.5889389,-0.7420286,-5.762386,-0.09129345,0.2606392,-38.30394,0.6724304,0.3064613,-0.6572507,-0.7485071,0.08808589,-2.088833,-0.1453266,0.2680779,0.254457
1732482672643,-39.01725,1.603413,-0.05088806,-0.969479,0.123584,0.2117488,0,0,0,-38.85953,0.7212943,-0.3588028,-0.3202269,-0.5889389,-0.7420286,0,0,0,-38.30394,0.6724304,0.3064613,-0.6572507,-0.7485071,0.08808589,0,0,0,0.254457
1732482672648,-39.01725,1.603413,-0.05088806,-0.969479,0.123584,0.2117488,0,0,0,-38.85953,0.7212943,-0.3588028,-0.3202269,-0.5889389,-0.7420286,0,0,0,-38.30394,0.6724304,0.3064613,-0.6572507,-0.7485071,0.08808589,0,0,0,0.254457
1732482672665,-39.05048,1.609481,-0.05037308,-0.9698654,0.1189497,0.2126322,-2.492523,0.4550546,0.03862381,-38.9428,0.7257003,-0.3528824,-0.4442453,-0.5539833,-0.7040946,-6.245041,0.3304482,0.4440308,-38.33856,0.6720487,0.3066521,-0.6446328,-0.7611642,0.07126033,-2.596664,-0.02862811,0.01430511,0.254457
1732482672671,-39.05048,1.609481,-0.05037308,-0.9698654,0.1189497,0.2126322,0,0,0,-38.9428,0.7257003,-0.3528824,-0.4442453,-0.5539833,-0.7040946,0,0,0,-38.33856,0.6720487,0.3066521,-0.6446328,-0.7611642,0.07126033,0,0,0,0.254457
1732482672693,-39.08261,1.613943,-0.05010223,-0.970142,0.1127692,0.2147275,-2.409554,0.3346324,0.02031326,-39.02308,0.731012,-0.3455772,-0.5521719,-0.5072337,-0.6616802,-6.020737,0.3983796,0.5478859,-38.3563,0.6710389,0.3060989,-0.6264089,-0.7763369,0.07009673,-1.330662,-0.07573664,-0.04148483,0.2529352
1732482672698,-39.08261,1.613943,-0.05010223,-0.970142,0.1127692,0.2147275,0,0,0,-39.02308,0.731012,-0.3455772,-0.5521719,-0.5072337,-0.6616802,0,0,0,-38.3563,0.6710389,0.3060989,-0.6264089,-0.7763369,0.07009673,0,0,0,0.2529352
1732482672720,-39.11437,1.613392,-0.04995346,-0.9694772,0.1132722,0.217448,-2.382374,-0.04130602,0.01115799,-39.10646,0.737711,-0.3345108,-0.656979,-0.4475021,-0.6067296,-6.25391,0.5024269,0.8299828,-38.38385,0.6671667,0.3068771,-0.6085479,-0.7885994,0.08820903,-2.065945,-0.2904117,0.05836487,0.247257
1732482672726,-39.11437,1.613392,-0.04995346,-0.9694772,0.1132722,0.217448,0,0,0,-39.10646,0.737711,-0.3345108,-0.656979,-0.4475021,-0.6067296,0,0,0,-38.38385,0.6671667,0.3068771,-0.6085479,-0.7885994,0.08820903,0,0,0,0.247257
1732482672748,-39.14615,1.613054,-0.0500145,-0.9680972,0.1187036,0.2206752,-2.383518,-0.02534688,-0.004577637,-39.19049,0.7521395,-0.3185806,-0.7603366,-0.3822471,-0.5251439,-6.302261,1.082137,1.194763,-38.41516,0.6663248,0.3095894,-0.5968603,-0.7962193,0.0989573,-2.348614,-0.06314367,0.2034187,0.2438543
1732482672754,-39.14615,1.613054,-0.0500145,-0.9680972,0.1187036,0.2206752,0,0,0,-39.19049,0.7521395,-0.3185806,-0.7603366,-0.3822471,-0.5251439,0,0,0,-38.41516,0.6663248,0.3095894,-0.5968603,-0.7962193,0.0989573,0,0,0,0.2438543
1732482672776,-39.1775,1.613151,-0.05063629,-0.9669138,0.1198605,0.2251918,-2.351189,0.007250905,-0.04663467,-39.26932,0.7723384,-0.2978973,-0.8927552,-0.2898285,-0.3449464,-5.912018,1.514916,1.551247,-38.4464,0.6674227,0.3098183,-0.5963858,-0.7961065,0.1026581,-2.342606,0.08233935,0.01716614,0.2425909
1732482672782,-39.1775,1.613151,-0.05063629,-0.9669138,0.1198605,0.2251918,0,0,0,-39.26932,0.7723384,-0.2978973,-0.8927552,-0.2898285,-0.3449464,0,0,0,-38.4464,0.6674227,0.3098183,-0.5963858,-0.7961065,0.1026581,0,0,0,0.2425909
1732482672804,-39.2094,1.612683,-0.0512619,-0.9651198,0.1235936,0.2308003,-2.392101,-0.03506541,-0.04692078,-39.34301,0.7946455,-0.2800941,-0.9712623,-0.1817187,-0.1537142,-5.526638,1.673037,1.335239,-38.47618,0.6689976,0.3087234,-0.5982369,-0.7922654,0.1201181,-2.233601,0.1181245,-0.08211136,0.2425909
1732482672810,-39.2094,1.612683,-0.0512619,-0.9651198,0.1235936,0.2308003,0,0,0,-39.34301,0.7946455,-0.2800941,-0.9712623,-0.1817187,-0.1537142,0,0,0,-38.47618,0.6689976,0.3087234,-0.5982369,-0.7922654,0.1201181,0,0,0,0.2425909
1732482672832,-39.24019,1.609406,-0.05258179,-0.9627394,0.1309464,0.2366138,-2.309704,-0.2457619,-0.09899139,-39.4175,0.8195965,-0.268959,-0.9850338,-0.1007615,-0.1398432,-5.587006,1.871324,0.8351326,-38.50547,0.669359,0.3072929,-0.5957338,-0.7907812,0.1405929,-2.197266,0.02710372,-0.1072884,0.2425909
1732482672838,-39.24019,1.609406,-0.05258179,-0.9627394,0.1309464,0.2366138,0,0,0,-39.4175,0.8195965,-0.268959,-0.9850338,-0.1007615,-0.1398432,0,0,0,-38.50547,0.669359,0.3072929,-0.5957338,-0.7907812,0.1405929,0,0,0,0.2425909
1732482672860,-39.27186,1.603688,-0.05379486,-0.9616172,0.1305083,0.2413718,-2.374935,-0.4288673,-0.09098053,-39.48727,0.8438453,-0.2602119,-0.9741405,-0.02755263,-0.2242572,-5.232525,1.818658,0.6560326,-38.53532,0.6672571,0.306118,-0.5895045,-0.7914006,0.1617712,-2.238464,-0.1576468,-0.08811951,0.2425909
1732482672865,-39.27186,1.603688,-0.05379486,-0.9616172,0.1305083,0.2413718,0,0,0,-39.48727,0.8438453,-0.2602119,-0.9741405,-0.02755263,-0.2242572,0,0,0,-38.53532,0.6672571,0.306118,-0.5895045,-0.7914006,0.1617712,0,0,0,0.2425909
1732482672887,-39.30412,1.597159,-0.05483627,-0.9607812,0.1318308,0.2439688,-2.419567,-0.4897088,-0.07810593,-39.54922,0.8652825,-0.2320862,-0.9761789,0.03591532,-0.2139752,-4.646587,1.607792,2.109432,-38.56344,0.6634536,0.3057823,-0.5873898,-0.7881861,0.1836739,-2.109146,-0.2852619,-0.025177,0.2425909
1732482672893,-39.30412,1.597159,-0.05483627,-0.9607812,0.1318308,0.2439688,0,0,0,-39.54922,0.8652825,-0.2320862,-0.9761789,0.03591532,-0.2139752,0,0,0,-38.56344,0.6634536,0.3057823,-0.5873898,-0.7881861,0.1836739,0,0,0,0.2425909
1732482672915,-39.33683,1.588501,-0.05538559,-0.9603778,0.1374734,0.2424375,-2.453041,-0.6492823,-0.04119873,-39.60343,0.8833819,-0.2251244,-0.9803068,0.09937549,-0.1706572,-4.065514,1.357453,0.5221367,-38.59486,0.6580299,0.3067284,-0.5890483,-0.7841311,0.1953478,-2.356625,-0.4067749,0.07095337,0.2425909
1732482672921,-39.33683,1.588501,-0.05538559,-0.9603778,0.1374734,0.2424375,0,0,0,-39.60343,0.8833819,-0.2251244,-0.9803068,0.09937549,-0.1706572,0,0,0,-38.59486,0.6580299,0.3067284,-0.5890483,-0.7841311,0.1953478,0,0,0,0.2425909
1732482672943,-39.36978,1.581116,-0.05607605,-0.9605569,0.1379441,0.2414581,-2.471352,-0.5539209,-0.05178452,-39.65762,0.896369,-0.2233009,-0.9733421,0.1620994,-0.1622629,-4.064083,0.9740308,0.1367569,-38.6296,0.6504189,0.3076744,-0.5975755,-0.7771379,0.1973833,-2.605534,-0.5708277,0.07095337,0.2425909
1732482672948,-39.36978,1.581116,-0.05607605,-0.9605569,0.1379441,0.2414581,0,0,0,-39.65762,0.896369,-0.2233009,-0.9733421,0.1620994,-0.1622629,0,0,0,-38.6296,0.6504189,0.3076744,-0.5975755,-0.7771379,0.1973833,0,0,0,0.2425909
1732482672971,-39.403,1.575422,-0.05673599,-0.9615219,0.1362526,0.2385607,-2.491951,-0.4270613,-0.0494957,-39.70977,0.9076883,-0.218483,-0.9555303,0.2143961,-0.2024767,-3.911877,0.8489504,0.3613472,-38.66314,0.6432351,0.3087158,-0.6019022,-0.7719355,0.2045231,-2.515411,-0.5387798,0.07810593,0.2425909
1732482672976,-39.403,1.575422,-0.05673599,-0.9615219,0.1362526,0.2385607,0,0,0,-39.70977,0.9076883,-0.218483,-0.9555303,0.2143961,-0.2024767,0,0,0,-38.66314,0.6432351,0.3087158,-0.6019022,-0.7719355,0.2045231,0,0,0,0.2425909
1732482672998,-39.43693,1.57181,-0.05662918,-0.9623348,0.1363349,0.2352127,-2.544594,-0.2708763,0.008010864,-39.75312,0.9143513,-0.2178612,-0.9410791,0.2255003,-0.2520319,-3.25098,0.4997268,0.04663467,-38.69962,0.6363404,0.3115463,-0.5995093,-0.7722769,0.210184,-2.735424,-0.5171075,0.2122879,0.2425909
1732482673004,-39.43693,1.57181,-0.05662918,-0.9623348,0.1363349,0.2352127,0,0,0,-39.75312,0.9143513,-0.2178612,-0.9410791,0.2255003,-0.2520319,0,0,0,-38.69962,0.6363404,0.3115463,-0.5995093,-0.7722769,0.210184,0,0,0,0.2425909
1732482673009,-39.43693,1.57181,-0.05662918,-0.9623348,0.1363349,0.2352127,0,0,0,-39.75312,0.9143513,-0.2178612,-0.9410791,0.2255003,-0.2520319,0,0,0,-38.69962,0.6363404,0.3115463,-0.5995093,-0.7722769,0.210184,0,0,0,0.2425909
1732482673026,-39.47103,1.570574,-0.05605316,-0.9606674,0.1468422,0.2357023,-2.557182,-0.09272397,0.04320145,-39.78843,0.9134695,-0.2220039,-0.93288,0.2003115,-0.2993512,-2.647877,-0.0661388,-0.3107071,-38.73865,0.6310141,0.315258,-0.600211,-0.7691469,0.2194539,-2.927399,-0.3994703,0.2783775,0.2425909
1732482673032,-39.47103,1.570574,-0.05605316,-0.9606674,0.1468422,0.2357023,0,0,0,-39.78843,0.9134695,-0.2220039,-0.93288,0.2003115,-0.2993512,0,0,0,-38.73865,0.6310141,0.315258,-0.600211,-0.7691469,0.2194539,0,0,0,0.2425909
1732482673054,-39.50586,1.572988,-0.05529022,-0.9625356,0.1331181,0.2362309,-2.612686,0.1810402,0.05722046,-39.81962,0.9090462,-0.2253609,-0.9263824,0.1718119,-0.3351076,-2.339458,-0.3317446,-0.25177,-38.76358,0.6291029,0.3172569,-0.6048281,-0.7636505,0.2258786,-1.869678,-0.1433372,0.1499176,0.2425909
1732482673059,-39.50586,1.572988,-0.05529022,-0.9625356,0.1331181,0.2362309,0,0,0,-39.81962,0.9090462,-0.2253609,-0.9263824,0.1718119,-0.3351076,0,0,0,-38.76358,0.6291029,0.3172569,-0.6048281,-0.7636505,0.2258786,0,0,0,0.2425909
1732482673082,-39.54052,1.575156,-0.05450439,-0.9609771,0.1513484,0.2315537,-2.599525,0.1626581,0.05893707,-39.84105,0.8969519,-0.2302628,-0.9239841,0.1380517,-0.3566447,-1.607609,-0.9070784,-0.3676414,-38.80219,0.6303434,0.3206711,-0.6120942,-0.754934,0.2354053,-2.895641,0.09303242,0.2560616,0.2425909
1732482673087,-39.54052,1.575156,-0.05450439,-0.9609771,0.1513484,0.2315537,0,0,0,-39.84105,0.8969519,-0.2302628,-0.9239841,0.1380517,-0.3566447,0,0,0,-38.80219,0.6303434,0.3206711,-0.6120942,-0.754934,0.2354053,0,0,0,0.2425909
1732482673110,-39.57486,1.582169,-0.05407333,-0.9639786,0.131769,0.2310461,-2.575493,0.5259544,0.03232956,-39.85696,0.8790154,-0.23592,-0.9264613,0.08289477,-0.3671486,-1.193047,-1.345235,-0.4242897,-38.8393,0.6332804,0.3237801,-0.605291,-0.7640926,0.2231273,-2.783775,0.2202764,0.2331734,0.2425909
1732482673115,-39.57486,1.582169,-0.05407333,-0.9639786,0.131769,0.2310461,0,0,0,-39.85696,0.8790154,-0.23592,-0.9264613,0.08289477,-0.3671486,0,0,0,-38.8393,0.6332804,0.3237801,-0.605291,-0.7640926,0.2231273,0,0,0,0.2425909
1732482673137,-39.61041,1.583987,-0.05342102,-0.9614031,0.1524482,0.2290504,-2.665901,0.1363099,0.04892349,-39.86419,0.8570471,-0.2415924,-0.9314522,-0.001559556,-0.3638608,-0.5421638,-1.647623,-0.4254341,-38.87484,0.6369567,0.3247681,-0.6062404,-0.7697279,0.1999795,-2.665615,0.2757221,0.07410049,0.2425909
1732482673143,-39.61041,1.583987,-0.05342102,-0.9614031,0.1524482,0.2290504,0,0,0,-39.86419,0.8570471,-0.2415924,-0.9314522,-0.001559556,-0.3638608,0,0,0,-38.87484,0.6369567,0.3247681,-0.6062404,-0.7697279,0.1999795,0,0,0,0.2425909
1732482673165,-39.64619,1.589061,-0.05350113,-0.9613406,0.1532426,0.2287827,-2.683353,0.3805876,-0.006008148,-39.86662,0.8339307,-0.2471733,-0.9299545,-0.08981377,-0.356537,-0.1825333,-1.733726,-0.4185677,-38.90876,0.6405089,0.3225174,-0.6227948,-0.7662792,0.1579345,-2.543449,0.2664149,-0.1688004,0.2425909
1732482673170,-39.64619,1.589061,-0.05350113,-0.9613406,0.1532426,0.2287827,0,0,0,-39.86662,0.8339307,-0.2471733,-0.9299545,-0.08981377,-0.356537,0,0,0,-38.90876,0.6405089,0.3225174,-0.6227948,-0.7662792,0.1579345,0,0,0,0.2425909
1732482673193,-39.68223,1.59392,-0.0538063,-0.9607743,0.1622451,0.2249215,-2.703381,0.3644049,-0.02288818,-39.86107,0.8103303,-0.2537766,-0.9252883,-0.1683069,-0.3398751,0.4165649,-1.77003,-0.4952431,-38.94987,0.6462233,0.3166275,-0.6494303,-0.7526455,0.1084676,-3.083611,0.4285812,-0.4417419,0.2425909
1732482673198,-39.68223,1.59392,-0.0538063,-0.9607743,0.1622451,0.2249215,0,0,0,-39.86107,0.8103303,-0.2537766,-0.9252883,-0.1683069,-0.3398751,0,0,0,-38.94987,0.6462233,0.3166275,-0.6494303,-0.7526455,0.1084676,0,0,0,0.2425909
1732482673221,-39.71825,1.598858,-0.05477142,-0.9627085,0.1531359,0.2230296,-2.701092,0.3703594,-0.07238388,-39.85025,0.7892509,-0.2621689,-0.9097214,-0.2504191,-0.3312067,0.8116722,-1.580961,-0.629425,-38.98625,0.6523502,0.3097725,-0.66436,-0.7450816,0.05898839,-2.728558,0.459516,-0.5141258,0.2425909
1732482673226,-39.71825,1.598858,-0.05477142,-0.9627085,0.1531359,0.2230296,0,0,0,-39.85025,0.7892509,-0.2621689,-0.9097214,-0.2504191,-0.3312067,0,0,0,-38.98625,0.6523502,0.3097725,-0.66436,-0.7450816,0.05898839,0,0,0,0.2425909
1732482673248,-39.75447,1.605172,-0.05653381,-0.9625379,0.1504376,0.2255869,-2.716827,0.4735351,-0.1321793,-39.83518,0.7704388,-0.2727318,-0.8736216,-0.3436572,-0.3445072,1.129818,-1.410905,-0.7922173,-39.02443,0.6600073,0.2994537,-0.6765298,-0.7363243,0.01159865,-2.863026,0.5742833,-0.7739067,0.2425909
1732482673254,-39.75447,1.605172,-0.05653381,-0.9625379,0.1504376,0.2255869,0,0,0,-39.83518,0.7704388,-0.2727318,-0.8736216,-0.3436572,-0.3445072,0,0,0,-39.02443,0.6600073,0.2994537,-0.6765298,-0.7363243,0.01159865,0,0,0,0.2425909
1732482673276,-39.79018,1.607429,-0.05743408,-0.9625798,0.1474134,0.2273976,-2.678204,0.1692832,-0.06752014,-39.81589,0.756694,-0.2844276,-0.8071623,-0.4484246,-0.3839333,1.447105,-1.030862,-0.8771896,-39.06342,0.6684009,0.2875595,-0.6862451,-0.7264379,-0.03682721,-2.924252,0.6295189,-0.892067,0.2425909
1732482673282,-39.79018,1.607429,-0.05743408,-0.9625798,0.1474134,0.2273976,0,0,0,-39.81589,0.756694,-0.2844276,-0.8071623,-0.4484246,-0.3839333,0,0,0,-39.06342,0.6684009,0.2875595,-0.6862451,-0.7264379,-0.03682721,0,0,0,0.2425909
1732482673304,-39.82637,1.607736,-0.05880356,-0.9628772,0.1472153,0.2262639,-2.714539,0.02305806,-0.1027107,-39.79625,0.7442631,-0.2968292,-0.7130082,-0.5453495,-0.440697,1.472855,-0.932318,-0.9301186,-39.09676,0.6752037,0.2770081,-0.6908358,-0.719251,-0.07364953,-2.500534,0.5102098,-0.7913589,0.2425909
1732482673309,-39.82637,1.607736,-0.05880356,-0.9628772,0.1472153,0.2262639,0,0,0,-39.79625,0.7442631,-0.2968292,-0.7130082,-0.5453495,-0.440697,0,0,0,-39.09676,0.6752037,0.2770081,-0.6908358,-0.719251,-0.07364953,0,0,0,0.2425909
1732482673314,-39.82637,1.607736,-0.05880356,-0.9628772,0.1472153,0.2262639,0,0,0,-39.79625,0.7442631,-0.2968292,-0.7130082,-0.5453495,-0.440697,0,0,0,-39.09676,0.6752037,0.2770081,-0.6908358,-0.719251,-0.07364953,0,0,0,0.2425909
1732482673332,-39.86236,1.604706,-0.06016541,-0.9634132,0.1480684,0.2234081,-2.699089,-0.2272815,-0.1021385,-39.77693,0.7349256,-0.3092308,-0.6084137,-0.6211201,-0.4940071,1.448822,-0.7003069,-0.9301186,-39.14108,0.6817158,0.2659111,-0.7007653,-0.7060001,-0.1024307,-3.324509,0.4884124,-0.8322716,0.2425909
1732482673337,-39.86236,1.604706,-0.06016541,-0.9634132,0.1480684,0.2234081,0,0,0,-39.77693,0.7349256,-0.3092308,-0.6084137,-0.6211201,-0.4940071,0,0,0,-39.14108,0.6817158,0.2659111,-0.7007653,-0.7060001,-0.1024307,0,0,0,0.2425909
1732482673360,-39.89846,1.601319,-0.06156158,-0.9639334,0.1477644,0.2213556,-2.707672,-0.2540052,-0.1047134,-39.76025,0.7278829,-0.3210907,-0.5112324,-0.6653605,-0.5440012,1.251411,-0.528203,-0.889492,-39.17336,0.6852021,0.2589569,-0.7145913,-0.6845599,-0.1440058,-2.420712,0.2614707,-0.5215645,0.2425909
1732482673365,-39.89846,1.601319,-0.06156158,-0.9639334,0.1477644,0.2213556,0,0,0,-39.76025,0.7278829,-0.3210907,-0.5112324,-0.6653605,-0.5440012,0,0,0,-39.17336,0.6852021,0.2589569,-0.7145913,-0.6845599,-0.1440058,0,0,0,0.2425909
1732482673387,-39.93493,1.596886,-0.06277466,-0.963774,0.1532274,0.2183147,-2.735138,-0.3324687,-0.09098053,-39.74603,0.7243569,-0.3331833,-0.4134186,-0.6925446,-0.5911584,1.066589,-0.2644479,-0.9069443,-39.21177,0.688798,0.2505035,-0.7331049,-0.6532493,-0.1892697,-2.880764,0.2696872,-0.6340027,0.2425909
1732482673393,-39.93493,1.596886,-0.06277466,-0.963774,0.1532274,0.2183147,0,0,0,-39.74603,0.7243569,-0.3331833,-0.4134186,-0.6925446,-0.5911584,0,0,0,-39.21177,0.688798,0.2505035,-0.7331049,-0.6532493,-0.1892697,0,0,0,0.2425909
1732482673415,-39.97163,1.590508,-0.063694,-0.96373,0.1569183,0.2158735,-2.752304,-0.4783809,-0.06895065,-39.73596,0.7257025,-0.3419228,-0.3136081,-0.6708533,-0.6720164,0.755024,0.1009181,-0.6554604,-39.24805,0.6913312,0.2433052,-0.746062,-0.6266565,-0.2251519,-2.720833,0.1899943,-0.539875,0.2425909
1732482673421,-39.97163,1.590508,-0.063694,-0.96373,0.1569183,0.2158735,0,0,0,-39.73596,0.7257025,-0.3419228,-0.3136081,-0.6708533,-0.6720164,0,0,0,-39.24805,0.6913312,0.2433052,-0.746062,-0.6266565,-0.2251519,0,0,0,0.2425909
1732482673443,-40.00869,1.583892,-0.06463623,-0.9635507,0.15919,0.2150093,-2.77977,-0.4961461,-0.07066727,-39.73154,0.7304975,-0.3479919,-0.1905501,-0.6749451,-0.7128398,0.3310204,0.3596216,-0.4551888,-39.28988,0.6924729,0.2364388,-0.750419,-0.6142613,-0.2440389,-3.137112,0.08562952,-0.5149841,0.2425909
1732482673448,-40.00869,1.583892,-0.06463623,-0.9635507,0.15919,0.2150093,0,0,0,-39.73154,0.7304975,-0.3479919,-0.1905501,-0.6749451,-0.7128398,0,0,0,-39.28988,0.6924729,0.2364388,-0.750419,-0.6142613,-0.2440389,0,0,0,0.2425909
1732482673471,-40.04572,1.575504,-0.06575775,-0.9652915,0.1549568,0.2102405,-2.776909,-0.62913,-0.08411407,-39.73491,0.7359836,-0.3508949,-0.08152567,-0.679289,-0.7293289,-0.2526283,0.4114598,-0.2177238,-39.33165,0.6906632,0.232151,-0.7566208,-0.6042482,-0.249819,-3.133392,-0.1357287,-0.321579,0.2425909
1732482673476,-40.04572,1.575504,-0.06575775,-0.9652915,0.1549568,0.2102405,0,0,0,-39.73491,0.7359836,-0.3508949,-0.08152567,-0.679289,-0.7293289,0,0,0,-39.33165,0.6906632,0.232151,-0.7566208,-0.6042482,-0.249819,0,0,0,0.2425909
1732482673498,-40.08271,1.567654,-0.06653214,-0.9671393,0.1436595,0.2097701,-2.774048,-0.588727,-0.05807877,-39.74519,0.739174,-0.3520164,-0.01054049,-0.6818092,-0.7314545,-0.7707596,0.2392799,-0.08411407,-39.36824,0.6881481,0.230999,-0.765549,-0.5926625,-0.2503718,-2.743721,-0.1886308,-0.08640289,0.2425909
1732482673504,-40.08271,1.567654,-0.06653214,-0.9671393,0.1436595,0.2097701,0,0,0,-39.74519,0.739174,-0.3520164,-0.01054049,-0.6818092,-0.7314545,0,0,0,-39.36824,0.6881481,0.230999,-0.765549,-0.5926625,-0.2503718,0,0,0,0.2425909
1732482673526,-40.12001,1.563264,-0.0672493,-0.9678831,0.1321399,0.2138729,-2.797508,-0.3292769,-0.05378723,-39.76482,0.740082,-0.352356,0.01913175,-0.6926528,-0.721018,-1.471996,0.06809682,-0.0254631,-39.40711,0.685154,0.2299118,-0.776641,-0.5805975,-0.2444096,-2.915382,-0.2245635,-0.08153915,0.2425909
1732482673532,-40.12001,1.563264,-0.0672493,-0.9678831,0.1321399,0.2138729,0,0,0,-39.76482,0.740082,-0.352356,0.01913175,-0.6926528,-0.721018,0,0,0,-39.40711,0.685154,0.2299118,-0.776641,-0.5805975,-0.2444096,0,0,0,0.2425909
1732482673554,-40.15726,1.560885,-0.07019424,-0.9667768,0.1373482,0.215588,-2.793789,-0.1784295,-0.220871,-39.79613,0.7392439,-0.3526306,0.01387468,-0.7055914,-0.7084832,-2.348328,-0.06285757,-0.02059937,-39.44619,0.6826663,0.228405,-0.7869619,-0.5770538,-0.2184035,-2.931404,-0.1865745,-0.1130104,0.2425909
1732482673559,-40.15726,1.560885,-0.07019424,-0.9667768,0.1373482,0.215588,0,0,0,-39.79613,0.7392439,-0.3526306,0.01387468,-0.7055914,-0.7084832,0,0,0,-39.44619,0.6826663,0.228405,-0.7869619,-0.5770538,-0.2184035,0,0,0,0.2425909
1732482673582,-40.19453,1.56294,-0.07346344,-0.9693634,0.1194506,0.2146307,-2.795506,0.1541018,-0.2451897,-39.83984,0.7359324,-0.3525848,-0.02055755,-0.7230999,-0.6904382,-3.278732,-0.2483636,0.003433228,-39.48309,0.6800581,0.2286186,-0.7872454,-0.5915672,-0.1740503,-2.767467,-0.1956135,0.01602173,0.2425909
1732482673587,-40.19453,1.56294,-0.07346344,-0.9693634,0.1194506,0.2146307,0,0,0,-39.83984,0.7359324,-0.3525848,-0.02055755,-0.7230999,-0.6904382,0,0,0,-39.48309,0.6800581,0.2286186,-0.7872454,-0.5915672,-0.1740503,0,0,0,0.2425909
1732482673609,-40.23152,1.56767,-0.07613754,-0.9681034,0.1301382,0.2141036,-2.774334,0.3547668,-0.2005577,-39.90082,0.732095,-0.3531876,-0.08938348,-0.7276878,-0.6800603,-4.573345,-0.287801,-0.04520416,-39.56264,0.6777289,0.2393188,-0.7762758,-0.6229233,-0.09676194,-5.966091,-0.1746923,0.8025169,0.2425909
1732482673615,-40.23152,1.56767,-0.07613754,-0.9681034,0.1301382,0.2141036,0,0,0,-39.90082,0.732095,-0.3531876,-0.08938348,-0.7276878,-0.6800603,0,0,0,-39.56264,0.6777289,0.2393188,-0.7762758,-0.6229233,-0.09676194,0,0,0,0.2425909
1732482673620,-40.23152,1.56767,-0.07613754,-0.9681034,0.1301382,0.2141036,0,0,0,-39.90082,0.732095,-0.3531876,-0.08938348,-0.7276878,-0.6800603,0,0,0,-39.56264,0.6777289,0.2393188,-0.7762758,-0.6229233,-0.09676194,0,0,0,0.2425909
1732482673637,-40.26743,1.569518,-0.0831604,-0.9681397,0.131895,0.2128603,-2.693081,0.1385808,-0.5267143,-39.97286,0.7267596,-0.3549309,-0.112983,-0.7147537,-0.6901906,-5.403042,-0.4001588,-0.1307487,-39.59522,0.6723983,0.2521858,-0.7391441,-0.6734669,-0.0104394,-2.443314,-0.3997922,0.965023,0.2425909
1732482673643,-40.26743,1.569518,-0.0831604,-0.9681397,0.131895,0.2128603,0,0,0,-39.97286,0.7267596,-0.3549309,-0.112983,-0.7147537,-0.6901906,0,0,0,-39.59522,0.6723983,0.2521858,-0.7391441,-0.6734669,-0.0104394,0,0,0,0.2425909
1732482673665,-40.30344,1.574215,-0.08441544,-0.9698632,0.1176817,0.2133467,-2.700806,0.3523171,-0.09412766,-40.04266,0.7203273,-0.3558731,-0.1377432,-0.7111249,-0.6894407,-5.2351,-0.4824221,-0.07066727,-39.62355,0.6665332,0.2628441,-0.6955089,-0.7166446,0.05184788,-2.124882,-0.4398823,0.7993698,0.2425909
1732482673693,-40.33885,1.580381,-0.08533096,-0.9679852,0.1310653,0.2140721,-2.655602,0.4624307,-0.06866455,-40.11781,0.7146132,-0.3568344,-0.1884092,-0.6994311,-0.689419,-5.635643,-0.4285544,-0.07209778,-39.64875,0.6595433,0.2746887,-0.6619624,-0.7445331,0.08646536,-1.890278,-0.5242467,0.8883476,0.2425909
1732482673698,-40.33885,1.580381,-0.08533096,-0.9679852,0.1310653,0.2140721,0,0,0,-40.11781,0.7146132,-0.3568344,-0.1884092,-0.6994311,-0.689419,0,0,0,-39.64875,0.6595433,0.2746887,-0.6619624,-0.7445331,0.08646536,0,0,0,0.2425909
1732482673721,-40.37303,1.584412,-0.08659744,-0.9698341,0.1234248,0.2102103,-2.563477,0.3023386,-0.09498596,-40.20606,0.713284,-0.3556557,-0.3045395,-0.670325,-0.6766984,-6.618977,-0.09968877,0.08840561,-39.67445,0.6452887,0.2940598,-0.6419826,-0.7637435,0.06748843,-1.926899,-1.069093,1.452827,0.2425909
1732482673726,-40.37303,1.584412,-0.08659744,-0.9698341,0.1234248,0.2102103,0,0,0,-40.20606,0.713284,-0.3556557,-0.3045395,-0.670325,-0.6766984,0,0,0,-39.67445,0.6452887,0.2940598,-0.6419826,-0.7637435,0.06748843,0,0,0,0.2425909
1732482673731,-40.37303,1.584412,-0.08659744,-0.9698341,0.1234248,0.2102103,0,0,0,-40.20606,0.713284,-0.3556557,-0.3045395,-0.670325,-0.6766984,0,0,0,-39.67445,0.6452887,0.2940598,-0.6419826,-0.7637435,0.06748843,0,0,0,0.2425909
1732482673748,-40.40693,1.59066,-0.08733749,-0.9713834,0.1189092,0.2056099,-2.542591,0.4685909,-0.05550385,-40.29587,0.7175386,-0.3515663,-0.4345073,-0.6318163,-0.6418819,-6.735992,0.3190935,0.3067017,-39.70409,0.6427543,0.2922668,-0.6323406,-0.7736547,0.04005212,-2.223301,-0.1900792,-0.1344681,0.2425909
1732482673755,-40.40693,1.59066,-0.08733749,-0.9713834,0.1189092,0.2056099,0,0,0,-40.29587,0.7175386,-0.3515663,-0.4345073,-0.6318163,-0.6418819,0,0,0,-39.70409,0.6427543,0.2922668,-0.6323406,-0.7736547,0.04005212,0,0,0,0.2425909
1732482673776,-40.44025,1.596592,-0.08802032,-0.9723848,0.1142336,0.2035157,-2.498817,0.444898,-0.05121231,-40.38369,0.7252638,-0.3450012,-0.5522692,-0.5832215,-0.5956945,-6.586361,0.5793929,0.492382,-39.73203,0.6475091,0.2891769,-0.6167032,-0.7865177,0.03267598,-2.095699,0.3566086,-0.2317429,0.2425909
1732482673782,-40.44025,1.596592,-0.08802032,-0.9723848,0.1142336,0.2035157,0,0,0,-40.38369,0.7252638,-0.3450012,-0.5522692,-0.5832215,-0.5956945,0,0,0,-39.73203,0.6475091,0.2891769,-0.6167032,-0.7865177,0.03267598,0,0,0,0.2425909
1732482673804,-40.47392,1.600669,-0.08859634,-0.97239,0.1176548,0.2015326,-2.525139,0.3057718,-0.04320145,-40.47475,0.740113,-0.3337479,-0.6606017,-0.5261571,-0.5355037,-6.829548,1.113689,0.8440018,-39.76735,0.6519358,0.2867966,-0.5933485,-0.8025061,0.06262255,-2.649021,0.3320038,-0.1785278,0.2425909
1732482673810,-40.47392,1.600669,-0.08859634,-0.97239,0.1176548,0.2015326,0,0,0,-40.47475,0.740113,-0.3337479,-0.6606017,-0.5261571,-0.5355037,0,0,0,-39.76735,0.6519358,0.2867966,-0.5933485,-0.8025061,0.06262255,0,0,0,0.2425909
1732482673832,-40.50702,1.603704,-0.08938217,-0.9721603,0.1196616,0.2014583,-2.483082,0.2276391,-0.05893707,-40.56315,0.7602301,-0.3171959,-0.7840983,-0.4487602,-0.4287245,-6.629848,1.508778,1.241398,-39.80097,0.6531196,0.288166,-0.5801165,-0.8103323,0.08262283,-2.52142,0.08878112,0.1027107,0.2425909
1732482673838,-40.50702,1.603704,-0.08938217,-0.9721603,0.1196616,0.2014583,0,0,0,-40.56315,0.7602301,-0.3171959,-0.7840983,-0.4487602,-0.4287245,0,0,0,-39.80097,0.6531196,0.288166,-0.5801165,-0.8103323,0.08262283,0,0,0,0.2425909
1732482673860,-40.54026,1.604937,-0.09032822,-0.9714967,0.1254955,0.2011096,-2.492809,0.09245574,-0.07095337,-40.64432,0.7851908,-0.2967224,-0.9158914,-0.3297592,-0.2289153,-6.087971,1.872057,1.535511,-39.83469,0.6520654,0.289875,-0.5768456,-0.8115163,0.09322476,-2.529144,-0.07906258,0.1281738,0.2425909
1732482673865,-40.54026,1.604937,-0.09032822,-0.9714967,0.1254955,0.2011096,0,0,0,-40.64432,0.7851908,-0.2967224,-0.9158914,-0.3297592,-0.2289153,0,0,0,-39.83469,0.6520654,0.289875,-0.5768456,-0.8115163,0.09322476,0,0,0,0.2425909
1732482673887,-40.57386,1.60428,-0.09143448,-0.9704266,0.1336729,0.2010078,-2.519989,-0.0492543,-0.08296967,-40.72138,0.8106795,-0.2803535,-0.9726214,-0.2172091,-0.08263302,-5.779552,1.911651,1.227665,-39.86976,0.6490848,0.2923317,-0.5738515,-0.8112339,0.1122252,-2.630138,-0.2235442,0.1842499,0.2425909
1732482673894,-40.57386,1.60428,-0.09143448,-0.9704266,0.1336729,0.2010078,0,0,0,-40.72138,0.8106795,-0.2803535,-0.9726214,-0.2172091,-0.08263302,0,0,0,-39.86976,0.6490848,0.2923317,-0.5738515,-0.8112339,0.1122252,0,0,0,0.2425909
1732482673915,-40.60711,1.601698,-0.09299469,-0.968749,0.1426597,0.2029136,-2.493382,-0.1936287,-0.1170158,-40.79969,0.8380643,-0.2721901,-0.9837734,-0.1442021,-0.1067529,-5.873394,2.053857,0.6122589,-39.9051,0.6449966,0.2949142,-0.5684313,-0.8105857,0.140845,-2.650452,-0.3066123,0.1936913,0.2425909
1732482673922,-40.60711,1.601698,-0.09299469,-0.968749,0.1426597,0.2029136,0,0,0,-40.79969,0.8380643,-0.2721901,-0.9837734,-0.1442021,-0.1067529,0,0,0,-39.9051,0.6449966,0.2949142,-0.5684313,-0.8105857,0.140845,0,0,0,0.2425909
1732482673943,-40.64087,1.595116,-0.09502029,-0.9675493,0.147208,0.2053735,-2.532578,-0.4936874,-0.1519203,-40.87423,0.8637972,-0.2687263,-0.9833756,-0.08291036,-0.16155,-5.590153,1.929975,0.2597809,-39.94098,0.638569,0.2980194,-0.5606437,-0.8090367,0.1764608,-2.690792,-0.4820734,0.2328873,0.2425909
1732482673951,-40.64087,1.595116,-0.09502029,-0.9675493,0.147208,0.2053735,0,0,0,-40.87423,0.8637972,-0.2687263,-0.9833756,-0.08291036,-0.16155,0,0,0,-39.94098,0.638569,0.2980194,-0.5606437,-0.8090367,0.1764608,0,0,0,0.2425909
1732482673956,-40.64087,1.595116,-0.09502029,-0.9675493,0.147208,0.2053735,0,0,0,-40.87423,0.8637972,-0.2687263,-0.9833756,-0.08291036,-0.16155,0,0,0,-39.94098,0.638569,0.2980194,-0.5606437,-0.8090367,0.1764608,0,0,0,0.2425909
1732482673971,-40.67445,1.587513,-0.09871674,-0.9682619,0.1412253,0.2062147,-2.517986,-0.5702108,-0.2772331,-40.93733,0.8850369,-0.259407,-0.98816,-0.01225957,-0.1529392,-4.732704,1.592977,0.6989479,-39.97958,0.6307076,0.2972336,-0.5503294,-0.8078672,0.2109225,-2.895069,-0.5896077,-0.05893707,0.2425909
1732482673976,-40.67445,1.587513,-0.09871674,-0.9682619,0.1412253,0.2062147,0,0,0,-40.93733,0.8850369,-0.259407,-0.98816,-0.01225957,-0.1529392,0,0,0,-39.97958,0.6307076,0.2972336,-0.5503294,-0.8078672,0.2109225,0,0,0,0.2425909
1732482673998,-40.70844,1.578164,-0.1004143,-0.9688231,0.1389913,0.2050945,-2.549458,-0.7011741,-0.1273155,-40.99723,0.9049137,-0.2525177,-0.9894312,0.0684337,-0.1278409,-4.492092,1.490754,0.5167007,-40.01191,0.6203783,0.301281,-0.5417083,-0.8041717,0.2446635,-2.425003,-0.7746935,0.3035545,0.2425909
1732482674004,-40.70844,1.578164,-0.1004143,-0.9688231,0.1389913,0.2050945,0,0,0,-40.99723,0.9049137,-0.2525177,-0.9894312,0.0684337,-0.1278409,0,0,0,-40.01191,0.6203783,0.301281,-0.5417083,-0.8041717,0.2446635,0,0,0,0.2425909
1732482674024,-40.74183,1.569875,-0.1017609,-0.9707614,0.1335236,0.1994846,-2.503967,-0.6216466,-0.1009941,-41.05168,0.9187376,-0.2502289,-0.9814826,0.1573833,-0.1091921,-4.083824,1.036794,0.1716614,-40.04915,0.6110834,0.3041649,-0.5407593,-0.7969037,0.2693033,-2.792645,-0.6971195,0.2162933,0.2425909
1732482674030,-40.74183,1.569875,-0.1017609,-0.9707614,0.1335236,0.1994846,0,0,0,-41.05168,0.9187376,-0.2502289,-0.9814826,0.1573833,-0.1091921,0,0,0,-40.04915,0.6110834,0.3041649,-0.5407593,-0.7969037,0.2693033,0,0,0,0.2425909
1732482674053,-40.77579,1.564991,-0.1027069,-0.972899,0.1258538,0.1939808,-2.547455,-0.3663719,-0.07095337,-41.10061,0.9292281,-0.2505379,-0.9630784,0.2387802,-0.1243556,-3.67012,0.7867903,-0.02317429,-40.08513,0.6027746,0.3073006,-0.5447286,-0.7883717,0.285904,-2.698803,-0.6231576,0.2351761,0.2425909
1732482674058,-40.77579,1.564991,-0.1027069,-0.972899,0.1258538,0.1939808,0,0,0,-41.10061,0.9292281,-0.2505379,-0.9630784,0.2387802,-0.1243556,0,0,0,-40.08513,0.6027746,0.3073006,-0.5447286,-0.7883717,0.285904,0,0,0,0.2425909
1732482674081,-40.81071,1.563133,-0.1028976,-0.9724688,0.1320833,0.1919855,-2.61898,-0.1393318,-0.01430511,-41.14242,0.9380295,-0.2541771,-0.9428384,0.2832704,-0.1755399,-3.135395,0.660105,-0.2729416,-40.12392,0.5995602,0.3094826,-0.5504035,-0.7818602,0.2928328,-2.909374,-0.2410814,0.1636505,0.2425909
1732482674087,-40.81071,1.563133,-0.1028976,-0.9724688,0.1320833,0.1919855,0,0,0,-41.14242,0.9380295,-0.2541771,-0.9428384,0.2832704,-0.1755399,0,0,0,-40.12392,0.5995602,0.3094826,-0.5504035,-0.7818602,0.2928328,0,0,0,0.2425909
1732482674109,-40.84517,1.561441,-0.1038704,-0.9714003,0.1374753,0.1936043,-2.584648,-0.1268685,-0.07295609,-41.17694,0.9352493,-0.2598648,-0.9313968,0.2707007,-0.2433541,-2.589512,-0.2085194,-0.4265785,-40.16296,0.6026535,0.3069305,-0.5548272,-0.7819201,0.284197,-2.927971,0.2319977,-0.1914024,0.2425909
1732482674115,-40.84517,1.561441,-0.1038704,-0.9714003,0.1374753,0.1936043,0,0,0,-41.17694,0.9352493,-0.2598648,-0.9313968,0.2707007,-0.2433541,0,0,0,-40.16296,0.6026535,0.3069305,-0.5548272,-0.7819201,0.284197,0,0,0,0.2425909
1732482674137,-40.88081,1.568038,-0.1037712,-0.9725293,0.1280697,0.1943845,-2.673054,0.4947871,0.00743866,-41.20563,0.9266762,-0.2668571,-0.9246788,0.2220093,-0.3093243,-2.151203,-0.6429791,-0.5244255,-40.20263,0.6072698,0.3006783,-0.574549,-0.770117,0.2771525,-2.975178,0.346224,-0.4689217,0.2425909
1732482674143,-40.88081,1.568038,-0.1037712,-0.9725293,0.1280697,0.1943845,0,0,0,-41.20563,0.9266762,-0.2668571,-0.9246788,0.2220093,-0.3093243,0,0,0,-40.20263,0.6072698,0.3006783,-0.574549,-0.770117,0.2771525,0,0,0,0.2425909
1732482674165,-40.91526,1.570081,-0.1037941,-0.9739118,0.1252373,0.1892397,-2.583218,0.1532346,-0.001716614,-41.22795,0.9111217,-0.2747345,-0.9135741,0.168183,-0.3702672,-1.674271,-1.166587,-0.5908012,-40.24245,0.6158632,0.2947464,-0.571731,-0.774456,0.2708175,-2.986336,0.6445035,-0.4448891,0.2425909
1732482674170,-40.91526,1.570081,-0.1037941,-0.9739118,0.1252373,0.1892397,0,0,0,-41.22795,0.9111217,-0.2747345,-0.9135741,0.168183,-0.3702672,0,0,0,-40.24245,0.6158632,0.2947464,-0.571731,-0.774456,0.2708175,0,0,0,0.2425909
1732482674193,-40.95,1.574207,-0.103756,-0.972069,0.1452346,0.1843613,-2.605534,0.3094375,0.002861023,-41.24182,0.8872591,-0.2819862,-0.9138131,0.09426922,-0.395044,-1.039982,-1.789699,-0.5438805,-40.28093,0.6231298,0.2884712,-0.5849693,-0.7751296,0.2387158,-2.885628,0.544998,-0.4706383,0.2425909
1732482674198,-40.95,1.574207,-0.103756,-0.972069,0.1452346,0.1843613,0,0,0,-41.24182,0.8872591,-0.2819862,-0.9138131,0.09426922,-0.395044,0,0,0,-40.28093,0.6231298,0.2884712,-0.5849693,-0.7751296,0.2387158,0,0,0,0.2425909
1732482674221,-40.9852,1.577403,-0.1041031,-0.9719528,0.1501321,0.1810202,-2.640438,0.2396464,-0.02603531,-41.25066,0.8596756,-0.2878418,-0.9180536,-0.008329779,-0.396369,-0.662899,-2.068761,-0.439167,-40.25648,0.6268057,0.3115196,-0.6105958,-0.7684,0.1916631,1.83363,0.2756864,1.72863,0.2425909
1732482674226,-40.9852,1.577403,-0.1041031,-0.9719528,0.1501321,0.1810202,0,0,0,-41.25066,0.8596756,-0.2878418,-0.9180536,-0.008329779,-0.396369,0,0,0,-40.25648,0.6268057,0.3115196,-0.6105958,-0.7684,0.1916631,0,0,0,0.2425909
1732482674248,-41.02045,1.58312,-0.1055527,-0.9724229,0.1536049,0.1754979,-2.643585,0.4287958,-0.1087189,-41.25173,0.8286512,-0.2925491,-0.9193643,-0.09256124,-0.382364,-0.08039474,-2.326825,-0.3530502,-40.29752,0.6335629,0.3058586,-0.6491472,-0.7456847,0.1502082,-3.077888,0.5067945,-0.4245758,0.2425909
1732482674254,-41.02045,1.58312,-0.1055527,-0.9724229,0.1536049,0.1754979,0,0,0,-41.25173,0.8286512,-0.2925491,-0.9193643,-0.09256124,-0.382364,0,0,0,-40.29752,0.6335629,0.3058586,-0.6491472,-0.7456847,0.1502082,0,0,0,0.2425909
1732482674276,-41.0553,1.587894,-0.1059265,-0.9740387,0.1502989,0.1692896,-2.613831,0.3580749,-0.02803802,-41.24217,0.7997969,-0.3003006,-0.9125555,-0.174784,-0.3697212,0.7169724,-2.164078,-0.5813599,-40.3398,0.6420425,0.3013229,-0.6763248,-0.7291328,0.1046447,-3.171444,0.6359652,-0.3401756,0.2425909
1732482674281,-41.0553,1.587894,-0.1059265,-0.9740387,0.1502989,0.1692896,0,0,0,-41.24217,0.7997969,-0.3003006,-0.9125555,-0.174784,-0.3697212,0,0,0,-40.3398,0.6420425,0.3013229,-0.6763248,-0.7291328,0.1046447,0,0,0,0.2425909
1732482674304,-41.09002,1.59469,-0.1071663,-0.9752589,0.14457,0.1672426,-2.603531,0.5096734,-0.09298325,-41.22551,0.7740021,-0.310051,-0.8840951,-0.2926456,-0.3643286,1.249695,-1.93461,-0.7312775,-40.38369,0.65214,0.2947121,-0.6918808,-0.7193325,0.0621466,-3.291321,0.7573172,-0.4958153,0.2425909
1732482674309,-41.09002,1.59469,-0.1071663,-0.9752589,0.14457,0.1672426,0,0,0,-41.22551,0.7740021,-0.310051,-0.8840951,-0.2926456,-0.3643286,0,0,0,-40.38369,0.65214,0.2947121,-0.6918808,-0.7193325,0.0621466,0,0,0,0.2425909
1732482674314,-41.09002,1.59469,-0.1071663,-0.9752589,0.14457,0.1672426,0,0,0,-41.22551,0.7740021,-0.310051,-0.8840951,-0.2926456,-0.3643286,0,0,0,-40.38369,0.65214,0.2947121,-0.6918808,-0.7193325,0.0621466,0,0,0,0.2425909
1732482674332,-41.1242,1.598408,-0.1076508,-0.976264,0.136142,0.1684467,-2.564049,0.2788961,-0.03633499,-41.20197,0.7536283,-0.3221016,-0.819316,-0.4337029,-0.3749986,1.765537,-1.528032,-0.9037971,-40.43108,0.662695,0.2926521,-0.7038041,-0.7099746,0.02441198,-3.554535,0.7916227,-0.1544952,0.2425909
1732482674337,-41.1242,1.598408,-0.1076508,-0.976264,0.136142,0.1684467,0,0,0,-41.20197,0.7536283,-0.3221016,-0.819316,-0.4337029,-0.3749986,0,0,0,-40.43108,0.662695,0.2926521,-0.7038041,-0.7099746,0.02441198,0,0,0,0.2425909
1732482674359,-41.15813,1.601633,-0.1086807,-0.9766576,0.1314063,0.1699204,-2.544594,0.241828,-0.07724762,-41.17986,0.737034,-0.334156,-0.7421076,-0.5420962,-0.3942192,1.658249,-1.244576,-0.9040833,-40.45978,0.6698373,0.2858009,-0.7169231,-0.6970289,-0.01313722,-2.152348,0.5356729,-0.5138397,0.2425909
1732482674365,-41.15813,1.601633,-0.1086807,-0.9766576,0.1314063,0.1699204,0,0,0,-41.17986,0.737034,-0.334156,-0.7421076,-0.5420962,-0.3942192,0,0,0,-40.45978,0.6698373,0.2858009,-0.7169231,-0.6970289,-0.01313722,0,0,0,0.2425909
1732482674387,-41.19191,1.602469,-0.1097794,-0.9757,0.1377504,0.1703949,-2.53315,0.06271005,-0.08239746,-41.15644,0.725426,-0.3485146,-0.6572721,-0.6172534,-0.4324261,1.756382,-0.8706003,-1.076889,-40.49805,0.6787262,0.2760124,-0.7294512,-0.6825562,-0.04492497,-2.870464,0.6666675,-0.7341385,0.2425909
1732482674393,-41.19191,1.602469,-0.1097794,-0.9757,0.1377504,0.1703949,0,0,0,-41.15644,0.725426,-0.3485146,-0.6572721,-0.6172534,-0.4324261,0,0,0,-40.49805,0.6787262,0.2760124,-0.7294512,-0.6825562,-0.04492497,0,0,0,0.2425909
1732482674415,-41.22557,1.600386,-0.1108322,-0.9746457,0.144462,0.170871,-2.524567,-0.1562119,-0.07896423,-41.13517,0.7173207,-0.3634453,-0.5574791,-0.6732665,-0.4857261,1.595306,-0.6078959,-1.119804,-40.53127,0.6851038,0.2679672,-0.7427964,-0.6650541,-0.07718265,-2.491093,0.4783183,-0.6033897,0.2425909
1732482674420,-41.22557,1.600386,-0.1108322,-0.9746457,0.144462,0.170871,0,0,0,-41.13517,0.7173207,-0.3634453,-0.5574791,-0.6732665,-0.4857261,0,0,0,-40.53127,0.6851038,0.2679672,-0.7427964,-0.6650541,-0.07718265,0,0,0,0.2425909
1732482674443,-41.25948,1.596828,-0.1118736,-0.9735874,0.1512111,0.1710652,-2.543449,-0.2668351,-0.07810593,-41.11732,0.7126784,-0.3776131,-0.4623074,-0.7033883,-0.5399234,1.338673,-0.3481686,-1.062584,-40.56694,0.6906941,0.2589073,-0.7584434,-0.6408304,-0.1187465,-2.675343,0.419274,-0.679493,0.2425909
1732482674448,-41.25948,1.596828,-0.1118736,-0.9735874,0.1512111,0.1710652,0,0,0,-41.11732,0.7126784,-0.3776131,-0.4623074,-0.7033883,-0.5399234,0,0,0,-40.56694,0.6906941,0.2589073,-0.7584434,-0.6408304,-0.1187465,0,0,0,0.2425909
1732482674471,-41.29409,1.591864,-0.1129951,-0.9716023,0.163592,0.170959,-2.595806,-0.3723085,-0.08411407,-41.10301,0.710008,-0.391201,-0.3618448,-0.7016123,-0.6138477,1.072884,-0.2002805,-1.019096,-40.60049,0.6945666,0.2499924,-0.775188,-0.6113316,-0.1592396,-2.51627,0.2904385,-0.6686211,0.2425909
1732482674476,-41.29409,1.591864,-0.1129951,-0.9716023,0.163592,0.170959,0,0,0,-41.10301,0.710008,-0.391201,-0.3618448,-0.7016123,-0.6138477,0,0,0,-40.60049,0.6945666,0.2499924,-0.775188,-0.6113316,-0.1592396,0,0,0,0.2425909
1732482674498,-41.32928,1.58611,-0.1135445,-0.9700205,0.1747149,0.1689233,-2.639008,-0.4315853,-0.04119873,-41.09419,0.7117279,-0.4016151,-0.2680731,-0.688626,-0.6737447,0.6614685,0.1289874,-0.7810593,-40.64281,0.6978711,0.2404633,-0.7886067,-0.584223,-0.1917906,-3.174591,0.2478361,-0.7146835,0.2425909
1732482674504,-41.32928,1.58611,-0.1135445,-0.9700205,0.1747149,0.1689233,0,0,0,-41.09419,0.7117279,-0.4016151,-0.2680731,-0.688626,-0.6737447,0,0,0,-40.64281,0.6978711,0.2404633,-0.7886067,-0.584223,-0.1917906,0,0,0,0.2425909
1732482674526,-41.3648,1.578991,-0.1143646,-0.9690148,0.1827183,0.1662066,-2.664471,-0.5339295,-0.06151199,-41.09209,0.7162917,-0.4087372,-0.1717776,-0.6759691,-0.7166307,0.1576424,0.3422856,-0.534153,-40.68079,0.6992246,0.2343597,-0.7968744,-0.5641714,-0.2161072,-2.848148,0.1015127,-0.4577637,0.2425909
1732482674532,-41.3648,1.578991,-0.1143646,-0.9690148,0.1827183,0.1662066,0,0,0,-41.09209,0.7162917,-0.4087372,-0.1717776,-0.6759691,-0.7166307,0,0,0,-40.68079,0.6992246,0.2343597,-0.7968744,-0.5641714,-0.2161072,0,0,0,0.2425909
1732482674554,-41.4003,1.571499,-0.1169052,-0.9693167,0.1814697,0.1658138,-2.661896,-0.5618781,-0.1905441,-41.09687,0.7212837,-0.4135628,-0.07809368,-0.6688448,-0.739289,-0.3582001,0.3744006,-0.3619194,-40.71863,0.6985227,0.2283516,-0.8009529,-0.5518723,-0.2321901,-2.837849,-0.05264282,-0.4506111,0.2425909
1732482674559,-41.4003,1.571499,-0.1169052,-0.9693167,0.1814697,0.1658138,0,0,0,-41.09687,0.7212837,-0.4135628,-0.07809368,-0.6688448,-0.739289,0,0,0,-40.71863,0.6985227,0.2283516,-0.8009529,-0.5518723,-0.2321901,0,0,0,0.2425909
1732482674582,-41.43599,1.565707,-0.1194649,-0.9705606,0.1733931,0.167174,-2.676773,-0.4344285,-0.1919746,-41.10898,0.7241396,-0.4170189,-0.0006667078,-0.6650095,-0.7468352,-0.9083748,0.2141923,-0.2592087,-40.75315,0.6966023,0.223011,-0.8063154,-0.541984,-0.2368739,-2.58894,-0.1440257,-0.4005432,0.2425909
1732482674587,-41.43599,1.565707,-0.1194649,-0.9705606,0.1733931,0.167174,0,0,0,-41.10898,0.7241396,-0.4170189,-0.0006667078,-0.6650095,-0.7468352,0,0,0,-40.75315,0.6966023,0.223011,-0.8063154,-0.541984,-0.2368739,0,0,0,0.2425909
1732482674609,-41.47216,1.562965,-0.1208801,-0.969426,0.1764174,0.1705593,-2.712822,-0.2056271,-0.106144,-41.13339,0.7242806,-0.4196053,0.03103533,-0.6607101,-0.7499995,-1.831055,0.01057684,-0.1939774,-40.79236,0.6933105,0.219532,-0.8117438,-0.5401245,-0.2221216,-2.941132,-0.2468884,-0.2609253,0.2425909
1732482674615,-41.47216,1.562965,-0.1208801,-0.969426,0.1764174,0.1705593,0,0,0,-41.13339,0.7242806,-0.4196053,0.03103533,-0.6607101,-0.7499995,0,0,0,-40.79236,0.6933105,0.219532,-0.8117438,-0.5401245,-0.2221216,0,0,0,0.2425909
1732482674637,-41.50811,1.561416,-0.1226616,-0.9685566,0.1838966,0.1675725,-2.696228,-0.1161933,-0.1336098,-41.16568,0.7226638,-0.4223595,0.04087636,-0.6571383,-0.7526609,-2.421856,-0.1212627,-0.2065659,-40.82688,0.6905329,0.2188873,-0.8130144,-0.5507511,-0.1888955,-2.58894,-0.2083182,-0.04835129,0.2425909
1732482674643,-41.50811,1.561416,-0.1226616,-0.9685566,0.1838966,0.1675725,0,0,0,-41.16568,0.7226638,-0.4223595,0.04087636,-0.6571383,-0.7526609,0,0,0,-40.82688,0.6905329,0.2188873,-0.8130144,-0.5507511,-0.1888955,0,0,0,0.2425909
1732482674648,-41.50811,1.561416,-0.1226616,-0.9685566,0.1838966,0.1675725,0,0,0,-41.16568,0.7226638,-0.4223595,0.04087636,-0.6571383,-0.7526609,0,0,0,-40.82688,0.6905329,0.2188873,-0.8130144,-0.5507511,-0.1888955,0,0,0,0.2425909
1732482674665,-41.5436,1.5652,-0.124733,-0.9706157,0.178546,0.1613281,-2.661896,0.2838403,-0.1553535,-41.21785,0.7179098,-0.4242935,0.001050621,-0.6563734,-0.7544359,-3.912735,-0.356546,-0.1450539,-40.87862,0.6840642,0.226284,-0.7958437,-0.5924628,-0.1249827,-3.880405,-0.4851535,0.5547523,0.2425909
1732482674670,-41.5436,1.5652,-0.124733,-0.9706157,0.178546,0.1613281,0,0,0,-41.21785,0.7179098,-0.4242935,0.001050621,-0.6563734,-0.7544359,0,0,0,-40.87862,0.6840642,0.226284,-0.7958437,-0.5924628,-0.1249827,0,0,0,0.2425909
1732482674693,-41.57886,1.567104,-0.1270828,-0.972946,0.1690549,0.15747,-2.64473,0.1427829,-0.176239,-41.27414,0.7130377,-0.4264183,-0.03787896,-0.6540895,-0.7554684,-4.221153,-0.3654107,-0.159359,-40.92809,0.6723422,0.2222404,-0.7672756,-0.6380386,-0.06477225,-3.710175,-0.8791521,-0.3032684,0.2425909
1732482674698,-41.57886,1.567104,-0.1270828,-0.972946,0.1690549,0.15747,0,0,0,-41.27414,0.7130377,-0.4264183,-0.03787896,-0.6540895,-0.7554684,0,0,0,-40.92809,0.6723422,0.2222404,-0.7672756,-0.6380386,-0.06477225,0,0,0,0.2425909
1732482674721,-41.61367,1.569664,-0.12957,-0.9725271,0.171741,0.1571513,-2.610683,0.1920193,-0.1865387,-41.34137,0.7067437,-0.4277,-0.07710053,-0.6396585,-0.7647835,-5.042553,-0.4720509,-0.09613037,-40.9561,0.6607575,0.2415619,-0.7210624,-0.6928482,0.005550802,-2.101135,-0.868848,1.449108,0.2425909
1732482674726,-41.61367,1.569664,-0.12957,-0.9725271,0.171741,0.1571513,0,0,0,-41.34137,0.7067437,-0.4277,-0.07710053,-0.6396585,-0.7647835,0,0,0,-40.9561,0.6607575,0.2415619,-0.7210624,-0.6928482,0.005550802,0,0,0,0.2425909
1732482674748,-41.64897,1.576002,-0.1307793,-0.9720609,0.1709232,0.1608825,-2.647305,0.4753411,-0.09069443,-41.41701,0.6995565,-0.4263496,-0.1235621,-0.6364581,-0.76135,-5.673122,-0.5390391,0.1012802,-40.97888,0.650661,0.2557831,-0.6759862,-0.7342036,0.06315082,-1.708317,-0.7572412,1.066589,0.2425909
1732482674754,-41.64897,1.576002,-0.1307793,-0.9720609,0.1709232,0.1608825,0,0,0,-41.41701,0.6995565,-0.4263496,-0.1235621,-0.6364581,-0.76135,0,0,0,-40.97888,0.650661,0.2557831,-0.6759862,-0.7342036,0.06315082,0,0,0,0.2425909
1732482674776,-41.68458,1.580962,-0.1324883,-0.9687752,0.1857779,0.1642001,-2.671051,0.3720224,-0.1281738,-41.49284,0.6952533,-0.4235992,-0.203627,-0.637009,-0.7434756,-5.687428,-0.3227413,0.2062798,-41.00277,0.6487343,0.2654953,-0.6499641,-0.7533206,0.1002741,-1.791859,-0.1444995,0.7284164,0.2425909
1732482674781,-41.68458,1.580962,-0.1324883,-0.9687752,0.1857779,0.1642001,0,0,0,-41.49284,0.6952533,-0.4235992,-0.203627,-0.637009,-0.7434756,0,0,0,-41.00277,0.6487343,0.2654953,-0.6499641,-0.7533206,0.1002741,0,0,0,0.2425909
1732482674804,-41.71941,1.586408,-0.1332283,-0.9696245,0.1803597,0.1652243,-2.611828,0.4084468,-0.05550385,-41.57508,0.6951332,-0.41782,-0.3288798,-0.6279039,-0.7053902,-6.167507,-0.009003282,0.433445,-41.02698,0.6574343,0.2686234,-0.6234622,-0.77559,0.09876817,-1.815605,0.6524965,0.2346039,0.2425909
1732482674809,-41.71941,1.586408,-0.1332283,-0.9696245,0.1803597,0.1652243,0,0,0,-41.57508,0.6951332,-0.41782,-0.3288798,-0.6279039,-0.7053902,0,0,0,-41.02698,0.6574343,0.2686234,-0.6234622,-0.77559,0.09876817,0,0,0,0.2425909
1732482674832,-41.75443,1.592819,-0.1336174,-0.9705749,0.1745943,0.1658356,-2.626705,0.480777,-0.02918243,-41.65877,0.6985732,-0.4101295,-0.4543164,-0.6034356,-0.655334,-6.276798,0.2580017,0.5767822,-41.05498,0.6606883,0.2661018,-0.6024662,-0.7943316,0.07792598,-2.099705,0.2440542,-0.1891136,0.2425909
1732482674837,-41.75443,1.592819,-0.1336174,-0.9705749,0.1745943,0.1658356,0,0,0,-41.65877,0.6985732,-0.4101295,-0.4543164,-0.6034356,-0.655334,0,0,0,-41.05498,0.6606883,0.2661018,-0.6024662,-0.7943316,0.07792598,0,0,0,0.2425909
1732482674859,-41.78894,1.598602,-0.1341553,-0.9717875,0.169561,0.1639462,-2.588081,0.433749,-0.04034042,-41.74488,0.7070049,-0.3996315,-0.5639054,-0.5676299,-0.5998398,-6.458473,0.6323755,0.7873535,-41.086,0.6664958,0.2615585,-0.5813321,-0.8104174,0.0726431,-2.326584,0.4355595,-0.3407478,0.2425909
1732482674865,-41.78894,1.598602,-0.1341553,-0.9717875,0.169561,0.1639462,0,0,0,-41.74488,0.7070049,-0.3996315,-0.5639054,-0.5676299,-0.5998398,0,0,0,-41.086,0.6664958,0.2615585,-0.5813321,-0.8104174,0.0726431,0,0,0,0.2425909
1732482674887,-41.82294,1.601815,-0.134594,-0.9728534,0.1660013,0.1612448,-2.55003,0.2409965,-0.03290176,-41.83405,0.7219702,-0.3855591,-0.6605326,-0.5238119,-0.537883,-6.687927,1.122397,1.055431,-41.10793,0.6754175,0.2572098,-0.5580171,-0.8258393,0.08128113,-1.644516,0.6691307,-0.3261566,0.2425909
1732482674892,-41.82294,1.601815,-0.134594,-0.9728534,0.1660013,0.1612448,0,0,0,-41.83405,0.7219702,-0.3855591,-0.6605326,-0.5238119,-0.537883,0,0,0,-41.10793,0.6754175,0.2572098,-0.5580171,-0.8258393,0.08128113,0,0,0,0.2425909
1732482674915,-41.85672,1.60382,-0.1347198,-0.9735166,0.1619751,0.1613375,-2.533436,0.1503468,-0.009441376,-41.91942,0.7413632,-0.3668861,-0.7846794,-0.4521161,-0.4241107,-6.402683,1.454473,1.400471,-41.14149,0.6482136,0.2740326,-0.5646369,-0.819265,0.09995198,-2.517414,-2.040294,1.261711,0.2425909
1732482674920,-41.85672,1.60382,-0.1347198,-0.9735166,0.1619751,0.1613375,0,0,0,-41.91942,0.7413632,-0.3668861,-0.7846794,-0.4521161,-0.4241107,0,0,0,-41.14149,0.6482136,0.2740326,-0.5646369,-0.819265,0.09995198,0,0,0,0.2425909
1732482674943,-41.89002,1.603306,-0.1352348,-0.9723908,0.1651563,0.1648638,-2.497673,-0.03854334,-0.03862381,-41.99911,0.7647382,-0.3453331,-0.9183325,-0.3257593,-0.2248265,-5.976963,1.753128,1.616478,-41.17177,0.6503312,0.2760468,-0.5694445,-0.814231,0.1129642,-2.27108,0.1588181,0.151062,0.2425909
1732482674948,-41.89002,1.603306,-0.1352348,-0.9723908,0.1651563,0.1648638,0,0,0,-41.99911,0.7647382,-0.3453331,-0.9183325,-0.3257593,-0.2248265,0,0,0,-41.17177,0.6503312,0.2760468,-0.5694445,-0.814231,0.1129642,0,0,0,0.2425909
1732482674970,-41.92299,1.600435,-0.1357803,-0.9710523,0.1690409,0.1687688,-2.472782,-0.2153099,-0.04091263,-42.07681,0.7899896,-0.3288651,-0.9700114,-0.2116152,-0.1195724,-5.826759,1.893854,1.235104,-41.20953,0.6518995,0.2781105,-0.5743368,-0.8073562,0.1353281,-2.831554,0.1176238,0.1547813,0.2425909
1732482674976,-41.92299,1.600435,-0.1357803,-0.9710523,0.1690409,0.1687688,0,0,0,-42.07681,0.7899896,-0.3288651,-0.9700114,-0.2116152,-0.1195724,0,0,0,-41.20953,0.6518995,0.2781105,-0.5743368,-0.8073562,0.1353281,0,0,0,0.2425909
1732482674981,-41.92299,1.600435,-0.1357803,-0.9710523,0.1690409,0.1687688,0,0,0,-42.07681,0.7899896,-0.3288651,-0.9700114,-0.2116152,-0.1195724,0,0,0,-41.20953,0.6518995,0.2781105,-0.5743368,-0.8073562,0.1353281,0,0,0,0.2425909
1732482674998,-41.95601,1.595304,-0.1367302,-0.9702456,0.1702057,0.1722032,-2.476788,-0.3848612,-0.07123947,-42.15307,0.8183464,-0.3126488,-0.9761804,-0.1385509,-0.16696,-5.720043,2.126764,1.216221,-41.24738,0.6507763,0.2801743,-0.5755715,-0.8013809,0.1628084,-2.838707,-0.08424371,0.1547813,0.2425909
1732482675004,-41.95601,1.595304,-0.1367302,-0.9702456,0.1702057,0.1722032,0,0,0,-42.15307,0.8183464,-0.3126488,-0.9761804,-0.1385509,-0.16696,0,0,0,-41.24738,0.6507763,0.2801743,-0.5755715,-0.8013809,0.1628084,0,0,0,0.2425909
1732482675026,-41.98911,1.588867,-0.1373367,-0.9694026,0.1724718,0.174678,-2.482224,-0.4827797,-0.04549026,-42.22767,0.8432619,-0.2992783,-0.9809525,-0.06573334,-0.1827893,-5.595016,1.868659,1.002789,-41.27568,0.6483179,0.2821693,-0.5747781,-0.7960047,0.1897556,-2.122879,-0.184375,0.1496315,0.2425909
1732482675031,-41.98911,1.588867,-0.1373367,-0.9694026,0.1724718,0.174678,0,0,0,-42.22767,0.8432619,-0.2992783,-0.9809525,-0.06573334,-0.1827893,0,0,0,-41.27568,0.6483179,0.2821693,-0.5747781,-0.7960047,0.1897556,0,0,0,0.2425909
1732482675054,-42.02245,1.58092,-0.1379852,-0.9685149,0.1759218,0.1761545,-2.500248,-0.5959779,-0.04863739,-42.28971,0.8657555,-0.2885323,-0.9865378,0.01576999,-0.1627728,-4.652882,1.68702,0.8059502,-41.30625,0.6439717,0.2854042,-0.5679372,-0.7916322,0.2253129,-2.292824,-0.3259689,0.2426147,0.2425909
1732482675060,-42.02245,1.58092,-0.1379852,-0.9685149,0.1759218,0.1761545,0,0,0,-42.28971,0.8657555,-0.2885323,-0.9865378,0.01576999,-0.1627728,0,0,0,-41.30625,0.6439717,0.2854042,-0.5679372,-0.7916322,0.2253129,0,0,0,0.2425909
1732482675082,-42.05628,1.573761,-0.1384735,-0.9692143,0.1721448,0.1760404,-2.537441,-0.5369246,-0.03662109,-42.34691,0.8826725,-0.2832031,-0.9883902,0.08297637,-0.1272781,-4.289818,1.268774,0.3996849,-41.33915,0.6374279,0.2903595,-0.5584635,-0.7882875,0.2583049,-2.46706,-0.4907817,0.3716469,0.2425909
1732482675088,-42.05628,1.573761,-0.1384735,-0.9692143,0.1721448,0.1760404,0,0,0,-42.34691,0.8826725,-0.2832031,-0.9883902,0.08297637,-0.1272781,0,0,0,-41.33915,0.6374279,0.2903595,-0.5584635,-0.7882875,0.2583049,0,0,0,0.2425909
1732482675109,-42.09105,1.568439,-0.1384201,-0.9706104,0.1653077,0.1748976,-2.607822,-0.3991395,0.004005432,-42.40034,0.89538,-0.2824631,-0.9779904,0.1461531,-0.1489106,-4.007435,0.9530604,0.05550385,-41.36784,0.6316634,0.29496,-0.5519162,-0.7871855,0.275187,-2.151775,-0.4323408,0.3450394,0.2425909
1732482675115,-42.09105,1.568439,-0.1384201,-0.9706104,0.1653077,0.1748976,0,0,0,-42.40034,0.89538,-0.2824631,-0.9779904,0.1461531,-0.1489106,0,0,0,-41.36784,0.6316634,0.29496,-0.5519162,-0.7871855,0.275187,0,0,0,0.2425909
1732482675137,-42.12511,1.562943,-0.1382599,-0.9717258,0.1597523,0.173863,-2.554607,-0.4122108,0.0120163,-42.44726,0.9052162,-0.2835159,-0.9616472,0.1932902,-0.194613,-3.519058,0.7377148,-0.07896423,-41.40514,0.6235862,0.2988815,-0.5533994,-0.7900047,0.2638975,-2.797508,-0.6057903,0.2941132,0.2425909
1732482675143,-42.12511,1.562943,-0.1382599,-0.9717258,0.1597523,0.173863,0,0,0,-42.44726,0.9052162,-0.2835159,-0.9616472,0.1932902,-0.194613,0,0,0,-41.40514,0.6235862,0.2988815,-0.5533994,-0.7900047,0.2638975,0,0,0,0.2425909
1732482675165,-42.15893,1.561067,-0.137249,-0.9709511,0.1619107,0.1761791,-2.536583,-0.1407444,0.07581711,-42.48771,0.911104,-0.2868576,-0.9457108,0.2031876,-0.2536665,-3.033257,0.44159,-0.2506256,-41.43967,0.6168594,0.2997742,-0.559929,-0.7901156,0.2493935,-2.590084,-0.5045056,0.06694794,0.2425909
1732482675171,-42.15893,1.561067,-0.137249,-0.9709511,0.1619107,0.1761791,0,0,0,-42.48771,0.911104,-0.2868576,-0.9457108,0.2031876,-0.2536665,0,0,0,-41.43967,0.6168594,0.2997742,-0.559929,-0.7901156,0.2493935,0,0,0,0.2425909
1732482675193,-42.19344,1.56223,-0.1366768,-0.9736282,0.143313,0.1775099,-2.588367,0.08725226,0.04291534,-42.5222,0.9109182,-0.2914009,-0.9290081,0.1768324,-0.3250765,-2.587223,-0.01393408,-0.3407478,-41.47558,0.61282,0.2986259,-0.575724,-0.7806023,0.2433153,-2.693081,-0.3029555,-0.08611679,0.2425909
1732482675198,-42.19344,1.56223,-0.1366768,-0.9736282,0.143313,0.1775099,0,0,0,-42.5222,0.9109182,-0.2914009,-0.9290081,0.1768324,-0.3250765,0,0,0,-41.47558,0.61282,0.2986259,-0.575724,-0.7806023,0.2433153,0,0,0,0.2425909
1732482675220,-42.22797,1.564492,-0.1362801,-0.9738381,0.1494841,0.171155,-2.589512,0.1696765,0.02975464,-42.54862,0.9034545,-0.295826,-0.9160472,0.1383011,-0.3764714,-1.981544,-0.559777,-0.3318787,-41.5118,0.6140244,0.298954,-0.5910182,-0.7660699,0.2526558,-2.716541,0.09032786,0.0246048,0.2425909
1732482675226,-42.22797,1.564492,-0.1362801,-0.9738381,0.1494841,0.171155,0,0,0,-42.54862,0.9034545,-0.295826,-0.9160472,0.1383011,-0.3764714,0,0,0,-41.5118,0.6140244,0.298954,-0.5910182,-0.7660699,0.2526558,0,0,0,0.2425909
1732482675248,-42.2631,1.572755,-0.1356087,-0.9753981,0.1365786,0.1730462,-2.635002,0.6196976,0.050354,-42.56564,0.8864399,-0.3006477,-0.9131905,0.07159814,-0.401195,-1.276302,-1.276101,-0.3616333,-41.54902,0.6184922,0.3011627,-0.5921503,-0.7673787,0.2459434,-2.791786,0.3350884,0.1656532,0.2425909
1732482675254,-42.2631,1.572755,-0.1356087,-0.9753981,0.1365786,0.1730462,0,0,0,-42.56564,0.8864399,-0.3006477,-0.9131905,0.07159814,-0.401195,0,0,0,-41.54902,0.6184922,0.3011627,-0.5921503,-0.7673787,0.2459434,0,0,0,0.2425909
1732482675276,-42.29684,1.575098,-0.134861,-0.9729552,0.1461124,0.1789124,-2.530575,0.1757383,0.05607605,-42.57597,0.8638016,-0.3043137,-0.9155635,-0.02756855,-0.4012283,-0.774765,-1.69787,-0.2749443,-41.58212,0.6241261,0.3008385,-0.5953206,-0.7712981,0.2251511,-2.481937,0.4225418,-0.0243187,0.2425909
1732482675282,-42.29684,1.575098,-0.134861,-0.9729552,0.1461124,0.1789124,0,0,0,-42.57597,0.8638016,-0.3043137,-0.9155635,-0.02756855,-0.4012283,0,0,0,-41.58212,0.6241261,0.3008385,-0.5953206,-0.7712981,0.2251511,0,0,0,0.2425909
1732482675304,-42.33073,1.581534,-0.1357994,-0.9707118,0.1557731,0.182904,-2.541447,0.4826546,-0.07038116,-42.58135,0.8380752,-0.3076286,-0.917094,-0.1251727,-0.3785114,-0.4036903,-1.929478,-0.2486229,-41.61535,0.6296812,0.2978783,-0.6085593,-0.770319,0.1904331,-2.492809,0.416632,-0.2220154,0.2425909
1732482675309,-42.33073,1.581534,-0.1357994,-0.9707118,0.1557731,0.182904,0,0,0,-42.58135,0.8380752,-0.3076286,-0.917094,-0.1251727,-0.3785114,0,0,0,-41.61535,0.6296812,0.2978783,-0.6085593,-0.770319,0.1904331,0,0,0,0.2425909
1732482675332,-42.36448,1.586656,-0.1364861,-0.9699169,0.1650908,0.1789036,-2.530861,0.384146,-0.05149841,-42.57804,0.8104223,-0.3126831,-0.9200396,-0.1908875,-0.3421836,0.2486229,-2.073969,-0.3790855,-41.65301,0.6369524,0.2921638,-0.644956,-0.7505527,0.1438842,-2.824116,0.5453378,-0.4285812,0.2425909
1732482675337,-42.36448,1.586656,-0.1364861,-0.9699169,0.1650908,0.1789036,0,0,0,-42.57804,0.8104223,-0.3126831,-0.9200396,-0.1908875,-0.3421836,0,0,0,-41.65301,0.6369524,0.2921638,-0.644956,-0.7505527,0.1438842,0,0,0,0.2425909
1732482675342,-42.36448,1.586656,-0.1364861,-0.9699169,0.1650908,0.1789036,0,0,0,-42.57804,0.8104223,-0.3126831,-0.9200396,-0.1908875,-0.3421836,0,0,0,-41.65301,0.6369524,0.2921638,-0.644956,-0.7505527,0.1438842,0,0,0,0.2425909
1732482675359,-42.39836,1.592056,-0.1376419,-0.9706808,0.1638602,0.1758662,-2.541161,0.4050136,-0.086689,-42.56556,0.7854868,-0.3218765,-0.9162699,-0.2583658,-0.3060993,0.9358406,-1.870166,-0.6895065,-41.70511,0.648711,0.2799683,-0.669937,-0.7384477,0.07668054,-3.907871,0.8818924,-0.914669,0.2425909
1732482675365,-42.39836,1.592056,-0.1376419,-0.9706808,0.1638602,0.1758662,0,0,0,-42.56556,0.7854868,-0.3218765,-0.9162699,-0.2583658,-0.3060993,0,0,0,-41.70511,0.648711,0.2799683,-0.669937,-0.7384477,0.07668054,0,0,0,0.2425909
1732482675387,-42.43229,1.598037,-0.1387138,-0.9703542,0.1680782,0.173674,-2.544594,0.4485905,-0.08039474,-42.55062,0.7644495,-0.3333244,-0.8914269,-0.3426185,-0.2965983,1.120663,-1.577792,-0.858593,-41.72918,0.6541559,0.2731056,-0.6839049,-0.7291538,0.02467716,-1.805019,0.4083663,-0.514698,0.2425909
1732482675393,-42.43229,1.598037,-0.1387138,-0.9703542,0.1680782,0.173674,0,0,0,-42.55062,0.7644495,-0.3333244,-0.8914269,-0.3426185,-0.2965983,0,0,0,-41.72918,0.6541559,0.2731056,-0.6839049,-0.7291538,0.02467716,0,0,0,0.2425909
1732482675415,-42.46622,1.600764,-0.1403427,-0.9709116,0.1693343,0.1692837,-2.54488,0.2044916,-0.1221657,-42.5316,0.7481248,-0.347847,-0.8326522,-0.4387357,-0.3379382,1.42622,-1.224357,-1.089191,-41.77364,0.663669,0.260334,-0.6925409,-0.7208667,-0.02718353,-3.334808,0.7134855,-0.9578705,0.2425909
1732482675420,-42.46622,1.600764,-0.1403427,-0.9709116,0.1693343,0.1692837,0,0,0,-42.5316,0.7481248,-0.347847,-0.8326522,-0.4387357,-0.3379382,0,0,0,-41.77364,0.663669,0.260334,-0.6925409,-0.7208667,-0.02718353,0,0,0,0.2425909
1732482675443,-42.50098,1.602204,-0.1428719,-0.9731023,0.1670928,0.1585948,-2.607536,0.1080573,-0.1896858,-42.51264,0.7348137,-0.3626823,-0.742086,-0.5301776,-0.410147,1.422215,-0.9983316,-1.112652,-41.80683,0.6702012,0.250309,-0.6955135,-0.7156706,-0.06385112,-2.48909,0.4899189,-0.7518768,0.2425909
1732482675448,-42.50098,1.602204,-0.1428719,-0.9731023,0.1670928,0.1585948,0,0,0,-42.51264,0.7348137,-0.3626823,-0.742086,-0.5301776,-0.410147,0,0,0,-41.80683,0.6702012,0.250309,-0.6955135,-0.7156706,-0.06385112,0,0,0,0.2425909
1732482675470,-42.53491,1.602013,-0.1457405,-0.9755574,0.1680455,0.141594,-2.544308,-0.01435876,-0.2151489,-42.49495,0.7245802,-0.3788872,-0.6301768,-0.6010676,-0.4915236,1.32637,-0.7675096,-1.215363,-41.84081,0.6755749,0.2404976,-0.7056081,-0.7038032,-0.08233392,-2.548313,0.4030243,-0.7358551,0.2425909
1732482675476,-42.53491,1.602013,-0.1457405,-0.9755574,0.1680455,0.141594,0,0,0,-42.49495,0.7245802,-0.3788872,-0.6301768,-0.6010676,-0.4915236,0,0,0,-41.84081,0.6755749,0.2404976,-0.7056081,-0.7038032,-0.08233392,0,0,0,0.2425909
1732482675498,-42.56854,1.599379,-0.1494598,-0.9782296,0.1689117,0.1205657,-2.522564,-0.1975358,-0.2789497,-42.47606,0.716161,-0.3937416,-0.5271129,-0.6461117,-0.5519892,1.417065,-0.6314412,-1.114082,-41.87895,0.6804804,0.2381096,-0.7220713,-0.6845835,-0.09979486,-2.860451,0.3679141,-0.1791,0.2425909
1732482675504,-42.56854,1.599379,-0.1494598,-0.9782296,0.1689117,0.1205657,0,0,0,-42.47606,0.716161,-0.3937416,-0.5271129,-0.6461117,-0.5519892,0,0,0,-41.87895,0.6804804,0.2381096,-0.7220713,-0.6845835,-0.09979486,0,0,0,0.2425909
1732482675526,-42.60257,1.594681,-0.1527672,-0.9805615,0.169801,0.0983218,-2.552319,-0.3523529,-0.2480507,-42.45773,0.7109947,-0.4071732,-0.4519985,-0.6593904,-0.6007512,1.374435,-0.3874719,-1.007366,-41.90953,0.6833137,0.2413521,-0.7379698,-0.662996,-0.1258465,-2.293968,0.212498,0.243187,0.2425909
1732482675531,-42.60257,1.594681,-0.1527672,-0.9805615,0.169801,0.0983218,0,0,0,-42.45773,0.7109947,-0.4071732,-0.4519985,-0.6593904,-0.6007512,0,0,0,-41.90953,0.6833137,0.2413521,-0.7379698,-0.662996,-0.1258465,0,0,0,0.2425909
1732482675554,-42.63664,1.589592,-0.1562004,-0.9819469,0.1719415,0.07884538,-2.554893,-0.3816694,-0.2574921,-42.44297,0.7101126,-0.4189758,-0.3532642,-0.6656584,-0.6573462,1.107216,-0.06616116,-0.8852005,-41.94663,0.6865772,0.2265625,-0.7561396,-0.6359388,-0.154387,-2.782345,0.2447605,-1.109219,0.2425909
1732482675559,-42.63664,1.589592,-0.1562004,-0.9819469,0.1719415,0.07884538,0,0,0,-42.44297,0.7101126,-0.4189758,-0.3532642,-0.6656584,-0.6573462,0,0,0,-41.94663,0.6865772,0.2265625,-0.7561396,-0.6359388,-0.154387,0,0,0,0.2425909
1732482675582,-42.67113,1.583716,-0.1595573,-0.9820133,0.1773954,0.06466073,-2.586937,-0.4407406,-0.25177,-42.43336,0.7122796,-0.4282074,-0.2451288,-0.6706291,-0.700121,0.7204056,0.162524,-0.6923676,-41.98396,0.6883533,0.2117805,-0.7670461,-0.616744,-0.1768259,-2.799511,0.1332074,-1.108646,0.2425909
1732482675587,-42.67113,1.583716,-0.1595573,-0.9820133,0.1773954,0.06466073,0,0,0,-42.43336,0.7122796,-0.4282074,-0.2451288,-0.6706291,-0.700121,0,0,0,-41.98396,0.6883533,0.2117805,-0.7670461,-0.616744,-0.1768259,0,0,0,0.2425909
1732482675609,-42.70605,1.576415,-0.1620674,-0.9813192,0.1840523,0.05601394,-2.61898,-0.5475551,-0.1882553,-42.43034,0.7165902,-0.4348106,-0.1428757,-0.6676034,-0.7306798,0.2271652,0.3233001,-0.4952431,-42.02296,0.6875753,0.2050819,-0.7739523,-0.60342,-0.1920484,-2.925396,-0.05834699,-0.5023956,0.2425909
1732482675615,-42.70605,1.576415,-0.1620674,-0.9813192,0.1840523,0.05601394,0,0,0,-42.43034,0.7165902,-0.4348106,-0.1428757,-0.6676034,-0.7306798,0,0,0,-42.02296,0.6875753,0.2050819,-0.7739523,-0.60342,-0.1920484,0,0,0,0.2425909
1732482675637,-42.74052,1.569247,-0.1636086,-0.9819191,0.1815924,0.05347091,-2.58522,-0.537622,-0.1155853,-42.43409,0.7205464,-0.4400597,-0.05093154,-0.6676583,-0.7427239,-0.2812386,0.2967104,-0.3936768,-42.05642,0.686074,0.2008133,-0.781403,-0.590494,-0.2018089,-2.509403,-0.1125991,-0.3201485,0.2425909
1732482675642,-42.74052,1.569247,-0.1636086,-0.9819191,0.1815924,0.05347091,0,0,0,-42.43409,0.7205464,-0.4400597,-0.05093154,-0.6676583,-0.7427239,0,0,0,-42.05642,0.686074,0.2008133,-0.781403,-0.590494,-0.2018089,0,0,0,0.2425909
1732482675665,-42.77568,1.563753,-0.1656189,-0.9832419,0.1733423,0.05646342,-2.636719,-0.412032,-0.1507759,-42.44617,0.7230216,-0.4444275,0.02307123,-0.6585946,-0.7521445,-0.9063721,0.1856446,-0.3275871,-42.09269,0.6830128,0.1969147,-0.7891195,-0.5805426,-0.2006522,-2.719975,-0.2295882,-0.2923965,0.2425909
1732482675670,-42.77568,1.563753,-0.1656189,-0.9832419,0.1733423,0.05646342,0,0,0,-42.44617,0.7230216,-0.4444275,0.02307123,-0.6585946,-0.7521445,0,0,0,-42.09269,0.6830128,0.1969147,-0.7891195,-0.5805426,-0.2006522,0,0,0,0.2425909
1732482675675,-42.77568,1.563753,-0.1656189,-0.9832419,0.1733423,0.05646342,0,0,0,-42.44617,0.7230216,-0.4444275,0.02307123,-0.6585946,-0.7521445,0,0,0,-42.09269,0.6830128,0.1969147,-0.7891195,-0.5805426,-0.2006522,0,0,0,0.2425909
1732482675693,-42.81137,1.562085,-0.1678963,-0.9826428,0.1753764,0.06046766,-2.677345,-0.1250893,-0.1708031,-42.46925,0.7235776,-0.4478722,0.05386847,-0.6517311,-0.7565352,-1.730633,0.04169941,-0.2583504,-42.14109,0.6792559,0.1960678,-0.7999113,-0.5756759,-0.169528,-3.630066,-0.2817705,-0.06351471,0.2425909
1732482675698,-42.81137,1.562085,-0.1678963,-0.9826428,0.1753764,0.06046766,0,0,0,-42.46925,0.7235776,-0.4478722,0.05386847,-0.6517311,-0.7565352,0,0,0,-42.14109,0.6792559,0.1960678,-0.7999113,-0.5756759,-0.169528,0,0,0,0.2425909
1732482675720,-42.84695,1.560589,-0.1706696,-0.981712,0.1810867,0.05873394,-2.668476,-0.1122236,-0.2079964,-42.49886,0.7234255,-0.4507904,0.0596737,-0.6469278,-0.7602136,-2.221298,-0.01140833,-0.2188683,-42.1722,0.6746559,0.2121201,-0.806352,-0.5788326,-0.1214476,-2.33345,-0.3449991,1.203918,0.2425909
1732482675726,-42.84695,1.560589,-0.1706696,-0.981712,0.1810867,0.05873394,0,0,0,-42.49886,0.7234255,-0.4507904,0.0596737,-0.6469278,-0.7602136,0,0,0,-42.1722,0.6746559,0.2121201,-0.806352,-0.5788326,-0.1214476,0,0,0,0.2425909
1732482675748,-42.88142,1.559057,-0.1735039,-0.9859107,0.1590377,0.05184358,-2.584648,-0.1148343,-0.212574,-42.54388,0.7200274,-0.4531174,0.04432586,-0.6547433,-0.7545509,-3.376579,-0.2548546,-0.1745224,-42.20356,0.6687776,0.2225761,-0.789614,-0.6100149,-0.06627166,-2.352047,-0.4408702,0.7842064,0.2425909
1732482675753,-42.88142,1.559057,-0.1735039,-0.9859107,0.1590377,0.05184358,0,0,0,-42.54388,0.7200274,-0.4531174,0.04432586,-0.6547433,-0.7545509,0,0,0,-42.20356,0.6687776,0.2225761,-0.789614,-0.6100149,-0.06627166,0,0,0,0.2425909
1732482675776,-42.91542,1.563077,-0.1759644,-0.9857708,0.1599024,0.05183983,-2.550602,0.3014982,-0.184536,-42.59811,0.7148351,-0.4558449,0.01533005,-0.6466143,-0.7626636,-4.06723,-0.3894255,-0.2045631,-42.23226,0.6620971,0.2335434,-0.7710511,-0.6367157,-0.008589983,-2.152061,-0.5010411,0.8225441,0.2425909
1732482675781,-42.91542,1.563077,-0.1759644,-0.9857708,0.1599024,0.05183983,0,0,0,-42.59811,0.7148351,-0.4558449,0.01533005,-0.6466143,-0.7626636,0,0,0,-42.23226,0.6620971,0.2335434,-0.7710511,-0.6367157,-0.008589983,0,0,0,0.2425909
1732482675804,-42.95004,1.560735,-0.1781578,-0.9898089,0.1308886,0.05609697,-2.596092,-0.1756489,-0.1645088,-42.66357,0.7069036,-0.4566803,-0.01850483,-0.6467693,-0.7624617,-4.908943,-0.5948648,-0.0626564,-42.27895,0.6538876,0.2388954,-0.735525,-0.6772423,0.01860738,-3.501606,-0.6157145,0.4014015,0.2425909
1732482675810,-42.95004,1.560735,-0.1781578,-0.9898089,0.1308886,0.05609697,0,0,0,-42.66357,0.7069036,-0.4566803,-0.01850483,-0.6467693,-0.7624617,0,0,0,-42.27895,0.6538876,0.2388954,-0.735525,-0.6772423,0.01860738,0,0,0,0.2425909
1732482675832,-42.98584,1.570714,-0.1839409,-0.9856857,0.1547665,0.06686908,-2.684784,0.7483542,-0.4337311,-42.73298,0.6990576,-0.456768,-0.06098515,-0.6488088,-0.7585044,-5.206203,-0.5884498,-0.006580353,-42.3049,0.646751,0.2437248,-0.7140257,-0.6976522,0.05872989,-1.946926,-0.5352393,0.3622055,0.2425909
1732482675837,-42.98584,1.570714,-0.1839409,-0.9856857,0.1547665,0.06686908,0,0,0,-42.73298,0.6990576,-0.456768,-0.06098515,-0.6488088,-0.7585044,0,0,0,-42.3049,0.646751,0.2437248,-0.7140257,-0.6976522,0.05872989,0,0,0,0.2425909
1732482675859,-43.02153,1.573985,-0.1879272,-0.9816601,0.1760696,0.0730983,-2.676773,0.2453685,-0.2989769,-42.80665,0.69443,-0.4553795,-0.1287677,-0.654452,-0.7450587,-5.525208,-0.3470689,0.1041412,-42.32812,0.6444072,0.2452583,-0.6834569,-0.7233829,0.09800053,-1.740932,-0.1757875,0.1150131,0.2425909
1732482675865,-43.02153,1.573985,-0.1879272,-0.9816601,0.1760696,0.0730983,0,0,0,-42.80665,0.69443,-0.4553795,-0.1287677,-0.654452,-0.7450587,0,0,0,-42.32812,0.6444072,0.2452583,-0.6834569,-0.7233829,0.09800053,0,0,0,0.2425909
1732482675887,-43.0574,1.578864,-0.1904259,-0.9812904,0.1771063,0.07551813,-2.690506,0.3658891,-0.187397,-42.88684,0.69193,-0.4527779,-0.2186693,-0.6625946,-0.7163472,-6.014442,-0.1874998,0.1951218,-42.35266,0.6438914,0.2472153,-0.6471191,-0.7538872,0.1135401,-1.841068,-0.03868639,0.1467705,0.2425909
1732482675892,-43.0574,1.578864,-0.1904259,-0.9812904,0.1771063,0.07551813,0,0,0,-42.88684,0.69193,-0.4527779,-0.2186693,-0.6625946,-0.7163472,0,0,0,-42.35266,0.6438914,0.2472153,-0.6471191,-0.7538872,0.1135401,0,0,0,0.2425909
1732482675915,-43.0933,1.585083,-0.1926613,-0.9809511,0.1791514,0.07510006,-2.692795,0.4664183,-0.1676559,-42.97281,0.6919518,-0.4479828,-0.328425,-0.6483342,-0.6868773,-6.447029,0.001631677,0.3596306,-42.38256,0.6450348,0.2437363,-0.6234835,-0.7758592,0.09649533,-2.241898,0.08575469,-0.2609253,0.2425909
1732482675920,-43.0933,1.585083,-0.1926613,-0.9809511,0.1791514,0.07510006,0,0,0,-42.97281,0.6919518,-0.4479828,-0.328425,-0.6483342,-0.6868773,0,0,0,-42.38256,0.6450348,0.2437363,-0.6234835,-0.7758592,0.09649533,0,0,0,0.2425909
1732482675943,-43.1292,1.590289,-0.1943092,-0.9827657,0.171068,0.07005376,-2.692223,0.3905207,-0.1235962,-43.06168,0.6964668,-0.4406815,-0.4514888,-0.6215654,-0.6401682,-6.665897,0.3386289,0.5475998,-42.41125,0.6486351,0.2394104,-0.6120432,-0.7873817,0.073713,-2.152348,0.2700269,-0.32444,0.2425909
1732482675949,-43.1292,1.590289,-0.1943092,-0.9827657,0.171068,0.07005376,0,0,0,-43.06168,0.6964668,-0.4406815,-0.4514888,-0.6215654,-0.6401682,0,0,0,-42.41125,0.6486351,0.2394104,-0.6120432,-0.7873817,0.073713,0,0,0,0.2425909
1732482675970,-43.16383,1.592411,-0.1948166,-0.9835799,0.1694231,0.06218404,-2.597237,0.1591355,-0.03805161,-43.15351,0.7071038,-0.4305344,-0.5781069,-0.5754117,-0.5785277,-6.887341,0.7977784,0.7610321,-42.4417,0.6536631,0.235363,-0.5930709,-0.8026481,0.06342936,-2.283096,0.3770962,-0.3035545,0.2425909
1732482675976,-43.16383,1.592411,-0.1948166,-0.9835799,0.1694231,0.06218404,0,0,0,-43.15351,0.7071038,-0.4305344,-0.5781069,-0.5754117,-0.5785277,0,0,0,-42.4417,0.6536631,0.235363,-0.5930709,-0.8026481,0.06342936,0,0,0,0.2425909
1732482675981,-43.16383,1.592411,-0.1948166,-0.9835799,0.1694231,0.06218404,0,0,0,-43.15351,0.7071038,-0.4305344,-0.5781069,-0.5754117,-0.5785277,0,0,0,-42.4417,0.6536631,0.235363,-0.5930709,-0.8026481,0.06342936,0,0,0,0.2425909
1732482675998,-43.19871,1.591356,-0.1960907,-0.9854254,0.1589527,0.060592,-2.616119,-0.07912517,-0.09555817,-43.24782,0.7237897,-0.4152832,-0.7107416,-0.5081982,-0.4863966,-7.073021,1.251438,1.143837,-42.48832,0.6520063,0.2275772,-0.5740301,-0.8152433,0.07660609,-3.496456,-0.1242578,-0.5839348,0.2425909
1732482676004,-43.19871,1.591356,-0.1960907,-0.9854254,0.1589527,0.060592,0,0,0,-43.24782,0.7237897,-0.4152832,-0.7107416,-0.5081982,-0.4863966,0,0,0,-42.48832,0.6520063,0.2275772,-0.5740301,-0.8152433,0.07660609,0,0,0,0.2425909
1732482676026,-43.2324,1.589613,-0.1970482,-0.9860622,0.1540088,0.06295091,-2.526855,-0.130713,-0.07181168,-43.33521,0.7419575,-0.3984299,-0.8530732,-0.4080304,-0.3252355,-6.554317,1.362589,1.264,-42.50666,0.6525714,0.2313881,-0.5591798,-0.8245614,0.086119,-1.37558,0.04238337,0.2858162,0.2425909
1732482676032,-43.2324,1.589613,-0.1970482,-0.9860622,0.1540088,0.06295091,0,0,0,-43.33521,0.7419575,-0.3984299,-0.8530732,-0.4080304,-0.3252355,0,0,0,-42.50666,0.6525714,0.2313881,-0.5591798,-0.8245614,0.086119,0,0,0,0.2425909
1732482676052,-43.26581,1.585966,-0.1981621,-0.9859786,0.1527575,0.06716967,-2.505684,-0.2735674,-0.08354187,-43.41735,0.7640095,-0.3814392,-0.9529573,-0.2587826,-0.1578119,-6.160641,1.653895,1.2743,-42.55117,0.6444958,0.2292671,-0.5696983,-0.8164544,0.0940547,-3.338528,-0.6056696,-0.1590729,0.2425909
1732482676058,-43.26581,1.585966,-0.1981621,-0.9859786,0.1527575,0.06716967,0,0,0,-43.41735,0.7640095,-0.3814392,-0.9529573,-0.2587826,-0.1578119,0,0,0,-42.55117,0.6444958,0.2292671,-0.5696983,-0.8164544,0.0940547,0,0,0,0.2425909
1732482676081,-43.30043,1.580836,-0.199894,-0.9855858,0.1541966,0.06960326,-2.596664,-0.3847092,-0.1298904,-43.4981,0.7908361,-0.3681221,-0.9817372,-0.1413567,-0.127322,-6.056213,2.011997,0.9987831,-42.57293,0.6416532,0.2324753,-0.5766424,-0.8108171,0.1002982,-1.631641,-0.2131954,0.240612,0.2425909
1732482676086,-43.30043,1.580836,-0.199894,-0.9855858,0.1541966,0.06960326,0,0,0,-43.4981,0.7908361,-0.3681221,-0.9817372,-0.1413567,-0.127322,0,0,0,-42.57293,0.6416532,0.2324753,-0.5766424,-0.8108171,0.1002982,0,0,0,0.2425909
1732482676109,-43.33481,1.574726,-0.2021675,-0.9851455,0.1553943,0.07308656,-2.578354,-0.4582822,-0.170517,-43.57157,0.8187365,-0.3565216,-0.9846777,-0.05686706,-0.1648529,-5.509758,2.09253,0.8700371,-42.61995,0.6330998,0.2282715,-0.5821397,-0.8039173,0.1217793,-3.526783,-0.6415084,-0.3152847,0.2425909
1732482676114,-43.33481,1.574726,-0.2021675,-0.9851455,0.1553943,0.07308656,0,0,0,-43.57157,0.8187365,-0.3565216,-0.9846777,-0.05686706,-0.1648529,0,0,0,-42.61995,0.6330998,0.2282715,-0.5821397,-0.8039173,0.1217793,0,0,0,0.2425909
1732482676137,-43.36986,1.567525,-0.2042198,-0.9854508,0.1512039,0.07761735,-2.628708,-0.5400985,-0.153923,-43.6273,0.8465554,-0.3573112,-0.983143,-0.006560713,-0.1827221,-4.179955,2.086414,-0.05922318,-42.66341,0.6247494,0.2252579,-0.5718756,-0.8072076,0.1462006,-3.259563,-0.6262779,-0.2260208,0.2425909
1732482676142,-43.36986,1.567525,-0.2042198,-0.9854508,0.1512039,0.07761735,0,0,0,-43.6273,0.8465554,-0.3573112,-0.983143,-0.006560713,-0.1827221,0,0,0,-42.66341,0.6247494,0.2252579,-0.5718756,-0.8072076,0.1462006,0,0,0,0.2425909
1732482676165,-43.40585,1.559585,-0.2065964,-0.9855005,0.1481975,0.08262271,-2.699089,-0.5954683,-0.1782417,-43.68529,0.8668789,-0.3565369,-0.9838589,0.0380857,-0.1748471,-4.349327,1.524268,0.05807877,-42.69873,0.6171777,0.22332,-0.5694413,-0.8063722,0.1596902,-2.649307,-0.5678818,-0.14534,0.2425909
1732482676170,-43.40585,1.559585,-0.2065964,-0.9855005,0.1481975,0.08262271,0,0,0,-43.68529,0.8668789,-0.3565369,-0.9838589,0.0380857,-0.1748471,0,0,0,-42.69873,0.6171777,0.22332,-0.5694413,-0.8063722,0.1596902,0,0,0,0.2425909
1732482676193,-43.44121,1.552803,-0.2088814,-0.9872338,0.1347096,0.08498901,-2.652168,-0.5086362,-0.1713753,-43.74236,0.8821167,-0.3555412,-0.973304,0.1132269,-0.1996495,-4.279804,1.142836,0.0746727,-42.73087,0.609604,0.220295,-0.5770456,-0.7998959,0.1648793,-2.410126,-0.5680248,-0.2268791,0.2425909
1732482676198,-43.44121,1.552803,-0.2088814,-0.9872338,0.1347096,0.08498901,0,0,0,-43.74236,0.8821167,-0.3555412,-0.973304,0.1132269,-0.1996495,0,0,0,-42.73087,0.609604,0.220295,-0.5770456,-0.7998959,0.1648793,0,0,0,0.2425909
1732482676220,-43.47686,1.548684,-0.2095757,-0.9891362,0.122168,0.08176321,-2.67334,-0.3089279,-0.05207062,-43.79184,0.8947358,-0.3570175,-0.9562427,0.1877124,-0.2244198,-3.711605,0.9464309,-0.1107216,-42.77317,0.6032381,0.2142448,-0.5826647,-0.7924727,0.1802477,-3.172302,-0.4774421,-0.4537582,0.2425909
1732482676226,-43.47686,1.548684,-0.2095757,-0.9891362,0.122168,0.08176321,0,0,0,-43.79184,0.8947358,-0.3570175,-0.9562427,0.1877124,-0.2244198,0,0,0,-42.77317,0.6032381,0.2142448,-0.5826647,-0.7924727,0.1802477,0,0,0,0.2425909
1732482676248,-43.51271,1.547527,-0.2098351,-0.9898174,0.1179195,0.07972974,-2.689362,-0.08682311,-0.01945496,-43.83477,0.9051854,-0.3605003,-0.9387426,0.2174034,-0.2673925,-3.219795,0.7837191,-0.2612114,-42.80584,0.6015017,0.2144356,-0.5840315,-0.7883096,0.1935863,-2.450466,-0.1302302,0.01430511,0.2425909
1732482676254,-43.51271,1.547527,-0.2098351,-0.9898174,0.1179195,0.07972974,0,0,0,-43.83477,0.9051854,-0.3605003,-0.9387426,0.2174034,-0.2673925,0,0,0,-42.80584,0.6015017,0.2144356,-0.5840315,-0.7883096,0.1935863,0,0,0,0.2425909
1732482676276,-43.54854,1.552264,-0.210495,-0.9914483,0.1015807,0.08192658,-2.687073,0.3553391,-0.0494957,-43.86984,0.9069884,-0.3664665,-0.9217063,0.1906309,-0.3378139,-2.629852,0.135228,-0.447464,-42.82168,0.6029403,0.2087593,-0.5989408,-0.7754208,0.1999813,-1.187897,0.1078919,-0.4257202,0.2425909
1732482676281,-43.54854,1.552264,-0.210495,-0.9914483,0.1015807,0.08192658,0,0,0,-43.86984,0.9069884,-0.3664665,-0.9217063,0.1906309,-0.3378139,0,0,0,-42.82168,0.6029403,0.2087593,-0.5989408,-0.7754208,0.1999813,0,0,0,0.2425909
1732482676304,-43.58431,1.559466,-0.2100067,-0.9898149,0.114759,0.08424413,-2.682495,0.5401343,0.03662109,-43.89737,0.9036952,-0.3708076,-0.9033918,0.1474052,-0.4026856,-2.064514,-0.2469957,-0.3255844,-42.84523,0.6045855,0.2092667,-0.6186731,-0.7590155,0.2028285,-1.766682,0.1233906,0.03805161,0.2425909
1732482676309,-43.58431,1.559466,-0.2100067,-0.9898149,0.114759,0.08424413,0,0,0,-43.89737,0.9036952,-0.3708076,-0.9033918,0.1474052,-0.4026856,0,0,0,-42.84523,0.6045855,0.2092667,-0.6186731,-0.7590155,0.2028285,0,0,0,0.2425909
1732482676331,-43.61982,1.565572,-0.2105217,-0.9880288,0.124677,0.09085798,-2.663612,0.4579514,-0.03862381,-43.91523,0.8919594,-0.375782,-0.8928884,0.06941414,-0.4448962,-1.339531,-0.8801848,-0.3730774,-42.8928,0.6121849,0.2078018,-0.6184821,-0.7638266,0.1845239,-3.567123,0.569956,-0.1098633,0.2425909
1732482676337,-43.61982,1.565572,-0.2105217,-0.9880288,0.124677,0.09085798,0,0,0,-43.91523,0.8919594,-0.375782,-0.8928884,0.06941414,-0.4448962,0,0,0,-42.8928,0.6121849,0.2078018,-0.6184821,-0.7638266,0.1845239,0,0,0,0.2425909
1732482676359,-43.65485,1.568699,-0.2120514,-0.9870594,0.1236911,0.1020526,-2.626705,0.2344787,-0.114727,-43.92624,0.8693219,-0.3776131,-0.8989105,-0.05731192,-0.4343678,-0.8259773,-1.697811,-0.1373291,-42.92796,0.6188397,0.2008591,-0.6193517,-0.7707783,0.1493469,-2.637005,0.4991099,-0.5207062,0.2425909
1732482676364,-43.65485,1.568699,-0.2120514,-0.9870594,0.1236911,0.1020526,0,0,0,-43.92624,0.8693219,-0.3776131,-0.8989105,-0.05731192,-0.4343678,0,0,0,-42.92796,0.6188397,0.2008591,-0.6193517,-0.7707783,0.1493469,0,0,0,0.2425909
1732482676369,-43.65485,1.568699,-0.2120514,-0.9870594,0.1236911,0.1020526,0,0,0,-43.92624,0.8693219,-0.3776131,-0.8989105,-0.05731192,-0.4343678,0,0,0,-42.92796,0.6188397,0.2008591,-0.6193517,-0.7707783,0.1493469,0,0,0,0.2425909
1732482676387,-43.68948,1.575229,-0.2147408,-0.9865487,0.1229592,0.1077175,-2.597237,0.4897714,-0.2017021,-43.93152,0.8408659,-0.3760757,-0.9191628,-0.1334079,-0.3705982,-0.3962517,-2.134202,0.1152992,-42.97057,0.6284257,0.1853714,-0.6587675,-0.7457029,0.0997647,-3.196049,0.7189482,-1.161575,0.2425909
1732482676393,-43.68948,1.575229,-0.2147408,-0.9865487,0.1229592,0.1077175,0,0,0,-43.93152,0.8408659,-0.3760757,-0.9191628,-0.1334079,-0.3705982,0,0,0,-42.97057,0.6284257,0.1853714,-0.6587675,-0.7457029,0.0997647,0,0,0,0.2425909
1732482676415,-43.72407,1.580418,-0.2175941,-0.986621,0.1245725,0.1051721,-2.594376,0.3892064,-0.2140045,-43.92921,0.8153813,-0.3789253,-0.9366281,-0.1745314,-0.303755,0.173378,-1.911342,-0.2137184,-42.99959,0.6361309,0.1737556,-0.683546,-0.7283702,0.04735309,-2.17638,0.5778909,-0.8711815,0.2425909
1732482676420,-43.72407,1.580418,-0.2175941,-0.986621,0.1245725,0.1051721,0,0,0,-43.92921,0.8153813,-0.3789253,-0.9366281,-0.1745314,-0.303755,0,0,0,-42.99959,0.6361309,0.1737556,-0.683546,-0.7283702,0.04735309,0,0,0,0.2425909
1732482676443,-43.76007,1.586851,-0.2188454,-0.9873838,0.1230342,0.09968114,-2.70052,0.4824847,-0.09384155,-43.91919,0.7882205,-0.3892212,-0.9376994,-0.2384034,-0.2527529,0.7513046,-2.037062,-0.7721901,-43.0407,0.646708,0.1616821,-0.6908271,-0.7230052,0.004637718,-3.083611,0.7932812,-0.9055138,0.2425909
1732482676448,-43.76007,1.586851,-0.2188454,-0.9873838,0.1230342,0.09968114,0,0,0,-43.91919,0.7882205,-0.3892212,-0.9376994,-0.2384034,-0.2527529,0,0,0,-43.0407,0.646708,0.1616821,-0.6908271,-0.7230052,0.004637718,0,0,0,0.2425909
1732482676470,-43.79423,1.592156,-0.2222404,-0.9875861,0.1260669,0.09370708,-2.56176,0.3978521,-0.254631,-43.90429,0.7651297,-0.4054909,-0.890402,-0.3484875,-0.2928157,1.118088,-1.731804,-1.220226,-43.08027,0.6559939,0.1523972,-0.6915968,-0.7221507,-0.01387858,-2.967453,0.696449,-0.696373,0.2425909
1732482676476,-43.79423,1.592156,-0.2222404,-0.9875861,0.1260669,0.09370708,0,0,0,-43.90429,0.7651297,-0.4054909,-0.890402,-0.3484875,-0.2928157,0,0,0,-43.08027,0.6559939,0.1523972,-0.6915968,-0.7221507,-0.01387858,0,0,0,0.2425909
1732482676498,-43.82827,1.59571,-0.2265778,-0.9891866,0.1198511,0.08453411,-2.552605,0.2665669,-0.3252983,-43.88711,0.7460127,-0.4216995,-0.806496,-0.4522315,-0.3808558,1.288033,-1.433779,-1.215649,-43.11479,0.6636791,0.1463432,-0.699078,-0.7137919,-0.04232669,-2.58894,0.5763844,-0.4540443,0.2425909
1732482676503,-43.82827,1.59571,-0.2265778,-0.9891866,0.1198511,0.08453411,0,0,0,-43.88711,0.7460127,-0.4216995,-0.806496,-0.4522315,-0.3808558,0,0,0,-43.11479,0.6636791,0.1463432,-0.699078,-0.7137919,-0.04232669,0,0,0,0.2425909
1732482676526,-43.86185,1.598275,-0.2311745,-0.9906136,0.1139691,0.07547164,-2.518845,0.192377,-0.3447533,-43.86873,0.7299196,-0.436039,-0.7130814,-0.5420782,-0.4445972,1.378727,-1.206981,-1.075459,-43.15202,0.6711198,0.141613,-0.707793,-0.7036165,-0.0628773,-2.792358,0.5580559,-0.3547668,0.2425909
1732482676532,-43.86185,1.598275,-0.2311745,-0.9906136,0.1139691,0.07547164,0,0,0,-43.86873,0.7299196,-0.436039,-0.7130814,-0.5420782,-0.4445972,0,0,0,-43.15202,0.6711198,0.141613,-0.707793,-0.7036165,-0.0628773,0,0,0,0.2425909
1732482676554,-43.89415,1.598582,-0.2339058,-0.9913053,0.1135775,0.06644243,-2.422142,0.02295971,-0.2048492,-43.84847,0.7194912,-0.4519043,-0.6001837,-0.6250799,-0.4990542,1.519489,-0.7821277,-1.189899,-43.18845,0.6772134,0.1400719,-0.7141135,-0.6954603,-0.07985926,-2.732277,0.4570216,-0.1155853,0.2425909
1732482676559,-43.89415,1.598582,-0.2339058,-0.9913053,0.1135775,0.06644243,0,0,0,-43.84847,0.7194912,-0.4519043,-0.6001837,-0.6250799,-0.4990542,0,0,0,-43.18845,0.6772134,0.1400719,-0.7141135,-0.6954603,-0.07985926,0,0,0,0.2425909
1732482676581,-43.92638,1.596411,-0.2365532,-0.9915362,0.1168212,0.05664855,-2.417278,-0.1627743,-0.198555,-43.8274,0.712502,-0.4666061,-0.5116107,-0.6666805,-0.5420258,1.579857,-0.524193,-1.102638,-43.22693,0.6815997,0.1400337,-0.7157349,-0.6912675,-0.09936476,-2.885914,0.3289685,-0.002861023,0.2425909
1732482676587,-43.92638,1.596411,-0.2365532,-0.9915362,0.1168212,0.05664855,0,0,0,-43.8274,0.712502,-0.4666061,-0.5116107,-0.6666805,-0.5420258,0,0,0,-43.22693,0.6815997,0.1400337,-0.7157349,-0.6912675,-0.09936476,0,0,0,0.2425909
1732482676609,-43.95945,1.592396,-0.2409325,-0.9909246,0.1256682,0.04770994,-2.480793,-0.3011137,-0.3284454,-43.80921,0.7080102,-0.4829292,-0.422597,-0.6892354,-0.5885297,1.364708,-0.3368855,-1.224232,-43.26372,0.6831579,0.1378441,-0.7208122,-0.680779,-0.1302675,-2.759457,0.1168638,-0.1642227,0.2425909
1732482676615,-43.95945,1.592396,-0.2409325,-0.9909246,0.1256682,0.04770994,0,0,0,-43.80921,0.7080102,-0.4829292,-0.422597,-0.6892354,-0.5885297,0,0,0,-43.26372,0.6831579,0.1378441,-0.7208122,-0.680779,-0.1302675,0,0,0,0.2425909
1732482676637,-43.99273,1.586773,-0.2441139,-0.9894821,0.1389795,0.04012656,-2.495956,-0.4217237,-0.2386093,-43.79428,0.7068038,-0.4977875,-0.3342257,-0.684081,-0.6483265,1.119518,-0.09047985,-1.114368,-43.29559,0.6831895,0.1308022,-0.7273488,-0.6662929,-0.1643713,-2.390385,0.002373755,-0.5281448,0.2425909
1732482676642,-43.99273,1.586773,-0.2441139,-0.9894821,0.1389795,0.04012656,0,0,0,-43.79428,0.7068038,-0.4977875,-0.3342257,-0.684081,-0.6483265,0,0,0,-43.29559,0.6831895,0.1308022,-0.7273488,-0.6662929,-0.1643713,0,0,0,0.2425909
1732482676647,-43.99273,1.586773,-0.2441139,-0.9894821,0.1389795,0.04012656,0,0,0,-43.79428,0.7068038,-0.4977875,-0.3342257,-0.684081,-0.6483265,0,0,0,-43.29559,0.6831895,0.1308022,-0.7273488,-0.6662929,-0.1643713,0,0,0,0.2425909
1732482676665,-44.02629,1.579798,-0.2438698,-0.9881365,0.1498752,0.03352606,-2.516556,-0.523138,0.01831055,-43.78544,0.7089029,-0.50877,-0.2378619,-0.6857057,-0.687917,0.662899,0.1574323,-0.8236885,-43.33491,0.6823174,0.1207581,-0.7373841,-0.6470386,-0.1939235,-2.948856,-0.06540567,-0.7533073,0.2425909
1732482676670,-44.02629,1.579798,-0.2438698,-0.9881365,0.1498752,0.03352606,0,0,0,-43.78544,0.7089029,-0.50877,-0.2378619,-0.6857057,-0.687917,0,0,0,-43.33491,0.6823174,0.1207581,-0.7373841,-0.6470386,-0.1939235,0,0,0,0.2425909
1732482676693,-44.05999,1.571463,-0.2481956,-0.9878863,0.152873,0.02666551,-2.528,-0.6251782,-0.32444,-43.7807,0.7108653,-0.518486,-0.1444849,-0.680491,-0.7183707,0.3556252,0.1471817,-0.7287025,-43.36098,0.6800494,0.1061974,-0.7431612,-0.6328005,-0.2174298,-1.954937,-0.1701012,-1.092052,0.2425909
1732482676698,-44.05999,1.571463,-0.2481956,-0.9878863,0.152873,0.02666551,0,0,0,-43.7807,0.7108653,-0.518486,-0.1444849,-0.680491,-0.7183707,0,0,0,-43.36098,0.6800494,0.1061974,-0.7431612,-0.6328005,-0.2174298,0,0,0,0.2425909
1732482676719,-44.09398,1.565478,-0.2501793,-0.9884263,0.1501954,0.02133667,-2.548599,-0.4488677,-0.1487732,-43.78654,0.7145341,-0.5259895,-0.07368824,-0.6727383,-0.7362024,-0.4377365,0.2751589,-0.5627632,-43.39233,0.6766615,0.09512711,-0.7491029,-0.6214968,-0.2293187,-2.351761,-0.2540946,-0.8302689,0.2425909
1732482676724,-44.09398,1.565478,-0.2501793,-0.9884263,0.1501954,0.02133667,0,0,0,-43.78654,0.7145341,-0.5259895,-0.07368824,-0.6727383,-0.7362024,0,0,0,-43.39233,0.6766615,0.09512711,-0.7491029,-0.6214968,-0.2293187,0,0,0,0.2425909
1732482676747,-44.12866,1.560776,-0.2548294,-0.9880781,0.1528138,0.01871228,-2.601242,-0.352639,-0.3487587,-43.79757,0.7175143,-0.5341492,-0.0002749562,-0.6562811,-0.7545172,-0.8274078,0.2235174,-0.6119728,-43.42473,0.6734764,0.09343719,-0.7582899,-0.6121475,-0.2242153,-2.429581,-0.238882,-0.1267433,0.2425909
1732482676752,-44.12866,1.560776,-0.2548294,-0.9880781,0.1528138,0.01871228,0,0,0,-43.79757,0.7175143,-0.5341492,-0.0002749562,-0.6562811,-0.7545172,0,0,0,-43.42473,0.6734764,0.09343719,-0.7582899,-0.6121475,-0.2242153,0,0,0,0.2425909
1732482676775,-44.16365,1.560511,-0.2594452,-0.9887893,0.1483508,0.01698577,-2.62413,-0.01988411,-0.3461838,-43.82347,0.7199918,-0.5423241,0.0375652,-0.6228171,-0.7814658,-1.942635,0.18581,-0.6131172,-43.45203,0.6711174,0.09269714,-0.765453,-0.6102079,-0.2042761,-2.047348,-0.1769274,-0.05550385,0.2425909
1732482676780,-44.16365,1.560511,-0.2594452,-0.9887893,0.1483508,0.01698577,0,0,0,-43.82347,0.7199918,-0.5423241,0.0375652,-0.6228171,-0.7814658,0,0,0,-43.45203,0.6711174,0.09269714,-0.765453,-0.6102079,-0.2042761,0,0,0,0.2425909
1732482676803,-44.19846,1.562805,-0.2650909,-0.990072,0.1401159,0.01120806,-2.61097,0.1721084,-0.4234314,-43.86046,0.720328,-0.5492439,0.05314225,-0.6002519,-0.7980442,-2.774334,0.02521276,-0.5189896,-43.50692,0.6665862,0.09545517,-0.7583581,-0.6365578,-0.1403115,-4.117012,-0.3398404,0.206852,0.2425909
1732482676808,-44.19846,1.562805,-0.2650909,-0.990072,0.1401159,0.01120806,0,0,0,-43.86046,0.720328,-0.5492439,0.05314225,-0.6002519,-0.7980442,0,0,0,-43.50692,0.6665862,0.09545517,-0.7583581,-0.6365578,-0.1403115,0,0,0,0.2425909
1732482676830,-44.23376,1.567194,-0.2713394,-0.9899716,0.1412246,0.003493965,-2.647591,0.3291517,-0.4686356,-43.91132,0.7195097,-0.553997,0.03918102,-0.5887325,-0.8073782,-3.814602,-0.06137341,-0.3564835,-43.54095,0.6637674,0.09872437,-0.7449996,-0.6624969,-0.07793331,-2.552605,-0.2114072,0.2451897,0.2425909
1732482676835,-44.23376,1.567194,-0.2713394,-0.9899716,0.1412246,0.003493965,0,0,0,-43.91132,0.7195097,-0.553997,0.03918102,-0.5887325,-0.8073782,0,0,0,-43.54095,0.6637674,0.09872437,-0.7449996,-0.6624969,-0.07793331,0,0,0,0.2425909
1732482676858,-44.26933,1.574214,-0.2782745,-0.9919631,0.1264186,-0.005308986,-2.667618,0.5265266,-0.520134,-43.96817,0.7177851,-0.5578308,-0.002119064,-0.5835137,-0.8121006,-4.263496,-0.1293406,-0.2875328,-43.56864,0.6616806,0.1016808,-0.7177684,-0.6960744,-0.01701641,-2.076244,-0.1565114,0.2217293,0.2425909
1732482676864,-44.26933,1.574214,-0.2782745,-0.9919631,0.1264186,-0.005308986,0,0,0,-43.96817,0.7177851,-0.5578308,-0.002119064,-0.5835137,-0.8121006,0,0,0,-43.56864,0.6616806,0.1016808,-0.7177684,-0.6960744,-0.01701641,0,0,0,0.2425909
1732482676886,-44.3039,1.577011,-0.2839928,-0.9924415,0.1220662,-0.0126394,-2.592659,0.2097309,-0.4288673,-44.04,0.7139933,-0.5593262,-0.08287601,-0.5899171,-0.8031998,-5.38702,-0.2843857,-0.1121521,-43.61,0.6573412,0.1116943,-0.6740654,-0.738291,0.02372128,-3.101921,-0.3254503,0.7510185,0.2425909
1732482676891,-44.3039,1.577011,-0.2839928,-0.9924415,0.1220662,-0.0126394,0,0,0,-44.04,0.7139933,-0.5593262,-0.08287601,-0.5899171,-0.8031998,0,0,0,-43.61,0.6573412,0.1116943,-0.6740654,-0.738291,0.02372128,0,0,0,0.2425909
1732482676914,-44.33749,1.583909,-0.2849083,-0.991299,0.1310399,-0.01245534,-2.519131,0.5173624,-0.06866455,-44.11018,0.7104902,-0.5613937,-0.1591116,-0.5965325,-0.7866594,-5.26371,-0.2627313,-0.1550674,-43.63837,0.6533218,0.1209946,-0.6438014,-0.7644337,0.03407615,-2.127743,-0.3014579,0.6975174,0.2425909
1732482676919,-44.33749,1.583909,-0.2849083,-0.991299,0.1310399,-0.01245534,0,0,0,-44.11018,0.7104902,-0.5613937,-0.1591116,-0.5965325,-0.7866594,0,0,0,-43.63837,0.6533218,0.1209946,-0.6438014,-0.7644337,0.03407615,0,0,0,0.2425909
1732482676942,-44.3709,1.588486,-0.2871132,-0.990771,0.1354696,-0.004594326,-2.50597,0.343287,-0.1653671,-44.18643,0.7086744,-0.5636711,-0.2833776,-0.5729678,-0.7690291,-5.718613,-0.1361847,-0.1708031,-43.66997,0.6496523,0.1227951,-0.6217359,-0.7832192,0.00354892,-2.370071,-0.2752125,0.1350403,0.2425909
1732482676947,-44.3709,1.588486,-0.2871132,-0.990771,0.1354696,-0.004594326,0,0,0,-44.18643,0.7086744,-0.5636711,-0.2833776,-0.5729678,-0.7690291,0,0,0,-43.66997,0.6496523,0.1227951,-0.6217359,-0.7832192,0.00354892,0,0,0,0.2425909
1732482676970,-44.40396,1.59398,-0.29076,-0.9915028,0.1300406,0.003522038,-2.479649,0.4120409,-0.2735138,-44.26326,0.7087842,-0.5637321,-0.431268,-0.5329269,-0.7280093,-5.762386,0.008234382,-0.004577637,-43.69127,0.6488161,0.1172638,-0.6110919,-0.790942,-0.03126895,-1.597595,-0.06271452,-0.4148483,0.2425909
1732482676976,-44.40396,1.59398,-0.29076,-0.9915028,0.1300406,0.003522038,0,0,0,-44.26326,0.7087842,-0.5637321,-0.431268,-0.5329269,-0.7280093,0,0,0,-43.69127,0.6488161,0.1172638,-0.6110919,-0.790942,-0.03126895,0,0,0,0.2425909
1732482676998,-44.437,1.600707,-0.2934914,-0.9919512,0.1258865,0.01363784,-2.477646,0.5044878,-0.2048492,-44.34541,0.7127547,-0.5603027,-0.5341488,-0.5079056,-0.6758089,-6.161499,0.2977878,0.257206,-43.72383,0.6511062,0.1096153,-0.6176777,-0.7862371,-0.01748979,-2.441883,0.1717597,-0.5736351,0.2425909
1732482677003,-44.437,1.600707,-0.2934914,-0.9919512,0.1258865,0.01363784,0,0,0,-44.34541,0.7127547,-0.5603027,-0.5341488,-0.5079056,-0.6758089,0,0,0,-43.72383,0.6511062,0.1096153,-0.6176777,-0.7862371,-0.01748979,0,0,0,0.2425909
1732482677008,-44.437,1.600707,-0.2934914,-0.9919512,0.1258865,0.01363784,0,0,0,-44.34541,0.7127547,-0.5603027,-0.5341488,-0.5079056,-0.6758089,0,0,0,-43.72383,0.6511062,0.1096153,-0.6176777,-0.7862371,-0.01748979,0,0,0,0.2425909
1732482677026,-44.46991,1.604872,-0.2945709,-0.9921448,0.1222022,0.02675492,-2.468204,0.3124416,-0.08096695,-44.43182,0.7227762,-0.5526657,-0.6192325,-0.4780079,-0.6229448,-6.480217,0.7516086,0.5727768,-43.74914,0.6542213,0.1085281,-0.6115519,-0.7909967,0.01813346,-1.898289,0.2336293,-0.08153915,0.2425909
1732482677032,-44.46991,1.604872,-0.2945709,-0.9921448,0.1222022,0.02675492,0,0,0,-44.43182,0.7227762,-0.5526657,-0.6192325,-0.4780079,-0.6229448,0,0,0,-43.74914,0.6542213,0.1085281,-0.6115519,-0.7909967,0.01813346,0,0,0,0.2425909
1732482677054,-44.50188,1.608106,-0.2939072,-0.9924586,0.1157893,0.04023838,-2.398109,0.2425432,0.0497818,-44.51398,0.7334797,-0.5448265,-0.6940262,-0.4464108,-0.564841,-6.162643,0.8027673,0.5879402,-43.79007,0.6598262,0.1118736,-0.6012125,-0.7980186,0.04135692,-3.070164,0.4203692,0.2509117,0.2425909
1732482677059,-44.50188,1.608106,-0.2939072,-0.9924586,0.1157893,0.04023838,0,0,0,-44.51398,0.7334797,-0.5448265,-0.6940262,-0.4464108,-0.564841,0,0,0,-43.79007,0.6598262,0.1118736,-0.6012125,-0.7980186,0.04135692,0,0,0,0.2425909
1732482677079,-44.53428,1.609744,-0.2952728,-0.9921424,0.1123084,0.05514151,-2.429581,0.1228452,-0.1024246,-44.59826,0.7481787,-0.5340805,-0.7728968,-0.4000534,-0.4925327,-6.320572,1.102419,0.8059502,-43.81483,0.6629003,0.1049347,-0.5975532,-0.800317,0.04922855,-1.856518,0.2305582,-0.5204201,0.2425909
1732482677084,-44.53428,1.609744,-0.2952728,-0.9921424,0.1123084,0.05514151,0,0,0,-44.59826,0.7481787,-0.5340805,-0.7728968,-0.4000534,-0.4925327,0,0,0,-43.81483,0.6629003,0.1049347,-0.5975532,-0.800317,0.04922855,0,0,0,0.2425909
1732482677106,-44.56673,1.60872,-0.2961388,-0.9910696,0.1136209,0.06979638,-2.434444,-0.07679164,-0.06494522,-44.67928,0.7655787,-0.5222549,-0.868178,-0.3142789,-0.3840525,-6.076241,1.305002,0.8869171,-43.83969,0.665049,0.09634399,-0.597708,-0.7998678,0.05437905,-1.865101,0.1611471,-0.6443024,0.2425909
1732482677112,-44.56673,1.60872,-0.2961388,-0.9910696,0.1136209,0.06979638,0,0,0,-44.67928,0.7655787,-0.5222549,-0.868178,-0.3142789,-0.3840525,0,0,0,-43.83969,0.665049,0.09634399,-0.597708,-0.7998678,0.05437905,0,0,0,0.2425909
1732482677135,-44.59904,1.60474,-0.2965622,-0.9899464,0.1126261,0.08556986,-2.423,-0.298503,-0.03175735,-44.75909,0.7855695,-0.5113068,-0.9301763,-0.2354738,-0.2816467,-5.985832,1.499315,0.8211136,-43.86873,0.6656852,0.08638382,-0.5989043,-0.7978063,0.06942022,-2.177811,0.04772097,-0.7470131,0.2425909
1732482677141,-44.59904,1.60474,-0.2965622,-0.9899464,0.1126261,0.08556986,0,0,0,-44.75909,0.7855695,-0.5113068,-0.9301763,-0.2354738,-0.2816467,0,0,0,-43.86873,0.6656852,0.08638382,-0.5989043,-0.7978063,0.06942022,0,0,0,0.2425909
1732482677164,-44.63169,1.598854,-0.2980766,-0.9885752,0.1119579,0.1009207,-2.44875,-0.4415095,-0.1135826,-44.82608,0.8104016,-0.4961624,-0.9593756,-0.1521159,-0.2376115,-5.024529,1.862401,1.135826,-43.89771,0.6637467,0.07497787,-0.6002145,-0.7947632,0.0899682,-2.172947,-0.1453936,-0.8554459,0.2425909
1732482677170,-44.63169,1.598854,-0.2980766,-0.9885752,0.1119579,0.1009207,0,0,0,-44.82608,0.8104016,-0.4961624,-0.9593756,-0.1521159,-0.2376115,0,0,0,-43.89771,0.6637467,0.07497787,-0.6002145,-0.7947632,0.0899682,0,0,0,0.2425909
1732482677191,-44.66555,1.591412,-0.2995338,-0.9870803,0.115157,0.1114074,-2.539158,-0.5580962,-0.1092911,-44.89319,0.8325222,-0.485939,-0.978785,-0.04960737,-0.1987953,-5.033398,1.659045,0.7667542,-43.92677,0.6594409,0.06602859,-0.5994014,-0.7920679,0.1155271,-2.180099,-0.3229335,-0.671196,0.2425909
1732482677197,-44.66555,1.591412,-0.2995338,-0.9870803,0.115157,0.1114074,0,0,0,-44.89319,0.8325222,-0.485939,-0.978785,-0.04960737,-0.1987953,0,0,0,-43.92677,0.6594409,0.06602859,-0.5994014,-0.7920679,0.1155271,0,0,0,0.2425909
1732482677219,-44.69843,1.583662,-0.301506,-0.9856789,0.1219099,0.1165142,-2.466202,-0.5812615,-0.1479149,-44.95394,0.8532172,-0.4774628,-0.9858571,0.002554625,-0.1675704,-4.555893,1.552132,0.6357193,-43.95747,0.6531263,0.05873489,-0.5944067,-0.7918221,0.1403536,-2.302551,-0.4735932,-0.5470276,0.2425909
1732482677225,-44.69843,1.583662,-0.301506,-0.9856789,0.1219099,0.1165142,0,0,0,-44.95394,0.8532172,-0.4774628,-0.9858571,0.002554625,-0.1675704,0,0,0,-43.95747,0.6531263,0.05873489,-0.5944067,-0.7918221,0.1403536,0,0,0,0.2425909
1732482677247,-44.73193,1.576845,-0.3042603,-0.9854645,0.1217449,0.1184825,-2.51255,-0.5112916,-0.2065659,-45.01165,0.8717757,-0.4708672,-0.9877366,0.03342587,-0.1525108,-4.328442,1.391883,0.4946709,-43.98112,0.647203,0.05509567,-0.5895751,-0.792035,0.1583734,-1.773834,-0.4442498,-0.2729416,0.2425909
1732482677254,-44.73193,1.576845,-0.3042603,-0.9854645,0.1217449,0.1184825,0,0,0,-45.01165,0.8717757,-0.4708672,-0.9877366,0.03342587,-0.1525108,0,0,0,-43.98112,0.647203,0.05509567,-0.5895751,-0.792035,0.1583734,0,0,0,0.2425909
1732482677276,-44.76577,1.571975,-0.3065491,-0.9864441,0.1162143,0.1158567,-2.537727,-0.3652096,-0.1716614,-45.06218,0.8882764,-0.4671211,-0.9853443,0.02627325,-0.1685442,-3.789711,1.237553,0.2809525,-44.01689,0.6383737,0.05213547,-0.5897136,-0.7904561,0.1655821,-2.682495,-0.6621972,-0.2220154,0.2425909
1732482677282,-44.76577,1.571975,-0.3065491,-0.9864441,0.1162143,0.1158567,0,0,0,-45.06218,0.8882764,-0.4671211,-0.9853443,0.02627325,-0.1685442,0,0,0,-44.01689,0.6383737,0.05213547,-0.5897136,-0.7904561,0.1655821,0,0,0,0.2425909
1732482677304,-44.80042,1.568029,-0.3081245,-0.9875589,0.1105138,0.111869,-2.598667,-0.2960086,-0.1181602,-45.10491,0.9006671,-0.4698753,-0.984329,-0.01151422,-0.1759669,-3.204918,0.9293005,-0.2065659,-44.05433,0.6307054,0.05167007,-0.5903,-0.7906163,0.162703,-2.807522,-0.5751193,-0.03490448,0.2425909
1732482677310,-44.80042,1.568029,-0.3081245,-0.9875589,0.1105138,0.111869,0,0,0,-45.10491,0.9006671,-0.4698753,-0.984329,-0.01151422,-0.1759669,0,0,0,-44.05433,0.6307054,0.05167007,-0.5903,-0.7906163,0.162703,0,0,0,0.2425909
1732482677317,-44.80042,1.568029,-0.3081245,-0.9875589,0.1105138,0.111869,0,0,0,-45.10491,0.9006671,-0.4698753,-0.984329,-0.01151422,-0.1759669,0,0,0,-44.05433,0.6307054,0.05167007,-0.5903,-0.7906163,0.162703,0,0,0,0.2425909
1732482677331,-44.83513,1.565966,-0.3090057,-0.9867933,0.1149945,0.1140858,-2.603817,-0.1546919,-0.06608963,-45.14331,0.907777,-0.4720726,-0.9790796,-0.03688616,-0.2001071,-2.879906,0.533241,-0.1647949,-44.09547,0.62466,0.05086517,-0.596974,-0.7869297,0.1560894,-3.085613,-0.4534096,-0.06036758,0.2425909
1732482677338,-44.83513,1.565966,-0.3090057,-0.9867933,0.1149945,0.1140858,0,0,0,-45.14331,0.907777,-0.4720726,-0.9790796,-0.03688616,-0.2001071,0,0,0,-44.09547,0.62466,0.05086517,-0.596974,-0.7869297,0.1560894,0,0,0,0.2425909
1732482677359,-44.86987,1.570736,-0.3097496,-0.9885719,0.09930665,0.1134198,-2.604961,0.3577352,-0.05578995,-45.17713,0.9102021,-0.4751778,-0.9703131,-0.03276315,-0.2396238,-2.536297,0.1818895,-0.2328873,-44.12281,0.6235942,0.05014801,-0.6101606,-0.7745248,0.16678,-2.051067,-0.0799343,-0.05378723,0.2425909
1732482677366,-44.86987,1.570736,-0.3097496,-0.9885719,0.09930665,0.1134198,0,0,0,-45.17713,0.9102021,-0.4751778,-0.9703131,-0.03276315,-0.2396238,0,0,0,-44.12281,0.6235942,0.05014801,-0.6101606,-0.7745248,0.16678,0,0,0,0.2425909
1732482677385,-44.90391,1.572062,-0.3109283,-0.9888659,0.1018477,0.1084969,-2.553463,0.09943843,-0.08840561,-45.2024,0.9050414,-0.4791489,-0.9624581,-0.02696022,-0.2700881,-1.895714,-0.3870562,-0.2978325,-44.15927,0.625976,0.05187988,-0.6023998,-0.7753534,0.1895837,-2.73428,0.1786396,0.1298904,0.2425909
1732482677392,-44.90391,1.572062,-0.3109283,-0.9888659,0.1018477,0.1084969,0,0,0,-45.2024,0.9050414,-0.4791489,-0.9624581,-0.02696022,-0.2700881,0,0,0,-44.15927,0.625976,0.05187988,-0.6023998,-0.7753534,0.1895837,0,0,0,0.2425909
1732482677413,-44.93919,1.578051,-0.3111992,-0.9871511,0.1206101,0.1048155,-2.645588,0.4491985,-0.02031326,-45.2225,0.8937472,-0.4813118,-0.9557815,-0.09990768,-0.276587,-1.507473,-0.8470684,-0.16222,-44.19507,0.6294572,0.05659866,-0.5953326,-0.7808969,0.189154,-2.68507,0.2610907,0.3539085,0.2425909
1732482677420,-44.93919,1.578051,-0.3111992,-0.9871511,0.1206101,0.1048155,0,0,0,-45.2225,0.8937472,-0.4813118,-0.9557815,-0.09990768,-0.276587,0,0,0,-44.19507,0.6294572,0.05659866,-0.5953326,-0.7808969,0.189154,0,0,0,0.2425909
1732482677441,-44.97369,1.580541,-0.312088,-0.9864799,0.1270202,0.1035551,-2.587509,0.1867265,-0.06666183,-45.23707,0.8769811,-0.4854889,-0.9446585,-0.1728077,-0.2788517,-1.092625,-1.257455,-0.313282,-44.22783,0.6328195,0.05731583,-0.6003368,-0.7816722,0.1690689,-2.456474,0.2521724,0.05378723,0.2425909
1732482677448,-44.97369,1.580541,-0.312088,-0.9864799,0.1270202,0.1035551,0,0,0,-45.23707,0.8769811,-0.4854889,-0.9446585,-0.1728077,-0.2788517,0,0,0,-44.22783,0.6328195,0.05731583,-0.6003368,-0.7816722,0.1690689,0,0,0,0.2425909
1732482677469,-45.00834,1.585875,-0.3132362,-0.9860677,0.1324646,0.1006172,-2.599239,0.4000604,-0.08611679,-45.24566,0.8558393,-0.4882965,-0.9338049,-0.2316363,-0.2726786,-0.6437302,-1.585633,-0.2105713,-44.26438,0.6375877,0.05330276,-0.6314666,-0.7656451,0.1226285,-2.741432,0.35761,-0.3009796,0.2425909
1732482677476,-45.00834,1.585875,-0.3132362,-0.9860677,0.1324646,0.1006172,0,0,0,-45.24566,0.8558393,-0.4882965,-0.9338049,-0.2316363,-0.2726786,0,0,0,-44.26438,0.6375877,0.05330276,-0.6314666,-0.7656451,0.1226285,0,0,0,0.2425909
1732482677497,-45.04256,1.589733,-0.3134575,-0.9874684,0.1268587,0.09388036,-2.566624,0.2893299,-0.01659393,-45.24648,0.8332512,-0.4944077,-0.9186252,-0.2824252,-0.2763412,-0.0617981,-1.69411,-0.4583359,-44.30804,0.645416,0.04688644,-0.6508726,-0.7562588,0.06661659,-3.274727,0.5871266,-0.4812241,0.2425909
1732482677504,-45.04256,1.589733,-0.3134575,-0.9874684,0.1268587,0.09388036,0,0,0,-45.24648,0.8332512,-0.4944077,-0.9186252,-0.2824252,-0.2763412,0,0,0,-44.30804,0.645416,0.04688644,-0.6508726,-0.7562588,0.06661659,0,0,0,0.2425909
1732482677524,-45.07669,1.595029,-0.314003,-0.9896821,0.112981,0.08811808,-2.559757,0.3971994,-0.04091263,-45.24151,0.8112186,-0.5019569,-0.8922023,-0.3538213,-0.2806889,0.3725052,-1.652442,-0.5661964,-44.34003,0.6513116,0.0424118,-0.6584889,-0.7523056,0.02070743,-2.398968,0.4421711,-0.335598,0.2425909
1732482677531,-45.07669,1.595029,-0.314003,-0.9896821,0.112981,0.08811808,0,0,0,-45.24151,0.8112186,-0.5019569,-0.8922023,-0.3538213,-0.2806889,0,0,0,-44.34003,0.6513116,0.0424118,-0.6584889,-0.7523056,0.02070743,0,0,0,0.2425909
1732482677552,-45.11069,1.598607,-0.3155098,-0.9906142,0.1078718,0.0839504,-2.549458,0.2683818,-0.1130104,-45.23178,0.7910103,-0.5111771,-0.8407254,-0.4676152,-0.2729776,0.729847,-1.515622,-0.6915092,-44.37931,0.658901,0.03551102,-0.668906,-0.7431715,-0.01617181,-2.946568,0.569205,-0.5175591,0.2425909
1732482677559,-45.11069,1.598607,-0.3155098,-0.9906142,0.1078718,0.0839504,0,0,0,-45.23178,0.7910103,-0.5111771,-0.8407254,-0.4676152,-0.2729776,0,0,0,-44.37931,0.658901,0.03551102,-0.668906,-0.7431715,-0.01617181,0,0,0,0.2425909
1732482677580,-45.14419,1.599881,-0.3148346,-0.9915742,0.1017277,0.08020389,-2.512836,0.09557605,0.05064011,-45.22015,0.7728674,-0.5245132,-0.7623463,-0.5746799,-0.2976103,0.872612,-1.360716,-1.000214,-44.41248,0.665244,0.03137207,-0.6744739,-0.7368429,-0.04634702,-2.487659,0.4757211,-0.310421,0.2425909
1732482677587,-45.14419,1.599881,-0.3148346,-0.9915742,0.1017277,0.08020389,0,0,0,-45.22015,0.7728674,-0.5245132,-0.7623463,-0.5746799,-0.2976103,0,0,0,-44.41248,0.665244,0.03137207,-0.6744739,-0.7368429,-0.04634702,0,0,0,0.2425909
1732482677609,-45.17765,1.600332,-0.3159523,-0.991346,0.1062516,0.0770967,-2.509117,0.0338316,-0.08382797,-45.2078,0.7561744,-0.5389519,-0.6747985,-0.6459587,-0.3569098,0.925827,-1.251975,-1.082897,-44.45029,0.6711198,0.02708054,-0.6807859,-0.7303589,-0.05574059,-2.835274,0.4406869,-0.3218651,0.2425909
1732482677615,-45.17765,1.600332,-0.3159523,-0.991346,0.1062516,0.0770967,0,0,0,-45.2078,0.7561744,-0.5389519,-0.6747985,-0.6459587,-0.3569098,0,0,0,-44.45029,0.6711198,0.02708054,-0.6807859,-0.7303589,-0.05574059,0,0,0,0.2425909
1732482677622,-45.17765,1.600332,-0.3159523,-0.991346,0.1062516,0.0770967,0,0,0,-45.2078,0.7561744,-0.5389519,-0.6747985,-0.6459587,-0.3569098,0,0,0,-44.45029,0.6711198,0.02708054,-0.6807859,-0.7303589,-0.05574059,0,0,0,0.2425909
1732482677636,-45.21103,1.598964,-0.3163071,-0.9901061,0.1180159,0.07591081,-2.503395,-0.102666,-0.02660751,-45.19515,0.7413634,-0.5555611,-0.571191,-0.6984632,-0.4311504,0.9490013,-1.110828,-1.245689,-44.49412,0.676203,0.02422714,-0.6934161,-0.7172852,-0.0683862,-3.287601,0.3812402,-0.2140045,0.2425909
1732482677644,-45.21103,1.598964,-0.3163071,-0.9901061,0.1180159,0.07591081,0,0,0,-45.19515,0.7413634,-0.5555611,-0.571191,-0.6984632,-0.4311504,0,0,0,-44.49412,0.676203,0.02422714,-0.6934161,-0.7172852,-0.0683862,0,0,0,0.2425909
1732482677664,-45.24463,1.596201,-0.3172035,-0.989031,0.1265948,0.07610375,-2.519989,-0.2072185,-0.06723404,-45.1829,0.7295473,-0.5689697,-0.4846264,-0.7339541,-0.4758668,0.9189606,-0.8862108,-1.00565,-44.52288,0.6787178,0.02168655,-0.7080984,-0.7000244,-0.09253502,-2.156639,0.1886085,-0.1905441,0.2425909
1732482677671,-45.24463,1.596201,-0.3172035,-0.989031,0.1265948,0.07610375,0,0,0,-45.1829,0.7295473,-0.5689697,-0.4846264,-0.7339541,-0.4758668,0,0,0,-44.52288,0.6787178,0.02168655,-0.7080984,-0.7000244,-0.09253502,0,0,0,0.2425909
1732482677690,-45.27822,1.591101,-0.3168182,-0.9882016,0.1321222,0.07747048,-2.519417,-0.3825009,0.02889633,-45.17163,0.7224973,-0.5822334,-0.3941972,-0.7442907,-0.5391109,0.8451462,-0.5287439,-0.9947777,-44.55924,0.6810423,0.01665115,-0.7225963,-0.6805872,-0.121062,-2.727127,0.1743391,-0.377655,0.2425909
1732482677696,-45.27822,1.591101,-0.3168182,-0.9882016,0.1321222,0.07747048,0,0,0,-45.17163,0.7224973,-0.5822334,-0.3941972,-0.7442907,-0.5391109,0,0,0,-44.55924,0.6810423,0.01665115,-0.7225963,-0.6805872,-0.121062,0,0,0,0.2425909
1732482677718,-45.31175,1.5851,-0.3131142,-0.9877764,0.1340827,0.07949793,-2.514839,-0.450021,0.2778053,-45.16385,0.7188925,-0.5928993,-0.3035625,-0.7527966,-0.5840786,0.5833626,-0.2703667,-0.799942,-44.59188,0.6817591,0.01504517,-0.7314731,-0.666711,-0.1429827,-2.448177,0.05376041,-0.1204491,0.2425909
1732482677725,-45.31175,1.5851,-0.3131142,-0.9877764,0.1340827,0.07949793,0,0,0,-45.16385,0.7188925,-0.5928993,-0.3035625,-0.7527966,-0.5840786,0,0,0,-44.59188,0.6817591,0.01504517,-0.7314731,-0.666711,-0.1429827,0,0,0,0.2425909
1732482677746,-45.34574,1.578042,-0.3138657,-0.9865304,0.1419152,0.08135223,-2.549458,-0.5293608,-0.05636215,-45.16195,0.7182449,-0.6025429,-0.1933011,-0.7631747,-0.6166034,0.1424789,-0.04857033,-0.7232666,-44.62423,0.6807338,0.009628296,-0.7385486,-0.655408,-0.1580709,-2.426434,-0.07689893,-0.4062653,0.2425909
1732482677753,-45.34574,1.578042,-0.3138657,-0.9865304,0.1419152,0.08135223,0,0,0,-45.16195,0.7182449,-0.6025429,-0.1933011,-0.7631747,-0.6166034,0,0,0,-44.62423,0.6807338,0.009628296,-0.7385486,-0.655408,-0.1580709,0,0,0,0.2425909
1732482677775,-45.38144,1.571903,-0.3129349,-0.9858451,0.1466655,0.08123308,-2.677631,-0.4604459,0.06980896,-45.17101,0.7190305,-0.6089363,-0.1071389,-0.7617716,-0.6389256,-0.679493,0.05892366,-0.4795074,-44.66568,0.6783934,0.005195618,-0.7494766,-0.6420503,-0.1614215,-3.108501,-0.1755327,-0.3324509,0.2425909
1732482677781,-45.38144,1.571903,-0.3129349,-0.9858451,0.1466655,0.08123308,0,0,0,-45.17101,0.7190305,-0.6089363,-0.1071389,-0.7617716,-0.6389256,0,0,0,-44.66568,0.6783934,0.005195618,-0.7494766,-0.6420503,-0.1614215,0,0,0,0.2425909
1732482677803,-45.41666,1.567403,-0.3129768,-0.985759,0.1489002,0.07815588,-2.641582,-0.3375292,-0.003147125,-45.18727,0.7184323,-0.614151,-0.0654752,-0.7493001,-0.6589863,-1.21994,-0.04486442,-0.3911018,-44.70547,0.6753593,0.003540039,-0.7594457,-0.631505,-0.1563454,-2.984333,-0.2275541,-0.1241684,0.2425909
1732482677810,-45.41666,1.567403,-0.3129768,-0.985759,0.1489002,0.07815588,0,0,0,-45.18727,0.7184323,-0.614151,-0.0654752,-0.7493001,-0.6589863,0,0,0,-44.70547,0.6753593,0.003540039,-0.7594457,-0.631505,-0.1563454,0,0,0,0.2425909
1732482677830,-45.45171,1.56473,-0.3140068,-0.9859324,0.1490579,0.07562739,-2.628136,-0.2004147,-0.07724762,-45.21162,0.7173872,-0.6181183,-0.03842625,-0.7276233,-0.6849003,-1.825905,-0.07838309,-0.2975464,-44.74279,0.6718448,0.004272461,-0.7633958,-0.6315283,-0.1356438,-2.798653,-0.2635852,0.05493164,0.2425909
1732482677837,-45.45171,1.56473,-0.3140068,-0.9859324,0.1490579,0.07562739,0,0,0,-45.21162,0.7173872,-0.6181183,-0.03842625,-0.7276233,-0.6849003,0,0,0,-44.74279,0.6718448,0.004272461,-0.7633958,-0.6315283,-0.1356438,0,0,0,0.2425909
1732482677858,-45.48677,1.564009,-0.3153801,-0.9869294,0.1430601,0.07419038,-2.630138,-0.05409122,-0.1029968,-45.24468,0.7173229,-0.619873,-0.05101416,-0.7092664,-0.7030926,-2.479362,-0.004823506,-0.1316071,-44.77784,0.6685563,0.007610321,-0.7589526,-0.643887,-0.09695804,-2.62928,-0.2466425,0.2503395,0.2425909
1732482677865,-45.48677,1.564009,-0.3153801,-0.9869294,0.1430601,0.07419038,0,0,0,-45.24468,0.7173229,-0.619873,-0.05101416,-0.7092664,-0.7030926,0,0,0,-44.77784,0.6685563,0.007610321,-0.7589526,-0.643887,-0.09695804,0,0,0,0.2425909
1732482677884,-45.52118,1.569906,-0.3170586,-0.9883755,0.1343218,0.07121736,-2.580643,0.4422426,-0.125885,-45.2887,0.7182149,-0.6202011,-0.07882714,-0.7002239,-0.7095585,-3.301907,0.06689876,-0.0246048,-44.81394,0.6648087,0.01496887,-0.7482189,-0.6623299,-0.03857744,-2.7071,-0.2810687,0.5518913,0.2425909
1732482677891,-45.52118,1.569906,-0.3170586,-0.9883755,0.1343218,0.07121736,0,0,0,-45.2887,0.7182149,-0.6202011,-0.07882714,-0.7002239,-0.7095585,0,0,0,-44.81394,0.6648087,0.01496887,-0.7482189,-0.6623299,-0.03857744,0,0,0,0.2425909
1732482677898,-45.52118,1.569906,-0.3170586,-0.9883755,0.1343218,0.07121736,0,0,0,-45.2887,0.7182149,-0.6202011,-0.07882714,-0.7002239,-0.7095585,0,0,0,-44.81394,0.6648087,0.01496887,-0.7482189,-0.6623299,-0.03857744,0,0,0,0.2425909
1732482677911,-45.55508,1.575879,-0.3189774,-0.9904559,0.1217678,0.06457829,-2.542591,0.4480094,-0.1439095,-45.34163,0.7214042,-0.6170654,-0.1272188,-0.6863545,-0.7160544,-3.969097,0.2391994,0.2351761,-44.85403,0.6619861,0.02799225,-0.7201884,-0.6928164,0.03653264,-3.006649,-0.2116933,0.9767532,0.2425909
1732482677917,-45.55508,1.575879,-0.3189774,-0.9904559,0.1217678,0.06457829,0,0,0,-45.34163,0.7214042,-0.6170654,-0.1272188,-0.6863545,-0.7160544,0,0,0,-44.85403,0.6619861,0.02799225,-0.7201884,-0.6928164,0.03653264,0,0,0,0.2425909
1732482677939,-45.58927,1.579522,-0.319355,-0.9901724,0.1274768,0.05751961,-2.564049,0.2732366,-0.02832413,-45.396,0.7239943,-0.6132126,-0.1667224,-0.691902,-0.7024782,-4.077816,0.1942545,0.2889633,-44.88049,0.6598929,0.04008102,-0.6788104,-0.7278403,0.0972898,-1.984692,-0.1569897,0.9066582,0.2425909
1732482677965,-45.62472,1.583179,-0.3160515,-0.9910315,0.1225422,0.05329561,-2.658463,0.274238,0.2477646,-45.4548,0.7250941,-0.6088028,-0.2079327,-0.7117547,-0.6709468,-4.410267,0.08248687,0.3307343,-44.9063,0.6564554,0.0557785,-0.6345351,-0.7608918,0.1356817,-1.935482,-0.2578139,1.177311,0.2425909
1732482677971,-45.62472,1.583179,-0.3160515,-0.9910315,0.1225422,0.05329561,0,0,0,-45.4548,0.7250941,-0.6088028,-0.2079327,-0.7117547,-0.6709468,0,0,0,-44.9063,0.6564554,0.0557785,-0.6345351,-0.7608918,0.1356817,0,0,0,0.2425909
1732482677995,-45.65903,1.589223,-0.3144341,-0.9878929,0.1441239,0.05741489,-2.573204,0.4533201,0.1213074,-45.52203,0.7243798,-0.6020927,-0.3019345,-0.6889852,-0.6588899,-5.041981,-0.05356818,0.5032539,-44.94045,0.6519791,0.0687561,-0.6186844,-0.7778907,0.1100729,-2.561474,-0.3357232,0.97332,0.2425909
1732482678001,-45.65903,1.589223,-0.3144341,-0.9878929,0.1441239,0.05741489,0,0,0,-45.52203,0.7243798,-0.6020927,-0.3019345,-0.6889852,-0.6588899,0,0,0,-44.94045,0.6519791,0.0687561,-0.6186844,-0.7778907,0.1100729,0,0,0,0.2425909
1732482678023,-45.69033,1.591951,-0.3134003,-0.9874738,0.1450189,0.0621739,-2.348042,0.2045542,0.07753372,-45.59078,0.7251805,-0.592514,-0.4220215,-0.6514656,-0.6304686,-5.156422,0.06005019,0.7184029,-44.96849,0.6504565,0.0680275,-0.6198664,-0.783271,0.04746348,-2.103138,-0.1141906,-0.05464554,0.2425909
1732482678030,-45.69033,1.591951,-0.3134003,-0.9874738,0.1450189,0.0621739,0,0,0,-45.59078,0.7251805,-0.592514,-0.4220215,-0.6514656,-0.6304686,0,0,0,-44.96849,0.6504565,0.0680275,-0.6198664,-0.783271,0.04746348,0,0,0,0.2425909
1732482678036,-45.69033,1.591951,-0.3134003,-0.9874738,0.1450189,0.0621739,0,0,0,-45.59078,0.7251805,-0.592514,-0.4220215,-0.6514656,-0.6304686,0,0,0,-44.96849,0.6504565,0.0680275,-0.6198664,-0.783271,0.04746348,0,0,0,0.2425909
1732482678052,-45.72074,1.596105,-0.3115311,-0.9885072,0.1357265,0.06657553,-2.280521,0.3115565,0.1401901,-45.66277,0.7291212,-0.5804787,-0.515914,-0.6362898,-0.5735581,-5.399323,0.2955526,0.9026527,-45.00424,0.6522626,0.06216431,-0.6339394,-0.7730812,0.02160621,-2.681351,0.1354516,-0.4397392,0.2425909
1732482678059,-45.72074,1.596105,-0.3115311,-0.9885072,0.1357265,0.06657553,0,0,0,-45.66277,0.7291212,-0.5804787,-0.515914,-0.6362898,-0.5735581,0,0,0,-45.00424,0.6522626,0.06216431,-0.6339394,-0.7730812,0.02160621,0,0,0,0.2425909
1732482678078,-45.75287,1.600995,-0.3099747,-0.9886065,0.1320956,0.07216805,-2.40984,0.36681,0.1167297,-45.73309,0.7358981,-0.5680428,-0.590177,-0.6235758,-0.5126841,-5.273724,0.5082697,0.9326935,-45.03135,0.6550488,0.06206512,-0.6290342,-0.7755045,0.05393493,-2.032757,0.2089709,-0.00743866,0.2425909
1732482678085,-45.75287,1.600995,-0.3099747,-0.9886065,0.1320956,0.07216805,0,0,0,-45.73309,0.7358981,-0.5680428,-0.590177,-0.6235758,-0.5126841,0,0,0,-45.03135,0.6550488,0.06206512,-0.6290342,-0.7755045,0.05393493,0,0,0,0.2425909
1732482678106,-45.78322,1.604187,-0.3088226,-0.9889246,0.1255737,0.07911724,-2.27623,0.2393514,0.08640289,-45.80359,0.7452571,-0.5545464,-0.6614254,-0.5944556,-0.4573178,-5.287743,0.7019252,1.01223,-45.05992,0.6586413,0.06528473,-0.6133403,-0.7858101,0.07947761,-2.143192,0.2694368,0.2414703,0.2425909
1732482678113,-45.78322,1.604187,-0.3088226,-0.9889246,0.1255737,0.07911724,0,0,0,-45.80359,0.7452571,-0.5545464,-0.6614254,-0.5944556,-0.4573178,0,0,0,-45.05992,0.6586413,0.06528473,-0.6133403,-0.7858101,0.07947761,0,0,0,0.2425909
1732482678134,-45.81439,1.60638,-0.3073196,-0.9890038,0.1198995,0.08657885,-2.337742,0.1644552,0.1127243,-45.87698,0.7607982,-0.5374489,-0.7458979,-0.5537546,-0.3701255,-5.504322,1.165576,1.28231,-45.09084,0.6620725,0.06602478,-0.6062819,-0.7905222,0.08658576,-2.318859,0.2573401,0.05550385,0.2425909
1732482678142,-45.81439,1.60638,-0.3073196,-0.9890038,0.1198995,0.08657885,0,0,0,-45.87698,0.7607982,-0.5374489,-0.7458979,-0.5537546,-0.3701255,0,0,0,-45.09084,0.6620725,0.06602478,-0.6062819,-0.7905222,0.08658576,0,0,0,0.2425909
1732482678163,-45.84533,1.607417,-0.3036499,-0.9884084,0.1210567,0.09162271,-2.320004,0.07783771,0.2752304,-45.94654,0.7772414,-0.5191002,-0.835606,-0.4875404,-0.2531157,-5.217075,1.233244,1.376152,-45.11876,0.6645585,0.06632614,-0.6056609,-0.7912236,0.08450133,-2.093697,0.1864448,0.02260208,0.2425909
1732482678170,-45.84533,1.607417,-0.3036499,-0.9884084,0.1210567,0.09162271,0,0,0,-45.94654,0.7772414,-0.5191002,-0.835606,-0.4875404,-0.2531157,0,0,0,-45.11876,0.6645585,0.06632614,-0.6056609,-0.7912236,0.08450133,0,0,0,0.2425909
1732482678191,-45.87641,1.606228,-0.3018532,-0.9874471,0.1263621,0.09476775,-2.331448,-0.08919239,0.1347542,-46.01453,0.7953683,-0.5028419,-0.8958511,-0.4139536,-0.1615356,-5.099201,1.359518,1.219368,-45.14729,0.6659224,0.06533051,-0.6059035,-0.790667,0.08790356,-2.140331,0.102295,-0.0746727,0.2425909
1732482678198,-45.87641,1.606228,-0.3018532,-0.9874471,0.1263621,0.09476775,0,0,0,-46.01453,0.7953683,-0.5028419,-0.8958511,-0.4139536,-0.1615356,0,0,0,-45.14729,0.6659224,0.06533051,-0.6059035,-0.790667,0.08790356,0,0,0,0.2425909
1732482678219,-45.90753,1.602926,-0.3008766,-0.9868801,0.1286793,0.09751785,-2.334023,-0.2476215,0.07324219,-46.08049,0.8140549,-0.4889297,-0.9325448,-0.3383807,-0.1259335,-4.946709,1.401494,1.043415,-45.17892,0.6654811,0.06520462,-0.6011355,-0.7919101,0.1073089,-2.372074,-0.03309846,-0.009441376,0.2425909
1732482678226,-45.90753,1.602926,-0.3008766,-0.9868801,0.1286793,0.09751785,0,0,0,-46.08049,0.8140549,-0.4889297,-0.9325448,-0.3383807,-0.1259335,0,0,0,-45.17892,0.6654811,0.06520462,-0.6011355,-0.7919101,0.1073089,0,0,0,0.2425909
1732482678247,-45.93893,1.597458,-0.3000412,-0.986441,0.1305287,0.09948349,-2.354622,-0.4101455,0.0626564,-46.13995,0.8325977,-0.4745636,-0.9594266,-0.2596292,-0.1099714,-4.459763,1.390712,1.077461,-45.20694,0.663453,0.06637192,-0.6003363,-0.7902546,0.1228602,-2.101707,-0.1521036,0.0875473,0.2425909
1732482678254,-45.93893,1.597458,-0.3000412,-0.986441,0.1305287,0.09948349,0,0,0,-46.13995,0.8325977,-0.4745636,-0.9594266,-0.2596292,-0.1099714,0,0,0,-45.20694,0.663453,0.06637192,-0.6003363,-0.7902546,0.1228602,0,0,0,0.2425909
1732482678276,-45.97049,1.590499,-0.2993431,-0.9860061,0.1339048,0.09930736,-2.36721,-0.5219311,0.05235672,-46.19248,0.8499787,-0.4602852,-0.9820864,-0.1655397,-0.09001791,-3.939629,1.303576,1.070881,-45.23983,0.6590451,0.06820297,-0.6031685,-0.7867818,0.1310048,-2.466202,-0.3305957,0.1373291,0.2425909
1732482678282,-45.97049,1.590499,-0.2993431,-0.9860061,0.1339048,0.09930736,0,0,0,-46.19248,0.8499787,-0.4602852,-0.9820864,-0.1655397,-0.09001791,0,0,0,-45.23983,0.6590451,0.06820297,-0.6031685,-0.7867818,0.1310048,0,0,0,0.2425909
1732482678304,-46.00239,1.581311,-0.299263,-0.9863834,0.1313799,0.09893018,-2.392387,-0.6891042,0.006008148,-46.24976,0.8633985,-0.4514885,-0.9904791,-0.1160347,-0.07407784,-4.296112,1.006481,0.6597519,-45.2717,0.6531366,0.06959534,-0.6069518,-0.7827864,0.1373146,-2.390385,-0.4431367,0.1044273,0.2425909
1732482678310,-46.00239,1.581311,-0.299263,-0.9863834,0.1313799,0.09893018,0,0,0,-46.24976,0.8633985,-0.4514885,-0.9904791,-0.1160347,-0.07407784,0,0,0,-45.2717,0.6531366,0.06959534,-0.6069518,-0.7827864,0.1373146,0,0,0,0.2425909
1732482678316,-46.00239,1.581311,-0.299263,-0.9863834,0.1313799,0.09893018,0,0,0,-46.24976,0.8633985,-0.4514885,-0.9904791,-0.1160347,-0.07407784,0,0,0,-45.2717,0.6531366,0.06959534,-0.6069518,-0.7827864,0.1373146,0,0,0,0.2425909
1732482678331,-46.03434,1.574324,-0.2984047,-0.9885038,0.1166435,0.09620368,-2.396393,-0.5239785,0.06437302,-46.30098,0.8741756,-0.4457283,-0.9940978,-0.06584671,-0.08621907,-3.841496,0.8082837,0.4320145,-45.31286,0.6442156,0.07290649,-0.6126987,-0.7765011,0.1471294,-3.08733,-0.669077,0.2483368,0.2425909
1732482678339,-46.03434,1.574324,-0.2984047,-0.9885038,0.1166435,0.09620368,0,0,0,-46.30098,0.8741756,-0.4457283,-0.9940978,-0.06584671,-0.08621907,0,0,0,-45.31286,0.6442156,0.07290649,-0.6126987,-0.7765011,0.1471294,0,0,0,0.2425909
1732482678359,-46.06606,1.568145,-0.2975082,-0.9896632,0.1090981,0.09308422,-2.378941,-0.4634678,0.06723404,-46.34665,0.8821038,-0.4432449,-0.9934701,-0.006371021,-0.1139168,-3.425217,0.5946144,0.1862526,-45.33792,0.6391042,0.07553864,-0.615793,-0.7725242,0.1549376,-1.879406,-0.3833503,0.1974106,0.2425909
1732482678366,-46.06606,1.568145,-0.2975082,-0.9896632,0.1090981,0.09308422,0,0,0,-46.34665,0.8821038,-0.4432449,-0.9934701,-0.006371021,-0.1139168,0,0,0,-45.33792,0.6391042,0.07553864,-0.615793,-0.7725242,0.1549376,0,0,0,0.2425909
1732482678385,-46.09805,1.564568,-0.2959404,-0.9907251,0.1004687,0.09149033,-2.398968,-0.2682388,0.117588,-46.38642,0.8864928,-0.4435387,-0.9865898,0.02404797,-0.1614403,-2.982616,0.3291786,-0.02202988,-45.36991,0.6331397,0.07979202,-0.6137489,-0.7729317,0.1609018,-2.399254,-0.4473388,0.3190041,0.2425909
1732482678392,-46.09805,1.564568,-0.2959404,-0.9907251,0.1004687,0.09149033,0,0,0,-46.38642,0.8864928,-0.4435387,-0.9865898,0.02404797,-0.1614403,0,0,0,-45.36991,0.6331397,0.07979202,-0.6137489,-0.7729317,0.1609018,0,0,0,0.2425909
1732482678413,-46.12965,1.562809,-0.2931328,-0.9911882,0.09471056,0.09260803,-2.370071,-0.1319468,0.2105713,-46.4202,0.8865293,-0.4438515,-0.9785901,0.01254824,-0.2054373,-2.533436,0.002731383,-0.02346039,-45.39722,0.6289841,0.08309937,-0.6145167,-0.7725091,0.1599981,-2.04792,-0.3116727,0.2480507,0.2425909
1732482678420,-46.12965,1.562809,-0.2931328,-0.9911882,0.09471056,0.09260803,0,0,0,-46.4202,0.8865293,-0.4438515,-0.9785901,0.01254824,-0.2054373,0,0,0,-45.39722,0.6289841,0.08309937,-0.6145167,-0.7725091,0.1599981,0,0,0,0.2425909
1732482678441,-46.16104,1.566825,-0.2880783,-0.9901783,0.1033566,0.0941537,-2.354622,0.3011674,0.3790855,-46.44794,0.879922,-0.4463844,-0.9674835,-0.01242092,-0.2526295,-2.080822,-0.4955426,-0.1899719,-45.43367,0.6276723,0.08982468,-0.6286432,-0.7596445,0.1665787,-2.733707,-0.09838343,0.5043983,0.2425909
1732482678448,-46.16104,1.566825,-0.2880783,-0.9901783,0.1033566,0.0941537,0,0,0,-46.44794,0.879922,-0.4463844,-0.9674835,-0.01242092,-0.2526295,0,0,0,-45.43367,0.6276723,0.08982468,-0.6286432,-0.7596445,0.1665787,0,0,0,0.2425909
1732482678470,-46.19195,1.571788,-0.2857819,-0.9904789,0.09819603,0.09648556,-2.318001,0.3722459,0.1722336,-46.46791,0.8682492,-0.4481697,-0.954143,-0.04988296,-0.2951665,-1.497459,-0.8754596,-0.1338959,-45.46588,0.6294695,0.09307861,-0.6165679,-0.7680565,0.1730136,-2.416134,0.1347899,0.2440453,0.2425909
1732482678477,-46.19195,1.571788,-0.2857819,-0.9904789,0.09819603,0.09648556,0,0,0,-46.46791,0.8682492,-0.4481697,-0.954143,-0.04988296,-0.2951665,0,0,0,-45.46588,0.6294695,0.09307861,-0.6165679,-0.7680565,0.1730136,0,0,0,0.2425909
1732482678497,-46.22244,1.572787,-0.283783,-0.9873819,0.1193844,0.1040424,-2.287102,0.0749588,0.1499176,-46.48216,0.8524372,-0.4485588,-0.9418791,-0.1172884,-0.3148142,-1.069164,-1.185903,-0.02918243,-45.49645,0.6321762,0.09353256,-0.614415,-0.7738367,0.1538541,-2.292824,0.2029985,0.03404617,0.2425909
1732482678504,-46.22244,1.572787,-0.283783,-0.9873819,0.1193844,0.1040424,0,0,0,-46.48216,0.8524372,-0.4485588,-0.9418791,-0.1172884,-0.3148142,0,0,0,-45.49645,0.6321762,0.09353256,-0.614415,-0.7738367,0.1538541,0,0,0,0.2425909
1732482678525,-46.25251,1.576455,-0.282238,-0.9856637,0.1255991,0.1126595,-2.255344,0.2751052,0.1158714,-46.49331,0.833657,-0.44804,-0.9293873,-0.2103646,-0.3032924,-0.836277,-1.408517,0.03890991,-45.52696,0.6355407,0.08808136,-0.6418537,-0.7575845,0.1187009,-2.28796,0.2523422,-0.4088402,0.2425909
1732482678533,-46.25251,1.576455,-0.282238,-0.9856637,0.1255991,0.1126595,0,0,0,-46.49331,0.833657,-0.44804,-0.9293873,-0.2103646,-0.3032924,0,0,0,-45.52696,0.6355407,0.08808136,-0.6418537,-0.7575845,0.1187009,0,0,0,0.2425909
1732482678553,-46.28175,1.58121,-0.2820396,-0.9844659,0.1335643,0.1139643,-2.192974,0.3565639,0.01487732,-46.49725,0.8133296,-0.4473457,-0.9185581,-0.2545909,-0.3023831,-0.2949715,-1.52455,0.05207062,-45.55674,0.6413503,0.08017349,-0.6737816,-0.7334489,0.08984083,-2.233601,0.4357159,-0.5930901,0.2425909
1732482678560,-46.28175,1.58121,-0.2820396,-0.9844659,0.1335643,0.1139643,0,0,0,-46.49725,0.8133296,-0.4473457,-0.9185581,-0.2545909,-0.3023831,0,0,0,-45.55674,0.6413503,0.08017349,-0.6737816,-0.7334489,0.08984083,0,0,0,0.2425909
1732482678581,-46.3101,1.585333,-0.2815895,-0.9850709,0.1289045,0.1141023,-2.12574,0.3092855,0.03376007,-46.49352,0.7944311,-0.4489555,-0.9062008,-0.297194,-0.3007932,0.2795219,-1.417391,-0.1207352,-45.59122,0.6492344,0.0715065,-0.6870356,-0.7243254,0.05775094,-2.586365,0.5913064,-0.6500244,0.2425909
1732482678588,-46.3101,1.585333,-0.2815895,-0.9850709,0.1289045,0.1141023,0,0,0,-46.49352,0.7944311,-0.4489555,-0.9062008,-0.297194,-0.3007932,0,0,0,-45.59122,0.6492344,0.0715065,-0.6870356,-0.7243254,0.05775094,0,0,0,0.2425909
1732482678609,-46.33739,1.590759,-0.2809181,-0.985013,0.1281749,0.1154158,-2.047062,0.4068911,0.050354,-46.48373,0.7789579,-0.4514961,-0.8822131,-0.3716739,-0.2890661,0.7341385,-1.160489,-0.1905441,-45.61916,0.6554257,0.06558228,-0.6902514,-0.7227288,0.03487831,-2.094841,0.4643485,-0.4443169,0.2425909
1732482678616,-46.33739,1.590759,-0.2809181,-0.985013,0.1281749,0.1154158,0,0,0,-46.48373,0.7789579,-0.4514961,-0.8822131,-0.3716739,-0.2890661,0,0,0,-45.61916,0.6554257,0.06558228,-0.6902514,-0.7227288,0.03487831,0,0,0,0.2425909
1732482678623,-46.33739,1.590759,-0.2809181,-0.985013,0.1281749,0.1154158,0,0,0,-46.48373,0.7789579,-0.4514961,-0.8822131,-0.3716739,-0.2890661,0,0,0,-45.61916,0.6554257,0.06558228,-0.6902514,-0.7227288,0.03487831,0,0,0,0.2425909
1732482678637,-46.36273,1.594944,-0.2815514,-0.9861509,0.1196626,0.114837,-1.900578,0.3139436,-0.04749298,-46.47129,0.765466,-0.4582748,-0.8393245,-0.4757954,-0.2629709,0.9332657,-1.011895,-0.5084038,-45.65654,0.6648765,0.05708313,-0.6995435,-0.7144459,0.01436538,-2.803802,0.7088095,-0.6374359,0.2425909
1732482678644,-46.36273,1.594944,-0.2815514,-0.9861509,0.1196626,0.114837,0,0,0,-46.47129,0.765466,-0.4582748,-0.8393245,-0.4757954,-0.2629709,0,0,0,-45.65654,0.6648765,0.05708313,-0.6995435,-0.7144459,0.01436538,0,0,0,0.2425909
1732482678665,-46.38858,1.599081,-0.2820892,-0.9865941,0.119224,0.1114365,-1.938629,0.3102422,-0.04034042,-46.45957,0.7541663,-0.4646606,-0.7926049,-0.547087,-0.2692096,0.8786201,-0.8474752,-0.4789352,-45.67447,0.6696227,0.05391312,-0.7096202,-0.7045444,-0.007556438,-1.344967,0.3559649,-0.237751,0.2425909
1732482678672,-46.38858,1.599081,-0.2820892,-0.9865941,0.119224,0.1114365,0,0,0,-46.45957,0.7541663,-0.4646606,-0.7926049,-0.547087,-0.2692096,0,0,0,-45.67447,0.6696227,0.05391312,-0.7096202,-0.7045444,-0.007556438,0,0,0,0.2425909
1732482678690,-46.4142,1.601821,-0.2836838,-0.9874502,0.1201819,0.1024621,-1.921463,0.2055109,-0.1195908,-46.44633,0.7457123,-0.4737549,-0.7419112,-0.5988406,-0.3015928,0.9933472,-0.6340519,-0.6820679,-45.70741,0.6778102,0.04973602,-0.7191234,-0.6939579,-0.03584063,-2.470493,0.6140649,-0.313282,0.2425909
1732482678696,-46.4142,1.601821,-0.2836838,-0.9874502,0.1201819,0.1024621,0,0,0,-46.44633,0.7457123,-0.4737549,-0.7419112,-0.5988406,-0.3015928,0,0,0,-45.70741,0.6778102,0.04973602,-0.7191234,-0.6939579,-0.03584063,0,0,0,0.2425909
1732482678718,-46.43879,1.604062,-0.2851639,-0.9885583,0.1190201,0.0926674,-1.844215,0.1680762,-0.1110077,-46.4347,0.7391449,-0.4836235,-0.6919839,-0.639067,-0.3357855,0.8723259,-0.4925564,-0.7401466,-45.73238,0.6834528,0.04806519,-0.7259253,-0.6844628,-0.06740701,-1.872826,0.4231989,-0.1253128,0.2425909
1732482678725,-46.43879,1.604062,-0.2851639,-0.9885583,0.1190201,0.0926674,0,0,0,-46.4347,0.7391449,-0.4836235,-0.6919839,-0.639067,-0.3357855,0,0,0,-45.73238,0.6834528,0.04806519,-0.7259253,-0.6844628,-0.06740701,0,0,0,0.2425909
1732482678747,-46.46249,1.605169,-0.2863388,-0.9886549,0.1240282,0.08472931,-1.777267,0.08302331,-0.08811951,-46.42421,0.7342032,-0.4956589,-0.6331599,-0.6778262,-0.3737112,0.7862091,-0.3706232,-0.9026527,-45.75678,0.6888864,0.04362488,-0.7304001,-0.6763705,-0.09507322,-1.829624,0.407517,-0.3330231,0.2425909
1732482678754,-46.46249,1.605169,-0.2863388,-0.9886549,0.1240282,0.08472931,0,0,0,-46.42421,0.7342032,-0.4956589,-0.6331599,-0.6778262,-0.3737112,0,0,0,-45.75678,0.6888864,0.04362488,-0.7304001,-0.6763705,-0.09507322,0,0,0,0.2425909
1732482678775,-46.4858,1.604742,-0.2854805,-0.9886206,0.1270578,0.08053291,-1.748657,-0.03206134,0.06437302,-46.41519,0.7305497,-0.5084953,-0.5608385,-0.7005931,-0.4411689,0.6766319,-0.2740145,-0.9627342,-45.78225,0.6936355,0.03668976,-0.7329749,-0.6700848,-0.1171952,-1.910019,0.3561795,-0.520134,0.2425909
1732482678782,-46.4858,1.604742,-0.2854805,-0.9886206,0.1270578,0.08053291,0,0,0,-46.41519,0.7305497,-0.5084953,-0.5608385,-0.7005931,-0.4411689,0,0,0,-45.78225,0.6936355,0.03668976,-0.7329749,-0.6700848,-0.1171952,0,0,0,0.2425909
1732482678803,-46.50845,1.603351,-0.2865562,-0.9880682,0.1310965,0.08084047,-1.698875,-0.10432,-0.08068085,-46.40755,0.7281551,-0.5201492,-0.490172,-0.7107388,-0.5045617,0.5730629,-0.1795918,-0.8740425,-45.80658,0.6968631,0.02841949,-0.7353443,-0.6635318,-0.1378212,-1.82476,0.2420694,-0.6202698,0.2425909
1732482678810,-46.50845,1.603351,-0.2865562,-0.9880682,0.1310965,0.08084047,0,0,0,-46.40755,0.7281551,-0.5201492,-0.490172,-0.7107388,-0.5045617,0,0,0,-45.80658,0.6968631,0.02841949,-0.7353443,-0.6635318,-0.1378212,0,0,0,0.2425909
1732482678831,-46.53264,1.601154,-0.2864418,-0.9876619,0.1324327,0.08358175,-1.813889,-0.1647681,0.008583069,-46.4024,0.7261713,-0.5304832,-0.4186801,-0.7202759,-0.5530915,0.385952,-0.1487911,-0.7750511,-45.8317,0.6984205,0.02065659,-0.7391268,-0.6566407,-0.1500483,-1.884556,0.1168057,-0.5822182,0.2425909
1732482678838,-46.53264,1.601154,-0.2864418,-0.9876619,0.1324327,0.08358175,0,0,0,-46.4024,0.7261713,-0.5304832,-0.4186801,-0.7202759,-0.5530915,0,0,0,-45.8317,0.6984205,0.02065659,-0.7391268,-0.6566407,-0.1500483,0,0,0,0.2425909
1732482678859,-46.5546,1.597954,-0.2875404,-0.9871188,0.1353854,0.08525145,-1.647091,-0.2400041,-0.08239746,-46.40015,0.7252806,-0.5389137,-0.3525088,-0.7245507,-0.5922537,0.1688004,-0.06680042,-0.6322861,-45.85176,0.6988217,0.0138855,-0.7415684,-0.6525565,-0.1557128,-1.50404,0.03008991,-0.5078316,0.2425909
1732482678866,-46.5546,1.597954,-0.2875404,-0.9871188,0.1353854,0.08525145,0,0,0,-46.40015,0.7252806,-0.5389137,-0.3525088,-0.7245507,-0.5922537,0,0,0,-45.85176,0.6988217,0.0138855,-0.7415684,-0.6525565,-0.1557128,0,0,0,0.2425909
1732482678887,-46.57631,1.594208,-0.2891617,-0.9878125,0.1294896,0.08636588,-1.628208,-0.2809703,-0.1215935,-46.40358,0.7245357,-0.5453262,-0.3031402,-0.737142,-0.6039279,-0.2569199,-0.05586594,-0.480938,-45.87709,0.6971976,0.009441376,-0.7393525,-0.6567963,-0.1482468,-1.900005,-0.1218081,-0.3333092,0.2425909
1732482678894,-46.57631,1.594208,-0.2891617,-0.9878125,0.1294896,0.08636588,0,0,0,-46.40358,0.7245357,-0.5453262,-0.3031402,-0.737142,-0.6039279,0,0,0,-45.87709,0.6971976,0.009441376,-0.7393525,-0.6567963,-0.1482468,0,0,0,0.2425909
1732482678900,-46.57631,1.594208,-0.2891617,-0.9878125,0.1294896,0.08636588,0,0,0,-46.40358,0.7245357,-0.5453262,-0.3031402,-0.737142,-0.6039279,0,0,0,-45.87709,0.6971976,0.009441376,-0.7393525,-0.6567963,-0.1482468,0,0,0,0.2425909
1732482678914,-46.59736,1.590673,-0.2908669,-0.9879535,0.1279135,0.08710098,-1.578712,-0.2651095,-0.1278877,-46.41297,0.7230961,-0.5512581,-0.2794927,-0.7388681,-0.6131544,-0.7040977,-0.1079679,-0.4448891,-45.89988,0.6936877,0.00712204,-0.7367711,-0.6618271,-0.1383969,-1.709175,-0.2632365,-0.1739502,0.2425909
1732482678921,-46.59736,1.590673,-0.2908669,-0.9879535,0.1279135,0.08710098,0,0,0,-46.41297,0.7230961,-0.5512581,-0.2794927,-0.7388681,-0.6131544,0,0,0,-45.89988,0.6936877,0.00712204,-0.7367711,-0.6618271,-0.1383969,0,0,0,0.2425909
1732482678942,-46.61765,1.587323,-0.2927513,-0.9882948,0.1254097,0.08686948,-1.521492,-0.2512425,-0.1413345,-46.42574,0.7211565,-0.5570068,-0.258639,-0.7367039,-0.6247988,-0.9581566,-0.1454696,-0.4311562,-45.916,0.6902369,0.006977081,-0.7320701,-0.6712912,-0.1159401,-1.209354,-0.2588108,-0.01087189,0.2425909
1732482678949,-46.61765,1.587323,-0.2927513,-0.9882948,0.1254097,0.08686948,0,0,0,-46.42574,0.7211565,-0.5570068,-0.258639,-0.7367039,-0.6247988,0,0,0,-45.916,0.6902369,0.006977081,-0.7320701,-0.6712912,-0.1159401,0,0,0,0.2425909
1732482678968,-46.63655,1.58437,-0.2947884,-0.9885367,0.1254954,0.08394295,-1.417923,-0.2214342,-0.1527786,-46.44654,0.718659,-0.5623283,-0.2611308,-0.72365,-0.6388599,-1.55983,-0.1873121,-0.3991127,-45.93672,0.6842626,0.009124756,-0.7212168,-0.6873584,-0.08593678,-1.553822,-0.448072,0.1610756,0.2425909
1732482678975,-46.63655,1.58437,-0.2947884,-0.9885367,0.1254954,0.08394295,0,0,0,-46.44654,0.718659,-0.5623283,-0.2611308,-0.72365,-0.6388599,0,0,0,-45.93672,0.6842626,0.009124756,-0.7212168,-0.6873584,-0.08593678,0,0,0,0.2425909
1732482678996,-46.65588,1.582235,-0.2970734,-0.9889277,0.1238341,0.08177423,-1.449394,-0.1601458,-0.1713753,-46.47285,0.7160203,-0.5667038,-0.2737466,-0.7134281,-0.6450453,-1.973248,-0.1979023,-0.3281593,-45.95464,0.6779097,0.01296997,-0.7065139,-0.7055815,-0.05470788,-1.343536,-0.4764721,0.2883911,0.2425909
1732482679003,-46.65588,1.582235,-0.2970734,-0.9889277,0.1238341,0.08177423,0,0,0,-46.47285,0.7160203,-0.5667038,-0.2737466,-0.7134281,-0.6450453,0,0,0,-45.95464,0.6779097,0.01296997,-0.7065139,-0.7055815,-0.05470788,0,0,0,0.2425909
1732482679025,-46.67532,1.582639,-0.299778,-0.9891356,0.1225864,0.08114088,-1.458549,0.03025532,-0.2028465,-46.50546,0.7135605,-0.5701332,-0.2879228,-0.7088685,-0.6438997,-2.445602,-0.1844913,-0.257206,-45.97335,0.6703905,0.01810455,-0.6910413,-0.7226684,-0.01458621,-1.403618,-0.5639389,0.3850937,0.2425909
1732482679032,-46.67532,1.582639,-0.299778,-0.9891356,0.1225864,0.08114088,0,0,0,-46.50546,0.7135605,-0.5701332,-0.2879228,-0.7088685,-0.6438997,0,0,0,-45.97335,0.6703905,0.01810455,-0.6910413,-0.7226684,-0.01458621,0,0,0,0.2425909
1732482679053,-46.69392,1.58312,-0.3027344,-0.9893169,0.1220775,0.07968211,-1.395035,0.0361383,-0.2217293,-46.54319,0.7127876,-0.5721321,-0.3085343,-0.7049259,-0.63866,-2.830124,-0.05796254,-0.1499176,-45.99118,0.6635669,0.02416229,-0.671869,-0.7399328,0.03304559,-1.336956,-0.5117655,0.4543304,0.2425909
1732482679060,-46.69392,1.58312,-0.3027344,-0.9893169,0.1220775,0.07968211,0,0,0,-46.54319,0.7127876,-0.5721321,-0.3085343,-0.7049259,-0.63866,0,0,0,-45.99118,0.6635669,0.02416229,-0.671869,-0.7399328,0.03304559,0,0,0,0.2425909
1732482679081,-46.71203,1.585181,-0.3058243,-0.9897915,0.1205396,0.07604796,-1.358128,0.1545668,-0.2317429,-46.58625,0.7138359,-0.5734215,-0.3500416,-0.6948398,-0.628227,-3.228951,0.07862002,-0.09670258,-46.00764,0.6577699,0.03126907,-0.6489483,-0.756963,0.07664049,-1.234818,-0.4347816,0.5330086,0.2425909
1732482679088,-46.71203,1.585181,-0.3058243,-0.9897915,0.1205396,0.07604796,0,0,0,-46.58625,0.7138359,-0.5734215,-0.3500416,-0.6948398,-0.628227,0,0,0,-46.00764,0.6577699,0.03126907,-0.6489483,-0.756963,0.07664049,0,0,0,0.2425909
1732482679109,-46.72943,1.588189,-0.3091125,-0.9904929,0.1176943,0.07121837,-1.305199,0.2255917,-0.2466202,-46.63234,0.7162844,-0.5744095,-0.3990127,-0.6754879,-0.620085,-3.45726,0.1836374,-0.07410049,-46.02208,0.6526914,0.03773117,-0.6168067,-0.7796837,0.1079044,-1.083183,-0.3808871,0.4846573,0.2425909
1732482679116,-46.72943,1.588189,-0.3091125,-0.9904929,0.1176943,0.07121837,0,0,0,-46.63234,0.7162844,-0.5744095,-0.3990127,-0.6754879,-0.620085,0,0,0,-46.02208,0.6526914,0.03773117,-0.6168067,-0.7796837,0.1079044,0,0,0,0.2425909
1732482679137,-46.7455,1.58836,-0.3123322,-0.9903084,0.1225161,0.06541759,-1.205063,0.0128299,-0.2414703,-46.68139,0.720202,-0.5746269,-0.4571216,-0.6489008,-0.6082497,-3.678703,0.2938226,-0.01630783,-46.03233,0.6487221,0.04105377,-0.5863504,-0.7998596,0.1281328,-0.7687569,-0.2976984,0.2491951,0.2425909
1732482679144,-46.7455,1.58836,-0.3123322,-0.9903084,0.1225161,0.06541759,0,0,0,-46.68139,0.720202,-0.5746269,-0.4571216,-0.6489008,-0.6082497,0,0,0,-46.03233,0.6487221,0.04105377,-0.5863504,-0.7998596,0.1281328,0,0,0,0.2425909
1732482679165,-46.76053,1.588312,-0.3151855,-0.9894619,0.1305693,0.06258613,-1.127243,-0.003620982,-0.2140045,-46.73183,0.7237614,-0.5741997,-0.5081997,-0.6270407,-0.5903844,-3.782845,0.2669558,0.03204346,-46.04567,0.6431189,0.04314041,-0.5753275,-0.8085769,0.1232968,-1.0005,-0.4202396,0.156498,0.2425909
1732482679172,-46.76053,1.588312,-0.3151855,-0.9894619,0.1305693,0.06258613,0,0,0,-46.73183,0.7237614,-0.5741997,-0.5081997,-0.6270407,-0.5903844,0,0,0,-46.04567,0.6431189,0.04314041,-0.5753275,-0.8085769,0.1232968,0,0,0,0.2425909
1732482679192,-46.77541,1.588724,-0.317749,-0.987264,0.1470295,0.06076568,-1.115799,0.03089011,-0.1922607,-46.78271,0.7274811,-0.5726433,-0.5621045,-0.5959142,-0.5735201,-3.816319,0.2789766,0.1167297,-46.05861,0.6402335,0.04242706,-0.5841671,-0.8029809,0.118199,-0.9698868,-0.2164006,-0.05350113,0.2425909
1732482679199,-46.77541,1.588724,-0.317749,-0.987264,0.1470295,0.06076568,0,0,0,-46.78271,0.7274811,-0.5726433,-0.5621045,-0.5959142,-0.5735201,0,0,0,-46.05861,0.6402335,0.04242706,-0.5841671,-0.8029809,0.118199,0,0,0,0.2425909
1732482679220,-46.79019,1.588037,-0.3214951,-0.9861375,0.1556536,0.05748761,-1.108646,-0.05151629,-0.2809525,-46.83269,0.733089,-0.5696182,-0.6283478,-0.5484143,-0.5517442,-3.748226,0.4205883,0.2268791,-46.07223,0.6394086,0.04023361,-0.5943547,-0.7962961,0.1124953,-1.021671,-0.06186962,-0.1645088,0.2425909
1732482679228,-46.79019,1.588037,-0.3214951,-0.9861375,0.1556536,0.05748761,0,0,0,-46.83269,0.733089,-0.5696182,-0.6283478,-0.5484143,-0.5517442,0,0,0,-46.07223,0.6394086,0.04023361,-0.5943547,-0.7962961,0.1124953,0,0,0,0.2425909
1732482679248,-46.80435,1.587503,-0.3248253,-0.9855341,0.1602457,0.05517685,-1.062012,-0.0400275,-0.2497673,-46.88089,0.7417077,-0.5648918,-0.6921386,-0.5001219,-0.5204065,-3.614902,0.6464034,0.3544807,-46.09442,0.6394067,0.03789139,-0.6084304,-0.7860118,0.1095382,-1.664257,-0.0001430511,-0.1756668,0.2425909
1732482679255,-46.80435,1.587503,-0.3248253,-0.9855341,0.1602457,0.05517685,0,0,0,-46.88089,0.7417077,-0.5648918,-0.6921386,-0.5001219,-0.5204065,0,0,0,-46.09442,0.6394067,0.03789139,-0.6084304,-0.7860118,0.1095382,0,0,0,0.2425909
1732482679262,-46.80435,1.587503,-0.3248253,-0.9855341,0.1602457,0.05517685,0,0,0,-46.88089,0.7417077,-0.5648918,-0.6921386,-0.5001219,-0.5204065,0,0,0,-46.09442,0.6394067,0.03789139,-0.6084304,-0.7860118,0.1095382,0,0,0,0.2425909
1732482679276,-46.81689,1.587246,-0.3273087,-0.9858882,0.1575044,0.05672103,-0.9401321,-0.01929402,-0.1862526,-46.92942,0.7515733,-0.5569534,-0.7477404,-0.4625693,-0.4763559,-3.640079,0.7399231,0.5953789,-46.11405,0.6405516,0.03673172,-0.6168519,-0.7803058,0.103038,-1.472282,0.08586645,-0.0869751,0.2425909
1732482679283,-46.81689,1.587246,-0.3273087,-0.9858882,0.1575044,0.05672103,0,0,0,-46.92942,0.7515733,-0.5569534,-0.7477404,-0.4625693,-0.4763559,0,0,0,-46.11405,0.6405516,0.03673172,-0.6168519,-0.7803058,0.103038,0,0,0,0.2425909
1732482679303,-46.82879,1.587023,-0.3296204,-0.9862311,0.1542738,0.05956703,-0.8929253,-0.0167191,-0.173378,-46.97028,0.7635697,-0.5492325,-0.802835,-0.4152253,-0.4278371,-3.064442,0.8997291,0.579071,-46.12282,0.6412952,0.0343895,-0.6249722,-0.7751062,0.09284681,-0.6580353,0.05577207,-0.1756668,0.2425909
1732482679310,-46.82879,1.587023,-0.3296204,-0.9862311,0.1542738,0.05956703,0,0,0,-46.97028,0.7635697,-0.5492325,-0.802835,-0.4152253,-0.4278371,0,0,0,-46.12282,0.6412952,0.0343895,-0.6249722,-0.7751062,0.09284681,0,0,0,0.2425909
1732482679328,-46.84044,1.587692,-0.3304863,-0.9863956,0.1512524,0.06439507,-0.8734703,0.05020201,-0.06494522,-47.00932,0.7772334,-0.5397377,-0.8671069,-0.3555849,-0.3488345,-2.927399,1.024778,0.7121086,-46.14134,0.6441644,0.02776337,-0.6370006,-0.7680143,0.06621689,-1.389027,0.2151936,-0.4969597,0.2425909
1732482679336,-46.84044,1.587692,-0.3304863,-0.9863956,0.1512524,0.06439507,0,0,0,-47.00932,0.7772334,-0.5397377,-0.8671069,-0.3555849,-0.3488345,0,0,0,-46.14134,0.6441644,0.02776337,-0.6370006,-0.7680143,0.06621689,0,0,0,0.2425909
1732482679357,-46.85133,1.589101,-0.3312721,-0.9862621,0.150457,0.06819224,-0.8165359,0.1056165,-0.05893707,-47.04026,0.7914418,-0.5308037,-0.9124748,-0.3023577,-0.2756265,-2.321148,1.065628,0.6700516,-46.15258,0.6470265,0.02101898,-0.6520005,-0.7573189,0.03693056,-0.8425713,0.2146572,-0.5058289,0.2425909
1732482679363,-46.85133,1.589101,-0.3312721,-0.9862621,0.150457,0.06819224,0,0,0,-47.04026,0.7914418,-0.5308037,-0.9124748,-0.3023577,-0.2756265,0,0,0,-46.15258,0.6470265,0.02101898,-0.6520005,-0.7573189,0.03693056,0,0,0,0.2425909
1732482679385,-46.86134,1.590344,-0.3319435,-0.9864376,0.1484281,0.07007384,-0.7513046,0.09327829,-0.050354,-47.06942,0.8065222,-0.5239258,-0.9352078,-0.261281,-0.2389956,-2.186966,1.131029,0.5158424,-46.16601,0.6518977,0.01115036,-0.6672553,-0.7448274,0.001663506,-1.007652,0.3653392,-0.7401466,0.2425909
1732482679392,-46.86134,1.590344,-0.3319435,-0.9864376,0.1484281,0.07007384,0,0,0,-47.06942,0.8065222,-0.5239258,-0.9352078,-0.261281,-0.2389956,0,0,0,-46.16601,0.6518977,0.01115036,-0.6672553,-0.7448274,0.001663506,0,0,0,0.2425909
1732482679413,-46.87066,1.591278,-0.3322945,-0.9871878,0.143959,0.06882185,-0.6989479,0.07005036,-0.02632141,-47.09638,0.8216492,-0.5180092,-0.9461817,-0.2291034,-0.2285883,-2.021885,1.134525,0.4437447,-46.17808,0.6570621,0.002464294,-0.6770287,-0.7353004,-0.03107965,-0.9052277,0.3873244,-0.6514549,0.2425909
1732482679420,-46.87066,1.591278,-0.3322945,-0.9871878,0.143959,0.06882185,0,0,0,-47.09638,0.8216492,-0.5180092,-0.9461817,-0.2291034,-0.2285883,0,0,0,-46.17808,0.6570621,0.002464294,-0.6770287,-0.7353004,-0.03107965,0,0,0,0.2425909
1732482679441,-46.87922,1.592381,-0.3322868,-0.9875016,0.1431728,0.06589639,-0.6414413,0.08273721,0.0005722046,-47.11705,0.8323501,-0.5139275,-0.9517563,-0.20072,-0.2321032,-1.550388,0.8025706,0.3061295,-46.18933,0.6620091,-0.004570007,-0.6854126,-0.7254447,-0.06276667,-0.8440018,0.37103,-0.5275726,0.2425909
1732482679448,-46.87922,1.592381,-0.3322868,-0.9875016,0.1431728,0.06589639,0,0,0,-47.11705,0.8323501,-0.5139275,-0.9517563,-0.20072,-0.2321032,0,0,0,-46.18933,0.6620091,-0.004570007,-0.6854126,-0.7254447,-0.06276667,0,0,0,0.2425909
1732482679469,-46.88733,1.593139,-0.3319778,-0.987828,0.1425645,0.06222034,-0.6085396,0.05684495,0.02317429,-47.13563,0.8437522,-0.5092087,-0.9589771,-0.1656519,-0.23005,-1.393318,0.8551553,0.3539085,-46.2006,0.6670164,-0.009838104,-0.6930351,-0.7157216,-0.08628643,-0.8448601,0.375545,-0.3951073,0.2425909
1732482679476,-46.88733,1.593139,-0.3319778,-0.987828,0.1425645,0.06222034,0,0,0,-47.13563,0.8437522,-0.5092087,-0.9589771,-0.1656519,-0.23005,0,0,0,-46.2006,0.6670164,-0.009838104,-0.6930351,-0.7157216,-0.08628643,0,0,0,0.2425909
1732482679497,-46.89645,1.593915,-0.3311844,-0.9881318,0.1413697,0.06008649,-0.6843567,0.05813241,0.05950928,-47.14946,0.8515295,-0.5044632,-0.9630983,-0.1431781,-0.227908,-1.037407,0.5832955,0.3559113,-46.21352,0.6715857,-0.01300049,-0.6989818,-0.7082525,-0.09901166,-0.9690285,0.3426969,-0.2371788,0.2425909
1732482679504,-46.89645,1.593915,-0.3311844,-0.9881318,0.1413697,0.06008649,0,0,0,-47.14946,0.8515295,-0.5044632,-0.9630983,-0.1431781,-0.227908,0,0,0,-46.21352,0.6715857,-0.01300049,-0.6989818,-0.7082525,-0.09901166,0,0,0,0.2425909
1732482679525,-46.90388,1.594229,-0.3300629,-0.9882277,0.140793,0.05986607,-0.5573273,0.02355874,0.08411407,-47.15821,0.8567081,-0.4996338,-0.9657642,-0.1275504,-0.2259005,-0.6557465,0.3883973,0.3622055,-46.22333,0.6748395,-0.01425171,-0.7029801,-0.7033605,-0.1053734,-0.7358551,0.2440363,-0.09384155,0.2425909
1732482679532,-46.90388,1.594229,-0.3300629,-0.9882277,0.140793,0.05986607,0,0,0,-47.15821,0.8567081,-0.4996338,-0.9657642,-0.1275504,-0.2259005,0,0,0,-46.22333,0.6748395,-0.01425171,-0.7029801,-0.7033605,-0.1053734,0,0,0,0.2425909
1732482679553,-46.91064,1.59417,-0.3284531,-0.9881338,0.1408358,0.06129634,-0.5064011,-0.004416704,0.1207352,-47.16329,0.8602011,-0.4950333,-0.9680576,-0.1270873,-0.2161344,-0.3810883,0.2619758,0.3450394,-46.23199,0.6773983,-0.0148468,-0.7020827,-0.7034974,-0.1103274,-0.6494522,0.1919121,-0.04463196,0.2425909
1732482679560,-46.91064,1.59417,-0.3284531,-0.9881338,0.1408358,0.06129634,0,0,0,-47.16329,0.8602011,-0.4950333,-0.9680576,-0.1270873,-0.2161344,0,0,0,-46.23199,0.6773983,-0.0148468,-0.7020827,-0.7034974,-0.1103274,0,0,0,0.2425909
1732482679581,-46.9168,1.593247,-0.3266449,-0.9882351,0.139544,0.06260443,-0.4620552,-0.06919205,0.1356125,-47.16455,0.860634,-0.4897575,-0.9707973,-0.1282032,-0.2027736,-0.09498596,0.03246814,0.3956795,-46.23964,0.6787308,-0.01571274,-0.6991777,-0.7052276,-0.1174948,-0.573349,0.09993911,-0.06494522,0.2425909
1732482679588,-46.9168,1.593247,-0.3266449,-0.9882351,0.139544,0.06260443,0,0,0,-47.16455,0.860634,-0.4897575,-0.9707973,-0.1282032,-0.2027736,0,0,0,-46.23964,0.6787308,-0.01571274,-0.6991777,-0.7052276,-0.1174948,0,0,0,0.2425909
1732482679609,-46.92225,1.594652,-0.325016,-0.9893072,0.1321325,0.06174809,-0.4091263,0.1053661,0.1221657,-47.16277,0.8568191,-0.4867592,-0.973097,-0.137026,-0.1852204,0.1336098,-0.2861202,0.2248764,-46.24479,0.6787078,-0.01660156,-0.6972176,-0.7065216,-0.1213063,-0.3862381,-0.001725554,-0.06666183,0.2425909
1732482679616,-46.92225,1.594652,-0.325016,-0.9893072,0.1321325,0.06174809,0,0,0,-47.16277,0.8568191,-0.4867592,-0.973097,-0.137026,-0.1852204,0,0,0,-46.24479,0.6787078,-0.01660156,-0.6972176,-0.7065216,-0.1213063,0,0,0,0.2425909
1732482679622,-46.92225,1.594652,-0.325016,-0.9893072,0.1321325,0.06174809,0,0,0,-47.16277,0.8568191,-0.4867592,-0.973097,-0.137026,-0.1852204,0,0,0,-46.24479,0.6787078,-0.01660156,-0.6972176,-0.7065216,-0.1213063,0,0,0,0.2425909
1732482679637,-46.92733,1.595451,-0.3232269,-0.9894817,0.1320992,0.05895752,-0.3810883,0.05989373,0.134182,-47.15464,0.8504913,-0.4844131,-0.9684849,-0.1545273,-0.1953429,0.6102562,-0.4745811,0.1759529,-46.25128,0.6783677,-0.0151062,-0.691092,-0.7133805,-0.1161058,-0.4869461,-0.02550781,0.1121521,0.2425909
1732482679644,-46.92733,1.595451,-0.3232269,-0.9894817,0.1320992,0.05895752,0,0,0,-47.15464,0.8504913,-0.4844131,-0.9684849,-0.1545273,-0.1953429,0,0,0,-46.25128,0.6783677,-0.0151062,-0.691092,-0.7133805,-0.1161058,0,0,0,0.2425909
1732482679665,-46.932,1.597229,-0.3215675,-0.9896957,0.1310945,0.05759263,-0.3499031,0.1333594,0.1244545,-47.14639,0.8427595,-0.4846458,-0.9599122,-0.1874923,-0.2083639,0.6188393,-0.5798891,-0.01745224,-46.25371,0.6778813,-0.01339722,-0.6831712,-0.7217762,-0.1109786,-0.1822472,-0.03648251,0.1281738,0.2425909
1732482679672,-46.932,1.597229,-0.3215675,-0.9896957,0.1310945,0.05759263,0,0,0,-47.14639,0.8427595,-0.4846458,-0.9599122,-0.1874923,-0.2083639,0,0,0,-46.25371,0.6778813,-0.01339722,-0.6831712,-0.7217762,-0.1109786,0,0,0,0.2425909
1732482679689,-46.93644,1.598178,-0.3198204,-0.9898259,0.1304811,0.05674249,-0.3330231,0.07116795,0.1310349,-47.13203,0.8319463,-0.486084,-0.9370871,-0.2540724,-0.2394066,1.076603,-0.8109927,-0.1078606,-46.25732,0.6766019,-0.009540558,-0.6749921,-0.7313683,-0.097399,-0.2709389,-0.09595603,0.2892494,0.2425909
1732482679696,-46.93644,1.598178,-0.3198204,-0.9898259,0.1304811,0.05674249,0,0,0,-47.13203,0.8319463,-0.486084,-0.9370871,-0.2540724,-0.2394066,0,0,0,-46.25732,0.6766019,-0.009540558,-0.6749921,-0.7313683,-0.097399,0,0,0,0.2425909
1732482679717,-46.94054,1.598308,-0.3183975,-0.9901437,0.1289787,0.0545944,-0.30756,0.009781122,0.1067162,-47.11583,0.819317,-0.4870033,-0.9110559,-0.3143213,-0.2667959,1.21479,-0.9471953,-0.06895065,-46.25974,0.6755372,-0.006164551,-0.6684512,-0.7391492,-0.08265591,-0.181675,-0.07984936,0.2532005,0.2425909
1732482679724,-46.94054,1.598308,-0.3183975,-0.9901437,0.1289787,0.0545944,0,0,0,-47.11583,0.819317,-0.4870033,-0.9110559,-0.3143213,-0.2667959,0,0,0,-46.25974,0.6755372,-0.006164551,-0.6684512,-0.7391492,-0.08265591,0,0,0,0.2425909
1732482679746,-46.9445,1.598269,-0.3171158,-0.9903417,0.1296373,0.04917175,-0.2966881,-0.002968311,0.09613037,-47.09624,0.8032683,-0.4896126,-0.8833504,-0.3716038,-0.2856629,1.469707,-1.20365,-0.195694,-46.26301,0.6738081,-0.00050354,-0.6626123,-0.7462161,-0.06408727,-0.2451897,-0.1296848,0.4245758,0.2425909
1732482679753,-46.9445,1.598269,-0.3171158,-0.9903417,0.1296373,0.04917175,0,0,0,-47.09624,0.8032683,-0.4896126,-0.8833504,-0.3716038,-0.2856629,0,0,0,-46.26301,0.6738081,-0.00050354,-0.6626123,-0.7462161,-0.06408727,0,0,0,0.2425909
1732482679774,-46.94896,1.597613,-0.3157082,-0.9909105,0.1279812,0.04144013,-0.3347397,-0.04917383,0.1055717,-47.07347,0.7859557,-0.4908218,-0.8616845,-0.4177181,-0.2881181,1.707458,-1.298448,-0.09069443,-46.26842,0.6717195,0.007843018,-0.6601048,-0.7496822,-0.04731345,-0.405407,-0.1566455,0.6259918,0.2425909
1732482679781,-46.94896,1.597613,-0.3157082,-0.9909105,0.1279812,0.04144013,0,0,0,-47.07347,0.7859557,-0.4908218,-0.8616845,-0.4177181,-0.2881181,0,0,0,-46.26842,0.6717195,0.007843018,-0.6601048,-0.7496822,-0.04731345,0,0,0,0.2425909
1732482679802,-46.95246,1.597401,-0.3145485,-0.9915726,0.1253677,0.03266931,-0.2626419,-0.01591444,0.0869751,-47.04727,0.7705297,-0.4932938,-0.8372023,-0.4732483,-0.2740967,1.965237,-1.156948,-0.1853943,-46.27371,0.6696357,0.0174408,-0.6593019,-0.751349,-0.02821338,-0.39711,-0.1562834,0.7198334,0.2425909
1732482679809,-46.95246,1.597401,-0.3145485,-0.9915726,0.1253677,0.03266931,0,0,0,-47.04727,0.7705297,-0.4932938,-0.8372023,-0.4732483,-0.2740967,0,0,0,-46.27371,0.6696357,0.0174408,-0.6593019,-0.751349,-0.02821338,0,0,0,0.2425909
1732482679830,-46.956,1.597242,-0.3143044,-0.9921717,0.1220578,0.02641499,-0.2655029,-0.0118643,0.01831055,-47.02077,0.757185,-0.4976616,-0.8063553,-0.5232006,-0.2757766,1.987267,-1.000848,-0.3275871,-46.27987,0.6674691,0.02815628,-0.6552714,-0.7553754,-0.005233407,-0.461483,-0.1624927,0.8036613,0.2425909
1732482679837,-46.956,1.597242,-0.3143044,-0.9921717,0.1220578,0.02641499,0,0,0,-47.02077,0.757185,-0.4976616,-0.8063553,-0.5232006,-0.2757766,0,0,0,-46.27987,0.6674691,0.02815628,-0.6552714,-0.7553754,-0.005233407,0,0,0,0.2425909
1732482679858,-46.95899,1.597193,-0.3131256,-0.9925979,0.1194768,0.0217908,-0.2243042,-0.003692508,0.08840561,-46.99432,0.7465205,-0.5035362,-0.7594595,-0.5715384,-0.3107504,1.983833,-0.7998437,-0.4405975,-46.28487,0.6652875,0.0389061,-0.6504352,-0.7593294,0.01880378,-0.3753662,-0.1636237,0.8062363,0.2425909
1732482679866,-46.95899,1.597193,-0.3131256,-0.9925979,0.1194768,0.0217908,0,0,0,-46.99432,0.7465205,-0.5035362,-0.7594595,-0.5715384,-0.3107504,0,0,0,-46.28487,0.6652875,0.0389061,-0.6504352,-0.7593294,0.01880378,0,0,0,0.2425909
1732482679886,-46.96085,1.597543,-0.3123894,-0.9930795,0.1161294,0.01754206,-0.1390457,0.026232,0.05521774,-46.96762,0.7395583,-0.5096207,-0.7094334,-0.615247,-0.3437672,2.002716,-0.5221635,-0.4563332,-46.28828,0.6637521,0.04804993,-0.64496,-0.7632409,0.03860259,-0.2557755,-0.1151562,0.6857872,0.2425909
1732482679893,-46.96085,1.597543,-0.3123894,-0.9930795,0.1161294,0.01754206,0,0,0,-46.96762,0.7395583,-0.5096207,-0.7094334,-0.615247,-0.3437672,0,0,0,-46.28828,0.6637521,0.04804993,-0.64496,-0.7632409,0.03860259,0,0,0,0.2425909
1732482679914,-46.96243,1.597844,-0.3114929,-0.9936251,0.1118166,0.01437855,-0.1187325,0.02257526,0.06723404,-46.94376,0.7347895,-0.5156326,-0.6685044,-0.6470653,-0.3666184,1.78957,-0.3576592,-0.4508972,-46.29109,0.66243,0.05727005,-0.6404354,-0.7661844,0.05295527,-0.2108574,-0.09915233,0.6915092,0.2425909
1732482679921,-46.96243,1.597844,-0.3114929,-0.9936251,0.1118166,0.01437855,0,0,0,-46.94376,0.7347895,-0.5156326,-0.6685044,-0.6470653,-0.3666184,0,0,0,-46.29109,0.66243,0.05727005,-0.6404354,-0.7661844,0.05295527,0,0,0,0.2425909
1732482679928,-46.96243,1.597844,-0.3114929,-0.9936251,0.1118166,0.01437855,0,0,0,-46.94376,0.7347895,-0.5156326,-0.6685044,-0.6470653,-0.3666184,0,0,0,-46.29109,0.66243,0.05727005,-0.6404354,-0.7661844,0.05295527,0,0,0,0.2425909
1732482679941,-46.96479,1.597378,-0.3101959,-0.9939256,0.1094984,0.01106554,-0.1770973,-0.03496706,0.09727478,-46.92275,0.7320504,-0.5213394,-0.6297703,-0.6703337,-0.3924825,1.575565,-0.2054304,-0.428009,-46.29514,0.6607075,0.0673027,-0.6388415,-0.7668772,0.06149459,-0.3032684,-0.1291931,0.752449,0.2425909
1732482679948,-46.96479,1.597378,-0.3101959,-0.9939256,0.1094984,0.01106554,0,0,0,-46.92275,0.7320504,-0.5213394,-0.6297703,-0.6703337,-0.3924825,0,0,0,-46.29514,0.6607075,0.0673027,-0.6388415,-0.7668772,0.06149459,0,0,0,0.2425909
1732482679969,-46.96761,1.596959,-0.3089218,-0.9941996,0.1073545,0.006535649,-0.2111435,-0.03143549,0.09555817,-46.90426,0.7294253,-0.5267982,-0.5916859,-0.6926712,-0.4124503,1.386452,-0.1968831,-0.4094124,-46.29848,0.660089,0.07236481,-0.6382574,-0.766729,0.06895274,-0.2506256,-0.04638433,0.3796577,0.2425909
1732482679976,-46.96761,1.596959,-0.3089218,-0.9941996,0.1073545,0.006535649,0,0,0,-46.90426,0.7294253,-0.5267982,-0.5916859,-0.6926712,-0.4124503,0,0,0,-46.29848,0.660089,0.07236481,-0.6382574,-0.766729,0.06895274,0,0,0,0.2425909
1732482679994,-46.96898,1.596705,-0.3079491,-0.9941406,0.1080946,0.0005839467,-0.1029968,-0.01904368,0.07295609,-46.88882,0.7278591,-0.5317039,-0.5602219,-0.7051751,-0.4346032,1.158142,-0.1174629,-0.3679276,-46.30138,0.6595421,0.07761002,-0.6379449,-0.7668505,0.07047731,-0.2177238,-0.04101545,0.3933907,0.2425909
1732482680001,-46.96898,1.596705,-0.3079491,-0.9941406,0.1080946,0.0005839467,0,0,0,-46.88882,0.7278591,-0.5317039,-0.5602219,-0.7051751,-0.4346032,0,0,0,-46.30138,0.6595421,0.07761002,-0.6379449,-0.7668505,0.07047731,0,0,0,0.2425909
1732482680023,-46.97103,1.596642,-0.3068314,-0.9940246,0.1090477,-0.004921556,-0.153923,-0.004675984,0.08382797,-46.87707,0.7268763,-0.5368958,-0.5324641,-0.7088941,-0.4625494,0.8811951,-0.07371604,-0.3893852,-46.30462,0.6589874,0.08327866,-0.6375345,-0.7671731,0.07068092,-0.243187,-0.04160553,0.425148,0.2425909
1732482680029,-46.97103,1.596642,-0.3068314,-0.9940246,0.1090477,-0.004921556,0,0,0,-46.87707,0.7268763,-0.5368958,-0.5324641,-0.7088941,-0.4625494,0,0,0,-46.30462,0.6589874,0.08327866,-0.6375345,-0.7671731,0.07068092,0,0,0,0.2425909
1732482680051,-46.97234,1.596657,-0.3057632,-0.9937719,0.1110547,-0.009209275,-0.09784698,0.001126528,0.08010864,-46.86795,0.7268314,-0.5409317,-0.5072488,-0.711296,-0.486577,0.6840706,-0.003361702,-0.3026962,-46.30695,0.6583655,0.0859642,-0.6367404,-0.7678705,0.07026476,-0.1742363,-0.04664361,0.201416,0.2425909
1732482680058,-46.97234,1.596657,-0.3057632,-0.9937719,0.1110547,-0.009209275,0,0,0,-46.86795,0.7268314,-0.5409317,-0.5072488,-0.711296,-0.486577,0,0,0,-46.30695,0.6583655,0.0859642,-0.6367404,-0.7678705,0.07026476,0,0,0,0.2425909
1732482680079,-46.97291,1.596903,-0.3046074,-0.9936857,0.1114832,-0.01267409,-0.04291534,0.01844466,0.086689,-46.86184,0.727216,-0.5440712,-0.488072,-0.7148634,-0.500756,0.4583359,0.02884269,-0.2354622,-46.30677,0.6580433,0.08612823,-0.6357672,-0.7687957,0.068946,0.0128746,-0.0241667,0.0123024,0.2425909
1732482680086,-46.97291,1.596903,-0.3046074,-0.9936857,0.1114832,-0.01267409,0,0,0,-46.86184,0.727216,-0.5440712,-0.488072,-0.7148634,-0.500756,0,0,0,-46.30677,0.6580433,0.08612823,-0.6357672,-0.7687957,0.068946,0,0,0,0.2425909
1732482680107,-46.97349,1.597471,-0.3032112,-0.993755,0.1105553,-0.01511848,-0.04377365,0.04254878,0.1047134,-46.85855,0.7278148,-0.5459938,-0.4733955,-0.7166164,-0.5122092,0.2463341,0.04490912,-0.1441956,-46.30694,0.6582168,0.0865097,-0.6361347,-0.7689985,0.0630433,-0.0123024,0.01301318,0.02861023,0.2425909
1732482680114,-46.97349,1.597471,-0.3032112,-0.993755,0.1105553,-0.01511848,0,0,0,-46.85855,0.7278148,-0.5459938,-0.4733955,-0.7166164,-0.5122092,0,0,0,-46.30694,0.6582168,0.0865097,-0.6361347,-0.7689985,0.0630433,0,0,0,0.2425909
1732482680135,-46.97384,1.597665,-0.3020897,-0.9938396,0.1096243,-0.01631176,-0.02603531,0.01455545,0.08411407,-46.8584,0.7284465,-0.5470047,-0.4656586,-0.7194913,-0.5152619,0.01173019,0.04737675,-0.07581711,-46.30637,0.6588551,0.08438873,-0.6384922,-0.7682086,0.04672694,0.04234314,0.04787296,-0.1590729,0.2425909
1732482680142,-46.97384,1.597665,-0.3020897,-0.9938396,0.1096243,-0.01631176,0,0,0,-46.8584,0.7284465,-0.5470047,-0.4656586,-0.7194913,-0.5152619,0,0,0,-46.30637,0.6588551,0.08438873,-0.6384922,-0.7682086,0.04672694,0,0,0,0.2425909
1732482680163,-46.97427,1.597779,-0.3008728,-0.9941296,0.1067261,-0.01777899,-0.03204346,0.008556247,0.09126663,-46.86164,0.7287718,-0.5467339,-0.4663193,-0.720701,-0.5129688,-0.2434731,0.02439916,0.02031326,-46.30539,0.6598002,0.08071136,-0.640187,-0.7677068,0.02805579,0.07410049,0.07088631,-0.2758026,0.2425909
1732482680171,-46.97427,1.597779,-0.3008728,-0.9941296,0.1067261,-0.01777899,0,0,0,-46.86164,0.7287718,-0.5467339,-0.4663193,-0.720701,-0.5129688,0,0,0,-46.30539,0.6598002,0.08071136,-0.640187,-0.7677068,0.02805579,0,0,0,0.2425909
1732482680191,-46.97445,1.597664,-0.2995949,-0.9944211,0.1036061,-0.01982248,-0.01401901,-0.008609891,0.09584427,-46.86807,0.7289074,-0.5452766,-0.4775747,-0.7213647,-0.5015538,-0.4820824,0.01017004,0.1092911,-46.30591,0.660868,0.07946777,-0.6431351,-0.7657076,0.008331895,-0.03948212,0.08008629,-0.09326935,0.2425909
1732482680198,-46.97445,1.597664,-0.2995949,-0.9944211,0.1036061,-0.01982248,0,0,0,-46.86807,0.7289074,-0.5452766,-0.4775747,-0.7213647,-0.5015538,0,0,0,-46.30591,0.660868,0.07946777,-0.6431351,-0.7657076,0.008331895,0,0,0,0.2425909
1732482680218,-46.97402,1.597317,-0.2983437,-0.9947128,0.1004864,-0.02120245,0.03261566,-0.02605319,0.09384155,-46.87877,0.7290915,-0.5427971,-0.5003536,-0.7173474,-0.4848291,-0.8019447,0.01380891,0.1859665,-46.30637,0.6619244,0.07859421,-0.6459372,-0.7633143,-0.01081204,-0.03404617,0.07922351,-0.06551743,0.2425909
1732482680225,-46.97402,1.597317,-0.2983437,-0.9947128,0.1004864,-0.02120245,0,0,0,-46.87877,0.7290915,-0.5427971,-0.5003536,-0.7173474,-0.4848291,0,0,0,-46.30637,0.6619244,0.07859421,-0.6459372,-0.7633143,-0.01081204,0,0,0,0.2425909
1732482680246,-46.97336,1.596855,-0.2972374,-0.9950384,0.09669203,-0.02344012,0.04920959,-0.03459156,0.08296967,-46.89317,0.7294853,-0.5397568,-0.5308743,-0.7046655,-0.4707651,-1.080036,0.02953112,0.2280235,-46.30659,0.6630639,0.07744598,-0.6482553,-0.7608628,-0.02921069,-0.01659393,0.08546412,-0.08611679,0.2425909
1732482680253,-46.97336,1.596855,-0.2972374,-0.9950384,0.09669203,-0.02344012,0,0,0,-46.89317,0.7294853,-0.5397568,-0.5308743,-0.7046655,-0.4707651,0,0,0,-46.30659,0.6630639,0.07744598,-0.6482553,-0.7608628,-0.02921069,0,0,0,0.2425909
1732482680274,-46.97285,1.596507,-0.2962532,-0.9952579,0.09348999,-0.02686763,0.03862381,-0.02612472,0.07381439,-46.91087,0.7303693,-0.5363388,-0.566489,-0.6835098,-0.4603319,-1.328087,0.06630421,0.2563477,-46.30708,0.6641392,0.07662582,-0.65014,-0.7586087,-0.04279137,-0.0371933,0.08064508,-0.06151199,0.2425909
1732482680281,-46.97285,1.596507,-0.2962532,-0.9952579,0.09348999,-0.02686763,0,0,0,-46.91087,0.7303693,-0.5363388,-0.566489,-0.6835098,-0.4603319,0,0,0,-46.30708,0.6641392,0.07662582,-0.65014,-0.7586087,-0.04279137,0,0,0,0.2425909
1732482680288,-46.97285,1.596507,-0.2962532,-0.9952579,0.09348999,-0.02686763,0,0,0,-46.91087,0.7303693,-0.5363388,-0.566489,-0.6835098,-0.4603319,0,0,0,-46.30708,0.6641392,0.07662582,-0.65014,-0.7586087,-0.04279137,0,0,0,0.2425909
1732482680315,-46.97218,1.596645,-0.2952118,-0.9952998,0.09233488,-0.02920985,0.0497818,0.01031756,0.07810593,-46.9323,0.7327192,-0.5316277,-0.607307,-0.6527848,-0.4528253,-1.607037,0.1762435,0.3533363,-46.30764,0.6653321,0.07684326,-0.6512141,-0.7570817,-0.05242145,-0.04148483,0.08946955,0.01630783,0.2425909
1732482680322,-46.97218,1.596645,-0.2952118,-0.9952998,0.09233488,-0.02920985,0,0,0,-46.9323,0.7327192,-0.5316277,-0.607307,-0.6527848,-0.4528253,0,0,0,-46.30764,0.6653321,0.07684326,-0.6512141,-0.7570817,-0.05242145,0,0,0,0.2425909
1732482680339,-46.97128,1.596242,-0.2939034,-0.9956,0.08837257,-0.03116667,0.06752014,-0.03018379,0.09813309,-46.96314,0.737481,-0.5238609,-0.6652877,-0.607552,-0.4339049,-2.313137,0.3571317,0.5825043,-46.30885,0.6660314,0.07894516,-0.650419,-0.7566246,-0.06689239,-0.09126663,0.0524506,0.1576424,0.2425909
1732482680346,-46.97128,1.596242,-0.2939034,-0.9956,0.08837257,-0.03116667,0,0,0,-46.96314,0.737481,-0.5238609,-0.6652877,-0.607552,-0.4339049,0,0,0,-46.30885,0.6660314,0.07894516,-0.650419,-0.7566246,-0.06689239,0,0,0,0.2425909
1732482680354,-46.97128,1.596242,-0.2939034,-0.9956,0.08837257,-0.03116667,0,0,0,-46.96314,0.737481,-0.5238609,-0.6652877,-0.607552,-0.4339049,0,0,0,-46.30885,0.6660314,0.07894516,-0.650419,-0.7566246,-0.06689239,0,0,0,0.2425909
1732482680368,-46.97161,1.595928,-0.2929459,-0.995912,0.08496515,-0.03066742,-0.0248909,-0.02358556,0.07181168,-46.98525,0.7427152,-0.5165939,-0.7031949,-0.5788207,-0.4128976,-1.657963,0.3925636,0.5450249,-46.31044,0.6661078,0.08132935,-0.6478232,-0.7581339,-0.07455397,-0.1187325,0.005726516,0.1788139,0.2425909
1732482680375,-46.97161,1.595928,-0.2929459,-0.995912,0.08496515,-0.03066742,0,0,0,-46.98525,0.7427152,-0.5165939,-0.7031949,-0.5788207,-0.4128976,0,0,0,-46.31044,0.6661078,0.08132935,-0.6478232,-0.7581339,-0.07455397,0,0,0,0.2425909
1732482680396,-46.97059,1.595722,-0.2921715,-0.9961498,0.08239855,-0.02994657,0.07667542,-0.01543164,0.05807877,-47.00555,0.7480663,-0.5094223,-0.7405654,-0.546559,-0.3909433,-1.522636,0.4013345,0.5378723,-46.30913,0.6660306,0.08061218,-0.6467217,-0.7582126,-0.08285809,0.09784698,-0.005784631,-0.05378723,0.2425909
1732482680403,-46.97059,1.595722,-0.2921715,-0.9961498,0.08239855,-0.02994657,0,0,0,-47.00555,0.7480663,-0.5094223,-0.7405654,-0.546559,-0.3909433,0,0,0,-46.30913,0.6660306,0.08061218,-0.6467217,-0.7582126,-0.08285809,0,0,0,0.2425909
1732482680422,-46.96959,1.595532,-0.2914505,-0.9962729,0.08136566,-0.0286386,0.0752449,-0.01423359,0.05407333,-47.02517,0.7545486,-0.5012817,-0.7758956,-0.5144611,-0.3651249,-1.47171,0.4861727,0.6105423,-46.307,0.6657418,0.07940292,-0.6453626,-0.759002,-0.08616066,0.1599312,-0.02166331,-0.09069443,0.2425909
1732482680429,-46.96959,1.595532,-0.2914505,-0.9962729,0.08136566,-0.0286386,0,0,0,-47.02517,0.7545486,-0.5012817,-0.7758956,-0.5144611,-0.3651249,0,0,0,-46.307,0.6657418,0.07940292,-0.6453626,-0.759002,-0.08616066,0,0,0,0.2425909
1732482680451,-46.9685,1.595326,-0.2907448,-0.9965032,0.07890011,-0.02750206,0.08182526,-0.01543164,0.05292892,-47.04303,0.7613636,-0.4931107,-0.8060099,-0.4833544,-0.3416382,-1.338959,0.5111262,0.6128311,-46.30501,0.6654368,0.07847214,-0.644495,-0.7597591,-0.08598125,0.1490593,-0.02287477,-0.06980896,0.2425909
1732482680457,-46.9685,1.595326,-0.2907448,-0.9965032,0.07890011,-0.02750206,0,0,0,-47.04303,0.7613636,-0.4931107,-0.8060099,-0.4833544,-0.3416382,0,0,0,-46.30501,0.6654368,0.07847214,-0.644495,-0.7597591,-0.08598125,0,0,0,0.2425909
1732482680479,-46.96729,1.595094,-0.2900238,-0.9967939,0.07558614,-0.0262475,0.09098053,-0.0173986,0.05407333,-47.05839,0.7686265,-0.4842758,-0.8361173,-0.4514791,-0.3115685,-1.15242,0.5447164,0.6626129,-46.30275,0.6650771,0.0779953,-0.6445903,-0.7602573,-0.08070123,0.1693726,-0.02697408,-0.03576279,0.2425909
1732482680486,-46.96729,1.595094,-0.2900238,-0.9967939,0.07558614,-0.0262475,0,0,0,-47.05839,0.7686265,-0.4842758,-0.8361173,-0.4514791,-0.3115685,0,0,0,-46.30275,0.6650771,0.0779953,-0.6445903,-0.7602573,-0.08070123,0,0,0,0.2425909
1732482680507,-46.96609,1.59494,-0.2892647,-0.9970028,0.07331807,-0.02470386,0.08983612,-0.01156032,0.05693436,-47.07077,0.7755414,-0.4749336,-0.8645358,-0.4221507,-0.2727039,-0.9284019,0.5186185,0.7006645,-46.3003,0.664646,0.07823944,-0.64459,-0.7606979,-0.07643735,0.1839638,-0.03233403,0.01831055,0.2425909
1732482680515,-46.96609,1.59494,-0.2892647,-0.9970028,0.07331807,-0.02470386,0,0,0,-47.07077,0.7755414,-0.4749336,-0.8645358,-0.4221507,-0.2727039,0,0,0,-46.3003,0.664646,0.07823944,-0.64459,-0.7606979,-0.07643735,0,0,0,0.2425909
1732482680535,-46.96503,1.594689,-0.2885742,-0.9972185,0.07097048,-0.02277863,0.07953644,-0.01883805,0.05178452,-47.08059,0.7814915,-0.4622002,-0.8861753,-0.3991289,-0.2353512,-0.7364273,0.4462525,0.9550095,-46.2985,0.6643703,0.07866287,-0.6450917,-0.760882,-0.07011199,0.1347542,-0.02067983,0.03175735,0.2425909
1732482680542,-46.96503,1.594689,-0.2885742,-0.9972185,0.07097048,-0.02277863,0,0,0,-47.08059,0.7814915,-0.4622002,-0.8861753,-0.3991289,-0.2353512,0,0,0,-46.2985,0.6643703,0.07866287,-0.6450917,-0.760882,-0.07011199,0,0,0,0.2425909
1732482680564,-46.96378,1.594521,-0.2876968,-0.9974856,0.0679222,-0.02023804,0.09355545,-0.0125885,0.06580353,-47.08706,0.7863797,-0.4482689,-0.901306,-0.3820349,-0.2041984,-0.4849434,0.3666177,1.044846,-46.29642,0.664123,0.07928848,-0.6458601,-0.7608921,-0.06251538,0.1559258,-0.01854748,0.04692078,0.2425909
1732482680571,-46.96378,1.594521,-0.2876968,-0.9974856,0.0679222,-0.02023804,0,0,0,-47.08706,0.7863797,-0.4482689,-0.901306,-0.3820349,-0.2041984,0,0,0,-46.29642,0.664123,0.07928848,-0.6458601,-0.7608921,-0.06251538,0,0,0,0.2425909
1732482680592,-46.96297,1.594601,-0.2870712,-0.9975857,0.06698754,-0.01832557,0.06093979,0.005990267,0.04692078,-47.09086,0.7899328,-0.4423065,-0.9112197,-0.3713263,-0.1783147,-0.2855301,0.2664864,0.4471779,-46.29488,0.6639096,0.08013916,-0.6465449,-0.7609498,-0.0541774,0.1158714,-0.01600832,0.06380081,0.2425909
1732482680599,-46.96297,1.594601,-0.2870712,-0.9975857,0.06698754,-0.01832557,0,0,0,-47.09086,0.7899328,-0.4423065,-0.9112197,-0.3713263,-0.1783147,0,0,0,-46.29488,0.6639096,0.08013916,-0.6465449,-0.7609498,-0.0541774,0,0,0,0.2425909
1732482680620,-46.96219,1.594666,-0.2862892,-0.9976044,0.06717092,-0.01654744,0.05836487,0.004863739,0.05865097,-47.092,0.7920628,-0.4372025,-0.9165666,-0.368107,-0.1562161,-0.08525848,0.1597434,0.3828049,-46.29397,0.6638051,0.08197403,-0.6480153,-0.7603036,-0.04488862,0.06837845,-0.00783205,0.1376152,0.2425909
1732482680627,-46.96219,1.594666,-0.2862892,-0.9976044,0.06717092,-0.01654744,0,0,0,-47.092,0.7920628,-0.4372025,-0.9165666,-0.368107,-0.1562161,0,0,0,-46.29397,0.6638051,0.08197403,-0.6480153,-0.7603036,-0.04488862,0,0,0,0.2425909
1732482680648,-46.96161,1.594663,-0.2855453,-0.9977911,0.06498484,-0.0137856,0.04320145,-0.0002145767,0.05578995,-47.0906,0.7922525,-0.4338226,-0.9179634,-0.3707111,-0.1411282,0.1052856,0.01423359,0.2534866,-46.29259,0.6637977,0.08256531,-0.6495041,-0.7595572,-0.03489685,0.1032829,-0.0005587935,0.04434586,0.2425909
1732482680655,-46.96161,1.594663,-0.2855453,-0.9977911,0.06498484,-0.0137856,0,0,0,-47.0906,0.7922525,-0.4338226,-0.9179634,-0.3707111,-0.1411282,0,0,0,-46.29259,0.6637977,0.08256531,-0.6495041,-0.7595572,-0.03489685,0,0,0,0.2425909
1732482680676,-46.96124,1.594551,-0.2849007,-0.9979289,0.06333368,-0.01128244,0.02803802,-0.008413196,0.04835129,-47.08652,0.7909175,-0.4313431,-0.9152677,-0.3812299,-0.1301893,0.3058434,-0.1001269,0.1859665,-46.29079,0.6637838,0.08185196,-0.6504514,-0.7590749,-0.0268085,0.1347542,-0.001041591,-0.05350113,0.2425909
1732482680683,-46.96124,1.594551,-0.2849007,-0.9979289,0.06333368,-0.01128244,0,0,0,-47.08652,0.7909175,-0.4313431,-0.9152677,-0.3812299,-0.1301893,0,0,0,-46.29079,0.6637838,0.08185196,-0.6504514,-0.7590749,-0.0268085,0,0,0,0.2425909
1732482680690,-46.96124,1.594551,-0.2849007,-0.9979289,0.06333368,-0.01128244,0,0,0,-47.08652,0.7909175,-0.4313431,-0.9152677,-0.3812299,-0.1301893,0,0,0,-46.29079,0.6637838,0.08185196,-0.6504514,-0.7590749,-0.0268085,0,0,0,0.2425909
1732482680704,-46.96085,1.594375,-0.2843437,-0.9980879,0.06114738,-0.009044409,0.02946854,-0.01323223,0.04177094,-47.07795,0.7815627,-0.4277687,-0.9091487,-0.397235,-0.1251142,0.6422997,-0.7016122,0.2680779,-46.28921,0.6637023,0.08218765,-0.6505451,-0.7591413,-0.02226901,0.1190186,-0.006110966,0.025177,0.2425909
1732482680711,-46.96085,1.594375,-0.2843437,-0.9980879,0.06114738,-0.009044409,0,0,0,-47.07795,0.7815627,-0.4277687,-0.9091487,-0.397235,-0.1251142,0,0,0,-46.28921,0.6637023,0.08218765,-0.6505451,-0.7591413,-0.02226901,0,0,0,0.2425909
1732482680732,-46.96075,1.59432,-0.2838287,-0.9982011,0.05951241,-0.007307053,0.007152557,-0.004121661,0.03862381,-47.07098,0.7767056,-0.4284973,-0.9011084,-0.4162199,-0.121511,0.5227089,-0.3642797,-0.05464554,-46.28848,0.6636808,0.08229065,-0.6505867,-0.7592099,-0.01838338,0.05435944,-0.001613796,0.007724762,0.2425909
1732482680739,-46.96075,1.59432,-0.2838287,-0.9982011,0.05951241,-0.007307053,0,0,0,-47.07098,0.7767056,-0.4284973,-0.9011084,-0.4162199,-0.121511,0,0,0,-46.28848,0.6636808,0.08229065,-0.6505867,-0.7592099,-0.01838338,0,0,0,0.2425909
1732482680758,-46.96018,1.594354,-0.283371,-0.9983073,0.05789352,-0.005560875,0.04291534,0.002592802,0.03433228,-47.06174,0.7700297,-0.4316444,-0.888616,-0.4411356,-0.1255449,0.693512,-0.5006924,-0.2360344,-46.28728,0.6637002,0.08249283,-0.6505646,-0.7593244,-0.01387835,0.08983612,0.001457334,0.01516342,0.2425909
1732482680765,-46.96018,1.594354,-0.283371,-0.9983073,0.05789352,-0.005560875,0,0,0,-47.06174,0.7700297,-0.4316444,-0.888616,-0.4411356,-0.1255449,0,0,0,-46.28728,0.6637002,0.08249283,-0.6505646,-0.7593244,-0.01387835,0,0,0,0.2425909
1732482680786,-46.96006,1.594346,-0.2830048,-0.9984085,0.05622056,-0.00448525,0.009155273,-0.0006437302,0.02746582,-47.05143,0.762775,-0.4363174,-0.8733219,-0.4679735,-0.1353155,0.7733345,-0.544104,-0.3504753,-46.28645,0.6637253,0.0826683,-0.6501911,-0.7597124,-0.009435296,0.0626564,0.001877546,0.01316071,0.2425909
1732482680793,-46.96006,1.594346,-0.2830048,-0.9984085,0.05622056,-0.00448525,0,0,0,-47.05143,0.762775,-0.4363174,-0.8733219,-0.4679735,-0.1353155,0,0,0,-46.28645,0.6637253,0.0826683,-0.6501911,-0.7597124,-0.009435296,0,0,0,0.2425909
1732482680814,-46.96001,1.594341,-0.2825966,-0.9984701,0.05513036,-0.004312873,0.00371933,-0.0003755093,0.03061295,-47.03986,0.7563055,-0.4427109,-0.8543606,-0.4970031,-0.1518426,0.8671761,-0.4852161,-0.4795074,-46.28587,0.6637079,0.08299255,-0.6495304,-0.7603083,-0.00650847,0.04377365,-0.001305342,0.0243187,0.2425909
1732482680821,-46.96001,1.594341,-0.2825966,-0.9984701,0.05513036,-0.004312873,0,0,0,-47.03986,0.7563055,-0.4427109,-0.8543606,-0.4970031,-0.1518426,0,0,0,-46.28587,0.6637079,0.08299255,-0.6495304,-0.7603083,-0.00650847,0,0,0,0.2425909
1732482680843,-46.95995,1.594486,-0.2821541,-0.9984316,0.05574957,-0.005165815,0.004291534,0.01093447,0.03318787,-47.02778,0.7488262,-0.4489059,-0.8339109,-0.5251784,-0.1696479,0.906086,-0.5609438,-0.4646301,-46.28534,0.6636758,0.08372879,-0.6489744,-0.7607976,-0.004419565,0.03976822,-0.002405047,0.05521774,0.2425909
1732482680850,-46.95995,1.594486,-0.2821541,-0.9984316,0.05574957,-0.005165815,0,0,0,-47.02778,0.7488262,-0.4489059,-0.8339109,-0.5251784,-0.1696479,0,0,0,-46.28534,0.6636758,0.08372879,-0.6489744,-0.7607976,-0.004419565,0,0,0,0.2425909
1732482680871,-46.96029,1.594747,-0.2818947,-0.9983538,0.05706286,-0.005824208,-0.025177,0.01957119,0.01945496,-47.01563,0.7433799,-0.4571991,-0.8135812,-0.5493288,-0.1905885,0.9112358,-0.4084736,-0.6219864,-46.28554,0.66369,0.08454132,-0.6483183,-0.761359,-0.004071236,-0.01516342,0.001063943,0.06093979,0.2425909
1732482680878,-46.96029,1.594747,-0.2818947,-0.9983538,0.05706286,-0.005824208,0,0,0,-47.01563,0.7433799,-0.4571991,-0.8135812,-0.5493288,-0.1905885,0,0,0,-46.28554,0.66369,0.08454132,-0.6483183,-0.761359,-0.004071236,0,0,0,0.2425909
1732482680899,-46.96092,1.595115,-0.2817802,-0.9983259,0.05742753,-0.006901741,-0.04777908,0.02760887,0.008583069,-47.00404,0.7391075,-0.4662781,-0.794682,-0.5675999,-0.2151994,0.8691788,-0.3204256,-0.6809235,-46.28612,0.6638455,0.08508301,-0.6467634,-0.7626792,-0.004252195,-0.04377365,0.01166761,0.04062653,0.2425909
1732482680906,-46.96092,1.595115,-0.2817802,-0.9983259,0.05742753,-0.006901741,0,0,0,-47.00404,0.7391075,-0.4662781,-0.794682,-0.5675999,-0.2151994,0,0,0,-46.28612,0.6638455,0.08508301,-0.6467634,-0.7626792,-0.004252195,0,0,0,0.2425909
1732482680927,-46.96134,1.595242,-0.281414,-0.9983294,0.05738067,-0.006806612,-0.03147125,0.00949502,0.02746582,-46.99297,0.7357861,-0.4755821,-0.7751288,-0.5833056,-0.242756,0.830555,-0.2491102,-0.6978035,-46.2865,0.6637815,0.08582306,-0.6453687,-0.7638561,-0.004841208,-0.02803802,-0.004801154,0.05550385,0.2425909
1732482680934,-46.96134,1.595242,-0.281414,-0.9983294,0.05738067,-0.006806612,0,0,0,-46.99297,0.7357861,-0.4755821,-0.7751288,-0.5833056,-0.242756,0,0,0,-46.2865,0.6637815,0.08582306,-0.6453687,-0.7638561,-0.004841208,0,0,0,0.2425909
1732482680955,-46.96125,1.595176,-0.2806587,-0.9983112,0.05779816,-0.005857348,0.006866455,-0.004953146,0.05664825,-46.98244,0.7334325,-0.4843979,-0.7551523,-0.5983338,-0.2678468,0.7893562,-0.1765162,-0.6611824,-46.28621,0.6636603,0.08627319,-0.643949,-0.7650461,-0.005881548,0.02117157,-0.009092689,0.03376007,0.2425909
1732482680962,-46.96125,1.595176,-0.2806587,-0.9983112,0.05779816,-0.005857348,0,0,0,-46.98244,0.7334325,-0.4843979,-0.7551523,-0.5983338,-0.2678468,0,0,0,-46.28621,0.6636603,0.08627319,-0.643949,-0.7650461,-0.005881548,0,0,0,0.2425909
1732482680968,-46.96125,1.595176,-0.2806587,-0.9983112,0.05779816,-0.005857348,0,0,0,-46.98244,0.7334325,-0.4843979,-0.7551523,-0.5983338,-0.2678468,0,0,0,-46.28621,0.6636603,0.08627319,-0.643949,-0.7650461,-0.005881548,0,0,0,0.2425909
1732482680983,-46.96134,1.595122,-0.2799835,-0.9983549,0.05724048,-0.00339973,-0.006580353,-0.004023314,0.05064011,-46.97292,0.7320325,-0.4926491,-0.7342268,-0.6121286,-0.2936159,0.7141113,-0.1049995,-0.6188393,-46.28558,0.6634272,0.08603287,-0.6422839,-0.7664353,-0.006991386,0.04777908,-0.01747906,-0.01802444,0.2425909
1732482680990,-46.96134,1.595122,-0.2799835,-0.9983549,0.05724048,-0.00339973,0,0,0,-46.97292,0.7320325,-0.4926491,-0.7342268,-0.6121286,-0.2936159,0,0,0,-46.28558,0.6634272,0.08603287,-0.6422839,-0.7664353,-0.006991386,0,0,0,0.2425909
1732482681008,-46.96127,1.595055,-0.2792358,-0.9983637,0.05716126,-0.001677871,0.004863739,-0.005042553,0.05607605,-46.96454,0.7308474,-0.5002441,-0.7178892,-0.620602,-0.3154185,0.6285667,-0.08888841,-0.5696297,-46.28476,0.6632506,0.08528137,-0.6410877,-0.7674263,-0.007990837,0.06151199,-0.01325011,-0.05636215,0.2425909
1732482681015,-46.96127,1.595055,-0.2792358,-0.9983637,0.05716126,-0.001677871,0,0,0,-46.96454,0.7308474,-0.5002441,-0.7178892,-0.620602,-0.3154185,0,0,0,-46.28476,0.6632506,0.08528137,-0.6410877,-0.7674263,-0.007990837,0,0,0,0.2425909
1732482681036,-46.96104,1.594967,-0.2784042,-0.9983832,0.05684656,-0.0004671812,0.01773834,-0.006598234,0.0623703,-46.9571,0.7298224,-0.507309,-0.7030321,-0.6263645,-0.3367698,0.5584717,-0.07687211,-0.5298615,-46.28346,0.6629896,0.08481216,-0.6398386,-0.7684627,-0.00848639,0.09727478,-0.01957119,-0.03519058,0.2425909
1732482681043,-46.96104,1.594967,-0.2784042,-0.9983832,0.05684656,-0.0004671812,0,0,0,-46.9571,0.7298224,-0.507309,-0.7030321,-0.6263645,-0.3367698,0,0,0,-46.28346,0.6629896,0.08481216,-0.6398386,-0.7684627,-0.00848639,0,0,0,0.2425909
1732482681063,-46.9615,1.595057,-0.2777596,-0.9983311,0.05775123,0.0004145503,-0.03490448,0.006777048,0.04835129,-46.95066,0.729207,-0.513607,-0.69217,-0.6288416,-0.3542024,0.4823685,-0.04615188,-0.4723549,-46.28329,0.6627847,0.08468246,-0.6390643,-0.7690995,-0.009112,0.0123024,-0.01536906,-0.009727478,0.2425909
1732482681070,-46.9615,1.595057,-0.2777596,-0.9983311,0.05775123,0.0004145503,0,0,0,-46.95066,0.729207,-0.513607,-0.69217,-0.6288416,-0.3542024,0,0,0,-46.28329,0.6627847,0.08468246,-0.6390643,-0.7690995,-0.009112,0,0,0,0.2425909
1732482681091,-46.96171,1.594967,-0.2770348,-0.9982113,0.05978943,8.481741E-05,-0.01544952,-0.006777048,0.05435944,-46.94529,0.728727,-0.5191345,-0.6782867,-0.6338088,-0.3717713,0.4034042,-0.03599972,-0.4145622,-46.28376,0.6625223,0.08602524,-0.6382321,-0.7697939,-0.008822322,-0.03490448,-0.01967847,0.100708,0.2425909
1732482681098,-46.96171,1.594967,-0.2770348,-0.9982113,0.05978943,8.481741E-05,0,0,0,-46.94529,0.728727,-0.5191345,-0.6782867,-0.6338088,-0.3717713,0,0,0,-46.28376,0.6625223,0.08602524,-0.6382321,-0.7697939,-0.008822322,0,0,0,0.2425909
1732482681119,-46.96183,1.594733,-0.2763214,-0.998266,0.05882917,-0.002089977,-0.009155273,-0.01755953,0.05350113,-46.94153,0.7284163,-0.5234299,-0.6677915,-0.6365166,-0.3858781,0.2815247,-0.02330393,-0.3221512,-46.2837,0.6623084,0.0868187,-0.6376421,-0.7702948,-0.007673621,0.004577637,-0.01604408,0.05950928,0.2425909
1732482681127,-46.96183,1.594733,-0.2763214,-0.998266,0.05882917,-0.002089977,0,0,0,-46.94153,0.7284163,-0.5234299,-0.6677915,-0.6365166,-0.3858781,0,0,0,-46.2837,0.6623084,0.0868187,-0.6376421,-0.7702948,-0.007673621,0,0,0,0.2425909
1732482681148,-46.96185,1.594368,-0.2755661,-0.9983234,0.05763596,-0.005355,-0.001144409,-0.02737641,0.05664825,-46.93911,0.7280836,-0.5265999,-0.6602813,-0.6374129,-0.3971571,0.1819611,-0.02495348,-0.237751,-46.28411,0.661982,0.08861542,-0.6369264,-0.770897,-0.006540298,-0.03089905,-0.02447963,0.1347542,0.2425909
1732482681155,-46.96185,1.594368,-0.2755661,-0.9983234,0.05763596,-0.005355,0,0,0,-46.93911,0.7280836,-0.5265999,-0.6602813,-0.6374129,-0.3971571,0,0,0,-46.28411,0.661982,0.08861542,-0.6369264,-0.770897,-0.006540298,0,0,0,0.2425909
1732482681176,-46.96165,1.594009,-0.2745934,-0.9983188,0.05735318,-0.008401036,0.01430511,-0.02692938,0.07295609,-46.93826,0.7277125,-0.5286598,-0.6549017,-0.6366199,-0.4072092,0.06380081,-0.02783686,-0.1544952,-46.28428,0.6617612,0.09019852,-0.6364073,-0.7713298,-0.006058574,-0.0123024,-0.01656264,0.1187325,0.2425909
1732482681183,-46.96165,1.594009,-0.2745934,-0.9983188,0.05735318,-0.008401036,0,0,0,-46.93826,0.7277125,-0.5286598,-0.6549017,-0.6366199,-0.4072092,0,0,0,-46.28428,0.6617612,0.09019852,-0.6364073,-0.7713298,-0.006058574,0,0,0,0.2425909
1732482681204,-46.96191,1.59339,-0.2734985,-0.9983443,0.05655556,-0.01050663,-0.01945496,-0.04643798,0.08211136,-46.93959,0.7274414,-0.5290718,-0.6542237,-0.6333786,-0.4133081,-0.1004219,-0.02032667,-0.03089905,-46.28574,0.6609514,0.0946312,-0.6350963,-0.7724102,-0.005969048,-0.1098633,-0.06072968,0.3324509,0.2425909
1732482681211,-46.96191,1.59339,-0.2734985,-0.9983443,0.05655556,-0.01050663,0,0,0,-46.93959,0.7274414,-0.5290718,-0.6542237,-0.6333786,-0.4133081,0,0,0,-46.28574,0.6609514,0.0946312,-0.6350963,-0.7724102,-0.005969048,0,0,0,0.2425909
1732482681232,-46.96165,1.592515,-0.2722168,-0.9983862,0.05542436,-0.01239264,0.02002716,-0.06560683,0.09613037,-46.94272,0.7274004,-0.5278969,-0.6571344,-0.6269968,-0.4183903,-0.2343178,-0.00308007,0.08811951,-46.28628,0.6603124,0.09752274,-0.6344401,-0.7729467,-0.006304741,-0.04062653,-0.0479266,0.2168655,0.2425909
1732482681239,-46.96165,1.592515,-0.2722168,-0.9983862,0.05542436,-0.01239264,0,0,0,-46.94272,0.7274004,-0.5278969,-0.6571344,-0.6269968,-0.4183903,0,0,0,-46.28628,0.6603124,0.09752274,-0.6344401,-0.7729467,-0.006304741,0,0,0,0.2425909
1732482681260,-46.96179,1.591474,-0.2710571,-0.9984483,0.05370443,-0.01474285,-0.01087189,-0.0780791,0.0869751,-46.94693,0.7283716,-0.5244598,-0.6635671,-0.6198729,-0.4188522,-0.3155708,0.07284433,0.2577782,-46.28706,0.6594735,0.1003342,-0.6340196,-0.7732751,-0.008066893,-0.05865097,-0.06292015,0.2108574,0.2425909
1732482681267,-46.96179,1.591474,-0.2710571,-0.9984483,0.05370443,-0.01474285,0,0,0,-46.94693,0.7283716,-0.5244598,-0.6635671,-0.6198729,-0.4188522,0,0,0,-46.28706,0.6594735,0.1003342,-0.6340196,-0.7732751,-0.008066893,0,0,0,0.2425909
1732482681288,-46.96114,1.590103,-0.269722,-0.9984545,0.05285061,-0.0171982,0.04863739,-0.1027912,0.1001358,-46.95269,0.7286457,-0.5199585,-0.6742396,-0.6107664,-0.4151694,-0.4320145,0.02055913,0.3376007,-46.2872,0.6586359,0.1028671,-0.6339366,-0.7733158,-0.01035762,-0.01001358,-0.06282181,0.1899719,0.2425909
1732482681295,-46.96114,1.590103,-0.269722,-0.9984545,0.05285061,-0.0171982,0,0,0,-46.95269,0.7286457,-0.5199585,-0.6742396,-0.6107664,-0.4151694,0,0,0,-46.2872,0.6586359,0.1028671,-0.6339366,-0.7733158,-0.01035762,0,0,0,0.2425909
1732482681316,-46.96062,1.5885,-0.2682762,-0.9984848,0.0513443,-0.01980591,0.03948212,-0.1202255,0.1084328,-46.95941,0.7283788,-0.5149651,-0.686658,-0.5998277,-0.4107406,-0.5043983,-0.02001822,0.3745079,-46.28728,0.6576846,0.1053238,-0.63468,-0.7726414,-0.01438093,-0.006008148,-0.07134676,0.1842499,0.2425909
1732482681323,-46.96062,1.5885,-0.2682762,-0.9984848,0.0513443,-0.01980591,0,0,0,-46.95941,0.7283788,-0.5149651,-0.686658,-0.5998277,-0.4107406,0,0,0,-46.28728,0.6576846,0.1053238,-0.63468,-0.7726414,-0.01438093,0,0,0,0.2425909
1732482681330,-46.96062,1.5885,-0.2682762,-0.9984848,0.0513443,-0.01980591,0,0,0,-46.95941,0.7283788,-0.5149651,-0.686658,-0.5998277,-0.4107406,0,0,0,-46.28728,0.6576846,0.1053238,-0.63468,-0.7726414,-0.01438093,0,0,0,0.2425909
1732482681344,-46.96038,1.586719,-0.2668228,-0.998535,0.04940841,-0.0220741,0.01773834,-0.1336277,0.109005,-46.9673,0.7281011,-0.5084381,-0.7028598,-0.5858995,-0.4033735,-0.5913734,-0.02083182,0.489521,-46.28843,0.6562331,0.1083794,-0.6367226,-0.7708172,-0.02063644,-0.086689,-0.1088575,0.2291679,0.2425909
1732482681351,-46.96038,1.586719,-0.2668228,-0.998535,0.04940841,-0.0220741,0,0,0,-46.9673,0.7281011,-0.5084381,-0.7028598,-0.5858995,-0.4033735,0,0,0,-46.28843,0.6562331,0.1083794,-0.6367226,-0.7708172,-0.02063644,0,0,0,0.2425909
1732482681372,-46.95966,1.584831,-0.265316,-0.9986648,0.04582401,-0.02385724,0.05378723,-0.1416028,0.1130104,-46.97499,0.7280245,-0.5016479,-0.7181864,-0.5730891,-0.3946872,-0.5770683,-0.005744398,0.5092621,-46.28858,0.6552355,0.110302,-0.638352,-0.7693077,-0.02593803,-0.01115799,-0.07482022,0.1441956,0.2425909
1732482681379,-46.95966,1.584831,-0.265316,-0.9986648,0.04582401,-0.02385724,0,0,0,-46.97499,0.7280245,-0.5016479,-0.7181864,-0.5730891,-0.3946872,0,0,0,-46.28858,0.6552355,0.110302,-0.638352,-0.7693077,-0.02593803,0,0,0,0.2425909
1732482681397,-46.95942,1.583026,-0.2638855,-0.9987688,0.04225267,-0.02600563,0.01859665,-0.1353532,0.1072884,-46.98294,0.7282416,-0.4935646,-0.7336168,-0.5617357,-0.3824391,-0.5962372,0.01628101,0.6062508,-46.2891,0.6539946,0.112236,-0.6405954,-0.7671806,-0.03274179,-0.03890991,-0.09307265,0.1450539,0.2425909
1732482681404,-46.95942,1.583026,-0.2638855,-0.9987688,0.04225267,-0.02600563,0,0,0,-46.98294,0.7282416,-0.4935646,-0.7336168,-0.5617357,-0.3824391,0,0,0,-46.2891,0.6539946,0.112236,-0.6405954,-0.7671806,-0.03274179,0,0,0,0.2425909
1732482681424,-46.95914,1.581474,-0.2625618,-0.9988399,0.03898338,-0.02828157,0.02088547,-0.1163721,0.0992775,-46.99049,0.7286173,-0.4851303,-0.7492008,-0.5509802,-0.3675861,-0.5661964,0.02817661,0.6325722,-46.2896,0.6530155,0.1138229,-0.6425425,-0.7653133,-0.03788376,-0.0377655,-0.07342994,0.1190186,0.2425909
1732482681431,-46.95914,1.581474,-0.2625618,-0.9988399,0.03898338,-0.02828157,0,0,0,-46.99049,0.7286173,-0.4851303,-0.7492008,-0.5509802,-0.3675861,0,0,0,-46.2896,0.6530155,0.1138229,-0.6425425,-0.7653133,-0.03788376,0,0,0,0.2425909
1732482681453,-46.95876,1.580182,-0.2612686,-0.9988366,0.03716269,-0.03074312,0.02861023,-0.09692609,0.09698868,-46.99773,0.7291763,-0.4760818,-0.7651663,-0.5396059,-0.3512077,-0.5427361,0.0419274,0.6786346,-46.29024,0.6520577,0.1156769,-0.6464127,-0.7616118,-0.04580855,-0.04749298,-0.07183403,0.1390457,0.2425909
1732482681460,-46.95876,1.580182,-0.2612686,-0.9988366,0.03716269,-0.03074312,0,0,0,-46.99773,0.7291763,-0.4760818,-0.7651663,-0.5396059,-0.3512077,0,0,0,-46.29024,0.6520577,0.1156769,-0.6464127,-0.7616118,-0.04580855,0,0,0,0.2425909
1732482681481,-46.95791,1.578974,-0.2599144,-0.9988049,0.03606816,-0.03299367,0.06351471,-0.09056032,0.1015663,-47.0043,0.729799,-0.4670982,-0.78067,-0.5277925,-0.3346485,-0.4932404,0.04670173,0.6737709,-46.29065,0.6513265,0.1175194,-0.649861,-0.7582119,-0.05287552,-0.03118515,-0.05483776,0.1381874,0.2425909
1732482681488,-46.95791,1.578974,-0.2599144,-0.9988049,0.03606816,-0.03299367,0,0,0,-47.0043,0.729799,-0.4670982,-0.78067,-0.5277925,-0.3346485,0,0,0,-46.29065,0.6513265,0.1175194,-0.649861,-0.7582119,-0.05287552,0,0,0,0.2425909
1732482681509,-46.95678,1.577885,-0.258522,-0.9986362,0.03837154,-0.03541243,0.08468628,-0.08168221,0.1044273,-47.01006,0.7304015,-0.45821,-0.7964569,-0.5146074,-0.3175468,-0.4320145,0.04519075,0.6666183,-46.29062,0.6507324,0.1194229,-0.6519999,-0.7558712,-0.05962527,0.002861023,-0.04456043,0.142765,0.2425909
1732482681516,-46.95678,1.577885,-0.258522,-0.9986362,0.03837154,-0.03541243,0,0,0,-47.01006,0.7304015,-0.45821,-0.7964569,-0.5146074,-0.3175468,0,0,0,-46.29062,0.6507324,0.1194229,-0.6519999,-0.7558712,-0.05962527,0,0,0,0.2425909
1732482681537,-46.95612,1.576993,-0.257164,-0.9985169,0.03962895,-0.03733933,0.04920959,-0.06689429,0.1018524,-47.01488,0.7307352,-0.4497414,-0.8092233,-0.5039194,-0.302032,-0.3610611,0.02502501,0.6351471,-46.2914,0.6502158,0.1212502,-0.6551756,-0.752647,-0.06532502,-0.05893707,-0.03874451,0.137043,0.2425909
1732482681544,-46.95612,1.576993,-0.257164,-0.9985169,0.03962895,-0.03733933,0,0,0,-47.01488,0.7307352,-0.4497414,-0.8092233,-0.5039194,-0.302032,0,0,0,-46.2914,0.6502158,0.1212502,-0.6551756,-0.752647,-0.06532502,0,0,0,0.2425909
1732482681565,-46.95451,1.576293,-0.2556496,-0.9984385,0.04019319,-0.03880215,0.1207352,-0.0525713,0.1135826,-47.01825,0.7310579,-0.4413834,-0.8186889,-0.4973941,-0.2869635,-0.2532005,0.02420694,0.6268501,-46.29127,0.6500279,0.1232872,-0.6571398,-0.7507833,-0.06702447,0.01001358,-0.01409054,0.1527786,0.2425909
1732482681572,-46.95451,1.576293,-0.2556496,-0.9984385,0.04019319,-0.03880215,0,0,0,-47.01825,0.7310579,-0.4413834,-0.8186889,-0.4973941,-0.2869635,0,0,0,-46.29127,0.6500279,0.1232872,-0.6571398,-0.7507833,-0.06702447,0,0,0,0.2425909
1732482681593,-46.95391,1.575836,-0.2541161,-0.9984161,0.03903249,-0.04052401,0.04491806,-0.03424287,0.1150131,-47.0204,0.7313448,-0.4335022,-0.8262874,-0.4940363,-0.2705138,-0.1613617,0.02151579,0.5910873,-46.29175,0.6498919,0.1251259,-0.6586366,-0.7493705,-0.06813276,-0.03604889,-0.01020133,0.1379013,0.2425909
1732482681600,-46.95391,1.575836,-0.2541161,-0.9984161,0.03903249,-0.04052401,0,0,0,-47.0204,0.7313448,-0.4335022,-0.8262874,-0.4940363,-0.2705138,0,0,0,-46.29175,0.6498919,0.1251259,-0.6586366,-0.7493705,-0.06813276,0,0,0,0.2425909
1732482681621,-46.9527,1.575753,-0.252449,-0.9983549,0.0382879,-0.04268396,0.09126663,-0.006195903,0.1250267,-47.02097,0.7315943,-0.4264412,-0.832739,-0.4918761,-0.254174,-0.04234314,0.01870841,0.5295753,-46.29171,0.6498016,0.1278381,-0.6592529,-0.7488415,-0.06798649,0.002574921,-0.006772578,0.2034187,0.2425909
1732482681628,-46.9527,1.575753,-0.252449,-0.9983549,0.0382879,-0.04268396,0,0,0,-47.02097,0.7315943,-0.4264412,-0.832739,-0.4918761,-0.254174,0,0,0,-46.29171,0.6498016,0.1278381,-0.6592529,-0.7488415,-0.06798649,0,0,0,0.2425909
1732482681649,-46.95188,1.575716,-0.2508354,-0.9982405,0.03844946,-0.04514599,0.06151199,-0.002834201,0.1210213,-47.02036,0.7317656,-0.4204826,-0.8379645,-0.4908213,-0.2385587,0.04549026,0.01285225,0.4468918,-46.29105,0.6497282,0.1296768,-0.6597685,-0.7483766,-0.06810606,0.0500679,-0.005507469,0.1379013,0.2425909
1732482681656,-46.95188,1.575716,-0.2508354,-0.9982405,0.03844946,-0.04514599,0,0,0,-47.02036,0.7317656,-0.4204826,-0.8379645,-0.4908213,-0.2385587,0,0,0,-46.29105,0.6497282,0.1296768,-0.6597685,-0.7483766,-0.06810606,0,0,0,0.2425909
1732482681663,-46.95188,1.575716,-0.2508354,-0.9982405,0.03844946,-0.04514599,0,0,0,-47.02036,0.7317656,-0.4204826,-0.8379645,-0.4908213,-0.2385587,0,0,0,-46.29105,0.6497282,0.1296768,-0.6597685,-0.7483766,-0.06810606,0,0,0,0.2425909
1732482681677,-46.95043,1.575673,-0.2490768,-0.9981355,0.03946315,-0.04656768,0.1084328,-0.003191829,0.1318932,-47.01884,0.731486,-0.4165497,-0.8396958,-0.4916224,-0.2306918,0.1141548,-0.0209704,0.2949715,-46.29139,0.6494988,0.1350174,-0.6593832,-0.7486246,-0.06910682,-0.02603531,-0.01720637,0.4005432,0.2425909
1732482681683,-46.95043,1.575673,-0.2490768,-0.9981355,0.03946315,-0.04656768,0,0,0,-47.01884,0.731486,-0.4165497,-0.8396958,-0.4916224,-0.2306918,0,0,0,-46.29139,0.6494988,0.1350174,-0.6593832,-0.7486246,-0.06910682,0,0,0,0.2425909
1732482681704,-46.94881,1.575341,-0.2472115,-0.9980567,0.04008936,-0.04770899,0.1218796,-0.0249356,0.139904,-47.01861,0.7312074,-0.4150467,-0.8421108,-0.4771217,-0.2514055,0.01716614,-0.02089888,0.1127243,-46.29065,0.6493384,0.1382141,-0.658859,-0.749042,-0.06957912,0.05550385,-0.01202971,0.2397537,0.2425909
1732482681711,-46.94881,1.575341,-0.2472115,-0.9980567,0.04008936,-0.04770899,0,0,0,-47.01861,0.7312074,-0.4150467,-0.8421108,-0.4771217,-0.2514055,0,0,0,-46.29065,0.6493384,0.1382141,-0.658859,-0.749042,-0.06957912,0,0,0,0.2425909
1732482681729,-46.94851,1.574831,-0.2454109,-0.9980291,0.03976282,-0.0485518,0.02231598,-0.03819466,0.1350403,-47.01848,0.730346,-0.4167404,-0.8347361,-0.4687843,-0.2888901,0.009727478,-0.064601,-0.1270294,-46.29053,0.6489444,0.1411781,-0.6584583,-0.7494497,-0.06898141,0.009155273,-0.029549,0.2223015,0.2425909
1732482681735,-46.94851,1.574831,-0.2454109,-0.9980291,0.03976282,-0.0485518,0,0,0,-47.01848,0.730346,-0.4167404,-0.8347361,-0.4687843,-0.2888901,0,0,0,-46.29053,0.6489444,0.1411781,-0.6584583,-0.7494497,-0.06898141,0,0,0,0.2425909
1732482681756,-46.94822,1.574378,-0.2435341,-0.9979935,0.04001086,-0.04907811,0.02174377,-0.03400147,0.1407623,-47.01643,0.730144,-0.4193077,-0.8262451,-0.4846448,-0.2871219,0.1536369,-0.01515001,-0.1925468,-46.29062,0.6484343,0.1444626,-0.6576172,-0.7505327,-0.06511939,-0.00629425,-0.03825724,0.2463341,0.2425909
1732482681762,-46.94822,1.574378,-0.2435341,-0.9979935,0.04001086,-0.04907811,0,0,0,-47.01643,0.730144,-0.4193077,-0.8262451,-0.4846448,-0.2871219,0,0,0,-46.29062,0.6484343,0.1444626,-0.6576172,-0.7505327,-0.06511939,0,0,0,0.2425909
1732482681784,-46.94802,1.573813,-0.2416306,-0.9979644,0.04020027,-0.04951382,0.01487732,-0.04236996,0.142765,-47.11134,1.332407,-0.3940811,-0.815405,-0.5080678,-0.2774568,-7.117939,45.16971,1.891994,-46.29071,0.6478983,0.1475334,-0.6558329,-0.7528459,-0.05574024,-0.00743866,-0.04019737,0.2303123,0.2425909
1732482681790,-46.94802,1.573813,-0.2416306,-0.9979644,0.04020027,-0.04951382,0,0,0,-47.11134,1.332407,-0.3940811,-0.815405,-0.5080678,-0.2774568,0,0,0,-46.29071,0.6478983,0.1475334,-0.6558329,-0.7528459,-0.05574024,0,0,0,0.2425909
1732482681812,-46.94762,1.573352,-0.2398453,-0.9979975,0.03864994,-0.05007863,0.02975464,-0.03454685,0.1338959,-47.10952,1.321886,-0.3967171,-0.8075848,-0.5228795,-0.2727717,0.1367569,-0.7890433,-0.1976967,-46.29078,0.6469802,0.1516304,-0.653657,-0.7554867,-0.04441929,-0.004577637,-0.06885678,0.3072739,0.2425909
1732482681819,-46.94762,1.573352,-0.2398453,-0.9979975,0.03864994,-0.05007863,0,0,0,-47.10952,1.321886,-0.3967171,-0.8075848,-0.5228795,-0.2727717,0,0,0,-46.29078,0.6469802,0.1516304,-0.653657,-0.7554867,-0.04441929,0,0,0,0.2425909
1732482681840,-46.94717,1.573868,-0.2379341,-0.9981689,0.03398636,-0.0500443,0.03433228,0.03865957,0.1433372,-47.10466,1.319414,-0.3997993,-0.8019847,-0.5304816,-0.27461,0.3644943,-0.1854569,-0.2311707,-46.29034,0.6461546,0.1554832,-0.6513568,-0.7578865,-0.03664362,0.03232956,-0.0619188,0.2889633,0.2425909
1732482681847,-46.94717,1.573868,-0.2379341,-0.9981689,0.03398636,-0.0500443,0,0,0,-47.10466,1.319414,-0.3997993,-0.8019847,-0.5304816,-0.27461,0,0,0,-46.29034,0.6461546,0.1554832,-0.6513568,-0.7578865,-0.03664362,0,0,0,0.2425909
1732482681869,-46.94722,1.57358,-0.2360878,-0.9981057,0.03859869,-0.04791224,-0.004291534,-0.02160072,0.1384735,-47.09923,1.317413,-0.4038124,-0.7961452,-0.5398512,-0.2733386,0.4071236,-0.1500517,-0.3009796,-46.29011,0.6454828,0.1591339,-0.6483878,-0.7606016,-0.0328486,0.01745224,-0.05038977,0.2737999,0.2425909
1732482681875,-46.94722,1.57358,-0.2360878,-0.9981057,0.03859869,-0.04791224,0,0,0,-47.09923,1.317413,-0.4038124,-0.7961452,-0.5398512,-0.2733386,0,0,0,-46.29011,0.6454828,0.1591339,-0.6483878,-0.7606016,-0.0328486,0,0,0,0.2425909
1732482681897,-46.94763,1.573881,-0.2343674,-0.9981987,0.03946166,-0.04519212,-0.03061295,0.0225842,0.1290321,-47.0945,1.315499,-0.4083672,-0.7852198,-0.5557823,-0.2730137,0.3547668,-0.143525,-0.3416061,-46.28921,0.6445593,0.1611557,-0.643883,-0.7644114,-0.03301597,0.06780624,-0.06926358,0.1516342,0.2425909
1732482681904,-46.94763,1.573881,-0.2343674,-0.9981987,0.03946166,-0.04519212,0,0,0,-47.0945,1.315499,-0.4083672,-0.7852198,-0.5557823,-0.2730137,0,0,0,-46.28921,0.6445593,0.1611557,-0.643883,-0.7644114,-0.03301597,0,0,0,0.2425909
1732482681925,-46.94787,1.573892,-0.232769,-0.9982204,0.0418243,-0.04251027,-0.01802444,0.0008314848,0.1198769,-47.0912,1.313712,-0.4139595,-0.7753805,-0.5626426,-0.2867382,0.2471924,-0.1340479,-0.419426,-46.28781,0.6435759,0.162075,-0.6430383,-0.7651802,-0.03164673,0.1047134,-0.07375181,0.06895065,0.2425909
1732482681931,-46.94787,1.573892,-0.232769,-0.9982204,0.0418243,-0.04251027,0,0,0,-47.0912,1.313712,-0.4139595,-0.7753805,-0.5626426,-0.2867382,0,0,0,-46.28781,0.6435759,0.162075,-0.6430383,-0.7651802,-0.03164673,0,0,0,0.2425909
1732482681953,-46.94783,1.573675,-0.2311134,-0.9983476,0.04025102,-0.04101682,0.003147125,-0.01628101,0.1241684,-47.0887,1.31272,-0.4195557,-0.7684795,-0.5599654,-0.309643,0.1879692,-0.07437766,-0.4197121,-46.28674,0.6431159,0.1628838,-0.6440693,-0.7645152,-0.02630019,0.08039474,-0.03450215,0.06065369,0.2425909
1732482681960,-46.94783,1.573675,-0.2311134,-0.9983476,0.04025102,-0.04101682,0,0,0,-47.0887,1.31272,-0.4195557,-0.7684795,-0.5599654,-0.309643,0,0,0,-46.28674,0.6431159,0.1628838,-0.6440693,-0.7645152,-0.02630019,0,0,0,0.2425909
1732482681981,-46.94781,1.573778,-0.2295494,-0.9983804,0.04095305,-0.03949869,0.001430511,0.007724762,0.1173019,-47.08639,1.312195,-0.424675,-0.7582528,-0.5607683,-0.3325543,0.1728058,-0.03935695,-0.3839493,-46.28601,0.6428524,0.1641464,-0.6449834,-0.7639301,-0.0201894,0.05435944,-0.01975894,0.09469986,0.2425909
1732482681988,-46.94781,1.573778,-0.2295494,-0.9983804,0.04095305,-0.03949869,0,0,0,-47.08639,1.312195,-0.424675,-0.7582528,-0.5607683,-0.3325543,0,0,0,-46.28601,0.6428524,0.1641464,-0.6449834,-0.7639301,-0.0201894,0,0,0,0.2425909
1732482682009,-46.948,1.574102,-0.2279587,-0.9983258,0.04272947,-0.03899181,-0.01401901,0.02433658,0.1193047,-47.08418,1.31207,-0.4286118,-0.7499769,-0.5616375,-0.3494258,0.1662254,-0.009387732,-0.2952576,-46.28578,0.6426376,0.1661453,-0.645017,-0.7640468,-0.01363754,0.01745224,-0.01611114,0.1499176,0.2425909
1732482682016,-46.948,1.574102,-0.2279587,-0.9983258,0.04272947,-0.03899181,0,0,0,-47.08418,1.31207,-0.4286118,-0.7499769,-0.5616375,-0.3494258,0,0,0,-46.28578,0.6426376,0.1661453,-0.645017,-0.7640468,-0.01363754,0,0,0,0.2425909
1732482682022,-46.948,1.574102,-0.2279587,-0.9983258,0.04272947,-0.03899181,0,0,0,-47.08418,1.31207,-0.4286118,-0.7499769,-0.5616375,-0.3494258,0,0,0,-46.28578,0.6426376,0.1661453,-0.645017,-0.7640468,-0.01363754,0,0,0,0.2425909
1732482682048,-46.94814,1.574437,-0.2264519,-0.9982097,0.0456143,-0.03869331,-0.01087189,0.02510548,0.1130104,-47.0862,1.312528,-0.4248199,-0.7429101,-0.5642563,-0.3601387,-0.1516342,0.03431439,0.2843857,-46.28513,0.6424568,0.1670761,-0.6435416,-0.7653488,-0.009783983,0.04920959,-0.01355857,0.06980896,0.2425909
1732482682055,-46.94814,1.574437,-0.2264519,-0.9982097,0.0456143,-0.03869331,0,0,0,-47.0862,1.312528,-0.4248199,-0.7429101,-0.5642563,-0.3601387,0,0,0,-46.28513,0.6424568,0.1670761,-0.6435416,-0.7653488,-0.009783983,0,0,0,0.2425909
1732482682075,-46.94865,1.574888,-0.2243652,-0.9980046,0.04964955,-0.03901768,-0.03805161,0.03378689,0.156498,-47.08629,1.312434,-0.4249268,-0.735751,-0.5716842,-0.3631091,-0.006866455,-0.007018447,-0.008010864,-46.285,0.6421432,0.1688766,-0.6424773,-0.766258,-0.008487701,0.009155273,-0.0235185,0.1350403,0.2425909
1732482682081,-46.94865,1.574888,-0.2243652,-0.9980046,0.04964955,-0.03901768,0,0,0,-47.08629,1.312434,-0.4249268,-0.735751,-0.5716842,-0.3631091,0,0,0,-46.285,0.6421432,0.1688766,-0.6424773,-0.766258,-0.008487701,0,0,0,0.2425909
1732482682087,-46.94865,1.574888,-0.2243652,-0.9980046,0.04964955,-0.03901768,0,0,0,-47.08629,1.312434,-0.4249268,-0.735751,-0.5716842,-0.3631091,0,0,0,-46.285,0.6421432,0.1688766,-0.6424773,-0.766258,-0.008487701,0,0,0,0.2425909
1732482682103,-46.94913,1.575334,-0.2230988,-0.9977481,0.05353541,-0.04041255,-0.03633499,0.03346503,0.09498596,-47.08639,1.312354,-0.4249382,-0.7361346,-0.5723559,-0.361269,-0.00743866,-0.006017089,-0.0008583069,-46.28535,0.6419679,0.1704903,-0.640894,-0.767574,-0.009246111,-0.02632141,-0.01315176,0.1210213,0.2425909
1732482682110,-46.94913,1.575334,-0.2230988,-0.9977481,0.05353541,-0.04041255,0,0,0,-47.08639,1.312354,-0.4249382,-0.7361346,-0.5723559,-0.361269,0,0,0,-46.28535,0.6419679,0.1704903,-0.640894,-0.767574,-0.009246111,0,0,0,0.2425909
1732482682131,-46.94973,1.575676,-0.2219467,-0.9975072,0.05711325,-0.04144573,-0.04434586,0.02569556,0.08640289,-47.08645,1.312313,-0.4249229,-0.7344797,-0.5734829,-0.3628466,-0.004577637,-0.003039837,0.001144409,-46.28566,0.6418883,0.1711693,-0.6396009,-0.768621,-0.01153386,-0.02260208,-0.005972385,0.05092621,0.2425909
1732482682142,-46.94973,1.575676,-0.2219467,-0.9975072,0.05711325,-0.04144573,0,0,0,-47.08645,1.312313,-0.4249229,-0.7344797,-0.5734829,-0.3628466,0,0,0,-46.28566,0.6418883,0.1711693,-0.6396009,-0.768621,-0.01153386,0,0,0,0.2425909
1732482682158,-46.95042,1.575853,-0.2209206,-0.9973859,0.05920205,-0.04143667,-0.05235672,0.01325011,0.07696152,-47.08652,1.312262,-0.4249306,-0.7327711,-0.57445,-0.3647656,-0.005435944,-0.003862381,-0.0005722046,-46.28654,0.6415827,0.1724014,-0.634904,-0.7722285,-0.02367604,-0.06608963,-0.02291948,0.09241104,0.2425909
1732482682165,-46.95042,1.575853,-0.2209206,-0.9973859,0.05920205,-0.04143667,0,0,0,-47.08652,1.312262,-0.4249306,-0.7327711,-0.57445,-0.3647656,0,0,0,-46.28654,0.6415827,0.1724014,-0.634904,-0.7722285,-0.02367604,0,0,0,0.2425909
1732482682186,-46.95116,1.575991,-0.219902,-0.9973379,0.06073374,-0.04035711,-0.05550385,0.01033545,0.07638931,-47.08654,1.312238,-0.4249649,-0.7311921,-0.575507,-0.3662646,-0.001430511,-0.001761317,-0.002574921,-46.28673,0.6413909,0.1723595,-0.6318107,-0.7744573,-0.03211832,-0.01459122,-0.01438111,-0.003147125,0.2425909
1732482682193,-46.95116,1.575991,-0.219902,-0.9973379,0.06073374,-0.04035711,0,0,0,-47.08654,1.312238,-0.4249649,-0.7311921,-0.575507,-0.3662646,0,0,0,-46.28673,0.6413909,0.1723595,-0.6318107,-0.7744573,-0.03211832,0,0,0,0.2425909
1732482682212,-46.95187,1.576015,-0.2190628,-0.9974242,0.06012807,-0.03911281,-0.05321503,0.001806021,0.0629425,-47.16339,1.35589,-0.3998528,-0.7305015,-0.5766599,-0.3658297,-5.764103,3.273886,1.883411,-46.28653,0.6411002,0.1713943,-0.6289202,-0.7765326,-0.03816485,0.01544952,-0.02180189,-0.07238388,0.2425909
1732482682219,-46.95187,1.576015,-0.2190628,-0.9974242,0.06012807,-0.03911281,0,0,0,-47.16339,1.35589,-0.3998528,-0.7305015,-0.5766599,-0.3658297,0,0,0,-46.28653,0.6411002,0.1713943,-0.6289202,-0.7765326,-0.03816485,0,0,0,0.2425909
1732482682241,-46.95286,1.575971,-0.2184868,-0.9974903,0.05915842,-0.03890383,-0.07381439,-0.003290176,0.04320145,-47.14554,1.352686,-0.4102821,-0.7294989,-0.57757,-0.3663949,1.338959,-0.2403527,-0.7822037,-46.2863,0.6406727,0.1703529,-0.6226715,-0.7813922,-0.04131734,0.01688004,-0.03206134,-0.07810593,0.2425909
1732482682247,-46.95286,1.575971,-0.2184868,-0.9974903,0.05915842,-0.03890383,0,0,0,-47.14554,1.352686,-0.4102821,-0.7294989,-0.57757,-0.3663949,0,0,0,-46.2863,0.6406727,0.1703529,-0.6226715,-0.7813922,-0.04131734,0,0,0,0.2425909
1732482682270,-46.95351,1.576041,-0.2179565,-0.9975193,0.05779767,-0.0401926,-0.04920959,0.005239248,0.03976822,-47.14753,1.352768,-0.4083519,-0.7327742,-0.5774479,-0.3599946,-0.1487732,0.006151199,0.1447678,-46.28556,0.6398796,0.1696129,-0.6162719,-0.7861495,-0.04667211,0.05578995,-0.05948246,-0.05550385,0.2425909
1732482682276,-46.95351,1.576041,-0.2179565,-0.9975193,0.05779767,-0.0401926,0,0,0,-47.14753,1.352768,-0.4083519,-0.7327742,-0.5774479,-0.3599946,0,0,0,-46.28556,0.6398796,0.1696129,-0.6162719,-0.7861495,-0.04667211,0,0,0,0.2425909
1732482682298,-46.95366,1.576012,-0.2174072,-0.9975347,0.05689452,-0.04108632,-0.01087189,-0.002136827,0.04119873,-47.14728,1.35328,-0.4091873,-0.7359785,-0.576353,-0.3551809,0.01859665,0.03841817,-0.0626564,-46.28519,0.6396022,0.169445,-0.6178651,-0.7847891,-0.04846883,0.02746582,-0.02080947,-0.0125885,0.2425909
1732482682304,-46.95366,1.576012,-0.2174072,-0.9975347,0.05689452,-0.04108632,0,0,0,-47.14728,1.35328,-0.4091873,-0.7359785,-0.576353,-0.3551809,0,0,0,-46.28519,0.6396022,0.169445,-0.6178651,-0.7847891,-0.04846883,0,0,0,0.2425909
1732482682326,-46.95403,1.575962,-0.2170029,-0.9975463,0.05602919,-0.04197991,-0.02746582,-0.003799796,0.03032684,-47.14809,1.353681,-0.4092827,-0.7402675,-0.5737932,-0.3503797,-0.06093979,0.03011227,-0.007152557,-46.28487,0.6390747,0.1695442,-0.6084092,-0.7917212,-0.05491853,0.0243187,-0.03956258,0.00743866,0.2425909
1732482682332,-46.95403,1.575962,-0.2170029,-0.9975463,0.05602919,-0.04197991,0,0,0,-47.14809,1.353681,-0.4092827,-0.7402675,-0.5737932,-0.3503797,0,0,0,-46.28487,0.6390747,0.1695442,-0.6084092,-0.7917212,-0.05491853,0,0,0,0.2425909
1732482682354,-46.95467,1.576077,-0.2166824,-0.9974974,0.05609424,-0.04304135,-0.04806519,0.008672476,0.02403259,-47.15009,1.354241,-0.4086571,-0.7463655,-0.5694997,-0.3443968,-0.1502037,0.04196763,0.04692078,-46.28446,0.6382066,0.1698875,-0.5971705,-0.8001525,-0.05606806,0.03061295,-0.06510615,0.02574921,0.2425909
1732482682362,-46.95467,1.576077,-0.2166824,-0.9974974,0.05609424,-0.04304135,0,0,0,-47.15009,1.354241,-0.4086571,-0.7463655,-0.5694997,-0.3443968,0,0,0,-46.28446,0.6382066,0.1698875,-0.5971705,-0.8001525,-0.05606806,0,0,0,0.2425909
1732482682382,-46.95528,1.576098,-0.216259,-0.9974739,0.05597132,-0.04374492,-0.04577637,0.0015378,0.03175735,-47.15257,1.35497,-0.4079437,-0.7530099,-0.5655411,-0.3363626,-0.1859665,0.05467236,0.05350113,-46.28407,0.6370779,0.1705894,-0.5946105,-0.8018872,-0.05844545,0.02946854,-0.08465499,0.05264282,0.2425909
1732482682389,-46.95528,1.576098,-0.216259,-0.9974739,0.05597132,-0.04374492,0,0,0,-47.15257,1.35497,-0.4079437,-0.7530099,-0.5655411,-0.3363626,0,0,0,-46.28407,0.6370779,0.1705894,-0.5946105,-0.8018872,-0.05844545,0,0,0,0.2425909
1732482682395,-46.95528,1.576098,-0.216259,-0.9974739,0.05597132,-0.04374492,0,0,0,-47.15257,1.35497,-0.4079437,-0.7530099,-0.5655411,-0.3363626,0,0,0,-46.28407,0.6370779,0.1705894,-0.5946105,-0.8018872,-0.05844545,0,0,0,0.2425909
1732482682411,-46.95531,1.576095,-0.2159615,-0.997461,0.05601975,-0.04397333,-0.002288818,-0.0002145767,0.02231598,-47.13091,1.354759,-0.401783,-0.7629511,-0.5597711,-0.3233612,1.624775,-0.01582503,0.4620552,-46.28357,0.6363905,0.171032,-0.5956139,-0.8011266,-0.05865717,0.0369072,-0.05155206,0.03318787,0.2425909
1732482682417,-46.95531,1.576095,-0.2159615,-0.997461,0.05601975,-0.04397333,0,0,0,-47.13091,1.354759,-0.401783,-0.7629511,-0.5597711,-0.3233612,0,0,0,-46.28357,0.6363905,0.171032,-0.5956139,-0.8011266,-0.05865717,0,0,0,0.2425909
1732482682438,-46.95529,1.576121,-0.2157211,-0.9974209,0.05570114,-0.04526651,0.001144409,0.00193119,0.01802444,-47.13297,1.355427,-0.4016113,-0.7704275,-0.5541037,-0.3152953,-0.1542091,0.05011261,0.0128746,-46.28349,0.6363033,0.1712685,-0.5941892,-0.8019735,-0.06146789,0.006008148,-0.00654012,0.01773834,0.2425909
1732482682445,-46.95529,1.576121,-0.2157211,-0.9974209,0.05570114,-0.04526651,0,0,0,-47.13297,1.355427,-0.4016113,-0.7704275,-0.5541037,-0.3152953,0,0,0,-46.28349,0.6363033,0.1712685,-0.5941892,-0.8019735,-0.06146789,0,0,0,0.2425909
1732482682464,-46.95529,1.57617,-0.2156525,-0.9973009,0.05604138,-0.04744101,0,0.003656745,0.005149841,-47.13535,1.356265,-0.4019737,-0.7771572,-0.5473979,-0.3104556,-0.1785278,0.06282628,-0.02717972,-46.28389,0.6363143,0.1718407,-0.5929303,-0.8026577,-0.06461239,-0.02975464,0.0008225441,0.04291534,0.2425909
1732482682470,-46.95529,1.57617,-0.2156525,-0.9973009,0.05604138,-0.04744101,0,0,0,-47.13535,1.356265,-0.4019737,-0.7771572,-0.5473979,-0.3104556,0,0,0,-46.28389,0.6363143,0.1718407,-0.5929303,-0.8026577,-0.06461239,0,0,0,0.2425909
1732482682492,-46.95514,1.576149,-0.2155685,-0.9971856,0.05675618,-0.04898834,0.01144409,-0.001564622,0.00629425,-47.13727,1.357018,-0.4026184,-0.7827291,-0.5412525,-0.3072151,-0.1444817,0.05653203,-0.04835129,-46.28437,0.6364306,0.1723709,-0.5936685,-0.8017425,-0.06904173,-0.03576279,0.00872612,0.03976822,0.2425909
1732482682498,-46.95514,1.576149,-0.2155685,-0.9971856,0.05675618,-0.04898834,0,0,0,-47.13727,1.357018,-0.4026184,-0.7827291,-0.5412525,-0.3072151,0,0,0,-46.28437,0.6364306,0.1723709,-0.5936685,-0.8017425,-0.06904173,0,0,0,0.2425909
1732482682520,-46.955,1.576169,-0.2155495,-0.9970231,0.05864644,-0.05006301,0.01029968,0.001519918,0.001430511,-47.13902,1.357641,-0.4036331,-0.7889897,-0.5336024,-0.3045726,-0.1310349,0.04667938,-0.07610321,-46.28507,0.6365691,0.1731796,-0.5929148,-0.8021659,-0.07058799,-0.05264282,0.01038909,0.06065369,0.2425909
1732482682527,-46.955,1.576169,-0.2155495,-0.9970231,0.05864644,-0.05006301,0,0,0,-47.13902,1.357641,-0.4036331,-0.7889897,-0.5336024,-0.3045726,0,0,0,-46.28507,0.6365691,0.1731796,-0.5929148,-0.8021659,-0.07058799,0,0,0,0.2425909
1732482682548,-46.95496,1.576189,-0.2154999,-0.9969263,0.05953087,-0.05093515,0.003433228,0.001466274,0.00371933,-47.1401,1.358053,-0.4046593,-0.7957351,-0.5256463,-0.3008353,-0.08096695,0.03089905,-0.07696152,-46.28583,0.6368168,0.1737099,-0.5930604,-0.8018979,-0.07238543,-0.05722046,0.0185743,0.03976822,0.2425909
1732482682555,-46.95496,1.576189,-0.2154999,-0.9969263,0.05953087,-0.05093515,0,0,0,-47.1401,1.358053,-0.4046593,-0.7957351,-0.5256463,-0.3008353,0,0,0,-46.28583,0.6368168,0.1737099,-0.5930604,-0.8018979,-0.07238543,0,0,0,0.2425909
1732482682576,-46.95494,1.576198,-0.215435,-0.9969004,0.06004899,-0.05083632,0.001144409,0.0006973743,0.004863739,-47.14056,1.358349,-0.4059181,-0.8005205,-0.5202931,-0.2974262,-0.03433228,0.02219975,-0.09441376,-46.28622,0.6368055,0.174263,-0.5921012,-0.8026752,-0.07161772,-0.02918243,-0.0008448958,0.04148483,0.2425909
1732482682583,-46.95494,1.576198,-0.215435,-0.9969004,0.06004899,-0.05083632,0,0,0,-47.14056,1.358349,-0.4059181,-0.8005205,-0.5202931,-0.2974262,0,0,0,-46.28622,0.6368055,0.174263,-0.5921012,-0.8026752,-0.07161772,0,0,0,0.2425909
1732482682604,-46.95484,1.57616,-0.2154617,-0.9969284,0.05986909,-0.05049515,0.00743866,-0.002807379,-0.002002716,-47.14048,1.35841,-0.4073792,-0.8031812,-0.5181679,-0.2939434,0.005722046,0.004568696,-0.1095772,-46.28644,0.6367266,0.1747589,-0.5910196,-0.8034629,-0.07171965,-0.01630783,-0.005923212,0.0371933,0.2425909
1732482682611,-46.95484,1.57616,-0.2154617,-0.9969284,0.05986909,-0.05049515,0,0,0,-47.14048,1.35841,-0.4073792,-0.8031812,-0.5181679,-0.2939434,0,0,0,-46.28644,0.6367266,0.1747589,-0.5910196,-0.8034629,-0.07171965,0,0,0,0.2425909
1732482682632,-46.95438,1.576076,-0.2154655,-0.9970258,0.0592319,-0.04931307,0.03490448,-0.006338954,-0.0002861023,-47.13964,1.358129,-0.4087639,-0.8052009,-0.5172268,-0.2900491,0.0626564,-0.02106428,-0.1038551,-46.2856,0.6364095,0.174675,-0.5869249,-0.8063987,-0.07239282,0.0626564,-0.02377778,-0.00629425,0.2425909
1732482682639,-46.95438,1.576076,-0.2154655,-0.9970258,0.0592319,-0.04931307,0,0,0,-47.13964,1.358129,-0.4087639,-0.8052009,-0.5172268,-0.2900491,0,0,0,-46.2856,0.6364095,0.174675,-0.5869249,-0.8063987,-0.07239282,0,0,0,0.2425909
1732482682660,-46.95436,1.575988,-0.2154808,-0.9971446,0.05880816,-0.04737937,0.001144409,-0.006571412,-0.001144409,-47.13864,1.357629,-0.4104843,-0.8066524,-0.5155323,-0.2890306,0.0752449,-0.03750622,-0.1290321,-46.28486,0.6361045,0.1741219,-0.5874452,-0.8060444,-0.07211852,0.05578995,-0.02287477,-0.04148483,0.2425909
1732482682667,-46.95436,1.575988,-0.2154808,-0.9971446,0.05880816,-0.04737937,0,0,0,-47.13864,1.357629,-0.4104843,-0.8066524,-0.5155323,-0.2890306,0,0,0,-46.28486,0.6361045,0.1741219,-0.5874452,-0.8060444,-0.07211852,0,0,0,0.2425909
1732482682688,-46.95409,1.575928,-0.2155075,-0.9971999,0.05863763,-0.04641759,0.02059937,-0.00448823,-0.002002716,-47.13734,1.356938,-0.4119301,-0.8069563,-0.5149708,-0.2891833,0.09756088,-0.05178452,-0.1084328,-46.28442,0.636043,0.1739006,-0.5904939,-0.8045061,-0.06393278,0.03290176,-0.00461787,-0.01659393,0.2425909
1732482682694,-46.95409,1.575928,-0.2155075,-0.9971999,0.05863763,-0.04641759,0,0,0,-47.13734,1.356938,-0.4119301,-0.8069563,-0.5149708,-0.2891833,0,0,0,-46.28442,0.636043,0.1739006,-0.5904939,-0.8045061,-0.06393278,0,0,0,0.2425909
1732482682716,-46.95386,1.575906,-0.2156067,-0.9972274,0.0586648,-0.04578602,0.01716614,-0.00166297,-0.00743866,-47.13546,1.356084,-0.4134178,-0.8058944,-0.5162733,-0.2898216,0.1410484,-0.06406903,-0.1115799,-46.2844,0.6360894,0.1748085,-0.5950854,-0.8023729,-0.04551113,0.001430511,0.003482401,0.06809235,0.2425909
1732482682721,-46.95386,1.575906,-0.2156067,-0.9972274,0.0586648,-0.04578602,0,0,0,-47.13546,1.356084,-0.4134178,-0.8058944,-0.5162733,-0.2898216,0,0,0,-46.2844,0.6360894,0.1748085,-0.5950854,-0.8023729,-0.04551113,0,0,0,0.2425909
1732482682744,-46.95396,1.575915,-0.2157364,-0.9972641,0.05908605,-0.04442501,-0.00743866,0.0006705523,-0.009727478,-47.13321,1.355112,-0.415062,-0.804189,-0.5186962,-0.2902321,0.1685143,-0.07291138,-0.1233101,-46.28407,0.6356105,0.1754684,-0.5860106,-0.8088397,-0.0486865,0.0248909,-0.03591925,0.0494957,0.2425909
1732482682750,-46.95396,1.575915,-0.2157364,-0.9972641,0.05908605,-0.04442501,0,0,0,-47.13321,1.355112,-0.415062,-0.804189,-0.5186962,-0.2902321,0,0,0,-46.28407,0.6356105,0.1754684,-0.5860106,-0.8088397,-0.0486865,0,0,0,0.2425909
1732482682773,-46.95419,1.576,-0.2158585,-0.9973697,0.05916069,-0.04188013,-0.01773834,0.006347895,-0.009155273,-47.13121,1.354319,-0.4155121,-0.8020133,-0.5226623,-0.2891357,0.1499176,-0.05950034,-0.03376007,-46.28315,0.6349703,0.1748772,-0.5885544,-0.8069585,-0.04921484,0.06895065,-0.04801154,-0.04434586,0.2425909
1732482682778,-46.95419,1.576,-0.2158585,-0.9973697,0.05916069,-0.04188013,0,0,0,-47.13121,1.354319,-0.4155121,-0.8020133,-0.5226623,-0.2891357,0,0,0,-46.28315,0.6349703,0.1748772,-0.5885544,-0.8069585,-0.04921484,0,0,0,0.2425909
1732482682783,-46.95419,1.576,-0.2158585,-0.9973697,0.05916069,-0.04188013,0,0,0,-47.13121,1.354319,-0.4155121,-0.8020133,-0.5226623,-0.2891357,0,0,0,-46.28315,0.6349703,0.1748772,-0.5885544,-0.8069585,-0.04921484,0,0,0,0.2425909
1732482682801,-46.95438,1.57601,-0.2159767,-0.9974745,0.05839174,-0.04043996,-0.01430511,0.0007599592,-0.008869171,-47.12856,1.353245,-0.4167328,-0.799636,-0.5263568,-0.2890183,0.1991272,-0.08049309,-0.09155273,-46.28416,0.6352932,0.1757355,-0.6010048,-0.7979338,-0.04577434,-0.07610321,0.02421588,0.06437302,0.2425909
1732482682806,-46.95438,1.57601,-0.2159767,-0.9974745,0.05839174,-0.04043996,0,0,0,-47.12856,1.353245,-0.4167328,-0.799636,-0.5263568,-0.2890183,0,0,0,-46.28416,0.6352932,0.1757355,-0.6010048,-0.7979338,-0.04577434,0,0,0,0.2425909
1732482682829,-46.95501,1.576006,-0.2161789,-0.997533,0.05807604,-0.03944099,-0.04663467,-0.0003039837,-0.01516342,-47.12696,1.352417,-0.417347,-0.7971134,-0.5298659,-0.289573,0.1195908,-0.06210208,-0.04606247,-46.28442,0.6356041,0.1746864,-0.5933076,-0.8038403,-0.04274428,-0.01945496,0.02331734,-0.07867813,0.2425909
1732482682834,-46.95501,1.576006,-0.2161789,-0.997533,0.05807604,-0.03944099,0,0,0,-47.12696,1.352417,-0.417347,-0.7971134,-0.5298659,-0.289573,0,0,0,-46.28442,0.6356041,0.1746864,-0.5933076,-0.8038403,-0.04274428,0,0,0,0.2425909
1732482682856,-46.95537,1.576038,-0.2164001,-0.9974972,0.05917054,-0.03871536,-0.02717972,0.002396107,-0.01659393,-47.12494,1.351406,-0.4183006,-0.7935982,-0.5332375,-0.2930193,0.1516342,-0.07586181,-0.07152557,-46.28363,0.6348307,0.1745605,-0.5757163,-0.8170242,-0.03198099,0.05979538,-0.05800277,-0.009441376,0.2425909
1732482682861,-46.95537,1.576038,-0.2164001,-0.9974972,0.05917054,-0.03871536,0,0,0,-47.12494,1.351406,-0.4183006,-0.7935982,-0.5332375,-0.2930193,0,0,0,-46.28363,0.6348307,0.1745605,-0.5757163,-0.8170242,-0.03198099,0,0,0,0.2425909
1732482682884,-46.95556,1.576059,-0.2165794,-0.9975187,0.05924114,-0.03804624,-0.01430511,0.001573563,-0.01344681,-47.12388,1.35053,-0.4185028,-0.7893181,-0.5374653,-0.2968308,0.07953644,-0.0656873,-0.01516342,-46.28157,0.6333531,0.1741829,-0.5663003,-0.8237953,-0.02579641,0.1544952,-0.1108199,-0.02832413,0.2425909
1732482682890,-46.95556,1.576059,-0.2165794,-0.9975187,0.05924114,-0.03804624,0,0,0,-47.12388,1.35053,-0.4185028,-0.7893181,-0.5374653,-0.2968308,0,0,0,-46.28157,0.6333531,0.1741829,-0.5663003,-0.8237953,-0.02579641,0,0,0,0.2425909
1732482682912,-46.95574,1.576079,-0.2167969,-0.9974948,0.05932453,-0.03854156,-0.01373291,0.001510978,-0.01630783,-47.12975,1.352793,-0.4152908,-0.7879252,-0.539089,-0.2975857,-0.4397392,0.1697481,0.2408981,-46.28003,0.6319928,0.1744499,-0.5730221,-0.8190209,-0.02916551,0.1150131,-0.1020268,0.02002716,0.2425909
1732482682918,-46.95574,1.576079,-0.2167969,-0.9974948,0.05932453,-0.03854156,0,0,0,-47.12975,1.352793,-0.4152908,-0.7879252,-0.539089,-0.2975857,0,0,0,-46.28003,0.6319928,0.1744499,-0.5730221,-0.8190209,-0.02916551,0,0,0,0.2425909
1732482682941,-46.95605,1.576171,-0.2170486,-0.9974452,0.05947948,-0.03956556,-0.02288818,0.00692904,-0.01888275,-47.12985,1.35272,-0.4152946,-0.7835298,-0.5440949,-0.3000705,-0.008010864,-0.005525351,-0.0002861023,-46.27867,0.6305941,0.1749268,-0.5451253,-0.8381029,-0.02054548,0.1021385,-0.1049012,0.03576279,0.2425909
1732482682946,-46.95605,1.576171,-0.2170486,-0.9974452,0.05947948,-0.03956556,0,0,0,-47.12985,1.35272,-0.4152946,-0.7835298,-0.5440949,-0.3000705,0,0,0,-46.27867,0.6305941,0.1749268,-0.5451253,-0.8381029,-0.02054548,0,0,0,0.2425909
1732482682969,-46.9563,1.576251,-0.2172203,-0.997392,0.06040274,-0.03951132,-0.01888275,0.005999207,-0.0128746,-47.12997,1.352632,-0.4153023,-0.7794304,-0.5486111,-0.3025143,-0.009155273,-0.006562471,-0.0005722046,-46.27555,0.6275531,0.1767883,-0.5189042,-0.8547959,-0.007924914,0.2343178,-0.2280727,0.1396179,0.2425909
1732482682975,-46.9563,1.576251,-0.2172203,-0.997392,0.06040274,-0.03951132,0,0,0,-47.12997,1.352632,-0.4153023,-0.7794304,-0.5486111,-0.3025143,0,0,0,-46.27555,0.6275531,0.1767883,-0.5189042,-0.8547959,-0.007924914,0,0,0,0.2425909
1732482682997,-46.95667,1.576345,-0.2174492,-0.9973636,0.06045767,-0.04014087,-0.02803802,0.007000566,-0.01716614,-47.13008,1.35256,-0.4153137,-0.7767684,-0.5509033,-0.3051836,-0.008010864,-0.005444884,-0.0008583069,-46.27383,0.6254897,0.1789093,-0.5219832,-0.8529474,0.003809094,0.1290321,-0.1547545,0.1590729,0.2425909
1732482683004,-46.95667,1.576345,-0.2174492,-0.9973636,0.06045767,-0.04014087,0,0,0,-47.13008,1.35256,-0.4153137,-0.7767684,-0.5509033,-0.3051836,0,0,0,-46.27383,0.6254897,0.1789093,-0.5219832,-0.8529474,0.003809094,0,0,0,0.2425909
1732482683010,-46.95667,1.576345,-0.2174492,-0.9973636,0.06045767,-0.04014087,0,0,0,-47.13008,1.35256,-0.4153137,-0.7767684,-0.5509033,-0.3051836,0,0,0,-46.27383,0.6254897,0.1789093,-0.5219832,-0.8529474,0.003809094,0,0,0,0.2425909
1732482683024,-46.95682,1.576326,-0.2176857,-0.9973309,0.06001911,-0.04158235,-0.01087189,-0.001394749,-0.01773834,-47.13017,1.352482,-0.4153481,-0.7733898,-0.5537148,-0.3086562,-0.006866455,-0.005793571,-0.002574921,-46.27246,0.6236351,0.1814194,-0.5104815,-0.859857,0.007430792,0.1021385,-0.1390994,0.1882553,0.2425909
1732482683032,-46.95682,1.576326,-0.2176857,-0.9973309,0.06001911,-0.04158235,0,0,0,-47.13017,1.352482,-0.4153481,-0.7733898,-0.5537148,-0.3086562,0,0,0,-46.27246,0.6236351,0.1814194,-0.5104815,-0.859857,0.007430792,0,0,0,0.2425909
1732482683052,-46.95709,1.576312,-0.2179604,-0.9973223,0.05943385,-0.04261518,-0.02059937,-0.001055002,-0.02059937,-47.13022,1.352444,-0.4153786,-0.770947,-0.5555854,-0.311393,-0.00371933,-0.002905726,-0.002288818,-46.27168,0.622664,0.182579,-0.5174106,-0.8557234,0.004890025,0.05865097,-0.07283092,0.0869751,0.2425909
1732482683061,-46.95709,1.576312,-0.2179604,-0.9973223,0.05943385,-0.04261518,0,0,0,-47.13022,1.352444,-0.4153786,-0.770947,-0.5555854,-0.311393,0,0,0,-46.27168,0.622664,0.182579,-0.5174106,-0.8557234,0.004890025,0,0,0,0.2425909
1732482683090,-46.9573,1.576285,-0.2182236,-0.9973239,0.05874239,-0.04352832,-0.01544952,-0.002002716,-0.01974106,-47.13026,1.352404,-0.4154282,-0.7684446,-0.5569058,-0.3151977,-0.002861023,-0.002995133,-0.00371933,-46.27157,0.6221901,0.1831245,-0.5163168,-0.8563972,0.001079738,0.008583069,-0.03553927,0.04091263,0.2425909
1732482683097,-46.9573,1.576285,-0.2182236,-0.9973239,0.05874239,-0.04352832,0,0,0,-47.13026,1.352404,-0.4154282,-0.7684446,-0.5569058,-0.3151977,0,0,0,-46.27157,0.6221901,0.1831245,-0.5163168,-0.8563972,0.001079738,0,0,0,0.2425909
1732482683116,-46.95761,1.576273,-0.2185745,-0.9972978,0.05832216,-0.04467738,-0.02317429,-0.0009208918,-0.02632141,-47.13028,1.352374,-0.4155083,-0.7658824,-0.5581553,-0.3191979,-0.001430511,-0.002199411,-0.006008148,-46.27025,0.6208751,0.1840668,-0.5010234,-0.8654174,0.005356491,0.09899139,-0.0986293,0.07066727,0.2425909
1732482683123,-46.95761,1.576273,-0.2185745,-0.9972978,0.05832216,-0.04467738,0,0,0,-47.13028,1.352374,-0.4155083,-0.7658824,-0.5581553,-0.3191979,0,0,0,-46.27025,0.6208751,0.1840668,-0.5010234,-0.8654174,0.005356491,0,0,0,0.2425909
1732482683130,-46.95761,1.576273,-0.2185745,-0.9972978,0.05832216,-0.04467738,0,0,0,-47.13028,1.352374,-0.4155083,-0.7658824,-0.5581553,-0.3191979,0,0,0,-46.27025,0.6208751,0.1840668,-0.5010234,-0.8654174,0.005356491,0,0,0,0.2425909
1732482683145,-46.95793,1.576194,-0.2187958,-0.99731,0.05736462,-0.04563463,-0.0243187,-0.00590086,-0.01659393,-47.13028,1.352353,-0.4155693,-0.7648091,-0.5588267,-0.320594,-0.0002861023,-0.001627207,-0.004577637,-46.26979,0.6200678,0.1847267,-0.5021293,-0.8647825,0.004243314,0.03404617,-0.0605464,0.0494957,0.2425909
1732482683152,-46.95793,1.576194,-0.2187958,-0.99731,0.05736462,-0.04563463,0,0,0,-47.13028,1.352353,-0.4155693,-0.7648091,-0.5588267,-0.320594,0,0,0,-46.26979,0.6200678,0.1847267,-0.5021293,-0.8647825,0.004243314,0,0,0,0.2425909
1732482683173,-46.95823,1.57607,-0.2189484,-0.9973899,0.05604772,-0.04552603,-0.02231598,-0.009360909,-0.01144409,-47.13028,1.352345,-0.4156075,-0.7639052,-0.5590436,-0.3223655,0,-0.0006079674,-0.002861023,-46.27008,0.6200231,0.1847038,-0.5033503,-0.8640723,-0.00422287,-0.02117157,-0.003348291,-0.001716614,0.2425909
1732482683180,-46.95823,1.57607,-0.2189484,-0.9973899,0.05604772,-0.04552603,0,0,0,-47.13028,1.352345,-0.4156075,-0.7639052,-0.5590436,-0.3223655,0,0,0,-46.27008,0.6200231,0.1847038,-0.5033503,-0.8640723,-0.00422287,0,0,0,0.2425909
1732482683200,-46.95871,1.576022,-0.2190437,-0.9974729,0.05506873,-0.04489696,-0.03633499,-0.003558397,-0.007152557,-47.13027,1.35234,-0.4156647,-0.762971,-0.5592425,-0.3242269,0.001144409,-0.0003755093,-0.004291534,-46.26952,0.6196382,0.1837692,-0.4592966,-0.8881091,-0.01758564,0.04205704,-0.02886951,-0.07009506,0.2425909
1732482683206,-46.95871,1.576022,-0.2190437,-0.9974729,0.05506873,-0.04489696,0,0,0,-47.13027,1.35234,-0.4156647,-0.762971,-0.5592425,-0.3242269,0,0,0,-46.26952,0.6196382,0.1837692,-0.4592966,-0.8881091,-0.01758564,0,0,0,0.2425909
1732482683228,-46.95881,1.576017,-0.2192192,-0.9975037,0.05448854,-0.04491484,-0.006866455,-0.000411272,-0.01316071,-47.13025,1.352341,-0.4157104,-0.7628481,-0.5590577,-0.3248351,0.001716614,0.0001430511,-0.003433228,-46.26791,0.6188498,0.1828575,-0.4885101,-0.8725275,-0.007316828,0.1207352,-0.05913377,-0.06837845,0.2425909
1732482683235,-46.95881,1.576017,-0.2192192,-0.9975037,0.05448854,-0.04491484,0,0,0,-47.13025,1.352341,-0.4157104,-0.7628481,-0.5590577,-0.3248351,0,0,0,-46.26791,0.6188498,0.1828575,-0.4885101,-0.8725275,-0.007316828,0,0,0,0.2425909
1732482683256,-46.95918,1.576026,-0.2193489,-0.9975173,0.05411084,-0.04507399,-0.02775192,0.0007152557,-0.009727478,-47.13024,1.352344,-0.4157372,-0.7628742,-0.5589495,-0.3249599,0.0005722046,0.0001788139,-0.002002716,-46.2678,0.6187637,0.1823311,-0.4899964,-0.8716943,-0.007287383,0.008296967,-0.006450713,-0.03948212,0.2425909
1732482683263,-46.95918,1.576026,-0.2193489,-0.9975173,0.05411084,-0.04507399,0,0,0,-47.13024,1.352344,-0.4157372,-0.7628742,-0.5589495,-0.3249599,0,0,0,-46.2678,0.6187637,0.1823311,-0.4899964,-0.8716943,-0.007287383,0,0,0,0.2425909
1732482683285,-46.95975,1.576057,-0.2194061,-0.997572,0.05321211,-0.0449326,-0.04348755,0.002342463,-0.004291534,-47.13021,1.352351,-0.4157753,-0.7630689,-0.5585431,-0.3252016,0.002002716,0.0005722046,-0.002861023,-46.26936,0.6194276,0.1822319,-0.5056785,-0.8626969,-0.006608725,-0.1173019,0.04978627,-0.00743866,0.2425909
1732482683292,-46.95975,1.576057,-0.2194061,-0.997572,0.05321211,-0.0449326,0,0,0,-47.13021,1.352351,-0.4157753,-0.7630689,-0.5585431,-0.3252016,0,0,0,-46.26936,0.6194276,0.1822319,-0.5056785,-0.8626969,-0.006608725,0,0,0,0.2425909
1732482683313,-46.96031,1.576026,-0.2194176,-0.9976824,0.0520924,-0.04377866,-0.04177094,-0.002351403,-0.0008583069,-47.13019,1.352362,-0.4157944,-0.763598,-0.5579776,-0.3249298,0.001430511,0.0007778406,-0.001430511,-46.27228,0.6210981,0.1819954,-0.5400839,-0.8415407,-0.01090467,-0.2188683,0.1252905,-0.01773834,0.2425909
1732482683320,-46.96031,1.576026,-0.2194176,-0.9976824,0.0520924,-0.04377866,0,0,0,-47.13019,1.352362,-0.4157944,-0.763598,-0.5579776,-0.3249298,0,0,0,-46.27228,0.6210981,0.1819954,-0.5400839,-0.8415407,-0.01090467,0,0,0,0.2425909
1732482683341,-46.96075,1.575895,-0.2193184,-0.9978195,0.0504379,-0.04257321,-0.03290176,-0.009861588,0.00743866,-47.13017,1.352376,-0.4158134,-0.764677,-0.5573275,-0.3235056,0.002002716,0.001055002,-0.001430511,-46.27562,0.623574,0.1801796,-0.5368724,-0.8431761,-0.02867889,-0.2506256,0.1856938,-0.1361847,0.2425909
1732482683348,-46.96075,1.575895,-0.2193184,-0.9978195,0.0504379,-0.04257321,0,0,0,-47.13017,1.352376,-0.4158134,-0.764677,-0.5573275,-0.3235056,0,0,0,-46.27562,0.623574,0.1801796,-0.5368724,-0.8431761,-0.02867889,0,0,0,0.2425909
1732482683369,-46.96091,1.575797,-0.219101,-0.9979036,0.04992568,-0.0411849,-0.0123024,-0.007295609,0.01630783,-47.13015,1.352387,-0.4158211,-0.7657304,-0.5567753,-0.3219602,0.001430511,0.0008314848,-0.0005722046,-46.27668,0.6252913,0.1765022,-0.5454622,-0.8362272,-0.05653,-0.07953644,0.1287997,-0.2758026,0.2425909
1732482683376,-46.96091,1.575797,-0.219101,-0.9979036,0.04992568,-0.0411849,0,0,0,-47.13015,1.352387,-0.4158211,-0.7657304,-0.5567753,-0.3219602,0,0,0,-46.27668,0.6252913,0.1765022,-0.5454622,-0.8362272,-0.05653,0,0,0,0.2425909
1732482683382,-46.96091,1.575797,-0.219101,-0.9979036,0.04992568,-0.0411849,0,0,0,-47.13015,1.352387,-0.4158211,-0.7657304,-0.5567753,-0.3219602,0,0,0,-46.27668,0.6252913,0.1765022,-0.5454622,-0.8362272,-0.05653,0,0,0,0.2425909
1732482683397,-46.96123,1.575712,-0.2187843,-0.9979968,0.04922616,-0.03974736,-0.02346039,-0.006401539,0.02374649,-47.13013,1.352399,-0.4158287,-0.7667354,-0.5561275,-0.3206854,0.001430511,0.0008761883,-0.0005722046,-46.27711,0.6274257,0.1697578,-0.5434369,-0.8344837,-0.09117949,-0.03232956,0.1600787,-0.5058289,0.2425909
1732482683404,-46.96123,1.575712,-0.2187843,-0.9979968,0.04922616,-0.03974736,0,0,0,-47.13013,1.352399,-0.4158287,-0.7667354,-0.5561275,-0.3206854,0,0,0,-46.27711,0.6274257,0.1697578,-0.5434369,-0.8344837,-0.09117949,0,0,0,0.2425909
1732482683425,-46.96139,1.575627,-0.21838,-0.9980918,0.04876914,-0.03787947,-0.0120163,-0.006401539,0.03032684,-47.1301,1.352419,-0.4158325,-0.7679101,-0.5549125,-0.3199792,0.002288818,0.001528859,-0.0002861023,-46.27621,0.6279584,0.1661263,-0.5325315,-0.8411883,-0.09387708,0.06752014,0.0399515,-0.2723694,0.2425909
1732482683432,-46.96139,1.575627,-0.21838,-0.9980918,0.04876914,-0.03787947,0,0,0,-47.1301,1.352419,-0.4158325,-0.7679101,-0.5549125,-0.3199792,0,0,0,-46.27621,0.6279584,0.1661263,-0.5325315,-0.8411883,-0.09387708,0,0,0,0.2425909
1732482683451,-46.96168,1.575554,-0.2178764,-0.9982256,0.04833094,-0.03478563,-0.02174377,-0.005418062,0.0377655,-47.13008,1.352437,-0.4158211,-0.7691367,-0.554058,-0.3185101,0.001430511,0.001367927,0.0008583069,-46.27306,0.6271936,0.1619186,-0.5104079,-0.8542083,-0.0990572,0.2366066,-0.05736351,-0.3155708,0.2425909
1732482683458,-46.96168,1.575554,-0.2178764,-0.9982256,0.04833094,-0.03478563,0,0,0,-47.13008,1.352437,-0.4158211,-0.7691367,-0.554058,-0.3185101,0,0,0,-46.27306,0.6271936,0.1619186,-0.5104079,-0.8542083,-0.0990572,0,0,0,0.2425909
1732482683479,-46.96179,1.575485,-0.2172508,-0.9983443,0.04772151,-0.03211796,-0.008583069,-0.005185604,0.04692078,-47.13008,1.352439,-0.4157944,-0.7702398,-0.5543346,-0.3153479,-0.0005722046,0.0001072884,0.002002716,-46.26983,0.6262292,0.1585617,-0.5113626,-0.854243,-0.09369004,0.2417564,-0.07233024,-0.25177,0.2425909
1732482683486,-46.96179,1.575485,-0.2172508,-0.9983443,0.04772151,-0.03211796,0,0,0,-47.13008,1.352439,-0.4157944,-0.7702398,-0.5543346,-0.3153479,0,0,0,-46.26983,0.6262292,0.1585617,-0.5113626,-0.854243,-0.09369004,0,0,0,0.2425909
1732482683507,-46.96169,1.575461,-0.2168198,-0.9984333,0.04693386,-0.03047192,0.008010864,-0.001806021,0.03232956,-47.1301,1.352441,-0.4157448,-0.771213,-0.5539774,-0.3135929,-0.0008583069,0.0001698732,0.00371933,-46.26757,0.6257712,0.1564064,-0.5150474,-0.8523861,-0.09035742,0.1699448,-0.03435016,-0.1616478,0.2425909
1732482683514,-46.96169,1.575461,-0.2168198,-0.9984333,0.04693386,-0.03047192,0,0,0,-47.1301,1.352441,-0.4157448,-0.771213,-0.5539774,-0.3135929,0,0,0,-46.26757,0.6257712,0.1564064,-0.5150474,-0.8523861,-0.09035742,0,0,0,0.2425909
1732482683535,-46.96198,1.575306,-0.2163429,-0.9985076,0.04616223,-0.02918589,-0.02202988,-0.01160502,0.03576279,-47.13009,1.352454,-0.4157181,-0.7719901,-0.5531918,-0.3130666,0.0005722046,0.0009745359,0.002002716,-46.2669,0.6256822,0.1552391,-0.5163156,-0.8517315,-0.08928573,0.0500679,-0.00666976,-0.0875473,0.2425909
1732482683542,-46.96198,1.575306,-0.2163429,-0.9985076,0.04616223,-0.02918589,0,0,0,-47.13009,1.352454,-0.4157181,-0.7719901,-0.5531918,-0.3130666,0,0,0,-46.2669,0.6256822,0.1552391,-0.5163156,-0.8517315,-0.08928573,0,0,0,0.2425909
1732482683564,-46.96259,1.575114,-0.2158203,-0.9985883,0.04564681,-0.02717018,-0.04549026,-0.01444817,0.03919601,-47.13007,1.352471,-0.4157028,-0.7726527,-0.5523112,-0.3129872,0.001430511,0.001251698,0.001144409,-46.26749,0.6257027,0.1553154,-0.5203769,-0.849535,-0.08659375,-0.04463196,0.0015378,0.005722046,0.2425909
1732482683570,-46.96259,1.575114,-0.2158203,-0.9985883,0.04564681,-0.02717018,0,0,0,-47.13007,1.352471,-0.4157028,-0.7726527,-0.5523112,-0.3129872,0,0,0,-46.26749,0.6257027,0.1553154,-0.5203769,-0.849535,-0.08659375,0,0,0,0.2425909
1732482683591,-46.96295,1.575111,-0.2153893,-0.9986277,0.04577772,-0.02545273,-0.02746582,-0.0001966953,0.03232956,-47.13005,1.352486,-0.4156952,-0.7732933,-0.5515336,-0.3127759,0.001430511,0.001189113,0.0005722046,-46.26876,0.6261055,0.1560287,-0.530369,-0.8437561,-0.08236885,-0.09527206,0.03020614,0.05350113,0.2425909
1732482683598,-46.96295,1.575111,-0.2153893,-0.9986277,0.04577772,-0.02545273,0,0,0,-47.13005,1.352486,-0.4156952,-0.7732933,-0.5515336,-0.3127759,0,0,0,-46.26876,0.6261055,0.1560287,-0.530369,-0.8437561,-0.08236885,0,0,0,0.2425909
1732482683620,-46.96304,1.575029,-0.214962,-0.9986452,0.0464325,-0.02350116,-0.006580353,-0.006169081,0.03204346,-47.13004,1.352497,-0.4156876,-0.7740831,-0.5509883,-0.3117819,0.001144409,0.0007688999,0.0005722046,-46.26931,0.6267552,0.1554184,-0.5337501,-0.8423067,-0.07503736,-0.04062653,0.04873127,-0.04577637,0.2425909
1732482683629,-46.96304,1.575029,-0.214962,-0.9986452,0.0464325,-0.02350116,0,0,0,-47.13004,1.352497,-0.4156876,-0.7740831,-0.5509883,-0.3117819,0,0,0,-46.26931,0.6267552,0.1554184,-0.5337501,-0.8423067,-0.07503736,0,0,0,0.2425909
1732482683661,-46.96322,1.575064,-0.2145386,-0.9986966,0.04625469,-0.02158046,-0.01373291,0.002601743,0.03175735,-47.13004,1.352503,-0.4156494,-0.7750654,-0.5507861,-0.3096914,-0.0005722046,0.0004738569,0.002861023,4.653543,1.7195,-0.2406745,-0.9999859,0,0.005356431,3819.213,81.95585,-29.70697,0.2425909
1732482683671,-46.96322,1.575064,-0.2145386,-0.9986966,0.04625469,-0.02158046,0,0,0,-47.13004,1.352503,-0.4156494,-0.7750654,-0.5507861,-0.3096914,0,0,0,4.653543,1.7195,-0.2406745,-0.9999859,0,0.005356431,0,0,0,0.2425909
1732482683679,-46.96322,1.575064,-0.2145386,-0.9986966,0.04625469,-0.02158046,0,0,0,-47.13004,1.352503,-0.4156494,-0.7750654,-0.5507861,-0.3096914,0,0,0,4.653543,1.7195,-0.2406745,-0.9999859,0,0.005356431,0,0,0,0.2425909
1732482683699,-46.96344,1.574792,-0.2138977,-0.9988148,0.04523053,-0.01797545,-0.01630783,-0.02036691,0.04806519,2.5,0.2425909,0,-1,0,-1.192093E-07,3722.253,-83.24341,31.17371,2.5,0.2425909,0,-1,0,-1.192093E-07,-161.5157,-110.7682,18.05059,0.2425909
1732482683706,-46.96344,1.574792,-0.2138977,-0.9988148,0.04523053,-0.01797545,0,0,0,2.5,0.2425909,0,-1,0,-1.192093E-07,0,0,0,2.5,0.2425909,0,-1,0,-1.192093E-07,0,0,0,0.2425909
1732482683714,-46.96344,1.574792,-0.2138977,-0.9988148,0.04523053,-0.01797545,0,0,0,2.5,0.2425909,0,-1,0,-1.192093E-07,0,0,0,2.5,0.2425909,0,-1,0,-1.192093E-07,0,0,0,0.2425909
1732482683725,-46.96344,1.574792,-0.2138977,-0.9988148,0.04523053,-0.01797545,0,0,0,2.5,0.2425909,0,-1,0,-1.192093E-07,0,0,0,2.5,0.2425909,0,-1,0,-1.192093E-07,0,0,0,0.2425909
1732482683751,-46.96404,1.574753,-0.2135963,-0.9988183,0.04573032,-0.01646149,-0.04520416,-0.002923608,0.02260208,2.5,0.2425909,0,-1,0,-1.192093E-07,0,0,0,2.5,0.2425909,0,-1,0,-1.192093E-07,0,0,0,0.2425909
1732482683763,-46.96404,1.574753,-0.2135963,-0.9988183,0.04573032,-0.01646149,0,0,0,2.5,0.2425909,0,-1,0,-1.192093E-07,0,0,0,2.5,0.2425909,0,-1,0,-1.192093E-07,0,0,0,0.2425909
1732482683771,-46.96404,1.574753,-0.2135963,-0.9988183,0.04573032,-0.01646149,0,0,0,2.5,0.2425909,0,-1,0,-1.192093E-07,0,0,0,2.5,0.2425909,0,-1,0,-1.192093E-07,0,0,0,0.2425909
1732482683803,-46.9647,1.574691,-0.2132759,-0.9988129,0.04634695,-0.01500797,-0.0494957,-0.004649162,0.02403259,2.5,0.2425909,0,-1,0,-1.192093E-07,0,0,0,2.5,0.2425909,0,-1,0,-1.192093E-07,0,0,0,0.2425909
1732482683813,-46.9647,1.574691,-0.2132759,-0.9988129,0.04634695,-0.01500797,0,0,0,2.5,0.2425909,0,-1,0,-1.192093E-07,0,0,0,2.5,0.2425909,0,-1,0,-1.192093E-07,0,0,0,0.2425909
1732482683830,-46.9647,1.574691,-0.2132759,-0.9988129,0.04634695,-0.01500797,0,0,0,2.5,0.2425909,0,-1,0,-1.192093E-07,0,0,0,2.5,0.2425909,0,-1,0,-1.192093E-07,0,0,0,0.2425909
1732482683845,-46.9647,1.574691,-0.2132759,-0.9988129,0.04634695,-0.01500797,0,0,0,2.5,0.2425909,0,-1,0,-1.192093E-07,0,0,0,2.5,0.2425909,0,-1,0,-1.192093E-07,0,0,0,0.2425909
1732482683868,-46.96566,1.574524,-0.2128677,-0.9988272,0.04658229,-0.0132283,-0.07181168,-0.0125438,0.03061295,2.5,0.2425909,0,-1,0,-1.192093E-07,0,0,0,2.5,0.2425909,0,-1,0,-1.192093E-07,0,0,0,0.2425909
1732482683882,-46.96566,1.574524,-0.2128677,-0.9988272,0.04658229,-0.0132283,0,0,0,2.5,0.2425909,0,-1,0,-1.192093E-07,0,0,0,2.5,0.2425909,0,-1,0,-1.192093E-07,0,0,0,0.2425909
1732482683897,-46.96566,1.574524,-0.2128677,-0.9988272,0.04658229,-0.0132283,0,0,0,2.5,0.2425909,0,-1,0,-1.192093E-07,0,0,0,2.5,0.2425909,0,-1,0,-1.192093E-07,0,0,0,0.2425909
1732482683909,-46.96566,1.574524,-0.2128677,-0.9988272,0.04658229,-0.0132283,0,0,0,2.5,0.2425909,0,-1,0,-1.192093E-07,0,0,0,2.5,0.2425909,0,-1,0,-1.192093E-07,0,0,0,0.2425909
1732482683910,-46.96566,1.574524,-0.2128677,-0.9988272,0.04658229,-0.0132283,0,0,0,2.5,0.2425909,0,-1,0,-1.192093E-07,0,0,0,2.5,0.2425909,0,-1,0,-1.192093E-07,0,0,0,0.2425909
1732482683942,-46.9666,1.574477,-0.2120132,-0.9988866,0.04592917,-0.01078784,-0.07038116,-0.003504753,0.06408691,2.5,0.2425909,0,-1,0,-1.192093E-07,0,0,0,2.5,0.2425909,0,-1,0,-1.192093E-07,0,0,0,0.2425909
1732482683954,-46.9666,1.574477,-0.2120132,-0.9988866,0.04592917,-0.01078784,0,0,0,2.5,0.2425909,0,-1,0,-1.192093E-07,0,0,0,2.5,0.2425909,0,-1,0,-1.192093E-07,0,0,0,0.2425909
1732482683961,-46.9666,1.574477,-0.2120132,-0.9988866,0.04592917,-0.01078784,0,0,0,2.5,0.2425909,0,-1,0,-1.192093E-07,0,0,0,2.5,0.2425909,0,-1,0,-1.192093E-07,0,0,0,0.2425909
1732482683972,-46.9666,1.574477,-0.2120132,-0.9988866,0.04592917,-0.01078784,0,0,0,2.5,0.2425909,0,-1,0,-1.192093E-07,0,0,0,2.5,0.2425909,0,-1,0,-1.192093E-07,0,0,0,0.2425909
1732482683973,-46.9666,1.574477,-0.2120132,-0.9988866,0.04592917,-0.01078784,0,0,0,2.5,0.2425909,0,-1,0,-1.192093E-07,0,0,0,2.5,0.2425909,0,-1,0,-1.192093E-07,0,0,0,0.2425909
1732482683995,-46.96818,1.574617,-0.2109756,-0.9988408,0.04747943,-0.007944942,-0.1184464,0.01050532,0.07781982,2.5,0.2425909,0,-1,0,-1.192093E-07,0,0,0,2.5,0.2425909,0,-1,0,-1.192093E-07,0,0,0,0.2425909
1732482684004,-46.96818,1.574617,-0.2109756,-0.9988408,0.04747943,-0.007944942,0,0,0,2.5,0.2425909,0,-1,0,-1.192093E-07,0,0,0,2.5,0.2425909,0,-1,0,-1.192093E-07,0,0,0,0.2425909
1732482684013,-46.96818,1.574617,-0.2109756,-0.9988408,0.04747943,-0.007944942,0,0,0,2.5,0.2425909,0,-1,0,-1.192093E-07,0,0,0,2.5,0.2425909,0,-1,0,-1.192093E-07,0,0,0,0.2425909
1732482684023,-46.96818,1.574617,-0.2109756,-0.9988408,0.04747943,-0.007944942,0,0,0,2.5,0.2425909,0,-1,0,-1.192093E-07,0,0,0,2.5,0.2425909,0,-1,0,-1.192093E-07,0,0,0,0.2425909
1732482684038,-46.9689,1.574951,-0.2102356,-0.9987699,0.04942286,-0.004016876,-0.05435944,0.02505183,0.05550385,2.5,0.2425909,0,-1,0,-1.192093E-07,0,0,0,2.5,0.2425909,0,-1,0,-1.192093E-07,0,0,0,0.2425909
1732482684047,-46.9689,1.574951,-0.2102356,-0.9987699,0.04942286,-0.004016876,0,0,0,2.5,0.2425909,0,-1,0,-1.192093E-07,0,0,0,2.5,0.2425909,0,-1,0,-1.192093E-07,0,0,0,0.2425909
1732482684055,-46.9689,1.574951,-0.2102356,-0.9987699,0.04942286,-0.004016876,0,0,0,2.5,0.2425909,0,-1,0,-1.192093E-07,0,0,0,2.5,0.2425909,0,-1,0,-1.192093E-07,0,0,0,0.2425909
1732482684066,-46.9689,1.574951,-0.2102356,-0.9987699,0.04942286,-0.004016876,0,0,0,2.5,0.2425909,0,-1,0,-1.192093E-07,0,0,0,2.5,0.2425909,0,-1,0,-1.192093E-07,0,0,0,0.2425909
1732482684081,-46.96965,1.57495,-0.2094994,-0.9988106,0.04876221,-0.0002205372,-0.05607605,-0.0001251698,0.05521774,2.5,0.2425909,0,-1,0,-1.192093E-07,0,0,0,2.5,0.2425909,0,-1,0,-1.192093E-07,0,0,0,0.2425909
1732482684090,-46.96965,1.57495,-0.2094994,-0.9988106,0.04876221,-0.0002205372,0,0,0,2.5,0.2425909,0,-1,0,-1.192093E-07,0,0,0,2.5,0.2425909,0,-1,0,-1.192093E-07,0,0,0,0.2425909
1732482684101,-46.96965,1.57495,-0.2094994,-0.9988106,0.04876221,-0.0002205372,0,0,0,2.5,0.2425909,0,-1,0,-1.192093E-07,0,0,0,2.5,0.2425909,0,-1,0,-1.192093E-07,0,0,0,0.2425909
1732482684124,-46.97026,1.574838,-0.2089119,-0.9988713,0.04737934,0.00338769,-0.04577637,-0.008386374,0.04405975,2.5,0.2425909,0,-1,0,-1.192093E-07,0,0,0,2.5,0.2425909,0,-1,0,-1.192093E-07,0,0,0,0.2425909
1732482684132,-46.97026,1.574838,-0.2089119,-0.9988713,0.04737934,0.00338769,0,0,0,2.5,0.2425909,0,-1,0,-1.192093E-07,0,0,0,2.5,0.2425909,0,-1,0,-1.192093E-07,0,0,0,0.2425909
1732482684139,-46.97026,1.574838,-0.2089119,-0.9988713,0.04737934,0.00338769,0,0,0,2.5,0.2425909,0,-1,0,-1.192093E-07,0,0,0,2.5,0.2425909,0,-1,0,-1.192093E-07,0,0,0,0.2425909
1732482684167,-46.97112,1.574757,-0.2087822,-0.9989107,0.04653439,0.003547668,-0.06437302,-0.006061792,0.009727478,2.5,0.2425909,0,-1,0,-1.192093E-07,0,0,0,2.5,0.2425909,0,-1,0,-1.192093E-07,0,0,0,0.2425909
1732482684175,-46.97112,1.574757,-0.2087822,-0.9989107,0.04653439,0.003547668,0,0,0,2.5,0.2425909,0,-1,0,-1.192093E-07,0,0,0,2.5,0.2425909,0,-1,0,-1.192093E-07,0,0,0,0.2425909
1732482684181,-46.97112,1.574757,-0.2087822,-0.9989107,0.04653439,0.003547668,0,0,0,2.5,0.2425909,0,-1,0,-1.192093E-07,0,0,0,2.5,0.2425909,0,-1,0,-1.192093E-07,0,0,0,0.2425909
1732482684198,-46.97187,1.574575,-0.2086449,-0.9989721,0.04532111,0.0009927154,-0.05664825,-0.01362562,0.01029968,2.5,0.2425909,0,-1,0,-1.192093E-07,0,0,0,2.5,0.2425909,0,-1,0,-1.192093E-07,0,0,0,0.2425909
1732482684203,-46.97187,1.574575,-0.2086449,-0.9989721,0.04532111,0.0009927154,0,0,0,2.5,0.2425909,0,-1,0,-1.192093E-07,0,0,0,2.5,0.2425909,0,-1,0,-1.192093E-07,0,0,0,0.2425909
1732482684209,-46.97187,1.574575,-0.2086449,-0.9989721,0.04532111,0.0009927154,0,0,0,2.5,0.2425909,0,-1,0,-1.192093E-07,0,0,0,2.5,0.2425909,0,-1,0,-1.192093E-07,0,0,0,0.2425909
1732482684225,-46.97224,1.574323,-0.2088013,-0.9990443,0.04365852,-0.002205014,-0.02717972,-0.01889169,-0.01173019,2.5,0.2425909,0,-1,0,-1.192093E-07,0,0,0,2.5,0.2425909,0,-1,0,-1.192093E-07,0,0,0,0.2425909
1732482684231,-46.97224,1.574323,-0.2088013,-0.9990443,0.04365852,-0.002205014,0,0,0,2.5,0.2425909,0,-1,0,-1.192093E-07,0,0,0,2.5,0.2425909,0,-1,0,-1.192093E-07,0,0,0,0.2425909
1732482684257,-46.9726,1.574154,-0.2090378,-0.9990892,0.04218429,-0.006460309,-0.02746582,-0.01269579,-0.01773834,2.5,0.2425909,0,-1,0,-1.192093E-07,0,0,0,2.5,0.2425909,0,-1,0,-1.192093E-07,0,0,0,0.2425909
1732482684262,-46.9726,1.574154,-0.2090378,-0.9990892,0.04218429,-0.006460309,0,0,0,2.5,0.2425909,0,-1,0,-1.192093E-07,0,0,0,2.5,0.2425909,0,-1,0,-1.192093E-07,0,0,0,0.2425909
1732482684286,-46.9728,1.574121,-0.2094231,-0.9990816,0.04127694,-0.0115087,-0.01487732,-0.002485514,-0.02889633,2.5,0.2425909,0,-1,0,-1.192093E-07,0,0,0,2.5,0.2425909,0,-1,0,-1.192093E-07,0,0,0,0.2425909
1732482684292,-46.9728,1.574121,-0.2094231,-0.9990816,0.04127694,-0.0115087,0,0,0,2.5,0.2425909,0,-1,0,-1.192093E-07,0,0,0,2.5,0.2425909,0,-1,0,-1.192093E-07,0,0,0,0.2425909
1732482684315,-46.97283,1.574037,-0.2099533,-0.9990814,0.03955876,-0.01648891,-0.002288818,-0.006276369,-0.03976822,2.5,0.2425909,0,-1,0,-1.192093E-07,0,0,0,2.5,0.2425909,0,-1,0,-1.192093E-07,0,0,0,0.2425909
1732482684320,-46.97283,1.574037,-0.2099533,-0.9990814,0.03955876,-0.01648891,0,0,0,2.5,0.2425909,0,-1,0,-1.192093E-07,0,0,0,2.5,0.2425909,0,-1,0,-1.192093E-07,0,0,0,0.2425909
1732482684344,-46.97319,1.573918,-0.2104378,-0.9989892,0.03858075,-0.02307808,-0.02717972,-0.008967519,-0.03633499,2.5,0.2425909,0,-1,0,-1.192093E-07,0,0,0,2.5,0.2425909,0,-1,0,-1.192093E-07,0,0,0,0.2425909
1732482684349,-46.97319,1.573918,-0.2104378,-0.9989892,0.03858075,-0.02307808,0,0,0,2.5,0.2425909,0,-1,0,-1.192093E-07,0,0,0,2.5,0.2425909,0,-1,0,-1.192093E-07,0,0,0,0.2425909
1732482684373,-46.97343,1.573467,-0.2114334,-0.9988813,0.03551545,-0.03123021,-0.01802444,-0.03381371,-0.0746727,2.5,0.2425909,0,-1,0,-1.192093E-07,0,0,0,2.5,0.2425909,0,-1,0,-1.192093E-07,0,0,0,0.2425909
1732482684379,-46.97343,1.573467,-0.2114334,-0.9988813,0.03551545,-0.03123021,0,0,0,2.5,0.2425909,0,-1,0,-1.192093E-07,0,0,0,2.5,0.2425909,0,-1,0,-1.192093E-07,0,0,0,0.2425909
1732482684384,-46.97343,1.573467,-0.2114334,-0.9988813,0.03551545,-0.03123021,0,0,0,2.5,0.2425909,0,-1,0,-1.192093E-07,0,0,0,2.5,0.2425909,0,-1,0,-1.192093E-07,0,0,0,0.2425909
1732482684402,-46.97394,1.57315,-0.2124176,-0.9986571,0.03123532,-0.04133749,-0.03805161,-0.02378225,-0.07381439,2.5,0.2425909,0,-1,0,-1.192093E-07,0,0,0,2.5,0.2425909,0,-1,0,-1.192093E-07,0,0,0,0.2425909
1732482684409,-46.97394,1.57315,-0.2124176,-0.9986571,0.03123532,-0.04133749,0,0,0,2.5,0.2425909,0,-1,0,-1.192093E-07,0,0,0,2.5,0.2425909,0,-1,0,-1.192093E-07,0,0,0,0.2425909
1732482684444,-46.97435,1.57276,-0.2147369,-0.9984117,0.02761704,-0.04910815,-0.03061295,-0.02920926,-0.1739502,2.5,0.2425909,0,-1,0,-1.192093E-07,0,0,0,2.5,0.2425909,0,-1,0,-1.192093E-07,0,0,0,0.2425909
1732482684450,-46.97435,1.57276,-0.2147369,-0.9984117,0.02761704,-0.04910815,0,0,0,2.5,0.2425909,0,-1,0,-1.192093E-07,0,0,0,2.5,0.2425909,0,-1,0,-1.192093E-07,0,0,0,0.2425909
1732482684473,-46.9752,1.57222,-0.2154922,-0.9983279,0.0232379,-0.05293524,-0.06351471,-0.04052818,-0.05664825,2.5,0.2425909,0,-1,0,-1.192093E-07,0,0,0,2.5,0.2425909,0,-1,0,-1.192093E-07,0,0,0,0.2425909
1732482684480,-46.9752,1.57222,-0.2154922,-0.9983279,0.0232379,-0.05293524,0,0,0,2.5,0.2425909,0,-1,0,-1.192093E-07,0,0,0,2.5,0.2425909,0,-1,0,-1.192093E-07,0,0,0,0.2425909
1732482684486,-46.9752,1.57222,-0.2154922,-0.9983279,0.0232379,-0.05293524,0,0,0,2.5,0.2425909,0,-1,0,-1.192093E-07,0,0,0,2.5,0.2425909,0,-1,0,-1.192093E-07,0,0,0,0.2425909
1732482684502,-46.97552,1.571638,-0.2155113,-0.9985273,0.01886534,-0.05086923,-0.0246048,-0.04361272,-0.001430511,2.5,0.2425909,0,-1,0,-1.192093E-07,0,0,0,2.5,0.2425909,0,-1,0,-1.192093E-07,0,0,0,0.2425909
1732482684510,-46.97552,1.571638,-0.2155113,-0.9985273,0.01886534,-0.05086923,0,0,0,2.5,0.2425909,0,-1,0,-1.192093E-07,0,0,0,2.5,0.2425909,0,-1,0,-1.192093E-07,0,0,0,0.2425909
1732482684517,-46.97552,1.571638,-0.2155113,-0.9985273,0.01886534,-0.05086923,0,0,0,2.5,0.2425909,0,-1,0,-1.192093E-07,0,0,0,2.5,0.2425909,0,-1,0,-1.192093E-07,0,0,0,0.2425909
1732482684543,-46.97601,1.571055,-0.2156181,-0.9986566,0.01240036,-0.05031598,-0.03633499,-0.04377365,-0.008010864,2.5,0.2425909,0,-1,0,-1.192093E-07,0,0,0,2.5,0.2425909,0,-1,0,-1.192093E-07,0,0,0,0.2425909
1732482684551,-46.97601,1.571055,-0.2156181,-0.9986566,0.01240036,-0.05031598,0,0,0,2.5,0.2425909,0,-1,0,-1.192093E-07,0,0,0,2.5,0.2425909,0,-1,0,-1.192093E-07,0,0,0,0.2425909
1732482684583,-46.97654,1.570251,-0.2160797,-0.9985617,0.004113833,-0.05345976,-0.03976822,-0.0602603,-0.03461838,2.5,0.2425909,0,-1,0,-1.192093E-07,0,0,0,2.5,0.2425909,0,-1,0,-1.192093E-07,0,0,0,0.2425909
1732482684591,-46.97654,1.570251,-0.2160797,-0.9985617,0.004113833,-0.05345976,0,0,0,2.5,0.2425909,0,-1,0,-1.192093E-07,0,0,0,2.5,0.2425909,0,-1,0,-1.192093E-07,0,0,0,0.2425909
1732482684599,-46.97654,1.570251,-0.2160797,-0.9985617,0.004113833,-0.05345976,0,0,0,2.5,0.2425909,0,-1,0,-1.192093E-07,0,0,0,2.5,0.2425909,0,-1,0,-1.192093E-07,0,0,0,0.2425909
1732482684625,-46.97717,1.569356,-0.2167816,-0.9980031,-0.005046305,-0.06296945,-0.04749298,-0.06716251,-0.05264282,2.5,0.2425909,0,-1,0,-1.192093E-07,0,0,0,2.5,0.2425909,0,-1,0,-1.192093E-07,0,0,0,0.2425909
1732482684634,-46.97717,1.569356,-0.2167816,-0.9980031,-0.005046305,-0.06296945,0,0,0,2.5,0.2425909,0,-1,0,-1.192093E-07,0,0,0,2.5,0.2425909,0,-1,0,-1.192093E-07,0,0,0,0.2425909
1732482684641,-46.97717,1.569356,-0.2167816,-0.9980031,-0.005046305,-0.06296945,0,0,0,2.5,0.2425909,0,-1,0,-1.192093E-07,0,0,0,2.5,0.2425909,0,-1,0,-1.192093E-07,0,0,0,0.2425909
1732482684665,-46.97758,1.568523,-0.2178841,-0.9968888,-0.01350195,-0.07766044,-0.03032684,-0.06242394,-0.08268356,2.5,0.2425909,0,-1,0,-1.192093E-07,0,0,0,2.5,0.2425909,0,-1,0,-1.192093E-07,0,0,0,0.2425909
1732482684673,-46.97758,1.568523,-0.2178841,-0.9968888,-0.01350195,-0.07766044,0,0,0,2.5,0.2425909,0,-1,0,-1.192093E-07,0,0,0,2.5,0.2425909,0,-1,0,-1.192093E-07,0,0,0,0.2425909
1732482684680,-46.97758,1.568523,-0.2178841,-0.9968888,-0.01350195,-0.07766044,0,0,0,2.5,0.2425909,0,-1,0,-1.192093E-07,0,0,0,2.5,0.2425909,0,-1,0,-1.192093E-07,0,0,0,0.2425909
1732482684688,-46.97758,1.568523,-0.2178841,-0.9968888,-0.01350195,-0.07766044,0,0,0,2.5,0.2425909,0,-1,0,-1.192093E-07,0,0,0,2.5,0.2425909,0,-1,0,-1.192093E-07,0,0,0,0.2425909
1732482684704,-46.9776,1.567953,-0.2189369,-0.9955894,-0.01961335,-0.09174788,-0.001716614,-0.04279017,-0.07896423,2.5,0.2425909,0,-1,0,-1.192093E-07,0,0,0,2.5,0.2425909,0,-1,0,-1.192093E-07,0,0,0,0.2425909
1732482684712,-46.9776,1.567953,-0.2189369,-0.9955894,-0.01961335,-0.09174788,0,0,0,2.5,0.2425909,0,-1,0,-1.192093E-07,0,0,0,2.5,0.2425909,0,-1,0,-1.192093E-07,0,0,0,0.2425909
1732482684719,-46.9776,1.567953,-0.2189369,-0.9955894,-0.01961335,-0.09174788,0,0,0,2.5,0.2425909,0,-1,0,-1.192093E-07,0,0,0,2.5,0.2425909,0,-1,0,-1.192093E-07,0,0,0,0.2425909
1732482684746,-46.97794,1.567564,-0.2201958,-0.9941565,-0.02299671,-0.1054703,-0.02574921,-0.02917349,-0.09441376,2.5,0.2425909,0,-1,0,-1.192093E-07,0,0,0,2.5,0.2425909,0,-1,0,-1.192093E-07,0,0,0,0.2425909
1732482684754,-46.97794,1.567564,-0.2201958,-0.9941565,-0.02299671,-0.1054703,0,0,0,2.5,0.2425909,0,-1,0,-1.192093E-07,0,0,0,2.5,0.2425909,0,-1,0,-1.192093E-07,0,0,0,0.2425909
1732482684761,-46.97794,1.567564,-0.2201958,-0.9941565,-0.02299671,-0.1054703,0,0,0,2.5,0.2425909,0,-1,0,-1.192093E-07,0,0,0,2.5,0.2425909,0,-1,0,-1.192093E-07,0,0,0,0.2425909
1732482684787,-46.97795,1.567106,-0.2213631,-0.9924255,-0.02645183,-0.1199677,-0.0005722046,-0.03432333,-0.0875473,2.5,0.2425909,0,-1,0,-1.192093E-07,0,0,0,2.5,0.2425909,0,-1,0,-1.192093E-07,0,0,0,0.2425909
1732482684796,-46.97795,1.567106,-0.2213631,-0.9924255,-0.02645183,-0.1199677,0,0,0,2.5,0.2425909,0,-1,0,-1.192093E-07,0,0,0,2.5,0.2425909,0,-1,0,-1.192093E-07,0,0,0,0.2425909
1732482684804,-46.97795,1.567106,-0.2213631,-0.9924255,-0.02645183,-0.1199677,0,0,0,2.5,0.2425909,0,-1,0,-1.192093E-07,0,0,0,2.5,0.2425909,0,-1,0,-1.192093E-07,0,0,0,0.2425909
1732482684829,-46.97802,1.566883,-0.2223778,-0.9907954,-0.02941521,-0.1321347,-0.005149841,-0.01675487,-0.07610321,2.5,0.2425909,0,-1,0,-1.192093E-07,0,0,0,2.5,0.2425909,0,-1,0,-1.192093E-07,0,0,0,0.2425909
1732482684837,-46.97802,1.566883,-0.2223778,-0.9907954,-0.02941521,-0.1321347,0,0,0,2.5,0.2425909,0,-1,0,-1.192093E-07,0,0,0,2.5,0.2425909,0,-1,0,-1.192093E-07,0,0,0,0.2425909
1732482684844,-46.97802,1.566883,-0.2223778,-0.9907954,-0.02941521,-0.1321347,0,0,0,2.5,0.2425909,0,-1,0,-1.192093E-07,0,0,0,2.5,0.2425909,0,-1,0,-1.192093E-07,0,0,0,0.2425909
1732482684869,-46.97795,1.566711,-0.2232475,-0.9893727,-0.03056456,-0.1421537,0.005149841,-0.01291037,-0.06523132,2.5,0.2425909,0,-1,0,-1.192093E-07,0,0,0,2.5,0.2425909,0,-1,0,-1.192093E-07,0,0,0,0.2425909
1732482684877,-46.97795,1.566711,-0.2232475,-0.9893727,-0.03056456,-0.1421537,0,0,0,2.5,0.2425909,0,-1,0,-1.192093E-07,0,0,0,2.5,0.2425909,0,-1,0,-1.192093E-07,0,0,0,0.2425909
1732482684884,-46.97795,1.566711,-0.2232475,-0.9893727,-0.03056456,-0.1421537,0,0,0,2.5,0.2425909,0,-1,0,-1.192093E-07,0,0,0,2.5,0.2425909,0,-1,0,-1.192093E-07,0,0,0,0.2425909
1732482684910,-46.97755,1.566563,-0.2235222,-0.9881067,-0.03304401,-0.1501788,0.03004074,-0.01106858,-0.02059937,2.5,0.2425909,0,-1,0,-1.192093E-07,0,0,0,2.5,0.2425909,0,-1,0,-1.192093E-07,0,0,0,0.2425909
1732482684917,-46.97755,1.566563,-0.2235222,-0.9881067,-0.03304401,-0.1501788,0,0,0,2.5,0.2425909,0,-1,0,-1.192093E-07,0,0,0,2.5,0.2425909,0,-1,0,-1.192093E-07,0,0,0,0.2425909
1732482684925,-46.97755,1.566563,-0.2235222,-0.9881067,-0.03304401,-0.1501788,0,0,0,2.5,0.2425909,0,-1,0,-1.192093E-07,0,0,0,2.5,0.2425909,0,-1,0,-1.192093E-07,0,0,0,0.2425909
1732482684952,-46.97723,1.566523,-0.2240791,-0.9875615,-0.0330271,-0.1537262,0.02374649,-0.003039837,-0.04177094,2.5,0.2425909,0,-1,0,-1.192093E-07,0,0,0,2.5,0.2425909,0,-1,0,-1.192093E-07,0,0,0,0.2425909
1732482684960,-46.97723,1.566523,-0.2240791,-0.9875615,-0.0330271,-0.1537262,0,0,0,2.5,0.2425909,0,-1,0,-1.192093E-07,0,0,0,2.5,0.2425909,0,-1,0,-1.192093E-07,0,0,0,0.2425909
1732482684967,-46.97723,1.566523,-0.2240791,-0.9875615,-0.0330271,-0.1537262,0,0,0,2.5,0.2425909,0,-1,0,-1.192093E-07,0,0,0,2.5,0.2425909,0,-1,0,-1.192093E-07,0,0,0,0.2425909
1732482684994,-46.97677,1.566505,-0.2243729,-0.986812,-0.03348523,-0.1583703,0.03490448,-0.001323223,-0.02202988,2.5,0.2425909,0,-1,0,-1.192093E-07,0,0,0,2.5,0.2425909,0,-1,0,-1.192093E-07,0,0,0,0.2425909
1732482685001,-46.97677,1.566505,-0.2243729,-0.986812,-0.03348523,-0.1583703,0,0,0,2.5,0.2425909,0,-1,0,-1.192093E-07,0,0,0,2.5,0.2425909,0,-1,0,-1.192093E-07,0,0,0,0.2425909
1732482685008,-46.97677,1.566505,-0.2243729,-0.986812,-0.03348523,-0.1583703,0,0,0,2.5,0.2425909,0,-1,0,-1.192093E-07,0,0,0,2.5,0.2425909,0,-1,0,-1.192093E-07,0,0,0,0.2425909
1732482685036,-46.97616,1.566507,-0.2247047,-0.9861818,-0.03426775,-0.1620849,0.04577637,0.0001251698,-0.0248909,2.5,0.2425909,0,-1,0,-1.192093E-07,0,0,0,2.5,0.2425909,0,-1,0,-1.192093E-07,0,0,0,0.2425909
1732482685043,-46.97616,1.566507,-0.2247047,-0.9861818,-0.03426775,-0.1620849,0,0,0,2.5,0.2425909,0,-1,0,-1.192093E-07,0,0,0,2.5,0.2425909,0,-1,0,-1.192093E-07,0,0,0,0.2425909
1732482685051,-46.97616,1.566507,-0.2247047,-0.9861818,-0.03426775,-0.1620849,0,0,0,2.5,0.2425909,0,-1,0,-1.192093E-07,0,0,0,2.5,0.2425909,0,-1,0,-1.192093E-07,0,0,0,0.2425909
1732482685077,-46.97557,1.56626,-0.224987,-0.9855122,-0.03692073,-0.1655382,0.04405975,-0.01851618,-0.02117157,2.5,0.2425909,0,-1,0,-1.192093E-07,0,0,0,2.5,0.2425909,0,-1,0,-1.192093E-07,0,0,0,0.2425909
1732482685085,-46.97557,1.56626,-0.224987,-0.9855122,-0.03692073,-0.1655382,0,0,0,2.5,0.2425909,0,-1,0,-1.192093E-07,0,0,0,2.5,0.2425909,0,-1,0,-1.192093E-07,0,0,0,0.2425909
1732482685094,-46.97557,1.56626,-0.224987,-0.9855122,-0.03692073,-0.1655382,0,0,0,2.5,0.2425909,0,-1,0,-1.192093E-07,0,0,0,2.5,0.2425909,0,-1,0,-1.192093E-07,0,0,0,0.2425909
1732482685119,-46.97474,1.565891,-0.225132,-0.9851427,-0.03709835,-0.1676838,0.0623703,-0.02765357,-0.01087189,2.5,0.2425909,0,-1,0,-1.192093E-07,0,0,0,2.5,0.2425909,0,-1,0,-1.192093E-07,0,0,0,0.2425909
1732482685127,-46.97474,1.565891,-0.225132,-0.9851427,-0.03709835,-0.1676838,0,0,0,2.5,0.2425909,0,-1,0,-1.192093E-07,0,0,0,2.5,0.2425909,0,-1,0,-1.192093E-07,0,0,0,0.2425909
1732482685134,-46.97474,1.565891,-0.225132,-0.9851427,-0.03709835,-0.1676838,0,0,0,2.5,0.2425909,0,-1,0,-1.192093E-07,0,0,0,2.5,0.2425909,0,-1,0,-1.192093E-07,0,0,0,0.2425909
1732482685161,-46.97393,1.565662,-0.2251091,-0.9853382,-0.0378539,-0.1663628,0.06093979,-0.0171572,0.001716614,2.5,0.2425909,0,-1,0,-1.192093E-07,0,0,0,2.5,0.2425909,0,-1,0,-1.192093E-07,0,0,0,0.2425909
1732482685169,-46.97393,1.565662,-0.2251091,-0.9853382,-0.0378539,-0.1663628,0,0,0,2.5,0.2425909,0,-1,0,-1.192093E-07,0,0,0,2.5,0.2425909,0,-1,0,-1.192093E-07,0,0,0,0.2425909
1732482685176,-46.97393,1.565662,-0.2251091,-0.9853382,-0.0378539,-0.1663628,0,0,0,2.5,0.2425909,0,-1,0,-1.192093E-07,0,0,0,2.5,0.2425909,0,-1,0,-1.192093E-07,0,0,0,0.2425909
1732482685184,-46.97393,1.565662,-0.2251091,-0.9853382,-0.0378539,-0.1663628,0,0,0,2.5,0.2425909,0,-1,0,-1.192093E-07,0,0,0,2.5,0.2425909,0,-1,0,-1.192093E-07,0,0,0,0.2425909
1732482685203,-46.97286,1.565473,-0.2250366,-0.9857684,-0.03930331,-0.1634513,0.08010864,-0.01420677,0.005435944,2.5,0.2425909,0,-1,0,-1.192093E-07,0,0,0,2.5,0.2425909,0,-1,0,-1.192093E-07,0,0,0,0.2425909
1732482685210,-46.97286,1.565473,-0.2250366,-0.9857684,-0.03930331,-0.1634513,0,0,0,2.5,0.2425909,0,-1,0,-1.192093E-07,0,0,0,2.5,0.2425909,0,-1,0,-1.192093E-07,0,0,0,0.2425909
1732482685217,-46.97286,1.565473,-0.2250366,-0.9857684,-0.03930331,-0.1634513,0,0,0,2.5,0.2425909,0,-1,0,-1.192093E-07,0,0,0,2.5,0.2425909,0,-1,0,-1.192093E-07,0,0,0,0.2425909
1732482685244,-46.97166,1.565295,-0.225296,-0.9861956,-0.039657,-0.1607667,0.08983612,-0.01336634,-0.01945496,2.5,0.2425909,0,-1,0,-1.192093E-07,0,0,0,2.5,0.2425909,0,-1,0,-1.192093E-07,0,0,0,0.2425909
1732482685252,-46.97166,1.565295,-0.225296,-0.9861956,-0.039657,-0.1607667,0,0,0,2.5,0.2425909,0,-1,0,-1.192093E-07,0,0,0,2.5,0.2425909,0,-1,0,-1.192093E-07,0,0,0,0.2425909
1732482685259,-46.97166,1.565295,-0.225296,-0.9861956,-0.039657,-0.1607667,0,0,0,2.5,0.2425909,0,-1,0,-1.192093E-07,0,0,0,2.5,0.2425909,0,-1,0,-1.192093E-07,0,0,0,0.2425909
1732482685284,-46.97035,1.565455,-0.2254028,-0.9864671,-0.03836799,-0.1594081,0.09841919,0.01204312,-0.008010864,2.5,0.2425909,0,-1,0,-1.192093E-07,0,0,0,2.5,0.2425909,0,-1,0,-1.192093E-07,0,0,0,0.2425909
1732482685292,-46.97035,1.565455,-0.2254028,-0.9864671,-0.03836799,-0.1594081,0,0,0,2.5,0.2425909,0,-1,0,-1.192093E-07,0,0,0,2.5,0.2425909,0,-1,0,-1.192093E-07,0,0,0,0.2425909
1732482685299,-46.97035,1.565455,-0.2254028,-0.9864671,-0.03836799,-0.1594081,0,0,0,2.5,0.2425909,0,-1,0,-1.192093E-07,0,0,0,2.5,0.2425909,0,-1,0,-1.192093E-07,0,0,0,0.2425909
1732482685327,-46.9689,1.565617,-0.2252083,-0.9871735,-0.03640243,-0.1554475,0.1087189,0.01214147,0.01459122,2.5,0.2425909,0,-1,0,-1.192093E-07,0,0,0,2.5,0.2425909,0,-1,0,-1.192093E-07,0,0,0,0.2425909
1732482685334,-46.9689,1.565617,-0.2252083,-0.9871735,-0.03640243,-0.1554475,0,0,0,2.5,0.2425909,0,-1,0,-1.192093E-07,0,0,0,2.5,0.2425909,0,-1,0,-1.192093E-07,0,0,0,0.2425909
1732482685341,-46.9689,1.565617,-0.2252083,-0.9871735,-0.03640243,-0.1554475,0,0,0,2.5,0.2425909,0,-1,0,-1.192093E-07,0,0,0,2.5,0.2425909,0,-1,0,-1.192093E-07,0,0,0,0.2425909
1732482685369,-46.96761,1.565621,-0.2242279,-0.9889758,-0.03546031,-0.1437701,0.09641647,0.000295043,0.07352829,2.5,0.2425909,0,-1,0,-1.192093E-07,0,0,0,2.5,0.2425909,0,-1,0,-1.192093E-07,0,0,0,0.2425909
1732482685376,-46.96761,1.565621,-0.2242279,-0.9889758,-0.03546031,-0.1437701,0,0,0,2.5,0.2425909,0,-1,0,-1.192093E-07,0,0,0,2.5,0.2425909,0,-1,0,-1.192093E-07,0,0,0,0.2425909
1732482685383,-46.96761,1.565621,-0.2242279,-0.9889758,-0.03546031,-0.1437701,0,0,0,2.5,0.2425909,0,-1,0,-1.192093E-07,0,0,0,2.5,0.2425909,0,-1,0,-1.192093E-07,0,0,0,0.2425909
1732482685412,-46.96645,1.565297,-0.2213669,-0.9925409,-0.03816557,-0.1157849,0.0869751,-0.02430975,0.2145767,2.5,0.2425909,0,-1,0,-1.192093E-07,0,0,0,2.5,0.2425909,0,-1,0,-1.192093E-07,0,0,0,0.2425909
1732482685418,-46.96645,1.565297,-0.2213669,-0.9925409,-0.03816557,-0.1157849,0,0,0,2.5,0.2425909,0,-1,0,-1.192093E-07,0,0,0,2.5,0.2425909,0,-1,0,-1.192093E-07,0,0,0,0.2425909
1732482685425,-46.96645,1.565297,-0.2213669,-0.9925409,-0.03816557,-0.1157849,0,0,0,2.5,0.2425909,0,-1,0,-1.192093E-07,0,0,0,2.5,0.2425909,0,-1,0,-1.192093E-07,0,0,0,0.2425909
1732482685454,-46.96531,1.565495,-0.2144318,-0.9975143,-0.03817251,-0.0592339,0.08583069,0.01485944,0.520134,2.5,0.2425909,0,-1,0,-1.192093E-07,0,0,0,2.5,0.2425909,0,-1,0,-1.192093E-07,0,0,0,0.2425909
1732482685460,-46.96531,1.565495,-0.2144318,-0.9975143,-0.03817251,-0.0592339,0,0,0,2.5,0.2425909,0,-1,0,-1.192093E-07,0,0,0,2.5,0.2425909,0,-1,0,-1.192093E-07,0,0,0,0.2425909
1732482685465,-46.96531,1.565495,-0.2144318,-0.9975143,-0.03817251,-0.0592339,0,0,0,2.5,0.2425909,0,-1,0,-1.192093E-07,0,0,0,2.5,0.2425909,0,-1,0,-1.192093E-07,0,0,0,0.2425909
1732482685483,-46.96386,1.565531,-0.2096901,-0.9993805,-0.03513693,-0.002119184,0.1087189,0.002717972,0.3556252,2.5,0.2425909,0,-1,0,-1.192093E-07,0,0,0,2.5,0.2425909,0,-1,0,-1.192093E-07,0,0,0,0.2425909
1732482685489,-46.96386,1.565531,-0.2096901,-0.9993805,-0.03513693,-0.002119184,0,0,0,2.5,0.2425909,0,-1,0,-1.192093E-07,0,0,0,2.5,0.2425909,0,-1,0,-1.192093E-07,0,0,0,0.2425909
1732482685493,-46.96386,1.565531,-0.2096901,-0.9993805,-0.03513693,-0.002119184,0,0,0,2.5,0.2425909,0,-1,0,-1.192093E-07,0,0,0,2.5,0.2425909,0,-1,0,-1.192093E-07,0,0,0,0.2425909
1732482685513,-46.96263,1.565558,-0.2060013,-0.9986818,-0.03546288,0.03711629,0.09212494,0.002038479,0.2766609,2.5,0.2425909,0,-1,0,-1.192093E-07,0,0,0,2.5,0.2425909,0,-1,0,-1.192093E-07,0,0,0,0.2425909
1732482685520,-46.96263,1.565558,-0.2060013,-0.9986818,-0.03546288,0.03711629,0,0,0,2.5,0.2425909,0,-1,0,-1.192093E-07,0,0,0,2.5,0.2425909,0,-1,0,-1.192093E-07,0,0,0,0.2425909
1732482685525,-46.96263,1.565558,-0.2060013,-0.9986818,-0.03546288,0.03711629,0,0,0,2.5,0.2425909,0,-1,0,-1.192093E-07,0,0,0,2.5,0.2425909,0,-1,0,-1.192093E-07,0,0,0,0.2425909
1732482685541,-46.96129,1.565606,-0.2024498,-0.9966779,-0.03527294,0.07341158,0.100708,0.003540516,0.2663612,2.5,0.2425909,0,-1,0,-1.192093E-07,0,0,0,2.5,0.2425909,0,-1,0,-1.192093E-07,0,0,0,0.2425909
1732482685548,-46.96129,1.565606,-0.2024498,-0.9966779,-0.03527294,0.07341158,0,0,0,2.5,0.2425909,0,-1,0,-1.192093E-07,0,0,0,2.5,0.2425909,0,-1,0,-1.192093E-07,0,0,0,0.2425909
1732482685569,-46.95975,1.565838,-0.1995697,-0.993789,-0.03363738,0.1060784,0.1155853,0.01741648,0.2160072,2.5,0.2425909,0,-1,0,-1.192093E-07,0,0,0,2.5,0.2425909,0,-1,0,-1.192093E-07,0,0,0,0.2425909
1732482685598,-46.95839,1.566152,-0.1971626,-0.9907732,-0.03049931,0.1320556,0.1015663,0.02355874,0.1805305,2.5,0.2425909,0,-1,0,-1.192093E-07,0,0,0,2.5,0.2425909,0,-1,0,-1.192093E-07,0,0,0,0.2425909
1732482685603,-46.95839,1.566152,-0.1971626,-0.9907732,-0.03049931,0.1320556,0,0,0,2.5,0.2425909,0,-1,0,-1.192093E-07,0,0,0,2.5,0.2425909,0,-1,0,-1.192093E-07,0,0,0,0.2425909
1732482685628,-46.95684,1.566268,-0.1951675,-0.9883083,-0.02744524,0.1499794,0.1164436,0.008681417,0.1496315,2.5,0.2425909,0,-1,0,-1.192093E-07,0,0,0,2.5,0.2425909,0,-1,0,-1.192093E-07,0,0,0,0.2425909
1732482685634,-46.95684,1.566268,-0.1951675,-0.9883083,-0.02744524,0.1499794,0,0,0,2.5,0.2425909,0,-1,0,-1.192093E-07,0,0,0,2.5,0.2425909,0,-1,0,-1.192093E-07,0,0,0,0.2425909
1732482685638,-46.95684,1.566268,-0.1951675,-0.9883083,-0.02744524,0.1499794,0,0,0,2.5,0.2425909,0,-1,0,-1.192093E-07,0,0,0,2.5,0.2425909,0,-1,0,-1.192093E-07,0,0,0,0.2425909
1732482685657,-46.95535,1.566098,-0.1937714,-0.9869792,-0.02720504,0.1585318,0.1115799,-0.01275837,0.1047134,2.5,0.2425909,0,-1,0,-1.192093E-07,0,0,0,2.5,0.2425909,0,-1,0,-1.192093E-07,0,0,0,0.2425909
1732482685663,-46.95535,1.566098,-0.1937714,-0.9869792,-0.02720504,0.1585318,0,0,0,2.5,0.2425909,0,-1,0,-1.192093E-07,0,0,0,2.5,0.2425909,0,-1,0,-1.192093E-07,0,0,0,0.2425909
1732482685685,-46.95406,1.566451,-0.1929245,-0.9860722,-0.02568215,0.1643243,0.09670258,0.02652705,0.06351471,2.5,0.2425909,0,-1,0,-1.192093E-07,0,0,0,2.5,0.2425909,0,-1,0,-1.192093E-07,0,0,0,0.2425909
1732482685690,-46.95406,1.566451,-0.1929245,-0.9860722,-0.02568215,0.1643243,0,0,0,2.5,0.2425909,0,-1,0,-1.192093E-07,0,0,0,2.5,0.2425909,0,-1,0,-1.192093E-07,0,0,0,0.2425909
1732482685714,-46.95257,1.566678,-0.1921234,-0.9853916,-0.02339208,0.1686913,0.1121521,0.01698732,0.06008148,2.5,0.2425909,0,-1,0,-1.192093E-07,0,0,0,2.5,0.2425909,0,-1,0,-1.192093E-07,0,0,0,0.2425909
1732482685719,-46.95257,1.566678,-0.1921234,-0.9853916,-0.02339208,0.1686913,0,0,0,2.5,0.2425909,0,-1,0,-1.192093E-07,0,0,0,2.5,0.2425909,0,-1,0,-1.192093E-07,0,0,0,0.2425909
1732482685743,-46.95159,1.566765,-0.1918144,-0.9854758,-0.02116353,0.1684942,0.07324219,0.006526709,0.02317429,2.5,0.2425909,0,-1,0,-1.192093E-07,0,0,0,2.5,0.2425909,0,-1,0,-1.192093E-07,0,0,0,0.2425909
1732482685748,-46.95159,1.566765,-0.1918144,-0.9854758,-0.02116353,0.1684942,0,0,0,2.5,0.2425909,0,-1,0,-1.192093E-07,0,0,0,2.5,0.2425909,0,-1,0,-1.192093E-07,0,0,0,0.2425909
1732482685772,-46.95041,1.566956,-0.1914215,-0.9859332,-0.01738859,0.1662337,0.08869171,0.01430511,0.02946854,2.5,0.2425909,0,-1,0,-1.192093E-07,0,0,0,2.5,0.2425909,0,-1,0,-1.192093E-07,0,0,0,0.2425909
1732482685777,-46.95041,1.566956,-0.1914215,-0.9859332,-0.01738859,0.1662337,0,0,0,2.5,0.2425909,0,-1,0,-1.192093E-07,0,0,0,2.5,0.2425909,0,-1,0,-1.192093E-07,0,0,0,0.2425909
1732482685783,-46.95041,1.566956,-0.1914215,-0.9859332,-0.01738859,0.1662337,0,0,0,2.5,0.2425909,0,-1,0,-1.192093E-07,0,0,0,2.5,0.2425909,0,-1,0,-1.192093E-07,0,0,0,0.2425909
1732482685800,-46.94964,1.566871,-0.1914749,-0.9863213,-0.01603658,0.1640531,0.05779266,-0.006347895,-0.004005432,2.5,0.2425909,0,-1,0,-1.192093E-07,0,0,0,2.5,0.2425909,0,-1,0,-1.192093E-07,0,0,0,0.2425909
1732482685805,-46.94964,1.566871,-0.1914749,-0.9863213,-0.01603658,0.1640531,0,0,0,2.5,0.2425909,0,-1,0,-1.192093E-07,0,0,0,2.5,0.2425909,0,-1,0,-1.192093E-07,0,0,0,0.2425909
1732482685828,-46.94823,1.566886,-0.1912994,-0.9862497,-0.01733084,0.1643515,0.1058578,0.001144409,0.01316071,2.5,0.2425909,0,-1,0,-1.192093E-07,0,0,0,2.5,0.2425909,0,-1,0,-1.192093E-07,0,0,0,0.2425909
1732482685833,-46.94823,1.566886,-0.1912994,-0.9862497,-0.01733084,0.1643515,0,0,0,2.5,0.2425909,0,-1,0,-1.192093E-07,0,0,0,2.5,0.2425909,0,-1,0,-1.192093E-07,0,0,0,0.2425909
1732482685856,-46.94717,1.566951,-0.1912994,-0.9858249,-0.01669738,0.1669447,0.07896423,0.004863739,0,2.5,0.2425909,0,-1,0,-1.192093E-07,0,0,0,2.5,0.2425909,0,-1,0,-1.192093E-07,0,0,0,0.2425909
1732482685862,-46.94717,1.566951,-0.1912994,-0.9858249,-0.01669738,0.1669447,0,0,0,2.5,0.2425909,0,-1,0,-1.192093E-07,0,0,0,2.5,0.2425909,0,-1,0,-1.192093E-07,0,0,0,0.2425909
1732482685885,-46.94657,1.567008,-0.1915359,-0.9853277,-0.01686778,0.1698382,0.04520416,0.00423789,-0.01773834,2.5,0.2425909,0,-1,0,-1.192093E-07,0,0,0,2.5,0.2425909,0,-1,0,-1.192093E-07,0,0,0,0.2425909
1732482685890,-46.94657,1.567008,-0.1915359,-0.9853277,-0.01686778,0.1698382,0,0,0,2.5,0.2425909,0,-1,0,-1.192093E-07,0,0,0,2.5,0.2425909,0,-1,0,-1.192093E-07,0,0,0,0.2425909
1732482685913,-46.94611,1.567175,-0.1918144,-0.9851869,-0.01529709,0.1708015,0.03461838,0.0125885,-0.02088547,2.5,0.2425909,0,-1,0,-1.192093E-07,0,0,0,2.5,0.2425909,0,-1,0,-1.192093E-07,0,0,0,0.2425909
1732482685919,-46.94611,1.567175,-0.1918144,-0.9851869,-0.01529709,0.1708015,0,0,0,2.5,0.2425909,0,-1,0,-1.192093E-07,0,0,0,2.5,0.2425909,0,-1,0,-1.192093E-07,0,0,0,0.2425909
1732482685941,-46.94555,1.567339,-0.1924362,-0.9854358,-0.01326601,0.1695311,0.04205704,0.01226664,-0.04663467,2.5,0.2425909,0,-1,0,-1.192093E-07,0,0,0,2.5,0.2425909,0,-1,0,-1.192093E-07,0,0,0,0.2425909
1732482685946,-46.94555,1.567339,-0.1924362,-0.9854358,-0.01326601,0.1695311,0,0,0,2.5,0.2425909,0,-1,0,-1.192093E-07,0,0,0,2.5,0.2425909,0,-1,0,-1.192093E-07,0,0,0,0.2425909
1732482685969,-46.9446,1.567592,-0.1932945,-0.9859898,-0.01042207,0.1664812,0.07095337,0.01900792,-0.06437302,2.5,0.2425909,0,-1,0,-1.192093E-07,0,0,0,2.5,0.2425909,0,-1,0,-1.192093E-07,0,0,0,0.2425909
1732482685974,-46.9446,1.567592,-0.1932945,-0.9859898,-0.01042207,0.1664812,0,0,0,2.5,0.2425909,0,-1,0,-1.192093E-07,0,0,0,2.5,0.2425909,0,-1,0,-1.192093E-07,0,0,0,0.2425909
1732482685997,-46.94425,1.567679,-0.194416,-0.9870209,-0.008595371,0.1603622,0.02632141,0.006464124,-0.08411407,2.5,0.2425909,0,-1,0,-1.192093E-07,0,0,0,2.5,0.2425909,0,-1,0,-1.192093E-07,0,0,0,0.2425909
1732482686003,-46.94425,1.567679,-0.194416,-0.9870209,-0.008595371,0.1603622,0,0,0,2.5,0.2425909,0,-1,0,-1.192093E-07,0,0,0,2.5,0.2425909,0,-1,0,-1.192093E-07,0,0,0,0.2425909
1732482686025,-46.94404,1.567739,-0.1956367,-0.9884312,-0.007327642,0.1514946,0.01602173,0.004568696,-0.09155273,2.5,0.2425909,0,-1,0,-1.192093E-07,0,0,0,2.5,0.2425909,0,-1,0,-1.192093E-07,0,0,0,0.2425909
1732482686030,-46.94404,1.567739,-0.1956367,-0.9884312,-0.007327642,0.1514946,0,0,0,2.5,0.2425909,0,-1,0,-1.192093E-07,0,0,0,2.5,0.2425909,0,-1,0,-1.192093E-07,0,0,0,0.2425909
1732482686036,-46.94404,1.567739,-0.1956367,-0.9884312,-0.007327642,0.1514946,0,0,0,2.5,0.2425909,0,-1,0,-1.192093E-07,0,0,0,2.5,0.2425909,0,-1,0,-1.192093E-07,0,0,0,0.2425909
1732482686053,-46.94395,1.567741,-0.1971359,-0.9901125,-0.00674435,0.1401149,0.006866455,8.940697E-05,-0.1124382,2.5,0.2425909,0,-1,0,-1.192093E-07,0,0,0,2.5,0.2425909,0,-1,0,-1.192093E-07,0,0,0,0.2425909
1732482686058,-46.94395,1.567741,-0.1971359,-0.9901125,-0.00674435,0.1401149,0,0,0,2.5,0.2425909,0,-1,0,-1.192093E-07,0,0,0,2.5,0.2425909,0,-1,0,-1.192093E-07,0,0,0,0.2425909
1732482686081,-46.94378,1.567756,-0.1991997,-0.9919497,-0.006419403,0.1264719,0.0125885,0.001144409,-0.1547813,2.5,0.2425909,0,-1,0,-1.192093E-07,0,0,0,2.5,0.2425909,0,-1,0,-1.192093E-07,0,0,0,0.2425909
1732482686086,-46.94378,1.567756,-0.1991997,-0.9919497,-0.006419403,0.1264719,0,0,0,2.5,0.2425909,0,-1,0,-1.192093E-07,0,0,0,2.5,0.2425909,0,-1,0,-1.192093E-07,0,0,0,0.2425909
1732482686106,-46.94355,1.567754,-0.2017021,-0.9938062,-0.006038965,0.1109649,0.01688004,-0.0001788139,-0.1876831,2.5,0.2425909,0,-1,0,-1.192093E-07,0,0,0,2.5,0.2425909,0,-1,0,-1.192093E-07,0,0,0,0.2425909
1732482686111,-46.94355,1.567754,-0.2017021,-0.9938062,-0.006038965,0.1109649,0,0,0,2.5,0.2425909,0,-1,0,-1.192093E-07,0,0,0,2.5,0.2425909,0,-1,0,-1.192093E-07,0,0,0,0.2425909
1732482686134,-46.94384,1.56762,-0.2036476,-0.9955692,-0.006811819,0.09378564,-0.02174377,-0.009995699,-0.1459122,2.5,0.2425909,0,-1,0,-1.192093E-07,0,0,0,2.5,0.2425909,0,-1,0,-1.192093E-07,0,0,0,0.2425909
1732482686139,-46.94384,1.56762,-0.2036476,-0.9955692,-0.006811819,0.09378564,0,0,0,2.5,0.2425909,0,-1,0,-1.192093E-07,0,0,0,2.5,0.2425909,0,-1,0,-1.192093E-07,0,0,0,0.2425909
1732482686161,-46.94405,1.567401,-0.2057533,-0.9971049,-0.009063506,0.07549846,-0.01516342,-0.01645088,-0.1579285,2.5,0.2425909,0,-1,0,-1.192093E-07,0,0,0,2.5,0.2425909,0,-1,0,-1.192093E-07,0,0,0,0.2425909
1732482686167,-46.94405,1.567401,-0.2057533,-0.9971049,-0.009063506,0.07549846,0,0,0,2.5,0.2425909,0,-1,0,-1.192093E-07,0,0,0,2.5,0.2425909,0,-1,0,-1.192093E-07,0,0,0,0.2425909
1732482686189,-46.94436,1.567252,-0.2077065,-0.9982358,-0.01239771,0.05806971,-0.02374649,-0.01118481,-0.1464844,2.5,0.2425909,0,-1,0,-1.192093E-07,0,0,0,2.5,0.2425909,0,-1,0,-1.192093E-07,0,0,0,0.2425909
1732482686194,-46.94436,1.567252,-0.2077065,-0.9982358,-0.01239771,0.05806971,0,0,0,2.5,0.2425909,0,-1,0,-1.192093E-07,0,0,0,2.5,0.2425909,0,-1,0,-1.192093E-07,0,0,0,0.2425909
1732482686217,-46.94444,1.566769,-0.2095375,-0.9989457,-0.01452975,0.04355544,-0.006008148,-0.03620982,-0.1373291,2.5,0.2425909,0,-1,0,-1.192093E-07,0,0,0,2.5,0.2425909,0,-1,0,-1.192093E-07,0,0,0,0.2425909
1732482686223,-46.94444,1.566769,-0.2095375,-0.9989457,-0.01452975,0.04355544,0,0,0,2.5,0.2425909,0,-1,0,-1.192093E-07,0,0,0,2.5,0.2425909,0,-1,0,-1.192093E-07,0,0,0,0.2425909
1732482686245,-46.9444,1.566421,-0.2112122,-0.9994054,-0.01695704,0.03003347,0.003147125,-0.02608001,-0.1255989,2.5,0.2425909,0,-1,0,-1.192093E-07,0,0,0,2.5,0.2425909,0,-1,0,-1.192093E-07,0,0,0,0.2425909
1732482686250,-46.9444,1.566421,-0.2112122,-0.9994054,-0.01695704,0.03003347,0,0,0,2.5,0.2425909,0,-1,0,-1.192093E-07,0,0,0,2.5,0.2425909,0,-1,0,-1.192093E-07,0,0,0,0.2425909
1732482686273,-46.94479,1.566096,-0.2126045,-0.9996499,-0.02112627,0.01594198,-0.02918243,-0.02438128,-0.1044273,2.5,0.2425909,0,-1,0,-1.192093E-07,0,0,0,2.5,0.2425909,0,-1,0,-1.192093E-07,0,0,0,0.2425909
1732482686278,-46.94479,1.566096,-0.2126045,-0.9996499,-0.02112627,0.01594198,0,0,0,2.5,0.2425909,0,-1,0,-1.192093E-07,0,0,0,2.5,0.2425909,0,-1,0,-1.192093E-07,0,0,0,0.2425909
1732482686300,-46.94461,1.565504,-0.214077,-0.9996642,-0.02568444,0.003504336,0.01344681,-0.0444442,-0.1104355,2.5,0.2425909,0,-1,0,-1.192093E-07,0,0,0,2.5,0.2425909,0,-1,0,-1.192093E-07,0,0,0,0.2425909
1732482686305,-46.94461,1.565504,-0.214077,-0.9996642,-0.02568444,0.003504336,0,0,0,2.5,0.2425909,0,-1,0,-1.192093E-07,0,0,0,2.5,0.2425909,0,-1,0,-1.192093E-07,0,0,0,0.2425909
1732482686328,-46.94498,1.565278,-0.215229,-0.9995246,-0.02940618,-0.009296298,-0.02746582,-0.01689792,-0.08640289,2.5,0.2425909,0,-1,0,-1.192093E-07,0,0,0,2.5,0.2425909,0,-1,0,-1.192093E-07,0,0,0,0.2425909
1732482686333,-46.94498,1.565278,-0.215229,-0.9995246,-0.02940618,-0.009296298,0,0,0,2.5,0.2425909,0,-1,0,-1.192093E-07,0,0,0,2.5,0.2425909,0,-1,0,-1.192093E-07,0,0,0,0.2425909
1732482686356,-46.94501,1.56484,-0.2164078,-0.9993367,-0.03074876,-0.01952815,-0.002574921,-0.03290176,-0.08840561,2.5,0.2425909,0,-1,0,-1.192093E-07,0,0,0,2.5,0.2425909,0,-1,0,-1.192093E-07,0,0,0,0.2425909
1732482686361,-46.94501,1.56484,-0.2164078,-0.9993367,-0.03074876,-0.01952815,0,0,0,2.5,0.2425909,0,-1,0,-1.192093E-07,0,0,0,2.5,0.2425909,0,-1,0,-1.192093E-07,0,0,0,0.2425909
1732482686383,-46.9452,1.564562,-0.2172699,-0.9990405,-0.03294749,-0.02886641,-0.01401901,-0.02083182,-0.06465912,2.5,0.2425909,0,-1,0,-1.192093E-07,0,0,0,2.5,0.2425909,0,-1,0,-1.192093E-07,0,0,0,0.2425909
1732482686389,-46.9452,1.564562,-0.2172699,-0.9990405,-0.03294749,-0.02886641,0,0,0,2.5,0.2425909,0,-1,0,-1.192093E-07,0,0,0,2.5,0.2425909,0,-1,0,-1.192093E-07,0,0,0,0.2425909
1732482686411,-46.94559,1.564487,-0.2179909,-0.9987044,-0.03530479,-0.03665686,-0.02975464,-0.00565052,-0.05407333,2.5,0.2425909,0,-1,0,-1.192093E-07,0,0,0,2.5,0.2425909,0,-1,0,-1.192093E-07,0,0,0,0.2425909
1732482686416,-46.94559,1.564487,-0.2179909,-0.9987044,-0.03530479,-0.03665686,0,0,0,2.5,0.2425909,0,-1,0,-1.192093E-07,0,0,0,2.5,0.2425909,0,-1,0,-1.192093E-07,0,0,0,0.2425909
1732482686439,-46.94581,1.564309,-0.2187004,-0.9983521,-0.03685244,-0.04399598,-0.01630783,-0.01333058,-0.05321503,2.5,0.2425909,0,-1,0,-1.192093E-07,0,0,0,2.5,0.2425909,0,-1,0,-1.192093E-07,0,0,0,0.2425909
1732482686444,-46.94581,1.564309,-0.2187004,-0.9983521,-0.03685244,-0.04399598,0,0,0,2.5,0.2425909,0,-1,0,-1.192093E-07,0,0,0,2.5,0.2425909,0,-1,0,-1.192093E-07,0,0,0,0.2425909
1732482686449,-46.94581,1.564309,-0.2187004,-0.9983521,-0.03685244,-0.04399598,0,0,0,2.5,0.2425909,0,-1,0,-1.192093E-07,0,0,0,2.5,0.2425909,0,-1,0,-1.192093E-07,0,0,0,0.2425909
1732482686480,-46.94619,1.564299,-0.2191696,-0.9980062,-0.03734143,-0.05088949,-0.02861023,-0.0007599592,-0.03519058,2.5,0.2425909,0,-1,0,-1.192093E-07,0,0,0,2.5,0.2425909,0,-1,0,-1.192093E-07,0,0,0,0.2425909
1732482686485,-46.94619,1.564299,-0.2191696,-0.9980062,-0.03734143,-0.05088949,0,0,0,2.5,0.2425909,0,-1,0,-1.192093E-07,0,0,0,2.5,0.2425909,0,-1,0,-1.192093E-07,0,0,0,0.2425909
1732482686520,-46.94629,1.56408,-0.2198639,-0.9975106,-0.03835667,-0.05917668,-0.007152557,-0.01636147,-0.05207062,2.5,0.2425909,0,-1,0,-1.192093E-07,0,0,0,2.5,0.2425909,0,-1,0,-1.192093E-07,0,0,0,0.2425909
1732482686525,-46.94629,1.56408,-0.2198639,-0.9975106,-0.03835667,-0.05917668,0,0,0,2.5,0.2425909,0,-1,0,-1.192093E-07,0,0,0,2.5,0.2425909,0,-1,0,-1.192093E-07,0,0,0,0.2425909
1732482686531,-46.94629,1.56408,-0.2198639,-0.9975106,-0.03835667,-0.05917668,0,0,0,2.5,0.2425909,0,-1,0,-1.192093E-07,0,0,0,2.5,0.2425909,0,-1,0,-1.192093E-07,0,0,0,0.2425909
1732482686548,-46.94685,1.564059,-0.2200661,-0.9971107,-0.03934333,-0.06498384,-0.04177094,-0.001600385,-0.01516342,2.5,0.2425909,0,-1,0,-1.192093E-07,0,0,0,2.5,0.2425909,0,-1,0,-1.192093E-07,0,0,0,0.2425909
1732482686553,-46.94685,1.564059,-0.2200661,-0.9971107,-0.03934333,-0.06498384,0,0,0,2.5,0.2425909,0,-1,0,-1.192093E-07,0,0,0,2.5,0.2425909,0,-1,0,-1.192093E-07,0,0,0,0.2425909
1732482686558,-46.94685,1.564059,-0.2200661,-0.9971107,-0.03934333,-0.06498384,0,0,0,2.5,0.2425909,0,-1,0,-1.192093E-07,0,0,0,2.5,0.2425909,0,-1,0,-1.192093E-07,0,0,0,0.2425909
1732482686575,-46.94725,1.564089,-0.2200317,-0.9967528,-0.03913426,-0.07037807,-0.03032684,0.002244115,0.002574921,2.5,0.2425909,0,-1,0,-1.192093E-07,0,0,0,2.5,0.2425909,0,-1,0,-1.192093E-07,0,0,0,0.2425909
1732482686581,-46.94725,1.564089,-0.2200317,-0.9967528,-0.03913426,-0.07037807,0,0,0,2.5,0.2425909,0,-1,0,-1.192093E-07,0,0,0,2.5,0.2425909,0,-1,0,-1.192093E-07,0,0,0,0.2425909
1732482686603,-46.94769,1.564138,-0.2199631,-0.9963376,-0.0394131,-0.07588422,-0.03318787,0.003656745,0.005149841,2.5,0.2425909,0,-1,0,-1.192093E-07,0,0,0,2.5,0.2425909,0,-1,0,-1.192093E-07,0,0,0,0.2425909
1732482686608,-46.94769,1.564138,-0.2199631,-0.9963376,-0.0394131,-0.07588422,0,0,0,2.5,0.2425909,0,-1,0,-1.192093E-07,0,0,0,2.5,0.2425909,0,-1,0,-1.192093E-07,0,0,0,0.2425909
1732482686643,-46.94796,1.56384,-0.2195892,-0.9959048,-0.04114259,-0.08050537,-0.02031326,-0.02236068,0.02803802,2.5,0.2425909,0,-1,0,-1.192093E-07,0,0,0,2.5,0.2425909,0,-1,0,-1.192093E-07,0,0,0,0.2425909
1732482686648,-46.94796,1.56384,-0.2195892,-0.9959048,-0.04114259,-0.08050537,0,0,0,2.5,0.2425909,0,-1,0,-1.192093E-07,0,0,0,2.5,0.2425909,0,-1,0,-1.192093E-07,0,0,0,0.2425909
1732482686683,-46.94847,1.563539,-0.2190895,-0.9952862,-0.04318101,-0.08684206,-0.03833771,-0.0225395,0.0374794,2.5,0.2425909,0,-1,0,-1.192093E-07,0,0,0,2.5,0.2425909,0,-1,0,-1.192093E-07,0,0,0,0.2425909
1732482686688,-46.94847,1.563539,-0.2190895,-0.9952862,-0.04318101,-0.08684206,0,0,0,2.5,0.2425909,0,-1,0,-1.192093E-07,0,0,0,2.5,0.2425909,0,-1,0,-1.192093E-07,0,0,0,0.2425909
1732482686692,-46.94847,1.563539,-0.2190895,-0.9952862,-0.04318101,-0.08684206,0,0,0,2.5,0.2425909,0,-1,0,-1.192093E-07,0,0,0,2.5,0.2425909,0,-1,0,-1.192093E-07,0,0,0,0.2425909
1732482686712,-46.94854,1.563287,-0.2182732,-0.9945633,-0.04513564,-0.09384835,-0.005149841,-0.01887381,0.06122589,2.5,0.2425909,0,-1,0,-1.192093E-07,0,0,0,2.5,0.2425909,0,-1,0,-1.192093E-07,0,0,0,0.2425909
1732482686717,-46.94854,1.563287,-0.2182732,-0.9945633,-0.04513564,-0.09384835,0,0,0,2.5,0.2425909,0,-1,0,-1.192093E-07,0,0,0,2.5,0.2425909,0,-1,0,-1.192093E-07,0,0,0,0.2425909
1732482686721,-46.94854,1.563287,-0.2182732,-0.9945633,-0.04513564,-0.09384835,0,0,0,2.5,0.2425909,0,-1,0,-1.192093E-07,0,0,0,2.5,0.2425909,0,-1,0,-1.192093E-07,0,0,0,0.2425909
1732482686740,-46.94865,1.563079,-0.2179146,-0.9940892,-0.04632966,-0.09818578,-0.008296967,-0.01564622,0.02689362,2.5,0.2425909,0,-1,0,-1.192093E-07,0,0,0,2.5,0.2425909,0,-1,0,-1.192093E-07,0,0,0,0.2425909
1732482686745,-46.94865,1.563079,-0.2179146,-0.9940892,-0.04632966,-0.09818578,0,0,0,2.5,0.2425909,0,-1,0,-1.192093E-07,0,0,0,2.5,0.2425909,0,-1,0,-1.192093E-07,0,0,0,0.2425909
1732482686750,-46.94865,1.563079,-0.2179146,-0.9940892,-0.04632966,-0.09818578,0,0,0,2.5,0.2425909,0,-1,0,-1.192093E-07,0,0,0,2.5,0.2425909,0,-1,0,-1.192093E-07,0,0,0,0.2425909
1732482686781,-46.94827,1.56284,-0.2174454,-0.993679,-0.04790558,-0.1015254,0.02918243,-0.01794398,0.03519058,2.5,0.2425909,0,-1,0,-1.192093E-07,0,0,0,2.5,0.2425909,0,-1,0,-1.192093E-07,0,0,0,0.2425909
1732482686823,-46.94853,1.562666,-0.2167397,-0.9929269,-0.04974199,-0.1078055,-0.02002716,-0.01300871,0.05292892,2.5,0.2425909,0,-1,0,-1.192093E-07,0,0,0,2.5,0.2425909,0,-1,0,-1.192093E-07,0,0,0,0.2425909
1732482686828,-46.94853,1.562666,-0.2167397,-0.9929269,-0.04974199,-0.1078055,0,0,0,2.5,0.2425909,0,-1,0,-1.192093E-07,0,0,0,2.5,0.2425909,0,-1,0,-1.192093E-07,0,0,0,0.2425909
1732482686833,-46.94853,1.562666,-0.2167397,-0.9929269,-0.04974199,-0.1078055,0,0,0,2.5,0.2425909,0,-1,0,-1.192093E-07,0,0,0,2.5,0.2425909,0,-1,0,-1.192093E-07,0,0,0,0.2425909
1732482686852,-46.94817,1.562712,-0.2155495,-0.9922328,-0.05069129,-0.1135994,0.02689362,0.003433228,0.08926392,2.5,0.2425909,0,-1,0,-1.192093E-07,0,0,0,2.5,0.2425909,0,-1,0,-1.192093E-07,0,0,0,0.2425909
1732482686857,-46.94817,1.562712,-0.2155495,-0.9922328,-0.05069129,-0.1135994,0,0,0,2.5,0.2425909,0,-1,0,-1.192093E-07,0,0,0,2.5,0.2425909,0,-1,0,-1.192093E-07,0,0,0,0.2425909
1732482686862,-46.94817,1.562712,-0.2155495,-0.9922328,-0.05069129,-0.1135994,0,0,0,2.5,0.2425909,0,-1,0,-1.192093E-07,0,0,0,2.5,0.2425909,0,-1,0,-1.192093E-07,0,0,0,0.2425909
1732482686866,-46.94817,1.562712,-0.2155495,-0.9922328,-0.05069129,-0.1135994,0,0,0,2.5,0.2425909,0,-1,0,-1.192093E-07,0,0,0,2.5,0.2425909,0,-1,0,-1.192093E-07,0,0,0,0.2425909
1732482686893,-46.94807,1.562629,-0.2149467,-0.9919347,-0.05123583,-0.115934,0.00743866,-0.006258488,0.04520416,2.5,0.2425909,0,-1,0,-1.192093E-07,0,0,0,2.5,0.2425909,0,-1,0,-1.192093E-07,0,0,0,0.2425909
1732482686898,-46.94807,1.562629,-0.2149467,-0.9919347,-0.05123583,-0.115934,0,0,0,2.5,0.2425909,0,-1,0,-1.192093E-07,0,0,0,2.5,0.2425909,0,-1,0,-1.192093E-07,0,0,0,0.2425909
1732482686934,-46.94791,1.562461,-0.2140617,-0.9913812,-0.05175462,-0.1203544,0.0120163,-0.01253486,0.06637573,2.5,0.2425909,0,-1,0,-1.192093E-07,0,0,0,2.5,0.2425909,0,-1,0,-1.192093E-07,0,0,0,0.2425909
1732482686939,-46.94791,1.562461,-0.2140617,-0.9913812,-0.05175462,-0.1203544,0,0,0,2.5,0.2425909,0,-1,0,-1.192093E-07,0,0,0,2.5,0.2425909,0,-1,0,-1.192093E-07,0,0,0,0.2425909
1732482686944,-46.94791,1.562461,-0.2140617,-0.9913812,-0.05175462,-0.1203544,0,0,0,2.5,0.2425909,0,-1,0,-1.192093E-07,0,0,0,2.5,0.2425909,0,-1,0,-1.192093E-07,0,0,0,0.2425909
1732482686963,-46.94749,1.562447,-0.2132874,-0.9910646,-0.05209241,-0.1227902,0.03147125,-0.001090765,0.05807877,2.5,0.2425909,0,-1,0,-1.192093E-07,0,0,0,2.5,0.2425909,0,-1,0,-1.192093E-07,0,0,0,0.2425909
1732482686968,-46.94749,1.562447,-0.2132874,-0.9910646,-0.05209241,-0.1227902,0,0,0,2.5,0.2425909,0,-1,0,-1.192093E-07,0,0,0,2.5,0.2425909,0,-1,0,-1.192093E-07,0,0,0,0.2425909
1732482686973,-46.94749,1.562447,-0.2132874,-0.9910646,-0.05209241,-0.1227902,0,0,0,2.5,0.2425909,0,-1,0,-1.192093E-07,0,0,0,2.5,0.2425909,0,-1,0,-1.192093E-07,0,0,0,0.2425909
1732482687004,-46.9473,1.562443,-0.2127266,-0.9910235,-0.05230151,-0.1230342,0.01430511,-0.0002861023,0.04205704,2.5,0.2425909,0,-1,0,-1.192093E-07,0,0,0,2.5,0.2425909,0,-1,0,-1.192093E-07,0,0,0,0.2425909
1732482687009,-46.9473,1.562443,-0.2127266,-0.9910235,-0.05230151,-0.1230342,0,0,0,2.5,0.2425909,0,-1,0,-1.192093E-07,0,0,0,2.5,0.2425909,0,-1,0,-1.192093E-07,0,0,0,0.2425909
1732482687044,-46.94714,1.562294,-0.2118988,-0.9909795,-0.05362102,-0.1228218,0.0120163,-0.01120269,0.0620842,2.5,0.2425909,0,-1,0,-1.192093E-07,0,0,0,2.5,0.2425909,0,-1,0,-1.192093E-07,0,0,0,0.2425909
1732482687049,-46.94714,1.562294,-0.2118988,-0.9909795,-0.05362102,-0.1228218,0,0,0,2.5,0.2425909,0,-1,0,-1.192093E-07,0,0,0,2.5,0.2425909,0,-1,0,-1.192093E-07,0,0,0,0.2425909
1732482687054,-46.94714,1.562294,-0.2118988,-0.9909795,-0.05362102,-0.1228218,0,0,0,2.5,0.2425909,0,-1,0,-1.192093E-07,0,0,0,2.5,0.2425909,0,-1,0,-1.192093E-07,0,0,0,0.2425909
1732482687073,-46.94695,1.562041,-0.2111893,-0.9908058,-0.05442531,-0.1238641,0.01487732,-0.01896322,0.05321503,2.5,0.2425909,0,-1,0,-1.192093E-07,0,0,0,2.5,0.2425909,0,-1,0,-1.192093E-07,0,0,0,0.2425909
1732482687078,-46.94695,1.562041,-0.2111893,-0.9908058,-0.05442531,-0.1238641,0,0,0,2.5,0.2425909,0,-1,0,-1.192093E-07,0,0,0,2.5,0.2425909,0,-1,0,-1.192093E-07,0,0,0,0.2425909
1732482687082,-46.94695,1.562041,-0.2111893,-0.9908058,-0.05442531,-0.1238641,0,0,0,2.5,0.2425909,0,-1,0,-1.192093E-07,0,0,0,2.5,0.2425909,0,-1,0,-1.192093E-07,0,0,0,0.2425909
1732482687114,-46.94677,1.561926,-0.2106934,-0.9906009,-0.05544814,-0.125043,0.01344681,-0.008636713,0.0371933,2.5,0.2425909,0,-1,0,-1.192093E-07,0,0,0,2.5,0.2425909,0,-1,0,-1.192093E-07,0,0,0,0.2425909
1732482687121,-46.94677,1.561926,-0.2106934,-0.9906009,-0.05544814,-0.125043,0,0,0,2.5,0.2425909,0,-1,0,-1.192093E-07,0,0,0,2.5,0.2425909,0,-1,0,-1.192093E-07,0,0,0,0.2425909
1732482687154,-46.94652,1.561959,-0.2101517,-0.9905156,-0.05415525,-0.1262789,0.01859665,0.002485514,0.04062653,2.5,0.2425909,0,-1,0,-1.192093E-07,0,0,0,2.5,0.2425909,0,-1,0,-1.192093E-07,0,0,0,0.2425909
1732482687159,-46.94652,1.561959,-0.2101517,-0.9905156,-0.05415525,-0.1262789,0,0,0,2.5,0.2425909,0,-1,0,-1.192093E-07,0,0,0,2.5,0.2425909,0,-1,0,-1.192093E-07,0,0,0,0.2425909
1732482687164,-46.94652,1.561959,-0.2101517,-0.9905156,-0.05415525,-0.1262789,0,0,0,2.5,0.2425909,0,-1,0,-1.192093E-07,0,0,0,2.5,0.2425909,0,-1,0,-1.192093E-07,0,0,0,0.2425909
1732482687197,-46.9461,1.56242,-0.2100639,-0.9902029,-0.05282947,-0.1292596,0.03118515,0.03458261,0.006580353,2.5,0.2425909,0,-1,0,-1.192093E-07,0,0,0,2.5,0.2425909,0,-1,0,-1.192093E-07,0,0,0,0.2425909
1732482687202,-46.9461,1.56242,-0.2100639,-0.9902029,-0.05282947,-0.1292596,0,0,0,2.5,0.2425909,0,-1,0,-1.192093E-07,0,0,0,2.5,0.2425909,0,-1,0,-1.192093E-07,0,0,0,0.2425909
1732482687207,-46.9461,1.56242,-0.2100639,-0.9902029,-0.05282947,-0.1292596,0,0,0,2.5,0.2425909,0,-1,0,-1.192093E-07,0,0,0,2.5,0.2425909,0,-1,0,-1.192093E-07,0,0,0,0.2425909
1732482687212,-46.9461,1.56242,-0.2100639,-0.9902029,-0.05282947,-0.1292596,0,0,0,2.5,0.2425909,0,-1,0,-1.192093E-07,0,0,0,2.5,0.2425909,0,-1,0,-1.192093E-07,0,0,0,0.2425909
1732482687239,-46.94591,1.562469,-0.2096062,-0.9900563,-0.05247197,-0.1305212,0.01459122,0.003701448,0.03433228,2.5,0.2425909,0,-1,0,-1.192093E-07,0,0,0,2.5,0.2425909,0,-1,0,-1.192093E-07,0,0,0,0.2425909
1732482687244,-46.94591,1.562469,-0.2096062,-0.9900563,-0.05247197,-0.1305212,0,0,0,2.5,0.2425909,0,-1,0,-1.192093E-07,0,0,0,2.5,0.2425909,0,-1,0,-1.192093E-07,0,0,0,0.2425909
1732482687249,-46.94591,1.562469,-0.2096062,-0.9900563,-0.05247197,-0.1305212,0,0,0,2.5,0.2425909,0,-1,0,-1.192093E-07,0,0,0,2.5,0.2425909,0,-1,0,-1.192093E-07,0,0,0,0.2425909
1732482687280,-46.94587,1.562654,-0.209198,-0.9900904,-0.05053883,-0.1310227,0.002574921,0.01382232,0.03061295,2.5,0.2425909,0,-1,0,-1.192093E-07,0,0,0,2.5,0.2425909,0,-1,0,-1.192093E-07,0,0,0,0.2425909
1732482687286,-46.94587,1.562654,-0.209198,-0.9900904,-0.05053883,-0.1310227,0,0,0,2.5,0.2425909,0,-1,0,-1.192093E-07,0,0,0,2.5,0.2425909,0,-1,0,-1.192093E-07,0,0,0,0.2425909
1732482687291,-46.94587,1.562654,-0.209198,-0.9900904,-0.05053883,-0.1310227,0,0,0,2.5,0.2425909,0,-1,0,-1.192093E-07,0,0,0,2.5,0.2425909,0,-1,0,-1.192093E-07,0,0,0,0.2425909
1732482687321,-46.94562,1.563308,-0.2092285,-0.9899752,-0.04894455,-0.1324916,0.01888275,0.04904866,-0.002288818,2.5,0.2425909,0,-1,0,-1.192093E-07,0,0,0,2.5,0.2425909,0,-1,0,-1.192093E-07,0,0,0,0.2425909
1732482687326,-46.94562,1.563308,-0.2092285,-0.9899752,-0.04894455,-0.1324916,0,0,0,2.5,0.2425909,0,-1,0,-1.192093E-07,0,0,0,2.5,0.2425909,0,-1,0,-1.192093E-07,0,0,0,0.2425909
1732482687331,-46.94562,1.563308,-0.2092285,-0.9899752,-0.04894455,-0.1324916,0,0,0,2.5,0.2425909,0,-1,0,-1.192093E-07,0,0,0,2.5,0.2425909,0,-1,0,-1.192093E-07,0,0,0,0.2425909
1732482687362,-46.9458,1.563325,-0.2088852,-0.9896135,-0.04952469,-0.1349562,-0.01344681,0.00128746,0.02574921,2.5,0.2425909,0,-1,0,-1.192093E-07,0,0,0,2.5,0.2425909,0,-1,0,-1.192093E-07,0,0,0,0.2425909
1732482687368,-46.9458,1.563325,-0.2088852,-0.9896135,-0.04952469,-0.1349562,0,0,0,2.5,0.2425909,0,-1,0,-1.192093E-07,0,0,0,2.5,0.2425909,0,-1,0,-1.192093E-07,0,0,0,0.2425909
1732482687372,-46.9458,1.563325,-0.2088852,-0.9896135,-0.04952469,-0.1349562,0,0,0,2.5,0.2425909,0,-1,0,-1.192093E-07,0,0,0,2.5,0.2425909,0,-1,0,-1.192093E-07,0,0,0,0.2425909
1732482687404,-46.94601,1.563244,-0.2085533,-0.989231,-0.05020827,-0.1374825,-0.01602173,-0.006070733,0.0248909,2.5,0.2425909,0,-1,0,-1.192093E-07,0,0,0,2.5,0.2425909,0,-1,0,-1.192093E-07,0,0,0,0.2425909
1732482687409,-46.94601,1.563244,-0.2085533,-0.989231,-0.05020827,-0.1374825,0,0,0,2.5,0.2425909,0,-1,0,-1.192093E-07,0,0,0,2.5,0.2425909,0,-1,0,-1.192093E-07,0,0,0,0.2425909
1732482687414,-46.94601,1.563244,-0.2085533,-0.989231,-0.05020827,-0.1374825,0,0,0,2.5,0.2425909,0,-1,0,-1.192093E-07,0,0,0,2.5,0.2425909,0,-1,0,-1.192093E-07,0,0,0,0.2425909
1732482687446,-46.94616,1.563151,-0.2083893,-0.9890066,-0.05115923,-0.1387403,-0.01115799,-0.006964803,0.0123024,2.5,0.2425909,0,-1,0,-1.192093E-07,0,0,0,2.5,0.2425909,0,-1,0,-1.192093E-07,0,0,0,0.2425909
1732482687451,-46.94616,1.563151,-0.2083893,-0.9890066,-0.05115923,-0.1387403,0,0,0,2.5,0.2425909,0,-1,0,-1.192093E-07,0,0,0,2.5,0.2425909,0,-1,0,-1.192093E-07,0,0,0,0.2425909
1732482687456,-46.94616,1.563151,-0.2083893,-0.9890066,-0.05115923,-0.1387403,0,0,0,2.5,0.2425909,0,-1,0,-1.192093E-07,0,0,0,2.5,0.2425909,0,-1,0,-1.192093E-07,0,0,0,0.2425909
1732482687474,-46.94659,1.563211,-0.2081299,-0.9892567,-0.05010597,-0.1373361,-0.03175735,0.004506111,0.01945496,2.5,0.2425909,0,-1,0,-1.192093E-07,0,0,0,2.5,0.2425909,0,-1,0,-1.192093E-07,0,0,0,0.2425909
1732482687480,-46.94659,1.563211,-0.2081299,-0.9892567,-0.05010597,-0.1373361,0,0,0,2.5,0.2425909,0,-1,0,-1.192093E-07,0,0,0,2.5,0.2425909,0,-1,0,-1.192093E-07,0,0,0,0.2425909
1732482687485,-46.94659,1.563211,-0.2081299,-0.9892567,-0.05010597,-0.1373361,0,0,0,2.5,0.2425909,0,-1,0,-1.192093E-07,0,0,0,2.5,0.2425909,0,-1,0,-1.192093E-07,0,0,0,0.2425909
1732482687489,-46.94659,1.563211,-0.2081299,-0.9892567,-0.05010597,-0.1373361,0,0,0,2.5,0.2425909,0,-1,0,-1.192093E-07,0,0,0,2.5,0.2425909,0,-1,0,-1.192093E-07,0,0,0,0.2425909
1732482687516,-46.94664,1.562993,-0.2075996,-0.9894313,-0.05070189,-0.1358516,-0.00371933,-0.01632571,0.03976822,2.5,0.2425909,0,-1,0,-1.192093E-07,0,0,0,2.5,0.2425909,0,-1,0,-1.192093E-07,0,0,0,0.2425909
1732482687521,-46.94664,1.562993,-0.2075996,-0.9894313,-0.05070189,-0.1358516,0,0,0,2.5,0.2425909,0,-1,0,-1.192093E-07,0,0,0,2.5,0.2425909,0,-1,0,-1.192093E-07,0,0,0,0.2425909
1732482687557,-46.94693,1.562927,-0.2073441,-0.9895791,-0.05146684,-0.1344799,-0.02202988,-0.004979968,0.01916885,2.5,0.2425909,0,-1,0,-1.192093E-07,0,0,0,2.5,0.2425909,0,-1,0,-1.192093E-07,0,0,0,0.2425909
1732482687562,-46.94693,1.562927,-0.2073441,-0.9895791,-0.05146684,-0.1344799,0,0,0,2.5,0.2425909,0,-1,0,-1.192093E-07,0,0,0,2.5,0.2425909,0,-1,0,-1.192093E-07,0,0,0,0.2425909
1732482687567,-46.94693,1.562927,-0.2073441,-0.9895791,-0.05146684,-0.1344799,0,0,0,2.5,0.2425909,0,-1,0,-1.192093E-07,0,0,0,2.5,0.2425909,0,-1,0,-1.192093E-07,0,0,0,0.2425909
1732482687586,-46.94714,1.563015,-0.2072105,-0.9895929,-0.05075263,-0.1346502,-0.01602173,0.006642938,0.01001358,2.5,0.2425909,0,-1,0,-1.192093E-07,0,0,0,2.5,0.2425909,0,-1,0,-1.192093E-07,0,0,0,0.2425909
1732482687591,-46.94714,1.563015,-0.2072105,-0.9895929,-0.05075263,-0.1346502,0,0,0,2.5,0.2425909,0,-1,0,-1.192093E-07,0,0,0,2.5,0.2425909,0,-1,0,-1.192093E-07,0,0,0,0.2425909
1732482687596,-46.94714,1.563015,-0.2072105,-0.9895929,-0.05075263,-0.1346502,0,0,0,2.5,0.2425909,0,-1,0,-1.192093E-07,0,0,0,2.5,0.2425909,0,-1,0,-1.192093E-07,0,0,0,0.2425909
1732482687628,-46.94734,1.563037,-0.2071838,-0.989565,-0.05066685,-0.1348873,-0.01487732,0.001609325,0.002002716,2.5,0.2425909,0,-1,0,-1.192093E-07,0,0,0,2.5,0.2425909,0,-1,0,-1.192093E-07,0,0,0,0.2425909
1732482687633,-46.94734,1.563037,-0.2071838,-0.989565,-0.05066685,-0.1348873,0,0,0,2.5,0.2425909,0,-1,0,-1.192093E-07,0,0,0,2.5,0.2425909,0,-1,0,-1.192093E-07,0,0,0,0.2425909
1732482687669,-46.94768,1.56307,-0.2071533,-0.9895359,-0.05050467,-0.1351599,-0.025177,0.002503395,0.002288818,2.5,0.2425909,0,-1,0,-1.192093E-07,0,0,0,2.5,0.2425909,0,-1,0,-1.192093E-07,0,0,0,0.2425909
1732482687675,-46.94768,1.56307,-0.2071533,-0.9895359,-0.05050467,-0.1351599,0,0,0,2.5,0.2425909,0,-1,0,-1.192093E-07,0,0,0,2.5,0.2425909,0,-1,0,-1.192093E-07,0,0,0,0.2425909
1732482687679,-46.94768,1.56307,-0.2071533,-0.9895359,-0.05050467,-0.1351599,0,0,0,2.5,0.2425909,0,-1,0,-1.192093E-07,0,0,0,2.5,0.2425909,0,-1,0,-1.192093E-07,0,0,0,0.2425909
1732482687698,-46.9479,1.563333,-0.2073326,-0.9895031,-0.05012008,-0.1355431,-0.01659393,0.01969635,-0.01344681,2.5,0.2425909,0,-1,0,-1.192093E-07,0,0,0,2.5,0.2425909,0,-1,0,-1.192093E-07,0,0,0,0.2425909
1732482687703,-46.9479,1.563333,-0.2073326,-0.9895031,-0.05012008,-0.1355431,0,0,0,2.5,0.2425909,0,-1,0,-1.192093E-07,0,0,0,2.5,0.2425909,0,-1,0,-1.192093E-07,0,0,0,0.2425909
1732482687708,-46.9479,1.563333,-0.2073326,-0.9895031,-0.05012008,-0.1355431,0,0,0,2.5,0.2425909,0,-1,0,-1.192093E-07,0,0,0,2.5,0.2425909,0,-1,0,-1.192093E-07,0,0,0,0.2425909
1732482687740,-46.94808,1.56334,-0.2074089,-0.989456,-0.05003905,-0.1359173,-0.01373291,0.0005632639,-0.005722046,2.5,0.2425909,0,-1,0,-1.192093E-07,0,0,0,2.5,0.2425909,0,-1,0,-1.192093E-07,0,0,0,0.2425909
1732482687745,-46.94808,1.56334,-0.2074089,-0.989456,-0.05003905,-0.1359173,0,0,0,2.5,0.2425909,0,-1,0,-1.192093E-07,0,0,0,2.5,0.2425909,0,-1,0,-1.192093E-07,0,0,0,0.2425909
1732482687781,-46.94825,1.563361,-0.2075844,-0.9891478,-0.04962912,-0.138289,-0.0125885,0.0015378,-0.01316071,2.5,0.2425909,0,-1,0,-1.192093E-07,0,0,0,2.5,0.2425909,0,-1,0,-1.192093E-07,0,0,0,0.2425909
1732482687786,-46.94825,1.563361,-0.2075844,-0.9891478,-0.04962912,-0.138289,0,0,0,2.5,0.2425909,0,-1,0,-1.192093E-07,0,0,0,2.5,0.2425909,0,-1,0,-1.192093E-07,0,0,0,0.2425909
1732482687790,-46.94825,1.563361,-0.2075844,-0.9891478,-0.04962912,-0.138289,0,0,0,2.5,0.2425909,0,-1,0,-1.192093E-07,0,0,0,2.5,0.2425909,0,-1,0,-1.192093E-07,0,0,0,0.2425909
1732482687810,-46.94845,1.563676,-0.20784,-0.9891545,-0.04909606,-0.138433,-0.01487732,0.02362132,-0.01916885,2.5,0.2425909,0,-1,0,-1.192093E-07,0,0,0,2.5,0.2425909,0,-1,0,-1.192093E-07,0,0,0,0.2425909
1732482687815,-46.94845,1.563676,-0.20784,-0.9891545,-0.04909606,-0.138433,0,0,0,2.5,0.2425909,0,-1,0,-1.192093E-07,0,0,0,2.5,0.2425909,0,-1,0,-1.192093E-07,0,0,0,0.2425909
1732482687820,-46.94845,1.563676,-0.20784,-0.9891545,-0.04909606,-0.138433,0,0,0,2.5,0.2425909,0,-1,0,-1.192093E-07,0,0,0,2.5,0.2425909,0,-1,0,-1.192093E-07,0,0,0,0.2425909
1732482687825,-46.94845,1.563676,-0.20784,-0.9891545,-0.04909606,-0.138433,0,0,0,2.5,0.2425909,0,-1,0,-1.192093E-07,0,0,0,2.5,0.2425909,0,-1,0,-1.192093E-07,0,0,0,0.2425909
1732482687851,-46.94864,1.564289,-0.2081184,-0.9893757,-0.04884789,-0.1369314,-0.01430511,0.04597306,-0.02088547,2.5,0.2425909,0,-1,0,-1.192093E-07,0,0,0,2.5,0.2425909,0,-1,0,-1.192093E-07,0,0,0,0.2425909
1732482687856,-46.94864,1.564289,-0.2081184,-0.9893757,-0.04884789,-0.1369314,0,0,0,2.5,0.2425909,0,-1,0,-1.192093E-07,0,0,0,2.5,0.2425909,0,-1,0,-1.192093E-07,0,0,0,0.2425909
1732482687892,-46.9489,1.564586,-0.2084122,-0.9893864,-0.04733419,-0.1373845,-0.01945496,0.02228022,-0.02202988,2.5,0.2425909,0,-1,0,-1.192093E-07,0,0,0,2.5,0.2425909,0,-1,0,-1.192093E-07,0,0,0,0.2425909
1732482687897,-46.9489,1.564586,-0.2084122,-0.9893864,-0.04733419,-0.1373845,0,0,0,2.5,0.2425909,0,-1,0,-1.192093E-07,0,0,0,2.5,0.2425909,0,-1,0,-1.192093E-07,0,0,0,0.2425909
1732482687902,-46.9489,1.564586,-0.2084122,-0.9893864,-0.04733419,-0.1373845,0,0,0,2.5,0.2425909,0,-1,0,-1.192093E-07,0,0,0,2.5,0.2425909,0,-1,0,-1.192093E-07,0,0,0,0.2425909
1732482687921,-46.94925,1.564553,-0.2085648,-0.9893376,-0.0475293,-0.1376691,-0.02603531,-0.00243187,-0.01144409,2.5,0.2425909,0,-1,0,-1.192093E-07,0,0,0,2.5,0.2425909,0,-1,0,-1.192093E-07,0,0,0,0.2425909
1732482687926,-46.94925,1.564553,-0.2085648,-0.9893376,-0.0475293,-0.1376691,0,0,0,2.5,0.2425909,0,-1,0,-1.192093E-07,0,0,0,2.5,0.2425909,0,-1,0,-1.192093E-07,0,0,0,0.2425909
1732482687931,-46.94925,1.564553,-0.2085648,-0.9893376,-0.0475293,-0.1376691,0,0,0,2.5,0.2425909,0,-1,0,-1.192093E-07,0,0,0,2.5,0.2425909,0,-1,0,-1.192093E-07,0,0,0,0.2425909
1732482687962,-46.94941,1.564331,-0.2086487,-0.9892007,-0.04832547,-0.138374,-0.0123024,-0.0167191,-0.00629425,2.5,0.2425909,0,-1,0,-1.192093E-07,0,0,0,2.5,0.2425909,0,-1,0,-1.192093E-07,0,0,0,0.2425909
1732482687967,-46.94941,1.564331,-0.2086487,-0.9892007,-0.04832547,-0.138374,0,0,0,2.5,0.2425909,0,-1,0,-1.192093E-07,0,0,0,2.5,0.2425909,0,-1,0,-1.192093E-07,0,0,0,0.2425909
1732482688004,-46.94967,1.56397,-0.2086105,-0.9889995,-0.04932174,-0.1394553,-0.01974106,-0.02703667,0.002861023,2.5,0.2425909,0,-1,0,-1.192093E-07,0,0,0,2.5,0.2425909,0,-1,0,-1.192093E-07,0,0,0,0.2425909
1732482688009,-46.94967,1.56397,-0.2086105,-0.9889995,-0.04932174,-0.1394553,0,0,0,2.5,0.2425909,0,-1,0,-1.192093E-07,0,0,0,2.5,0.2425909,0,-1,0,-1.192093E-07,0,0,0,0.2425909
1732482688013,-46.94967,1.56397,-0.2086105,-0.9889995,-0.04932174,-0.1394553,0,0,0,2.5,0.2425909,0,-1,0,-1.192093E-07,0,0,0,2.5,0.2425909,0,-1,0,-1.192093E-07,0,0,0,0.2425909
1732482688032,-46.9499,1.56362,-0.2084503,-0.988809,-0.05015532,-0.1405052,-0.01716614,-0.02628565,0.0120163,2.5,0.2425909,0,-1,0,-1.192093E-07,0,0,0,2.5,0.2425909,0,-1,0,-1.192093E-07,0,0,0,0.2425909
1732482688037,-46.9499,1.56362,-0.2084503,-0.988809,-0.05015532,-0.1405052,0,0,0,2.5,0.2425909,0,-1,0,-1.192093E-07,0,0,0,2.5,0.2425909,0,-1,0,-1.192093E-07,0,0,0,0.2425909
1732482688041,-46.9499,1.56362,-0.2084503,-0.988809,-0.05015532,-0.1405052,0,0,0,2.5,0.2425909,0,-1,0,-1.192093E-07,0,0,0,2.5,0.2425909,0,-1,0,-1.192093E-07,0,0,0,0.2425909
1732482688074,-46.95004,1.563734,-0.2086182,-0.9886972,-0.04978486,-0.1414191,-0.01029968,0.008565187,-0.0125885,2.5,0.2425909,0,-1,0,-1.192093E-07,0,0,0,2.5,0.2425909,0,-1,0,-1.192093E-07,0,0,0,0.2425909
1732482688079,-46.95004,1.563734,-0.2086182,-0.9886972,-0.04978486,-0.1414191,0,0,0,2.5,0.2425909,0,-1,0,-1.192093E-07,0,0,0,2.5,0.2425909,0,-1,0,-1.192093E-07,0,0,0,0.2425909
1732482688083,-46.95004,1.563734,-0.2086182,-0.9886972,-0.04978486,-0.1414191,0,0,0,2.5,0.2425909,0,-1,0,-1.192093E-07,0,0,0,2.5,0.2425909,0,-1,0,-1.192093E-07,0,0,0,0.2425909
1732482688115,-46.94997,1.563525,-0.2082443,-0.9886447,-0.04917637,-0.141999,0.005435944,-0.01568198,0.02803802,2.5,0.2425909,0,-1,0,-1.192093E-07,0,0,0,2.5,0.2425909,0,-1,0,-1.192093E-07,0,0,0,0.2425909
1732482688120,-46.94997,1.563525,-0.2082443,-0.9886447,-0.04917637,-0.141999,0,0,0,2.5,0.2425909,0,-1,0,-1.192093E-07,0,0,0,2.5,0.2425909,0,-1,0,-1.192093E-07,0,0,0,0.2425909
1732482688124,-46.94997,1.563525,-0.2082443,-0.9886447,-0.04917637,-0.141999,0,0,0,2.5,0.2425909,0,-1,0,-1.192093E-07,0,0,0,2.5,0.2425909,0,-1,0,-1.192093E-07,0,0,0,0.2425909
1732482688157,-46.95023,1.563864,-0.208477,-0.988359,-0.04806705,-0.144349,-0.02002716,0.02540946,-0.01745224,2.5,0.2425909,0,-1,0,-1.192093E-07,0,0,0,2.5,0.2425909,0,-1,0,-1.192093E-07,0,0,0,0.2425909
1732482688162,-46.95023,1.563864,-0.208477,-0.988359,-0.04806705,-0.144349,0,0,0,2.5,0.2425909,0,-1,0,-1.192093E-07,0,0,0,2.5,0.2425909,0,-1,0,-1.192093E-07,0,0,0,0.2425909
1732482688166,-46.95023,1.563864,-0.208477,-0.988359,-0.04806705,-0.144349,0,0,0,2.5,0.2425909,0,-1,0,-1.192093E-07,0,0,0,2.5,0.2425909,0,-1,0,-1.192093E-07,0,0,0,0.2425909
1732482688198,-46.95055,1.564118,-0.20858,-0.9883803,-0.04767323,-0.1443336,-0.02346039,0.01911521,-0.007724762,2.5,0.2425909,0,-1,0,-1.192093E-07,0,0,0,2.5,0.2425909,0,-1,0,-1.192093E-07,0,0,0,0.2425909
1732482688203,-46.95055,1.564118,-0.20858,-0.9883803,-0.04767323,-0.1443336,0,0,0,2.5,0.2425909,0,-1,0,-1.192093E-07,0,0,0,2.5,0.2425909,0,-1,0,-1.192093E-07,0,0,0,0.2425909
1732482688207,-46.95055,1.564118,-0.20858,-0.9883803,-0.04767323,-0.1443336,0,0,0,2.5,0.2425909,0,-1,0,-1.192093E-07,0,0,0,2.5,0.2425909,0,-1,0,-1.192093E-07,0,0,0,0.2425909
1732482688239,-46.95063,1.564134,-0.2087669,-0.9883197,-0.04880742,-0.1443692,-0.00629425,0.001198053,-0.01401901,2.5,0.2425909,0,-1,0,-1.192093E-07,0,0,0,2.5,0.2425909,0,-1,0,-1.192093E-07,0,0,0,0.2425909
1732482688244,-46.95063,1.564134,-0.2087669,-0.9883197,-0.04880742,-0.1443692,0,0,0,2.5,0.2425909,0,-1,0,-1.192093E-07,0,0,0,2.5,0.2425909,0,-1,0,-1.192093E-07,0,0,0,0.2425909
1732482688248,-46.95063,1.564134,-0.2087669,-0.9883197,-0.04880742,-0.1443692,0,0,0,2.5,0.2425909,0,-1,0,-1.192093E-07,0,0,0,2.5,0.2425909,0,-1,0,-1.192093E-07,0,0,0,0.2425909
1732482688267,-46.95057,1.564196,-0.2090263,-0.9882681,-0.04885294,-0.1447059,0.004291534,0.004631281,-0.01945496,2.5,0.2425909,0,-1,0,-1.192093E-07,0,0,0,2.5,0.2425909,0,-1,0,-1.192093E-07,0,0,0,0.2425909
1732482688272,-46.95057,1.564196,-0.2090263,-0.9882681,-0.04885294,-0.1447059,0,0,0,2.5,0.2425909,0,-1,0,-1.192093E-07,0,0,0,2.5,0.2425909,0,-1,0,-1.192093E-07,0,0,0,0.2425909
1732482688277,-46.95057,1.564196,-0.2090263,-0.9882681,-0.04885294,-0.1447059,0,0,0,2.5,0.2425909,0,-1,0,-1.192093E-07,0,0,0,2.5,0.2425909,0,-1,0,-1.192093E-07,0,0,0,0.2425909
1732482688309,-46.95042,1.564189,-0.2091675,-0.9882175,-0.04857258,-0.1451458,0.01115799,-0.0005185604,-0.01058578,2.5,0.2425909,0,-1,0,-1.192093E-07,0,0,0,2.5,0.2425909,0,-1,0,-1.192093E-07,0,0,0,0.2425909
1732482688314,-46.95042,1.564189,-0.2091675,-0.9882175,-0.04857258,-0.1451458,0,0,0,2.5,0.2425909,0,-1,0,-1.192093E-07,0,0,0,2.5,0.2425909,0,-1,0,-1.192093E-07,0,0,0,0.2425909
1732482688351,-46.95029,1.564387,-0.2095261,-0.9881395,-0.04780226,-0.1459303,0.01029968,0.01485944,-0.02689362,2.5,0.2425909,0,-1,0,-1.192093E-07,0,0,0,2.5,0.2425909,0,-1,0,-1.192093E-07,0,0,0,0.2425909
1732482688356,-46.95029,1.564387,-0.2095261,-0.9881395,-0.04780226,-0.1459303,0,0,0,2.5,0.2425909,0,-1,0,-1.192093E-07,0,0,0,2.5,0.2425909,0,-1,0,-1.192093E-07,0,0,0,0.2425909
1732482688360,-46.95029,1.564387,-0.2095261,-0.9881395,-0.04780226,-0.1459303,0,0,0,2.5,0.2425909,0,-1,0,-1.192093E-07,0,0,0,2.5,0.2425909,0,-1,0,-1.192093E-07,0,0,0,0.2425909
1732482688379,-46.95038,1.564646,-0.2097321,-0.988099,-0.04704941,-0.1464489,-0.006866455,0.01939237,-0.01544952,2.5,0.2425909,0,-1,0,-1.192093E-07,0,0,0,2.5,0.2425909,0,-1,0,-1.192093E-07,0,0,0,0.2425909
1732482688384,-46.95038,1.564646,-0.2097321,-0.988099,-0.04704941,-0.1464489,0,0,0,2.5,0.2425909,0,-1,0,-1.192093E-07,0,0,0,2.5,0.2425909,0,-1,0,-1.192093E-07,0,0,0,0.2425909
1732482688389,-46.95038,1.564646,-0.2097321,-0.988099,-0.04704941,-0.1464489,0,0,0,2.5,0.2425909,0,-1,0,-1.192093E-07,0,0,0,2.5,0.2425909,0,-1,0,-1.192093E-07,0,0,0,0.2425909
1732482688421,-46.95034,1.564912,-0.2099686,-0.9881349,-0.04684716,-0.1462711,0.002574921,0.0199914,-0.01773834,2.5,0.2425909,0,-1,0,-1.192093E-07,0,0,0,2.5,0.2425909,0,-1,0,-1.192093E-07,0,0,0,0.2425909
1732482688426,-46.95034,1.564912,-0.2099686,-0.9881349,-0.04684716,-0.1462711,0,0,0,2.5,0.2425909,0,-1,0,-1.192093E-07,0,0,0,2.5,0.2425909,0,-1,0,-1.192093E-07,0,0,0,0.2425909
1732482688431,-46.95034,1.564912,-0.2099686,-0.9881349,-0.04684716,-0.1462711,0,0,0,2.5,0.2425909,0,-1,0,-1.192093E-07,0,0,0,2.5,0.2425909,0,-1,0,-1.192093E-07,0,0,0,0.2425909
1732482688462,-46.95036,1.565298,-0.2103844,-0.9881536,-0.04609599,-0.1463838,-0.0008583069,0.02894104,-0.03118515,2.5,0.2425909,0,-1,0,-1.192093E-07,0,0,0,2.5,0.2425909,0,-1,0,-1.192093E-07,0,0,0,0.2425909
1732482688469,-46.95036,1.565298,-0.2103844,-0.9881536,-0.04609599,-0.1463838,0,0,0,2.5,0.2425909,0,-1,0,-1.192093E-07,0,0,0,2.5,0.2425909,0,-1,0,-1.192093E-07,0,0,0,0.2425909
1732482688475,-46.95036,1.565298,-0.2103844,-0.9881536,-0.04609599,-0.1463838,0,0,0,2.5,0.2425909,0,-1,0,-1.192093E-07,0,0,0,2.5,0.2425909,0,-1,0,-1.192093E-07,0,0,0,0.2425909
1732482688504,-46.95023,1.565525,-0.2106705,-0.9882104,-0.04481036,-0.1464,0.009155273,0.01703203,-0.02145767,2.5,0.2425909,0,-1,0,-1.192093E-07,0,0,0,2.5,0.2425909,0,-1,0,-1.192093E-07,0,0,0,0.2425909
1732482688510,-46.95023,1.565525,-0.2106705,-0.9882104,-0.04481036,-0.1464,0,0,0,2.5,0.2425909,0,-1,0,-1.192093E-07,0,0,0,2.5,0.2425909,0,-1,0,-1.192093E-07,0,0,0,0.2425909
1732482688515,-46.95023,1.565525,-0.2106705,-0.9882104,-0.04481036,-0.1464,0,0,0,2.5,0.2425909,0,-1,0,-1.192093E-07,0,0,0,2.5,0.2425909,0,-1,0,-1.192093E-07,0,0,0,0.2425909
1732482688543,-46.95022,1.565755,-0.2110939,-0.9881434,-0.04468162,-0.1468905,0.001144409,0.0172466,-0.03175735,2.5,0.2425909,0,-1,0,-1.192093E-07,0,0,0,2.5,0.2425909,0,-1,0,-1.192093E-07,0,0,0,0.2425909
1732482688549,-46.95022,1.565755,-0.2110939,-0.9881434,-0.04468162,-0.1468905,0,0,0,2.5,0.2425909,0,-1,0,-1.192093E-07,0,0,0,2.5,0.2425909,0,-1,0,-1.192093E-07,0,0,0,0.2425909
1732482688556,-46.95022,1.565755,-0.2110939,-0.9881434,-0.04468162,-0.1468905,0,0,0,2.5,0.2425909,0,-1,0,-1.192093E-07,0,0,0,2.5,0.2425909,0,-1,0,-1.192093E-07,0,0,0,0.2425909
1732482688571,-46.95033,1.566108,-0.2117271,-0.9880016,-0.04457854,-0.1478727,-0.008010864,0.02644658,-0.04749298,2.5,0.2425909,0,-1,0,-1.192093E-07,0,0,0,2.5,0.2425909,0,-1,0,-1.192093E-07,0,0,0,0.2425909
1732482688578,-46.95033,1.566108,-0.2117271,-0.9880016,-0.04457854,-0.1478727,0,0,0,2.5,0.2425909,0,-1,0,-1.192093E-07,0,0,0,2.5,0.2425909,0,-1,0,-1.192093E-07,0,0,0,0.2425909
1732482688584,-46.95033,1.566108,-0.2117271,-0.9880016,-0.04457854,-0.1478727,0,0,0,2.5,0.2425909,0,-1,0,-1.192093E-07,0,0,0,2.5,0.2425909,0,-1,0,-1.192093E-07,0,0,0,0.2425909
1732482688612,-46.95044,1.566191,-0.2119026,-0.9880695,-0.04511101,-0.1472541,-0.008583069,0.006204844,-0.01316071,2.5,0.2425909,0,-1,0,-1.192093E-07,0,0,0,2.5,0.2425909,0,-1,0,-1.192093E-07,0,0,0,0.2425909
1732482688619,-46.95044,1.566191,-0.2119026,-0.9880695,-0.04511101,-0.1472541,0,0,0,2.5,0.2425909,0,-1,0,-1.192093E-07,0,0,0,2.5,0.2425909,0,-1,0,-1.192093E-07,0,0,0,0.2425909
1732482688652,-46.95053,1.566076,-0.2120514,-0.9881505,-0.0460938,-0.1464033,-0.006580353,-0.008636713,-0.01115799,2.5,0.2425909,0,-1,0,-1.192093E-07,0,0,0,2.5,0.2425909,0,-1,0,-1.192093E-07,0,0,0,0.2425909
1732482688659,-46.95053,1.566076,-0.2120514,-0.9881505,-0.0460938,-0.1464033,0,0,0,2.5,0.2425909,0,-1,0,-1.192093E-07,0,0,0,2.5,0.2425909,0,-1,0,-1.192093E-07,0,0,0,0.2425909
1732482688665,-46.95053,1.566076,-0.2120514,-0.9881505,-0.0460938,-0.1464033,0,0,0,2.5,0.2425909,0,-1,0,-1.192093E-07,0,0,0,2.5,0.2425909,0,-1,0,-1.192093E-07,0,0,0,0.2425909
1732482688681,-46.95058,1.566191,-0.2122726,-0.9881291,-0.04592686,-0.1466032,-0.004005432,0.008654594,-0.01659393,2.5,0.2425909,0,-1,0,-1.192093E-07,0,0,0,2.5,0.2425909,0,-1,0,-1.192093E-07,0,0,0,0.2425909
1732482688688,-46.95058,1.566191,-0.2122726,-0.9881291,-0.04592686,-0.1466032,0,0,0,2.5,0.2425909,0,-1,0,-1.192093E-07,0,0,0,2.5,0.2425909,0,-1,0,-1.192093E-07,0,0,0,0.2425909
1732482688693,-46.95058,1.566191,-0.2122726,-0.9881291,-0.04592686,-0.1466032,0,0,0,2.5,0.2425909,0,-1,0,-1.192093E-07,0,0,0,2.5,0.2425909,0,-1,0,-1.192093E-07,0,0,0,0.2425909
1732482688723,-46.95056,1.566233,-0.2124023,-0.9880181,-0.04618144,-0.1472691,0.001430511,0.003147125,-0.009727478,2.5,0.2425909,0,-1,0,-1.192093E-07,0,0,0,2.5,0.2425909,0,-1,0,-1.192093E-07,0,0,0,0.2425909
1732482688730,-46.95056,1.566233,-0.2124023,-0.9880181,-0.04618144,-0.1472691,0,0,0,2.5,0.2425909,0,-1,0,-1.192093E-07,0,0,0,2.5,0.2425909,0,-1,0,-1.192093E-07,0,0,0,0.2425909
1732482688763,-46.95057,1.56644,-0.2127686,-0.9879243,-0.04595252,-0.147969,-0.0005722046,0.01553893,-0.02746582,2.5,0.2425909,0,-1,0,-1.192093E-07,0,0,0,2.5,0.2425909,0,-1,0,-1.192093E-07,0,0,0,0.2425909
1732482688770,-46.95057,1.56644,-0.2127686,-0.9879243,-0.04595252,-0.147969,0,0,0,2.5,0.2425909,0,-1,0,-1.192093E-07,0,0,0,2.5,0.2425909,0,-1,0,-1.192093E-07,0,0,0,0.2425909
1732482688775,-46.95057,1.56644,-0.2127686,-0.9879243,-0.04595252,-0.147969,0,0,0,2.5,0.2425909,0,-1,0,-1.192093E-07,0,0,0,2.5,0.2425909,0,-1,0,-1.192093E-07,0,0,0,0.2425909
1732482688792,-46.95059,1.566621,-0.212925,-0.9879901,-0.04575732,-0.1475879,-0.001716614,0.0135988,-0.01173019,2.5,0.2425909,0,-1,0,-1.192093E-07,0,0,0,2.5,0.2425909,0,-1,0,-1.192093E-07,0,0,0,0.2425909
1732482688799,-46.95059,1.566621,-0.212925,-0.9879901,-0.04575732,-0.1475879,0,0,0,2.5,0.2425909,0,-1,0,-1.192093E-07,0,0,0,2.5,0.2425909,0,-1,0,-1.192093E-07,0,0,0,0.2425909
1732482688804,-46.95059,1.566621,-0.212925,-0.9879901,-0.04575732,-0.1475879,0,0,0,2.5,0.2425909,0,-1,0,-1.192093E-07,0,0,0,2.5,0.2425909,0,-1,0,-1.192093E-07,0,0,0,0.2425909
1732482688834,-46.95045,1.566561,-0.2129936,-0.9879317,-0.04579379,-0.1479673,0.01029968,-0.004532933,-0.005149841,2.5,0.2425909,0,-1,0,-1.192093E-07,0,0,0,2.5,0.2425909,0,-1,0,-1.192093E-07,0,0,0,0.2425909
1732482688841,-46.95045,1.566561,-0.2129936,-0.9879317,-0.04579379,-0.1479673,0,0,0,2.5,0.2425909,0,-1,0,-1.192093E-07,0,0,0,2.5,0.2425909,0,-1,0,-1.192093E-07,0,0,0,0.2425909
1732482688846,-46.95045,1.566561,-0.2129936,-0.9879317,-0.04579379,-0.1479673,0,0,0,2.5,0.2425909,0,-1,0,-1.192093E-07,0,0,0,2.5,0.2425909,0,-1,0,-1.192093E-07,0,0,0,0.2425909
1732482688876,-46.95051,1.566627,-0.2131424,-0.9877034,-0.04646238,-0.149278,-0.004005432,0.004953146,-0.01115799,2.5,0.2425909,0,-1,0,-1.192093E-07,0,0,0,2.5,0.2425909,0,-1,0,-1.192093E-07,0,0,0,0.2425909
1732482688881,-46.95051,1.566627,-0.2131424,-0.9877034,-0.04646238,-0.149278,0,0,0,2.5,0.2425909,0,-1,0,-1.192093E-07,0,0,0,2.5,0.2425909,0,-1,0,-1.192093E-07,0,0,0,0.2425909
1732482688886,-46.95051,1.566627,-0.2131424,-0.9877034,-0.04646238,-0.149278,0,0,0,2.5,0.2425909,0,-1,0,-1.192093E-07,0,0,0,2.5,0.2425909,0,-1,0,-1.192093E-07,0,0,0,0.2425909
1732482688904,-46.95036,1.566555,-0.2131729,-0.9876536,-0.04611478,-0.1497153,0.01115799,-0.005435944,-0.002288818,2.5,0.2425909,0,-1,0,-1.192093E-07,0,0,0,2.5,0.2425909,0,-1,0,-1.192093E-07,0,0,0,0.2425909
1732482688911,-46.95036,1.566555,-0.2131729,-0.9876536,-0.04611478,-0.1497153,0,0,0,2.5,0.2425909,0,-1,0,-1.192093E-07,0,0,0,2.5,0.2425909,0,-1,0,-1.192093E-07,0,0,0,0.2425909
1732482688915,-46.95036,1.566555,-0.2131729,-0.9876536,-0.04611478,-0.1497153,0,0,0,2.5,0.2425909,0,-1,0,-1.192093E-07,0,0,0,2.5,0.2425909,0,-1,0,-1.192093E-07,0,0,0,0.2425909
1732482688945,-46.95045,1.566702,-0.2132149,-0.9876366,-0.04576651,-0.149933,-0.007152557,0.0110954,-0.003147125,2.5,0.2425909,0,-1,0,-1.192093E-07,0,0,0,2.5,0.2425909,0,-1,0,-1.192093E-07,0,0,0,0.2425909
1732482688951,-46.95045,1.566702,-0.2132149,-0.9876366,-0.04576651,-0.149933,0,0,0,2.5,0.2425909,0,-1,0,-1.192093E-07,0,0,0,2.5,0.2425909,0,-1,0,-1.192093E-07,0,0,0,0.2425909
1732482688987,-46.95044,1.566732,-0.21315,-0.987735,-0.04568268,-0.1493089,0.001144409,0.002226233,0.004863739,2.5,0.2425909,0,-1,0,-1.192093E-07,0,0,0,2.5,0.2425909,0,-1,0,-1.192093E-07,0,0,0,0.2425909
1732482688993,-46.95044,1.566732,-0.21315,-0.987735,-0.04568268,-0.1493089,0,0,0,2.5,0.2425909,0,-1,0,-1.192093E-07,0,0,0,2.5,0.2425909,0,-1,0,-1.192093E-07,0,0,0,0.2425909
1732482688997,-46.95044,1.566732,-0.21315,-0.987735,-0.04568268,-0.1493089,0,0,0,2.5,0.2425909,0,-1,0,-1.192093E-07,0,0,0,2.5,0.2425909,0,-1,0,-1.192093E-07,0,0,0,0.2425909
1732482689016,-46.95048,1.566845,-0.2131691,-0.9876622,-0.04534071,-0.1498951,-0.002861023,0.008448958,-0.001430511,2.5,0.2425909,0,-1,0,-1.192093E-07,0,0,0,2.5,0.2425909,0,-1,0,-1.192093E-07,0,0,0,0.2425909
1732482689021,-46.95048,1.566845,-0.2131691,-0.9876622,-0.04534071,-0.1498951,0,0,0,2.5,0.2425909,0,-1,0,-1.192093E-07,0,0,0,2.5,0.2425909,0,-1,0,-1.192093E-07,0,0,0,0.2425909
1732482689026,-46.95048,1.566845,-0.2131691,-0.9876622,-0.04534071,-0.1498951,0,0,0,2.5,0.2425909,0,-1,0,-1.192093E-07,0,0,0,2.5,0.2425909,0,-1,0,-1.192093E-07,0,0,0,0.2425909
1732482689044,-46.95052,1.567011,-0.2131844,-0.9876132,-0.04506284,-0.1503,-0.002861023,0.01246333,-0.001144409,2.5,0.2425909,0,-1,0,-1.192093E-07,0,0,0,2.5,0.2425909,0,-1,0,-1.192093E-07,0,0,0,0.2425909
1732482689050,-46.95052,1.567011,-0.2131844,-0.9876132,-0.04506284,-0.1503,0,0,0,2.5,0.2425909,0,-1,0,-1.192093E-07,0,0,0,2.5,0.2425909,0,-1,0,-1.192093E-07,0,0,0,0.2425909
1732482689086,-46.95062,1.567135,-0.2130966,-0.987693,-0.0445191,-0.1499373,-0.008010864,0.009271502,0.006580353,2.5,0.2425909,0,-1,0,-1.192093E-07,0,0,0,2.5,0.2425909,0,-1,0,-1.192093E-07,0,0,0,0.2425909
1732482689092,-46.95062,1.567135,-0.2130966,-0.987693,-0.0445191,-0.1499373,0,0,0,2.5,0.2425909,0,-1,0,-1.192093E-07,0,0,0,2.5,0.2425909,0,-1,0,-1.192093E-07,0,0,0,0.2425909
1732482689128,-46.95055,1.566934,-0.212513,-0.9877592,-0.04464419,-0.1494637,0.005722046,-0.01503825,0.04377365,2.5,0.2425909,0,-1,0,-1.192093E-07,0,0,0,2.5,0.2425909,0,-1,0,-1.192093E-07,0,0,0,0.2425909
1732482689133,-46.95055,1.566934,-0.212513,-0.9877592,-0.04464419,-0.1494637,0,0,0,2.5,0.2425909,0,-1,0,-1.192093E-07,0,0,0,2.5,0.2425909,0,-1,0,-1.192093E-07,0,0,0,0.2425909
1732482689138,-46.95055,1.566934,-0.212513,-0.9877592,-0.04464419,-0.1494637,0,0,0,2.5,0.2425909,0,-1,0,-1.192093E-07,0,0,0,2.5,0.2425909,0,-1,0,-1.192093E-07,0,0,0,0.2425909
1732482689156,-46.95045,1.566826,-0.2120705,-0.9878836,-0.04426923,-0.1487496,0.00743866,-0.008118153,0.03318787,2.5,0.2425909,0,-1,0,-1.192093E-07,0,0,0,2.5,0.2425909,0,-1,0,-1.192093E-07,0,0,0,0.2425909
1732482689161,-46.95045,1.566826,-0.2120705,-0.9878836,-0.04426923,-0.1487496,0,0,0,2.5,0.2425909,0,-1,0,-1.192093E-07,0,0,0,2.5,0.2425909,0,-1,0,-1.192093E-07,0,0,0,0.2425909
1732482689165,-46.95045,1.566826,-0.2120705,-0.9878836,-0.04426923,-0.1487496,0,0,0,2.5,0.2425909,0,-1,0,-1.192093E-07,0,0,0,2.5,0.2425909,0,-1,0,-1.192093E-07,0,0,0,0.2425909
1732482689171,-46.95045,1.566826,-0.2120705,-0.9878836,-0.04426923,-0.1487496,0,0,0,2.5,0.2425909,0,-1,0,-1.192093E-07,0,0,0,2.5,0.2425909,0,-1,0,-1.192093E-07,0,0,0,0.2425909
1732482689198,-46.95039,1.566792,-0.2118111,-0.9879481,-0.04394101,-0.1484196,0.004005432,-0.002512336,0.01945496,2.5,0.2425909,0,-1,0,-1.192093E-07,0,0,0,2.5,0.2425909,0,-1,0,-1.192093E-07,0,0,0,0.2425909
1732482689203,-46.95039,1.566792,-0.2118111,-0.9879481,-0.04394101,-0.1484196,0,0,0,2.5,0.2425909,0,-1,0,-1.192093E-07,0,0,0,2.5,0.2425909,0,-1,0,-1.192093E-07,0,0,0,0.2425909
1732482689240,-46.95033,1.566587,-0.2112236,-0.987947,-0.04340567,-0.1485828,0.004577637,-0.015378,0.04405975,2.5,0.2425909,0,-1,0,-1.192093E-07,0,0,0,2.5,0.2425909,0,-1,0,-1.192093E-07,0,0,0,0.2425909
1732482689244,-46.95033,1.566587,-0.2112236,-0.987947,-0.04340567,-0.1485828,0,0,0,2.5,0.2425909,0,-1,0,-1.192093E-07,0,0,0,2.5,0.2425909,0,-1,0,-1.192093E-07,0,0,0,0.2425909
1732482689250,-46.95033,1.566587,-0.2112236,-0.987947,-0.04340567,-0.1485828,0,0,0,2.5,0.2425909,0,-1,0,-1.192093E-07,0,0,0,2.5,0.2425909,0,-1,0,-1.192093E-07,0,0,0,0.2425909
1732482689269,-46.95045,1.5665,-0.2107544,-0.9878635,-0.04344906,-0.1491247,-0.009155273,-0.006517768,0.03519058,2.5,0.2425909,0,-1,0,-1.192093E-07,0,0,0,2.5,0.2425909,0,-1,0,-1.192093E-07,0,0,0,0.2425909
1732482689274,-46.95045,1.5665,-0.2107544,-0.9878635,-0.04344906,-0.1491247,0,0,0,2.5,0.2425909,0,-1,0,-1.192093E-07,0,0,0,2.5,0.2425909,0,-1,0,-1.192093E-07,0,0,0,0.2425909
1732482689279,-46.95045,1.5665,-0.2107544,-0.9878635,-0.04344906,-0.1491247,0,0,0,2.5,0.2425909,0,-1,0,-1.192093E-07,0,0,0,2.5,0.2425909,0,-1,0,-1.192093E-07,0,0,0,0.2425909
1732482689310,-46.95046,1.566011,-0.2102089,-0.9878611,-0.04334867,-0.14917,-0.0005722046,-0.0367105,0.04091263,2.5,0.2425909,0,-1,0,-1.192093E-07,0,0,0,2.5,0.2425909,0,-1,0,-1.192093E-07,0,0,0,0.2425909
1732482689315,-46.95046,1.566011,-0.2102089,-0.9878611,-0.04334867,-0.14917,0,0,0,2.5,0.2425909,0,-1,0,-1.192093E-07,0,0,0,2.5,0.2425909,0,-1,0,-1.192093E-07,0,0,0,0.2425909
1732482689351,-46.95074,1.56592,-0.2097282,-0.9878947,-0.04369085,-0.1488483,-0.02117157,-0.006812811,0.03604889,2.5,0.2425909,0,-1,0,-1.192093E-07,0,0,0,2.5,0.2425909,0,-1,0,-1.192093E-07,0,0,0,0.2425909
1732482689357,-46.95074,1.56592,-0.2097282,-0.9878947,-0.04369085,-0.1488483,0,0,0,2.5,0.2425909,0,-1,0,-1.192093E-07,0,0,0,2.5,0.2425909,0,-1,0,-1.192093E-07,0,0,0,0.2425909
1732482689361,-46.95074,1.56592,-0.2097282,-0.9878947,-0.04369085,-0.1488483,0,0,0,2.5,0.2425909,0,-1,0,-1.192093E-07,0,0,0,2.5,0.2425909,0,-1,0,-1.192093E-07,0,0,0,0.2425909
1732482689380,-46.95061,1.565556,-0.2088585,-0.987739,-0.04341549,-0.149958,0.01029968,-0.02730489,0.06523132,2.5,0.2425909,0,-1,0,-1.192093E-07,0,0,0,2.5,0.2425909,0,-1,0,-1.192093E-07,0,0,0,0.2425909
1732482689386,-46.95061,1.565556,-0.2088585,-0.987739,-0.04341549,-0.149958,0,0,0,2.5,0.2425909,0,-1,0,-1.192093E-07,0,0,0,2.5,0.2425909,0,-1,0,-1.192093E-07,0,0,0,0.2425909
1732482689391,-46.95061,1.565556,-0.2088585,-0.987739,-0.04341549,-0.149958,0,0,0,2.5,0.2425909,0,-1,0,-1.192093E-07,0,0,0,2.5,0.2425909,0,-1,0,-1.192093E-07,0,0,0,0.2425909
1732482689421,-46.95073,1.565528,-0.20858,-0.9876269,-0.04317389,-0.1507634,-0.009441376,-0.002110004,0.02088547,2.5,0.2425909,0,-1,0,-1.192093E-07,0,0,0,2.5,0.2425909,0,-1,0,-1.192093E-07,0,0,0,0.2425909
1732482689426,-46.95073,1.565528,-0.20858,-0.9876269,-0.04317389,-0.1507634,0,0,0,2.5,0.2425909,0,-1,0,-1.192093E-07,0,0,0,2.5,0.2425909,0,-1,0,-1.192093E-07,0,0,0,0.2425909
1732482689430,-46.95073,1.565528,-0.20858,-0.9876269,-0.04317389,-0.1507634,0,0,0,2.5,0.2425909,0,-1,0,-1.192093E-07,0,0,0,2.5,0.2425909,0,-1,0,-1.192093E-07,0,0,0,0.2425909
1732482689449,-46.95069,1.565322,-0.2079964,-0.9876101,-0.04322294,-0.1508591,0.003147125,-0.01544952,0.04377365,2.5,0.2425909,0,-1,0,-1.192093E-07,0,0,0,2.5,0.2425909,0,-1,0,-1.192093E-07,0,0,0,0.2425909
1732482689453,-46.95069,1.565322,-0.2079964,-0.9876101,-0.04322294,-0.1508591,0,0,0,2.5,0.2425909,0,-1,0,-1.192093E-07,0,0,0,2.5,0.2425909,0,-1,0,-1.192093E-07,0,0,0,0.2425909
1732482689459,-46.95069,1.565322,-0.2079964,-0.9876101,-0.04322294,-0.1508591,0,0,0,2.5,0.2425909,0,-1,0,-1.192093E-07,0,0,0,2.5,0.2425909,0,-1,0,-1.192093E-07,0,0,0,0.2425909
1732482689476,-46.95085,1.565147,-0.2075272,-0.9875542,-0.04335258,-0.1511885,-0.0120163,-0.01313388,0.03519058,2.5,0.2425909,0,-1,0,-1.192093E-07,0,0,0,2.5,0.2425909,0,-1,0,-1.192093E-07,0,0,0,0.2425909
1732482689481,-46.95085,1.565147,-0.2075272,-0.9875542,-0.04335258,-0.1511885,0,0,0,2.5,0.2425909,0,-1,0,-1.192093E-07,0,0,0,2.5,0.2425909,0,-1,0,-1.192093E-07,0,0,0,0.2425909
1732482689517,-46.95094,1.564647,-0.206707,-0.9874976,-0.04313009,-0.1516209,-0.006866455,-0.03747046,0.06151199,2.5,0.2425909,0,-1,0,-1.192093E-07,0,0,0,2.5,0.2425909,0,-1,0,-1.192093E-07,0,0,0,0.2425909
1732482689545,-46.95119,1.564456,-0.2062416,-0.9874251,-0.04318293,-0.1520771,-0.01859665,-0.01430511,0.03490448,2.5,0.2425909,0,-1,0,-1.192093E-07,0,0,0,2.5,0.2425909,0,-1,0,-1.192093E-07,0,0,0,0.2425909
1732482689550,-46.95119,1.564456,-0.2062416,-0.9874251,-0.04318293,-0.1520771,0,0,0,2.5,0.2425909,0,-1,0,-1.192093E-07,0,0,0,2.5,0.2425909,0,-1,0,-1.192093E-07,0,0,0,0.2425909
1732482689554,-46.95119,1.564456,-0.2062416,-0.9874251,-0.04318293,-0.1520771,0,0,0,2.5,0.2425909,0,-1,0,-1.192093E-07,0,0,0,2.5,0.2425909,0,-1,0,-1.192093E-07,0,0,0,0.2425909
1732482689577,-46.951,1.563658,-0.2057152,-0.987216,-0.04318567,-0.1534276,0.01459122,-0.05984902,0.03948212,2.5,0.2425909,0,-1,0,-1.192093E-07,0,0,0,2.5,0.2425909,0,-1,0,-1.192093E-07,0,0,0,0.2425909
1732482689582,-46.951,1.563658,-0.2057152,-0.987216,-0.04318567,-0.1534276,0,0,0,2.5,0.2425909,0,-1,0,-1.192093E-07,0,0,0,2.5,0.2425909,0,-1,0,-1.192093E-07,0,0,0,0.2425909
1732482689586,-46.951,1.563658,-0.2057152,-0.987216,-0.04318567,-0.1534276,0,0,0,2.5,0.2425909,0,-1,0,-1.192093E-07,0,0,0,2.5,0.2425909,0,-1,0,-1.192093E-07,0,0,0,0.2425909
1732482689604,-46.95116,1.563585,-0.2056274,-0.9870242,-0.0426395,-0.1548084,-0.0120163,-0.005525351,0.006580353,2.5,0.2425909,0,-1,0,-1.192093E-07,0,0,0,2.5,0.2425909,0,-1,0,-1.192093E-07,0,0,0,0.2425909
1732482689609,-46.95116,1.563585,-0.2056274,-0.9870242,-0.0426395,-0.1548084,0,0,0,2.5,0.2425909,0,-1,0,-1.192093E-07,0,0,0,2.5,0.2425909,0,-1,0,-1.192093E-07,0,0,0,0.2425909
1732482689631,-46.95123,1.563314,-0.2052536,-0.9869289,-0.042774,-0.1553776,-0.005149841,-0.02031326,0.02803802,2.5,0.2425909,0,-1,0,-1.192093E-07,0,0,0,2.5,0.2425909,0,-1,0,-1.192093E-07,0,0,0,0.2425909
1732482689636,-46.95123,1.563314,-0.2052536,-0.9869289,-0.042774,-0.1553776,0,0,0,2.5,0.2425909,0,-1,0,-1.192093E-07,0,0,0,2.5,0.2425909,0,-1,0,-1.192093E-07,0,0,0,0.2425909
1732482689659,-46.95138,1.563141,-0.2050552,-0.9869111,-0.04285999,-0.155467,-0.01173019,-0.01299083,0.01487732,2.5,0.2425909,0,-1,0,-1.192093E-07,0,0,0,2.5,0.2425909,0,-1,0,-1.192093E-07,0,0,0,0.2425909
1732482689664,-46.95138,1.563141,-0.2050552,-0.9869111,-0.04285999,-0.155467,0,0,0,2.5,0.2425909,0,-1,0,-1.192093E-07,0,0,0,2.5,0.2425909,0,-1,0,-1.192093E-07,0,0,0,0.2425909
1732482689687,-46.95151,1.56322,-0.2049637,-0.9868075,-0.04306828,-0.1560655,-0.009441376,0.005909801,0.006866455,2.5,0.2425909,0,-1,0,-1.192093E-07,0,0,0,2.5,0.2425909,0,-1,0,-1.192093E-07,0,0,0,0.2425909
1732482689692,-46.95151,1.56322,-0.2049637,-0.9868075,-0.04306828,-0.1560655,0,0,0,2.5,0.2425909,0,-1,0,-1.192093E-07,0,0,0,2.5,0.2425909,0,-1,0,-1.192093E-07,0,0,0,0.2425909
1732482689715,-46.95161,1.563394,-0.2049484,-0.9866215,-0.04316543,-0.1572108,-0.008010864,0.01305342,0.001144409,2.5,0.2425909,0,-1,0,-1.192093E-07,0,0,0,2.5,0.2425909,0,-1,0,-1.192093E-07,0,0,0,0.2425909
1732482689720,-46.95161,1.563394,-0.2049484,-0.9866215,-0.04316543,-0.1572108,0,0,0,2.5,0.2425909,0,-1,0,-1.192093E-07,0,0,0,2.5,0.2425909,0,-1,0,-1.192093E-07,0,0,0,0.2425909
1732482689743,-46.95168,1.563309,-0.2048607,-0.986554,-0.04245271,-0.157828,-0.004863739,-0.006321073,0.006580353,2.5,0.2425909,0,-1,0,-1.192093E-07,0,0,0,2.5,0.2425909,0,-1,0,-1.192093E-07,0,0,0,0.2425909
1732482689748,-46.95168,1.563309,-0.2048607,-0.986554,-0.04245271,-0.157828,0,0,0,2.5,0.2425909,0,-1,0,-1.192093E-07,0,0,0,2.5,0.2425909,0,-1,0,-1.192093E-07,0,0,0,0.2425909
1732482689771,-46.95175,1.563133,-0.2046165,-0.9865374,-0.04237152,-0.157952,-0.005435944,-0.01322329,0.01831055,2.5,0.2425909,0,-1,0,-1.192093E-07,0,0,0,2.5,0.2425909,0,-1,0,-1.192093E-07,0,0,0,0.2425909
1732482689776,-46.95175,1.563133,-0.2046165,-0.9865374,-0.04237152,-0.157952,0,0,0,2.5,0.2425909,0,-1,0,-1.192093E-07,0,0,0,2.5,0.2425909,0,-1,0,-1.192093E-07,0,0,0,0.2425909
1732482689799,-46.9518,1.563144,-0.2045326,-0.9864419,-0.04164133,-0.1587422,-0.003433228,0.0008225441,0.00629425,2.5,0.2425909,0,-1,0,-1.192093E-07,0,0,0,2.5,0.2425909,0,-1,0,-1.192093E-07,0,0,0,0.2425909
1732482689804,-46.9518,1.563144,-0.2045326,-0.9864419,-0.04164133,-0.1587422,0,0,0,2.5,0.2425909,0,-1,0,-1.192093E-07,0,0,0,2.5,0.2425909,0,-1,0,-1.192093E-07,0,0,0,0.2425909
1732482689827,-46.9519,1.563111,-0.2043839,-0.9863997,-0.04065993,-0.1592586,-0.008010864,-0.002449751,0.01115799,2.5,0.2425909,0,-1,0,-1.192093E-07,0,0,0,2.5,0.2425909,0,-1,0,-1.192093E-07,0,0,0,0.2425909
1732482689833,-46.9519,1.563111,-0.2043839,-0.9863997,-0.04065993,-0.1592586,0,0,0,2.5,0.2425909,0,-1,0,-1.192093E-07,0,0,0,2.5,0.2425909,0,-1,0,-1.192093E-07,0,0,0,0.2425909
1732482689838,-46.9519,1.563111,-0.2043839,-0.9863997,-0.04065993,-0.1592586,0,0,0,2.5,0.2425909,0,-1,0,-1.192093E-07,0,0,0,2.5,0.2425909,0,-1,0,-1.192093E-07,0,0,0,0.2425909
1732482689855,-46.95192,1.563051,-0.2042313,-0.9864032,-0.03955701,-0.159513,-0.0008583069,-0.004559755,0.01144409,2.5,0.2425909,0,-1,0,-1.192093E-07,0,0,0,2.5,0.2425909,0,-1,0,-1.192093E-07,0,0,0,0.2425909
1732482689860,-46.95192,1.563051,-0.2042313,-0.9864032,-0.03955701,-0.159513,0,0,0,2.5,0.2425909,0,-1,0,-1.192093E-07,0,0,0,2.5,0.2425909,0,-1,0,-1.192093E-07,0,0,0,0.2425909
1732482689883,-46.95187,1.563021,-0.2041092,-0.9864638,-0.0389295,-0.1592925,0.00371933,-0.00218153,0.009155273,2.5,0.2425909,0,-1,0,-1.192093E-07,0,0,0,2.5,0.2425909,0,-1,0,-1.192093E-07,0,0,0,0.2425909
1732482689888,-46.95187,1.563021,-0.2041092,-0.9864638,-0.0389295,-0.1592925,0,0,0,2.5,0.2425909,0,-1,0,-1.192093E-07,0,0,0,2.5,0.2425909,0,-1,0,-1.192093E-07,0,0,0,0.2425909
1732482689910,-46.95177,1.562971,-0.2038422,-0.9864809,-0.0385225,-0.1592855,0.007152557,-0.003790855,0.02002716,2.5,0.2425909,0,-1,0,-1.192093E-07,0,0,0,2.5,0.2425909,0,-1,0,-1.192093E-07,0,0,0,0.2425909
1732482689915,-46.95177,1.562971,-0.2038422,-0.9864809,-0.0385225,-0.1592855,0,0,0,2.5,0.2425909,0,-1,0,-1.192093E-07,0,0,0,2.5,0.2425909,0,-1,0,-1.192093E-07,0,0,0,0.2425909
1732482689938,-46.95173,1.562946,-0.2038307,-0.9864559,-0.03803602,-0.1595573,0.002861023,-0.001859665,0.0008583069,2.5,0.2425909,0,-1,0,-1.192093E-07,0,0,0,2.5,0.2425909,0,-1,0,-1.192093E-07,0,0,0,0.2425909
1732482689943,-46.95173,1.562946,-0.2038307,-0.9864559,-0.03803602,-0.1595573,0,0,0,2.5,0.2425909,0,-1,0,-1.192093E-07,0,0,0,2.5,0.2425909,0,-1,0,-1.192093E-07,0,0,0,0.2425909
1732482689966,-46.95185,1.563098,-0.2037392,-0.986476,-0.03659798,-0.1597688,-0.008869171,0.01141727,0.006866455,2.5,0.2425909,0,-1,0,-1.192093E-07,0,0,0,2.5,0.2425909,0,-1,0,-1.192093E-07,0,0,0,0.2425909
1732482689971,-46.95185,1.563098,-0.2037392,-0.986476,-0.03659798,-0.1597688,0,0,0,2.5,0.2425909,0,-1,0,-1.192093E-07,0,0,0,2.5,0.2425909,0,-1,0,-1.192093E-07,0,0,0,0.2425909
1732482689994,-46.95187,1.563223,-0.2036896,-0.98663,-0.03536084,-0.1590955,-0.001144409,0.009343028,0.00371933,2.5,0.2425909,0,-1,0,-1.192093E-07,0,0,0,2.5,0.2425909,0,-1,0,-1.192093E-07,0,0,0,0.2425909
1732482689999,-46.95187,1.563223,-0.2036896,-0.98663,-0.03536084,-0.1590955,0,0,0,2.5,0.2425909,0,-1,0,-1.192093E-07,0,0,0,2.5,0.2425909,0,-1,0,-1.192093E-07,0,0,0,0.2425909
1732482690021,-46.95204,1.563394,-0.2036896,-0.986699,-0.03481915,-0.1587865,-0.01316071,0.0128299,0,2.5,0.2425909,0,-1,0,-1.192093E-07,0,0,0,2.5,0.2425909,0,-1,0,-1.192093E-07,0,0,0,0.2425909
1732482690027,-46.95204,1.563394,-0.2036896,-0.986699,-0.03481915,-0.1587865,0,0,0,2.5,0.2425909,0,-1,0,-1.192093E-07,0,0,0,2.5,0.2425909,0,-1,0,-1.192093E-07,0,0,0,0.2425909
1732482690049,-46.95217,1.563501,-0.2037697,-0.9867322,-0.03465543,-0.1586154,-0.009441376,0.008019805,-0.006008148,2.5,0.2425909,0,-1,0,-1.192093E-07,0,0,0,2.5,0.2425909,0,-1,0,-1.192093E-07,0,0,0,0.2425909
1732482690055,-46.95217,1.563501,-0.2037697,-0.9867322,-0.03465543,-0.1586154,0,0,0,2.5,0.2425909,0,-1,0,-1.192093E-07,0,0,0,2.5,0.2425909,0,-1,0,-1.192093E-07,0,0,0,0.2425909
1732482690077,-46.9521,1.563512,-0.203907,-0.9868774,-0.03407096,-0.1578374,0.005149841,0.0008583069,-0.01029968,2.5,0.2425909,0,-1,0,-1.192093E-07,0,0,0,2.5,0.2425909,0,-1,0,-1.192093E-07,0,0,0,0.2425909
1732482690082,-46.9521,1.563512,-0.203907,-0.9868774,-0.03407096,-0.1578374,0,0,0,2.5,0.2425909,0,-1,0,-1.192093E-07,0,0,0,2.5,0.2425909,0,-1,0,-1.192093E-07,0,0,0,0.2425909
1732482690105,-46.95207,1.563641,-0.2040405,-0.9869828,-0.03280459,-0.1574459,0.002002716,0.009682775,-0.01001358,2.5,0.2425909,0,-1,0,-1.192093E-07,0,0,0,2.5,0.2425909,0,-1,0,-1.192093E-07,0,0,0,0.2425909
1732482690111,-46.95207,1.563641,-0.2040405,-0.9869828,-0.03280459,-0.1574459,0,0,0,2.5,0.2425909,0,-1,0,-1.192093E-07,0,0,0,2.5,0.2425909,0,-1,0,-1.192093E-07,0,0,0,0.2425909
1732482690117,-46.95207,1.563641,-0.2040405,-0.9869828,-0.03280459,-0.1574459,0,0,0,2.5,0.2425909,0,-1,0,-1.192093E-07,0,0,0,2.5,0.2425909,0,-1,0,-1.192093E-07,0,0,0,0.2425909
1732482690133,-46.952,1.563731,-0.2043419,-0.9870533,-0.0319479,-0.1571807,0.005435944,0.006696582,-0.02260208,2.5,0.2425909,0,-1,0,-1.192093E-07,0,0,0,2.5,0.2425909,0,-1,0,-1.192093E-07,0,0,0,0.2425909
1732482690139,-46.952,1.563731,-0.2043419,-0.9870533,-0.0319479,-0.1571807,0,0,0,2.5,0.2425909,0,-1,0,-1.192093E-07,0,0,0,2.5,0.2425909,0,-1,0,-1.192093E-07,0,0,0,0.2425909
1732482690173,-46.95193,1.563899,-0.2046051,-0.9871368,-0.03111296,-0.1568227,0.004863739,0.01264215,-0.01974106,2.5,0.2425909,0,-1,0,-1.192093E-07,0,0,0,2.5,0.2425909,0,-1,0,-1.192093E-07,0,0,0,0.2425909
1732482690179,-46.95193,1.563899,-0.2046051,-0.9871368,-0.03111296,-0.1568227,0,0,0,2.5,0.2425909,0,-1,0,-1.192093E-07,0,0,0,2.5,0.2425909,0,-1,0,-1.192093E-07,0,0,0,0.2425909
1732482690211,-46.9519,1.564108,-0.2051048,-0.987304,-0.02904962,-0.1561645,0.002288818,0.01563728,-0.0374794,2.5,0.2425909,0,-1,0,-1.192093E-07,0,0,0,2.5,0.2425909,0,-1,0,-1.192093E-07,0,0,0,0.2425909
1732482690218,-46.9519,1.564108,-0.2051048,-0.987304,-0.02904962,-0.1561645,0,0,0,2.5,0.2425909,0,-1,0,-1.192093E-07,0,0,0,2.5,0.2425909,0,-1,0,-1.192093E-07,0,0,0,0.2425909
1732482690224,-46.9519,1.564108,-0.2051048,-0.987304,-0.02904962,-0.1561645,0,0,0,2.5,0.2425909,0,-1,0,-1.192093E-07,0,0,0,2.5,0.2425909,0,-1,0,-1.192093E-07,0,0,0,0.2425909
1732482690240,-46.95172,1.564027,-0.2055969,-0.987268,-0.02859516,-0.1564767,0.01373291,-0.006070733,-0.0369072,2.5,0.2425909,0,-1,0,-1.192093E-07,0,0,0,2.5,0.2425909,0,-1,0,-1.192093E-07,0,0,0,0.2425909
1732482690245,-46.95172,1.564027,-0.2055969,-0.987268,-0.02859516,-0.1564767,0,0,0,2.5,0.2425909,0,-1,0,-1.192093E-07,0,0,0,2.5,0.2425909,0,-1,0,-1.192093E-07,0,0,0,0.2425909
1732482690252,-46.95172,1.564027,-0.2055969,-0.987268,-0.02859516,-0.1564767,0,0,0,2.5,0.2425909,0,-1,0,-1.192093E-07,0,0,0,2.5,0.2425909,0,-1,0,-1.192093E-07,0,0,0,0.2425909
1732482690280,-46.95173,1.564015,-0.2060089,-0.9872099,-0.02871256,-0.1568205,-0.0005722046,-0.0008761883,-0.03089905,2.5,0.2425909,0,-1,0,-1.192093E-07,0,0,0,2.5,0.2425909,0,-1,0,-1.192093E-07,0,0,0,0.2425909
1732482690286,-46.95173,1.564015,-0.2060089,-0.9872099,-0.02871256,-0.1568205,0,0,0,2.5,0.2425909,0,-1,0,-1.192093E-07,0,0,0,2.5,0.2425909,0,-1,0,-1.192093E-07,0,0,0,0.2425909
1732482690319,-46.95155,1.563804,-0.2061844,-0.9872133,-0.02807032,-0.1569152,0.01373291,-0.01582503,-0.01316071,2.5,0.2425909,0,-1,0,-1.192093E-07,0,0,0,2.5,0.2425909,0,-1,0,-1.192093E-07,0,0,0,0.2425909
1732482690326,-46.95155,1.563804,-0.2061844,-0.9872133,-0.02807032,-0.1569152,0,0,0,2.5,0.2425909,0,-1,0,-1.192093E-07,0,0,0,2.5,0.2425909,0,-1,0,-1.192093E-07,0,0,0,0.2425909
1732482690332,-46.95155,1.563804,-0.2061844,-0.9872133,-0.02807032,-0.1569152,0,0,0,2.5,0.2425909,0,-1,0,-1.192093E-07,0,0,0,2.5,0.2425909,0,-1,0,-1.192093E-07,0,0,0,0.2425909
1732482690348,-46.95127,1.563654,-0.2064095,-0.9871125,-0.02680377,-0.1577679,0.02031326,-0.0112921,-0.01688004,2.5,0.2425909,0,-1,0,-1.192093E-07,0,0,0,2.5,0.2425909,0,-1,0,-1.192093E-07,0,0,0,0.2425909
1732482690355,-46.95127,1.563654,-0.2064095,-0.9871125,-0.02680377,-0.1577679,0,0,0,2.5,0.2425909,0,-1,0,-1.192093E-07,0,0,0,2.5,0.2425909,0,-1,0,-1.192093E-07,0,0,0,0.2425909
1732482690361,-46.95127,1.563654,-0.2064095,-0.9871125,-0.02680377,-0.1577679,0,0,0,2.5,0.2425909,0,-1,0,-1.192093E-07,0,0,0,2.5,0.2425909,0,-1,0,-1.192093E-07,0,0,0,0.2425909
1732482690390,-46.95106,1.56348,-0.2065392,-0.9869397,-0.02654315,-0.1588907,0.01630783,-0.01299977,-0.009727478,2.5,0.2425909,0,-1,0,-1.192093E-07,0,0,0,2.5,0.2425909,0,-1,0,-1.192093E-07,0,0,0,0.2425909
1732482690397,-46.95106,1.56348,-0.2065392,-0.9869397,-0.02654315,-0.1588907,0,0,0,2.5,0.2425909,0,-1,0,-1.192093E-07,0,0,0,2.5,0.2425909,0,-1,0,-1.192093E-07,0,0,0,0.2425909
1732482690430,-46.95092,1.563438,-0.2067947,-0.9868987,-0.02663756,-0.1591276,0.01029968,-0.003147125,-0.01916885,2.5,0.2425909,0,-1,0,-1.192093E-07,0,0,0,2.5,0.2425909,0,-1,0,-1.192093E-07,0,0,0,0.2425909
1732482690437,-46.95092,1.563438,-0.2067947,-0.9868987,-0.02663756,-0.1591276,0,0,0,2.5,0.2425909,0,-1,0,-1.192093E-07,0,0,0,2.5,0.2425909,0,-1,0,-1.192093E-07,0,0,0,0.2425909
1732482690443,-46.95092,1.563438,-0.2067947,-0.9868987,-0.02663756,-0.1591276,0,0,0,2.5,0.2425909,0,-1,0,-1.192093E-07,0,0,0,2.5,0.2425909,0,-1,0,-1.192093E-07,0,0,0,0.2425909
1732482690460,-46.9507,1.563464,-0.2069511,-0.9869686,-0.02614381,-0.1587768,0.01659393,0.001949072,-0.01173019,2.5,0.2425909,0,-1,0,-1.192093E-07,0,0,0,2.5,0.2425909,0,-1,0,-1.192093E-07,0,0,0,0.2425909
1732482690466,-46.9507,1.563464,-0.2069511,-0.9869686,-0.02614381,-0.1587768,0,0,0,2.5,0.2425909,0,-1,0,-1.192093E-07,0,0,0,2.5,0.2425909,0,-1,0,-1.192093E-07,0,0,0,0.2425909
1732482690471,-46.9507,1.563464,-0.2069511,-0.9869686,-0.02614381,-0.1587768,0,0,0,2.5,0.2425909,0,-1,0,-1.192093E-07,0,0,0,2.5,0.2425909,0,-1,0,-1.192093E-07,0,0,0,0.2425909
1732482690477,-46.9507,1.563464,-0.2069511,-0.9869686,-0.02614381,-0.1587768,0,0,0,2.5,0.2425909,0,-1,0,-1.192093E-07,0,0,0,2.5,0.2425909,0,-1,0,-1.192093E-07,0,0,0,0.2425909
1732482690501,-46.95039,1.563195,-0.2068939,-0.9869865,-0.02567248,-0.158743,0.02346039,-0.02016127,0.004291534,2.5,0.2425909,0,-1,0,-1.192093E-07,0,0,0,2.5,0.2425909,0,-1,0,-1.192093E-07,0,0,0,0.2425909
1732482690507,-46.95039,1.563195,-0.2068939,-0.9869865,-0.02567248,-0.158743,0,0,0,2.5,0.2425909,0,-1,0,-1.192093E-07,0,0,0,2.5,0.2425909,0,-1,0,-1.192093E-07,0,0,0,0.2425909
1732482690528,-46.95024,1.563066,-0.2069664,-0.9870855,-0.02511164,-0.158216,0.01087189,-0.009673834,-0.005435944,2.5,0.2425909,0,-1,0,-1.192093E-07,0,0,0,2.5,0.2425909,0,-1,0,-1.192093E-07,0,0,0,0.2425909
1732482690534,-46.95024,1.563066,-0.2069664,-0.9870855,-0.02511164,-0.158216,0,0,0,2.5,0.2425909,0,-1,0,-1.192093E-07,0,0,0,2.5,0.2425909,0,-1,0,-1.192093E-07,0,0,0,0.2425909
1732482690556,-46.95008,1.562857,-0.2068405,-0.9872638,-0.02483265,-0.1571436,0.0120163,-0.01568198,0.009441376,2.5,0.2425909,0,-1,0,-1.192093E-07,0,0,0,2.5,0.2425909,0,-1,0,-1.192093E-07,0,0,0,0.2425909
1732482690565,-46.95008,1.562857,-0.2068405,-0.9872638,-0.02483265,-0.1571436,0,0,0,2.5,0.2425909,0,-1,0,-1.192093E-07,0,0,0,2.5,0.2425909,0,-1,0,-1.192093E-07,0,0,0,0.2425909
1732482690588,-46.94995,1.562697,-0.2068253,-0.9873061,-0.02458991,-0.1569158,0.009441376,-0.01204312,0.001144409,2.5,0.2425909,0,-1,0,-1.192093E-07,0,0,0,2.5,0.2425909,0,-1,0,-1.192093E-07,0,0,0,0.2425909
1732482690594,-46.94995,1.562697,-0.2068253,-0.9873061,-0.02458991,-0.1569158,0,0,0,2.5,0.2425909,0,-1,0,-1.192093E-07,0,0,0,2.5,0.2425909,0,-1,0,-1.192093E-07,0,0,0,0.2425909
1732482690600,-46.94995,1.562697,-0.2068253,-0.9873061,-0.02458991,-0.1569158,0,0,0,2.5,0.2425909,0,-1,0,-1.192093E-07,0,0,0,2.5,0.2425909,0,-1,0,-1.192093E-07,0,0,0,0.2425909
1732482690615,-46.94962,1.56257,-0.2068596,-0.9872456,-0.02425334,-0.1573485,0.0254631,-0.009521842,-0.002574921,2.5,0.2425909,0,-1,0,-1.192093E-07,0,0,0,2.5,0.2425909,0,-1,0,-1.192093E-07,0,0,0,0.2425909
1732482690621,-46.94962,1.56257,-0.2068596,-0.9872456,-0.02425334,-0.1573485,0,0,0,2.5,0.2425909,0,-1,0,-1.192093E-07,0,0,0,2.5,0.2425909,0,-1,0,-1.192093E-07,0,0,0,0.2425909
1732482690643,-46.94932,1.562438,-0.206871,-0.9872584,-0.02412209,-0.1572883,0.02231598,-0.009870529,-0.0008583069,2.5,0.2425909,0,-1,0,-1.192093E-07,0,0,0,2.5,0.2425909,0,-1,0,-1.192093E-07,0,0,0,0.2425909
1732482690648,-46.94932,1.562438,-0.206871,-0.9872584,-0.02412209,-0.1572883,0,0,0,2.5,0.2425909,0,-1,0,-1.192093E-07,0,0,0,2.5,0.2425909,0,-1,0,-1.192093E-07,0,0,0,0.2425909
1732482690682,-46.94923,1.562361,-0.2069473,-0.9873515,-0.024085,-0.1567073,0.006580353,-0.005829334,-0.005722046,2.5,0.2425909,0,-1,0,-1.192093E-07,0,0,0,2.5,0.2425909,0,-1,0,-1.192093E-07,0,0,0,0.2425909
1732482690688,-46.94923,1.562361,-0.2069473,-0.9873515,-0.024085,-0.1567073,0,0,0,2.5,0.2425909,0,-1,0,-1.192093E-07,0,0,0,2.5,0.2425909,0,-1,0,-1.192093E-07,0,0,0,0.2425909
1732482690721,-46.94918,1.562201,-0.2070389,-0.9875016,-0.02363779,-0.155827,0.00371933,-0.01196265,-0.006866455,2.5,0.2425909,0,-1,0,-1.192093E-07,0,0,0,2.5,0.2425909,0,-1,0,-1.192093E-07,0,0,0,0.2425909
1732482690728,-46.94918,1.562201,-0.2070389,-0.9875016,-0.02363779,-0.155827,0,0,0,2.5,0.2425909,0,-1,0,-1.192093E-07,0,0,0,2.5,0.2425909,0,-1,0,-1.192093E-07,0,0,0,0.2425909
1732482690740,-46.94918,1.562201,-0.2070389,-0.9875016,-0.02363779,-0.155827,0,0,0,2.5,0.2425909,0,-1,0,-1.192093E-07,0,0,0,2.5,0.2425909,0,-1,0,-1.192093E-07,0,0,0,0.2425909
1732482690765,-46.9492,1.561968,-0.2068787,-0.9878174,-0.0232492,-0.1538727,-0.001716614,-0.01750588,0.0120163,2.5,0.2425909,0,-1,0,-1.192093E-07,0,0,0,2.5,0.2425909,0,-1,0,-1.192093E-07,0,0,0,0.2425909
1732482690773,-46.9492,1.561968,-0.2068787,-0.9878174,-0.0232492,-0.1538727,0,0,0,2.5,0.2425909,0,-1,0,-1.192093E-07,0,0,0,2.5,0.2425909,0,-1,0,-1.192093E-07,0,0,0,0.2425909
1732482690779,-46.9492,1.561968,-0.2068787,-0.9878174,-0.0232492,-0.1538727,0,0,0,2.5,0.2425909,0,-1,0,-1.192093E-07,0,0,0,2.5,0.2425909,0,-1,0,-1.192093E-07,0,0,0,0.2425909
1732482690785,-46.9492,1.561968,-0.2068787,-0.9878174,-0.0232492,-0.1538727,0,0,0,2.5,0.2425909,0,-1,0,-1.192093E-07,0,0,0,2.5,0.2425909,0,-1,0,-1.192093E-07,0,0,0,0.2425909
1732482690802,-46.94923,1.56174,-0.2065811,-0.9883359,-0.02312575,-0.1505247,-0.001716614,-0.01709461,0.02231598,2.5,0.2425909,0,-1,0,-1.192093E-07,0,0,0,2.5,0.2425909,0,-1,0,-1.192093E-07,0,0,0,0.2425909
1732482690810,-46.94923,1.56174,-0.2065811,-0.9883359,-0.02312575,-0.1505247,0,0,0,2.5,0.2425909,0,-1,0,-1.192093E-07,0,0,0,2.5,0.2425909,0,-1,0,-1.192093E-07,0,0,0,0.2425909
1732482690815,-46.94923,1.56174,-0.2065811,-0.9883359,-0.02312575,-0.1505247,0,0,0,2.5,0.2425909,0,-1,0,-1.192093E-07,0,0,0,2.5,0.2425909,0,-1,0,-1.192093E-07,0,0,0,0.2425909
1732482690843,-46.94912,1.561833,-0.2067451,-0.9886672,-0.02309204,-0.1483382,0.008010864,0.007027388,-0.0123024,2.5,0.2425909,0,-1,0,-1.192093E-07,0,0,0,2.5,0.2425909,0,-1,0,-1.192093E-07,0,0,0,0.2425909
1732482690849,-46.94912,1.561833,-0.2067451,-0.9886672,-0.02309204,-0.1483382,0,0,0,2.5,0.2425909,0,-1,0,-1.192093E-07,0,0,0,2.5,0.2425909,0,-1,0,-1.192093E-07,0,0,0,0.2425909
1732482690855,-46.94912,1.561833,-0.2067451,-0.9886672,-0.02309204,-0.1483382,0,0,0,2.5,0.2425909,0,-1,0,-1.192093E-07,0,0,0,2.5,0.2425909,0,-1,0,-1.192093E-07,0,0,0,0.2425909
1732482690871,-46.9491,1.561821,-0.20681,-0.9886712,-0.02241378,-0.1484162,0.001716614,-0.0009566545,-0.004863739,2.5,0.2425909,0,-1,0,-1.192093E-07,0,0,0,2.5,0.2425909,0,-1,0,-1.192093E-07,0,0,0,0.2425909
1732482690878,-46.9491,1.561821,-0.20681,-0.9886712,-0.02241378,-0.1484162,0,0,0,2.5,0.2425909,0,-1,0,-1.192093E-07,0,0,0,2.5,0.2425909,0,-1,0,-1.192093E-07,0,0,0,0.2425909
1732482690884,-46.9491,1.561821,-0.20681,-0.9886712,-0.02241378,-0.1484162,0,0,0,2.5,0.2425909,0,-1,0,-1.192093E-07,0,0,0,2.5,0.2425909,0,-1,0,-1.192093E-07,0,0,0,0.2425909
1732482690913,-46.94913,1.561874,-0.2069435,-0.9887393,-0.02228247,-0.1479831,-0.002288818,0.004032254,-0.01001358,2.5,0.2425909,0,-1,0,-1.192093E-07,0,0,0,2.5,0.2425909,0,-1,0,-1.192093E-07,0,0,0,0.2425909
1732482690919,-46.94913,1.561874,-0.2069435,-0.9887393,-0.02228247,-0.1479831,0,0,0,2.5,0.2425909,0,-1,0,-1.192093E-07,0,0,0,2.5,0.2425909,0,-1,0,-1.192093E-07,0,0,0,0.2425909
1732482690942,-46.94915,1.561729,-0.2069855,-0.9888139,-0.02288666,-0.1473891,-0.001716614,-0.01087189,-0.003147125,2.5,0.2425909,0,-1,0,-1.192093E-07,0,0,0,2.5,0.2425909,0,-1,0,-1.192093E-07,0,0,0,0.2425909
1732482690949,-46.94915,1.561729,-0.2069855,-0.9888139,-0.02288666,-0.1473891,0,0,0,2.5,0.2425909,0,-1,0,-1.192093E-07,0,0,0,2.5,0.2425909,0,-1,0,-1.192093E-07,0,0,0,0.2425909
1732482690972,-46.94907,1.561769,-0.2072449,-0.9889836,-0.02428159,-0.1460205,0.00629425,0.002968311,-0.01945496,2.5,0.2425909,0,-1,0,-1.192093E-07,0,0,0,2.5,0.2425909,0,-1,0,-1.192093E-07,0,0,0,0.2425909
1732482690979,-46.94907,1.561769,-0.2072449,-0.9889836,-0.02428159,-0.1460205,0,0,0,2.5,0.2425909,0,-1,0,-1.192093E-07,0,0,0,2.5,0.2425909,0,-1,0,-1.192093E-07,0,0,0,0.2425909
1732482690985,-46.94907,1.561769,-0.2072449,-0.9889836,-0.02428159,-0.1460205,0,0,0,2.5,0.2425909,0,-1,0,-1.192093E-07,0,0,0,2.5,0.2425909,0,-1,0,-1.192093E-07,0,0,0,0.2425909
1732482691015,-46.94899,1.561725,-0.2073441,-0.9889898,-0.02446612,-0.1459491,0.005722046,-0.003308058,-0.00743866,2.5,0.2425909,0,-1,0,-1.192093E-07,0,0,0,2.5,0.2425909,0,-1,0,-1.192093E-07,0,0,0,0.2425909
1732482691022,-46.94899,1.561725,-0.2073441,-0.9889898,-0.02446612,-0.1459491,0,0,0,2.5,0.2425909,0,-1,0,-1.192093E-07,0,0,0,2.5,0.2425909,0,-1,0,-1.192093E-07,0,0,0,0.2425909
1732482691027,-46.94899,1.561725,-0.2073441,-0.9889898,-0.02446612,-0.1459491,0,0,0,2.5,0.2425909,0,-1,0,-1.192093E-07,0,0,0,2.5,0.2425909,0,-1,0,-1.192093E-07,0,0,0,0.2425909
1732482691053,-46.94883,1.561777,-0.2076035,-0.9890169,-0.02455109,-0.1457502,0.01173019,0.003871322,-0.01945496,2.5,0.2425909,0,-1,0,-1.192093E-07,0,0,0,2.5,0.2425909,0,-1,0,-1.192093E-07,0,0,0,0.2425909
1732482691061,-46.94883,1.561777,-0.2076035,-0.9890169,-0.02455109,-0.1457502,0,0,0,2.5,0.2425909,0,-1,0,-1.192093E-07,0,0,0,2.5,0.2425909,0,-1,0,-1.192093E-07,0,0,0,0.2425909
1732482691069,-46.94883,1.561777,-0.2076035,-0.9890169,-0.02455109,-0.1457502,0,0,0,2.5,0.2425909,0,-1,0,-1.192093E-07,0,0,0,2.5,0.2425909,0,-1,0,-1.192093E-07,0,0,0,0.2425909
1732482691095,-46.94864,1.561404,-0.2075462,-0.9890268,-0.0239671,-0.145781,0.01430511,-0.02797544,0.004291534,2.5,0.2425909,0,-1,0,-1.192093E-07,0,0,0,2.5,0.2425909,0,-1,0,-1.192093E-07,0,0,0,0.2425909
1732482691103,-46.94864,1.561404,-0.2075462,-0.9890268,-0.0239671,-0.145781,0,0,0,2.5,0.2425909,0,-1,0,-1.192093E-07,0,0,0,2.5,0.2425909,0,-1,0,-1.192093E-07,0,0,0,0.2425909
1732482691110,-46.94864,1.561404,-0.2075462,-0.9890268,-0.0239671,-0.145781,0,0,0,2.5,0.2425909,0,-1,0,-1.192093E-07,0,0,0,2.5,0.2425909,0,-1,0,-1.192093E-07,0,0,0,0.2425909
1732482691135,-46.94845,1.561208,-0.2073898,-0.9892111,-0.02347497,-0.1446058,0.01459122,-0.01463592,0.01173019,2.5,0.2425909,0,-1,0,-1.192093E-07,0,0,0,2.5,0.2425909,0,-1,0,-1.192093E-07,0,0,0,0.2425909
1732482691142,-46.94845,1.561208,-0.2073898,-0.9892111,-0.02347497,-0.1446058,0,0,0,2.5,0.2425909,0,-1,0,-1.192093E-07,0,0,0,2.5,0.2425909,0,-1,0,-1.192093E-07,0,0,0,0.2425909
1732482691150,-46.94845,1.561208,-0.2073898,-0.9892111,-0.02347497,-0.1446058,0,0,0,2.5,0.2425909,0,-1,0,-1.192093E-07,0,0,0,2.5,0.2425909,0,-1,0,-1.192093E-07,0,0,0,0.2425909
1732482691176,-46.94817,1.561116,-0.2073669,-0.9893672,-0.02314894,-0.1435874,0.02117157,-0.006955862,0.001716614,2.5,0.2425909,0,-1,0,-1.192093E-07,0,0,0,2.5,0.2425909,0,-1,0,-1.192093E-07,0,0,0,0.2425909
1732482691185,-46.94817,1.561116,-0.2073669,-0.9893672,-0.02314894,-0.1435874,0,0,0,2.5,0.2425909,0,-1,0,-1.192093E-07,0,0,0,2.5,0.2425909,0,-1,0,-1.192093E-07,0,0,0,0.2425909
1732482691191,-46.94817,1.561116,-0.2073669,-0.9893672,-0.02314894,-0.1435874,0,0,0,2.5,0.2425909,0,-1,0,-1.192093E-07,0,0,0,2.5,0.2425909,0,-1,0,-1.192093E-07,0,0,0,0.2425909
1732482691217,-46.94802,1.560999,-0.2073288,-0.989346,-0.02206529,-0.1439036,0.01087189,-0.008752942,0.002861023,2.5,0.2425909,0,-1,0,-1.192093E-07,0,0,0,2.5,0.2425909,0,-1,0,-1.192093E-07,0,0,0,0.2425909
1732482691225,-46.94802,1.560999,-0.2073288,-0.989346,-0.02206529,-0.1439036,0,0,0,2.5,0.2425909,0,-1,0,-1.192093E-07,0,0,0,2.5,0.2425909,0,-1,0,-1.192093E-07,0,0,0,0.2425909
1732482691232,-46.94802,1.560999,-0.2073288,-0.989346,-0.02206529,-0.1439036,0,0,0,2.5,0.2425909,0,-1,0,-1.192093E-07,0,0,0,2.5,0.2425909,0,-1,0,-1.192093E-07,0,0,0,0.2425909
1732482691259,-46.94784,1.560633,-0.2073021,-0.9893084,-0.02253173,-0.1440905,0.01344681,-0.02744794,0.002002716,2.5,0.2425909,0,-1,0,-1.192093E-07,0,0,0,2.5,0.2425909,0,-1,0,-1.192093E-07,0,0,0,0.2425909
1732482691266,-46.94784,1.560633,-0.2073021,-0.9893084,-0.02253173,-0.1440905,0,0,0,2.5,0.2425909,0,-1,0,-1.192093E-07,0,0,0,2.5,0.2425909,0,-1,0,-1.192093E-07,0,0,0,0.2425909
1732482691274,-46.94784,1.560633,-0.2073021,-0.9893084,-0.02253173,-0.1440905,0,0,0,2.5,0.2425909,0,-1,0,-1.192093E-07,0,0,0,2.5,0.2425909,0,-1,0,-1.192093E-07,0,0,0,0.2425909
1732482691300,-46.94766,1.560325,-0.2069435,-0.9893717,-0.0232193,-0.1435437,0.01344681,-0.02312064,0.02689362,2.5,0.2425909,0,-1,0,-1.192093E-07,0,0,0,2.5,0.2425909,0,-1,0,-1.192093E-07,0,0,0,0.2425909
1732482691308,-46.94766,1.560325,-0.2069435,-0.9893717,-0.0232193,-0.1435437,0,0,0,2.5,0.2425909,0,-1,0,-1.192093E-07,0,0,0,2.5,0.2425909,0,-1,0,-1.192093E-07,0,0,0,0.2425909
1732482691314,-46.94766,1.560325,-0.2069435,-0.9893717,-0.0232193,-0.1435437,0,0,0,2.5,0.2425909,0,-1,0,-1.192093E-07,0,0,0,2.5,0.2425909,0,-1,0,-1.192093E-07,0,0,0,0.2425909
1732482691342,-46.94752,1.560054,-0.2067413,-0.9893281,-0.02342362,-0.1438116,0.01087189,-0.02026856,0.01516342,2.5,0.2425909,0,-1,0,-1.192093E-07,0,0,0,2.5,0.2425909,0,-1,0,-1.192093E-07,0,0,0,0.2425909
1732482691350,-46.94752,1.560054,-0.2067413,-0.9893281,-0.02342362,-0.1438116,0,0,0,2.5,0.2425909,0,-1,0,-1.192093E-07,0,0,0,2.5,0.2425909,0,-1,0,-1.192093E-07,0,0,0,0.2425909
1732482691357,-46.94752,1.560054,-0.2067413,-0.9893281,-0.02342362,-0.1438116,0,0,0,2.5,0.2425909,0,-1,0,-1.192093E-07,0,0,0,2.5,0.2425909,0,-1,0,-1.192093E-07,0,0,0,0.2425909
1732482691384,-46.94728,1.559696,-0.2068329,-0.9893454,-0.02346392,-0.1436853,0.01773834,-0.02684891,-0.006866455,2.5,0.2425909,0,-1,0,-1.192093E-07,0,0,0,2.5,0.2425909,0,-1,0,-1.192093E-07,0,0,0,0.2425909
1732482691391,-46.94728,1.559696,-0.2068329,-0.9893454,-0.02346392,-0.1436853,0,0,0,2.5,0.2425909,0,-1,0,-1.192093E-07,0,0,0,2.5,0.2425909,0,-1,0,-1.192093E-07,0,0,0,0.2425909
1732482691398,-46.94728,1.559696,-0.2068329,-0.9893454,-0.02346392,-0.1436853,0,0,0,2.5,0.2425909,0,-1,0,-1.192093E-07,0,0,0,2.5,0.2425909,0,-1,0,-1.192093E-07,0,0,0,0.2425909
1732482691412,-46.94695,1.559552,-0.2066307,-0.9893668,-0.02407813,-0.1434361,0.025177,-0.01080036,0.01516342,2.5,0.2425909,0,-1,0,-1.192093E-07,0,0,0,2.5,0.2425909,0,-1,0,-1.192093E-07,0,0,0,0.2425909
1732482691419,-46.94695,1.559552,-0.2066307,-0.9893668,-0.02407813,-0.1434361,0,0,0,2.5,0.2425909,0,-1,0,-1.192093E-07,0,0,0,2.5,0.2425909,0,-1,0,-1.192093E-07,0,0,0,0.2425909
1732482691424,-46.94695,1.559552,-0.2066307,-0.9893668,-0.02407813,-0.1434361,0,0,0,2.5,0.2425909,0,-1,0,-1.192093E-07,0,0,0,2.5,0.2425909,0,-1,0,-1.192093E-07,0,0,0,0.2425909
1732482691439,-46.94672,1.559522,-0.2065392,-0.9893746,-0.02399764,-0.1433948,0.01688004,-0.002261996,0.006866455,2.5,0.2425909,0,-1,0,-1.192093E-07,0,0,0,2.5,0.2425909,0,-1,0,-1.192093E-07,0,0,0,0.2425909
1732482691445,-46.94672,1.559522,-0.2065392,-0.9893746,-0.02399764,-0.1433948,0,0,0,2.5,0.2425909,0,-1,0,-1.192093E-07,0,0,0,2.5,0.2425909,0,-1,0,-1.192093E-07,0,0,0,0.2425909
1732482691468,-46.94654,1.559365,-0.2063713,-0.9893922,-0.02397689,-0.143279,0.01316071,-0.01181066,0.0125885,2.5,0.2425909,0,-1,0,-1.192093E-07,0,0,0,2.5,0.2425909,0,-1,0,-1.192093E-07,0,0,0,0.2425909
1732482691474,-46.94654,1.559365,-0.2063713,-0.9893922,-0.02397689,-0.143279,0,0,0,2.5,0.2425909,0,-1,0,-1.192093E-07,0,0,0,2.5,0.2425909,0,-1,0,-1.192093E-07,0,0,0,0.2425909
1732482691497,-46.9468,1.559291,-0.2067795,-0.9893769,-0.02407817,-0.1433666,-0.01888275,-0.005543232,-0.03061295,2.5,0.2425909,0,-1,0,-1.192093E-07,0,0,0,2.5,0.2425909,0,-1,0,-1.192093E-07,0,0,0,0.2425909
1732482691503,-46.9468,1.559291,-0.2067795,-0.9893769,-0.02407817,-0.1433666,0,0,0,2.5,0.2425909,0,-1,0,-1.192093E-07,0,0,0,2.5,0.2425909,0,-1,0,-1.192093E-07,0,0,0,0.2425909
1732482691525,-46.94669,1.559107,-0.2067184,-0.9893647,-0.0240143,-0.1434612,0.007724762,-0.01375973,0.004577637,2.5,0.2425909,0,-1,0,-1.192093E-07,0,0,0,2.5,0.2425909,0,-1,0,-1.192093E-07,0,0,0,0.2425909
1732482691532,-46.94669,1.559107,-0.2067184,-0.9893647,-0.0240143,-0.1434612,0,0,0,2.5,0.2425909,0,-1,0,-1.192093E-07,0,0,0,2.5,0.2425909,0,-1,0,-1.192093E-07,0,0,0,0.2425909
1732482691554,-46.94654,1.559007,-0.2067528,-0.9893918,-0.02408864,-0.1432629,0.01115799,-0.007554889,-0.002574921,2.5,0.2425909,0,-1,0,-1.192093E-07,0,0,0,2.5,0.2425909,0,-1,0,-1.192093E-07,0,0,0,0.2425909
1732482691561,-46.94654,1.559007,-0.2067528,-0.9893918,-0.02408864,-0.1432629,0,0,0,2.5,0.2425909,0,-1,0,-1.192093E-07,0,0,0,2.5,0.2425909,0,-1,0,-1.192093E-07,0,0,0,0.2425909
1732482691584,-46.9464,1.558892,-0.2067184,-0.989475,-0.02422356,-0.1426628,0.01115799,-0.008636713,0.002574921,2.5,0.2425909,0,-1,0,-1.192093E-07,0,0,0,2.5,0.2425909,0,-1,0,-1.192093E-07,0,0,0,0.2425909
1732482691590,-46.9464,1.558892,-0.2067184,-0.989475,-0.02422356,-0.1426628,0,0,0,2.5,0.2425909,0,-1,0,-1.192093E-07,0,0,0,2.5,0.2425909,0,-1,0,-1.192093E-07,0,0,0,0.2425909
1732482691597,-46.9464,1.558892,-0.2067184,-0.989475,-0.02422356,-0.1426628,0,0,0,2.5,0.2425909,0,-1,0,-1.192093E-07,0,0,0,2.5,0.2425909,0,-1,0,-1.192093E-07,0,0,0,0.2425909
1732482691612,-46.94628,1.558936,-0.2068977,-0.989498,-0.02429174,-0.1424932,0.008583069,0.003299117,-0.01344681,2.5,0.2425909,0,-1,0,-1.192093E-07,0,0,0,2.5,0.2425909,0,-1,0,-1.192093E-07,0,0,0,0.2425909
1732482691619,-46.94628,1.558936,-0.2068977,-0.989498,-0.02429174,-0.1424932,0,0,0,2.5,0.2425909,0,-1,0,-1.192093E-07,0,0,0,2.5,0.2425909,0,-1,0,-1.192093E-07,0,0,0,0.2425909
1732482691640,-46.94618,1.558984,-0.2071304,-0.9894884,-0.02470671,-0.1424879,0.00743866,0.003603101,-0.01745224,2.5,0.2425909,0,-1,0,-1.192093E-07,0,0,0,2.5,0.2425909,0,-1,0,-1.192093E-07,0,0,0,0.2425909
1732482691647,-46.94618,1.558984,-0.2071304,-0.9894884,-0.02470671,-0.1424879,0,0,0,2.5,0.2425909,0,-1,0,-1.192093E-07,0,0,0,2.5,0.2425909,0,-1,0,-1.192093E-07,0,0,0,0.2425909
1732482691681,-46.94598,1.558794,-0.2070465,-0.9894997,-0.02464485,-0.1424202,0.01516342,-0.01425147,0.00629425,2.5,0.2425909,0,-1,0,-1.192093E-07,0,0,0,2.5,0.2425909,0,-1,0,-1.192093E-07,0,0,0,0.2425909
1732482691687,-46.94598,1.558794,-0.2070465,-0.9894997,-0.02464485,-0.1424202,0,0,0,2.5,0.2425909,0,-1,0,-1.192093E-07,0,0,0,2.5,0.2425909,0,-1,0,-1.192093E-07,0,0,0,0.2425909
