unix_ms,pos_x,pos_y,pos_z,forward_x,forward_y,forward_z,vel_x,vel_y,vel_z,leftHandPos_x,leftHandPos_y,leftHandPos_z,leftHandForward_x,leftHandForward_y,leftHandForward_z,leftHandVelocity_x,leftHandVelocity_y,leftHandVelocity_z,rightHandPos_x,rightHandPos_y,rightHandPos_z,rightHandForward_x,rightHandForward_y,rightHandForward_z,rightHandVelocity_x,rightHandVelocity_y,rightHandVelocity_z,heightOffset
1730306161294,2.113218,1.534526,-0.02641568,-0.9832689,0.181383,-0.0168283,0.002557039,0.003620982,0.002384931,2.5,0,0,0,8.74228E-08,1,0,0,0,2.5,0,0,0,0,1,0,0,0,0
1730306161299,2.113218,1.534526,-0.02641568,-0.9832689,0.181383,-0.0168283,0,0,0,2.5,0,0,0,8.74228E-08,1,0,0,0,2.5,0,0,0,0,1,0,0,0,0
1730306161322,2.111524,1.53445,-0.02565134,-0.98336,0.1810186,-0.01535654,-0.1270473,-0.005659461,0.05732551,2.5,0,0,0,8.74228E-08,1,0,0,0,2.5,0,0,0,0,1,0,0,0,0
1730306161327,2.111524,1.53445,-0.02565134,-0.98336,0.1810186,-0.01535654,0,0,0,2.5,0,0,0,8.74228E-08,1,0,0,0,2.5,0,0,0,0,1,0,0,0,0
1730306161350,2.109666,1.534389,-0.02477148,-0.9834322,0.1807084,-0.01435673,-0.1393318,-0.004559755,0.06598905,2.5,0,0,0,8.74228E-08,1,0,0,0,2.5,0,0,0,0,1,0,0,0,0
1730306161355,2.109666,1.534389,-0.02477148,-0.9834322,0.1807084,-0.01435673,0,0,0,2.5,0,0,0,8.74228E-08,1,0,0,0,2.5,0,0,0,0,1,0,0,0,0
1730306161378,2.107686,1.534207,-0.02386755,-0.9835699,0.1800466,-0.01318502,-0.1485229,-0.01366138,0.06779507,2.5,0,0,0,8.74228E-08,1,0,0,0,2.5,0,0,0,0,1,0,0,0,0
1730306161384,2.107686,1.534207,-0.02386755,-0.9835699,0.1800466,-0.01318502,0,0,0,2.5,0,0,0,8.74228E-08,1,0,0,0,2.5,0,0,0,0,1,0,0,0,0
1730306161405,2.105589,1.534264,-0.02290934,-0.9836672,0.1795959,-0.01202607,-0.1572311,0.004291534,0.07186532,2.5,0,0,0,8.74228E-08,1,0,0,0,2.5,0,0,0,0,1,0,0,0,0
1730306161411,2.105589,1.534264,-0.02290934,-0.9836672,0.1795959,-0.01202607,0,0,0,2.5,0,0,0,8.74228E-08,1,0,0,0,2.5,0,0,0,0,1,0,0,0,0
1730306161433,2.103317,1.534253,-0.02185372,-0.9836226,0.1799534,-0.01017928,-0.1704097,-0.0008225441,0.0791721,2.5,0,0,0,8.74228E-08,1,0,0,0,2.5,0,0,0,0,1,0,0,0,0
1730306161439,2.103317,1.534253,-0.02185372,-0.9836226,0.1799534,-0.01017928,0,0,0,2.5,0,0,0,8.74228E-08,1,0,0,0,2.5,0,0,0,0,1,0,0,0,0
1730306161461,2.100866,1.534084,-0.02074149,-0.9836683,0.1798087,-0.008124948,-0.1838386,-0.01266897,0.0834167,2.5,0,0,0,8.74228E-08,1,0,0,0,2.5,0,0,0,0,1,0,0,0,0
1730306161466,2.100866,1.534084,-0.02074149,-0.9836683,0.1798087,-0.008124948,0,0,0,2.5,0,0,0,8.74228E-08,1,0,0,0,2.5,0,0,0,0,1,0,0,0,0
1730306161472,2.100866,1.534084,-0.02074149,-0.9836683,0.1798087,-0.008124948,0,0,0,2.5,0,0,0,8.74228E-08,1,0,0,0,2.5,0,0,0,0,1,0,0,0,0
1730306161488,2.098359,1.533838,-0.01943699,-0.9839016,0.1785696,-0.007135153,-0.188005,-0.01851618,0.09783804,2.5,0,0,0,8.74228E-08,1,0,0,0,2.5,0,0,0,0,1,0,0,0,0
1730306161494,2.098359,1.533838,-0.01943699,-0.9839016,0.1785696,-0.007135153,0,0,0,2.5,0,0,0,8.74228E-08,1,0,0,0,2.5,0,0,0,0,1,0,0,0,0
1730306161516,2.095538,1.533804,-0.018152,-0.9841374,0.1772953,-0.00635767,-0.2116084,-0.002485514,0.09637401,2.5,0,0,0,8.74228E-08,1,0,0,0,2.5,0,0,0,0,1,0,0,0,0
1730306161542,2.092237,1.533995,-0.01665673,-0.984145,0.1772146,-0.007335782,-0.24755,0.01428723,0.1121454,2.5,0,0,0,8.74228E-08,1,0,0,0,2.5,0,0,0,0,1,0,0,0,0
1730306161548,2.092237,1.533995,-0.01665673,-0.984145,0.1772146,-0.007335782,0,0,0,2.5,0,0,0,8.74228E-08,1,0,0,0,2.5,0,0,0,0,1,0,0,0,0
1730306161569,2.088516,1.53382,-0.01503938,-0.9842113,0.176828,-0.007777452,-0.2791107,-0.01313388,0.1213007,2.5,0,0,0,8.74228E-08,1,0,0,0,2.5,0,0,0,0,1,0,0,0,0
1730306161576,2.088516,1.53382,-0.01503938,-0.9842113,0.176828,-0.007777452,0,0,0,2.5,0,0,0,8.74228E-08,1,0,0,0,2.5,0,0,0,0,1,0,0,0,0
1730306161582,2.088516,1.53382,-0.01503938,-0.9842113,0.176828,-0.007777452,0,0,0,2.5,0,0,0,8.74228E-08,1,0,0,0,2.5,0,0,0,0,1,0,0,0,0
1730306161597,2.084388,1.533416,-0.01330554,-0.9845123,0.1750984,-0.008732557,-0.3095806,-0.0302732,0.130038,2.5,0,0,0,8.74228E-08,1,0,0,0,2.5,0,0,0,0,1,0,0,0,0
1730306161605,2.084388,1.533416,-0.01330554,-0.9845123,0.1750984,-0.008732557,0,0,0,2.5,0,0,0,8.74228E-08,1,0,0,0,2.5,0,0,0,0,1,0,0,0,0
1730306161625,2.080035,1.532327,-0.01141846,-0.9844435,0.175408,-0.01015282,-0.3264427,-0.08165538,0.1415312,2.5,0,0,0,8.74228E-08,1,0,0,0,2.5,0,0,0,0,1,0,0,0,0
1730306161631,2.080035,1.532327,-0.01141846,-0.9844435,0.175408,-0.01015282,0,0,0,2.5,0,0,0,8.74228E-08,1,0,0,0,2.5,0,0,0,0,1,0,0,0,0
1730306161665,2.075327,1.529623,-0.009417862,-0.9843869,0.175603,-0.0121088,-0.3531575,-0.2028197,0.150045,2.5,0,0,0,8.74228E-08,1,0,0,0,2.5,0,0,0,0,1,0,0,0,0
1730306161673,2.075327,1.529623,-0.009417862,-0.9843869,0.175603,-0.0121088,0,0,0,2.5,0,0,0,8.74228E-08,1,0,0,0,2.5,0,0,0,0,1,0,0,0,0
1730306161705,2.067276,1.525994,-0.006487608,-0.9861269,0.1649101,-0.01893401,-0.603801,-0.2722174,0.219769,2.5,0,0,0,8.74228E-08,1,0,0,0,2.5,0,0,0,0,1,0,0,0,0
1730306161712,2.067276,1.525994,-0.006487608,-0.9861269,0.1649101,-0.01893401,0,0,0,2.5,0,0,0,8.74228E-08,1,0,0,0,2.5,0,0,0,0,1,0,0,0,0
1730306161717,2.067276,1.525994,-0.006487608,-0.9861269,0.1649101,-0.01893401,0,0,0,2.5,0,0,0,8.74228E-08,1,0,0,0,2.5,0,0,0,0,1,0,0,0,0
1730306161734,2.057857,1.522011,-0.003608853,-0.9874468,0.1548609,-0.03109872,-0.7064044,-0.298664,0.2159066,2.5,0,0,0,8.74228E-08,1,0,0,0,2.5,0,0,0,0,1,0,0,0,0
1730306161739,2.057857,1.522011,-0.003608853,-0.9874468,0.1548609,-0.03109872,0,0,0,2.5,0,0,0,8.74228E-08,1,0,0,0,2.5,0,0,0,0,1,0,0,0,0
1730306161744,2.057857,1.522011,-0.003608853,-0.9874468,0.1548609,-0.03109872,0,0,0,2.5,0,0,0,8.74228E-08,1,0,0,0,2.5,0,0,0,0,1,0,0,0,0
1730306161762,2.050789,1.519965,-0.001621932,-0.9879513,0.1500685,-0.03783977,-0.5301476,-0.1535028,0.1490191,2.5,0,0,0,8.74228E-08,1,0,0,0,2.5,0,0,0,0,1,0,0,0,0
1730306161767,2.050789,1.519965,-0.001621932,-0.9879513,0.1500685,-0.03783977,0,0,0,2.5,0,0,0,8.74228E-08,1,0,0,0,2.5,0,0,0,0,1,0,0,0,0
1730306161789,2.043191,1.518182,0.0002169907,-0.9884307,0.1454085,-0.04314327,-0.5698442,-0.1337349,0.1379192,2.5,0,0,0,8.74228E-08,1,0,0,0,2.5,0,0,0,0,1,0,0,0,0
1730306161794,2.043191,1.518182,0.0002169907,-0.9884307,0.1454085,-0.04314327,0,0,0,2.5,0,0,0,8.74228E-08,1,0,0,0,2.5,0,0,0,0,1,0,0,0,0
1730306161817,2.034737,1.517466,0.001682609,-0.989723,0.1354732,-0.04578364,-0.6340563,-0.05364418,0.1099214,2.5,0,0,0,8.74228E-08,1,0,0,0,2.5,0,0,0,0,1,0,0,0,0
1730306161823,2.034737,1.517466,0.001682609,-0.989723,0.1354732,-0.04578364,0,0,0,2.5,0,0,0,8.74228E-08,1,0,0,0,2.5,0,0,0,0,1,0,0,0,0
1730306161846,2.025502,1.51825,0.003207862,-0.991002,0.1254133,-0.04676211,-0.6925821,0.05877614,0.114394,2.5,0,0,0,8.74228E-08,1,0,0,0,2.5,0,0,0,0,1,0,0,0,0
1730306161851,2.025502,1.51825,0.003207862,-0.991002,0.1254133,-0.04676211,0,0,0,2.5,0,0,0,8.74228E-08,1,0,0,0,2.5,0,0,0,0,1,0,0,0,0
1730306161874,2.01607,1.517937,0.004490763,-0.992034,0.1176688,-0.0449748,-0.7073879,-0.02346039,0.09621754,2.5,0,0,0,8.74228E-08,1,0,0,0,2.5,0,0,0,0,1,0,0,0,0
1730306161880,2.01607,1.517937,0.004490763,-0.992034,0.1176688,-0.0449748,0,0,0,2.5,0,0,0,8.74228E-08,1,0,0,0,2.5,0,0,0,0,1,0,0,0,0
1730306161904,2.00607,1.517661,0.005720973,-0.992892,0.1109587,-0.04305565,-0.750035,-0.02072453,0.09226575,2.5,0,0,0,8.74228E-08,1,0,0,0,2.5,0,0,0,0,1,0,0,0,0
1730306161909,2.00607,1.517661,0.005720973,-0.992892,0.1109587,-0.04305565,0,0,0,2.5,0,0,0,8.74228E-08,1,0,0,0,2.5,0,0,0,0,1,0,0,0,0
1730306161932,1.99524,1.517379,0.006829262,-0.992577,0.1141103,-0.04207003,-0.8122712,-0.02113581,0.08312166,2.5,0,0,0,8.74228E-08,1,0,0,0,2.5,0,0,0,0,1,0,0,0,0
1730306161938,1.99524,1.517379,0.006829262,-0.992577,0.1141103,-0.04207003,0,0,0,2.5,0,0,0,8.74228E-08,1,0,0,0,2.5,0,0,0,0,1,0,0,0,0
1730306161943,1.99524,1.517379,0.006829262,-0.992577,0.1141103,-0.04207003,0,0,0,2.5,0,0,0,8.74228E-08,1,0,0,0,2.5,0,0,0,0,1,0,0,0,0
1730306161960,1.983595,1.51598,0.007572234,-0.9918126,0.1203672,-0.04265964,-0.8733183,-0.1048923,0.05572289,2.5,0,0,0,8.74228E-08,1,0,0,0,2.5,0,0,0,0,1,0,0,0,0
1730306161965,1.983595,1.51598,0.007572234,-0.9918126,0.1203672,-0.04265964,0,0,0,2.5,0,0,0,8.74228E-08,1,0,0,0,2.5,0,0,0,0,1,0,0,0,0
1730306161988,1.971412,1.514378,0.008465052,-0.9914969,0.1221795,-0.04479337,-0.913775,-0.1202077,0.06696135,2.5,0.0003911257,0,0,8.74228E-08,1,0,0.02933443,0,2.5,0.0003911257,0,0,0,1,0,0.02933443,0,0.0003911257
1730306161993,1.971412,1.514378,0.008465052,-0.9914969,0.1221795,-0.04479337,0,0,0,2.5,0.0003911257,0,0,8.74228E-08,1,0,0,0,2.5,0.0003911257,0,0,0,1,0,0,0,0.0003911257
1730306162015,1.958374,1.51455,0.009065747,-0.9915732,0.1202133,-0.04828775,-0.977844,0.01293719,0.04505217,2.5,0.003196239,0,0,8.74228E-08,1,0,0.2103835,0,2.5,0.003196239,0,0,0,1,0,0.2103835,0,0.003196239
1730306162020,1.958374,1.51455,0.009065747,-0.9915732,0.1202133,-0.04828775,0,0,0,2.5,0.003196239,0,0,8.74228E-08,1,0,0,0,2.5,0.003196239,0,0,0,1,0,0,0,0.003196239
1730306162043,1.944614,1.514656,0.009559572,-0.9921054,0.114711,-0.05068314,-1.032007,0.007939339,0.03703684,2.5,0.006657362,0,0,8.74228E-08,1,0,0.2595842,0,2.5,0.006657362,0,0,0,1,0,0.2595842,0,0.006657362
1730306162048,1.944614,1.514656,0.009559572,-0.9921054,0.114711,-0.05068314,0,0,0,2.5,0.006657362,0,0,8.74228E-08,1,0,0,0,2.5,0.006657362,0,0,0,1,0,0,0,0.006657362
1730306162071,1.930069,1.514864,0.009811759,-0.9924299,0.11152,-0.05144465,-1.090854,0.01556575,0.01891404,2.5,0.01025581,0,0,8.74228E-08,1,0,0.2698839,0,2.5,0.01025581,0,0,0,1,0,0.2698839,0,0.01025581
1730306162076,1.930069,1.514864,0.009811759,-0.9924299,0.11152,-0.05144465,0,0,0,2.5,0.01025581,0,0,8.74228E-08,1,0,0,0,2.5,0.01025581,0,0,0,1,0,0,0,0.01025581
1730306162100,1.914732,1.514806,0.009767234,-0.9927642,0.1093154,-0.04969323,-1.15031,-0.004300475,-0.00333935,2.5,0.0138514,0,0,8.74228E-08,1,0,0.2696693,0,2.5,0.0138514,0,0,0,1,0,0.2696693,0,0.0138514
1730306162105,1.914732,1.514806,0.009767234,-0.9927642,0.1093154,-0.04969323,0,0,0,2.5,0.0138514,0,0,8.74228E-08,1,0,0,0,2.5,0.0138514,0,0,0,1,0,0,0,0.0138514
1730306162128,1.898819,1.514725,0.009581327,-0.9930429,0.1083731,-0.04605675,-1.193458,-0.006079674,-0.01394302,2.5,0.0179379,0,0,8.74228E-08,1,0,0.3064871,0,2.5,0.0179379,0,0,0,1,0,0.3064871,0,0.0179379
1730306162133,1.898819,1.514725,0.009581327,-0.9930429,0.1083731,-0.04605675,0,0,0,2.5,0.0179379,0,0,8.74228E-08,1,0,0,0,2.5,0.0179379,0,0,0,1,0,0,0,0.0179379
1730306162155,1.882113,1.515106,0.009046316,-0.9932615,0.1079472,-0.04217911,-1.252967,0.02854764,-0.04012585,2.5,0.02189338,0,0,8.74228E-08,1,0,0.2966613,0,2.5,0.02189338,0,0,0,1,0,0.2966613,0,0.02189338
1730306162161,1.882113,1.515106,0.009046316,-0.9932615,0.1079472,-0.04217911,0,0,0,2.5,0.02189338,0,0,8.74228E-08,1,0,0,0,2.5,0.02189338,0,0,0,1,0,0,0,0.02189338
1730306162183,1.864671,1.515081,0.008054972,-0.9930702,0.110789,-0.03921235,-1.308113,-0.001841784,-0.07435083,2.5,0.02495146,0,0,8.74228E-08,1,0,0.2293557,0,2.5,0.02495146,0,0,0,1,0,0.2293557,0,0.02495146
1730306162188,1.864671,1.515081,0.008054972,-0.9930702,0.110789,-0.03921235,0,0,0,2.5,0.02495146,0,0,8.74228E-08,1,0,0,0,2.5,0.02495146,0,0,0,1,0,0,0,0.02495146
1730306162193,1.864671,1.515081,0.008054972,-0.9930702,0.110789,-0.03921235,0,0,0,2.5,0.02495146,0,0,8.74228E-08,1,0,0,0,2.5,0.02495146,0,0,0,1,0,0,0,0.02495146
1730306162211,1.846464,1.514894,0.006494582,-0.9920862,0.1188797,-0.04040885,-1.365495,-0.01402795,-0.1170292,2.5,0.02792883,0,0,8.74228E-08,1,0,0.2233028,0,2.5,0.02792883,0,0,0,1,0,0.2233028,0,0.02792883
1730306162216,1.846464,1.514894,0.006494582,-0.9920862,0.1188797,-0.04040885,0,0,0,2.5,0.02792883,0,0,8.74228E-08,1,0,0,0,2.5,0.02792883,0,0,0,1,0,0,0,0.02792883
1730306162239,1.827741,1.514931,0.004668117,-0.9909893,0.1269225,-0.04279602,-1.404262,0.002726912,-0.1369849,2.5,0.03094578,0,0,8.74228E-08,1,0,0.2262712,0,2.5,0.03094578,0,0,0,1,0,0.2262712,0,0.03094578
1730306162244,1.827741,1.514931,0.004668117,-0.9909893,0.1269225,-0.04279602,0,0,0,2.5,0.03094578,0,0,8.74228E-08,1,0,0,0,2.5,0.03094578,0,0,0,1,0,0,0,0.03094578
1730306162265,1.808133,1.515329,0.002730489,-0.9897153,0.1349639,-0.04741931,-1.470566,0.02984405,-0.1453221,2.5,0.03333879,0,0,8.74228E-08,1,0,0.1794755,0,2.5,0.03333879,0,0,0,1,0,0.1794755,0,0.03333879
1730306162271,1.808133,1.515329,0.002730489,-0.9897153,0.1349639,-0.04741931,0,0,0,2.5,0.03333879,0,0,8.74228E-08,1,0,0,0,2.5,0.03333879,0,0,0,1,0,0,0,0.03333879
1730306162293,1.787452,1.517,0.0005460978,-0.9895415,0.1343073,-0.05262828,-1.551104,0.1253754,-0.1638293,2.5,0.0340302,0,0,8.74228E-08,1,0,0.05185604,0,2.5,0.0340302,0,0,0,1,0,0.05185604,0,0.0340302
1730306162299,1.787452,1.517,0.0005460978,-0.9895415,0.1343073,-0.05262828,0,0,0,2.5,0.0340302,0,0,8.74228E-08,1,0,0,0,2.5,0.0340302,0,0,0,1,0,0,0,0.0340302
1730306162321,1.766107,1.518928,-0.001390517,-0.9871057,0.1496949,-0.05669177,-1.600885,0.1446158,-0.1452461,2.5,0.0340302,0,0,8.74228E-08,1,0,0,0,2.5,0.0340302,0,0,0,1,0,0,0,0.0340302
1730306162327,1.766107,1.518928,-0.001390517,-0.9871057,0.1496949,-0.05669177,0,0,0,2.5,0.0340302,0,0,8.74228E-08,1,0,0,0,2.5,0.0340302,0,0,0,1,0,0,0,0.0340302
1730306162349,1.743875,1.521512,-0.00364387,-0.9861407,0.1549565,-0.05928946,-1.667422,0.1937538,-0.1690015,2.5,0.0340302,0,0,8.74228E-08,1,0,0,0,2.5,0.0340302,0,0,0,1,0,0,0,0.0340302
1730306162355,1.743875,1.521512,-0.00364387,-0.9861407,0.1549565,-0.05928946,0,0,0,2.5,0.0340302,0,0,8.74228E-08,1,0,0,0,2.5,0.0340302,0,0,0,1,0,0,0,0.0340302
1730306162377,1.72124,1.525534,-0.005533159,-0.9846942,0.1624043,-0.06326509,-1.697624,0.3016412,-0.1416966,2.5,0.0340302,0,0,8.74228E-08,1,0,0,0,2.5,0.0340302,0,0,0,1,0,0,0,0.0340302
1730306162383,1.72124,1.525534,-0.005533159,-0.9846942,0.1624043,-0.06326509,0,0,0,2.5,0.0340302,0,0,8.74228E-08,1,0,0,0,2.5,0.0340302,0,0,0,1,0,0,0,0.0340302
1730306162405,1.698406,1.5303,-0.007130682,-0.9848269,0.1607026,-0.06550705,-1.712519,0.3574669,-0.1198143,2.5,0.0340302,0,0,8.74228E-08,1,0,0,0,2.5,0.0340302,0,0,0,1,0,0,0,0.0340302
1730306162411,1.698406,1.5303,-0.007130682,-0.9848269,0.1607026,-0.06550705,0,0,0,2.5,0.0340302,0,0,8.74228E-08,1,0,0,0,2.5,0.0340302,0,0,0,1,0,0,0,0.0340302
1730306162434,1.675115,1.537554,-0.008490264,-0.98549,0.1573336,-0.06368434,-1.746842,0.5440414,-0.1019686,2.5,0.0340302,0,0,8.74228E-08,1,0,0,0,2.5,0.0340302,0,0,0,1,0,0,0,0.0340302
1730306162439,1.675115,1.537554,-0.008490264,-0.98549,0.1573336,-0.06368434,0,0,0,2.5,0.0340302,0,0,8.74228E-08,1,0,0,0,2.5,0.0340302,0,0,0,1,0,0,0,0.0340302
1730306162461,1.651946,1.542497,-0.009646058,-0.9851898,0.1604867,-0.06037843,-1.73766,0.3707349,-0.08668453,2.5,0.0340302,0,0,8.74228E-08,1,0,0,0,2.5,0.0340302,0,0,0,1,0,0,0,0.0340302
1730306162467,1.651946,1.542497,-0.009646058,-0.9851898,0.1604867,-0.06037843,0,0,0,2.5,0.0340302,0,0,8.74228E-08,1,0,0,0,2.5,0.0340302,0,0,0,1,0,0,0,0.0340302
1730306162489,1.628526,1.547385,-0.01099288,-0.9857351,0.1583163,-0.05711842,-1.756498,0.3666222,-0.101012,2.5,0.0340302,0,0,8.74228E-08,1,0,0,0,2.5,0.0340302,0,0,0,1,0,0,0,0.0340302
1730306162495,1.628526,1.547385,-0.01099288,-0.9857351,0.1583163,-0.05711842,0,0,0,2.5,0.0340302,0,0,8.74228E-08,1,0,0,0,2.5,0.0340302,0,0,0,1,0,0,0,0.0340302
1730306162500,1.628526,1.547385,-0.01099288,-0.9857351,0.1583163,-0.05711842,0,0,0,2.5,0.0340302,0,0,8.74228E-08,1,0,0,0,2.5,0.0340302,0,0,0,1,0,0,0,0.0340302
1730306162516,1.605078,1.550468,-0.01183772,-0.985737,0.1599193,-0.05242765,-1.758608,0.2311885,-0.06336272,2.5,0.0340302,0,0,8.74228E-08,1,0,0,0,2.5,0.0340302,0,0,0,1,0,0,0,0.0340302
1730306162521,1.605078,1.550468,-0.01183772,-0.985737,0.1599193,-0.05242765,0,0,0,2.5,0.0340302,0,0,8.74228E-08,1,0,0,0,2.5,0.0340302,0,0,0,1,0,0,0,0.0340302
1730306162544,1.581346,1.553622,-0.01259571,-0.9865193,0.156888,-0.04654145,-1.779869,0.2365887,-0.05684942,2.5,0.0340302,0,0,8.74228E-08,1,0,0,0,2.5,0.0340302,0,0,0,1,0,0,0,0.0340302
1730306162549,1.581346,1.553622,-0.01259571,-0.9865193,0.156888,-0.04654145,0,0,0,2.5,0.0340302,0,0,8.74228E-08,1,0,0,0,2.5,0.0340302,0,0,0,1,0,0,0,0.0340302
1730306162584,1.557287,1.555818,-0.01334941,-0.9868876,0.1558078,-0.04216051,-1.804429,0.1646876,-0.05652755,2.5,0.0340302,0,0,8.74228E-08,1,0,0,0,2.5,0.0340302,0,0,0,1,0,0,0,0.0340302
1730306162589,1.557287,1.555818,-0.01334941,-0.9868876,0.1558078,-0.04216051,0,0,0,2.5,0.0340302,0,0,8.74228E-08,1,0,0,0,2.5,0.0340302,0,0,0,1,0,0,0,0.0340302
1730306162611,1.52006,1.557211,-0.01465803,-0.9894978,0.1383701,-0.04181194,-2.792072,0.104481,-0.0981465,2.5,0.0340302,0,0,8.74228E-08,1,0,0,0,2.5,0.0340302,0,0,0,1,0,0,0,0.0340302
1730306162617,1.52006,1.557211,-0.01465803,-0.9894978,0.1383701,-0.04181194,0,0,0,2.5,0.0340302,0,0,8.74228E-08,1,0,0,0,2.5,0.0340302,0,0,0,1,0,0,0,0.0340302
1730306162622,1.52006,1.557211,-0.01465803,-0.9894978,0.1383701,-0.04181194,0,0,0,2.5,0.0340302,0,0,8.74228E-08,1,0,0,0,2.5,0.0340302,0,0,0,1,0,0,0,0.0340302
1730306162640,1.495066,1.557439,-0.01553464,-0.9913806,0.122475,-0.04653025,-1.874551,0.01707673,-0.06574541,2.5,0.0340302,0,0,8.74228E-08,1,0,0,0,2.5,0.0340302,0,0,0,1,0,0,0,0.0340302
1730306162645,1.495066,1.557439,-0.01553464,-0.9913806,0.122475,-0.04653025,0,0,0,2.5,0.0340302,0,0,8.74228E-08,1,0,0,0,2.5,0.0340302,0,0,0,1,0,0,0,0.0340302
1730306162667,1.470246,1.556448,-0.01624024,-0.9928105,0.1082403,-0.05110466,-1.861435,-0.07430613,-0.05291998,2.5,0.0340302,0,0,8.74228E-08,1,0,0,0,2.5,0.0340302,0,0,0,1,0,0,0,0.0340302
1730306162673,1.470246,1.556448,-0.01624024,-0.9928105,0.1082403,-0.05110466,0,0,0,2.5,0.0340302,0,0,8.74228E-08,1,0,0,0,2.5,0.0340302,0,0,0,1,0,0,0,0.0340302
1730306162694,1.44545,1.555507,-0.01641679,-0.9935738,0.09865607,-0.05548179,-1.859719,-0.07061362,-0.01324117,2.5,0.0340302,0,0,8.74228E-08,1,0,0,0,2.5,0.0340302,0,0,0,1,0,0,0,0.0340302
1730306162700,1.44545,1.555507,-0.01641679,-0.9935738,0.09865607,-0.05548179,0,0,0,2.5,0.0340302,0,0,8.74228E-08,1,0,0,0,2.5,0.0340302,0,0,0,1,0,0,0,0.0340302
1730306162722,1.420568,1.5537,-0.01666605,-0.9940367,0.09336729,-0.05633855,-1.866156,-0.1354963,-0.018695,2.5,0.0340302,0,0,8.74228E-08,1,0,0,0,2.5,0.0340302,0,0,0,1,0,0,0,0.0340302
1730306162727,1.420568,1.5537,-0.01666605,-0.9940367,0.09336729,-0.05633855,0,0,0,2.5,0.0340302,0,0,8.74228E-08,1,0,0,0,2.5,0.0340302,0,0,0,1,0,0,0,0.0340302
1730306162750,1.395386,1.550931,-0.01673651,-0.9947307,0.08585493,-0.0560348,-1.888669,-0.2076924,-0.005283952,2.5,0.0340302,0,0,8.74228E-08,1,0,0,0,2.5,0.0340302,0,0,0,1,0,0,0,0.0340302
1730306162756,1.395386,1.550931,-0.01673651,-0.9947307,0.08585493,-0.0560348,0,0,0,2.5,0.0340302,0,0,8.74228E-08,1,0,0,0,2.5,0.0340302,0,0,0,1,0,0,0,0.0340302
1730306162778,1.370213,1.547996,-0.01656902,-0.9952576,0.08125804,-0.05347931,-1.887989,-0.2201378,0.01256168,2.5,0.0340302,0,0,8.74228E-08,1,0,0,0,2.5,0.0340302,0,0,0,1,0,0,0,0.0340302
1730306162783,1.370213,1.547996,-0.01656902,-0.9952576,0.08125804,-0.05347931,0,0,0,2.5,0.0340302,0,0,8.74228E-08,1,0,0,0,2.5,0.0340302,0,0,0,1,0,0,0,0.0340302
1730306162807,1.344919,1.544942,-0.01616025,-0.9953042,0.08315781,-0.04954743,-1.897037,-0.229007,0.03065765,2.5,0.0340302,0,0,8.74228E-08,1,0,0,0,2.5,0.0340302,0,0,0,1,0,0,0,0.0340302
1730306162812,1.344919,1.544942,-0.01616025,-0.9953042,0.08315781,-0.04954743,0,0,0,2.5,0.0340302,0,0,8.74228E-08,1,0,0,0,2.5,0.0340302,0,0,0,1,0,0,0,0.0340302
1730306162835,1.319102,1.541268,-0.01582861,-0.9948128,0.09098355,-0.0454967,-1.936287,-0.2755791,0.02487302,2.5,0.0340302,0,0,8.74228E-08,1,0,0,0,2.5,0.0340302,0,0,0,1,0,0,0,0.0340302
1730306162840,1.319102,1.541268,-0.01582861,-0.9948128,0.09098355,-0.0454967,0,0,0,2.5,0.0340302,0,0,8.74228E-08,1,0,0,0,2.5,0.0340302,0,0,0,1,0,0,0,0.0340302
1730306162863,1.292574,1.53596,-0.01565242,-0.9940529,0.1001661,-0.0427357,-1.989573,-0.3980935,0.01321435,2.5,0.0340302,0,0,8.74228E-08,1,0,0,0,2.5,0.0340302,0,0,0,1,0,0,0,0.0340302
1730306162868,1.292574,1.53596,-0.01565242,-0.9940529,0.1001661,-0.0427357,0,0,0,2.5,0.0340302,0,0,8.74228E-08,1,0,0,0,2.5,0.0340302,0,0,0,1,0,0,0,0.0340302
1730306162891,1.26533,1.530794,-0.01568902,-0.9941037,0.09975158,-0.04252386,-2.043271,-0.3874451,-0.002744794,2.5,0.0340302,0,0,8.74228E-08,1,0,0,0,2.5,0.0340302,0,0,0,1,0,0,0,0.0340302
1730306162897,1.26533,1.530794,-0.01568902,-0.9941037,0.09975158,-0.04252386,0,0,0,2.5,0.0340302,0,0,8.74228E-08,1,0,0,0,2.5,0.0340302,0,0,0,1,0,0,0,0.0340302
1730306162902,1.26533,1.530794,-0.01568902,-0.9941037,0.09975158,-0.04252386,0,0,0,2.5,0.0340302,0,0,8.74228E-08,1,0,0,0,2.5,0.0340302,0,0,0,1,0,0,0,0.0340302
1730306162919,1.237961,1.524785,-0.01549566,-0.9948987,0.09006219,-0.04545116,-2.052677,-0.4506648,0.01450181,2.5,0.0340302,0,0,8.74228E-08,1,0,0,0,2.5,0.0340302,0,0,0,1,0,0,0,0.0340302
1730306162924,1.237961,1.524785,-0.01549566,-0.9948987,0.09006219,-0.04545116,0,0,0,2.5,0.0340302,0,0,8.74228E-08,1,0,0,0,2.5,0.0340302,0,0,0,1,0,0,0,0.0340302
1730306162947,1.210304,1.520005,-0.01498544,-0.9953228,0.08318066,-0.0491358,-2.074313,-0.3585219,0.03826618,2.5,0.0340302,0,0,8.74228E-08,1,0,0,0,2.5,0.0340302,0,0,0,1,0,0,0,0.0340302
1730306162953,1.210304,1.520005,-0.01498544,-0.9953228,0.08318066,-0.0491358,0,0,0,2.5,0.0340302,0,0,8.74228E-08,1,0,0,0,2.5,0.0340302,0,0,0,1,0,0,0,0.0340302
1730306162987,1.18233,1.516103,-0.01419461,-0.9950483,0.08398898,-0.05314958,-2.098078,-0.2926469,0.05931258,2.5,0.0340302,0,0,8.74228E-08,1,0,0,0,2.5,0.0340302,0,0,0,1,0,0,0,0.0340302
1730306162993,1.18233,1.516103,-0.01419461,-0.9950483,0.08398898,-0.05314958,0,0,0,2.5,0.0340302,0,0,8.74228E-08,1,0,0,0,2.5,0.0340302,0,0,0,1,0,0,0,0.0340302
1730306163027,1.139522,1.51941,-0.01258159,-0.995132,0.07791993,-0.06034172,-3.210568,0.2480149,0.1209766,2.5,0.03651547,0,0,8.74228E-08,1,0,0.1863956,0,2.5,0.03651547,0,0,0,1,0,0.1863956,0,0.03651547
1730306163034,1.139522,1.51941,-0.01258159,-0.995132,0.07791993,-0.06034172,0,0,0,2.5,0.03651547,0,0,8.74228E-08,1,0,0,0,2.5,0.03651547,0,0,0,1,0,0,0,0.03651547
1730306163039,1.139522,1.51941,-0.01258159,-0.995132,0.07791993,-0.06034172,0,0,0,2.5,0.03651547,0,0,8.74228E-08,1,0,0,0,2.5,0.03651547,0,0,0,1,0,0,0,0.03651547
1730306163054,1.096269,1.526579,-0.009919524,-0.9942682,0.08665226,-0.06262982,-3.243971,0.5376935,0.1996547,2.5,0.03651547,0,0,8.74228E-08,1,0,0,0,2.5,0.03651547,0,0,0,1,0,0,0,0.03651547
1730306163060,1.096269,1.526579,-0.009919524,-0.9942682,0.08665226,-0.06262982,0,0,0,2.5,0.03651547,0,0,8.74228E-08,1,0,0,0,2.5,0.03651547,0,0,0,1,0,0,0,0.03651547
1730306163066,1.096269,1.526579,-0.009919524,-0.9942682,0.08665226,-0.06262982,0,0,0,2.5,0.03651547,0,0,8.74228E-08,1,0,0,0,2.5,0.03651547,0,0,0,1,0,0,0,0.03651547
1730306163081,1.067722,1.531112,-0.008034348,-0.992757,0.1024749,-0.06271291,-2.141011,0.3399789,0.1413882,2.5,0.03651547,0,0,8.74228E-08,1,0,0,0,2.5,0.03651547,0,0,0,1,0,0,0,0.03651547
1730306163087,1.067722,1.531112,-0.008034348,-0.992757,0.1024749,-0.06271291,0,0,0,2.5,0.03651547,0,0,8.74228E-08,1,0,0,0,2.5,0.03651547,0,0,0,1,0,0,0,0.03651547
1730306163109,1.038715,1.536418,-0.006237388,-0.9925433,0.1039917,-0.06358981,-2.17554,0.3979504,0.1347721,2.5,0.03651547,0,0,8.74228E-08,1,0,0,0,2.5,0.03651547,0,0,0,1,0,0,0,0.03651547
1730306163115,1.038715,1.536418,-0.006237388,-0.9925433,0.1039917,-0.06358981,0,0,0,2.5,0.03651547,0,0,8.74228E-08,1,0,0,0,2.5,0.03651547,0,0,0,1,0,0,0,0.03651547
1730306163136,1.009501,1.541403,-0.005150795,-0.9918416,0.1106894,-0.06323552,-2.191043,0.3738999,0.08149445,2.5,0.03651547,0,0,8.74228E-08,1,0,0,0,2.5,0.03651547,0,0,0,1,0,0,0,0.03651547
1730306163142,1.009501,1.541403,-0.005150795,-0.9918416,0.1106894,-0.06323552,0,0,0,2.5,0.03651547,0,0,8.74228E-08,1,0,0,0,2.5,0.03651547,0,0,0,1,0,0,0,0.03651547
1730306163164,0.9804795,1.546053,-0.004375935,-0.9923238,0.1073681,-0.06136596,-2.176621,0.3487229,0.05811453,2.5,0.03651547,0,0,8.74228E-08,1,0,0,0,2.5,0.03651547,0,0,0,1,0,0,0,0.03651547
1730306163170,0.9804795,1.546053,-0.004375935,-0.9923238,0.1073681,-0.06136596,0,0,0,2.5,0.03651547,0,0,8.74228E-08,1,0,0,0,2.5,0.03651547,0,0,0,1,0,0,0,0.03651547
1730306163192,0.9522836,1.548776,-0.003950357,-0.9934384,0.09751782,-0.05975735,-2.114689,0.2042055,0.03191829,2.5,0.03651547,0,0,8.74228E-08,1,0,0,0,2.5,0.03651547,0,0,0,1,0,0,0,0.03651547
1730306163198,0.9522836,1.548776,-0.003950357,-0.9934384,0.09751782,-0.05975735,0,0,0,2.5,0.03651547,0,0,8.74228E-08,1,0,0,0,2.5,0.03651547,0,0,0,1,0,0,0,0.03651547
1730306163221,0.9244506,1.551845,-0.003890634,-0.9946321,0.08460093,-0.05958366,-2.087474,0.2301693,0.004479289,2.5,0.03651547,0,0,8.74228E-08,1,0,0,0,2.5,0.03651547,0,0,0,1,0,0,0,0.03651547
1730306163227,0.9244506,1.551845,-0.003890634,-0.9946321,0.08460093,-0.05958366,0,0,0,2.5,0.03651547,0,0,8.74228E-08,1,0,0,0,2.5,0.03651547,0,0,0,1,0,0,0,0.03651547
1730306163250,0.896409,1.555249,-0.003919005,-0.9951999,0.07764692,-0.05956852,-2.10312,0.2553195,-0.002127886,2.5,0.03651547,0,0,8.74228E-08,1,0,0,0,2.5,0.03651547,0,0,0,1,0,0,0,0.03651547
1730306163256,0.896409,1.555249,-0.003919005,-0.9951999,0.07764692,-0.05956852,0,0,0,2.5,0.03651547,0,0,8.74228E-08,1,0,0,0,2.5,0.03651547,0,0,0,1,0,0,0,0.03651547
1730306163262,0.896409,1.555249,-0.003919005,-0.9951999,0.07764692,-0.05956852,0,0,0,2.5,0.03651547,0,0,8.74228E-08,1,0,0,0,2.5,0.03651547,0,0,0,1,0,0,0,0.03651547
1730306163278,0.8685427,1.557112,-0.004437089,-0.9953867,0.07609251,-0.05844092,-2.089977,0.1397073,-0.03885627,2.5,0.03651547,0,0,8.74228E-08,1,0,0,0,2.5,0.03651547,0,0,0,1,0,0,0,0.03651547
1730306163284,0.8685427,1.557112,-0.004437089,-0.9953867,0.07609251,-0.05844092,0,0,0,2.5,0.03651547,0,0,8.74228E-08,1,0,0,0,2.5,0.03651547,0,0,0,1,0,0,0,0.03651547
1730306163306,0.8409047,1.55764,-0.005002141,-0.9958759,0.06861508,-0.05935764,-2.072847,0.03965199,-0.0423789,2.5,0.03651547,0,0,8.74228E-08,1,0,0,0,2.5,0.03651547,0,0,0,1,0,0,0,0.03651547
1730306163312,0.8409047,1.55764,-0.005002141,-0.9958759,0.06861508,-0.05935764,0,0,0,2.5,0.03651547,0,0,8.74228E-08,1,0,0,0,2.5,0.03651547,0,0,0,1,0,0,0,0.03651547
1730306163346,0.8136005,1.556878,-0.00572443,-0.9964941,0.05644381,-0.06175721,-2.047813,-0.05714893,-0.05417168,2.5,0.03651547,0,0,8.74228E-08,1,0,0,0,2.5,0.03651547,0,0,0,1,0,0,0,0.03651547
1730306163352,0.8136005,1.556878,-0.00572443,-0.9964941,0.05644381,-0.06175721,0,0,0,2.5,0.03651547,0,0,8.74228E-08,1,0,0,0,2.5,0.03651547,0,0,0,1,0,0,0,0.03651547
1730306163374,0.7728856,1.554983,-0.007068038,-0.9970785,0.03667631,-0.06700397,-3.053623,-0.142175,-0.1007706,2.5,0.03651547,0,0,8.74228E-08,1,0,0,0,2.5,0.03651547,0,0,0,1,0,0,0,0.03651547
1730306163380,0.7728856,1.554983,-0.007068038,-0.9970785,0.03667631,-0.06700397,0,0,0,2.5,0.03651547,0,0,8.74228E-08,1,0,0,0,2.5,0.03651547,0,0,0,1,0,0,0,0.03651547
1730306163386,0.7728856,1.554983,-0.007068038,-0.9970785,0.03667631,-0.06700397,0,0,0,2.5,0.03651547,0,0,8.74228E-08,1,0,0,0,2.5,0.03651547,0,0,0,1,0,0,0,0.03651547
1730306163403,0.7458167,1.551893,-0.008209705,-0.9969947,0.02983251,-0.07149982,-2.030164,-0.2317071,-0.08562505,2.5,0.03651547,0,0,8.74228E-08,1,0,0,0,2.5,0.03651547,0,0,0,1,0,0,0,0.03651547
1730306163409,0.7458167,1.551893,-0.008209705,-0.9969947,0.02983251,-0.07149982,0,0,0,2.5,0.03651547,0,0,8.74228E-08,1,0,0,0,2.5,0.03651547,0,0,0,1,0,0,0,0.03651547
1730306163431,0.7186226,1.548305,-0.009207726,-0.9969521,0.02418793,-0.07417643,-2.039561,-0.2691507,-0.07485151,2.5,0.03651547,0,0,8.74228E-08,1,0,0,0,2.5,0.03651547,0,0,0,1,0,0,0,0.03651547
1730306163437,0.7186226,1.548305,-0.009207726,-0.9969521,0.02418793,-0.07417643,0,0,0,2.5,0.03651547,0,0,8.74228E-08,1,0,0,0,2.5,0.03651547,0,0,0,1,0,0,0,0.03651547
1730306163457,0.6910828,1.543916,-0.00999558,-0.997103,0.02252104,-0.07265699,-2.06548,-0.3291607,-0.05908906,2.5,0.03651547,0,0,8.74228E-08,1,0,0,0,2.5,0.03651547,0,0,0,1,0,0,0,0.03651547
1730306163465,0.6910828,1.543916,-0.00999558,-0.997103,0.02252104,-0.07265699,0,0,0,2.5,0.03651547,0,0,8.74228E-08,1,0,0,0,2.5,0.03651547,0,0,0,1,0,0,0,0.03651547
1730306163486,0.6631238,1.538749,-0.01117086,-0.9973276,0.02432576,-0.06889391,-2.096924,-0.3874898,-0.08814633,2.5,0.03651547,0,0,8.74228E-08,1,0,0,0,2.5,0.03651547,0,0,0,1,0,0,0,0.03651547
1730306163492,0.6631238,1.538749,-0.01117086,-0.9973276,0.02432576,-0.06889391,0,0,0,2.5,0.03651547,0,0,8.74228E-08,1,0,0,0,2.5,0.03651547,0,0,0,1,0,0,0,0.03651547
1730306163514,0.6348548,1.531887,-0.01260114,-0.9975097,0.02687739,-0.06521034,-2.120179,-0.5146623,-0.1072705,2.5,0.03651547,0,0,8.74228E-08,1,0,0,0,2.5,0.03651547,0,0,0,1,0,0,0,0.03651547
1730306163520,0.6348548,1.531887,-0.01260114,-0.9975097,0.02687739,-0.06521034,0,0,0,2.5,0.03651547,0,0,8.74228E-08,1,0,0,0,2.5,0.03651547,0,0,0,1,0,0,0,0.03651547
1730306163542,0.6061614,1.524658,-0.01469719,-0.9976667,0.02628804,-0.06301141,-2.152008,-0.5421817,-0.1572043,2.5,0.03651547,0,0,8.74228E-08,1,0,0,0,2.5,0.03651547,0,0,0,1,0,0,0,0.03651547
1730306163548,0.6061614,1.524658,-0.01469719,-0.9976667,0.02628804,-0.06301141,0,0,0,2.5,0.03651547,0,0,8.74228E-08,1,0,0,0,2.5,0.03651547,0,0,0,1,0,0,0,0.03651547
1730306163554,0.6061614,1.524658,-0.01469719,-0.9976667,0.02628804,-0.06301141,0,0,0,2.5,0.03651547,0,0,8.74228E-08,1,0,0,0,2.5,0.03651547,0,0,0,1,0,0,0,0.03651547
1730306163570,0.5770128,1.517725,-0.01724827,-0.9978932,0.01988288,-0.06176043,-2.186143,-0.5199909,-0.1913309,2.5,0.03651547,0,0,8.74228E-08,1,0,0,0,2.5,0.03651547,0,0,0,1,0,0,0,0.03651547
1730306163576,0.5770128,1.517725,-0.01724827,-0.9978932,0.01988288,-0.06176043,0,0,0,2.5,0.03651547,0,0,8.74228E-08,1,0,0,0,2.5,0.03651547,0,0,0,1,0,0,0,0.03651547
1730306163598,0.5475285,1.51558,-0.02013171,-0.9981223,0.01526955,-0.05932045,-2.21132,-0.160861,-0.2162576,2.5,0.04064298,0,0,8.74228E-08,1,0,0.3095627,0,2.5,0.04064298,0,0,0,1,0,0.3095627,0,0.04064298
1730306163604,0.5475285,1.51558,-0.02013171,-0.9981223,0.01526955,-0.05932045,0,0,0,2.5,0.04064298,0,0,8.74228E-08,1,0,0,0,2.5,0.04064298,0,0,0,1,0,0,0,0.04064298
1730306163624,0.5176811,1.515863,-0.02361536,-0.9984084,0.01465552,-0.05446684,-2.238554,0.02121627,-0.261274,2.5,0.04555595,0,0,8.74228E-08,1,0,0.3684729,0,2.5,0.04555595,0,0,0,1,0,0.3684729,0,0.04555595
1730306163630,0.5176811,1.515863,-0.02361536,-0.9984084,0.01465552,-0.05446684,0,0,0,2.5,0.04555595,0,0,8.74228E-08,1,0,0,0,2.5,0.04555595,0,0,0,1,0,0,0,0.04555595
1730306163651,0.4873011,1.518218,-0.02713633,-0.9988234,0.002072955,-0.04845572,-2.278501,0.1766413,-0.2640724,2.5,0.04899049,0,0,8.74228E-08,1,0,0.2575904,0,2.5,0.04899049,0,0,0,1,0,0.2575904,0,0.04899049
1730306163658,0.4873011,1.518218,-0.02713633,-0.9988234,0.002072955,-0.04845572,0,0,0,2.5,0.04899049,0,0,8.74228E-08,1,0,0,0,2.5,0.04899049,0,0,0,1,0,0,0,0.04899049
1730306163680,0.4560797,1.522117,-0.03033566,-0.9989892,0.0199686,-0.04027915,-2.341604,0.2923965,-0.2399504,2.5,0.04899049,0,0,8.74228E-08,1,0,0,0,2.5,0.04899049,0,0,0,1,0,0,0,0.04899049
1730306163686,0.4560797,1.522117,-0.03033566,-0.9989892,0.0199686,-0.04027915,0,0,0,2.5,0.04899049,0,0,8.74228E-08,1,0,0,0,2.5,0.04899049,0,0,0,1,0,0,0,0.04899049
1730306163708,0.4246254,1.529564,-0.03317976,-0.999191,0.01981238,-0.03500569,-2.359074,0.5585253,-0.2133071,2.5,0.04899049,0,0,8.74228E-08,1,0,0,0,2.5,0.04899049,0,0,0,1,0,0,0,0.04899049
1730306163714,0.4246254,1.529564,-0.03317976,-0.999191,0.01981238,-0.03500569,0,0,0,2.5,0.04899049,0,0,8.74228E-08,1,0,0,0,2.5,0.04899049,0,0,0,1,0,0,0,0.04899049
1730306163736,0.3939869,1.534595,-0.03554893,-0.9989482,0.03330912,-0.03151739,-2.297884,0.3773153,-0.1776874,2.5,0.04899049,0,0,8.74228E-08,1,0,0,0,2.5,0.04899049,0,0,0,1,0,0,0,0.04899049
1730306163742,0.3939869,1.534595,-0.03554893,-0.9989482,0.03330912,-0.03151739,0,0,0,2.5,0.04899049,0,0,8.74228E-08,1,0,0,0,2.5,0.04899049,0,0,0,1,0,0,0,0.04899049
1730306163764,0.3634923,1.541955,-0.03758001,-0.9990724,0.03478182,-0.02539897,-2.287102,0.5520344,-0.1523316,2.5,0.04899049,0,0,8.74228E-08,1,0,0,0,2.5,0.04899049,0,0,0,1,0,0,0,0.04899049
1730306163770,0.3634923,1.541955,-0.03758001,-0.9990724,0.03478182,-0.02539897,0,0,0,2.5,0.04899049,0,0,8.74228E-08,1,0,0,0,2.5,0.04899049,0,0,0,1,0,0,0,0.04899049
1730306163792,0.3335407,1.546842,-0.03911996,-0.9992033,0.03329024,-0.02202475,-2.246368,0.3665149,-0.1154959,2.5,0.04899049,0,0,8.74228E-08,1,0,0,0,2.5,0.04899049,0,0,0,1,0,0,0,0.04899049
1730306163798,0.3335407,1.546842,-0.03911996,-0.9992033,0.03329024,-0.02202475,0,0,0,2.5,0.04899049,0,0,8.74228E-08,1,0,0,0,2.5,0.04899049,0,0,0,1,0,0,0,0.04899049
1730306163820,0.3035519,1.552944,-0.04022765,-0.9991207,0.03626823,-0.02103949,-2.249157,0.4576743,-0.08307695,2.5,0.04899049,0,0,8.74228E-08,1,0,0,0,2.5,0.04899049,0,0,0,1,0,0,0,0.04899049
1730306163826,0.3035519,1.552944,-0.04022765,-0.9991207,0.03626823,-0.02103949,0,0,0,2.5,0.04899049,0,0,8.74228E-08,1,0,0,0,2.5,0.04899049,0,0,0,1,0,0,0,0.04899049
1730306163848,0.2736757,1.55763,-0.04116988,-0.9989563,0.04121096,-0.01971114,-2.240717,0.3514409,-0.07066727,2.5,0.04899049,0,0,8.74228E-08,1,0,0,0,2.5,0.04899049,0,0,0,1,0,0,0,0.04899049
1730306163853,0.2736757,1.55763,-0.04116988,-0.9989563,0.04121096,-0.01971114,0,0,0,2.5,0.04899049,0,0,8.74228E-08,1,0,0,0,2.5,0.04899049,0,0,0,1,0,0,0,0.04899049
1730306163876,0.2440975,1.561128,-0.04198027,-0.9988983,0.04231602,-0.02029645,-2.218366,0.2623558,-0.06077886,2.5,0.04899049,0,0,8.74228E-08,1,0,0,0,2.5,0.04899049,0,0,0,1,0,0,0,0.04899049
1730306163881,0.2440975,1.561128,-0.04198027,-0.9988983,0.04231602,-0.02029645,0,0,0,2.5,0.04899049,0,0,8.74228E-08,1,0,0,0,2.5,0.04899049,0,0,0,1,0,0,0,0.04899049
1730306163904,0.2148542,1.563815,-0.04253817,-0.9991775,0.03482233,-0.02077901,-2.193242,0.2015412,-0.04184246,2.5,0.04899049,0,0,8.74228E-08,1,0,0,0,2.5,0.04899049,0,0,0,1,0,0,0,0.04899049
1730306163910,0.2148542,1.563815,-0.04253817,-0.9991775,0.03482233,-0.02077901,0,0,0,2.5,0.04899049,0,0,8.74228E-08,1,0,0,0,2.5,0.04899049,0,0,0,1,0,0,0,0.04899049
1730306163915,0.2148542,1.563815,-0.04253817,-0.9991775,0.03482233,-0.02077901,0,0,0,2.5,0.04899049,0,0,8.74228E-08,1,0,0,0,2.5,0.04899049,0,0,0,1,0,0,0,0.04899049
1730306163932,0.1862037,1.564787,-0.0429256,-0.999579,0.02072979,-0.02031183,-2.148789,0.07288456,-0.02905726,2.5,0.04899049,0,0,8.74228E-08,1,0,0,0,2.5,0.04899049,0,0,0,1,0,0,0,0.04899049
1730306163938,0.1862037,1.564787,-0.0429256,-0.999579,0.02072979,-0.02031183,0,0,0,2.5,0.04899049,0,0,8.74228E-08,1,0,0,0,2.5,0.04899049,0,0,0,1,0,0,0,0.04899049
1730306163960,0.1577573,1.565296,-0.04320478,-0.9997854,0.008644471,-0.01883793,-2.133483,0.03819466,-0.02093911,2.5,0.04899049,0,0,8.74228E-08,1,0,0,0,2.5,0.04899049,0,0,0,1,0,0,0,0.04899049
1730306163966,0.1577573,1.565296,-0.04320478,-0.9997854,0.008644471,-0.01883793,0,0,0,2.5,0.04899049,0,0,8.74228E-08,1,0,0,0,2.5,0.04899049,0,0,0,1,0,0,0,0.04899049
1730306163987,0.1293547,1.564921,-0.04345369,-0.9998924,0.00296836,-0.01437223,-2.130193,-0.02818108,-0.01866817,2.5,0.04899049,0,0,8.74228E-08,1,0,0,0,2.5,0.04899049,0,0,0,1,0,0,0,0.04899049
1730306163993,0.1293547,1.564921,-0.04345369,-0.9998924,0.00296836,-0.01437223,0,0,0,2.5,0.04899049,0,0,8.74228E-08,1,0,0,0,2.5,0.04899049,0,0,0,1,0,0,0,0.04899049
1730306164015,0.1008472,1.564907,-0.04384923,-0.9999615,0.0009131655,-0.0087502,-2.13806,-0.001055002,-0.02966523,2.5,0.04899049,0,0,8.74228E-08,1,0,0,0,2.5,0.04899049,0,0,0,1,0,0,0,0.04899049
1730306164021,0.1008472,1.564907,-0.04384923,-0.9999615,0.0009131655,-0.0087502,0,0,0,2.5,0.04899049,0,0,8.74228E-08,1,0,0,0,2.5,0.04899049,0,0,0,1,0,0,0,0.04899049
1730306164043,0.07254148,1.563309,-0.04449844,-0.9999829,7.591769E-05,-0.005875707,-2.122933,-0.1198232,-0.04869103,2.5,0.04899049,0,0,8.74228E-08,1,0,0,0,2.5,0.04899049,0,0,0,1,0,0,0,0.04899049
1730306164050,0.07254148,1.563309,-0.04449844,-0.9999829,7.591769E-05,-0.005875707,0,0,0,2.5,0.04899049,0,0,8.74228E-08,1,0,0,0,2.5,0.04899049,0,0,0,1,0,0,0,0.04899049
1730306164072,0.04419446,1.560759,-0.0455699,-0.9999661,-0.001025505,-0.00818491,-2.126026,-0.1912415,-0.08035898,2.5,0.04899049,0,0,8.74228E-08,1,0,0,0,2.5,0.04899049,0,0,0,1,0,0,0,0.04899049
1730306164078,0.04419446,1.560759,-0.0455699,-0.9999661,-0.001025505,-0.00818491,0,0,0,2.5,0.04899049,0,0,8.74228E-08,1,0,0,0,2.5,0.04899049,0,0,0,1,0,0,0,0.04899049
1730306164100,0.01561713,1.557514,-0.04664135,-0.9999126,0.001841016,-0.01311135,-2.1433,-0.2433658,-0.08035898,2.5,0.04899049,0,0,8.74228E-08,1,0,0,0,2.5,0.04899049,0,0,0,1,0,0,0,0.04899049
1730306164106,0.01561713,1.557514,-0.04664135,-0.9999126,0.001841016,-0.01311135,0,0,0,2.5,0.04899049,0,0,8.74228E-08,1,0,0,0,2.5,0.04899049,0,0,0,1,0,0,0,0.04899049
1730306164128,-0.01337552,1.553277,-0.04739237,-0.9997714,0.009510174,-0.01915514,-2.174449,-0.3178239,-0.05632639,2.5,0.04899049,0,0,8.74228E-08,1,0,0,0,2.5,0.04899049,0,0,0,1,0,0,0,0.04899049
1730306164134,-0.01337552,1.553277,-0.04739237,-0.9997714,0.009510174,-0.01915514,0,0,0,2.5,0.04899049,0,0,8.74228E-08,1,0,0,0,2.5,0.04899049,0,0,0,1,0,0,0,0.04899049
1730306164156,-0.04301262,1.54799,-0.04791546,-0.999494,0.02073118,-0.02412891,-2.222782,-0.3964841,-0.03923178,2.5,0.04899049,0,0,8.74228E-08,1,0,0,0,2.5,0.04899049,0,0,0,1,0,0,0,0.04899049
1730306164163,-0.04301262,1.54799,-0.04791546,-0.999494,0.02073118,-0.02412891,0,0,0,2.5,0.04899049,0,0,8.74228E-08,1,0,0,0,2.5,0.04899049,0,0,0,1,0,0,0,0.04899049
1730306164169,-0.04301262,1.54799,-0.04791546,-0.999494,0.02073118,-0.02412891,0,0,0,2.5,0.04899049,0,0,8.74228E-08,1,0,0,0,2.5,0.04899049,0,0,0,1,0,0,0,0.04899049
1730306164184,-0.07306504,1.541499,-0.0477643,-0.999347,0.02508236,-0.02601361,-2.253932,-0.4868388,0.0113368,2.5,0.04899049,0,0,8.74228E-08,1,0,0,0,2.5,0.04899049,0,0,0,1,0,0,0,0.04899049
1730306164190,-0.07306504,1.541499,-0.0477643,-0.999347,0.02508236,-0.02601361,0,0,0,2.5,0.04899049,0,0,8.74228E-08,1,0,0,0,2.5,0.04899049,0,0,0,1,0,0,0,0.04899049
1730306164212,-0.1036005,1.535078,-0.04751253,-0.9993169,0.02458884,-0.02759099,-2.290159,-0.481537,0.01888275,2.5,0.04899049,0,0,8.74228E-08,1,0,0,0,2.5,0.04899049,0,0,0,1,0,0,0,0.04899049
1730306164218,-0.1036005,1.535078,-0.04751253,-0.9993169,0.02458884,-0.02759099,0,0,0,2.5,0.04899049,0,0,8.74228E-08,1,0,0,0,2.5,0.04899049,0,0,0,1,0,0,0,0.04899049
1730306164237,-0.134856,1.529279,-0.04666615,-0.9993399,0.02213319,-0.02881336,-2.344161,-0.4349381,0.06347895,2.5,0.04899049,0,0,8.74228E-08,1,0,0,0,2.5,0.04899049,0,0,0,1,0,0,0,0.04899049
1730306164243,-0.134856,1.529279,-0.04666615,-0.9993399,0.02213319,-0.02881336,0,0,0,2.5,0.04899049,0,0,8.74228E-08,1,0,0,0,2.5,0.04899049,0,0,0,1,0,0,0,0.04899049
1730306164265,-0.1665971,1.523797,-0.0454433,-0.9992774,0.02475649,-0.02884519,-2.380586,-0.4112005,0.09171367,2.5,0.04899049,0,0,8.74228E-08,1,0,0,0,2.5,0.04899049,0,0,0,1,0,0,0,0.04899049
1730306164271,-0.1665971,1.523797,-0.0454433,-0.9992774,0.02475649,-0.02884519,0,0,0,2.5,0.04899049,0,0,8.74228E-08,1,0,0,0,2.5,0.04899049,0,0,0,1,0,0,0,0.04899049
1730306164294,-0.1987727,1.520502,-0.04422951,-0.9991971,0.02736437,-0.02927089,-2.413166,-0.2471209,0.09103417,2.5,0.04899049,0,0,8.74228E-08,1,0,0,0,2.5,0.04899049,0,0,0,1,0,0,0,0.04899049
1730306164301,-0.1987727,1.520502,-0.04422951,-0.9991971,0.02736437,-0.02927089,0,0,0,2.5,0.04899049,0,0,8.74228E-08,1,0,0,0,2.5,0.04899049,0,0,0,1,0,0,0,0.04899049
1730306164322,-0.2318461,1.524454,-0.04232621,-0.9994361,0.01190049,-0.031407,-2.480507,0.2964467,0.1427472,2.5,0.04899049,0,0,8.74228E-08,1,0,0,0,2.5,0.04899049,0,0,0,1,0,0,0,0.04899049
1730306164328,-0.2318461,1.524454,-0.04232621,-0.9994361,0.01190049,-0.031407,0,0,0,2.5,0.04899049,0,0,8.74228E-08,1,0,0,0,2.5,0.04899049,0,0,0,1,0,0,0,0.04899049
1730306164349,-0.2653217,1.530405,-0.04016304,-0.9993926,0.01239886,-0.03257596,-2.510673,0.4462928,0.1622379,2.5,0.04899049,0,0,8.74228E-08,1,0,0,0,2.5,0.04899049,0,0,0,1,0,0,0,0.04899049
1730306164356,-0.2653217,1.530405,-0.04016304,-0.9993926,0.01239886,-0.03257596,0,0,0,2.5,0.04899049,0,0,8.74228E-08,1,0,0,0,2.5,0.04899049,0,0,0,1,0,0,0,0.04899049
1730306164378,-0.2986596,1.53625,-0.0380137,-0.9988719,0.03557146,-0.031461,-2.500337,0.4383981,0.1612008,2.5,0.04899049,0,0,8.74228E-08,1,0,0,0,2.5,0.04899049,0,0,0,1,0,0,0,0.04899049
1730306164384,-0.2986596,1.53625,-0.0380137,-0.9988719,0.03557146,-0.031461,0,0,0,2.5,0.04899049,0,0,8.74228E-08,1,0,0,0,2.5,0.04899049,0,0,0,1,0,0,0,0.04899049
1730306164406,-0.3313584,1.541921,-0.03654528,-0.9984662,0.04624927,-0.03044188,-2.452415,0.4252821,0.1101315,2.5,0.04899049,0,0,8.74228E-08,1,0,0,0,2.5,0.04899049,0,0,0,1,0,0,0,0.04899049
1730306164412,-0.3313584,1.541921,-0.03654528,-0.9984662,0.04624927,-0.03044188,0,0,0,2.5,0.04899049,0,0,8.74228E-08,1,0,0,0,2.5,0.04899049,0,0,0,1,0,0,0,0.04899049
1730306164434,-0.3634145,1.547011,-0.03555775,-0.9987959,0.03861375,-0.03027225,-2.404207,0.3817588,0.07406473,2.5,0.04899049,0,0,8.74228E-08,1,0,0,0,2.5,0.04899049,0,0,0,1,0,0,0,0.04899049
1730306164440,-0.3634145,1.547011,-0.03555775,-0.9987959,0.03861375,-0.03027225,0,0,0,2.5,0.04899049,0,0,8.74228E-08,1,0,0,0,2.5,0.04899049,0,0,0,1,0,0,0,0.04899049
1730306164461,-0.3952191,1.551919,-0.03462982,-0.9991527,0.02414345,-0.03333735,-2.385342,0.3681511,0.06959438,2.5,0.04899049,0,0,8.74228E-08,1,0,0,0,2.5,0.04899049,0,0,0,1,0,0,0,0.04899049
1730306164467,-0.3952191,1.551919,-0.03462982,-0.9991527,0.02414345,-0.03333735,0,0,0,2.5,0.04899049,0,0,8.74228E-08,1,0,0,0,2.5,0.04899049,0,0,0,1,0,0,0,0.04899049
1730306164473,-0.3952191,1.551919,-0.03462982,-0.9991527,0.02414345,-0.03333735,0,0,0,2.5,0.04899049,0,0,8.74228E-08,1,0,0,0,2.5,0.04899049,0,0,0,1,0,0,0,0.04899049
1730306164489,-0.4268804,1.556707,-0.03380346,-0.9990757,0.02358728,-0.03593588,-2.374595,0.3590852,0.06197691,2.5,0.04899049,0,0,8.74228E-08,1,0,0,0,2.5,0.04899049,0,0,0,1,0,0,0,0.04899049
1730306164495,-0.4268804,1.556707,-0.03380346,-0.9990757,0.02358728,-0.03593588,0,0,0,2.5,0.04899049,0,0,8.74228E-08,1,0,0,0,2.5,0.04899049,0,0,0,1,0,0,0,0.04899049
1730306164517,-0.4581935,1.560463,-0.03321671,-0.9990981,0.01821452,-0.03836703,-2.348489,0.2816767,0.04400611,2.5,0.04899049,0,0,8.74228E-08,1,0,0,0,2.5,0.04899049,0,0,0,1,0,0,0,0.04899049
1730306164523,-0.4581935,1.560463,-0.03321671,-0.9990981,0.01821452,-0.03836703,0,0,0,2.5,0.04899049,0,0,8.74228E-08,1,0,0,0,2.5,0.04899049,0,0,0,1,0,0,0,0.04899049
1730306164543,-0.4892972,1.56351,-0.03313303,-0.9991787,0.007075034,-0.03990245,-2.332771,0.2285331,0.006276369,2.5,0.04899049,0,0,8.74228E-08,1,0,0,0,2.5,0.04899049,0,0,0,1,0,0,0,0.04899049
1730306164549,-0.4892972,1.56351,-0.03313303,-0.9991787,0.007075034,-0.03990245,0,0,0,2.5,0.04899049,0,0,8.74228E-08,1,0,0,0,2.5,0.04899049,0,0,0,1,0,0,0,0.04899049
1730306164572,-0.5199125,1.564507,-0.03316593,-0.9991723,0.001167331,-0.04066586,-2.29615,0.07480681,-0.002467632,2.5,0.04899049,0,0,8.74228E-08,1,0,0,0,2.5,0.04899049,0,0,0,1,0,0,0,0.04899049
1730306164578,-0.5199125,1.564507,-0.03316593,-0.9991723,0.001167331,-0.04066586,0,0,0,2.5,0.04899049,0,0,8.74228E-08,1,0,0,0,2.5,0.04899049,0,0,0,1,0,0,0,0.04899049
1730306164600,-0.5502486,1.564548,-0.03324437,-0.9990613,-0.005988304,-0.042907,-2.275211,0.003030896,-0.005882978,2.5,0.04899049,0,0,8.74228E-08,1,0,0,0,2.5,0.04899049,0,0,0,1,0,0,0,0.04899049
1730306164606,-0.5502486,1.564548,-0.03324437,-0.9990613,-0.005988304,-0.042907,0,0,0,2.5,0.04899049,0,0,8.74228E-08,1,0,0,0,2.5,0.04899049,0,0,0,1,0,0,0,0.04899049
1730306164628,-0.5805745,1.564181,-0.03353024,-0.9989008,-0.01032051,-0.04572856,-2.274442,-0.02751946,-0.02143979,2.5,0.04899049,0,0,8.74228E-08,1,0,0,0,2.5,0.04899049,0,0,0,1,0,0,0,0.04899049
1730306164634,-0.5805745,1.564181,-0.03353024,-0.9989008,-0.01032051,-0.04572856,0,0,0,2.5,0.04899049,0,0,8.74228E-08,1,0,0,0,2.5,0.04899049,0,0,0,1,0,0,0,0.04899049
1730306164656,-0.6106336,1.561669,-0.03367305,-0.9986826,-0.01694306,-0.04844129,-2.254432,-0.1884073,-0.01071095,2.5,0.04899049,0,0,8.74228E-08,1,0,0,0,2.5,0.04899049,0,0,0,1,0,0,0,0.04899049
1730306164662,-0.6106336,1.561669,-0.03367305,-0.9986826,-0.01694306,-0.04844129,0,0,0,2.5,0.04899049,0,0,8.74228E-08,1,0,0,0,2.5,0.04899049,0,0,0,1,0,0,0,0.04899049
1730306164684,-0.6405315,1.55851,-0.03366518,-0.9984182,-0.02468539,-0.05051613,-2.242345,-0.2369016,0.000590086,2.5,0.04899049,0,0,8.74228E-08,1,0,0,0,2.5,0.04899049,0,0,0,1,0,0,0,0.04899049
1730306164690,-0.6405315,1.55851,-0.03366518,-0.9984182,-0.02468539,-0.05051613,0,0,0,2.5,0.04899049,0,0,8.74228E-08,1,0,0,0,2.5,0.04899049,0,0,0,1,0,0,0,0.04899049
1730306164712,-0.6706772,1.553888,-0.03385854,-0.998293,-0.0272626,-0.05165625,-2.260923,-0.3466576,-0.01450181,2.5,0.04899049,0,0,8.74228E-08,1,0,0,0,2.5,0.04899049,0,0,0,1,0,0,0,0.04899049
1730306164718,-0.6706772,1.553888,-0.03385854,-0.998293,-0.0272626,-0.05165625,0,0,0,2.5,0.04899049,0,0,8.74228E-08,1,0,0,0,2.5,0.04899049,0,0,0,1,0,0,0,0.04899049
1730306164740,-0.7012677,1.548597,-0.03425622,-0.998291,-0.02551238,-0.05258262,-2.29429,-0.3967971,-0.02982616,2.5,0.04899049,0,0,8.74228E-08,1,0,0,0,2.5,0.04899049,0,0,0,1,0,0,0,0.04899049
1730306164746,-0.7012677,1.548597,-0.03425622,-0.998291,-0.02551238,-0.05258262,0,0,0,2.5,0.04899049,0,0,8.74228E-08,1,0,0,0,2.5,0.04899049,0,0,0,1,0,0,0,0.04899049
1730306164768,-0.7319131,1.542109,-0.03476739,-0.9982826,-0.0255097,-0.05274415,-2.298403,-0.48666,-0.03833771,2.5,0.04899049,0,0,8.74228E-08,1,0,0,0,2.5,0.04899049,0,0,0,1,0,0,0,0.04899049
1730306164774,-0.7319131,1.542109,-0.03476739,-0.9982826,-0.0255097,-0.05274415,0,0,0,2.5,0.04899049,0,0,8.74228E-08,1,0,0,0,2.5,0.04899049,0,0,0,1,0,0,0,0.04899049
1730306164796,-0.762532,1.53408,-0.03549957,-0.9983694,-0.0258621,-0.05089366,-2.296418,-0.6021649,-0.05491376,2.5,0.04899049,0,0,8.74228E-08,1,0,0,0,2.5,0.04899049,0,0,0,1,0,0,0,0.04899049
1730306164802,-0.762532,1.53408,-0.03549957,-0.9983694,-0.0258621,-0.05089366,0,0,0,2.5,0.04899049,0,0,8.74228E-08,1,0,0,0,2.5,0.04899049,0,0,0,1,0,0,0,0.04899049
1730306164808,-0.762532,1.53408,-0.03549957,-0.9983694,-0.0258621,-0.05089366,0,0,0,2.5,0.04899049,0,0,8.74228E-08,1,0,0,0,2.5,0.04899049,0,0,0,1,0,0,0,0.04899049
1730306164824,-0.7939017,1.527577,-0.03663254,-0.9985632,-0.02752046,-0.04598153,-2.352726,-0.4877329,-0.08497238,2.5,0.04899049,0,0,8.74228E-08,1,0,0,0,2.5,0.04899049,0,0,0,1,0,0,0,0.04899049
1730306164829,-0.7939017,1.527577,-0.03663254,-0.9985632,-0.02752046,-0.04598153,0,0,0,2.5,0.04899049,0,0,8.74228E-08,1,0,0,0,2.5,0.04899049,0,0,0,1,0,0,0,0.04899049
1730306164851,-0.8254607,1.521224,-0.03808236,-0.9986706,-0.02937602,-0.04236162,-2.366924,-0.4764676,-0.1087368,2.5,0.04899049,0,0,8.74228E-08,1,0,0,0,2.5,0.04899049,0,0,0,1,0,0,0,0.04899049
1730306164860,-0.8254607,1.521224,-0.03808236,-0.9986706,-0.02937602,-0.04236162,0,0,0,2.5,0.04899049,0,0,8.74228E-08,1,0,0,0,2.5,0.04899049,0,0,0,1,0,0,0,0.04899049
1730306164877,-0.8566437,1.51546,-0.03988433,-0.9988158,-0.02753316,-0.04011786,-2.338725,-0.4322737,-0.1351476,2.5,0.04899049,0,0,8.74228E-08,1,0,0,0,2.5,0.04899049,0,0,0,1,0,0,0,0.04899049
1730306164883,-0.8566437,1.51546,-0.03988433,-0.9988158,-0.02753316,-0.04011786,0,0,0,2.5,0.04899049,0,0,8.74228E-08,1,0,0,0,2.5,0.04899049,0,0,0,1,0,0,0,0.04899049
1730306164905,-0.887423,1.51534,-0.04229355,-0.9989604,-0.02614421,-0.03735054,-2.308452,-0.009021163,-0.1806915,2.5,0.05356455,0,0,8.74228E-08,1,0,0.3430545,0,2.5,0.05356455,0,0,0,1,0,0.3430545,0,0.05356455
1730306164911,-0.887423,1.51534,-0.04229355,-0.9989604,-0.02614421,-0.03735054,0,0,0,2.5,0.05356455,0,0,8.74228E-08,1,0,0,0,2.5,0.05356455,0,0,0,1,0,0,0,0.05356455
1730306164933,-0.9203622,1.522443,-0.04464889,-0.9980603,-0.05211145,-0.03406382,-2.47044,0.5327225,-0.1766503,2.5,0.05377281,0,0,8.74228E-08,1,0,0.0156194,0,2.5,0.05377281,0,0,0,1,0,0.0156194,0,0.05377281
1730306164940,-0.9203622,1.522443,-0.04464889,-0.9980603,-0.05211145,-0.03406382,0,0,0,2.5,0.05377281,0,0,8.74228E-08,1,0,0,0,2.5,0.05377281,0,0,0,1,0,0,0,0.05377281
1730306164961,-0.9529905,1.526626,-0.04771066,-0.9994448,-0.01602697,-0.02922153,-2.447122,0.3137112,-0.2296329,2.5,0.05377281,0,0,8.74228E-08,1,0,0,0,2.5,0.05377281,0,0,0,1,0,0,0,0.05377281
1730306164967,-0.9529905,1.526626,-0.04771066,-0.9994448,-0.01602697,-0.02922153,0,0,0,2.5,0.05377281,0,0,8.74228E-08,1,0,0,0,2.5,0.05377281,0,0,0,1,0,0,0,0.05377281
1730306164989,-0.9854002,1.533507,-0.05037117,-0.999332,0.02018193,-0.03047776,-2.430725,0.5160749,-0.1995385,2.5,0.05377281,0,0,8.74228E-08,1,0,0,0,2.5,0.05377281,0,0,0,1,0,0,0,0.05377281
1730306164995,-0.9854002,1.533507,-0.05037117,-0.999332,0.02018193,-0.03047776,0,0,0,2.5,0.05377281,0,0,8.74228E-08,1,0,0,0,2.5,0.05377281,0,0,0,1,0,0,0,0.05377281
1730306165017,-1.017001,1.540259,-0.05220461,-0.9990988,0.02831546,-0.0316242,-2.370071,0.5064547,-0.1375079,2.5,0.05377281,0,0,8.74228E-08,1,0,0,0,2.5,0.05377281,0,0,0,1,0,0,0,0.05377281
1730306165023,-1.017001,1.540259,-0.05220461,-0.9990988,0.02831546,-0.0316242,0,0,0,2.5,0.05377281,0,0,8.74228E-08,1,0,0,0,2.5,0.05377281,0,0,0,1,0,0,0,0.05377281
1730306165045,-1.048659,1.546487,-0.05322027,-0.9991059,0.03122431,-0.02850997,-2.374345,0.4670888,-0.07617474,2.5,0.05377281,0,0,8.74228E-08,1,0,0,0,2.5,0.05377281,0,0,0,1,0,0,0,0.05377281
1730306165051,-1.048659,1.546487,-0.05322027,-0.9991059,0.03122431,-0.02850997,0,0,0,2.5,0.05377281,0,0,8.74228E-08,1,0,0,0,2.5,0.05377281,0,0,0,1,0,0,0,0.05377281
1730306165073,-1.08032,1.552083,-0.05408072,-0.9992515,0.03090651,-0.02326596,-2.374578,0.4196852,-0.06453395,2.5,0.05377281,0,0,8.74228E-08,1,0,0,0,2.5,0.05377281,0,0,0,1,0,0,0,0.05377281
1730306165079,-1.08032,1.552083,-0.05408072,-0.9992515,0.03090651,-0.02326596,0,0,0,2.5,0.05377281,0,0,8.74228E-08,1,0,0,0,2.5,0.05377281,0,0,0,1,0,0,0,0.05377281
1730306165101,-1.111567,1.557486,-0.05506563,-0.9994969,0.02709083,-0.01649737,-2.343482,0.405246,-0.07386804,2.5,0.05377281,0,0,8.74228E-08,1,0,0,0,2.5,0.05377281,0,0,0,1,0,0,0,0.05377281
1730306165107,-1.111567,1.557486,-0.05506563,-0.9994969,0.02709083,-0.01649737,0,0,0,2.5,0.05377281,0,0,8.74228E-08,1,0,0,0,2.5,0.05377281,0,0,0,1,0,0,0,0.05377281
1730306165129,-1.142247,1.562937,-0.05520511,-0.9997087,0.02130288,-0.01135826,-2.301049,0.4087776,-0.01046062,2.5,0.05377281,0,0,8.74228E-08,1,0,0,0,2.5,0.05377281,0,0,0,1,0,0,0,0.05377281
1730306165135,-1.142247,1.562937,-0.05520511,-0.9997087,0.02130288,-0.01135826,0,0,0,2.5,0.05377281,0,0,8.74228E-08,1,0,0,0,2.5,0.05377281,0,0,0,1,0,0,0,0.05377281
1730306165140,-1.142247,1.562937,-0.05520511,-0.9997087,0.02130288,-0.01135826,0,0,0,2.5,0.05377281,0,0,8.74228E-08,1,0,0,0,2.5,0.05377281,0,0,0,1,0,0,0,0.05377281
1730306165156,-1.172194,1.567183,-0.05551887,-0.9997382,0.01908633,-0.01263893,-2.246046,0.3184944,-0.02353191,2.5,0.05377281,0,0,8.74228E-08,1,0,0,0,2.5,0.05377281,0,0,0,1,0,0,0,0.05377281
1730306165162,-1.172194,1.567183,-0.05551887,-0.9997382,0.01908633,-0.01263893,0,0,0,2.5,0.05377281,0,0,8.74228E-08,1,0,0,0,2.5,0.05377281,0,0,0,1,0,0,0,0.05377281
1730306165184,-1.201548,1.570056,-0.05611205,-0.9997522,0.01646417,-0.01499331,-2.201539,0.215435,-0.04448891,2.5,0.05377281,0,0,8.74228E-08,1,0,0,0,2.5,0.05377281,0,0,0,1,0,0,0,0.05377281
1730306165190,-1.201548,1.570056,-0.05611205,-0.9997522,0.01646417,-0.01499331,0,0,0,2.5,0.05377281,0,0,8.74228E-08,1,0,0,0,2.5,0.05377281,0,0,0,1,0,0,0,0.05377281
1730306165210,-1.230694,1.572254,-0.0565865,-0.999712,0.01703755,-0.01691318,-2.185911,0.1649112,-0.03558397,2.5,0.05377281,0,0,8.74228E-08,1,0,0,0,2.5,0.05377281,0,0,0,1,0,0,0,0.05377281
1730306165216,-1.230694,1.572254,-0.0565865,-0.999712,0.01703755,-0.01691318,0,0,0,2.5,0.05377281,0,0,8.74228E-08,1,0,0,0,2.5,0.05377281,0,0,0,1,0,0,0,0.05377281
1730306165238,-1.259532,1.572889,-0.05704427,-0.9996609,0.02109985,-0.01526904,-2.162898,0.04760921,-0.03433228,2.5,0.05377281,0,0,8.74228E-08,1,0,0,0,2.5,0.05377281,0,0,0,1,0,0,0,0.05377281
1730306165243,-1.259532,1.572889,-0.05704427,-0.9996609,0.02109985,-0.01526904,0,0,0,2.5,0.05377281,0,0,8.74228E-08,1,0,0,0,2.5,0.05377281,0,0,0,1,0,0,0,0.05377281
1730306165266,-1.288006,1.57248,-0.05761099,-0.9997266,0.02068631,-0.01091516,-2.135539,-0.03065765,-0.04250407,2.5,0.05377281,0,0,8.74228E-08,1,0,0,0,2.5,0.05377281,0,0,0,1,0,0,0,0.05377281
1730306165272,-1.288006,1.57248,-0.05761099,-0.9997266,0.02068631,-0.01091516,0,0,0,2.5,0.05377281,0,0,8.74228E-08,1,0,0,0,2.5,0.05377281,0,0,0,1,0,0,0,0.05377281
1730306165294,-1.316319,1.571211,-0.05808759,-0.9997838,0.01939131,-0.007530093,-2.123487,-0.09521842,-0.03574491,2.5,0.05377281,0,0,8.74228E-08,1,0,0,0,2.5,0.05377281,0,0,0,1,0,0,0,0.05377281
1730306165300,-1.316319,1.571211,-0.05808759,-0.9997838,0.01939131,-0.007530093,0,0,0,2.5,0.05377281,0,0,8.74228E-08,1,0,0,0,2.5,0.05377281,0,0,0,1,0,0,0,0.05377281
1730306165321,-1.344516,1.568453,-0.05895615,-0.9997839,0.01967766,-0.006730914,-2.114725,-0.2068609,-0.06514192,2.5,0.05377281,0,0,8.74228E-08,1,0,0,0,2.5,0.05377281,0,0,0,1,0,0,0,0.05377281
1730306165328,-1.344516,1.568453,-0.05895615,-0.9997839,0.01967766,-0.006730914,0,0,0,2.5,0.05377281,0,0,8.74228E-08,1,0,0,0,2.5,0.05377281,0,0,0,1,0,0,0,0.05377281
1730306165349,-1.372876,1.565278,-0.0596745,-0.9996723,0.02440196,-0.007741451,-2.127028,-0.2380908,-0.05387664,2.5,0.05377281,0,0,8.74228E-08,1,0,0,0,2.5,0.05377281,0,0,0,1,0,0,0,0.05377281
1730306165355,-1.372876,1.565278,-0.0596745,-0.9996723,0.02440196,-0.007741451,0,0,0,2.5,0.05377281,0,0,8.74228E-08,1,0,0,0,2.5,0.05377281,0,0,0,1,0,0,0,0.05377281
1730306165378,-1.401552,1.560285,-0.06040907,-0.9993008,0.03594259,-0.0103128,-2.150667,-0.3745079,-0.05509257,2.5,0.05377281,0,0,8.74228E-08,1,0,0,0,2.5,0.05377281,0,0,0,1,0,0,0,0.05377281
1730306165384,-1.401552,1.560285,-0.06040907,-0.9993008,0.03594259,-0.0103128,0,0,0,2.5,0.05377281,0,0,8.74228E-08,1,0,0,0,2.5,0.05377281,0,0,0,1,0,0,0,0.05377281
1730306165406,-1.430784,1.554605,-0.06073022,-0.9990057,0.04255016,-0.0133251,-2.192402,-0.4259527,-0.02408624,2.5,0.05377281,0,0,8.74228E-08,1,0,0,0,2.5,0.05377281,0,0,0,1,0,0,0,0.05377281
1730306165412,-1.430784,1.554605,-0.06073022,-0.9990057,0.04255016,-0.0133251,0,0,0,2.5,0.05377281,0,0,8.74228E-08,1,0,0,0,2.5,0.05377281,0,0,0,1,0,0,0,0.05377281
1730306165433,-1.460449,1.548643,-0.06058669,-0.9988812,0.04507096,-0.01432586,-2.224874,-0.44716,0.0107646,2.5,0.05377281,0,0,8.74228E-08,1,0,0,0,2.5,0.05377281,0,0,0,1,0,0,0,0.05377281
1730306165439,-1.460449,1.548643,-0.06058669,-0.9988812,0.04507096,-0.01432586,0,0,0,2.5,0.05377281,0,0,8.74228E-08,1,0,0,0,2.5,0.05377281,0,0,0,1,0,0,0,0.05377281
1730306165461,-1.490596,1.542882,-0.06018138,-0.9988559,0.04556159,-0.01453829,-2.261066,-0.4320681,0.03039837,2.5,0.05377281,0,0,8.74228E-08,1,0,0,0,2.5,0.05377281,0,0,0,1,0,0,0,0.05377281
1730306165467,-1.490596,1.542882,-0.06018138,-0.9988559,0.04556159,-0.01453829,0,0,0,2.5,0.05377281,0,0,8.74228E-08,1,0,0,0,2.5,0.05377281,0,0,0,1,0,0,0,0.05377281
1730306165489,-1.521091,1.537967,-0.05882978,-0.9986734,0.04975307,-0.01328373,-2.287102,-0.3686339,0.1013696,2.5,0.05377281,0,0,8.74228E-08,1,0,0,0,2.5,0.05377281,0,0,0,1,0,0,0,0.05377281
1730306165495,-1.521091,1.537967,-0.05882978,-0.9986734,0.04975307,-0.01328373,0,0,0,2.5,0.05377281,0,0,8.74228E-08,1,0,0,0,2.5,0.05377281,0,0,0,1,0,0,0,0.05377281
1730306165517,-1.55207,1.533417,-0.05757499,-0.998479,0.05398578,-0.01121879,-2.323401,-0.3412396,0.09410977,2.5,0.05377281,0,0,8.74228E-08,1,0,0,0,2.5,0.05377281,0,0,0,1,0,0,0,0.05377281
1730306165523,-1.55207,1.533417,-0.05757499,-0.998479,0.05398578,-0.01121879,0,0,0,2.5,0.05377281,0,0,8.74228E-08,1,0,0,0,2.5,0.05377281,0,0,0,1,0,0,0,0.05377281
1730306165530,-1.55207,1.533417,-0.05757499,-0.998479,0.05398578,-0.01121879,0,0,0,2.5,0.05377281,0,0,8.74228E-08,1,0,0,0,2.5,0.05377281,0,0,0,1,0,0,0,0.05377281
1730306165545,-1.583094,1.533056,-0.05657721,-0.9990617,0.04088425,-0.01431715,-2.326834,-0.02707243,0.07483363,2.5,0.05377281,0,0,8.74228E-08,1,0,0,0,2.5,0.05377281,0,0,0,1,0,0,0,0.05377281
1730306165550,-1.583094,1.533056,-0.05657721,-0.9990617,0.04088425,-0.01431715,0,0,0,2.5,0.05377281,0,0,8.74228E-08,1,0,0,0,2.5,0.05377281,0,0,0,1,0,0,0,0.05377281
1730306165573,-1.615343,1.536089,-0.05515862,-0.9987808,0.04584444,-0.01832128,-2.418637,0.2274424,0.1063943,2.5,0.05377281,0,0,8.74228E-08,1,0,0,0,2.5,0.05377281,0,0,0,1,0,0,0,0.05377281
1730306165579,-1.615343,1.536089,-0.05515862,-0.9987808,0.04584444,-0.01832128,0,0,0,2.5,0.05377281,0,0,8.74228E-08,1,0,0,0,2.5,0.05377281,0,0,0,1,0,0,0,0.05377281
1730306165598,-1.647323,1.540691,-0.05422831,-0.9986328,0.04734883,-0.02216089,-2.398503,0.3451914,0.0697732,2.5,0.05377281,0,0,8.74228E-08,1,0,0,0,2.5,0.05377281,0,0,0,1,0,0,0,0.05377281
1730306165604,-1.647323,1.540691,-0.05422831,-0.9986328,0.04734883,-0.02216089,0,0,0,2.5,0.05377281,0,0,8.74228E-08,1,0,0,0,2.5,0.05377281,0,0,0,1,0,0,0,0.05377281
1730306165625,-1.678694,1.544686,-0.05321455,-0.9972603,0.0706578,-0.02189672,-2.35287,0.299567,0.07603168,2.5,0.05377281,0,0,8.74228E-08,1,0,0,0,2.5,0.05377281,0,0,0,1,0,0,0,0.05377281
1730306165631,-1.678694,1.544686,-0.05321455,-0.9972603,0.0706578,-0.02189672,0,0,0,2.5,0.05377281,0,0,8.74228E-08,1,0,0,0,2.5,0.05377281,0,0,0,1,0,0,0,0.05377281
1730306165653,-1.71011,1.549596,-0.05311632,-0.9967681,0.07679001,-0.02359688,-2.356195,0.3682852,0.007367134,2.5,0.05377281,0,0,8.74228E-08,1,0,0,0,2.5,0.05377281,0,0,0,1,0,0,0,0.05377281
1730306165659,-1.71011,1.549596,-0.05311632,-0.9967681,0.07679001,-0.02359688,0,0,0,2.5,0.05377281,0,0,8.74228E-08,1,0,0,0,2.5,0.05377281,0,0,0,1,0,0,0,0.05377281
1730306165682,-1.741066,1.553692,-0.0532918,-0.9963936,0.08134923,-0.02413452,-2.321649,0.3071845,-0.01316071,2.5,0.05377281,0,0,8.74228E-08,1,0,0,0,2.5,0.05377281,0,0,0,1,0,0,0,0.05377281
1730306165688,-1.741066,1.553692,-0.0532918,-0.9963936,0.08134923,-0.02413452,0,0,0,2.5,0.05377281,0,0,8.74228E-08,1,0,0,0,2.5,0.05377281,0,0,0,1,0,0,0,0.05377281
1730306165710,-1.771555,1.55785,-0.0536561,-0.9966889,0.07662825,-0.02719426,-2.286744,0.3118694,-0.02732277,2.5,0.05377281,0,0,8.74228E-08,1,0,0,0,2.5,0.05377281,0,0,0,1,0,0,0,0.05377281
1730306165715,-1.771555,1.55785,-0.0536561,-0.9966889,0.07662825,-0.02719426,0,0,0,2.5,0.05377281,0,0,8.74228E-08,1,0,0,0,2.5,0.05377281,0,0,0,1,0,0,0,0.05377281
1730306165738,-1.801565,1.56197,-0.05457067,-0.9972165,0.06742129,-0.03184271,-2.250695,0.3090084,-0.06859303,2.5,0.05377281,0,0,8.74228E-08,1,0,0,0,2.5,0.05377281,0,0,0,1,0,0,0,0.05377281
1730306165744,-1.801565,1.56197,-0.05457067,-0.9972165,0.06742129,-0.03184271,0,0,0,2.5,0.05377281,0,0,8.74228E-08,1,0,0,0,2.5,0.05377281,0,0,0,1,0,0,0,0.05377281
1730306165766,-1.831401,1.56602,-0.05567789,-0.9976317,0.0595515,-0.03442752,-2.237749,0.3037333,-0.08304119,2.5,0.05377281,0,0,8.74228E-08,1,0,0,0,2.5,0.05377281,0,0,0,1,0,0,0,0.05377281
1730306165772,-1.831401,1.56602,-0.05567789,-0.9976317,0.0595515,-0.03442752,0,0,0,2.5,0.05377281,0,0,8.74228E-08,1,0,0,0,2.5,0.05377281,0,0,0,1,0,0,0,0.05377281
1730306165794,-1.876549,1.58373,-0.05150557,-0.9978729,0.05617021,-0.03309357,-3.386092,1.328239,0.3129244,2.5,0.05377281,0,0,8.74228E-08,1,0,0,0,2.5,0.05377281,0,0,0,1,0,0,0,0.05377281
1730306165800,-1.876549,1.58373,-0.05150557,-0.9978729,0.05617021,-0.03309357,0,0,0,2.5,0.05377281,0,0,8.74228E-08,1,0,0,0,2.5,0.05377281,0,0,0,1,0,0,0,0.05377281
1730306165822,-1.991302,1.666183,-0.02177811,-0.9980963,0.05319352,-0.03121769,-8.606458,6.183985,2.229559,2.5,0.05377281,0,0,8.74228E-08,1,0,0,0,2.5,0.05377281,0,0,0,1,0,0,0,0.05377281
1730306165828,-1.991302,1.666183,-0.02177811,-0.9980963,0.05319352,-0.03121769,0,0,0,2.5,0.05377281,0,0,8.74228E-08,1,0,0,0,2.5,0.05377281,0,0,0,1,0,0,0,0.05377281
1730306165833,-1.991302,1.666183,-0.02177811,-0.9980963,0.05319352,-0.03121769,0,0,0,2.5,0.05377281,0,0,8.74228E-08,1,0,0,0,2.5,0.05377281,0,0,0,1,0,0,0,0.05377281
1730306165850,-2.020279,1.666362,-0.02298594,-0.9983444,0.04746309,-0.03250027,-2.173305,0.01344681,-0.09058714,2.5,0.05377281,0,0,8.74228E-08,1,0,0,0,2.5,0.05377281,0,0,0,1,0,0,0,0.05377281
1730306165855,-2.020279,1.666362,-0.02298594,-0.9983444,0.04746309,-0.03250027,0,0,0,2.5,0.05377281,0,0,8.74228E-08,1,0,0,0,2.5,0.05377281,0,0,0,1,0,0,0,0.05377281
1730306165877,-2.048917,1.665717,-0.02389908,-0.9986084,0.04104073,-0.03312743,-2.147841,-0.04836917,-0.06848574,2.5,0.05377281,0,0,8.74228E-08,1,0,0,0,2.5,0.05377281,0,0,0,1,0,0,0,0.05377281
1730306165883,-2.048917,1.665717,-0.02389908,-0.9986084,0.04104073,-0.03312743,0,0,0,2.5,0.05377281,0,0,8.74228E-08,1,0,0,0,2.5,0.05377281,0,0,0,1,0,0,0,0.05377281
1730306165904,-2.077348,1.66383,-0.02441883,-0.9988052,0.03682194,-0.03213596,-2.13232,-0.1415312,-0.03898144,2.5,0.05377281,0,0,8.74228E-08,1,0,0,0,2.5,0.05377281,0,0,0,1,0,0,0,0.05377281
1730306165909,-2.077348,1.66383,-0.02441883,-0.9988052,0.03682194,-0.03213596,0,0,0,2.5,0.05377281,0,0,8.74228E-08,1,0,0,0,2.5,0.05377281,0,0,0,1,0,0,0,0.05377281
1730306165931,-2.106187,1.660551,-0.0249176,-0.9988199,0.03837834,-0.02976739,-2.162898,-0.2459586,-0.03740788,2.5,0.05377281,0,0,8.74228E-08,1,0,0,0,2.5,0.05377281,0,0,0,1,0,0,0,0.05377281
1730306165937,-2.106187,1.660551,-0.0249176,-0.9988199,0.03837834,-0.02976739,0,0,0,2.5,0.05377281,0,0,8.74228E-08,1,0,0,0,2.5,0.05377281,0,0,0,1,0,0,0,0.05377281
1730306165960,-2.134992,1.655708,-0.0254693,-0.9986227,0.04443418,-0.02790558,-2.160394,-0.3631979,-0.04137754,2.5,0.05377281,0,0,8.74228E-08,1,0,0,0,2.5,0.05377281,0,0,0,1,0,0,0,0.05377281
1730306165966,-2.134992,1.655708,-0.0254693,-0.9986227,0.04443418,-0.02790558,0,0,0,2.5,0.05377281,0,0,8.74228E-08,1,0,0,0,2.5,0.05377281,0,0,0,1,0,0,0,0.05377281
1730306165988,-2.164448,1.649437,-0.02602673,-0.9984642,0.04807837,-0.02753389,-2.20921,-0.4703432,-0.0418067,2.5,0.05377281,0,0,8.74228E-08,1,0,0,0,2.5,0.05377281,0,0,0,1,0,0,0,0.05377281
1730306165993,-2.164448,1.649437,-0.02602673,-0.9984642,0.04807837,-0.02753389,0,0,0,2.5,0.05377281,0,0,8.74228E-08,1,0,0,0,2.5,0.05377281,0,0,0,1,0,0,0,0.05377281
1730306166015,-2.19438,1.641949,-0.02652407,-0.9982774,0.05238691,-0.02643299,-2.244902,-0.5616009,-0.03730059,2.5,0.05377281,0,0,8.74228E-08,1,0,0,0,2.5,0.05377281,0,0,0,1,0,0,0,0.05377281
1730306166021,-2.19438,1.641949,-0.02652407,-0.9982774,0.05238691,-0.02643299,0,0,0,2.5,0.05377281,0,0,8.74228E-08,1,0,0,0,2.5,0.05377281,0,0,0,1,0,0,0,0.05377281
1730306166043,-2.225142,1.633827,-0.02716923,-0.9982656,0.05357276,-0.02441657,-2.307093,-0.6091654,-0.04838705,2.5,0.05377281,0,0,8.74228E-08,1,0,0,0,2.5,0.05377281,0,0,0,1,0,0,0,0.05377281
1730306166049,-2.225142,1.633827,-0.02716923,-0.9982656,0.05357276,-0.02441657,0,0,0,2.5,0.05377281,0,0,8.74228E-08,1,0,0,0,2.5,0.05377281,0,0,0,1,0,0,0,0.05377281
1730306166071,-2.256578,1.626918,-0.02777719,-0.9985649,0.04979019,-0.01973748,-2.357733,-0.518176,-0.04559755,2.5,0.05377281,0,0,8.74228E-08,1,0,0,0,2.5,0.05377281,0,0,0,1,0,0,0,0.05377281
1730306166077,-2.256578,1.626918,-0.02777719,-0.9985649,0.04979019,-0.01973748,0,0,0,2.5,0.05377281,0,0,8.74228E-08,1,0,0,0,2.5,0.05377281,0,0,0,1,0,0,0,0.05377281
1730306166099,-2.288644,1.620959,-0.0290184,-0.9987977,0.04642691,-0.01574862,-2.404976,-0.4469007,-0.09309053,2.5,0.05377281,0,0,8.74228E-08,1,0,0,0,2.5,0.05377281,0,0,0,1,0,0,0,0.05377281
1730306166105,-2.288644,1.620959,-0.0290184,-0.9987977,0.04642691,-0.01574862,0,0,0,2.5,0.05377281,0,0,8.74228E-08,1,0,0,0,2.5,0.05377281,0,0,0,1,0,0,0,0.05377281
1730306166127,-2.321566,1.616683,-0.03070641,-0.9990453,0.0413072,-0.01422799,-2.469134,-0.3207386,-0.1266003,2.5,0.05377281,0,0,8.74228E-08,1,0,0,0,2.5,0.05377281,0,0,0,1,0,0,0,0.05377281
1730306166133,-2.321566,1.616683,-0.03070641,-0.9990453,0.0413072,-0.01422799,0,0,0,2.5,0.05377281,0,0,8.74228E-08,1,0,0,0,2.5,0.05377281,0,0,0,1,0,0,0,0.05377281
1730306166155,-2.354471,1.616985,-0.03255749,-0.9996628,0.02304116,-0.0119859,-2.467847,0.02270043,-0.1388311,2.5,0.05377281,0,0,8.74228E-08,1,0,0,0,2.5,0.05377281,0,0,0,1,0,0,0,0.05377281
1730306166161,-2.354471,1.616985,-0.03255749,-0.9996628,0.02304116,-0.0119859,0,0,0,2.5,0.05377281,0,0,8.74228E-08,1,0,0,0,2.5,0.05377281,0,0,0,1,0,0,0,0.05377281
1730306166183,-2.389228,1.622883,-0.03404999,-0.9992478,0.03839217,-0.005515456,-2.606821,0.4423141,-0.1119375,2.5,0.05377281,0,0,8.74228E-08,1,0,0,0,2.5,0.05377281,0,0,0,1,0,0,0,0.05377281
1730306166188,-2.389228,1.622883,-0.03404999,-0.9992478,0.03839217,-0.005515456,0,0,0,2.5,0.05377281,0,0,8.74228E-08,1,0,0,0,2.5,0.05377281,0,0,0,1,0,0,0,0.05377281
1730306166193,-2.389228,1.622883,-0.03404999,-0.9992478,0.03839217,-0.005515456,0,0,0,2.5,0.05377281,0,0,8.74228E-08,1,0,0,0,2.5,0.05377281,0,0,0,1,0,0,0,0.05377281
1730306166211,-2.423381,1.631344,-0.03562593,-0.9984524,0.05521153,-0.00671351,-2.561474,0.6345659,-0.118196,2.5,0.05377281,0,0,8.74228E-08,1,0,0,0,2.5,0.05377281,0,0,0,1,0,0,0,0.05377281
1730306166217,-2.423381,1.631344,-0.03562593,-0.9984524,0.05521153,-0.00671351,0,0,0,2.5,0.05377281,0,0,8.74228E-08,1,0,0,0,2.5,0.05377281,0,0,0,1,0,0,0,0.05377281
1730306166238,-2.456365,1.636295,-0.03716326,-0.9968474,0.07867968,-0.01024938,-2.473783,0.371325,-0.1152992,2.5,0.05377281,0,0,8.74228E-08,1,0,0,0,2.5,0.05377281,0,0,0,1,0,0,0,0.05377281
1730306166245,-2.456365,1.636295,-0.03716326,-0.9968474,0.07867968,-0.01024938,0,0,0,2.5,0.05377281,0,0,8.74228E-08,1,0,0,0,2.5,0.05377281,0,0,0,1,0,0,0,0.05377281
1730306166278,-2.489555,1.640864,-0.03884315,-0.9970859,0.07525955,-0.01247966,-2.489233,0.3426611,-0.1259923,2.5,0.05377281,0,0,8.74228E-08,1,0,0,0,2.5,0.05377281,0,0,0,1,0,0,0,0.05377281
1730306166285,-2.489555,1.640864,-0.03884315,-0.9970859,0.07525955,-0.01247966,0,0,0,2.5,0.05377281,0,0,8.74228E-08,1,0,0,0,2.5,0.05377281,0,0,0,1,0,0,0,0.05377281
1730306166306,-2.539159,1.652233,-0.03861332,-0.9973596,0.07192716,-0.01003182,-3.720331,0.8527458,0.01723766,2.5,0.05377281,0,0,8.74228E-08,1,0,0,0,2.5,0.05377281,0,0,0,1,0,0,0,0.05377281
1730306166312,-2.539159,1.652233,-0.03861332,-0.9973596,0.07192716,-0.01003182,0,0,0,2.5,0.05377281,0,0,8.74228E-08,1,0,0,0,2.5,0.05377281,0,0,0,1,0,0,0,0.05377281
1730306166318,-2.539159,1.652233,-0.03861332,-0.9973596,0.07192716,-0.01003182,0,0,0,2.5,0.05377281,0,0,8.74228E-08,1,0,0,0,2.5,0.05377281,0,0,0,1,0,0,0,0.05377281
1730306166334,-2.57142,1.658055,-0.03986788,-0.9975464,0.06778557,-0.01751173,-2.419531,0.4365921,-0.09409189,2.5,0.05377281,0,0,8.74228E-08,1,0,0,0,2.5,0.05377281,0,0,0,1,0,0,0,0.05377281
1730306166340,-2.57142,1.658055,-0.03986788,-0.9975464,0.06778557,-0.01751173,0,0,0,2.5,0.05377281,0,0,8.74228E-08,1,0,0,0,2.5,0.05377281,0,0,0,1,0,0,0,0.05377281
1730306166362,-2.603475,1.663702,-0.04078436,-0.9978399,0.06192589,-0.0219394,-2.404153,0.4235208,-0.06873608,2.5,0.05377281,0,0,8.74228E-08,1,0,0,0,2.5,0.05377281,0,0,0,1,0,0,0,0.05377281
1730306166368,-2.603475,1.663702,-0.04078436,-0.9978399,0.06192589,-0.0219394,0,0,0,2.5,0.05377281,0,0,8.74228E-08,1,0,0,0,2.5,0.05377281,0,0,0,1,0,0,0,0.05377281
1730306166388,-2.635155,1.668003,-0.04146767,-0.9982562,0.05430327,-0.02315009,-2.376008,0.3226161,-0.05124807,2.5,0.05377281,0,0,8.74228E-08,1,0,0,0,2.5,0.05377281,0,0,0,1,0,0,0,0.05377281
1730306166394,-2.635155,1.668003,-0.04146767,-0.9982562,0.05430327,-0.02315009,0,0,0,2.5,0.05377281,0,0,8.74228E-08,1,0,0,0,2.5,0.05377281,0,0,0,1,0,0,0,0.05377281
1730306166416,-2.665899,1.6708,-0.04197788,-0.998655,0.04640504,-0.02313435,-2.30577,0.2097845,-0.03826618,2.5,0.05377281,0,0,8.74228E-08,1,0,0,0,2.5,0.05377281,0,0,0,1,0,0,0,0.05377281
1730306166422,-2.665899,1.6708,-0.04197788,-0.998655,0.04640504,-0.02313435,0,0,0,2.5,0.05377281,0,0,8.74228E-08,1,0,0,0,2.5,0.05377281,0,0,0,1,0,0,0,0.05377281
1730306166444,-2.696533,1.672394,-0.04249334,-0.9988082,0.04325309,-0.02262032,-2.297544,0.1195192,-0.03865957,2.5,0.05377281,0,0,8.74228E-08,1,0,0,0,2.5,0.05377281,0,0,0,1,0,0,0,0.05377281
1730306166450,-2.696533,1.672394,-0.04249334,-0.9988082,0.04325309,-0.02262032,0,0,0,2.5,0.05377281,0,0,8.74228E-08,1,0,0,0,2.5,0.05377281,0,0,0,1,0,0,0,0.05377281
1730306166473,-2.72716,1.67342,-0.04289675,-0.9986051,0.04880746,-0.02014625,-2.297044,0.07696152,-0.03025532,2.5,0.05377281,0,0,8.74228E-08,1,0,0,0,2.5,0.05377281,0,0,0,1,0,0,0,0.05377281
1730306166479,-2.72716,1.67342,-0.04289675,-0.9986051,0.04880746,-0.02014625,0,0,0,2.5,0.05377281,0,0,8.74228E-08,1,0,0,0,2.5,0.05377281,0,0,0,1,0,0,0,0.05377281
1730306166501,-2.757809,1.673235,-0.04324436,-0.9984804,0.05278568,-0.01583588,-2.298689,-0.01387596,-0.02607107,2.5,0.05377281,0,0,8.74228E-08,1,0,0,0,2.5,0.05377281,0,0,0,1,0,0,0,0.05377281
1730306166507,-2.757809,1.673235,-0.04324436,-0.9984804,0.05278568,-0.01583588,0,0,0,2.5,0.05377281,0,0,8.74228E-08,1,0,0,0,2.5,0.05377281,0,0,0,1,0,0,0,0.05377281
1730306166528,-2.788683,1.671042,-0.04349327,-0.9984471,0.05438923,-0.01207173,-2.315533,-0.1644909,-0.01866817,2.5,0.05377281,0,0,8.74228E-08,1,0,0,0,2.5,0.05377281,0,0,0,1,0,0,0,0.05377281
1730306166535,-2.788683,1.671042,-0.04349327,-0.9984471,0.05438923,-0.01207173,0,0,0,2.5,0.05377281,0,0,8.74228E-08,1,0,0,0,2.5,0.05377281,0,0,0,1,0,0,0,0.05377281
1730306166541,-2.788683,1.671042,-0.04349327,-0.9984471,0.05438923,-0.01207173,0,0,0,2.5,0.05377281,0,0,8.74228E-08,1,0,0,0,2.5,0.05377281,0,0,0,1,0,0,0,0.05377281
1730306166556,-2.81949,1.667744,-0.04352522,-0.998547,0.05304174,-0.009536266,-2.310526,-0.2473712,-0.002396107,2.5,0.05377281,0,0,8.74228E-08,1,0,0,0,2.5,0.05377281,0,0,0,1,0,0,0,0.05377281
1730306166562,-2.81949,1.667744,-0.04352522,-0.998547,0.05304174,-0.009536266,0,0,0,2.5,0.05377281,0,0,8.74228E-08,1,0,0,0,2.5,0.05377281,0,0,0,1,0,0,0,0.05377281
1730306166584,-2.8511,1.663183,-0.04365873,-0.9984849,0.05440307,-0.008276701,-2.370787,-0.3420353,-0.01001358,2.5,0.05377281,0,0,8.74228E-08,1,0,0,0,2.5,0.05377281,0,0,0,1,0,0,0,0.05377281
1730306166590,-2.8511,1.663183,-0.04365873,-0.9984849,0.05440307,-0.008276701,0,0,0,2.5,0.05377281,0,0,8.74228E-08,1,0,0,0,2.5,0.05377281,0,0,0,1,0,0,0,0.05377281
1730306166624,-2.883154,1.657787,-0.04356432,-0.9982122,0.05918795,-0.008327484,-2.40401,-0.4047364,0.007081032,2.5,0.05377281,0,0,8.74228E-08,1,0,0,0,2.5,0.05377281,0,0,0,1,0,0,0,0.05377281
1730306166631,-2.883154,1.657787,-0.04356432,-0.9982122,0.05918795,-0.008327484,0,0,0,2.5,0.05377281,0,0,8.74228E-08,1,0,0,0,2.5,0.05377281,0,0,0,1,0,0,0,0.05377281
1730306166651,-2.932791,1.648513,-0.04332542,-0.9980949,0.0606454,-0.01134765,-3.722799,-0.6955415,0.01791716,2.5,0.05377281,0,0,8.74228E-08,1,0,0,0,2.5,0.05377281,0,0,0,1,0,0,0,0.05377281
1730306166657,-2.932791,1.648513,-0.04332542,-0.9980949,0.0606454,-0.01134765,0,0,0,2.5,0.05377281,0,0,8.74228E-08,1,0,0,0,2.5,0.05377281,0,0,0,1,0,0,0,0.05377281
1730306166663,-2.932791,1.648513,-0.04332542,-0.9980949,0.0606454,-0.01134765,0,0,0,2.5,0.05377281,0,0,8.74228E-08,1,0,0,0,2.5,0.05377281,0,0,0,1,0,0,0,0.05377281
1730306166679,-2.966238,1.642558,-0.04297018,-0.9982986,0.05618367,-0.01561773,-2.508473,-0.4465967,0.02664328,2.5,0.05377281,0,0,8.74228E-08,1,0,0,0,2.5,0.05377281,0,0,0,1,0,0,0,0.05377281
1730306166685,-2.966238,1.642558,-0.04297018,-0.9982986,0.05618367,-0.01561773,0,0,0,2.5,0.05377281,0,0,8.74228E-08,1,0,0,0,2.5,0.05377281,0,0,0,1,0,0,0,0.05377281
1730306166707,-3.000198,1.637636,-0.0424552,-0.9981824,0.05635812,-0.02136362,-2.547026,-0.3691703,0.03862381,2.5,0.05377281,0,0,8.74228E-08,1,0,0,0,2.5,0.05377281,0,0,0,1,0,0,0,0.05377281
1730306166714,-3.000198,1.637636,-0.0424552,-0.9981824,0.05635812,-0.02136362,0,0,0,2.5,0.05377281,0,0,8.74228E-08,1,0,0,0,2.5,0.05377281,0,0,0,1,0,0,0,0.05377281
1730306166734,-3.034349,1.633747,-0.04191923,-0.9978026,0.0612,-0.0253967,-2.561367,-0.2916634,0.04019737,2.5,0.05377281,0,0,8.74228E-08,1,0,0,0,2.5,0.05377281,0,0,0,1,0,0,0,0.05377281
1730306166741,-3.034349,1.633747,-0.04191923,-0.9978026,0.0612,-0.0253967,0,0,0,2.5,0.05377281,0,0,8.74228E-08,1,0,0,0,2.5,0.05377281,0,0,0,1,0,0,0,0.05377281
1730306166762,-3.068872,1.633564,-0.04126453,-0.9981323,0.05283073,-0.03068137,-2.58919,-0.01371503,0.04910231,2.5,0.05377281,0,0,8.74228E-08,1,0,0,0,2.5,0.05377281,0,0,0,1,0,0,0,0.05377281
1730306166770,-3.068872,1.633564,-0.04126453,-0.9981323,0.05283073,-0.03068137,0,0,0,2.5,0.05377281,0,0,8.74228E-08,1,0,0,0,2.5,0.05377281,0,0,0,1,0,0,0,0.05377281
1730306166790,-3.10428,1.637656,-0.04000425,-0.9973351,0.06355037,-0.03583825,-2.655637,0.3068984,0.09452105,2.5,0.05377281,0,0,8.74228E-08,1,0,0,0,2.5,0.05377281,0,0,0,1,0,0,0,0.05377281
1730306166797,-3.10428,1.637656,-0.04000425,-0.9973351,0.06355037,-0.03583825,0,0,0,2.5,0.05377281,0,0,8.74228E-08,1,0,0,0,2.5,0.05377281,0,0,0,1,0,0,0,0.05377281
1730306166818,-3.13873,1.642694,-0.03886032,-0.9961848,0.07874697,-0.0376215,-2.583683,0.377816,0.08579493,2.5,0.05377281,0,0,8.74228E-08,1,0,0,0,2.5,0.05377281,0,0,0,1,0,0,0,0.05377281
1730306166825,-3.13873,1.642694,-0.03886032,-0.9961848,0.07874697,-0.0376215,0,0,0,2.5,0.05377281,0,0,8.74228E-08,1,0,0,0,2.5,0.05377281,0,0,0,1,0,0,0,0.05377281
1730306166846,-3.173169,1.646416,-0.03830433,-0.9959055,0.08283171,-0.0362134,-2.582932,0.2791822,0.04169941,2.5,0.05377281,0,0,8.74228E-08,1,0,0,0,2.5,0.05377281,0,0,0,1,0,0,0,0.05377281
1730306166853,-3.173169,1.646416,-0.03830433,-0.9959055,0.08283171,-0.0362134,0,0,0,2.5,0.05377281,0,0,8.74228E-08,1,0,0,0,2.5,0.05377281,0,0,0,1,0,0,0,0.05377281
1730306166873,-3.208016,1.653129,-0.03819323,-0.9958481,0.08386156,-0.03541267,-2.613544,0.5034328,0.008332729,2.5,0.05377281,0,0,8.74228E-08,1,0,0,0,2.5,0.05377281,0,0,0,1,0,0,0,0.05377281
1730306166881,-3.208016,1.653129,-0.03819323,-0.9958481,0.08386156,-0.03541267,0,0,0,2.5,0.05377281,0,0,8.74228E-08,1,0,0,0,2.5,0.05377281,0,0,0,1,0,0,0,0.05377281
1730306166889,-3.208016,1.653129,-0.03819323,-0.9958481,0.08386156,-0.03541267,0,0,0,2.5,0.05377281,0,0,8.74228E-08,1,0,0,0,2.5,0.05377281,0,0,0,1,0,0,0,0.05377281
1730306166915,-3.242021,1.658271,-0.03870296,-0.9960673,0.07983705,-0.03842521,-2.550352,0.3857017,-0.03823042,2.5,0.05377281,0,0,8.74228E-08,1,0,0,0,2.5,0.05377281,0,0,0,1,0,0,0,0.05377281
1730306166922,-3.242021,1.658271,-0.03870296,-0.9960673,0.07983705,-0.03842521,0,0,0,2.5,0.05377281,0,0,8.74228E-08,1,0,0,0,2.5,0.05377281,0,0,0,1,0,0,0,0.05377281
1730306166954,-3.292529,1.666578,-0.03980398,-0.9969215,0.0659132,-0.04246867,-3.788102,0.6230235,-0.08257627,2.5,0.05377281,0,0,8.74228E-08,1,0,0,0,2.5,0.05377281,0,0,0,1,0,0,0,0.05377281
1730306166961,-3.292529,1.666578,-0.03980398,-0.9969215,0.0659132,-0.04246867,0,0,0,2.5,0.05377281,0,0,8.74228E-08,1,0,0,0,2.5,0.05377281,0,0,0,1,0,0,0,0.05377281
1730306166967,-3.292529,1.666578,-0.03980398,-0.9969215,0.0659132,-0.04246867,0,0,0,2.5,0.05377281,0,0,8.74228E-08,1,0,0,0,2.5,0.05377281,0,0,0,1,0,0,0,0.05377281
1730306166983,-3.342093,1.673529,-0.04130077,-0.9977455,0.05320834,-0.04090619,-3.717363,0.5212784,-0.1122594,2.5,0.05377281,0,0,8.74228E-08,1,0,0,0,2.5,0.05377281,0,0,0,1,0,0,0,0.05377281
1730306166989,-3.342093,1.673529,-0.04130077,-0.9977455,0.05320834,-0.04090619,0,0,0,2.5,0.05377281,0,0,8.74228E-08,1,0,0,0,2.5,0.05377281,0,0,0,1,0,0,0,0.05377281
1730306166996,-3.342093,1.673529,-0.04130077,-0.9977455,0.05320834,-0.04090619,0,0,0,2.5,0.05377281,0,0,8.74228E-08,1,0,0,0,2.5,0.05377281,0,0,0,1,0,0,0,0.05377281
1730306167010,-3.37459,1.676702,-0.04258204,-0.9978209,0.0519914,-0.04063118,-2.43727,0.2380192,-0.09609461,2.5,0.05377281,0,0,8.74228E-08,1,0,0,0,2.5,0.05377281,0,0,0,1,0,0,0,0.05377281
1730306167017,-3.37459,1.676702,-0.04258204,-0.9978209,0.0519914,-0.04063118,0,0,0,2.5,0.05377281,0,0,8.74228E-08,1,0,0,0,2.5,0.05377281,0,0,0,1,0,0,0,0.05377281
1730306167038,-3.407024,1.678329,-0.04340982,-0.9975954,0.05525859,-0.04183602,-2.432513,0.1219869,-0.0620842,2.5,0.05377281,0,0,8.74228E-08,1,0,0,0,2.5,0.05377281,0,0,0,1,0,0,0,0.05377281
1730306167045,-3.407024,1.678329,-0.04340982,-0.9975954,0.05525859,-0.04183602,0,0,0,2.5,0.05377281,0,0,8.74228E-08,1,0,0,0,2.5,0.05377281,0,0,0,1,0,0,0,0.05377281
1730306167065,-3.43929,1.677571,-0.04380369,-0.9970905,0.061099,-0.04558778,-2.419925,-0.05679131,-0.02954006,2.5,0.05377281,0,0,8.74228E-08,1,0,0,0,2.5,0.05377281,0,0,0,1,0,0,0,0.05377281
1730306167072,-3.43929,1.677571,-0.04380369,-0.9970905,0.061099,-0.04558778,0,0,0,2.5,0.05377281,0,0,8.74228E-08,1,0,0,0,2.5,0.05377281,0,0,0,1,0,0,0,0.05377281
1730306167093,-3.4712,1.675584,-0.0437026,-0.9968703,0.06156233,-0.04960036,-2.393246,-0.1490772,0.007581711,2.5,0.05377281,0,0,8.74228E-08,1,0,0,0,2.5,0.05377281,0,0,0,1,0,0,0,0.05377281
1730306167100,-3.4712,1.675584,-0.0437026,-0.9968703,0.06156233,-0.04960036,0,0,0,2.5,0.05377281,0,0,8.74228E-08,1,0,0,0,2.5,0.05377281,0,0,0,1,0,0,0,0.05377281
1730306167121,-3.50355,1.67098,-0.0435214,-0.99706,0.05767011,-0.0504545,-2.426255,-0.3452539,0.01358986,2.5,0.05377281,0,0,8.74228E-08,1,0,0,0,2.5,0.05377281,0,0,0,1,0,0,0,0.05377281
1730306167128,-3.50355,1.67098,-0.0435214,-0.99706,0.05767011,-0.0504545,0,0,0,2.5,0.05377281,0,0,8.74228E-08,1,0,0,0,2.5,0.05377281,0,0,0,1,0,0,0,0.05377281
1730306167150,-3.536212,1.664997,-0.04278994,-0.9972416,0.05584517,-0.04889667,-2.449715,-0.4487693,0.05486012,2.5,0.05377281,0,0,8.74228E-08,1,0,0,0,2.5,0.05377281,0,0,0,1,0,0,0,0.05377281
1730306167157,-3.536212,1.664997,-0.04278994,-0.9972416,0.05584517,-0.04889667,0,0,0,2.5,0.05377281,0,0,8.74228E-08,1,0,0,0,2.5,0.05377281,0,0,0,1,0,0,0,0.05377281
1730306167179,-3.56987,1.658358,-0.04242992,-0.9972074,0.0588533,-0.04597986,-2.524316,-0.4978895,0.0270009,2.5,0.05377281,0,0,8.74228E-08,1,0,0,0,2.5,0.05377281,0,0,0,1,0,0,0,0.05377281
1730306167186,-3.56987,1.658358,-0.04242992,-0.9972074,0.0588533,-0.04597986,0,0,0,2.5,0.05377281,0,0,8.74228E-08,1,0,0,0,2.5,0.05377281,0,0,0,1,0,0,0,0.05377281
1730306167207,-3.603945,1.650116,-0.04198027,-0.9965612,0.07238822,-0.04032564,-2.555609,-0.6181777,0.03372431,2.5,0.05377281,0,0,8.74228E-08,1,0,0,0,2.5,0.05377281,0,0,0,1,0,0,0,0.05377281
1730306167214,-3.603945,1.650116,-0.04198027,-0.9965612,0.07238822,-0.04032564,0,0,0,2.5,0.05377281,0,0,8.74228E-08,1,0,0,0,2.5,0.05377281,0,0,0,1,0,0,0,0.05377281
1730306167219,-3.603945,1.650116,-0.04198027,-0.9965612,0.07238822,-0.04032564,0,0,0,2.5,0.05377281,0,0,8.74228E-08,1,0,0,0,2.5,0.05377281,0,0,0,1,0,0,0,0.05377281
1730306167235,-3.638846,1.641892,-0.04201412,-0.9967632,0.07215253,-0.03546369,-2.617621,-0.616774,-0.002539158,2.5,0.05377281,0,0,8.74228E-08,1,0,0,0,2.5,0.05377281,0,0,0,1,0,0,0,0.05377281
1730306167242,-3.638846,1.641892,-0.04201412,-0.9967632,0.07215253,-0.03546369,0,0,0,2.5,0.05377281,0,0,8.74228E-08,1,0,0,0,2.5,0.05377281,0,0,0,1,0,0,0,0.05377281
1730306167263,-3.674241,1.63399,-0.0428648,-0.9973605,0.06470399,-0.03294969,-2.654564,-0.592652,-0.06380081,2.5,0.05377281,0,0,8.74228E-08,1,0,0,0,2.5,0.05377281,0,0,0,1,0,0,0,0.05377281
1730306167269,-3.674241,1.63399,-0.0428648,-0.9973605,0.06470399,-0.03294969,0,0,0,2.5,0.05377281,0,0,8.74228E-08,1,0,0,0,2.5,0.05377281,0,0,0,1,0,0,0,0.05377281
1730306167290,-3.710061,1.627572,-0.04431915,-0.9981704,0.05178425,-0.03121448,-2.686536,-0.4813492,-0.1090765,2.5,0.05377281,0,0,8.74228E-08,1,0,0,0,2.5,0.05377281,0,0,0,1,0,0,0,0.05377281
1730306167296,-3.710061,1.627572,-0.04431915,-0.9981704,0.05178425,-0.03121448,0,0,0,2.5,0.05377281,0,0,8.74228E-08,1,0,0,0,2.5,0.05377281,0,0,0,1,0,0,0,0.05377281
1730306167318,-3.746183,1.622827,-0.04655981,-0.9984587,0.04780694,-0.02819204,-2.709138,-0.3558934,-0.1680493,2.5,0.05377281,0,0,8.74228E-08,1,0,0,0,2.5,0.05377281,0,0,0,1,0,0,0,0.05377281
1730306167324,-3.746183,1.622827,-0.04655981,-0.9984587,0.04780694,-0.02819204,0,0,0,2.5,0.05377281,0,0,8.74228E-08,1,0,0,0,2.5,0.05377281,0,0,0,1,0,0,0,0.05377281
1730306167346,-3.782816,1.627592,-0.04901361,-0.999549,0.01647462,-0.02512157,-2.747476,0.3573775,-0.1840353,2.5,0.05377281,0,0,8.74228E-08,1,0,0,0,2.5,0.05377281,0,0,0,1,0,0,0,0.05377281
1730306167353,-3.782816,1.627592,-0.04901361,-0.999549,0.01647462,-0.02512157,0,0,0,2.5,0.05377281,0,0,8.74228E-08,1,0,0,0,2.5,0.05377281,0,0,0,1,0,0,0,0.05377281
1730306167375,-3.819234,1.631609,-0.0515461,-0.9980586,0.06004582,-0.01655018,-2.731347,0.3012478,-0.1899362,2.5,0.05377281,0,0,8.74228E-08,1,0,0,0,2.5,0.05377281,0,0,0,1,0,0,0,0.05377281
1730306167381,-3.819234,1.631609,-0.0515461,-0.9980586,0.06004582,-0.01655018,0,0,0,2.5,0.05377281,0,0,8.74228E-08,1,0,0,0,2.5,0.05377281,0,0,0,1,0,0,0,0.05377281
1730306167403,-3.855748,1.640191,-0.05347967,-0.9958924,0.08918549,-0.01563895,-2.738571,0.6437123,-0.1450181,2.5,0.05377281,0,0,8.74228E-08,1,0,0,0,2.5,0.05377281,0,0,0,1,0,0,0,0.05377281
1730306167410,-3.855748,1.640191,-0.05347967,-0.9958924,0.08918549,-0.01563895,0,0,0,2.5,0.05377281,0,0,8.74228E-08,1,0,0,0,2.5,0.05377281,0,0,0,1,0,0,0,0.05377281
1730306167431,-3.891156,1.645602,-0.0547924,-0.9957523,0.0904676,-0.01713336,-2.655602,0.4058003,-0.09845495,2.5,0.05377281,0,0,8.74228E-08,1,0,0,0,-3.852036,1.115752,0.1170721,0.8469643,-0.3531244,0.3974353,-476.4027,79.64846,8.780408,0.05377281
1730306167437,-3.891156,1.645602,-0.0547924,-0.9957523,0.0904676,-0.01713336,0,0,0,2.5,0.05377281,0,0,8.74228E-08,1,0,0,0,-3.852036,1.115752,0.1170721,0.8469643,-0.3531244,0.3974353,0,0,0,0.05377281
1730306167458,-3.927007,1.65303,-0.05444288,-0.9958166,0.09079216,-0.01032388,-2.688789,0.5571127,0.02621412,2.5,0.05377281,0,0,8.74228E-08,1,0,0,0,2.5,0.05377281,0,0,0,1,476.4027,-79.64846,-8.780408,0.05377281
1730306167465,-3.927007,1.65303,-0.05444288,-0.9958166,0.09079216,-0.01032388,0,0,0,2.5,0.05377281,0,0,8.74228E-08,1,0,0,0,2.5,0.05377281,0,0,0,1,0,0,0,0.05377281
1730306167486,-3.962276,1.660749,-0.05387259,-0.9960266,0.08895147,-0.004334092,-2.64523,0.578928,0.04277229,2.5,0.05377281,0,0,8.74228E-08,1,0,0,0,2.5,0.05377281,0,0,0,1,0,0,0,0.05377281
1730306167493,-3.962276,1.660749,-0.05387259,-0.9960266,0.08895147,-0.004334092,0,0,0,2.5,0.05377281,0,0,8.74228E-08,1,0,0,0,2.5,0.05377281,0,0,0,1,0,0,0,0.05377281
1730306167514,-3.997215,1.66697,-0.05269289,-0.9963917,0.08487508,-0.000176549,-2.620411,0.4665256,0.08847713,2.5,0.05377281,0,0,8.74228E-08,1,0,0,0,2.5,0.05377281,0,0,0,1,0,0,0,0.05377281
1730306167520,-3.997215,1.66697,-0.05269289,-0.9963917,0.08487508,-0.000176549,0,0,0,2.5,0.05377281,0,0,8.74228E-08,1,0,0,0,2.5,0.05377281,0,0,0,1,0,0,0,0.05377281
1730306167542,-4.03208,1.673227,-0.05103683,-0.9969587,0.07781294,0.004328191,-2.614832,0.4692972,0.1242042,2.5,0.05377281,0,0,8.74228E-08,1,0,0,0,2.5,0.05377281,0,0,0,1,0,0,0,0.05377281
1730306167549,-4.03208,1.673227,-0.05103683,-0.9969587,0.07781294,0.004328191,0,0,0,2.5,0.05377281,0,0,8.74228E-08,1,0,0,0,2.5,0.05377281,0,0,0,1,0,0,0,0.05377281
1730306167554,-4.03208,1.673227,-0.05103683,-0.9969587,0.07781294,0.004328191,0,0,0,2.5,0.05377281,0,0,8.74228E-08,1,0,0,0,2.5,0.05377281,0,0,0,1,0,0,0,0.05377281
1730306167570,-4.066187,1.676846,-0.04956627,-0.996914,0.07772604,0.01102936,-2.558041,0.2714217,0.1102924,2.5,0.05377281,0,0,8.74228E-08,1,0,0,0,2.5,0.05377281,0,0,0,1,0,0,0,0.05377281
1730306167576,-4.066187,1.676846,-0.04956627,-0.996914,0.07772604,0.01102936,0,0,0,2.5,0.05377281,0,0,8.74228E-08,1,0,0,0,2.5,0.05377281,0,0,0,1,0,0,0,0.05377281
1730306167598,-4.09982,1.678544,-0.04826212,-0.9971386,0.07370396,0.01680958,-2.522492,0.1273334,0.09781122,2.5,0.05377281,0,0,8.74228E-08,1,0,0,0,2.5,0.05377281,0,0,0,1,0,0,0,0.05377281
1730306167604,-4.09982,1.678544,-0.04826212,-0.9971386,0.07370396,0.01680958,0,0,0,2.5,0.05377281,0,0,8.74228E-08,1,0,0,0,2.5,0.05377281,0,0,0,1,0,0,0,0.05377281
1730306167638,-4.133064,1.678698,-0.04746675,-0.9972835,0.07084966,0.02016723,-2.493274,0.01156926,0.05965233,2.5,0.05377281,0,0,8.74228E-08,1,0,0,0,2.5,0.05377281,0,0,0,1,0,0,0,0.05377281
1730306167644,-4.133064,1.678698,-0.04746675,-0.9972835,0.07084966,0.02016723,0,0,0,2.5,0.05377281,0,0,8.74228E-08,1,0,0,0,2.5,0.05377281,0,0,0,1,0,0,0,0.05377281
1730306167665,-4.183465,1.676058,-0.04637957,-0.9968819,0.07590525,0.02156669,-3.780091,-0.1980186,0.08153915,2.5,0.05377281,0,0,8.74228E-08,1,0,0,0,2.5,0.05377281,0,0,0,1,0,0,0,0.05377281
1730306167671,-4.183465,1.676058,-0.04637957,-0.9968819,0.07590525,0.02156669,0,0,0,2.5,0.05377281,0,0,8.74228E-08,1,0,0,0,2.5,0.05377281,0,0,0,1,0,0,0,0.05377281
1730306167677,-4.183465,1.676058,-0.04637957,-0.9968819,0.07590525,0.02156669,0,0,0,2.5,0.05377281,0,0,8.74228E-08,1,0,0,0,2.5,0.05377281,0,0,0,1,0,0,0,0.05377281
1730306167693,-4.217145,1.672184,-0.04583979,-0.9968138,0.07708018,0.02052569,-2.526033,-0.2905369,0.04048347,2.5,0.05377281,0,0,8.74228E-08,1,0,0,0,2.5,0.05377281,0,0,0,1,0,0,0,0.05377281
1730306167699,-4.217145,1.672184,-0.04583979,-0.9968138,0.07708018,0.02052569,0,0,0,2.5,0.05377281,0,0,8.74228E-08,1,0,0,0,2.5,0.05377281,0,0,0,1,0,0,0,0.05377281
1730306167721,-4.25107,1.666771,-0.04569674,-0.9969329,0.07592659,0.01899177,-2.544343,-0.4059702,0.01072884,2.5,0.05377281,0,0,8.74228E-08,1,0,0,0,2.5,0.05377281,0,0,0,1,0,0,0,0.05377281
1730306167727,-4.25107,1.666771,-0.04569674,-0.9969329,0.07592659,0.01899177,0,0,0,2.5,0.05377281,0,0,8.74228E-08,1,0,0,0,2.5,0.05377281,0,0,0,1,0,0,0,0.05377281
1730306167748,-4.285024,1.660009,-0.04524326,-0.9969915,0.07590459,0.01571435,-2.546561,-0.5071431,0.03401041,2.5,0.05377281,0,0,8.74228E-08,1,0,0,0,2.5,0.05377281,0,0,0,1,0,0,0,0.05377281
1730306167755,-4.285024,1.660009,-0.04524326,-0.9969915,0.07590459,0.01571435,0,0,0,2.5,0.05377281,0,0,8.74228E-08,1,0,0,0,2.5,0.05377281,0,0,0,1,0,0,0,0.05377281
1730306167776,-4.319561,1.651556,-0.04493761,-0.9966683,0.08084751,0.01076937,-2.590227,-0.633949,0.02292395,2.5,0.05377281,0,0,8.74228E-08,1,0,0,0,2.5,0.05377281,0,0,0,1,0,0,0,0.05377281
1730306167782,-4.319561,1.651556,-0.04493761,-0.9966683,0.08084751,0.01076937,0,0,0,2.5,0.05377281,0,0,8.74228E-08,1,0,0,0,2.5,0.05377281,0,0,0,1,0,0,0,0.05377281
1730306167805,-4.354921,1.644245,-0.04431486,-0.9969074,0.07839873,0.005427957,-2.652061,-0.5483508,0.0467062,2.5,0.05377281,0,0,8.74228E-08,1,0,0,0,2.5,0.05377281,0,0,0,1,0,0,0,0.05377281
1730306167811,-4.354921,1.644245,-0.04431486,-0.9969074,0.07839873,0.005427957,0,0,0,2.5,0.05377281,0,0,8.74228E-08,1,0,0,0,2.5,0.05377281,0,0,0,1,0,0,0,0.05377281
1730306167832,-4.390823,1.638458,-0.04326153,-0.9970951,0.07615671,0.001353383,-2.692652,-0.4340172,0.079,2.5,0.05377281,0,0,8.74228E-08,1,0,0,0,2.5,0.05377281,0,0,0,1,0,0,0,0.05377281
1730306167839,-4.390823,1.638458,-0.04326153,-0.9970951,0.07615671,0.001353383,0,0,0,2.5,0.05377281,0,0,8.74228E-08,1,0,0,0,2.5,0.05377281,0,0,0,1,0,0,0,0.05377281
1730306167861,-4.426651,1.632617,-0.04188824,-0.997504,0.0704818,-0.004326582,-2.687073,-0.4380673,0.1029968,2.5,0.05377281,0,0,8.74228E-08,1,0,0,0,2.5,0.05377281,0,0,0,1,0,0,0,0.05377281
1730306167867,-4.426651,1.632617,-0.04188824,-0.997504,0.0704818,-0.004326582,0,0,0,2.5,0.05377281,0,0,8.74228E-08,1,0,0,0,2.5,0.05377281,0,0,0,1,0,0,0,0.05377281
1730306167889,-4.462078,1.628515,-0.03995037,-0.997692,0.06737066,-0.008494854,-2.657032,-0.3076941,0.14534,2.5,0.05377281,0,0,8.74228E-08,1,0,0,0,2.5,0.05377281,0,0,0,1,0,0,0,0.05377281
1730306167895,-4.462078,1.628515,-0.03995037,-0.997692,0.06737066,-0.008494854,0,0,0,2.5,0.05377281,0,0,8.74228E-08,1,0,0,0,2.5,0.05377281,0,0,0,1,0,0,0,0.05377281
1730306167917,-4.497578,1.626917,-0.03811646,-0.9978815,0.06437813,-0.009402752,-2.662504,-0.1197875,0.1375437,2.5,0.05377281,0,0,8.74228E-08,1,0,0,0,2.5,0.05377281,0,0,0,1,0,0,0,0.05377281
1730306167923,-4.497578,1.626917,-0.03811646,-0.9978815,0.06437813,-0.009402752,0,0,0,2.5,0.05377281,0,0,8.74228E-08,1,0,0,0,2.5,0.05377281,0,0,0,1,0,0,0,0.05377281
1730306167928,-4.497578,1.626917,-0.03811646,-0.9978815,0.06437813,-0.009402752,0,0,0,2.5,0.05377281,0,0,8.74228E-08,1,0,0,0,2.5,0.05377281,0,0,0,1,0,0,0,0.05377281
1730306167945,-4.534803,1.63514,-0.03569651,-0.9966793,0.08099604,-0.008401275,-2.791893,0.6166756,0.1814961,2.5,0.05377281,0,0,8.74228E-08,1,0,0,0,2.5,0.05377281,0,0,0,1,0,0,0,0.05377281
1730306167951,-4.534803,1.63514,-0.03569651,-0.9966793,0.08099604,-0.008401275,0,0,0,2.5,0.05377281,0,0,8.74228E-08,1,0,0,0,2.5,0.05377281,0,0,0,1,0,0,0,0.05377281
1730306167973,-4.571484,1.642241,-0.03357935,-0.9951786,0.09793584,-0.005341768,-2.751017,0.5325615,0.1587868,2.5,0.05377281,0,0,8.74228E-08,1,0,0,0,2.5,0.05377281,0,0,0,1,0,0,0,0.05377281
1730306167979,-4.571484,1.642241,-0.03357935,-0.9951786,0.09793584,-0.005341768,0,0,0,2.5,0.05377281,0,0,8.74228E-08,1,0,0,0,2.5,0.05377281,0,0,0,1,0,0,0,0.05377281
1730306168013,-4.606708,1.645155,-0.03338766,-0.9926054,0.1213816,-0.001056314,-2.641797,0.2185911,0.01437664,2.5,0.05377281,0,0,8.74228E-08,1,0,0,0,2.5,0.05377281,0,0,0,1,0,0,0,0.05377281
1730306168018,-4.606708,1.645155,-0.03338766,-0.9926054,0.1213816,-0.001056314,0,0,0,2.5,0.05377281,0,0,8.74228E-08,1,0,0,0,2.5,0.05377281,0,0,0,1,0,0,0,0.05377281
1730306168041,-4.659306,1.65337,-0.03502989,-0.993966,0.1094981,-0.006475806,-3.94485,0.6161302,-0.123167,2.5,0.05377281,0,0,8.74228E-08,1,0,0,0,2.5,0.05377281,0,0,0,1,0,0,0,0.05377281
1730306168047,-4.659306,1.65337,-0.03502989,-0.993966,0.1094981,-0.006475806,0,0,0,2.5,0.05377281,0,0,8.74228E-08,1,0,0,0,2.5,0.05377281,0,0,0,1,0,0,0,0.05377281
1730306168052,-4.659306,1.65337,-0.03502989,-0.993966,0.1094981,-0.006475806,0,0,0,2.5,0.05377281,0,0,8.74228E-08,1,0,0,0,2.5,0.05377281,0,0,0,1,0,0,0,0.05377281
1730306168070,-4.69458,1.659018,-0.03658724,-0.9948671,0.09985097,-0.01642525,-2.645588,0.4236102,-0.1168013,2.5,0.05377281,0,0,8.74228E-08,1,0,0,0,2.5,0.05377281,0,0,0,1,0,0,0,0.05377281
1730306168076,-4.69458,1.659018,-0.03658724,-0.9948671,0.09985097,-0.01642525,0,0,0,2.5,0.05377281,0,0,8.74228E-08,1,0,0,0,2.5,0.05377281,0,0,0,1,0,0,0,0.05377281
1730306168098,-4.729585,1.664735,-0.03850222,-0.9954861,0.09168529,-0.02452123,-2.625382,0.4287153,-0.1436234,2.5,0.05377281,0,0,8.74228E-08,1,0,0,0,2.5,0.05377281,0,0,0,1,0,0,0,0.05377281
1730306168104,-4.729585,1.664735,-0.03850222,-0.9954861,0.09168529,-0.02452123,0,0,0,2.5,0.05377281,0,0,8.74228E-08,1,0,0,0,2.5,0.05377281,0,0,0,1,0,0,0,0.05377281
1730306168124,-4.764372,1.671398,-0.04046249,-0.9955964,0.08868443,-0.03038478,-2.609003,0.4997581,-0.1470208,2.5,0.05377281,0,0,8.74228E-08,1,0,0,0,2.5,0.05377281,0,0,0,1,0,0,0,0.05377281
1730306168131,-4.764372,1.671398,-0.04046249,-0.9955964,0.08868443,-0.03038478,0,0,0,2.5,0.05377281,0,0,8.74228E-08,1,0,0,0,2.5,0.05377281,0,0,0,1,0,0,0,0.05377281
1730306168152,-4.798501,1.676617,-0.0427146,-0.9951624,0.09143402,-0.03594089,-2.559686,0.3914148,-0.1689076,2.5,0.05377281,0,0,8.74228E-08,1,0,0,0,2.5,0.05377281,0,0,0,1,0,0,0,0.05377281
1730306168158,-4.798501,1.676617,-0.0427146,-0.9951624,0.09143402,-0.03594089,0,0,0,2.5,0.05377281,0,0,8.74228E-08,1,0,0,0,2.5,0.05377281,0,0,0,1,0,0,0,0.05377281
1730306168181,-4.832364,1.679571,-0.04486227,-0.9947274,0.09362649,-0.04185617,-2.53973,0.2215236,-0.1610756,2.5,0.05377281,0,0,8.74228E-08,1,0,0,0,2.5,0.05377281,0,0,0,1,0,0,0,0.05377281
1730306168187,-4.832364,1.679571,-0.04486227,-0.9947274,0.09362649,-0.04185617,0,0,0,2.5,0.05377281,0,0,8.74228E-08,1,0,0,0,2.5,0.05377281,0,0,0,1,0,0,0,0.05377281
1730306168209,-4.866485,1.680752,-0.04752302,-0.9940679,0.09851026,-0.04610074,-2.559042,0.0886023,-0.1995564,2.5,0.05377281,0,0,8.74228E-08,1,0,0,0,2.5,0.05377281,0,0,0,1,0,0,0,0.05377281
1730306168215,-4.866485,1.680752,-0.04752302,-0.9940679,0.09851026,-0.04610074,0,0,0,2.5,0.05377281,0,0,8.74228E-08,1,0,0,0,2.5,0.05377281,0,0,0,1,0,0,0,0.05377281
1730306168220,-4.866485,1.680752,-0.04752302,-0.9940679,0.09851026,-0.04610074,0,0,0,2.5,0.05377281,0,0,8.74228E-08,1,0,0,0,2.5,0.05377281,0,0,0,1,0,0,0,0.05377281
1730306168237,-4.900326,1.679502,-0.04992104,-0.9935318,0.1025943,-0.04867899,-2.538085,-0.09377003,-0.1798511,2.5,0.05377281,0,0,8.74228E-08,1,0,0,0,2.5,0.05377281,0,0,0,1,0,0,0,0.05377281
1730306168244,-4.900326,1.679502,-0.04992104,-0.9935318,0.1025943,-0.04867899,0,0,0,2.5,0.05377281,0,0,8.74228E-08,1,0,0,0,2.5,0.05377281,0,0,0,1,0,0,0,0.05377281
1730306168265,-4.933938,1.676384,-0.05125332,-0.9933157,0.1032562,-0.05159926,-2.520919,-0.2338171,-0.09992123,2.5,0.05377281,0,0,8.74228E-08,1,0,0,0,2.5,0.05377281,0,0,0,1,0,0,0,0.05377281
1730306168272,-4.933938,1.676384,-0.05125332,-0.9933157,0.1032562,-0.05159926,0,0,0,2.5,0.05377281,0,0,8.74228E-08,1,0,0,0,2.5,0.05377281,0,0,0,1,0,0,0,0.05377281
1730306168293,-4.967488,1.671921,-0.05320072,-0.9933402,0.1026136,-0.05239964,-2.51627,-0.3347039,-0.1460552,2.5,0.05377281,0,0,8.74228E-08,1,0,0,0,2.5,0.05377281,0,0,0,1,0,0,0,0.05377281
1730306168299,-4.967488,1.671921,-0.05320072,-0.9933402,0.1026136,-0.05239964,0,0,0,2.5,0.05377281,0,0,8.74228E-08,1,0,0,0,2.5,0.05377281,0,0,0,1,0,0,0,0.05377281
1730306168321,-5.00105,1.665106,-0.05450964,-0.9933306,0.1028744,-0.05207121,-2.517092,-0.5111754,-0.09816885,2.5,0.05377281,0,0,8.74228E-08,1,0,0,0,2.5,0.05377281,0,0,0,1,0,0,0,0.05377281
1730306168327,-5.00105,1.665106,-0.05450964,-0.9933306,0.1028744,-0.05207121,0,0,0,2.5,0.05377281,0,0,8.74228E-08,1,0,0,0,2.5,0.05377281,0,0,0,1,0,0,0,0.05377281
1730306168349,-5.035133,1.657319,-0.055861,-0.9931457,0.1053857,-0.05056059,-2.556288,-0.5840063,-0.1013517,2.5,0.05377281,0,0,8.74228E-08,1,0,0,0,2.5,0.05377281,0,0,0,1,0,0,0,0.05377281
1730306168356,-5.035133,1.657319,-0.055861,-0.9931457,0.1053857,-0.05056059,0,0,0,2.5,0.05377281,0,0,8.74228E-08,1,0,0,0,2.5,0.05377281,0,0,0,1,0,0,0,0.05377281
1730306168377,-5.069589,1.6491,-0.05749655,-0.9931638,0.1063115,-0.04820812,-2.584147,-0.6163895,-0.1226664,2.5,0.05377281,0,0,8.74228E-08,1,0,0,0,2.5,0.05377281,0,0,0,1,0,0,0,0.05377281
1730306168383,-5.069589,1.6491,-0.05749655,-0.9931638,0.1063115,-0.04820812,0,0,0,2.5,0.05377281,0,0,8.74228E-08,1,0,0,0,2.5,0.05377281,0,0,0,1,0,0,0,0.05377281
1730306168405,-5.10437,1.642082,-0.05924416,-0.9936438,0.1031292,-0.04513288,-2.608609,-0.5263746,-0.1310706,2.5,0.05377281,0,0,8.74228E-08,1,0,0,0,2.5,0.05377281,0,0,0,1,0,0,0,0.05377281
1730306168411,-5.10437,1.642082,-0.05924416,-0.9936438,0.1031292,-0.04513288,0,0,0,2.5,0.05377281,0,0,8.74228E-08,1,0,0,0,2.5,0.05377281,0,0,0,1,0,0,0,0.05377281
1730306168432,-5.139499,1.635478,-0.06153631,-0.994062,0.09993009,-0.04307008,-2.63468,-0.4953146,-0.1719117,2.5,0.05377281,0,0,8.74228E-08,1,0,0,0,2.5,0.05377281,0,0,0,1,0,0,0,0.05377281
1730306168439,-5.139499,1.635478,-0.06153631,-0.994062,0.09993009,-0.04307008,0,0,0,2.5,0.05377281,0,0,8.74228E-08,1,0,0,0,2.5,0.05377281,0,0,0,1,0,0,0,0.05377281
1730306168460,-5.17488,1.630265,-0.06451416,-0.9943104,0.09806745,-0.04159153,-2.653563,-0.3909409,-0.2233386,2.5,0.05377281,0,0,8.74228E-08,1,0,0,0,2.5,0.05377281,0,0,0,1,0,0,0,0.05377281
1730306168467,-5.17488,1.630265,-0.06451416,-0.9943104,0.09806745,-0.04159153,0,0,0,2.5,0.05377281,0,0,8.74228E-08,1,0,0,0,2.5,0.05377281,0,0,0,1,0,0,0,0.05377281
1730306168488,-5.211127,1.632338,-0.06722069,-0.996691,0.07091163,-0.03973818,-2.718508,0.1554608,-0.2029896,2.5,0.05377281,0,0,8.74228E-08,1,0,0,0,2.5,0.05377281,0,0,0,1,0,0,0,0.05377281
1730306168494,-5.211127,1.632338,-0.06722069,-0.996691,0.07091163,-0.03973818,0,0,0,2.5,0.05377281,0,0,8.74228E-08,1,0,0,0,2.5,0.05377281,0,0,0,1,0,0,0,0.05377281
1730306168516,-5.247393,1.637035,-0.07053375,-0.9947127,0.09626541,-0.03578174,-2.719939,0.3522813,-0.2484798,2.5,0.05377281,0,0,8.74228E-08,1,0,0,0,2.5,0.05377281,0,0,0,1,0,0,0,0.05377281
1730306168523,-5.247393,1.637035,-0.07053375,-0.9947127,0.09626541,-0.03578174,0,0,0,2.5,0.05377281,0,0,8.74228E-08,1,0,0,0,2.5,0.05377281,0,0,0,1,0,0,0,0.05377281
1730306168528,-5.247393,1.637035,-0.07053375,-0.9947127,0.09626541,-0.03578174,0,0,0,2.5,0.05377281,0,0,8.74228E-08,1,0,0,0,2.5,0.05377281,0,0,0,1,0,0,0,0.05377281
1730306168544,-5.281998,1.643935,-0.07345963,-0.9918039,0.1233323,-0.03338695,-2.595377,0.5174786,-0.2194405,2.5,0.05377281,0,0,8.74228E-08,1,0,0,0,2.5,0.05377281,0,0,0,1,0,0,0,0.05377281
1730306168549,-5.281998,1.643935,-0.07345963,-0.9918039,0.1233323,-0.03338695,0,0,0,2.5,0.05377281,0,0,8.74228E-08,1,0,0,0,2.5,0.05377281,0,0,0,1,0,0,0,0.05377281
1730306168572,-5.316656,1.649524,-0.07583189,-0.9911231,0.1286384,-0.03357792,-2.599382,0.4191846,-0.1779199,2.5,0.05377281,0,0,8.74228E-08,1,0,0,0,2.5,0.05377281,0,0,0,1,0,0,0,0.05377281
1730306168578,-5.316656,1.649524,-0.07583189,-0.9911231,0.1286384,-0.03357792,0,0,0,2.5,0.05377281,0,0,8.74228E-08,1,0,0,0,2.5,0.05377281,0,0,0,1,0,0,0,0.05377281
1730306168597,-5.351115,1.656445,-0.07712841,-0.9916694,0.1243506,-0.03359973,-2.584434,0.5190432,-0.09723902,2.5,0.05377281,0,0,8.74228E-08,1,0,0,0,2.5,0.05377281,0,0,0,1,0,0,0,0.05377281
1730306168603,-5.351115,1.656445,-0.07712841,-0.9916694,0.1243506,-0.03359973,0,0,0,2.5,0.05377281,0,0,8.74228E-08,1,0,0,0,2.5,0.05377281,0,0,0,1,0,0,0,0.05377281
1730306168625,-5.384919,1.664052,-0.07754564,-0.9918696,0.123208,-0.03186071,-2.535295,0.5705416,-0.03129244,2.5,0.05377281,0,0,8.74228E-08,1,0,0,0,2.5,0.05377281,0,0,0,1,0,0,0,0.05377281
1730306168631,-5.384919,1.664052,-0.07754564,-0.9918696,0.123208,-0.03186071,0,0,0,2.5,0.05377281,0,0,8.74228E-08,1,0,0,0,2.5,0.05377281,0,0,0,1,0,0,0,0.05377281
1730306168653,-5.417818,1.670643,-0.07760143,-0.9920905,0.1221585,-0.02887547,-2.467418,0.4943669,-0.004184246,2.5,0.05377281,0,0,8.74228E-08,1,0,0,0,2.5,0.05377281,0,0,0,1,0,0,0,0.05377281
1730306168659,-5.417818,1.670643,-0.07760143,-0.9920905,0.1221585,-0.02887547,0,0,0,2.5,0.05377281,0,0,8.74228E-08,1,0,0,0,2.5,0.05377281,0,0,0,1,0,0,0,0.05377281
1730306168681,-5.450076,1.677484,-0.07734537,-0.9925259,0.1196102,-0.0242157,-2.419353,0.5130529,0.01920462,2.5,0.05377281,0,0,8.74228E-08,1,0,0,0,2.5,0.05377281,0,0,0,1,0,0,0,0.05377281
1730306168687,-5.450076,1.677484,-0.07734537,-0.9925259,0.1196102,-0.0242157,0,0,0,2.5,0.05377281,0,0,8.74228E-08,1,0,0,0,2.5,0.05377281,0,0,0,1,0,0,0,0.05377281
1730306168709,-5.481418,1.68267,-0.0769248,-0.9924206,0.121204,-0.02028799,-2.350616,0.388974,0.03154278,2.5,0.05377281,0,0,8.74228E-08,1,0,0,0,2.5,0.05377281,0,0,0,1,0,0,0,0.05377281
1730306168715,-5.481418,1.68267,-0.0769248,-0.9924206,0.121204,-0.02028799,0,0,0,2.5,0.05377281,0,0,8.74228E-08,1,0,0,0,2.5,0.05377281,0,0,0,1,0,0,0,0.05377281
1730306168737,-5.512285,1.685363,-0.07656765,-0.992728,0.1191615,-0.01709139,-2.315068,0.2019525,0.02678633,2.5,0.05377281,0,0,8.74228E-08,1,0,0,0,2.5,0.05377281,0,0,0,1,0,0,0,0.05377281
1730306168743,-5.512285,1.685363,-0.07656765,-0.992728,0.1191615,-0.01709139,0,0,0,2.5,0.05377281,0,0,8.74228E-08,1,0,0,0,2.5,0.05377281,0,0,0,1,0,0,0,0.05377281
1730306168765,-5.542924,1.686691,-0.07622194,-0.9926644,0.1199045,-0.01551259,-2.297902,0.09959936,0.02592802,2.5,0.05377281,0,0,8.74228E-08,1,0,0,0,2.5,0.05377281,0,0,0,1,0,0,0,0.05377281
1730306168771,-5.542924,1.686691,-0.07622194,-0.9926644,0.1199045,-0.01551259,0,0,0,2.5,0.05377281,0,0,8.74228E-08,1,0,0,0,2.5,0.05377281,0,0,0,1,0,0,0,0.05377281
1730306168793,-5.573777,1.685906,-0.07570267,-0.9919733,0.1255425,-0.01510918,-2.313995,-0.05891919,0.03894567,2.5,0.05377281,0,0,8.74228E-08,1,0,0,0,2.5,0.05377281,0,0,0,1,0,0,0,0.05377281
1730306168801,-5.573777,1.685906,-0.07570267,-0.9919733,0.1255425,-0.01510918,0,0,0,2.5,0.05377281,0,0,8.74228E-08,1,0,0,0,2.5,0.05377281,0,0,0,1,0,0,0,0.05377281
1730306168821,-5.604329,1.683536,-0.07483768,-0.9916787,0.1281077,-0.01273942,-2.291393,-0.1777411,0.0648737,2.5,0.05377281,0,0,8.74228E-08,1,0,0,0,2.5,0.05377281,0,0,0,1,0,0,0,0.05377281
1730306168827,-5.604329,1.683536,-0.07483768,-0.9916787,0.1281077,-0.01273942,0,0,0,2.5,0.05377281,0,0,8.74228E-08,1,0,0,0,2.5,0.05377281,0,0,0,1,0,0,0,0.05377281
1730306168832,-5.604329,1.683536,-0.07483768,-0.9916787,0.1281077,-0.01273942,0,0,0,2.5,0.05377281,0,0,8.74228E-08,1,0,0,0,2.5,0.05377281,0,0,0,1,0,0,0,0.05377281
1730306168849,-5.635493,1.679089,-0.07444954,-0.9923102,0.1234025,-0.009624362,-2.337313,-0.3335148,0.02911091,2.5,0.05377281,0,0,8.74228E-08,1,0,0,0,2.5,0.05377281,0,0,0,1,0,0,0,0.05377281
1730306168855,-5.635493,1.679089,-0.07444954,-0.9923102,0.1234025,-0.009624362,0,0,0,2.5,0.05377281,0,0,8.74228E-08,1,0,0,0,2.5,0.05377281,0,0,0,1,0,0,0,0.05377281
1730306168877,-5.666973,1.674325,-0.0742712,-0.9930478,0.117453,-0.007826209,-2.360988,-0.3572971,0.01337528,2.5,0.05377281,0,0,8.74228E-08,1,0,0,0,2.5,0.05377281,0,0,0,1,0,0,0,0.05377281
1730306168883,-5.666973,1.674325,-0.0742712,-0.9930478,0.117453,-0.007826209,0,0,0,2.5,0.05377281,0,0,8.74228E-08,1,0,0,0,2.5,0.05377281,0,0,0,1,0,0,0,0.05377281
1730306168903,-5.698766,1.668249,-0.07383251,-0.9932273,0.1159297,-0.007745981,-2.384448,-0.4557252,0.03290176,2.5,0.05377281,0,0,8.74228E-08,1,0,0,0,2.5,0.05377281,0,0,0,1,0,0,0,0.05377281
1730306168909,-5.698766,1.668249,-0.07383251,-0.9932273,0.1159297,-0.007745981,0,0,0,2.5,0.05377281,0,0,8.74228E-08,1,0,0,0,2.5,0.05377281,0,0,0,1,0,0,0,0.05377281
1730306168931,-5.730639,1.660745,-0.07307243,-0.9930091,0.1176762,-0.009255052,-2.390456,-0.5627722,0.05700588,2.5,0.05377281,0,0,8.74228E-08,1,0,0,0,2.5,0.05377281,0,0,0,1,0,0,0,0.05377281
1730306168937,-5.730639,1.660745,-0.07307243,-0.9930091,0.1176762,-0.009255052,0,0,0,2.5,0.05377281,0,0,8.74228E-08,1,0,0,0,2.5,0.05377281,0,0,0,1,0,0,0,0.05377281
1730306168959,-5.7626,1.654078,-0.07178879,-0.9933802,0.1141238,-0.01311672,-2.397108,-0.5000442,0.09627342,2.5,0.05377281,0,0,8.74228E-08,1,0,0,0,2.5,0.05377281,0,0,0,1,0,0,0,0.05377281
1730306168965,-5.7626,1.654078,-0.07178879,-0.9933802,0.1141238,-0.01311672,0,0,0,2.5,0.05377281,0,0,8.74228E-08,1,0,0,0,2.5,0.05377281,0,0,0,1,0,0,0,0.05377281
1730306168987,-5.795296,1.647396,-0.0704174,-0.9938533,0.1092521,-0.01788878,-2.452183,-0.5011261,0.1028538,2.5,0.05377281,0,0,8.74228E-08,1,0,0,0,2.5,0.05377281,0,0,0,1,0,0,0,0.05377281
1730306168993,-5.795296,1.647396,-0.0704174,-0.9938533,0.1092521,-0.01788878,0,0,0,2.5,0.05377281,0,0,8.74228E-08,1,0,0,0,2.5,0.05377281,0,0,0,1,0,0,0,0.05377281
1730306169015,-5.827955,1.641997,-0.06889343,-0.994152,0.1055777,-0.02270985,-2.449465,-0.404942,0.1142979,2.5,0.05377281,0,0,8.74228E-08,1,0,0,0,2.5,0.05377281,0,0,0,1,0,0,0,0.05377281
1730306169021,-5.827955,1.641997,-0.06889343,-0.994152,0.1055777,-0.02270985,0,0,0,2.5,0.05377281,0,0,8.74228E-08,1,0,0,0,2.5,0.05377281,0,0,0,1,0,0,0,0.05377281
1730306169043,-5.860675,1.63798,-0.06695747,-0.9938362,0.1073,-0.02786839,-2.453971,-0.3012836,0.1451969,2.5,0.05377281,0,0,8.74228E-08,1,0,0,0,2.5,0.05377281,0,0,0,1,0,0,0,0.05377281
1730306169049,-5.860675,1.63798,-0.06695747,-0.9938362,0.1073,-0.02786839,0,0,0,2.5,0.05377281,0,0,8.74228E-08,1,0,0,0,2.5,0.05377281,0,0,0,1,0,0,0,0.05377281
1730306169071,-5.894414,1.640855,-0.06462955,-0.9955683,0.08844931,-0.03194892,-2.530432,0.2156496,0.1745939,2.5,0.05377281,0,0,8.74228E-08,1,0,0,0,2.5,0.05377281,0,0,0,1,0,0,0,0.05377281
1730306169077,-5.894414,1.640855,-0.06462955,-0.9955683,0.08844931,-0.03194892,0,0,0,2.5,0.05377281,0,0,8.74228E-08,1,0,0,0,2.5,0.05377281,0,0,0,1,0,0,0,0.05377281
1730306169099,-5.928315,1.64445,-0.06222439,-0.9925185,0.1175234,-0.03310442,-2.542591,0.2696157,0.1803875,2.5,0.05377281,0,0,8.74228E-08,1,0,0,0,2.5,0.05377281,0,0,0,1,0,0,0,0.05377281
1730306169106,-5.928315,1.64445,-0.06222439,-0.9925185,0.1175234,-0.03310442,0,0,0,2.5,0.05377281,0,0,8.74228E-08,1,0,0,0,2.5,0.05377281,0,0,0,1,0,0,0,0.05377281
1730306169127,-5.961619,1.650679,-0.05946922,-0.990218,0.1354923,-0.03332889,-2.497816,0.4671514,0.2066374,2.5,0.05377281,0,0,8.74228E-08,1,0,0,0,2.5,0.05377281,0,0,0,1,0,0,0,0.05377281
1730306169133,-5.961619,1.650679,-0.05946922,-0.990218,0.1354923,-0.03332889,0,0,0,2.5,0.05377281,0,0,8.74228E-08,1,0,0,0,2.5,0.05377281,0,0,0,1,0,0,0,0.05377281
1730306169155,-5.993876,1.654734,-0.05731392,-0.9896442,0.1403686,-0.03002501,-2.419281,0.3041267,0.1616478,2.5,0.05377281,0,0,8.74228E-08,1,0,0,0,2.5,0.05377281,0,0,0,1,0,0,0,0.05377281
1730306169161,-5.993876,1.654734,-0.05731392,-0.9896442,0.1403686,-0.03002501,0,0,0,2.5,0.05377281,0,0,8.74228E-08,1,0,0,0,2.5,0.05377281,0,0,0,1,0,0,0,0.05377281
1730306169183,-6.026582,1.660008,-0.05604267,-0.9904521,0.1350211,-0.02782714,-2.452898,0.3955722,0.09534359,2.5,0.05377281,0,0,8.74228E-08,1,0,0,0,2.5,0.05377281,0,0,0,1,0,0,0,0.05377281
1730306169188,-6.026582,1.660008,-0.05604267,-0.9904521,0.1350211,-0.02782714,0,0,0,2.5,0.05377281,0,0,8.74228E-08,1,0,0,0,2.5,0.05377281,0,0,0,1,0,0,0,0.05377281
1730306169195,-6.026582,1.660008,-0.05604267,-0.9904521,0.1350211,-0.02782714,0,0,0,2.5,0.05377281,0,0,8.74228E-08,1,0,0,0,2.5,0.05377281,0,0,0,1,0,0,0,0.05377281
1730306169210,-6.059735,1.666371,-0.0559721,-0.9910085,0.130531,-0.02940059,-2.486515,0.4772365,0.005292892,2.5,0.05377281,0,0,8.74228E-08,1,0,0,0,2.5,0.05377281,0,0,0,1,0,0,0,0.05377281
1730306169216,-6.059735,1.666371,-0.0559721,-0.9910085,0.130531,-0.02940059,0,0,0,2.5,0.05377281,0,0,8.74228E-08,1,0,0,0,2.5,0.05377281,0,0,0,1,0,0,0,0.05377281
1730306169238,-6.091756,1.671566,-0.05609798,-0.9915513,0.125747,-0.03184736,-2.401543,0.3896534,-0.009441376,2.5,0.05377281,0,0,8.74228E-08,1,0,0,0,2.5,0.05377281,0,0,0,1,0,0,0,0.05377281
1730306169245,-6.091756,1.671566,-0.05609798,-0.9915513,0.125747,-0.03184736,0,0,0,2.5,0.05377281,0,0,8.74228E-08,1,0,0,0,2.5,0.05377281,0,0,0,1,0,0,0,0.05377281
1730306169278,-6.123017,1.675901,-0.05656147,-0.9924392,0.1184815,-0.03204918,-2.344608,0.3250659,-0.03476143,2.5,0.05377281,0,0,8.74228E-08,1,0,0,0,2.5,0.05377281,0,0,0,1,0,0,0,0.05377281
1730306169283,-6.123017,1.675901,-0.05656147,-0.9924392,0.1184815,-0.03204918,0,0,0,2.5,0.05377281,0,0,8.74228E-08,1,0,0,0,2.5,0.05377281,0,0,0,1,0,0,0,0.05377281
1730306169305,-6.168877,1.682149,-0.05712128,-0.9933236,0.1125109,-0.02549171,-3.43945,0.4686356,-0.04198551,2.5,0.05377281,0,0,8.74228E-08,1,0,0,0,2.5,0.05377281,0,0,0,1,0,0,0,0.05377281
1730306169311,-6.168877,1.682149,-0.05712128,-0.9933236,0.1125109,-0.02549171,0,0,0,2.5,0.05377281,0,0,8.74228E-08,1,0,0,0,2.5,0.05377281,0,0,0,1,0,0,0,0.05377281
1730306169317,-6.168877,1.682149,-0.05712128,-0.9933236,0.1125109,-0.02549171,0,0,0,2.5,0.05377281,0,0,8.74228E-08,1,0,0,0,2.5,0.05377281,0,0,0,1,0,0,0,0.05377281
1730306169334,-6.199368,1.683413,-0.05780506,-0.993879,0.1080062,-0.02322543,-2.286887,0.09477139,-0.05128384,2.5,0.05377281,0,0,8.74228E-08,1,0,0,0,2.5,0.05377281,0,0,0,1,0,0,0,0.05377281
1730306169340,-6.199368,1.683413,-0.05780506,-0.993879,0.1080062,-0.02322543,0,0,0,2.5,0.05377281,0,0,8.74228E-08,1,0,0,0,2.5,0.05377281,0,0,0,1,0,0,0,0.05377281
1730306169361,-6.229974,1.684409,-0.05834866,-0.9944468,0.1027251,-0.02288139,-2.295399,0.07476211,-0.04076958,2.5,0.05377281,0,0,8.74228E-08,1,0,0,0,2.5,0.05377281,0,0,0,1,0,0,0,0.05377281
1730306169368,-6.229974,1.684409,-0.05834866,-0.9944468,0.1027251,-0.02288139,0,0,0,2.5,0.05377281,0,0,8.74228E-08,1,0,0,0,2.5,0.05377281,0,0,0,1,0,0,0,0.05377281
1730306169388,-6.260453,1.683222,-0.05869675,-0.9943178,0.1037966,-0.02364266,-2.285957,-0.08903146,-0.02610683,2.5,0.05377281,0,0,8.74228E-08,1,0,0,0,2.5,0.05377281,0,0,0,1,0,0,0,0.05377281
1730306169394,-6.260453,1.683222,-0.05869675,-0.9943178,0.1037966,-0.02364266,0,0,0,2.5,0.05377281,0,0,8.74228E-08,1,0,0,0,2.5,0.05377281,0,0,0,1,0,0,0,0.05377281
1730306169416,-6.290565,1.681036,-0.05894566,-0.9943448,0.1033753,-0.02433789,-2.258348,-0.1639724,-0.01866817,2.5,0.05377281,0,0,8.74228E-08,1,0,0,0,2.5,0.05377281,0,0,0,1,0,0,0,0.05377281
1730306169422,-6.290565,1.681036,-0.05894566,-0.9943448,0.1033753,-0.02433789,0,0,0,2.5,0.05377281,0,0,8.74228E-08,1,0,0,0,2.5,0.05377281,0,0,0,1,0,0,0,0.05377281
1730306169444,-6.320964,1.676901,-0.05916691,-0.9949306,0.09760283,-0.02422905,-2.279949,-0.3101707,-0.01659393,2.5,0.05377281,0,0,8.74228E-08,1,0,0,0,2.5,0.05377281,0,0,0,1,0,0,0,0.05377281
1730306169450,-6.320964,1.676901,-0.05916691,-0.9949306,0.09760283,-0.02422905,0,0,0,2.5,0.05377281,0,0,8.74228E-08,1,0,0,0,2.5,0.05377281,0,0,0,1,0,0,0,0.05377281
1730306169473,-6.351743,1.671399,-0.05949593,-0.9956151,0.091085,-0.0213207,-2.308416,-0.4126221,-0.02467632,2.5,0.05377281,0,0,8.74228E-08,1,0,0,0,2.5,0.05377281,0,0,0,1,0,0,0,0.05377281
1730306169479,-6.351743,1.671399,-0.05949593,-0.9956151,0.091085,-0.0213207,0,0,0,2.5,0.05377281,0,0,8.74228E-08,1,0,0,0,2.5,0.05377281,0,0,0,1,0,0,0,0.05377281
1730306169501,-6.38313,1.665481,-0.06013393,-0.9959227,0.08857316,-0.01712215,-2.35405,-0.4438519,-0.04785061,2.5,0.05377281,0,0,8.74228E-08,1,0,0,0,2.5,0.05377281,0,0,0,1,0,0,0,0.05377281
1730306169507,-6.38313,1.665481,-0.06013393,-0.9959227,0.08857316,-0.01712215,0,0,0,2.5,0.05377281,0,0,8.74228E-08,1,0,0,0,2.5,0.05377281,0,0,0,1,0,0,0,0.05377281
1730306169529,-6.414319,1.65758,-0.06087399,-0.9956495,0.09218504,-0.01357496,-2.339172,-0.5925894,-0.05550385,2.5,0.05377281,0,0,8.74228E-08,1,0,0,0,2.5,0.05377281,0,0,0,1,0,0,0,0.05377281
1730306169535,-6.414319,1.65758,-0.06087399,-0.9956495,0.09218504,-0.01357496,0,0,0,2.5,0.05377281,0,0,8.74228E-08,1,0,0,0,2.5,0.05377281,0,0,0,1,0,0,0,0.05377281
1730306169557,-6.445979,1.650346,-0.06208992,-0.9957964,0.0907601,-0.01235437,-2.374506,-0.5424947,-0.09119511,2.5,0.05377281,0,0,8.74228E-08,1,0,0,0,2.5,0.05377281,0,0,0,1,0,0,0,0.05377281
1730306169563,-6.445979,1.650346,-0.06208992,-0.9957964,0.0907601,-0.01235437,0,0,0,2.5,0.05377281,0,0,8.74228E-08,1,0,0,0,2.5,0.05377281,0,0,0,1,0,0,0,0.05377281
1730306169569,-6.445979,1.650346,-0.06208992,-0.9957964,0.0907601,-0.01235437,0,0,0,2.5,0.05377281,0,0,8.74228E-08,1,0,0,0,2.5,0.05377281,0,0,0,1,0,0,0,0.05377281
1730306169585,-6.477818,1.643162,-0.063694,-0.9965449,0.08195078,-0.01350522,-2.387881,-0.538829,-0.120306,2.5,0.05377281,0,0,8.74228E-08,1,0,0,0,2.5,0.05377281,0,0,0,1,0,0,0,0.05377281
1730306169592,-6.477818,1.643162,-0.063694,-0.9965449,0.08195078,-0.01350522,0,0,0,2.5,0.05377281,0,0,8.74228E-08,1,0,0,0,2.5,0.05377281,0,0,0,1,0,0,0,0.05377281
1730306169612,-6.510257,1.638055,-0.06564045,-0.9969836,0.07628243,-0.01432133,-2.432942,-0.3830552,-0.1459837,2.5,0.05377281,0,0,8.74228E-08,1,0,0,0,2.5,0.05377281,0,0,0,1,0,0,0,0.05377281
1730306169621,-6.510257,1.638055,-0.06564045,-0.9969836,0.07628243,-0.01432133,0,0,0,2.5,0.05377281,0,0,8.74228E-08,1,0,0,0,2.5,0.05377281,0,0,0,1,0,0,0,0.05377281
1730306169651,-6.542615,1.634342,-0.06797123,-0.9968871,0.07740226,-0.01501083,-2.426863,-0.2784401,-0.1748085,2.5,0.05377281,0,0,8.74228E-08,1,0,0,0,2.5,0.05377281,0,0,0,1,0,0,0,0.05377281
1730306169659,-6.542615,1.634342,-0.06797123,-0.9968871,0.07740226,-0.01501083,0,0,0,2.5,0.05377281,0,0,8.74228E-08,1,0,0,0,2.5,0.05377281,0,0,0,1,0,0,0,0.05377281
1730306169691,-6.592426,1.639451,-0.07145214,-0.9974274,0.07041237,-0.01345873,-3.735852,0.3831983,-0.2610683,2.5,0.05377281,0,0,8.74228E-08,1,0,0,0,2.5,0.05377281,0,0,0,1,0,0,0,0.05377281
1730306169699,-6.592426,1.639451,-0.07145214,-0.9974274,0.07041237,-0.01345873,0,0,0,2.5,0.05377281,0,0,8.74228E-08,1,0,0,0,2.5,0.05377281,0,0,0,1,0,0,0,0.05377281
1730306169706,-6.592426,1.639451,-0.07145214,-0.9974274,0.07041237,-0.01345873,0,0,0,2.5,0.05377281,0,0,8.74228E-08,1,0,0,0,2.5,0.05377281,0,0,0,1,0,0,0,0.05377281
1730306169734,-6.642753,1.647438,-0.07437038,-0.9936761,0.1111436,-0.01598299,-3.774476,0.5990088,-0.2188683,2.5,0.05377281,0,0,8.74228E-08,1,0,0,0,2.5,0.05377281,0,0,0,1,0,0,0,0.05377281
1730306169742,-6.642753,1.647438,-0.07437038,-0.9936761,0.1111436,-0.01598299,0,0,0,2.5,0.05377281,0,0,8.74228E-08,1,0,0,0,2.5,0.05377281,0,0,0,1,0,0,0,0.05377281
1730306169749,-6.642753,1.647438,-0.07437038,-0.9936761,0.1111436,-0.01598299,0,0,0,2.5,0.05377281,0,0,8.74228E-08,1,0,0,0,2.5,0.05377281,0,0,0,1,0,0,0,0.05377281
1730306169755,-6.642753,1.647438,-0.07437038,-0.9936761,0.1111436,-0.01598299,0,0,0,2.5,0.05377281,0,0,8.74228E-08,1,0,0,0,2.5,0.05377281,0,0,0,1,0,0,0,0.05377281
1730306169772,-6.690713,1.655399,-0.07430649,-0.9927482,0.1180988,-0.02245164,-3.597021,0.5970418,0.004792213,2.5,0.05377281,0,0,8.74228E-08,1,0,0,0,2.5,0.05377281,0,0,0,1,0,0,0,0.05377281
1730306169780,-6.690713,1.655399,-0.07430649,-0.9927482,0.1180988,-0.02245164,0,0,0,2.5,0.05377281,0,0,8.74228E-08,1,0,0,0,2.5,0.05377281,0,0,0,1,0,0,0,0.05377281
1730306169787,-6.690713,1.655399,-0.07430649,-0.9927482,0.1180988,-0.02245164,0,0,0,2.5,0.05377281,0,0,8.74228E-08,1,0,0,0,2.5,0.05377281,0,0,0,1,0,0,0,0.05377281
1730306169812,-6.739053,1.66622,-0.07387352,-0.9936938,0.1108308,-0.01702154,-3.625488,0.8116007,0.03247261,2.5,0.05377281,0,0,8.74228E-08,1,0,0,0,2.5,0.05377281,0,0,0,1,0,0,0,0.05377281
1730306169820,-6.739053,1.66622,-0.07387352,-0.9936938,0.1108308,-0.01702154,0,0,0,2.5,0.05377281,0,0,8.74228E-08,1,0,0,0,2.5,0.05377281,0,0,0,1,0,0,0,0.05377281
1730306169827,-6.739053,1.66622,-0.07387352,-0.9936938,0.1108308,-0.01702154,0,0,0,2.5,0.05377281,0,0,8.74228E-08,1,0,0,0,2.5,0.05377281,0,0,0,1,0,0,0,0.05377281
1730306169854,-6.786231,1.675849,-0.07215691,-0.9928213,0.118956,-0.01247704,-3.53837,0.7221937,0.128746,2.5,0.05377281,0,0,8.74228E-08,1,0,0,0,2.5,0.05377281,0,0,0,1,0,0,0,0.05377281
1730306169861,-6.786231,1.675849,-0.07215691,-0.9928213,0.118956,-0.01247704,0,0,0,2.5,0.05377281,0,0,8.74228E-08,1,0,0,0,2.5,0.05377281,0,0,0,1,0,0,0,0.05377281
1730306169868,-6.786231,1.675849,-0.07215691,-0.9928213,0.118956,-0.01247704,0,0,0,2.5,0.05377281,0,0,8.74228E-08,1,0,0,0,2.5,0.05377281,0,0,0,1,0,0,0,0.05377281
1730306169895,-6.831937,1.683805,-0.06908703,-0.9938625,0.1104361,-0.006426215,-3.427935,0.5966663,0.2302408,2.5,0.05377281,0,0,8.74228E-08,1,0,0,0,2.5,0.05377281,0,0,0,1,0,0,0,0.05377281
1730306169903,-6.831937,1.683805,-0.06908703,-0.9938625,0.1104361,-0.006426215,0,0,0,2.5,0.05377281,0,0,8.74228E-08,1,0,0,0,2.5,0.05377281,0,0,0,1,0,0,0,0.05377281
1730306169910,-6.831937,1.683805,-0.06908703,-0.9938625,0.1104361,-0.006426215,0,0,0,2.5,0.05377281,0,0,8.74228E-08,1,0,0,0,2.5,0.05377281,0,0,0,1,0,0,0,0.05377281
1730306169937,-6.877168,1.688451,-0.06688499,-0.9944524,0.1051891,0.0003705025,-3.392315,0.3484726,0.1651525,2.5,0.05377281,0,0,8.74228E-08,1,0,0,0,2.5,0.05377281,0,0,0,1,0,0,0,0.05377281
1730306169945,-6.877168,1.688451,-0.06688499,-0.9944524,0.1051891,0.0003705025,0,0,0,2.5,0.05377281,0,0,8.74228E-08,1,0,0,0,2.5,0.05377281,0,0,0,1,0,0,0,0.05377281
1730306169952,-6.877168,1.688451,-0.06688499,-0.9944524,0.1051891,0.0003705025,0,0,0,2.5,0.05377281,0,0,8.74228E-08,1,0,0,0,2.5,0.05377281,0,0,0,1,0,0,0,0.05377281
1730306169978,-6.922855,1.690806,-0.06509876,-0.9942331,0.1071037,0.005451262,-3.426576,0.1765788,0.1339674,2.5,0.05377281,0,0,8.74228E-08,1,0,0,0,2.5,0.05377281,0,0,0,1,0,0,0,0.05377281
1730306169985,-6.922855,1.690806,-0.06509876,-0.9942331,0.1071037,0.005451262,0,0,0,2.5,0.05377281,0,0,8.74228E-08,1,0,0,0,2.5,0.05377281,0,0,0,1,0,0,0,0.05377281
1730306169992,-6.922855,1.690806,-0.06509876,-0.9942331,0.1071037,0.005451262,0,0,0,2.5,0.05377281,0,0,8.74228E-08,1,0,0,0,2.5,0.05377281,0,0,0,1,0,0,0,0.05377281
1730306170019,-6.968399,1.689899,-0.063344,-0.9930821,0.1168575,0.01152682,-3.415775,-0.06800294,0.1316071,2.5,0.05377281,0,0,8.74228E-08,1,0,0,0,2.5,0.05377281,0,0,0,1,0,0,0,0.05377281
1730306170026,-6.968399,1.689899,-0.063344,-0.9930821,0.1168575,0.01152682,0,0,0,2.5,0.05377281,0,0,8.74228E-08,1,0,0,0,2.5,0.05377281,0,0,0,1,0,0,0,0.05377281
1730306170033,-6.968399,1.689899,-0.063344,-0.9930821,0.1168575,0.01152682,0,0,0,2.5,0.05377281,0,0,8.74228E-08,1,0,0,0,2.5,0.05377281,0,0,0,1,0,0,0,0.05377281
1730306170046,-7.014852,1.68519,-0.06181812,-0.9930292,0.1169773,0.01447862,-3.483939,-0.3531754,0.1144409,2.5,0.05377281,0,0,8.74228E-08,1,0,0,0,2.5,0.05377281,0,0,0,1,0,0,0,0.05377281
1730306170053,-7.014852,1.68519,-0.06181812,-0.9930292,0.1169773,0.01447862,0,0,0,2.5,0.05377281,0,0,8.74228E-08,1,0,0,0,2.5,0.05377281,0,0,0,1,0,0,0,0.05377281
1730306170060,-7.014852,1.68519,-0.06181812,-0.9930292,0.1169773,0.01447862,0,0,0,2.5,0.05377281,0,0,8.74228E-08,1,0,0,0,2.5,0.05377281,0,0,0,1,0,0,0,0.05377281
1730306170074,-7.046185,1.681392,-0.06115723,-0.9932414,0.1152984,0.01335365,-2.350044,-0.2848238,0.04956722,2.5,0.05377281,0,0,8.74228E-08,1,0,0,0,2.5,0.05377281,0,0,0,1,0,0,0,0.05377281
1730306170081,-7.046185,1.681392,-0.06115723,-0.9932414,0.1152984,0.01335365,0,0,0,2.5,0.05377281,0,0,8.74228E-08,1,0,0,0,2.5,0.05377281,0,0,0,1,0,0,0,0.05377281
1730306170102,-7.07825,1.676059,-0.06012535,-0.9931886,0.1159964,0.01103115,-2.404833,-0.3999799,0.07739067,2.5,0.05377281,0,0,8.74228E-08,1,0,0,0,2.5,0.05377281,0,0,0,1,0,0,0,0.05377281
1730306170110,-7.07825,1.676059,-0.06012535,-0.9931886,0.1159964,0.01103115,0,0,0,2.5,0.05377281,0,0,8.74228E-08,1,0,0,0,2.5,0.05377281,0,0,0,1,0,0,0,0.05377281
1730306170130,-7.111266,1.669181,-0.05892658,-0.9923346,0.1234406,0.005896628,-2.476215,-0.5158335,0.08990765,2.5,0.05377281,0,0,8.74228E-08,1,0,0,0,2.5,0.05377281,0,0,0,1,0,0,0,0.05377281
1730306170137,-7.111266,1.669181,-0.05892658,-0.9923346,0.1234406,0.005896628,0,0,0,2.5,0.05377281,0,0,8.74228E-08,1,0,0,0,2.5,0.05377281,0,0,0,1,0,0,0,0.05377281
1730306170158,-7.144895,1.66278,-0.05750847,-0.9921887,0.1247471,-0.0003467798,-2.522135,-0.4801244,0.1063585,2.5,0.05377281,0,0,8.74228E-08,1,0,0,0,2.5,0.05377281,0,0,0,1,0,0,0,0.05377281
1730306170165,-7.144895,1.66278,-0.05750847,-0.9921887,0.1247471,-0.0003467798,0,0,0,2.5,0.05377281,0,0,8.74228E-08,1,0,0,0,2.5,0.05377281,0,0,0,1,0,0,0,0.05377281
1730306170187,-7.17838,1.655253,-0.05567455,-0.9927527,0.1200333,-0.005864978,-2.511406,-0.5644888,0.1375437,2.5,0.05377281,0,0,8.74228E-08,1,0,0,0,2.5,0.05377281,0,0,0,1,0,0,0,0.05377281
1730306170193,-7.17838,1.655253,-0.05567455,-0.9927527,0.1200333,-0.005864978,0,0,0,2.5,0.05377281,0,0,8.74228E-08,1,0,0,0,2.5,0.05377281,0,0,0,1,0,0,0,0.05377281
1730306170216,-7.212161,1.649358,-0.05336666,-0.994433,0.104729,-0.01164031,-2.533579,-0.4421085,0.1730919,2.5,0.05377281,0,0,8.74228E-08,1,0,0,0,2.5,0.05377281,0,0,0,1,0,0,0,0.05377281
1730306170222,-7.212161,1.649358,-0.05336666,-0.994433,0.104729,-0.01164031,0,0,0,2.5,0.05377281,0,0,8.74228E-08,1,0,0,0,2.5,0.05377281,0,0,0,1,0,0,0,0.05377281
1730306170246,-7.245936,1.645108,-0.05058861,-0.9950914,0.09804625,-0.01343918,-2.53315,-0.3187537,0.208354,2.5,0.05377281,0,0,8.74228E-08,1,0,0,0,2.5,0.05377281,0,0,0,1,0,0,0,0.05377281
1730306170251,-7.245936,1.645108,-0.05058861,-0.9950914,0.09804625,-0.01343918,0,0,0,2.5,0.05377281,0,0,8.74228E-08,1,0,0,0,2.5,0.05377281,0,0,0,1,0,0,0,0.05377281
1730306170274,-7.279532,1.642313,-0.04790211,-0.9948657,0.1002357,-0.01397848,-2.519703,-0.2096415,0.2014875,2.5,0.05377281,0,0,8.74228E-08,1,0,0,0,2.5,0.05377281,0,0,0,1,0,0,0,0.05377281
1730306170279,-7.279532,1.642313,-0.04790211,-0.9948657,0.1002357,-0.01397848,0,0,0,2.5,0.05377281,0,0,8.74228E-08,1,0,0,0,2.5,0.05377281,0,0,0,1,0,0,0,0.05377281
1730306170304,-7.314887,1.650866,-0.04446411,-0.9942937,0.105295,-0.0171212,-2.651596,0.641495,0.2578497,2.5,0.05377281,0,0,8.74228E-08,1,0,0,0,2.5,0.05377281,0,0,0,1,0,0,0,0.05377281
1730306170309,-7.314887,1.650866,-0.04446411,-0.9942937,0.105295,-0.0171212,0,0,0,2.5,0.05377281,0,0,8.74228E-08,1,0,0,0,2.5,0.05377281,0,0,0,1,0,0,0,0.05377281
1730306170333,-7.349666,1.656714,-0.04166126,-0.9908732,0.1335482,-0.0183171,-2.608395,0.4385769,0.2102137,2.5,0.05377281,0,0,8.74228E-08,1,0,0,0,2.5,0.05377281,0,0,0,1,0,0,0,0.05377281
1730306170339,-7.349666,1.656714,-0.04166126,-0.9908732,0.1335482,-0.0183171,0,0,0,2.5,0.05377281,0,0,8.74228E-08,1,0,0,0,2.5,0.05377281,0,0,0,1,0,0,0,0.05377281
1730306170344,-7.349666,1.656714,-0.04166126,-0.9908732,0.1335482,-0.0183171,0,0,0,2.5,0.05377281,0,0,8.74228E-08,1,0,0,0,2.5,0.05377281,0,0,0,1,0,0,0,0.05377281
1730306170362,-7.383521,1.660613,-0.03928947,-0.9877245,0.15549,-0.01494646,-2.539158,0.2923965,0.1778841,2.5,0.05377281,0,0,8.74228E-08,1,0,0,0,2.5,0.05377281,0,0,0,1,0,0,0,0.05377281
1730306170368,-7.383521,1.660613,-0.03928947,-0.9877245,0.15549,-0.01494646,0,0,0,2.5,0.05377281,0,0,8.74228E-08,1,0,0,0,2.5,0.05377281,0,0,0,1,0,0,0,0.05377281
1730306170390,-7.417564,1.663875,-0.03824234,-0.9876426,0.1559669,-0.0153842,-2.553248,0.2447069,0.07853508,2.5,0.05377281,0,0,8.74228E-08,1,0,0,0,2.5,0.05377281,0,0,0,1,0,0,0,0.05377281
1730306170395,-7.417564,1.663875,-0.03824234,-0.9876426,0.1559669,-0.0153842,0,0,0,2.5,0.05377281,0,0,8.74228E-08,1,0,0,0,2.5,0.05377281,0,0,0,1,0,0,0,0.05377281
1730306170417,-7.452433,1.670078,-0.03636074,-0.9885847,0.1491892,-0.02105045,-2.615118,0.4651666,0.14112,2.5,0.05377281,0,0,8.74228E-08,1,0,0,0,2.5,0.05377281,0,0,0,1,0,0,0,0.05377281
1730306170422,-7.452433,1.670078,-0.03636074,-0.9885847,0.1491892,-0.02105045,0,0,0,2.5,0.05377281,0,0,8.74228E-08,1,0,0,0,2.5,0.05377281,0,0,0,1,0,0,0,0.05377281
1730306170446,-7.4868,1.675327,-0.03583717,-0.9887247,0.1471759,-0.02762258,-2.577567,0.3936857,0.03926754,2.5,0.05377281,0,0,8.74228E-08,1,0,0,0,2.5,0.05377281,0,0,0,1,0,0,0,0.05377281
1730306170451,-7.4868,1.675327,-0.03583717,-0.9887247,0.1471759,-0.02762258,0,0,0,2.5,0.05377281,0,0,8.74228E-08,1,0,0,0,2.5,0.05377281,0,0,0,1,0,0,0,0.05377281
1730306170474,-7.520518,1.678579,-0.03648186,-0.9901178,0.1366204,-0.03165829,-2.528858,0.2439022,-0.04835129,2.5,0.05377281,0,0,8.74228E-08,1,0,0,0,2.5,0.05377281,0,0,0,1,0,0,0,0.05377281
1730306170479,-7.520518,1.678579,-0.03648186,-0.9901178,0.1366204,-0.03165829,0,0,0,2.5,0.05377281,0,0,8.74228E-08,1,0,0,0,2.5,0.05377281,0,0,0,1,0,0,0,0.05377281
1730306170502,-7.554235,1.682404,-0.03728867,-0.9924157,0.11765,-0.03564095,-2.528715,0.2869159,-0.06051064,2.5,0.05377281,0,0,8.74228E-08,1,0,0,0,2.5,0.05377281,0,0,0,1,0,0,0,0.05377281
1730306170508,-7.554235,1.682404,-0.03728867,-0.9924157,0.11765,-0.03564095,0,0,0,2.5,0.05377281,0,0,8.74228E-08,1,0,0,0,2.5,0.05377281,0,0,0,1,0,0,0,0.05377281
1730306170530,-7.58719,1.684701,-0.03801727,-0.9933531,0.10788,-0.04015052,-2.471638,0.1722693,-0.05464554,2.5,0.05377281,0,0,8.74228E-08,1,0,0,0,2.5,0.05377281,0,0,0,1,0,0,0,0.05377281
1730306170536,-7.58719,1.684701,-0.03801727,-0.9933531,0.10788,-0.04015052,0,0,0,2.5,0.05377281,0,0,8.74228E-08,1,0,0,0,2.5,0.05377281,0,0,0,1,0,0,0,0.05377281
1730306170541,-7.58719,1.684701,-0.03801727,-0.9933531,0.10788,-0.04015052,0,0,0,2.5,0.05377281,0,0,8.74228E-08,1,0,0,0,2.5,0.05377281,0,0,0,1,0,0,0,0.05377281
1730306170558,-7.62074,1.685274,-0.03755474,-0.9935439,0.1035502,-0.04635096,-2.51627,0.04292428,0.0346899,2.5,0.05377281,0,0,8.74228E-08,1,0,0,0,2.5,0.05377281,0,0,0,1,0,0,0,0.05377281
1730306170564,-7.62074,1.685274,-0.03755474,-0.9935439,0.1035502,-0.04635096,0,0,0,2.5,0.05377281,0,0,8.74228E-08,1,0,0,0,2.5,0.05377281,0,0,0,1,0,0,0,0.05377281
1730306170586,-7.652987,1.684811,-0.03861618,-0.9931058,0.1054709,-0.05115664,-2.418566,-0.03469884,-0.07960796,2.5,0.05377281,0,0,8.74228E-08,1,0,0,0,2.5,0.05377281,0,0,0,1,0,0,0,0.05377281
1730306170591,-7.652987,1.684811,-0.03861618,-0.9931058,0.1054709,-0.05115664,0,0,0,2.5,0.05377281,0,0,8.74228E-08,1,0,0,0,2.5,0.05377281,0,0,0,1,0,0,0,0.05377281
1730306170613,-7.685595,1.682624,-0.03910637,-0.9925646,0.1085068,-0.05515862,-2.445531,-0.1640081,-0.03676414,2.5,0.05377281,0,0,8.74228E-08,1,0,0,0,2.5,0.05377281,0,0,0,1,0,0,0,0.05377281
1730306170619,-7.685595,1.682624,-0.03910637,-0.9925646,0.1085068,-0.05515862,0,0,0,2.5,0.05377281,0,0,8.74228E-08,1,0,0,0,2.5,0.05377281,0,0,0,1,0,0,0,0.05377281
1730306170641,-7.718261,1.678719,-0.03946781,-0.9925119,0.1089367,-0.05525804,-2.449965,-0.2928615,-0.02710819,2.5,0.05377281,0,0,8.74228E-08,1,0,0,0,2.5,0.05377281,0,0,0,1,0,0,0,0.05377281
1730306170647,-7.718261,1.678719,-0.03946781,-0.9925119,0.1089367,-0.05525804,0,0,0,2.5,0.05377281,0,0,8.74228E-08,1,0,0,0,2.5,0.05377281,0,0,0,1,0,0,0,0.05377281
1730306170669,-7.750916,1.67323,-0.03988171,-0.9927127,0.1086325,-0.05216134,-2.449179,-0.4117191,-0.0310421,2.5,0.05377281,0,0,8.74228E-08,1,0,0,0,2.5,0.05377281,0,0,0,1,0,0,0,0.05377281
1730306170675,-7.750916,1.67323,-0.03988171,-0.9927127,0.1086325,-0.05216134,0,0,0,2.5,0.05377281,0,0,8.74228E-08,1,0,0,0,2.5,0.05377281,0,0,0,1,0,0,0,0.05377281
1730306170697,-7.783094,1.667143,-0.04051018,-0.9933345,0.1060397,-0.045192,-2.413344,-0.4565299,-0.04713535,2.5,0.05377281,0,0,8.74228E-08,1,0,0,0,2.5,0.05377281,0,0,0,1,0,0,0,0.05377281
1730306170703,-7.783094,1.667143,-0.04051018,-0.9933345,0.1060397,-0.045192,0,0,0,2.5,0.05377281,0,0,8.74228E-08,1,0,0,0,2.5,0.05377281,0,0,0,1,0,0,0,0.05377281
1730306170725,-7.816382,1.659283,-0.04141903,-0.9935417,0.1065453,-0.03902447,-2.4966,-0.5894512,-0.06816387,2.5,0.05377281,0,0,8.74228E-08,1,0,0,0,2.5,0.05377281,0,0,0,1,0,0,0,0.05377281
1730306170730,-7.816382,1.659283,-0.04141903,-0.9935417,0.1065453,-0.03902447,0,0,0,2.5,0.05377281,0,0,8.74228E-08,1,0,0,0,2.5,0.05377281,0,0,0,1,0,0,0,0.05377281
1730306170753,-7.850272,1.651148,-0.04277039,-0.9936211,0.1073776,-0.03446269,-2.541733,-0.6101578,-0.1013517,2.5,0.05377281,0,0,8.74228E-08,1,0,0,0,2.5,0.05377281,0,0,0,1,0,0,0,0.05377281
1730306170758,-7.850272,1.651148,-0.04277039,-0.9936211,0.1073776,-0.03446269,0,0,0,2.5,0.05377281,0,0,8.74228E-08,1,0,0,0,2.5,0.05377281,0,0,0,1,0,0,0,0.05377281
1730306170781,-7.88487,1.644465,-0.04448986,-0.9942244,0.1022715,-0.03254187,-2.594805,-0.5012155,-0.1289606,2.5,0.05377281,0,0,8.74228E-08,1,0,0,0,2.5,0.05377281,0,0,0,1,0,0,0,0.05377281
1730306170787,-7.88487,1.644465,-0.04448986,-0.9942244,0.1022715,-0.03254187,0,0,0,2.5,0.05377281,0,0,8.74228E-08,1,0,0,0,2.5,0.05377281,0,0,0,1,0,0,0,0.05377281
1730306170809,-7.919987,1.638368,-0.04635048,-0.9947784,0.09708678,-0.03147066,-2.633786,-0.4573166,-0.1395464,2.5,0.05377281,0,0,8.74228E-08,1,0,0,0,2.5,0.05377281,0,0,0,1,0,0,0,0.05377281
1730306170814,-7.919987,1.638368,-0.04635048,-0.9947784,0.09708678,-0.03147066,0,0,0,2.5,0.05377281,0,0,8.74228E-08,1,0,0,0,2.5,0.05377281,0,0,0,1,0,0,0,0.05377281
1730306170819,-7.919987,1.638368,-0.04635048,-0.9947784,0.09708678,-0.03147066,0,0,0,2.5,0.05377281,0,0,8.74228E-08,1,0,0,0,2.5,0.05377281,0,0,0,1,0,0,0,0.05377281
1730306170836,-7.955188,1.633307,-0.04869556,-0.9950837,0.09364551,-0.03223753,-2.64008,-0.3795594,-0.1758814,2.5,0.05377281,0,0,8.74228E-08,1,0,0,0,2.5,0.05377281,0,0,0,1,0,0,0,0.05377281
1730306170841,-7.955188,1.633307,-0.04869556,-0.9950837,0.09364551,-0.03223753,0,0,0,2.5,0.05377281,0,0,8.74228E-08,1,0,0,0,2.5,0.05377281,0,0,0,1,0,0,0,0.05377281
1730306170864,-7.990216,1.63008,-0.0516386,-0.9957761,0.08593298,-0.03233778,-2.627134,-0.2420336,-0.2207279,2.5,0.05377281,0,0,8.74228E-08,1,0,0,0,2.5,0.05377281,0,0,0,1,0,0,0,0.05377281
1730306170869,-7.990216,1.63008,-0.0516386,-0.9957761,0.08593298,-0.03233778,0,0,0,2.5,0.05377281,0,0,8.74228E-08,1,0,0,0,2.5,0.05377281,0,0,0,1,0,0,0,0.05377281
1730306170890,-8.026298,1.637262,-0.05418968,-0.9954574,0.09095399,-0.02814662,-2.706099,0.5386502,-0.1913309,2.5,0.05377281,0,0,8.74228E-08,1,0,0,0,2.5,0.05377281,0,0,0,1,0,0,0,0.05377281
1730306170896,-8.026298,1.637262,-0.05418968,-0.9954574,0.09095399,-0.02814662,0,0,0,2.5,0.05377281,0,0,8.74228E-08,1,0,0,0,2.5,0.05377281,0,0,0,1,0,0,0,0.05377281
1730306170918,-8.062464,1.644256,-0.05691051,-0.9938617,0.108218,-0.02298379,-2.712464,0.5245417,-0.2040625,2.5,0.05377281,0,0,8.74228E-08,1,0,0,0,2.5,0.05377281,0,0,0,1,0,0,0,0.05377281
1730306170924,-8.062464,1.644256,-0.05691051,-0.9938617,0.108218,-0.02298379,0,0,0,2.5,0.05377281,0,0,8.74228E-08,1,0,0,0,2.5,0.05377281,0,0,0,1,0,0,0,0.05377281
1730306170947,-8.097039,1.648477,-0.05836773,-0.9907959,0.133476,-0.02253759,-2.59316,0.316599,-0.1092911,2.5,0.05377281,0,0,8.74228E-08,1,0,0,0,2.5,0.05377281,0,0,0,1,0,0,0,0.05377281
1730306170952,-8.097039,1.648477,-0.05836773,-0.9907959,0.133476,-0.02253759,0,0,0,2.5,0.05377281,0,0,8.74228E-08,1,0,0,0,2.5,0.05377281,0,0,0,1,0,0,0,0.05377281
1730306170975,-8.132154,1.655105,-0.05932236,-0.991702,0.1263585,-0.02368498,-2.633643,0.4971117,-0.0715971,2.5,0.05377281,0,0,8.74228E-08,1,0,0,0,2.5,0.05377281,0,0,0,1,0,0,0,0.05377281
1730306170980,-8.132154,1.655105,-0.05932236,-0.991702,0.1263585,-0.02368498,0,0,0,2.5,0.05377281,0,0,8.74228E-08,1,0,0,0,2.5,0.05377281,0,0,0,1,0,0,0,0.05377281
1730306171003,-8.167314,1.662164,-0.05982876,-0.9920049,0.1244459,-0.02097583,-2.636933,0.5293965,-0.03798008,2.5,0.05377281,0,0,8.74228E-08,1,0,0,0,2.5,0.05377281,0,0,0,1,0,0,0,0.05377281
1730306171008,-8.167314,1.662164,-0.05982876,-0.9920049,0.1244459,-0.02097583,0,0,0,2.5,0.05377281,0,0,8.74228E-08,1,0,0,0,2.5,0.05377281,0,0,0,1,0,0,0,0.05377281
1730306171031,-8.20191,1.669215,-0.05993176,-0.992782,0.118444,-0.01885509,-2.594733,0.5288601,-0.007724762,2.5,0.05377281,0,0,8.74228E-08,1,0,0,0,2.5,0.05377281,0,0,0,1,0,0,0,0.05377281
1730306171037,-8.20191,1.669215,-0.05993176,-0.992782,0.118444,-0.01885509,0,0,0,2.5,0.05377281,0,0,8.74228E-08,1,0,0,0,2.5,0.05377281,0,0,0,1,0,0,0,0.05377281
1730306171058,-8.235861,1.675311,-0.05953217,-0.993558,0.1118329,-0.01833344,-2.54631,0.4572004,0.02996922,2.5,0.05377281,0,0,8.74228E-08,1,0,0,0,2.5,0.05377281,0,0,0,1,0,0,0,0.05377281
1730306171065,-8.235861,1.675311,-0.05953217,-0.993558,0.1118329,-0.01833344,0,0,0,2.5,0.05377281,0,0,8.74228E-08,1,0,0,0,2.5,0.05377281,0,0,0,1,0,0,0,0.05377281
1730306171086,-8.269606,1.681383,-0.05890465,-0.9938406,0.1092478,-0.01860392,-2.530861,0.4554302,0.04706383,2.5,0.05377281,0,0,8.74228E-08,1,0,0,0,2.5,0.05377281,0,0,0,1,0,0,0,0.05377281
1730306171092,-8.269606,1.681383,-0.05890465,-0.9938406,0.1092478,-0.01860392,0,0,0,2.5,0.05377281,0,0,8.74228E-08,1,0,0,0,2.5,0.05377281,0,0,0,1,0,0,0,0.05377281
1730306171114,-8.302457,1.684887,-0.05827332,-0.9940913,0.107004,-0.0182482,-2.463841,0.2627671,0.04734993,2.5,0.05377281,0,0,8.74228E-08,1,0,0,0,2.5,0.05377281,0,0,0,1,0,0,0,0.05377281
1730306171120,-8.302457,1.684887,-0.05827332,-0.9940913,0.107004,-0.0182482,0,0,0,2.5,0.05377281,0,0,8.74228E-08,1,0,0,0,2.5,0.05377281,0,0,0,1,0,0,0,0.05377281
1730306171141,-8.334813,1.686361,-0.05827904,-0.994458,0.1037328,-0.01711571,-2.42672,0.1105785,-0.0004291534,2.5,0.05377281,0,0,8.74228E-08,1,0,0,0,2.5,0.05377281,0,0,0,1,0,0,0,0.05377281
1730306171147,-8.334813,1.686361,-0.05827904,-0.994458,0.1037328,-0.01711571,0,0,0,2.5,0.05377281,0,0,8.74228E-08,1,0,0,0,2.5,0.05377281,0,0,0,1,0,0,0,0.05377281
1730306171153,-8.334813,1.686361,-0.05827904,-0.994458,0.1037328,-0.01711571,0,0,0,2.5,0.05377281,0,0,8.74228E-08,1,0,0,0,2.5,0.05377281,0,0,0,1,0,0,0,0.05377281
1730306171169,-8.367105,1.68646,-0.05828476,-0.9941723,0.1067837,-0.01480925,-2.421856,0.007411838,-0.0004291534,2.5,0.05377281,0,0,8.74228E-08,1,0,0,0,2.5,0.05377281,0,0,0,1,0,0,0,0.05377281
1730306171176,-8.367105,1.68646,-0.05828476,-0.9941723,0.1067837,-0.01480925,0,0,0,2.5,0.05377281,0,0,8.74228E-08,1,0,0,0,2.5,0.05377281,0,0,0,1,0,0,0,0.05377281
1730306171196,-8.399381,1.685351,-0.05830574,-0.9935336,0.1129996,-0.01105201,-2.420712,-0.0831753,-0.001573563,2.5,0.05377281,0,0,8.74228E-08,1,0,0,0,2.5,0.05377281,0,0,0,1,0,0,0,0.05377281
1730306171204,-8.399381,1.685351,-0.05830574,-0.9935336,0.1129996,-0.01105201,0,0,0,2.5,0.05377281,0,0,8.74228E-08,1,0,0,0,2.5,0.05377281,0,0,0,1,0,0,0,0.05377281
1730306171222,-8.431877,1.682601,-0.05883598,-0.9931938,0.1162684,-0.006958961,-2.437234,-0.2062798,-0.03976822,2.5,0.05377281,0,0,8.74228E-08,1,0,0,0,2.5,0.05377281,0,0,0,1,0,0,0,0.05377281
1730306171229,-8.431877,1.682601,-0.05883598,-0.9931938,0.1162684,-0.006958961,0,0,0,2.5,0.05377281,0,0,8.74228E-08,1,0,0,0,2.5,0.05377281,0,0,0,1,0,0,0,0.05377281
1730306171250,-8.464322,1.677822,-0.05940247,-0.9934198,0.1143785,-0.00592339,-2.433372,-0.3584504,-0.04248619,2.5,0.05377281,0,0,8.74228E-08,1,0,0,0,2.5,0.05377281,0,0,0,1,0,0,0,0.05377281
1730306171257,-8.464322,1.677822,-0.05940247,-0.9934198,0.1143785,-0.00592339,0,0,0,2.5,0.05377281,0,0,8.74228E-08,1,0,0,0,2.5,0.05377281,0,0,0,1,0,0,0,0.05377281
1730306171277,-8.49719,1.672196,-0.06052399,-0.9937686,0.1111414,-0.008487344,-2.465057,-0.4219025,-0.08411407,2.5,0.05377281,0,0,8.74228E-08,1,0,0,0,2.5,0.05377281,0,0,0,1,0,0,0,0.05377281
1730306171284,-8.49719,1.672196,-0.06052399,-0.9937686,0.1111414,-0.008487344,0,0,0,2.5,0.05377281,0,0,8.74228E-08,1,0,0,0,2.5,0.05377281,0,0,0,1,0,0,0,0.05377281
1730306171304,-8.530258,1.664774,-0.06109619,-0.9934515,0.1136416,-0.01185274,-2.480149,-0.5566925,-0.04291534,2.5,0.05377281,0,0,8.74228E-08,1,0,0,0,2.5,0.05377281,0,0,0,1,0,0,0,0.05377281
1730306171311,-8.530258,1.664774,-0.06109619,-0.9934515,0.1136416,-0.01185274,0,0,0,2.5,0.05377281,0,0,8.74228E-08,1,0,0,0,2.5,0.05377281,0,0,0,1,0,0,0,0.05377281
1730306171332,-8.564105,1.657632,-0.06138992,-0.9930688,0.1165411,-0.01527548,-2.538514,-0.5356103,-0.02202988,2.5,0.05377281,0,0,8.74228E-08,1,0,0,0,2.5,0.05377281,0,0,0,1,0,0,0,0.05377281
1730306171339,-8.564105,1.657632,-0.06138992,-0.9930688,0.1165411,-0.01527548,0,0,0,2.5,0.05377281,0,0,8.74228E-08,1,0,0,0,2.5,0.05377281,0,0,0,1,0,0,0,0.05377281
1730306171360,-8.598626,1.651448,-0.06117153,-0.9929924,0.117052,-0.016289,-2.589083,-0.4637897,0.01637936,2.5,0.05377281,0,0,8.74228E-08,1,0,0,0,2.5,0.05377281,0,0,0,1,0,0,0,0.05377281
1730306171367,-8.598626,1.651448,-0.06117153,-0.9929924,0.117052,-0.016289,0,0,0,2.5,0.05377281,0,0,8.74228E-08,1,0,0,0,2.5,0.05377281,0,0,0,1,0,0,0,0.05377281
1730306171388,-8.633168,1.645426,-0.06059647,-0.9936579,0.1111078,-0.01730478,-2.590656,-0.4516929,0.04312992,2.5,0.05377281,0,0,8.74228E-08,1,0,0,0,2.5,0.05377281,0,0,0,1,0,0,0,0.05377281
1730306171395,-8.633168,1.645426,-0.06059647,-0.9936579,0.1111078,-0.01730478,0,0,0,2.5,0.05377281,0,0,8.74228E-08,1,0,0,0,2.5,0.05377281,0,0,0,1,0,0,0,0.05377281
1730306171417,-8.66801,1.641561,-0.06007862,-0.9942541,0.1051791,-0.01991224,-2.613115,-0.2898842,0.03883839,2.5,0.05377281,0,0,8.74228E-08,1,0,0,0,2.5,0.05377281,0,0,0,1,0,0,0,0.05377281
1730306171423,-8.66801,1.641561,-0.06007862,-0.9942541,0.1051791,-0.01991224,0,0,0,2.5,0.05377281,0,0,8.74228E-08,1,0,0,0,2.5,0.05377281,0,0,0,1,0,0,0,0.05377281
1730306171445,-8.702557,1.638991,-0.0592041,-0.9943606,0.10385,-0.02150381,-2.591014,-0.1927167,0.06558895,2.5,0.05377281,0,0,8.74228E-08,1,0,0,0,2.5,0.05377281,0,0,0,1,0,0,0,0.05377281
1730306171451,-8.702557,1.638991,-0.0592041,-0.9943606,0.10385,-0.02150381,0,0,0,2.5,0.05377281,0,0,8.74228E-08,1,0,0,0,2.5,0.05377281,0,0,0,1,0,0,0,0.05377281
1730306171473,-8.738425,1.646623,-0.05770493,-0.9951075,0.0947963,-0.02784467,-2.690148,0.5723655,0.1124382,2.5,0.05377281,0,0,8.74228E-08,1,0,0,0,2.5,0.05377281,0,0,0,1,0,0,0,0.05377281
1730306171479,-8.738425,1.646623,-0.05770493,-0.9951075,0.0947963,-0.02784467,0,0,0,2.5,0.05377281,0,0,8.74228E-08,1,0,0,0,2.5,0.05377281,0,0,0,1,0,0,0,0.05377281
1730306171501,-8.774536,1.652196,-0.0568552,-0.9920262,0.1211711,-0.03467512,-2.708316,0.4179776,0.06372929,2.5,0.05377281,0,0,8.74228E-08,1,0,0,0,2.5,0.05377281,0,0,0,1,0,0,0,0.05377281
1730306171507,-8.774536,1.652196,-0.0568552,-0.9920262,0.1211711,-0.03467512,0,0,0,2.5,0.05377281,0,0,8.74228E-08,1,0,0,0,2.5,0.05377281,0,0,0,1,0,0,0,0.05377281
1730306171529,-8.808867,1.656361,-0.05554771,-0.9883174,0.1478083,-0.03717601,-2.574849,0.3124237,0.09806156,2.5,0.05377281,0,0,8.74228E-08,1,0,0,0,2.5,0.05377281,0,0,0,1,0,0,0,0.05377281
1730306171535,-8.808867,1.656361,-0.05554771,-0.9883174,0.1478083,-0.03717601,0,0,0,2.5,0.05377281,0,0,8.74228E-08,1,0,0,0,2.5,0.05377281,0,0,0,1,0,0,0,0.05377281
1730306171542,-8.808867,1.656361,-0.05554771,-0.9883174,0.1478083,-0.03717601,0,0,0,2.5,0.05377281,0,0,8.74228E-08,1,0,0,0,2.5,0.05377281,0,0,0,1,0,0,0,0.05377281
1730306171556,-8.843561,1.661016,-0.05470562,-0.9893476,0.1410503,-0.03600609,-2.602029,0.3490806,0.06315708,2.5,0.05377281,0,0,8.74228E-08,1,0,0,0,2.5,0.05377281,0,0,0,1,0,0,0,0.05377281
1730306171563,-8.843561,1.661016,-0.05470562,-0.9893476,0.1410503,-0.03600609,0,0,0,2.5,0.05377281,0,0,8.74228E-08,1,0,0,0,2.5,0.05377281,0,0,0,1,0,0,0,0.05377281
1730306171584,-8.877818,1.667217,-0.05533981,-0.9897029,0.13766,-0.0392226,-2.56927,0.465095,-0.04756451,2.5,0.05377281,0,0,8.74228E-08,1,0,0,0,2.5,0.05377281,0,0,0,1,0,0,0,0.05377281
1730306171591,-8.877818,1.667217,-0.05533981,-0.9897029,0.13766,-0.0392226,0,0,0,2.5,0.05377281,0,0,8.74228E-08,1,0,0,0,2.5,0.05377281,0,0,0,1,0,0,0,0.05377281
1730306171610,-8.911828,1.672761,-0.05642986,-0.9898909,0.1346535,-0.04455268,-2.550745,0.4158318,-0.08175373,2.5,0.05377281,0,0,8.74228E-08,1,0,0,0,2.5,0.05377281,0,0,0,1,0,0,0,0.05377281
1730306171617,-8.911828,1.672761,-0.05642986,-0.9898909,0.1346535,-0.04455268,0,0,0,2.5,0.05377281,0,0,8.74228E-08,1,0,0,0,2.5,0.05377281,0,0,0,1,0,0,0,0.05377281
1730306171637,-8.945159,1.678174,-0.05784416,-0.9906563,0.1278588,-0.04746211,-2.499819,0.4059613,-0.1060724,2.5,0.05377281,0,0,8.74228E-08,1,0,0,0,2.5,0.05377281,0,0,0,1,0,0,0,0.05377281
1730306171644,-8.945159,1.678174,-0.05784416,-0.9906563,0.1278588,-0.04746211,0,0,0,2.5,0.05377281,0,0,8.74228E-08,1,0,0,0,2.5,0.05377281,0,0,0,1,0,0,0,0.05377281
1730306171665,-8.978334,1.683747,-0.059659,-0.9915569,0.1206312,-0.04757452,-2.48816,0.4179418,-0.1361132,2.5,0.05377281,0,0,8.74228E-08,1,0,0,0,2.5,0.05377281,0,0,0,1,0,0,0,0.05377281
1730306171672,-8.978334,1.683747,-0.059659,-0.9915569,0.1206312,-0.04757452,0,0,0,2.5,0.05377281,0,0,8.74228E-08,1,0,0,0,2.5,0.05377281,0,0,0,1,0,0,0,0.05377281
1730306171693,-9.011065,1.687385,-0.06182384,-0.9922078,0.1142517,-0.04970312,-2.454829,0.2728879,-0.1623631,2.5,0.05377281,0,0,8.74228E-08,1,0,0,0,2.5,0.05377281,0,0,0,1,0,0,0,0.05377281
1730306171700,-9.011065,1.687385,-0.06182384,-0.9922078,0.1142517,-0.04970312,0,0,0,2.5,0.05377281,0,0,8.74228E-08,1,0,0,0,2.5,0.05377281,0,0,0,1,0,0,0,0.05377281
1730306171721,-9.043093,1.689252,-0.06365299,-0.9926169,0.1082676,-0.05468357,-2.402043,0.1400113,-0.1371861,2.5,0.05377281,0,0,8.74228E-08,1,0,0,0,2.5,0.05377281,0,0,0,1,0,0,0,0.05377281
1730306171728,-9.043093,1.689252,-0.06365299,-0.9926169,0.1082676,-0.05468357,0,0,0,2.5,0.05377281,0,0,8.74228E-08,1,0,0,0,2.5,0.05377281,0,0,0,1,0,0,0,0.05377281
1730306171749,-9.076154,1.690217,-0.06557941,-0.9918594,0.1117355,-0.06107688,-2.479577,0.07234812,-0.1444817,2.5,0.05377281,0,0,8.74228E-08,1,0,0,0,2.5,0.05377281,0,0,0,1,0,0,0,0.05377281
1730306171757,-9.076154,1.690217,-0.06557941,-0.9918594,0.1117355,-0.06107688,0,0,0,2.5,0.05377281,0,0,8.74228E-08,1,0,0,0,2.5,0.05377281,0,0,0,1,0,0,0,0.05377281
1730306171777,-9.108243,1.688446,-0.06700706,-0.9910459,0.1158033,-0.0664686,-2.406693,-0.1328319,-0.1070738,2.5,0.05377281,0,0,8.74228E-08,1,0,0,0,2.5,0.05377281,0,0,0,1,0,0,0,0.05377281
1730306171784,-9.108243,1.688446,-0.06700706,-0.9910459,0.1158033,-0.0664686,0,0,0,2.5,0.05377281,0,0,8.74228E-08,1,0,0,0,2.5,0.05377281,0,0,0,1,0,0,0,0.05377281
1730306171805,-9.140575,1.68518,-0.06830215,-0.991213,0.1130067,-0.06875193,-2.424932,-0.2449125,-0.09713173,2.5,0.05377281,0,0,8.74228E-08,1,0,0,0,2.5,0.05377281,0,0,0,1,0,0,0,0.05377281
1730306171812,-9.140575,1.68518,-0.06830215,-0.991213,0.1130067,-0.06875193,0,0,0,2.5,0.05377281,0,0,8.74228E-08,1,0,0,0,2.5,0.05377281,0,0,0,1,0,0,0,0.05377281
1730306171833,-9.1731,1.680044,-0.06947803,-0.9916559,0.1100204,-0.06719315,-2.439308,-0.3851831,-0.08819103,2.5,0.05377281,0,0,8.74228E-08,1,0,0,0,2.5,0.05377281,0,0,0,1,0,0,0,0.05377281
1730306171840,-9.1731,1.680044,-0.06947803,-0.9916559,0.1100204,-0.06719315,0,0,0,2.5,0.05377281,0,0,8.74228E-08,1,0,0,0,2.5,0.05377281,0,0,0,1,0,0,0,0.05377281
1730306171861,-9.205586,1.673627,-0.07042027,-0.9920157,0.1084142,-0.06443238,-2.436519,-0.4813313,-0.07066727,2.5,0.05377281,0,0,8.74228E-08,1,0,0,0,2.5,0.05377281,0,0,0,1,0,0,0,0.05377281
1730306171868,-9.205586,1.673627,-0.07042027,-0.9920157,0.1084142,-0.06443238,0,0,0,2.5,0.05377281,0,0,8.74228E-08,1,0,0,0,2.5,0.05377281,0,0,0,1,0,0,0,0.05377281
1730306171874,-9.205586,1.673627,-0.07042027,-0.9920157,0.1084142,-0.06443238,0,0,0,2.5,0.05377281,0,0,8.74228E-08,1,0,0,0,2.5,0.05377281,0,0,0,1,0,0,0,0.05377281
1730306171889,-9.239219,1.665264,-0.07222939,-0.9919615,0.1114585,-0.05991685,-2.522421,-0.6271541,-0.135684,2.5,0.05377281,0,0,8.74228E-08,1,0,0,0,2.5,0.05377281,0,0,0,1,0,0,0,0.05377281
1730306171896,-9.239219,1.665264,-0.07222939,-0.9919615,0.1114585,-0.05991685,0,0,0,2.5,0.05377281,0,0,8.74228E-08,1,0,0,0,2.5,0.05377281,0,0,0,1,0,0,0,0.05377281
1730306171917,-9.272739,1.656128,-0.07364941,-0.9921191,0.1115765,-0.05701745,-2.514052,-0.6852508,-0.1065016,2.5,0.05377281,0,0,8.74228E-08,1,0,0,0,2.5,0.05377281,0,0,0,1,0,0,0,0.05377281
1730306171923,-9.272739,1.656128,-0.07364941,-0.9921191,0.1115765,-0.05701745,0,0,0,2.5,0.05377281,0,0,8.74228E-08,1,0,0,0,2.5,0.05377281,0,0,0,1,0,0,0,0.05377281
1730306171956,-9.307221,1.648492,-0.07558537,-0.9930782,0.1036914,-0.0551753,-2.58615,-0.5726606,-0.1451969,2.5,0.05377281,0,0,8.74228E-08,1,0,0,0,2.5,0.05377281,0,0,0,1,0,0,0,0.05377281
1730306171963,-9.307221,1.648492,-0.07558537,-0.9930782,0.1036914,-0.0551753,0,0,0,2.5,0.05377281,0,0,8.74228E-08,1,0,0,0,2.5,0.05377281,0,0,0,1,0,0,0,0.05377281
1730306171984,-9.360072,1.63927,-0.07893848,-0.9945214,0.08928365,-0.05437088,-3.963804,-0.6916434,-0.2514839,2.5,0.05377281,0,0,8.74228E-08,1,0,0,0,2.5,0.05377281,0,0,0,1,0,0,0,0.05377281
1730306171990,-9.360072,1.63927,-0.07893848,-0.9945214,0.08928365,-0.05437088,0,0,0,2.5,0.05377281,0,0,8.74228E-08,1,0,0,0,2.5,0.05377281,0,0,0,1,0,0,0,0.05377281
1730306171996,-9.360072,1.63927,-0.07893848,-0.9945214,0.08928365,-0.05437088,0,0,0,2.5,0.05377281,0,0,8.74228E-08,1,0,0,0,2.5,0.05377281,0,0,0,1,0,0,0,0.05377281
1730306172012,-9.395576,1.634269,-0.08112812,-0.9950346,0.08269506,-0.05538964,-2.662754,-0.3751338,-0.1642227,2.5,0.05377281,0,0,8.74228E-08,1,0,0,0,2.5,0.05377281,0,0,0,1,0,0,0,0.05377281
1730306172018,-9.395576,1.634269,-0.08112812,-0.9950346,0.08269506,-0.05538964,0,0,0,2.5,0.05377281,0,0,8.74228E-08,1,0,0,0,2.5,0.05377281,0,0,0,1,0,0,0,0.05377281
1730306172040,-9.431346,1.634155,-0.08361149,-0.9961218,0.06620909,-0.05795026,-2.682781,-0.008529425,-0.1862526,2.5,0.05377281,0,0,8.74228E-08,1,0,0,0,2.5,0.05377281,0,0,0,1,0,0,0,0.05377281
1730306172046,-9.431346,1.634155,-0.08361149,-0.9961218,0.06620909,-0.05795026,0,0,0,2.5,0.05377281,0,0,8.74228E-08,1,0,0,0,2.5,0.05377281,0,0,0,1,0,0,0,0.05377281
1730306172067,-9.467659,1.639433,-0.08576202,-0.9943753,0.08770284,-0.05937994,-2.723479,0.3958762,-0.1612902,2.5,0.05377281,0,0,8.74228E-08,1,0,0,0,2.5,0.05377281,0,0,0,1,0,0,0,0.05377281
1730306172073,-9.467659,1.639433,-0.08576202,-0.9943753,0.08770284,-0.05937994,0,0,0,2.5,0.05377281,0,0,8.74228E-08,1,0,0,0,2.5,0.05377281,0,0,0,1,0,0,0,0.05377281
1730306172095,-9.503452,1.64684,-0.08738613,-0.9930753,0.09780531,-0.06508517,-2.684498,0.5555391,-0.1218081,2.5,0.05377281,0,0,8.74228E-08,1,0,0,0,2.5,0.05377281,0,0,0,1,0,0,0,0.05377281
1730306172101,-9.503452,1.64684,-0.08738613,-0.9930753,0.09780531,-0.06508517,0,0,0,2.5,0.05377281,0,0,8.74228E-08,1,0,0,0,2.5,0.05377281,0,0,0,1,0,0,0,0.05377281
1730306172125,-9.538039,1.649661,-0.08884525,-0.9892448,0.1258991,-0.07446122,-2.594018,0.2115637,-0.1094341,2.5,0.05377281,0,0,8.74228E-08,1,0,0,0,2.5,0.05377281,0,0,0,1,0,0,0,0.05377281
1730306172130,-9.538039,1.649661,-0.08884525,-0.9892448,0.1258991,-0.07446122,0,0,0,2.5,0.05377281,0,0,8.74228E-08,1,0,0,0,2.5,0.05377281,0,0,0,1,0,0,0,0.05377281
1730306172153,-9.573756,1.656629,-0.08838463,-0.9898282,0.1191513,-0.07773912,-2.678776,0.5225748,0.03454685,2.5,0.05377281,0,0,8.74228E-08,1,0,0,0,2.5,0.05377281,0,0,0,1,0,0,0,0.05377281
1730306172159,-9.573756,1.656629,-0.08838463,-0.9898282,0.1191513,-0.07773912,0,0,0,2.5,0.05377281,0,0,8.74228E-08,1,0,0,0,2.5,0.05377281,0,0,0,1,0,0,0,0.05377281
1730306172182,-9.608991,1.663705,-0.08854485,-0.9895682,0.1226181,-0.07563078,-2.642584,0.5306661,-0.0120163,2.5,0.05377281,0,0,8.74228E-08,1,0,0,0,2.5,0.05377281,0,0,0,1,0,0,0,0.05377281
1730306172187,-9.608991,1.663705,-0.08854485,-0.9895682,0.1226181,-0.07563078,0,0,0,2.5,0.05377281,0,0,8.74228E-08,1,0,0,0,2.5,0.05377281,0,0,0,1,0,0,0,0.05377281
1730306172210,-9.644251,1.6686,-0.08944416,-0.9903573,0.1163628,-0.07518315,-2.644515,0.3671408,-0.06744862,2.5,0.05377281,0,0,8.74228E-08,1,0,0,0,2.5,0.05377281,0,0,0,1,0,0,0,0.05377281
1730306172215,-9.644251,1.6686,-0.08944416,-0.9903573,0.1163628,-0.07518315,0,0,0,2.5,0.05377281,0,0,8.74228E-08,1,0,0,0,2.5,0.05377281,0,0,0,1,0,0,0,0.05377281
1730306172220,-9.644251,1.6686,-0.08944416,-0.9903573,0.1163628,-0.07518315,0,0,0,2.5,0.05377281,0,0,8.74228E-08,1,0,0,0,2.5,0.05377281,0,0,0,1,0,0,0,0.05377281
1730306172237,-9.679102,1.674291,-0.08975315,-0.9915938,0.1063355,-0.07371986,-2.613831,0.4268467,-0.02317429,2.5,0.05377281,0,0,8.74228E-08,1,0,0,0,2.5,0.05377281,0,0,0,1,0,0,0,0.05377281
1730306172243,-9.679102,1.674291,-0.08975315,-0.9915938,0.1063355,-0.07371986,0,0,0,2.5,0.05377281,0,0,8.74228E-08,1,0,0,0,2.5,0.05377281,0,0,0,1,0,0,0,0.05377281
1730306172265,-9.71312,1.678894,-0.08975029,-0.9924508,0.09968267,-0.07144833,-2.551317,0.3451914,0.0002145767,2.5,0.05377281,0,0,8.74228E-08,1,0,0,0,2.5,0.05377281,0,0,0,1,0,0,0,0.05377281
1730306172271,-9.71312,1.678894,-0.08975029,-0.9924508,0.09968267,-0.07144833,0,0,0,2.5,0.05377281,0,0,8.74228E-08,1,0,0,0,2.5,0.05377281,0,0,0,1,0,0,0,0.05377281
1730306172304,-9.746311,1.680668,-0.09020233,-0.9936799,0.08914103,-0.06822419,-2.489376,0.1330644,-0.03390312,2.5,0.05377281,0,0,8.74228E-08,1,0,0,0,2.5,0.05377281,0,0,0,1,0,0,0,0.05377281
1730306172310,-9.746311,1.680668,-0.09020233,-0.9936799,0.08914103,-0.06822419,0,0,0,2.5,0.05377281,0,0,8.74228E-08,1,0,0,0,2.5,0.05377281,0,0,0,1,0,0,0,0.05377281
1730306172332,-9.795422,1.6812,-0.09053802,-0.9945188,0.07969201,-0.06768775,-3.683281,0.03992915,-0.025177,2.5,0.05377281,0,0,8.74228E-08,1,0,0,0,2.5,0.05377281,0,0,0,1,0,0,0,0.05377281
1730306172339,-9.795422,1.6812,-0.09053802,-0.9945188,0.07969201,-0.06768775,0,0,0,2.5,0.05377281,0,0,8.74228E-08,1,0,0,0,2.5,0.05377281,0,0,0,1,0,0,0,0.05377281
1730306172344,-9.795422,1.6812,-0.09053802,-0.9945188,0.07969201,-0.06768775,0,0,0,2.5,0.05377281,0,0,8.74228E-08,1,0,0,0,2.5,0.05377281,0,0,0,1,0,0,0,0.05377281
1730306172360,-9.828458,1.680015,-0.09047222,-0.9937052,0.09001623,-0.06668925,-2.477717,-0.08888841,0.004935265,2.5,0.05377281,0,0,8.74228E-08,1,0,0,0,2.5,0.05377281,0,0,0,1,0,0,0,0.05377281
1730306172366,-9.828458,1.680015,-0.09047222,-0.9937052,0.09001623,-0.06668925,0,0,0,2.5,0.05377281,0,0,8.74228E-08,1,0,0,0,2.5,0.05377281,0,0,0,1,0,0,0,0.05377281
1730306172388,-9.861219,1.677066,-0.09088421,-0.9932819,0.09582432,-0.06488025,-2.457118,-0.2211928,-0.03089905,2.5,0.05377281,0,0,8.74228E-08,1,0,0,0,2.5,0.05377281,0,0,0,1,0,0,0,0.05377281
1730306172393,-9.861219,1.677066,-0.09088421,-0.9932819,0.09582432,-0.06488025,0,0,0,2.5,0.05377281,0,0,8.74228E-08,1,0,0,0,2.5,0.05377281,0,0,0,1,0,0,0,0.05377281
1730306172415,-9.89465,1.672208,-0.09205246,-0.9930401,0.09874017,-0.06420231,-2.507329,-0.3643334,-0.08761883,2.5,0.05377281,0,0,8.74228E-08,1,0,0,0,2.5,0.05377281,0,0,0,1,0,0,0,0.05377281
1730306172420,-9.89465,1.672208,-0.09205246,-0.9930401,0.09874017,-0.06420231,0,0,0,2.5,0.05377281,0,0,8.74228E-08,1,0,0,0,2.5,0.05377281,0,0,0,1,0,0,0,0.05377281
1730306172443,-9.928311,1.665703,-0.09270763,-0.9924837,0.1031029,-0.06592441,-2.524567,-0.4878938,-0.04913807,2.5,0.05377281,0,0,8.74228E-08,1,0,0,0,2.5,0.05377281,0,0,0,1,0,0,0,0.05377281
1730306172450,-9.928311,1.665703,-0.09270763,-0.9924837,0.1031029,-0.06592441,0,0,0,2.5,0.05377281,0,0,8.74228E-08,1,0,0,0,2.5,0.05377281,0,0,0,1,0,0,0,0.05377281
1730306172473,-9.962464,1.657408,-0.09320164,-0.9913663,0.1110328,-0.06974852,-2.561474,-0.6221294,-0.03705025,2.5,0.05377281,0,0,8.74228E-08,1,0,0,0,2.5,0.05377281,0,0,0,1,0,0,0,0.05377281
1730306172478,-9.962464,1.657408,-0.09320164,-0.9913663,0.1110328,-0.06974852,0,0,0,2.5,0.05377281,0,0,8.74228E-08,1,0,0,0,2.5,0.05377281,0,0,0,1,0,0,0,0.05377281
1730306172501,-9.997192,1.649106,-0.09385681,-0.9910499,0.1106161,-0.07472789,-2.604604,-0.6226122,-0.04913807,2.5,0.05377281,0,0,8.74228E-08,1,0,0,0,2.5,0.05377281,0,0,0,1,0,0,0,0.05377281
1730306172507,-9.997192,1.649106,-0.09385681,-0.9910499,0.1106161,-0.07472789,0,0,0,2.5,0.05377281,0,0,8.74228E-08,1,0,0,0,2.5,0.05377281,0,0,0,1,0,0,0,0.05377281
1730306172529,-10.03292,1.641706,-0.09361076,-0.9909515,0.1074202,-0.08047736,-2.679777,-0.5550385,0.0184536,2.5,0.05377281,0,0,8.74228E-08,1,0,0,0,2.5,0.05377281,0,0,0,1,0,0,0,0.05377281
1730306172534,-10.03292,1.641706,-0.09361076,-0.9909515,0.1074202,-0.08047736,0,0,0,2.5,0.05377281,0,0,8.74228E-08,1,0,0,0,2.5,0.05377281,0,0,0,1,0,0,0,0.05377281
1730306172557,-10.06955,1.634998,-0.09358883,-0.9911869,0.1000538,-0.08682156,-2.746725,-0.503093,0.001645088,2.5,0.05377281,0,0,8.74228E-08,1,0,0,0,2.5,0.05377281,0,0,0,1,0,0,0,0.05377281
1730306172563,-10.06955,1.634998,-0.09358883,-0.9911869,0.1000538,-0.08682156,0,0,0,2.5,0.05377281,0,0,8.74228E-08,1,0,0,0,2.5,0.05377281,0,0,0,1,0,0,0,0.05377281
1730306172568,-10.06955,1.634998,-0.09358883,-0.9911869,0.1000538,-0.08682156,0,0,0,2.5,0.05377281,0,0,8.74228E-08,1,0,0,0,2.5,0.05377281,0,0,0,1,0,0,0,0.05377281
1730306172585,-10.10614,1.630354,-0.09283257,-0.9910994,0.09699713,-0.09118152,-2.744508,-0.3483117,0.05671978,2.5,0.05377281,0,0,8.74228E-08,1,0,0,0,2.5,0.05377281,0,0,0,1,0,0,0,0.05377281
1730306172591,-10.10614,1.630354,-0.09283257,-0.9910994,0.09699713,-0.09118152,0,0,0,2.5,0.05377281,0,0,8.74228E-08,1,0,0,0,2.5,0.05377281,0,0,0,1,0,0,0,0.05377281
1730306172613,-10.14342,1.631459,-0.09208202,-0.992767,0.0705927,-0.09711063,-2.796006,0.08289814,0.05629063,2.5,0.05377281,0,0,8.74228E-08,1,0,0,0,2.5,0.05377281,0,0,0,1,0,0,0,0.05377281
1730306172619,-10.14342,1.631459,-0.09208202,-0.992767,0.0705927,-0.09711063,0,0,0,2.5,0.05377281,0,0,8.74228E-08,1,0,0,0,2.5,0.05377281,0,0,0,1,0,0,0,0.05377281
1730306172639,-10.18078,1.634789,-0.09084415,-0.9892992,0.1039395,-0.1023918,-2.802229,0.2497762,0.09284019,2.5,0.05377281,0,0,8.74228E-08,1,0,0,0,2.5,0.05377281,0,0,0,1,0,0,0,0.05377281
1730306172645,-10.18078,1.634789,-0.09084415,-0.9892992,0.1039395,-0.1023918,0,0,0,2.5,0.05377281,0,0,8.74228E-08,1,0,0,0,2.5,0.05377281,0,0,0,1,0,0,0,0.05377281
1730306172667,-10.21821,1.642397,-0.08929253,-0.986971,0.1224072,-0.1044267,-2.806878,0.5705684,0.1163721,2.5,0.05377281,0,0,8.74228E-08,1,0,0,0,2.5,0.05377281,0,0,0,1,0,0,0,0.05377281
1730306172673,-10.21821,1.642397,-0.08929253,-0.986971,0.1224072,-0.1044267,0,0,0,2.5,0.05377281,0,0,8.74228E-08,1,0,0,0,2.5,0.05377281,0,0,0,1,0,0,0,0.05377281
1730306172695,-10.25419,1.644642,-0.08843613,-0.986264,0.1304908,-0.1012728,-2.698874,0.1683891,0.06422997,2.5,0.05377281,0,0,8.74228E-08,1,0,0,0,2.5,0.05377281,0,0,0,1,0,0,0,0.05377281
1730306172702,-10.25419,1.644642,-0.08843613,-0.986264,0.1304908,-0.1012728,0,0,0,2.5,0.05377281,0,0,8.74228E-08,1,0,0,0,2.5,0.05377281,0,0,0,1,0,0,0,0.05377281
1730306172723,-10.29024,1.649874,-0.08848858,-0.9873015,0.1213084,-0.1025697,-2.70381,0.3924161,-0.003933907,2.5,0.05377281,0,0,8.74228E-08,1,0,0,0,2.5,0.05377281,0,0,0,1,0,0,0,0.05377281
1730306172730,-10.29024,1.649874,-0.08848858,-0.9873015,0.1213084,-0.1025697,0,0,0,2.5,0.05377281,0,0,8.74228E-08,1,0,0,0,2.5,0.05377281,0,0,0,1,0,0,0,0.05377281
1730306172751,-10.32617,1.655992,-0.08890247,-0.9879156,0.1156291,-0.1032149,-2.694368,0.4588455,-0.0310421,2.5,0.05377281,0,0,8.74228E-08,1,0,0,0,2.5,0.05377281,0,0,0,1,0,0,0,0.05377281
1730306172757,-10.32617,1.655992,-0.08890247,-0.9879156,0.1156291,-0.1032149,0,0,0,2.5,0.05377281,0,0,8.74228E-08,1,0,0,0,2.5,0.05377281,0,0,0,1,0,0,0,0.05377281
1730306172779,-10.36162,1.661578,-0.08980846,-0.9886537,0.108782,-0.1035901,-2.659035,0.4189074,-0.0679493,2.5,0.05377281,0,0,8.74228E-08,1,0,0,0,2.5,0.05377281,0,0,0,1,0,0,0,0.05377281
1730306172785,-10.36162,1.661578,-0.08980846,-0.9886537,0.108782,-0.1035901,0,0,0,2.5,0.05377281,0,0,8.74228E-08,1,0,0,0,2.5,0.05377281,0,0,0,1,0,0,0,0.05377281
1730306172807,-10.39657,1.666573,-0.09091091,-0.989659,0.0997459,-0.1030834,-2.621484,0.3746867,-0.08268356,2.5,0.05377281,0,0,8.74228E-08,1,0,0,0,2.5,0.05377281,0,0,0,1,0,0,0,0.05377281
1730306172813,-10.39657,1.666573,-0.09091091,-0.989659,0.0997459,-0.1030834,0,0,0,2.5,0.05377281,0,0,8.74228E-08,1,0,0,0,2.5,0.05377281,0,0,0,1,0,0,0,0.05377281
1730306172835,-10.43136,1.670977,-0.09200859,-0.9901502,0.0969854,-0.1009792,-2.608895,0.3302693,-0.08232594,2.5,0.05377281,0,0,8.74228E-08,1,0,0,0,2.5,0.05377281,0,0,0,1,0,0,0,0.05377281
1730306172842,-10.43136,1.670977,-0.09200859,-0.9901502,0.0969854,-0.1009792,0,0,0,2.5,0.05377281,0,0,8.74228E-08,1,0,0,0,2.5,0.05377281,0,0,0,1,0,0,0,0.05377281
1730306172848,-10.43136,1.670977,-0.09200859,-0.9901502,0.0969854,-0.1009792,0,0,0,2.5,0.05377281,0,0,8.74228E-08,1,0,0,0,2.5,0.05377281,0,0,0,1,0,0,0,0.05377281
1730306172863,-10.46578,1.673086,-0.09296799,-0.9903743,0.09574027,-0.09996355,-2.581787,0.158152,-0.07195473,2.5,0.05377281,0,0,8.74228E-08,1,0,0,0,2.5,0.05377281,0,0,0,1,0,0,0,0.05377281
1730306172869,-10.46578,1.673086,-0.09296799,-0.9903743,0.09574027,-0.09996355,0,0,0,2.5,0.05377281,0,0,8.74228E-08,1,0,0,0,2.5,0.05377281,0,0,0,1,0,0,0,0.05377281
1730306172890,-10.50028,1.673922,-0.09441376,-0.990598,0.09258991,-0.100714,-2.587223,0.06270111,-0.1084328,2.5,0.05377281,0,0,8.74228E-08,1,0,0,0,2.5,0.05377281,0,0,0,1,0,0,0,0.05377281
1730306172898,-10.50028,1.673922,-0.09441376,-0.990598,0.09258991,-0.100714,0,0,0,2.5,0.05377281,0,0,8.74228E-08,1,0,0,0,2.5,0.05377281,0,0,0,1,0,0,0,0.05377281
1730306172916,-10.53468,1.672721,-0.09507179,-0.9904988,0.09119254,-0.10294,-2.580214,-0.09006858,-0.04935265,2.5,0.05377281,0,0,8.74228E-08,1,0,0,0,2.5,0.05377281,0,0,0,1,0,0,0,0.05377281
1730306172922,-10.53468,1.672721,-0.09507179,-0.9904988,0.09119254,-0.10294,0,0,0,2.5,0.05377281,0,0,8.74228E-08,1,0,0,0,2.5,0.05377281,0,0,0,1,0,0,0,0.05377281
1730306172943,-10.56892,1.669597,-0.09571362,-0.9905622,0.08962369,-0.1037047,-2.56741,-0.2342999,-0.04813671,2.5,0.05377281,0,0,8.74228E-08,1,0,0,0,2.5,0.05377281,0,0,0,1,0,0,0,0.05377281
1730306172950,-10.56892,1.669597,-0.09571362,-0.9905622,0.08962369,-0.1037047,0,0,0,2.5,0.05377281,0,0,8.74228E-08,1,0,0,0,2.5,0.05377281,0,0,0,1,0,0,0,0.05377281
1730306172971,-10.60312,1.664314,-0.09639835,-0.9909323,0.0857415,-0.1034493,-2.565408,-0.396198,-0.05135536,2.5,0.05377281,0,0,8.74228E-08,1,0,0,0,2.5,0.05377281,0,0,0,1,0,0,0,0.05377281
1730306172978,-10.60312,1.664314,-0.09639835,-0.9909323,0.0857415,-0.1034493,0,0,0,2.5,0.05377281,0,0,8.74228E-08,1,0,0,0,2.5,0.05377281,0,0,0,1,0,0,0,0.05377281
1730306173000,-10.63752,1.657285,-0.09677887,-0.9915569,0.08233415,-0.1001804,-2.579641,-0.5271614,-0.0285387,2.5,0.05377281,0,0,8.74228E-08,1,0,0,0,2.5,0.05377281,0,0,0,1,0,0,0,0.05377281
1730306173007,-10.63752,1.657285,-0.09677887,-0.9915569,0.08233415,-0.1001804,0,0,0,2.5,0.05377281,0,0,8.74228E-08,1,0,0,0,2.5,0.05377281,0,0,0,1,0,0,0,0.05377281
1730306173028,-10.67229,1.648966,-0.09792614,-0.99196,0.08607583,-0.09277308,-2.607679,-0.6239712,-0.08604527,2.5,0.05377281,0,0,8.74228E-08,1,0,0,0,2.5,0.05377281,0,0,0,1,0,0,0,0.05377281
1730306173034,-10.67229,1.648966,-0.09792614,-0.99196,0.08607583,-0.09277308,0,0,0,2.5,0.05377281,0,0,8.74228E-08,1,0,0,0,2.5,0.05377281,0,0,0,1,0,0,0,0.05377281
1730306173055,-10.70781,1.639503,-0.0984354,-0.9922463,0.09091226,-0.08475018,-2.664399,-0.7096857,-0.03819466,2.5,0.05377281,0,0,8.74228E-08,1,0,0,0,2.5,0.05377281,0,0,0,1,0,0,0,0.05377281
1730306173062,-10.70781,1.639503,-0.0984354,-0.9922463,0.09091226,-0.08475018,0,0,0,2.5,0.05377281,0,0,8.74228E-08,1,0,0,0,2.5,0.05377281,0,0,0,1,0,0,0,0.05377281
1730306173083,-10.74378,1.63093,-0.09957314,-0.9933248,0.08522486,-0.07773578,-2.697444,-0.6429881,-0.08533001,2.5,0.05377281,0,0,8.74228E-08,1,0,0,0,2.5,0.05377281,0,0,0,1,0,0,0,0.05377281
1730306173090,-10.74378,1.63093,-0.09957314,-0.9933248,0.08522486,-0.07773578,0,0,0,2.5,0.05377281,0,0,8.74228E-08,1,0,0,0,2.5,0.05377281,0,0,0,1,0,0,0,0.05377281
1730306173111,-10.78048,1.623411,-0.1011305,-0.9946358,0.07554601,-0.07065725,-2.752876,-0.5639344,-0.1168013,2.5,0.05377281,0,0,8.74228E-08,1,0,0,0,2.5,0.05377281,0,0,0,1,0,0,0,0.05377281
1730306173118,-10.78048,1.623411,-0.1011305,-0.9946358,0.07554601,-0.07065725,0,0,0,2.5,0.05377281,0,0,8.74228E-08,1,0,0,0,2.5,0.05377281,0,0,0,1,0,0,0,0.05377281
1730306173139,-10.81786,1.617272,-0.1030512,-0.9958156,0.06481373,-0.06442833,-2.803731,-0.4604459,-0.1440525,2.5,0.05377281,0,0,8.74228E-08,1,0,0,0,2.5,0.05377281,0,0,0,1,0,0,0,0.05377281
1730306173146,-10.81786,1.617272,-0.1030512,-0.9958156,0.06481373,-0.06442833,0,0,0,2.5,0.05377281,0,0,8.74228E-08,1,0,0,0,2.5,0.05377281,0,0,0,1,0,0,0,0.05377281
1730306173167,-10.85555,1.615147,-0.1054001,-0.9974608,0.03660801,-0.06109405,-2.826047,-0.1593769,-0.1761675,2.5,0.05377281,0,0,8.74228E-08,1,0,0,0,2.5,0.05377281,0,0,0,1,0,0,0,0.05377281
1730306173174,-10.85555,1.615147,-0.1054001,-0.9974608,0.03660801,-0.06109405,0,0,0,2.5,0.05377281,0,0,8.74228E-08,1,0,0,0,2.5,0.05377281,0,0,0,1,0,0,0,0.05377281
1730306173195,-10.89403,1.619595,-0.1068077,-0.9973145,0.0484117,-0.05495965,-2.886057,0.3336132,-0.1055717,2.5,0.05377281,0,0,8.74228E-08,1,0,0,0,2.5,0.05377281,0,0,0,1,0,0,0,0.05377281
1730306173202,-10.89403,1.619595,-0.1068077,-0.9973145,0.0484117,-0.05495965,0,0,0,2.5,0.05377281,0,0,8.74228E-08,1,0,0,0,2.5,0.05377281,0,0,0,1,0,0,0,0.05377281
1730306173211,-10.89403,1.619595,-0.1068077,-0.9973145,0.0484117,-0.05495965,0,0,0,2.5,0.05377281,0,0,8.74228E-08,1,0,0,0,2.5,0.05377281,0,0,0,1,0,0,0,0.05377281
1730306173223,-10.93191,1.626579,-0.1052895,-0.9963667,0.06712268,-0.05242169,-2.840996,0.5238086,0.1138687,2.5,0.05377281,0,0,8.74228E-08,1,0,0,0,2.5,0.05377281,0,0,0,1,0,0,0,0.05377281
1730306173230,-10.93191,1.626579,-0.1052895,-0.9963667,0.06712268,-0.05242169,0,0,0,2.5,0.05377281,0,0,8.74228E-08,1,0,0,0,2.5,0.05377281,0,0,0,1,0,0,0,0.05377281
1730306173251,-10.96873,1.63152,-0.1071711,-0.9954002,0.08026631,-0.05230677,-2.761602,0.3705561,-0.14112,2.5,0.05377281,0,0,8.74228E-08,1,0,0,0,2.5,0.05377281,0,0,0,1,0,0,0,0.05377281
1730306173258,-10.96873,1.63152,-0.1071711,-0.9954002,0.08026631,-0.05230677,0,0,0,2.5,0.05377281,0,0,8.74228E-08,1,0,0,0,2.5,0.05377281,0,0,0,1,0,0,0,0.05377281
1730306173290,-11.00504,1.638392,-0.1078558,-0.9962915,0.06855405,-0.052001,-2.723694,0.5154312,-0.05135536,2.5,0.05377281,0,0,8.74228E-08,1,0,0,0,2.5,0.05377281,0,0,0,1,0,0,0,0.05377281
1730306173297,-11.00504,1.638392,-0.1078558,-0.9962915,0.06855405,-0.052001,0,0,0,2.5,0.05377281,0,0,8.74228E-08,1,0,0,0,2.5,0.05377281,0,0,0,1,0,0,0,0.05377281
1730306173317,-11.05955,1.650574,-0.1080999,-0.9956772,0.0783418,-0.04989684,-4.087973,0.9136498,-0.01831055,2.5,0.05377281,0,0,8.74228E-08,1,0,0,0,2.5,0.05377281,0,0,0,1,0,0,0,0.05377281
1730306173323,-11.05955,1.650574,-0.1080999,-0.9956772,0.0783418,-0.04989684,0,0,0,2.5,0.05377281,0,0,8.74228E-08,1,0,0,0,2.5,0.05377281,0,0,0,1,0,0,0,0.05377281
1730306173330,-11.05955,1.650574,-0.1080999,-0.9956772,0.0783418,-0.04989684,0,0,0,2.5,0.05377281,0,0,8.74228E-08,1,0,0,0,2.5,0.05377281,0,0,0,1,0,0,0,0.05377281
1730306173345,-11.09459,1.655997,-0.1087456,-0.9959821,0.07552447,-0.0481323,-2.627707,0.4066944,-0.04842281,2.5,0.05377281,0,0,8.74228E-08,1,0,0,0,2.5,0.05377281,0,0,0,1,0,0,0,0.05377281
1730306173352,-11.09459,1.655997,-0.1087456,-0.9959821,0.07552447,-0.0481323,0,0,0,2.5,0.05377281,0,0,8.74228E-08,1,0,0,0,2.5,0.05377281,0,0,0,1,0,0,0,0.05377281
1730306173373,-11.12978,1.661593,-0.1082144,-0.9970744,0.0614596,-0.04545116,-2.63958,0.4197299,0.03983974,2.5,0.05377281,0,0,8.74228E-08,1,0,0,0,2.5,0.05377281,0,0,0,1,0,0,0,0.05377281
1730306173380,-11.12978,1.661593,-0.1082144,-0.9970744,0.0614596,-0.04545116,0,0,0,2.5,0.05377281,0,0,8.74228E-08,1,0,0,0,2.5,0.05377281,0,0,0,1,0,0,0,0.05377281
1730306173400,-11.16421,1.666253,-0.1073523,-0.9981249,0.04563944,-0.04079676,-2.582073,0.3495097,0.06465912,2.5,0.05377281,0,0,8.74228E-08,1,0,0,0,2.5,0.05377281,0,0,0,1,0,0,0,0.05377281
1730306173406,-11.16421,1.666253,-0.1073523,-0.9981249,0.04563944,-0.04079676,0,0,0,2.5,0.05377281,0,0,8.74228E-08,1,0,0,0,2.5,0.05377281,0,0,0,1,0,0,0,0.05377281
1730306173428,-11.19794,1.668933,-0.1066933,-0.998636,0.03779344,-0.03603256,-2.52986,0.2009779,0.04942417,2.5,0.05377281,0,0,8.74228E-08,1,0,0,0,2.5,0.05377281,0,0,0,1,0,0,0,0.05377281
1730306173434,-11.19794,1.668933,-0.1066933,-0.998636,0.03779344,-0.03603256,0,0,0,2.5,0.05377281,0,0,8.74228E-08,1,0,0,0,2.5,0.05377281,0,0,0,1,0,0,0,0.05377281
1730306173457,-11.2317,1.669609,-0.1057653,-0.9986697,0.03888997,-0.03386152,-2.531934,0.05073845,0.06959438,2.5,0.05377281,0,0,8.74228E-08,1,0,0,0,2.5,0.05377281,0,0,0,1,0,0,0,0.05377281
1730306173464,-11.2317,1.669609,-0.1057653,-0.9986697,0.03888997,-0.03386152,0,0,0,2.5,0.05377281,0,0,8.74228E-08,1,0,0,0,2.5,0.05377281,0,0,0,1,0,0,0,0.05377281
1730306173485,-11.26501,1.668168,-0.1039724,-0.9984495,0.04456412,-0.03336191,-2.498031,-0.1080751,0.1344681,2.5,0.05377281,0,0,8.74228E-08,1,0,0,0,2.5,0.05377281,0,0,0,1,0,0,0,0.05377281
1730306173492,-11.26501,1.668168,-0.1039724,-0.9984495,0.04456412,-0.03336191,0,0,0,2.5,0.05377281,0,0,8.74228E-08,1,0,0,0,2.5,0.05377281,0,0,0,1,0,0,0,0.05377281
1730306173513,-11.29856,1.664608,-0.1031208,-0.9983872,0.04488883,-0.03475988,-2.516341,-0.2670228,0.06387234,2.5,0.05377281,0,0,8.74228E-08,1,0,0,0,2.5,0.05377281,0,0,0,1,0,0,0,0.05377281
1730306173520,-11.29856,1.664608,-0.1031208,-0.9983872,0.04488883,-0.03475988,0,0,0,2.5,0.05377281,0,0,8.74228E-08,1,0,0,0,2.5,0.05377281,0,0,0,1,0,0,0,0.05377281
1730306173541,-11.33168,1.659418,-0.1027441,-0.9983757,0.04216745,-0.03831506,-2.484155,-0.3892332,0.0282526,2.5,0.05377281,0,0,8.74228E-08,1,0,0,0,2.5,0.05377281,0,0,0,1,0,0,0,0.05377281
1730306173548,-11.33168,1.659418,-0.1027441,-0.9983757,0.04216745,-0.03831506,0,0,0,2.5,0.05377281,0,0,8.74228E-08,1,0,0,0,2.5,0.05377281,0,0,0,1,0,0,0,0.05377281
1730306173570,-11.36516,1.652539,-0.1020517,-0.9981432,0.04067871,-0.04534233,-2.51112,-0.5159765,0.05192757,2.5,0.05377281,0,0,8.74228E-08,1,0,0,0,2.5,0.05377281,0,0,0,1,0,0,0,0.05377281
1730306173578,-11.36516,1.652539,-0.1020517,-0.9981432,0.04067871,-0.04534233,0,0,0,2.5,0.05377281,0,0,8.74228E-08,1,0,0,0,2.5,0.05377281,0,0,0,1,0,0,0,0.05377281
1730306173585,-11.36516,1.652539,-0.1020517,-0.9981432,0.04067871,-0.04534233,0,0,0,2.5,0.05377281,0,0,8.74228E-08,1,0,0,0,2.5,0.05377281,0,0,0,1,0,0,0,0.05377281
1730306173598,-11.39938,1.643184,-0.1007214,-0.9976891,0.04538582,-0.05056763,-2.566695,-0.7016122,0.09977818,2.5,0.05377281,0,0,8.74228E-08,1,0,0,0,2.5,0.05377281,0,0,0,1,0,0,0,0.05377281
1730306173605,-11.39938,1.643184,-0.1007214,-0.9976891,0.04538582,-0.05056763,0,0,0,2.5,0.05377281,0,0,8.74228E-08,1,0,0,0,2.5,0.05377281,0,0,0,1,0,0,0,0.05377281
1730306173626,-11.43387,1.633835,-0.09918499,-0.9975601,0.04346457,-0.05463624,-2.586222,-0.7011831,0.1152277,2.5,0.05377281,0,0,8.74228E-08,1,0,0,0,2.5,0.05377281,0,0,0,1,0,0,0,0.05377281
1730306173632,-11.43387,1.633835,-0.09918499,-0.9975601,0.04346457,-0.05463624,0,0,0,2.5,0.05377281,0,0,8.74228E-08,1,0,0,0,2.5,0.05377281,0,0,0,1,0,0,0,0.05377281
1730306173665,-11.46903,1.625864,-0.09686756,-0.9976475,0.03601291,-0.05833483,-2.637076,-0.5977839,0.1738071,2.5,0.05377281,0,0,8.74228E-08,1,0,0,0,2.5,0.05377281,0,0,0,1,0,0,0,0.05377281
1730306173672,-11.46903,1.625864,-0.09686756,-0.9976475,0.03601291,-0.05833483,0,0,0,2.5,0.05377281,0,0,8.74228E-08,1,0,0,0,2.5,0.05377281,0,0,0,1,0,0,0,0.05377281
1730306173692,-11.52163,1.616373,-0.09394741,-0.997625,0.02496117,-0.06420219,-3.945351,-0.7118136,0.2190113,2.5,0.05377281,0,0,8.74228E-08,1,0,0,0,2.5,0.05377281,0,0,0,1,0,0,0,0.05377281
1730306173699,-11.52163,1.616373,-0.09394741,-0.997625,0.02496117,-0.06420219,0,0,0,2.5,0.05377281,0,0,8.74228E-08,1,0,0,0,2.5,0.05377281,0,0,0,1,0,0,0,0.05377281
1730306173706,-11.52163,1.616373,-0.09394741,-0.997625,0.02496117,-0.06420219,0,0,0,2.5,0.05377281,0,0,8.74228E-08,1,0,0,0,2.5,0.05377281,0,0,0,1,0,0,0,0.05377281
1730306173721,-11.55629,1.613254,-0.09099865,-0.9973305,0.02610762,-0.06819654,-2.599525,-0.2339602,0.2211571,2.5,0.05377281,0,0,8.74228E-08,1,0,0,0,2.5,0.05377281,0,0,0,1,0,0,0,0.05377281
1730306173728,-11.55629,1.613254,-0.09099865,-0.9973305,0.02610762,-0.06819654,0,0,0,2.5,0.05377281,0,0,8.74228E-08,1,0,0,0,2.5,0.05377281,0,0,0,1,0,0,0,0.05377281
1730306173749,-11.59196,1.619451,-0.08748531,-0.9972273,0.01106677,-0.07359183,-2.67477,0.4648089,0.2635002,2.5,0.05377281,0,0,8.74228E-08,1,0,0,0,2.5,0.05377281,0,0,0,1,0,0,0,0.05377281
1730306173755,-11.59196,1.619451,-0.08748531,-0.9972273,0.01106677,-0.07359183,0,0,0,2.5,0.05377281,0,0,8.74228E-08,1,0,0,0,2.5,0.05377281,0,0,0,1,0,0,0,0.05377281
1730306173775,-11.62782,1.625876,-0.08388042,-0.9963691,0.03850217,-0.07593834,-2.689505,0.481832,0.2703667,2.5,0.05377281,0,0,8.74228E-08,1,0,0,0,2.5,0.05377281,0,0,0,1,0,0,0,0.05377281
1730306173782,-11.62782,1.625876,-0.08388042,-0.9963691,0.03850217,-0.07593834,0,0,0,2.5,0.05377281,0,0,8.74228E-08,1,0,0,0,2.5,0.05377281,0,0,0,1,0,0,0,0.05377281
1730306173803,-11.66276,1.631824,-0.07986832,-0.9944226,0.07431704,-0.07484174,-2.62084,0.4461229,0.3009081,2.5,0.05377281,0,0,8.74228E-08,1,0,0,0,2.5,0.05377281,0,0,0,1,0,0,0,0.05377281
1730306173810,-11.66276,1.631824,-0.07986832,-0.9944226,0.07431704,-0.07484174,0,0,0,2.5,0.05377281,0,0,8.74228E-08,1,0,0,0,2.5,0.05377281,0,0,0,1,0,0,0,0.05377281
1730306173832,-11.69732,1.636115,-0.07669926,-0.993714,0.08676779,-0.07073915,-2.591658,0.3217936,0.2376795,2.5,0.05377281,0,0,8.74228E-08,1,0,0,0,2.5,0.05377281,0,0,0,1,0,0,0,0.05377281
1730306173839,-11.69732,1.636115,-0.07669926,-0.993714,0.08676779,-0.07073915,0,0,0,2.5,0.05377281,0,0,8.74228E-08,1,0,0,0,2.5,0.05377281,0,0,0,1,0,0,0,0.05377281
1730306173860,-11.73278,1.64326,-0.07423973,-0.9935716,0.08603741,-0.07357347,-2.659893,0.5358875,0.1844645,2.5,0.05377281,0,0,8.74228E-08,1,0,0,0,2.5,0.05377281,0,0,0,1,0,0,0,0.05377281
1730306173867,-11.73278,1.64326,-0.07423973,-0.9935716,0.08603741,-0.07357347,0,0,0,2.5,0.05377281,0,0,8.74228E-08,1,0,0,0,2.5,0.05377281,0,0,0,1,0,0,0,0.05377281
1730306173888,-11.76693,1.648699,-0.07036304,-0.9933342,0.08454069,-0.07836246,-2.561331,0.4079461,0.2907515,2.5,0.05377281,0,0,8.74228E-08,1,0,0,0,2.5,0.05377281,0,0,0,1,0,0,0,0.05377281
1730306173895,-11.76693,1.648699,-0.07036304,-0.9933342,0.08454069,-0.07836246,0,0,0,2.5,0.05377281,0,0,8.74228E-08,1,0,0,0,2.5,0.05377281,0,0,0,1,0,0,0,0.05377281
1730306173901,-11.76693,1.648699,-0.07036304,-0.9933342,0.08454069,-0.07836246,0,0,0,2.5,0.05377281,0,0,8.74228E-08,1,0,0,0,2.5,0.05377281,0,0,0,1,0,0,0,0.05377281
1730306173916,-11.8009,1.652778,-0.0700016,-0.9941989,0.06877739,-0.08269489,-2.547741,0.3059149,0.02710819,2.5,0.05377281,0,0,8.74228E-08,1,0,0,0,2.5,0.05377281,0,0,0,1,0,0,0,0.05377281
1730306173923,-11.8009,1.652778,-0.0700016,-0.9941989,0.06877739,-0.08269489,0,0,0,2.5,0.05377281,0,0,8.74228E-08,1,0,0,0,2.5,0.05377281,0,0,0,1,0,0,0,0.05377281
1730306173944,-11.83402,1.657381,-0.0701952,-0.9947828,0.05260046,-0.08741212,-2.48394,0.3452361,-0.01451969,2.5,0.05377281,0,0,8.74228E-08,1,0,0,0,2.5,0.05377281,0,0,0,1,0,0,0,0.05377281
1730306173951,-11.83402,1.657381,-0.0701952,-0.9947828,0.05260046,-0.08741212,0,0,0,2.5,0.05377281,0,0,8.74228E-08,1,0,0,0,2.5,0.05377281,0,0,0,1,0,0,0,0.05377281
1730306173970,-11.86634,1.660133,-0.07059669,-0.9943365,0.04267224,-0.09733701,-2.424145,0.2063602,-0.03011227,2.5,0.05377281,0,0,8.74228E-08,1,0,0,0,2.5,0.05377281,0,0,0,1,0,0,0,0.05377281
1730306173977,-11.86634,1.660133,-0.07059669,-0.9943365,0.04267224,-0.09733701,0,0,0,2.5,0.05377281,0,0,8.74228E-08,1,0,0,0,2.5,0.05377281,0,0,0,1,0,0,0,0.05377281
1730306173998,-11.89907,1.661036,-0.07060909,-0.9934416,0.04046207,-0.1069449,-2.454901,0.06772578,-0.0009298325,2.5,0.05377281,0,0,8.74228E-08,1,0,0,0,2.5,0.05377281,0,0,0,1,0,0,0,0.05377281
1730306174004,-11.89907,1.661036,-0.07060909,-0.9934416,0.04046207,-0.1069449,0,0,0,2.5,0.05377281,0,0,8.74228E-08,1,0,0,0,2.5,0.05377281,0,0,0,1,0,0,0,0.05377281
1730306174027,-11.93274,1.660415,-0.07015705,-0.9924443,0.0504493,-0.1118459,-2.52471,-0.04655421,0.03390312,2.5,0.05377281,0,0,8.74228E-08,1,0,0,0,2.5,0.05377281,0,0,0,1,0,0,0,0.05377281
1730306174033,-11.93274,1.660415,-0.07015705,-0.9924443,0.0504493,-0.1118459,0,0,0,2.5,0.05377281,0,0,8.74228E-08,1,0,0,0,2.5,0.05377281,0,0,0,1,0,0,0,0.05377281
1730306174055,-11.96454,1.658258,-0.07000446,-0.9912931,0.06300601,-0.115623,-2.385449,-0.1617819,0.01144409,2.5,0.05377281,0,0,8.74228E-08,1,0,0,0,2.5,0.05377281,0,0,0,1,0,0,0,0.05377281
1730306174062,-11.96454,1.658258,-0.07000446,-0.9912931,0.06300601,-0.115623,0,0,0,2.5,0.05377281,0,0,8.74228E-08,1,0,0,0,2.5,0.05377281,0,0,0,1,0,0,0,0.05377281
1730306174083,-11.99684,1.654359,-0.06926537,-0.9909115,0.06817816,-0.1159599,-2.4225,-0.2923965,0.05543232,2.5,0.05377281,0,0,8.74228E-08,1,0,0,0,2.5,0.05377281,0,0,0,1,0,0,0,0.05377281
1730306174090,-11.99684,1.654359,-0.06926537,-0.9909115,0.06817816,-0.1159599,0,0,0,2.5,0.05377281,0,0,8.74228E-08,1,0,0,0,2.5,0.05377281,0,0,0,1,0,0,0,0.05377281
1730306174110,-12.02943,1.64886,-0.06870842,-0.9912131,0.06983969,-0.1123364,-2.444315,-0.4124165,0.04177094,2.5,0.05377281,0,0,8.74228E-08,1,0,0,0,2.5,0.05377281,0,0,0,1,0,0,0,0.05377281
1730306174117,-12.02943,1.64886,-0.06870842,-0.9912131,0.06983969,-0.1123364,0,0,0,2.5,0.05377281,0,0,8.74228E-08,1,0,0,0,2.5,0.05377281,0,0,0,1,0,0,0,0.05377281
1730306174138,-12.06204,1.641959,-0.06891537,-0.9919435,0.06996717,-0.1056073,-2.445674,-0.5176127,-0.01552105,2.5,0.05377281,0,0,8.74228E-08,1,0,0,0,2.5,0.05377281,0,0,0,1,0,0,0,0.05377281
1730306174145,-12.06204,1.641959,-0.06891537,-0.9919435,0.06996717,-0.1056073,0,0,0,2.5,0.05377281,0,0,8.74228E-08,1,0,0,0,2.5,0.05377281,0,0,0,1,0,0,0,0.05377281
1730306174166,-12.09551,1.633852,-0.06938553,-0.9923841,0.07420744,-0.09832406,-2.509832,-0.6080031,-0.03526211,2.5,0.05377281,0,0,8.74228E-08,1,0,0,0,2.5,0.05377281,0,0,0,1,0,0,0,0.05377281
1730306174173,-12.09551,1.633852,-0.06938553,-0.9923841,0.07420744,-0.09832406,0,0,0,2.5,0.05377281,0,0,8.74228E-08,1,0,0,0,2.5,0.05377281,0,0,0,1,0,0,0,0.05377281
1730306174194,-12.13009,1.625596,-0.07020378,-0.9930465,0.07348065,-0.09197736,-2.593589,-0.6191969,-0.06136894,2.5,0.05377281,0,0,8.74228E-08,1,0,0,0,2.5,0.05377281,0,0,0,1,0,0,0,0.05377281
1730306174201,-12.13009,1.625596,-0.07020378,-0.9930465,0.07348065,-0.09197736,0,0,0,2.5,0.05377281,0,0,8.74228E-08,1,0,0,0,2.5,0.05377281,0,0,0,1,0,0,0,0.05377281
1730306174208,-12.13009,1.625596,-0.07020378,-0.9930465,0.07348065,-0.09197736,0,0,0,2.5,0.05377281,0,0,8.74228E-08,1,0,0,0,2.5,0.05377281,0,0,0,1,0,0,0,0.05377281
1730306174222,-12.1652,1.618441,-0.07175827,-0.9936599,0.07026938,-0.08776522,-2.633286,-0.5366743,-0.1165867,2.5,0.05377281,0,0,8.74228E-08,1,0,0,0,2.5,0.05377281,0,0,0,1,0,0,0,0.05377281
1730306174228,-12.1652,1.618441,-0.07175827,-0.9936599,0.07026938,-0.08776522,0,0,0,2.5,0.05377281,0,0,8.74228E-08,1,0,0,0,2.5,0.05377281,0,0,0,1,0,0,0,0.05377281
1730306174249,-12.20144,1.612055,-0.07380009,-0.9942625,0.06595202,-0.08421719,-2.717829,-0.4788995,-0.1531363,2.5,0.05377281,0,0,8.74228E-08,1,0,0,0,2.5,0.05377281,0,0,0,1,0,0,0,0.05377281
1730306174256,-12.20144,1.612055,-0.07380009,-0.9942625,0.06595202,-0.08421719,0,0,0,2.5,0.05377281,0,0,8.74228E-08,1,0,0,0,2.5,0.05377281,0,0,0,1,0,0,0,0.05377281
1730306174275,-12.23756,1.607261,-0.07672691,-0.9947466,0.06413876,-0.0797838,-2.709389,-0.3595591,-0.219512,2.5,0.05377281,0,0,8.74228E-08,1,0,0,0,2.5,0.05377281,0,0,0,1,0,0,0,0.05377281
1730306174282,-12.23756,1.607261,-0.07672691,-0.9947466,0.06413876,-0.0797838,0,0,0,2.5,0.05377281,0,0,8.74228E-08,1,0,0,0,2.5,0.05377281,0,0,0,1,0,0,0,0.05377281
1730306174303,-12.27345,1.603156,-0.08001423,-0.9956702,0.06051201,-0.07056534,-2.691364,-0.3078461,-0.2465487,2.5,0.05377281,0,0,8.74228E-08,1,0,0,0,2.5,0.05377281,0,0,0,1,0,0,0,0.05377281
1730306174310,-12.27345,1.603156,-0.08001423,-0.9956702,0.06051201,-0.07056534,0,0,0,2.5,0.05377281,0,0,8.74228E-08,1,0,0,0,2.5,0.05377281,0,0,0,1,0,0,0,0.05377281
1730306174331,-12.3106,1.610036,-0.0831089,-0.9970815,0.04600151,-0.06093478,-2.786779,0.5159855,-0.2321005,2.5,0.05377281,0,0,8.74228E-08,1,0,0,0,2.5,0.05377281,0,0,0,1,0,0,0,0.05377281
1730306174338,-12.3106,1.610036,-0.0831089,-0.9970815,0.04600151,-0.06093478,0,0,0,2.5,0.05377281,0,0,8.74228E-08,1,0,0,0,2.5,0.05377281,0,0,0,1,0,0,0,0.05377281
1730306174360,-12.34789,1.615801,-0.08631992,-0.9959112,0.07353982,-0.05247033,-2.796078,0.43239,-0.2408266,2.5,0.05377281,0,0,8.74228E-08,1,0,0,0,2.5,0.05377281,0,0,0,1,0,0,0,0.05377281
1730306174367,-12.34789,1.615801,-0.08631992,-0.9959112,0.07353982,-0.05247033,0,0,0,2.5,0.05377281,0,0,8.74228E-08,1,0,0,0,2.5,0.05377281,0,0,0,1,0,0,0,0.05377281
1730306174388,-12.38456,1.620304,-0.08913708,-0.9925194,0.1117165,-0.04924226,-2.750444,0.3376544,-0.2112865,2.5,0.05377281,0,0,8.74228E-08,1,0,0,0,2.5,0.05377281,0,0,0,1,0,0,0,0.05377281
1730306174394,-12.38456,1.620304,-0.08913708,-0.9925194,0.1117165,-0.04924226,0,0,0,2.5,0.05377281,0,0,8.74228E-08,1,0,0,0,2.5,0.05377281,0,0,0,1,0,0,0,0.05377281
1730306174416,-12.42003,1.625075,-0.09008312,-0.9925097,0.1118844,-0.04905999,-2.660108,0.3578424,-0.07095337,2.5,0.05377281,0,0,8.74228E-08,1,0,0,0,2.5,0.05377281,0,0,0,1,0,0,0,0.05377281
1730306174423,-12.42003,1.625075,-0.09008312,-0.9925097,0.1118844,-0.04905999,0,0,0,2.5,0.05377281,0,0,8.74228E-08,1,0,0,0,2.5,0.05377281,0,0,0,1,0,0,0,0.05377281
1730306174444,-12.45614,1.631143,-0.09084988,-0.9934648,0.103598,-0.04791355,-2.708316,0.4550904,-0.05750656,2.5,0.05377281,0,0,8.74228E-08,1,0,0,0,2.5,0.05377281,0,0,0,1,0,0,0,0.05377281
1730306174451,-12.45614,1.631143,-0.09084988,-0.9934648,0.103598,-0.04791355,0,0,0,2.5,0.05377281,0,0,8.74228E-08,1,0,0,0,2.5,0.05377281,0,0,0,1,0,0,0,0.05377281
1730306174472,-12.49166,1.637209,-0.0918684,-0.9948534,0.08798641,-0.0502553,-2.664256,0.455001,-0.07638931,2.5,0.05377281,0,0,8.74228E-08,1,0,0,0,2.5,0.05377281,0,0,0,1,0,0,0,0.05377281
1730306174479,-12.49166,1.637209,-0.0918684,-0.9948534,0.08798641,-0.0502553,0,0,0,2.5,0.05377281,0,0,8.74228E-08,1,0,0,0,2.5,0.05377281,0,0,0,1,0,0,0,0.05377281
1730306174500,-12.52694,1.643994,-0.09226036,-0.9958412,0.07337861,-0.05400336,-2.645731,0.5088329,-0.02939701,2.5,0.05377281,0,0,8.74228E-08,1,0,0,0,2.5,0.05377281,0,0,0,1,0,0,0,0.05377281
1730306174507,-12.52694,1.643994,-0.09226036,-0.9958412,0.07337861,-0.05400336,0,0,0,2.5,0.05377281,0,0,8.74228E-08,1,0,0,0,2.5,0.05377281,0,0,0,1,0,0,0,0.05377281
1730306174528,-12.56196,1.650039,-0.09201431,-0.9959872,0.06910497,-0.05687189,-2.627063,0.4533827,0.0184536,2.5,0.05377281,0,0,8.74228E-08,1,0,0,0,2.5,0.05377281,0,0,0,1,0,0,0,0.05377281
1730306174535,-12.56196,1.650039,-0.09201431,-0.9959872,0.06910497,-0.05687189,0,0,0,2.5,0.05377281,0,0,8.74228E-08,1,0,0,0,2.5,0.05377281,0,0,0,1,0,0,0,0.05377281
1730306174541,-12.56196,1.650039,-0.09201431,-0.9959872,0.06910497,-0.05687189,0,0,0,2.5,0.05377281,0,0,8.74228E-08,1,0,0,0,2.5,0.05377281,0,0,0,1,0,0,0,0.05377281
1730306174556,-12.59568,1.653251,-0.09218121,-0.9962117,0.06645013,-0.05609763,-2.528787,0.240916,-0.01251698,2.5,0.05377281,0,0,8.74228E-08,1,0,0,0,2.5,0.05377281,0,0,0,1,0,0,0,0.05377281
1730306174563,-12.59568,1.653251,-0.09218121,-0.9962117,0.06645013,-0.05609763,0,0,0,2.5,0.05377281,0,0,8.74228E-08,1,0,0,0,2.5,0.05377281,0,0,0,1,0,0,0,0.05377281
1730306174584,-12.62946,1.655154,-0.09216499,-0.9963977,0.06464516,-0.05489099,-2.533078,0.1426935,0.001215935,2.5,0.05377281,0,0,8.74228E-08,1,0,0,0,2.5,0.05377281,0,0,0,1,0,0,0,0.05377281
1730306174591,-12.62946,1.655154,-0.09216499,-0.9963977,0.06464516,-0.05489099,0,0,0,2.5,0.05377281,0,0,8.74228E-08,1,0,0,0,2.5,0.05377281,0,0,0,1,0,0,0,0.05377281
1730306174610,-12.66254,1.654452,-0.09281921,-0.9961155,0.07018615,-0.05318105,-2.481365,-0.05264282,-0.04906654,2.5,0.05377281,0,0,8.74228E-08,1,0,0,0,2.5,0.05377281,0,0,0,1,0,0,0,0.05377281
1730306174616,-12.66254,1.654452,-0.09281921,-0.9961155,0.07018615,-0.05318105,0,0,0,2.5,0.05377281,0,0,8.74228E-08,1,0,0,0,2.5,0.05377281,0,0,0,1,0,0,0,0.05377281
1730306174637,-12.69588,1.652261,-0.09335518,-0.995793,0.07702291,-0.04963958,-2.500677,-0.1643121,-0.04019737,2.5,0.05377281,0,0,8.74228E-08,1,0,0,0,2.5,0.05377281,0,0,0,1,0,0,0,0.05377281
1730306174644,-12.69588,1.652261,-0.09335518,-0.995793,0.07702291,-0.04963958,0,0,0,2.5,0.05377281,0,0,8.74228E-08,1,0,0,0,2.5,0.05377281,0,0,0,1,0,0,0,0.05377281
1730306174666,-12.72943,1.648239,-0.09406757,-0.9959816,0.07808208,-0.04386425,-2.516055,-0.301677,-0.0534296,2.5,0.05377281,0,0,8.74228E-08,1,0,0,0,2.5,0.05377281,0,0,0,1,0,0,0,0.05377281
1730306174673,-12.72943,1.648239,-0.09406757,-0.9959816,0.07808208,-0.04386425,0,0,0,2.5,0.05377281,0,0,8.74228E-08,1,0,0,0,2.5,0.05377281,0,0,0,1,0,0,0,0.05377281
1730306174694,-12.76273,1.642213,-0.09483337,-0.9963879,0.07501782,-0.03979957,-2.497315,-0.4519522,-0.05743504,2.5,0.05377281,0,0,8.74228E-08,1,0,0,0,2.5,0.05377281,0,0,0,1,0,0,0,0.05377281
1730306174700,-12.76273,1.642213,-0.09483337,-0.9963879,0.07501782,-0.03979957,0,0,0,2.5,0.05377281,0,0,8.74228E-08,1,0,0,0,2.5,0.05377281,0,0,0,1,0,0,0,0.05377281
1730306174722,-12.79671,1.63512,-0.09535885,-0.9964957,0.0744103,-0.03820467,-2.548814,-0.5319446,-0.03941059,2.5,0.05377281,0,0,8.74228E-08,1,0,0,0,2.5,0.05377281,0,0,0,1,0,0,0,0.05377281
1730306174729,-12.79671,1.63512,-0.09535885,-0.9964957,0.0744103,-0.03820467,0,0,0,2.5,0.05377281,0,0,8.74228E-08,1,0,0,0,2.5,0.05377281,0,0,0,1,0,0,0,0.05377281
1730306174750,-12.83069,1.626443,-0.09578514,-0.9961243,0.07860621,-0.03947008,-2.548385,-0.6508023,-0.03197193,2.5,0.05377281,0,0,8.74228E-08,1,0,0,0,2.5,0.05377281,0,0,0,1,0,0,0,0.05377281
1730306174756,-12.83069,1.626443,-0.09578514,-0.9961243,0.07860621,-0.03947008,0,0,0,2.5,0.05377281,0,0,8.74228E-08,1,0,0,0,2.5,0.05377281,0,0,0,1,0,0,0,0.05377281
1730306174778,-12.86563,1.618412,-0.09579563,-0.996081,0.07760006,-0.04244113,-2.62084,-0.6023079,-0.0007867813,2.5,0.05377281,0,0,8.74228E-08,1,0,0,0,2.5,0.05377281,0,0,0,1,0,0,0,0.05377281
1730306174784,-12.86563,1.618412,-0.09579563,-0.996081,0.07760006,-0.04244113,0,0,0,2.5,0.05377281,0,0,8.74228E-08,1,0,0,0,2.5,0.05377281,0,0,0,1,0,0,0,0.05377281
1730306174806,-12.90122,1.610972,-0.09547043,-0.9960871,0.07610953,-0.04492295,-2.669048,-0.5579978,0.02439022,2.5,0.05377281,0,0,8.74228E-08,1,0,0,0,2.5,0.05377281,0,0,0,1,0,0,0,0.05377281
1730306174812,-12.90122,1.610972,-0.09547043,-0.9960871,0.07610953,-0.04492295,0,0,0,2.5,0.05377281,0,0,8.74228E-08,1,0,0,0,2.5,0.05377281,0,0,0,1,0,0,0,0.05377281
1730306174834,-12.93729,1.605028,-0.09478378,-0.9963312,0.07112517,-0.04759896,-2.705312,-0.445801,0.05149841,2.5,0.05377281,0,0,8.74228E-08,1,0,0,0,2.5,0.05377281,0,0,0,1,0,0,0,0.05377281
1730306174840,-12.93729,1.605028,-0.09478378,-0.9963312,0.07112517,-0.04759896,0,0,0,2.5,0.05377281,0,0,8.74228E-08,1,0,0,0,2.5,0.05377281,0,0,0,1,0,0,0,0.05377281
1730306174862,-12.97334,1.60077,-0.09348202,-0.9963737,0.06856349,-0.0503881,-2.703881,-0.3193259,0.09763241,2.5,0.05377281,0,0,8.74228E-08,1,0,0,0,2.5,0.05377281,0,0,0,1,0,0,0,0.05377281
1730306174868,-12.97334,1.60077,-0.09348202,-0.9963737,0.06856349,-0.0503881,0,0,0,2.5,0.05377281,0,0,8.74228E-08,1,0,0,0,2.5,0.05377281,0,0,0,1,0,0,0,0.05377281
1730306174874,-12.97334,1.60077,-0.09348202,-0.9963737,0.06856349,-0.0503881,0,0,0,2.5,0.05377281,0,0,8.74228E-08,1,0,0,0,2.5,0.05377281,0,0,0,1,0,0,0,0.05377281
1730306174889,-13.00958,1.601415,-0.09184551,-0.9973376,0.04891424,-0.05408394,-2.717471,0.04836917,0.1227379,2.5,0.05377281,0,0,8.74228E-08,1,0,0,0,2.5,0.05377281,0,0,0,1,0,0,0,0.05377281
1730306174896,-13.00958,1.601415,-0.09184551,-0.9973376,0.04891424,-0.05408394,0,0,0,2.5,0.05377281,0,0,8.74228E-08,1,0,0,0,2.5,0.05377281,0,0,0,1,0,0,0,0.05377281
1730306174917,-13.04642,1.606146,-0.08972549,-0.9956442,0.07216604,-0.05903637,-2.763391,0.3548473,0.1590014,2.5,0.05377281,0,0,8.74228E-08,1,0,0,0,2.5,0.05377281,0,0,0,1,0,0,0,0.05377281
1730306174924,-13.04642,1.606146,-0.08972549,-0.9956442,0.07216604,-0.05903637,0,0,0,2.5,0.05377281,0,0,8.74228E-08,1,0,0,0,2.5,0.05377281,0,0,0,1,0,0,0,0.05377281
1730306174943,-13.08422,1.61396,-0.08852768,-0.9941796,0.08731748,-0.06311285,-2.834773,0.5860358,0.08983612,2.5,0.05377281,0,0,8.74228E-08,1,0,0,0,2.5,0.05377281,0,0,0,1,0,0,0,0.05377281
1730306174950,-13.08422,1.61396,-0.08852768,-0.9941796,0.08731748,-0.06311285,0,0,0,2.5,0.05377281,0,0,8.74228E-08,1,0,0,0,2.5,0.05377281,0,0,0,1,0,0,0,0.05377281
1730306174971,-13.12046,1.616153,-0.08746624,-0.9918998,0.1115395,-0.06077874,-2.718258,0.1644552,0.07960796,2.5,0.05377281,0,0,8.74228E-08,1,0,0,0,2.5,0.05377281,0,0,0,1,0,0,0,0.05377281
1730306174978,-13.12046,1.616153,-0.08746624,-0.9918998,0.1115395,-0.06077874,0,0,0,2.5,0.05377281,0,0,8.74228E-08,1,0,0,0,2.5,0.05377281,0,0,0,1,0,0,0,0.05377281
1730306174999,-13.15709,1.62137,-0.0870657,-0.9933973,0.1006378,-0.05508757,-2.747226,0.3912628,0.03004074,2.5,0.05377281,0,0,8.74228E-08,1,0,0,0,2.5,0.05377281,0,0,0,1,0,0,0,0.05377281
1730306175006,-13.15709,1.62137,-0.0870657,-0.9933973,0.1006378,-0.05508757,0,0,0,2.5,0.05377281,0,0,8.74228E-08,1,0,0,0,2.5,0.05377281,0,0,0,1,0,0,0,0.05377281
1730306175027,-13.1936,1.627505,-0.08781338,-0.9948363,0.08701775,-0.05223823,-2.737856,0.4601598,-0.05607605,2.5,0.05377281,0,0,8.74228E-08,1,0,0,0,2.5,0.05377281,0,0,0,1,0,0,0,0.05377281
1730306175034,-13.1936,1.627505,-0.08781338,-0.9948363,0.08701775,-0.05223823,0,0,0,2.5,0.05377281,0,0,8.74228E-08,1,0,0,0,2.5,0.05377281,0,0,0,1,0,0,0,0.05377281
1730306175055,-13.22987,1.632004,-0.08923817,-0.9961361,0.0712822,-0.05130744,-2.720618,0.3374398,-0.1068592,2.5,0.05377281,0,0,8.74228E-08,1,0,0,0,2.5,0.05377281,0,0,0,1,0,0,0,0.05377281
1730306175062,-13.22987,1.632004,-0.08923817,-0.9961361,0.0712822,-0.05130744,0,0,0,2.5,0.05377281,0,0,8.74228E-08,1,0,0,0,2.5,0.05377281,0,0,0,1,0,0,0,0.05377281
1730306175083,-13.26682,1.637688,-0.09109211,-0.9971581,0.05665759,-0.04966104,-2.771401,0.4262656,-0.1390457,2.5,0.05377281,0,0,8.74228E-08,1,0,0,0,2.5,0.05377281,0,0,0,1,0,0,0,0.05377281
1730306175090,-13.26682,1.637688,-0.09109211,-0.9971581,0.05665759,-0.04966104,0,0,0,2.5,0.05377281,0,0,8.74228E-08,1,0,0,0,2.5,0.05377281,0,0,0,1,0,0,0,0.05377281
1730306175111,-13.30299,1.641983,-0.09322453,-0.9976269,0.0512247,-0.04601181,-2.71275,0.3221244,-0.1599312,2.5,0.05377281,0,0,8.74228E-08,1,0,0,0,2.5,0.05377281,0,0,0,1,0,0,0,0.05377281
1730306175118,-13.30299,1.641983,-0.09322453,-0.9976269,0.0512247,-0.04601181,0,0,0,2.5,0.05377281,0,0,8.74228E-08,1,0,0,0,2.5,0.05377281,0,0,0,1,0,0,0,0.05377281
1730306175139,-13.3376,1.643033,-0.09468651,-0.9977641,0.04606166,-0.04842925,-2.595592,0.07873178,-0.1096487,2.5,0.05377281,0,0,8.74228E-08,1,0,0,0,2.5,0.05377281,0,0,0,1,0,0,0,0.05377281
1730306175145,-13.3376,1.643033,-0.09468651,-0.9977641,0.04606166,-0.04842925,0,0,0,2.5,0.05377281,0,0,8.74228E-08,1,0,0,0,2.5,0.05377281,0,0,0,1,0,0,0,0.05377281
1730306175167,-13.37182,1.642326,-0.09603691,-0.9976181,0.04031778,-0.05597401,-2.566481,-0.05303621,-0.1012802,2.5,0.05377281,0,0,8.74228E-08,1,0,0,0,2.5,0.05377281,0,0,0,1,0,0,0,0.05377281
1730306175174,-13.37182,1.642326,-0.09603691,-0.9976181,0.04031778,-0.05597401,0,0,0,2.5,0.05377281,0,0,8.74228E-08,1,0,0,0,2.5,0.05377281,0,0,0,1,0,0,0,0.05377281
1730306175195,-13.40638,1.640445,-0.09786987,-0.9972818,0.03962152,-0.0621227,-2.591801,-0.1410216,-0.1374722,2.5,0.05377281,0,0,8.74228E-08,1,0,0,0,2.5,0.05377281,0,0,0,1,0,0,0,0.05377281
1730306175202,-13.40638,1.640445,-0.09786987,-0.9972818,0.03962152,-0.0621227,0,0,0,2.5,0.05377281,0,0,8.74228E-08,1,0,0,0,2.5,0.05377281,0,0,0,1,0,0,0,0.05377281
1730306175209,-13.40638,1.640445,-0.09786987,-0.9972818,0.03962152,-0.0621227,0,0,0,2.5,0.05377281,0,0,8.74228E-08,1,0,0,0,2.5,0.05377281,0,0,0,1,0,0,0,0.05377281
1730306175223,-13.4418,1.635291,-0.09851074,-0.9967582,0.04054522,-0.06949592,-2.656674,-0.38656,-0.04806519,2.5,0.05377281,0,0,8.74228E-08,1,0,0,0,2.5,0.05377281,0,0,0,1,0,0,0,0.05377281
1730306175229,-13.4418,1.635291,-0.09851074,-0.9967582,0.04054522,-0.06949592,0,0,0,2.5,0.05377281,0,0,8.74228E-08,1,0,0,0,2.5,0.05377281,0,0,0,1,0,0,0,0.05377281
1730306175251,-13.47605,1.630102,-0.1001797,-0.9965585,0.03685381,-0.07425129,-2.568555,-0.3891796,-0.1251698,2.5,0.05377281,0,0,8.74228E-08,1,0,0,0,2.5,0.05377281,0,0,0,1,0,0,0,0.05377281
1730306175257,-13.47605,1.630102,-0.1001797,-0.9965585,0.03685381,-0.07425129,0,0,0,2.5,0.05377281,0,0,8.74228E-08,1,0,0,0,2.5,0.05377281,0,0,0,1,0,0,0,0.05377281
1730306175290,-13.51015,1.623022,-0.1019554,-0.9965524,0.03425829,-0.07556593,-2.557755,-0.530979,-0.1331806,2.5,0.05377281,0,0,8.74228E-08,1,0,0,0,2.5,0.05377281,0,0,0,1,0,0,0,0.05377281
1730306175297,-13.51015,1.623022,-0.1019554,-0.9965524,0.03425829,-0.07556593,0,0,0,2.5,0.05377281,0,0,8.74228E-08,1,0,0,0,2.5,0.05377281,0,0,0,1,0,0,0,0.05377281
1730306175318,-13.56216,1.609742,-0.1046238,-0.9964635,0.04074113,-0.07349241,-3.900433,-0.9959936,-0.2001286,2.5,0.05377281,0,0,8.74228E-08,1,0,0,0,2.5,0.05377281,0,0,0,1,0,0,0,0.05377281
1730306175324,-13.56216,1.609742,-0.1046238,-0.9964635,0.04074113,-0.07349241,0,0,0,2.5,0.05377281,0,0,8.74228E-08,1,0,0,0,2.5,0.05377281,0,0,0,1,0,0,0,0.05377281
1730306175331,-13.56216,1.609742,-0.1046238,-0.9964635,0.04074113,-0.07349241,0,0,0,2.5,0.05377281,0,0,8.74228E-08,1,0,0,0,2.5,0.05377281,0,0,0,1,0,0,0,0.05377281
1730306175346,-13.59762,1.600277,-0.1070261,-0.9965072,0.04020019,-0.07319677,-2.659607,-0.7098824,-0.1801729,2.5,0.05377281,0,0,8.74228E-08,1,0,0,0,2.5,0.05377281,0,0,0,1,0,0,0,0.05377281
1730306175353,-13.59762,1.600277,-0.1070261,-0.9965072,0.04020019,-0.07319677,0,0,0,2.5,0.05377281,0,0,8.74228E-08,1,0,0,0,2.5,0.05377281,0,0,0,1,0,0,0,0.05377281
1730306175374,-13.63359,1.59252,-0.1093559,-0.9966245,0.03594524,-0.07380891,-2.697945,-0.5818069,-0.174737,2.5,0.05377281,0,0,8.74228E-08,1,0,0,0,2.5,0.05377281,0,0,0,1,0,0,0,0.05377281
1730306175381,-13.63359,1.59252,-0.1093559,-0.9966245,0.03594524,-0.07380891,0,0,0,2.5,0.05377281,0,0,8.74228E-08,1,0,0,0,2.5,0.05377281,0,0,0,1,0,0,0,0.05377281
1730306175401,-13.67037,1.586964,-0.112484,-0.9968429,0.02954486,-0.07370007,-2.758455,-0.416708,-0.2346039,2.5,0.05377281,0,0,8.74228E-08,1,0,0,0,2.5,0.05377281,0,0,0,1,0,0,0,0.05377281
1730306175408,-13.67037,1.586964,-0.112484,-0.9968429,0.02954486,-0.07370007,0,0,0,2.5,0.05377281,0,0,8.74228E-08,1,0,0,0,2.5,0.05377281,0,0,0,1,0,0,0,0.05377281
1730306175430,-13.70711,1.582527,-0.1162167,-0.9967875,0.03109661,-0.07381117,-2.755308,-0.3327727,-0.2799511,2.5,0.05377281,0,0,8.74228E-08,1,0,0,0,2.5,0.05377281,0,0,0,1,0,0,0,0.05377281
1730306175436,-13.70711,1.582527,-0.1162167,-0.9967875,0.03109661,-0.07381117,0,0,0,2.5,0.05377281,0,0,8.74228E-08,1,0,0,0,2.5,0.05377281,0,0,0,1,0,0,0,0.05377281
1730306175458,-13.7443,1.585693,-0.1199303,-0.9970403,0.008873768,-0.07637012,-2.789354,0.2374649,-0.2785206,2.5,0.05377281,0,0,8.74228E-08,1,0,0,0,2.5,0.05377281,0,0,0,1,0,0,0,0.05377281
1730306175464,-13.7443,1.585693,-0.1199303,-0.9970403,0.008873768,-0.07637012,0,0,0,2.5,0.05377281,0,0,8.74228E-08,1,0,0,0,2.5,0.05377281,0,0,0,1,0,0,0,0.05377281
1730306175486,-13.78167,1.589316,-0.1244373,-0.9957851,0.04458877,-0.08014929,-2.802801,0.2717167,-0.3380299,2.5,0.05377281,0,0,8.74228E-08,1,0,0,0,2.5,0.05377281,0,0,0,1,0,0,0,0.05377281
1730306175492,-13.78167,1.589316,-0.1244373,-0.9957851,0.04458877,-0.08014929,0,0,0,2.5,0.05377281,0,0,8.74228E-08,1,0,0,0,2.5,0.05377281,0,0,0,1,0,0,0,0.05377281
1730306175514,-13.81917,1.597671,-0.1282291,-0.993608,0.07154389,-0.08732188,-2.812099,0.6266445,-0.2843857,2.5,0.05377281,0,0,8.74228E-08,1,0,0,0,2.5,0.05377281,0,0,0,1,0,0,0,0.05377281
1730306175521,-13.81917,1.597671,-0.1282291,-0.993608,0.07154389,-0.08732188,0,0,0,2.5,0.05377281,0,0,8.74228E-08,1,0,0,0,2.5,0.05377281,0,0,0,1,0,0,0,0.05377281
1730306175542,-13.85425,1.600646,-0.1292439,-0.9908372,0.09288348,-0.09805453,-2.631283,0.2230883,-0.07610321,2.5,0.05377281,0,0,8.74228E-08,1,0,0,0,2.5,0.05377281,0,0,0,1,0,0,0,0.05377281
1730306175548,-13.85425,1.600646,-0.1292439,-0.9908372,0.09288348,-0.09805453,0,0,0,2.5,0.05377281,0,0,8.74228E-08,1,0,0,0,2.5,0.05377281,0,0,0,1,0,0,0,0.05377281
1730306175570,-13.89068,1.607164,-0.1299725,-0.990958,0.08757292,-0.1016555,-2.731991,0.4888594,-0.05464554,2.5,0.05377281,0,0,8.74228E-08,1,0,0,0,2.5,0.05377281,0,0,0,1,0,0,0,0.05377281
1730306175576,-13.89068,1.607164,-0.1299725,-0.990958,0.08757292,-0.1016555,0,0,0,2.5,0.05377281,0,0,8.74228E-08,1,0,0,0,2.5,0.05377281,0,0,0,1,0,0,0,0.05377281
1730306175582,-13.89068,1.607164,-0.1299725,-0.990958,0.08757292,-0.1016555,0,0,0,2.5,0.05377281,0,0,8.74228E-08,1,0,0,0,2.5,0.05377281,0,0,0,1,0,0,0,0.05377281
1730306175598,-13.92706,1.614235,-0.1301842,-0.9918591,0.08452667,-0.09524274,-2.728558,0.5303621,-0.01587868,2.5,0.05377281,0,0,8.74228E-08,1,0,0,0,2.5,0.05377281,0,0,0,1,0,0,0,0.05377281
1730306175604,-13.92706,1.614235,-0.1301842,-0.9918591,0.08452667,-0.09524274,0,0,0,2.5,0.05377281,0,0,8.74228E-08,1,0,0,0,2.5,0.05377281,0,0,0,1,0,0,0,0.05377281
1730306175626,-13.96292,1.620104,-0.1300774,-0.9928737,0.0753641,-0.09231734,-2.689648,0.4401684,0.008010864,2.5,0.05377281,0,0,8.74228E-08,1,0,0,0,2.5,0.05377281,0,0,0,1,0,0,0,0.05377281
1730306175632,-13.96292,1.620104,-0.1300774,-0.9928737,0.0753641,-0.09231734,0,0,0,2.5,0.05377281,0,0,8.74228E-08,1,0,0,0,2.5,0.05377281,0,0,0,1,0,0,0,0.05377281
1730306175652,-13.99883,1.625896,-0.130146,-0.9941044,0.06243297,-0.08864903,-2.693081,0.4344016,-0.005149841,2.5,0.05377281,0,0,8.74228E-08,1,0,0,0,2.5,0.05377281,0,0,0,1,0,0,0,0.05377281
1730306175658,-13.99883,1.625896,-0.130146,-0.9941044,0.06243297,-0.08864903,0,0,0,2.5,0.05377281,0,0,8.74228E-08,1,0,0,0,2.5,0.05377281,0,0,0,1,0,0,0,0.05377281
1730306175680,-14.03368,1.630389,-0.1299019,-0.9952173,0.05411723,-0.08132827,-2.614117,0.336948,0.01831055,2.5,0.05377281,0,0,8.74228E-08,1,0,0,0,2.5,0.05377281,0,0,0,1,0,0,0,0.05377281
1730306175685,-14.03368,1.630389,-0.1299019,-0.9952173,0.05411723,-0.08132827,0,0,0,2.5,0.05377281,0,0,8.74228E-08,1,0,0,0,2.5,0.05377281,0,0,0,1,0,0,0,0.05377281
1730306175709,-14.06804,1.632355,-0.1299362,-0.9963318,0.04956873,-0.06975675,-2.577066,0.1474857,-0.002574921,2.5,0.05377281,0,0,8.74228E-08,1,0,0,0,2.5,0.05377281,0,0,0,1,0,0,0,0.05377281
1730306175714,-14.06804,1.632355,-0.1299362,-0.9963318,0.04956873,-0.06975675,0,0,0,2.5,0.05377281,0,0,8.74228E-08,1,0,0,0,2.5,0.05377281,0,0,0,1,0,0,0,0.05377281
1730306175737,-14.10248,1.632571,-0.1291199,-0.997048,0.04785423,-0.06004882,-2.582502,0.01616478,0.06122589,2.5,0.05377281,0,0,8.74228E-08,1,0,0,0,2.5,0.05377281,0,0,0,1,0,0,0,0.05377281
1730306175743,-14.10248,1.632571,-0.1291199,-0.997048,0.04785423,-0.06004882,0,0,0,2.5,0.05377281,0,0,8.74228E-08,1,0,0,0,2.5,0.05377281,0,0,0,1,0,0,0,0.05377281
1730306175765,-14.13683,1.630726,-0.1281719,-0.9973685,0.05153904,-0.05099082,-2.57678,-0.1383841,0.07109642,2.5,0.05377281,0,0,8.74228E-08,1,0,0,0,2.5,0.05377281,0,0,0,1,0,0,0,0.05377281
1730306175772,-14.13683,1.630726,-0.1281719,-0.9973685,0.05153904,-0.05099082,0,0,0,2.5,0.05377281,0,0,8.74228E-08,1,0,0,0,2.5,0.05377281,0,0,0,1,0,0,0,0.05377281
1730306175793,-14.1711,1.626991,-0.128891,-0.9979534,0.04871849,-0.04142189,-2.569771,-0.2800763,-0.05393028,2.5,0.05377281,0,0,8.74228E-08,1,0,0,0,2.5,0.05377281,0,0,0,1,0,0,0,0.05377281
1730306175799,-14.1711,1.626991,-0.128891,-0.9979534,0.04871849,-0.04142189,0,0,0,2.5,0.05377281,0,0,8.74228E-08,1,0,0,0,2.5,0.05377281,0,0,0,1,0,0,0,0.05377281
1730306175821,-14.20485,1.62112,-0.1291809,-0.9985966,0.04175062,-0.0325911,-2.531862,-0.440383,-0.02174377,2.5,0.05377281,0,0,8.74228E-08,1,0,0,0,2.5,0.05377281,0,0,0,1,0,0,0,0.05377281
1730306175827,-14.20485,1.62112,-0.1291809,-0.9985966,0.04175062,-0.0325911,0,0,0,2.5,0.05377281,0,0,8.74228E-08,1,0,0,0,2.5,0.05377281,0,0,0,1,0,0,0,0.05377281
1730306175849,-14.23969,1.614156,-0.1299877,-0.9989541,0.03653461,-0.02749825,-2.612257,-0.5222619,-0.06051064,2.5,0.05377281,0,0,8.74228E-08,1,0,0,0,2.5,0.05377281,0,0,0,1,0,0,0,0.05377281
1730306175855,-14.23969,1.614156,-0.1299877,-0.9989541,0.03653461,-0.02749825,0,0,0,2.5,0.05377281,0,0,8.74228E-08,1,0,0,0,2.5,0.05377281,0,0,0,1,0,0,0,0.05377281
1730306175877,-14.27483,1.605793,-0.1304455,-0.9987483,0.0416657,-0.02768362,-2.635574,-0.6272525,-0.03433228,2.5,0.05377281,0,0,8.74228E-08,1,0,0,0,2.5,0.05377281,0,0,0,1,0,0,0,0.05377281
1730306175885,-14.27483,1.605793,-0.1304455,-0.9987483,0.0416657,-0.02768362,0,0,0,2.5,0.05377281,0,0,8.74228E-08,1,0,0,0,2.5,0.05377281,0,0,0,1,0,0,0,0.05377281
1730306175890,-14.27483,1.605793,-0.1304455,-0.9987483,0.0416657,-0.02768362,0,0,0,2.5,0.05377281,0,0,8.74228E-08,1,0,0,0,2.5,0.05377281,0,0,0,1,0,0,0,0.05377281
1730306175906,-14.31049,1.597342,-0.1303673,-0.9986408,0.04216609,-0.03064132,-2.674627,-0.633797,0.005865097,2.5,0.05377281,0,0,8.74228E-08,1,0,0,0,2.5,0.05377281,0,0,0,1,0,0,0,0.05377281
1730306175911,-14.31049,1.597342,-0.1303673,-0.9986408,0.04216609,-0.03064132,0,0,0,2.5,0.05377281,0,0,8.74228E-08,1,0,0,0,2.5,0.05377281,0,0,0,1,0,0,0,0.05377281
1730306175933,-14.34649,1.58964,-0.1306019,-0.9986207,0.03867717,-0.03551745,-2.70052,-0.5776584,-0.01759529,2.5,0.05377281,0,0,8.74228E-08,1,0,0,0,2.5,0.05377281,0,0,0,1,0,0,0,0.05377281
1730306175939,-14.34649,1.58964,-0.1306019,-0.9986207,0.03867717,-0.03551745,0,0,0,2.5,0.05377281,0,0,8.74228E-08,1,0,0,0,2.5,0.05377281,0,0,0,1,0,0,0,0.05377281
1730306175959,-14.38257,1.582983,-0.1306381,-0.9985455,0.03508233,-0.04094875,-2.705669,-0.4992664,-0.002717972,2.5,0.05377281,0,0,8.74228E-08,1,0,0,0,2.5,0.05377281,0,0,0,1,0,0,0,0.05377281
1730306175965,-14.38257,1.582983,-0.1306381,-0.9985455,0.03508233,-0.04094875,0,0,0,2.5,0.05377281,0,0,8.74228E-08,1,0,0,0,2.5,0.05377281,0,0,0,1,0,0,0,0.05377281
1730306175987,-14.4193,1.578187,-0.1297207,-0.9984077,0.0333992,-0.0454632,-2.754736,-0.3597289,0.0688076,2.5,0.05377281,0,0,8.74228E-08,1,0,0,0,2.5,0.05377281,0,0,0,1,0,0,0,0.05377281
1730306175994,-14.4193,1.578187,-0.1297207,-0.9984077,0.0333992,-0.0454632,0,0,0,2.5,0.05377281,0,0,8.74228E-08,1,0,0,0,2.5,0.05377281,0,0,0,1,0,0,0,0.05377281
1730306176016,-14.45547,1.575315,-0.1290646,-0.9982429,0.0347499,-0.04799891,-2.712679,-0.2154082,0.04920959,2.5,0.05377281,0,0,8.74228E-08,1,0,0,0,2.5,0.05377281,0,0,0,1,0,0,0,0.05377281
1730306176021,-14.45547,1.575315,-0.1290646,-0.9982429,0.0347499,-0.04799891,0,0,0,2.5,0.05377281,0,0,8.74228E-08,1,0,0,0,2.5,0.05377281,0,0,0,1,0,0,0,0.05377281
1730306176043,-14.49262,1.582562,-0.1275558,-0.9983423,0.01995733,-0.05398893,-2.786207,0.5435497,0.1131535,2.5,0.05377281,0,0,8.74228E-08,1,0,0,0,2.5,0.05377281,0,0,0,1,0,0,0,0.05377281
1730306176050,-14.49262,1.582562,-0.1275558,-0.9983423,0.01995733,-0.05398893,0,0,0,2.5,0.05377281,0,0,8.74228E-08,1,0,0,0,2.5,0.05377281,0,0,0,1,0,0,0,0.05377281
1730306176072,-14.52881,1.588651,-0.125515,-0.9959701,0.06542547,-0.06134784,-2.714252,0.4566461,0.1530647,2.5,0.05377281,0,0,8.74228E-08,1,0,0,0,2.5,0.05377281,0,0,0,1,0,0,0,0.05377281
1730306176077,-14.52881,1.588651,-0.125515,-0.9959701,0.06542547,-0.06134784,0,0,0,2.5,0.05377281,0,0,8.74228E-08,1,0,0,0,2.5,0.05377281,0,0,0,1,0,0,0,0.05377281
1730306176100,-14.56414,1.593434,-0.1235924,-0.9914088,0.1134868,-0.06503665,-2.649879,0.3587902,0.1441956,2.5,0.05377281,0,0,8.74228E-08,1,0,0,0,2.5,0.05377281,0,0,0,1,0,0,0,0.05377281
1730306176106,-14.56414,1.593434,-0.1235924,-0.9914088,0.1134868,-0.06503665,0,0,0,2.5,0.05377281,0,0,8.74228E-08,1,0,0,0,2.5,0.05377281,0,0,0,1,0,0,0,0.05377281
1730306176127,-14.59997,1.596435,-0.1218166,-0.9906648,0.1212176,-0.06236863,-2.68693,0.2250463,0.1331806,2.5,0.05377281,0,0,8.74228E-08,1,0,0,0,2.5,0.05377281,0,0,0,1,0,0,0,0.05377281
1730306176133,-14.59997,1.596435,-0.1218166,-0.9906648,0.1212176,-0.06236863,0,0,0,2.5,0.05377281,0,0,8.74228E-08,1,0,0,0,2.5,0.05377281,0,0,0,1,0,0,0,0.05377281
1730306176155,-14.63582,1.602469,-0.1133957,-0.9917124,0.1130394,-0.06106675,-2.689362,0.4525602,0.6315708,2.5,0.05377281,0,0,8.74228E-08,1,0,0,0,2.5,0.05377281,0,0,0,1,0,0,0,0.05377281
1730306176161,-14.63582,1.602469,-0.1133957,-0.9917124,0.1130394,-0.06106675,0,0,0,2.5,0.05377281,0,0,8.74228E-08,1,0,0,0,2.5,0.05377281,0,0,0,1,0,0,0,0.05377281
1730306176183,-14.67149,1.607759,-0.1138058,-0.9930061,0.1023555,-0.05884612,-2.67477,0.3967613,-0.030756,2.5,0.05377281,0,0,8.74228E-08,1,0,0,0,2.5,0.05377281,0,0,0,1,0,0,0,0.05377281
1730306176189,-14.67149,1.607759,-0.1138058,-0.9930061,0.1023555,-0.05884612,0,0,0,2.5,0.05377281,0,0,8.74228E-08,1,0,0,0,2.5,0.05377281,0,0,0,1,0,0,0,0.05377281
1730306176194,-14.67149,1.607759,-0.1138058,-0.9930061,0.1023555,-0.05884612,0,0,0,2.5,0.05377281,0,0,8.74228E-08,1,0,0,0,2.5,0.05377281,0,0,0,1,0,0,0,0.05377281
1730306176211,-14.706,1.612885,-0.1129341,-0.9950168,0.08251109,-0.0559814,-2.588224,0.38445,0.06537437,2.5,0.05377281,0,0,8.74228E-08,1,0,0,0,2.5,0.05377281,0,0,0,1,0,0,0,0.05377281
1730306176216,-14.706,1.612885,-0.1129341,-0.9950168,0.08251109,-0.0559814,0,0,0,2.5,0.05377281,0,0,8.74228E-08,1,0,0,0,2.5,0.05377281,0,0,0,1,0,0,0,0.05377281
1730306176239,-14.74063,1.618235,-0.114357,-0.9961787,0.06906014,-0.05347061,-2.597094,0.4012406,-0.1067162,2.5,0.05377281,0,0,8.74228E-08,1,0,0,0,2.5,0.05377281,0,0,0,1,0,0,0,0.05377281
1730306176244,-14.74063,1.618235,-0.114357,-0.9961787,0.06906014,-0.05347061,0,0,0,2.5,0.05377281,0,0,8.74228E-08,1,0,0,0,2.5,0.05377281,0,0,0,1,0,0,0,0.05377281
1730306176264,-14.77437,1.621423,-0.1169395,-0.9966726,0.06117486,-0.05386543,-2.530575,0.2390742,-0.1936913,2.5,0.05377281,0,0,8.74228E-08,1,0,0,0,2.5,0.05377281,0,0,0,1,0,0,0,0.05377281
1730306176270,-14.77437,1.621423,-0.1169395,-0.9966726,0.06117486,-0.05386543,0,0,0,2.5,0.05377281,0,0,8.74228E-08,1,0,0,0,2.5,0.05377281,0,0,0,1,0,0,0,0.05377281
1730306176291,-14.80744,1.622921,-0.118927,-0.9966345,0.05794974,-0.05798042,-2.480507,0.1123309,-0.1490593,2.5,0.05377281,0,0,8.74228E-08,1,0,0,0,2.5,0.05377281,0,0,0,1,0,0,0,0.05377281
1730306176297,-14.80744,1.622921,-0.118927,-0.9966345,0.05794974,-0.05798042,0,0,0,2.5,0.05377281,0,0,8.74228E-08,1,0,0,0,2.5,0.05377281,0,0,0,1,0,0,0,0.05377281
1730306176320,-14.84064,1.623192,-0.1214085,-0.9959317,0.0648871,-0.06253064,-2.490377,0.02036691,-0.1861095,2.5,0.05377281,0,0,8.74228E-08,1,0,0,0,2.5,0.05377281,0,0,0,1,0,0,0,0.05377281
1730306176326,-14.84064,1.623192,-0.1214085,-0.9959317,0.0648871,-0.06253064,0,0,0,2.5,0.05377281,0,0,8.74228E-08,1,0,0,0,2.5,0.05377281,0,0,0,1,0,0,0,0.05377281
1730306176348,-14.8734,1.621039,-0.1240005,-0.9947863,0.07629424,-0.06767344,-2.456474,-0.161469,-0.1944065,2.5,0.05377281,0,0,8.74228E-08,1,0,0,0,2.5,0.05377281,0,0,0,1,0,0,0,0.05377281
1730306176354,-14.8734,1.621039,-0.1240005,-0.9947863,0.07629424,-0.06767344,0,0,0,2.5,0.05377281,0,0,8.74228E-08,1,0,0,0,2.5,0.05377281,0,0,0,1,0,0,0,0.05377281
1730306176376,-14.90661,1.616864,-0.1261673,-0.9941556,0.07986994,-0.07263494,-2.490664,-0.3131211,-0.1625061,2.5,0.05377281,0,0,8.74228E-08,1,0,0,0,2.5,0.05377281,0,0,0,1,0,0,0,0.05377281
1730306176382,-14.90661,1.616864,-0.1261673,-0.9941556,0.07986994,-0.07263494,0,0,0,2.5,0.05377281,0,0,8.74228E-08,1,0,0,0,2.5,0.05377281,0,0,0,1,0,0,0,0.05377281
1730306176404,-14.94019,1.610792,-0.1284065,-0.9941109,0.07873844,-0.07446086,-2.518845,-0.4554391,-0.167942,2.5,0.05377281,0,0,8.74228E-08,1,0,0,0,2.5,0.05377281,0,0,0,1,0,0,0,0.05377281
1730306176411,-14.94019,1.610792,-0.1284065,-0.9941109,0.07873844,-0.07446086,0,0,0,2.5,0.05377281,0,0,8.74228E-08,1,0,0,0,2.5,0.05377281,0,0,0,1,0,0,0,0.05377281
1730306176432,-14.97412,1.603067,-0.1305771,-0.9945746,0.07544201,-0.07162666,-2.544451,-0.579384,-0.1627922,2.5,0.05377281,0,0,8.74228E-08,1,0,0,0,2.5,0.05377281,0,0,0,1,0,0,0,0.05377281
1730306176438,-14.97412,1.603067,-0.1305771,-0.9945746,0.07544201,-0.07162666,0,0,0,2.5,0.05377281,0,0,8.74228E-08,1,0,0,0,2.5,0.05377281,0,0,0,1,0,0,0,0.05377281
1730306176459,-15.00826,1.594484,-0.1321716,-0.9947946,0.07752992,-0.06612992,-2.560472,-0.6436855,-0.1195908,2.5,0.05377281,0,0,8.74228E-08,1,0,0,0,2.5,0.05377281,0,0,0,1,0,0,0,0.05377281
1730306176466,-15.00826,1.594484,-0.1321716,-0.9947946,0.07752992,-0.06612992,0,0,0,2.5,0.05377281,0,0,8.74228E-08,1,0,0,0,2.5,0.05377281,0,0,0,1,0,0,0,0.05377281
1730306176487,-15.04266,1.5857,-0.1344986,-0.9950293,0.07943824,-0.06005549,-2.580357,-0.6587952,-0.1745224,2.5,0.05377281,0,0,8.74228E-08,1,0,0,0,2.5,0.05377281,0,0,0,1,0,0,0,0.05377281
1730306176493,-15.04266,1.5857,-0.1344986,-0.9950293,0.07943824,-0.06005549,0,0,0,2.5,0.05377281,0,0,8.74228E-08,1,0,0,0,2.5,0.05377281,0,0,0,1,0,0,0,0.05377281
1730306176500,-15.04266,1.5857,-0.1344986,-0.9950293,0.07943824,-0.06005549,0,0,0,2.5,0.05377281,0,0,8.74228E-08,1,0,0,0,2.5,0.05377281,0,0,0,1,0,0,0,0.05377281
1730306176515,-15.07799,1.578893,-0.1367016,-0.9953973,0.07879311,-0.05455732,-2.64945,-0.5105585,-0.1652241,2.5,0.05377281,0,0,8.74228E-08,1,0,0,0,2.5,0.05377281,0,0,0,1,0,0,0,0.05377281
1730306176521,-15.07799,1.578893,-0.1367016,-0.9953973,0.07879311,-0.05455732,0,0,0,2.5,0.05377281,0,0,8.74228E-08,1,0,0,0,2.5,0.05377281,0,0,0,1,0,0,0,0.05377281
1730306176543,-15.1142,1.573274,-0.1398525,-0.9956747,0.07891065,-0.04904473,-2.715683,-0.4214376,-0.2363205,2.5,0.05377281,0,0,8.74228E-08,1,0,0,0,2.5,0.05377281,0,0,0,1,0,0,0,0.05377281
1730306176549,-15.1142,1.573274,-0.1398525,-0.9956747,0.07891065,-0.04904473,0,0,0,2.5,0.05377281,0,0,8.74228E-08,1,0,0,0,2.5,0.05377281,0,0,0,1,0,0,0,0.05377281
1730306176569,-15.15048,1.568595,-0.1431637,-0.9959851,0.07827041,-0.04345012,-2.721405,-0.3509045,-0.2483368,2.5,0.05377281,0,0,8.74228E-08,1,0,0,0,2.5,0.05377281,0,0,0,1,0,0,0,0.05377281
1730306176575,-15.15048,1.568595,-0.1431637,-0.9959851,0.07827041,-0.04345012,0,0,0,2.5,0.05377281,0,0,8.74228E-08,1,0,0,0,2.5,0.05377281,0,0,0,1,0,0,0,0.05377281
1730306176596,-15.18603,1.565478,-0.1467152,-0.9970455,0.06698315,-0.03760397,-2.66633,-0.2337366,-0.2663612,2.5,0.05377281,0,0,8.74228E-08,1,0,0,0,2.5,0.05377281,0,0,0,1,0,0,0,0.05377281
1730306176602,-15.18603,1.565478,-0.1467152,-0.9970455,0.06698315,-0.03760397,0,0,0,2.5,0.05377281,0,0,8.74228E-08,1,0,0,0,2.5,0.05377281,0,0,0,1,0,0,0,0.05377281
1730306176624,-15.2226,1.572226,-0.1506653,-0.99753,0.06320089,-0.03065765,-2.742863,0.5060345,-0.2962589,2.5,0.05377281,0,0,8.74228E-08,1,0,0,0,2.5,0.05377281,0,0,0,1,0,0,0,0.05377281
1730306176631,-15.2226,1.572226,-0.1506653,-0.99753,0.06320089,-0.03065765,0,0,0,2.5,0.05377281,0,0,8.74228E-08,1,0,0,0,2.5,0.05377281,0,0,0,1,0,0,0,0.05377281
1730306176653,-15.25918,1.580167,-0.1544495,-0.9954703,0.0916003,-0.0254693,-2.743006,0.5956203,-0.2838135,2.5,0.05377281,0,0,8.74228E-08,1,0,0,0,2.5,0.05377281,0,0,0,1,0,0,0,0.05377281
1730306176659,-15.25918,1.580167,-0.1544495,-0.9954703,0.0916003,-0.0254693,0,0,0,2.5,0.05377281,0,0,8.74228E-08,1,0,0,0,2.5,0.05377281,0,0,0,1,0,0,0,0.05377281
1730306176681,-15.29461,1.585491,-0.1576347,-0.9908548,0.1325896,-0.02505231,-2.657461,0.3993094,-0.2388954,2.5,0.05377281,0,0,8.74228E-08,1,0,0,0,2.5,0.05377281,0,0,0,1,0,0,0,0.05377281
1730306176687,-15.29461,1.585491,-0.1576347,-0.9908548,0.1325896,-0.02505231,0,0,0,2.5,0.05377281,0,0,8.74228E-08,1,0,0,0,2.5,0.05377281,0,0,0,1,0,0,0,0.05377281
1730306176709,-15.3301,1.591009,-0.1599979,-0.9892748,0.143707,-0.02614999,-2.661324,0.413838,-0.1772404,2.5,0.05377281,0,0,8.74228E-08,1,0,0,0,2.5,0.05377281,0,0,0,1,0,0,0,0.05377281
1730306176715,-15.3301,1.591009,-0.1599979,-0.9892748,0.143707,-0.02614999,0,0,0,2.5,0.05377281,0,0,8.74228E-08,1,0,0,0,2.5,0.05377281,0,0,0,1,0,0,0,0.05377281
1730306176737,-15.36588,1.598282,-0.1606121,-0.9891911,0.1454418,-0.01865602,-2.684212,0.5454451,-0.04606247,2.5,0.05377281,0,0,8.74228E-08,1,0,0,0,2.5,0.05377281,0,0,0,1,0,0,0,0.05377281
1730306176743,-15.36588,1.598282,-0.1606121,-0.9891911,0.1454418,-0.01865602,0,0,0,2.5,0.05377281,0,0,8.74228E-08,1,0,0,0,2.5,0.05377281,0,0,0,1,0,0,0,0.05377281
1730306176765,-15.40146,1.605309,-0.1607342,-0.988633,0.1499373,-0.01114118,-2.667904,0.527063,-0.009155273,2.5,0.05377281,0,0,8.74228E-08,1,0,0,0,2.5,0.05377281,0,0,0,1,0,0,0,0.05377281
1730306176772,-15.40146,1.605309,-0.1607342,-0.988633,0.1499373,-0.01114118,0,0,0,2.5,0.05377281,0,0,8.74228E-08,1,0,0,0,2.5,0.05377281,0,0,0,1,0,0,0,0.05377281
1730306176793,-15.4366,1.611324,-0.1609268,-0.9890273,0.147717,-0.002200723,-2.63586,0.4511386,-0.01444817,2.5,0.05377281,0,0,8.74228E-08,1,0,0,0,2.5,0.05377281,0,0,0,1,0,0,0,0.05377281
1730306176799,-15.4366,1.611324,-0.1609268,-0.9890273,0.147717,-0.002200723,0,0,0,2.5,0.05377281,0,0,8.74228E-08,1,0,0,0,2.5,0.05377281,0,0,0,1,0,0,0,0.05377281
1730306176821,-15.47112,1.617173,-0.1614399,-0.9900374,0.1407327,0.004532039,-2.589226,0.4386485,-0.03848076,2.5,0.05377281,0,0,8.74228E-08,1,0,0,0,2.5,0.05377281,0,0,0,1,0,0,0,0.05377281
1730306176827,-15.47112,1.617173,-0.1614399,-0.9900374,0.1407327,0.004532039,0,0,0,2.5,0.05377281,0,0,8.74228E-08,1,0,0,0,2.5,0.05377281,0,0,0,1,0,0,0,0.05377281
1730306176849,-15.50525,1.620727,-0.1613979,-0.9914428,0.1302763,0.008345842,-2.559328,0.2665579,0.003147125,2.5,0.05377281,0,0,8.74228E-08,1,0,0,0,2.5,0.05377281,0,0,0,1,0,0,0,0.05377281
1730306176855,-15.50525,1.620727,-0.1613979,-0.9914428,0.1302763,0.008345842,0,0,0,2.5,0.05377281,0,0,8.74228E-08,1,0,0,0,2.5,0.05377281,0,0,0,1,0,0,0,0.05377281
1730306176860,-15.50525,1.620727,-0.1613979,-0.9914428,0.1302763,0.008345842,0,0,0,2.5,0.05377281,0,0,8.74228E-08,1,0,0,0,2.5,0.05377281,0,0,0,1,0,0,0,0.05377281
1730306176877,-15.53863,1.621561,-0.161459,-0.9928808,0.1185278,0.01179016,-2.503395,0.062567,-0.004577637,2.5,0.05377281,0,0,8.74228E-08,1,0,0,0,2.5,0.05377281,0,0,0,1,0,0,0,0.05377281
1730306176882,-15.53863,1.621561,-0.161459,-0.9928808,0.1185278,0.01179016,0,0,0,2.5,0.05377281,0,0,8.74228E-08,1,0,0,0,2.5,0.05377281,0,0,0,1,0,0,0,0.05377281
1730306176904,-15.57193,1.621731,-0.1615219,-0.9936804,0.111315,0.01444119,-2.497387,0.01273155,-0.004720688,2.5,0.05377281,0,0,8.74228E-08,1,0,0,0,2.5,0.05377281,0,0,0,1,0,0,0,0.05377281
1730306176910,-15.57193,1.621731,-0.1615219,-0.9936804,0.111315,0.01444119,0,0,0,2.5,0.05377281,0,0,8.74228E-08,1,0,0,0,2.5,0.05377281,0,0,0,1,0,0,0,0.05377281
1730306176930,-15.60532,1.620337,-0.1620884,-0.9932738,0.1143741,0.01805931,-2.504396,-0.1045704,-0.04248619,2.5,0.05377281,0,0,8.74228E-08,1,0,0,0,2.5,0.05377281,0,0,0,1,0,0,0,0.05377281
1730306176936,-15.60532,1.620337,-0.1620884,-0.9932738,0.1143741,0.01805931,0,0,0,2.5,0.05377281,0,0,8.74228E-08,1,0,0,0,2.5,0.05377281,0,0,0,1,0,0,0,0.05377281
1730306176959,-15.63853,1.617059,-0.1634922,-0.9928952,0.1169685,0.02186012,-2.491093,-0.2458513,-0.1052856,2.5,0.05377281,0,0,8.74228E-08,1,0,0,0,2.5,0.05377281,0,0,0,1,0,0,0,0.05377281
1730306176964,-15.63853,1.617059,-0.1634922,-0.9928952,0.1169685,0.02186012,0,0,0,2.5,0.05377281,0,0,8.74228E-08,1,0,0,0,2.5,0.05377281,0,0,0,1,0,0,0,0.05377281
1730306176987,-15.67196,1.612043,-0.1640625,-0.9926732,0.1185873,0.02318364,-2.507257,-0.3761709,-0.04277229,2.5,0.05377281,0,0,8.74228E-08,1,0,0,0,2.5,0.05377281,0,0,0,1,0,0,0,0.05377281
1730306176992,-15.67196,1.612043,-0.1640625,-0.9926732,0.1185873,0.02318364,0,0,0,2.5,0.05377281,0,0,8.74228E-08,1,0,0,0,2.5,0.05377281,0,0,0,1,0,0,0,0.05377281
1730306177015,-15.70512,1.605507,-0.1649246,-0.9924026,0.1212088,0.02112377,-2.486658,-0.4901826,-0.06465912,2.5,0.05377281,0,0,8.74228E-08,1,0,0,0,2.5,0.05377281,0,0,0,1,0,0,0,0.05377281
1730306177022,-15.70512,1.605507,-0.1649246,-0.9924026,0.1212088,0.02112377,0,0,0,2.5,0.05377281,0,0,8.74228E-08,1,0,0,0,2.5,0.05377281,0,0,0,1,0,0,0,0.05377281
1730306177043,-15.73902,1.596831,-0.1654568,-0.9913202,0.1304065,0.0166961,-2.542305,-0.6507307,-0.03991127,2.5,0.05377281,0,0,8.74228E-08,1,0,0,0,2.5,0.05377281,0,0,0,1,0,0,0,0.05377281
1730306177051,-15.73902,1.596831,-0.1654568,-0.9913202,0.1304065,0.0166961,0,0,0,2.5,0.05377281,0,0,8.74228E-08,1,0,0,0,2.5,0.05377281,0,0,0,1,0,0,0,0.05377281
1730306177069,-15.77341,1.588191,-0.1661701,-0.9915347,0.1293901,0.0108254,-2.579641,-0.6480306,-0.05350113,2.5,0.05377281,0,0,8.74228E-08,1,0,0,0,2.5,0.05377281,0,0,0,1,0,0,0,0.05377281
1730306177077,-15.77341,1.588191,-0.1661701,-0.9915347,0.1293901,0.0108254,0,0,0,2.5,0.05377281,0,0,8.74228E-08,1,0,0,0,2.5,0.05377281,0,0,0,1,0,0,0,0.05377281
1730306177097,-15.80826,1.580038,-0.1665993,-0.9918051,0.1276244,0.00592339,-2.613974,-0.6114721,-0.03218651,2.5,0.05377281,0,0,8.74228E-08,1,0,0,0,2.5,0.05377281,0,0,0,1,0,0,0,0.05377281
1730306177103,-15.80826,1.580038,-0.1665993,-0.9918051,0.1276244,0.00592339,0,0,0,2.5,0.05377281,0,0,8.74228E-08,1,0,0,0,2.5,0.05377281,0,0,0,1,0,0,0,0.05377281
1730306177124,-15.84404,1.572994,-0.1656456,-0.9926122,0.1213195,0.001702011,-2.683353,-0.5282521,0.07152557,2.5,0.05377281,0,0,8.74228E-08,1,0,0,0,2.5,0.05377281,0,0,0,1,0,0,0,0.05377281
1730306177130,-15.84404,1.572994,-0.1656456,-0.9926122,0.1213195,0.001702011,0,0,0,2.5,0.05377281,0,0,8.74228E-08,1,0,0,0,2.5,0.05377281,0,0,0,1,0,0,0,0.05377281
1730306177153,-15.88037,1.568437,-0.1642818,-0.993634,0.1126565,0.0007667542,-2.724266,-0.3417671,0.1022816,2.5,0.05377281,0,0,8.74228E-08,1,0,0,0,2.5,0.05377281,0,0,0,1,0,0,0,0.05377281
1730306177158,-15.88037,1.568437,-0.1642818,-0.993634,0.1126565,0.0007667542,0,0,0,2.5,0.05377281,0,0,8.74228E-08,1,0,0,0,2.5,0.05377281,0,0,0,1,0,0,0,0.05377281
1730306177181,-15.91687,1.566025,-0.1624947,-0.9948519,0.1013274,0.001779854,-2.737999,-0.1809597,0.1340389,2.5,0.05377281,0,0,8.74228E-08,1,0,0,0,2.5,0.05377281,0,0,0,1,0,0,0,0.05377281
1730306177186,-15.91687,1.566025,-0.1624947,-0.9948519,0.1013274,0.001779854,0,0,0,2.5,0.05377281,0,0,8.74228E-08,1,0,0,0,2.5,0.05377281,0,0,0,1,0,0,0,0.05377281
1730306177209,-15.95463,1.57248,-0.1605263,-0.9949524,0.1003504,-2.44379E-05,-2.832127,0.4841208,0.1476288,2.5,0.05377281,0,0,8.74228E-08,1,0,0,0,2.5,0.05377281,0,0,0,1,0,0,0,0.05377281
1730306177215,-15.95463,1.57248,-0.1605263,-0.9949524,0.1003504,-2.44379E-05,0,0,0,2.5,0.05377281,0,0,8.74228E-08,1,0,0,0,2.5,0.05377281,0,0,0,1,0,0,0,0.05377281
1730306177237,-15.99231,1.579839,-0.1588745,-0.9942032,0.1075175,0.0007103086,-2.825832,0.5519629,0.1238823,2.5,0.05377281,0,0,8.74228E-08,1,0,0,0,2.5,0.05377281,0,0,0,1,0,0,0,0.05377281
1730306177243,-15.99231,1.579839,-0.1588745,-0.9942032,0.1075175,0.0007103086,0,0,0,2.5,0.05377281,0,0,8.74228E-08,1,0,0,0,2.5,0.05377281,0,0,0,1,0,0,0,0.05377281
1730306177265,-16.02872,1.583309,-0.1577549,-0.9919707,0.1262875,0.006764233,-2.73056,0.2602279,0.08397102,2.5,0.05377281,0,0,8.74228E-08,1,0,0,0,2.5,0.05377281,0,0,0,1,0,0,0,0.05377281
1730306177271,-16.02872,1.583309,-0.1577549,-0.9919707,0.1262875,0.006764233,0,0,0,2.5,0.05377281,0,0,8.74228E-08,1,0,0,0,2.5,0.05377281,0,0,0,1,0,0,0,0.05377281
1730306177277,-16.02872,1.583309,-0.1577549,-0.9919707,0.1262875,0.006764233,0,0,0,2.5,0.05377281,0,0,8.74228E-08,1,0,0,0,2.5,0.05377281,0,0,0,1,0,0,0,0.05377281
1730306177293,-16.06456,1.588134,-0.1558361,-0.9928839,0.1186274,0.01047039,-2.687788,0.3619015,0.1439095,2.5,0.05377281,0,0,8.74228E-08,1,0,0,0,2.5,0.05377281,0,0,0,1,0,0,0,0.05377281
1730306177299,-16.06456,1.588134,-0.1558361,-0.9928839,0.1186274,0.01047039,0,0,0,2.5,0.05377281,0,0,8.74228E-08,1,0,0,0,2.5,0.05377281,0,0,0,1,0,0,0,0.05377281
1730306177321,-16.10041,1.594479,-0.1559162,-0.9936501,0.1121443,0.009126604,-2.689362,0.4758775,-0.006008148,2.5,0.05377281,0,0,8.74228E-08,1,0,0,0,2.5,0.05377281,0,0,0,1,0,0,0,0.05377281
1730306177328,-16.10041,1.594479,-0.1559162,-0.9936501,0.1121443,0.009126604,0,0,0,2.5,0.05377281,0,0,8.74228E-08,1,0,0,0,2.5,0.05377281,0,0,0,1,0,0,0,0.05377281
1730306177347,-16.13554,1.599248,-0.1575394,-0.9948056,0.1017564,0.002805769,-2.634573,0.3576368,-0.1217365,2.5,0.05377281,0,0,8.74228E-08,1,0,0,0,2.5,0.05377281,0,0,0,1,0,0,0,0.05377281
1730306177353,-16.13554,1.599248,-0.1575394,-0.9948056,0.1017564,0.002805769,0,0,0,2.5,0.05377281,0,0,8.74228E-08,1,0,0,0,2.5,0.05377281,0,0,0,1,0,0,0,0.05377281
1730306177375,-16.16994,1.604193,-0.1589928,-0.996006,0.08925647,-0.002343535,-2.579784,0.3708869,-0.109005,2.5,0.05377281,0,0,8.74228E-08,1,0,0,0,2.5,0.05377281,0,0,0,1,0,0,0,0.05377281
1730306177380,-16.16994,1.604193,-0.1589928,-0.996006,0.08925647,-0.002343535,0,0,0,2.5,0.05377281,0,0,8.74228E-08,1,0,0,0,2.5,0.05377281,0,0,0,1,0,0,0,0.05377281
1730306177403,-16.20357,1.609072,-0.1607666,-0.996549,0.08290021,-0.00428319,-2.521992,0.3659695,-0.1330376,2.5,0.05377281,0,0,8.74228E-08,1,0,0,0,2.5,0.05377281,0,0,0,1,0,0,0,0.05377281
1730306177409,-16.20357,1.609072,-0.1607666,-0.996549,0.08290021,-0.00428319,0,0,0,2.5,0.05377281,0,0,8.74228E-08,1,0,0,0,2.5,0.05377281,0,0,0,1,0,0,0,0.05377281
1730306177431,-16.23631,1.611691,-0.1631908,-0.9969124,0.07784481,-0.01032436,-2.455616,0.1964003,-0.181818,2.5,0.05377281,0,0,8.74228E-08,1,0,0,0,2.5,0.05377281,0,0,0,1,0,0,0,0.05377281
1730306177437,-16.23631,1.611691,-0.1631908,-0.9969124,0.07784481,-0.01032436,0,0,0,2.5,0.05377281,0,0,8.74228E-08,1,0,0,0,2.5,0.05377281,0,0,0,1,0,0,0,0.05377281
1730306177459,-16.26888,1.612743,-0.1650543,-0.9968873,0.07572904,-0.02193701,-2.443171,0.07891059,-0.139761,2.5,0.05377281,0,0,8.74228E-08,1,0,0,0,2.5,0.05377281,0,0,0,1,0,0,0,0.05377281
1730306177465,-16.26888,1.612743,-0.1650543,-0.9968873,0.07572904,-0.02193701,0,0,0,2.5,0.05377281,0,0,8.74228E-08,1,0,0,0,2.5,0.05377281,0,0,0,1,0,0,0,0.05377281
1730306177487,-16.30154,1.611759,-0.1680393,-0.9961335,0.08147153,-0.03287578,-2.449179,-0.07385015,-0.223875,2.5,0.05377281,0,0,8.74228E-08,1,0,0,0,2.5,0.05377281,0,0,0,1,0,0,0,0.05377281
1730306177493,-16.30154,1.611759,-0.1680393,-0.9961335,0.08147153,-0.03287578,0,0,0,2.5,0.05377281,0,0,8.74228E-08,1,0,0,0,2.5,0.05377281,0,0,0,1,0,0,0,0.05377281
1730306177515,-16.33401,1.609598,-0.1699467,-0.9953509,0.08563484,-0.04408741,-2.43516,-0.162077,-0.1430511,2.5,0.05377281,0,0,8.74228E-08,1,0,0,0,2.5,0.05377281,0,0,0,1,0,0,0,0.05377281
1730306177521,-16.33401,1.609598,-0.1699467,-0.9953509,0.08563484,-0.04408741,0,0,0,2.5,0.05377281,0,0,8.74228E-08,1,0,0,0,2.5,0.05377281,0,0,0,1,0,0,0,0.05377281
1730306177543,-16.36592,1.605668,-0.1713123,-0.9946945,0.08862916,-0.05222821,-2.393675,-0.294739,-0.1024246,2.5,0.05377281,0,0,8.74228E-08,1,0,0,0,2.5,0.05377281,0,0,0,1,0,0,0,0.05377281
1730306177548,-16.36592,1.605668,-0.1713123,-0.9946945,0.08862916,-0.05222821,0,0,0,2.5,0.05377281,0,0,8.74228E-08,1,0,0,0,2.5,0.05377281,0,0,0,1,0,0,0,0.05377281
1730306177571,-16.39837,1.600171,-0.1724358,-0.9942313,0.09145005,-0.05604732,-2.433586,-0.4122734,-0.08425713,2.5,0.05377281,0,0,8.74228E-08,1,0,0,0,2.5,0.05377281,0,0,0,1,0,0,0,0.05377281
1730306177577,-16.39837,1.600171,-0.1724358,-0.9942313,0.09145005,-0.05604732,0,0,0,2.5,0.05377281,0,0,8.74228E-08,1,0,0,0,2.5,0.05377281,0,0,0,1,0,0,0,0.05377281
1730306177583,-16.39837,1.600171,-0.1724358,-0.9942313,0.09145005,-0.05604732,0,0,0,2.5,0.05377281,0,0,8.74228E-08,1,0,0,0,2.5,0.05377281,0,0,0,1,0,0,0,0.05377281
1730306177599,-16.43163,1.592362,-0.1735592,-0.9936926,0.09782468,-0.05482411,-2.49424,-0.5856335,-0.08425713,2.5,0.05377281,0,0,8.74228E-08,1,0,0,0,2.5,0.05377281,0,0,0,1,0,0,0,0.05377281
1730306177605,-16.43163,1.592362,-0.1735592,-0.9936926,0.09782468,-0.05482411,0,0,0,2.5,0.05377281,0,0,8.74228E-08,1,0,0,0,2.5,0.05377281,0,0,0,1,0,0,0,0.05377281
1730306177626,-16.46518,1.582554,-0.1748047,-0.9932554,0.10341,-0.05244565,-2.51627,-0.7356584,-0.0934124,2.5,0.05377281,0,0,8.74228E-08,1,0,0,0,2.5,0.05377281,0,0,0,1,0,0,0,0.05377281
1730306177633,-16.46518,1.582554,-0.1748047,-0.9932554,0.10341,-0.05244565,0,0,0,2.5,0.05377281,0,0,8.74228E-08,1,0,0,0,2.5,0.05377281,0,0,0,1,0,0,0,0.05377281
1730306177652,-16.49952,1.573298,-0.1761646,-0.9938535,0.09917339,-0.0491966,-2.57535,-0.6941915,-0.1019955,2.5,0.05377281,0,0,8.74228E-08,1,0,0,0,2.5,0.05377281,0,0,0,1,0,0,0,0.05377281
1730306177658,-16.49952,1.573298,-0.1761646,-0.9938535,0.09917339,-0.0491966,0,0,0,2.5,0.05377281,0,0,8.74228E-08,1,0,0,0,2.5,0.05377281,0,0,0,1,0,0,0,0.05377281
1730306177680,-16.53411,1.565761,-0.1778793,-0.9944354,0.09378835,-0.04798114,-2.594519,-0.5652755,-0.128603,2.5,0.05377281,0,0,8.74228E-08,1,0,0,0,2.5,0.05377281,0,0,0,1,0,0,0,0.05377281
1730306177687,-16.53411,1.565761,-0.1778793,-0.9944354,0.09378835,-0.04798114,0,0,0,2.5,0.05377281,0,0,8.74228E-08,1,0,0,0,2.5,0.05377281,0,0,0,1,0,0,0,0.05377281
1730306177708,-16.56949,1.559873,-0.1799564,-0.9949186,0.08903378,-0.04701698,-2.653313,-0.44159,-0.1557827,2.5,0.05377281,0,0,8.74228E-08,1,0,0,0,2.5,0.05377281,0,0,0,1,0,0,0,0.05377281
1730306177714,-16.56949,1.559873,-0.1799564,-0.9949186,0.08903378,-0.04701698,0,0,0,2.5,0.05377281,0,0,8.74228E-08,1,0,0,0,2.5,0.05377281,0,0,0,1,0,0,0,0.05377281
1730306177736,-16.60555,1.55541,-0.1826515,-0.9955378,0.08432972,-0.04234672,-2.704811,-0.3347397,-0.2021313,2.5,0.05377281,0,0,8.74228E-08,1,0,0,0,2.5,0.05377281,0,0,0,1,0,0,0,0.05377281
1730306177743,-16.60555,1.55541,-0.1826515,-0.9955378,0.08432972,-0.04234672,0,0,0,2.5,0.05377281,0,0,8.74228E-08,1,0,0,0,2.5,0.05377281,0,0,0,1,0,0,0,0.05377281
1730306177765,-16.64226,1.558184,-0.1856728,-0.9976732,0.05879356,-0.03452063,-2.753162,0.2081126,-0.226593,2.5,0.05377281,0,0,8.74228E-08,1,0,0,0,2.5,0.05377281,0,0,0,1,0,0,0,0.05377281
1730306177771,-16.64226,1.558184,-0.1856728,-0.9976732,0.05879356,-0.03452063,0,0,0,2.5,0.05377281,0,0,8.74228E-08,1,0,0,0,2.5,0.05377281,0,0,0,1,0,0,0,0.05377281
1730306177792,-16.67933,1.561999,-0.188343,-0.9952682,0.09303884,-0.02802527,-2.780199,0.2860934,-0.2002716,2.5,0.05377281,0,0,8.74228E-08,1,0,0,0,2.5,0.05377281,0,0,0,1,0,0,0,0.05377281
1730306177798,-16.67933,1.561999,-0.188343,-0.9952682,0.09303884,-0.02802527,0,0,0,2.5,0.05377281,0,0,8.74228E-08,1,0,0,0,2.5,0.05377281,0,0,0,1,0,0,0,0.05377281
1730306177820,-16.7157,1.570836,-0.1924,-0.9929676,0.1144936,-0.03011262,-2.727556,0.6627649,-0.3042698,2.5,0.05377281,0,0,8.74228E-08,1,0,0,0,2.5,0.05377281,0,0,0,1,0,0,0,0.05377281
1730306177826,-16.7157,1.570836,-0.1924,-0.9929676,0.1144936,-0.03011262,0,0,0,2.5,0.05377281,0,0,8.74228E-08,1,0,0,0,2.5,0.05377281,0,0,0,1,0,0,0,0.05377281
1730306177848,-16.75151,1.575485,-0.1934109,-0.989906,0.1375978,-0.03396201,-2.685928,0.3486961,-0.07581711,2.5,0.05377281,0,0,8.74228E-08,1,0,0,0,2.5,0.05377281,0,0,0,1,0,0,0,0.05377281
1730306177854,-16.75151,1.575485,-0.1934109,-0.989906,0.1375978,-0.03396201,0,0,0,2.5,0.05377281,0,0,8.74228E-08,1,0,0,0,2.5,0.05377281,0,0,0,1,0,0,0,0.05377281
1730306177876,-16.78721,1.580694,-0.1969242,-0.9907495,0.1312134,-0.03462851,-2.677488,0.3906637,-0.2635002,2.5,0.05377281,0,0,8.74228E-08,1,0,0,0,2.5,0.05377281,0,0,0,1,0,0,0,0.05377281
1730306177882,-16.78721,1.580694,-0.1969242,-0.9907495,0.1312134,-0.03462851,0,0,0,2.5,0.05377281,0,0,8.74228E-08,1,0,0,0,2.5,0.05377281,0,0,0,1,0,0,0,0.05377281
1730306177887,-16.78721,1.580694,-0.1969242,-0.9907495,0.1312134,-0.03462851,0,0,0,2.5,0.05377281,0,0,8.74228E-08,1,0,0,0,2.5,0.05377281,0,0,0,1,0,0,0,0.05377281
1730306177904,-16.82273,1.588819,-0.1981773,-0.9901735,0.1367035,-0.02948165,-2.664185,0.6093532,-0.0939846,2.5,0.05377281,0,0,8.74228E-08,1,0,0,0,2.5,0.05377281,0,0,0,1,0,0,0,0.05377281
1730306177910,-16.82273,1.588819,-0.1981773,-0.9901735,0.1367035,-0.02948165,0,0,0,2.5,0.05377281,0,0,8.74228E-08,1,0,0,0,2.5,0.05377281,0,0,0,1,0,0,0,0.05377281
1730306177932,-16.85736,1.595326,-0.1966839,-0.989325,0.143472,-0.02553642,-2.596807,0.4880279,0.112009,2.5,0.05377281,0,0,8.74228E-08,1,0,0,0,2.5,0.05377281,0,0,0,1,0,0,0,0.05377281
1730306177939,-16.85736,1.595326,-0.1966839,-0.989325,0.143472,-0.02553642,0,0,0,2.5,0.05377281,0,0,8.74228E-08,1,0,0,0,2.5,0.05377281,0,0,0,1,0,0,0,0.05377281
1730306177959,-16.89097,1.600531,-0.1946335,-0.9902073,0.1375261,-0.02401161,-2.52099,0.3903776,0.15378,2.5,0.05377281,0,0,8.74228E-08,1,0,0,0,2.5,0.05377281,0,0,0,1,0,0,0,0.05377281
1730306177965,-16.89097,1.600531,-0.1946335,-0.9902073,0.1375261,-0.02401161,0,0,0,2.5,0.05377281,0,0,8.74228E-08,1,0,0,0,2.5,0.05377281,0,0,0,1,0,0,0,0.05377281
1730306177987,-16.92489,1.605945,-0.1930065,-0.99103,0.131531,-0.02365863,-2.543879,0.4060596,0.1220226,2.5,0.05377281,0,0,8.74228E-08,1,0,0,0,2.5,0.05377281,0,0,0,1,0,0,0,0.05377281
1730306177994,-16.92489,1.605945,-0.1930065,-0.99103,0.131531,-0.02365863,0,0,0,2.5,0.05377281,0,0,8.74228E-08,1,0,0,0,2.5,0.05377281,0,0,0,1,0,0,0,0.05377281
1730306178015,-16.95827,1.608988,-0.1926785,-0.9917708,0.1266844,-0.01850009,-2.503681,0.2282381,0.0246048,2.5,0.05377281,0,0,8.74228E-08,1,0,0,0,2.5,0.05377281,0,0,0,1,0,0,0,0.05377281
1730306178021,-16.95827,1.608988,-0.1926785,-0.9917708,0.1266844,-0.01850009,0,0,0,2.5,0.05377281,0,0,8.74228E-08,1,0,0,0,2.5,0.05377281,0,0,0,1,0,0,0,0.05377281
1730306178043,-16.99133,1.610016,-0.1919231,-0.9925054,0.1215296,-0.01281309,-2.479362,0.07712245,0.05664825,2.5,0.05377281,0,0,8.74228E-08,1,0,0,0,2.5,0.05377281,0,0,0,1,0,0,0,0.05377281
1730306178049,-16.99133,1.610016,-0.1919231,-0.9925054,0.1215296,-0.01281309,0,0,0,2.5,0.05377281,0,0,8.74228E-08,1,0,0,0,2.5,0.05377281,0,0,0,1,0,0,0,0.05377281
1730306178071,-17.02411,1.609717,-0.191864,-0.9925522,0.1215107,-0.008704066,-2.459049,-0.02241433,0.004434586,2.5,0.05377281,0,0,8.74228E-08,1,0,0,0,2.5,0.05377281,0,0,0,1,0,0,0,0.05377281
1730306178077,-17.02411,1.609717,-0.191864,-0.9925522,0.1215107,-0.008704066,0,0,0,2.5,0.05377281,0,0,8.74228E-08,1,0,0,0,2.5,0.05377281,0,0,0,1,0,0,0,0.05377281
1730306178099,-17.05657,1.607962,-0.1930981,-0.9917693,0.1279486,-0.004827976,-2.434444,-0.1316965,-0.09255409,2.5,0.05377281,0,0,8.74228E-08,1,0,0,0,2.5,0.05377281,0,0,0,1,0,0,0,0.05377281
1730306178105,-17.05657,1.607962,-0.1930981,-0.9917693,0.1279486,-0.004827976,0,0,0,2.5,0.05377281,0,0,8.74228E-08,1,0,0,0,2.5,0.05377281,0,0,0,1,0,0,0,0.05377281
1730306178127,-17.08986,1.604647,-0.1930523,-0.9911743,0.1325467,-0.002271295,-2.496243,-0.2485693,0.003433228,2.5,0.05377281,0,0,8.74228E-08,1,0,0,0,2.5,0.05377281,0,0,0,1,0,0,0,0.05377281
1730306178133,-17.08986,1.604647,-0.1930523,-0.9911743,0.1325467,-0.002271295,0,0,0,2.5,0.05377281,0,0,8.74228E-08,1,0,0,0,2.5,0.05377281,0,0,0,1,0,0,0,0.05377281
1730306178155,-17.12312,1.599257,-0.1938877,-0.9908078,0.1352637,-0.002008796,-2.494812,-0.4042715,-0.0626564,2.5,0.05377281,0,0,8.74228E-08,1,0,0,0,2.5,0.05377281,0,0,0,1,0,0,0,0.05377281
1730306178161,-17.12312,1.599257,-0.1938877,-0.9908078,0.1352637,-0.002008796,0,0,0,2.5,0.05377281,0,0,8.74228E-08,1,0,0,0,2.5,0.05377281,0,0,0,1,0,0,0,0.05377281
1730306178183,-17.15726,1.592124,-0.1937866,-0.9900262,0.1407995,-0.004870653,-2.560616,-0.5349487,0.007581711,2.5,0.05377281,0,0,8.74228E-08,1,0,0,0,2.5,0.05377281,0,0,0,1,0,0,0,0.05377281
1730306178189,-17.15726,1.592124,-0.1937866,-0.9900262,0.1407995,-0.004870653,0,0,0,2.5,0.05377281,0,0,8.74228E-08,1,0,0,0,2.5,0.05377281,0,0,0,1,0,0,0,0.05377281
1730306178194,-17.15726,1.592124,-0.1937866,-0.9900262,0.1407995,-0.004870653,0,0,0,2.5,0.05377281,0,0,8.74228E-08,1,0,0,0,2.5,0.05377281,0,0,0,1,0,0,0,0.05377281
1730306178211,-17.19128,1.583116,-0.1933289,-0.9896695,0.1430999,-0.008776665,-2.551174,-0.6756306,0.03433228,2.5,0.05377281,0,0,8.74228E-08,1,0,0,0,2.5,0.05377281,0,0,0,1,0,0,0,0.05377281
1730306178216,-17.19128,1.583116,-0.1933289,-0.9896695,0.1430999,-0.008776665,0,0,0,2.5,0.05377281,0,0,8.74228E-08,1,0,0,0,2.5,0.05377281,0,0,0,1,0,0,0,0.05377281
1730306178238,-17.22629,1.575132,-0.1924038,-0.9902551,0.1387375,-0.01213455,-2.625561,-0.5988121,0.06937981,2.5,0.05377281,0,0,8.74228E-08,1,0,0,0,2.5,0.05377281,0,0,0,1,0,0,0,0.05377281
1730306178245,-17.22629,1.575132,-0.1924038,-0.9902551,0.1387375,-0.01213455,0,0,0,2.5,0.05377281,0,0,8.74228E-08,1,0,0,0,2.5,0.05377281,0,0,0,1,0,0,0,0.05377281
1730306178264,-17.26234,1.568068,-0.1911983,-0.991143,0.132206,-0.0125494,-2.704382,-0.5297542,0.09040833,2.5,0.05377281,0,0,8.74228E-08,1,0,0,0,2.5,0.05377281,0,0,0,1,0,0,0,0.05377281
1730306178270,-17.26234,1.568068,-0.1911983,-0.991143,0.132206,-0.0125494,0,0,0,2.5,0.05377281,0,0,8.74228E-08,1,0,0,0,2.5,0.05377281,0,0,0,1,0,0,0,0.05377281
1730306178292,-17.29911,1.562032,-0.189764,-0.9919572,0.126058,-0.01144481,-2.757597,-0.4527032,0.1075745,2.5,0.05377281,0,0,8.74228E-08,1,0,0,0,2.5,0.05377281,0,0,0,1,0,0,0,0.05377281
1730306178298,-17.29911,1.562032,-0.189764,-0.9919572,0.126058,-0.01144481,0,0,0,2.5,0.05377281,0,0,8.74228E-08,1,0,0,0,2.5,0.05377281,0,0,0,1,0,0,0,0.05377281
1730306178320,-17.33587,1.557765,-0.1867619,-0.9928361,0.1191642,-0.008747578,-2.756882,-0.3200412,0.2251625,2.5,0.05377281,0,0,8.74228E-08,1,0,0,0,2.5,0.05377281,0,0,0,1,0,0,0,0.05377281
1730306178326,-17.33587,1.557765,-0.1867619,-0.9928361,0.1191642,-0.008747578,0,0,0,2.5,0.05377281,0,0,8.74228E-08,1,0,0,0,2.5,0.05377281,0,0,0,1,0,0,0,0.05377281
1730306178348,-17.37227,1.556563,-0.1835709,-0.9951634,0.09777711,-0.009481192,-2.730274,-0.09012222,0.2393246,2.5,0.05377281,0,0,8.74228E-08,1,0,0,0,2.5,0.05377281,0,0,0,1,0,0,0,0.05377281
1730306178354,-17.37227,1.556563,-0.1835709,-0.9951634,0.09777711,-0.009481192,0,0,0,2.5,0.05377281,0,0,8.74228E-08,1,0,0,0,2.5,0.05377281,0,0,0,1,0,0,0,0.05377281
1730306178376,-17.40951,1.561742,-0.1801338,-0.9931854,0.1152555,-0.01731014,-2.792931,0.3883839,0.2577782,2.5,0.05377281,0,0,8.74228E-08,1,0,0,0,2.5,0.05377281,0,0,0,1,0,0,0,0.05377281
1730306178382,-17.40951,1.561742,-0.1801338,-0.9931854,0.1152555,-0.01731014,0,0,0,2.5,0.05377281,0,0,8.74228E-08,1,0,0,0,2.5,0.05377281,0,0,0,1,0,0,0,0.05377281
1730306178404,-17.44589,1.568138,-0.177803,-0.9920471,0.1232256,-0.02565646,-2.727985,0.479722,0.1748085,2.5,0.05377281,0,0,8.74228E-08,1,0,0,0,2.5,0.05377281,0,0,0,1,0,0,0,0.05377281
1730306178410,-17.44589,1.568138,-0.177803,-0.9920471,0.1232256,-0.02565646,0,0,0,2.5,0.05377281,0,0,8.74228E-08,1,0,0,0,2.5,0.05377281,0,0,0,1,0,0,0,0.05377281
1730306178432,-17.48065,1.56948,-0.1766548,-0.9894111,0.1421204,-0.02945471,-2.607536,0.1006544,0.08611679,2.5,0.05377281,0,0,8.74228E-08,1,0,0,0,2.5,0.05377281,0,0,0,1,0,0,0,0.05377281
1730306178438,-17.48065,1.56948,-0.1766548,-0.9894111,0.1421204,-0.02945471,0,0,0,2.5,0.05377281,0,0,8.74228E-08,1,0,0,0,2.5,0.05377281,0,0,0,1,0,0,0,0.05377281
1730306178460,-17.51548,1.572942,-0.1759777,-0.9908527,0.1308269,-0.03309703,-2.612114,0.2596557,0.05078316,2.5,0.05377281,0,0,8.74228E-08,1,0,0,0,2.5,0.05377281,0,0,0,1,0,0,0,0.05377281
1730306178467,-17.51548,1.572942,-0.1759777,-0.9908527,0.1308269,-0.03309703,0,0,0,2.5,0.05377281,0,0,8.74228E-08,1,0,0,0,2.5,0.05377281,0,0,0,1,0,0,0,0.05377281
1730306178488,-17.54976,1.580321,-0.1769772,-0.9908183,0.1296722,-0.03827083,-2.570629,0.5533934,-0.0749588,2.5,0.05377281,0,0,8.74228E-08,1,0,0,0,2.5,0.05377281,0,0,0,1,0,0,0,0.05377281
1730306178494,-17.54976,1.580321,-0.1769772,-0.9908183,0.1296722,-0.03827083,0,0,0,2.5,0.05377281,0,0,8.74228E-08,1,0,0,0,2.5,0.05377281,0,0,0,1,0,0,0,0.05377281
1730306178516,-17.58385,1.586058,-0.1783676,-0.9900173,0.1340288,-0.04361928,-2.55661,0.43028,-0.1042843,2.5,0.05377281,0,0,8.74228E-08,1,0,0,0,2.5,0.05377281,0,0,0,1,0,0,0,0.05377281
1730306178522,-17.58385,1.586058,-0.1783676,-0.9900173,0.1340288,-0.04361928,0,0,0,2.5,0.05377281,0,0,8.74228E-08,1,0,0,0,2.5,0.05377281,0,0,0,1,0,0,0,0.05377281
1730306178527,-17.58385,1.586058,-0.1783676,-0.9900173,0.1340288,-0.04361928,0,0,0,2.5,0.05377281,0,0,8.74228E-08,1,0,0,0,2.5,0.05377281,0,0,0,1,0,0,0,0.05377281
1730306178544,-17.61813,1.591756,-0.1807041,-0.9912727,0.12298,-0.04748547,-2.57163,0.4273474,-0.1752377,2.5,0.05377281,0,0,8.74228E-08,1,0,0,0,2.5,0.05377281,0,0,0,1,0,0,0,0.05377281
1730306178550,-17.61813,1.591756,-0.1807041,-0.9912727,0.12298,-0.04748547,0,0,0,2.5,0.05377281,0,0,8.74228E-08,1,0,0,0,2.5,0.05377281,0,0,0,1,0,0,0,0.05377281
1730306178572,-17.65219,1.597297,-0.1822739,-0.9922338,0.1148586,-0.04775202,-2.554178,0.4155457,-0.1177311,2.5,0.05377281,0,0,8.74228E-08,1,0,0,0,2.5,0.05377281,0,0,0,1,0,0,0,0.05377281
1730306178578,-17.65219,1.597297,-0.1822739,-0.9922338,0.1148586,-0.04775202,0,0,0,2.5,0.05377281,0,0,8.74228E-08,1,0,0,0,2.5,0.05377281,0,0,0,1,0,0,0,0.05377281
1730306178598,-17.68569,1.600392,-0.1836472,-0.9925563,0.111829,-0.04823291,-2.512836,0.2321362,-0.1029968,2.5,0.05377281,0,0,8.74228E-08,1,0,0,0,2.5,0.05377281,0,0,0,1,0,0,0,0.05377281
1730306178604,-17.68569,1.600392,-0.1836472,-0.9925563,0.111829,-0.04823291,0,0,0,2.5,0.05377281,0,0,8.74228E-08,1,0,0,0,2.5,0.05377281,0,0,0,1,0,0,0,0.05377281
1730306178626,-17.71884,1.601287,-0.1854134,-0.9928976,0.1082697,-0.0493201,-2.485943,0.06717145,-0.1324654,2.5,0.05377281,0,0,8.74228E-08,1,0,0,0,2.5,0.05377281,0,0,0,1,0,0,0,0.05377281
1730306178632,-17.71884,1.601287,-0.1854134,-0.9928976,0.1082697,-0.0493201,0,0,0,2.5,0.05377281,0,0,8.74228E-08,1,0,0,0,2.5,0.05377281,0,0,0,1,0,0,0,0.05377281
1730306178654,-17.7526,1.600725,-0.1863728,-0.9923093,0.112421,-0.05180645,-2.531719,-0.04220009,-0.07195473,2.5,0.05377281,0,0,8.74228E-08,1,0,0,0,2.5,0.05377281,0,0,0,1,0,0,0,0.05377281
1730306178660,-17.7526,1.600725,-0.1863728,-0.9923093,0.112421,-0.05180645,0,0,0,2.5,0.05377281,0,0,8.74228E-08,1,0,0,0,2.5,0.05377281,0,0,0,1,0,0,0,0.05377281
1730306178682,-17.78617,1.597479,-0.1878071,-0.9917533,0.1148124,-0.05695558,-2.5177,-0.2434283,-0.1075745,2.5,0.05377281,0,0,8.74228E-08,1,0,0,0,2.5,0.05377281,0,0,0,1,0,0,0,0.05377281
1730306178688,-17.78617,1.597479,-0.1878071,-0.9917533,0.1148124,-0.05695558,0,0,0,2.5,0.05377281,0,0,8.74228E-08,1,0,0,0,2.5,0.05377281,0,0,0,1,0,0,0,0.05377281
1730306178710,-17.82014,1.592529,-0.1889801,-0.9918272,0.1111953,-0.06257021,-2.548027,-0.3712714,-0.08797646,2.5,0.05377281,0,0,8.74228E-08,1,0,0,0,2.5,0.05377281,0,0,0,1,0,0,0,0.05377281
1730306178716,-17.82014,1.592529,-0.1889801,-0.9918272,0.1111953,-0.06257021,0,0,0,2.5,0.05377281,0,0,8.74228E-08,1,0,0,0,2.5,0.05377281,0,0,0,1,0,0,0,0.05377281
1730306178738,-17.85427,1.585435,-0.1897144,-0.9920224,0.1080013,-0.06502175,-2.560186,-0.5320162,-0.05507469,2.5,0.05377281,0,0,8.74228E-08,1,0,0,0,2.5,0.05377281,0,0,0,1,0,0,0,0.05377281
1730306178744,-17.85427,1.585435,-0.1897144,-0.9920224,0.1080013,-0.06502175,0,0,0,2.5,0.05377281,0,0,8.74228E-08,1,0,0,0,2.5,0.05377281,0,0,0,1,0,0,0,0.05377281
1730306178765,-17.8887,1.576541,-0.1905613,-0.9923318,0.1058507,-0.06382668,-2.582216,-0.6670654,-0.06351471,2.5,0.05377281,0,0,8.74228E-08,1,0,0,0,2.5,0.05377281,0,0,0,1,0,0,0,0.05377281
1730306178772,-17.8887,1.576541,-0.1905613,-0.9923318,0.1058507,-0.06382668,0,0,0,2.5,0.05377281,0,0,8.74228E-08,1,0,0,0,2.5,0.05377281,0,0,0,1,0,0,0,0.05377281
1730306178793,-17.92381,1.56668,-0.191906,-0.9922824,0.1081373,-0.0606854,-2.632713,-0.7395655,-0.1008511,2.5,0.05377281,0,0,8.74228E-08,1,0,0,0,2.5,0.05377281,0,0,0,1,0,0,0,0.05377281
1730306178800,-17.92381,1.56668,-0.191906,-0.9922824,0.1081373,-0.0606854,0,0,0,2.5,0.05377281,0,0,8.74228E-08,1,0,0,0,2.5,0.05377281,0,0,0,1,0,0,0,0.05377281
1730306178821,-17.95909,1.556633,-0.1936741,-0.9925783,0.1070891,-0.05762672,-2.64616,-0.7535577,-0.1326084,2.5,0.05377281,0,0,8.74228E-08,1,0,0,0,2.5,0.05377281,0,0,0,1,0,0,0,0.05377281
1730306178828,-17.95909,1.556633,-0.1936741,-0.9925783,0.1070891,-0.05762672,0,0,0,2.5,0.05377281,0,0,8.74228E-08,1,0,0,0,2.5,0.05377281,0,0,0,1,0,0,0,0.05377281
1730306178849,-17.99529,1.549374,-0.1953735,-0.9934989,0.1004165,-0.05363774,-2.715254,-0.5443811,-0.1274586,2.5,0.05377281,0,0,8.74228E-08,1,0,0,0,2.5,0.05377281,0,0,0,1,0,0,0,0.05377281
1730306178855,-17.99529,1.549374,-0.1953735,-0.9934989,0.1004165,-0.05363774,0,0,0,2.5,0.05377281,0,0,8.74228E-08,1,0,0,0,2.5,0.05377281,0,0,0,1,0,0,0,0.05377281
1730306178861,-17.99529,1.549374,-0.1953735,-0.9934989,0.1004165,-0.05363774,0,0,0,2.5,0.05377281,0,0,8.74228E-08,1,0,0,0,2.5,0.05377281,0,0,0,1,0,0,0,0.05377281
1730306178877,-18.03089,1.542494,-0.197361,-0.9944369,0.0934999,-0.04850864,-2.669764,-0.5160391,-0.1490593,2.5,0.05377281,0,0,8.74228E-08,1,0,0,0,2.5,0.05377281,0,0,0,1,0,0,0,0.05377281
1730306178883,-18.03089,1.542494,-0.197361,-0.9944369,0.0934999,-0.04850864,0,0,0,2.5,0.05377281,0,0,8.74228E-08,1,0,0,0,2.5,0.05377281,0,0,0,1,0,0,0,0.05377281
1730306178905,-18.06699,1.537583,-0.1998825,-0.9948409,0.09202734,-0.0426985,-2.707243,-0.3683388,-0.1891136,2.5,0.05377281,0,0,8.74228E-08,1,0,0,0,2.5,0.05377281,0,0,0,1,0,0,0,0.05377281
1730306178911,-18.06699,1.537583,-0.1998825,-0.9948409,0.09202734,-0.0426985,0,0,0,2.5,0.05377281,0,0,8.74228E-08,1,0,0,0,2.5,0.05377281,0,0,0,1,0,0,0,0.05377281
1730306178931,-18.10317,1.538886,-0.203598,-0.9965769,0.07486822,-0.03506136,-2.713966,0.09775758,-0.2786636,2.5,0.05377281,0,0,8.74228E-08,1,0,0,0,2.5,0.05377281,0,0,0,1,0,0,0,0.05377281
1730306178937,-18.10317,1.538886,-0.203598,-0.9965769,0.07486822,-0.03506136,0,0,0,2.5,0.05377281,0,0,8.74228E-08,1,0,0,0,2.5,0.05377281,0,0,0,1,0,0,0,0.05377281
1730306178959,-18.13921,1.544378,-0.2079964,-0.9933172,0.1128391,-0.02426624,-2.702951,0.4119337,-0.3298759,2.5,0.05377281,0,0,8.74228E-08,1,0,0,0,2.5,0.05377281,0,0,0,1,0,0,0,0.05377281
1730306178965,-18.13921,1.544378,-0.2079964,-0.9933172,0.1128391,-0.02426624,0,0,0,2.5,0.05377281,0,0,8.74228E-08,1,0,0,0,2.5,0.05377281,0,0,0,1,0,0,0,0.05377281
1730306178986,-18.17526,1.553224,-0.2110882,-0.9910728,0.132397,-0.01568699,-2.703381,0.6633908,-0.2318859,2.5,0.05377281,0,0,8.74228E-08,1,0,0,0,2.5,0.05377281,0,0,0,1,0,0,0,0.05377281
1730306178993,-18.17526,1.553224,-0.2110882,-0.9910728,0.132397,-0.01568699,0,0,0,2.5,0.05377281,0,0,8.74228E-08,1,0,0,0,2.5,0.05377281,0,0,0,1,0,0,0,0.05377281
1730306179015,-18.20873,1.556216,-0.2183151,-0.9858003,0.167308,-0.01436019,-2.510548,0.2244204,-0.5420208,2.5,0.05377281,0,0,8.74228E-08,1,0,0,0,2.5,0.05377281,0,0,0,1,0,0,0,0.05377281
1730306179021,-18.20873,1.556216,-0.2183151,-0.9858003,0.167308,-0.01436019,0,0,0,2.5,0.05377281,0,0,8.74228E-08,1,0,0,0,2.5,0.05377281,0,0,0,1,0,0,0,0.05377281
1730306179042,-18.24357,1.563187,-0.2208443,-0.9859471,0.1662689,-0.01623046,-2.613258,0.5228519,-0.1896858,2.5,0.05377281,0,0,8.74228E-08,1,0,0,0,2.5,0.05377281,0,0,0,1,0,0,0,0.05377281
1730306179049,-18.24357,1.563187,-0.2208443,-0.9859471,0.1662689,-0.01623046,0,0,0,2.5,0.05377281,0,0,8.74228E-08,1,0,0,0,2.5,0.05377281,0,0,0,1,0,0,0,0.05377281
1730306179071,-18.27867,1.571419,-0.2222824,-0.9843697,0.175288,-0.01704884,-2.632427,0.6173819,-0.1078606,2.5,0.05377281,0,0,8.74228E-08,1,0,0,0,2.5,0.05377281,0,0,0,1,0,0,0,0.05377281
1730306179077,-18.27867,1.571419,-0.2222824,-0.9843697,0.175288,-0.01704884,0,0,0,2.5,0.05377281,0,0,8.74228E-08,1,0,0,0,2.5,0.05377281,0,0,0,1,0,0,0,0.05377281
1730306179098,-18.31365,1.577868,-0.224226,-0.9830613,0.1821738,-0.0200938,-2.623415,0.483647,-0.1457691,2.5,0.05377281,0,0,8.74228E-08,1,0,0,0,2.5,0.05377281,0,0,0,1,0,0,0,0.05377281
1730306179105,-18.31365,1.577868,-0.224226,-0.9830613,0.1821738,-0.0200938,0,0,0,2.5,0.05377281,0,0,8.74228E-08,1,0,0,0,2.5,0.05377281,0,0,0,1,0,0,0,0.05377281
1730306179126,-18.34813,1.584513,-0.223629,-0.9837672,0.1779512,-0.02315116,-2.586222,0.4983723,0.04477501,2.5,0.05377281,0,0,8.74228E-08,1,0,0,0,2.5,0.05377281,0,0,0,1,0,0,0,0.05377281
1730306179133,-18.34813,1.584513,-0.223629,-0.9837672,0.1779512,-0.02315116,0,0,0,2.5,0.05377281,0,0,8.74228E-08,1,0,0,0,2.5,0.05377281,0,0,0,1,0,0,0,0.05377281
1730306179154,-18.38152,1.589449,-0.2231426,-0.984713,0.1724769,-0.02434134,-2.503967,0.3702521,0.03647804,2.5,0.05377281,0,0,8.74228E-08,1,0,0,0,2.5,0.05377281,0,0,0,1,0,0,0,0.05377281
1730306179161,-18.38152,1.589449,-0.2231426,-0.984713,0.1724769,-0.02434134,0,0,0,2.5,0.05377281,0,0,8.74228E-08,1,0,0,0,2.5,0.05377281,0,0,0,1,0,0,0,0.05377281
1730306179182,-18.41521,1.591822,-0.2221088,-0.9868041,0.1606258,-0.02043688,-2.526283,0.1779556,0.07753372,2.5,0.05377281,0,0,8.74228E-08,1,0,0,0,2.5,0.05377281,0,0,0,1,0,0,0,0.05377281
1730306179188,-18.41521,1.591822,-0.2221088,-0.9868041,0.1606258,-0.02043688,0,0,0,2.5,0.05377281,0,0,8.74228E-08,1,0,0,0,2.5,0.05377281,0,0,0,1,0,0,0,0.05377281
1730306179195,-18.41521,1.591822,-0.2221088,-0.9868041,0.1606258,-0.02043688,0,0,0,2.5,0.05377281,0,0,8.74228E-08,1,0,0,0,2.5,0.05377281,0,0,0,1,0,0,0,0.05377281
1730306179210,-18.4484,1.591418,-0.2213669,-0.9885973,0.1499546,-0.01376283,-2.489662,-0.03030896,0.0556469,2.5,0.05377281,0,0,8.74228E-08,1,0,0,0,2.5,0.05377281,0,0,0,1,0,0,0,0.05377281
1730306179216,-18.4484,1.591418,-0.2213669,-0.9885973,0.1499546,-0.01376283,0,0,0,2.5,0.05377281,0,0,8.74228E-08,1,0,0,0,2.5,0.05377281,0,0,0,1,0,0,0,0.05377281
1730306179238,-18.48188,1.590539,-0.2205467,-0.9891074,0.1469076,-0.009232521,-2.511263,-0.0659287,0.06151199,2.5,0.05377281,0,0,8.74228E-08,1,0,0,0,2.5,0.05377281,0,0,0,1,0,0,0,0.05377281
1730306179245,-18.48188,1.590539,-0.2205467,-0.9891074,0.1469076,-0.009232521,0,0,0,2.5,0.05377281,0,0,8.74228E-08,1,0,0,0,2.5,0.05377281,0,0,0,1,0,0,0,0.05377281
1730306179263,-18.5151,1.58796,-0.2200851,-0.988847,0.1489082,-0.00290072,-2.491236,-0.1934409,0.03461838,2.5,0.05377281,0,0,8.74228E-08,1,0,0,0,2.5,0.05377281,0,0,0,1,0,0,0,0.05377281
1730306179271,-18.5151,1.58796,-0.2200851,-0.988847,0.1489082,-0.00290072,0,0,0,2.5,0.05377281,0,0,8.74228E-08,1,0,0,0,2.5,0.05377281,0,0,0,1,0,0,0,0.05377281
1730306179291,-18.54766,1.582761,-0.2201405,-0.989049,0.1475187,0.004589617,-2.441883,-0.389877,-0.004148483,2.5,0.05377281,0,0,8.74228E-08,1,0,0,0,2.5,0.05377281,0,0,0,1,0,0,0,0.05377281
1730306179298,-18.54766,1.582761,-0.2201405,-0.989049,0.1475187,0.004589617,0,0,0,2.5,0.05377281,0,0,8.74228E-08,1,0,0,0,2.5,0.05377281,0,0,0,1,0,0,0,0.05377281
1730306179319,-18.58136,1.576738,-0.2199802,-0.9896566,0.1431124,0.009942532,-2.527428,-0.4517108,0.0120163,2.5,0.05377281,0,0,8.74228E-08,1,0,0,0,2.5,0.05377281,0,0,0,1,0,0,0,0.05377281
1730306179325,-18.58136,1.576738,-0.2199802,-0.9896566,0.1431124,0.009942532,0,0,0,2.5,0.05377281,0,0,8.74228E-08,1,0,0,0,2.5,0.05377281,0,0,0,1,0,0,0,0.05377281
1730306179347,-18.61433,1.569047,-0.220417,-0.9897059,0.1426238,0.01188022,-2.473068,-0.5768269,-0.03275871,2.5,0.05377281,0,0,8.74228E-08,1,0,0,0,2.5,0.05377281,0,0,0,1,0,0,0,0.05377281
1730306179357,-18.61433,1.569047,-0.220417,-0.9897059,0.1426238,0.01188022,0,0,0,2.5,0.05377281,0,0,8.74228E-08,1,0,0,0,2.5,0.05377281,0,0,0,1,0,0,0,0.05377281
1730306179375,-18.64834,1.560161,-0.2202492,-0.988758,0.149076,0.01159704,-2.550888,-0.6664664,0.0125885,2.5,0.05377281,0,0,8.74228E-08,1,0,0,0,2.5,0.05377281,0,0,0,1,0,0,0,0.05377281
1730306179381,-18.64834,1.560161,-0.2202492,-0.988758,0.149076,0.01159704,0,0,0,2.5,0.05377281,0,0,8.74228E-08,1,0,0,0,2.5,0.05377281,0,0,0,1,0,0,0,0.05377281
1730306179402,-18.68239,1.551993,-0.2191048,-0.9888614,0.1485614,0.009104252,-2.553463,-0.6125897,0.08583069,2.5,0.05377281,0,0,8.74228E-08,1,0,0,0,2.5,0.05377281,0,0,0,1,0,0,0,0.05377281
1730306179410,-18.68239,1.551993,-0.2191048,-0.9888614,0.1485614,0.009104252,0,0,0,2.5,0.05377281,0,0,8.74228E-08,1,0,0,0,2.5,0.05377281,0,0,0,1,0,0,0,0.05377281
1730306179430,-18.71657,1.544062,-0.2173653,-0.9893867,0.1452113,0.005317271,-2.56319,-0.5948156,0.1304626,2.5,0.05377281,0,0,8.74228E-08,1,0,0,0,2.5,0.05377281,0,0,0,1,0,0,0,0.05377281
1730306179437,-18.71657,1.544062,-0.2173653,-0.9893867,0.1452113,0.005317271,0,0,0,2.5,0.05377281,0,0,8.74228E-08,1,0,0,0,2.5,0.05377281,0,0,0,1,0,0,0,0.05377281
1730306179458,-18.7521,1.53801,-0.2155781,-0.9907467,0.1357257,8.034706E-05,-2.665329,-0.4539728,0.1340389,2.5,0.05377281,0,0,8.74228E-08,1,0,0,0,2.5,0.05377281,0,0,0,1,0,0,0,0.05377281
1730306179466,-18.7521,1.53801,-0.2155781,-0.9907467,0.1357257,8.034706E-05,0,0,0,2.5,0.05377281,0,0,8.74228E-08,1,0,0,0,2.5,0.05377281,0,0,0,1,0,0,0,0.05377281
1730306179486,-18.78723,1.53329,-0.2136707,-0.9916375,0.1290019,-0.003727674,-2.634144,-0.3539443,0.1430511,2.5,0.05377281,0,0,8.74228E-08,1,0,0,0,2.5,0.05377281,0,0,0,1,0,0,0,0.05377281
1730306179493,-18.78723,1.53329,-0.2136707,-0.9916375,0.1290019,-0.003727674,0,0,0,2.5,0.05377281,0,0,8.74228E-08,1,0,0,0,2.5,0.05377281,0,0,0,1,0,0,0,0.05377281
1730306179514,-18.82362,1.536195,-0.2105255,-0.9945368,0.1041877,-0.006454229,-2.729702,0.2178758,0.2358913,2.5,0.05377281,0,0,8.74228E-08,1,0,0,0,2.5,0.05377281,0,0,0,1,0,0,0,0.05377281
1730306179521,-18.82362,1.536195,-0.2105255,-0.9945368,0.1041877,-0.006454229,0,0,0,2.5,0.05377281,0,0,8.74228E-08,1,0,0,0,2.5,0.05377281,0,0,0,1,0,0,0,0.05377281
1730306179527,-18.82362,1.536195,-0.2105255,-0.9945368,0.1041877,-0.006454229,0,0,0,2.5,0.05377281,0,0,8.74228E-08,1,0,0,0,2.5,0.05377281,0,0,0,1,0,0,0,0.05377281
1730306179542,-18.8595,1.540279,-0.2081661,-0.9914817,0.1299005,-0.009503841,-2.690506,0.3062457,0.1769543,2.5,0.05377281,0,0,8.74228E-08,1,0,0,0,2.5,0.05377281,0,0,0,1,0,0,0,0.05377281
1730306179549,-18.8595,1.540279,-0.2081661,-0.9914817,0.1299005,-0.009503841,0,0,0,2.5,0.05377281,0,0,8.74228E-08,1,0,0,0,2.5,0.05377281,0,0,0,1,0,0,0,0.05377281
1730306179570,-18.89576,1.546027,-0.2050247,-0.9886063,0.1501215,-0.01102996,-2.719975,0.4311472,0.2356052,2.5,0.05377281,0,0,8.74228E-08,1,0,0,0,2.5,0.05377281,0,0,0,1,0,0,0,0.05377281
1730306179576,-18.89576,1.546027,-0.2050247,-0.9886063,0.1501215,-0.01102996,0,0,0,2.5,0.05377281,0,0,8.74228E-08,1,0,0,0,2.5,0.05377281,0,0,0,1,0,0,0,0.05377281
1730306179596,-18.93117,1.547583,-0.2026253,-0.9868462,0.1614838,-0.007604361,-2.655602,0.116685,0.1799583,2.5,0.05377281,0,0,8.74228E-08,1,0,0,0,2.5,0.05377281,0,0,0,1,0,0,0,0.05377281
1730306179602,-18.93117,1.547583,-0.2026253,-0.9868462,0.1614838,-0.007604361,0,0,0,2.5,0.05377281,0,0,8.74228E-08,1,0,0,0,2.5,0.05377281,0,0,0,1,0,0,0,0.05377281
1730306179623,-18.96652,1.551288,-0.2015972,-0.9885472,0.1507141,-0.007768273,-2.65131,0.2778769,0.07710457,2.5,0.05377281,0,0,8.74228E-08,1,0,0,0,2.5,0.05377281,0,0,0,1,0,0,0,0.05377281
1730306179630,-18.96652,1.551288,-0.2015972,-0.9885472,0.1507141,-0.007768273,0,0,0,2.5,0.05377281,0,0,8.74228E-08,1,0,0,0,2.5,0.05377281,0,0,0,1,0,0,0,0.05377281
1730306179652,-19.00159,1.557337,-0.2008724,-0.9888334,0.1484585,-0.01299989,-2.629995,0.453651,0.05435944,2.5,0.05377281,0,0,8.74228E-08,1,0,0,0,2.5,0.05377281,0,0,0,1,0,0,0,0.05377281
1730306179658,-19.00159,1.557337,-0.2008724,-0.9888334,0.1484585,-0.01299989,0,0,0,2.5,0.05377281,0,0,8.74228E-08,1,0,0,0,2.5,0.05377281,0,0,0,1,0,0,0,0.05377281
1730306179680,-19.0357,1.561247,-0.2008209,-0.9893997,0.1442113,-0.0170778,-2.55847,0.2932906,0.003862381,2.5,0.05377281,0,0,8.74228E-08,1,0,0,0,2.5,0.05377281,0,0,0,1,0,0,0,0.05377281
1730306179686,-19.0357,1.561247,-0.2008209,-0.9893997,0.1442113,-0.0170778,0,0,0,2.5,0.05377281,0,0,8.74228E-08,1,0,0,0,2.5,0.05377281,0,0,0,1,0,0,0,0.05377281
1730306179708,-19.06948,1.565614,-0.2009563,-0.9912663,0.1309814,-0.01534724,-2.533436,0.3274798,-0.01015663,2.5,0.05377281,0,0,8.74228E-08,1,0,0,0,2.5,0.05377281,0,0,0,1,0,0,0,0.05377281
1730306179714,-19.06948,1.565614,-0.2009563,-0.9912663,0.1309814,-0.01534724,0,0,0,2.5,0.05377281,0,0,8.74228E-08,1,0,0,0,2.5,0.05377281,0,0,0,1,0,0,0,0.05377281
1730306179736,-19.1033,1.570212,-0.2015419,-0.9924681,0.1218682,-0.01245832,-2.536869,0.3448695,-0.0439167,2.5,0.05377281,0,0,8.74228E-08,1,0,0,0,2.5,0.05377281,0,0,0,1,0,0,0,0.05377281
1730306179743,-19.1033,1.570212,-0.2015419,-0.9924681,0.1218682,-0.01245832,0,0,0,2.5,0.05377281,0,0,8.74228E-08,1,0,0,0,2.5,0.05377281,0,0,0,1,0,0,0,0.05377281
1730306179764,-19.13674,1.572701,-0.2024689,-0.9930435,0.1169494,-0.01369894,-2.507973,0.1866639,-0.06952286,2.5,0.05377281,0,0,8.74228E-08,1,0,0,0,2.5,0.05377281,0,0,0,1,0,0,0,0.05377281
1730306179771,-19.13674,1.572701,-0.2024689,-0.9930435,0.1169494,-0.01369894,0,0,0,2.5,0.05377281,0,0,8.74228E-08,1,0,0,0,2.5,0.05377281,0,0,0,1,0,0,0,0.05377281
1730306179792,-19.16969,1.573919,-0.2031746,-0.9931036,0.1156759,-0.01910007,-2.471066,0.09136498,-0.05292892,2.5,0.05377281,0,0,8.74228E-08,1,0,0,0,2.5,0.05377281,0,0,0,1,0,0,0,0.05377281
1730306179799,-19.16969,1.573919,-0.2031746,-0.9931036,0.1156759,-0.01910007,0,0,0,2.5,0.05377281,0,0,8.74228E-08,1,0,0,0,2.5,0.05377281,0,0,0,1,0,0,0,0.05377281
1730306179820,-19.20208,1.573565,-0.20364,-0.9925091,0.1193782,-0.02597845,-2.429295,-0.02653599,-0.03490448,2.5,0.05377281,0,0,8.74228E-08,1,0,0,0,2.5,0.05377281,0,0,0,1,0,0,0,0.05377281
1730306179827,-19.20208,1.573565,-0.20364,-0.9925091,0.1193782,-0.02597845,0,0,0,2.5,0.05377281,0,0,8.74228E-08,1,0,0,0,2.5,0.05377281,0,0,0,1,0,0,0,0.05377281
1730306179848,-19.23508,1.57118,-0.2043896,-0.9919394,0.1223974,-0.03279603,-2.474928,-0.1788944,-0.0562191,2.5,0.05377281,0,0,8.74228E-08,1,0,0,0,2.5,0.05377281,0,0,0,1,0,0,0,0.05377281
1730306179855,-19.23508,1.57118,-0.2043896,-0.9919394,0.1223974,-0.03279603,0,0,0,2.5,0.05377281,0,0,8.74228E-08,1,0,0,0,2.5,0.05377281,0,0,0,1,0,0,0,0.05377281
1730306179860,-19.23508,1.57118,-0.2043896,-0.9919394,0.1223974,-0.03279603,0,0,0,2.5,0.05377281,0,0,8.74228E-08,1,0,0,0,2.5,0.05377281,0,0,0,1,0,0,0,0.05377281
1730306179876,-19.26804,1.567273,-0.2051258,-0.9917578,0.1230271,-0.03579354,-2.471781,-0.2930313,-0.05521774,2.5,0.05377281,0,0,8.74228E-08,1,0,0,0,2.5,0.05377281,0,0,0,1,0,0,0,0.05377281
1730306179882,-19.26804,1.567273,-0.2051258,-0.9917578,0.1230271,-0.03579354,0,0,0,2.5,0.05377281,0,0,8.74228E-08,1,0,0,0,2.5,0.05377281,0,0,0,1,0,0,0,0.05377281
1730306179904,-19.30128,1.561201,-0.2057781,-0.9918879,0.1219462,-0.03588688,-2.493382,-0.4554033,-0.04892349,2.5,0.05377281,0,0,8.74228E-08,1,0,0,0,2.5,0.05377281,0,0,0,1,0,0,0,0.05377281
1730306179910,-19.30128,1.561201,-0.2057781,-0.9918879,0.1219462,-0.03588688,0,0,0,2.5,0.05377281,0,0,8.74228E-08,1,0,0,0,2.5,0.05377281,0,0,0,1,0,0,0,0.05377281
1730306179929,-19.33488,1.55368,-0.2063751,-0.9921803,0.1202482,-0.03345108,-2.520132,-0.5640328,-0.04477501,2.5,0.05377281,0,0,8.74228E-08,1,0,0,0,2.5,0.05377281,0,0,0,1,0,0,0,0.05377281
1730306179936,-19.33488,1.55368,-0.2063751,-0.9921803,0.1202482,-0.03345108,0,0,0,2.5,0.05377281,0,0,8.74228E-08,1,0,0,0,2.5,0.05377281,0,0,0,1,0,0,0,0.05377281
1730306179958,-19.36873,1.545277,-0.2069798,-0.991901,0.1234923,-0.02970421,-2.538157,-0.6302834,-0.04534721,2.5,0.05377281,0,0,8.74228E-08,1,0,0,0,2.5,0.05377281,0,0,0,1,0,0,0,0.05377281
1730306179964,-19.36873,1.545277,-0.2069798,-0.991901,0.1234923,-0.02970421,0,0,0,2.5,0.05377281,0,0,8.74228E-08,1,0,0,0,2.5,0.05377281,0,0,0,1,0,0,0,0.05377281
1730306179986,-19.40392,1.537012,-0.2081547,-0.9918563,0.1247752,-0.02554595,-2.639866,-0.6198496,-0.08811951,2.5,0.05377281,0,0,8.74228E-08,1,0,0,0,2.5,0.05377281,0,0,0,1,0,0,0,0.05377281
1730306179992,-19.40392,1.537012,-0.2081547,-0.9918563,0.1247752,-0.02554595,0,0,0,2.5,0.05377281,0,0,8.74228E-08,1,0,0,0,2.5,0.05377281,0,0,0,1,0,0,0,0.05377281
1730306180014,-19.4397,1.530551,-0.210043,-0.9920518,0.1237259,-0.02292228,-2.682781,-0.4845947,-0.1416206,2.5,0.05377281,0,0,8.74228E-08,1,0,0,0,2.5,0.05377281,0,0,0,1,0,0,0,0.05377281
1730306180020,-19.4397,1.530551,-0.210043,-0.9920518,0.1237259,-0.02292228,0,0,0,2.5,0.05377281,0,0,8.74228E-08,1,0,0,0,2.5,0.05377281,0,0,0,1,0,0,0,0.05377281
1730306180042,-19.47602,1.525277,-0.2123184,-0.9921018,0.1237255,-0.02064919,-2.724123,-0.3955543,-0.17066,2.5,0.05377281,0,0,8.74228E-08,1,0,0,0,2.5,0.05377281,0,0,0,1,0,0,0,0.05377281
1730306180048,-19.47602,1.525277,-0.2123184,-0.9921018,0.1237255,-0.02064919,0,0,0,2.5,0.05377281,0,0,8.74228E-08,1,0,0,0,2.5,0.05377281,0,0,0,1,0,0,0,0.05377281
1730306180070,-19.51198,1.521265,-0.2146149,-0.9922794,0.1228562,-0.01697147,-2.697515,-0.3008723,-0.1722336,2.5,0.05377281,0,0,8.74228E-08,1,0,0,0,2.5,0.05377281,0,0,0,1,0,0,0,0.05377281
1730306180077,-19.51198,1.521265,-0.2146149,-0.9922794,0.1228562,-0.01697147,0,0,0,2.5,0.05377281,0,0,8.74228E-08,1,0,0,0,2.5,0.05377281,0,0,0,1,0,0,0,0.05377281
1730306180098,-19.54799,1.523165,-0.2169762,-0.9945576,0.1036585,-0.01049435,-2.70052,0.1425326,-0.1770973,2.5,0.05377281,0,0,8.74228E-08,1,0,0,0,2.5,0.05377281,0,0,0,1,0,0,0,0.05377281
1730306180105,-19.54799,1.523165,-0.2169762,-0.9945576,0.1036585,-0.01049435,0,0,0,2.5,0.05377281,0,0,8.74228E-08,1,0,0,0,2.5,0.05377281,0,0,0,1,0,0,0,0.05377281
1730306180126,-19.58485,1.52746,-0.2194786,-0.9910095,0.1337633,-0.002826333,-2.76432,0.3221154,-0.1876831,2.5,0.05377281,0,0,8.74228E-08,1,0,0,0,2.5,0.05377281,0,0,0,1,0,0,0,0.05377281
1730306180132,-19.58485,1.52746,-0.2194786,-0.9910095,0.1337633,-0.002826333,0,0,0,2.5,0.05377281,0,0,8.74228E-08,1,0,0,0,2.5,0.05377281,0,0,0,1,0,0,0,0.05377281
1730306180154,-19.62203,1.535551,-0.2213688,-0.9873873,0.1583222,0.0008233786,-2.788782,0.6068051,-0.1417637,2.5,0.05377281,0,0,8.74228E-08,1,0,0,0,2.5,0.05377281,0,0,0,1,0,0,0,0.05377281
1730306180160,-19.62203,1.535551,-0.2213688,-0.9873873,0.1583222,0.0008233786,0,0,0,2.5,0.05377281,0,0,8.74228E-08,1,0,0,0,2.5,0.05377281,0,0,0,1,0,0,0,0.05377281
1730306180182,-19.65779,1.537827,-0.2230186,-0.9826638,0.185398,-3.242493E-05,-2.681923,0.1706958,-0.1237392,2.5,0.05377281,0,0,8.74228E-08,1,0,0,0,2.5,0.05377281,0,0,0,1,0,0,0,0.05377281
1730306180188,-19.65779,1.537827,-0.2230186,-0.9826638,0.185398,-3.242493E-05,0,0,0,2.5,0.05377281,0,0,8.74228E-08,1,0,0,0,2.5,0.05377281,0,0,0,1,0,0,0,0.05377281
1730306180209,-19.69328,1.543411,-0.223444,-0.9837933,0.179307,0.0003320575,-2.661467,0.4187822,-0.03190041,2.5,0.05377281,0,0,8.74228E-08,1,0,0,0,2.5,0.05377281,0,0,0,1,0,0,0,0.05377281
1730306180216,-19.69328,1.543411,-0.223444,-0.9837933,0.179307,0.0003320575,0,0,0,2.5,0.05377281,0,0,8.74228E-08,1,0,0,0,2.5,0.05377281,0,0,0,1,0,0,0,0.05377281
1730306180221,-19.69328,1.543411,-0.223444,-0.9837933,0.179307,0.0003320575,0,0,0,2.5,0.05377281,0,0,8.74228E-08,1,0,0,0,2.5,0.05377281,0,0,0,1,0,0,0,0.05377281
1730306180237,-19.72851,1.549374,-0.2232094,-0.9842219,0.176929,0.00191927,-2.642155,0.4472494,0.01759529,2.5,0.05377281,0,0,8.74228E-08,1,0,0,0,2.5,0.05377281,0,0,0,1,0,0,0,0.05377281
1730306180243,-19.72851,1.549374,-0.2232094,-0.9842219,0.176929,0.00191927,0,0,0,2.5,0.05377281,0,0,8.74228E-08,1,0,0,0,2.5,0.05377281,0,0,0,1,0,0,0,0.05377281
1730306180265,-19.76358,1.554521,-0.2227974,-0.9854286,0.1700514,0.00360781,-2.630424,0.3860593,0.03089905,2.5,0.05377281,0,0,8.74228E-08,1,0,0,0,2.5,0.05377281,0,0,0,1,0,0,0,0.05377281
1730306180271,-19.76358,1.554521,-0.2227974,-0.9854286,0.1700514,0.00360781,0,0,0,2.5,0.05377281,0,0,8.74228E-08,1,0,0,0,2.5,0.05377281,0,0,0,1,0,0,0,0.05377281
1730306180291,-19.79832,1.560688,-0.2224579,-0.987255,0.1590893,0.004320025,-2.605247,0.4625022,0.0254631,2.5,0.05377281,0,0,8.74228E-08,1,0,0,0,2.5,0.05377281,0,0,0,1,0,0,0,0.05377281
1730306180298,-19.79832,1.560688,-0.2224579,-0.987255,0.1590893,0.004320025,0,0,0,2.5,0.05377281,0,0,8.74228E-08,1,0,0,0,2.5,0.05377281,0,0,0,1,0,0,0,0.05377281
1730306180320,-19.83234,1.565502,-0.2216301,-0.9883348,0.1521831,0.005897164,-2.551603,0.3610075,0.0620842,2.5,0.05377281,0,0,8.74228E-08,1,0,0,0,2.5,0.05377281,0,0,0,1,0,0,0,0.05377281
1730306180326,-19.83234,1.565502,-0.2216301,-0.9883348,0.1521831,0.005897164,0,0,0,2.5,0.05377281,0,0,8.74228E-08,1,0,0,0,2.5,0.05377281,0,0,0,1,0,0,0,0.05377281
1730306180348,-19.86466,1.567427,-0.2210426,-0.9895879,0.1436571,0.008858263,-2.424431,0.144428,0.04405975,2.5,0.05377281,0,0,8.74228E-08,1,0,0,0,2.5,0.05377281,0,0,0,1,0,0,0,0.05377281
1730306180354,-19.86466,1.567427,-0.2210426,-0.9895879,0.1436571,0.008858263,0,0,0,2.5,0.05377281,0,0,8.74228E-08,1,0,0,0,2.5,0.05377281,0,0,0,1,0,0,0,0.05377281
1730306180376,-19.89721,1.568238,-0.2208176,-0.9905347,0.1366838,0.01260358,-2.441168,0.06079674,0.01688004,2.5,0.05377281,0,0,8.74228E-08,1,0,0,0,2.5,0.05377281,0,0,0,1,0,0,0,0.05377281
1730306180382,-19.89721,1.568238,-0.2208176,-0.9905347,0.1366838,0.01260358,0,0,0,2.5,0.05377281,0,0,8.74228E-08,1,0,0,0,2.5,0.05377281,0,0,0,1,0,0,0,0.05377281
1730306180404,-19.92986,1.568446,-0.2208786,-0.9895014,0.1436612,0.01577425,-2.449036,0.01557469,-0.004577637,2.5,0.05377281,0,0,8.74228E-08,1,0,0,0,2.5,0.05377281,0,0,0,1,0,0,0,0.05377281
1730306180410,-19.92986,1.568446,-0.2208786,-0.9895014,0.1436612,0.01577425,0,0,0,2.5,0.05377281,0,0,8.74228E-08,1,0,0,0,2.5,0.05377281,0,0,0,1,0,0,0,0.05377281
1730306180432,-19.96243,1.566619,-0.2213764,-0.9879377,0.1532684,0.02209902,-2.442455,-0.1369983,-0.03733635,2.5,0.05377281,0,0,8.74228E-08,1,0,0,0,2.5,0.05377281,0,0,0,1,0,0,0,0.05377281
1730306180438,-19.96243,1.566619,-0.2213764,-0.9879377,0.1532684,0.02209902,0,0,0,2.5,0.05377281,0,0,8.74228E-08,1,0,0,0,2.5,0.05377281,0,0,0,1,0,0,0,0.05377281
1730306180459,-19.99533,1.562937,-0.2218895,-0.9873096,0.1565384,0.0267539,-2.467346,-0.2761334,-0.03848076,2.5,0.05377281,0,0,8.74228E-08,1,0,0,0,2.5,0.05377281,0,0,0,1,0,0,0,0.05377281
1730306180466,-19.99533,1.562937,-0.2218895,-0.9873096,0.1565384,0.0267539,0,0,0,2.5,0.05377281,0,0,8.74228E-08,1,0,0,0,2.5,0.05377281,0,0,0,1,0,0,0,0.05377281
1730306180487,-20.02722,1.557166,-0.2221069,-0.9871346,0.1574816,0.02766091,-2.391815,-0.4328012,-0.01630783,2.5,0.05377281,0,0,8.74228E-08,1,0,0,0,2.5,0.05377281,0,0,0,1,0,0,0,0.05377281
1730306180493,-20.02722,1.557166,-0.2221069,-0.9871346,0.1574816,0.02766091,0,0,0,2.5,0.05377281,0,0,8.74228E-08,1,0,0,0,2.5,0.05377281,0,0,0,1,0,0,0,0.05377281
1730306180499,-20.02722,1.557166,-0.2221069,-0.9871346,0.1574816,0.02766091,0,0,0,2.5,0.05377281,0,0,8.74228E-08,1,0,0,0,2.5,0.05377281,0,0,0,1,0,0,0,0.05377281
1730306180515,-20.06097,1.550032,-0.22258,-0.9863821,0.1623379,0.02640879,-2.531433,-0.5350649,-0.03547668,2.5,0.05377281,0,0,8.74228E-08,1,0,0,0,2.5,0.05377281,0,0,0,1,0,0,0,0.05377281
1730306180521,-20.06097,1.550032,-0.22258,-0.9863821,0.1623379,0.02640879,0,0,0,2.5,0.05377281,0,0,8.74228E-08,1,0,0,0,2.5,0.05377281,0,0,0,1,0,0,0,0.05377281
1730306180543,-20.09505,1.542267,-0.2232571,-0.9853356,0.168918,0.02409649,-2.555752,-0.5824149,-0.05078316,2.5,0.05377281,0,0,8.74228E-08,1,0,0,0,2.5,0.05377281,0,0,0,1,0,0,0,0.05377281
1730306180549,-20.09505,1.542267,-0.2232571,-0.9853356,0.168918,0.02409649,0,0,0,2.5,0.05377281,0,0,8.74228E-08,1,0,0,0,2.5,0.05377281,0,0,0,1,0,0,0,0.05377281
1730306180569,-20.12983,1.534651,-0.2234058,-0.9855673,0.1681432,0.01962394,-2.608824,-0.5712032,-0.01115799,2.5,0.05377281,0,0,8.74228E-08,1,0,0,0,2.5,0.05377281,0,0,0,1,0,0,0,0.05377281
1730306180575,-20.12983,1.534651,-0.2234058,-0.9855673,0.1681432,0.01962394,0,0,0,2.5,0.05377281,0,0,8.74228E-08,1,0,0,0,2.5,0.05377281,0,0,0,1,0,0,0,0.05377281
1730306180597,-20.16532,1.52721,-0.2229443,-0.9865791,0.162723,0.01354563,-2.661753,-0.5580425,0.03461838,2.5,0.05377281,0,0,8.74228E-08,1,0,0,0,2.5,0.05377281,0,0,0,1,0,0,0,0.05377281
1730306180603,-20.16532,1.52721,-0.2229443,-0.9865791,0.162723,0.01354563,0,0,0,2.5,0.05377281,0,0,8.74228E-08,1,0,0,0,2.5,0.05377281,0,0,0,1,0,0,0,0.05377281
1730306180625,-20.2015,1.52156,-0.2219296,-0.9874086,0.1580489,0.006729186,-2.713251,-0.423789,0.07610321,2.5,0.05377281,0,0,8.74228E-08,1,0,0,0,2.5,0.05377281,0,0,0,1,0,0,0,0.05377281
1730306180632,-20.2015,1.52156,-0.2219296,-0.9874086,0.1580489,0.006729186,0,0,0,2.5,0.05377281,0,0,8.74228E-08,1,0,0,0,2.5,0.05377281,0,0,0,1,0,0,0,0.05377281
1730306180654,-20.23807,1.517398,-0.2205162,-0.9875061,0.1575636,0.002390146,-2.742434,-0.3121555,0.1060009,2.5,0.05377281,0,0,8.74228E-08,1,0,0,0,2.5,0.05377281,0,0,0,1,0,0,0,0.05377281
1730306180660,-20.23807,1.517398,-0.2205162,-0.9875061,0.1575636,0.002390146,0,0,0,2.5,0.05377281,0,0,8.74228E-08,1,0,0,0,2.5,0.05377281,0,0,0,1,0,0,0,0.05377281
1730306180681,-20.27474,1.519579,-0.2197571,-0.9909413,0.1342524,-0.003452301,-2.750444,0.1636416,0.05693436,2.5,0.05416203,0,0,8.74228E-08,1,0,0.02919137,0,2.5,0.05416203,0,0,0,1,0,0.02919137,0,0.05416203
1730306180687,-20.27474,1.519579,-0.2197571,-0.9909413,0.1342524,-0.003452301,0,0,0,2.5,0.05416203,0,0,8.74228E-08,1,0,0,0,2.5,0.05416203,0,0,0,1,0,0,0,0.05416203
1730306180710,-20.31179,1.524425,-0.2182693,-0.9880394,0.1536184,-0.01341808,-2.779055,0.3634304,0.1115799,2.5,0.05416203,0,0,8.74228E-08,1,0,0,0,2.5,0.05416203,0,0,0,1,0,0,0,0.05416203
1730306180716,-20.31179,1.524425,-0.2182693,-0.9880394,0.1536184,-0.01341808,0,0,0,2.5,0.05416203,0,0,8.74228E-08,1,0,0,0,2.5,0.05416203,0,0,0,1,0,0,0,0.05416203
1730306180737,-20.34834,1.529204,-0.2171059,-0.9856754,0.16735,-0.02093506,-2.741432,0.3584236,0.0872612,2.5,0.05416203,0,0,8.74228E-08,1,0,0,0,2.5,0.05416203,0,0,0,1,0,0,0,0.05416203
1730306180744,-20.34834,1.529204,-0.2171059,-0.9856754,0.16735,-0.02093506,0,0,0,2.5,0.05416203,0,0,8.74228E-08,1,0,0,0,2.5,0.05416203,0,0,0,1,0,0,0,0.05416203
1730306180766,-20.38381,1.529936,-0.2169361,-0.9850025,0.1711317,-0.02200913,-2.659893,0.05491376,0.01273155,2.5,0.05416203,0,0,8.74228E-08,1,0,0,0,2.5,0.05416203,0,0,0,1,0,0,0,0.05416203
1730306180772,-20.38381,1.529936,-0.2169361,-0.9850025,0.1711317,-0.02200913,0,0,0,2.5,0.05416203,0,0,8.74228E-08,1,0,0,0,2.5,0.05416203,0,0,0,1,0,0,0,0.05416203
1730306180793,-20.41913,1.534747,-0.21731,-0.9875628,0.1559106,-0.0203054,-2.649164,0.3607661,-0.02803802,2.5,0.05416203,0,0,8.74228E-08,1,0,0,0,2.5,0.05416203,0,0,0,1,0,0,0,0.05416203
1730306180799,-20.41913,1.534747,-0.21731,-0.9875628,0.1559106,-0.0203054,0,0,0,2.5,0.05416203,0,0,8.74228E-08,1,0,0,0,2.5,0.05416203,0,0,0,1,0,0,0,0.05416203
1730306180821,-20.45366,1.539697,-0.2182732,-0.9885148,0.1501715,-0.01694405,-2.589941,0.3713071,-0.07224083,2.5,0.05416203,0,0,8.74228E-08,1,0,0,0,2.5,0.05416203,0,0,0,1,0,0,0,0.05416203
1730306180828,-20.45366,1.539697,-0.2182732,-0.9885148,0.1501715,-0.01694405,0,0,0,2.5,0.05416203,0,0,8.74228E-08,1,0,0,0,2.5,0.05416203,0,0,0,1,0,0,0,0.05416203
1730306180849,-20.48808,1.544422,-0.2197571,-0.9900579,0.1401026,-0.0125345,-2.581501,0.3543466,-0.1112938,2.5,0.05416203,0,0,8.74228E-08,1,0,0,0,2.5,0.05416203,0,0,0,1,0,0,0,0.05416203
1730306180856,-20.48808,1.544422,-0.2197571,-0.9900579,0.1401026,-0.0125345,0,0,0,2.5,0.05416203,0,0,8.74228E-08,1,0,0,0,2.5,0.05416203,0,0,0,1,0,0,0,0.05416203
1730306180862,-20.48808,1.544422,-0.2197571,-0.9900579,0.1401026,-0.0125345,0,0,0,2.5,0.05416203,0,0,8.74228E-08,1,0,0,0,2.5,0.05416203,0,0,0,1,0,0,0,0.05416203
1730306180877,-20.52182,1.549233,-0.2209778,-0.9908808,0.134718,-0.002581716,-2.530003,0.3608108,-0.09155273,2.5,0.05416203,0,0,8.74228E-08,1,0,0,0,2.5,0.05416203,0,0,0,1,0,0,0,0.05416203
1730306180883,-20.52182,1.549233,-0.2209778,-0.9908808,0.134718,-0.002581716,0,0,0,2.5,0.05416203,0,0,8.74228E-08,1,0,0,0,2.5,0.05416203,0,0,0,1,0,0,0,0.05416203
1730306180904,-20.55542,1.553166,-0.2227478,-0.9913912,0.1308329,0.005182505,-2.519846,0.2949715,-0.1327515,2.5,0.05416203,0,0,8.74228E-08,1,0,0,0,2.5,0.05416203,0,0,0,1,0,0,0,0.05416203
1730306180912,-20.55542,1.553166,-0.2227478,-0.9913912,0.1308329,0.005182505,0,0,0,2.5,0.05416203,0,0,8.74228E-08,1,0,0,0,2.5,0.05416203,0,0,0,1,0,0,0,0.05416203
1730306180929,-20.58862,1.554912,-0.2249603,-0.9917285,0.128186,0.006571114,-2.49052,0.1309633,-0.1659393,2.5,0.05416203,0,0,8.74228E-08,1,0,0,0,2.5,0.05416203,0,0,0,1,0,0,0,0.05416203
1730306180936,-20.58862,1.554912,-0.2249603,-0.9917285,0.128186,0.006571114,0,0,0,2.5,0.05416203,0,0,8.74228E-08,1,0,0,0,2.5,0.05416203,0,0,0,1,0,0,0,0.05416203
1730306180956,-20.62159,1.555447,-0.2270088,-0.9920403,0.1258542,0.004130006,-2.472639,0.04012585,-0.1536369,2.5,0.05416203,0,0,8.74228E-08,1,0,0,0,2.5,0.05416203,0,0,0,1,0,0,0,0.05416203
1730306180963,-20.62159,1.555447,-0.2270088,-0.9920403,0.1258542,0.004130006,0,0,0,2.5,0.05416203,0,0,8.74228E-08,1,0,0,0,2.5,0.05416203,0,0,0,1,0,0,0,0.05416203
1730306180984,-20.65526,1.554206,-0.2287159,-0.9917575,0.1281211,-0.001541495,-2.524853,-0.09303689,-0.1280308,2.5,0.05416203,0,0,8.74228E-08,1,0,0,0,2.5,0.05416203,0,0,0,1,0,0,0,0.05416203
1730306180991,-20.65526,1.554206,-0.2287159,-0.9917575,0.1281211,-0.001541495,0,0,0,2.5,0.05416203,0,0,8.74228E-08,1,0,0,0,2.5,0.05416203,0,0,0,1,0,0,0,0.05416203
1730306181012,-20.689,1.550869,-0.2300034,-0.9916972,0.1283399,-0.008122802,-2.530575,-0.2503395,-0.09655952,2.5,0.05416203,0,0,8.74228E-08,1,0,0,0,2.5,0.05416203,0,0,0,1,0,0,0,0.05416203
1730306181019,-20.689,1.550869,-0.2300034,-0.9916972,0.1283399,-0.008122802,0,0,0,2.5,0.05416203,0,0,8.74228E-08,1,0,0,0,2.5,0.05416203,0,0,0,1,0,0,0,0.05416203
1730306181041,-20.72287,1.545562,-0.2312374,-0.9919877,0.1257027,-0.01262689,-2.540731,-0.3980219,-0.09255409,2.5,0.05416203,0,0,8.74228E-08,1,0,0,0,2.5,0.05416203,0,0,0,1,0,0,0,0.05416203
1730306181047,-20.72287,1.545562,-0.2312374,-0.9919877,0.1257027,-0.01262689,0,0,0,2.5,0.05416203,0,0,8.74228E-08,1,0,0,0,2.5,0.05416203,0,0,0,1,0,0,0,0.05416203
1730306181068,-20.75679,1.538391,-0.2323685,-0.9921092,0.1245753,-0.01417029,-2.543592,-0.5377918,-0.08482933,2.5,0.05416203,0,0,8.74228E-08,1,0,0,0,2.5,0.05416203,0,0,0,1,0,0,0,0.05416203
1730306181076,-20.75679,1.538391,-0.2323685,-0.9921092,0.1245753,-0.01417029,0,0,0,2.5,0.05416203,0,0,8.74228E-08,1,0,0,0,2.5,0.05416203,0,0,0,1,0,0,0,0.05416203
1730306181096,-20.79106,1.529092,-0.233511,-0.991677,0.1280204,-0.01370549,-2.570343,-0.6974012,-0.08568764,2.5,0.05416203,0,0,8.74228E-08,1,0,0,0,2.5,0.05416203,0,0,0,1,0,0,0,0.05416203
1730306181103,-20.79106,1.529092,-0.233511,-0.991677,0.1280204,-0.01370549,0,0,0,2.5,0.05416203,0,0,8.74228E-08,1,0,0,0,2.5,0.05416203,0,0,0,1,0,0,0,0.05416203
1730306181124,-20.82611,1.51926,-0.2348976,-0.9914967,0.1294853,-0.0129844,-2.629137,-0.7373929,-0.1039982,2.5,0.05416203,0,0,8.74228E-08,1,0,0,0,2.5,0.05416203,0,0,0,1,0,0,0,0.05416203
1730306181131,-20.82611,1.51926,-0.2348976,-0.9914967,0.1294853,-0.0129844,0,0,0,2.5,0.05416203,0,0,8.74228E-08,1,0,0,0,2.5,0.05416203,0,0,0,1,0,0,0,0.05416203
1730306181152,-20.86191,1.515912,-0.2362175,-0.9920982,0.125001,-0.01078701,-2.684927,-0.2511621,-0.09899139,2.5,0.059255,0,0,8.74228E-08,1,0,0.3819734,0,2.5,0.059255,0,0,0,1,0,0.3819734,0,0.059255
1730306181159,-20.86191,1.515912,-0.2362175,-0.9920982,0.125001,-0.01078701,0,0,0,2.5,0.059255,0,0,8.74228E-08,1,0,0,0,2.5,0.059255,0,0,0,1,0,0,0,0.059255
1730306181180,-20.89845,1.515829,-0.2381744,-0.9926593,0.1207777,-0.006382227,-2.740288,-0.006195903,-0.1467705,2.5,0.06570601,0,0,8.74228E-08,1,0,0.4838258,0,2.5,0.06570601,0,0,0,1,0,0.4838258,0,0.06570601
1730306181187,-20.89845,1.515829,-0.2381744,-0.9926593,0.1207777,-0.006382227,0,0,0,2.5,0.06570601,0,0,8.74228E-08,1,0,0,0,2.5,0.06570601,0,0,0,1,0,0,0,0.06570601
1730306181208,-20.93515,1.515685,-0.2405777,-0.9933211,0.1153808,-0.0008363724,-2.752304,-0.01082718,-0.1802444,2.5,0.07093382,0,0,8.74228E-08,1,0,0.3920853,0,2.5,0.07093382,0,0,0,1,0,0.3920853,0,0.07093382
1730306181215,-20.93515,1.515685,-0.2405777,-0.9933211,0.1153808,-0.0008363724,0,0,0,2.5,0.07093382,0,0,8.74228E-08,1,0,0,0,2.5,0.07093382,0,0,0,1,0,0,0,0.07093382
1730306181221,-20.93515,1.515685,-0.2405777,-0.9933211,0.1153808,-0.0008363724,0,0,0,2.5,0.07093382,0,0,8.74228E-08,1,0,0,0,2.5,0.07093382,0,0,0,1,0,0,0,0.07093382
1730306181236,-20.97244,1.519951,-0.2436543,-0.9957346,0.0921918,0.003718555,-2.797222,0.3200144,-0.2307415,2.5,0.07466137,0,0,8.74228E-08,1,0,0.2795666,0,2.5,0.07466137,0,0,0,1,0,0.2795666,0,0.07466137
1730306181242,-20.97244,1.519951,-0.2436543,-0.9957346,0.0921918,0.003718555,0,0,0,2.5,0.07466137,0,0,8.74228E-08,1,0,0,0,2.5,0.07466137,0,0,0,1,0,0,0,0.07466137
1730306181264,-21.0099,1.522938,-0.2473698,-0.9940548,0.1087946,0.004404604,-2.808809,0.2239823,-0.2786636,2.5,0.07466137,0,0,8.74228E-08,1,0,0,0,2.5,0.07466137,0,0,0,1,0,0,0,0.07466137
1730306181270,-21.0099,1.522938,-0.2473698,-0.9940548,0.1087946,0.004404604,0,0,0,2.5,0.07466137,0,0,8.74228E-08,1,0,0,0,2.5,0.07466137,0,0,0,1,0,0,0,0.07466137
1730306181291,-21.04704,1.530345,-0.2511368,-0.9922287,0.1244054,-0.002409458,-2.785921,0.5555302,-0.282526,2.5,0.07466137,0,0,8.74228E-08,1,0,0,0,2.5,0.07466137,0,0,0,1,0,0,0,0.07466137
1730306181297,-21.04704,1.530345,-0.2511368,-0.9922287,0.1244054,-0.002409458,0,0,0,2.5,0.07466137,0,0,8.74228E-08,1,0,0,0,2.5,0.07466137,0,0,0,1,0,0,0,0.07466137
1730306181319,-21.08296,1.535704,-0.2531815,-0.9902189,0.1389313,-0.01285243,-2.693653,0.4019648,-0.1533508,2.5,0.07466137,0,0,8.74228E-08,1,0,0,0,2.5,0.07466137,0,0,0,1,0,0,0,0.07466137
1730306181325,-21.08296,1.535704,-0.2531815,-0.9902189,0.1389313,-0.01285243,0,0,0,2.5,0.07466137,0,0,8.74228E-08,1,0,0,0,2.5,0.07466137,0,0,0,1,0,0,0,0.07466137
1730306181347,-21.1187,1.541579,-0.254015,-0.9901533,0.1388021,-0.01817691,-2.680492,0.4405797,-0.06251335,2.5,0.07466137,0,0,8.74228E-08,1,0,0,0,2.5,0.07466137,0,0,0,1,0,0,0,0.07466137
1730306181353,-21.1187,1.541579,-0.254015,-0.9901533,0.1388021,-0.01817691,0,0,0,2.5,0.07466137,0,0,8.74228E-08,1,0,0,0,2.5,0.07466137,0,0,0,1,0,0,0,0.07466137
1730306181376,-21.15453,1.549502,-0.2535,-0.9885635,0.1499332,-0.01619446,-2.687788,0.5942613,0.03862381,2.5,0.07466137,0,0,8.74228E-08,1,0,0,0,2.5,0.07466137,0,0,0,1,0,0,0,0.07466137
1730306181381,-21.15453,1.549502,-0.2535,-0.9885635,0.1499332,-0.01619446,0,0,0,2.5,0.07466137,0,0,8.74228E-08,1,0,0,0,2.5,0.07466137,0,0,0,1,0,0,0,0.07466137
1730306181403,-21.18955,1.555993,-0.2525139,-0.9881966,0.1526124,-0.01332903,-2.626562,0.4867762,0.07395744,2.5,0.07466137,0,0,8.74228E-08,1,0,0,0,2.5,0.07466137,0,0,0,1,0,0,0,0.07466137
1730306181409,-21.18955,1.555993,-0.2525139,-0.9881966,0.1526124,-0.01332903,0,0,0,2.5,0.07466137,0,0,8.74228E-08,1,0,0,0,2.5,0.07466137,0,0,0,1,0,0,0,0.07466137
1730306181431,-21.22397,1.560827,-0.2510509,-0.9899657,0.1410516,-0.008526206,-2.580929,0.362581,0.1097202,2.5,0.07466137,0,0,8.74228E-08,1,0,0,0,2.5,0.07466137,0,0,0,1,0,0,0,0.07466137
1730306181437,-21.22397,1.560827,-0.2510509,-0.9899657,0.1410516,-0.008526206,0,0,0,2.5,0.07466137,0,0,8.74228E-08,1,0,0,0,2.5,0.07466137,0,0,0,1,0,0,0,0.07466137
1730306181459,-21.25836,1.565889,-0.2493477,-0.9915004,0.1300367,-0.004232883,-2.579784,0.3796399,0.1277447,2.5,0.07466137,0,0,8.74228E-08,1,0,0,0,2.5,0.07466137,0,0,0,1,0,0,0,0.07466137
1730306181466,-21.25836,1.565889,-0.2493477,-0.9915004,0.1300367,-0.004232883,0,0,0,2.5,0.07466137,0,0,8.74228E-08,1,0,0,0,2.5,0.07466137,0,0,0,1,0,0,0,0.07466137
1730306181487,-21.2921,1.568116,-0.2477493,-0.9921294,0.125173,0.003321528,-2.530432,0.1670301,0.1198769,2.5,0.07466137,0,0,8.74228E-08,1,0,0,0,2.5,0.07466137,0,0,0,1,0,0,0,0.07466137
1730306181493,-21.2921,1.568116,-0.2477493,-0.9921294,0.125173,0.003321528,0,0,0,2.5,0.07466137,0,0,8.74228E-08,1,0,0,0,2.5,0.07466137,0,0,0,1,0,0,0,0.07466137
1730306181515,-21.32578,1.568572,-0.2464046,-0.9927789,0.1191782,0.01367891,-2.525568,0.03422499,0.1008511,2.5,0.07466137,0,0,8.74228E-08,1,0,0,0,2.5,0.07466137,0,0,0,1,0,0,0,0.07466137
1730306181521,-21.32578,1.568572,-0.2464046,-0.9927789,0.1191782,0.01367891,0,0,0,2.5,0.07466137,0,0,8.74228E-08,1,0,0,0,2.5,0.07466137,0,0,0,1,0,0,0,0.07466137
1730306181543,-21.35893,1.567121,-0.2456493,-0.9927015,0.118156,0.02415431,-2.486658,-0.1088619,0.05664825,2.5,0.07466137,0,0,8.74228E-08,1,0,0,0,2.5,0.07466137,0,0,0,1,0,0,0,0.07466137
1730306181549,-21.35893,1.567121,-0.2456493,-0.9927015,0.118156,0.02415431,0,0,0,2.5,0.07466137,0,0,8.74228E-08,1,0,0,0,2.5,0.07466137,0,0,0,1,0,0,0,0.07466137
1730306181554,-21.35893,1.567121,-0.2456493,-0.9927015,0.118156,0.02415431,0,0,0,2.5,0.07466137,0,0,8.74228E-08,1,0,0,0,2.5,0.07466137,0,0,0,1,0,0,0,0.07466137
1730306181571,-21.3922,1.564002,-0.2451057,-0.9924299,0.1182025,0.03333652,-2.494955,-0.2339154,0.04076958,2.5,0.07466137,0,0,8.74228E-08,1,0,0,0,2.5,0.07466137,0,0,0,1,0,0,0,0.07466137
1730306181577,-21.3922,1.564002,-0.2451057,-0.9924299,0.1182025,0.03333652,0,0,0,2.5,0.07466137,0,0,8.74228E-08,1,0,0,0,2.5,0.07466137,0,0,0,1,0,0,0,0.07466137
1730306181599,-21.42623,1.559762,-0.2446442,-0.9921953,0.1180621,0.04012376,-2.552032,-0.3179938,0.03461838,2.5,0.07466137,0,0,8.74228E-08,1,0,0,0,2.5,0.07466137,0,0,0,1,0,0,0,0.07466137
1730306181605,-21.42623,1.559762,-0.2446442,-0.9921953,0.1180621,0.04012376,0,0,0,2.5,0.07466137,0,0,8.74228E-08,1,0,0,0,2.5,0.07466137,0,0,0,1,0,0,0,0.07466137
1730306181625,-21.46006,1.553269,-0.2446613,-0.9918488,0.1210217,0.03987741,-2.537727,-0.4869908,-0.00128746,2.5,0.07466137,0,0,8.74228E-08,1,0,0,0,2.5,0.07466137,0,0,0,1,0,0,0,0.07466137
1730306181633,-21.46006,1.553269,-0.2446613,-0.9918488,0.1210217,0.03987741,0,0,0,2.5,0.07466137,0,0,8.74228E-08,1,0,0,0,2.5,0.07466137,0,0,0,1,0,0,0,0.07466137
1730306181654,-21.4952,1.545352,-0.2442074,-0.9909936,0.1293429,0.03467721,-2.635431,-0.5937964,0.03404617,2.5,0.07466137,0,0,8.74228E-08,1,0,0,0,2.5,0.07466137,0,0,0,1,0,0,0,0.07466137
1730306181660,-21.4952,1.545352,-0.2442074,-0.9909936,0.1293429,0.03467721,0,0,0,2.5,0.07466137,0,0,8.74228E-08,1,0,0,0,2.5,0.07466137,0,0,0,1,0,0,0,0.07466137
1730306181681,-21.53038,1.53552,-0.2435741,-0.9903452,0.1356695,0.02847439,-2.638149,-0.7373571,0.04749298,2.5,0.07466137,0,0,8.74228E-08,1,0,0,0,2.5,0.07466137,0,0,0,1,0,0,0,0.07466137
1730306181689,-21.53038,1.53552,-0.2435741,-0.9903452,0.1356695,0.02847439,0,0,0,2.5,0.07466137,0,0,8.74228E-08,1,0,0,0,2.5,0.07466137,0,0,0,1,0,0,0,0.07466137
1730306181721,-21.5665,1.527137,-0.2424221,-0.9909744,0.132544,0.02005011,-2.709103,-0.6287366,0.08640289,2.5,0.07466137,0,0,8.74228E-08,1,0,0,0,2.5,0.07466137,0,0,0,1,0,0,0,0.07466137
1730306181728,-21.5665,1.527137,-0.2424221,-0.9909744,0.132544,0.02005011,0,0,0,2.5,0.07466137,0,0,8.74228E-08,1,0,0,0,2.5,0.07466137,0,0,0,1,0,0,0,0.07466137
1730306181748,-21.62244,1.516791,-0.2398548,-0.9917778,0.1277411,0.007700682,-4.19569,-0.7759362,0.1925468,2.5,0.07466137,0,0,8.74228E-08,1,0,0,0,2.5,0.07466137,0,0,0,1,0,0,0,0.07466137
1730306181756,-21.62244,1.516791,-0.2398548,-0.9917778,0.1277411,0.007700682,0,0,0,2.5,0.07466137,0,0,8.74228E-08,1,0,0,0,2.5,0.07466137,0,0,0,1,0,0,0,0.07466137
1730306181762,-21.62244,1.516791,-0.2398548,-0.9917778,0.1277411,0.007700682,0,0,0,2.5,0.07466137,0,0,8.74228E-08,1,0,0,0,2.5,0.07466137,0,0,0,1,0,0,0,0.07466137
1730306181777,-21.65961,1.515184,-0.2374039,-0.9915613,0.1296166,0.002486885,-2.787495,-0.1205295,0.1838207,2.5,0.07795978,0,0,8.74228E-08,1,0,0.2473801,0,2.5,0.07795978,0,0,0,1,0,0.2473801,0,0.07795978
1730306181783,-21.65961,1.515184,-0.2374039,-0.9915613,0.1296166,0.002486885,0,0,0,2.5,0.07795978,0,0,8.74228E-08,1,0,0,0,2.5,0.07795978,0,0,0,1,0,0,0,0.07795978
1730306181789,-21.65961,1.515184,-0.2374039,-0.9915613,0.1296166,0.002486885,0,0,0,2.5,0.07795978,0,0,8.74228E-08,1,0,0,0,2.5,0.07795978,0,0,0,1,0,0,0,0.07795978
1730306181816,-21.69785,1.521804,-0.2346287,-0.9937412,0.11168,-0.002492547,-2.868176,0.4965216,0.2081394,2.5,0.08175623,0,0,8.74228E-08,1,0,0.2847344,0,2.5,0.08175623,0,0,0,1,0,0.2847344,0,0.08175623
1730306181823,-21.69785,1.521804,-0.2346287,-0.9937412,0.11168,-0.002492547,0,0,0,2.5,0.08175623,0,0,8.74228E-08,1,0,0,0,2.5,0.08175623,0,0,0,1,0,0,0,0.08175623
1730306181842,-21.75621,1.530202,-0.2306099,-0.9912466,0.1314395,-0.01241636,-4.377079,0.6298184,0.3014088,2.5,0.08175623,0,0,8.74228E-08,1,0,0,0,2.5,0.08175623,0,0,0,1,0,0,0,0.08175623
1730306181849,-21.75621,1.530202,-0.2306099,-0.9912466,0.1314395,-0.01241636,0,0,0,2.5,0.08175623,0,0,8.74228E-08,1,0,0,0,2.5,0.08175623,0,0,0,1,0,0,0,0.08175623
1730306181871,-21.79422,1.536981,-0.2279186,-0.9890479,0.146905,-0.01427257,-2.85058,0.5084395,0.2018452,2.5,0.08175623,0,0,8.74228E-08,1,0,0,0,2.5,0.08175623,0,0,0,1,0,0,0,0.08175623
1730306181878,-21.79422,1.536981,-0.2279186,-0.9890479,0.146905,-0.01427257,0,0,0,2.5,0.08175623,0,0,8.74228E-08,1,0,0,0,2.5,0.08175623,0,0,0,1,0,0,0,0.08175623
1730306181899,-21.83043,1.53791,-0.2259254,-0.9885461,0.1504872,-0.01143265,-2.716112,0.06963015,0.1494884,2.5,0.08175623,0,0,8.74228E-08,1,0,0,0,2.5,0.08175623,0,0,0,1,0,0,0,0.08175623
1730306181906,-21.83043,1.53791,-0.2259254,-0.9885461,0.1504872,-0.01143265,0,0,0,2.5,0.08175623,0,0,8.74228E-08,1,0,0,0,2.5,0.08175623,0,0,0,1,0,0,0,0.08175623
1730306181928,-21.86694,1.543186,-0.2255554,-0.9923109,0.1230891,-0.01298869,-2.737999,0.3956974,0.02775192,2.5,0.08175623,0,0,8.74228E-08,1,0,0,0,2.5,0.08175623,0,0,0,1,0,0,0,0.08175623
1730306181934,-21.86694,1.543186,-0.2255554,-0.9923109,0.1230891,-0.01298869,0,0,0,2.5,0.08175623,0,0,8.74228E-08,1,0,0,0,2.5,0.08175623,0,0,0,1,0,0,0,0.08175623
1730306181941,-21.86694,1.543186,-0.2255554,-0.9923109,0.1230891,-0.01298869,0,0,0,2.5,0.08175623,0,0,8.74228E-08,1,0,0,0,2.5,0.08175623,0,0,0,1,0,0,0,0.08175623
1730306181956,-21.90219,1.548305,-0.2254848,-0.9933624,0.1135323,-0.01849139,-2.643728,0.3839672,0.005292892,2.5,0.08175623,0,0,8.74228E-08,1,0,0,0,2.5,0.08175623,0,0,0,1,0,0,0,0.08175623
1730306181963,-21.90219,1.548305,-0.2254848,-0.9933624,0.1135323,-0.01849139,0,0,0,2.5,0.08175623,0,0,8.74228E-08,1,0,0,0,2.5,0.08175623,0,0,0,1,0,0,0,0.08175623
1730306181984,-21.93739,1.55328,-0.2262535,-0.9940725,0.1058905,-0.02464247,-2.640009,0.3731042,-0.05764961,2.5,0.08175623,0,0,8.74228E-08,1,0,0,0,2.5,0.08175623,0,0,0,1,0,0,0,0.08175623
1730306181990,-21.93739,1.55328,-0.2262535,-0.9940725,0.1058905,-0.02464247,0,0,0,2.5,0.08175623,0,0,8.74228E-08,1,0,0,0,2.5,0.08175623,0,0,0,1,0,0,0,0.08175623
1730306182010,-21.97216,1.558189,-0.2272949,-0.9939542,0.1062783,-0.02757204,-2.607965,0.368169,-0.07810593,2.5,0.08175623,0,0,8.74228E-08,1,0,0,0,2.5,0.08175623,0,0,0,1,0,0,0,0.08175623
1730306182017,-21.97216,1.558189,-0.2272949,-0.9939542,0.1062783,-0.02757204,0,0,0,2.5,0.08175623,0,0,8.74228E-08,1,0,0,0,2.5,0.08175623,0,0,0,1,0,0,0,0.08175623
1730306182038,-22.00592,1.559746,-0.2282753,-0.9936547,0.1080896,-0.03110576,-2.532148,0.1167923,-0.07352829,2.5,0.08175623,0,0,8.74228E-08,1,0,0,0,2.5,0.08175623,0,0,0,1,0,0,0,0.08175623
1730306182045,-22.00592,1.559746,-0.2282753,-0.9936547,0.1080896,-0.03110576,0,0,0,2.5,0.08175623,0,0,8.74228E-08,1,0,0,0,2.5,0.08175623,0,0,0,1,0,0,0,0.08175623
1730306182067,-22.03997,1.559763,-0.2295647,-0.9936973,0.1052907,-0.03846991,-2.553177,0.00127852,-0.09670258,2.5,0.08175623,0,0,8.74228E-08,1,0,0,0,2.5,0.08175623,0,0,0,1,0,0,0,0.08175623
1730306182073,-22.03997,1.559763,-0.2295647,-0.9936973,0.1052907,-0.03846991,0,0,0,2.5,0.08175623,0,0,8.74228E-08,1,0,0,0,2.5,0.08175623,0,0,0,1,0,0,0,0.08175623
1730306182095,-22.07386,1.557005,-0.2302818,-0.9934349,0.1049379,-0.04555714,-2.542305,-0.2068788,-0.05378723,2.5,0.08175623,0,0,8.74228E-08,1,0,0,0,2.5,0.08175623,0,0,0,1,0,0,0,0.08175623
1730306182101,-22.07386,1.557005,-0.2302818,-0.9934349,0.1049379,-0.04555714,0,0,0,2.5,0.08175623,0,0,8.74228E-08,1,0,0,0,2.5,0.08175623,0,0,0,1,0,0,0,0.08175623
1730306182123,-22.10798,1.552819,-0.2310028,-0.9933979,0.103163,-0.05018365,-2.558756,-0.3139436,-0.05407333,2.5,0.08175623,0,0,8.74228E-08,1,0,0,0,2.5,0.08175623,0,0,0,1,0,0,0,0.08175623
1730306182128,-22.10798,1.552819,-0.2310028,-0.9933979,0.103163,-0.05018365,0,0,0,2.5,0.08175623,0,0,8.74228E-08,1,0,0,0,2.5,0.08175623,0,0,0,1,0,0,0,0.08175623
1730306182150,-22.14222,1.546997,-0.2322102,-0.9936637,0.09936192,-0.05253375,-2.567625,-0.4366547,-0.09055138,2.5,0.08175623,0,0,8.74228E-08,1,0,0,0,2.5,0.08175623,0,0,0,1,0,0,0,0.08175623
1730306182156,-22.14222,1.546997,-0.2322102,-0.9936637,0.09936192,-0.05253375,0,0,0,2.5,0.08175623,0,0,8.74228E-08,1,0,0,0,2.5,0.08175623,0,0,0,1,0,0,0,0.08175623
1730306182179,-22.17685,1.539503,-0.2333412,-0.9940401,0.09618638,-0.0513097,-2.597523,-0.5620301,-0.08482933,2.5,0.08175623,0,0,8.74228E-08,1,0,0,0,2.5,0.08175623,0,0,0,1,0,0,0,0.08175623
1730306182184,-22.17685,1.539503,-0.2333412,-0.9940401,0.09618638,-0.0513097,0,0,0,2.5,0.08175623,0,0,8.74228E-08,1,0,0,0,2.5,0.08175623,0,0,0,1,0,0,0,0.08175623
1730306182208,-22.21221,1.53053,-0.2343388,-0.9942129,0.09765775,-0.04477143,-2.651739,-0.6729484,-0.07481575,2.5,0.08175623,0,0,8.74228E-08,1,0,0,0,2.5,0.08175623,0,0,0,1,0,0,0,0.08175623
1730306182214,-22.21221,1.53053,-0.2343388,-0.9942129,0.09765775,-0.04477143,0,0,0,2.5,0.08175623,0,0,8.74228E-08,1,0,0,0,2.5,0.08175623,0,0,0,1,0,0,0,0.08175623
1730306182219,-22.21221,1.53053,-0.2343388,-0.9942129,0.09765775,-0.04477143,0,0,0,2.5,0.08175623,0,0,8.74228E-08,1,0,0,0,2.5,0.08175623,0,0,0,1,0,0,0,0.08175623
1730306182235,-22.24773,1.519349,-0.2358456,-0.9941603,0.1009363,-0.03817999,-2.664471,-0.8385926,-0.1130104,2.5,0.08175623,0,0,8.74228E-08,1,0,0,0,2.5,0.08175623,0,0,0,1,0,0,0,0.08175623
1730306182240,-22.24773,1.519349,-0.2358456,-0.9941603,0.1009363,-0.03817999,0,0,0,2.5,0.08175623,0,0,8.74228E-08,1,0,0,0,2.5,0.08175623,0,0,0,1,0,0,0,0.08175623
1730306182263,-22.28452,1.515956,-0.237442,-0.9951153,0.0927094,-0.03392625,-2.759027,-0.2544791,-0.1197338,2.5,0.08709025,0,0,8.74228E-08,1,0,0.4000515,0,2.5,0.08709025,0,0,0,1,0,0.4000515,0,0.08709025
1730306182268,-22.28452,1.515956,-0.237442,-0.9951153,0.0927094,-0.03392625,0,0,0,2.5,0.08709025,0,0,8.74228E-08,1,0,0,0,2.5,0.08709025,0,0,0,1,0,0,0,0.08709025
1730306182289,-22.32192,1.515158,-0.2398643,-0.9954634,0.08972646,-0.03165019,-2.804947,-0.05984008,-0.181675,2.5,0.09399843,0,0,8.74228E-08,1,0,0.5181134,0,2.5,0.09399843,0,0,0,1,0,0.5181134,0,0.09399843
1730306182296,-22.32192,1.515158,-0.2398643,-0.9954634,0.08972646,-0.03165019,0,0,0,2.5,0.09399843,0,0,8.74228E-08,1,0,0,0,2.5,0.09399843,0,0,0,1,0,0,0,0.09399843
1730306182317,-22.35975,1.515927,-0.2424698,-0.9959151,0.0850294,-0.03039598,-2.837276,0.05763173,-0.1954079,2.5,0.1006343,0,0,8.74228E-08,1,0,0.4976928,0,2.5,0.1006343,0,0,0,1,0,0.4976928,0,0.1006343
1730306182322,-22.35975,1.515927,-0.2424698,-0.9959151,0.0850294,-0.03039598,0,0,0,2.5,0.1006343,0,0,8.74228E-08,1,0,0,0,2.5,0.1006343,0,0,0,1,0,0,0,0.1006343
1730306182345,-22.39783,1.517697,-0.2454472,-0.9972453,0.06903028,-0.02714956,-2.855873,0.1327872,-0.2233028,2.5,0.1047161,0,0,8.74228E-08,1,0,0.3061295,0,2.5,0.1047161,0,0,0,1,0,0.3061295,0,0.1047161
1730306182351,-22.39783,1.517697,-0.2454472,-0.9972453,0.06903028,-0.02714956,0,0,0,2.5,0.1047161,0,0,8.74228E-08,1,0,0,0,2.5,0.1047161,0,0,0,1,0,0,0,0.1047161
1730306182373,-22.43611,1.523548,-0.2485466,-0.9965222,0.07993674,-0.0235337,-2.871037,0.4387915,-0.2324581,2.5,0.1047161,0,0,8.74228E-08,1,0,0,0,2.5,0.1047161,0,0,0,1,0,0,0,0.1047161
1730306182379,-22.43611,1.523548,-0.2485466,-0.9965222,0.07993674,-0.0235337,0,0,0,2.5,0.1047161,0,0,8.74228E-08,1,0,0,0,2.5,0.1047161,0,0,0,1,0,0,0,0.1047161
1730306182402,-22.47512,1.532593,-0.2513485,-0.9940438,0.1057092,-0.02651107,-2.926254,0.6783664,-0.2101421,2.5,0.1047161,0,0,8.74228E-08,1,0,0,0,2.5,0.1047161,0,0,0,1,0,0,0,0.1047161
1730306182407,-22.47512,1.532593,-0.2513485,-0.9940438,0.1057092,-0.02651107,0,0,0,2.5,0.1047161,0,0,8.74228E-08,1,0,0,0,2.5,0.1047161,0,0,0,1,0,0,0,0.1047161
1730306182430,-22.51251,1.536484,-0.2536106,-0.9928695,0.1146382,-0.03269088,-2.803802,0.2918601,-0.1696587,2.5,0.1047161,0,0,8.74228E-08,1,0,0,0,2.5,0.1047161,0,0,0,1,0,0,0,0.1047161
1730306182436,-22.51251,1.536484,-0.2536106,-0.9928695,0.1146382,-0.03269088,0,0,0,2.5,0.1047161,0,0,8.74228E-08,1,0,0,0,2.5,0.1047161,0,0,0,1,0,0,0,0.1047161
1730306182459,-22.54984,1.543485,-0.2545547,-0.9935524,0.1093177,-0.03005433,-2.800083,0.525105,-0.07081032,2.5,0.1047161,0,0,8.74228E-08,1,0,0,0,2.5,0.1047161,0,0,0,1,0,0,0,0.1047161
1730306182464,-22.54984,1.543485,-0.2545547,-0.9935524,0.1093177,-0.03005433,0,0,0,2.5,0.1047161,0,0,8.74228E-08,1,0,0,0,2.5,0.1047161,0,0,0,1,0,0,0,0.1047161
1730306182487,-22.58668,1.551926,-0.2542839,-0.9936776,0.1096839,-0.02397323,-2.762461,0.6330192,0.02031326,2.5,0.1047161,0,0,8.74228E-08,1,0,0,0,2.5,0.1047161,0,0,0,1,0,0,0,0.1047161
1730306182492,-22.58668,1.551926,-0.2542839,-0.9936776,0.1096839,-0.02397323,0,0,0,2.5,0.1047161,0,0,8.74228E-08,1,0,0,0,2.5,0.1047161,0,0,0,1,0,0,0,0.1047161
1730306182515,-22.6222,1.558175,-0.2523441,-0.9940451,0.1074103,-0.01837718,-2.664042,0.4686892,0.145483,2.5,0.1047161,0,0,8.74228E-08,1,0,0,0,2.5,0.1047161,0,0,0,1,0,0,0,0.1047161
1730306182520,-22.6222,1.558175,-0.2523441,-0.9940451,0.1074103,-0.01837718,0,0,0,2.5,0.1047161,0,0,8.74228E-08,1,0,0,0,2.5,0.1047161,0,0,0,1,0,0,0,0.1047161
1730306182543,-22.65729,1.564973,-0.2513695,-0.9952772,0.09611266,-0.01363516,-2.632141,0.5098879,0.07309914,2.5,0.1047161,0,0,8.74228E-08,1,0,0,0,2.5,0.1047161,0,0,0,1,0,0,0,0.1047161
1730306182548,-22.65729,1.564973,-0.2513695,-0.9952772,0.09611266,-0.01363516,0,0,0,2.5,0.1047161,0,0,8.74228E-08,1,0,0,0,2.5,0.1047161,0,0,0,1,0,0,0,0.1047161
1730306182571,-22.6905,1.569986,-0.2489071,-0.9959816,0.08928128,-0.007054448,-2.490377,0.3759384,0.184679,2.5,0.1047161,0,0,8.74228E-08,1,0,0,0,2.5,0.1047161,0,0,0,1,0,0,0,0.1047161
1730306182576,-22.6905,1.569986,-0.2489071,-0.9959816,0.08928128,-0.007054448,0,0,0,2.5,0.1047161,0,0,8.74228E-08,1,0,0,0,2.5,0.1047161,0,0,0,1,0,0,0,0.1047161
1730306182581,-22.6905,1.569986,-0.2489071,-0.9959816,0.08928128,-0.007054448,0,0,0,2.5,0.1047161,0,0,8.74228E-08,1,0,0,0,2.5,0.1047161,0,0,0,1,0,0,0,0.1047161
1730306182598,-22.72392,1.572242,-0.2486877,-0.9965802,0.08259588,0.002493501,-2.506971,0.1691937,0.01645088,2.5,0.1047161,0,0,8.74228E-08,1,0,0,0,2.5,0.1047161,0,0,0,1,0,0,0,0.1047161
1730306182604,-22.72392,1.572242,-0.2486877,-0.9965802,0.08259588,0.002493501,0,0,0,2.5,0.1047161,0,0,8.74228E-08,1,0,0,0,2.5,0.1047161,0,0,0,1,0,0,0,0.1047161
1730306182626,-22.75645,1.572532,-0.2474899,-0.9966072,0.08184427,0.008702815,-2.439451,0.02177954,0.08983612,2.5,0.1047161,0,0,8.74228E-08,1,0,0,0,2.5,0.1047161,0,0,0,1,0,0,0,0.1047161
1730306182633,-22.75645,1.572532,-0.2474899,-0.9966072,0.08184427,0.008702815,0,0,0,2.5,0.1047161,0,0,8.74228E-08,1,0,0,0,2.5,0.1047161,0,0,0,1,0,0,0,0.1047161
1730306182653,-22.78952,1.571883,-0.247509,-0.9958055,0.0902835,0.01485538,-2.480078,-0.04867315,-0.001430511,2.5,0.1047161,0,0,8.74228E-08,1,0,0,0,2.5,0.1047161,0,0,0,1,0,0,0,0.1047161
1730306182658,-22.78952,1.571883,-0.247509,-0.9958055,0.0902835,0.01485538,0,0,0,2.5,0.1047161,0,0,8.74228E-08,1,0,0,0,2.5,0.1047161,0,0,0,1,0,0,0,0.1047161
1730306182680,-22.82273,1.569058,-0.2477627,-0.9947504,0.1000119,0.02167118,-2.491093,-0.2119124,-0.0190258,2.5,0.1047161,0,0,8.74228E-08,1,0,0,0,2.5,0.1047161,0,0,0,1,0,0,0,0.1047161
1730306182686,-22.82273,1.569058,-0.2477627,-0.9947504,0.1000119,0.02167118,0,0,0,2.5,0.1047161,0,0,8.74228E-08,1,0,0,0,2.5,0.1047161,0,0,0,1,0,0,0,0.1047161
1730306182708,-22.85559,1.563999,-0.2477226,-0.9941481,0.1046669,0.02673471,-2.464771,-0.3794253,0.003004074,2.5,0.1047161,0,0,8.74228E-08,1,0,0,0,2.5,0.1047161,0,0,0,1,0,0,0,0.1047161
1730306182714,-22.85559,1.563999,-0.2477226,-0.9941481,0.1046669,0.02673471,0,0,0,2.5,0.1047161,0,0,8.74228E-08,1,0,0,0,2.5,0.1047161,0,0,0,1,0,0,0,0.1047161
1730306182737,-22.88933,1.55693,-0.2481918,-0.9940243,0.1060119,0.02602756,-2.530289,-0.5301654,-0.03519058,2.5,0.1047161,0,0,8.74228E-08,1,0,0,0,2.5,0.1047161,0,0,0,1,0,0,0,0.1047161
1730306182742,-22.88933,1.55693,-0.2481918,-0.9940243,0.1060119,0.02602756,0,0,0,2.5,0.1047161,0,0,8.74228E-08,1,0,0,0,2.5,0.1047161,0,0,0,1,0,0,0,0.1047161
1730306182765,-22.9226,1.547892,-0.2479153,-0.9938721,0.1082044,0.02259302,-2.494812,-0.67783,0.02074242,2.5,0.1047161,0,0,8.74228E-08,1,0,0,0,2.5,0.1047161,0,0,0,1,0,0,0,0.1047161
1730306182771,-22.9226,1.547892,-0.2479153,-0.9938721,0.1082044,0.02259302,0,0,0,2.5,0.1047161,0,0,8.74228E-08,1,0,0,0,2.5,0.1047161,0,0,0,1,0,0,0,0.1047161
1730306182792,-22.95763,1.538569,-0.2477818,-0.9939345,0.1084582,0.01820493,-2.627277,-0.6992251,0.01001358,2.5,0.1047161,0,0,8.74228E-08,1,0,0,0,2.5,0.1047161,0,0,0,1,0,0,0,0.1047161
1730306182798,-22.95763,1.538569,-0.2477818,-0.9939345,0.1084582,0.01820493,0,0,0,2.5,0.1047161,0,0,8.74228E-08,1,0,0,0,2.5,0.1047161,0,0,0,1,0,0,0,0.1047161
1730306182820,-22.99306,1.530745,-0.2472839,-0.9940383,0.1081966,0.01347452,-2.657747,-0.5868047,0.03733635,2.5,0.1047161,0,0,8.74228E-08,1,0,0,0,2.5,0.1047161,0,0,0,1,0,0,0,0.1047161
1730306182826,-22.99306,1.530745,-0.2472839,-0.9940383,0.1081966,0.01347452,0,0,0,2.5,0.1047161,0,0,8.74228E-08,1,0,0,0,2.5,0.1047161,0,0,0,1,0,0,0,0.1047161
1730306182848,-23.02944,1.524234,-0.246027,-0.9939897,0.1090159,0.01001799,-2.728415,-0.4883051,0.09427071,2.5,0.1047161,0,0,8.74228E-08,1,0,0,0,2.5,0.1047161,0,0,0,1,0,0,0,0.1047161
1730306182854,-23.02944,1.524234,-0.246027,-0.9939897,0.1090159,0.01001799,0,0,0,2.5,0.1047161,0,0,8.74228E-08,1,0,0,0,2.5,0.1047161,0,0,0,1,0,0,0,0.1047161
1730306182876,-23.06669,1.519379,-0.2440205,-0.9942724,0.106705,0.00604248,-2.793646,-0.3641546,0.1504898,2.5,0.1047161,0,0,8.74228E-08,1,0,0,0,2.5,0.1047161,0,0,0,1,0,0,0,0.1047161
1730306182881,-23.06669,1.519379,-0.2440205,-0.9942724,0.106705,0.00604248,0,0,0,2.5,0.1047161,0,0,8.74228E-08,1,0,0,0,2.5,0.1047161,0,0,0,1,0,0,0,0.1047161
1730306182887,-23.06669,1.519379,-0.2440205,-0.9942724,0.106705,0.00604248,0,0,0,2.5,0.1047161,0,0,8.74228E-08,1,0,0,0,2.5,0.1047161,0,0,0,1,0,0,0,0.1047161
1730306182904,-23.10347,1.516064,-0.2416496,-0.9951806,0.09805863,0.0007750392,-2.758598,-0.2485871,0.1778126,2.5,0.1047161,0,0,8.74228E-08,1,0,0,0,2.5,0.1047161,0,0,0,1,0,0,0,0.1047161
1730306182910,-23.10347,1.516064,-0.2416496,-0.9951806,0.09805863,0.0007750392,0,0,0,2.5,0.1047161,0,0,8.74228E-08,1,0,0,0,2.5,0.1047161,0,0,0,1,0,0,0,0.1047161
1730306182932,-23.1419,1.522095,-0.2381668,-0.9958113,0.09132224,-0.004528165,-2.881765,0.4523277,0.2612114,2.5,0.1047161,0,0,8.74228E-08,1,0,0,0,2.5,0.1047161,0,0,0,1,0,0,0,0.1047161
1730306182937,-23.1419,1.522095,-0.2381668,-0.9958113,0.09132224,-0.004528165,0,0,0,2.5,0.1047161,0,0,8.74228E-08,1,0,0,0,2.5,0.1047161,0,0,0,1,0,0,0,0.1047161
1730306182958,-23.18092,1.528611,-0.2341957,-0.9938644,0.110293,-0.008340478,-2.927113,0.4886448,0.2978325,2.5,0.1047161,0,0,8.74228E-08,1,0,0,0,2.5,0.1047161,0,0,0,1,0,0,0,0.1047161
1730306182964,-23.18092,1.528611,-0.2341957,-0.9938644,0.110293,-0.008340478,0,0,0,2.5,0.1047161,0,0,8.74228E-08,1,0,0,0,2.5,0.1047161,0,0,0,1,0,0,0,0.1047161
1730306182986,-23.21882,1.533416,-0.2312431,-0.9897553,0.1426627,-0.005692124,-2.84214,0.3603637,0.2214432,2.5,0.1047161,0,0,8.74228E-08,1,0,0,0,2.5,0.1047161,0,0,0,1,0,0,0,0.1047161
1730306182992,-23.21882,1.533416,-0.2312431,-0.9897553,0.1426627,-0.005692124,0,0,0,2.5,0.1047161,0,0,8.74228E-08,1,0,0,0,2.5,0.1047161,0,0,0,1,0,0,0,0.1047161
1730306183013,-23.25523,1.536068,-0.227581,-0.9901924,0.1397056,-0.001296163,-2.730846,0.1989126,0.2746582,2.5,0.1047161,0,0,8.74228E-08,1,0,0,0,2.5,0.1047161,0,0,0,1,0,0,0,0.1047161
1730306183019,-23.25523,1.536068,-0.227581,-0.9901924,0.1397056,-0.001296163,0,0,0,2.5,0.1047161,0,0,8.74228E-08,1,0,0,0,2.5,0.1047161,0,0,0,1,0,0,0,0.1047161
1730306183053,-23.29184,1.541375,-0.2262707,-0.9925833,0.1215591,0.001527429,-2.745438,0.3980219,0.09827614,2.5,0.1047161,0,0,8.74228E-08,1,0,0,0,2.5,0.1047161,0,0,0,1,0,0,0,0.1047161
1730306183059,-23.29184,1.541375,-0.2262707,-0.9925833,0.1215591,0.001527429,0,0,0,2.5,0.1047161,0,0,8.74228E-08,1,0,0,0,2.5,0.1047161,0,0,0,1,0,0,0,0.1047161
1730306183081,-23.34552,1.550282,-0.2277966,-0.9944287,0.1053316,0.004179478,-4.026031,0.6680667,-0.1144409,2.5,0.1047161,0,0,8.74228E-08,1,0,0,0,2.5,0.1047161,0,0,0,1,0,0,0,0.1047161
1730306183087,-23.34552,1.550282,-0.2277966,-0.9944287,0.1053316,0.004179478,0,0,0,2.5,0.1047161,0,0,8.74228E-08,1,0,0,0,2.5,0.1047161,0,0,0,1,0,0,0,0.1047161
1730306183092,-23.34552,1.550282,-0.2277966,-0.9944287,0.1053316,0.004179478,0,0,0,2.5,0.1047161,0,0,8.74228E-08,1,0,0,0,2.5,0.1047161,0,0,0,1,0,0,0,0.1047161
1730306183110,-23.38032,1.555906,-0.229847,-0.9953735,0.09580504,0.007297039,-2.610397,0.4217863,-0.15378,2.5,0.1047161,0,0,8.74228E-08,1,0,0,0,2.5,0.1047161,0,0,0,1,0,0,0,0.1047161
1730306183116,-23.38032,1.555906,-0.229847,-0.9953735,0.09580504,0.007297039,0,0,0,2.5,0.1047161,0,0,8.74228E-08,1,0,0,0,2.5,0.1047161,0,0,0,1,0,0,0,0.1047161
1730306183138,-23.41484,1.560798,-0.2319412,-0.9956379,0.09271351,0.01048386,-2.589226,0.3669262,-0.1570702,2.5,0.1047161,0,0,8.74228E-08,1,0,0,0,2.5,0.1047161,0,0,0,1,0,0,0,0.1047161
1730306183144,-23.41484,1.560798,-0.2319412,-0.9956379,0.09271351,0.01048386,0,0,0,2.5,0.1047161,0,0,8.74228E-08,1,0,0,0,2.5,0.1047161,0,0,0,1,0,0,0,0.1047161
1730306183166,-23.44863,1.562893,-0.2343597,-0.9958976,0.09000316,0.009368896,-2.533865,0.1571149,-0.1813889,2.5,0.1047161,0,0,8.74228E-08,1,0,0,0,2.5,0.1047161,0,0,0,1,0,0,0,0.1047161
1730306183172,-23.44863,1.562893,-0.2343597,-0.9958976,0.09000316,0.009368896,0,0,0,2.5,0.1047161,0,0,8.74228E-08,1,0,0,0,2.5,0.1047161,0,0,0,1,0,0,0,0.1047161
1730306183194,-23.48298,1.563309,-0.2364159,-0.9963341,0.08547483,0.003602922,-2.576494,0.03114939,-0.1542091,2.5,0.1047161,0,0,8.74228E-08,1,0,0,0,2.5,0.1047161,0,0,0,1,0,0,0,0.1047161
1730306183200,-23.48298,1.563309,-0.2364159,-0.9963341,0.08547483,0.003602922,0,0,0,2.5,0.1047161,0,0,8.74228E-08,1,0,0,0,2.5,0.1047161,0,0,0,1,0,0,0,0.1047161
1730306183223,-23.51661,1.561615,-0.2379093,-0.9961081,0.08810291,-0.002696037,-2.521992,-0.1270205,-0.112009,2.5,0.1047161,0,0,8.74228E-08,1,0,0,0,2.5,0.1047161,0,0,0,1,0,0,0,0.1047161
1730306183228,-23.51661,1.561615,-0.2379093,-0.9961081,0.08810291,-0.002696037,0,0,0,2.5,0.1047161,0,0,8.74228E-08,1,0,0,0,2.5,0.1047161,0,0,0,1,0,0,0,0.1047161
1730306183234,-23.51661,1.561615,-0.2379093,-0.9961081,0.08810291,-0.002696037,0,0,0,2.5,0.1047161,0,0,8.74228E-08,1,0,0,0,2.5,0.1047161,0,0,0,1,0,0,0,0.1047161
1730306183251,-23.5514,1.558335,-0.2395172,-0.9959216,0.08947742,-0.01160431,-2.60911,-0.2460301,-0.1205921,2.5,0.1047161,0,0,8.74228E-08,1,0,0,0,2.5,0.1047161,0,0,0,1,0,0,0,0.1047161
1730306183256,-23.5514,1.558335,-0.2395172,-0.9959216,0.08947742,-0.01160431,0,0,0,2.5,0.1047161,0,0,8.74228E-08,1,0,0,0,2.5,0.1047161,0,0,0,1,0,0,0,0.1047161
1730306183278,-23.58581,1.55326,-0.2406502,-0.9959232,0.08813334,-0.01922691,-2.580786,-0.3805965,-0.08497238,2.5,0.1047161,0,0,8.74228E-08,1,0,0,0,2.5,0.1047161,0,0,0,1,0,0,0,0.1047161
1730306183284,-23.58581,1.55326,-0.2406502,-0.9959232,0.08813334,-0.01922691,0,0,0,2.5,0.1047161,0,0,8.74228E-08,1,0,0,0,2.5,0.1047161,0,0,0,1,0,0,0,0.1047161
1730306183304,-23.62036,1.546119,-0.2416019,-0.9960331,0.08543131,-0.02490079,-2.591515,-0.5355746,-0.07138252,2.5,0.1047161,0,0,8.74228E-08,1,0,0,0,2.5,0.1047161,0,0,0,1,0,0,0,0.1047161
1730306183310,-23.62036,1.546119,-0.2416019,-0.9960331,0.08543131,-0.02490079,0,0,0,2.5,0.1047161,0,0,8.74228E-08,1,0,0,0,2.5,0.1047161,0,0,0,1,0,0,0,0.1047161
1730306183333,-23.6562,1.537757,-0.242733,-0.9959347,0.08629374,-0.02584529,-2.688074,-0.627172,-0.08482933,2.5,0.1047161,0,0,8.74228E-08,1,0,0,0,2.5,0.1047161,0,0,0,1,0,0,0,0.1047161
1730306183339,-23.6562,1.537757,-0.242733,-0.9959347,0.08629374,-0.02584529,0,0,0,2.5,0.1047161,0,0,8.74228E-08,1,0,0,0,2.5,0.1047161,0,0,0,1,0,0,0,0.1047161
1730306183361,-23.69267,1.527916,-0.2437534,-0.9955543,0.09085725,-0.02483964,-2.735281,-0.7380277,-0.07653236,2.5,0.1047161,0,0,8.74228E-08,1,0,0,0,2.5,0.1047161,0,0,0,1,0,0,0,0.1047161
1730306183367,-23.69267,1.527916,-0.2437534,-0.9955543,0.09085725,-0.02483964,0,0,0,2.5,0.1047161,0,0,8.74228E-08,1,0,0,0,2.5,0.1047161,0,0,0,1,0,0,0,0.1047161
1730306183389,-23.72901,1.517947,-0.2456188,-0.9956564,0.08985964,-0.02437317,-2.72541,-0.7476836,-0.139904,2.5,0.1047161,0,0,8.74228E-08,1,0,0,0,2.5,0.1047161,0,0,0,1,0,0,0,0.1047161
1730306183395,-23.72901,1.517947,-0.2456188,-0.9956564,0.08985964,-0.02437317,0,0,0,2.5,0.1047161,0,0,8.74228E-08,1,0,0,0,2.5,0.1047161,0,0,0,1,0,0,0,0.1047161
1730306183417,-23.7654,1.516299,-0.2477036,-0.9963523,0.08208145,-0.02335358,-2.72913,-0.123632,-0.1563549,2.5,0.1104794,0,0,8.74228E-08,1,0,0.4322469,0,2.5,0.1104794,0,0,0,1,0,0.4322469,0,0.1104794
1730306183423,-23.7654,1.516299,-0.2477036,-0.9963523,0.08208145,-0.02335358,0,0,0,2.5,0.1104794,0,0,8.74228E-08,1,0,0,0,2.5,0.1104794,0,0,0,1,0,0,0,0.1104794
1730306183445,-23.80285,1.516054,-0.2502575,-0.9963151,0.08342709,-0.01991379,-2.80838,-0.01835525,-0.1915455,2.5,0.1150196,0,0,8.74228E-08,1,0,0.3405154,0,2.5,0.1150196,0,0,0,1,0,0.3405154,0,0.1150196
1730306183451,-23.80285,1.516054,-0.2502575,-0.9963151,0.08342709,-0.01991379,0,0,0,2.5,0.1150196,0,0,8.74228E-08,1,0,0,0,2.5,0.1150196,0,0,0,1,0,0,0,0.1150196
1730306183456,-23.80285,1.516054,-0.2502575,-0.9963151,0.08342709,-0.01991379,0,0,0,2.5,0.1150196,0,0,8.74228E-08,1,0,0,0,2.5,0.1150196,0,0,0,1,0,0,0,0.1150196
1730306183473,-23.83953,1.515622,-0.2527161,-0.9963203,0.08401644,-0.01694965,-2.751446,-0.03240108,-0.1843929,2.5,0.1184365,0,0,8.74228E-08,1,0,0.2562672,0,2.5,0.1184365,0,0,0,1,0,0.2562672,0,0.1184365
1730306183479,-23.83953,1.515622,-0.2527161,-0.9963203,0.08401644,-0.01694965,0,0,0,2.5,0.1184365,0,0,8.74228E-08,1,0,0,0,2.5,0.1184365,0,0,0,1,0,0,0,0.1184365
1730306183498,-23.87581,1.519435,-0.2551823,-0.9978528,0.0637151,-0.01518619,-2.720976,0.2859592,-0.1849651,2.5,0.1201024,0,0,8.74228E-08,1,0,0.1249462,0,2.5,0.1201024,0,0,0,1,0,0.1249462,0,0.1201024
1730306183525,-23.91391,1.526463,-0.2576027,-0.9956396,0.09248163,-0.01222014,-2.857161,0.5271167,-0.1815319,2.5,0.1201024,0,0,8.74228E-08,1,0,0,0,2.5,0.1201024,0,0,0,1,0,0,0,0.1201024
1730306183531,-23.91391,1.526463,-0.2576027,-0.9956396,0.09248163,-0.01222014,0,0,0,2.5,0.1201024,0,0,8.74228E-08,1,0,0,0,2.5,0.1201024,0,0,0,1,0,0,0,0.1201024
1730306183554,-23.94902,1.535384,-0.2618523,-0.9926698,0.120192,-0.01267719,-2.633858,0.669077,-0.318718,2.5,0.1201024,0,0,8.74228E-08,1,0,0,0,2.5,0.1201024,0,0,0,1,0,0,0,0.1201024
1730306183559,-23.94902,1.535384,-0.2618523,-0.9926698,0.120192,-0.01267719,0,0,0,2.5,0.1201024,0,0,8.74228E-08,1,0,0,0,2.5,0.1201024,0,0,0,1,0,0,0,0.1201024
1730306183582,-23.98477,1.538922,-0.2636547,-0.9873098,0.1577987,-0.01787114,-2.680922,0.2653152,-0.1351833,2.5,0.1201024,0,0,8.74228E-08,1,0,0,0,2.5,0.1201024,0,0,0,1,0,0,0,0.1201024
1730306183588,-23.98477,1.538922,-0.2636547,-0.9873098,0.1577987,-0.01787114,0,0,0,2.5,0.1201024,0,0,8.74228E-08,1,0,0,0,2.5,0.1201024,0,0,0,1,0,0,0,0.1201024
1730306183611,-24.02128,1.543995,-0.2692966,-0.988342,0.1499462,-0.02639151,-2.738428,0.3804713,-0.4231453,2.5,0.1201024,0,0,8.74228E-08,1,0,0,0,2.5,0.1201024,0,0,0,1,0,0,0,0.1201024
1730306183617,-24.02128,1.543995,-0.2692966,-0.988342,0.1499462,-0.02639151,0,0,0,2.5,0.1201024,0,0,8.74228E-08,1,0,0,0,2.5,0.1201024,0,0,0,1,0,0,0,0.1201024
1730306183622,-24.02128,1.543995,-0.2692966,-0.988342,0.1499462,-0.02639151,0,0,0,2.5,0.1201024,0,0,8.74228E-08,1,0,0,0,2.5,0.1201024,0,0,0,1,0,0,0,0.1201024
1730306183639,-24.05767,1.551367,-0.2712154,-0.990229,0.13642,-0.02892363,-2.728987,0.5529553,-0.1439095,2.5,0.1201024,0,0,8.74228E-08,1,0,0,0,2.5,0.1201024,0,0,0,1,0,0,0,0.1201024
1730306183645,-24.05767,1.551367,-0.2712154,-0.990229,0.13642,-0.02892363,0,0,0,2.5,0.1201024,0,0,8.74228E-08,1,0,0,0,2.5,0.1201024,0,0,0,1,0,0,0,0.1201024
1730306183667,-24.09324,1.557038,-0.2702713,-0.991381,0.1271566,-0.03154564,-2.667475,0.4252732,0.07081032,2.5,0.1201024,0,0,8.74228E-08,1,0,0,0,2.5,0.1201024,0,0,0,1,0,0,0,0.1201024
1730306183673,-24.09324,1.557038,-0.2702713,-0.991381,0.1271566,-0.03154564,0,0,0,2.5,0.1201024,0,0,8.74228E-08,1,0,0,0,2.5,0.1201024,0,0,0,1,0,0,0,0.1201024
1730306183694,-24.12672,1.564088,-0.2691097,-0.992402,0.1178959,-0.03520489,-2.511406,0.5287528,0.08711815,2.5,0.1201024,0,0,8.74228E-08,1,0,0,0,2.5,0.1201024,0,0,0,1,0,0,0,0.1201024
1730306183699,-24.12672,1.564088,-0.2691097,-0.992402,0.1178959,-0.03520489,0,0,0,2.5,0.1201024,0,0,8.74228E-08,1,0,0,0,2.5,0.1201024,0,0,0,1,0,0,0,0.1201024
1730306183722,-24.16227,1.568772,-0.2675743,-0.9926716,0.1155152,-0.03549278,-2.666473,0.3513336,0.1151562,2.5,0.1201024,0,0,8.74228E-08,1,0,0,0,2.5,0.1201024,0,0,0,1,0,0,0,0.1201024
1730306183728,-24.16227,1.568772,-0.2675743,-0.9926716,0.1155152,-0.03549278,0,0,0,2.5,0.1201024,0,0,8.74228E-08,1,0,0,0,2.5,0.1201024,0,0,0,1,0,0,0,0.1201024
1730306183750,-24.19579,1.570905,-0.2663021,-0.9940392,0.1049462,-0.02954209,-2.513981,0.1600027,0.09541512,2.5,0.1201024,0,0,8.74228E-08,1,0,0,0,2.5,0.1201024,0,0,0,1,0,0,0,0.1201024
1730306183756,-24.19579,1.570905,-0.2663021,-0.9940392,0.1049462,-0.02954209,0,0,0,2.5,0.1201024,0,0,8.74228E-08,1,0,0,0,2.5,0.1201024,0,0,0,1,0,0,0,0.1201024
1730306183778,-24.23011,1.570426,-0.2657032,-0.9952605,0.09476459,-0.02182841,-2.574062,-0.0359416,0.04491806,2.5,0.1201024,0,0,8.74228E-08,1,0,0,0,2.5,0.1201024,0,0,0,1,0,0,0,0.1201024
1730306183785,-24.23011,1.570426,-0.2657032,-0.9952605,0.09476459,-0.02182841,0,0,0,2.5,0.1201024,0,0,8.74228E-08,1,0,0,0,2.5,0.1201024,0,0,0,1,0,0,0,0.1201024
1730306183806,-24.26308,1.568615,-0.2652683,-0.9956194,0.09233993,-0.01468253,-2.472496,-0.1358628,0.03261566,2.5,0.1201024,0,0,8.74228E-08,1,0,0,0,2.5,0.1201024,0,0,0,1,0,0,0,0.1201024
1730306183812,-24.26308,1.568615,-0.2652683,-0.9956194,0.09233993,-0.01468253,0,0,0,2.5,0.1201024,0,0,8.74228E-08,1,0,0,0,2.5,0.1201024,0,0,0,1,0,0,0,0.1201024
1730306183834,-24.29682,1.565303,-0.2654037,-0.9958029,0.09126924,-0.006872296,-2.530146,-0.2483994,-0.01015663,2.5,0.1201024,0,0,8.74228E-08,1,0,0,0,2.5,0.1201024,0,0,0,1,0,0,0,0.1201024
1730306183840,-24.29682,1.565303,-0.2654037,-0.9958029,0.09126924,-0.006872296,0,0,0,2.5,0.1201024,0,0,8.74228E-08,1,0,0,0,2.5,0.1201024,0,0,0,1,0,0,0,0.1201024
1730306183862,-24.33108,1.559999,-0.2665043,-0.995857,0.09092358,-0.001511812,-2.569485,-0.3977537,-0.08254051,2.5,0.1201024,0,0,8.74228E-08,1,0,0,0,2.5,0.1201024,0,0,0,1,0,0,0,0.1201024
1730306183868,-24.33108,1.559999,-0.2665043,-0.995857,0.09092358,-0.001511812,0,0,0,2.5,0.1201024,0,0,8.74228E-08,1,0,0,0,2.5,0.1201024,0,0,0,1,0,0,0,0.1201024
1730306183873,-24.33108,1.559999,-0.2665043,-0.995857,0.09092358,-0.001511812,0,0,0,2.5,0.1201024,0,0,8.74228E-08,1,0,0,0,2.5,0.1201024,0,0,0,1,0,0,0,0.1201024
1730306183890,-24.36384,1.552847,-0.2683582,-0.995589,0.09375446,-0.003629684,-2.45719,-0.5364597,-0.1390457,2.5,0.1201024,0,0,8.74228E-08,1,0,0,0,2.5,0.1201024,0,0,0,1,0,0,0,0.1201024
1730306183896,-24.36384,1.552847,-0.2683582,-0.995589,0.09375446,-0.003629684,0,0,0,2.5,0.1201024,0,0,8.74228E-08,1,0,0,0,2.5,0.1201024,0,0,0,1,0,0,0,0.1201024
1730306183918,-24.3993,1.543883,-0.2692356,-0.9950381,0.09926143,-0.00683701,-2.659464,-0.6722599,-0.06580353,2.5,0.1201024,0,0,8.74228E-08,1,0,0,0,2.5,0.1201024,0,0,0,1,0,0,0,0.1201024
1730306183924,-24.3993,1.543883,-0.2692356,-0.9950381,0.09926143,-0.00683701,0,0,0,2.5,0.1201024,0,0,8.74228E-08,1,0,0,0,2.5,0.1201024,0,0,0,1,0,0,0,0.1201024
1730306183944,-24.43468,1.534956,-0.2699261,-0.995236,0.09679272,-0.01168084,-2.653599,-0.6695241,-0.05178452,2.5,0.1201024,0,0,8.74228E-08,1,0,0,0,2.5,0.1201024,0,0,0,1,0,0,0,0.1201024
1730306183949,-24.43468,1.534956,-0.2699261,-0.995236,0.09679272,-0.01168084,0,0,0,2.5,0.1201024,0,0,8.74228E-08,1,0,0,0,2.5,0.1201024,0,0,0,1,0,0,0,0.1201024
1730306183972,-24.47076,1.526858,-0.2699413,-0.995631,0.09173833,-0.01741982,-2.706242,-0.6073684,-0.001144409,2.5,0.1201024,0,0,8.74228E-08,1,0,0,0,2.5,0.1201024,0,0,0,1,0,0,0,0.1201024
1730306183978,-24.47076,1.526858,-0.2699413,-0.995631,0.09173833,-0.01741982,0,0,0,2.5,0.1201024,0,0,8.74228E-08,1,0,0,0,2.5,0.1201024,0,0,0,1,0,0,0,0.1201024
1730306184000,-24.5078,1.520504,-0.2691784,-0.9963976,0.08155232,-0.02326703,-2.778196,-0.476557,0.05722046,2.5,0.1201024,0,0,8.74228E-08,1,0,0,0,2.5,0.1201024,0,0,0,1,0,0,0,0.1201024
1730306184006,-24.5078,1.520504,-0.2691784,-0.9963976,0.08155232,-0.02326703,0,0,0,2.5,0.1201024,0,0,8.74228E-08,1,0,0,0,2.5,0.1201024,0,0,0,1,0,0,0,0.1201024
1730306184028,-24.54443,1.516123,-0.2678051,-0.9967517,0.07638562,-0.02552807,-2.746582,-0.3285527,0.1029968,2.5,0.1201024,0,0,8.74228E-08,1,0,0,0,2.5,0.1201024,0,0,0,1,0,0,0,0.1201024
1730306184035,-24.54443,1.516123,-0.2678051,-0.9967517,0.07638562,-0.02552807,0,0,0,2.5,0.1201024,0,0,8.74228E-08,1,0,0,0,2.5,0.1201024,0,0,0,1,0,0,0,0.1201024
1730306184056,-24.58207,1.517166,-0.265871,-0.997518,0.06545585,-0.02595305,-2.823114,0.07818639,0.1450539,2.5,0.1224529,0,0,8.74228E-08,1,0,0.1762837,0,2.5,0.1224529,0,0,0,1,0,0.1762837,0,0.1224529
1730306184062,-24.58207,1.517166,-0.265871,-0.997518,0.06545585,-0.02595305,0,0,0,2.5,0.1224529,0,0,8.74228E-08,1,0,0,0,2.5,0.1224529,0,0,0,1,0,0,0,0.1224529
1730306184084,-24.61948,1.523171,-0.2626915,-0.9964136,0.08013012,-0.02719164,-2.805662,0.4504144,0.2384663,2.5,0.1224529,0,0,8.74228E-08,1,0,0,0,2.5,0.1224529,0,0,0,1,0,0,0,0.1224529
1730306184090,-24.61948,1.523171,-0.2626915,-0.9964136,0.08013012,-0.02719164,0,0,0,2.5,0.1224529,0,0,8.74228E-08,1,0,0,0,2.5,0.1224529,0,0,0,1,0,0,0,0.1224529
1730306184112,-24.65715,1.530695,-0.2603016,-0.9948448,0.09773884,-0.02704763,-2.825546,0.5643278,0.1792431,2.5,0.1224529,0,0,8.74228E-08,1,0,0,0,2.5,0.1224529,0,0,0,1,0,0,0,0.1224529
1730306184118,-24.65715,1.530695,-0.2603016,-0.9948448,0.09773884,-0.02704763,0,0,0,2.5,0.1224529,0,0,8.74228E-08,1,0,0,0,2.5,0.1224529,0,0,0,1,0,0,0,0.1224529
1730306184140,-24.69324,1.534285,-0.2578125,-0.992116,0.1235431,-0.02105224,-2.706528,0.2692491,0.1866817,2.5,0.1224529,0,0,8.74228E-08,1,0,0,0,2.5,0.1224529,0,0,0,1,0,0,0,0.1224529
1730306184146,-24.69324,1.534285,-0.2578125,-0.992116,0.1235431,-0.02105224,0,0,0,2.5,0.1224529,0,0,8.74228E-08,1,0,0,0,2.5,0.1224529,0,0,0,1,0,0,0,0.1224529
1730306184168,-24.72961,1.538624,-0.256773,-0.9924935,0.121501,-0.0139389,-2.727699,0.3253877,0.07796288,2.5,0.1224529,0,0,8.74228E-08,1,0,0,0,2.5,0.1224529,0,0,0,1,0,0,0,0.1224529
1730306184174,-24.72961,1.538624,-0.256773,-0.9924935,0.121501,-0.0139389,0,0,0,2.5,0.1224529,0,0,8.74228E-08,1,0,0,0,2.5,0.1224529,0,0,0,1,0,0,0,0.1224529
1730306184196,-24.76577,1.545671,-0.2589722,-0.9936207,0.1124653,-0.008339167,-2.711964,0.5285203,-0.164938,2.5,0.1224529,0,0,8.74228E-08,1,0,0,0,2.5,0.1224529,0,0,0,1,0,0,0,0.1224529
1730306184203,-24.76577,1.545671,-0.2589722,-0.9936207,0.1124653,-0.008339167,0,0,0,2.5,0.1224529,0,0,8.74228E-08,1,0,0,0,2.5,0.1224529,0,0,0,1,0,0,0,0.1224529
1730306184211,-24.76577,1.545671,-0.2589722,-0.9936207,0.1124653,-0.008339167,0,0,0,2.5,0.1224529,0,0,8.74228E-08,1,0,0,0,2.5,0.1224529,0,0,0,1,0,0,0,0.1224529
1730306184223,-24.80019,1.551428,-0.265501,-0.9948962,0.100887,-0.001982808,-2.581501,0.4318178,-0.4896641,2.5,0.1224529,0,0,8.74228E-08,1,0,0,0,2.5,0.1224529,0,0,0,1,0,0,0,0.1224529
1730306184230,-24.80019,1.551428,-0.265501,-0.9948962,0.100887,-0.001982808,0,0,0,2.5,0.1224529,0,0,8.74228E-08,1,0,0,0,2.5,0.1224529,0,0,0,1,0,0,0,0.1224529
1730306184251,-24.83598,1.557875,-0.2671146,-0.99563,0.09311377,0.007166922,-2.684498,0.4834771,-0.1210213,2.5,0.1224529,0,0,8.74228E-08,1,0,0,0,2.5,0.1224529,0,0,0,1,0,0,0,0.1224529
1730306184258,-24.83598,1.557875,-0.2671146,-0.99563,0.09311377,0.007166922,0,0,0,2.5,0.1224529,0,0,8.74228E-08,1,0,0,0,2.5,0.1224529,0,0,0,1,0,0,0,0.1224529
1730306184276,-24.87024,1.563524,-0.2721558,-0.9957649,0.0903773,0.01686299,-2.569485,0.4236728,-0.3780842,2.5,0.1224529,0,0,8.74228E-08,1,0,0,0,2.5,0.1224529,0,0,0,1,0,0,0,0.1224529
1730306184282,-24.87024,1.563524,-0.2721558,-0.9957649,0.0903773,0.01686299,0,0,0,2.5,0.1224529,0,0,8.74228E-08,1,0,0,0,2.5,0.1224529,0,0,0,1,0,0,0,0.1224529
1730306184303,-24.90433,1.5667,-0.2763748,-0.9960611,0.08647577,0.01961273,-2.556753,0.2382249,-0.3164291,2.5,0.1224529,0,0,8.74228E-08,1,0,0,0,2.5,0.1224529,0,0,0,1,0,0,0,0.1224529
1730306184310,-24.90433,1.5667,-0.2763748,-0.9960611,0.08647577,0.01961273,0,0,0,2.5,0.1224529,0,0,8.74228E-08,1,0,0,0,2.5,0.1224529,0,0,0,1,0,0,0,0.1224529
1730306184331,-24.91152,1.572238,-0.2750187,-0.9964034,0.08285308,0.01777703,-0.5394459,0.4153311,0.1017094,2.5,0.1224529,0,0,8.74228E-08,1,0,0,0,2.5,0.1224529,0,0,0,1,0,0,0,0.1224529
1730306184338,-24.91152,1.572238,-0.2750187,-0.9964034,0.08285308,0.01777703,0,0,0,2.5,0.1224529,0,0,8.74228E-08,1,0,0,0,2.5,0.1224529,0,0,0,1,0,0,0,0.1224529
1730306184360,-24.88348,1.582086,-0.2685623,-0.9962187,0.08607825,0.01179117,2.103281,0.7386446,0.4842281,2.5,0.1224529,0,0,8.74228E-08,1,0,0,0,2.5,0.1224529,0,0,0,1,0,0,0,0.1224529
1730306184366,-24.88348,1.582086,-0.2685623,-0.9962187,0.08607825,0.01179117,0,0,0,2.5,0.1224529,0,0,8.74228E-08,1,0,0,0,2.5,0.1224529,0,0,0,1,0,0,0,0.1224529
1730306184388,-24.91835,1.579596,-0.270586,-0.9957812,0.0916092,0.005300641,-2.615118,-0.186789,-0.1517773,2.5,0.1224529,0,0,8.74228E-08,1,0,0,0,2.5,0.1224529,0,0,0,1,0,0,0,0.1224529
1730306184394,-24.91835,1.579596,-0.270586,-0.9957812,0.0916092,0.005300641,0,0,0,2.5,0.1224529,0,0,8.74228E-08,1,0,0,0,2.5,0.1224529,0,0,0,1,0,0,0,0.1224529
1730306184416,-24.95203,1.575,-0.2716732,-0.995459,0.09518513,-0.001204252,-2.525997,-0.3446996,-0.08153915,2.5,0.1224529,0,0,8.74228E-08,1,0,0,0,2.5,0.1224529,0,0,0,1,0,0,0,0.1224529
1730306184422,-24.95203,1.575,-0.2716732,-0.995459,0.09518513,-0.001204252,0,0,0,2.5,0.1224529,0,0,8.74228E-08,1,0,0,0,2.5,0.1224529,0,0,0,1,0,0,0,0.1224529
1730306184444,-24.98681,1.568211,-0.273056,-0.9953879,0.09587573,-0.003316164,-2.60911,-0.5091548,-0.1037121,2.5,0.1224529,0,0,8.74228E-08,1,0,0,0,2.5,0.1224529,0,0,0,1,0,0,0,0.1224529
1730306184451,-24.98681,1.568211,-0.273056,-0.9953879,0.09587573,-0.003316164,0,0,0,2.5,0.1224529,0,0,8.74228E-08,1,0,0,0,2.5,0.1224529,0,0,0,1,0,0,0,0.1224529
1730306184472,-25.02201,1.559485,-0.2745037,-0.9951822,0.09803767,-0.001248837,-2.639294,-0.654459,-0.1085758,2.5,0.1224529,0,0,8.74228E-08,1,0,0,0,2.5,0.1224529,0,0,0,1,0,0,0,0.1224529
1730306184479,-25.02201,1.559485,-0.2745037,-0.9951822,0.09803767,-0.001248837,0,0,0,2.5,0.1224529,0,0,8.74228E-08,1,0,0,0,2.5,0.1224529,0,0,0,1,0,0,0,0.1224529
1730306184501,-25.05712,1.548679,-0.2760544,-0.9947457,0.1023531,0.002294183,-2.633715,-0.8104384,-0.1163006,2.5,0.1224529,0,0,8.74228E-08,1,0,0,0,2.5,0.1224529,0,0,0,1,0,0,0,0.1224529
1730306184507,-25.05712,1.548679,-0.2760544,-0.9947457,0.1023531,0.002294183,0,0,0,2.5,0.1224529,0,0,8.74228E-08,1,0,0,0,2.5,0.1224529,0,0,0,1,0,0,0,0.1224529
1730306184528,-25.0929,1.538789,-0.2776928,-0.9952236,0.09746619,0.005548298,-2.68364,-0.7417381,-0.1228809,2.5,0.1224529,0,0,8.74228E-08,1,0,0,0,2.5,0.1224529,0,0,0,1,0,0,0,0.1224529
1730306184535,-25.0929,1.538789,-0.2776928,-0.9952236,0.09746619,0.005548298,0,0,0,2.5,0.1224529,0,0,8.74228E-08,1,0,0,0,2.5,0.1224529,0,0,0,1,0,0,0,0.1224529
1730306184541,-25.0929,1.538789,-0.2776928,-0.9952236,0.09746619,0.005548298,0,0,0,2.5,0.1224529,0,0,8.74228E-08,1,0,0,0,2.5,0.1224529,0,0,0,1,0,0,0,0.1224529
1730306184556,-25.12759,1.531113,-0.2789059,-0.9956058,0.09297647,0.01116472,-2.601814,-0.5757183,-0.09098053,2.5,0.1224529,0,0,8.74228E-08,1,0,0,0,2.5,0.1224529,0,0,0,1,0,0,0,0.1224529
1730306184563,-25.12759,1.531113,-0.2789059,-0.9956058,0.09297647,0.01116472,0,0,0,2.5,0.1224529,0,0,8.74228E-08,1,0,0,0,2.5,0.1224529,0,0,0,1,0,0,0,0.1224529
1730306184584,-25.16534,1.524214,-0.2813606,-0.9958308,0.08926708,0.01878756,-2.830982,-0.5174428,-0.1841068,2.5,0.1224529,0,0,8.74228E-08,1,0,0,0,2.5,0.1224529,0,0,0,1,0,0,0,0.1224529
1730306184592,-25.16534,1.524214,-0.2813606,-0.9958308,0.08926708,0.01878756,0,0,0,2.5,0.1224529,0,0,8.74228E-08,1,0,0,0,2.5,0.1224529,0,0,0,1,0,0,0,0.1224529
1730306184610,-25.20106,1.518541,-0.2837639,-0.9962671,0.08234499,0.02591372,-2.679062,-0.4254341,-0.1802444,2.5,0.1224529,0,0,8.74228E-08,1,0,0,0,2.5,0.1224529,0,0,0,1,0,0,0,0.1224529
1730306184616,-25.20106,1.518541,-0.2837639,-0.9962671,0.08234499,0.02591372,0,0,0,2.5,0.1224529,0,0,8.74228E-08,1,0,0,0,2.5,0.1224529,0,0,0,1,0,0,0,0.1224529
1730306184637,-25.23921,1.524121,-0.2867908,-0.9975871,0.06241315,0.0304125,-2.861309,0.4184783,-0.2270222,2.5,0.1224529,0,0,8.74228E-08,1,0,0,0,2.5,0.1224529,0,0,0,1,0,0,0,0.1224529
1730306184643,-25.23921,1.524121,-0.2867908,-0.9975871,0.06241315,0.0304125,0,0,0,2.5,0.1224529,0,0,8.74228E-08,1,0,0,0,2.5,0.1224529,0,0,0,1,0,0,0,0.1224529
1730306184665,-25.27763,1.529677,-0.2922897,-0.9965828,0.07719358,0.02939999,-2.881622,0.4166901,-0.4124165,2.5,0.1224529,0,0,8.74228E-08,1,0,0,0,2.5,0.1224529,0,0,0,1,0,0,0,0.1224529
1730306184671,-25.27763,1.529677,-0.2922897,-0.9965828,0.07719358,0.02939999,0,0,0,2.5,0.1224529,0,0,8.74228E-08,1,0,0,0,2.5,0.1224529,0,0,0,1,0,0,0,0.1224529
1730306184694,-25.31473,1.538127,-0.2988605,-0.9945163,0.1029404,0.01846451,-2.782345,0.6337523,-0.4928112,2.5,0.1224529,0,0,8.74228E-08,1,0,0,0,2.5,0.1224529,0,0,0,1,0,0,0,0.1224529
1730306184700,-25.31473,1.538127,-0.2988605,-0.9945163,0.1029404,0.01846451,0,0,0,2.5,0.1224529,0,0,8.74228E-08,1,0,0,0,2.5,0.1224529,0,0,0,1,0,0,0,0.1224529
1730306184722,-25.35195,1.544618,-0.3010712,-0.9933068,0.11523,0.008020759,-2.791643,0.4868388,-0.1657963,2.5,0.1224529,0,0,8.74228E-08,1,0,0,0,2.5,0.1224529,0,0,0,1,0,0,0,0.1224529
1730306184728,-25.35195,1.544618,-0.3010712,-0.9933068,0.11523,0.008020759,0,0,0,2.5,0.1224529,0,0,8.74228E-08,1,0,0,0,2.5,0.1224529,0,0,0,1,0,0,0,0.1224529
1730306184750,-25.38754,1.551942,-0.3062248,-0.993847,0.1105965,0.006082773,-2.668619,0.5492806,-0.3865242,2.5,0.1224529,0,0,8.74228E-08,1,0,0,0,2.5,0.1224529,0,0,0,1,0,0,0,0.1224529
1730306184756,-25.38754,1.551942,-0.3062248,-0.993847,0.1105965,0.006082773,0,0,0,2.5,0.1224529,0,0,8.74228E-08,1,0,0,0,2.5,0.1224529,0,0,0,1,0,0,0,0.1224529
1730306184778,-25.42368,1.559494,-0.3063526,-0.994267,0.1063338,0.01126218,-2.710676,0.5664021,-0.009584427,2.5,0.1224529,0,0,8.74228E-08,1,0,0,0,2.5,0.1224529,0,0,0,1,0,0,0,0.1224529
1730306184784,-25.42368,1.559494,-0.3063526,-0.994267,0.1063338,0.01126218,0,0,0,2.5,0.1224529,0,0,8.74228E-08,1,0,0,0,2.5,0.1224529,0,0,0,1,0,0,0,0.1224529
1730306184806,-25.45842,1.564986,-0.3057022,-0.9954908,0.09311832,0.01809174,-2.605677,0.4118979,0.04878044,2.5,0.1224529,0,0,8.74228E-08,1,0,0,0,2.5,0.1224529,0,0,0,1,0,0,0,0.1224529
1730306184812,-25.45842,1.564986,-0.3057022,-0.9954908,0.09311832,0.01809174,0,0,0,2.5,0.1224529,0,0,8.74228E-08,1,0,0,0,2.5,0.1224529,0,0,0,1,0,0,0,0.1224529
1730306184834,-25.49219,1.570746,-0.3048592,-0.9962772,0.08212786,0.02621001,-2.532864,0.4319698,0.06322861,2.5,0.1224529,0,0,8.74228E-08,1,0,0,0,2.5,0.1224529,0,0,0,1,0,0,0,0.1224529
1730306184840,-25.49219,1.570746,-0.3048592,-0.9962772,0.08212786,0.02621001,0,0,0,2.5,0.1224529,0,0,8.74228E-08,1,0,0,0,2.5,0.1224529,0,0,0,1,0,0,0,0.1224529
1730306184863,-25.52617,1.574302,-0.3046112,-0.9961222,0.07985093,0.03694004,-2.548742,0.2667189,0.01859665,2.5,0.1224529,0,0,8.74228E-08,1,0,0,0,2.5,0.1224529,0,0,0,1,0,0,0,0.1224529
1730306184868,-25.52617,1.574302,-0.3046112,-0.9961222,0.07985093,0.03694004,0,0,0,2.5,0.1224529,0,0,8.74228E-08,1,0,0,0,2.5,0.1224529,0,0,0,1,0,0,0,0.1224529
1730306184874,-25.52617,1.574302,-0.3046112,-0.9961222,0.07985093,0.03694004,0,0,0,2.5,0.1224529,0,0,8.74228E-08,1,0,0,0,2.5,0.1224529,0,0,0,1,0,0,0,0.1224529
1730306184891,-25.55859,1.57495,-0.3071976,-0.9958385,0.07930265,0.04491436,-2.431297,0.04862845,-0.1939774,2.5,0.1224529,0,0,8.74228E-08,1,0,0,0,2.5,0.1224529,0,0,0,1,0,0,0,0.1224529
1730306184896,-25.55859,1.57495,-0.3071976,-0.9958385,0.07930265,0.04491436,0,0,0,2.5,0.1224529,0,0,8.74228E-08,1,0,0,0,2.5,0.1224529,0,0,0,1,0,0,0,0.1224529
1730306184918,-25.59201,1.574823,-0.3079395,-0.9953867,0.08195526,0.04988801,-2.506113,-0.009557605,-0.0556469,2.5,0.1224529,0,0,8.74228E-08,1,0,0,0,2.5,0.1224529,0,0,0,1,0,0,0,0.1224529
1730306184924,-25.59201,1.574823,-0.3079395,-0.9953867,0.08195526,0.04988801,0,0,0,2.5,0.1224529,0,0,8.74228E-08,1,0,0,0,2.5,0.1224529,0,0,0,1,0,0,0,0.1224529
1730306184945,-25.62402,1.573063,-0.3091812,-0.9949091,0.08685911,0.05110657,-2.401114,-0.1320183,-0.0931263,2.5,0.1224529,0,0,8.74228E-08,1,0,0,0,2.5,0.1224529,0,0,0,1,0,0,0,0.1224529
1730306184951,-25.62402,1.573063,-0.3091812,-0.9949091,0.08685911,0.05110657,0,0,0,2.5,0.1224529,0,0,8.74228E-08,1,0,0,0,2.5,0.1224529,0,0,0,1,0,0,0,0.1224529
1730306184973,-25.65709,1.569289,-0.3103256,-0.9949629,0.08749613,0.04892683,-2.480078,-0.282982,-0.08583069,2.5,0.1224529,0,0,8.74228E-08,1,0,0,0,2.5,0.1224529,0,0,0,1,0,0,0,0.1224529
1730306184979,-25.65709,1.569289,-0.3103256,-0.9949629,0.08749613,0.04892683,0,0,0,2.5,0.1224529,0,0,8.74228E-08,1,0,0,0,2.5,0.1224529,0,0,0,1,0,0,0,0.1224529
1730306185000,-25.69033,1.563735,-0.310812,-0.9951084,0.08835084,0.04419965,-2.492809,-0.416556,-0.03647804,2.5,0.1224529,0,0,8.74228E-08,1,0,0,0,2.5,0.1224529,0,0,0,1,0,0,0,0.1224529
1730306185006,-25.69033,1.563735,-0.310812,-0.9951084,0.08835084,0.04419965,0,0,0,2.5,0.1224529,0,0,8.74228E-08,1,0,0,0,2.5,0.1224529,0,0,0,1,0,0,0,0.1224529
1730306185028,-25.72334,1.556362,-0.3108177,-0.9948332,0.09403054,0.03827995,-2.475786,-0.5530089,-0.0004291534,2.5,0.1224529,0,0,8.74228E-08,1,0,0,0,2.5,0.1224529,0,0,0,1,0,0,0,0.1224529
1730306185034,-25.72334,1.556362,-0.3108177,-0.9948332,0.09403054,0.03827995,0,0,0,2.5,0.1224529,0,0,8.74228E-08,1,0,0,0,2.5,0.1224529,0,0,0,1,0,0,0,0.1224529
1730306185057,-25.75838,1.546884,-0.3109074,-0.9942932,0.1014492,0.0330084,-2.62785,-0.710848,-0.006723404,2.5,0.1224529,0,0,8.74228E-08,1,0,0,0,2.5,0.1224529,0,0,0,1,0,0,0,0.1224529
1730306185062,-25.75838,1.546884,-0.3109074,-0.9942932,0.1014492,0.0330084,0,0,0,2.5,0.1224529,0,0,8.74228E-08,1,0,0,0,2.5,0.1224529,0,0,0,1,0,0,0,0.1224529
1730306185084,-25.79357,1.538248,-0.3106384,-0.9943965,0.1018019,0.02850622,-2.639723,-0.6476641,0.02017021,2.5,0.1224529,0,0,8.74228E-08,1,0,0,0,2.5,0.1224529,0,0,0,1,0,0,0,0.1224529
1730306185090,-25.79357,1.538248,-0.3106384,-0.9943965,0.1018019,0.02850622,0,0,0,2.5,0.1224529,0,0,8.74228E-08,1,0,0,0,2.5,0.1224529,0,0,0,1,0,0,0,0.1224529
1730306185112,-25.8301,1.531288,-0.3092575,-0.9945884,0.1008706,0.02488899,-2.740002,-0.5220473,0.103569,2.5,0.1224529,0,0,8.74228E-08,1,0,0,0,2.5,0.1224529,0,0,0,1,0,0,0,0.1224529
1730306185118,-25.8301,1.531288,-0.3092575,-0.9945884,0.1008706,0.02488899,0,0,0,2.5,0.1224529,0,0,8.74228E-08,1,0,0,0,2.5,0.1224529,0,0,0,1,0,0,0,0.1224529
1730306185140,-25.86671,1.525782,-0.3067417,-0.9947158,0.1003521,0.02168429,-2.745438,-0.4128993,0.1886845,2.5,0.1224529,0,0,8.74228E-08,1,0,0,0,2.5,0.1224529,0,0,0,1,0,0,0,0.1224529
1730306185146,-25.86671,1.525782,-0.3067417,-0.9947158,0.1003521,0.02168429,0,0,0,2.5,0.1224529,0,0,8.74228E-08,1,0,0,0,2.5,0.1224529,0,0,0,1,0,0,0,0.1224529
1730306185168,-25.90382,1.521711,-0.3038807,-0.9948982,0.09902053,0.01931113,-2.782917,-0.3053337,0.2145767,2.5,0.1224529,0,0,8.74228E-08,1,0,0,0,2.5,0.1224529,0,0,0,1,0,0,0,0.1224529
1730306185174,-25.90382,1.521711,-0.3038807,-0.9948982,0.09902053,0.01931113,0,0,0,2.5,0.1224529,0,0,8.74228E-08,1,0,0,0,2.5,0.1224529,0,0,0,1,0,0,0,0.1224529
1730306185196,-25.94226,1.526933,-0.3005085,-0.9969097,0.07739542,0.0134685,-2.88291,0.3916115,0.2529144,2.5,0.1224529,0,0,8.74228E-08,1,0,0,0,2.5,0.1224529,0,0,0,1,0,0,0,0.1224529
1730306185203,-25.94226,1.526933,-0.3005085,-0.9969097,0.07739542,0.0134685,0,0,0,2.5,0.1224529,0,0,8.74228E-08,1,0,0,0,2.5,0.1224529,0,0,0,1,0,0,0,0.1224529
1730306185208,-25.94226,1.526933,-0.3005085,-0.9969097,0.07739542,0.0134685,0,0,0,2.5,0.1224529,0,0,8.74228E-08,1,0,0,0,2.5,0.1224529,0,0,0,1,0,0,0,0.1224529
1730306185224,-25.9808,1.53321,-0.2963047,-0.9945373,0.1037169,0.01178437,-2.891207,0.4707813,0.3152847,2.5,0.1224529,0,0,8.74228E-08,1,0,0,0,2.5,0.1224529,0,0,0,1,0,0,0,0.1224529
1730306185230,-25.9808,1.53321,-0.2963047,-0.9945373,0.1037169,0.01178437,0,0,0,2.5,0.1224529,0,0,8.74228E-08,1,0,0,0,2.5,0.1224529,0,0,0,1,0,0,0,0.1224529
1730306185252,-26.01927,1.540455,-0.2929935,-0.992344,0.1226955,0.01412666,-2.884912,0.5433977,0.2483368,2.5,0.1224529,0,0,8.74228E-08,1,0,0,0,2.5,0.1224529,0,0,0,1,0,0,0,0.1224529
1730306185258,-26.01927,1.540455,-0.2929935,-0.992344,0.1226955,0.01412666,0,0,0,2.5,0.1224529,0,0,8.74228E-08,1,0,0,0,2.5,0.1224529,0,0,0,1,0,0,0,0.1224529
1730306185278,-26.0557,1.54469,-0.2923412,-0.9913172,0.1298441,0.02075893,-2.732134,0.3176272,0.04892349,2.5,0.1224529,0,0,8.74228E-08,1,0,0,0,2.5,0.1224529,0,0,0,1,0,0,0,0.1224529
1730306185284,-26.0557,1.54469,-0.2923412,-0.9913172,0.1298441,0.02075893,0,0,0,2.5,0.1224529,0,0,8.74228E-08,1,0,0,0,2.5,0.1224529,0,0,0,1,0,0,0,0.1224529
1730306185305,-26.09146,1.549141,-0.2926636,-0.9932679,0.1135342,0.02300543,-2.681923,0.3338367,-0.02417564,2.5,0.1224529,0,0,8.74228E-08,1,0,0,0,2.5,0.1224529,0,0,0,1,0,0,0,0.1224529
1730306185312,-26.09146,1.549141,-0.2926636,-0.9932679,0.1135342,0.02300543,0,0,0,2.5,0.1224529,0,0,8.74228E-08,1,0,0,0,2.5,0.1224529,0,0,0,1,0,0,0,0.1224529
1730306185334,-26.1265,1.556596,-0.2936821,-0.9949253,0.09872689,0.01942331,-2.628136,0.5591065,-0.07638931,2.5,0.1224529,0,0,8.74228E-08,1,0,0,0,2.5,0.1224529,0,0,0,1,0,0,0,0.1224529
1730306185341,-26.1265,1.556596,-0.2936821,-0.9949253,0.09872689,0.01942331,0,0,0,2.5,0.1224529,0,0,8.74228E-08,1,0,0,0,2.5,0.1224529,0,0,0,1,0,0,0,0.1224529
1730306185362,-26.16028,1.562457,-0.2964821,-0.995396,0.09519065,0.01122642,-2.533865,0.4395604,-0.2099991,2.5,0.1224529,0,0,8.74228E-08,1,0,0,0,2.5,0.1224529,0,0,0,1,0,0,0,0.1224529
1730306185368,-26.16028,1.562457,-0.2964821,-0.995396,0.09519065,0.01122642,0,0,0,2.5,0.1224529,0,0,8.74228E-08,1,0,0,0,2.5,0.1224529,0,0,0,1,0,0,0,0.1224529
1730306185390,-26.19384,1.568,-0.2980042,-0.9963266,0.08563117,0.0009204745,-2.516842,0.4157245,-0.1141548,2.5,0.1224529,0,0,8.74228E-08,1,0,0,0,2.5,0.1224529,0,0,0,1,0,0,0,0.1224529
1730306185396,-26.19384,1.568,-0.2980042,-0.9963266,0.08563117,0.0009204745,0,0,0,2.5,0.1224529,0,0,8.74228E-08,1,0,0,0,2.5,0.1224529,0,0,0,1,0,0,0,0.1224529
1730306185418,-26.2265,1.57307,-0.2993107,-0.9967108,0.08073044,-0.007102966,-2.449465,0.3802478,-0.09799004,2.5,0.1224529,0,0,8.74228E-08,1,0,0,0,2.5,0.1224529,0,0,0,1,0,0,0,0.1224529
1730306185423,-26.2265,1.57307,-0.2993107,-0.9967108,0.08073044,-0.007102966,0,0,0,2.5,0.1224529,0,0,8.74228E-08,1,0,0,0,2.5,0.1224529,0,0,0,1,0,0,0,0.1224529
1730306185445,-26.25906,1.576231,-0.3008232,-0.9968486,0.07786041,-0.01520121,-2.442169,0.2371073,-0.1134396,2.5,0.1224529,0,0,8.74228E-08,1,0,0,0,2.5,0.1224529,0,0,0,1,0,0,0,0.1224529
1730306185450,-26.25906,1.576231,-0.3008232,-0.9968486,0.07786041,-0.01520121,0,0,0,2.5,0.1224529,0,0,8.74228E-08,1,0,0,0,2.5,0.1224529,0,0,0,1,0,0,0,0.1224529
1730306185473,-26.29115,1.577323,-0.3020477,-0.9967062,0.07752019,-0.02383173,-2.40612,0.08186102,-0.09183884,2.5,0.1224529,0,0,8.74228E-08,1,0,0,0,2.5,0.1224529,0,0,0,1,0,0,0,0.1224529
1730306185478,-26.29115,1.577323,-0.3020477,-0.9967062,0.07752019,-0.02383173,0,0,0,2.5,0.1224529,0,0,8.74228E-08,1,0,0,0,2.5,0.1224529,0,0,0,1,0,0,0,0.1224529
1730306185501,-26.3229,1.577068,-0.303093,-0.9964923,0.07789432,-0.03058934,-2.381229,-0.01909733,-0.07839203,2.5,0.1224529,0,0,8.74228E-08,1,0,0,0,2.5,0.1224529,0,0,0,1,0,0,0,0.1224529
1730306185507,-26.3229,1.577068,-0.303093,-0.9964923,0.07789432,-0.03058934,0,0,0,2.5,0.1224529,0,0,8.74228E-08,1,0,0,0,2.5,0.1224529,0,0,0,1,0,0,0,0.1224529
1730306185530,-26.35525,1.574755,-0.3038692,-0.9963968,0.07763292,-0.0341537,-2.426434,-0.173521,-0.05822182,2.5,0.1224529,0,0,8.74228E-08,1,0,0,0,2.5,0.1224529,0,0,0,1,0,0,0,0.1224529
1730306185534,-26.35525,1.574755,-0.3038692,-0.9963968,0.07763292,-0.0341537,0,0,0,2.5,0.1224529,0,0,8.74228E-08,1,0,0,0,2.5,0.1224529,0,0,0,1,0,0,0,0.1224529
1730306185558,-26.38714,1.571124,-0.3049164,-0.9963069,0.07808933,-0.03570461,-2.391815,-0.27228,-0.07853508,2.5,0.1224529,0,0,8.74228E-08,1,0,0,0,2.5,0.1224529,0,0,0,1,0,0,0,0.1224529
1730306185563,-26.38714,1.571124,-0.3049164,-0.9963069,0.07808933,-0.03570461,0,0,0,2.5,0.1224529,0,0,8.74228E-08,1,0,0,0,2.5,0.1224529,0,0,0,1,0,0,0,0.1224529
1730306185567,-26.38714,1.571124,-0.3049164,-0.9963069,0.07808933,-0.03570461,0,0,0,2.5,0.1224529,0,0,8.74228E-08,1,0,0,0,2.5,0.1224529,0,0,0,1,0,0,0,0.1224529
1730306185586,-26.42032,1.564952,-0.3056087,-0.9962892,0.07895225,-0.03427696,-2.488661,-0.4629135,-0.05192757,2.5,0.1224529,0,0,8.74228E-08,1,0,0,0,2.5,0.1224529,0,0,0,1,0,0,0,0.1224529
1730306185591,-26.42032,1.564952,-0.3056087,-0.9962892,0.07895225,-0.03427696,0,0,0,2.5,0.1224529,0,0,8.74228E-08,1,0,0,0,2.5,0.1224529,0,0,0,1,0,0,0,0.1224529
1730306185614,-26.45372,1.55707,-0.3060455,-0.9961544,0.08182885,-0.03131986,-2.504969,-0.5911142,-0.03275871,2.5,0.1224529,0,0,8.74228E-08,1,0,0,0,2.5,0.1224529,0,0,0,1,0,0,0,0.1224529
1730306185619,-26.45372,1.55707,-0.3060455,-0.9961544,0.08182885,-0.03131986,0,0,0,2.5,0.1224529,0,0,8.74228E-08,1,0,0,0,2.5,0.1224529,0,0,0,1,0,0,0,0.1224529
1730306185640,-26.48785,1.547461,-0.306879,-0.996067,0.08400986,-0.02816308,-2.559757,-0.7206827,-0.06251335,2.5,0.1224529,0,0,8.74228E-08,1,0,0,0,2.5,0.1224529,0,0,0,1,0,0,0,0.1224529
1730306185647,-26.48785,1.547461,-0.306879,-0.996067,0.08400986,-0.02816308,0,0,0,2.5,0.1224529,0,0,8.74228E-08,1,0,0,0,2.5,0.1224529,0,0,0,1,0,0,0,0.1224529
1730306185669,-26.52266,1.538223,-0.3080273,-0.996451,0.07981164,-0.0267539,-2.610826,-0.692904,-0.08611679,2.5,0.1224529,0,0,8.74228E-08,1,0,0,0,2.5,0.1224529,0,0,0,1,0,0,0,0.1224529
1730306185675,-26.52266,1.538223,-0.3080273,-0.996451,0.07981164,-0.0267539,0,0,0,2.5,0.1224529,0,0,8.74228E-08,1,0,0,0,2.5,0.1224529,0,0,0,1,0,0,0,0.1224529
1730306185696,-26.55804,1.530984,-0.3093128,-0.9968402,0.07487739,-0.02651322,-2.653456,-0.542888,-0.09641647,2.5,0.1224529,0,0,8.74228E-08,1,0,0,0,2.5,0.1224529,0,0,0,1,0,0,0,0.1224529
1730306185702,-26.55804,1.530984,-0.3093128,-0.9968402,0.07487739,-0.02651322,0,0,0,2.5,0.1224529,0,0,8.74228E-08,1,0,0,0,2.5,0.1224529,0,0,0,1,0,0,0,0.1224529
1730306185724,-26.59466,1.524811,-0.3111973,-0.9968448,0.07479031,-0.02659655,-2.746582,-0.4630029,-0.1413345,2.5,0.1224529,0,0,8.74228E-08,1,0,0,0,2.5,0.1224529,0,0,0,1,0,0,0,0.1224529
1730306185729,-26.59466,1.524811,-0.3111973,-0.9968448,0.07479031,-0.02659655,0,0,0,2.5,0.1224529,0,0,8.74228E-08,1,0,0,0,2.5,0.1224529,0,0,0,1,0,0,0,0.1224529
1730306185752,-26.63084,1.519924,-0.3128166,-0.9968343,0.07554331,-0.0248003,-2.71368,-0.3665239,-0.1214504,2.5,0.1224529,0,0,8.74228E-08,1,0,0,0,2.5,0.1224529,0,0,0,1,0,0,0,0.1224529
1730306185757,-26.63084,1.519924,-0.3128166,-0.9968343,0.07554331,-0.0248003,0,0,0,2.5,0.1224529,0,0,8.74228E-08,1,0,0,0,2.5,0.1224529,0,0,0,1,0,0,0,0.1224529
1730306185780,-26.66725,1.518058,-0.3151035,-0.9980442,0.05912939,-0.02029717,-2.730703,-0.1399219,-0.1715183,2.5,0.1224529,0,0,8.74228E-08,1,0,0,0,2.5,0.1224529,0,0,0,1,0,0,0,0.1224529
1730306185785,-26.66725,1.518058,-0.3151035,-0.9980442,0.05912939,-0.02029717,0,0,0,2.5,0.1224529,0,0,8.74228E-08,1,0,0,0,2.5,0.1224529,0,0,0,1,0,0,0,0.1224529
1730306185807,-26.70534,1.524847,-0.3170109,-0.9973441,0.07174951,-0.01252282,-2.856302,0.5091906,-0.1430511,2.5,0.1224529,0,0,8.74228E-08,1,0,0,0,2.5,0.1224529,0,0,0,1,0,0,0,0.1224529
1730306185813,-26.70534,1.524847,-0.3170109,-0.9973441,0.07174951,-0.01252282,0,0,0,2.5,0.1224529,0,0,8.74228E-08,1,0,0,0,2.5,0.1224529,0,0,0,1,0,0,0,0.1224529
1730306185835,-26.74272,1.53238,-0.3191833,-0.9953959,0.09565526,-0.006136179,-2.803373,0.564909,-0.1629353,2.5,0.1224529,0,0,8.74228E-08,1,0,0,0,2.5,0.1224529,0,0,0,1,0,0,0,0.1224529
1730306185841,-26.74272,1.53238,-0.3191833,-0.9953959,0.09565526,-0.006136179,0,0,0,2.5,0.1224529,0,0,8.74228E-08,1,0,0,0,2.5,0.1224529,0,0,0,1,0,0,0,0.1224529
1730306185863,-26.77863,1.535805,-0.3219509,-0.9916926,0.1284125,-0.007517576,-2.693796,0.2569109,-0.2075672,2.5,0.1224529,0,0,8.74228E-08,1,0,0,0,2.5,0.1224529,0,0,0,1,0,0,0,0.1224529
1730306185869,-26.77863,1.535805,-0.3219509,-0.9916926,0.1284125,-0.007517576,0,0,0,2.5,0.1224529,0,0,8.74228E-08,1,0,0,0,2.5,0.1224529,0,0,0,1,0,0,0,0.1224529
1730306185874,-26.77863,1.535805,-0.3219509,-0.9916926,0.1284125,-0.007517576,0,0,0,2.5,0.1224529,0,0,8.74228E-08,1,0,0,0,2.5,0.1224529,0,0,0,1,0,0,0,0.1224529
1730306185891,-26.81402,1.542724,-0.3279457,-0.9930304,0.1177021,-0.00608182,-2.653885,0.5189627,-0.4496098,2.5,0.1224529,0,0,8.74228E-08,1,0,0,0,2.5,0.1224529,0,0,0,1,0,0,0,0.1224529
1730306185896,-26.81402,1.542724,-0.3279457,-0.9930304,0.1177021,-0.00608182,0,0,0,2.5,0.1224529,0,0,8.74228E-08,1,0,0,0,2.5,0.1224529,0,0,0,1,0,0,0,0.1224529
1730306185919,-26.84978,1.549882,-0.3280525,-0.993475,0.1139709,-0.004284501,-2.682495,0.5367994,-0.008010864,2.5,0.1224529,0,0,8.74228E-08,1,0,0,0,2.5,0.1224529,0,0,0,1,0,0,0,0.1224529
1730306185924,-26.84978,1.549882,-0.3280525,-0.993475,0.1139709,-0.004284501,0,0,0,2.5,0.1224529,0,0,8.74228E-08,1,0,0,0,2.5,0.1224529,0,0,0,1,0,0,0,0.1224529
1730306185944,-26.88451,1.555836,-0.3272839,-0.9948485,0.1012398,-0.005216122,-2.604389,0.446561,0.05764961,2.5,0.1224529,0,0,8.74228E-08,1,0,0,0,2.5,0.1224529,0,0,0,1,0,0,0,0.1224529
1730306185950,-26.88451,1.555836,-0.3272839,-0.9948485,0.1012398,-0.005216122,0,0,0,2.5,0.1224529,0,0,8.74228E-08,1,0,0,0,2.5,0.1224529,0,0,0,1,0,0,0,0.1224529
1730306185972,-26.91871,1.562361,-0.3259907,-0.9963409,0.08536283,-0.004304051,-2.565193,0.489378,0.09698868,2.5,0.1224529,0,0,8.74228E-08,1,0,0,0,2.5,0.1224529,0,0,0,1,0,0,0,0.1224529
1730306185977,-26.91871,1.562361,-0.3259907,-0.9963409,0.08536283,-0.004304051,0,0,0,2.5,0.1224529,0,0,8.74228E-08,1,0,0,0,2.5,0.1224529,0,0,0,1,0,0,0,0.1224529
1730306186000,-26.95243,1.567959,-0.3250198,-0.9967924,0.08003061,0.0004943013,-2.528858,0.4198372,0.07281303,2.5,0.1224529,0,0,8.74228E-08,1,0,0,0,2.5,0.1224529,0,0,0,1,0,0,0,0.1224529
1730306186005,-26.95243,1.567959,-0.3250198,-0.9967924,0.08003061,0.0004943013,0,0,0,2.5,0.1224529,0,0,8.74228E-08,1,0,0,0,2.5,0.1224529,0,0,0,1,0,0,0,0.1224529
1730306186029,-26.98492,1.570514,-0.324255,-0.9967653,0.07968564,0.01045966,-2.436733,0.1916617,0.05736351,2.5,0.1224529,0,0,8.74228E-08,1,0,0,0,2.5,0.1224529,0,0,0,1,0,0,0,0.1224529
1730306186034,-26.98492,1.570514,-0.324255,-0.9967653,0.07968564,0.01045966,0,0,0,2.5,0.1224529,0,0,8.74228E-08,1,0,0,0,2.5,0.1224529,0,0,0,1,0,0,0,0.1224529
1730306186057,-27.01774,1.571658,-0.3235626,-0.9962783,0.08334889,0.02196759,-2.461481,0.08581281,0.05192757,2.5,0.1224529,0,0,8.74228E-08,1,0,0,0,2.5,0.1224529,0,0,0,1,0,0,0,0.1224529
1730306186062,-27.01774,1.571658,-0.3235626,-0.9962783,0.08334889,0.02196759,0,0,0,2.5,0.1224529,0,0,8.74228E-08,1,0,0,0,2.5,0.1224529,0,0,0,1,0,0,0,0.1224529
1730306186085,-27.05015,1.570689,-0.3244534,-0.9950137,0.09284728,0.03643501,-2.430582,-0.07274151,-0.06680489,2.5,0.1224529,0,0,8.74228E-08,1,0,0,0,2.5,0.1224529,0,0,0,1,0,0,0,0.1224529
1730306186089,-27.05015,1.570689,-0.3244534,-0.9950137,0.09284728,0.03643501,0,0,0,2.5,0.1224529,0,0,8.74228E-08,1,0,0,0,2.5,0.1224529,0,0,0,1,0,0,0,0.1224529
1730306186113,-27.08287,1.56768,-0.3252506,-0.9936914,0.0996832,0.05139065,-2.453899,-0.2256095,-0.05979538,2.5,0.1224529,0,0,8.74228E-08,1,0,0,0,2.5,0.1224529,0,0,0,1,0,0,0,0.1224529
1730306186118,-27.08287,1.56768,-0.3252506,-0.9936914,0.0996832,0.05139065,0,0,0,2.5,0.1224529,0,0,8.74228E-08,1,0,0,0,2.5,0.1224529,0,0,0,1,0,0,0,0.1224529
1730306186141,-27.11549,1.563204,-0.3259735,-0.9930654,0.101076,0.06004417,-2.446747,-0.3357053,-0.05421638,2.5,0.1224529,0,0,8.74228E-08,1,0,0,0,2.5,0.1224529,0,0,0,1,0,0,0,0.1224529
1730306186147,-27.11549,1.563204,-0.3259735,-0.9930654,0.101076,0.06004417,0,0,0,2.5,0.1224529,0,0,8.74228E-08,1,0,0,0,2.5,0.1224529,0,0,0,1,0,0,0,0.1224529
1730306186169,-27.14858,1.557231,-0.3268623,-0.9930482,0.100264,0.06166667,-2.481651,-0.4480362,-0.06666183,2.5,0.1224529,0,0,8.74228E-08,1,0,0,0,2.5,0.1224529,0,0,0,1,0,0,0,0.1224529
1730306186174,-27.14858,1.557231,-0.3268623,-0.9930482,0.100264,0.06166667,0,0,0,2.5,0.1224529,0,0,8.74228E-08,1,0,0,0,2.5,0.1224529,0,0,0,1,0,0,0,0.1224529
1730306186197,-27.18283,1.550163,-0.3269672,-0.9927807,0.1040401,0.0596844,-2.568913,-0.530076,-0.007867813,2.5,0.1224529,0,0,8.74228E-08,1,0,0,0,2.5,0.1224529,0,0,0,1,0,0,0,0.1224529
1730306186202,-27.18283,1.550163,-0.3269672,-0.9927807,0.1040401,0.0596844,0,0,0,2.5,0.1224529,0,0,8.74228E-08,1,0,0,0,2.5,0.1224529,0,0,0,1,0,0,0,0.1224529
1730306186206,-27.18283,1.550163,-0.3269672,-0.9927807,0.1040401,0.0596844,0,0,0,2.5,0.1224529,0,0,8.74228E-08,1,0,0,0,2.5,0.1224529,0,0,0,1,0,0,0,0.1224529
1730306186225,-27.21778,1.54186,-0.3263168,-0.991951,0.1132646,0.05660957,-2.621555,-0.6227374,0.04878044,2.5,0.1224529,0,0,8.74228E-08,1,0,0,0,2.5,0.1224529,0,0,0,1,0,0,0,0.1224529
1730306186229,-27.21778,1.54186,-0.3263168,-0.991951,0.1132646,0.05660957,0,0,0,2.5,0.1224529,0,0,8.74228E-08,1,0,0,0,2.5,0.1224529,0,0,0,1,0,0,0,0.1224529
1730306186253,-27.25339,1.534578,-0.3257294,-0.9917784,0.1159482,0.05414933,-2.670479,-0.5460978,0.04405975,2.5,0.1224529,0,0,8.74228E-08,1,0,0,0,2.5,0.1224529,0,0,0,1,0,0,0,0.1224529
1730306186258,-27.25339,1.534578,-0.3257294,-0.9917784,0.1159482,0.05414933,0,0,0,2.5,0.1224529,0,0,8.74228E-08,1,0,0,0,2.5,0.1224529,0,0,0,1,0,0,0,0.1224529
1730306186279,-27.28926,1.528217,-0.3239307,-0.9920114,0.1148634,0.05215484,-2.69022,-0.4770756,0.1348972,2.5,0.1224529,0,0,8.74228E-08,1,0,0,0,2.5,0.1224529,0,0,0,1,0,0,0,0.1224529
1730306186284,-27.28926,1.528217,-0.3239307,-0.9920114,0.1148634,0.05215484,0,0,0,2.5,0.1224529,0,0,8.74228E-08,1,0,0,0,2.5,0.1224529,0,0,0,1,0,0,0,0.1224529
1730306186307,-27.32595,1.522802,-0.3219681,-0.9925841,0.1104849,0.050695,-2.751875,-0.4061937,0.1471996,2.5,0.1224529,0,0,8.74228E-08,1,0,0,0,2.5,0.1224529,0,0,0,1,0,0,0,0.1224529
1730306186312,-27.32595,1.522802,-0.3219681,-0.9925841,0.1104849,0.050695,0,0,0,2.5,0.1224529,0,0,8.74228E-08,1,0,0,0,2.5,0.1224529,0,0,0,1,0,0,0,0.1224529
1730306186336,-27.363,1.51864,-0.3195877,-0.993045,0.1075787,0.04784077,-2.778769,-0.312084,0.1785278,2.5,0.1224529,0,0,8.74228E-08,1,0,0,0,2.5,0.1224529,0,0,0,1,0,0,0,0.1224529
1730306186341,-27.363,1.51864,-0.3195877,-0.993045,0.1075787,0.04784077,0,0,0,2.5,0.1224529,0,0,8.74228E-08,1,0,0,0,2.5,0.1224529,0,0,0,1,0,0,0,0.1224529
1730306186364,-27.39986,1.516543,-0.3162289,-0.9942985,0.09789327,0.0422855,-2.764606,-0.1572758,0.2519131,2.5,0.1224529,0,0,8.74228E-08,1,0,0,0,2.5,0.1224529,0,0,0,1,0,0,0,0.1224529
1730306186368,-27.39986,1.516543,-0.3162289,-0.9942985,0.09789327,0.0422855,0,0,0,2.5,0.1224529,0,0,8.74228E-08,1,0,0,0,2.5,0.1224529,0,0,0,1,0,0,0,0.1224529
1730306186392,-27.43763,1.522175,-0.313448,-0.9934428,0.1088248,0.0350548,-2.832127,0.4223764,0.2085686,2.5,0.1224529,0,0,8.74228E-08,1,0,0,0,2.5,0.1224529,0,0,0,1,0,0,0,0.1224529
1730306186397,-27.43763,1.522175,-0.313448,-0.9934428,0.1088248,0.0350548,0,0,0,2.5,0.1224529,0,0,8.74228E-08,1,0,0,0,2.5,0.1224529,0,0,0,1,0,0,0,0.1224529
1730306186420,-27.47527,1.528449,-0.3123703,-0.9915838,0.126285,0.02853203,-2.823257,0.4705757,0.0808239,2.5,0.1224529,0,0,8.74228E-08,1,0,0,0,2.5,0.1224529,0,0,0,1,0,0,0,0.1224529
1730306186425,-27.47527,1.528449,-0.3123703,-0.9915838,0.126285,0.02853203,0,0,0,2.5,0.1224529,0,0,8.74228E-08,1,0,0,0,2.5,0.1224529,0,0,0,1,0,0,0,0.1224529
1730306186447,-27.51185,1.529593,-0.3113785,-0.9875962,0.1545405,0.02777982,-2.743292,0.08575916,0.0743866,2.5,0.1224529,0,0,8.74228E-08,1,0,0,0,2.5,0.1224529,0,0,0,1,0,0,0,0.1224529
1730306186452,-27.51185,1.529593,-0.3113785,-0.9875962,0.1545405,0.02777982,0,0,0,2.5,0.1224529,0,0,8.74228E-08,1,0,0,0,2.5,0.1224529,0,0,0,1,0,0,0,0.1224529
1730306186475,-27.54827,1.533247,-0.3087196,-0.9892068,0.1437791,0.02824599,-2.731848,0.2740413,0.1994133,2.5,0.1224529,0,0,8.74228E-08,1,0,0,0,2.5,0.1224529,0,0,0,1,0,0,0,0.1224529
1730306186480,-27.54827,1.533247,-0.3087196,-0.9892068,0.1437791,0.02824599,0,0,0,2.5,0.1224529,0,0,8.74228E-08,1,0,0,0,2.5,0.1224529,0,0,0,1,0,0,0,0.1224529
1730306186503,-27.58398,1.537774,-0.3041248,-0.9908155,0.1324793,0.02709985,-2.677917,0.3395498,0.3446102,2.5,0.1224529,0,0,8.74228E-08,1,0,0,0,2.5,0.1224529,0,0,0,1,0,0,0,0.1224529
1730306186509,-27.58398,1.537774,-0.3041248,-0.9908155,0.1324793,0.02709985,0,0,0,2.5,0.1224529,0,0,8.74228E-08,1,0,0,0,2.5,0.1224529,0,0,0,1,0,0,0,0.1224529
1730306186531,-27.61966,1.541888,-0.3047028,-0.9935776,0.1101659,0.02583224,-2.676487,0.3085256,-0.0433445,2.5,0.1224529,0,0,8.74228E-08,1,0,0,0,2.5,0.1224529,0,0,0,1,0,0,0,0.1224529
1730306186536,-27.61966,1.541888,-0.3047028,-0.9935776,0.1101659,0.02583224,0,0,0,2.5,0.1224529,0,0,8.74228E-08,1,0,0,0,2.5,0.1224529,0,0,0,1,0,0,0,0.1224529
1730306186540,-27.61966,1.541888,-0.3047028,-0.9935776,0.1101659,0.02583224,0,0,0,2.5,0.1224529,0,0,8.74228E-08,1,0,0,0,2.5,0.1224529,0,0,0,1,0,0,0,0.1224529
1730306186559,-27.65489,1.547769,-0.3054962,-0.9951905,0.0934657,0.02933007,-2.641726,0.441125,-0.05950928,2.5,0.1224529,0,0,8.74228E-08,1,0,0,0,2.5,0.1224529,0,0,0,1,0,0,0,0.1224529
1730306186564,-27.65489,1.547769,-0.3054962,-0.9951905,0.0934657,0.02933007,0,0,0,2.5,0.1224529,0,0,8.74228E-08,1,0,0,0,2.5,0.1224529,0,0,0,1,0,0,0,0.1224529
1730306186587,-27.6899,1.553383,-0.3062763,-0.9955949,0.08761845,0.03338265,-2.62599,0.4210174,-0.05850792,2.5,0.1224529,0,0,8.74228E-08,1,0,0,0,2.5,0.1224529,0,0,0,1,0,0,0,0.1224529
1730306186592,-27.6899,1.553383,-0.3062763,-0.9955949,0.08761845,0.03338265,0,0,0,2.5,0.1224529,0,0,8.74228E-08,1,0,0,0,2.5,0.1224529,0,0,0,1,0,0,0,0.1224529
1730306186613,-27.72384,1.555755,-0.3068886,-0.9958124,0.08501426,0.03362089,-2.545881,0.1778662,-0.04591942,2.5,0.1224529,0,0,8.74228E-08,1,0,0,0,2.5,0.1224529,0,0,0,1,0,0,0,0.1224529
1730306186618,-27.72384,1.555755,-0.3068886,-0.9958124,0.08501426,0.03362089,0,0,0,2.5,0.1224529,0,0,8.74228E-08,1,0,0,0,2.5,0.1224529,0,0,0,1,0,0,0,0.1224529
1730306186641,-27.75793,1.556706,-0.3077755,-0.9960935,0.08300099,0.03014731,-2.556753,0.07134676,-0.06651878,2.5,0.1224529,0,0,8.74228E-08,1,0,0,0,2.5,0.1224529,0,0,0,1,0,0,0,0.1224529
1730306186646,-27.75793,1.556706,-0.3077755,-0.9960935,0.08300099,0.03014731,0,0,0,2.5,0.1224529,0,0,8.74228E-08,1,0,0,0,2.5,0.1224529,0,0,0,1,0,0,0,0.1224529
1730306186669,-27.79194,1.555666,-0.3082867,-0.9962283,0.08335827,0.02410197,-2.550173,-0.07801652,-0.03833771,2.5,0.1224529,0,0,8.74228E-08,1,0,0,0,2.5,0.1224529,0,0,0,1,0,0,0,0.1224529
1730306186674,-27.79194,1.555666,-0.3082867,-0.9962283,0.08335827,0.02410197,0,0,0,2.5,0.1224529,0,0,8.74228E-08,1,0,0,0,2.5,0.1224529,0,0,0,1,0,0,0,0.1224529
1730306186697,-27.82502,1.552961,-0.3076324,-0.9966274,0.08029675,0.01693064,-2.481222,-0.2028823,0.04906654,2.5,0.1224529,0,0,8.74228E-08,1,0,0,0,2.5,0.1224529,0,0,0,1,0,0,0,0.1224529
1730306186702,-27.82502,1.552961,-0.3076324,-0.9966274,0.08029675,0.01693064,0,0,0,2.5,0.1224529,0,0,8.74228E-08,1,0,0,0,2.5,0.1224529,0,0,0,1,0,0,0,0.1224529
1730306186725,-27.85924,1.547822,-0.3080845,-0.9972088,0.07390822,0.01060605,-2.566338,-0.3853977,-0.03390312,2.5,0.1224529,0,0,8.74228E-08,1,0,0,0,2.5,0.1224529,0,0,0,1,0,0,0,0.1224529
1730306186730,-27.85924,1.547822,-0.3080845,-0.9972088,0.07390822,0.01060605,0,0,0,2.5,0.1224529,0,0,8.74228E-08,1,0,0,0,2.5,0.1224529,0,0,0,1,0,0,0,0.1224529
1730306186753,-27.89324,1.540294,-0.3091526,-0.9977182,0.0672302,0.00625062,-2.550173,-0.564605,-0.08010864,2.5,0.1224529,0,0,8.74228E-08,1,0,0,0,2.5,0.1224529,0,0,0,1,0,0,0,0.1224529
1730306186758,-27.89324,1.540294,-0.3091526,-0.9977182,0.0672302,0.00625062,0,0,0,2.5,0.1224529,0,0,8.74228E-08,1,0,0,0,2.5,0.1224529,0,0,0,1,0,0,0,0.1224529
1730306186781,-27.92784,1.532091,-0.3099079,-0.9979191,0.06436731,0.003815591,-2.594662,-0.6152451,-0.05664825,2.5,0.1224529,0,0,8.74228E-08,1,0,0,0,2.5,0.1224529,0,0,0,1,0,0,0,0.1224529
1730306186786,-27.92784,1.532091,-0.3099079,-0.9979191,0.06436731,0.003815591,0,0,0,2.5,0.1224529,0,0,8.74228E-08,1,0,0,0,2.5,0.1224529,0,0,0,1,0,0,0,0.1224529
1730306186809,-27.96277,1.523312,-0.3106213,-0.9976857,0.06789644,0.003690243,-2.620268,-0.6584108,-0.05350113,2.5,0.1224529,0,0,8.74228E-08,1,0,0,0,2.5,0.1224529,0,0,0,1,0,0,0,0.1224529
1730306186813,-27.96277,1.523312,-0.3106213,-0.9976857,0.06789644,0.003690243,0,0,0,2.5,0.1224529,0,0,8.74228E-08,1,0,0,0,2.5,0.1224529,0,0,0,1,0,0,0,0.1224529
1730306186837,-27.99848,1.515221,-0.311615,-0.9974669,0.07095939,0.004978657,-2.678347,-0.6067783,-0.07452965,2.5,0.1226621,0,0,8.74228E-08,1,0,0.01569092,0,2.5,0.1226621,0,0,0,1,0,0.01569092,0,0.1226621
1730306186843,-27.99848,1.515221,-0.311615,-0.9974669,0.07095939,0.004978657,0,0,0,2.5,0.1226621,0,0,8.74228E-08,1,0,0,0,2.5,0.1226621,0,0,0,1,0,0,0,0.1226621
1730306186864,-28.0352,1.515471,-0.3130436,-0.9975049,0.07020532,0.007453263,-2.753878,0.01875758,-0.1071453,2.5,0.1298926,0,0,8.74228E-08,1,0,0.542289,0,2.5,0.1298926,0,0,0,1,0,0.542289,0,0.1298926
1730306186869,-28.0352,1.515471,-0.3130436,-0.9975049,0.07020532,0.007453263,0,0,0,2.5,0.1298926,0,0,8.74228E-08,1,0,0,0,2.5,0.1298926,0,0,0,1,0,0,0,0.1298926
1730306186874,-28.0352,1.515471,-0.3130436,-0.9975049,0.07020532,0.007453263,0,0,0,2.5,0.1298926,0,0,8.74228E-08,1,0,0,0,2.5,0.1298926,0,0,0,1,0,0,0,0.1298926
1730306186892,-28.07211,1.515389,-0.3145161,-0.9977403,0.06618002,0.01161325,-2.767754,-0.00616014,-0.1104355,2.5,0.1359046,0,0,8.74228E-08,1,0,0.4508972,0,2.5,0.1359046,0,0,0,1,0,0.4508972,0,0.1359046
1730306186897,-28.07211,1.515389,-0.3145161,-0.9977403,0.06618002,0.01161325,0,0,0,2.5,0.1359046,0,0,8.74228E-08,1,0,0,0,2.5,0.1359046,0,0,0,1,0,0,0,0.1359046
1730306186920,-28.1095,1.515416,-0.316925,-0.9980353,0.06077998,0.01521707,-2.804947,0.002011657,-0.1806736,2.5,0.1407385,0,0,8.74228E-08,1,0,0.3625453,0,2.5,0.1407385,0,0,0,1,0,0.3625453,0,0.1407385
1730306186925,-28.1095,1.515416,-0.316925,-0.9980353,0.06077998,0.01521707,0,0,0,2.5,0.1407385,0,0,8.74228E-08,1,0,0,0,2.5,0.1407385,0,0,0,1,0,0,0,0.1407385
1730306186946,-28.14641,1.519915,-0.3187256,-0.9992586,0.03467987,0.01673889,-2.76804,0.3374219,-0.1350403,2.5,0.1434674,0,0,8.74228E-08,1,0,0.2046704,0,2.5,0.1434674,0,0,0,1,0,0.2046704,0,0.1434674
1730306186951,-28.14641,1.519915,-0.3187256,-0.9992586,0.03467987,0.01673889,0,0,0,2.5,0.1434674,0,0,8.74228E-08,1,0,0,0,2.5,0.1434674,0,0,0,1,0,0,0,0.1434674
1730306186974,-28.1847,1.523247,-0.3213787,-0.9976115,0.06659363,0.01835555,-2.871609,0.2499282,-0.1989841,2.5,0.1434674,0,0,8.74228E-08,1,0,0,0,2.5,0.1434674,0,0,0,1,0,0,0,0.1434674
1730306186979,-28.1847,1.523247,-0.3213787,-0.9976115,0.06659363,0.01835555,0,0,0,2.5,0.1434674,0,0,8.74228E-08,1,0,0,0,2.5,0.1434674,0,0,0,1,0,0,0,0.1434674
1730306187002,-28.22275,1.529118,-0.3239918,-0.996074,0.08786471,0.01081002,-2.85387,0.4403025,-0.1959801,2.5,0.1434674,0,0,8.74228E-08,1,0,0,0,2.5,0.1434674,0,0,0,1,0,0,0,0.1434674
1730306187007,-28.22275,1.529118,-0.3239918,-0.996074,0.08786471,0.01081002,0,0,0,2.5,0.1434674,0,0,8.74228E-08,1,0,0,0,2.5,0.1434674,0,0,0,1,0,0,0,0.1434674
1730306187030,-28.2592,1.531724,-0.325613,-0.9963458,0.08539223,-0.001897931,-2.733707,0.1954257,-0.1215935,2.5,0.1434674,0,0,8.74228E-08,1,0,0,0,2.5,0.1434674,0,0,0,1,0,0,0,0.1434674
1730306187035,-28.2592,1.531724,-0.325613,-0.9963458,0.08539223,-0.001897931,0,0,0,2.5,0.1434674,0,0,8.74228E-08,1,0,0,0,2.5,0.1434674,0,0,0,1,0,0,0,0.1434674
1730306187057,-28.29538,1.537118,-0.325592,-0.9979917,0.06278865,-0.008391619,-2.71368,0.4045576,0.001573563,2.5,0.1434674,0,0,8.74228E-08,1,0,0,0,2.5,0.1434674,0,0,0,1,0,0,0,0.1434674
1730306187062,-28.29538,1.537118,-0.325592,-0.9979917,0.06278865,-0.008391619,0,0,0,2.5,0.1434674,0,0,8.74228E-08,1,0,0,0,2.5,0.1434674,0,0,0,1,0,0,0,0.1434674
1730306187086,-28.3305,1.543575,-0.3205986,-0.9988964,0.04633835,-0.007688284,-2.634001,0.4842997,0.3745079,2.5,0.1434674,0,0,8.74228E-08,1,0,0,0,2.5,0.1434674,0,0,0,1,0,0,0,0.1434674
1730306187090,-28.3305,1.543575,-0.3205986,-0.9988964,0.04633835,-0.007688284,0,0,0,2.5,0.1434674,0,0,8.74228E-08,1,0,0,0,2.5,0.1434674,0,0,0,1,0,0,0,0.1434674
1730306187114,-28.36481,1.549775,-0.3157921,-0.9993941,0.03458688,-0.00390625,-2.572775,0.4649967,0.3604889,2.5,0.1434674,0,0,8.74228E-08,1,0,0,0,2.5,0.1434674,0,0,0,1,0,0,0,0.1434674
1730306187118,-28.36481,1.549775,-0.3157921,-0.9993941,0.03458688,-0.00390625,0,0,0,2.5,0.1434674,0,0,8.74228E-08,1,0,0,0,2.5,0.1434674,0,0,0,1,0,0,0,0.1434674
1730306187142,-28.39871,1.55623,-0.3130474,-0.9995529,0.02977161,-0.00285399,-2.542448,0.4841298,0.2058506,2.5,0.1434674,0,0,8.74228E-08,1,0,0,0,-28.38451,1.208518,-0.2880211,-0.2460999,-0.399131,0.8832493,-2316.338,79.87875,-21.60158,0.1434674
1730306187147,-28.39871,1.55623,-0.3130474,-0.9995529,0.02977161,-0.00285399,0,0,0,2.5,0.1434674,0,0,8.74228E-08,1,0,0,0,-28.38451,1.208518,-0.2880211,-0.2460999,-0.399131,0.8832493,0,0,0,0.1434674
1730306187170,-28.43218,1.560617,-0.3106461,-0.9995058,0.03114932,-0.004312396,-2.510834,0.3289729,0.1801014,2.5,0.1434674,0,0,8.74228E-08,1,0,0,0,2.5,0.1434674,0,0,0,1,2316.338,-79.87875,21.60158,0.1434674
1730306187175,-28.43218,1.560617,-0.3106461,-0.9995058,0.03114932,-0.004312396,0,0,0,2.5,0.1434674,0,0,8.74228E-08,1,0,0,0,2.5,0.1434674,0,0,0,1,0,0,0,0.1434674
1730306187198,-28.46571,1.56271,-0.3090935,-0.9994935,0.03158351,-0.003984332,-2.514267,0.1570076,0.1164436,2.5,0.1434674,0,0,8.74228E-08,1,0,0,0,2.5,0.1434674,0,0,0,1,0,0,0,0.1434674
1730306187203,-28.46571,1.56271,-0.3090935,-0.9994935,0.03158351,-0.003984332,0,0,0,2.5,0.1434674,0,0,8.74228E-08,1,0,0,0,2.5,0.1434674,0,0,0,1,0,0,0,0.1434674
1730306187207,-28.46571,1.56271,-0.3090935,-0.9994935,0.03158351,-0.003984332,0,0,0,2.5,0.1434674,0,0,8.74228E-08,1,0,0,0,2.5,0.1434674,0,0,0,1,0,0,0,0.1434674
1730306187225,-28.49926,1.562693,-0.3074455,-0.9994593,0.03272965,-0.003209114,-2.516413,-0.001269579,0.1235962,2.5,0.1434674,0,0,8.74228E-08,1,0,0,0,2.5,0.1434674,0,0,0,1,0,0,0,0.1434674
1730306187231,-28.49926,1.562693,-0.3074455,-0.9994593,0.03272965,-0.003209114,0,0,0,2.5,0.1434674,0,0,8.74228E-08,1,0,0,0,2.5,0.1434674,0,0,0,1,0,0,0,0.1434674
1730306187253,-28.53345,1.561455,-0.307003,-0.9993634,0.03559438,-0.002598405,-2.564478,-0.09282231,0.03318787,2.5,0.1434674,0,0,8.74228E-08,1,0,0,0,2.5,0.1434674,0,0,0,1,0,0,0,0.1434674
1730306187259,-28.53345,1.561455,-0.307003,-0.9993634,0.03559438,-0.002598405,0,0,0,2.5,0.1434674,0,0,8.74228E-08,1,0,0,0,2.5,0.1434674,0,0,0,1,0,0,0,0.1434674
1730306187280,-28.56782,1.558227,-0.3072472,-0.9993604,0.0357198,-0.001837015,-2.577639,-0.2421677,-0.01831055,2.5,0.1434674,0,0,8.74228E-08,1,0,0,0,2.5,0.1434674,0,0,0,1,0,0,0,0.1434674
1730306187285,-28.56782,1.558227,-0.3072472,-0.9993604,0.0357198,-0.001837015,0,0,0,2.5,0.1434674,0,0,8.74228E-08,1,0,0,0,2.5,0.1434674,0,0,0,1,0,0,0,0.1434674
1730306187308,-28.6025,1.552829,-0.3075676,-0.99951,0.03112536,-0.003363013,-2.600813,-0.4048258,-0.02403259,2.5,0.1434674,0,0,8.74228E-08,1,0,0,0,2.5,0.1434674,0,0,0,1,0,0,0,0.1434674
1730306187313,-28.6025,1.552829,-0.3075676,-0.99951,0.03112536,-0.003363013,0,0,0,2.5,0.1434674,0,0,8.74228E-08,1,0,0,0,2.5,0.1434674,0,0,0,1,0,0,0,0.1434674
1730306187336,-28.6371,1.546432,-0.3072815,-0.999676,0.02419056,-0.007929325,-2.594805,-0.4797935,0.02145767,2.5,0.1434674,0,0,8.74228E-08,1,0,0,0,2.5,0.1434674,0,0,0,1,0,0,0,0.1434674
1730306187342,-28.6371,1.546432,-0.3072815,-0.999676,0.02419056,-0.007929325,0,0,0,2.5,0.1434674,0,0,8.74228E-08,1,0,0,0,2.5,0.1434674,0,0,0,1,0,0,0,0.1434674
1730306187364,-28.67221,1.539299,-0.3066349,-0.999648,0.023349,-0.01261723,-2.633858,-0.5349666,0.04849434,2.5,0.1434674,0,0,8.74228E-08,1,0,0,0,2.5,0.1434674,0,0,0,1,0,0,0,0.1434674
1730306187369,-28.67221,1.539299,-0.3066349,-0.999648,0.023349,-0.01261723,0,0,0,2.5,0.1434674,0,0,8.74228E-08,1,0,0,0,2.5,0.1434674,0,0,0,1,0,0,0,0.1434674
1730306187392,-28.70834,1.530865,-0.3056831,-0.9994277,0.02917524,-0.0171349,-2.709389,-0.6325096,0.07138252,2.5,0.1434674,0,0,8.74228E-08,1,0,0,0,2.5,0.1434674,0,0,0,1,0,0,0,0.1434674
1730306187397,-28.70834,1.530865,-0.3056831,-0.9994277,0.02917524,-0.0171349,0,0,0,2.5,0.1434674,0,0,8.74228E-08,1,0,0,0,2.5,0.1434674,0,0,0,1,0,0,0,0.1434674
1730306187420,-28.74444,1.523863,-0.3048954,-0.9993218,0.02915679,-0.02250957,-2.707386,-0.5251855,0.05908012,2.5,0.1434674,0,0,8.74228E-08,1,0,0,0,2.5,0.1434674,0,0,0,1,0,0,0,0.1434674
1730306187426,-28.74444,1.523863,-0.3048954,-0.9993218,0.02915679,-0.02250957,0,0,0,2.5,0.1434674,0,0,8.74228E-08,1,0,0,0,2.5,0.1434674,0,0,0,1,0,0,0,0.1434674
1730306187448,-28.78158,1.51772,-0.3029404,-0.9991561,0.03073175,-0.02725947,-2.785778,-0.4606783,0.1466274,2.5,0.1434674,0,0,8.74228E-08,1,0,0,0,2.5,0.1434674,0,0,0,1,0,0,0,0.1434674
1730306187453,-28.78158,1.51772,-0.3029404,-0.9991561,0.03073175,-0.02725947,0,0,0,2.5,0.1434674,0,0,8.74228E-08,1,0,0,0,2.5,0.1434674,0,0,0,1,0,0,0,0.1434674
1730306187476,-28.81847,1.515461,-0.3006859,-0.9991525,0.02764705,-0.03050208,-2.766752,-0.169462,0.1690865,2.5,0.145983,0,0,8.74228E-08,1,0,0.1886666,0,2.5,0.145983,0,0,0,1,0,0.1886666,0,0.145983
1730306187482,-28.81847,1.515461,-0.3006859,-0.9991525,0.02764705,-0.03050208,0,0,0,2.5,0.145983,0,0,8.74228E-08,1,0,0,0,2.5,0.145983,0,0,0,1,0,0,0,0.145983
1730306187503,-28.85505,1.515287,-0.2982883,-0.9990619,0.02866848,-0.03246653,-2.743292,-0.01305342,0.1798153,2.5,0.1489198,0,0,8.74228E-08,1,0,0.220263,0,2.5,0.1489198,0,0,0,1,0,0.220263,0,0.1489198
1730306187509,-28.85505,1.515287,-0.2982883,-0.9990619,0.02866848,-0.03246653,0,0,0,2.5,0.1489198,0,0,8.74228E-08,1,0,0,0,2.5,0.1489198,0,0,0,1,0,0,0,0.1489198
1730306187514,-28.85505,1.515287,-0.2982883,-0.9990619,0.02866848,-0.03246653,0,0,0,2.5,0.1489198,0,0,8.74228E-08,1,0,0,0,2.5,0.1489198,0,0,0,1,0,0,0,0.1489198
1730306187531,-28.89293,1.521176,-0.2960148,-0.9989104,0.02938369,-0.03626561,-2.840996,0.4416704,0.170517,2.5,0.1489198,0,0,8.74228E-08,1,0,0,0,2.5,0.1489198,0,0,0,1,0,0,0,0.1489198
1730306187537,-28.89293,1.521176,-0.2960148,-0.9989104,0.02938369,-0.03626561,0,0,0,2.5,0.1489198,0,0,8.74228E-08,1,0,0,0,2.5,0.1489198,0,0,0,1,0,0,0,0.1489198
1730306187559,-28.93069,1.528527,-0.2940273,-0.9979599,0.05073607,-0.0387615,-2.832413,0.5513012,0.1490593,2.5,0.1489198,0,0,8.74228E-08,1,0,0,0,2.5,0.1489198,0,0,0,1,0,0,0,0.1489198
1730306187565,-28.93069,1.528527,-0.2940273,-0.9979599,0.05073607,-0.0387615,0,0,0,2.5,0.1489198,0,0,8.74228E-08,1,0,0,0,2.5,0.1489198,0,0,0,1,0,0,0,0.1489198
1730306187584,-28.96781,1.534781,-0.2921886,-0.9960228,0.08087489,-0.03739643,-2.783775,0.4691005,0.1379013,2.5,0.1489198,0,0,8.74228E-08,1,0,0,0,2.5,0.1489198,0,0,0,1,0,0,0,0.1489198
1730306187590,-28.96781,1.534781,-0.2921886,-0.9960228,0.08087489,-0.03739643,0,0,0,2.5,0.1489198,0,0,8.74228E-08,1,0,0,0,2.5,0.1489198,0,0,0,1,0,0,0,0.1489198
1730306187613,-29.00306,1.53933,-0.2860298,-0.9947633,0.09593983,-0.03524339,-2.643299,0.3411591,0.4619122,2.5,0.1489198,0,0,8.74228E-08,1,0,0,0,2.5,0.1489198,0,0,0,1,0,0,0,0.1489198
1730306187619,-29.00306,1.53933,-0.2860298,-0.9947633,0.09593983,-0.03524339,0,0,0,2.5,0.1489198,0,0,8.74228E-08,1,0,0,0,2.5,0.1489198,0,0,0,1,0,0,0,0.1489198
1730306187640,-29.03894,1.546348,-0.2841988,-0.9951023,0.09077768,-0.039132,-2.69165,0.5263388,0.1373291,2.5,0.1489198,0,0,8.74228E-08,1,0,0,0,2.5,0.1489198,0,0,0,1,0,0,0,0.1489198
1730306187646,-29.03894,1.546348,-0.2841988,-0.9951023,0.09077768,-0.039132,0,0,0,2.5,0.1489198,0,0,8.74228E-08,1,0,0,0,2.5,0.1489198,0,0,0,1,0,0,0,0.1489198
1730306187668,-29.07469,1.553457,-0.2857723,-0.9947821,0.09278093,-0.0424329,-2.680779,0.5332232,-0.1180172,2.5,0.1489198,0,0,8.74228E-08,1,0,0,0,2.5,0.1489198,0,0,0,1,0,0,0,0.1489198
1730306187674,-29.07469,1.553457,-0.2857723,-0.9947821,0.09278093,-0.0424329,0,0,0,2.5,0.1489198,0,0,8.74228E-08,1,0,0,0,2.5,0.1489198,0,0,0,1,0,0,0,0.1489198
1730306187696,-29.10953,1.559456,-0.2902813,-0.9949546,0.09098518,-0.04227936,-2.613258,0.449878,-0.3381729,2.5,0.1489198,0,0,8.74228E-08,1,0,0,0,2.5,0.1489198,0,0,0,1,0,0,0,0.1489198
1730306187702,-29.10953,1.559456,-0.2902813,-0.9949546,0.09098518,-0.04227936,0,0,0,2.5,0.1489198,0,0,8.74228E-08,1,0,0,0,2.5,0.1489198,0,0,0,1,0,0,0,0.1489198
1730306187724,-29.14496,1.566576,-0.2914143,-0.9951233,0.09012794,-0.04008579,-2.657032,0.5340368,-0.08497238,2.5,0.1489198,0,0,8.74228E-08,1,0,0,0,2.5,0.1489198,0,0,0,1,0,0,0,0.1489198
1730306187730,-29.14496,1.566576,-0.2914143,-0.9951233,0.09012794,-0.04008579,0,0,0,2.5,0.1489198,0,0,8.74228E-08,1,0,0,0,2.5,0.1489198,0,0,0,1,0,0,0,0.1489198
1730306187752,-29.17917,1.571228,-0.2932072,-0.9952677,0.08843186,-0.04027736,-2.565765,0.3488928,-0.1344681,2.5,0.1489198,0,0,8.74228E-08,1,0,0,0,2.5,0.1489198,0,0,0,1,0,0,0,0.1489198
1730306187758,-29.17917,1.571228,-0.2932072,-0.9952677,0.08843186,-0.04027736,0,0,0,2.5,0.1489198,0,0,8.74228E-08,1,0,0,0,2.5,0.1489198,0,0,0,1,0,0,0,0.1489198
1730306187780,-29.21383,1.573935,-0.294878,-0.9955345,0.08223708,-0.04635,-2.599669,0.2029717,-0.1253128,2.5,0.1489198,0,0,8.74228E-08,1,0,0,0,2.5,0.1489198,0,0,0,1,0,0,0,0.1489198
1730306187786,-29.21383,1.573935,-0.294878,-0.9955345,0.08223708,-0.04635,0,0,0,2.5,0.1489198,0,0,8.74228E-08,1,0,0,0,2.5,0.1489198,0,0,0,1,0,0,0,0.1489198
1730306187808,-29.24828,1.573978,-0.2968349,-0.9952003,0.07891621,-0.05786943,-2.58379,0.003254414,-0.1467705,2.5,0.1489198,0,0,8.74228E-08,1,0,0,0,2.5,0.1489198,0,0,0,1,0,0,0,0.1489198
1730306187813,-29.24828,1.573978,-0.2968349,-0.9952003,0.07891621,-0.05786943,0,0,0,2.5,0.1489198,0,0,8.74228E-08,1,0,0,0,2.5,0.1489198,0,0,0,1,0,0,0,0.1489198
1730306187818,-29.24828,1.573978,-0.2968349,-0.9952003,0.07891621,-0.05786943,0,0,0,2.5,0.1489198,0,0,8.74228E-08,1,0,0,0,2.5,0.1489198,0,0,0,1,0,0,0,0.1489198
1730306187835,-29.28266,1.571995,-0.2986603,-0.9941515,0.08343755,-0.0685643,-2.578068,-0.1487374,-0.1368999,2.5,0.1489198,0,0,8.74228E-08,1,0,0,0,2.5,0.1489198,0,0,0,1,0,0,0,0.1489198
1730306187842,-29.28266,1.571995,-0.2986603,-0.9941515,0.08343755,-0.0685643,0,0,0,2.5,0.1489198,0,0,8.74228E-08,1,0,0,0,2.5,0.1489198,0,0,0,1,0,0,0,0.1489198
1730306187863,-29.31711,1.568418,-0.3000851,-0.9930577,0.0886972,-0.07726312,-2.584219,-0.2682477,-0.1068592,2.5,0.1489198,0,0,8.74228E-08,1,0,0,0,2.5,0.1489198,0,0,0,1,0,0,0,0.1489198
1730306187869,-29.31711,1.568418,-0.3000851,-0.9930577,0.0886972,-0.07726312,0,0,0,2.5,0.1489198,0,0,8.74228E-08,1,0,0,0,2.5,0.1489198,0,0,0,1,0,0,0,0.1489198
1730306187888,-29.35073,1.561602,-0.3032627,-0.9923971,0.09317277,-0.08041799,-2.521133,-0.5112112,-0.2383232,2.5,0.1489198,0,0,8.74228E-08,1,0,0,0,2.5,0.1489198,0,0,0,1,0,0,0,0.1489198
1730306187895,-29.35073,1.561602,-0.3032627,-0.9923971,0.09317277,-0.08041799,0,0,0,2.5,0.1489198,0,0,8.74228E-08,1,0,0,0,2.5,0.1489198,0,0,0,1,0,0,0,0.1489198
1730306187915,-29.38557,1.553114,-0.3046627,-0.9921601,0.09867333,-0.07669544,-2.613115,-0.6365865,-0.1049995,2.5,0.1489198,0,0,8.74228E-08,1,0,0,0,2.5,0.1489198,0,0,0,1,0,0,0,0.1489198
1730306187923,-29.38557,1.553114,-0.3046627,-0.9921601,0.09867333,-0.07669544,0,0,0,2.5,0.1489198,0,0,8.74228E-08,1,0,0,0,2.5,0.1489198,0,0,0,1,0,0,0,0.1489198
1730306187943,-29.41964,1.542221,-0.3062344,-0.9922718,0.1040779,-0.06756449,-2.555037,-0.8170009,-0.1178741,2.5,0.1489198,0,0,8.74228E-08,1,0,0,0,2.5,0.1489198,0,0,0,1,0,0,0,0.1489198
1730306187950,-29.41964,1.542221,-0.3062344,-0.9922718,0.1040779,-0.06756449,0,0,0,2.5,0.1489198,0,0,8.74228E-08,1,0,0,0,2.5,0.1489198,0,0,0,1,0,0,0,0.1489198
1730306187971,-29.4555,1.532379,-0.3077431,-0.9933046,0.0991243,-0.05933928,-2.689648,-0.7381082,-0.1131535,2.5,0.1489198,0,0,8.74228E-08,1,0,0,0,2.5,0.1489198,0,0,0,1,0,0,0,0.1489198
1730306187978,-29.4555,1.532379,-0.3077431,-0.9933046,0.0991243,-0.05933928,0,0,0,2.5,0.1489198,0,0,8.74228E-08,1,0,0,0,2.5,0.1489198,0,0,0,1,0,0,0,0.1489198
1730306187999,-29.49158,1.523807,-0.3095264,-0.9936635,0.09906824,-0.05309451,-2.705956,-0.6429255,-0.1337528,2.5,0.1489198,0,0,8.74228E-08,1,0,0,0,2.5,0.1489198,0,0,0,1,0,0,0,0.1489198
1730306188006,-29.49158,1.523807,-0.3095264,-0.9936635,0.09906824,-0.05309451,0,0,0,2.5,0.1489198,0,0,8.74228E-08,1,0,0,0,2.5,0.1489198,0,0,0,1,0,0,0,0.1489198
1730306188027,-29.52772,1.516073,-0.3119373,-0.9941415,0.09669808,-0.04829729,-2.710533,-0.5800188,-0.1808167,2.5,0.1489198,0,0,8.74228E-08,1,0,0,0,2.5,0.1489198,0,0,0,1,0,0,0,0.1489198
1730306188034,-29.52772,1.516073,-0.3119373,-0.9941415,0.09669808,-0.04829729,0,0,0,2.5,0.1489198,0,0,8.74228E-08,1,0,0,0,2.5,0.1489198,0,0,0,1,0,0,0,0.1489198
1730306188055,-29.56605,1.515617,-0.3146114,-0.9946097,0.09351035,-0.04480624,-2.874756,-0.03422499,-0.2005577,2.5,0.1546807,0,0,8.74228E-08,1,0,0.4320681,0,2.5,0.1546807,0,0,0,1,0,0.4320681,0,0.1546807
1730306188061,-29.56605,1.515617,-0.3146114,-0.9946097,0.09351035,-0.04480624,0,0,0,2.5,0.1546807,0,0,8.74228E-08,1,0,0,0,2.5,0.1546807,0,0,0,1,0,0,0,0.1546807
1730306188083,-29.60338,1.520443,-0.3172493,-0.9975522,0.05682172,-0.04076278,-2.800083,0.3619552,-0.1978397,2.5,0.158715,0,0,8.74228E-08,1,0,0.3025711,0,2.5,0.158715,0,0,0,1,0,0.3025711,0,0.158715
1730306188089,-29.60338,1.520443,-0.3172493,-0.9975522,0.05682172,-0.04076278,0,0,0,2.5,0.158715,0,0,8.74228E-08,1,0,0,0,2.5,0.158715,0,0,0,1,0,0,0,0.158715
1730306188111,-29.64161,1.524137,-0.3204823,-0.9962488,0.07855749,-0.03629518,-2.866745,0.2770096,-0.2424717,2.5,0.158715,0,0,8.74228E-08,1,0,0,0,2.5,0.158715,0,0,0,1,0,0,0,0.158715
1730306188117,-29.64161,1.524137,-0.3204823,-0.9962488,0.07855749,-0.03629518,0,0,0,2.5,0.158715,0,0,8.74228E-08,1,0,0,0,2.5,0.158715,0,0,0,1,0,0,0,0.158715
1730306188139,-29.68007,1.533091,-0.3227825,-0.9943825,0.09974243,-0.0354327,-2.885056,0.6715894,-0.1725197,2.5,0.158715,0,0,8.74228E-08,1,0,0,0,2.5,0.158715,0,0,0,1,0,0,0,0.158715
1730306188147,-29.68007,1.533091,-0.3227825,-0.9943825,0.09974243,-0.0354327,0,0,0,2.5,0.158715,0,0,8.74228E-08,1,0,0,0,2.5,0.158715,0,0,0,1,0,0,0,0.158715
1730306188167,-29.7173,1.537029,-0.3243694,-0.9917988,0.1226361,-0.03599811,-2.792358,0.295347,-0.1190186,2.5,0.158715,0,0,8.74228E-08,1,0,0,0,2.5,0.158715,0,0,0,1,0,0,0,0.158715
1730306188173,-29.7173,1.537029,-0.3243694,-0.9917988,0.1226361,-0.03599811,0,0,0,2.5,0.158715,0,0,8.74228E-08,1,0,0,0,2.5,0.158715,0,0,0,1,0,0,0,0.158715
1730306188195,-29.75562,1.544904,-0.323103,-0.9913766,0.1261292,-0.03555739,-2.873611,0.5906135,0.09498596,2.5,0.158715,0,0,8.74228E-08,1,0,0,0,2.5,0.158715,0,0,0,1,0,0,0,0.158715
1730306188201,-29.75562,1.544904,-0.323103,-0.9913766,0.1261292,-0.03555739,0,0,0,2.5,0.158715,0,0,8.74228E-08,1,0,0,0,2.5,0.158715,0,0,0,1,0,0,0,0.158715
1730306188206,-29.75562,1.544904,-0.323103,-0.9913766,0.1261292,-0.03555739,0,0,0,2.5,0.158715,0,0,8.74228E-08,1,0,0,0,2.5,0.158715,0,0,0,1,0,0,0,0.158715
1730306188222,-29.79297,1.552018,-0.3174553,-0.9924775,0.1177026,-0.03368723,-2.801514,0.5335361,0.4235744,2.5,0.158715,0,0,8.74228E-08,1,0,0,0,2.5,0.158715,0,0,0,1,0,0,0,0.158715
1730306188228,-29.79297,1.552018,-0.3174553,-0.9924775,0.1177026,-0.03368723,0,0,0,2.5,0.158715,0,0,8.74228E-08,1,0,0,0,2.5,0.158715,0,0,0,1,0,0,0,0.158715
1730306188250,-29.83031,1.557993,-0.3170242,-0.9943227,0.1012872,-0.03261185,-2.800083,0.4481345,0.03232956,2.5,0.158715,0,0,8.74228E-08,1,0,0,0,2.5,0.158715,0,0,0,1,0,0,0,0.158715
1730306188256,-29.83031,1.557993,-0.3170242,-0.9943227,0.1012872,-0.03261185,0,0,0,2.5,0.158715,0,0,8.74228E-08,1,0,0,0,2.5,0.158715,0,0,0,1,0,0,0,0.158715
1730306188276,-29.86552,1.564077,-0.3169479,-0.9960057,0.08384283,-0.03071702,-2.64101,0.4562974,0.005722046,2.5,0.158715,0,0,8.74228E-08,1,0,0,0,2.5,0.158715,0,0,0,1,0,0,0,0.158715
1730306188282,-29.86552,1.564077,-0.3169479,-0.9960057,0.08384283,-0.03071702,0,0,0,2.5,0.158715,0,0,8.74228E-08,1,0,0,0,2.5,0.158715,0,0,0,1,0,0,0,0.158715
1730306188304,-29.90097,1.568842,-0.3163071,-0.996843,0.07556948,-0.0243597,-2.658463,0.3574133,0.04806519,2.5,0.158715,0,0,8.74228E-08,1,0,0,0,2.5,0.158715,0,0,0,1,0,0,0,0.158715
1730306188310,-29.90097,1.568842,-0.3163071,-0.996843,0.07556948,-0.0243597,0,0,0,2.5,0.158715,0,0,8.74228E-08,1,0,0,0,2.5,0.158715,0,0,0,1,0,0,0,0.158715
1730306188333,-29.93586,1.570706,-0.3159332,-0.9972551,0.072589,-0.01459742,-2.616978,0.139752,0.02803802,2.5,0.158715,0,0,8.74228E-08,1,0,0,0,2.5,0.158715,0,0,0,1,0,0,0,0.158715
1730306188339,-29.93586,1.570706,-0.3159332,-0.9972551,0.072589,-0.01459742,0,0,0,2.5,0.158715,0,0,8.74228E-08,1,0,0,0,2.5,0.158715,0,0,0,1,0,0,0,0.158715
1730306188361,-29.97019,1.570444,-0.3162994,-0.9970128,0.07699347,-0.006155849,-2.574635,-0.01961589,-0.02746582,2.5,0.158715,0,0,8.74228E-08,1,0,0,0,2.5,0.158715,0,0,0,1,0,0,0,0.158715
1730306188367,-29.97019,1.570444,-0.3162994,-0.9970128,0.07699347,-0.006155849,0,0,0,2.5,0.158715,0,0,8.74228E-08,1,0,0,0,2.5,0.158715,0,0,0,1,0,0,0,0.158715
1730306188389,-30.00518,1.567866,-0.3162613,-0.9961455,0.08771718,-0.0006945133,-2.62413,-0.1933962,0.002861023,2.5,0.158715,0,0,8.74228E-08,1,0,0,0,2.5,0.158715,0,0,0,1,0,0,0,0.158715
1730306188395,-30.00518,1.567866,-0.3162613,-0.9961455,0.08771718,-0.0006945133,0,0,0,2.5,0.158715,0,0,8.74228E-08,1,0,0,0,2.5,0.158715,0,0,0,1,0,0,0,0.158715
1730306188417,-30.03962,1.563279,-0.3173714,-0.9954396,0.09539291,0.0007561445,-2.583504,-0.3440201,-0.08325577,2.5,0.158715,0,0,8.74228E-08,1,0,0,0,2.5,0.158715,0,0,0,1,0,0,0,0.158715
1730306188423,-30.03962,1.563279,-0.3173714,-0.9954396,0.09539291,0.0007561445,0,0,0,2.5,0.158715,0,0,8.74228E-08,1,0,0,0,2.5,0.158715,0,0,0,1,0,0,0,0.158715
1730306188445,-30.07475,1.556956,-0.3181496,-0.9951923,0.09794194,-4.029274E-05,-2.634716,-0.4741877,-0.05836487,2.5,0.158715,0,0,8.74228E-08,1,0,0,0,2.5,0.158715,0,0,0,1,0,0,0,0.158715
1730306188450,-30.07475,1.556956,-0.3181496,-0.9951923,0.09794194,-4.029274E-05,0,0,0,2.5,0.158715,0,0,8.74228E-08,1,0,0,0,2.5,0.158715,0,0,0,1,0,0,0,0.158715
1730306188473,-30.11032,1.548963,-0.3183098,-0.9947762,0.1020225,-0.003492951,-2.667332,-0.5994558,-0.0120163,2.5,0.158715,0,0,8.74228E-08,1,0,0,0,2.5,0.158715,0,0,0,1,0,0,0,0.158715
1730306188478,-30.11032,1.548963,-0.3183098,-0.9947762,0.1020225,-0.003492951,0,0,0,2.5,0.158715,0,0,8.74228E-08,1,0,0,0,2.5,0.158715,0,0,0,1,0,0,0,0.158715
1730306188501,-30.14573,1.538642,-0.3183479,-0.9941787,0.1072551,-0.01027119,-2.656174,-0.7740945,-0.002861023,2.5,0.158715,0,0,8.74228E-08,1,0,0,0,2.5,0.158715,0,0,0,1,0,0,0,0.158715
1730306188507,-30.14573,1.538642,-0.3183479,-0.9941787,0.1072551,-0.01027119,0,0,0,2.5,0.158715,0,0,8.74228E-08,1,0,0,0,2.5,0.158715,0,0,0,1,0,0,0,0.158715
1730306188529,-30.1828,1.529182,-0.3178368,-0.9948108,0.1002188,-0.01754665,-2.77977,-0.7095337,0.03833771,2.5,0.158715,0,0,8.74228E-08,1,0,0,0,2.5,0.158715,0,0,0,1,0,0,0,0.158715
1730306188535,-30.1828,1.529182,-0.3178368,-0.9948108,0.1002188,-0.01754665,0,0,0,2.5,0.158715,0,0,8.74228E-08,1,0,0,0,2.5,0.158715,0,0,0,1,0,0,0,0.158715
1730306188557,-30.21987,1.520641,-0.3164177,-0.9954079,0.09274993,-0.02368641,-2.780342,-0.6405473,0.1064301,2.5,0.158715,0,0,8.74228E-08,1,0,0,0,2.5,0.158715,0,0,0,1,0,0,0,0.158715
1730306188563,-30.21987,1.520641,-0.3164177,-0.9954079,0.09274993,-0.02368641,0,0,0,2.5,0.158715,0,0,8.74228E-08,1,0,0,0,2.5,0.158715,0,0,0,1,0,0,0,0.158715
1730306188568,-30.21987,1.520641,-0.3164177,-0.9954079,0.09274993,-0.02368641,0,0,0,2.5,0.158715,0,0,8.74228E-08,1,0,0,0,2.5,0.158715,0,0,0,1,0,0,0,0.158715
1730306188585,-30.25817,1.516153,-0.3146057,-0.9960348,0.08474588,-0.02707636,-2.873039,-0.3366441,0.1358986,2.5,0.1599585,0,0,8.74228E-08,1,0,0.09326041,0,2.5,0.1599585,0,0,0,1,0,0.09326041,0,0.1599585
1730306188591,-30.25817,1.516153,-0.3146057,-0.9960348,0.08474588,-0.02707636,0,0,0,2.5,0.1599585,0,0,8.74228E-08,1,0,0,0,2.5,0.1599585,0,0,0,1,0,0,0,0.1599585
1730306188613,-30.29584,1.515744,-0.3114319,-0.9961646,0.08258465,-0.02891791,-2.824974,-0.03063083,0.2380371,2.5,0.1640167,0,0,8.74228E-08,1,0,0.3043681,0,2.5,0.1640167,0,0,0,1,0,0.3043681,0,0.1640167
1730306188618,-30.29584,1.515744,-0.3114319,-0.9961646,0.08258465,-0.02891791,0,0,0,2.5,0.1640167,0,0,8.74228E-08,1,0,0,0,2.5,0.1640167,0,0,0,1,0,0,0,0.1640167
1730306188639,-30.33432,1.521643,-0.3086891,-0.9981842,0.05137009,-0.03146005,-2.885914,0.4424393,0.2057076,2.5,0.1663191,0,0,8.74228E-08,1,0,0.1726806,0,2.5,0.1663191,0,0,0,1,0,0.1726806,0,0.1663191
1730306188644,-30.33432,1.521643,-0.3086891,-0.9981842,0.05137009,-0.03146005,0,0,0,2.5,0.1663191,0,0,8.74228E-08,1,0,0,0,2.5,0.1663191,0,0,0,1,0,0,0,0.1663191
1730306188667,-30.37272,1.525948,-0.3046112,-0.9952515,0.09189948,-0.03208661,-2.880192,0.3228396,0.3058434,2.5,0.1663191,0,0,8.74228E-08,1,0,0,0,2.5,0.1663191,0,0,0,1,0,0,0,0.1663191
1730306188673,-30.37272,1.525948,-0.3046112,-0.9952515,0.09189948,-0.03208661,0,0,0,2.5,0.1663191,0,0,8.74228E-08,1,0,0,0,2.5,0.1663191,0,0,0,1,0,0,0,0.1663191
1730306188695,-30.41039,1.533037,-0.299675,-0.9936043,0.1095734,-0.02728164,-2.824974,0.5317032,0.3702164,2.5,0.1663191,0,0,8.74228E-08,1,0,0,0,2.5,0.1663191,0,0,0,1,0,0,0,0.1663191
1730306188701,-30.41039,1.533037,-0.299675,-0.9936043,0.1095734,-0.02728164,0,0,0,2.5,0.1663191,0,0,8.74228E-08,1,0,0,0,2.5,0.1663191,0,0,0,1,0,0,0,0.1663191
1730306188723,-30.44716,1.535572,-0.2985001,-0.9931048,0.1159132,-0.01754081,-2.75774,0.190115,0.08811951,2.5,0.1663191,0,0,8.74228E-08,1,0,0,0,2.5,0.1663191,0,0,0,1,0,0,0,0.1663191
1730306188729,-30.44716,1.535572,-0.2985001,-0.9931048,0.1159132,-0.01754081,0,0,0,2.5,0.1663191,0,0,8.74228E-08,1,0,0,0,2.5,0.1663191,0,0,0,1,0,0,0,0.1663191
1730306188751,-30.484,1.541724,-0.2968178,-0.9947305,0.1012923,-0.01586318,-2.763462,0.4613847,0.1261711,2.5,0.1663191,0,0,8.74228E-08,1,0,0,0,2.5,0.1663191,0,0,0,1,0,0,0,0.1663191
1730306188756,-30.484,1.541724,-0.2968178,-0.9947305,0.1012923,-0.01586318,0,0,0,2.5,0.1663191,0,0,8.74228E-08,1,0,0,0,2.5,0.1663191,0,0,0,1,0,0,0,0.1663191
1730306188779,-30.52075,1.549698,-0.2973061,-0.9944787,0.1036737,-0.01626611,-2.755737,0.5980521,-0.03662109,2.5,0.1663191,0,0,8.74228E-08,1,0,0,0,2.5,0.1663191,0,0,0,1,0,0,0,0.1663191
1730306188784,-30.52075,1.549698,-0.2973061,-0.9944787,0.1036737,-0.01626611,0,0,0,2.5,0.1663191,0,0,8.74228E-08,1,0,0,0,2.5,0.1663191,0,0,0,1,0,0,0,0.1663191
1730306188807,-30.55649,1.555661,-0.2989311,-0.9945906,0.1025716,-0.01640379,-2.680779,0.4472136,-0.1218796,2.5,0.1663191,0,0,8.74228E-08,1,0,0,0,2.5,0.1663191,0,0,0,1,0,0,0,0.1663191
1730306188813,-30.55649,1.555661,-0.2989311,-0.9945906,0.1025716,-0.01640379,0,0,0,2.5,0.1663191,0,0,8.74228E-08,1,0,0,0,2.5,0.1663191,0,0,0,1,0,0,0,0.1663191
1730306188835,-30.59157,1.561993,-0.30019,-0.9953717,0.09444399,-0.01777029,-2.630711,0.4749298,-0.09441376,2.5,0.1663191,0,0,8.74228E-08,1,0,0,0,2.5,0.1663191,0,0,0,1,0,0,0,0.1663191
1730306188840,-30.59157,1.561993,-0.30019,-0.9953717,0.09444399,-0.01777029,0,0,0,2.5,0.1663191,0,0,8.74228E-08,1,0,0,0,2.5,0.1663191,0,0,0,1,0,0,0,0.1663191
1730306188863,-30.62707,1.566325,-0.3023148,-0.9954826,0.09264958,-0.02075922,-2.662754,0.3248692,-0.159359,2.5,0.1663191,0,0,8.74228E-08,1,0,0,0,2.5,0.1663191,0,0,0,1,0,0,0,0.1663191
1730306188868,-30.62707,1.566325,-0.3023148,-0.9954826,0.09264958,-0.02075922,0,0,0,2.5,0.1663191,0,0,8.74228E-08,1,0,0,0,2.5,0.1663191,0,0,0,1,0,0,0,0.1663191
1730306188873,-30.62707,1.566325,-0.3023148,-0.9954826,0.09264958,-0.02075922,0,0,0,2.5,0.1663191,0,0,8.74228E-08,1,0,0,0,2.5,0.1663191,0,0,0,1,0,0,0,0.1663191
1730306188891,-30.66296,1.567459,-0.3047791,-0.9955297,0.09051561,-0.02697778,-2.69165,0.08507073,-0.1848221,2.5,0.1663191,0,0,8.74228E-08,1,0,0,0,2.5,0.1663191,0,0,0,1,0,0,0,0.1663191
1730306188897,-30.66296,1.567459,-0.3047791,-0.9955297,0.09051561,-0.02697778,0,0,0,2.5,0.1663191,0,0,8.74228E-08,1,0,0,0,2.5,0.1663191,0,0,0,1,0,0,0,0.1663191
1730306188917,-30.69831,1.567135,-0.3066635,-0.9955978,0.08788755,-0.03257585,-2.65131,-0.02427399,-0.1413345,2.5,0.1663191,0,0,8.74228E-08,1,0,0,0,2.5,0.1663191,0,0,0,1,0,0,0,0.1663191
1730306188923,-30.69831,1.567135,-0.3066635,-0.9955978,0.08788755,-0.03257585,0,0,0,2.5,0.1663191,0,0,8.74228E-08,1,0,0,0,2.5,0.1663191,0,0,0,1,0,0,0,0.1663191
1730306188945,-30.73443,1.564967,-0.3068771,-0.9954904,0.08700806,-0.03779447,-2.709103,-0.1626045,-0.01602173,2.5,0.1663191,0,0,8.74228E-08,1,0,0,0,2.5,0.1663191,0,0,0,1,0,0,0,0.1663191
1730306188951,-30.73443,1.564967,-0.3068771,-0.9954904,0.08700806,-0.03779447,0,0,0,2.5,0.1663191,0,0,8.74228E-08,1,0,0,0,2.5,0.1663191,0,0,0,1,0,0,0,0.1663191
1730306188973,-30.77031,1.560413,-0.3075905,-0.9955729,0.08454772,-0.04106629,-2.690506,-0.3415525,-0.05350113,2.5,0.1663191,0,0,8.74228E-08,1,0,0,0,2.5,0.1663191,0,0,0,1,0,0,0,0.1663191
1730306188978,-30.77031,1.560413,-0.3075905,-0.9955729,0.08454772,-0.04106629,0,0,0,2.5,0.1663191,0,0,8.74228E-08,1,0,0,0,2.5,0.1663191,0,0,0,1,0,0,0,0.1663191
1730306189001,-30.806,1.553261,-0.3089981,-0.9959894,0.07954817,-0.04096019,-2.676773,-0.5364418,-0.1055717,2.5,0.1663191,0,0,8.74228E-08,1,0,0,0,2.5,0.1663191,0,0,0,1,0,0,0,0.1663191
1730306189006,-30.806,1.553261,-0.3089981,-0.9959894,0.07954817,-0.04096019,0,0,0,2.5,0.1663191,0,0,8.74228E-08,1,0,0,0,2.5,0.1663191,0,0,0,1,0,0,0,0.1663191
1730306189029,-30.84204,1.544822,-0.3104744,-0.9965464,0.07366474,-0.03833234,-2.703667,-0.6328762,-0.1107216,2.5,0.1663191,0,0,8.74228E-08,1,0,0,0,2.5,0.1663191,0,0,0,1,0,0,0,0.1663191
1730306189034,-30.84204,1.544822,-0.3104744,-0.9965464,0.07366474,-0.03833234,0,0,0,2.5,0.1663191,0,0,8.74228E-08,1,0,0,0,2.5,0.1663191,0,0,0,1,0,0,0,0.1663191
1730306189056,-30.87851,1.535244,-0.3119087,-0.9967183,0.07269192,-0.03561985,-2.734566,-0.7183939,-0.1075745,2.5,0.1663191,0,0,8.74228E-08,1,0,0,0,2.5,0.1663191,0,0,0,1,0,0,0,0.1663191
1730306189062,-30.87851,1.535244,-0.3119087,-0.9967183,0.07269192,-0.03561985,0,0,0,2.5,0.1663191,0,0,8.74228E-08,1,0,0,0,2.5,0.1663191,0,0,0,1,0,0,0,0.1663191
1730306189085,-30.91407,1.525255,-0.3139572,-0.9970582,0.06888707,-0.03361094,-2.667332,-0.7491767,-0.1536369,2.5,0.1663191,0,0,8.74228E-08,1,0,0,0,2.5,0.1663191,0,0,0,1,0,0,0,0.1663191
1730306189091,-30.91407,1.525255,-0.3139572,-0.9970582,0.06888707,-0.03361094,0,0,0,2.5,0.1663191,0,0,8.74228E-08,1,0,0,0,2.5,0.1663191,0,0,0,1,0,0,0,0.1663191
1730306189112,-30.95187,1.517767,-0.3158073,-0.9974613,0.06442508,-0.03033757,-2.834988,-0.561583,-0.1387596,2.5,0.1663191,0,0,8.74228E-08,1,0,0,0,2.5,0.1663191,0,0,0,1,0,0,0,0.1663191
1730306189118,-30.95187,1.517767,-0.3158073,-0.9974613,0.06442508,-0.03033757,0,0,0,2.5,0.1663191,0,0,8.74228E-08,1,0,0,0,2.5,0.1663191,0,0,0,1,0,0,0,0.1663191
1730306189140,-30.99027,1.515739,-0.318367,-0.997652,0.06380898,-0.02489197,-2.879906,-0.1520634,-0.1919746,2.5,0.1702607,0,0,8.74228E-08,1,0,0.2956152,0,2.5,0.1702607,0,0,0,1,0,0.2956152,0,0.1702607
1730306189147,-30.99027,1.515739,-0.318367,-0.997652,0.06380898,-0.02489197,0,0,0,2.5,0.1702607,0,0,8.74228E-08,1,0,0,0,2.5,0.1702607,0,0,0,1,0,0,0,0.1702607
1730306189168,-31.02864,1.5153,-0.3216858,-0.9978715,0.06263745,-0.01815093,-2.878189,-0.03297329,-0.248909,2.5,0.1745119,0,0,8.74228E-08,1,0,0.3188431,0,2.5,0.1745119,0,0,0,1,0,0.3188431,0,0.1745119
1730306189174,-31.02864,1.5153,-0.3216858,-0.9978715,0.06263745,-0.01815093,0,0,0,2.5,0.1745119,0,0,8.74228E-08,1,0,0,0,2.5,0.1745119,0,0,0,1,0,0,0,0.1745119
1730306189196,-31.06581,1.515207,-0.325119,-0.9981802,0.05903634,-0.01230586,-2.787209,-0.006937981,-0.2574921,2.5,0.1781619,0,0,8.74228E-08,1,0,0.2737463,0,2.5,0.1781619,0,0,0,1,0,0.2737463,0,0.1781619
1730306189201,-31.06581,1.515207,-0.325119,-0.9981802,0.05903634,-0.01230586,0,0,0,2.5,0.1781619,0,0,8.74228E-08,1,0,0,0,2.5,0.1781619,0,0,0,1,0,0,0,0.1781619
1730306189206,-31.06581,1.515207,-0.325119,-0.9981802,0.05903634,-0.01230586,0,0,0,2.5,0.1781619,0,0,8.74228E-08,1,0,0,0,2.5,0.1781619,0,0,0,1,0,0,0,0.1781619
1730306189223,-31.10186,1.519934,-0.3287506,-0.9990146,0.04412869,-0.004775524,-2.703667,0.3545344,-0.2723694,2.5,0.1802392,0,0,8.74228E-08,1,0,0.1558006,0,2.5,0.1802392,0,0,0,1,0,0.1558006,0,0.1802392
1730306189228,-31.10186,1.519934,-0.3287506,-0.9990146,0.04412869,-0.004775524,0,0,0,2.5,0.1802392,0,0,8.74228E-08,1,0,0,0,2.5,0.1802392,0,0,0,1,0,0,0,0.1802392
1730306189251,-31.13929,1.524037,-0.3321533,-0.99582,0.09099599,0.007897675,-2.807236,0.3076851,-0.2552032,2.5,0.1802392,0,0,8.74228E-08,1,0,0,0,2.5,0.1802392,0,0,0,1,0,0,0,0.1802392
1730306189256,-31.13929,1.524037,-0.3321533,-0.99582,0.09099599,0.007897675,0,0,0,2.5,0.1802392,0,0,8.74228E-08,1,0,0,0,2.5,0.1802392,0,0,0,1,0,0,0,0.1802392
1730306189278,-31.17614,1.530063,-0.3352318,-0.9925075,0.1206871,0.01907903,-2.763748,0.4519701,-0.2308846,2.5,0.1802392,0,0,8.74228E-08,1,0,0,0,2.5,0.1802392,0,0,0,1,0,0,0,0.1802392
1730306189283,-31.17614,1.530063,-0.3352318,-0.9925075,0.1206871,0.01907903,0,0,0,2.5,0.1802392,0,0,8.74228E-08,1,0,0,0,2.5,0.1802392,0,0,0,1,0,0,0,0.1802392
1730306189306,-31.21361,1.536257,-0.3373985,-0.9895267,0.1421313,0.0252195,-2.810383,0.4645497,-0.1625061,2.5,0.1802392,0,0,8.74228E-08,1,0,0,0,2.5,0.1802392,0,0,0,1,0,0,0,0.1802392
1730306189312,-31.21361,1.536257,-0.3373985,-0.9895267,0.1421313,0.0252195,0,0,0,2.5,0.1802392,0,0,8.74228E-08,1,0,0,0,2.5,0.1802392,0,0,0,1,0,0,0,0.1802392
1730306189335,-31.25128,1.542863,-0.3341599,-0.9896036,0.1414533,0.02599359,-2.825546,0.4954308,0.2429008,2.5,0.1802392,0,0,8.74228E-08,1,0,0,0,2.5,0.1802392,0,0,0,1,0,0,0,0.1802392
1730306189340,-31.25128,1.542863,-0.3341599,-0.9896036,0.1414533,0.02599359,0,0,0,2.5,0.1802392,0,0,8.74228E-08,1,0,0,0,2.5,0.1802392,0,0,0,1,0,0,0,0.1802392
1730306189363,-31.28815,1.548796,-0.3255081,-0.993233,0.1145577,0.01911056,-2.765179,0.4450142,0.64888,2.5,0.1802392,0,0,8.74228E-08,1,0,0,0,2.5,0.1802392,0,0,0,1,0,0,0,0.1802392
1730306189368,-31.28815,1.548796,-0.3255081,-0.993233,0.1145577,0.01911056,0,0,0,2.5,0.1802392,0,0,8.74228E-08,1,0,0,0,2.5,0.1802392,0,0,0,1,0,0,0,0.1802392
1730306189391,-31.32553,1.55528,-0.3263893,-0.9959775,0.08875699,0.01230305,-2.803802,0.4862934,-0.06608963,2.5,0.1802392,0,0,8.74228E-08,1,0,0,0,2.5,0.1802392,0,0,0,1,0,0,0,0.1802392
1730306189396,-31.32553,1.55528,-0.3263893,-0.9959775,0.08875699,0.01230305,0,0,0,2.5,0.1802392,0,0,8.74228E-08,1,0,0,0,2.5,0.1802392,0,0,0,1,0,0,0,0.1802392
1730306189418,-31.36216,1.561819,-0.3217545,-0.9966317,0.08149184,0.009218216,-2.747154,0.4903883,0.3476143,2.5,0.1802392,0,0,8.74228E-08,1,0,0,0,2.5,0.1802392,0,0,0,1,0,0,0,0.1802392
1730306189424,-31.36216,1.561819,-0.3217545,-0.9966317,0.08149184,0.009218216,0,0,0,2.5,0.1802392,0,0,8.74228E-08,1,0,0,0,2.5,0.1802392,0,0,0,1,0,0,0,0.1802392
1730306189446,-31.39822,1.56497,-0.3223457,-0.9963727,0.08464821,0.008741438,-2.704239,0.2363563,-0.04434586,2.5,0.1802392,0,0,8.74228E-08,1,0,0,0,2.5,0.1802392,0,0,0,1,0,0,0,0.1802392
1730306189452,-31.39822,1.56497,-0.3223457,-0.9963727,0.08464821,0.008741438,0,0,0,2.5,0.1802392,0,0,8.74228E-08,1,0,0,0,2.5,0.1802392,0,0,0,1,0,0,0,0.1802392
1730306189474,-31.4337,1.565631,-0.3232422,-0.995994,0.08884427,0.01013488,-2.661037,0.04956722,-0.06723404,2.5,0.1802392,0,0,8.74228E-08,1,0,0,0,2.5,0.1802392,0,0,0,1,0,0,0,0.1802392
1730306189480,-31.4337,1.565631,-0.3232422,-0.995994,0.08884427,0.01013488,0,0,0,2.5,0.1802392,0,0,8.74228E-08,1,0,0,0,2.5,0.1802392,0,0,0,1,0,0,0,0.1802392
1730306189502,-31.46904,1.563772,-0.3239403,-0.9951554,0.09731387,0.01400745,-2.650166,-0.1394391,-0.05235672,2.5,0.1802392,0,0,8.74228E-08,1,0,0,0,2.5,0.1802392,0,0,0,1,0,0,0,0.1802392
1730306189508,-31.46904,1.563772,-0.3239403,-0.9951554,0.09731387,0.01400745,0,0,0,2.5,0.1802392,0,0,8.74228E-08,1,0,0,0,2.5,0.1802392,0,0,0,1,0,0,0,0.1802392
1730306189530,-31.50495,1.559925,-0.3253441,-0.9947092,0.1011064,0.01820147,-2.693367,-0.2884984,-0.1052856,2.5,0.1802392,0,0,8.74228E-08,1,0,0,0,2.5,0.1802392,0,0,0,1,0,0,0,0.1802392
1730306189536,-31.50495,1.559925,-0.3253441,-0.9947092,0.1011064,0.01820147,0,0,0,2.5,0.1802392,0,0,8.74228E-08,1,0,0,0,2.5,0.1802392,0,0,0,1,0,0,0,0.1802392
1730306189542,-31.50495,1.559925,-0.3253441,-0.9947092,0.1011064,0.01820147,0,0,0,2.5,0.1802392,0,0,8.74228E-08,1,0,0,0,2.5,0.1802392,0,0,0,1,0,0,0,0.1802392
1730306189558,-31.54108,1.554305,-0.3256989,-0.9953648,0.09399214,0.02036256,-2.709961,-0.4215002,-0.02660751,2.5,0.1802392,0,0,8.74228E-08,1,0,0,0,2.5,0.1802392,0,0,0,1,0,0,0,0.1802392
1730306189563,-31.54108,1.554305,-0.3256989,-0.9953648,0.09399214,0.02036256,0,0,0,2.5,0.1802392,0,0,8.74228E-08,1,0,0,0,2.5,0.1802392,0,0,0,1,0,0,0,0.1802392
1730306189585,-31.57744,1.547919,-0.3274155,-0.9958413,0.08867329,0.02091515,-2.727127,-0.4789531,-0.128746,2.5,0.1802392,0,0,8.74228E-08,1,0,0,0,2.5,0.1802392,0,0,0,1,0,0,0,0.1802392
1730306189591,-31.57744,1.547919,-0.3274155,-0.9958413,0.08867329,0.02091515,0,0,0,2.5,0.1802392,0,0,8.74228E-08,1,0,0,0,2.5,0.1802392,0,0,0,1,0,0,0,0.1802392
1730306189611,-31.61402,1.539304,-0.3291702,-0.9960425,0.08668178,0.01964921,-2.743435,-0.6461531,-0.1316071,2.5,0.1802392,0,0,8.74228E-08,1,0,0,0,2.5,0.1802392,0,0,0,1,0,0,0,0.1802392
1730306189617,-31.61402,1.539304,-0.3291702,-0.9960425,0.08668178,0.01964921,0,0,0,2.5,0.1802392,0,0,8.74228E-08,1,0,0,0,2.5,0.1802392,0,0,0,1,0,0,0,0.1802392
1730306189638,-31.65101,1.530778,-0.3306427,-0.996455,0.08240578,0.01693738,-2.774334,-0.6394476,-0.1104355,2.5,0.1802392,0,0,8.74228E-08,1,0,0,0,2.5,0.1802392,0,0,0,1,0,0,0,0.1802392
1730306189644,-31.65101,1.530778,-0.3306427,-0.996455,0.08240578,0.01693738,0,0,0,2.5,0.1802392,0,0,8.74228E-08,1,0,0,0,2.5,0.1802392,0,0,0,1,0,0,0,0.1802392
1730306189667,-31.68808,1.522556,-0.3318291,-0.9970993,0.07504235,0.01273543,-2.780056,-0.616613,-0.08897781,2.5,0.1802392,0,0,8.74228E-08,1,0,0,0,2.5,0.1802392,0,0,0,1,0,0,0,0.1802392
1730306189673,-31.68808,1.522556,-0.3318291,-0.9970993,0.07504235,0.01273543,0,0,0,2.5,0.1802392,0,0,8.74228E-08,1,0,0,0,2.5,0.1802392,0,0,0,1,0,0,0,0.1802392
1730306189695,-31.72438,1.515704,-0.3330841,-0.9980727,0.06165415,0.007085919,-2.722263,-0.5139291,-0.09412766,2.5,0.1805207,0,0,8.74228E-08,1,0,0.02110898,0,2.5,0.1805207,0,0,0,1,0,0.02110898,0,0.1805207
1730306189700,-31.72438,1.515704,-0.3330841,-0.9980727,0.06165415,0.007085919,0,0,0,2.5,0.1805207,0,0,8.74228E-08,1,0,0,0,2.5,0.1805207,0,0,0,1,0,0,0,0.1805207
1730306189723,-31.76185,1.515674,-0.3338776,-0.9982104,0.0597868,0.001348138,-2.810383,-0.002217293,-0.05950928,2.5,0.1857285,0,0,8.74228E-08,1,0,0.3905922,0,2.5,0.1857285,0,0,0,1,0,0.3905922,0,0.1857285
1730306189729,-31.76185,1.515674,-0.3338776,-0.9982104,0.0597868,0.001348138,0,0,0,2.5,0.1857285,0,0,8.74228E-08,1,0,0,0,2.5,0.1857285,0,0,0,1,0,0,0,0.1857285
1730306189751,-31.79859,1.515602,-0.3303757,-0.9978253,0.06587663,-0.002390862,-2.755451,-0.005418062,0.2626419,2.5,0.1898086,0,0,8.74228E-08,1,0,0.3060043,0,2.5,0.1898086,0,0,0,1,0,0.3060043,0,0.1898086
1730306189756,-31.79859,1.515602,-0.3303757,-0.9978253,0.06587663,-0.002390862,0,0,0,2.5,0.1898086,0,0,8.74228E-08,1,0,0,0,2.5,0.1898086,0,0,0,1,0,0,0,0.1898086
1730306189779,-31.83659,1.520928,-0.3302803,-0.9985468,0.0532698,-0.008178473,-2.850151,0.3994077,0.007152557,2.5,0.1898086,0,0,8.74228E-08,1,0,0,0,2.5,0.1898086,0,0,0,1,0,0,0,0.1898086
1730306189784,-31.83659,1.520928,-0.3302803,-0.9985468,0.0532698,-0.008178473,0,0,0,2.5,0.1898086,0,0,8.74228E-08,1,0,0,0,2.5,0.1898086,0,0,0,1,0,0,0,0.1898086
1730306189806,-31.87343,1.524618,-0.3290291,-0.9970291,0.07617225,-0.01144934,-2.76289,0.2767682,0.09384155,2.5,0.1898086,0,0,8.74228E-08,1,0,0,0,2.5,0.1898086,0,0,0,1,0,0,0,0.1898086
1730306189812,-31.87343,1.524618,-0.3290291,-0.9970291,0.07617225,-0.01144934,0,0,0,2.5,0.1898086,0,0,8.74228E-08,1,0,0,0,2.5,0.1898086,0,0,0,1,0,0,0,0.1898086
1730306189834,-31.91013,1.528018,-0.3283844,-0.9950646,0.09891155,-0.007975578,-2.75259,0.2550423,0.04835129,2.5,0.1898086,0,0,8.74228E-08,1,0,0,0,2.5,0.1898086,0,0,0,1,0,0,0,0.1898086
1730306189840,-31.91013,1.528018,-0.3283844,-0.9950646,0.09891155,-0.007975578,0,0,0,2.5,0.1898086,0,0,8.74228E-08,1,0,0,0,2.5,0.1898086,0,0,0,1,0,0,0,0.1898086
1730306189862,-31.94688,1.531048,-0.3301964,-0.995948,0.08993385,-0.000446558,-2.756596,0.2272189,-0.1358986,2.5,0.1898086,0,0,8.74228E-08,1,0,0,0,2.5,0.1898086,0,0,0,1,0,0,0,0.1898086
1730306189868,-31.94688,1.531048,-0.3301964,-0.995948,0.08993385,-0.000446558,0,0,0,2.5,0.1898086,0,0,8.74228E-08,1,0,0,0,2.5,0.1898086,0,0,0,1,0,0,0,0.1898086
1730306189873,-31.94688,1.531048,-0.3301964,-0.995948,0.08993385,-0.000446558,0,0,0,2.5,0.1898086,0,0,8.74228E-08,1,0,0,0,2.5,0.1898086,0,0,0,1,0,0,0,0.1898086
1730306189890,-31.98247,1.536152,-0.332943,-0.997722,0.0673825,0.003275335,-2.669048,0.382787,-0.2059937,2.5,0.1898086,0,0,8.74228E-08,1,0,0,0,2.5,0.1898086,0,0,0,1,0,0,0,0.1898086
1730306189896,-31.98247,1.536152,-0.332943,-0.997722,0.0673825,0.003275335,0,0,0,2.5,0.1898086,0,0,8.74228E-08,1,0,0,0,2.5,0.1898086,0,0,0,1,0,0,0,0.1898086
1730306189918,-32.01809,1.54143,-0.3364716,-0.9985858,0.05286089,0.005701542,-2.671051,0.3958315,-0.2646446,2.5,0.1898086,0,0,8.74228E-08,1,0,0,0,2.5,0.1898086,0,0,0,1,0,0,0,0.1898086
1730306189924,-32.01809,1.54143,-0.3364716,-0.9985858,0.05286089,0.005701542,0,0,0,2.5,0.1898086,0,0,8.74228E-08,1,0,0,0,2.5,0.1898086,0,0,0,1,0,0,0,0.1898086
1730306189944,-32.05232,1.547956,-0.3436241,-0.9987795,0.04912168,0.00518626,-2.567482,0.4894942,-0.5364418,2.5,0.1898086,0,0,8.74228E-08,1,0,0,0,2.5,0.1898086,0,0,0,1,0,0,0,0.1898086
1730306189950,-32.05232,1.547956,-0.3436241,-0.9987795,0.04912168,0.00518626,0,0,0,2.5,0.1898086,0,0,8.74228E-08,1,0,0,0,2.5,0.1898086,0,0,0,1,0,0,0,0.1898086
1730306189972,-32.08683,1.554522,-0.3492203,-0.9987208,0.05043862,0.003595293,-2.588367,0.4924536,-0.4197121,2.5,0.1898086,0,0,8.74228E-08,1,0,0,0,2.5,0.1898086,0,0,0,1,0,0,0,0.1898086
1730306189978,-32.08683,1.554522,-0.3492203,-0.9987208,0.05043862,0.003595293,0,0,0,2.5,0.1898086,0,0,8.74228E-08,1,0,0,0,2.5,0.1898086,0,0,0,1,0,0,0,0.1898086
1730306190000,-32.12082,1.559402,-0.3540268,-0.9985188,0.05440906,-0.0005455017,-2.548885,0.3659427,-0.3604889,2.5,0.1898086,0,0,8.74228E-08,1,0,0,0,2.5,0.1898086,0,0,0,1,0,0,0,0.1898086
1730306190006,-32.12082,1.559402,-0.3540268,-0.9985188,0.05440906,-0.0005455017,0,0,0,2.5,0.1898086,0,0,8.74228E-08,1,0,0,0,2.5,0.1898086,0,0,0,1,0,0,0,0.1898086
1730306190029,-32.15418,1.56229,-0.3587723,-0.9984657,0.0547368,-0.008383512,-2.502537,0.216651,-0.3559113,2.5,0.1898086,0,0,8.74228E-08,1,0,0,0,2.5,0.1898086,0,0,0,1,0,0,0,0.1898086
1730306190034,-32.15418,1.56229,-0.3587723,-0.9984657,0.0547368,-0.008383512,0,0,0,2.5,0.1898086,0,0,8.74228E-08,1,0,0,0,2.5,0.1898086,0,0,0,1,0,0,0,0.1898086
1730306190056,-32.18847,1.563388,-0.3627205,-0.998269,0.05663012,-0.01590049,-2.571201,0.08232594,-0.2961159,2.5,0.1898086,0,0,8.74228E-08,1,0,0,0,2.5,0.1898086,0,0,0,1,0,0,0,0.1898086
1730306190062,-32.18847,1.563388,-0.3627205,-0.998269,0.05663012,-0.01590049,0,0,0,2.5,0.1898086,0,0,8.74228E-08,1,0,0,0,2.5,0.1898086,0,0,0,1,0,0,0,0.1898086
1730306190084,-32.22238,1.563247,-0.3669815,-0.9980025,0.05901789,-0.02254927,-2.543449,-0.01053214,-0.3195763,2.5,0.1898086,0,0,8.74228E-08,1,0,0,0,2.5,0.1898086,0,0,0,1,0,0,0,0.1898086
1730306190090,-32.22238,1.563247,-0.3669815,-0.9980025,0.05901789,-0.02254927,0,0,0,2.5,0.1898086,0,0,8.74228E-08,1,0,0,0,2.5,0.1898086,0,0,0,1,0,0,0,0.1898086
1730306190112,-32.25633,1.560162,-0.3706474,-0.9978708,0.05893662,-0.0279392,-2.54631,-0.2314121,-0.2749443,2.5,0.1898086,0,0,8.74228E-08,1,0,0,0,2.5,0.1898086,0,0,0,1,0,0,0,0.1898086
1730306190118,-32.25633,1.560162,-0.3706474,-0.9978708,0.05893662,-0.0279392,0,0,0,2.5,0.1898086,0,0,8.74228E-08,1,0,0,0,2.5,0.1898086,0,0,0,1,0,0,0,0.1898086
1730306190140,-32.29004,1.554624,-0.3736496,-0.9980372,0.05431108,-0.03118396,-2.528572,-0.4153401,-0.2251625,2.5,0.1898086,0,0,8.74228E-08,1,0,0,0,2.5,0.1898086,0,0,0,1,0,0,0,0.1898086
1730306190146,-32.29004,1.554624,-0.3736496,-0.9980372,0.05431108,-0.03118396,0,0,0,2.5,0.1898086,0,0,8.74228E-08,1,0,0,0,2.5,0.1898086,0,0,0,1,0,0,0,0.1898086
1730306190168,-32.32408,1.547955,-0.3765678,-0.9981413,0.05087487,-0.03355801,-2.552605,-0.5002141,-0.2188683,2.5,0.1898086,0,0,8.74228E-08,1,0,0,0,2.5,0.1898086,0,0,0,1,0,0,0,0.1898086
1730306190174,-32.32408,1.547955,-0.3765678,-0.9981413,0.05087487,-0.03355801,0,0,0,2.5,0.1898086,0,0,8.74228E-08,1,0,0,0,2.5,0.1898086,0,0,0,1,0,0,0,0.1898086
1730306190196,-32.35846,1.540003,-0.3795357,-0.9976534,0.05833229,-0.03585196,-2.57864,-0.5963445,-0.2225876,2.5,0.1898086,0,0,8.74228E-08,1,0,0,0,2.5,0.1898086,0,0,0,1,0,0,0,0.1898086
1730306190203,-32.35846,1.540003,-0.3795357,-0.9976534,0.05833229,-0.03585196,0,0,0,2.5,0.1898086,0,0,8.74228E-08,1,0,0,0,2.5,0.1898086,0,0,0,1,0,0,0,0.1898086
1730306190209,-32.35846,1.540003,-0.3795357,-0.9976534,0.05833229,-0.03585196,0,0,0,2.5,0.1898086,0,0,8.74228E-08,1,0,0,0,2.5,0.1898086,0,0,0,1,0,0,0,0.1898086
1730306190223,-32.39226,1.530157,-0.3825073,-0.9971783,0.06652785,-0.03478456,-2.535152,-0.7384837,-0.2228737,2.5,0.1898086,0,0,8.74228E-08,1,0,0,0,2.5,0.1898086,0,0,0,1,0,0,0,0.1898086
1730306190229,-32.39226,1.530157,-0.3825073,-0.9971783,0.06652785,-0.03478456,0,0,0,2.5,0.1898086,0,0,8.74228E-08,1,0,0,0,2.5,0.1898086,0,0,0,1,0,0,0,0.1898086
1730306190251,-32.42721,1.520622,-0.3857498,-0.9975544,0.06173583,-0.03277612,-2.621269,-0.7151306,-0.243187,2.5,0.1898086,0,0,8.74228E-08,1,0,0,0,2.5,0.1898086,0,0,0,1,0,0,0,0.1898086
1730306190257,-32.42721,1.520622,-0.3857498,-0.9975544,0.06173583,-0.03277612,0,0,0,2.5,0.1898086,0,0,8.74228E-08,1,0,0,0,2.5,0.1898086,0,0,0,1,0,0,0,0.1898086
1730306190276,-32.46186,1.516422,-0.3892784,-0.9983986,0.04880105,-0.02861702,-2.598381,-0.3149629,-0.2646446,2.5,0.1922014,0,0,8.74228E-08,1,0,0.1794577,0,2.5,0.1922014,0,0,0,1,0,0.1794577,0,0.1922014
1730306190282,-32.46186,1.516422,-0.3892784,-0.9983986,0.04880105,-0.02861702,0,0,0,2.5,0.1922014,0,0,8.74228E-08,1,0,0,0,2.5,0.1922014,0,0,0,1,0,0,0,0.1922014
1730306190303,-32.49661,1.515854,-0.3935204,-0.9987923,0.04341666,-0.02300882,-2.606392,-0.04261136,-0.3181458,2.5,0.1970754,0,0,8.74228E-08,1,0,0.3655493,0,2.5,0.1970754,0,0,0,1,0,0.3655493,0,0.1970754
1730306190309,-32.49661,1.515854,-0.3935204,-0.9987923,0.04341666,-0.02300882,0,0,0,2.5,0.1970754,0,0,8.74228E-08,1,0,0,0,2.5,0.1970754,0,0,0,1,0,0,0,0.1970754
1730306190332,-32.53276,1.52198,-0.3987236,-0.9995513,0.02432678,-0.01748538,-2.711678,0.4594266,-0.3902435,2.5,0.1970754,0,0,8.74228E-08,1,0,0,0,2.5,0.1970754,0,0,0,1,0,0,0,0.1970754
1730306190338,-32.53276,1.52198,-0.3987236,-0.9995513,0.02432678,-0.01748538,0,0,0,2.5,0.1970754,0,0,8.74228E-08,1,0,0,0,2.5,0.1970754,0,0,0,1,0,0,0,0.1970754
1730306190361,-32.56799,1.527578,-0.4053688,-0.9987161,0.04668592,-0.01966834,-2.641869,0.419873,-0.4983902,2.5,0.1970754,0,0,8.74228E-08,1,0,0,0,2.5,0.1970754,0,0,0,1,0,0,0,0.1970754
1730306190366,-32.56799,1.527578,-0.4053688,-0.9987161,0.04668592,-0.01966834,0,0,0,2.5,0.1970754,0,0,8.74228E-08,1,0,0,0,2.5,0.1970754,0,0,0,1,0,0,0,0.1970754
1730306190388,-32.60298,1.534542,-0.4089813,-0.9980307,0.05492607,-0.03030431,-2.62413,0.5222976,-0.2709389,2.5,0.1970754,0,0,8.74228E-08,1,0,0,0,2.5,0.1970754,0,0,0,1,0,0,0,0.1970754
1730306190394,-32.60298,1.534542,-0.4089813,-0.9980307,0.05492607,-0.03030431,0,0,0,2.5,0.1970754,0,0,8.74228E-08,1,0,0,0,2.5,0.1970754,0,0,0,1,0,0,0,0.1970754
1730306190416,-32.63635,1.541172,-0.4115524,-0.9980596,0.0510271,-0.03568602,-2.502823,0.4972279,-0.1928329,2.5,0.1970754,0,0,8.74228E-08,1,0,0,0,2.5,0.1970754,0,0,0,1,0,0,0,0.1970754
1730306190422,-32.63635,1.541172,-0.4115524,-0.9980596,0.0510271,-0.03568602,0,0,0,2.5,0.1970754,0,0,8.74228E-08,1,0,0,0,2.5,0.1970754,0,0,0,1,0,0,0,0.1970754
1730306190445,-32.67031,1.55042,-0.4126358,-0.9983714,0.04579138,-0.03403223,-2.546883,0.6936014,-0.08125305,2.5,0.1970754,0,0,8.74228E-08,1,0,0,0,2.5,0.1970754,0,0,0,1,0,0,0,0.1970754
1730306190450,-32.67031,1.55042,-0.4126358,-0.9983714,0.04579138,-0.03403223,0,0,0,2.5,0.1970754,0,0,8.74228E-08,1,0,0,0,2.5,0.1970754,0,0,0,1,0,0,0,0.1970754
1730306190473,-32.70345,1.559065,-0.4130211,-0.9978513,0.05826853,-0.02996421,-2.485943,0.6484151,-0.02889633,2.5,0.1970754,0,0,8.74228E-08,1,0,0,0,2.5,0.1970754,0,0,0,1,0,0,0,0.1970754
1730306190478,-32.70345,1.559065,-0.4130211,-0.9978513,0.05826853,-0.02996421,0,0,0,2.5,0.1970754,0,0,8.74228E-08,1,0,0,0,2.5,0.1970754,0,0,0,1,0,0,0,0.1970754
1730306190501,-32.735,1.566157,-0.4131203,-0.9980601,0.05733281,-0.02427185,-2.36578,0.531891,-0.00743866,2.5,0.1970754,0,0,8.74228E-08,1,0,0,0,2.5,0.1970754,0,0,0,1,0,0,0,0.1970754
1730306190507,-32.735,1.566157,-0.4131203,-0.9980601,0.05733281,-0.02427185,0,0,0,2.5,0.1970754,0,0,8.74228E-08,1,0,0,0,2.5,0.1970754,0,0,0,1,0,0,0,0.1970754
1730306190529,-32.76742,1.572204,-0.4130554,-0.9986563,0.04844568,-0.01841259,-2.431583,0.453499,0.004863739,2.5,0.1970754,0,0,8.74228E-08,1,0,0,0,2.5,0.1970754,0,0,0,1,0,0,0,0.1970754
1730306190535,-32.76742,1.572204,-0.4130554,-0.9986563,0.04844568,-0.01841259,0,0,0,2.5,0.1970754,0,0,8.74228E-08,1,0,0,0,2.5,0.1970754,0,0,0,1,0,0,0,0.1970754
1730306190540,-32.76742,1.572204,-0.4130554,-0.9986563,0.04844568,-0.01841259,0,0,0,2.5,0.1970754,0,0,8.74228E-08,1,0,0,0,2.5,0.1970754,0,0,0,1,0,0,0,0.1970754
1730306190557,-32.79897,1.575839,-0.4132347,-0.9990152,0.04320443,-0.01011205,-2.366352,0.2726376,-0.01344681,2.5,0.1970754,0,0,8.74228E-08,1,0,0,0,2.5,0.1970754,0,0,0,1,0,0,0,0.1970754
1730306190563,-32.79897,1.575839,-0.4132347,-0.9990152,0.04320443,-0.01011205,0,0,0,2.5,0.1970754,0,0,8.74228E-08,1,0,0,0,2.5,0.1970754,0,0,0,1,0,0,0,0.1970754
1730306190585,-32.83032,1.577414,-0.4135094,-0.9992847,0.03779428,-0.001419187,-2.351189,0.1181066,-0.02059937,2.5,0.1970754,0,0,8.74228E-08,1,0,0,0,2.5,0.1970754,0,0,0,1,0,0,0,0.1970754
1730306190593,-32.83032,1.577414,-0.4135094,-0.9992847,0.03779428,-0.001419187,0,0,0,2.5,0.1970754,0,0,8.74228E-08,1,0,0,0,2.5,0.1970754,0,0,0,1,0,0,0,0.1970754
1730306190611,-32.86075,1.577773,-0.4153328,-0.9992638,0.0377607,0.006806314,-2.282238,0.02696514,-0.1367569,2.5,0.1970754,0,0,8.74228E-08,1,0,0,0,2.5,0.1970754,0,0,0,1,0,0,0,0.1970754
1730306190616,-32.86075,1.577773,-0.4153328,-0.9992638,0.0377607,0.006806314,0,0,0,2.5,0.1970754,0,0,8.74228E-08,1,0,0,0,2.5,0.1970754,0,0,0,1,0,0,0,0.1970754
1730306190638,-32.89205,1.57652,-0.4161224,-0.9990639,0.04141582,0.0125044,-2.347469,-0.09402037,-0.05922318,2.5,0.1970754,0,0,8.74228E-08,1,0,0,0,2.5,0.1970754,0,0,0,1,0,0,0,0.1970754
1730306190644,-32.89205,1.57652,-0.4161224,-0.9990639,0.04141582,0.0125044,0,0,0,2.5,0.1970754,0,0,8.74228E-08,1,0,0,0,2.5,0.1970754,0,0,0,1,0,0,0,0.1970754
1730306190666,-32.9237,1.573464,-0.4167404,-0.9989494,0.04315144,0.01544285,-2.373791,-0.229159,-0.04634857,2.5,0.1970754,0,0,8.74228E-08,1,0,0,0,2.5,0.1970754,0,0,0,1,0,0,0,0.1970754
1730306190672,-32.9237,1.573464,-0.4167404,-0.9989494,0.04315144,0.01544285,0,0,0,2.5,0.1970754,0,0,8.74228E-08,1,0,0,0,2.5,0.1970754,0,0,0,1,0,0,0,0.1970754
1730306190694,-32.9545,1.568952,-0.4173927,-0.9989737,0.04295268,0.01439643,-2.310276,-0.3384501,-0.04892349,2.5,0.1970754,0,0,8.74228E-08,1,0,0,0,2.5,0.1970754,0,0,0,1,0,0,0,0.1970754
1730306190700,-32.9545,1.568952,-0.4173927,-0.9989737,0.04295268,0.01439643,0,0,0,2.5,0.1970754,0,0,8.74228E-08,1,0,0,0,2.5,0.1970754,0,0,0,1,0,0,0,0.1970754
1730306190722,-32.98711,1.562667,-0.4179001,-0.9989442,0.04392143,0.01349407,-2.445602,-0.4713088,-0.03805161,2.5,0.1970754,0,0,8.74228E-08,1,0,0,0,2.5,0.1970754,0,0,0,1,0,0,0,0.1970754
1730306190727,-32.98711,1.562667,-0.4179001,-0.9989442,0.04392143,0.01349407,0,0,0,2.5,0.1970754,0,0,8.74228E-08,1,0,0,0,2.5,0.1970754,0,0,0,1,0,0,0,0.1970754
1730306190750,-33.01887,1.554367,-0.4182854,-0.9987753,0.04776953,0.01288986,-2.382088,-0.6225139,-0.02889633,2.5,0.1970754,0,0,8.74228E-08,1,0,0,0,2.5,0.1970754,0,0,0,1,0,0,0,0.1970754
1730306190756,-33.01887,1.554367,-0.4182854,-0.9987753,0.04776953,0.01288986,0,0,0,2.5,0.1970754,0,0,8.74228E-08,1,0,0,0,2.5,0.1970754,0,0,0,1,0,0,0,0.1970754
1730306190778,-33.05243,1.545384,-0.418129,-0.9988204,0.04761118,0.009569049,-2.517128,-0.6737709,0.01173019,2.5,0.1970754,0,0,8.74228E-08,1,0,0,0,2.5,0.1970754,0,0,0,1,0,0,0,0.1970754
1730306190784,-33.05243,1.545384,-0.418129,-0.9988204,0.04761118,0.009569049,0,0,0,2.5,0.1970754,0,0,8.74228E-08,1,0,0,0,2.5,0.1970754,0,0,0,1,0,0,0,0.1970754
1730306190806,-33.08712,1.538087,-0.4175491,-0.9990374,0.04342008,0.006262064,-2.601814,-0.5472511,0.04348755,2.5,0.1970754,0,0,8.74228E-08,1,0,0,0,2.5,0.1970754,0,0,0,1,0,0,0,0.1970754
1730306190812,-33.08712,1.538087,-0.4175491,-0.9990374,0.04342008,0.006262064,0,0,0,2.5,0.1970754,0,0,8.74228E-08,1,0,0,0,2.5,0.1970754,0,0,0,1,0,0,0,0.1970754
1730306190834,-33.12233,1.531716,-0.4167938,-0.9993199,0.03687389,0.0007594824,-2.640724,-0.4778534,0.05664825,2.5,0.1970754,0,0,8.74228E-08,1,0,0,0,2.5,0.1970754,0,0,0,1,0,0,0,0.1970754
1730306190840,-33.12233,1.531716,-0.4167938,-0.9993199,0.03687389,0.0007594824,0,0,0,2.5,0.1970754,0,0,8.74228E-08,1,0,0,0,2.5,0.1970754,0,0,0,1,0,0,0,0.1970754
1730306190863,-33.1579,1.52755,-0.4151421,-0.9993708,0.03523058,-0.004115224,-2.667332,-0.3124237,0.1238823,2.5,0.1970754,0,0,8.74228E-08,1,0,0,0,2.5,0.1970754,0,0,0,1,0,0,0,0.1970754
1730306190868,-33.1579,1.52755,-0.4151421,-0.9993708,0.03523058,-0.004115224,0,0,0,2.5,0.1970754,0,0,8.74228E-08,1,0,0,0,2.5,0.1970754,0,0,0,1,0,0,0,0.1970754
1730306190874,-33.1579,1.52755,-0.4151421,-0.9993708,0.03523058,-0.004115224,0,0,0,2.5,0.1970754,0,0,8.74228E-08,1,0,0,0,2.5,0.1970754,0,0,0,1,0,0,0,0.1970754
1730306190890,-33.19238,1.530219,-0.4131126,-0.9999234,0.01182311,-0.003645301,-2.586079,0.2001643,0.1522064,2.5,0.1970754,0,0,8.74228E-08,1,0,0,0,2.5,0.1970754,0,0,0,1,0,0,0,0.1970754
1730306190896,-33.19238,1.530219,-0.4131126,-0.9999234,0.01182311,-0.003645301,0,0,0,2.5,0.1970754,0,0,8.74228E-08,1,0,0,0,2.5,0.1970754,0,0,0,1,0,0,0,0.1970754
1730306190918,-33.22915,1.533355,-0.4103661,-0.9990499,0.04344558,0.003473461,-2.757454,0.235194,0.2059937,2.5,0.1970754,0,0,8.74228E-08,1,0,0,0,2.5,0.1970754,0,0,0,1,0,0,0,0.1970754
1730306190924,-33.22915,1.533355,-0.4103661,-0.9990499,0.04344558,0.003473461,0,0,0,2.5,0.1970754,0,0,8.74228E-08,1,0,0,0,2.5,0.1970754,0,0,0,1,0,0,0,0.1970754
1730306190944,-33.26397,1.543937,-0.407486,-0.998719,0.04841496,0.01470441,-2.611542,0.7936656,0.2160072,2.5,0.1970754,0,0,8.74228E-08,1,0,0,0,2.5,0.1970754,0,0,0,1,0,0,0,0.1970754
1730306190949,-33.26397,1.543937,-0.407486,-0.998719,0.04841496,0.01470441,0,0,0,2.5,0.1970754,0,0,8.74228E-08,1,0,0,0,2.5,0.1970754,0,0,0,1,0,0,0,0.1970754
1730306190971,-33.29881,1.54911,-0.4056664,-0.9975143,0.06459294,0.02816856,-2.613258,0.3880084,0.1364708,2.5,0.1970754,0,0,8.74228E-08,1,0,0,0,2.5,0.1970754,0,0,0,1,0,0,0,0.1970754
1730306190977,-33.29881,1.54911,-0.4056664,-0.9975143,0.06459294,0.02816856,0,0,0,2.5,0.1970754,0,0,8.74228E-08,1,0,0,0,2.5,0.1970754,0,0,0,1,0,0,0,0.1970754
1730306191000,-33.33329,1.553155,-0.4054375,-0.9973708,0.06309837,0.03563851,-2.586365,0.30334,0.01716614,2.5,0.1970754,0,0,8.74228E-08,1,0,0,0,2.5,0.1970754,0,0,0,1,0,0,0,0.1970754
1730306191006,-33.33329,1.553155,-0.4054375,-0.9973708,0.06309837,0.03563851,0,0,0,2.5,0.1970754,0,0,8.74228E-08,1,0,0,0,2.5,0.1970754,0,0,0,1,0,0,0,0.1970754
1730306191028,-33.36724,1.559123,-0.4058914,-0.99792,0.05360131,0.03581494,-2.545738,0.4476249,-0.03404617,2.5,0.1970754,0,0,8.74228E-08,1,0,0,0,2.5,0.1970754,0,0,0,1,0,0,0,0.1970754
1730306191034,-33.36724,1.559123,-0.4058914,-0.99792,0.05360131,0.03581494,0,0,0,2.5,0.1970754,0,0,8.74228E-08,1,0,0,0,2.5,0.1970754,0,0,0,1,0,0,0,0.1970754
1730306191056,-33.4018,1.564846,-0.4063492,-0.997797,0.05695935,0.03401166,-2.592373,0.429225,-0.03433228,2.5,0.1970754,0,0,8.74228E-08,1,0,0,0,2.5,0.1970754,0,0,0,1,0,0,0,0.1970754
1730306191062,-33.4018,1.564846,-0.4063492,-0.997797,0.05695935,0.03401166,0,0,0,2.5,0.1970754,0,0,8.74228E-08,1,0,0,0,2.5,0.1970754,0,0,0,1,0,0,0,0.1970754
1730306191084,-33.43652,1.569578,-0.4073982,-0.99782,0.05786094,0.03174722,-2.603531,0.3549099,-0.07867813,2.5,0.1970754,0,0,8.74228E-08,1,0,0,0,2.5,0.1970754,0,0,0,1,0,0,0,0.1970754
1730306191091,-33.43652,1.569578,-0.4073982,-0.99782,0.05786094,0.03174722,0,0,0,2.5,0.1970754,0,0,8.74228E-08,1,0,0,0,2.5,0.1970754,0,0,0,1,0,0,0,0.1970754
1730306191112,-33.47059,1.574405,-0.4077873,-0.9982397,0.05112382,0.03006768,-2.555752,0.361973,-0.02918243,2.5,0.1970754,0,0,8.74228E-08,1,0,0,0,2.5,0.1970754,0,0,0,1,0,0,0,0.1970754
1730306191118,-33.47059,1.574405,-0.4077873,-0.9982397,0.05112382,0.03006768,0,0,0,2.5,0.1970754,0,0,8.74228E-08,1,0,0,0,2.5,0.1970754,0,0,0,1,0,0,0,0.1970754
1730306191139,-33.50428,1.577876,-0.4084282,-0.9985956,0.04551041,0.02713007,-2.526283,0.260371,-0.04806519,2.5,0.1970754,0,0,8.74228E-08,1,0,0,0,2.5,0.1970754,0,0,0,1,0,0,0,0.1970754
1730306191146,-33.50428,1.577876,-0.4084282,-0.9985956,0.04551041,0.02713007,0,0,0,2.5,0.1970754,0,0,8.74228E-08,1,0,0,0,2.5,0.1970754,0,0,0,1,0,0,0,0.1970754
1730306191167,-33.53759,1.579231,-0.4092827,-0.9990538,0.03810801,0.02097219,-2.498817,0.1015842,-0.06408691,2.5,0.1970754,0,0,8.74228E-08,1,0,0,0,2.5,0.1970754,0,0,0,1,0,0,0,0.1970754
1730306191174,-33.53759,1.579231,-0.4092827,-0.9990538,0.03810801,0.02097219,0,0,0,2.5,0.1970754,0,0,8.74228E-08,1,0,0,0,2.5,0.1970754,0,0,0,1,0,0,0,0.1970754
1730306191195,-33.57032,1.579641,-0.409729,-0.9993609,0.03173991,0.01645398,-2.454185,0.030756,-0.03347397,2.5,0.1970754,0,0,8.74228E-08,1,0,0,0,2.5,0.1970754,0,0,0,1,0,0,0,0.1970754
1730306191202,-33.57032,1.579641,-0.409729,-0.9993609,0.03173991,0.01645398,0,0,0,2.5,0.1970754,0,0,8.74228E-08,1,0,0,0,2.5,0.1970754,0,0,0,1,0,0,0,0.1970754
1730306191208,-33.57032,1.579641,-0.409729,-0.9993609,0.03173991,0.01645398,0,0,0,2.5,0.1970754,0,0,8.74228E-08,1,0,0,0,2.5,0.1970754,0,0,0,1,0,0,0,0.1970754
1730306191223,-33.60229,1.578493,-0.4104195,-0.9994534,0.02964821,0.01463854,-2.398396,-0.08605421,-0.05178452,2.5,0.1970754,0,0,8.74228E-08,1,0,0,0,2.5,0.1970754,0,0,0,1,0,0,0,0.1970754
1730306191229,-33.60229,1.578493,-0.4104195,-0.9994534,0.02964821,0.01463854,0,0,0,2.5,0.1970754,0,0,8.74228E-08,1,0,0,0,2.5,0.1970754,0,0,0,1,0,0,0,0.1970754
1730306191251,-33.63481,1.576098,-0.4104652,-0.9995152,0.02761351,0.01439869,-2.438736,-0.1796812,-0.003433228,2.5,0.1970754,0,0,8.74228E-08,1,0,0,0,2.5,0.1970754,0,0,0,1,0,0,0,0.1970754
1730306191257,-33.63481,1.576098,-0.4104652,-0.9995152,0.02761351,0.01439869,0,0,0,2.5,0.1970754,0,0,8.74228E-08,1,0,0,0,2.5,0.1970754,0,0,0,1,0,0,0,0.1970754
1730306191276,-33.66685,1.572212,-0.4106064,-0.9994736,0.0282209,0.01602679,-2.402973,-0.2914399,-0.01058578,2.5,0.1970754,0,0,8.74228E-08,1,0,0,0,2.5,0.1970754,0,0,0,1,0,0,0,0.1970754
1730306191283,-33.66685,1.572212,-0.4106064,-0.9994736,0.0282209,0.01602679,0,0,0,2.5,0.1970754,0,0,8.74228E-08,1,0,0,0,2.5,0.1970754,0,0,0,1,0,0,0,0.1970754
1730306191304,-33.69901,1.56689,-0.4108772,-0.9993355,0.03270257,0.01610762,-2.411842,-0.3991574,-0.02031326,2.5,0.1970754,0,0,8.74228E-08,1,0,0,0,2.5,0.1970754,0,0,0,1,0,0,0,0.1970754
1730306191310,-33.69901,1.56689,-0.4108772,-0.9993355,0.03270257,0.01610762,0,0,0,2.5,0.1970754,0,0,8.74228E-08,1,0,0,0,2.5,0.1970754,0,0,0,1,0,0,0,0.1970754
1730306191332,-33.73223,1.559825,-0.4110756,-0.9990513,0.04111789,0.01435757,-2.491379,-0.5298704,-0.01487732,2.5,0.1970754,0,0,8.74228E-08,1,0,0,0,2.5,0.1970754,0,0,0,1,0,0,0,0.1970754
1730306191339,-33.73223,1.559825,-0.4110756,-0.9990513,0.04111789,0.01435757,0,0,0,2.5,0.1970754,0,0,8.74228E-08,1,0,0,0,2.5,0.1970754,0,0,0,1,0,0,0,0.1970754
1730306191360,-33.76603,1.551128,-0.4115219,-0.9987788,0.04791202,0.01206183,-2.534866,-0.6522328,-0.03347397,2.5,0.1970754,0,0,8.74228E-08,1,0,0,0,2.5,0.1970754,0,0,0,1,0,0,0,0.1970754
1730306191367,-33.76603,1.551128,-0.4115219,-0.9987788,0.04791202,0.01206183,0,0,0,2.5,0.1970754,0,0,8.74228E-08,1,0,0,0,2.5,0.1970754,0,0,0,1,0,0,0,0.1970754
1730306191388,-33.79971,1.54343,-0.4120979,-0.9992198,0.03826901,0.009783804,-2.526283,-0.5774081,-0.04320145,2.5,0.1970754,0,0,8.74228E-08,1,0,0,0,2.5,0.1970754,0,0,0,1,0,0,0,0.1970754
1730306191394,-33.79971,1.54343,-0.4120979,-0.9992198,0.03826901,0.009783804,0,0,0,2.5,0.1970754,0,0,8.74228E-08,1,0,0,0,2.5,0.1970754,0,0,0,1,0,0,0,0.1970754
1730306191416,-33.83459,1.536988,-0.4130554,-0.9995939,0.02672095,0.00991559,-2.615833,-0.4831553,-0.07181168,2.5,0.1970754,0,0,8.74228E-08,1,0,0,0,2.5,0.1970754,0,0,0,1,0,0,0,0.1970754
1730306191422,-33.83459,1.536988,-0.4130554,-0.9995939,0.02672095,0.00991559,0,0,0,2.5,0.1970754,0,0,8.74228E-08,1,0,0,0,2.5,0.1970754,0,0,0,1,0,0,0,0.1970754
1730306191444,-33.86905,1.531131,-0.4146042,-0.9996919,0.02267074,0.01011074,-2.584934,-0.4392743,-0.1161575,2.5,0.1970754,0,0,8.74228E-08,1,0,0,0,2.5,0.1970754,0,0,0,1,0,0,0,0.1970754
1730306191450,-33.86905,1.531131,-0.4146042,-0.9996919,0.02267074,0.01011074,0,0,0,2.5,0.1970754,0,0,8.74228E-08,1,0,0,0,2.5,0.1970754,0,0,0,1,0,0,0,0.1970754
1730306191472,-33.90403,1.534112,-0.4160156,-0.9999611,0.002720039,0.00840956,-2.622986,0.2236426,-0.1058578,2.5,0.1970754,0,0,8.74228E-08,1,0,0,0,2.5,0.1970754,0,0,0,1,0,0,0,0.1970754
1730306191479,-33.90403,1.534112,-0.4160156,-0.9999611,0.002720039,0.00840956,0,0,0,2.5,0.1970754,0,0,8.74228E-08,1,0,0,0,2.5,0.1970754,0,0,0,1,0,0,0,0.1970754
1730306191500,-33.93786,1.5372,-0.4178162,-0.9994961,0.03094309,0.007106662,-2.537441,0.2315462,-0.1350403,2.5,0.1970754,0,0,8.74228E-08,1,0,0,0,2.5,0.1970754,0,0,0,1,0,0,0,0.1970754
1730306191507,-33.93786,1.5372,-0.4178162,-0.9994961,0.03094309,0.007106662,0,0,0,2.5,0.1970754,0,0,8.74228E-08,1,0,0,0,2.5,0.1970754,0,0,0,1,0,0,0,0.1970754
1730306191528,-33.97307,1.544919,-0.4184532,-0.9992911,0.03735909,-0.004666448,-2.64101,0.5789816,-0.04777908,2.5,0.1970754,0,0,8.74228E-08,1,0,0,0,2.5,0.1970754,0,0,0,1,0,0,0,0.1970754
1730306191535,-33.97307,1.544919,-0.4184532,-0.9992911,0.03735909,-0.004666448,0,0,0,2.5,0.1970754,0,0,8.74228E-08,1,0,0,0,2.5,0.1970754,0,0,0,1,0,0,0,0.1970754
1730306191540,-33.97307,1.544919,-0.4184532,-0.9992911,0.03735909,-0.004666448,0,0,0,2.5,0.1970754,0,0,8.74228E-08,1,0,0,0,2.5,0.1970754,0,0,0,1,0,0,0,0.1970754
1730306191556,-34.00739,1.554136,-0.4175491,-0.9993538,0.03045531,-0.01910055,-2.573776,0.6912053,0.06780624,2.5,0.1970754,0,0,8.74228E-08,1,0,0,0,2.5,0.1970754,0,0,0,1,0,0,0,0.1970754
1730306191562,-34.00739,1.554136,-0.4175491,-0.9993538,0.03045531,-0.01910055,0,0,0,2.5,0.1970754,0,0,8.74228E-08,1,0,0,0,2.5,0.1970754,0,0,0,1,0,0,0,0.1970754
1730306191583,-34.04116,1.561552,-0.4168701,-0.9989042,0.03575402,-0.03020263,-2.532578,0.5562186,0.05092621,2.5,0.1970754,0,0,8.74228E-08,1,0,0,0,2.5,0.1970754,0,0,0,1,0,0,0,0.1970754
1730306191590,-34.04116,1.561552,-0.4168701,-0.9989042,0.03575402,-0.03020263,0,0,0,2.5,0.1970754,0,0,8.74228E-08,1,0,0,0,2.5,0.1970754,0,0,0,1,0,0,0,0.1970754
1730306191610,-34.07501,1.570348,-0.4140663,-0.9984736,0.04134336,-0.0366267,-2.538872,0.6596804,0.2102852,2.5,0.1970754,0,0,8.74228E-08,1,0,0,0,2.5,0.1970754,0,0,0,1,0,0,0,0.1970754
1730306191616,-34.07501,1.570348,-0.4140663,-0.9984736,0.04134336,-0.0366267,0,0,0,2.5,0.1970754,0,0,8.74228E-08,1,0,0,0,2.5,0.1970754,0,0,0,1,0,0,0,0.1970754
1730306191638,-34.10816,1.578163,-0.4109955,-0.9981786,0.04740483,-0.03731585,-2.486229,0.5861342,0.2303123,2.5,0.1970754,0,0,8.74228E-08,1,0,0,0,2.5,0.1970754,0,0,0,1,0,0,0,0.1970754
1730306191646,-34.10816,1.578163,-0.4109955,-0.9981786,0.04740483,-0.03731585,0,0,0,2.5,0.1970754,0,0,8.74228E-08,1,0,0,0,2.5,0.1970754,0,0,0,1,0,0,0,0.1970754
1730306191666,-34.14039,1.583662,-0.4080925,-0.9987177,0.04057514,-0.03028214,-2.417564,0.4124701,0.2177238,2.5,0.1970754,0,0,8.74228E-08,1,0,0,0,2.5,0.1970754,0,0,0,1,0,0,0,0.1970754
1730306191672,-34.14039,1.583662,-0.4080925,-0.9987177,0.04057514,-0.03028214,0,0,0,2.5,0.1970754,0,0,8.74228E-08,1,0,0,0,2.5,0.1970754,0,0,0,1,0,0,0,0.1970754
1730306191694,-34.17206,1.588913,-0.4052277,-0.999406,0.02495847,-0.02377236,-2.375221,0.393784,0.2148628,2.5,0.1970754,0,0,8.74228E-08,1,0,0,0,2.5,0.1970754,0,0,0,1,0,0,0,0.1970754
1730306191700,-34.17206,1.588913,-0.4052277,-0.999406,0.02495847,-0.02377236,0,0,0,2.5,0.1970754,0,0,8.74228E-08,1,0,0,0,2.5,0.1970754,0,0,0,1,0,0,0,0.1970754
1730306191722,-34.20417,1.592341,-0.4030876,-0.9996726,0.01926725,-0.01685572,-2.407837,0.2571166,0.1605034,2.5,0.1970754,0,0,8.74228E-08,1,0,0,0,2.5,0.1970754,0,0,0,1,0,0,0,0.1970754
1730306191729,-34.20417,1.592341,-0.4030876,-0.9996726,0.01926725,-0.01685572,0,0,0,2.5,0.1970754,0,0,8.74228E-08,1,0,0,0,2.5,0.1970754,0,0,0,1,0,0,0,0.1970754
1730306191750,-34.23775,1.594712,-0.3986778,-0.999836,0.01301267,-0.01260805,-2.518845,0.1778305,0.3307343,2.5,0.1970754,0,0,8.74228E-08,1,0,0,0,2.5,0.1970754,0,0,0,1,0,0,0,0.1970754
1730306191756,-34.23775,1.594712,-0.3986778,-0.999836,0.01301267,-0.01260805,0,0,0,2.5,0.1970754,0,0,8.74228E-08,1,0,0,0,2.5,0.1970754,0,0,0,1,0,0,0,0.1970754
1730306191778,-34.26977,1.594965,-0.3980751,-0.9998558,0.01042723,-0.01341498,-2.401543,0.01897216,0.04520416,2.5,0.1970754,0,0,8.74228E-08,1,0,0,0,2.5,0.1970754,0,0,0,1,0,0,0,0.1970754
1730306191784,-34.26977,1.594965,-0.3980751,-0.9998558,0.01042723,-0.01341498,0,0,0,2.5,0.1970754,0,0,8.74228E-08,1,0,0,0,2.5,0.1970754,0,0,0,1,0,0,0,0.1970754
1730306191806,-34.30165,1.593398,-0.397747,-0.9998192,0.006953225,-0.01770627,-2.390671,-0.1175433,0.0246048,2.5,0.1970754,0,0,8.74228E-08,1,0,0,0,2.5,0.1970754,0,0,0,1,0,0,0,0.1970754
1730306191812,-34.30165,1.593398,-0.397747,-0.9998192,0.006953225,-0.01770627,0,0,0,2.5,0.1970754,0,0,8.74228E-08,1,0,0,0,2.5,0.1970754,0,0,0,1,0,0,0,0.1970754
1730306191834,-34.33374,1.590677,-0.3972282,-0.9997274,-0.000510063,-0.02334833,-2.406693,-0.2040446,0.03890991,2.5,0.1970754,0,0,8.74228E-08,1,0,0,0,2.5,0.1970754,0,0,0,1,0,0,0,0.1970754
1730306191840,-34.33374,1.590677,-0.3972282,-0.9997274,-0.000510063,-0.02334833,0,0,0,2.5,0.1970754,0,0,8.74228E-08,1,0,0,0,2.5,0.1970754,0,0,0,1,0,0,0,0.1970754
1730306191862,-34.36634,1.58609,-0.3963089,-0.9995052,-0.005693236,-0.03094399,-2.445602,-0.344047,0.06895065,2.5,0.1970754,0,0,8.74228E-08,1,0,0,0,2.5,0.1970754,0,0,0,1,0,0,0,0.1970754
1730306191868,-34.36634,1.58609,-0.3963089,-0.9995052,-0.005693236,-0.03094399,0,0,0,2.5,0.1970754,0,0,8.74228E-08,1,0,0,0,2.5,0.1970754,0,0,0,1,0,0,0,0.1970754
1730306191873,-34.36634,1.58609,-0.3963089,-0.9995052,-0.005693236,-0.03094399,0,0,0,2.5,0.1970754,0,0,8.74228E-08,1,0,0,0,2.5,0.1970754,0,0,0,1,0,0,0,0.1970754
1730306191890,-34.39955,1.580093,-0.3932266,-0.999257,-0.008098094,-0.03768766,-2.49052,-0.4497886,0.2311707,2.5,0.1970754,0,0,8.74228E-08,1,0,0,0,2.5,0.1970754,0,0,0,1,0,0,0,0.1970754
1730306191896,-34.39955,1.580093,-0.3932266,-0.999257,-0.008098094,-0.03768766,0,0,0,2.5,0.1970754,0,0,8.74228E-08,1,0,0,0,2.5,0.1970754,0,0,0,1,0,0,0,0.1970754
1730306191918,-34.43274,1.572654,-0.3924141,-0.9990795,-0.007607816,-0.04222214,-2.489376,-0.5579263,0.06093979,2.5,0.1970754,0,0,8.74228E-08,1,0,0,0,2.5,0.1970754,0,0,0,1,0,0,0,0.1970754
1730306191923,-34.43274,1.572654,-0.3924141,-0.9990795,-0.007607816,-0.04222214,0,0,0,2.5,0.1970754,0,0,8.74228E-08,1,0,0,0,2.5,0.1970754,0,0,0,1,0,0,0,0.1970754
1730306191945,-34.46624,1.565352,-0.3889809,-0.9989341,-0.01349688,-0.04414868,-2.51255,-0.5476266,0.2574921,2.5,0.1970754,0,0,8.74228E-08,1,0,0,0,2.5,0.1970754,0,0,0,1,0,0,0,0.1970754
1730306191950,-34.46624,1.565352,-0.3889809,-0.9989341,-0.01349688,-0.04414868,0,0,0,2.5,0.1970754,0,0,8.74228E-08,1,0,0,0,2.5,0.1970754,0,0,0,1,0,0,0,0.1970754
1730306191973,-34.49991,1.558142,-0.3863983,-0.9987361,-0.02151385,-0.04542983,-2.525139,-0.5407333,0.1936913,2.5,0.1970754,0,0,8.74228E-08,1,0,0,0,2.5,0.1970754,0,0,0,1,0,0,0,0.1970754
1730306191979,-34.49991,1.558142,-0.3863983,-0.9987361,-0.02151385,-0.04542983,0,0,0,2.5,0.1970754,0,0,8.74228E-08,1,0,0,0,2.5,0.1970754,0,0,0,1,0,0,0,0.1970754
1730306192001,-34.53383,1.552928,-0.3840599,-0.9984611,-0.02869722,-0.04745638,-2.544022,-0.3910303,0.1753807,2.5,0.1970754,0,0,8.74228E-08,1,0,0,0,2.5,0.1970754,0,0,0,1,0,0,0,0.1970754
1730306192007,-34.53383,1.552928,-0.3840599,-0.9984611,-0.02869722,-0.04745638,0,0,0,2.5,0.1970754,0,0,8.74228E-08,1,0,0,0,2.5,0.1970754,0,0,0,1,0,0,0,0.1970754
1730306192029,-34.56694,1.549848,-0.3808212,-0.9982524,-0.03038623,-0.05068719,-2.483368,-0.2310276,0.2429008,2.5,0.1970754,0,0,8.74228E-08,1,0,0,0,2.5,0.1970754,0,0,0,1,0,0,0,0.1970754
1730306192036,-34.56694,1.549848,-0.3808212,-0.9982524,-0.03038623,-0.05068719,0,0,0,2.5,0.1970754,0,0,8.74228E-08,1,0,0,0,2.5,0.1970754,0,0,0,1,0,0,0,0.1970754
1730306192057,-34.60119,1.551497,-0.3782578,-0.9973153,-0.04256136,-0.05959117,-2.568626,0.1236856,0.1922607,2.5,0.1970754,0,0,8.74228E-08,1,0,0,0,2.5,0.1970754,0,0,0,1,0,0,0,0.1970754
1730306192063,-34.60119,1.551497,-0.3782578,-0.9973153,-0.04256136,-0.05959117,0,0,0,2.5,0.1970754,0,0,8.74228E-08,1,0,0,0,2.5,0.1970754,0,0,0,1,0,0,0,0.1970754
1730306192085,-34.63668,1.557281,-0.3757935,-0.9973114,-0.01635299,-0.07143605,-2.661896,0.433749,0.1848221,2.5,0.1970754,0,0,8.74228E-08,1,0,0,0,2.5,0.1970754,0,0,0,1,0,0,0,0.1970754
1730306192091,-34.63668,1.557281,-0.3757935,-0.9973114,-0.01635299,-0.07143605,0,0,0,2.5,0.1970754,0,0,8.74228E-08,1,0,0,0,2.5,0.1970754,0,0,0,1,0,0,0,0.1970754
1730306192113,-34.67129,1.56414,-0.3732338,-0.997052,0.001914898,-0.07670784,-2.59552,0.5144835,0.1919746,2.5,0.1970754,0,0,8.74228E-08,1,0,0,0,2.5,0.1970754,0,0,0,1,0,0,0,0.1970754
1730306192119,-34.67129,1.56414,-0.3732338,-0.997052,0.001914898,-0.07670784,0,0,0,2.5,0.1970754,0,0,8.74228E-08,1,0,0,0,2.5,0.1970754,0,0,0,1,0,0,0,0.1970754
1730306192140,-34.70362,1.569139,-0.36726,-0.9969287,0.00354241,-0.07823706,-2.425003,0.3748655,0.4480362,2.5,0.1970754,0,0,8.74228E-08,1,0,0,0,2.5,0.1970754,0,0,0,1,0,0,0,0.1970754
1730306192147,-34.70362,1.569139,-0.36726,-0.9969287,0.00354241,-0.07823706,0,0,0,2.5,0.1970754,0,0,8.74228E-08,1,0,0,0,2.5,0.1970754,0,0,0,1,0,0,0,0.1970754
1730306192169,-34.73485,1.573763,-0.3617249,-0.9968766,-0.006460479,-0.0787133,-2.342033,0.3468454,0.4151344,2.5,0.1970754,0,0,8.74228E-08,1,0,0,0,2.5,0.1970754,0,0,0,1,0,0,0,0.1970754
1730306192175,-34.73485,1.573763,-0.3617249,-0.9968766,-0.006460479,-0.0787133,0,0,0,2.5,0.1970754,0,0,8.74228E-08,1,0,0,0,2.5,0.1970754,0,0,0,1,0,0,0,0.1970754
1730306192196,-34.76685,1.581204,-0.3617668,-0.9968,-0.01168858,-0.07907856,-2.399826,0.5580872,-0.003147125,2.5,0.1970754,0,0,8.74228E-08,1,0,0,0,2.5,0.1970754,0,0,0,1,0,0,0,0.1970754
1730306192203,-34.76685,1.581204,-0.3617668,-0.9968,-0.01168858,-0.07907856,0,0,0,2.5,0.1970754,0,0,8.74228E-08,1,0,0,0,2.5,0.1970754,0,0,0,1,0,0,0,0.1970754
1730306192208,-34.76685,1.581204,-0.3617668,-0.9968,-0.01168858,-0.07907856,0,0,0,2.5,0.1970754,0,0,8.74228E-08,1,0,0,0,2.5,0.1970754,0,0,0,1,0,0,0,0.1970754
1730306192224,-34.79712,1.586907,-0.3632088,-0.9968728,-0.0115012,-0.07818401,-2.269936,0.4277319,-0.1081467,2.5,0.1970754,0,0,8.74228E-08,1,0,0,0,2.5,0.1970754,0,0,0,1,0,0,0,0.1970754
1730306192230,-34.79712,1.586907,-0.3632088,-0.9968728,-0.0115012,-0.07818401,0,0,0,2.5,0.1970754,0,0,8.74228E-08,1,0,0,0,2.5,0.1970754,0,0,0,1,0,0,0,0.1970754
1730306192252,-34.82733,1.592231,-0.3643799,-0.9966732,-0.01816993,-0.07945347,-2.26593,0.3992826,-0.0878334,2.5,0.1970754,0,0,8.74228E-08,1,0,0,0,2.5,0.1970754,0,0,0,1,0,0,0,0.1970754
1730306192258,-34.82733,1.592231,-0.3643799,-0.9966732,-0.01816993,-0.07945347,0,0,0,2.5,0.1970754,0,0,8.74228E-08,1,0,0,0,2.5,0.1970754,0,0,0,1,0,0,0,0.1970754
1730306192278,-34.85556,1.597281,-0.36623,-0.9962137,-0.02850953,-0.08213317,-2.117729,0.3787369,-0.1387596,2.5,0.1970754,0,0,8.74228E-08,1,0,0,0,2.5,0.1970754,0,0,0,1,0,0,0,0.1970754
1730306192283,-34.85556,1.597281,-0.36623,-0.9962137,-0.02850953,-0.08213317,0,0,0,2.5,0.1970754,0,0,8.74228E-08,1,0,0,0,2.5,0.1970754,0,0,0,1,0,0,0,0.1970754
1730306192306,-34.88456,1.601067,-0.3679428,-0.9960102,-0.03009192,-0.08401585,-2.174377,0.2839565,-0.1284599,2.5,0.1970754,0,0,8.74228E-08,1,0,0,0,2.5,0.1970754,0,0,0,1,0,0,0,0.1970754
1730306192312,-34.88456,1.601067,-0.3679428,-0.9960102,-0.03009192,-0.08401585,0,0,0,2.5,0.1970754,0,0,8.74228E-08,1,0,0,0,2.5,0.1970754,0,0,0,1,0,0,0,0.1970754
1730306192334,-34.91265,1.602808,-0.3695564,-0.9958751,-0.02929978,-0.08587635,-2.107143,0.1305878,-0.1210213,2.5,0.1970754,0,0,8.74228E-08,1,0,0,0,2.5,0.1970754,0,0,0,1,0,0,0,0.1970754
1730306192340,-34.91265,1.602808,-0.3695564,-0.9958751,-0.02929978,-0.08587635,0,0,0,2.5,0.1970754,0,0,8.74228E-08,1,0,0,0,2.5,0.1970754,0,0,0,1,0,0,0,0.1970754
1730306192362,-34.94023,1.602554,-0.3710632,-0.995661,-0.02721069,-0.08899057,-2.068233,-0.01904368,-0.1130104,2.5,0.1970754,0,0,8.74228E-08,1,0,0,0,2.5,0.1970754,0,0,0,1,0,0,0,0.1970754
1730306192369,-34.94023,1.602554,-0.3710632,-0.995661,-0.02721069,-0.08899057,0,0,0,2.5,0.1970754,0,0,8.74228E-08,1,0,0,0,2.5,0.1970754,0,0,0,1,0,0,0,0.1970754
1730306192391,-34.96964,1.600452,-0.3723373,-0.9953125,-0.02821047,-0.09250605,-2.205563,-0.1576781,-0.09555817,2.5,0.1970754,0,0,8.74228E-08,1,0,0,0,2.5,0.1970754,0,0,0,1,0,0,0,0.1970754
1730306192396,-34.96964,1.600452,-0.3723373,-0.9953125,-0.02821047,-0.09250605,0,0,0,2.5,0.1970754,0,0,8.74228E-08,1,0,0,0,2.5,0.1970754,0,0,0,1,0,0,0,0.1970754
1730306192418,-34.99734,1.596304,-0.3737831,-0.9949334,-0.03354412,-0.09477603,-2.078247,-0.3111094,-0.1084328,2.5,0.1970754,0,0,8.74228E-08,1,0,0,0,2.5,0.1970754,0,0,0,1,0,0,0,0.1970754
1730306192426,-34.99734,1.596304,-0.3737831,-0.9949334,-0.03354412,-0.09477603,0,0,0,2.5,0.1970754,0,0,8.74228E-08,1,0,0,0,2.5,0.1970754,0,0,0,1,0,0,0,0.1970754
1730306192446,-35.02656,1.590878,-0.3750076,-0.9946125,-0.04260431,-0.09450591,-2.191257,-0.4069179,-0.09183884,2.5,0.1970754,0,0,8.74228E-08,1,0,0,0,2.5,0.1970754,0,0,0,1,0,0,0,0.1970754
1730306192452,-35.02656,1.590878,-0.3750076,-0.9946125,-0.04260431,-0.09450591,0,0,0,2.5,0.1970754,0,0,8.74228E-08,1,0,0,0,2.5,0.1970754,0,0,0,1,0,0,0,0.1970754
1730306192474,-35.05549,1.585207,-0.3760109,-0.9943841,-0.0503363,-0.09309518,-2.1698,-0.4253626,-0.0752449,2.5,0.1970754,0,0,8.74228E-08,1,0,0,0,2.5,0.1970754,0,0,0,1,0,0,0,0.1970754
1730306192481,-35.05549,1.585207,-0.3760109,-0.9943841,-0.0503363,-0.09309518,0,0,0,2.5,0.1970754,0,0,8.74228E-08,1,0,0,0,2.5,0.1970754,0,0,0,1,0,0,0,0.1970754
1730306192502,-35.08389,1.579151,-0.3771858,-0.9945276,-0.05120503,-0.09106517,-2.129745,-0.4541695,-0.08811951,2.5,0.1970754,0,0,8.74228E-08,1,0,0,0,2.5,0.1970754,0,0,0,1,0,0,0,0.1970754
1730306192510,-35.08389,1.579151,-0.3771858,-0.9945276,-0.05120503,-0.09106517,0,0,0,2.5,0.1970754,0,0,8.74228E-08,1,0,0,0,2.5,0.1970754,0,0,0,1,0,0,0,0.1970754
1730306192516,-35.08389,1.579151,-0.3771858,-0.9945276,-0.05120503,-0.09106517,0,0,0,2.5,0.1970754,0,0,8.74228E-08,1,0,0,0,2.5,0.1970754,0,0,0,1,0,0,0,0.1970754
1730306192530,-35.11451,1.571569,-0.3790703,-0.9948078,-0.04635812,-0.09060311,-2.296257,-0.568682,-0.1413345,2.5,0.1970754,0,0,8.74228E-08,1,0,0,0,2.5,0.1970754,0,0,0,1,0,0,0,0.1970754
1730306192536,-35.11451,1.571569,-0.3790703,-0.9948078,-0.04635812,-0.09060311,0,0,0,2.5,0.1970754,0,0,8.74228E-08,1,0,0,0,2.5,0.1970754,0,0,0,1,0,0,0,0.1970754
1730306192558,-35.14528,1.56427,-0.3810959,-0.9946983,-0.04732662,-0.09130037,-2.307701,-0.5473852,-0.1519203,2.5,0.1970754,0,0,8.74228E-08,1,0,0,0,2.5,0.1970754,0,0,0,1,0,0,0,0.1970754
1730306192564,-35.14528,1.56427,-0.3810959,-0.9946983,-0.04732662,-0.09130037,0,0,0,2.5,0.1970754,0,0,8.74228E-08,1,0,0,0,2.5,0.1970754,0,0,0,1,0,0,0,0.1970754
1730306192583,-35.17709,1.557681,-0.3825798,-0.9942336,-0.0546132,-0.09228778,-2.386379,-0.4941702,-0.1112938,2.5,0.1970754,0,0,8.74228E-08,1,0,0,0,2.5,0.1970754,0,0,0,1,0,0,0,0.1970754
1730306192589,-35.17709,1.557681,-0.3825798,-0.9942336,-0.0546132,-0.09228778,0,0,0,2.5,0.1970754,0,0,8.74228E-08,1,0,0,0,2.5,0.1970754,0,0,0,1,0,0,0,0.1970754
1730306192611,-35.21061,1.552907,-0.3846779,-0.993996,-0.06009812,-0.09143448,-2.513409,-0.3581107,-0.1573563,2.5,0.1970754,0,0,8.74228E-08,1,0,0,0,2.5,0.1970754,0,0,0,1,0,0,0,0.1970754
1730306192617,-35.21061,1.552907,-0.3846779,-0.993996,-0.06009812,-0.09143448,0,0,0,2.5,0.1970754,0,0,8.74228E-08,1,0,0,0,2.5,0.1970754,0,0,0,1,0,0,0,0.1970754
1730306192639,-35.24327,1.550445,-0.3865128,-0.9945987,-0.05681576,-0.08686531,-2.449894,-0.1846343,-0.1376152,2.5,0.1970754,0,0,8.74228E-08,1,0,0,0,2.5,0.1970754,0,0,0,1,0,0,0,0.1970754
1730306192645,-35.24327,1.550445,-0.3865128,-0.9945987,-0.05681576,-0.08686531,0,0,0,2.5,0.1970754,0,0,8.74228E-08,1,0,0,0,2.5,0.1970754,0,0,0,1,0,0,0,0.1970754
1730306192667,-35.2776,1.556834,-0.3881683,-0.9951309,-0.05720056,-0.08026958,-2.574348,0.4792213,-0.1241684,2.5,0.1970754,0,0,8.74228E-08,1,0,0,0,2.5,0.1970754,0,0,0,1,0,0,0,0.1970754
1730306192674,-35.2776,1.556834,-0.3881683,-0.9951309,-0.05720056,-0.08026958,0,0,0,2.5,0.1970754,0,0,8.74228E-08,1,0,0,0,2.5,0.1970754,0,0,0,1,0,0,0,0.1970754
1730306192695,-35.31232,1.562216,-0.3902054,-0.9965161,-0.0326365,-0.07675326,-2.604675,0.4036367,-0.1527786,2.5,0.1970754,0,0,8.74228E-08,1,0,0,0,2.5,0.1970754,0,0,0,1,0,0,0,0.1970754
1730306192702,-35.31232,1.562216,-0.3902054,-0.9965161,-0.0326365,-0.07675326,0,0,0,2.5,0.1970754,0,0,8.74228E-08,1,0,0,0,2.5,0.1970754,0,0,0,1,0,0,0,0.1970754
1730306192723,-35.34621,1.569857,-0.3904457,-0.9967841,-0.01272038,-0.07912195,-2.541447,0.5730808,-0.01802444,2.5,0.1970754,0,0,8.74228E-08,1,0,0,0,2.5,0.1970754,0,0,0,1,0,0,0,0.1970754
1730306192730,-35.34621,1.569857,-0.3904457,-0.9967841,-0.01272038,-0.07912195,0,0,0,2.5,0.1970754,0,0,8.74228E-08,1,0,0,0,2.5,0.1970754,0,0,0,1,0,0,0,0.1970754
1730306192751,-35.37981,1.578191,-0.3838997,-0.9965363,-0.02584042,-0.0790447,-2.519989,0.6249994,0.4909515,2.5,0.1970754,0,0,8.74228E-08,1,0,0,0,2.5,0.1970754,0,0,0,1,0,0,0,0.1970754
1730306192757,-35.37981,1.578191,-0.3838997,-0.9965363,-0.02584042,-0.0790447,0,0,0,2.5,0.1970754,0,0,8.74228E-08,1,0,0,0,2.5,0.1970754,0,0,0,1,0,0,0,0.1970754
1730306192778,-35.41208,1.584813,-0.3842049,-0.9971622,-0.01703088,-0.07333517,-2.419853,0.4966646,-0.02288818,2.5,0.1970754,0,0,8.74228E-08,1,0,0,0,2.5,0.1970754,0,0,0,1,0,0,0,0.1970754
1730306192785,-35.41208,1.584813,-0.3842049,-0.9971622,-0.01703088,-0.07333517,0,0,0,2.5,0.1970754,0,0,8.74228E-08,1,0,0,0,2.5,0.1970754,0,0,0,1,0,0,0,0.1970754
1730306192806,-35.44477,1.594194,-0.3833542,-0.9975384,-0.004035304,-0.07000995,-2.452469,0.7035613,0.06380081,2.5,0.1970754,0,0,8.74228E-08,1,0,0,0,2.5,0.1970754,0,0,0,1,0,0,0,0.1970754
1730306192813,-35.44477,1.594194,-0.3833542,-0.9975384,-0.004035304,-0.07000995,0,0,0,2.5,0.1970754,0,0,8.74228E-08,1,0,0,0,2.5,0.1970754,0,0,0,1,0,0,0,0.1970754
1730306192834,-35.47653,1.600658,-0.3821411,-0.9977418,0.003409202,-0.06708229,-2.381516,0.4848629,0.09098053,2.5,0.1970754,0,0,8.74228E-08,1,0,0,0,2.5,0.1970754,0,0,0,1,0,0,0,0.1970754
1730306192841,-35.47653,1.600658,-0.3821411,-0.9977418,0.003409202,-0.06708229,0,0,0,2.5,0.1970754,0,0,8.74228E-08,1,0,0,0,2.5,0.1970754,0,0,0,1,0,0,0,0.1970754
1730306192848,-35.47653,1.600658,-0.3821411,-0.9977418,0.003409202,-0.06708229,0,0,0,2.5,0.1970754,0,0,8.74228E-08,1,0,0,0,2.5,0.1970754,0,0,0,1,0,0,0,0.1970754
1730306192876,-35.50707,1.605706,-0.3805237,-0.9980141,-0.008716365,-0.06239116,-2.290535,0.3786027,0.1213074,2.5,0.1970754,0,0,8.74228E-08,1,0,0,0,2.5,0.1970754,0,0,0,1,0,0,0,0.1970754
1730306192883,-35.50707,1.605706,-0.3805237,-0.9980141,-0.008716365,-0.06239116,0,0,0,2.5,0.1970754,0,0,8.74228E-08,1,0,0,0,2.5,0.1970754,0,0,0,1,0,0,0,0.1970754
1730306192900,-35.55139,1.612821,-0.3767471,-0.9981527,-0.02584309,-0.05498791,-3.323936,0.5335629,0.2832413,2.5,0.1970754,0,0,8.74228E-08,1,0,0,0,2.5,0.1970754,0,0,0,1,0,0,0,0.1970754
1730306192907,-35.55139,1.612821,-0.3767471,-0.9981527,-0.02584309,-0.05498791,0,0,0,2.5,0.1970754,0,0,8.74228E-08,1,0,0,0,2.5,0.1970754,0,0,0,1,0,0,0,0.1970754
1730306192914,-35.55139,1.612821,-0.3767471,-0.9981527,-0.02584309,-0.05498791,0,0,0,2.5,0.1970754,0,0,8.74228E-08,1,0,0,0,2.5,0.1970754,0,0,0,1,0,0,0,0.1970754
1730306192929,-35.58103,1.615468,-0.3730011,-0.998174,-0.0344412,-0.04962659,-2.223015,0.1985192,0.2809525,2.5,0.1970754,0,0,8.74228E-08,1,0,0,0,2.5,0.1970754,0,0,0,1,0,0,0,0.1970754
1730306192936,-35.58103,1.615468,-0.3730011,-0.998174,-0.0344412,-0.04962659,0,0,0,2.5,0.1970754,0,0,8.74228E-08,1,0,0,0,2.5,0.1970754,0,0,0,1,0,0,0,0.1970754
1730306192957,-35.61042,1.617391,-0.3686028,-0.9982541,-0.03880444,-0.0445354,-2.204704,0.1442671,0.3298759,2.5,0.1970754,0,0,8.74228E-08,1,0,0,0,2.5,0.1970754,0,0,0,1,0,0,0,0.1970754
1730306192964,-35.61042,1.617391,-0.3686028,-0.9982541,-0.03880444,-0.0445354,0,0,0,2.5,0.1970754,0,0,8.74228E-08,1,0,0,0,2.5,0.1970754,0,0,0,1,0,0,0,0.1970754
1730306192982,-35.63986,1.618322,-0.366787,-0.9986509,-0.03246177,-0.04053664,-2.207851,0.06984472,0.1361847,2.5,0.1970754,0,0,8.74228E-08,1,0,0,0,2.5,0.1970754,0,0,0,1,0,0,0,0.1970754
1730306192989,-35.63986,1.618322,-0.366787,-0.9986509,-0.03246177,-0.04053664,0,0,0,2.5,0.1970754,0,0,8.74228E-08,1,0,0,0,2.5,0.1970754,0,0,0,1,0,0,0,0.1970754
1730306193011,-35.66939,1.617119,-0.3642807,-0.9989797,-0.0258122,-0.03706384,-2.214432,-0.09022951,0.1879692,2.5,0.1970754,0,0,8.74228E-08,1,0,0,0,2.5,0.1970754,0,0,0,1,0,0,0,0.1970754
1730306193018,-35.66939,1.617119,-0.3642807,-0.9989797,-0.0258122,-0.03706384,0,0,0,2.5,0.1970754,0,0,8.74228E-08,1,0,0,0,2.5,0.1970754,0,0,0,1,0,0,0,0.1970754
1730306193039,-35.69899,1.614725,-0.3622017,-0.999134,-0.02354451,-0.03430796,-2.22044,-0.1795471,0.1559258,2.5,0.1970754,0,0,8.74228E-08,1,0,0,0,2.5,0.1970754,0,0,0,1,0,0,0,0.1970754
1730306193046,-35.69899,1.614725,-0.3622017,-0.999134,-0.02354451,-0.03430796,0,0,0,2.5,0.1970754,0,0,8.74228E-08,1,0,0,0,2.5,0.1970754,0,0,0,1,0,0,0,0.1970754
1730306193065,-35.72874,1.6104,-0.3605385,-0.9991905,-0.02071968,-0.03449035,-2.231312,-0.3244132,0.1247406,2.5,0.1970754,0,0,8.74228E-08,1,0,0,0,2.5,0.1970754,0,0,0,1,0,0,0,0.1970754
1730306193072,-35.72874,1.6104,-0.3605385,-0.9991905,-0.02071968,-0.03449035,0,0,0,2.5,0.1970754,0,0,8.74228E-08,1,0,0,0,2.5,0.1970754,0,0,0,1,0,0,0,0.1970754
1730306193094,-35.75894,1.604496,-0.3587265,-0.9993243,-0.01059528,-0.03520322,-2.264786,-0.4427701,0.1358986,2.5,0.1970754,0,0,8.74228E-08,1,0,0,0,2.5,0.1970754,0,0,0,1,0,0,0,0.1970754
1730306193101,-35.75894,1.604496,-0.3587265,-0.9993243,-0.01059528,-0.03520322,0,0,0,2.5,0.1970754,0,0,8.74228E-08,1,0,0,0,2.5,0.1970754,0,0,0,1,0,0,0,0.1970754
1730306193122,-35.78997,1.596706,-0.3566933,-0.9993535,-0.001909886,-0.03590918,-2.327442,-0.5842566,0.1524925,2.5,0.1970754,0,0,8.74228E-08,1,0,0,0,2.5,0.1970754,0,0,0,1,0,0,0,0.1970754
1730306193129,-35.78997,1.596706,-0.3566933,-0.9993535,-0.001909886,-0.03590918,0,0,0,2.5,0.1970754,0,0,8.74228E-08,1,0,0,0,2.5,0.1970754,0,0,0,1,0,0,0,0.1970754
1730306193149,-35.82136,1.588413,-0.354454,-0.9992443,-0.005261492,-0.038517,-2.35405,-0.6219864,0.167942,2.5,0.1970754,0,0,8.74228E-08,1,0,0,0,2.5,0.1970754,0,0,0,1,0,0,0,0.1970754
1730306193156,-35.82136,1.588413,-0.354454,-0.9992443,-0.005261492,-0.038517,0,0,0,2.5,0.1970754,0,0,8.74228E-08,1,0,0,0,2.5,0.1970754,0,0,0,1,0,0,0,0.1970754
1730306193177,-35.85293,1.579382,-0.3524017,-0.9990072,-0.01485566,-0.04200518,-2.367783,-0.6773114,0.153923,2.5,0.1970754,0,0,8.74228E-08,1,0,0,0,2.5,0.1970754,0,0,0,1,0,0,0,0.1970754
1730306193184,-35.85293,1.579382,-0.3524017,-0.9990072,-0.01485566,-0.04200518,0,0,0,2.5,0.1970754,0,0,8.74228E-08,1,0,0,0,2.5,0.1970754,0,0,0,1,0,0,0,0.1970754
1730306193206,-35.88443,1.571779,-0.3504181,-0.9986271,-0.02752237,-0.0445714,-2.362061,-0.5702734,0.1487732,2.5,0.1970754,0,0,8.74228E-08,1,0,0,0,2.5,0.1970754,0,0,0,1,0,0,0,0.1970754
1730306193213,-35.88443,1.571779,-0.3504181,-0.9986271,-0.02752237,-0.0445714,0,0,0,2.5,0.1970754,0,0,8.74228E-08,1,0,0,0,2.5,0.1970754,0,0,0,1,0,0,0,0.1970754
1730306193234,-35.91598,1.565757,-0.3482971,-0.9984047,-0.03417734,-0.04494905,-2.366638,-0.4516125,0.1590729,2.5,0.1970754,0,0,8.74228E-08,1,0,0,0,2.5,0.1970754,0,0,0,1,0,0,0,0.1970754
1730306193241,-35.91598,1.565757,-0.3482971,-0.9984047,-0.03417734,-0.04494905,0,0,0,2.5,0.1970754,0,0,8.74228E-08,1,0,0,0,2.5,0.1970754,0,0,0,1,0,0,0,0.1970754
1730306193248,-35.91598,1.565757,-0.3482971,-0.9984047,-0.03417734,-0.04494905,0,0,0,2.5,0.1970754,0,0,8.74228E-08,1,0,0,0,2.5,0.1970754,0,0,0,1,0,0,0,0.1970754
1730306193262,-35.94749,1.564908,-0.3467216,-0.9981813,-0.03702613,-0.04757774,-2.363205,-0.0637114,0.1181602,2.5,0.1970754,0,0,8.74228E-08,1,0,0,0,2.5,0.1970754,0,0,0,1,0,0,0,0.1970754
1730306193269,-35.94749,1.564908,-0.3467216,-0.9981813,-0.03702613,-0.04757774,0,0,0,2.5,0.1970754,0,0,8.74228E-08,1,0,0,0,2.5,0.1970754,0,0,0,1,0,0,0,0.1970754
1730306193290,-35.97958,1.569542,-0.3461838,-0.998298,-0.02471902,-0.05282617,-2.406979,0.3475875,0.04034042,2.5,0.1970754,0,0,8.74228E-08,1,0,0,0,2.5,0.1970754,0,0,0,1,0,0,0,0.1970754
1730306193297,-35.97958,1.569542,-0.3461838,-0.998298,-0.02471902,-0.05282617,0,0,0,2.5,0.1970754,0,0,8.74228E-08,1,0,0,0,2.5,0.1970754,0,0,0,1,0,0,0,0.1970754
1730306193315,-36.01203,1.576002,-0.3442497,-0.9982866,-0.01143245,-0.05738962,-2.4333,0.4845232,0.1450539,2.5,0.1970754,0,0,8.74228E-08,1,0,0,0,2.5,0.1970754,0,0,0,1,0,0,0,0.1970754
1730306193322,-36.01203,1.576002,-0.3442497,-0.9982866,-0.01143245,-0.05738962,0,0,0,2.5,0.1970754,0,0,8.74228E-08,1,0,0,0,2.5,0.1970754,0,0,0,1,0,0,0,0.1970754
1730306193343,-36.04381,1.583745,-0.3448486,-0.9982152,0.005382757,-0.05947948,-2.383804,0.5806893,-0.04491806,2.5,0.1970754,0,0,8.74228E-08,1,0,0,0,2.5,0.1970754,0,0,0,1,0,0,0,0.1970754
1730306193350,-36.04381,1.583745,-0.3448486,-0.9982152,0.005382757,-0.05947948,0,0,0,2.5,0.1970754,0,0,8.74228E-08,1,0,0,0,2.5,0.1970754,0,0,0,1,0,0,0,0.1970754
1730306193372,-36.07511,1.587988,-0.3447952,-0.9978461,0.02894793,-0.05886817,-2.347469,0.318262,0.004005432,2.5,0.1970754,0,0,8.74228E-08,1,0,0,0,2.5,0.1970754,0,0,0,1,0,0,0,0.1970754
1730306193379,-36.07511,1.587988,-0.3447952,-0.9978461,0.02894793,-0.05886817,0,0,0,2.5,0.1970754,0,0,8.74228E-08,1,0,0,0,2.5,0.1970754,0,0,0,1,0,0,0,0.1970754
1730306193400,-36.1074,1.593558,-0.3449173,-0.9977549,0.02838957,-0.06065929,-2.421856,0.4177541,-0.009155273,2.5,0.1970754,0,0,8.74228E-08,1,0,0,0,2.5,0.1970754,0,0,0,1,0,0,0,0.1970754
1730306193409,-36.1074,1.593558,-0.3449173,-0.9977549,0.02838957,-0.06065929,0,0,0,2.5,0.1970754,0,0,8.74228E-08,1,0,0,0,2.5,0.1970754,0,0,0,1,0,0,0,0.1970754
1730306193428,-36.139,1.598699,-0.3464127,-0.9975145,0.02246596,-0.06678855,-2.370071,0.3855228,-0.1121521,2.5,0.1970754,0,0,8.74228E-08,1,0,0,0,2.5,0.1970754,0,0,0,1,0,0,0,0.1970754
1730306193435,-36.139,1.598699,-0.3464127,-0.9975145,0.02246596,-0.06678855,0,0,0,2.5,0.1970754,0,0,8.74228E-08,1,0,0,0,2.5,0.1970754,0,0,0,1,0,0,0,0.1970754
1730306193456,-36.17023,1.60157,-0.3467751,-0.9972642,0.007628635,-0.07352698,-2.342033,0.2153188,-0.02717972,2.5,0.1970754,0,0,8.74228E-08,1,0,0,0,2.5,0.1970754,0,0,0,1,0,0,0,0.1970754
1730306193463,-36.17023,1.60157,-0.3467751,-0.9972642,0.007628635,-0.07352698,0,0,0,2.5,0.1970754,0,0,8.74228E-08,1,0,0,0,2.5,0.1970754,0,0,0,1,0,0,0,0.1970754
1730306193484,-36.20016,1.60428,-0.347496,-0.9966623,-0.01745771,-0.07975006,-2.245045,0.2033025,-0.05407333,2.5,0.1970754,0,0,8.74228E-08,1,0,0,0,2.5,0.1970754,0,0,0,1,0,0,0,0.1970754
1730306193491,-36.20016,1.60428,-0.347496,-0.9966623,-0.01745771,-0.07975006,0,0,0,2.5,0.1970754,0,0,8.74228E-08,1,0,0,0,2.5,0.1970754,0,0,0,1,0,0,0,0.1970754
1730306193512,-36.23076,1.606993,-0.3482399,-0.9957635,-0.03015175,-0.08686852,-2.294827,0.2034456,-0.05578995,2.5,0.1970754,0,0,8.74228E-08,1,0,0,0,2.5,0.1970754,0,0,0,1,0,0,0,0.1970754
1730306193519,-36.23076,1.606993,-0.3482399,-0.9957635,-0.03015175,-0.08686852,0,0,0,2.5,0.1970754,0,0,8.74228E-08,1,0,0,0,2.5,0.1970754,0,0,0,1,0,0,0,0.1970754
1730306193540,-36.26027,1.608574,-0.3529816,-0.9949661,-0.03262211,-0.09475636,-2.213287,0.1185536,-0.3556252,2.5,0.1970754,0,0,8.74228E-08,1,0,0,0,2.5,0.1970754,0,0,0,1,0,0,0,0.1970754
1730306193547,-36.26027,1.608574,-0.3529816,-0.9949661,-0.03262211,-0.09475636,0,0,0,2.5,0.1970754,0,0,8.74228E-08,1,0,0,0,2.5,0.1970754,0,0,0,1,0,0,0,0.1970754
1730306193554,-36.26027,1.608574,-0.3529816,-0.9949661,-0.03262211,-0.09475636,0,0,0,2.5,0.1970754,0,0,8.74228E-08,1,0,0,0,2.5,0.1970754,0,0,0,1,0,0,0,0.1970754
1730306193568,-36.28975,1.608698,-0.3561974,-0.9944566,-0.03191665,-0.1001869,-2.210426,0.009325147,-0.2411842,2.5,0.1970754,0,0,8.74228E-08,1,0,0,0,2.5,0.1970754,0,0,0,1,0,0,0,0.1970754
1730306193575,-36.28975,1.608698,-0.3561974,-0.9944566,-0.03191665,-0.1001869,0,0,0,2.5,0.1970754,0,0,8.74228E-08,1,0,0,0,2.5,0.1970754,0,0,0,1,0,0,0,0.1970754
1730306193596,-36.31938,1.607868,-0.3571281,-0.99402,-0.03452148,-0.1035979,-2.222443,-0.06223619,-0.06980896,2.5,0.1970754,0,0,8.74228E-08,1,0,0,0,2.5,0.1970754,0,0,0,1,0,0,0,0.1970754
1730306193603,-36.31938,1.607868,-0.3571281,-0.99402,-0.03452148,-0.1035979,0,0,0,2.5,0.1970754,0,0,8.74228E-08,1,0,0,0,2.5,0.1970754,0,0,0,1,0,0,0,0.1970754
1730306193622,-36.34735,1.605654,-0.3594246,-0.9936251,-0.03857158,-0.1059332,-2.097988,-0.1661003,-0.1722336,2.5,0.1970754,0,0,8.74228E-08,1,0,0,0,2.5,0.1970754,0,0,0,1,0,0,0,0.1970754
1730306193628,-36.34735,1.605654,-0.3594246,-0.9936251,-0.03857158,-0.1059332,0,0,0,2.5,0.1970754,0,0,8.74228E-08,1,0,0,0,2.5,0.1970754,0,0,0,1,0,0,0,0.1970754
1730306193650,-36.37735,1.602084,-0.3602371,-0.9934615,-0.04279719,-0.105844,-2.249622,-0.2676845,-0.06093979,2.5,0.1970754,0,0,8.74228E-08,1,0,0,0,2.5,0.1970754,0,0,0,1,0,0,0,0.1970754
1730306193656,-36.37735,1.602084,-0.3602371,-0.9934615,-0.04279719,-0.105844,0,0,0,2.5,0.1970754,0,0,8.74228E-08,1,0,0,0,2.5,0.1970754,0,0,0,1,0,0,0,0.1970754
1730306193679,-36.40612,1.596983,-0.3611984,-0.9937207,-0.04217107,-0.10364,-2.157784,-0.3826261,-0.07209778,2.5,0.1970754,0,0,8.74228E-08,1,0,0,0,2.5,0.1970754,0,0,0,1,0,0,0,0.1970754
1730306193685,-36.40612,1.596983,-0.3611984,-0.9937207,-0.04217107,-0.10364,0,0,0,2.5,0.1970754,0,0,8.74228E-08,1,0,0,0,2.5,0.1970754,0,0,0,1,0,0,0,0.1970754
1730306193707,-36.43516,1.590404,-0.3622665,-0.9943916,-0.03511066,-0.09976459,-2.178383,-0.4934371,-0.08010864,2.5,0.1970754,0,0,8.74228E-08,1,0,0,0,2.5,0.1970754,0,0,0,1,0,0,0,0.1970754
1730306193713,-36.43516,1.590404,-0.3622665,-0.9943916,-0.03511066,-0.09976459,0,0,0,2.5,0.1970754,0,0,8.74228E-08,1,0,0,0,2.5,0.1970754,0,0,0,1,0,0,0,0.1970754
1730306193735,-36.46511,1.582763,-0.3635483,-0.9950196,-0.0258548,-0.09627116,-2.245903,-0.5730182,-0.09613037,2.5,0.1970754,0,0,8.74228E-08,1,0,0,0,2.5,0.1970754,0,0,0,1,0,0,0,0.1970754
1730306193742,-36.46511,1.582763,-0.3635483,-0.9950196,-0.0258548,-0.09627116,0,0,0,2.5,0.1970754,0,0,8.74228E-08,1,0,0,0,2.5,0.1970754,0,0,0,1,0,0,0,0.1970754
1730306193763,-36.4954,1.574572,-0.3647614,-0.9953023,-0.02631855,-0.09317315,-2.271652,-0.6143689,-0.09098053,2.5,0.1970754,0,0,8.74228E-08,1,0,0,0,2.5,0.1970754,0,0,0,1,0,0,0,0.1970754
1730306193770,-36.4954,1.574572,-0.3647614,-0.9953023,-0.02631855,-0.09317315,0,0,0,2.5,0.1970754,0,0,8.74228E-08,1,0,0,0,2.5,0.1970754,0,0,0,1,0,0,0,0.1970754
1730306193791,-36.52688,1.567043,-0.3662834,-0.9955481,-0.0298723,-0.08939946,-2.361488,-0.5646497,-0.1141548,2.5,0.1970754,0,0,8.74228E-08,1,0,0,0,2.5,0.1970754,0,0,0,1,0,0,0,0.1970754
1730306193797,-36.52688,1.567043,-0.3662834,-0.9955481,-0.0298723,-0.08939946,0,0,0,2.5,0.1970754,0,0,8.74228E-08,1,0,0,0,2.5,0.1970754,0,0,0,1,0,0,0,0.1970754
1730306193818,-36.5576,1.561237,-0.3680115,-0.9959649,-0.02826764,-0.08517611,-2.303982,-0.4354477,-0.1296043,2.5,0.1970754,0,0,8.74228E-08,1,0,0,0,2.5,0.1970754,0,0,0,1,0,0,0,0.1970754
1730306193825,-36.5576,1.561237,-0.3680115,-0.9959649,-0.02826764,-0.08517611,0,0,0,2.5,0.1970754,0,0,8.74228E-08,1,0,0,0,2.5,0.1970754,0,0,0,1,0,0,0,0.1970754
1730306193847,-36.59052,1.556654,-0.3702507,-0.9964734,-0.02423955,-0.08033514,-2.468491,-0.3437161,-0.167942,2.5,0.1970754,0,0,8.74228E-08,1,0,0,0,2.5,0.1970754,0,0,0,1,0,0,0,0.1970754
1730306193853,-36.59052,1.556654,-0.3702507,-0.9964734,-0.02423955,-0.08033514,0,0,0,2.5,0.1970754,0,0,8.74228E-08,1,0,0,0,2.5,0.1970754,0,0,0,1,0,0,0,0.1970754
1730306193859,-36.59052,1.556654,-0.3702507,-0.9964734,-0.02423955,-0.08033514,0,0,0,2.5,0.1970754,0,0,8.74228E-08,1,0,0,0,2.5,0.1970754,0,0,0,1,0,0,0,0.1970754
1730306193874,-36.62219,1.5583,-0.3723221,-0.9963372,-0.04497486,-0.07273018,-2.375793,0.1234531,-0.1553535,2.5,0.1970754,0,0,8.74228E-08,1,0,0,0,2.5,0.1970754,0,0,0,1,0,0,0,0.1970754
1730306193881,-36.62219,1.5583,-0.3723221,-0.9963372,-0.04497486,-0.07273018,0,0,0,2.5,0.1970754,0,0,8.74228E-08,1,0,0,0,2.5,0.1970754,0,0,0,1,0,0,0,0.1970754
1730306193902,-36.65557,1.560989,-0.3746643,-0.9979758,-0.0138473,-0.06207442,-2.503109,0.2016753,-0.1756668,2.5,0.1970754,0,0,8.74228E-08,1,0,0,0,2.5,0.1970754,0,0,0,1,0,0,0,0.1970754
1730306193909,-36.65557,1.560989,-0.3746643,-0.9979758,-0.0138473,-0.06207442,0,0,0,2.5,0.1970754,0,0,8.74228E-08,1,0,0,0,2.5,0.1970754,0,0,0,1,0,0,0,0.1970754
1730306193927,-36.68982,1.569383,-0.3788681,-0.9985208,0.007674206,-0.05382824,-2.568626,0.6295234,-0.3152847,2.5,0.1970754,0,0,8.74228E-08,1,0,0,0,2.5,0.1970754,0,0,0,1,0,0,0,0.1970754
1730306193933,-36.68982,1.569383,-0.3788681,-0.9985208,0.007674206,-0.05382824,0,0,0,2.5,0.1970754,0,0,8.74228E-08,1,0,0,0,2.5,0.1970754,0,0,0,1,0,0,0,0.1970754
1730306193954,-36.72192,1.575959,-0.3851128,-0.9981857,0.0317148,-0.05118275,-2.407837,0.4932314,-0.4683495,2.5,0.1970754,0,0,8.74228E-08,1,0,0,0,2.5,0.1970754,0,0,0,1,0,0,0,0.1970754
1730306193961,-36.72192,1.575959,-0.3851128,-0.9981857,0.0317148,-0.05118275,0,0,0,2.5,0.1970754,0,0,8.74228E-08,1,0,0,0,2.5,0.1970754,0,0,0,1,0,0,0,0.1970754
1730306193983,-36.75484,1.580864,-0.3870392,-0.9981253,0.03102832,-0.05275881,-2.469063,0.3678828,-0.1444817,2.5,0.1970754,0,0,8.74228E-08,1,0,0,0,2.5,0.1970754,0,0,0,1,0,0,0,0.1970754
1730306193989,-36.75484,1.580864,-0.3870392,-0.9981253,0.03102832,-0.05275881,0,0,0,2.5,0.1970754,0,0,8.74228E-08,1,0,0,0,2.5,0.1970754,0,0,0,1,0,0,0,0.1970754
1730306194011,-36.78676,1.587021,-0.3955154,-0.9982157,0.02659674,-0.0534662,-2.393818,0.4617333,-0.6357193,2.5,0.1970754,0,0,8.74228E-08,1,0,0,0,2.5,0.1970754,0,0,0,1,0,0,0,0.1970754
1730306194018,-36.78676,1.587021,-0.3955154,-0.9982157,0.02659674,-0.0534662,0,0,0,2.5,0.1970754,0,0,8.74228E-08,1,0,0,0,2.5,0.1970754,0,0,0,1,0,0,0,0.1970754
1730306194039,-36.81989,1.595412,-0.3995323,-0.9978626,0.03848323,-0.05281341,-2.484798,0.6293178,-0.3012657,2.5,0.1970754,0,0,8.74228E-08,1,0,0,0,2.5,0.1970754,0,0,0,1,0,0,0,0.1970754
1730306194046,-36.81989,1.595412,-0.3995323,-0.9978626,0.03848323,-0.05281341,0,0,0,2.5,0.1970754,0,0,8.74228E-08,1,0,0,0,2.5,0.1970754,0,0,0,1,0,0,0,0.1970754
1730306194065,-36.85287,1.60117,-0.3994255,-0.9971977,0.05274578,-0.05305827,-2.473354,0.4318535,0.008010864,2.5,0.1970754,0,0,8.74228E-08,1,0,0,0,2.5,0.1970754,0,0,0,1,0,0,0,0.1970754
1730306194073,-36.85287,1.60117,-0.3994255,-0.9971977,0.05274578,-0.05305827,0,0,0,2.5,0.1970754,0,0,8.74228E-08,1,0,0,0,2.5,0.1970754,0,0,0,1,0,0,0,0.1970754
1730306194094,-36.88491,1.607128,-0.3993645,-0.9974973,0.04500628,-0.05453563,-2.403545,0.4468918,0.004577637,2.5,0.1970754,0,0,8.74228E-08,1,0,0,0,2.5,0.1970754,0,0,0,1,0,0,0,0.1970754
1730306194101,-36.88491,1.607128,-0.3993645,-0.9974973,0.04500628,-0.05453563,0,0,0,2.5,0.1970754,0,0,8.74228E-08,1,0,0,0,2.5,0.1970754,0,0,0,1,0,0,0,0.1970754
1730306194122,-36.9171,1.611764,-0.3984146,-0.9979876,0.03241255,-0.05449975,-2.413559,0.3476679,0.07123947,2.5,0.1970754,0,0,8.74228E-08,1,0,0,0,2.5,0.1970754,0,0,0,1,0,0,0,0.1970754
1730306194129,-36.9171,1.611764,-0.3984146,-0.9979876,0.03241255,-0.05449975,0,0,0,2.5,0.1970754,0,0,8.74228E-08,1,0,0,0,2.5,0.1970754,0,0,0,1,0,0,0,0.1970754
1730306194150,-36.9477,1.614522,-0.397213,-0.9984431,0.02350732,-0.05058658,-2.295113,0.2068341,0.09012222,2.5,0.1970754,0,0,8.74228E-08,1,0,0,0,2.5,0.1970754,0,0,0,1,0,0,0,0.1970754
1730306194157,-36.9477,1.614522,-0.397213,-0.9984431,0.02350732,-0.05058658,0,0,0,2.5,0.1970754,0,0,8.74228E-08,1,0,0,0,2.5,0.1970754,0,0,0,1,0,0,0,0.1970754
1730306194179,-36.97919,1.615468,-0.3965225,-0.9988657,0.01480217,-0.04525971,-2.362347,0.07093549,0.05178452,2.5,0.1970754,0,0,8.74228E-08,1,0,0,0,2.5,0.1970754,0,0,0,1,0,0,0,0.1970754
1730306194185,-36.97919,1.615468,-0.3965225,-0.9988657,0.01480217,-0.04525971,0,0,0,2.5,0.1970754,0,0,8.74228E-08,1,0,0,0,2.5,0.1970754,0,0,0,1,0,0,0,0.1970754
1730306194207,-37.01091,1.615662,-0.3950462,-0.9990911,0.01558244,-0.03968,-2.378941,0.0146091,0.1107216,2.5,0.1970754,0,0,8.74228E-08,1,0,0,0,2.5,0.1970754,0,0,0,1,0,0,0,0.1970754
1730306194213,-37.01091,1.615662,-0.3950462,-0.9990911,0.01558244,-0.03968,0,0,0,2.5,0.1970754,0,0,8.74228E-08,1,0,0,0,2.5,0.1970754,0,0,0,1,0,0,0,0.1970754
1730306194219,-37.01091,1.615662,-0.3950462,-0.9990911,0.01558244,-0.03968,0,0,0,2.5,0.1970754,0,0,8.74228E-08,1,0,0,0,2.5,0.1970754,0,0,0,1,0,0,0,0.1970754
1730306194234,-37.04266,1.613825,-0.394207,-0.9992555,0.02020063,-0.03286862,-2.380943,-0.1378119,0.0629425,2.5,0.1970754,0,0,8.74228E-08,1,0,0,0,2.5,0.1970754,0,0,0,1,0,0,0,0.1970754
1730306194241,-37.04266,1.613825,-0.394207,-0.9992555,0.02020063,-0.03286862,0,0,0,2.5,0.1970754,0,0,8.74228E-08,1,0,0,0,2.5,0.1970754,0,0,0,1,0,0,0,0.1970754
1730306194262,-37.07429,1.610106,-0.3941727,-0.9993811,0.02112872,-0.0281266,-2.372074,-0.2789319,0.002574921,2.5,0.1970754,0,0,8.74228E-08,1,0,0,0,2.5,0.1970754,0,0,0,1,0,0,0,0.1970754
1730306194269,-37.07429,1.610106,-0.3941727,-0.9993811,0.02112872,-0.0281266,0,0,0,2.5,0.1970754,0,0,8.74228E-08,1,0,0,0,2.5,0.1970754,0,0,0,1,0,0,0,0.1970754
1730306194288,-37.10335,1.604777,-0.3940697,-0.9994211,0.01921181,-0.02808559,-2.179813,-0.3996581,0.007724762,2.5,0.1970754,0,0,8.74228E-08,1,0,0,0,2.5,0.1970754,0,0,0,1,0,0,0,0.1970754
1730306194294,-37.10335,1.604777,-0.3940697,-0.9994211,0.01921181,-0.02808559,0,0,0,2.5,0.1970754,0,0,8.74228E-08,1,0,0,0,2.5,0.1970754,0,0,0,1,0,0,0,0.1970754
1730306194316,-37.13543,1.597395,-0.3941383,-0.9993123,0.02050706,-0.03089559,-2.405548,-0.5536169,-0.005149841,2.5,0.1970754,0,0,8.74228E-08,1,0,0,0,2.5,0.1970754,0,0,0,1,0,0,0,0.1970754
1730306194322,-37.13543,1.597395,-0.3941383,-0.9993123,0.02050706,-0.03089559,0,0,0,2.5,0.1970754,0,0,8.74228E-08,1,0,0,0,2.5,0.1970754,0,0,0,1,0,0,0,0.1970754
1730306194344,-37.16778,1.587951,-0.3935547,-0.9990599,0.02468314,-0.03564143,-2.42672,-0.7083356,0.04377365,2.5,0.1970754,0,0,8.74228E-08,1,0,0,0,2.5,0.1970754,0,0,0,1,0,0,0,0.1970754
1730306194351,-37.16778,1.587951,-0.3935547,-0.9990599,0.02468314,-0.03564143,0,0,0,2.5,0.1970754,0,0,8.74228E-08,1,0,0,0,2.5,0.1970754,0,0,0,1,0,0,0,0.1970754
1730306194373,-37.20115,1.579529,-0.3927155,-0.9989946,0.01932405,-0.04045665,-2.502251,-0.6316513,0.0629425,2.5,0.1970754,0,0,8.74228E-08,1,0,0,0,2.5,0.1970754,0,0,0,1,0,0,0,0.1970754
1730306194379,-37.20115,1.579529,-0.3927155,-0.9989946,0.01932405,-0.04045665,0,0,0,2.5,0.1970754,0,0,8.74228E-08,1,0,0,0,2.5,0.1970754,0,0,0,1,0,0,0,0.1970754
1730306194401,-37.23472,1.571618,-0.3911896,-0.9989515,0.01361289,-0.04371643,-2.518272,-0.5933225,0.1144409,2.5,0.1970754,0,0,8.74228E-08,1,0,0,0,2.5,0.1970754,0,0,0,1,0,0,0,0.1970754
1730306194407,-37.23472,1.571618,-0.3911896,-0.9989515,0.01361289,-0.04371643,0,0,0,2.5,0.1970754,0,0,8.74228E-08,1,0,0,0,2.5,0.1970754,0,0,0,1,0,0,0,0.1970754
1730306194429,-37.26872,1.564978,-0.3889923,-0.9988522,0.005696669,-0.04756248,-2.549744,-0.49797,0.1647949,2.5,0.1970754,0,0,8.74228E-08,1,0,0,0,2.5,0.1970754,0,0,0,1,0,0,0,0.1970754
1730306194436,-37.26872,1.564978,-0.3889923,-0.9988522,0.005696669,-0.04756248,0,0,0,2.5,0.1970754,0,0,8.74228E-08,1,0,0,0,2.5,0.1970754,0,0,0,1,0,0,0,0.1970754
1730306194457,-37.3039,1.56096,-0.3866882,-0.9987178,0.003215428,-0.05052435,-2.638435,-0.301373,0.1728058,2.5,0.1970754,0,0,8.74228E-08,1,0,0,0,2.5,0.1970754,0,0,0,1,0,0,0,0.1970754
1730306194463,-37.3039,1.56096,-0.3866882,-0.9987178,0.003215428,-0.05052435,0,0,0,2.5,0.1970754,0,0,8.74228E-08,1,0,0,0,2.5,0.1970754,0,0,0,1,0,0,0,0.1970754
1730306194485,-37.33958,1.562536,-0.3832893,-0.9983313,-0.01796618,-0.05488324,-2.676201,0.1182228,0.2549171,2.5,0.1970754,0,0,8.74228E-08,1,0,0,0,2.5,0.1970754,0,0,0,1,0,0,0,0.1970754
1730306194491,-37.33958,1.562536,-0.3832893,-0.9983313,-0.01796618,-0.05488324,0,0,0,2.5,0.1970754,0,0,8.74228E-08,1,0,0,0,2.5,0.1970754,0,0,0,1,0,0,0,0.1970754
1730306194512,-37.37563,1.564834,-0.3796997,-0.9982145,0.01612488,-0.05751622,-2.703953,0.1723498,0.2692223,2.5,0.1970754,0,0,8.74228E-08,1,0,0,0,2.5,0.1970754,0,0,0,1,0,0,0,0.1970754
1730306194518,-37.37563,1.564834,-0.3796997,-0.9982145,0.01612488,-0.05751622,0,0,0,2.5,0.1970754,0,0,8.74228E-08,1,0,0,0,2.5,0.1970754,0,0,0,1,0,0,0,0.1970754
1730306194540,-37.41197,1.57201,-0.3762093,-0.9983017,0.02521123,-0.05251956,-2.725124,0.5381405,0.2617836,2.5,0.1970754,0,0,8.74228E-08,1,0,0,0,2.5,0.1970754,0,0,0,1,0,0,0,0.1970754
1730306194547,-37.41197,1.57201,-0.3762093,-0.9983017,0.02521123,-0.05251956,0,0,0,2.5,0.1970754,0,0,8.74228E-08,1,0,0,0,2.5,0.1970754,0,0,0,1,0,0,0,0.1970754
1730306194568,-37.447,1.578759,-0.37323,-0.9986585,0.02292041,-0.04643977,-2.627563,0.5061865,0.2234459,2.5,0.1970754,0,0,8.74228E-08,1,0,0,0,2.5,0.1970754,0,0,0,1,0,0,0,0.1970754
1730306194575,-37.447,1.578759,-0.37323,-0.9986585,0.02292041,-0.04643977,0,0,0,2.5,0.1970754,0,0,8.74228E-08,1,0,0,0,2.5,0.1970754,0,0,0,1,0,0,0,0.1970754
1730306194581,-37.447,1.578759,-0.37323,-0.9986585,0.02292041,-0.04643977,0,0,0,2.5,0.1970754,0,0,8.74228E-08,1,0,0,0,2.5,0.1970754,0,0,0,1,0,0,0,0.1970754
1730306194596,-37.48044,1.5838,-0.371254,-0.9988987,0.02028036,-0.04231405,-2.507973,0.3781199,0.148201,2.5,0.1970754,0,0,8.74228E-08,1,0,0,0,2.5,0.1970754,0,0,0,1,0,0,0,0.1970754
1730306194603,-37.48044,1.5838,-0.371254,-0.9988987,0.02028036,-0.04231405,0,0,0,2.5,0.1970754,0,0,8.74228E-08,1,0,0,0,2.5,0.1970754,0,0,0,1,0,0,0,0.1970754
1730306194624,-37.51334,1.590842,-0.3694572,-0.99918,0.01668232,-0.03689814,-2.467632,0.528127,0.1347542,2.5,0.1970754,0,0,8.74228E-08,1,0,0,0,2.5,0.1970754,0,0,0,1,0,0,0,0.1970754
1730306194630,-37.51334,1.590842,-0.3694572,-0.99918,0.01668232,-0.03689814,0,0,0,2.5,0.1970754,0,0,8.74228E-08,1,0,0,0,2.5,0.1970754,0,0,0,1,0,0,0,0.1970754
1730306194663,-37.54562,1.597349,-0.3693085,-0.9994056,0.01169086,-0.03243756,-2.420998,0.488019,0.01115799,2.5,0.1970754,0,0,8.74228E-08,1,0,0,0,2.5,0.1970754,0,0,0,1,0,0,0,0.1970754
1730306194670,-37.54562,1.597349,-0.3693085,-0.9994056,0.01169086,-0.03243756,0,0,0,2.5,0.1970754,0,0,8.74228E-08,1,0,0,0,2.5,0.1970754,0,0,0,1,0,0,0,0.1970754
1730306194691,-37.59255,1.605875,-0.3675041,-0.9993917,-0.001556177,-0.03484333,-3.519344,0.6394207,0.1353264,2.5,0.1970754,0,0,8.74228E-08,1,0,0,0,2.5,0.1970754,0,0,0,1,0,0,0,0.1970754
1730306194697,-37.59255,1.605875,-0.3675041,-0.9993917,-0.001556177,-0.03484333,0,0,0,2.5,0.1970754,0,0,8.74228E-08,1,0,0,0,2.5,0.1970754,0,0,0,1,0,0,0,0.1970754
1730306194704,-37.59255,1.605875,-0.3675041,-0.9993917,-0.001556177,-0.03484333,0,0,0,2.5,0.1970754,0,0,8.74228E-08,1,0,0,0,2.5,0.1970754,0,0,0,1,0,0,0,0.1970754
1730306194719,-37.62295,1.610371,-0.3678131,-0.9992074,-0.000170188,-0.03981793,-2.280235,0.337261,-0.02317429,2.5,0.1970754,0,0,8.74228E-08,1,0,0,0,2.5,0.1970754,0,0,0,1,0,0,0,0.1970754
1730306194726,-37.62295,1.610371,-0.3678131,-0.9992074,-0.000170188,-0.03981793,0,0,0,2.5,0.1970754,0,0,8.74228E-08,1,0,0,0,2.5,0.1970754,0,0,0,1,0,0,0,0.1970754
1730306194747,-37.65227,1.613363,-0.3677711,-0.998921,0.0009977724,-0.04643548,-2.198982,0.2243757,0.003147125,2.5,0.1970754,0,0,8.74228E-08,1,0,0,0,2.5,0.1970754,0,0,0,1,0,0,0,0.1970754
1730306194754,-37.65227,1.613363,-0.3677711,-0.998921,0.0009977724,-0.04643548,0,0,0,2.5,0.1970754,0,0,8.74228E-08,1,0,0,0,2.5,0.1970754,0,0,0,1,0,0,0,0.1970754
1730306194773,-37.68167,1.614671,-0.3683891,-0.9983845,-0.001675928,-0.05680072,-2.204704,0.09807944,-0.04634857,2.5,0.1970754,0,0,8.74228E-08,1,0,0,0,2.5,0.1970754,0,0,0,1,0,0,0,0.1970754
1730306194780,-37.68167,1.614671,-0.3683891,-0.9983845,-0.001675928,-0.05680072,0,0,0,2.5,0.1970754,0,0,8.74228E-08,1,0,0,0,2.5,0.1970754,0,0,0,1,0,0,0,0.1970754
1730306194802,-37.71111,1.614646,-0.3691978,-0.9976534,-0.002928212,-0.06840861,-2.208138,-0.001841784,-0.06065369,2.5,0.1970754,0,0,8.74228E-08,1,0,0,0,2.5,0.1970754,0,0,0,1,0,0,0,0.1970754
1730306194808,-37.71111,1.614646,-0.3691978,-0.9976534,-0.002928212,-0.06840861,0,0,0,2.5,0.1970754,0,0,8.74228E-08,1,0,0,0,2.5,0.1970754,0,0,0,1,0,0,0,0.1970754
1730306194830,-37.74065,1.613218,-0.3696976,-0.9970295,-0.002541037,-0.07698023,-2.215862,-0.1071453,-0.0374794,2.5,0.1970754,0,0,8.74228E-08,1,0,0,0,2.5,0.1970754,0,0,0,1,0,0,0,0.1970754
1730306194836,-37.74065,1.613218,-0.3696976,-0.9970295,-0.002541037,-0.07698023,0,0,0,2.5,0.1970754,0,0,8.74228E-08,1,0,0,0,2.5,0.1970754,0,0,0,1,0,0,0,0.1970754
1730306194858,-37.77005,1.610952,-0.3702431,-0.9968147,-0.004677452,-0.07961905,-2.204704,-0.1699269,-0.04091263,2.5,0.1970754,0,0,8.74228E-08,1,0,0,0,2.5,0.1970754,0,0,0,1,0,0,0,0.1970754
1730306194865,-37.77005,1.610952,-0.3702431,-0.9968147,-0.004677452,-0.07961905,0,0,0,2.5,0.1970754,0,0,8.74228E-08,1,0,0,0,2.5,0.1970754,0,0,0,1,0,0,0,0.1970754
1730306194886,-37.79877,1.608192,-0.3726959,-0.9967158,-0.008048038,-0.08058119,-2.154064,-0.2069592,-0.1839638,2.5,0.1970754,0,0,8.74228E-08,1,0,0,0,2.5,0.1970754,0,0,0,1,0,0,0,0.1970754
1730306194893,-37.79877,1.608192,-0.3726959,-0.9967158,-0.008048038,-0.08058119,0,0,0,2.5,0.1970754,0,0,8.74228E-08,1,0,0,0,2.5,0.1970754,0,0,0,1,0,0,0,0.1970754
1730306194914,-37.82789,1.604015,-0.3743248,-0.9967223,-0.01215624,-0.07998347,-2.184105,-0.3132999,-0.1221657,2.5,0.1970754,0,0,8.74228E-08,1,0,0,0,2.5,0.1970754,0,0,0,1,0,0,0,0.1970754
1730306194921,-37.82789,1.604015,-0.3743248,-0.9967223,-0.01215624,-0.07998347,0,0,0,2.5,0.1970754,0,0,8.74228E-08,1,0,0,0,2.5,0.1970754,0,0,0,1,0,0,0,0.1970754
1730306194927,-37.82789,1.604015,-0.3743248,-0.9967223,-0.01215624,-0.07998347,0,0,0,2.5,0.1970754,0,0,8.74228E-08,1,0,0,0,2.5,0.1970754,0,0,0,1,0,0,0,0.1970754
1730306194942,-37.85608,1.599976,-0.3752518,-0.9965949,-0.01341115,-0.08135998,-2.113724,-0.3029108,-0.06952286,2.5,0.1970754,0,0,8.74228E-08,1,0,0,0,2.5,0.1970754,0,0,0,1,0,0,0,0.1970754
1730306194949,-37.85608,1.599976,-0.3752518,-0.9965949,-0.01341115,-0.08135998,0,0,0,2.5,0.1970754,0,0,8.74228E-08,1,0,0,0,2.5,0.1970754,0,0,0,1,0,0,0,0.1970754
1730306194970,-37.88531,1.594414,-0.3769608,-0.996525,-0.0103191,-0.08265483,-2.192688,-0.4171997,-0.1281738,2.5,0.1970754,0,0,8.74228E-08,1,0,0,0,2.5,0.1970754,0,0,0,1,0,0,0,0.1970754
1730306194977,-37.88531,1.594414,-0.3769608,-0.996525,-0.0103191,-0.08265483,0,0,0,2.5,0.1970754,0,0,8.74228E-08,1,0,0,0,2.5,0.1970754,0,0,0,1,0,0,0,0.1970754
1730306195009,-37.91475,1.587811,-0.3791161,-0.9965022,-0.005631106,-0.08337939,-2.207565,-0.4951805,-0.1616478,2.5,0.1970754,0,0,8.74228E-08,1,0,0,0,2.5,0.1970754,0,0,0,1,0,0,0,0.1970754
1730306195017,-37.91475,1.587811,-0.3791161,-0.9965022,-0.005631106,-0.08337939,0,0,0,2.5,0.1970754,0,0,8.74228E-08,1,0,0,0,2.5,0.1970754,0,0,0,1,0,0,0,0.1970754
1730306195037,-37.95959,1.579177,-0.3827324,-0.9966136,-0.003357962,-0.08216226,-3.363132,-0.6475389,-0.271225,2.5,0.1970754,0,0,8.74228E-08,1,0,0,0,2.5,0.1970754,0,0,0,1,0,0,0,0.1970754
1730306195044,-37.95959,1.579177,-0.3827324,-0.9966136,-0.003357962,-0.08216226,0,0,0,2.5,0.1970754,0,0,8.74228E-08,1,0,0,0,2.5,0.1970754,0,0,0,1,0,0,0,0.1970754
1730306195051,-37.95959,1.579177,-0.3827324,-0.9966136,-0.003357962,-0.08216226,0,0,0,2.5,0.1970754,0,0,8.74228E-08,1,0,0,0,2.5,0.1970754,0,0,0,1,0,0,0,0.1970754
1730306195065,-37.98997,1.574456,-0.3854218,-0.996798,-0.001884038,-0.0799402,-2.278805,-0.3541052,-0.2017021,2.5,0.1970754,0,0,8.74228E-08,1,0,0,0,2.5,0.1970754,0,0,0,1,0,0,0,0.1970754
1730306195072,-37.98997,1.574456,-0.3854218,-0.996798,-0.001884038,-0.0799402,0,0,0,2.5,0.1970754,0,0,8.74228E-08,1,0,0,0,2.5,0.1970754,0,0,0,1,0,0,0,0.1970754
1730306195093,-38.02025,1.570005,-0.3881836,-0.9970109,-0.000449745,-0.07726228,-2.27108,-0.3338188,-0.2071381,2.5,0.1970754,0,0,8.74228E-08,1,0,0,0,2.5,0.1970754,0,0,0,1,0,0,0,0.1970754
1730306195100,-38.02025,1.570005,-0.3881836,-0.9970109,-0.000449745,-0.07726228,0,0,0,2.5,0.1970754,0,0,8.74228E-08,1,0,0,0,2.5,0.1970754,0,0,0,1,0,0,0,0.1970754
1730306195119,-38.05074,1.568197,-0.3912125,-0.9972023,-0.008658203,-0.07424951,-2.28653,-0.1356393,-0.2271652,2.5,0.1970754,0,0,8.74228E-08,1,0,0,0,2.5,0.1970754,0,0,0,1,0,0,0,0.1970754
1730306195126,-38.05074,1.568197,-0.3912125,-0.9972023,-0.008658203,-0.07424951,0,0,0,2.5,0.1970754,0,0,8.74228E-08,1,0,0,0,2.5,0.1970754,0,0,0,1,0,0,0,0.1970754
1730306195148,-38.08384,1.575239,-0.3937531,-0.9974707,0.001409756,-0.07106757,-2.482224,0.5281806,-0.1905441,2.5,0.1970754,0,0,8.74228E-08,1,0,0,0,2.5,0.1970754,0,0,0,1,0,0,0,0.1970754
1730306195155,-38.08384,1.575239,-0.3937531,-0.9974707,0.001409756,-0.07106757,0,0,0,2.5,0.1970754,0,0,8.74228E-08,1,0,0,0,2.5,0.1970754,0,0,0,1,0,0,0,0.1970754
1730306195177,-38.11601,1.580889,-0.3966713,-0.9972417,0.01734914,-0.0721674,-2.412987,0.4237711,-0.2188683,2.5,0.1970754,0,0,8.74228E-08,1,0,0,0,2.5,0.1970754,0,0,0,1,0,0,0,0.1970754
1730306195184,-38.11601,1.580889,-0.3966713,-0.9972417,0.01734914,-0.0721674,0,0,0,2.5,0.1970754,0,0,8.74228E-08,1,0,0,0,2.5,0.1970754,0,0,0,1,0,0,0,0.1970754
1730306195204,-38.14774,1.584814,-0.4002266,-0.9961345,0.0362765,-0.08000398,-2.379513,0.2943814,-0.2666473,2.5,0.1970754,0,0,8.74228E-08,1,0,0,0,2.5,0.1970754,0,0,0,1,0,0,0,0.1970754
1730306195211,-38.14774,1.584814,-0.4002266,-0.9961345,0.0362765,-0.08000398,0,0,0,2.5,0.1970754,0,0,8.74228E-08,1,0,0,0,2.5,0.1970754,0,0,0,1,0,0,0,0.1970754
1730306195232,-38.17947,1.590591,-0.4044456,-0.9960451,0.02310647,-0.08579409,-2.379799,0.433284,-0.3164291,2.5,0.1970754,0,0,8.74228E-08,1,0,0,0,2.5,0.1970754,0,0,0,1,0,0,0,0.1970754
1730306195240,-38.17947,1.590591,-0.4044456,-0.9960451,0.02310647,-0.08579409,0,0,0,2.5,0.1970754,0,0,8.74228E-08,1,0,0,0,2.5,0.1970754,0,0,0,1,0,0,0,0.1970754
1730306195261,-38.20952,1.596887,-0.4056358,-0.996032,0.01275484,-0.08807874,-2.253914,0.4721493,-0.08926392,2.5,0.1970754,0,0,8.74228E-08,1,0,0,0,2.5,0.1970754,0,0,0,1,0,0,0,0.1970754
1730306195268,-38.20952,1.596887,-0.4056358,-0.996032,0.01275484,-0.08807874,0,0,0,2.5,0.1970754,0,0,8.74228E-08,1,0,0,0,2.5,0.1970754,0,0,0,1,0,0,0,0.1970754
1730306195274,-38.20952,1.596887,-0.4056358,-0.996032,0.01275484,-0.08807874,0,0,0,2.5,0.1970754,0,0,8.74228E-08,1,0,0,0,2.5,0.1970754,0,0,0,1,0,0,0,0.1970754
1730306195289,-38.2331,1.603472,-0.4057922,-0.9958149,0.01601475,-0.08998179,-1.768398,0.4938573,-0.01173019,2.5,0.1970754,0,0,8.74228E-08,1,0,0,0,2.5,0.1970754,0,0,0,1,0,0,0,0.1970754
1730306195295,-38.2331,1.603472,-0.4057922,-0.9958149,0.01601475,-0.08998179,0,0,0,2.5,0.1970754,0,0,8.74228E-08,1,0,0,0,2.5,0.1970754,0,0,0,1,0,0,0,0.1970754
1730306195316,-38.26234,1.60951,-0.4062653,-0.9958268,0.01357559,-0.09025061,-2.19326,0.4528642,-0.03547668,2.5,0.1970754,0,0,8.74228E-08,1,0,0,0,2.5,0.1970754,0,0,0,1,0,0,0,0.1970754
1730306195323,-38.26234,1.60951,-0.4062653,-0.9958268,0.01357559,-0.09025061,0,0,0,2.5,0.1970754,0,0,8.74228E-08,1,0,0,0,2.5,0.1970754,0,0,0,1,0,0,0,0.1970754
1730306195342,-38.28998,1.615107,-0.4058914,-0.9960736,0.004040772,-0.08843744,-2.073097,0.4197747,0.02803802,2.5,0.1970754,0,0,8.74228E-08,1,0,0,0,2.5,0.1970754,0,0,0,1,0,0,0,0.1970754
1730306195349,-38.28998,1.615107,-0.4058914,-0.9960736,0.004040772,-0.08843744,0,0,0,2.5,0.1970754,0,0,8.74228E-08,1,0,0,0,2.5,0.1970754,0,0,0,1,0,0,0,0.1970754
1730306195370,-38.3174,1.618938,-0.4056778,-0.9964324,-0.002286667,-0.0843662,-2.056503,0.2873629,0.01602173,2.5,0.1970754,0,0,8.74228E-08,1,0,0,0,2.5,0.1970754,0,0,0,1,0,0,0,0.1970754
1730306195377,-38.3174,1.618938,-0.4056778,-0.9964324,-0.002286667,-0.0843662,0,0,0,2.5,0.1970754,0,0,8.74228E-08,1,0,0,0,2.5,0.1970754,0,0,0,1,0,0,0,0.1970754
1730306195398,-38.34372,1.620899,-0.4061089,-0.9968856,-0.010547,-0.07815409,-1.974106,0.1470566,-0.03232956,2.5,0.1970754,0,0,8.74228E-08,1,0,0,0,2.5,0.1970754,0,0,0,1,0,0,0,0.1970754
1730306195406,-38.34372,1.620899,-0.4061089,-0.9968856,-0.010547,-0.07815409,0,0,0,2.5,0.1970754,0,0,8.74228E-08,1,0,0,0,2.5,0.1970754,0,0,0,1,0,0,0,0.1970754
1730306195426,-38.36922,1.62228,-0.4069595,-0.9974511,-0.01704426,-0.06929016,-1.912308,0.1035601,-0.06380081,2.5,0.1970754,0,0,8.74228E-08,1,0,0,0,2.5,0.1970754,0,0,0,1,0,0,0,0.1970754
1730306195434,-38.36922,1.62228,-0.4069595,-0.9974511,-0.01704426,-0.06929016,0,0,0,2.5,0.1970754,0,0,8.74228E-08,1,0,0,0,2.5,0.1970754,0,0,0,1,0,0,0,0.1970754
1730306195454,-38.39503,1.622551,-0.4075127,-0.9980655,-0.01943727,-0.0590601,-1.935482,0.0203222,-0.04148483,2.5,0.1970754,0,0,8.74228E-08,1,0,0,0,2.5,0.1970754,0,0,0,1,0,0,0,0.1970754
1730306195462,-38.39503,1.622551,-0.4075127,-0.9980655,-0.01943727,-0.0590601,0,0,0,2.5,0.1970754,0,0,8.74228E-08,1,0,0,0,2.5,0.1970754,0,0,0,1,0,0,0,0.1970754
1730306195482,-38.41701,1.622092,-0.4113503,-0.9985774,-0.01934055,-0.04969442,-1.648808,-0.03436804,-0.2878189,2.5,0.1970754,0,0,8.74228E-08,1,0,0,0,2.5,0.1970754,0,0,0,1,0,0,0,0.1970754
1730306195490,-38.41701,1.622092,-0.4113503,-0.9985774,-0.01934055,-0.04969442,0,0,0,2.5,0.1970754,0,0,8.74228E-08,1,0,0,0,2.5,0.1970754,0,0,0,1,0,0,0,0.1970754
1730306195510,-38.44253,1.62066,-0.4124947,-0.9988791,-0.01588329,-0.04459667,-1.914024,-0.1074135,-0.08583069,2.5,0.1970754,0,0,8.74228E-08,1,0,0,0,2.5,0.1970754,0,0,0,1,0,0,0,0.1970754
1730306195517,-38.44253,1.62066,-0.4124947,-0.9988791,-0.01588329,-0.04459667,0,0,0,2.5,0.1970754,0,0,8.74228E-08,1,0,0,0,2.5,0.1970754,0,0,0,1,0,0,0,0.1970754
1730306195538,-38.46824,1.617683,-0.4141083,-0.9989147,-0.01309985,-0.04470301,-1.928043,-0.2233207,-0.1210213,2.5,0.1970754,0,0,8.74228E-08,1,0,0,0,2.5,0.1970754,0,0,0,1,0,0,0,0.1970754
1730306195546,-38.46824,1.617683,-0.4141083,-0.9989147,-0.01309985,-0.04470301,0,0,0,2.5,0.1970754,0,0,8.74228E-08,1,0,0,0,2.5,0.1970754,0,0,0,1,0,0,0,0.1970754
1730306195567,-38.49405,1.61399,-0.4164314,-0.998737,-0.01334045,-0.04844129,-1.936054,-0.2769828,-0.1742363,2.5,0.1970754,0,0,8.74228E-08,1,0,0,0,2.5,0.1970754,0,0,0,1,0,0,0,0.1970754
1730306195574,-38.49405,1.61399,-0.4164314,-0.998737,-0.01334045,-0.04844129,0,0,0,2.5,0.1970754,0,0,8.74228E-08,1,0,0,0,2.5,0.1970754,0,0,0,1,0,0,0,0.1970754
1730306195581,-38.49405,1.61399,-0.4164314,-0.998737,-0.01334045,-0.04844129,0,0,0,2.5,0.1970754,0,0,8.74228E-08,1,0,0,0,2.5,0.1970754,0,0,0,1,0,0,0,0.1970754
1730306195595,-38.52082,1.609313,-0.4170113,-0.9985325,-0.01038972,-0.0531534,-2.007294,-0.3507614,-0.04348755,2.5,0.1970754,0,0,8.74228E-08,1,0,0,0,2.5,0.1970754,0,0,0,1,0,0,0,0.1970754
1730306195602,-38.52082,1.609313,-0.4170113,-0.9985325,-0.01038972,-0.0531534,0,0,0,2.5,0.1970754,0,0,8.74228E-08,1,0,0,0,2.5,0.1970754,0,0,0,1,0,0,0,0.1970754
1730306195622,-38.54797,1.604531,-0.4172249,-0.9983773,-0.01022899,-0.05602288,-2.036476,-0.3586113,-0.01602173,2.5,0.1970754,0,0,8.74228E-08,1,0,0,0,2.5,0.1970754,0,0,0,1,0,0,0,0.1970754
1730306195630,-38.54797,1.604531,-0.4172249,-0.9983773,-0.01022899,-0.05602288,0,0,0,2.5,0.1970754,0,0,8.74228E-08,1,0,0,0,2.5,0.1970754,0,0,0,1,0,0,0,0.1970754
1730306195648,-38.57521,1.599838,-0.4172592,-0.9982626,-0.01481781,-0.05703366,-2.043343,-0.3520131,-0.002574921,2.5,0.1970754,0,0,8.74228E-08,1,0,0,0,2.5,0.1970754,0,0,0,1,0,0,0,0.1970754
1730306195655,-38.57521,1.599838,-0.4172592,-0.9982626,-0.01481781,-0.05703366,0,0,0,2.5,0.1970754,0,0,8.74228E-08,1,0,0,0,2.5,0.1970754,0,0,0,1,0,0,0,0.1970754
1730306195676,-38.60263,1.595575,-0.4168434,-0.9979465,-0.02163242,-0.06029344,-2.055931,-0.3197014,0.03118515,2.5,0.1970754,0,0,8.74228E-08,1,0,0,0,2.5,0.1970754,0,0,0,1,0,0,0,0.1970754
1730306195683,-38.60263,1.595575,-0.4168434,-0.9979465,-0.02163242,-0.06029344,0,0,0,2.5,0.1970754,0,0,8.74228E-08,1,0,0,0,2.5,0.1970754,0,0,0,1,0,0,0,0.1970754
1730306195703,-38.63021,1.592488,-0.4164162,-0.9974037,-0.02536713,-0.06740403,-2.06852,-0.2315104,0.03204346,2.5,0.1970754,0,0,8.74228E-08,1,0,0,0,2.5,0.1970754,0,0,0,1,0,0,0,0.1970754
1730306195711,-38.63021,1.592488,-0.4164162,-0.9974037,-0.02536713,-0.06740403,0,0,0,2.5,0.1970754,0,0,8.74228E-08,1,0,0,0,2.5,0.1970754,0,0,0,1,0,0,0,0.1970754
1730306195732,-38.65762,1.590676,-0.4162064,-0.9968482,-0.0189244,-0.07704473,-2.055931,-0.1359344,0.01573563,2.5,0.1970754,0,0,8.74228E-08,1,0,0,0,2.5,0.1970754,0,0,0,1,0,0,0,0.1970754
1730306195739,-38.65762,1.590676,-0.4162064,-0.9968482,-0.0189244,-0.07704473,0,0,0,2.5,0.1970754,0,0,8.74228E-08,1,0,0,0,2.5,0.1970754,0,0,0,1,0,0,0,0.1970754
1730306195760,-38.68574,1.594464,-0.4166412,-0.9956621,-0.02855851,-0.08855534,-2.109146,0.2841175,-0.03261566,2.5,0.1970754,0,0,8.74228E-08,1,0,0,0,2.5,0.1970754,0,0,0,1,0,0,0,0.1970754
1730306195767,-38.68574,1.594464,-0.4166412,-0.9956621,-0.02855851,-0.08855534,0,0,0,2.5,0.1970754,0,0,8.74228E-08,1,0,0,0,2.5,0.1970754,0,0,0,1,0,0,0,0.1970754
1730306195788,-38.71293,1.596557,-0.4177971,-0.9944305,-0.008297455,-0.1050719,-2.039051,0.156945,-0.086689,2.5,0.1970754,0,0,8.74228E-08,1,0,0,0,2.5,0.1970754,0,0,0,1,0,0,0,0.1970754
1730306195795,-38.71293,1.596557,-0.4177971,-0.9944305,-0.008297455,-0.1050719,0,0,0,2.5,0.1970754,0,0,8.74228E-08,1,0,0,0,2.5,0.1970754,0,0,0,1,0,0,0,0.1970754
1730306195816,-38.73912,1.601234,-0.4230118,-0.9921364,0.01024811,-0.1247419,-1.964092,0.3507972,-0.3911018,2.5,0.1970754,0,0,8.74228E-08,1,0,0,0,2.5,0.1970754,0,0,0,1,0,0,0,0.1970754
1730306195824,-38.73912,1.601234,-0.4230118,-0.9921364,0.01024811,-0.1247419,0,0,0,2.5,0.1970754,0,0,8.74228E-08,1,0,0,0,2.5,0.1970754,0,0,0,1,0,0,0,0.1970754
1730306195844,-38.7659,1.605797,-0.4248238,-0.9891106,0.01698082,-0.1461924,-2.008438,0.3421962,-0.1358986,2.5,0.1970754,0,0,8.74228E-08,1,0,0,0,2.5,0.1970754,0,0,0,1,0,0,0,0.1970754
1730306195852,-38.7659,1.605797,-0.4248238,-0.9891106,0.01698082,-0.1461924,0,0,0,2.5,0.1970754,0,0,8.74228E-08,1,0,0,0,2.5,0.1970754,0,0,0,1,0,0,0,0.1970754
1730306195872,-38.79264,1.609675,-0.434227,-0.9853026,0.02060733,-0.169572,-2.006149,0.2908945,-0.7052422,2.5,0.1970754,0,0,8.74228E-08,1,0,0,0,2.5,0.1970754,0,0,0,1,0,0,0,0.1970754
1730306195879,-38.79264,1.609675,-0.434227,-0.9853026,0.02060733,-0.169572,0,0,0,2.5,0.1970754,0,0,8.74228E-08,1,0,0,0,2.5,0.1970754,0,0,0,1,0,0,0,0.1970754
1730306195900,-38.81924,1.614483,-0.4451637,-0.980859,0.02187016,-0.1934881,-1.994705,0.360623,-0.8202553,2.5,0.1970754,0,0,8.74228E-08,1,0,0,0,2.5,0.1970754,0,0,0,1,0,0,0,0.1970754
1730306195908,-38.81924,1.614483,-0.4451637,-0.980859,0.02187016,-0.1934881,0,0,0,2.5,0.1970754,0,0,8.74228E-08,1,0,0,0,2.5,0.1970754,0,0,0,1,0,0,0,0.1970754
1730306195915,-38.81924,1.614483,-0.4451637,-0.980859,0.02187016,-0.1934881,0,0,0,2.5,0.1970754,0,0,8.74228E-08,1,0,0,0,2.5,0.1970754,0,0,0,1,0,0,0,0.1970754
1730306195942,-38.84441,1.618307,-0.4482346,-0.9762112,0.01784996,-0.2160858,-1.887989,0.286755,-0.2303123,2.5,0.1970754,0,0,8.74228E-08,1,0,0,0,2.5,0.1970754,0,0,0,1,0,0,0,0.1970754
1730306195949,-38.84441,1.618307,-0.4482346,-0.9762112,0.01784996,-0.2160858,0,0,0,2.5,0.1970754,0,0,8.74228E-08,1,0,0,0,2.5,0.1970754,0,0,0,1,0,0,0,0.1970754
1730306195981,-38.88146,1.623783,-0.4528923,-0.9702649,0.005464401,-0.2419847,-2.778339,0.4107356,-0.3493309,2.5,0.1970754,0,0,8.74228E-08,1,0,0,0,2.5,0.1970754,0,0,0,1,0,0,0,0.1970754
1730306195989,-38.88146,1.623783,-0.4528923,-0.9702649,0.005464401,-0.2419847,0,0,0,2.5,0.1970754,0,0,8.74228E-08,1,0,0,0,2.5,0.1970754,0,0,0,1,0,0,0,0.1970754
1730306195996,-38.88146,1.623783,-0.4528923,-0.9702649,0.005464401,-0.2419847,0,0,0,2.5,0.1970754,0,0,8.74228E-08,1,0,0,0,2.5,0.1970754,0,0,0,1,0,0,0,0.1970754
1730306196010,-38.91761,1.628799,-0.4562721,-0.9654277,-0.004209081,-0.2606374,-2.711105,0.3761709,-0.2534866,2.5,0.1970754,0,0,8.74228E-08,1,0,0,0,2.5,0.1970754,0,0,0,1,0,0,0,0.1970754
1730306196017,-38.91761,1.628799,-0.4562721,-0.9654277,-0.004209081,-0.2606374,0,0,0,2.5,0.1970754,0,0,8.74228E-08,1,0,0,0,2.5,0.1970754,0,0,0,1,0,0,0,0.1970754
1730306196024,-38.91761,1.628799,-0.4562721,-0.9654277,-0.004209081,-0.2606374,0,0,0,2.5,0.1970754,0,0,8.74228E-08,1,0,0,0,2.5,0.1970754,0,0,0,1,0,0,0,0.1970754
1730306196049,-38.94078,1.631014,-0.4587212,-0.9620042,-0.01115015,-0.2728076,-1.738358,0.166136,-0.1836777,2.5,0.1970754,0,0,8.74228E-08,1,0,0,0,2.5,0.1970754,0,0,0,1,0,0,0,0.1970754
1730306196056,-38.94078,1.631014,-0.4587212,-0.9620042,-0.01115015,-0.2728076,0,0,0,2.5,0.1970754,0,0,8.74228E-08,1,0,0,0,2.5,0.1970754,0,0,0,1,0,0,0,0.1970754
1730306196075,-38.97497,1.632982,-0.4627151,-0.954503,-0.02258733,-0.2973454,-2.564049,0.1475573,-0.2995491,2.5,0.1970754,0,0,8.74228E-08,1,0,0,0,2.5,0.1970754,0,0,0,1,0,0,0,0.1970754
1730306196083,-38.97497,1.632982,-0.4627151,-0.954503,-0.02258733,-0.2973454,0,0,0,2.5,0.1970754,0,0,8.74228E-08,1,0,0,0,2.5,0.1970754,0,0,0,1,0,0,0,0.1970754
1730306196089,-38.97497,1.632982,-0.4627151,-0.954503,-0.02258733,-0.2973454,0,0,0,2.5,0.1970754,0,0,8.74228E-08,1,0,0,0,2.5,0.1970754,0,0,0,1,0,0,0,0.1970754
1730306196104,-38.99629,1.633499,-0.4659042,-0.945893,-0.02893337,-0.3231863,-1.59874,0.03880262,-0.2391815,2.5,0.1970754,0,0,8.74228E-08,1,0,0,0,2.5,0.1970754,0,0,0,1,0,0,0,0.1970754
1730306196112,-38.99629,1.633499,-0.4659042,-0.945893,-0.02893337,-0.3231863,0,0,0,2.5,0.1970754,0,0,8.74228E-08,1,0,0,0,2.5,0.1970754,0,0,0,1,0,0,0,0.1970754
1730306196132,-39.01722,1.63353,-0.4692307,-0.9350511,-0.03389246,-0.3528907,-1.570129,0.002324581,-0.2494812,2.5,0.1970754,0,0,8.74228E-08,1,0,0,0,2.5,0.1970754,0,0,0,1,0,0,0,0.1970754
1730306196139,-39.01722,1.63353,-0.4692307,-0.9350511,-0.03389246,-0.3528907,0,0,0,2.5,0.1970754,0,0,8.74228E-08,1,0,0,0,2.5,0.1970754,0,0,0,1,0,0,0,0.1970754
1730306196160,-39.03807,1.632532,-0.472805,-0.9204202,-0.03461761,-0.3893955,-1.563263,-0.07486939,-0.2680779,2.5,0.1970754,0,0,8.74228E-08,1,0,0,0,2.5,0.1970754,0,0,0,1,0,0,0,0.1970754
1730306196168,-39.03807,1.632532,-0.472805,-0.9204202,-0.03461761,-0.3893955,0,0,0,2.5,0.1970754,0,0,8.74228E-08,1,0,0,0,2.5,0.1970754,0,0,0,1,0,0,0,0.1970754
1730306196189,-39.05755,1.631361,-0.4766655,-0.9017238,-0.03173837,-0.4311469,-1.461411,-0.08777976,-0.2895355,2.5,0.1970754,0,0,8.74228E-08,1,0,0,0,2.5,0.1970754,0,0,0,1,0,0,0,0.1970754
1730306196196,-39.05755,1.631361,-0.4766655,-0.9017238,-0.03173837,-0.4311469,0,0,0,2.5,0.1970754,0,0,8.74228E-08,1,0,0,0,2.5,0.1970754,0,0,0,1,0,0,0,0.1970754
1730306196217,-39.07803,1.629378,-0.479641,-0.8774939,-0.02459121,-0.4789578,-1.535797,-0.1487732,-0.2231598,2.5,0.1970754,0,0,8.74228E-08,1,0,0,0,2.5,0.1970754,0,0,0,1,0,0,0,0.1970754
1730306196225,-39.07803,1.629378,-0.479641,-0.8774939,-0.02459121,-0.4789578,0,0,0,2.5,0.1970754,0,0,8.74228E-08,1,0,0,0,2.5,0.1970754,0,0,0,1,0,0,0,0.1970754
1730306196246,-39.09683,1.626099,-0.4841576,-0.8469508,-0.01436876,-0.5314776,-1.409912,-0.2458602,-0.3387451,2.5,0.1970754,0,0,8.74228E-08,1,0,0,0,2.5,0.1970754,0,0,0,1,0,0,0,0.1970754
1730306196253,-39.09683,1.626099,-0.4841576,-0.8469508,-0.01436876,-0.5314776,0,0,0,2.5,0.1970754,0,0,8.74228E-08,1,0,0,0,2.5,0.1970754,0,0,0,1,0,0,0,0.1970754
1730306196274,-39.11506,1.621594,-0.4892235,-0.809181,-0.008148867,-0.5875033,-1.367569,-0.3379315,-0.3799438,2.5,0.1970754,0,0,8.74228E-08,1,0,0,0,2.5,0.1970754,0,0,0,1,0,0,0,0.1970754
1730306196281,-39.11506,1.621594,-0.4892235,-0.809181,-0.008148867,-0.5875033,0,0,0,2.5,0.1970754,0,0,8.74228E-08,1,0,0,0,2.5,0.1970754,0,0,0,1,0,0,0,0.1970754
1730306196288,-39.11506,1.621594,-0.4892235,-0.809181,-0.008148867,-0.5875033,0,0,0,2.5,0.1970754,0,0,8.74228E-08,1,0,0,0,2.5,0.1970754,0,0,0,1,0,0,0,0.1970754
1730306196316,-39.13253,1.616439,-0.49506,-0.7627163,-0.008264823,-0.6466807,-1.309776,-0.3865957,-0.4377365,2.5,0.1970754,0,0,8.74228E-08,1,0,0,0,2.5,0.1970754,0,0,0,1,0,0,0,0.1970754
1730306196324,-39.13253,1.616439,-0.49506,-0.7627163,-0.008264823,-0.6466807,0,0,0,2.5,0.1970754,0,0,8.74228E-08,1,0,0,0,2.5,0.1970754,0,0,0,1,0,0,0,0.1970754
1730306196355,-39.15507,1.608371,-0.5051842,-0.6845673,-0.01008179,-0.7288808,-1.690865,-0.6050795,-0.7593155,2.5,0.1970754,0,0,8.74228E-08,1,0,0,0,2.5,0.1970754,0,0,0,1,0,0,0,0.1970754
1730306196363,-39.15507,1.608371,-0.5051842,-0.6845673,-0.01008179,-0.7288808,0,0,0,2.5,0.1970754,0,0,8.74228E-08,1,0,0,0,2.5,0.1970754,0,0,0,1,0,0,0,0.1970754
1730306196370,-39.15507,1.608371,-0.5051842,-0.6845673,-0.01008179,-0.7288808,0,0,0,2.5,0.1970754,0,0,8.74228E-08,1,0,0,0,2.5,0.1970754,0,0,0,1,0,0,0,0.1970754
1730306196384,-39.17847,1.600577,-0.5154457,-0.5938895,-0.01308876,-0.8044404,-1.754951,-0.5846053,-0.7696152,2.5,0.1970754,0,0,8.74228E-08,1,0,0,0,2.5,0.1970754,0,0,0,1,0,0,0,0.1970754
1730306196391,-39.17847,1.600577,-0.5154457,-0.5938895,-0.01308876,-0.8044404,0,0,0,2.5,0.1970754,0,0,8.74228E-08,1,0,0,0,2.5,0.1970754,0,0,0,1,0,0,0,0.1970754
1730306196397,-39.17847,1.600577,-0.5154457,-0.5938895,-0.01308876,-0.8044404,0,0,0,2.5,0.1970754,0,0,8.74228E-08,1,0,0,0,2.5,0.1970754,0,0,0,1,0,0,0,0.1970754
1730306196424,-39.18882,1.598035,-0.521656,-0.5272442,-0.02669905,-0.8492948,-0.7759094,-0.1906514,-0.4657745,2.5,0.1970754,0,0,8.74228E-08,1,0,0,0,2.5,0.1970754,0,0,0,1,0,0,0,0.1970754
1730306196431,-39.18882,1.598035,-0.521656,-0.5272442,-0.02669905,-0.8492948,0,0,0,2.5,0.1970754,0,0,8.74228E-08,1,0,0,0,2.5,0.1970754,0,0,0,1,0,0,0,0.1970754
1730306196451,-39.21099,1.595834,-0.5308762,-0.424971,-0.03789461,-0.9044138,-1.663399,-0.1650453,-0.6915092,2.5,0.1970754,0,0,8.74228E-08,1,0,0,0,2.5,0.1970754,0,0,0,1,0,0,0,0.1970754
1730306196459,-39.21099,1.595834,-0.5308762,-0.424971,-0.03789461,-0.9044138,0,0,0,2.5,0.1970754,0,0,8.74228E-08,1,0,0,0,2.5,0.1970754,0,0,0,1,0,0,0,0.1970754
1730306196466,-39.21099,1.595834,-0.5308762,-0.424971,-0.03789461,-0.9044138,0,0,0,2.5,0.1970754,0,0,8.74228E-08,1,0,0,0,2.5,0.1970754,0,0,0,1,0,0,0,0.1970754
1730306196481,-39.22399,1.6002,-0.5336761,-0.3580289,-0.0435707,-0.9326941,-0.9744644,0.3274173,-0.2099991,2.5,0.1970754,0,0,8.74228E-08,1,0,0,0,2.5,0.1970754,0,0,0,1,0,0,0,0.1970754
1730306196489,-39.22399,1.6002,-0.5336761,-0.3580289,-0.0435707,-0.9326941,0,0,0,2.5,0.1970754,0,0,8.74228E-08,1,0,0,0,2.5,0.1970754,0,0,0,1,0,0,0,0.1970754
1730306196496,-39.22399,1.6002,-0.5336761,-0.3580289,-0.0435707,-0.9326941,0,0,0,2.5,0.1970754,0,0,8.74228E-08,1,0,0,0,2.5,0.1970754,0,0,0,1,0,0,0,0.1970754
1730306196522,-39.23912,1.602754,-0.5384903,-0.2966943,-0.04485152,-0.9539192,-1.135254,0.1915544,-0.3610611,2.5,0.1970754,0,0,8.74228E-08,1,0,0,0,2.5,0.1970754,0,0,0,1,0,0,0,0.1970754
1730306196530,-39.23912,1.602754,-0.5384903,-0.2966943,-0.04485152,-0.9539192,0,0,0,2.5,0.1970754,0,0,8.74228E-08,1,0,0,0,2.5,0.1970754,0,0,0,1,0,0,0,0.1970754
1730306196550,-39.2592,1.606179,-0.5457649,-0.2143015,-0.0399219,-0.9759519,-1.50547,0.2569377,-0.5455971,2.5,0.1970754,0,0,8.74228E-08,1,0,0,0,2.5,0.1970754,0,0,0,1,0,0,0,0.1970754
1730306196557,-39.2592,1.606179,-0.5457649,-0.2143015,-0.0399219,-0.9759519,0,0,0,2.5,0.1970754,0,0,8.74228E-08,1,0,0,0,2.5,0.1970754,0,0,0,1,0,0,0,0.1970754
1730306196579,-39.27327,1.607836,-0.5484924,-0.1666429,-0.04349945,-0.9850581,-1.055145,0.1242399,-0.2045631,2.5,0.1970754,0,0,8.74228E-08,1,0,0,0,2.5,0.1970754,0,0,0,1,0,0,0,0.1970754
1730306196589,-39.27327,1.607836,-0.5484924,-0.1666429,-0.04349945,-0.9850581,0,0,0,2.5,0.1970754,0,0,8.74228E-08,1,0,0,0,2.5,0.1970754,0,0,0,1,0,0,0,0.1970754
1730306196608,-39.28791,1.610699,-0.5504608,-0.1248597,-0.04537539,-0.9911364,-1.098633,0.2147377,-0.1476288,2.5,0.1970754,0,0,8.74228E-08,1,0,0,0,2.5,0.1970754,0,0,0,1,0,0,0,0.1970754
1730306196616,-39.28791,1.610699,-0.5504608,-0.1248597,-0.04537539,-0.9911364,0,0,0,2.5,0.1970754,0,0,8.74228E-08,1,0,0,0,2.5,0.1970754,0,0,0,1,0,0,0,0.1970754
1730306196624,-39.28791,1.610699,-0.5504608,-0.1248597,-0.04537539,-0.9911364,0,0,0,2.5,0.1970754,0,0,8.74228E-08,1,0,0,0,2.5,0.1970754,0,0,0,1,0,0,0,0.1970754
1730306196651,-39.30231,1.612917,-0.5518265,-0.08686003,-0.04272374,-0.9953042,-1.07975,0.1663059,-0.1024246,2.5,0.1970754,0,0,8.74228E-08,1,0,0,0,2.5,0.1970754,0,0,0,1,0,0,0,0.1970754
1730306196659,-39.30231,1.612917,-0.5518265,-0.08686003,-0.04272374,-0.9953042,0,0,0,2.5,0.1970754,0,0,8.74228E-08,1,0,0,0,2.5,0.1970754,0,0,0,1,0,0,0,0.1970754
1730306196677,-39.32333,1.616727,-0.5539436,-0.03292411,-0.04480813,-0.9984534,-1.57671,0.2858162,-0.1587868,2.5,0.1970754,0,0,8.74228E-08,1,0,0,0,2.5,0.1970754,0,0,0,1,0,0,0,0.1970754
1730306196684,-39.32333,1.616727,-0.5539436,-0.03292411,-0.04480813,-0.9984534,0,0,0,2.5,0.1970754,0,0,8.74228E-08,1,0,0,0,2.5,0.1970754,0,0,0,1,0,0,0,0.1970754
1730306196691,-39.32333,1.616727,-0.5539436,-0.03292411,-0.04480813,-0.9984534,0,0,0,2.5,0.1970754,0,0,8.74228E-08,1,0,0,0,2.5,0.1970754,0,0,0,1,0,0,0,0.1970754
1730306196707,-39.33773,1.619139,-0.5548058,-0.009700879,-0.04882702,-0.9987603,-1.080036,0.1808614,-0.06465912,2.5,0.1970754,0,0,8.74228E-08,1,0,0,0,2.5,0.1970754,0,0,0,1,0,0,0,0.1970754
1730306196714,-39.33773,1.619139,-0.5548058,-0.009700879,-0.04882702,-0.9987603,0,0,0,2.5,0.1970754,0,0,8.74228E-08,1,0,0,0,2.5,0.1970754,0,0,0,1,0,0,0,0.1970754
1730306196734,-39.35237,1.621588,-0.5548096,0.009494365,-0.050607,-0.9986738,-1.097775,0.1836777,-0.0002861023,2.5,0.1970754,0,0,8.74228E-08,1,0,0,0,2.5,0.1970754,0,0,0,1,0,0,0,0.1970754
1730306196742,-39.35237,1.621588,-0.5548096,0.009494365,-0.050607,-0.9986738,0,0,0,2.5,0.1970754,0,0,8.74228E-08,1,0,0,0,2.5,0.1970754,0,0,0,1,0,0,0,0.1970754
1730306196764,-39.36663,1.623836,-0.5539284,0.02133446,-0.0479399,-0.9986227,-1.069164,0.1686215,0.06608963,2.5,0.1970754,0,0,8.74228E-08,1,0,0,0,2.5,0.1970754,0,0,0,1,0,0,0,0.1970754
1730306196771,-39.36663,1.623836,-0.5539284,0.02133446,-0.0479399,-0.9986227,0,0,0,2.5,0.1970754,0,0,8.74228E-08,1,0,0,0,2.5,0.1970754,0,0,0,1,0,0,0,0.1970754
1730306196792,-39.38138,1.625161,-0.5541763,0.03054533,-0.0448738,-0.998526,-1.106358,0.09938478,-0.01859665,2.5,0.1970754,0,0,8.74228E-08,1,0,0,0,2.5,0.1970754,0,0,0,1,0,0,0,0.1970754
1730306196800,-39.38138,1.625161,-0.5541763,0.03054533,-0.0448738,-0.998526,0,0,0,2.5,0.1970754,0,0,8.74228E-08,1,0,0,0,2.5,0.1970754,0,0,0,1,0,0,0,0.1970754
1730306196821,-39.39411,1.626075,-0.5550652,0.03809357,-0.04571405,-0.9982282,-0.9550095,0.0685215,-0.06666183,2.5,0.1970754,0,0,8.74228E-08,1,0,0,0,2.5,0.1970754,0,0,0,1,0,0,0,0.1970754
1730306196830,-39.39411,1.626075,-0.5550652,0.03809357,-0.04571405,-0.9982282,0,0,0,2.5,0.1970754,0,0,8.74228E-08,1,0,0,0,2.5,0.1970754,0,0,0,1,0,0,0,0.1970754
1730306196837,-39.39411,1.626075,-0.5550652,0.03809357,-0.04571405,-0.9982282,0,0,0,2.5,0.1970754,0,0,8.74228E-08,1,0,0,0,2.5,0.1970754,0,0,0,1,0,0,0,0.1970754
1730306196850,-39.4086,1.626484,-0.5551262,0.04332945,-0.04646566,-0.9979799,-1.08633,0.03067553,-0.004577637,2.5,0.1970754,0,0,8.74228E-08,1,0,0,0,2.5,0.1970754,0,0,0,1,0,0,0,0.1970754
1730306196857,-39.4086,1.626484,-0.5551262,0.04332945,-0.04646566,-0.9979799,0,0,0,2.5,0.1970754,0,0,8.74228E-08,1,0,0,0,2.5,0.1970754,0,0,0,1,0,0,0,0.1970754
1730306196878,-39.42247,1.62647,-0.5575294,0.04912591,-0.04618176,-0.9977247,-1.04084,-0.001063943,-0.1802444,2.5,0.1970754,0,0,8.74228E-08,1,0,0,0,2.5,0.1970754,0,0,0,1,0,0,0,0.1970754
1730306196885,-39.42247,1.62647,-0.5575294,0.04912591,-0.04618176,-0.9977247,0,0,0,2.5,0.1970754,0,0,8.74228E-08,1,0,0,0,2.5,0.1970754,0,0,0,1,0,0,0,0.1970754
1730306196904,-39.43676,1.625966,-0.5589485,0.05375176,-0.0472968,-0.9974343,-1.071167,-0.03781915,-0.1064301,2.5,0.1970754,0,0,8.74228E-08,1,0,0,0,2.5,0.1970754,0,0,0,1,0,0,0,0.1970754
1730306196911,-39.43676,1.625966,-0.5589485,0.05375176,-0.0472968,-0.9974343,0,0,0,2.5,0.1970754,0,0,8.74228E-08,1,0,0,0,2.5,0.1970754,0,0,0,1,0,0,0,0.1970754
1730306196933,-39.45196,1.625241,-0.5580139,0.05646968,-0.04996078,-0.9971539,-1.140404,-0.05432367,0.07009506,2.5,0.1970754,0,0,8.74228E-08,1,0,0,0,2.5,0.1970754,0,0,0,1,0,0,0,0.1970754
1730306196941,-39.45196,1.625241,-0.5580139,0.05646968,-0.04996078,-0.9971539,0,0,0,2.5,0.1970754,0,0,8.74228E-08,1,0,0,0,2.5,0.1970754,0,0,0,1,0,0,0,0.1970754
1730306196961,-39.46693,1.624193,-0.5565643,0.06099357,-0.05229221,-0.9967679,-1.122952,-0.07858872,0.1087189,2.5,0.1970754,0,0,8.74228E-08,1,0,0,0,2.5,0.1970754,0,0,0,1,0,0,0,0.1970754
1730306196969,-39.46693,1.624193,-0.5565643,0.06099357,-0.05229221,-0.9967679,0,0,0,2.5,0.1970754,0,0,8.74228E-08,1,0,0,0,2.5,0.1970754,0,0,0,1,0,0,0,0.1970754
1730306196989,-39.48254,1.623019,-0.5546341,0.06606984,-0.05498735,-0.996299,-1.170444,-0.08810163,0.1447678,2.5,0.1970754,0,0,8.74228E-08,1,0,0,0,2.5,0.1970754,0,0,0,1,0,0,0,0.1970754
1730306196997,-39.48254,1.623019,-0.5546341,0.06606984,-0.05498735,-0.996299,0,0,0,2.5,0.1970754,0,0,8.74228E-08,1,0,0,0,2.5,0.1970754,0,0,0,1,0,0,0,0.1970754
1730306197016,-39.49818,1.621309,-0.5522842,0.06849644,-0.05538831,-0.9961127,-1.172733,-0.1282632,0.176239,2.5,0.1970754,0,0,8.74228E-08,1,0,0,0,2.5,0.1970754,0,0,0,1,0,0,0,0.1970754
1730306197025,-39.49818,1.621309,-0.5522842,0.06849644,-0.05538831,-0.9961127,0,0,0,2.5,0.1970754,0,0,8.74228E-08,1,0,0,0,2.5,0.1970754,0,0,0,1,0,0,0,0.1970754
1730306197044,-39.51474,1.619808,-0.5494003,0.06875341,-0.05511755,-0.9961101,-1.242256,-0.1125634,0.2162933,2.5,0.1970754,0,0,8.74228E-08,1,0,0,0,2.5,0.1970754,0,0,0,1,0,0,0,0.1970754
1730306197054,-39.51474,1.619808,-0.5494003,0.06875341,-0.05511755,-0.9961101,0,0,0,2.5,0.1970754,0,0,8.74228E-08,1,0,0,0,2.5,0.1970754,0,0,0,1,0,0,0,0.1970754
1730306197064,-39.51474,1.619808,-0.5494003,0.06875341,-0.05511755,-0.9961101,0,0,0,2.5,0.1970754,0,0,8.74228E-08,1,0,0,0,2.5,0.1970754,0,0,0,1,0,0,0,0.1970754
1730306197086,-39.52995,1.617727,-0.5463219,0.06434492,-0.05375078,-0.9964794,-1.14069,-0.156033,0.2308846,2.5,0.1970754,0,0,8.74228E-08,1,0,0,0,2.5,0.1970754,0,0,0,1,0,0,0,0.1970754
1730306197093,-39.52995,1.617727,-0.5463219,0.06434492,-0.05375078,-0.9964794,0,0,0,2.5,0.1970754,0,0,8.74228E-08,1,0,0,0,2.5,0.1970754,0,0,0,1,0,0,0,0.1970754
1730306197110,-39.55606,1.613624,-0.540451,0.05516754,-0.05012334,-0.9972187,-1.958656,-0.3077745,0.4403114,2.5,0.1970754,0,0,8.74228E-08,1,0,0,0,2.5,0.1970754,0,0,0,1,0,0,0,0.1970754
1730306197117,-39.55606,1.613624,-0.540451,0.05516754,-0.05012334,-0.9972187,0,0,0,2.5,0.1970754,0,0,8.74228E-08,1,0,0,0,2.5,0.1970754,0,0,0,1,0,0,0,0.1970754
1730306197124,-39.55606,1.613624,-0.540451,0.05516754,-0.05012334,-0.9972187,0,0,0,2.5,0.1970754,0,0,8.74228E-08,1,0,0,0,2.5,0.1970754,0,0,0,1,0,0,0,0.1970754
1730306197140,-39.57492,1.610392,-0.5353394,0.04526751,-0.04828566,-0.9978077,-1.414204,-0.2423376,0.3833771,2.5,0.1970754,0,0,8.74228E-08,1,0,0,0,2.5,0.1970754,0,0,0,1,0,0,0,0.1970754
1730306197147,-39.57492,1.610392,-0.5353394,0.04526751,-0.04828566,-0.9978077,0,0,0,2.5,0.1970754,0,0,8.74228E-08,1,0,0,0,2.5,0.1970754,0,0,0,1,0,0,0,0.1970754
1730306197167,-39.59363,1.608639,-0.5307312,0.03775269,-0.06127032,-0.9974074,-1.403332,-0.1314908,0.3456116,2.5,0.1970754,0,0,8.74228E-08,1,0,0,0,2.5,0.1970754,0,0,0,1,0,0,0,0.1970754
1730306197174,-39.59363,1.608639,-0.5307312,0.03775269,-0.06127032,-0.9974074,0,0,0,2.5,0.1970754,0,0,8.74228E-08,1,0,0,0,2.5,0.1970754,0,0,0,1,0,0,0,0.1970754
1730306197196,-39.61277,1.605914,-0.5261192,0.02238006,-0.06341925,-0.9977363,-1.435089,-0.2044022,0.3458977,2.5,0.1970754,0,0,8.74228E-08,1,0,0,0,2.5,0.1970754,0,0,0,1,0,0,0,0.1970754
1730306197203,-39.61277,1.605914,-0.5261192,0.02238006,-0.06341925,-0.9977363,0,0,0,2.5,0.1970754,0,0,8.74228E-08,1,0,0,0,2.5,0.1970754,0,0,0,1,0,0,0,0.1970754
1730306197224,-39.63261,1.606723,-0.526268,0.004812488,-0.06726424,-0.9977241,-1.488304,0.06067157,-0.01115799,2.5,0.1970754,0,0,8.74228E-08,1,0,0,0,2.5,0.1970754,0,0,0,1,0,0,0,0.1970754
1730306197232,-39.63261,1.606723,-0.526268,0.004812488,-0.06726424,-0.9977241,0,0,0,2.5,0.1970754,0,0,8.74228E-08,1,0,0,0,2.5,0.1970754,0,0,0,1,0,0,0,0.1970754
1730306197252,-39.6526,1.60703,-0.5223808,-0.02345623,-0.06144279,-0.9978352,-1.499176,0.02300441,0.2915382,2.5,0.1970754,0,0,8.74228E-08,1,0,0,0,2.5,0.1970754,0,0,0,1,0,0,0,0.1970754
1730306197260,-39.6526,1.60703,-0.5223808,-0.02345623,-0.06144279,-0.9978352,0,0,0,2.5,0.1970754,0,0,8.74228E-08,1,0,0,0,2.5,0.1970754,0,0,0,1,0,0,0,0.1970754
1730306197280,-39.67105,1.608842,-0.520401,-0.05305126,-0.06375874,-0.9965547,-1.383591,0.1358986,0.1484871,2.5,0.1970754,0,0,8.74228E-08,1,0,0,0,2.5,0.1970754,0,0,0,1,0,0,0,0.1970754
1730306197287,-39.67105,1.608842,-0.520401,-0.05305126,-0.06375874,-0.9965547,0,0,0,2.5,0.1970754,0,0,8.74228E-08,1,0,0,0,2.5,0.1970754,0,0,0,1,0,0,0,0.1970754
1730306197308,-39.69056,1.610286,-0.5162621,-0.09080721,-0.06411763,-0.9938023,-1.463699,0.1083165,0.310421,2.5,0.1970754,0,0,8.74228E-08,1,0,0,0,2.5,0.1970754,0,0,0,1,0,0,0,0.1970754
1730306197316,-39.69056,1.610286,-0.5162621,-0.09080721,-0.06411763,-0.9938023,0,0,0,2.5,0.1970754,0,0,8.74228E-08,1,0,0,0,2.5,0.1970754,0,0,0,1,0,0,0,0.1970754
1730306197336,-39.7088,1.610832,-0.5113564,-0.1326901,-0.06115505,-0.9892695,-1.367569,0.04094839,0.3679276,2.5,0.1970754,0,0,8.74228E-08,1,0,0,0,2.5,0.1970754,0,0,0,1,0,0,0,0.1970754
1730306197343,-39.7088,1.610832,-0.5113564,-0.1326901,-0.06115505,-0.9892695,0,0,0,2.5,0.1970754,0,0,8.74228E-08,1,0,0,0,2.5,0.1970754,0,0,0,1,0,0,0,0.1970754
1730306197364,-39.72567,1.611475,-0.5065346,-0.1667462,-0.05578433,-0.9844213,-1.265144,0.04827976,0.3616333,2.5,0.1970754,0,0,8.74228E-08,1,0,0,0,2.5,0.1970754,0,0,0,1,0,0,0,0.1970754
1730306197372,-39.72567,1.611475,-0.5065346,-0.1667462,-0.05578433,-0.9844213,0,0,0,2.5,0.1970754,0,0,8.74228E-08,1,0,0,0,2.5,0.1970754,0,0,0,1,0,0,0,0.1970754
1730306197391,-39.7423,1.612072,-0.5026131,-0.1970966,-0.05437755,-0.9788753,-1.247406,0.04470348,0.2941132,2.5,0.1970754,0,0,8.74228E-08,1,0,0,0,2.5,0.1970754,0,0,0,1,0,0,0,0.1970754
1730306197398,-39.7423,1.612072,-0.5026131,-0.1970966,-0.05437755,-0.9788753,0,0,0,2.5,0.1970754,0,0,8.74228E-08,1,0,0,0,2.5,0.1970754,0,0,0,1,0,0,0,0.1970754
1730306197418,-39.75769,1.612308,-0.4987602,-0.2314678,-0.05929577,-0.9710343,-1.154709,0.01770258,0.2889633,2.5,0.1970754,0,0,8.74228E-08,1,0,0,0,2.5,0.1970754,0,0,0,1,0,0,0,0.1970754
1730306197426,-39.75769,1.612308,-0.4987602,-0.2314678,-0.05929577,-0.9710343,0,0,0,2.5,0.1970754,0,0,8.74228E-08,1,0,0,0,2.5,0.1970754,0,0,0,1,0,0,0,0.1970754
1730306197446,-39.77317,1.613909,-0.4952278,-0.2621384,-0.06123695,-0.963086,-1.161003,0.1201361,0.2649307,2.5,0.1970754,0,0,8.74228E-08,1,0,0,0,2.5,0.1970754,0,0,0,1,0,0,0,0.1970754
1730306197452,-39.77317,1.613909,-0.4952278,-0.2621384,-0.06123695,-0.963086,0,0,0,2.5,0.1970754,0,0,8.74228E-08,1,0,0,0,2.5,0.1970754,0,0,0,1,0,0,0,0.1970754
1730306197460,-39.77317,1.613909,-0.4952278,-0.2621384,-0.06123695,-0.963086,0,0,0,2.5,0.1970754,0,0,8.74228E-08,1,0,0,0,2.5,0.1970754,0,0,0,1,0,0,0,0.1970754
1730306197473,-39.78814,1.615498,-0.4929237,-0.2971816,-0.06392597,-0.9526792,-1.122093,0.1191795,0.1728058,2.5,0.1970754,0,0,8.74228E-08,1,0,0,0,2.5,0.1970754,0,0,0,1,0,0,0,0.1970754
1730306197480,-39.78814,1.615498,-0.4929237,-0.2971816,-0.06392597,-0.9526792,0,0,0,2.5,0.1970754,0,0,8.74228E-08,1,0,0,0,2.5,0.1970754,0,0,0,1,0,0,0,0.1970754
1730306197501,-39.80297,1.616894,-0.4901695,-0.3377011,-0.0669817,-0.9388672,-1.112366,0.104633,0.2065659,2.5,0.1970754,0,0,8.74228E-08,1,0,0,0,2.5,0.1970754,0,0,0,1,0,0,0,0.1970754
1730306197508,-39.80297,1.616894,-0.4901695,-0.3377011,-0.0669817,-0.9388672,0,0,0,2.5,0.1970754,0,0,8.74228E-08,1,0,0,0,2.5,0.1970754,0,0,0,1,0,0,0,0.1970754
1730306197526,-39.81663,1.618384,-0.487133,-0.3770593,-0.06585372,-0.9238454,-1.024818,0.1117945,0.2277374,2.5,0.1970754,0,0,8.74228E-08,1,0,0,0,2.5,0.1970754,0,0,0,1,0,0,0,0.1970754
1730306197533,-39.81663,1.618384,-0.487133,-0.3770593,-0.06585372,-0.9238454,0,0,0,2.5,0.1970754,0,0,8.74228E-08,1,0,0,0,2.5,0.1970754,0,0,0,1,0,0,0,0.1970754
1730306197553,-39.82937,1.619033,-0.4843254,-0.4105951,-0.06204899,-0.9097041,-0.9555817,0.04862845,0.2105713,2.5,0.1970754,0,0,8.74228E-08,1,0,0,0,2.5,0.1970754,0,0,0,1,0,0,0,0.1970754
1730306197560,-39.82937,1.619033,-0.4843254,-0.4105951,-0.06204899,-0.9097041,0,0,0,2.5,0.1970754,0,0,8.74228E-08,1,0,0,0,2.5,0.1970754,0,0,0,1,0,0,0,0.1970754
1730306197581,-39.84258,1.619614,-0.4813499,-0.447753,-0.06195622,-0.8920085,-0.9904861,0.0435859,0.2231598,2.5,0.1970754,0,0,8.74228E-08,1,0,0,0,2.5,0.1970754,0,0,0,1,0,0,0,0.1970754
1730306197588,-39.84258,1.619614,-0.4813499,-0.447753,-0.06195622,-0.8920085,0,0,0,2.5,0.1970754,0,0,8.74228E-08,1,0,0,0,2.5,0.1970754,0,0,0,1,0,0,0,0.1970754
1730306197609,-39.85447,1.619609,-0.4761124,-0.4899532,-0.06297834,-0.8694711,-0.892067,-0.0003218651,0.3928185,2.5,0.1970754,0,0,8.74228E-08,1,0,0,0,2.5,0.1970754,0,0,0,1,0,0,0,0.1970754
1730306197616,-39.85447,1.619609,-0.4761124,-0.4899532,-0.06297834,-0.8694711,0,0,0,2.5,0.1970754,0,0,8.74228E-08,1,0,0,0,2.5,0.1970754,0,0,0,1,0,0,0,0.1970754
1730306197637,-39.86555,1.619275,-0.4702034,-0.52929,-0.06324583,-0.8460808,-0.8308411,-0.02510548,0.4431725,2.5,0.1970754,0,0,8.74228E-08,1,0,0,0,2.5,0.1970754,0,0,0,1,0,0,0,0.1970754
1730306197644,-39.86555,1.619275,-0.4702034,-0.52929,-0.06324583,-0.8460808,0,0,0,2.5,0.1970754,0,0,8.74228E-08,1,0,0,0,2.5,0.1970754,0,0,0,1,0,0,0,0.1970754
1730306197664,-39.87733,1.619505,-0.466526,-0.5675609,-0.0630458,-0.8209145,-0.88377,0.01725554,0.2758026,2.5,0.1970754,0,0,8.74228E-08,1,0,0,0,2.5,0.1970754,0,0,0,1,0,0,0,0.1970754
1730306197672,-39.87733,1.619505,-0.466526,-0.5675609,-0.0630458,-0.8209145,0,0,0,2.5,0.1970754,0,0,8.74228E-08,1,0,0,0,2.5,0.1970754,0,0,0,1,0,0,0,0.1970754
1730306197692,-39.88932,1.619622,-0.4619904,-0.6115372,-0.06262336,-0.7887338,-0.8986473,0.008815527,0.3401756,2.5,0.1970754,0,0,8.74228E-08,1,0,0,0,2.5,0.1970754,0,0,0,1,0,0,0,0.1970754
1730306197699,-39.88932,1.619622,-0.4619904,-0.6115372,-0.06262336,-0.7887338,0,0,0,2.5,0.1970754,0,0,8.74228E-08,1,0,0,0,2.5,0.1970754,0,0,0,1,0,0,0,0.1970754
1730306197720,-39.9006,1.619916,-0.459816,-0.6529994,-0.05818815,-0.7551204,-0.8462906,0.02202988,0.1630783,2.5,0.1970754,0,0,8.74228E-08,1,0,0,0,2.5,0.1970754,0,0,0,1,0,0,0,0.1970754
1730306197727,-39.9006,1.619916,-0.459816,-0.6529994,-0.05818815,-0.7551204,0,0,0,2.5,0.1970754,0,0,8.74228E-08,1,0,0,0,2.5,0.1970754,0,0,0,1,0,0,0,0.1970754
1730306197747,-39.91213,1.62055,-0.4578781,-0.6900374,-0.05278854,-0.7218467,-0.8648872,0.04756451,0.14534,2.5,0.1970754,0,0,8.74228E-08,1,0,0,0,2.5,0.1970754,0,0,0,1,0,0,0,0.1970754
1730306197755,-39.91213,1.62055,-0.4578781,-0.6900374,-0.05278854,-0.7218467,0,0,0,2.5,0.1970754,0,0,8.74228E-08,1,0,0,0,2.5,0.1970754,0,0,0,1,0,0,0,0.1970754
1730306197775,-39.92289,1.62058,-0.4559097,-0.729651,-0.0507483,-0.6819344,-0.8068085,0.002217293,0.1476288,2.5,0.1970754,0,0,8.74228E-08,1,0,0,0,2.5,0.1970754,0,0,0,1,0,0,0,0.1970754
1730306197782,-39.92289,1.62058,-0.4559097,-0.729651,-0.0507483,-0.6819344,0,0,0,2.5,0.1970754,0,0,8.74228E-08,1,0,0,0,2.5,0.1970754,0,0,0,1,0,0,0,0.1970754
1730306197802,-39.93246,1.621151,-0.4542885,-0.7646584,-0.04940064,-0.6425395,-0.7181168,0.04287958,0.1215935,2.5,0.1970754,0,0,8.74228E-08,1,0,0,0,2.5,0.1970754,0,0,0,1,0,0,0,0.1970754
1730306197809,-39.93246,1.621151,-0.4542885,-0.7646584,-0.04940064,-0.6425395,0,0,0,2.5,0.1970754,0,0,8.74228E-08,1,0,0,0,2.5,0.1970754,0,0,0,1,0,0,0,0.1970754
1730306197830,-39.94113,1.621746,-0.4530411,-0.7952333,-0.04396155,-0.6047086,-0.6497383,0.04456937,0.09355545,2.5,0.1970754,0,0,8.74228E-08,1,0,0,0,2.5,0.1970754,0,0,0,1,0,0,0,0.1970754
1730306197837,-39.94113,1.621746,-0.4530411,-0.7952333,-0.04396155,-0.6047086,0,0,0,2.5,0.1970754,0,0,8.74228E-08,1,0,0,0,2.5,0.1970754,0,0,0,1,0,0,0,0.1970754
1730306197857,-39.94938,1.621237,-0.4521904,-0.8237298,-0.04100173,-0.5654988,-0.6188393,-0.03818572,0.06380081,2.5,0.1970754,0,0,8.74228E-08,1,0,0,0,2.5,0.1970754,0,0,0,1,0,0,0,0.1970754
1730306197864,-39.94938,1.621237,-0.4521904,-0.8237298,-0.04100173,-0.5654988,0,0,0,2.5,0.1970754,0,0,8.74228E-08,1,0,0,0,2.5,0.1970754,0,0,0,1,0,0,0,0.1970754
1730306197885,-39.95652,1.621757,-0.4509354,-0.849341,-0.03969755,-0.5263503,-0.5358696,0.0390172,0.09412766,2.5,0.1970754,0,0,8.74228E-08,1,0,0,0,2.5,0.1970754,0,0,0,1,0,0,0,0.1970754
1730306197892,-39.95652,1.621757,-0.4509354,-0.849341,-0.03969755,-0.5263503,0,0,0,2.5,0.1970754,0,0,8.74228E-08,1,0,0,0,2.5,0.1970754,0,0,0,1,0,0,0,0.1970754
1730306197898,-39.95652,1.621757,-0.4509354,-0.849341,-0.03969755,-0.5263503,0,0,0,2.5,0.1970754,0,0,8.74228E-08,1,0,0,0,2.5,0.1970754,0,0,0,1,0,0,0,0.1970754
1730306197913,-39.96344,1.622631,-0.4507446,-0.8731267,-0.03923586,-0.4859126,-0.5187035,0.06557107,0.01430511,2.5,0.1970754,0,0,8.74228E-08,1,0,0,0,2.5,0.1970754,0,0,0,1,0,0,0,0.1970754
1730306197920,-39.96344,1.622631,-0.4507446,-0.8731267,-0.03923586,-0.4859126,0,0,0,2.5,0.1970754,0,0,8.74228E-08,1,0,0,0,2.5,0.1970754,0,0,0,1,0,0,0,0.1970754
1730306197941,-39.97058,1.624917,-0.450634,-0.8953612,-0.04083719,-0.4434654,-0.5352974,0.1714468,0.008296967,2.5,0.1970754,0,0,8.74228E-08,1,0,0,0,2.5,0.1970754,0,0,0,1,0,0,0,0.1970754
1730306197980,-39.97736,1.626927,-0.4503212,-0.9178345,-0.03285557,-0.3956022,-0.5086899,0.150758,0.02346039,2.5,0.1970754,0,0,8.74228E-08,1,0,0,0,2.5,0.1970754,0,0,0,1,0,0,0,0.1970754
1730306197987,-39.97736,1.626927,-0.4503212,-0.9178345,-0.03285557,-0.3956022,0,0,0,2.5,0.1970754,0,0,8.74228E-08,1,0,0,0,2.5,0.1970754,0,0,0,1,0,0,0,0.1970754
1730306198007,-39.98681,1.627735,-0.450882,-0.9440017,-0.02434922,-0.3290417,-0.7089615,0.06057322,-0.04205704,2.5,0.1970754,0,0,8.74228E-08,1,0,0,0,2.5,0.1970754,0,0,0,1,0,0,0,0.1970754
1730306198013,-39.98681,1.627735,-0.450882,-0.9440017,-0.02434922,-0.3290417,0,0,0,2.5,0.1970754,0,0,8.74228E-08,1,0,0,0,2.5,0.1970754,0,0,0,1,0,0,0,0.1970754
1730306198020,-39.98681,1.627735,-0.450882,-0.9440017,-0.02434922,-0.3290417,0,0,0,2.5,0.1970754,0,0,8.74228E-08,1,0,0,0,2.5,0.1970754,0,0,0,1,0,0,0,0.1970754
1730306198027,-39.98681,1.627735,-0.450882,-0.9440017,-0.02434922,-0.3290417,0,0,0,2.5,0.1970754,0,0,8.74228E-08,1,0,0,0,2.5,0.1970754,0,0,0,1,0,0,0,0.1970754
1730306198036,-39.99283,1.628571,-0.4519157,-0.9561256,-0.02626871,-0.2917778,-0.4514694,0.06271005,-0.07753372,2.5,0.1970754,0,0,8.74228E-08,1,0,0,0,2.5,0.1970754,0,0,0,1,0,0,0,0.1970754
1730306198043,-39.99283,1.628571,-0.4519157,-0.9561256,-0.02626871,-0.2917778,0,0,0,2.5,0.1970754,0,0,8.74228E-08,1,0,0,0,2.5,0.1970754,0,0,0,1,0,0,0,0.1970754
1730306198064,-39.99816,1.629123,-0.452507,-0.9672163,-0.02645072,-0.2525736,-0.3993988,0.04138649,-0.04434586,2.5,0.1970754,0,0,8.74228E-08,1,0,0,0,2.5,0.1970754,0,0,0,1,0,0,0,0.1970754
1730306198070,-39.99816,1.629123,-0.452507,-0.9672163,-0.02645072,-0.2525736,0,0,0,2.5,0.1970754,0,0,8.74228E-08,1,0,0,0,2.5,0.1970754,0,0,0,1,0,0,0,0.1970754
1730306198104,-40.00269,1.629687,-0.4578056,-0.9751568,-0.01967667,-0.2206413,-0.3398895,0.04230738,-0.3973961,2.5,0.1970754,0,0,8.74228E-08,1,0,0,0,2.5,0.1970754,0,0,0,1,0,0,0,0.1970754
1730306198111,-40.00269,1.629687,-0.4578056,-0.9751568,-0.01967667,-0.2206413,0,0,0,2.5,0.1970754,0,0,8.74228E-08,1,0,0,0,2.5,0.1970754,0,0,0,1,0,0,0,0.1970754
1730306198132,-40.0099,1.629343,-0.4616814,-0.9815249,-0.0073861,-0.1911926,-0.5410194,-0.02578497,-0.2906799,2.5,0.1970754,0,0,8.74228E-08,1,0,0,0,2.5,0.1970754,0,0,0,1,0,0,0,0.1970754
1730306198139,-40.0099,1.629343,-0.4616814,-0.9815249,-0.0073861,-0.1911926,0,0,0,2.5,0.1970754,0,0,8.74228E-08,1,0,0,0,2.5,0.1970754,0,0,0,1,0,0,0,0.1970754
1730306198145,-40.0099,1.629343,-0.4616814,-0.9815249,-0.0073861,-0.1911926,0,0,0,2.5,0.1970754,0,0,8.74228E-08,1,0,0,0,2.5,0.1970754,0,0,0,1,0,0,0,0.1970754
1730306198161,-40.01353,1.628725,-0.4735146,-0.9840469,-0.01840435,-0.1769563,-0.2720833,-0.04634857,-0.8874893,2.5,0.1970754,0,0,8.74228E-08,1,0,0,0,2.5,0.1970754,0,0,0,1,0,0,0,0.1970754
1730306198167,-40.01353,1.628725,-0.4735146,-0.9840469,-0.01840435,-0.1769563,0,0,0,2.5,0.1970754,0,0,8.74228E-08,1,0,0,0,2.5,0.1970754,0,0,0,1,0,0,0,0.1970754
1730306198174,-40.01353,1.628725,-0.4735146,-0.9840469,-0.01840435,-0.1769563,0,0,0,2.5,0.1970754,0,0,8.74228E-08,1,0,0,0,2.5,0.1970754,0,0,0,1,0,0,0,0.1970754
1730306198188,-40.01757,1.628739,-0.4749985,-0.9854348,-0.03199933,-0.1670177,-0.3032684,0.001019239,-0.1112938,2.5,0.1970754,0,0,8.74228E-08,1,0,0,0,2.5,0.1970754,0,0,0,1,0,0,0,0.1970754
1730306198194,-40.01757,1.628739,-0.4749985,-0.9854348,-0.03199933,-0.1670177,0,0,0,2.5,0.1970754,0,0,8.74228E-08,1,0,0,0,2.5,0.1970754,0,0,0,1,0,0,0,0.1970754
1730306198215,-40.02075,1.629034,-0.484375,-0.9862555,-0.0433276,-0.1594477,-0.2380371,0.02214611,-0.7032394,2.5,0.1970754,0,0,8.74228E-08,1,0,0,0,2.5,0.1970754,0,0,0,1,0,0,0,0.1970754
1730306198243,-40.02403,1.629468,-0.4892807,-0.9869989,-0.05014336,-0.1527078,-0.2463341,0.03255308,-0.3679276,2.5,0.1970754,0,0,8.74228E-08,1,0,0,0,2.5,0.1970754,0,0,0,1,0,0,0,0.1970754
1730306198250,-40.02403,1.629468,-0.4892807,-0.9869989,-0.05014336,-0.1527078,0,0,0,2.5,0.1970754,0,0,8.74228E-08,1,0,0,0,2.5,0.1970754,0,0,0,1,0,0,0,0.1970754
1730306198271,-40.02705,1.629904,-0.4921608,-0.9876818,-0.05372789,-0.1469637,-0.2260208,0.03270507,-0.2160072,2.5,0.1970754,0,0,8.74228E-08,1,0,0,0,2.5,0.1970754,0,0,0,1,0,0,0,0.1970754
1730306198277,-40.02705,1.629904,-0.4921608,-0.9876818,-0.05372789,-0.1469637,0,0,0,2.5,0.1970754,0,0,8.74228E-08,1,0,0,0,2.5,0.1970754,0,0,0,1,0,0,0,0.1970754
1730306198299,-40.0293,1.629684,-0.4981232,-0.9883865,-0.05682172,-0.1409402,-0.1693726,-0.01653135,-0.4471779,2.5,0.1970754,0,0,8.74228E-08,1,0,0,0,2.5,0.1970754,0,0,0,1,0,0,0,0.1970754
1730306198306,-40.0293,1.629684,-0.4981232,-0.9883865,-0.05682172,-0.1409402,0,0,0,2.5,0.1970754,0,0,8.74228E-08,1,0,0,0,2.5,0.1970754,0,0,0,1,0,0,0,0.1970754
1730306198328,-40.03185,1.629475,-0.4980354,-0.9892408,-0.05759513,-0.1344839,-0.1908302,-0.01565516,0.006580353,2.5,0.1970754,0,0,8.74228E-08,1,0,0,0,2.5,0.1970754,0,0,0,1,0,0,0,0.1970754
1730306198335,-40.03185,1.629475,-0.4980354,-0.9892408,-0.05759513,-0.1344839,0,0,0,2.5,0.1970754,0,0,8.74228E-08,1,0,0,0,2.5,0.1970754,0,0,0,1,0,0,0,0.1970754
1730306198341,-40.03185,1.629475,-0.4980354,-0.9892408,-0.05759513,-0.1344839,0,0,0,2.5,0.1970754,0,0,8.74228E-08,1,0,0,0,2.5,0.1970754,0,0,0,1,0,0,0,0.1970754
1730306198356,-40.03418,1.628527,-0.5003738,-0.9900473,-0.05419554,-0.1298838,-0.1750946,-0.07107854,-0.1753807,2.5,0.1970754,0,0,8.74228E-08,1,0,0,0,2.5,0.1970754,0,0,0,1,0,0,0,0.1970754
1730306198363,-40.03418,1.628527,-0.5003738,-0.9900473,-0.05419554,-0.1298838,0,0,0,2.5,0.1970754,0,0,8.74228E-08,1,0,0,0,2.5,0.1970754,0,0,0,1,0,0,0,0.1970754
1730306198384,-40.03633,1.627547,-0.499588,-0.9904789,-0.05349733,-0.1268463,-0.1607895,-0.07354617,0.05893707,2.5,0.1970754,0,0,8.74228E-08,1,0,0,0,2.5,0.1970754,0,0,0,1,0,0,0,0.1970754
1730306198391,-40.03633,1.627547,-0.499588,-0.9904789,-0.05349733,-0.1268463,0,0,0,2.5,0.1970754,0,0,8.74228E-08,1,0,0,0,2.5,0.1970754,0,0,0,1,0,0,0,0.1970754
1730306198411,-40.03905,1.627288,-0.4987526,-0.9902474,-0.06174703,-0.1248927,-0.204277,-0.01940131,0.0626564,2.5,0.1970754,0,0,8.74228E-08,1,0,0,0,2.5,0.1970754,0,0,0,1,0,0,0,0.1970754
1730306198418,-40.03905,1.627288,-0.4987526,-0.9902474,-0.06174703,-0.1248927,0,0,0,2.5,0.1970754,0,0,8.74228E-08,1,0,0,0,2.5,0.1970754,0,0,0,1,0,0,0,0.1970754
1730306198439,-40.04168,1.627854,-0.4974823,-0.9901611,-0.06550264,-0.1236558,-0.1974106,0.04245043,0.09527206,2.5,0.1970754,0,0,8.74228E-08,1,0,0,0,2.5,0.1970754,0,0,0,1,0,0,0,0.1970754
1730306198446,-40.04168,1.627854,-0.4974823,-0.9901611,-0.06550264,-0.1236558,0,0,0,2.5,0.1970754,0,0,8.74228E-08,1,0,0,0,2.5,0.1970754,0,0,0,1,0,0,0,0.1970754
1730306198468,-40.04382,1.62862,-0.4957924,-0.9899809,-0.06992935,-0.1226703,-0.1602173,0.05747974,0.1267433,2.5,0.1970754,0,0,8.74228E-08,1,0,0,0,2.5,0.1970754,0,0,0,1,0,0,0,0.1970754
1730306198475,-40.04382,1.62862,-0.4957924,-0.9899809,-0.06992935,-0.1226703,0,0,0,2.5,0.1970754,0,0,8.74228E-08,1,0,0,0,2.5,0.1970754,0,0,0,1,0,0,0,0.1970754
1730306198496,-40.04583,1.629483,-0.4937325,-0.9904148,-0.06756381,-0.120476,-0.1504898,0.06471276,0.1544952,2.5,0.1970754,0,0,8.74228E-08,1,0,0,0,2.5,0.1970754,0,0,0,1,0,0,0,0.1970754
1730306198503,-40.04583,1.629483,-0.4937325,-0.9904148,-0.06756381,-0.120476,0,0,0,2.5,0.1970754,0,0,8.74228E-08,1,0,0,0,2.5,0.1970754,0,0,0,1,0,0,0,0.1970754
1730306198524,-40.04743,1.629778,-0.4913788,-0.9906933,-0.0684681,-0.1176399,-0.120163,0.02211034,0.1765251,2.5,0.1970754,0,0,8.74228E-08,1,0,0,0,2.5,0.1970754,0,0,0,1,0,0,0,0.1970754
1730306198531,-40.04743,1.629778,-0.4913788,-0.9906933,-0.0684681,-0.1176399,0,0,0,2.5,0.1970754,0,0,8.74228E-08,1,0,0,0,2.5,0.1970754,0,0,0,1,0,0,0,0.1970754
1730306198552,-40.04898,1.629659,-0.4888191,-0.9911152,-0.0691806,-0.1136028,-0.1167297,-0.008895993,0.1919746,2.5,0.1970754,0,0,8.74228E-08,1,0,0,0,2.5,0.1970754,0,0,0,1,0,0,0,0.1970754
1730306198559,-40.04898,1.629659,-0.4888191,-0.9911152,-0.0691806,-0.1136028,0,0,0,2.5,0.1970754,0,0,8.74228E-08,1,0,0,0,2.5,0.1970754,0,0,0,1,0,0,0,0.1970754
1730306198566,-40.04898,1.629659,-0.4888191,-0.9911152,-0.0691806,-0.1136028,0,0,0,2.5,0.1970754,0,0,8.74228E-08,1,0,0,0,2.5,0.1970754,0,0,0,1,0,0,0,0.1970754
1730306198594,-40.05051,1.629715,-0.4861641,-0.9918068,-0.06707133,-0.1087253,-0.114727,0.004211068,0.1991272,2.5,0.1970754,0,0,8.74228E-08,1,0,0,0,2.5,0.1970754,0,0,0,1,0,0,0,0.1970754
1730306198602,-40.05051,1.629715,-0.4861641,-0.9918068,-0.06707133,-0.1087253,0,0,0,2.5,0.1970754,0,0,8.74228E-08,1,0,0,0,2.5,0.1970754,0,0,0,1,0,0,0,0.1970754
1730306198634,-40.05302,1.629073,-0.4824371,-0.9928401,-0.06442561,-0.1005915,-0.1876831,-0.04818141,0.2795219,2.5,0.1970754,0,0,8.74228E-08,1,0,0,0,2.5,0.1970754,0,0,0,1,0,0,0,0.1970754
1730306198641,-40.05302,1.629073,-0.4824371,-0.9928401,-0.06442561,-0.1005915,0,0,0,2.5,0.1970754,0,0,8.74228E-08,1,0,0,0,2.5,0.1970754,0,0,0,1,0,0,0,0.1970754
1730306198648,-40.05302,1.629073,-0.4824371,-0.9928401,-0.06442561,-0.1005915,0,0,0,2.5,0.1970754,0,0,8.74228E-08,1,0,0,0,2.5,0.1970754,0,0,0,1,0,0,0,0.1970754
1730306198662,-40.05498,1.627864,-0.4784775,-0.9932846,-0.0710783,-0.09128976,-0.1470566,-0.09068549,0.2969742,2.5,0.1970754,0,0,8.74228E-08,1,0,0,0,2.5,0.1970754,0,0,0,1,0,0,0,0.1970754
1730306198669,-40.05498,1.627864,-0.4784775,-0.9932846,-0.0710783,-0.09128976,0,0,0,2.5,0.1970754,0,0,8.74228E-08,1,0,0,0,2.5,0.1970754,0,0,0,1,0,0,0,0.1970754
1730306198676,-40.05498,1.627864,-0.4784775,-0.9932846,-0.0710783,-0.09128976,0,0,0,2.5,0.1970754,0,0,8.74228E-08,1,0,0,0,2.5,0.1970754,0,0,0,1,0,0,0,0.1970754
1730306198702,-40.056,1.626953,-0.476017,-0.9933456,-0.07785697,-0.08487177,-0.07696152,-0.06829798,0.184536,2.5,0.1970754,0,0,8.74228E-08,1,0,0,0,2.5,0.1970754,0,0,0,1,0,0,0,0.1970754
1730306198709,-40.056,1.626953,-0.476017,-0.9933456,-0.07785697,-0.08487177,0,0,0,2.5,0.1970754,0,0,8.74228E-08,1,0,0,0,2.5,0.1970754,0,0,0,1,0,0,0,0.1970754
1730306198728,-40.0571,1.625859,-0.4730186,-0.9931439,-0.08956984,-0.07511795,-0.08239746,-0.08208454,0.2248764,2.5,0.1970754,0,0,8.74228E-08,1,0,0,0,2.5,0.1970754,0,0,0,1,0,0,0,0.1970754
1730306198736,-40.0571,1.625859,-0.4730186,-0.9931439,-0.08956984,-0.07511795,0,0,0,2.5,0.1970754,0,0,8.74228E-08,1,0,0,0,2.5,0.1970754,0,0,0,1,0,0,0,0.1970754
1730306198743,-40.0571,1.625859,-0.4730186,-0.9931439,-0.08956984,-0.07511795,0,0,0,2.5,0.1970754,0,0,8.74228E-08,1,0,0,0,2.5,0.1970754,0,0,0,1,0,0,0,0.1970754
1730306198758,-40.05763,1.625917,-0.4722824,-0.9931082,-0.0938414,-0.07021558,-0.03948212,0.004336238,0.05521774,2.5,0.1970754,0,0,8.74228E-08,1,0,0,0,2.5,0.1970754,0,0,0,1,0,0,0,0.1970754
1730306198765,-40.05763,1.625917,-0.4722824,-0.9931082,-0.0938414,-0.07021558,0,0,0,2.5,0.1970754,0,0,8.74228E-08,1,0,0,0,2.5,0.1970754,0,0,0,1,0,0,0,0.1970754
1730306198785,-40.05814,1.626672,-0.4699478,-0.9935041,-0.09266979,-0.06604743,-0.03833771,0.05663931,0.1750946,2.5,0.1970754,0,0,8.74228E-08,1,0,0,0,2.5,0.1970754,0,0,0,1,0,0,0,0.1970754
1730306198793,-40.05814,1.626672,-0.4699478,-0.9935041,-0.09266979,-0.06604743,0,0,0,2.5,0.1970754,0,0,8.74228E-08,1,0,0,0,2.5,0.1970754,0,0,0,1,0,0,0,0.1970754
1730306198813,-40.05896,1.627151,-0.4695244,-0.9942381,-0.08560921,-0.06451333,-0.06151199,0.03597736,0.03175735,2.5,0.1970754,0,0,8.74228E-08,1,0,0,0,2.5,0.1970754,0,0,0,1,0,0,0,0.1970754
1730306198821,-40.05896,1.627151,-0.4695244,-0.9942381,-0.08560921,-0.06451333,0,0,0,2.5,0.1970754,0,0,8.74228E-08,1,0,0,0,2.5,0.1970754,0,0,0,1,0,0,0,0.1970754
1730306198842,-40.05966,1.627758,-0.4678612,-0.9947416,-0.08040593,-0.06343651,-0.05235672,0.0454545,0.1247406,2.5,0.1970754,0,0,8.74228E-08,1,0,0,0,2.5,0.1970754,0,0,0,1,0,0,0,0.1970754
1730306198849,-40.05966,1.627758,-0.4678612,-0.9947416,-0.08040593,-0.06343651,0,0,0,2.5,0.1970754,0,0,8.74228E-08,1,0,0,0,2.5,0.1970754,0,0,0,1,0,0,0,0.1970754
1730306198870,-40.06025,1.628281,-0.466114,-0.9947238,-0.08060543,-0.06346571,-0.04463196,0.0392586,0.1310349,2.5,0.1970754,0,0,8.74228E-08,1,0,0,0,2.5,0.1970754,0,0,0,1,0,0,0,0.1970754
1730306198878,-40.06025,1.628281,-0.466114,-0.9947238,-0.08060543,-0.06346571,0,0,0,2.5,0.1970754,0,0,8.74228E-08,1,0,0,0,2.5,0.1970754,0,0,0,1,0,0,0,0.1970754
1730306198899,-40.06112,1.628864,-0.4644356,-0.9946837,-0.08059461,-0.06410253,-0.06523132,0.04372895,0.125885,2.5,0.1970754,0,0,8.74228E-08,1,0,0,0,2.5,0.1970754,0,0,0,1,0,0,0,0.1970754
1730306198906,-40.06112,1.628864,-0.4644356,-0.9946837,-0.08059461,-0.06410253,0,0,0,2.5,0.1970754,0,0,8.74228E-08,1,0,0,0,2.5,0.1970754,0,0,0,1,0,0,0,0.1970754
1730306198927,-40.06227,1.629348,-0.4626312,-0.9950536,-0.07622722,-0.06370509,-0.08611679,0.03629923,0.1353264,2.5,0.1970754,0,0,8.74228E-08,1,0,0,0,2.5,0.1970754,0,0,0,1,0,0,0,0.1970754
1730306198933,-40.06227,1.629348,-0.4626312,-0.9950536,-0.07622722,-0.06370509,0,0,0,2.5,0.1970754,0,0,8.74228E-08,1,0,0,0,2.5,0.1970754,0,0,0,1,0,0,0,0.1970754
1730306198939,-40.06227,1.629348,-0.4626312,-0.9950536,-0.07622722,-0.06370509,0,0,0,2.5,0.1970754,0,0,8.74228E-08,1,0,0,0,2.5,0.1970754,0,0,0,1,0,0,0,0.1970754
1730306198955,-40.06295,1.629279,-0.46101,-0.9952899,-0.07370953,-0.06297171,-0.05064011,-0.005167723,0.1215935,2.5,0.1970754,0,0,8.74228E-08,1,0,0,0,2.5,0.1970754,0,0,0,1,0,0,0,0.1970754
1730306198961,-40.06295,1.629279,-0.46101,-0.9952899,-0.07370953,-0.06297171,0,0,0,2.5,0.1970754,0,0,8.74228E-08,1,0,0,0,2.5,0.1970754,0,0,0,1,0,0,0,0.1970754
1730306198983,-40.06424,1.629019,-0.4592438,-0.9952992,-0.07433423,-0.06208515,-0.09670258,-0.01954436,0.1324654,2.5,0.1970754,0,0,8.74228E-08,1,0,0,0,2.5,0.1970754,0,0,0,1,0,0,0,0.1970754
1730306198989,-40.06424,1.629019,-0.4592438,-0.9952992,-0.07433423,-0.06208515,0,0,0,2.5,0.1970754,0,0,8.74228E-08,1,0,0,0,2.5,0.1970754,0,0,0,1,0,0,0,0.1970754
1730306199010,-40.06564,1.62891,-0.4575195,-0.9952828,-0.07636929,-0.05983496,-0.1052856,-0.008118153,0.1293182,2.5,0.1970754,0,0,8.74228E-08,1,0,0,0,2.5,0.1970754,0,0,0,1,0,0,0,0.1970754
1730306199017,-40.06564,1.62891,-0.4575195,-0.9952828,-0.07636929,-0.05983496,0,0,0,2.5,0.1970754,0,0,8.74228E-08,1,0,0,0,2.5,0.1970754,0,0,0,1,0,0,0,0.1970754
1730306199039,-40.06712,1.628756,-0.4559669,-0.9952661,-0.0780997,-0.05784464,-0.1112938,-0.01154244,0.1164436,2.5,0.1970754,0,0,8.74228E-08,1,0,0,0,2.5,0.1970754,0,0,0,1,0,0,0,0.1970754
1730306199045,-40.06712,1.628756,-0.4559669,-0.9952661,-0.0780997,-0.05784464,0,0,0,2.5,0.1970754,0,0,8.74228E-08,1,0,0,0,2.5,0.1970754,0,0,0,1,0,0,0,0.1970754
1730306199067,-40.06837,1.628193,-0.4548149,-0.9951802,-0.08049737,-0.05600953,-0.09355545,-0.04228055,0.08640289,2.5,0.1970754,0,0,8.74228E-08,1,0,0,0,2.5,0.1970754,0,0,0,1,0,0,0,0.1970754
1730306199074,-40.06837,1.628193,-0.4548149,-0.9951802,-0.08049737,-0.05600953,0,0,0,2.5,0.1970754,0,0,8.74228E-08,1,0,0,0,2.5,0.1970754,0,0,0,1,0,0,0,0.1970754
1730306199095,-40.06948,1.627355,-0.45401,-0.9950859,-0.0829253,-0.05411124,-0.08296967,-0.06283522,0.06036758,2.5,0.1970754,0,0,8.74228E-08,1,0,0,0,2.5,0.1970754,0,0,0,1,0,0,0,0.1970754
1730306199102,-40.06948,1.627355,-0.45401,-0.9950859,-0.0829253,-0.05411124,0,0,0,2.5,0.1970754,0,0,8.74228E-08,1,0,0,0,2.5,0.1970754,0,0,0,1,0,0,0,0.1970754
1730306199123,-40.07026,1.62675,-0.453064,-0.9947937,-0.08663121,-0.05367672,-0.05893707,-0.04540086,0.07095337,2.5,0.1970754,0,0,8.74228E-08,1,0,0,0,2.5,0.1970754,0,0,0,1,0,0,0,0.1970754
1730306199130,-40.07026,1.62675,-0.453064,-0.9947937,-0.08663121,-0.05367672,0,0,0,2.5,0.1970754,0,0,8.74228E-08,1,0,0,0,2.5,0.1970754,0,0,0,1,0,0,0,0.1970754
1730306199152,-40.07085,1.626004,-0.4525452,-0.9946228,-0.0891426,-0.05272543,-0.04405975,-0.05592406,0.03890991,2.5,0.1970754,0,0,8.74228E-08,1,0,0,0,2.5,0.1970754,0,0,0,1,0,0,0,0.1970754
1730306199158,-40.07085,1.626004,-0.4525452,-0.9946228,-0.0891426,-0.05272543,0,0,0,2.5,0.1970754,0,0,8.74228E-08,1,0,0,0,2.5,0.1970754,0,0,0,1,0,0,0,0.1970754
1730306199180,-40.07132,1.625772,-0.4520721,-0.9945781,-0.09006609,-0.05198824,-0.03490448,-0.01737177,0.03547668,2.5,0.1970754,0,0,8.74228E-08,1,0,0,0,2.5,0.1970754,0,0,0,1,0,0,0,0.1970754
1730306199186,-40.07132,1.625772,-0.4520721,-0.9945781,-0.09006609,-0.05198824,0,0,0,2.5,0.1970754,0,0,8.74228E-08,1,0,0,0,2.5,0.1970754,0,0,0,1,0,0,0,0.1970754
1730306199208,-40.07184,1.625099,-0.4516068,-0.9945077,-0.09110437,-0.05152726,-0.03948212,-0.05051494,0.03490448,2.5,0.1970754,0,0,8.74228E-08,1,0,0,0,2.5,0.1970754,0,0,0,1,0,0,0,0.1970754
1730306199214,-40.07184,1.625099,-0.4516068,-0.9945077,-0.09110437,-0.05152726,0,0,0,2.5,0.1970754,0,0,8.74228E-08,1,0,0,0,2.5,0.1970754,0,0,0,1,0,0,0,0.1970754
1730306199236,-40.07248,1.624577,-0.4514084,-0.9943045,-0.09281463,-0.05238819,-0.04806519,-0.03916025,0.01487732,2.5,0.1970754,0,0,8.74228E-08,1,0,0,0,2.5,0.1970754,0,0,0,1,0,0,0,0.1970754
1730306199243,-40.07248,1.624577,-0.4514084,-0.9943045,-0.09281463,-0.05238819,0,0,0,2.5,0.1970754,0,0,8.74228E-08,1,0,0,0,2.5,0.1970754,0,0,0,1,0,0,0,0.1970754
1730306199249,-40.07248,1.624577,-0.4514084,-0.9943045,-0.09281463,-0.05238819,0,0,0,2.5,0.1970754,0,0,8.74228E-08,1,0,0,0,2.5,0.1970754,0,0,0,1,0,0,0,0.1970754
1730306199264,-40.07294,1.624062,-0.4513893,-0.9939159,-0.09593324,-0.05411637,-0.03433228,-0.03858805,0.001430511,2.5,0.1970754,0,0,8.74228E-08,1,0,0,0,2.5,0.1970754,0,0,0,1,0,0,0,0.1970754
1730306199270,-40.07294,1.624062,-0.4513893,-0.9939159,-0.09593324,-0.05411637,0,0,0,2.5,0.1970754,0,0,8.74228E-08,1,0,0,0,2.5,0.1970754,0,0,0,1,0,0,0,0.1970754
1730306199292,-40.07336,1.623382,-0.4513855,-0.993247,-0.1016126,-0.05599403,-0.03118515,-0.05097985,0.0002861023,2.5,0.1970754,0,0,8.74228E-08,1,0,0,0,2.5,0.1970754,0,0,0,1,0,0,0,0.1970754
1730306199299,-40.07336,1.623382,-0.4513855,-0.993247,-0.1016126,-0.05599403,0,0,0,2.5,0.1970754,0,0,8.74228E-08,1,0,0,0,2.5,0.1970754,0,0,0,1,0,0,0,0.1970754
1730306199317,-40.07388,1.622532,-0.4516411,-0.9921279,-0.1104682,-0.05898511,-0.03948212,-0.06380975,-0.01916885,2.5,0.1970754,0,0,8.74228E-08,1,0,0,0,2.5,0.1970754,0,0,0,1,0,0,0,0.1970754
1730306199323,-40.07388,1.622532,-0.4516411,-0.9921279,-0.1104682,-0.05898511,0,0,0,2.5,0.1970754,0,0,8.74228E-08,1,0,0,0,2.5,0.1970754,0,0,0,1,0,0,0,0.1970754
1730306199344,-40.07472,1.621379,-0.4518623,-0.9909644,-0.1189781,-0.06192029,-0.0629425,-0.08642972,-0.01659393,2.5,0.1970754,0,0,8.74228E-08,1,0,0,0,2.5,0.1970754,0,0,0,1,0,0,0,0.1970754
1730306199351,-40.07472,1.621379,-0.4518623,-0.9909644,-0.1189781,-0.06192029,0,0,0,2.5,0.1970754,0,0,8.74228E-08,1,0,0,0,2.5,0.1970754,0,0,0,1,0,0,0,0.1970754
1730306199373,-40.07559,1.619914,-0.4521446,-0.9896013,-0.1285345,-0.06456387,-0.06494522,-0.1098543,-0.02117157,2.5,0.1970754,0,0,8.74228E-08,1,0,0,0,2.5,0.1970754,0,0,0,1,0,0,0,0.1970754
1730306199380,-40.07559,1.619914,-0.4521446,-0.9896013,-0.1285345,-0.06456387,0,0,0,2.5,0.1970754,0,0,8.74228E-08,1,0,0,0,2.5,0.1970754,0,0,0,1,0,0,0,0.1970754
1730306199401,-40.07629,1.618083,-0.4538383,-0.9874456,-0.1430646,-0.06696296,-0.05264282,-0.1373738,-0.1270294,2.5,0.1970754,0,0,8.74228E-08,1,0,0,0,2.5,0.1970754,0,0,0,1,0,0,0,0.1970754
1730306199407,-40.07629,1.618083,-0.4538383,-0.9874456,-0.1430646,-0.06696296,0,0,0,2.5,0.1970754,0,0,8.74228E-08,1,0,0,0,2.5,0.1970754,0,0,0,1,0,0,0,0.1970754
1730306199429,-40.07675,1.615632,-0.4560585,-0.9842829,-0.1632741,-0.06729865,-0.03433228,-0.1838028,-0.1665115,2.5,0.1970754,0,0,8.74228E-08,1,0,0,0,2.5,0.1970754,0,0,0,1,0,0,0,0.1970754
1730306199436,-40.07675,1.615632,-0.4560585,-0.9842829,-0.1632741,-0.06729865,0,0,0,2.5,0.1970754,0,0,8.74228E-08,1,0,0,0,2.5,0.1970754,0,0,0,1,0,0,0,0.1970754
1730306199457,-40.07721,1.613634,-0.4565353,-0.9806572,-0.1838709,-0.06710637,-0.03490448,-0.1498729,-0.03576279,2.5,0.1970754,0,0,8.74228E-08,1,0,0,0,2.5,0.1970754,0,0,0,1,0,0,0,0.1970754
1730306199464,-40.07721,1.613634,-0.4565353,-0.9806572,-0.1838709,-0.06710637,0,0,0,2.5,0.1970754,0,0,8.74228E-08,1,0,0,0,2.5,0.1970754,0,0,0,1,0,0,0,0.1970754
1730306199485,-40.07797,1.611134,-0.461277,-0.977307,-0.2008034,-0.0674516,-0.05664825,-0.1875132,-0.3556252,2.5,0.1970754,0,0,8.74228E-08,1,0,0,0,2.5,0.1970754,0,0,0,1,0,0,0,0.1970754
1730306199491,-40.07797,1.611134,-0.461277,-0.977307,-0.2008034,-0.0674516,0,0,0,2.5,0.1970754,0,0,8.74228E-08,1,0,0,0,2.5,0.1970754,0,0,0,1,0,0,0,0.1970754
1730306199513,-40.07846,1.608538,-0.463356,-0.973945,-0.2166863,-0.06692052,-0.03662109,-0.1946747,-0.1559258,2.5,0.1970754,0,0,8.74228E-08,1,0,0,0,2.5,0.1970754,0,0,0,1,0,0,0,0.1970754
1730306199520,-40.07846,1.608538,-0.463356,-0.973945,-0.2166863,-0.06692052,0,0,0,2.5,0.1970754,0,0,8.74228E-08,1,0,0,0,2.5,0.1970754,0,0,0,1,0,0,0,0.1970754
1730306199526,-40.07846,1.608538,-0.463356,-0.973945,-0.2166863,-0.06692052,0,0,0,2.5,0.1970754,0,0,8.74228E-08,1,0,0,0,2.5,0.1970754,0,0,0,1,0,0,0,0.1970754
1730306199541,-40.0791,1.60648,-0.4637337,-0.9705961,-0.2305618,-0.06917286,-0.04806519,-0.1543343,-0.02832413,2.5,0.1970754,0,0,8.74228E-08,1,0,0,0,2.5,0.1970754,0,0,0,1,0,0,0,0.1970754
1730306199547,-40.0791,1.60648,-0.4637337,-0.9705961,-0.2305618,-0.06917286,0,0,0,2.5,0.1970754,0,0,8.74228E-08,1,0,0,0,2.5,0.1970754,0,0,0,1,0,0,0,0.1970754
1730306199568,-40.07942,1.604978,-0.4645119,-0.9680653,-0.2403446,-0.07130802,-0.0243187,-0.1126349,-0.05836487,2.5,0.1970754,0,0,8.74228E-08,1,0,0,0,2.5,0.1970754,0,0,0,1,0,0,0,0.1970754
1730306199576,-40.07942,1.604978,-0.4645119,-0.9680653,-0.2403446,-0.07130802,0,0,0,2.5,0.1970754,0,0,8.74228E-08,1,0,0,0,2.5,0.1970754,0,0,0,1,0,0,0,0.1970754
1730306199594,-40.07961,1.603683,-0.4656219,-0.9661929,-0.2475342,-0.0721004,-0.01373291,-0.09711385,-0.08325577,2.5,0.1970754,0,0,8.74228E-08,1,0,0,0,2.5,0.1970754,0,0,0,1,0,0,0,0.1970754
1730306199601,-40.07961,1.603683,-0.4656219,-0.9661929,-0.2475342,-0.0721004,0,0,0,2.5,0.1970754,0,0,8.74228E-08,1,0,0,0,2.5,0.1970754,0,0,0,1,0,0,0,0.1970754
1730306199623,-40.07978,1.601922,-0.4670792,-0.9644843,-0.2536629,-0.07365847,-0.01344681,-0.1321256,-0.1092911,2.5,0.1970754,0,0,8.74228E-08,1,0,0,0,2.5,0.1970754,0,0,0,1,0,0,0,0.1970754
1730306199629,-40.07978,1.601922,-0.4670792,-0.9644843,-0.2536629,-0.07365847,0,0,0,2.5,0.1970754,0,0,8.74228E-08,1,0,0,0,2.5,0.1970754,0,0,0,1,0,0,0,0.1970754
1730306199651,-40.07987,1.60019,-0.4681358,-0.9620734,-0.2622521,-0.07509339,-0.006580353,-0.1298904,-0.07925034,2.5,0.1970754,0,0,8.74228E-08,1,0,0,0,2.5,0.1970754,0,0,0,1,0,0,0,0.1970754
1730306199657,-40.07987,1.60019,-0.4681358,-0.9620734,-0.2622521,-0.07509339,0,0,0,2.5,0.1970754,0,0,8.74228E-08,1,0,0,0,2.5,0.1970754,0,0,0,1,0,0,0,0.1970754
1730306199679,-40.07996,1.59817,-0.4696655,-0.9583701,-0.2750073,-0.07680142,-0.006580353,-0.1514733,-0.114727,2.5,0.1970754,0,0,8.74228E-08,1,0,0,0,2.5,0.1970754,0,0,0,1,0,0,0,0.1970754
1730306199686,-40.07996,1.59817,-0.4696655,-0.9583701,-0.2750073,-0.07680142,0,0,0,2.5,0.1970754,0,0,8.74228E-08,1,0,0,0,2.5,0.1970754,0,0,0,1,0,0,0,0.1970754
1730306199707,-40.08004,1.595846,-0.47118,-0.9535055,-0.2915119,-0.07647371,-0.00629425,-0.1742899,-0.1135826,2.5,0.1970754,0,0,8.74228E-08,1,0,0,0,2.5,0.1970754,0,0,0,1,0,0,0,0.1970754
1730306199714,-40.08004,1.595846,-0.47118,-0.9535055,-0.2915119,-0.07647371,0,0,0,2.5,0.1970754,0,0,8.74228E-08,1,0,0,0,2.5,0.1970754,0,0,0,1,0,0,0,0.1970754
1730306199735,-40.08007,1.593495,-0.4727478,-0.9480651,-0.3088653,-0.07599509,-0.002288818,-0.1763463,-0.117588,2.5,0.1970754,0,0,8.74228E-08,1,0,0,0,2.5,0.1970754,0,0,0,1,0,0,0,0.1970754
1730306199742,-40.08007,1.593495,-0.4727478,-0.9480651,-0.3088653,-0.07599509,0,0,0,2.5,0.1970754,0,0,8.74228E-08,1,0,0,0,2.5,0.1970754,0,0,0,1,0,0,0,0.1970754
1730306199763,-40.08002,1.591445,-0.4752541,-0.9428942,-0.3249089,-0.07338393,0.004005432,-0.1537442,-0.1879692,2.5,0.1970754,0,0,8.74228E-08,1,0,0,0,2.5,0.1970754,0,0,0,1,0,0,0,0.1970754
1730306199771,-40.08002,1.591445,-0.4752541,-0.9428942,-0.3249089,-0.07338393,0,0,0,2.5,0.1970754,0,0,8.74228E-08,1,0,0,0,2.5,0.1970754,0,0,0,1,0,0,0,0.1970754
1730306199791,-40.0803,1.589561,-0.475708,-0.9388382,-0.337477,-0.0685035,-0.02059937,-0.1413524,-0.03404617,2.5,0.1970754,0,0,8.74228E-08,1,0,0,0,2.5,0.1970754,0,0,0,1,0,0,0,0.1970754
1730306199798,-40.0803,1.589561,-0.475708,-0.9388382,-0.337477,-0.0685035,0,0,0,2.5,0.1970754,0,0,8.74228E-08,1,0,0,0,2.5,0.1970754,0,0,0,1,0,0,0,0.1970754
1730306199819,-40.08046,1.587821,-0.4772911,-0.9352748,-0.348366,-0.06246972,-0.0125885,-0.1304269,-0.1187325,2.5,0.1970754,0,0,8.74228E-08,1,0,0,0,2.5,0.1970754,0,0,0,1,0,0,0,0.1970754
1730306199826,-40.08046,1.587821,-0.4772911,-0.9352748,-0.348366,-0.06246972,0,0,0,2.5,0.1970754,0,0,8.74228E-08,1,0,0,0,2.5,0.1970754,0,0,0,1,0,0,0,0.1970754
1730306199847,-40.08075,1.586438,-0.4777489,-0.9322686,-0.3574592,-0.05566275,-0.02174377,-0.1037747,-0.03433228,2.5,0.1970754,0,0,8.74228E-08,1,0,0,0,2.5,0.1970754,0,0,0,1,0,0,0,0.1970754
1730306199854,-40.08075,1.586438,-0.4777489,-0.9322686,-0.3574592,-0.05566275,0,0,0,2.5,0.1970754,0,0,8.74228E-08,1,0,0,0,2.5,0.1970754,0,0,0,1,0,0,0,0.1970754
1730306199860,-40.08075,1.586438,-0.4777489,-0.9322686,-0.3574592,-0.05566275,0,0,0,2.5,0.1970754,0,0,8.74228E-08,1,0,0,0,2.5,0.1970754,0,0,0,1,0,0,0,0.1970754
1730306199875,-40.08078,1.585715,-0.4808846,-0.9306546,-0.362716,-0.04816055,-0.002288818,-0.05422533,-0.2351761,2.5,0.1970754,0,0,8.74228E-08,1,0,0,0,2.5,0.1970754,0,0,0,1,0,0,0,0.1970754
1730306199881,-40.08078,1.585715,-0.4808846,-0.9306546,-0.362716,-0.04816055,0,0,0,2.5,0.1970754,0,0,8.74228E-08,1,0,0,0,2.5,0.1970754,0,0,0,1,0,0,0,0.1970754
1730306199902,-40.08082,1.585417,-0.4826469,-0.9298403,-0.3656149,-0.04150856,-0.002861023,-0.02236962,-0.1321793,2.5,0.1970754,0,0,8.74228E-08,1,0,0,0,2.5,0.1970754,0,0,0,1,0,0,0,0.1970754
1730306199909,-40.08082,1.585417,-0.4826469,-0.9298403,-0.3656149,-0.04150856,0,0,0,2.5,0.1970754,0,0,8.74228E-08,1,0,0,0,2.5,0.1970754,0,0,0,1,0,0,0,0.1970754
1730306199928,-40.081,1.581578,-0.4761391,-0.9304035,-0.3648025,-0.03562462,-0.01316071,-0.2878547,0.4880905,2.5,0.1970754,0,0,8.74228E-08,1,0,0,0,2.5,0.1970754,0,0,0,1,0,0,0,0.1970754
1730306199935,-40.081,1.581578,-0.4761391,-0.9304035,-0.3648025,-0.03562462,0,0,0,2.5,0.1970754,0,0,8.74228E-08,1,0,0,0,2.5,0.1970754,0,0,0,1,0,0,0,0.1970754
1730306199957,-40.08179,1.545607,-0.4065361,-0.9316861,-0.3620085,-0.03018451,-0.05922318,-2.697828,5.220222,2.5,0.1970754,0,0,8.74228E-08,1,0,0,0,2.5,0.1970754,0,0,0,1,0,0,0,0.1970754
1730306199964,-40.08179,1.545607,-0.4065361,-0.9316861,-0.3620085,-0.03018451,0,0,0,2.5,0.1970754,0,0,8.74228E-08,1,0,0,0,2.5,0.1970754,0,0,0,1,0,0,0,0.1970754
1730306199985,-40.08175,1.540669,-0.3956451,-0.9338575,-0.3568152,-0.02435744,0.003147125,-0.3703862,0.8168221,2.5,0.1970754,0,0,8.74228E-08,1,0,0,0,2.5,0.1970754,0,0,0,1,0,0,0,0.1970754
1730306199992,-40.08175,1.540669,-0.3956451,-0.9338575,-0.3568152,-0.02435744,0,0,0,2.5,0.1970754,0,0,8.74228E-08,1,0,0,0,2.5,0.1970754,0,0,0,1,0,0,0,0.1970754
1730306200013,-40.08143,1.541335,-0.3963127,-0.9358749,-0.3518643,-0.01816404,0.02374649,0.04994273,-0.0500679,2.5,0.1970754,0,0,8.74228E-08,1,0,0,0,2.5,0.1970754,0,0,0,1,0,0,0,0.1970754
1730306200020,-40.08143,1.541335,-0.3963127,-0.9358749,-0.3518643,-0.01816404,0,0,0,2.5,0.1970754,0,0,8.74228E-08,1,0,0,0,2.5,0.1970754,0,0,0,1,0,0,0,0.1970754
1730306200042,-40.08089,1.541643,-0.396862,-0.9375016,-0.3477637,-0.01231885,0.04062653,0.02313852,-0.04119873,2.5,0.1970754,0,0,8.74228E-08,1,0,0,0,2.5,0.1970754,0,0,0,1,0,0,0,0.1970754
1730306200049,-40.08089,1.541643,-0.396862,-0.9375016,-0.3477637,-0.01231885,0,0,0,2.5,0.1970754,0,0,8.74228E-08,1,0,0,0,2.5,0.1970754,0,0,0,1,0,0,0,0.1970754
1730306200070,-40.07986,1.541716,-0.3983002,-0.9382789,-0.3458138,-0.006797194,0.07724762,0.005435944,-0.1078606,2.5,0.1970754,0,0,8.74228E-08,1,0,0,0,2.5,0.1970754,0,0,0,1,0,0,0,0.1970754
1730306200077,-40.07986,1.541716,-0.3983002,-0.9382789,-0.3458138,-0.006797194,0,0,0,2.5,0.1970754,0,0,8.74228E-08,1,0,0,0,2.5,0.1970754,0,0,0,1,0,0,0,0.1970754
1730306200098,-40.07857,1.541672,-0.3992233,-0.9386501,-0.344865,-0.002138495,0.09670258,-0.003290176,-0.06923676,2.5,0.1970754,0,0,8.74228E-08,1,0,0,0,2.5,0.1970754,0,0,0,1,0,0,0,0.1970754
1730306200105,-40.07857,1.541672,-0.3992233,-0.9386501,-0.344865,-0.002138495,0,0,0,2.5,0.1970754,0,0,8.74228E-08,1,0,0,0,2.5,0.1970754,0,0,0,1,0,0,0,0.1970754
1730306200126,-40.07691,1.541432,-0.399292,-0.9388744,-0.3442543,0.002039671,0.1241684,-0.01800656,-0.005149841,2.5,0.1970754,0,0,8.74228E-08,1,0,0,0,2.5,0.1970754,0,0,0,1,0,0,0,0.1970754
1730306200133,-40.07691,1.541432,-0.399292,-0.9388744,-0.3442543,0.002039671,0,0,0,2.5,0.1970754,0,0,8.74228E-08,1,0,0,0,2.5,0.1970754,0,0,0,1,0,0,0,0.1970754
1730306200154,-40.07505,1.541172,-0.3995514,-0.9382938,-0.3458013,0.00515765,0.139904,-0.01951754,-0.01945496,2.5,0.1970754,0,0,8.74228E-08,1,0,0,0,2.5,0.1970754,0,0,0,1,0,0,0,0.1970754
1730306200161,-40.07505,1.541172,-0.3995514,-0.9382938,-0.3458013,0.00515765,0,0,0,2.5,0.1970754,0,0,8.74228E-08,1,0,0,0,2.5,0.1970754,0,0,0,1,0,0,0,0.1970754
1730306200168,-40.07505,1.541172,-0.3995514,-0.9382938,-0.3458013,0.00515765,0,0,0,2.5,0.1970754,0,0,8.74228E-08,1,0,0,0,2.5,0.1970754,0,0,0,1,0,0,0,0.1970754
1730306200182,-40.07357,1.541662,-0.3996315,-0.938346,-0.3456169,0.007485449,0.1110077,0.03679097,-0.006008148,2.5,0.1970754,0,0,8.74228E-08,1,0,0,0,2.5,0.1970754,0,0,0,1,0,0,0,0.1970754
1730306200189,-40.07357,1.541662,-0.3996315,-0.938346,-0.3456169,0.007485449,0,0,0,2.5,0.1970754,0,0,8.74228E-08,1,0,0,0,2.5,0.1970754,0,0,0,1,0,0,0,0.1970754
1730306200210,-40.07241,1.542724,-0.3995934,-0.9402397,-0.3403881,0.009243727,0.08640289,0.07966161,0.002861023,2.5,0.1970754,0,0,8.74228E-08,1,0,0,0,2.5,0.1970754,0,0,0,1,0,0,0,0.1970754
1730306200216,-40.07241,1.542724,-0.3995934,-0.9402397,-0.3403881,0.009243727,0,0,0,2.5,0.1970754,0,0,8.74228E-08,1,0,0,0,2.5,0.1970754,0,0,0,1,0,0,0,0.1970754
1730306200236,-40.07166,1.543905,-0.3995514,-0.9446523,-0.327855,0.01197493,0.05693436,0.08853972,0.003147125,2.5,0.1970754,0,0,8.74228E-08,1,0,0,0,2.5,0.1970754,0,0,0,1,0,0,0,0.1970754
1730306200242,-40.07166,1.543905,-0.3995514,-0.9446523,-0.327855,0.01197493,0,0,0,2.5,0.1970754,0,0,8.74228E-08,1,0,0,0,2.5,0.1970754,0,0,0,1,0,0,0,0.1970754
1730306200264,-40.07152,1.545274,-0.3996696,-0.9478987,-0.3182091,0.01520842,0.01001358,0.1027197,-0.008869171,2.5,0.1970754,0,0,8.74228E-08,1,0,0,0,2.5,0.1970754,0,0,0,1,0,0,0,0.1970754
1730306200271,-40.07152,1.545274,-0.3996696,-0.9478987,-0.3182091,0.01520842,0,0,0,2.5,0.1970754,0,0,8.74228E-08,1,0,0,0,2.5,0.1970754,0,0,0,1,0,0,0,0.1970754
1730306200292,-40.07164,1.546582,-0.4020729,-0.9511467,-0.3080605,0.02047098,-0.009155273,0.0980258,-0.1802444,2.5,0.1970754,0,0,8.74228E-08,1,0,0,0,2.5,0.1970754,0,0,0,1,0,0,0,0.1970754
1730306200299,-40.07164,1.546582,-0.4020729,-0.9511467,-0.3080605,0.02047098,0,0,0,2.5,0.1970754,0,0,8.74228E-08,1,0,0,0,2.5,0.1970754,0,0,0,1,0,0,0,0.1970754
1730306200320,-40.07173,1.547554,-0.4019279,-0.9533263,-0.3007566,0.02673793,-0.006580353,0.07290244,0.01087189,2.5,0.1970754,0,0,8.74228E-08,1,0,0,0,2.5,0.1970754,0,0,0,1,0,0,0,0.1970754
1730306200327,-40.07173,1.547554,-0.4019279,-0.9533263,-0.3007566,0.02673793,0,0,0,2.5,0.1970754,0,0,8.74228E-08,1,0,0,0,2.5,0.1970754,0,0,0,1,0,0,0,0.1970754
1730306200348,-40.07146,1.548682,-0.4058304,-0.9554629,-0.2934414,0.0313589,0.02031326,0.08461475,-0.2926826,2.5,0.1970754,0,0,8.74228E-08,1,0,0,0,2.5,0.1970754,0,0,0,1,0,0,0,0.1970754
1730306200355,-40.07146,1.548682,-0.4058304,-0.9554629,-0.2934414,0.0313589,0,0,0,2.5,0.1970754,0,0,8.74228E-08,1,0,0,0,2.5,0.1970754,0,0,0,1,0,0,0,0.1970754
1730306200376,-40.07145,1.549711,-0.4059906,-0.9579104,-0.2850243,0.03419703,0.0005722046,0.07722974,-0.0120163,2.5,0.1970754,0,0,8.74228E-08,1,0,0,0,2.5,0.1970754,0,0,0,1,0,0,0,0.1970754
1730306200383,-40.07145,1.549711,-0.4059906,-0.9579104,-0.2850243,0.03419703,0,0,0,2.5,0.1970754,0,0,8.74228E-08,1,0,0,0,2.5,0.1970754,0,0,0,1,0,0,0,0.1970754
1730306200404,-40.07107,1.550444,-0.4056931,-0.9597695,-0.2783359,0.03704411,0.02861023,0.05491376,0.02231598,2.5,0.1970754,0,0,8.74228E-08,1,0,0,0,2.5,0.1970754,0,0,0,1,0,0,0,0.1970754
1730306200411,-40.07107,1.550444,-0.4056931,-0.9597695,-0.2783359,0.03704411,0,0,0,2.5,0.1970754,0,0,8.74228E-08,1,0,0,0,2.5,0.1970754,0,0,0,1,0,0,0,0.1970754
1730306200432,-40.07053,1.551325,-0.4055176,-0.9613966,-0.2721154,0.04087049,0.04091263,0.06608963,0.01316071,2.5,0.1970754,0,0,8.74228E-08,1,0,0,0,2.5,0.1970754,0,0,0,1,0,0,0,0.1970754
1730306200439,-40.07053,1.551325,-0.4055176,-0.9613966,-0.2721154,0.04087049,0,0,0,2.5,0.1970754,0,0,8.74228E-08,1,0,0,0,2.5,0.1970754,0,0,0,1,0,0,0,0.1970754
1730306200460,-40.0697,1.552271,-0.4044952,-0.9633005,-0.264621,0.04503864,0.0617981,0.07093549,0.07667542,2.5,0.1970754,0,0,8.74228E-08,1,0,0,0,2.5,0.1970754,0,0,0,1,0,0,0,0.1970754
1730306200467,-40.0697,1.552271,-0.4044952,-0.9633005,-0.264621,0.04503864,0,0,0,2.5,0.1970754,0,0,8.74228E-08,1,0,0,0,2.5,0.1970754,0,0,0,1,0,0,0,0.1970754
1730306200474,-40.0697,1.552271,-0.4044952,-0.9633005,-0.264621,0.04503864,0,0,0,2.5,0.1970754,0,0,8.74228E-08,1,0,0,0,2.5,0.1970754,0,0,0,1,0,0,0,0.1970754
1730306200488,-40.0686,1.553458,-0.4033813,-0.9654431,-0.2553826,0.05195856,0.08268356,0.08903146,0.08354187,2.5,0.1970754,0,0,8.74228E-08,1,0,0,0,2.5,0.1970754,0,0,0,1,0,0,0,0.1970754
1730306200495,-40.0686,1.553458,-0.4033813,-0.9654431,-0.2553826,0.05195856,0,0,0,2.5,0.1970754,0,0,8.74228E-08,1,0,0,0,2.5,0.1970754,0,0,0,1,0,0,0,0.1970754
1730306200516,-40.06792,1.554979,-0.4019127,-0.9679434,-0.2440209,0.05949485,0.05064011,0.1140654,0.1101494,2.5,0.1970754,0,0,8.74228E-08,1,0,0,0,2.5,0.1970754,0,0,0,1,0,0,0,0.1970754
1730306200523,-40.06792,1.554979,-0.4019127,-0.9679434,-0.2440209,0.05949485,0,0,0,2.5,0.1970754,0,0,8.74228E-08,1,0,0,0,2.5,0.1970754,0,0,0,1,0,0,0,0.1970754
1730306200541,-40.06723,1.556643,-0.4010315,-0.9710129,-0.229014,0.06846052,0.05178452,0.12483,0.06608963,2.5,0.1970754,0,0,8.74228E-08,1,0,0,0,2.5,0.1970754,0,0,0,1,0,0,0,0.1970754
1730306200548,-40.06723,1.556643,-0.4010315,-0.9710129,-0.229014,0.06846052,0,0,0,2.5,0.1970754,0,0,8.74228E-08,1,0,0,0,2.5,0.1970754,0,0,0,1,0,0,0,0.1970754
1730306200570,-40.06681,1.558533,-0.4000969,-0.9733202,-0.2156193,0.07846183,0.03204346,0.1417458,0.07009506,2.5,0.1970754,0,0,8.74228E-08,1,0,0,0,2.5,0.1970754,0,0,0,1,0,0,0,0.1970754
1730306200576,-40.06681,1.558533,-0.4000969,-0.9733202,-0.2156193,0.07846183,0,0,0,2.5,0.1970754,0,0,8.74228E-08,1,0,0,0,2.5,0.1970754,0,0,0,1,0,0,0,0.1970754
1730306200598,-40.06662,1.560208,-0.3988228,-0.9752218,-0.2030492,0.08782691,0.01373291,0.1256436,0.09555817,2.5,0.1970754,0,0,8.74228E-08,1,0,0,0,2.5,0.1970754,0,0,0,1,0,0,0,0.1970754
1730306200606,-40.06662,1.560208,-0.3988228,-0.9752218,-0.2030492,0.08782691,0,0,0,2.5,0.1970754,0,0,8.74228E-08,1,0,0,0,2.5,0.1970754,0,0,0,1,0,0,0,0.1970754
1730306200626,-40.06662,1.561683,-0.3978767,-0.9767822,-0.1920815,0.09487683,0.0005722046,0.1105875,0.07095337,2.5,0.1970754,0,0,8.74228E-08,1,0,0,0,2.5,0.1970754,0,0,0,1,0,0,0,0.1970754
1730306200634,-40.06662,1.561683,-0.3978767,-0.9767822,-0.1920815,0.09487683,0,0,0,2.5,0.1970754,0,0,8.74228E-08,1,0,0,0,2.5,0.1970754,0,0,0,1,0,0,0,0.1970754
1730306200654,-40.06656,1.562895,-0.396637,-0.9779524,-0.1835693,0.09955698,0.004577637,0.09093583,0.09298325,2.5,0.1970754,0,0,8.74228E-08,1,0,0,0,2.5,0.1970754,0,0,0,1,0,0,0,0.1970754
1730306200661,-40.06656,1.562895,-0.396637,-0.9779524,-0.1835693,0.09955698,0,0,0,2.5,0.1970754,0,0,8.74228E-08,1,0,0,0,2.5,0.1970754,0,0,0,1,0,0,0,0.1970754
1730306200681,-40.06665,1.563559,-0.3966141,-0.9788086,-0.1775837,0.101971,-0.00743866,0.04976392,0.001716614,2.5,0.1970754,0,0,8.74228E-08,1,0,0,0,2.5,0.1970754,0,0,0,1,0,0,0,0.1970754
1730306200688,-40.06665,1.563559,-0.3966141,-0.9788086,-0.1775837,0.101971,0,0,0,2.5,0.1970754,0,0,8.74228E-08,1,0,0,0,2.5,0.1970754,0,0,0,1,0,0,0,0.1970754
1730306200709,-40.06676,1.563887,-0.3959923,-0.9790593,-0.1758667,0.1025389,-0.008296967,0.02464056,0.04663467,2.5,0.1970754,0,0,8.74228E-08,1,0,0,0,2.5,0.1970754,0,0,0,1,0,0,0,0.1970754
1730306200716,-40.06676,1.563887,-0.3959923,-0.9790593,-0.1758667,0.1025389,0,0,0,2.5,0.1970754,0,0,8.74228E-08,1,0,0,0,2.5,0.1970754,0,0,0,1,0,0,0,0.1970754
1730306200738,-40.0671,1.563778,-0.3953323,-0.9786897,-0.1783138,0.1018391,-0.0248909,-0.008189678,0.0494957,2.5,0.1970754,0,0,8.74228E-08,1,0,0,0,2.5,0.1970754,0,0,0,1,0,0,0,0.1970754
1730306200744,-40.0671,1.563778,-0.3953323,-0.9786897,-0.1783138,0.1018391,0,0,0,2.5,0.1970754,0,0,8.74228E-08,1,0,0,0,2.5,0.1970754,0,0,0,1,0,0,0,0.1970754
1730306200766,-40.06775,1.563385,-0.3949432,-0.9782633,-0.1817957,0.09975791,-0.04920959,-0.02947748,0.02918243,2.5,0.1970754,0,0,8.74228E-08,1,0,0,0,2.5,0.1970754,0,0,0,1,0,0,0,0.1970754
1730306200773,-40.06775,1.563385,-0.3949432,-0.9782633,-0.1817957,0.09975791,0,0,0,2.5,0.1970754,0,0,8.74228E-08,1,0,0,0,2.5,0.1970754,0,0,0,1,0,0,0,0.1970754
1730306200794,-40.06796,1.562938,-0.3943176,-0.9778023,-0.1855444,0.09734559,-0.01544952,-0.03354549,0.04692078,2.5,0.1970754,0,0,8.74228E-08,1,0,0,0,2.5,0.1970754,0,0,0,1,0,0,0,0.1970754
1730306200801,-40.06796,1.562938,-0.3943176,-0.9778023,-0.1855444,0.09734559,0,0,0,2.5,0.1970754,0,0,8.74228E-08,1,0,0,0,2.5,0.1970754,0,0,0,1,0,0,0,0.1970754
1730306200822,-40.0682,1.562276,-0.3934555,-0.976908,-0.1917164,0.09431857,-0.01773834,-0.04960299,0.06465912,2.5,0.1970754,0,0,8.74228E-08,1,0,0,0,2.5,0.1970754,0,0,0,1,0,0,0,0.1970754
1730306200828,-40.0682,1.562276,-0.3934555,-0.976908,-0.1917164,0.09431857,0,0,0,2.5,0.1970754,0,0,8.74228E-08,1,0,0,0,2.5,0.1970754,0,0,0,1,0,0,0,0.1970754
1730306200835,-40.0682,1.562276,-0.3934555,-0.976908,-0.1917164,0.09431857,0,0,0,2.5,0.1970754,0,0,8.74228E-08,1,0,0,0,2.5,0.1970754,0,0,0,1,0,0,0,0.1970754
1730306200849,-40.06876,1.561938,-0.3930626,-0.9761766,-0.1965514,0.09190822,-0.04262924,-0.02539158,0.02946854,2.5,0.1970754,0,0,8.74228E-08,1,0,0,0,2.5,0.1970754,0,0,0,1,0,0,0,0.1970754
1730306200856,-40.06876,1.561938,-0.3930626,-0.9761766,-0.1965514,0.09190822,0,0,0,2.5,0.1970754,0,0,8.74228E-08,1,0,0,0,2.5,0.1970754,0,0,0,1,0,0,0,0.1970754
1730306200877,-40.0698,1.561724,-0.392849,-0.9760587,-0.1985937,0.08871615,-0.07753372,-0.01605749,0.01602173,2.5,0.1970754,0,0,8.74228E-08,1,0,0,0,2.5,0.1970754,0,0,0,1,0,0,0,0.1970754
1730306200884,-40.0698,1.561724,-0.392849,-0.9760587,-0.1985937,0.08871615,0,0,0,2.5,0.1970754,0,0,8.74228E-08,1,0,0,0,2.5,0.1970754,0,0,0,1,0,0,0,0.1970754
1730306200902,-40.07137,1.561795,-0.3926926,-0.9766193,-0.1976734,0.08450007,-0.1181602,0.005310774,0.01173019,2.5,0.1970754,0,0,8.74228E-08,1,0,0,0,2.5,0.1970754,0,0,0,1,0,0,0,0.1970754
1730306200909,-40.07137,1.561795,-0.3926926,-0.9766193,-0.1976734,0.08450007,0,0,0,2.5,0.1970754,0,0,8.74228E-08,1,0,0,0,2.5,0.1970754,0,0,0,1,0,0,0,0.1970754
1730306200931,-40.07344,1.561884,-0.392395,-0.9771296,-0.1972277,0.07949531,-0.1547813,0.006687641,0.02231598,2.5,0.1970754,0,0,8.74228E-08,1,0,0,0,2.5,0.1970754,0,0,0,1,0,0,0,0.1970754
1730306200937,-40.07344,1.561884,-0.392395,-0.9771296,-0.1972277,0.07949531,0,0,0,2.5,0.1970754,0,0,8.74228E-08,1,0,0,0,2.5,0.1970754,0,0,0,1,0,0,0,0.1970754
1730306200959,-40.0758,1.561662,-0.3918457,-0.9770115,-0.1993546,0.0755409,-0.1773834,-0.01664758,0.04119873,2.5,0.1970754,0,0,8.74228E-08,1,0,0,0,2.5,0.1970754,0,0,0,1,0,0,0,0.1970754
1730306200966,-40.0758,1.561662,-0.3918457,-0.9770115,-0.1993546,0.0755409,0,0,0,2.5,0.1970754,0,0,8.74228E-08,1,0,0,0,2.5,0.1970754,0,0,0,1,0,0,0,0.1970754
1730306200987,-40.07782,1.561155,-0.3914108,-0.9756377,-0.2069684,0.07276988,-0.151062,-0.03802478,0.03261566,2.5,0.1970754,0,0,8.74228E-08,1,0,0,0,2.5,0.1970754,0,0,0,1,0,0,0,0.1970754
1730306200994,-40.07782,1.561155,-0.3914108,-0.9756377,-0.2069684,0.07276988,0,0,0,2.5,0.1970754,0,0,8.74228E-08,1,0,0,0,2.5,0.1970754,0,0,0,1,0,0,0,0.1970754
1730306201015,-40.08001,1.560767,-0.3912621,-0.9743266,-0.2145071,0.06837106,-0.1645088,-0.02906621,0.01115799,2.5,0.1970754,0,0,8.74228E-08,1,0,0,0,2.5,0.1970754,0,0,0,1,0,0,0,0.1970754
1730306201022,-40.08001,1.560767,-0.3912621,-0.9743266,-0.2145071,0.06837106,0,0,0,2.5,0.1970754,0,0,8.74228E-08,1,0,0,0,2.5,0.1970754,0,0,0,1,0,0,0,0.1970754
1730306201043,-40.08245,1.560835,-0.3910065,-0.9742617,-0.216603,0.06243223,-0.1828194,0.005096197,0.01916885,2.5,0.1970754,0,0,8.74228E-08,1,0,0,0,2.5,0.1970754,0,0,0,1,0,0,0,0.1970754
1730306201050,-40.08245,1.560835,-0.3910065,-0.9742617,-0.216603,0.06243223,0,0,0,2.5,0.1970754,0,0,8.74228E-08,1,0,0,0,2.5,0.1970754,0,0,0,1,0,0,0,0.1970754
1730306201071,-40.08505,1.561347,-0.3905258,-0.9759319,-0.2104491,0.05717134,-0.1954079,0.03835559,0.03604889,2.5,0.1970754,0,0,8.74228E-08,1,0,0,0,2.5,0.1970754,0,0,0,1,0,0,0,0.1970754
1730306201078,-40.08505,1.561347,-0.3905258,-0.9759319,-0.2104491,0.05717134,0,0,0,2.5,0.1970754,0,0,8.74228E-08,1,0,0,0,2.5,0.1970754,0,0,0,1,0,0,0,0.1970754
1730306201099,-40.08709,1.561372,-0.3898087,-0.9766038,-0.2082546,0.05362129,-0.1530647,0.00193119,0.05378723,2.5,0.1970754,0,0,8.74228E-08,1,0,0,0,2.5,0.1970754,0,0,0,1,0,0,0,0.1970754
1730306201106,-40.08709,1.561372,-0.3898087,-0.9766038,-0.2082546,0.05362129,0,0,0,2.5,0.1970754,0,0,8.74228E-08,1,0,0,0,2.5,0.1970754,0,0,0,1,0,0,0,0.1970754
1730306201127,-40.08912,1.561716,-0.3893585,-0.9770024,-0.206991,0.05119598,-0.1522064,0.02575815,0.03376007,2.5,0.1970754,0,0,8.74228E-08,1,0,0,0,2.5,0.1970754,0,0,0,1,0,0,0,0.1970754
1730306201133,-40.08912,1.561716,-0.3893585,-0.9770024,-0.206991,0.05119598,0,0,0,2.5,0.1970754,0,0,8.74228E-08,1,0,0,0,2.5,0.1970754,0,0,0,1,0,0,0,0.1970754
1730306201139,-40.08912,1.561716,-0.3893585,-0.9770024,-0.206991,0.05119598,0,0,0,2.5,0.1970754,0,0,8.74228E-08,1,0,0,0,2.5,0.1970754,0,0,0,1,0,0,0,0.1970754
1730306201155,-40.09119,1.561995,-0.3888016,-0.9780766,-0.202396,0.04901069,-0.1550674,0.02095699,0.04177094,2.5,0.1970754,0,0,8.74228E-08,1,0,0,0,2.5,0.1970754,0,0,0,1,0,0,0,0.1970754
1730306201161,-40.09119,1.561995,-0.3888016,-0.9780766,-0.202396,0.04901069,0,0,0,2.5,0.1970754,0,0,8.74228E-08,1,0,0,0,2.5,0.1970754,0,0,0,1,0,0,0,0.1970754
1730306201183,-40.09297,1.562481,-0.3882942,-0.9788712,-0.1990791,0.04668307,-0.1336098,0.03646016,0.03805161,2.5,0.1970754,0,0,8.74228E-08,1,0,0,0,2.5,0.1970754,0,0,0,1,0,0,0,0.1970754
1730306201189,-40.09297,1.562481,-0.3882942,-0.9788712,-0.1990791,0.04668307,0,0,0,2.5,0.1970754,0,0,8.74228E-08,1,0,0,0,2.5,0.1970754,0,0,0,1,0,0,0,0.1970754
1730306201209,-40.09461,1.563144,-0.3878593,-0.9800396,-0.1937504,0.04453778,-0.1227379,0.04971027,0.03261566,-40.1361,0.9277361,-0.5782394,0.1277523,0.3312919,0.9348396,-3197.708,54.79955,-43.36796,2.5,0.1970754,0,0,0,1,0,0,0,0.1970754
1730306201214,-40.09461,1.563144,-0.3878593,-0.9800396,-0.1937504,0.04453778,0,0,0,-40.1361,0.9277361,-0.5782394,0.1277523,0.3312919,0.9348396,0,0,0,2.5,0.1970754,0,0,0,1,0,0,0,0.1970754
1730306201236,-40.09586,1.563725,-0.3873596,-0.9806753,-0.1906966,0.04371554,-0.09384155,0.04359484,0.0374794,-40.09751,0.8686387,-0.6019287,0.07369913,0.3724994,0.9251014,2.894497,-4.432306,-1.776695,2.5,0.1970754,0,0,0,1,0,0,0,0.1970754
1730306201243,-40.09586,1.563725,-0.3873596,-0.9806753,-0.1906966,0.04371554,0,0,0,-40.09751,0.8686387,-0.6019287,0.07369913,0.3724994,0.9251014,0,0,0,2.5,0.1970754,0,0,0,1,0,0,0,0.1970754
1730306201264,-40.09693,1.564447,-0.3867455,-0.9810492,-0.1886447,0.04422879,-0.08039474,0.05411804,0.04606247,-40.07309,0.8312433,-0.6169205,0.02552429,0.4009274,0.9157542,1.831341,-2.804656,-1.124382,2.5,0.1970754,0,0,0,1,0,0,0,0.1970754
1730306201271,-40.09693,1.564447,-0.3867455,-0.9810492,-0.1886447,0.04422879,0,0,0,-40.07309,0.8312433,-0.6169205,0.02552429,0.4009274,0.9157542,0,0,0,2.5,0.1970754,0,0,0,1,0,0,0,0.1970754
1730306201292,-40.09809,1.565249,-0.3860054,-0.9820397,-0.1831581,0.04529399,-0.0872612,0.06017983,0.05550385,-40.04173,0.79615,-0.6312599,0.002242006,0.4150417,0.9097996,2.352333,-2.631998,-1.075459,2.5,0.1970754,0,0,0,1,0,0,0,0.1970754
1730306201298,-40.09809,1.565249,-0.3860054,-0.9820397,-0.1831581,0.04529399,0,0,0,-40.04173,0.79615,-0.6312599,0.002242006,0.4150417,0.9097996,0,0,0,2.5,0.1970754,0,0,0,1,0,0,0,0.1970754
1730306201320,-40.09925,1.565934,-0.3854561,-0.9828953,-0.17804,0.04710358,-0.08640289,0.05138218,0.04119873,-40.03141,0.7798989,-0.6327629,-0.01142985,0.4171858,0.9087494,0.7736206,-1.218832,-0.1127243,2.5,0.1970754,0,0,0,1,0,0,0,0.1970754
1730306201326,-40.09925,1.565934,-0.3854561,-0.9828953,-0.17804,0.04710358,0,0,0,-40.03141,0.7798989,-0.6327629,-0.01142985,0.4171858,0.9087494,0,0,0,2.5,0.1970754,0,0,0,1,0,0,0,0.1970754
1730306201349,-40.09999,1.566205,-0.3852463,-0.9836438,-0.1733078,0.04908711,-0.05550385,0.02030432,0.01573563,-40.0062,0.7737253,-0.6462975,-0.02218613,0.413851,0.9100743,1.891136,-0.4630208,-1.015091,2.5,0.1970754,0,0,0,1,0,0,0,0.1970754
1730306201355,-40.09999,1.566205,-0.3852463,-0.9836438,-0.1733078,0.04908711,0,0,0,-40.0062,0.7737253,-0.6462975,-0.02218613,0.413851,0.9100743,0,0,0,2.5,0.1970754,0,0,0,1,0,0,0,0.1970754
1730306201376,-40.10058,1.566164,-0.3850517,-0.9835744,-0.1730444,0.05135638,-0.04463196,-0.003102422,0.01459122,-39.98647,0.7746173,-0.6566467,-0.03452131,0.401864,0.9150484,1.479435,0.06690323,-0.7761955,2.5,0.1970754,0,0,0,1,0,0,0,0.1970754
1730306201383,-40.10058,1.566164,-0.3850517,-0.9835744,-0.1730444,0.05135638,0,0,0,-39.98647,0.7746173,-0.6566467,-0.03452131,0.401864,0.9150484,0,0,0,2.5,0.1970754,0,0,0,1,0,0,0,0.1970754
1730306201404,-40.10099,1.565778,-0.3849068,-0.9829488,-0.1758984,0.05358523,-0.03032684,-0.02889633,0.01087189,-39.97001,0.7811642,-0.6642113,-0.04857039,0.3919174,0.9187174,1.234818,0.4910141,-0.5673409,2.5,0.1970754,0,0,0,1,0,0,0,0.1970754
1730306201411,-40.10099,1.565778,-0.3849068,-0.9829488,-0.1758984,0.05358523,0,0,0,-39.97001,0.7811642,-0.6642113,-0.04857039,0.3919174,0.9187174,0,0,0,2.5,0.1970754,0,0,0,1,0,0,0,0.1970754
1730306201432,-40.10127,1.565304,-0.3847847,-0.9816155,-0.1824687,0.05600435,-0.02117157,-0.03558397,0.009155273,-39.95307,0.7799301,-0.6723709,-0.06386794,0.3822829,0.9218355,1.270294,-0.09255856,-0.6119728,2.5,0.1970754,0,0,0,1,0,0,0,0.1970754
1730306201439,-40.10127,1.565304,-0.3847847,-0.9816155,-0.1824687,0.05600435,0,0,0,-39.95307,0.7799301,-0.6723709,-0.06386794,0.3822829,0.9218355,0,0,0,2.5,0.1970754,0,0,0,1,0,0,0,0.1970754
1730306201460,-40.10073,1.56379,-0.3850708,-0.9795676,-0.1926609,0.05769914,0.04005432,-0.1135826,-0.02145767,-39.94717,0.7923695,-0.6750526,-0.08109316,0.3779809,0.922255,0.4428864,0.9329572,-0.2011299,2.5,0.1970754,0,0,0,1,0,0,0,0.1970754
1730306201467,-40.10073,1.56379,-0.3850708,-0.9795676,-0.1926609,0.05769914,0,0,0,-39.94717,0.7923695,-0.6750526,-0.08109316,0.3779809,0.922255,0,0,0,2.5,0.1970754,0,0,0,1,0,0,0,0.1970754
1730306201488,-40.10051,1.563239,-0.3851891,-0.9778018,-0.2005563,0.06067204,0.01688004,-0.04130602,-0.008869171,-39.94931,0.8055221,-0.6727943,-0.09102254,0.3737564,0.9230499,-0.1607895,0.986445,0.1693726,2.5,0.1970754,0,0,0,1,0,0,0,0.1970754
1730306201494,-40.10051,1.563239,-0.3851891,-0.9778018,-0.2005563,0.06067204,0,0,0,-39.94931,0.8055221,-0.6727943,-0.09102254,0.3737564,0.9230499,0,0,0,2.5,0.1970754,0,0,0,1,0,0,0,0.1970754
1730306201500,-40.10051,1.563239,-0.3851891,-0.9778018,-0.2005563,0.06067204,0,0,0,-39.94931,0.8055221,-0.6727943,-0.09102254,0.3737564,0.9230499,0,0,0,2.5,0.1970754,0,0,0,1,0,0,0,0.1970754
1730306201516,-40.10038,1.56287,-0.3853874,-0.9767322,-0.2040135,0.06612724,0.009441376,-0.0276804,-0.01487732,2.5,0.1970754,0,0,8.74228E-08,1,3183.698,-45.6335,50.45958,2.5,0.1970754,0,0,0,1,0,0,0,0.1970754
1730306201522,-40.10038,1.56287,-0.3853874,-0.9767322,-0.2040135,0.06612724,0,0,0,2.5,0.1970754,0,0,8.74228E-08,1,0,0,0,2.5,0.1970754,0,0,0,1,0,0,0,0.1970754
1730306201544,-40.10022,1.562522,-0.3872948,-0.9760174,-0.2058118,0.07093555,0.0125885,-0.02610683,-0.1430511,2.5,0.1970754,0,0,8.74228E-08,1,0,0,0,2.5,0.1970754,0,0,0,1,0,0,0,0.1970754
1730306201550,-40.10022,1.562522,-0.3872948,-0.9760174,-0.2058118,0.07093555,0,0,0,2.5,0.1970754,0,0,8.74228E-08,1,0,0,0,2.5,0.1970754,0,0,0,1,0,0,0,0.1970754
1730306201569,-40.10041,1.562133,-0.3881035,-0.974708,-0.2099606,0.07655686,-0.01487732,-0.02913773,-0.06065369,2.5,0.1970754,0,0,8.74228E-08,1,0,0,0,2.5,0.1970754,0,0,0,1,0,0,0,0.1970754
1730306201577,-40.10041,1.562133,-0.3881035,-0.974708,-0.2099606,0.07655686,0,0,0,2.5,0.1970754,0,0,8.74228E-08,1,0,0,0,2.5,0.1970754,0,0,0,1,0,0,0,0.1970754
1730306201598,-40.10082,1.561097,-0.3885231,-0.972483,-0.2171983,0.08427238,-0.03032684,-0.0777036,-0.03147125,2.5,0.1970754,0,0,8.74228E-08,1,0,0,0,2.5,0.1970754,0,0,0,1,0,0,0,0.1970754
1730306201604,-40.10082,1.561097,-0.3885231,-0.972483,-0.2171983,0.08427238,0,0,0,2.5,0.1970754,0,0,8.74228E-08,1,0,0,0,2.5,0.1970754,0,0,0,1,0,0,0,0.1970754
1730306201626,-40.10107,1.560492,-0.3894119,-0.9702243,-0.2241506,0.09176946,-0.01888275,-0.04540086,-0.06666183,2.5,0.1970754,0,0,8.74228E-08,1,0,0,0,2.5,0.1970754,0,0,0,1,0,0,0,0.1970754
1730306201634,-40.10107,1.560492,-0.3894119,-0.9702243,-0.2241506,0.09176946,0,0,0,2.5,0.1970754,0,0,8.74228E-08,1,0,0,0,2.5,0.1970754,0,0,0,1,0,0,0,0.1970754
1730306201655,-40.10161,1.560035,-0.3899269,-0.9686801,-0.2277373,0.09896976,-0.04062653,-0.03424287,-0.03862381,2.5,0.1970754,0,0,8.74228E-08,1,0,0,0,2.5,0.1970754,0,0,0,1,0,0,0,0.1970754
1730306201662,-40.10161,1.560035,-0.3899269,-0.9686801,-0.2277373,0.09896976,0,0,0,2.5,0.1970754,0,0,8.74228E-08,1,0,0,0,2.5,0.1970754,0,0,0,1,0,0,0,0.1970754
1730306201682,-40.10167,1.55939,-0.3910866,-0.9669768,-0.2319114,0.1057026,-0.004005432,-0.04840493,-0.0869751,2.5,0.1970754,0,0,8.74228E-08,1,0,0,0,2.5,0.1970754,0,0,0,1,0,0,0,0.1970754
1730306201689,-40.10167,1.55939,-0.3910866,-0.9669768,-0.2319114,0.1057026,0,0,0,2.5,0.1970754,0,0,8.74228E-08,1,0,0,0,2.5,0.1970754,0,0,0,1,0,0,0,0.1970754
1730306201711,-40.10183,1.559027,-0.3918991,-0.9650133,-0.2363322,0.113564,-0.0120163,-0.02723336,-0.06093979,2.5,0.1970754,0,0,8.74228E-08,1,0,0,0,2.5,0.1970754,0,0,0,1,0,0,0,0.1970754
1730306201717,-40.10183,1.559027,-0.3918991,-0.9650133,-0.2363322,0.113564,0,0,0,2.5,0.1970754,0,0,8.74228E-08,1,0,0,0,2.5,0.1970754,0,0,0,1,0,0,0,0.1970754
1730306201738,-40.10228,1.558943,-0.3927917,-0.9635715,-0.2383283,0.1213685,-0.03433228,-0.006258488,-0.06694794,2.5,0.1970754,0,0,8.74228E-08,1,0,0,0,2.5,0.1970754,0,0,0,1,0,0,0,0.1970754
1730306201745,-40.10228,1.558943,-0.3927917,-0.9635715,-0.2383283,0.1213685,0,0,0,2.5,0.1970754,0,0,8.74228E-08,1,0,0,0,2.5,0.1970754,0,0,0,1,0,0,0,0.1970754
1730306201766,-40.10259,1.558989,-0.3936958,-0.9625708,-0.2388916,0.1280178,-0.02317429,0.003433228,-0.06780624,2.5,0.1970754,0,0,8.74228E-08,1,0,0,0,2.5,0.1970754,0,0,0,1,0,0,0,0.1970754
1730306201772,-40.10259,1.558989,-0.3936958,-0.9625708,-0.2388916,0.1280178,0,0,0,2.5,0.1970754,0,0,8.74228E-08,1,0,0,0,2.5,0.1970754,0,0,0,1,0,0,0,0.1970754
1730306201794,-40.10276,1.55931,-0.394352,-0.9618644,-0.2377723,0.1352085,-0.0128746,0.02405047,-0.04920959,2.5,0.1970754,0,0,8.74228E-08,1,0,0,0,2.5,0.1970754,0,0,0,1,0,0,0,0.1970754
1730306201800,-40.10276,1.55931,-0.394352,-0.9618644,-0.2377723,0.1352085,0,0,0,2.5,0.1970754,0,0,8.74228E-08,1,0,0,0,2.5,0.1970754,0,0,0,1,0,0,0,0.1970754
1730306201806,-40.10276,1.55931,-0.394352,-0.9618644,-0.2377723,0.1352085,0,0,0,2.5,0.1970754,0,0,8.74228E-08,1,0,0,0,2.5,0.1970754,0,0,0,1,0,0,0,0.1970754
1730306201822,-40.10261,1.559577,-0.3954048,-0.9613487,-0.2351757,0.1431822,0.01144409,0.02007186,-0.07896423,2.5,0.1970754,0,0,8.74228E-08,1,0,0,0,2.5,0.1970754,0,0,0,1,0,0,0,0.1970754
1730306201828,-40.10261,1.559577,-0.3954048,-0.9613487,-0.2351757,0.1431822,0,0,0,2.5,0.1970754,0,0,8.74228E-08,1,0,0,0,2.5,0.1970754,0,0,0,1,0,0,0,0.1970754
1730306201849,-40.10257,1.560007,-0.3961906,-0.9609053,-0.2326247,0.1501577,0.003433228,0.03225803,-0.05893707,2.5,0.1970754,0,0,8.74228E-08,1,0,0,0,2.5,0.1970754,0,0,0,1,0,0,0,0.1970754
1730306201856,-40.10257,1.560007,-0.3961906,-0.9609053,-0.2326247,0.1501577,0,0,0,2.5,0.1970754,0,0,8.74228E-08,1,0,0,0,2.5,0.1970754,0,0,0,1,0,0,0,0.1970754
1730306201877,-40.10254,1.56041,-0.3973579,-0.9604295,-0.2297559,0.1574414,0.002288818,0.0302285,-0.0875473,2.5,0.1970754,0,0,8.74228E-08,1,0,0,0,2.5,0.1970754,0,0,0,1,0,0,0,0.1970754
1730306201883,-40.10254,1.56041,-0.3973579,-0.9604295,-0.2297559,0.1574414,0,0,0,2.5,0.1970754,0,0,8.74228E-08,1,0,0,0,2.5,0.1970754,0,0,0,1,0,0,0,0.1970754
1730306201905,-40.10241,1.56078,-0.3985062,-0.9600111,-0.2266368,0.1643618,0.009155273,0.02773404,-0.08611679,-40.18463,0.972017,-0.5533638,-0.02651223,0.1080357,0.9937934,-3201.347,58.12062,-41.50229,2.5,0.1970754,0,0,0,1,0,0,0,0.1970754
1730306201912,-40.10241,1.56078,-0.3985062,-0.9600111,-0.2266368,0.1643618,0,0,0,-40.18463,0.972017,-0.5533638,-0.02651223,0.1080357,0.9937934,0,0,0,2.5,0.1970754,0,0,0,1,0,0,0,0.1970754
1730306201933,-40.10218,1.561009,-0.3991547,-0.9594371,-0.2241507,0.1709886,0.01773834,0.01714826,-0.04863739,-40.18463,0.972017,-0.5533638,-0.02651223,0.1080357,0.9937934,0,0,0,2.5,0.1970754,0,0,0,1,0,0,0,0.1970754
1730306201940,-40.10218,1.561009,-0.3991547,-0.9594371,-0.2241507,0.1709886,0,0,0,-40.18463,0.972017,-0.5533638,-0.02651223,0.1080357,0.9937934,0,0,0,2.5,0.1970754,0,0,0,1,0,0,0,0.1970754
1730306201960,-40.10186,1.561097,-0.3990784,-0.9586794,-0.2229526,0.1767098,0.02403259,0.006633997,0.005722046,-40.16827,0.916936,-0.588768,-0.09138422,0.1987907,0.9757721,1.227093,-4.131071,-2.655315,2.5,0.1970754,0,0,0,1,0,0,0,0.1970754
1730306201967,-40.10186,1.561097,-0.3990784,-0.9586794,-0.2229526,0.1767098,0,0,0,-40.16827,0.916936,-0.588768,-0.09138422,0.1987907,0.9757721,0,0,0,2.5,0.1970754,0,0,0,1,0,0,0,0.1970754
1730306201988,-40.10152,1.561128,-0.399807,-0.9576513,-0.2226138,0.1826127,0.0254631,0.0023067,-0.05464554,-40.16576,0.9096166,-0.5775185,-0.1266971,0.2140327,0.9685752,0.1882553,-0.5489543,0.8437157,2.5,0.1970754,0,0,0,1,0,0,0,0.1970754
1730306201995,-40.10152,1.561128,-0.399807,-0.9576513,-0.2226138,0.1826127,0,0,0,-40.16576,0.9096166,-0.5775185,-0.1266971,0.2140327,0.9685752,0,0,0,2.5,0.1970754,0,0,0,1,0,0,0,0.1970754
1730306202016,-40.1009,1.561019,-0.4000816,-0.9566031,-0.2230725,0.1874828,0.04606247,-0.008189678,-0.02059937,-40.1482,0.9040217,-0.5778389,-0.1513064,0.2096081,0.9660076,1.317215,-0.4196182,-0.02403259,2.5,0.1970754,0,0,0,1,0,0,0,0.1970754
1730306202023,-40.1009,1.561019,-0.4000816,-0.9566031,-0.2230725,0.1874828,0,0,0,-40.1482,0.9040217,-0.5778389,-0.1513064,0.2096081,0.9660076,0,0,0,2.5,0.1970754,0,0,0,1,0,0,0,0.1970754
1730306202044,-40.10006,1.561048,-0.4005623,-0.955777,-0.2236237,0.1910053,0.0629425,0.002145767,-0.03604889,-40.13657,0.8993824,-0.5831451,-0.1749619,0.1830702,0.9674056,0.8720398,-0.3479496,-0.3979683,2.5,0.1970754,0,0,0,1,0,0,0,0.1970754
1730306202050,-40.10006,1.561048,-0.4005623,-0.955777,-0.2236237,0.1910053,0,0,0,-40.13657,0.8993824,-0.5831451,-0.1749619,0.1830702,0.9674056,0,0,0,2.5,0.1970754,0,0,0,1,0,0,0,0.1970754
1730306202072,-40.09887,1.561175,-0.4011154,-0.9551896,-0.223464,0.1941056,0.08955002,0.009566545,-0.04148483,-40.13,0.8997135,-0.5820808,-0.1834468,0.1625248,0.9695014,0.492382,0.02483279,0.07982254,2.5,0.1970754,0,0,0,1,0,0,0,0.1970754
1730306202078,-40.09887,1.561175,-0.4011154,-0.9551896,-0.223464,0.1941056,0,0,0,-40.13,0.8997135,-0.5820808,-0.1834468,0.1625248,0.9695014,0,0,0,2.5,0.1970754,0,0,0,1,0,0,0,0.1970754
1730306202099,-40.09735,1.561495,-0.4015274,-0.9549597,-0.2219719,0.1969292,0.1135826,0.02401471,-0.03089905,-40.12333,0.8975095,-0.5823059,-0.1910595,0.1415813,0.9713141,0.5009651,-0.1653001,-0.01688004,2.5,0.1970754,0,0,0,1,0,0,0,0.1970754
1730306202108,-40.09735,1.561495,-0.4015274,-0.9549597,-0.2219719,0.1969292,0,0,0,-40.12333,0.8975095,-0.5823059,-0.1910595,0.1415813,0.9713141,0,0,0,2.5,0.1970754,0,0,0,1,0,0,0,0.1970754
1730306202127,-40.09571,1.562158,-0.4020576,-0.9551674,-0.2178729,0.2004673,0.1235962,0.04972816,-0.03976822,-40.12134,0.901377,-0.5772171,-0.1917517,0.1278272,0.9730835,0.1490593,0.290063,0.3816605,2.5,0.1970754,0,0,0,1,0,0,0,0.1970754
1730306202134,-40.09571,1.562158,-0.4020576,-0.9551674,-0.2178729,0.2004673,0,0,0,-40.12134,0.901377,-0.5772171,-0.1917517,0.1278272,0.9730835,0,0,0,2.5,0.1970754,0,0,0,1,0,0,0,0.1970754
1730306202140,-40.09571,1.562158,-0.4020576,-0.9551674,-0.2178729,0.2004673,0,0,0,-40.12134,0.901377,-0.5772171,-0.1917517,0.1278272,0.9730835,0,0,0,2.5,0.1970754,0,0,0,1,0,0,0,0.1970754
1730306202155,-40.09401,1.562803,-0.402359,-0.9559455,-0.2101659,0.204936,0.1276016,0.04832447,-0.02260208,-40.12333,0.9082273,-0.5723839,-0.1915649,0.1229917,0.9737433,-0.1490593,0.5137682,0.3624916,2.5,0.1970754,0,0,0,1,0,0,0,0.1970754
1730306202162,-40.09401,1.562803,-0.402359,-0.9559455,-0.2101659,0.204936,0,0,0,-40.12333,0.9082273,-0.5723839,-0.1915649,0.1229917,0.9737433,0,0,0,2.5,0.1970754,0,0,0,1,0,0,0,0.1970754
1730306202182,-40.09203,1.56362,-0.4030113,-0.956486,-0.2032566,0.2093359,0.1484871,0.06130636,-0.04892349,-40.12495,0.9138461,-0.5694427,-0.1933961,0.1179652,0.9740032,-0.1218796,0.4214153,0.2205849,2.5,0.1970754,0,0,0,1,0,0,0,0.1970754
1730306202188,-40.09203,1.56362,-0.4030113,-0.956486,-0.2032566,0.2093359,0,0,0,-40.12495,0.9138461,-0.5694427,-0.1933961,0.1179652,0.9740032,0,0,0,2.5,0.1970754,0,0,0,1,0,0,0,0.1970754
1730306202210,-40.09011,1.564621,-0.4027977,-0.9575222,-0.1945928,0.2128041,0.1439095,0.07508397,0.01602173,-40.12593,0.9181702,-0.5699043,-0.1959299,0.1129576,0.9740903,-0.07381439,0.3243059,-0.03461838,2.5,0.1970754,0,0,0,1,0,0,0,0.1970754
1730306202216,-40.09011,1.564621,-0.4027977,-0.9575222,-0.1945928,0.2128041,0,0,0,-40.12593,0.9181702,-0.5699043,-0.1959299,0.1129576,0.9740903,0,0,0,2.5,0.1970754,0,0,0,1,0,0,0,0.1970754
1730306202238,-40.08838,1.566092,-0.4032936,-0.9595808,-0.1817785,0.2148526,0.1293182,0.1103282,-0.0371933,2.5,0.1970754,0,0,8.74228E-08,1,3196.945,-54.08211,42.74282,2.5,0.1970754,0,0,0,1,0,0,0,0.1970754
1730306202245,-40.08838,1.566092,-0.4032936,-0.9595808,-0.1817785,0.2148526,0,0,0,2.5,0.1970754,0,0,8.74228E-08,1,0,0,0,2.5,0.1970754,0,0,0,1,0,0,0,0.1970754
1730306202266,-40.08681,1.567582,-0.4043388,-0.9619444,-0.1662854,0.2168235,0.117588,0.1117051,-0.07839203,2.5,0.1970754,0,0,8.74228E-08,1,0,0,0,2.5,0.1970754,0,0,0,1,0,0,0,0.1970754
1730306202273,-40.08681,1.567582,-0.4043388,-0.9619444,-0.1662854,0.2168235,0,0,0,2.5,0.1970754,0,0,8.74228E-08,1,0,0,0,2.5,0.1970754,0,0,0,1,0,0,0,0.1970754
1730306202294,-40.08545,1.56889,-0.4051132,-0.9646316,-0.1498201,0.2168874,0.1027107,0.09809732,-0.05807877,2.5,0.1970754,0,0,8.74228E-08,1,0,0,0,2.5,0.1970754,0,0,0,1,0,0,0,0.1970754
1730306202300,-40.08545,1.56889,-0.4051132,-0.9646316,-0.1498201,0.2168874,0,0,0,2.5,0.1970754,0,0,8.74228E-08,1,0,0,0,2.5,0.1970754,0,0,0,1,0,0,0,0.1970754
1730306202321,-40.08401,1.570046,-0.4064102,-0.9672447,-0.13511,0.2149029,0.1075745,0.08672476,-0.09727478,2.5,0.1970754,0,0,8.74228E-08,1,0,0,0,2.5,0.1970754,0,0,0,1,0,0,0,0.1970754
1730306202328,-40.08401,1.570046,-0.4064102,-0.9672447,-0.13511,0.2149029,0,0,0,2.5,0.1970754,0,0,8.74228E-08,1,0,0,0,2.5,0.1970754,0,0,0,1,0,0,0,0.1970754
1730306202349,-40.08255,1.571363,-0.4073219,-0.9694311,-0.1218774,0.2129545,0.1098633,0.09881258,-0.06837845,2.5,0.1970754,0,0,8.74228E-08,1,0,0,0,2.5,0.1970754,0,0,0,1,0,0,0,0.1970754
1730306202356,-40.08255,1.571363,-0.4073219,-0.9694311,-0.1218774,0.2129545,0,0,0,2.5,0.1970754,0,0,8.74228E-08,1,0,0,0,2.5,0.1970754,0,0,0,1,0,0,0,0.1970754
1730306202377,-40.08107,1.572581,-0.4083939,-0.9712852,-0.1095932,0.2111748,0.1110077,0.09131134,-0.08039474,2.5,0.1970754,0,0,8.74228E-08,1,0,0,0,2.5,0.1970754,0,0,0,1,0,0,0,0.1970754
1730306202384,-40.08107,1.572581,-0.4083939,-0.9712852,-0.1095932,0.2111748,0,0,0,2.5,0.1970754,0,0,8.74228E-08,1,0,0,0,2.5,0.1970754,0,0,0,1,0,0,0,0.1970754
1730306202405,-40.07961,1.573439,-0.4090996,-0.9732062,-0.09713382,0.2084111,0.1092911,0.06434619,-0.05292892,2.5,0.1970754,0,0,8.74228E-08,1,0,0,0,2.5,0.1970754,0,0,0,1,0,0,0,0.1970754
1730306202411,-40.07961,1.573439,-0.4090996,-0.9732062,-0.09713382,0.2084111,0,0,0,2.5,0.1970754,0,0,8.74228E-08,1,0,0,0,2.5,0.1970754,0,0,0,1,0,0,0,0.1970754
1730306202433,-40.07829,1.574494,-0.4096527,-0.9747062,-0.08529917,0.2065722,0.09870529,0.07914305,-0.04148483,2.5,0.1970754,0,0,8.74228E-08,1,0,0,0,2.5,0.1970754,0,0,0,1,0,0,0,0.1970754
1730306202439,-40.07829,1.574494,-0.4096527,-0.9747062,-0.08529917,0.2065722,0,0,0,2.5,0.1970754,0,0,8.74228E-08,1,0,0,0,2.5,0.1970754,0,0,0,1,0,0,0,0.1970754
1730306202460,-40.0769,1.575797,-0.4105072,-0.976311,-0.07012989,0.2046922,0.1044273,0.09774864,-0.06408691,2.5,0.1970754,0,0,8.74228E-08,1,0,0,0,2.5,0.1970754,0,0,0,1,0,0,0,0.1970754
1730306202467,-40.0769,1.575797,-0.4105072,-0.976311,-0.07012989,0.2046922,0,0,0,2.5,0.1970754,0,0,8.74228E-08,1,0,0,0,2.5,0.1970754,0,0,0,1,0,0,0,0.1970754
1730306202488,-40.07549,1.576941,-0.4112968,-0.9777899,-0.05537077,0.2021415,0.1058578,0.0857681,-0.05922318,2.5,0.1970754,0,0,8.74228E-08,1,0,0,0,2.5,0.1970754,0,0,0,1,0,0,0,0.1970754
1730306202495,-40.07549,1.576941,-0.4112968,-0.9777899,-0.05537077,0.2021415,0,0,0,2.5,0.1970754,0,0,8.74228E-08,1,0,0,0,2.5,0.1970754,0,0,0,1,0,0,0,0.1970754
1730306202501,-40.07549,1.576941,-0.4112968,-0.9777899,-0.05537077,0.2021415,0,0,0,2.5,0.1970754,0,0,8.74228E-08,1,0,0,0,2.5,0.1970754,0,0,0,1,0,0,0,0.1970754
1730306202516,-40.07431,1.578526,-0.4118996,-0.9790563,-0.03817084,0.1999807,0.08869171,0.1188934,-0.04520416,2.5,0.1970754,0,0,8.74228E-08,1,0,0,0,2.5,0.1970754,0,0,0,1,0,0,0,0.1970754
1730306202523,-40.07431,1.578526,-0.4118996,-0.9790563,-0.03817084,0.1999807,0,0,0,2.5,0.1970754,0,0,8.74228E-08,1,0,0,0,2.5,0.1970754,0,0,0,1,0,0,0,0.1970754
1730306202544,-40.07341,1.580304,-0.4122658,-0.9799541,-0.01739423,0.1984627,0.06723404,0.1333237,-0.02746582,2.5,0.1970754,0,0,8.74228E-08,1,0,0,0,2.5,0.1970754,0,0,0,1,0,0,0,0.1970754
1730306202551,-40.07341,1.580304,-0.4122658,-0.9799541,-0.01739423,0.1984627,0,0,0,2.5,0.1970754,0,0,8.74228E-08,1,0,0,0,2.5,0.1970754,0,0,0,1,0,0,0,0.1970754
1730306202569,-40.07265,1.582507,-0.4126854,-0.9801717,0.007497013,0.1980099,0.05722046,0.1652688,-0.03147125,2.5,0.1970754,0,0,8.74228E-08,1,0,0,0,2.5,0.1970754,0,0,0,1,0,0,0,0.1970754
1730306202576,-40.07265,1.582507,-0.4126854,-0.9801717,0.007497013,0.1980099,0,0,0,2.5,0.1970754,0,0,8.74228E-08,1,0,0,0,2.5,0.1970754,0,0,0,1,0,0,0,0.1970754
1730306202597,-40.07203,1.584931,-0.4131737,-0.979511,0.03392699,0.1985131,0.04663467,0.1817375,-0.03662109,2.5,0.1970754,0,0,8.74228E-08,1,0,0,0,2.5,0.1970754,0,0,0,1,0,0,0,0.1970754
1730306202605,-40.07203,1.584931,-0.4131737,-0.979511,0.03392699,0.1985131,0,0,0,2.5,0.1970754,0,0,8.74228E-08,1,0,0,0,2.5,0.1970754,0,0,0,1,0,0,0,0.1970754
1730306202625,-40.07161,1.587335,-0.4134521,-0.9782498,0.05801666,0.199153,0.03089905,0.1803428,-0.02088547,2.5,0.1970754,0,0,8.74228E-08,1,0,0,0,2.5,0.1970754,0,0,0,1,0,0,0,0.1970754
1730306202633,-40.07161,1.587335,-0.4134521,-0.9782498,0.05801666,0.199153,0,0,0,2.5,0.1970754,0,0,8.74228E-08,1,0,0,0,2.5,0.1970754,0,0,0,1,0,0,0,0.1970754
1730306202653,-40.07043,1.59002,-0.4128609,-0.9764689,0.08226192,0.1993538,0.08897781,0.2013803,0.04434586,2.5,0.1970754,0,0,8.74228E-08,1,0,0,0,2.5,0.1970754,0,0,0,1,0,0,0,0.1970754
1730306202660,-40.07043,1.59002,-0.4128609,-0.9764689,0.08226192,0.1993538,0,0,0,2.5,0.1970754,0,0,8.74228E-08,1,0,0,0,2.5,0.1970754,0,0,0,1,0,0,0,0.1970754
1730306202681,-40.07013,1.59244,-0.4128456,-0.9739383,0.107236,0.1998614,0.02202988,0.1814604,0.001144409,2.5,0.1970754,0,0,8.74228E-08,1,0,0,0,2.5,0.1970754,0,0,0,1,0,0,0,0.1970754
1730306202688,-40.07013,1.59244,-0.4128456,-0.9739383,0.107236,0.1998614,0,0,0,2.5,0.1970754,0,0,8.74228E-08,1,0,0,0,2.5,0.1970754,0,0,0,1,0,0,0,0.1970754
1730306202709,-40.0699,1.594246,-0.4127617,-0.9713073,0.1287054,0.1999928,0.01716614,0.1354516,0.00629425,2.5,0.1970754,0,0,8.74228E-08,1,0,0,0,2.5,0.1970754,0,0,0,1,0,0,0,0.1970754
1730306202716,-40.0699,1.594246,-0.4127617,-0.9713073,0.1287054,0.1999928,0,0,0,2.5,0.1970754,0,0,8.74228E-08,1,0,0,0,2.5,0.1970754,0,0,0,1,0,0,0,0.1970754
1730306202736,-40.06985,1.59597,-0.4127502,-0.968729,0.1475991,0.1994469,0.004005432,0.1293451,0.0008583069,2.5,0.1970754,0,0,8.74228E-08,1,0,0,0,2.5,0.1970754,0,0,0,1,0,0,0,0.1970754
1730306202744,-40.06985,1.59597,-0.4127502,-0.968729,0.1475991,0.1994469,0,0,0,2.5,0.1970754,0,0,8.74228E-08,1,0,0,0,2.5,0.1970754,0,0,0,1,0,0,0,0.1970754
1730306202764,-40.06973,1.597427,-0.4126549,-0.9661279,0.1638523,0.1993732,0.008869171,0.1092553,0.007152557,2.5,0.1970754,0,0,8.74228E-08,1,0,0,0,2.5,0.1970754,0,0,0,1,0,0,0,0.1970754
1730306202772,-40.06973,1.597427,-0.4126549,-0.9661279,0.1638523,0.1993732,0,0,0,2.5,0.1970754,0,0,8.74228E-08,1,0,0,0,2.5,0.1970754,0,0,0,1,0,0,0,0.1970754
1730306202792,-40.06958,1.598456,-0.412365,-0.9636986,0.1755669,0.2011514,0.01115799,0.07717609,0.02174377,2.5,0.1970754,0,0,8.74228E-08,1,0,0,0,2.5,0.1970754,0,0,0,1,0,0,0,0.1970754
1730306202800,-40.06958,1.598456,-0.412365,-0.9636986,0.1755669,0.2011514,0,0,0,2.5,0.1970754,0,0,8.74228E-08,1,0,0,0,2.5,0.1970754,0,0,0,1,0,0,0,0.1970754
1730306202807,-40.06958,1.598456,-0.412365,-0.9636986,0.1755669,0.2011514,0,0,0,2.5,0.1970754,0,0,8.74228E-08,1,0,0,0,2.5,0.1970754,0,0,0,1,0,0,0,0.1970754
1730306202834,-40.06867,1.599104,-0.4127121,-0.9615124,0.1840159,0.2040397,0.06837845,0.04860163,-0.02603531,2.5,0.1970754,0,0,8.74228E-08,1,0,0,0,2.5,0.1970754,0,0,0,1,0,0,0,0.1970754
1730306202843,-40.06867,1.599104,-0.4127121,-0.9615124,0.1840159,0.2040397,0,0,0,2.5,0.1970754,0,0,8.74228E-08,1,0,0,0,2.5,0.1970754,0,0,0,1,0,0,0,0.1970754
1730306202859,-40.06842,1.599777,-0.4125061,-0.9587278,0.1943253,0.2075542,0.01859665,0.05044341,0.01544952,2.5,0.1970754,0,0,8.74228E-08,1,0,0,0,2.5,0.1970754,0,0,0,1,0,0,0,0.1970754
1730306202865,-40.06842,1.599777,-0.4125061,-0.9587278,0.1943253,0.2075542,0,0,0,2.5,0.1970754,0,0,8.74228E-08,1,0,0,0,2.5,0.1970754,0,0,0,1,0,0,0,0.1970754
1730306202872,-40.06842,1.599777,-0.4125061,-0.9587278,0.1943253,0.2075542,0,0,0,2.5,0.1970754,0,0,8.74228E-08,1,0,0,0,2.5,0.1970754,0,0,0,1,0,0,0,0.1970754
1730306202887,-40.06802,1.599967,-0.4128189,-0.9572198,0.1998212,0.2092896,0.03004074,0.01426935,-0.02346039,2.5,0.1970754,0,0,8.74228E-08,1,0,0,0,2.5,0.1970754,0,0,0,1,0,0,0,0.1970754
1730306202894,-40.06802,1.599967,-0.4128189,-0.9572198,0.1998212,0.2092896,0,0,0,2.5,0.1970754,0,0,8.74228E-08,1,0,0,0,2.5,0.1970754,0,0,0,1,0,0,0,0.1970754
1730306202915,-40.06798,1.600067,-0.4126892,-0.9564496,0.2028868,0.2098612,0.003147125,0.007492304,0.009727478,2.5,0.1970754,0,0,8.74228E-08,1,0,0,0,2.5,0.1970754,0,0,0,1,0,0,0,0.1970754
1730306202921,-40.06798,1.600067,-0.4126892,-0.9564496,0.2028868,0.2098612,0,0,0,2.5,0.1970754,0,0,8.74228E-08,1,0,0,0,2.5,0.1970754,0,0,0,1,0,0,0,0.1970754
1730306202943,-40.06788,1.59987,-0.4125557,-0.9563836,0.2040886,0.2089939,0.00743866,-0.01473427,0.01001358,2.5,0.1970754,0,0,8.74228E-08,1,0,0,0,-40.36333,1.587084,-0.2584801,-0.5503444,-0.421671,-0.7206354,-3214.75,104.2506,-19.38601,0.1970754
1730306202949,-40.06788,1.59987,-0.4125557,-0.9563836,0.2040886,0.2089939,0,0,0,2.5,0.1970754,0,0,8.74228E-08,1,0,0,0,-40.36333,1.587084,-0.2584801,-0.5503444,-0.421671,-0.7206354,0,0,0,0.1970754
1730306202971,-40.06779,1.599703,-0.412426,-0.9568286,0.2045089,0.2065323,0.006866455,-0.01257062,0.009727478,2.5,0.1970754,0,0,8.74228E-08,1,0,0,0,-40.28465,1.564365,-0.2910385,-0.4888682,-0.4092545,-0.7704017,5.901146,-1.703936,-2.441883,0.1970754
1730306202978,-40.06779,1.599703,-0.412426,-0.9568286,0.2045089,0.2065323,0,0,0,2.5,0.1970754,0,0,8.74228E-08,1,0,0,0,-40.28465,1.564365,-0.2910385,-0.4888682,-0.4092545,-0.7704017,0,0,0,0.1970754
1730306202999,-40.06781,1.599409,-0.4123878,-0.9579532,0.2029065,0.2028672,-0.001430511,-0.02204776,0.002861023,2.5,0.1970754,0,0,8.74228E-08,1,0,0,0,-40.23526,1.550104,-0.3114738,-0.4222598,-0.392115,-0.8172781,3.70388,-1.069576,-1.53265,0.1970754
1730306203005,-40.06781,1.599409,-0.4123878,-0.9579532,0.2029065,0.2028672,0,0,0,2.5,0.1970754,0,0,8.74228E-08,1,0,0,0,-40.23526,1.550104,-0.3114738,-0.4222598,-0.392115,-0.8172781,0,0,0,0.1970754
1730306203026,-40.06798,1.599141,-0.4122353,-0.9592128,0.2004237,0.1993523,-0.0128746,-0.02006292,0.01144409,2.5,0.1970754,0,0,8.74228E-08,1,0,0,0,-40.22806,1.547179,-0.317318,-0.3838497,-0.3786526,-0.8421888,0.5401611,-0.2193958,-0.4383087,0.1970754
1730306203031,-40.06798,1.599141,-0.4122353,-0.9592128,0.2004237,0.1993523,0,0,0,2.5,0.1970754,0,0,8.74228E-08,1,0,0,0,-40.22806,1.547179,-0.317318,-0.3838497,-0.3786526,-0.8421888,0,0,0,0.1970754
1730306203054,-40.06805,1.598755,-0.4121323,-0.9605288,0.1977502,0.1956521,-0.005149841,-0.02900362,0.007724762,2.5,0.1970754,0,0,8.74228E-08,1,0,0,0,-40.22105,1.542309,-0.3201103,-0.3403369,-0.3739257,-0.8627577,0.525856,-0.3652096,-0.2094269,0.1970754
1730306203059,-40.06805,1.598755,-0.4121323,-0.9605288,0.1977502,0.1956521,0,0,0,2.5,0.1970754,0,0,8.74228E-08,1,0,0,0,-40.22105,1.542309,-0.3201103,-0.3403369,-0.3739257,-0.8627577,0,0,0,0.1970754
1730306203082,-40.06805,1.598312,-0.4120445,-0.9616754,0.195674,0.1920742,0,-0.03316998,0.006580353,2.5,0.1970754,0,0,8.74228E-08,1,0,0,0,-40.22285,1.534807,-0.3213272,-0.3019565,-0.3748274,-0.876543,-0.1350403,-0.5626738,-0.09126663,0.1970754
1730306203087,-40.06805,1.598312,-0.4120445,-0.9616754,0.195674,0.1920742,0,0,0,2.5,0.1970754,0,0,8.74228E-08,1,0,0,0,-40.22285,1.534807,-0.3213272,-0.3019565,-0.3748274,-0.876543,0,0,0,0.1970754
1730306203111,-40.06805,1.598038,-0.4118233,-0.962361,0.1947704,0.1895417,-0.0002861023,-0.02054572,0.01659393,2.5,0.1970754,0,0,8.74228E-08,1,0,0,0,-40.23209,1.530326,-0.3216629,-0.2743195,-0.3811969,-0.8828578,-0.693512,-0.3360629,-0.025177,0.1970754
1730306203117,-40.06805,1.598038,-0.4118233,-0.962361,0.1947704,0.1895417,0,0,0,2.5,0.1970754,0,0,8.74228E-08,1,0,0,0,-40.23209,1.530326,-0.3216629,-0.2743195,-0.3811969,-0.8828578,0,0,0,0.1970754
1730306203139,-40.06796,1.597592,-0.4117851,-0.9638212,0.1896736,0.1872773,0.00743866,-0.03350973,0.002861023,2.5,0.1970754,0,0,8.74228E-08,1,0,0,0,-40.24993,1.529663,-0.3176041,-0.2415909,-0.389409,-0.8888166,-1.337528,-0.04968345,0.3044128,0.1970754
1730306203144,-40.06796,1.597592,-0.4117851,-0.9638212,0.1896736,0.1872773,0,0,0,2.5,0.1970754,0,0,8.74228E-08,1,0,0,0,-40.24993,1.529663,-0.3176041,-0.2415909,-0.389409,-0.8888166,0,0,0,0.1970754
1730306203167,-40.06782,1.597514,-0.4115448,-0.9644745,0.1879817,0.185613,0.01029968,-0.005829334,0.01802444,2.5,0.1970754,0,0,8.74228E-08,1,0,0,0,-40.25693,1.527384,-0.3170547,-0.2242778,-0.3937565,-0.8914347,-0.5252838,-0.1709551,0.04119873,0.1970754
1730306203173,-40.06782,1.597514,-0.4115448,-0.9644745,0.1879817,0.185613,0,0,0,2.5,0.1970754,0,0,8.74228E-08,1,0,0,0,-40.25693,1.527384,-0.3170547,-0.2242778,-0.3937565,-0.8914347,0,0,0,0.1970754
1730306203195,-40.06776,1.59755,-0.4115372,-0.9646762,0.1880684,0.1844739,0.004291534,0.002717972,0.0005722046,2.5,0.1970754,0,0,8.74228E-08,1,0,0,0,-40.26668,1.530239,-0.3091431,-0.2199169,-0.3996705,-0.8898883,-0.7312775,0.2141029,0.5933762,0.1970754
1730306203201,-40.06776,1.59755,-0.4115372,-0.9646762,0.1880684,0.1844739,0,0,0,2.5,0.1970754,0,0,8.74228E-08,1,0,0,0,-40.26668,1.530239,-0.3091431,-0.2199169,-0.3996705,-0.8898883,0,0,0,0.1970754
1730306203206,-40.06776,1.59755,-0.4115372,-0.9646762,0.1880684,0.1844739,0,0,0,2.5,0.1970754,0,0,8.74228E-08,1,0,0,0,-40.26668,1.530239,-0.3091431,-0.2199169,-0.3996705,-0.8898883,0,0,0,0.1970754
1730306203223,-40.06781,1.597429,-0.4116592,-0.964914,0.1879407,0.1833572,-0.004005432,-0.009119511,-0.009155273,2.5,0.1970754,0,0,8.74228E-08,1,0,0,0,-40.27815,1.533732,-0.2983513,-0.2330904,-0.3987826,-0.8869281,-0.8603096,0.2620071,0.8093834,0.1970754
1730306203229,-40.06781,1.597429,-0.4116592,-0.964914,0.1879407,0.1833572,0,0,0,2.5,0.1970754,0,0,8.74228E-08,1,0,0,0,-40.27815,1.533732,-0.2983513,-0.2330904,-0.3987826,-0.8869281,0,0,0,0.1970754
1730306203251,-40.068,1.597475,-0.4116707,-0.964904,0.1891337,0.1821788,-0.01430511,0.003504753,-0.0008583069,2.5,0.1970754,0,0,8.74228E-08,1,0,0,0,-40.2893,1.535476,-0.2912483,-0.2604702,-0.3905069,-0.8829837,-0.836277,0.1307756,0.5327225,0.1970754
1730306203256,-40.068,1.597475,-0.4116707,-0.964904,0.1891337,0.1821788,0,0,0,2.5,0.1970754,0,0,8.74228E-08,1,0,0,0,-40.2893,1.535476,-0.2912483,-0.2604702,-0.3905069,-0.8829837,0,0,0,0.1970754
1730306203277,-40.06834,1.597581,-0.4115486,-0.9651144,0.1889918,0.1812085,-0.025177,0.007930398,0.009155273,2.5,0.1970754,0,0,8.74228E-08,1,0,0,0,-40.29893,1.53163,-0.2860184,-0.2751614,-0.3789174,-0.8835771,-0.7218361,-0.2884269,0.3922462,0.1970754
1730306203282,-40.06834,1.597581,-0.4115486,-0.9651144,0.1889918,0.1812085,0,0,0,2.5,0.1970754,0,0,8.74228E-08,1,0,0,0,-40.29893,1.53163,-0.2860184,-0.2751614,-0.3789174,-0.8835771,0,0,0,0.1970754
1730306203306,-40.06877,1.5975,-0.4110794,-0.9656884,0.1870861,0.1801254,-0.03204346,-0.006052852,0.03519058,2.5,0.1970754,0,0,8.74228E-08,1,0,0,0,-40.30527,1.527975,-0.283432,-0.2801964,-0.369466,-0.8859942,-0.4757881,-0.2741665,0.1939774,0.1970754
1730306203311,-40.06877,1.5975,-0.4110794,-0.9656884,0.1870861,0.1801254,0,0,0,2.5,0.1970754,0,0,8.74228E-08,1,0,0,0,-40.30527,1.527975,-0.283432,-0.2801964,-0.369466,-0.8859942,0,0,0,0.1970754
1730306203334,-40.06937,1.597433,-0.4106789,-0.9659917,0.1864238,0.1791821,-0.04491806,-0.005042553,0.03004074,2.5,0.1970754,0,0,8.74228E-08,1,0,0,0,-40.31112,1.52503,-0.2807579,-0.2851903,-0.3599958,-0.8882959,-0.4385948,-0.2208441,0.2005577,0.1970754
1730306203339,-40.06937,1.597433,-0.4106789,-0.9659917,0.1864238,0.1791821,0,0,0,2.5,0.1970754,0,0,8.74228E-08,1,0,0,0,-40.31112,1.52503,-0.2807579,-0.2851903,-0.3599958,-0.8882959,0,0,0,0.1970754
1730306203362,-40.06991,1.597559,-0.4097862,-0.9662519,0.1851555,0.1790951,-0.04091263,0.009450316,0.06694794,2.5,0.1970754,0,0,8.74228E-08,1,0,0,0,-40.31067,1.522342,-0.2757339,-0.2818676,-0.354276,-0.89165,0.03404617,-0.2015859,0.3767967,0.1970754
1730306203368,-40.06991,1.597559,-0.4097862,-0.9662519,0.1851555,0.1790951,0,0,0,2.5,0.1970754,0,0,8.74228E-08,1,0,0,0,-40.31067,1.522342,-0.2757339,-0.2818676,-0.354276,-0.89165,0,0,0,0.1970754
1730306203391,-40.07059,1.597341,-0.4092331,-0.9669035,0.1822581,0.1785491,-0.05121231,-0.0163883,0.04148483,2.5,0.1970754,0,0,8.74228E-08,1,0,0,0,-40.30946,1.522143,-0.2738228,-0.2836875,-0.3526405,-0.8917214,0.09040833,-0.01494884,0.1433372,0.1970754
1730306203396,-40.07059,1.597341,-0.4092331,-0.9669035,0.1822581,0.1785491,0,0,0,2.5,0.1970754,0,0,8.74228E-08,1,0,0,0,-40.30946,1.522143,-0.2738228,-0.2836875,-0.3526405,-0.8917214,0,0,0,0.1970754
1730306203419,-40.07145,1.597093,-0.4086609,-0.9677607,0.1785105,0.1776893,-0.06437302,-0.01857877,0.04291534,2.5,0.1970754,0,0,8.74228E-08,1,0,0,0,-40.30832,1.523479,-0.2722473,-0.2973118,-0.356209,-0.8858454,0.08554459,0.1002073,0.1181602,0.1970754
1730306203424,-40.07145,1.597093,-0.4086609,-0.9677607,0.1785105,0.1776893,0,0,0,2.5,0.1970754,0,0,8.74228E-08,1,0,0,0,-40.30832,1.523479,-0.2722473,-0.2973118,-0.356209,-0.8858454,0,0,0,0.1970754
1730306203447,-40.07235,1.596712,-0.4080009,-0.9687443,0.173868,0.1769309,-0.06752014,-0.02852976,0.0494957,2.5,0.1970754,0,0,8.74228E-08,1,0,0,0,-40.30885,1.524282,-0.270874,-0.3188349,-0.3590361,-0.877176,-0.03976822,0.06020665,0.1029968,0.1970754
1730306203452,-40.07235,1.596712,-0.4080009,-0.9687443,0.173868,0.1769309,0,0,0,2.5,0.1970754,0,0,8.74228E-08,1,0,0,0,-40.30885,1.524282,-0.270874,-0.3188349,-0.3590361,-0.877176,0,0,0,0.1970754
1730306203474,-40.0732,1.596192,-0.4073753,-0.9697425,0.1678459,0.1772774,-0.06380081,-0.03907084,0.04692078,2.5,0.1970754,0,0,8.74228E-08,1,0,0,0,-40.31069,1.524424,-0.2701073,-0.3464863,-0.3599903,-0.86623,-0.1381874,0.01066625,0.05750656,0.1970754
1730306203479,-40.0732,1.596192,-0.4073753,-0.9697425,0.1678459,0.1772774,0,0,0,2.5,0.1970754,0,0,8.74228E-08,1,0,0,0,-40.31069,1.524424,-0.2701073,-0.3464863,-0.3599903,-0.86623,0,0,0,0.1970754
1730306203502,-40.07388,1.595752,-0.4065514,-0.9706396,0.1614352,0.1783194,-0.05092621,-0.03298223,0.0617981,2.5,0.1970754,0,0,8.74228E-08,1,0,0,0,-40.31308,1.524366,-0.2689171,-0.3738894,-0.3608781,-0.8543851,-0.1793861,-0.004327297,0.08926392,0.1970754
1730306203508,-40.07388,1.595752,-0.4065514,-0.9706396,0.1614352,0.1783194,0,0,0,2.5,0.1970754,0,0,8.74228E-08,1,0,0,0,-40.31308,1.524366,-0.2689171,-0.3738894,-0.3608781,-0.8543851,0,0,0,0.1970754
1730306203530,-40.07463,1.595144,-0.4060326,-0.9712054,0.1555962,0.180416,-0.05636215,-0.04558861,0.03890991,2.5,0.1970754,0,0,8.74228E-08,1,0,0,0,-40.31704,1.52541,-0.2683868,-0.3968568,-0.3575705,-0.8453689,-0.296402,0.07829368,0.03976822,0.1970754
1730306203535,-40.07463,1.595144,-0.4060326,-0.9712054,0.1555962,0.180416,0,0,0,2.5,0.1970754,0,0,8.74228E-08,1,0,0,0,-40.31704,1.52541,-0.2683868,-0.3968568,-0.3575705,-0.8453689,0,0,0,0.1970754
1730306203540,-40.07463,1.595144,-0.4060326,-0.9712054,0.1555962,0.180416,0,0,0,2.5,0.1970754,0,0,8.74228E-08,1,0,0,0,-40.31704,1.52541,-0.2683868,-0.3968568,-0.3575705,-0.8453689,0,0,0,0.1970754
1730306203558,-40.07541,1.594772,-0.4057274,-0.9712417,0.1525121,0.182839,-0.05807877,-0.02790391,0.02288818,2.5,0.1970754,0,0,8.74228E-08,1,0,0,0,-40.31838,1.525169,-0.2670784,-0.4176939,-0.3537951,-0.836876,-0.100708,-0.01805127,0.09813309,0.1970754
1730306203563,-40.07541,1.594772,-0.4057274,-0.9712417,0.1525121,0.182839,0,0,0,2.5,0.1970754,0,0,8.74228E-08,1,0,0,0,-40.31838,1.525169,-0.2670784,-0.4176939,-0.3537951,-0.836876,0,0,0,0.1970754
1730306203585,-40.0761,1.594429,-0.4054184,-0.9711995,0.1502142,0.1849532,-0.05178452,-0.02569556,0.02317429,2.5,0.1970754,0,0,8.74228E-08,1,0,0,0,-40.3235,1.525222,-0.2651024,-0.4315944,-0.3519335,-0.8305839,-0.3842354,0.003960729,0.148201,0.1970754
1730306203590,-40.0761,1.594429,-0.4054184,-0.9711995,0.1502142,0.1849532,0,0,0,2.5,0.1970754,0,0,8.74228E-08,1,0,0,0,-40.3235,1.525222,-0.2651024,-0.4315944,-0.3519335,-0.8305839,0,0,0,0.1970754
1730306203611,-40.07673,1.594115,-0.405098,-0.9712294,0.1485915,0.1861029,-0.04692078,-0.0235498,0.02403259,2.5,0.1970754,0,0,8.74228E-08,1,0,0,0,-40.32755,1.523813,-0.2630386,-0.4413417,-0.3498831,-0.8263172,-0.3032684,-0.105679,0.1547813,0.1970754
1730306203616,-40.07673,1.594115,-0.405098,-0.9712294,0.1485915,0.1861029,0,0,0,2.5,0.1970754,0,0,8.74228E-08,1,0,0,0,-40.32755,1.523813,-0.2630386,-0.4413417,-0.3498831,-0.8263172,0,0,0,0.1970754
1730306203639,-40.07736,1.594128,-0.4048805,-0.9714977,0.1464462,0.1864028,-0.04749298,0.0009834766,0.01630783,2.5,0.1970754,0,0,8.74228E-08,1,0,0,0,-40.33331,1.522968,-0.260437,-0.4465046,-0.3462377,-0.825078,-0.4325867,-0.06338954,0.1951218,0.1970754
1730306203645,-40.07736,1.594128,-0.4048805,-0.9714977,0.1464462,0.1864028,0,0,0,2.5,0.1970754,0,0,8.74228E-08,1,0,0,0,-40.33331,1.522968,-0.260437,-0.4465046,-0.3462377,-0.825078,0,0,0,0.1970754
1730306203668,-40.07807,1.593924,-0.4048767,-0.9718189,0.1451468,0.1857436,-0.05321503,-0.01536012,0.0002861023,2.5,0.1970754,0,0,8.74228E-08,1,0,0,0,-40.33838,1.522208,-0.2581024,-0.4515814,-0.3426032,-0.8238313,-0.3802299,-0.05702376,0.1750946,0.1970754
1730306203673,-40.07807,1.593924,-0.4048767,-0.9718189,0.1451468,0.1857436,0,0,0,2.5,0.1970754,0,0,8.74228E-08,1,0,0,0,-40.33838,1.522208,-0.2581024,-0.4515814,-0.3426032,-0.8238313,0,0,0,0.1970754
1730306203695,-40.07888,1.593908,-0.4047241,-0.9721571,0.1445148,0.1844618,-0.06122589,-0.001144409,0.01144409,2.5,0.1970754,0,0,8.74228E-08,1,0,0,0,-40.33987,1.521139,-0.2570686,-0.4496377,-0.3349321,-0.828038,-0.1112938,-0.08016229,0.07753372,0.1970754
1730306203701,-40.07888,1.593908,-0.4047241,-0.9721571,0.1445148,0.1844618,0,0,0,2.5,0.1970754,0,0,8.74228E-08,1,0,0,0,-40.33987,1.521139,-0.2570686,-0.4496377,-0.3349321,-0.828038,0,0,0,0.1970754
1730306203724,-40.07985,1.593795,-0.4046974,-0.9726303,0.1428334,0.1832739,-0.07238388,-0.008493662,0.002002716,2.5,0.1970754,0,0,8.74228E-08,1,0,0,0,-40.34081,1.519829,-0.2575455,-0.4430546,-0.3277838,-0.8344226,-0.07038116,-0.09824038,-0.03576279,0.1970754
1730306203729,-40.07985,1.593795,-0.4046974,-0.9726303,0.1428334,0.1832739,0,0,0,2.5,0.1970754,0,0,8.74228E-08,1,0,0,0,-40.34081,1.519829,-0.2575455,-0.4430546,-0.3277838,-0.8344226,0,0,0,0.1970754
1730306203751,-40.08105,1.593888,-0.4046745,-0.9729697,0.1414749,0.182525,-0.08983612,0.006937981,0.001716614,2.5,0.1970754,0,0,8.74228E-08,1,0,0,0,-40.34214,1.518948,-0.2580757,-0.4352305,-0.3187396,-0.8420095,-0.1004219,-0.06610751,-0.03976822,0.1970754
1730306203757,-40.08105,1.593888,-0.4046745,-0.9729697,0.1414749,0.182525,0,0,0,2.5,0.1970754,0,0,8.74228E-08,1,0,0,0,-40.34214,1.518948,-0.2580757,-0.4352305,-0.3187396,-0.8420095,0,0,0,0.1970754
1730306203779,-40.08231,1.59394,-0.4046173,-0.9732758,0.1395829,0.1823487,-0.09469986,0.003898144,0.004291534,2.5,0.1970754,0,0,8.74228E-08,1,0,0,0,-40.34423,1.517975,-0.2583656,-0.4266718,-0.3107793,-0.8493339,-0.1567841,-0.07297397,-0.02174377,0.1970754
1730306203785,-40.08231,1.59394,-0.4046173,-0.9732758,0.1395829,0.1823487,0,0,0,2.5,0.1970754,0,0,8.74228E-08,1,0,0,0,-40.34423,1.517975,-0.2583656,-0.4266718,-0.3107793,-0.8493339,0,0,0,0.1970754
1730306203807,-40.08368,1.593764,-0.4046478,-0.9735665,0.1368107,0.1828981,-0.1024246,-0.01316071,-0.002288818,2.5,0.1970754,0,0,8.74228E-08,1,0,0,0,-40.34608,1.517303,-0.2584343,-0.4181299,-0.3033997,-0.8562224,-0.1387596,-0.05034506,-0.005149841,0.1970754
1730306203813,-40.08368,1.593764,-0.4046478,-0.9735665,0.1368107,0.1828981,0,0,0,2.5,0.1970754,0,0,8.74228E-08,1,0,0,0,-40.34608,1.517303,-0.2584343,-0.4181299,-0.3033997,-0.8562224,0,0,0,0.1970754
1730306203835,-40.08518,1.594061,-0.4048042,-0.9736646,0.1345333,0.184061,-0.1127243,0.02224445,-0.01173019,2.5,0.1970754,0,0,8.74228E-08,1,0,0,0,-40.34815,1.51659,-0.2583618,-0.4096151,-0.2957956,-0.8629723,-0.1547813,-0.05350113,0.005435944,0.1970754
1730306203841,-40.08518,1.594061,-0.4048042,-0.9736646,0.1345333,0.184061,0,0,0,2.5,0.1970754,0,0,8.74228E-08,1,0,0,0,-40.34815,1.51659,-0.2583618,-0.4096151,-0.2957956,-0.8629723,0,0,0,0.1970754
1730306203863,-40.08648,1.593913,-0.404789,-0.9734816,0.1331614,0.1860155,-0.09784698,-0.01108646,0.001144409,2.5,0.1970754,0,0,8.74228E-08,1,0,0,0,-40.34909,1.516343,-0.2587433,-0.4016244,-0.2869771,-0.8696795,-0.07066727,-0.0184983,-0.02861023,0.1970754
1730306203868,-40.08648,1.593913,-0.404789,-0.9734816,0.1331614,0.1860155,0,0,0,2.5,0.1970754,0,0,8.74228E-08,1,0,0,0,-40.34909,1.516343,-0.2587433,-0.4016244,-0.2869771,-0.8696795,0,0,0,0.1970754
1730306203873,-40.08648,1.593913,-0.404789,-0.9734816,0.1331614,0.1860155,0,0,0,2.5,0.1970754,0,0,8.74228E-08,1,0,0,0,-40.34909,1.516343,-0.2587433,-0.4016244,-0.2869771,-0.8696795,0,0,0,0.1970754
1730306203891,-40.08798,1.594012,-0.4046669,-0.9734901,0.1314019,0.187219,-0.1121521,0.007456541,0.009155273,2.5,0.1970754,0,0,8.74228E-08,1,0,0,0,-40.34885,1.516274,-0.2602005,-0.399374,-0.2771855,-0.8738816,0.01802444,-0.005212426,-0.1092911,0.1970754
1730306203896,-40.08798,1.594012,-0.4046669,-0.9734901,0.1314019,0.187219,0,0,0,2.5,0.1970754,0,0,8.74228E-08,1,0,0,0,-40.34885,1.516274,-0.2602005,-0.399374,-0.2771855,-0.8738816,0,0,0,0.1970754
1730306203918,-40.08945,1.593931,-0.4046173,-0.9735324,0.1300832,0.1879187,-0.1101494,-0.006106496,0.00371933,2.5,0.1970754,0,0,8.74228E-08,1,0,0,0,-40.34941,1.516415,-0.2621727,-0.4006696,-0.2675598,-0.8762853,-0.04177094,0.01061261,-0.1479149,0.1970754
1730306203923,-40.08945,1.593931,-0.4046173,-0.9735324,0.1300832,0.1879187,0,0,0,2.5,0.1970754,0,0,8.74228E-08,1,0,0,0,-40.34941,1.516415,-0.2621727,-0.4006696,-0.2675598,-0.8762853,0,0,0,0.1970754
1730306203946,-40.09083,1.593762,-0.4045677,-0.9735789,0.1284758,0.1887817,-0.1038551,-0.01264215,0.00371933,2.5,0.1970754,0,0,8.74228E-08,1,0,0,0,-40.34987,1.516689,-0.2642746,-0.4044966,-0.2601651,-0.8767539,-0.03490448,0.02053678,-0.1576424,0.1970754
1730306203951,-40.09083,1.593762,-0.4045677,-0.9735789,0.1284758,0.1887817,0,0,0,2.5,0.1970754,0,0,8.74228E-08,1,0,0,0,-40.34987,1.516689,-0.2642746,-0.4044966,-0.2601651,-0.8767539,0,0,0,0.1970754
1730306203974,-40.09213,1.593581,-0.4044456,-0.9736041,0.1259901,0.1903197,-0.09727478,-0.01358092,0.009155273,2.5,0.1970754,0,0,8.74228E-08,1,0,0,0,-40.35076,1.516917,-0.2653923,-0.4145433,-0.2521645,-0.8743956,-0.06666183,0.01712143,-0.08382797,0.1970754
1730306203979,-40.09213,1.593581,-0.4044456,-0.9736041,0.1259901,0.1903197,0,0,0,2.5,0.1970754,0,0,8.74228E-08,1,0,0,0,-40.35076,1.516917,-0.2653923,-0.4145433,-0.2521645,-0.8743956,0,0,0,0.1970754
1730306204002,-40.09347,1.593215,-0.4042892,-0.9737838,0.1223057,0.1917987,-0.100708,-0.02746582,0.01173019,2.5,0.1970754,0,0,8.74228E-08,1,0,0,0,-40.3517,1.517092,-0.2664223,-0.4200071,-0.2479834,-0.8729829,-0.07038116,0.01306236,-0.07724762,0.1970754
1730306204007,-40.09347,1.593215,-0.4042892,-0.9737838,0.1223057,0.1917987,0,0,0,2.5,0.1970754,0,0,8.74228E-08,1,0,0,0,-40.3517,1.517092,-0.2664223,-0.4200071,-0.2479834,-0.8729829,0,0,0,0.1970754
1730306204030,-40.09478,1.593119,-0.4036942,-0.9740232,0.1190817,0.1926107,-0.09784698,-0.007215142,0.04463196,2.5,0.1970754,0,0,8.74228E-08,1,0,0,0,-40.35212,1.517065,-0.2667618,-0.4261126,-0.2521568,-0.8688185,-0.03118515,-0.001984835,-0.0254631,0.1970754
1730306204035,-40.09478,1.593119,-0.4036942,-0.9740232,0.1190817,0.1926107,0,0,0,2.5,0.1970754,0,0,8.74228E-08,1,0,0,0,-40.35212,1.517065,-0.2667618,-0.4261126,-0.2521568,-0.8688185,0,0,0,0.1970754
1730306204058,-40.09596,1.593023,-0.4034233,-0.974218,0.1179131,0.1923432,-0.08897781,-0.007197261,0.02031326,2.5,0.1970754,0,0,8.74228E-08,1,0,0,0,-40.35147,1.516006,-0.2658424,-0.4301151,-0.2589147,-0.8648496,0.04835129,-0.07942021,0.06895065,0.1970754
1730306204063,-40.09596,1.593023,-0.4034233,-0.974218,0.1179131,0.1923432,0,0,0,2.5,0.1970754,0,0,8.74228E-08,1,0,0,0,-40.35147,1.516006,-0.2658424,-0.4301151,-0.2589147,-0.8648496,0,0,0,0.1970754
1730306204085,-40.09699,1.593026,-0.4032288,-0.9743747,0.1172084,0.1919807,-0.07696152,0.000205636,0.01459122,2.5,0.1970754,0,0,8.74228E-08,1,0,0,0,-40.35086,1.514213,-0.2647209,-0.4306646,-0.273244,-0.860155,0.04577637,-0.134477,0.08411407,0.1970754
1730306204090,-40.09699,1.593026,-0.4032288,-0.9743747,0.1172084,0.1919807,0,0,0,2.5,0.1970754,0,0,8.74228E-08,1,0,0,0,-40.35086,1.514213,-0.2647209,-0.4306646,-0.273244,-0.860155,0,0,0,0.1970754
1730306204112,-40.098,1.592974,-0.4029198,-0.9749647,0.1161551,0.1896104,-0.07610321,-0.003835559,0.02317429,2.5,0.1970754,0,0,8.74228E-08,1,0,0,0,-40.35041,1.511724,-0.2639389,-0.426899,-0.2854235,-0.8580744,0.03404617,-0.1866728,0.05865097,0.1970754
1730306204118,-40.098,1.592974,-0.4029198,-0.9749647,0.1161551,0.1896104,0,0,0,2.5,0.1970754,0,0,8.74228E-08,1,0,0,0,-40.35041,1.511724,-0.2639389,-0.426899,-0.2854235,-0.8580744,0,0,0,0.1970754
1730306204124,-40.098,1.592974,-0.4029198,-0.9749647,0.1161551,0.1896104,0,0,0,2.5,0.1970754,0,0,8.74228E-08,1,0,0,0,-40.35041,1.511724,-0.2639389,-0.426899,-0.2854235,-0.8580744,0,0,0,0.1970754
1730306204139,-40.099,1.592824,-0.4026794,-0.9757941,0.1151755,0.1859053,-0.0743866,-0.0112474,0.01802444,2.5,0.1970754,0,-1,0,-1.192093E-07,0,0,0,2.5,0.1970754,0,-1,0,-1.192093E-07,3213.781,-98.59866,19.79542,0.1970754
1730306204147,-40.099,1.592824,-0.4026794,-0.9757941,0.1151755,0.1859053,0,0,0,2.5,0.1970754,0,-1,0,-1.192093E-07,0,0,0,2.5,0.1970754,0,-1,0,-1.192093E-07,0,0,0,0.1970754
1730306204178,-40.09977,1.592999,-0.402317,-0.9766614,0.1149775,0.1814197,-0.05836487,0.01308918,0.02717972,2.5,0.1970754,0,-1,0,-1.192093E-07,0,0,0,2.5,0.1970754,0,-1,0,-1.192093E-07,0,0,0,0.1970754
1730306204184,-40.09977,1.592999,-0.402317,-0.9766614,0.1149775,0.1814197,0,0,0,2.5,0.1970754,0,-1,0,-1.192093E-07,0,0,0,2.5,0.1970754,0,-1,0,-1.192093E-07,0,0,0,0.1970754
1730306204205,-40.10084,1.592983,-0.4020042,-0.9781001,0.1151841,0.1733583,-0.08010864,-0.001233816,0.02346039,2.5,0.1970754,0,-1,0,-1.192093E-07,0,0,0,2.5,0.1970754,0,-1,0,-1.192093E-07,0,0,0,0.1970754
1730306204211,-40.10084,1.592983,-0.4020042,-0.9781001,0.1151841,0.1733583,0,0,0,2.5,0.1970754,0,-1,0,-1.192093E-07,0,0,0,2.5,0.1970754,0,-1,0,-1.192093E-07,0,0,0,0.1970754
1730306204218,-40.10084,1.592983,-0.4020042,-0.9781001,0.1151841,0.1733583,0,0,0,2.5,0.1970754,0,-1,0,-1.192093E-07,0,0,0,2.5,0.1970754,0,-1,0,-1.192093E-07,0,0,0,0.1970754
1730306204248,-40.10149,1.593003,-0.401989,-0.9795512,0.1136164,0.1660451,-0.04835129,0.001502037,0.001144409,2.5,0.1970754,0,-1,0,-1.192093E-07,0,0,0,2.5,0.1970754,0,-1,0,-1.192093E-07,0,0,0,0.1970754
1730306204255,-40.10149,1.593003,-0.401989,-0.9795512,0.1136164,0.1660451,0,0,0,2.5,0.1970754,0,-1,0,-1.192093E-07,0,0,0,2.5,0.1970754,0,-1,0,-1.192093E-07,0,0,0,0.1970754
1730306204272,-40.10231,1.592736,-0.4024467,-0.9818962,0.1113888,0.153208,-0.06151199,-0.02002716,-0.03433228,2.5,0.1970754,0,-1,0,-1.192093E-07,0,0,0,2.5,0.1970754,0,-1,0,-1.192093E-07,0,0,0,0.1970754
1730306204278,-40.10231,1.592736,-0.4024467,-0.9818962,0.1113888,0.153208,0,0,0,2.5,0.1970754,0,-1,0,-1.192093E-07,0,0,0,2.5,0.1970754,0,-1,0,-1.192093E-07,0,0,0,0.1970754
1730306204284,-40.10231,1.592736,-0.4024467,-0.9818962,0.1113888,0.153208,0,0,0,2.5,0.1970754,0,-1,0,-1.192093E-07,0,0,0,2.5,0.1970754,0,-1,0,-1.192093E-07,0,0,0,0.1970754
1730306204316,-40.1028,1.592732,-0.4032974,-0.9843862,0.1094903,0.1378255,-0.0371933,-0.0002682209,-0.06380081,2.5,0.1970754,0,-1,0,-1.192093E-07,0,0,0,2.5,0.1970754,0,-1,0,-1.192093E-07,0,0,0,0.1970754
1730306204324,-40.1028,1.592732,-0.4032974,-0.9843862,0.1094903,0.1378255,0,0,0,2.5,0.1970754,0,-1,0,-1.192093E-07,0,0,0,2.5,0.1970754,0,-1,0,-1.192093E-07,0,0,0,0.1970754
1730306204355,-40.10352,1.592613,-0.4060287,-0.9875656,0.1075334,0.1146777,-0.05378723,-0.008887053,-0.2048492,2.5,0.1970754,0,-1,0,-1.192093E-07,0,0,0,2.5,0.1970754,0,-1,0,-1.192093E-07,0,0,0,0.1970754
1730306204372,-40.10352,1.592613,-0.4060287,-0.9875656,0.1075334,0.1146777,0,0,0,2.5,0.1970754,0,-1,0,-1.192093E-07,0,0,0,2.5,0.1970754,0,-1,0,-1.192093E-07,0,0,0,0.1970754
1730306204385,-40.10352,1.592613,-0.4060287,-0.9875656,0.1075334,0.1146777,0,0,0,2.5,0.1970754,0,-1,0,-1.192093E-07,0,0,0,2.5,0.1970754,0,-1,0,-1.192093E-07,0,0,0,0.1970754
1730306204409,-40.10418,1.592445,-0.4074364,-0.9902528,0.1044396,0.09215152,-0.04920959,-0.01262426,-0.1055717,2.5,0.1970754,0,-1,0,-1.192093E-07,0,0,0,2.5,0.1970754,0,-1,0,-1.192093E-07,0,0,0,0.1970754
1730306204415,-40.10418,1.592445,-0.4074364,-0.9902528,0.1044396,0.09215152,0,0,0,2.5,0.1970754,0,-1,0,-1.192093E-07,0,0,0,2.5,0.1970754,0,-1,0,-1.192093E-07,0,0,0,0.1970754
1730306204421,-40.10418,1.592445,-0.4074364,-0.9902528,0.1044396,0.09215152,0,0,0,2.5,0.1970754,0,-1,0,-1.192093E-07,0,0,0,2.5,0.1970754,0,-1,0,-1.192093E-07,0,0,0,0.1970754
1730306204429,-40.10418,1.592445,-0.4074364,-0.9902528,0.1044396,0.09215152,0,0,0,2.5,0.1970754,0,-1,0,-1.192093E-07,0,0,0,2.5,0.1970754,0,-1,0,-1.192093E-07,0,0,0,0.1970754
1730306204431,-40.10418,1.592445,-0.4074364,-0.9902528,0.1044396,0.09215152,0,0,0,2.5,0.1970754,0,-1,0,-1.192093E-07,0,0,0,2.5,0.1970754,0,-1,0,-1.192093E-07,0,0,0,0.1970754
1730306204441,-40.1047,1.591676,-0.408123,-0.9932541,0.09683324,0.06379294,-0.03919601,-0.05769432,-0.05149841,2.5,0.1970754,0,-1,0,-1.192093E-07,0,0,0,2.5,0.1970754,0,-1,0,-1.192093E-07,0,0,0,0.1970754
1730306204446,-40.1047,1.591676,-0.408123,-0.9932541,0.09683324,0.06379294,0,0,0,2.5,0.1970754,0,-1,0,-1.192093E-07,0,0,0,2.5,0.1970754,0,-1,0,-1.192093E-07,0,0,0,0.1970754
1730306204456,-40.1047,1.591676,-0.408123,-0.9932541,0.09683324,0.06379294,0,0,0,2.5,0.1970754,0,-1,0,-1.192093E-07,0,0,0,2.5,0.1970754,0,-1,0,-1.192093E-07,0,0,0,0.1970754
1730306204483,-40.10492,1.590744,-0.4082336,-0.995118,0.08877211,0.04312849,-0.01659393,-0.06987154,-0.008296967,2.5,0.1970754,0,-1,0,-1.192093E-07,0,0,0,2.5,0.1970754,0,-1,0,-1.192093E-07,0,0,0,0.1970754
1730306204489,-40.10492,1.590744,-0.4082336,-0.995118,0.08877211,0.04312849,0,0,0,2.5,0.1970754,0,-1,0,-1.192093E-07,0,0,0,2.5,0.1970754,0,-1,0,-1.192093E-07,0,0,0,0.1970754
1730306204512,-40.10504,1.589711,-0.4081154,-0.9966388,0.07840708,0.02375054,-0.008869171,-0.07751584,0.008869171,2.5,0.1970754,0,-1,0,-1.192093E-07,0,0,0,2.5,0.1970754,0,-1,0,-1.192093E-07,0,0,0,0.1970754
1730306204517,-40.10504,1.589711,-0.4081154,-0.9966388,0.07840708,0.02375054,0,0,0,2.5,0.1970754,0,-1,0,-1.192093E-07,0,0,0,2.5,0.1970754,0,-1,0,-1.192093E-07,0,0,0,0.1970754
1730306204540,-40.10518,1.588845,-0.4077644,-0.9975148,0.0695205,0.01146644,-0.01087189,-0.0649631,0.02632141,2.5,0.1970754,0,-1,0,-1.192093E-07,0,0,0,2.5,0.1970754,0,-1,0,-1.192093E-07,0,0,0,0.1970754
1730306204546,-40.10518,1.588845,-0.4077644,-0.9975148,0.0695205,0.01146644,0,0,0,2.5,0.1970754,0,-1,0,-1.192093E-07,0,0,0,2.5,0.1970754,0,-1,0,-1.192093E-07,0,0,0,0.1970754
1730306204570,-40.1054,1.587992,-0.4073868,-0.9984363,0.05588526,0.001528382,-0.01602173,-0.0639081,0.02832413,2.5,0.1970754,0,-1,0,-1.192093E-07,0,0,0,2.5,0.1970754,0,-1,0,-1.192093E-07,0,0,0,0.1970754
1730306204576,-40.1054,1.587992,-0.4073868,-0.9984363,0.05588526,0.001528382,0,0,0,2.5,0.1970754,0,-1,0,-1.192093E-07,0,0,0,2.5,0.1970754,0,-1,0,-1.192093E-07,0,0,0,0.1970754
1730306204581,-40.1054,1.587992,-0.4073868,-0.9984363,0.05588526,0.001528382,0,0,0,2.5,0.1970754,0,-1,0,-1.192093E-07,0,0,0,2.5,0.1970754,0,-1,0,-1.192093E-07,0,0,0,0.1970754
1730306204599,-40.10546,1.587034,-0.4070854,-0.9990122,0.0440462,-0.005915046,-0.004577637,-0.07190108,0.02260208,2.5,0.1970754,0,-1,0,-1.192093E-07,0,0,0,2.5,0.1970754,0,-1,0,-1.192093E-07,0,0,0,0.1970754
1730306204605,-40.10546,1.587034,-0.4070854,-0.9990122,0.0440462,-0.005915046,0,0,0,2.5,0.1970754,0,-1,0,-1.192093E-07,0,0,0,2.5,0.1970754,0,-1,0,-1.192093E-07,0,0,0,0.1970754
1730306204641,-40.10551,1.585808,-0.4066353,-0.9994381,0.03142547,-0.01166987,-0.004005432,-0.0919193,0.03376007,2.5,0.1970754,0,-1,0,-1.192093E-07,0,0,0,2.5,0.1970754,0,-1,0,-1.192093E-07,0,0,0,0.1970754
1730306204647,-40.10551,1.585808,-0.4066353,-0.9994381,0.03142547,-0.01166987,0,0,0,2.5,0.1970754,0,-1,0,-1.192093E-07,0,0,0,2.5,0.1970754,0,-1,0,-1.192093E-07,0,0,0,0.1970754
1730306204683,-40.10585,1.583964,-0.406395,-0.999776,0.01241608,-0.01714277,-0.025177,-0.1382858,0.01802444,2.5,0.1970754,0,-1,0,-1.192093E-07,0,0,0,2.5,0.1970754,0,-1,0,-1.192093E-07,0,0,0,0.1970754
1730306204692,-40.10585,1.583964,-0.406395,-0.999776,0.01241608,-0.01714277,0,0,0,2.5,0.1970754,0,-1,0,-1.192093E-07,0,0,0,2.5,0.1970754,0,-1,0,-1.192093E-07,0,0,0,0.1970754
1730306204697,-40.10585,1.583964,-0.406395,-0.999776,0.01241608,-0.01714277,0,0,0,2.5,0.1970754,0,-1,0,-1.192093E-07,0,0,0,2.5,0.1970754,0,-1,0,-1.192093E-07,0,0,0,0.1970754
1730306204713,-40.1059,1.582904,-0.4064941,-0.9998723,-0.001748104,-0.01590049,-0.004005432,-0.07955432,-0.00743866,2.5,0.1970754,0,-1,0,-1.192093E-07,0,0,0,2.5,0.1970754,0,-1,0,-1.192093E-07,0,0,0,0.1970754
1730306204719,-40.1059,1.582904,-0.4064941,-0.9998723,-0.001748104,-0.01590049,0,0,0,2.5,0.1970754,0,-1,0,-1.192093E-07,0,0,0,2.5,0.1970754,0,-1,0,-1.192093E-07,0,0,0,0.1970754
1730306204724,-40.1059,1.582904,-0.4064941,-0.9998723,-0.001748104,-0.01590049,0,0,0,2.5,0.1970754,0,-1,0,-1.192093E-07,0,0,0,2.5,0.1970754,0,-1,0,-1.192093E-07,0,0,0,0.1970754
1730306204729,-40.1059,1.582904,-0.4064941,-0.9998723,-0.001748104,-0.01590049,0,0,0,2.5,0.1970754,0,-1,0,-1.192093E-07,0,0,0,2.5,0.1970754,0,-1,0,-1.192093E-07,0,0,0,0.1970754
1730306204755,-40.10572,1.581879,-0.4068871,-0.9998124,-0.01143314,-0.0156548,0.01373291,-0.07683635,-0.02946854,2.5,0.1970754,0,-1,0,-1.192093E-07,0,0,0,2.5,0.1970754,0,-1,0,-1.192093E-07,0,0,0,0.1970754
1730306204761,-40.10572,1.581879,-0.4068871,-0.9998124,-0.01143314,-0.0156548,0,0,0,2.5,0.1970754,0,-1,0,-1.192093E-07,0,0,0,2.5,0.1970754,0,-1,0,-1.192093E-07,0,0,0,0.1970754
1730306204794,-40.10526,1.581064,-0.4076424,-0.9996678,-0.02088302,-0.015118,0.03433228,-0.06113648,-0.05664825,2.5,0.1970754,0,-1,0,-1.192093E-07,0,0,0,2.5,0.1970754,0,-1,0,-1.192093E-07,0,0,0,0.1970754
1730306204802,-40.10526,1.581064,-0.4076424,-0.9996678,-0.02088302,-0.015118,0,0,0,2.5,0.1970754,0,-1,0,-1.192093E-07,0,0,0,2.5,0.1970754,0,-1,0,-1.192093E-07,0,0,0,0.1970754
1730306204808,-40.10526,1.581064,-0.4076424,-0.9996678,-0.02088302,-0.015118,0,0,0,2.5,0.1970754,0,-1,0,-1.192093E-07,0,0,0,2.5,0.1970754,0,-1,0,-1.192093E-07,0,0,0,0.1970754
1730306204837,-40.10459,1.580946,-0.4082489,-0.9995584,-0.02421216,-0.01722622,0.050354,-0.008815527,-0.04549026,2.5,0.1970754,0,-1,0,-1.192093E-07,0,0,0,2.5,0.1970754,0,-1,0,-1.192093E-07,0,0,0,0.1970754
1730306204845,-40.10459,1.580946,-0.4082489,-0.9995584,-0.02421216,-0.01722622,0,0,0,2.5,0.1970754,0,-1,0,-1.192093E-07,0,0,0,2.5,0.1970754,0,-1,0,-1.192093E-07,0,0,0,0.1970754
1730306204850,-40.10459,1.580946,-0.4082489,-0.9995584,-0.02421216,-0.01722622,0,0,0,2.5,0.1970754,0,-1,0,-1.192093E-07,0,0,0,2.5,0.1970754,0,-1,0,-1.192093E-07,0,0,0,0.1970754
1730306204878,-40.10448,1.58057,-0.4089699,-0.9994493,-0.02616348,-0.02042222,0.008296967,-0.02827048,-0.05407333,2.5,0.1970754,0,-1,0,-1.192093E-07,0,0,0,2.5,0.1970754,0,-1,0,-1.192093E-07,0,0,0,0.1970754
1730306204884,-40.10448,1.58057,-0.4089699,-0.9994493,-0.02616348,-0.02042222,0,0,0,2.5,0.1970754,0,-1,0,-1.192093E-07,0,0,0,2.5,0.1970754,0,-1,0,-1.192093E-07,0,0,0,0.1970754
1730306204889,-40.10448,1.58057,-0.4089699,-0.9994493,-0.02616348,-0.02042222,0,0,0,2.5,0.1970754,0,-1,0,-1.192093E-07,0,0,0,2.5,0.1970754,0,-1,0,-1.192093E-07,0,0,0,0.1970754
1730306204919,-40.10472,1.580221,-0.4097786,-0.9992721,-0.03106308,-0.02215195,-0.01859665,-0.0261426,-0.06065369,2.5,0.1970754,0,-1,0,-1.192093E-07,0,0,0,2.5,0.1970754,0,-1,0,-1.192093E-07,0,0,0,0.1970754
1730306204924,-40.10472,1.580221,-0.4097786,-0.9992721,-0.03106308,-0.02215195,0,0,0,2.5,0.1970754,0,-1,0,-1.192093E-07,0,0,0,2.5,0.1970754,0,-1,0,-1.192093E-07,0,0,0,0.1970754
1730306204929,-40.10472,1.580221,-0.4097786,-0.9992721,-0.03106308,-0.02215195,0,0,0,2.5,0.1970754,0,-1,0,-1.192093E-07,0,0,0,2.5,0.1970754,0,-1,0,-1.192093E-07,0,0,0,0.1970754
1730306204961,-40.10496,1.579993,-0.4101982,-0.9990809,-0.03699485,-0.0216527,-0.01745224,-0.01708567,-0.03147125,2.5,0.1970754,0,-1,0,-1.192093E-07,0,0,0,2.5,0.1970754,0,-1,0,-1.192093E-07,0,0,0,0.1970754
1730306204966,-40.10496,1.579993,-0.4101982,-0.9990809,-0.03699485,-0.0216527,0,0,0,2.5,0.1970754,0,-1,0,-1.192093E-07,0,0,0,2.5,0.1970754,0,-1,0,-1.192093E-07,0,0,0,0.1970754
1730306204972,-40.10496,1.579993,-0.4101982,-0.9990809,-0.03699485,-0.0216527,0,0,0,2.5,0.1970754,0,-1,0,-1.192093E-07,0,0,0,2.5,0.1970754,0,-1,0,-1.192093E-07,0,0,0,0.1970754
1730306205003,-40.10547,1.579805,-0.4107132,-0.9990331,-0.03868418,-0.02090061,-0.03862381,-0.0140816,-0.03862381,2.5,0.1970754,0,-1,0,-1.192093E-07,0,0,0,2.5,0.1970754,0,-1,0,-1.192093E-07,0,0,0,0.1970754
1730306205009,-40.10547,1.579805,-0.4107132,-0.9990331,-0.03868418,-0.02090061,0,0,0,2.5,0.1970754,0,-1,0,-1.192093E-07,0,0,0,2.5,0.1970754,0,-1,0,-1.192093E-07,0,0,0,0.1970754
1730306205014,-40.10547,1.579805,-0.4107132,-0.9990331,-0.03868418,-0.02090061,0,0,0,2.5,0.1970754,0,-1,0,-1.192093E-07,0,0,0,2.5,0.1970754,0,-1,0,-1.192093E-07,0,0,0,0.1970754
1730306205046,-40.10598,1.579663,-0.4114418,-0.9988947,-0.04245613,-0.02017879,-0.0377655,-0.01069307,-0.05464554,2.5,0.1970754,0,-1,0,-1.192093E-07,0,0,0,2.5,0.1970754,0,-1,0,-1.192093E-07,0,0,0,0.1970754
1730306205051,-40.10598,1.579663,-0.4114418,-0.9988947,-0.04245613,-0.02017879,0,0,0,2.5,0.1970754,0,-1,0,-1.192093E-07,0,0,0,2.5,0.1970754,0,-1,0,-1.192093E-07,0,0,0,0.1970754
1730306205056,-40.10598,1.579663,-0.4114418,-0.9988947,-0.04245613,-0.02017879,0,0,0,2.5,0.1970754,0,-1,0,-1.192093E-07,0,0,0,2.5,0.1970754,0,-1,0,-1.192093E-07,0,0,0,0.1970754
1730306205061,-40.10598,1.579663,-0.4114418,-0.9988947,-0.04245613,-0.02017879,0,0,0,2.5,0.1970754,0,-1,0,-1.192093E-07,0,0,0,2.5,0.1970754,0,-1,0,-1.192093E-07,0,0,0,0.1970754
1730306205088,-40.10625,1.579192,-0.4120369,-0.9986684,-0.04822279,-0.01833737,-0.02059937,-0.03528893,-0.04463196,2.5,0.1970754,0,-1,0,-1.192093E-07,0,0,0,2.5,0.1970754,0,-1,0,-1.192093E-07,0,0,0,0.1970754
1730306205094,-40.10625,1.579192,-0.4120369,-0.9986684,-0.04822279,-0.01833737,0,0,0,2.5,0.1970754,0,-1,0,-1.192093E-07,0,0,0,2.5,0.1970754,0,-1,0,-1.192093E-07,0,0,0,0.1970754
1730306205099,-40.10625,1.579192,-0.4120369,-0.9986684,-0.04822279,-0.01833737,0,0,0,2.5,0.1970754,0,-1,0,-1.192093E-07,0,0,0,2.5,0.1970754,0,-1,0,-1.192093E-07,0,0,0,0.1970754
1730306205130,-40.10629,1.578681,-0.4125748,-0.9984263,-0.05395733,-0.01530647,-0.002861023,-0.03831089,-0.04034042,2.5,0.1970754,0,-1,0,-1.192093E-07,0,0,0,2.5,0.1970754,0,-1,0,-1.192093E-07,0,0,0,0.1970754
1730306205136,-40.10629,1.578681,-0.4125748,-0.9984263,-0.05395733,-0.01530647,0,0,0,2.5,0.1970754,0,-1,0,-1.192093E-07,0,0,0,2.5,0.1970754,0,-1,0,-1.192093E-07,0,0,0,0.1970754
1730306205141,-40.10629,1.578681,-0.4125748,-0.9984263,-0.05395733,-0.01530647,0,0,0,2.5,0.1970754,0,-1,0,-1.192093E-07,0,0,0,2.5,0.1970754,0,-1,0,-1.192093E-07,0,0,0,0.1970754
1730306205172,-40.10602,1.578182,-0.4130363,-0.9982048,-0.05875326,-0.01165283,0.02002716,-0.03742576,-0.03461838,2.5,0.1970754,0,-1,0,-1.192093E-07,0,0,0,2.5,0.1970754,0,-1,0,-1.192093E-07,0,0,0,0.1970754
1730306205179,-40.10602,1.578182,-0.4130363,-0.9982048,-0.05875326,-0.01165283,0,0,0,2.5,0.1970754,0,-1,0,-1.192093E-07,0,0,0,2.5,0.1970754,0,-1,0,-1.192093E-07,0,0,0,0.1970754
1730306205184,-40.10602,1.578182,-0.4130363,-0.9982048,-0.05875326,-0.01165283,0,0,0,2.5,0.1970754,0,-1,0,-1.192093E-07,0,0,0,2.5,0.1970754,0,-1,0,-1.192093E-07,0,0,0,0.1970754
1730306205213,-40.10537,1.577936,-0.4134369,-0.9981206,-0.06084774,-0.007306933,0.04863739,-0.01850724,-0.03004074,2.5,0.1970754,0,-1,0,-1.192093E-07,0,0,0,2.5,0.1970754,0,-1,0,-1.192093E-07,0,0,0,0.1970754
1730306205219,-40.10537,1.577936,-0.4134369,-0.9981206,-0.06084774,-0.007306933,0,0,0,2.5,0.1970754,0,-1,0,-1.192093E-07,0,0,0,2.5,0.1970754,0,-1,0,-1.192093E-07,0,0,0,0.1970754
1730306205224,-40.10537,1.577936,-0.4134369,-0.9981206,-0.06084774,-0.007306933,0,0,0,2.5,0.1970754,0,-1,0,-1.192093E-07,0,0,0,2.5,0.1970754,0,-1,0,-1.192093E-07,0,0,0,0.1970754
1730306205255,-40.10453,1.578026,-0.4138756,-0.9981651,-0.06042974,-0.003900409,0.0629425,0.006768107,-0.03290176,2.5,0.1970754,0,-1,0,-1.192093E-07,0,0,0,2.5,0.1970754,0,-1,0,-1.192093E-07,0,0,0,0.1970754
1730306205261,-40.10453,1.578026,-0.4138756,-0.9981651,-0.06042974,-0.003900409,0,0,0,2.5,0.1970754,0,-1,0,-1.192093E-07,0,0,0,2.5,0.1970754,0,-1,0,-1.192093E-07,0,0,0,0.1970754
1730306205265,-40.10453,1.578026,-0.4138756,-0.9981651,-0.06042974,-0.003900409,0,0,0,2.5,0.1970754,0,-1,0,-1.192093E-07,0,0,0,2.5,0.1970754,0,-1,0,-1.192093E-07,0,0,0,0.1970754
1730306205283,-40.1036,1.57816,-0.4144974,-0.998142,-0.06091448,-0.001502395,0.07038116,0.01005828,-0.04663467,2.5,0.1970754,0,-1,0,-1.192093E-07,0,0,0,2.5,0.1970754,0,-1,0,-1.192093E-07,0,0,0,0.1970754
1730306205289,-40.1036,1.57816,-0.4144974,-0.998142,-0.06091448,-0.001502395,0,0,0,2.5,0.1970754,0,-1,0,-1.192093E-07,0,0,0,2.5,0.1970754,0,-1,0,-1.192093E-07,0,0,0,0.1970754
1730306205294,-40.1036,1.57816,-0.4144974,-0.998142,-0.06091448,-0.001502395,0,0,0,2.5,0.1970754,0,-1,0,-1.192093E-07,0,0,0,2.5,0.1970754,0,-1,0,-1.192093E-07,0,0,0,0.1970754
1730306205325,-40.10308,1.577999,-0.4148178,-0.9980479,-0.06244977,-0.0005745888,0.03890991,-0.01211464,-0.02403259,2.5,0.1970754,0,-1,0,-1.192093E-07,0,0,0,2.5,0.1970754,0,-1,0,-1.192093E-07,0,0,0,0.1970754
1730306205331,-40.10308,1.577999,-0.4148178,-0.9980479,-0.06244977,-0.0005745888,0,0,0,2.5,0.1970754,0,-1,0,-1.192093E-07,0,0,0,2.5,0.1970754,0,-1,0,-1.192093E-07,0,0,0,0.1970754
1730306205336,-40.10308,1.577999,-0.4148178,-0.9980479,-0.06244977,-0.0005745888,0,0,0,2.5,0.1970754,0,-1,0,-1.192093E-07,0,0,0,2.5,0.1970754,0,-1,0,-1.192093E-07,0,0,0,0.1970754
1730306205366,-40.10208,1.577728,-0.4154739,-0.9978703,-0.06523192,0.000392735,0.0749588,-0.02026856,-0.04920959,2.5,0.1970754,0,-1,0,-1.192093E-07,0,0,0,2.5,0.1970754,0,-1,0,-1.192093E-07,0,0,0,0.1970754
1730306205372,-40.10208,1.577728,-0.4154739,-0.9978703,-0.06523192,0.000392735,0,0,0,2.5,0.1970754,0,-1,0,-1.192093E-07,0,0,0,2.5,0.1970754,0,-1,0,-1.192093E-07,0,0,0,0.1970754
1730306205377,-40.10208,1.577728,-0.4154739,-0.9978703,-0.06523192,0.000392735,0,0,0,2.5,0.1970754,0,-1,0,-1.192093E-07,0,0,0,2.5,0.1970754,0,-1,0,-1.192093E-07,0,0,0,0.1970754
1730306205408,-40.10145,1.577589,-0.4163246,-0.9977413,-0.06716852,0.0009101033,0.04692078,-0.0104785,-0.06380081,2.5,0.1970754,0,-1,0,-1.192093E-07,0,0,0,2.5,0.1970754,0,-1,0,-1.192093E-07,0,0,0,0.1970754
1730306205414,-40.10145,1.577589,-0.4163246,-0.9977413,-0.06716852,0.0009101033,0,0,0,2.5,0.1970754,0,-1,0,-1.192093E-07,0,0,0,2.5,0.1970754,0,-1,0,-1.192093E-07,0,0,0,0.1970754
1730306205420,-40.10145,1.577589,-0.4163246,-0.9977413,-0.06716852,0.0009101033,0,0,0,2.5,0.1970754,0,-1,0,-1.192093E-07,0,0,0,2.5,0.1970754,0,-1,0,-1.192093E-07,0,0,0,0.1970754
1730306205436,-40.10089,1.577523,-0.4172897,-0.9976893,-0.0679335,0.001246989,0.04234314,-0.004953146,-0.07238388,2.5,0.1970754,0,-1,0,-1.192093E-07,0,0,0,2.5,0.1970754,0,-1,0,-1.192093E-07,0,0,0,0.1970754
1730306205442,-40.10089,1.577523,-0.4172897,-0.9976893,-0.0679335,0.001246989,0,0,0,2.5,0.1970754,0,-1,0,-1.192093E-07,0,0,0,2.5,0.1970754,0,-1,0,-1.192093E-07,0,0,0,0.1970754
1730306205447,-40.10089,1.577523,-0.4172897,-0.9976893,-0.0679335,0.001246989,0,0,0,2.5,0.1970754,0,-1,0,-1.192093E-07,0,0,0,2.5,0.1970754,0,-1,0,-1.192093E-07,0,0,0,0.1970754
1730306205477,-40.10048,1.577538,-0.4177818,-0.9976336,-0.06873234,0.001837254,0.03089905,0.00115335,-0.0369072,2.5,0.1970754,0,-1,0,-1.192093E-07,0,0,0,2.5,0.1970754,0,-1,0,-1.192093E-07,0,0,0,0.1970754
1730306205483,-40.10048,1.577538,-0.4177818,-0.9976336,-0.06873234,0.001837254,0,0,0,2.5,0.1970754,0,-1,0,-1.192093E-07,0,0,0,2.5,0.1970754,0,-1,0,-1.192093E-07,0,0,0,0.1970754
1730306205519,-40.0998,1.577509,-0.4184608,-0.9975034,-0.07055178,0.003140688,0.050354,-0.002145767,-0.05092621,2.5,0.1970754,0,-1,0,-1.192093E-07,0,0,0,2.5,0.1970754,0,-1,0,-1.192093E-07,0,0,0,0.1970754
1730306205524,-40.0998,1.577509,-0.4184608,-0.9975034,-0.07055178,0.003140688,0,0,0,2.5,0.1970754,0,-1,0,-1.192093E-07,0,0,0,2.5,0.1970754,0,-1,0,-1.192093E-07,0,0,0,0.1970754
1730306205529,-40.0998,1.577509,-0.4184608,-0.9975034,-0.07055178,0.003140688,0,0,0,2.5,0.1970754,0,-1,0,-1.192093E-07,0,0,0,2.5,0.1970754,0,-1,0,-1.192093E-07,0,0,0,0.1970754
1730306205548,-40.0991,1.577194,-0.4190063,-0.9973654,-0.07228586,0.006121337,0.05264282,-0.02364814,-0.04091263,2.5,0.1970754,0,-1,0,-1.192093E-07,0,0,0,2.5,0.1970754,0,-1,0,-1.192093E-07,0,0,0,0.1970754
1730306205554,-40.0991,1.577194,-0.4190063,-0.9973654,-0.07228586,0.006121337,0,0,0,2.5,0.1970754,0,-1,0,-1.192093E-07,0,0,0,2.5,0.1970754,0,-1,0,-1.192093E-07,0,0,0,0.1970754
1730306205559,-40.0991,1.577194,-0.4190063,-0.9973654,-0.07228586,0.006121337,0,0,0,2.5,0.1970754,0,-1,0,-1.192093E-07,0,0,0,2.5,0.1970754,0,-1,0,-1.192093E-07,0,0,0,0.1970754
1730306205589,-40.09864,1.577061,-0.4192963,-0.9972769,-0.07326081,0.008484721,0.03461838,-0.009995699,-0.02174377,2.5,0.1970754,0,-1,0,-1.192093E-07,0,0,0,2.5,0.1970754,0,-1,0,-1.192093E-07,0,0,0,0.1970754
1730306205597,-40.09864,1.577061,-0.4192963,-0.9972769,-0.07326081,0.008484721,0,0,0,2.5,0.1970754,0,-1,0,-1.192093E-07,0,0,0,2.5,0.1970754,0,-1,0,-1.192093E-07,0,0,0,0.1970754
1730306205602,-40.09864,1.577061,-0.4192963,-0.9972769,-0.07326081,0.008484721,0,0,0,2.5,0.1970754,0,-1,0,-1.192093E-07,0,0,0,2.5,0.1970754,0,-1,0,-1.192093E-07,0,0,0,0.1970754
1730306205617,-40.0979,1.576999,-0.4198189,-0.9971756,-0.07441458,0.01017344,0.05578995,-0.004631281,-0.03919601,2.5,0.1970754,0,-1,0,-1.192093E-07,0,0,0,2.5,0.1970754,0,-1,0,-1.192093E-07,0,0,0,0.1970754
1730306205623,-40.0979,1.576999,-0.4198189,-0.9971756,-0.07441458,0.01017344,0,0,0,2.5,0.1970754,0,-1,0,-1.192093E-07,0,0,0,2.5,0.1970754,0,-1,0,-1.192093E-07,0,0,0,0.1970754
1730306205628,-40.0979,1.576999,-0.4198189,-0.9971756,-0.07441458,0.01017344,0,0,0,2.5,0.1970754,0,-1,0,-1.192093E-07,0,0,0,2.5,0.1970754,0,-1,0,-1.192093E-07,0,0,0,0.1970754
1730306205645,-40.0975,1.576905,-0.4201622,-0.9971064,-0.075307,0.01040667,0.02975464,-0.007027388,-0.02574921,2.5,0.1970754,0,-1,0,-1.192093E-07,0,0,0,2.5,0.1970754,0,-1,0,-1.192093E-07,0,0,0,0.1970754
1730306205651,-40.0975,1.576905,-0.4201622,-0.9971064,-0.075307,0.01040667,0,0,0,2.5,0.1970754,0,-1,0,-1.192093E-07,0,0,0,2.5,0.1970754,0,-1,0,-1.192093E-07,0,0,0,0.1970754
1730306205673,-40.09719,1.576875,-0.4205399,-0.997053,-0.07604583,0.01013315,0.02346039,-0.002288818,-0.02832413,2.5,0.1970754,0,-1,0,-1.192093E-07,0,0,0,2.5,0.1970754,0,-1,0,-1.192093E-07,0,0,0,0.1970754
1730306205700,-40.09695,1.576815,-0.4209366,-0.9969749,-0.07715031,0.00944078,0.01773834,-0.004452467,-0.02975464,2.5,0.1970754,0,-1,0,-1.192093E-07,0,0,0,2.5,0.1970754,0,-1,0,-1.192093E-07,0,0,0,0.1970754
1730306205706,-40.09695,1.576815,-0.4209366,-0.9969749,-0.07715031,0.00944078,0,0,0,2.5,0.1970754,0,-1,0,-1.192093E-07,0,0,0,2.5,0.1970754,0,-1,0,-1.192093E-07,0,0,0,0.1970754
1730306205728,-40.09668,1.576697,-0.4213257,-0.9968399,-0.07903879,0.007975519,0.02002716,-0.00885129,-0.02918243,2.5,0.1970754,0,-1,0,-1.192093E-07,0,0,0,2.5,0.1970754,0,-1,0,-1.192093E-07,0,0,0,0.1970754
1730306205734,-40.09668,1.576697,-0.4213257,-0.9968399,-0.07903879,0.007975519,0,0,0,2.5,0.1970754,0,-1,0,-1.192093E-07,0,0,0,2.5,0.1970754,0,-1,0,-1.192093E-07,0,0,0,0.1970754
1730306205739,-40.09668,1.576697,-0.4213257,-0.9968399,-0.07903879,0.007975519,0,0,0,2.5,0.1970754,0,-1,0,-1.192093E-07,0,0,0,2.5,0.1970754,0,-1,0,-1.192093E-07,0,0,0,0.1970754
1730306205769,-40.09653,1.576653,-0.4217529,-0.9967623,-0.08013482,0.006585777,0.01144409,-0.003316998,-0.03204346,2.5,0.1970754,0,-1,0,-1.192093E-07,0,0,0,2.5,0.1970754,0,-1,0,-1.192093E-07,0,0,0,0.1970754
1730306205775,-40.09653,1.576653,-0.4217529,-0.9967623,-0.08013482,0.006585777,0,0,0,2.5,0.1970754,0,-1,0,-1.192093E-07,0,0,0,2.5,0.1970754,0,-1,0,-1.192093E-07,0,0,0,0.1970754
1730306205810,-40.09621,1.576458,-0.4219742,-0.9966598,-0.08152405,0.004861176,0.0243187,-0.01463592,-0.01659393,2.5,0.1970754,0,-1,0,-1.192093E-07,0,0,0,2.5,0.1970754,0,-1,0,-1.192093E-07,0,0,0,0.1970754
1730306205815,-40.09621,1.576458,-0.4219742,-0.9966598,-0.08152405,0.004861176,0,0,0,2.5,0.1970754,0,-1,0,-1.192093E-07,0,0,0,2.5,0.1970754,0,-1,0,-1.192093E-07,0,0,0,0.1970754
1730306205819,-40.09621,1.576458,-0.4219742,-0.9966598,-0.08152405,0.004861176,0,0,0,2.5,0.1970754,0,-1,0,-1.192093E-07,0,0,0,2.5,0.1970754,0,-1,0,-1.192093E-07,0,0,0,0.1970754
1730306205840,-40.09591,1.576055,-0.4219589,-0.9963825,-0.08488576,0.004093289,0.02260208,-0.03023744,0.001144409,2.5,0.1970754,0,-1,0,-1.192093E-07,0,0,0,2.5,0.1970754,0,-1,0,-1.192093E-07,0,0,0,0.1970754
1730306205845,-40.09591,1.576055,-0.4219589,-0.9963825,-0.08488576,0.004093289,0,0,0,2.5,0.1970754,0,-1,0,-1.192093E-07,0,0,0,2.5,0.1970754,0,-1,0,-1.192093E-07,0,0,0,0.1970754
1730306205848,-40.09591,1.576055,-0.4219589,-0.9963825,-0.08488576,0.004093289,0,0,0,2.5,0.1970754,0,-1,0,-1.192093E-07,0,0,0,2.5,0.1970754,0,-1,0,-1.192093E-07,0,0,0,0.1970754
1730306205868,-40.09574,1.575846,-0.4219322,-0.9962748,-0.08615711,0.003774345,0.0125885,-0.01568198,0.002002716,2.5,0.1970754,0,-1,0,-1.192093E-07,0,0,0,2.5,0.1970754,0,-1,0,-1.192093E-07,0,0,0,0.1970754
1730306205873,-40.09574,1.575846,-0.4219322,-0.9962748,-0.08615711,0.003774345,0,0,0,2.5,0.1970754,0,-1,0,-1.192093E-07,0,0,0,2.5,0.1970754,0,-1,0,-1.192093E-07,0,0,0,0.1970754
1730306205910,-40.09576,1.57565,-0.4219742,-0.9961227,-0.08788887,0.003929257,-0.001716614,-0.01466274,-0.003147125,2.5,0.1970754,0,-1,0,-1.192093E-07,0,0,0,2.5,0.1970754,0,-1,0,-1.192093E-07,0,0,0,0.1970754
1730306205914,-40.09576,1.57565,-0.4219742,-0.9961227,-0.08788887,0.003929257,0,0,0,2.5,0.1970754,0,-1,0,-1.192093E-07,0,0,0,2.5,0.1970754,0,-1,0,-1.192093E-07,0,0,0,0.1970754
1730306205939,-40.09558,1.575467,-0.4218369,-0.9959602,-0.0897125,0.003932655,0.01316071,-0.01375079,0.01029968,2.5,0.1970754,0,-1,0,-1.192093E-07,0,0,0,2.5,0.1970754,0,-1,0,-1.192093E-07,0,0,0,0.1970754
1730306205943,-40.09558,1.575467,-0.4218369,-0.9959602,-0.0897125,0.003932655,0,0,0,2.5,0.1970754,0,-1,0,-1.192093E-07,0,0,0,2.5,0.1970754,0,-1,0,-1.192093E-07,0,0,0,0.1970754
1730306205947,-40.09558,1.575467,-0.4218369,-0.9959602,-0.0897125,0.003932655,0,0,0,2.5,0.1970754,0,-1,0,-1.192093E-07,0,0,0,2.5,0.1970754,0,-1,0,-1.192093E-07,0,0,0,0.1970754
1730306205968,-40.09554,1.575279,-0.421772,-0.9957528,-0.09200281,0.003505111,0.003433228,-0.01406372,0.004863739,2.5,0.1970754,0,-1,0,-1.192093E-07,0,0,0,2.5,0.1970754,0,-1,0,-1.192093E-07,0,0,0,0.1970754
1730306205973,-40.09554,1.575279,-0.421772,-0.9957528,-0.09200281,0.003505111,0,0,0,2.5,0.1970754,0,-1,0,-1.192093E-07,0,0,0,2.5,0.1970754,0,-1,0,-1.192093E-07,0,0,0,0.1970754
1730306205996,-40.09538,1.575047,-0.4215889,-0.9955472,-0.09421043,0.00327915,0.0120163,-0.01745224,0.01373291,2.5,0.1970754,0,-1,0,-1.192093E-07,0,0,0,2.5,0.1970754,0,-1,0,-1.192093E-07,0,0,0,0.1970754
1730306206000,-40.09538,1.575047,-0.4215889,-0.9955472,-0.09421043,0.00327915,0,0,0,2.5,0.1970754,0,-1,0,-1.192093E-07,0,0,0,2.5,0.1970754,0,-1,0,-1.192093E-07,0,0,0,0.1970754
1730306206024,-40.09528,1.574834,-0.4213867,-0.9953526,-0.09623422,0.003547668,0.00743866,-0.01594126,0.01516342,2.5,0.1970754,0,-1,0,-1.192093E-07,0,0,0,2.5,0.1970754,0,-1,0,-1.192093E-07,0,0,0,0.1970754
1730306206028,-40.09528,1.574834,-0.4213867,-0.9953526,-0.09623422,0.003547668,0,0,0,2.5,0.1970754,0,-1,0,-1.192093E-07,0,0,0,2.5,0.1970754,0,-1,0,-1.192093E-07,0,0,0,0.1970754
1730306206052,-40.09553,1.574643,-0.4211807,-0.9951713,-0.09808646,0.003665626,-0.01888275,-0.01430511,0.01544952,2.5,0.1970754,0,-1,0,-1.192093E-07,0,0,0,2.5,0.1970754,0,-1,0,-1.192093E-07,0,0,0,0.1970754
1730306206057,-40.09553,1.574643,-0.4211807,-0.9951713,-0.09808646,0.003665626,0,0,0,2.5,0.1970754,0,-1,0,-1.192093E-07,0,0,0,2.5,0.1970754,0,-1,0,-1.192093E-07,0,0,0,0.1970754
1730306206060,-40.09553,1.574643,-0.4211807,-0.9951713,-0.09808646,0.003665626,0,0,0,2.5,0.1970754,0,-1,0,-1.192093E-07,0,0,0,2.5,0.1970754,0,-1,0,-1.192093E-07,0,0,0,0.1970754
1730306206094,-40.09552,1.574443,-0.4209824,-0.9949343,-0.1004554,0.003863752,0.0005722046,-0.01500249,0.01487732,2.5,0.1970754,0,-1,0,-1.192093E-07,0,0,0,2.5,0.1970754,0,-1,0,-1.192093E-07,0,0,0,0.1970754
1730306206099,-40.09552,1.574443,-0.4209824,-0.9949343,-0.1004554,0.003863752,0,0,0,2.5,0.1970754,0,-1,0,-1.192093E-07,0,0,0,2.5,0.1970754,0,-1,0,-1.192093E-07,0,0,0,0.1970754
1730306206136,-40.09533,1.574118,-0.4206657,-0.9945965,-0.1037288,0.00428617,0.01430511,-0.02441704,0.02374649,2.5,0.1970754,0,-1,0,-1.192093E-07,0,0,0,2.5,0.1970754,0,-1,0,-1.192093E-07,0,0,0,0.1970754
1730306206140,-40.09533,1.574118,-0.4206657,-0.9945965,-0.1037288,0.00428617,0,0,0,2.5,0.1970754,0,-1,0,-1.192093E-07,0,0,0,2.5,0.1970754,0,-1,0,-1.192093E-07,0,0,0,0.1970754
1730306206144,-40.09533,1.574118,-0.4206657,-0.9945965,-0.1037288,0.00428617,0,0,0,2.5,0.1970754,0,-1,0,-1.192093E-07,0,0,0,2.5,0.1970754,0,-1,0,-1.192093E-07,0,0,0,0.1970754
1730306206164,-40.09553,1.573954,-0.4208527,-0.9944114,-0.1055263,0.003218651,-0.01487732,-0.01231134,-0.01401901,2.5,0.1970754,0,-1,0,-1.192093E-07,0,0,0,2.5,0.1970754,0,-1,0,-1.192093E-07,0,0,0,0.1970754
1730306206169,-40.09553,1.573954,-0.4208527,-0.9944114,-0.1055263,0.003218651,0,0,0,2.5,0.1970754,0,-1,0,-1.192093E-07,0,0,0,2.5,0.1970754,0,-1,0,-1.192093E-07,0,0,0,0.1970754
1730306206173,-40.09553,1.573954,-0.4208527,-0.9944114,-0.1055263,0.003218651,0,0,0,2.5,0.1970754,0,-1,0,-1.192093E-07,0,0,0,2.5,0.1970754,0,-1,0,-1.192093E-07,0,0,0,0.1970754
1730306206205,-40.09546,1.573939,-0.4207535,-0.9943486,-0.1061454,0.002020776,0.005722046,-0.001072884,0.00743866,2.5,0.1970754,0,-1,0,-1.192093E-07,0,0,0,2.5,0.1970754,0,-1,0,-1.192093E-07,0,0,0,0.1970754
1730306206210,-40.09546,1.573939,-0.4207535,-0.9943486,-0.1061454,0.002020776,0,0,0,2.5,0.1970754,0,-1,0,-1.192093E-07,0,0,0,2.5,0.1970754,0,-1,0,-1.192093E-07,0,0,0,0.1970754
1730306206233,-40.09544,1.574007,-0.4205742,-0.9942348,-0.1072238,0.0006399751,0.0008583069,0.005042553,0.01344681,2.5,0.1970754,0,-1,0,-1.192093E-07,0,0,0,2.5,0.1970754,0,-1,0,-1.192093E-07,0,0,0,0.1970754
1730306206238,-40.09544,1.574007,-0.4205742,-0.9942348,-0.1072238,0.0006399751,0,0,0,2.5,0.1970754,0,-1,0,-1.192093E-07,0,0,0,2.5,0.1970754,0,-1,0,-1.192093E-07,0,0,0,0.1970754
1730306206242,-40.09544,1.574007,-0.4205742,-0.9942348,-0.1072238,0.0006399751,0,0,0,2.5,0.1970754,0,-1,0,-1.192093E-07,0,0,0,2.5,0.1970754,0,-1,0,-1.192093E-07,0,0,0,0.1970754
1730306206262,-40.09534,1.573971,-0.4203796,-0.9941552,-0.1079589,0.0009726286,0.007724762,-0.002637506,0.01459122,2.5,0.1970754,0,-1,0,-1.192093E-07,0,0,0,2.5,0.1970754,0,-1,0,-1.192093E-07,0,0,0,0.1970754
1730306206266,-40.09534,1.573971,-0.4203796,-0.9941552,-0.1079589,0.0009726286,0,0,0,2.5,0.1970754,0,-1,0,-1.192093E-07,0,0,0,2.5,0.1970754,0,-1,0,-1.192093E-07,0,0,0,0.1970754
1730306206270,-40.09534,1.573971,-0.4203796,-0.9941552,-0.1079589,0.0009726286,0,0,0,2.5,0.1970754,0,-1,0,-1.192093E-07,0,0,0,2.5,0.1970754,0,-1,0,-1.192093E-07,0,0,0,0.1970754
1730306206289,-40.0956,1.573817,-0.4201736,-0.9940633,-0.1087986,0.001278818,-0.01945496,-0.01161397,0.01544952,2.5,0.1970754,0,-1,0,-1.192093E-07,0,0,0,2.5,0.1970754,0,-1,0,-1.192093E-07,0,0,0,0.1970754
1730306206294,-40.0956,1.573817,-0.4201736,-0.9940633,-0.1087986,0.001278818,0,0,0,2.5,0.1970754,0,-1,0,-1.192093E-07,0,0,0,2.5,0.1970754,0,-1,0,-1.192093E-07,0,0,0,0.1970754
1730306206317,-40.09559,1.573652,-0.4199257,-0.9938917,-0.1103466,0.001847267,0.0005722046,-0.01232922,0.01859665,2.5,0.1970754,0,-1,0,-1.192093E-07,0,0,0,2.5,0.1970754,0,-1,0,-1.192093E-07,0,0,0,0.1970754
1730306206345,-40.09568,1.573354,-0.4196014,-0.9936502,-0.1124773,0.002966702,-0.00629425,-0.02235174,0.0243187,2.5,0.1970754,0,-1,0,-1.192093E-07,0,0,0,2.5,0.1970754,0,-1,0,-1.192093E-07,0,0,0,0.1970754
1730306206350,-40.09568,1.573354,-0.4196014,-0.9936502,-0.1124773,0.002966702,0,0,0,2.5,0.1970754,0,-1,0,-1.192093E-07,0,0,0,2.5,0.1970754,0,-1,0,-1.192093E-07,0,0,0,0.1970754
1730306206372,-40.0959,1.573037,-0.4191971,-0.9934365,-0.1143178,0.00400573,-0.01659393,-0.02377331,0.03032684,2.5,0.1970754,0,-1,0,-1.192093E-07,0,0,0,2.5,0.1970754,0,-1,0,-1.192093E-07,0,0,0,0.1970754
1730306206376,-40.0959,1.573037,-0.4191971,-0.9934365,-0.1143178,0.00400573,0,0,0,2.5,0.1970754,0,-1,0,-1.192093E-07,0,0,0,2.5,0.1970754,0,-1,0,-1.192093E-07,0,0,0,0.1970754
1730306206381,-40.0959,1.573037,-0.4191971,-0.9934365,-0.1143178,0.00400573,0,0,0,2.5,0.1970754,0,-1,0,-1.192093E-07,0,0,0,2.5,0.1970754,0,-1,0,-1.192093E-07,0,0,0,0.1970754
1730306206413,-40.09604,1.572873,-0.4188728,-0.9932736,-0.1157105,0.004372239,-0.01029968,-0.01228452,0.0243187,2.5,0.1970754,0,-1,0,-1.192093E-07,0,0,0,2.5,0.1970754,0,-1,0,-1.192093E-07,0,0,0,0.1970754
1730306206417,-40.09604,1.572873,-0.4188728,-0.9932736,-0.1157105,0.004372239,0,0,0,2.5,0.1970754,0,-1,0,-1.192093E-07,0,0,0,2.5,0.1970754,0,-1,0,-1.192093E-07,0,0,0,0.1970754
1730306206453,-40.09623,1.572534,-0.418396,-0.9929663,-0.1182946,0.004970908,-0.01459122,-0.02548099,0.03576279,2.5,0.1970754,0,-1,0,-1.192093E-07,0,0,0,2.5,0.1970754,0,-1,0,-1.192093E-07,0,0,0,0.1970754
1730306206457,-40.09623,1.572534,-0.418396,-0.9929663,-0.1182946,0.004970908,0,0,0,2.5,0.1970754,0,-1,0,-1.192093E-07,0,0,0,2.5,0.1970754,0,-1,0,-1.192093E-07,0,0,0,0.1970754
1730306206461,-40.09623,1.572534,-0.418396,-0.9929663,-0.1182946,0.004970908,0,0,0,2.5,0.1970754,0,-1,0,-1.192093E-07,0,0,0,2.5,0.1970754,0,-1,0,-1.192093E-07,0,0,0,0.1970754
1730306206482,-40.09634,1.572125,-0.4176559,-0.9924842,-0.122173,0.007023573,-0.008296967,-0.03066659,0.05550385,2.5,0.1970754,0,-1,0,-1.192093E-07,0,0,0,2.5,0.1970754,0,-1,0,-1.192093E-07,0,0,0,0.1970754
1730306206486,-40.09634,1.572125,-0.4176559,-0.9924842,-0.122173,0.007023573,0,0,0,2.5,0.1970754,0,-1,0,-1.192093E-07,0,0,0,2.5,0.1970754,0,-1,0,-1.192093E-07,0,0,0,0.1970754
1730306206489,-40.09634,1.572125,-0.4176559,-0.9924842,-0.122173,0.007023573,0,0,0,2.5,0.1970754,0,-1,0,-1.192093E-07,0,0,0,2.5,0.1970754,0,-1,0,-1.192093E-07,0,0,0,0.1970754
1730306206510,-40.0964,1.571823,-0.417141,-0.9921792,-0.1245072,0.008860648,-0.004577637,-0.02260208,0.03862381,2.5,0.1970754,0,-1,0,-1.192093E-07,0,0,0,2.5,0.1970754,0,-1,0,-1.192093E-07,0,0,0,0.1970754
1730306206515,-40.0964,1.571823,-0.417141,-0.9921792,-0.1245072,0.008860648,0,0,0,2.5,0.1970754,0,-1,0,-1.192093E-07,0,0,0,2.5,0.1970754,0,-1,0,-1.192093E-07,0,0,0,0.1970754
1730306206552,-40.09657,1.571506,-0.4166832,-0.9918846,-0.1267264,0.0102725,-0.0125885,-0.02379119,0.03433228,2.5,0.1970754,0,-1,0,-1.192093E-07,0,0,0,2.5,0.1970754,0,-1,0,-1.192093E-07,0,0,0,0.1970754
1730306206556,-40.09657,1.571506,-0.4166832,-0.9918846,-0.1267264,0.0102725,0,0,0,2.5,0.1970754,0,-1,0,-1.192093E-07,0,0,0,2.5,0.1970754,0,-1,0,-1.192093E-07,0,0,0,0.1970754
1730306206593,-40.09675,1.571014,-0.4161682,-0.9913417,-0.1308188,0.0113377,-0.01373291,-0.03689826,0.03862381,2.5,0.1970754,0,-1,0,-1.192093E-07,0,0,0,2.5,0.1970754,0,-1,0,-1.192093E-07,0,0,0,0.1970754
1730306206599,-40.09675,1.571014,-0.4161682,-0.9913417,-0.1308188,0.0113377,0,0,0,2.5,0.1970754,0,-1,0,-1.192093E-07,0,0,0,2.5,0.1970754,0,-1,0,-1.192093E-07,0,0,0,0.1970754
1730306206603,-40.09675,1.571014,-0.4161682,-0.9913417,-0.1308188,0.0113377,0,0,0,2.5,0.1970754,0,-1,0,-1.192093E-07,0,0,0,2.5,0.1970754,0,-1,0,-1.192093E-07,0,0,0,0.1970754
1730306206623,-40.09689,1.570823,-0.4159317,-0.9910816,-0.1327893,0.01114678,-0.01058578,-0.01434088,0.01773834,2.5,0.1970754,0,-1,0,-1.192093E-07,0,0,0,2.5,0.1970754,0,-1,0,-1.192093E-07,0,0,0,0.1970754
1730306206627,-40.09689,1.570823,-0.4159317,-0.9910816,-0.1327893,0.01114678,0,0,0,2.5,0.1970754,0,-1,0,-1.192093E-07,0,0,0,2.5,0.1970754,0,-1,0,-1.192093E-07,0,0,0,0.1970754
1730306206630,-40.09689,1.570823,-0.4159317,-0.9910816,-0.1327893,0.01114678,0,0,0,2.5,0.1970754,0,-1,0,-1.192093E-07,0,0,0,2.5,0.1970754,0,-1,0,-1.192093E-07,0,0,0,0.1970754
1730306206636,-40.09689,1.570823,-0.4159317,-0.9910816,-0.1327893,0.01114678,0,0,0,2.5,0.1970754,0,-1,0,-1.192093E-07,0,0,0,2.5,0.1970754,0,-1,0,-1.192093E-07,0,0,0,0.1970754
1730306206664,-40.09694,1.570673,-0.4158974,-0.990878,-0.1343344,0.01075161,-0.003147125,-0.01125634,0.002574921,2.5,0.1970754,0,-1,0,-1.192093E-07,0,0,0,2.5,0.1970754,0,-1,0,-1.192093E-07,0,0,0,0.1970754
1730306206668,-40.09694,1.570673,-0.4158974,-0.990878,-0.1343344,0.01075161,0,0,0,2.5,0.1970754,0,-1,0,-1.192093E-07,0,0,0,2.5,0.1970754,0,-1,0,-1.192093E-07,0,0,0,0.1970754
1730306206691,-40.09726,1.570416,-0.4157181,-0.9905161,-0.1370189,0.01018703,-0.0246048,-0.01923144,0.01344681,2.5,0.1970754,0,-1,0,-1.192093E-07,0,0,0,2.5,0.1970754,0,-1,0,-1.192093E-07,0,0,0,0.1970754
1730306206695,-40.09726,1.570416,-0.4157181,-0.9905161,-0.1370189,0.01018703,0,0,0,2.5,0.1970754,0,-1,0,-1.192093E-07,0,0,0,2.5,0.1970754,0,-1,0,-1.192093E-07,0,0,0,0.1970754
1730306206701,-40.09726,1.570416,-0.4157181,-0.9905161,-0.1370189,0.01018703,0,0,0,2.5,0.1970754,0,-1,0,-1.192093E-07,0,0,0,2.5,0.1970754,0,-1,0,-1.192093E-07,0,0,0,0.1970754
1730306206720,-40.09723,1.570189,-0.4157791,-0.9902415,-0.1389758,0.01038736,0.002288818,-0.01703203,-0.004577637,2.5,0.1970754,0,-1,0,-1.192093E-07,0,0,0,2.5,0.1970754,0,-1,0,-1.192093E-07,0,0,0,0.1970754
1730306206725,-40.09723,1.570189,-0.4157791,-0.9902415,-0.1389758,0.01038736,0,0,0,2.5,0.1970754,0,-1,0,-1.192093E-07,0,0,0,2.5,0.1970754,0,-1,0,-1.192093E-07,0,0,0,0.1970754
1730306206747,-40.09718,1.569938,-0.4157448,-0.9898862,-0.1414316,0.01106691,0.004005432,-0.01882017,0.002574921,2.5,0.1970754,0,-1,0,-1.192093E-07,0,0,0,2.5,0.1970754,0,-1,0,-1.192093E-07,0,0,0,0.1970754
1730306206752,-40.09718,1.569938,-0.4157448,-0.9898862,-0.1414316,0.01106691,0,0,0,2.5,0.1970754,0,-1,0,-1.192093E-07,0,0,0,2.5,0.1970754,0,-1,0,-1.192093E-07,0,0,0,0.1970754
1730306206775,-40.09713,1.569706,-0.4157295,-0.9896162,-0.1433335,0.01076078,0.004005432,-0.01745224,0.001144409,2.5,0.1970754,0,-1,0,-1.192093E-07,0,0,0,2.5,0.1970754,0,-1,0,-1.192093E-07,0,0,0,0.1970754
1730306206779,-40.09713,1.569706,-0.4157295,-0.9896162,-0.1433335,0.01076078,0,0,0,2.5,0.1970754,0,-1,0,-1.192093E-07,0,0,0,2.5,0.1970754,0,-1,0,-1.192093E-07,0,0,0,0.1970754
1730306206803,-40.09715,1.569608,-0.4158592,-0.9895709,-0.1436863,0.01020187,-0.001430511,-0.007322431,-0.009727478,2.5,0.1970754,0,-1,0,-1.192093E-07,0,0,0,2.5,0.1970754,0,-1,0,-1.192093E-07,0,0,0,0.1970754
1730306206808,-40.09715,1.569608,-0.4158592,-0.9895709,-0.1436863,0.01020187,0,0,0,2.5,0.1970754,0,-1,0,-1.192093E-07,0,0,0,2.5,0.1970754,0,-1,0,-1.192093E-07,0,0,0,0.1970754
1730306206843,-40.09722,1.569525,-0.4159698,-0.9894835,-0.1443852,0.008699238,-0.005435944,-0.006267428,-0.008296967,2.5,0.1970754,0,-1,0,-1.192093E-07,0,0,0,2.5,0.1970754,0,-1,0,-1.192093E-07,0,0,0,0.1970754
1730306206847,-40.09722,1.569525,-0.4159698,-0.9894835,-0.1443852,0.008699238,0,0,0,2.5,0.1970754,0,-1,0,-1.192093E-07,0,0,0,2.5,0.1970754,0,-1,0,-1.192093E-07,0,0,0,0.1970754
1730306206885,-40.09696,1.569395,-0.4162102,-0.9892645,-0.145971,0.006973743,0.01945496,-0.009727478,-0.01802444,2.5,0.1970754,0,-1,0,-1.192093E-07,0,0,0,2.5,0.1970754,0,-1,0,-1.192093E-07,0,0,0,0.1970754
1730306206889,-40.09696,1.569395,-0.4162102,-0.9892645,-0.145971,0.006973743,0,0,0,2.5,0.1970754,0,-1,0,-1.192093E-07,0,0,0,2.5,0.1970754,0,-1,0,-1.192093E-07,0,0,0,0.1970754
1730306206892,-40.09696,1.569395,-0.4162102,-0.9892645,-0.145971,0.006973743,0,0,0,2.5,0.1970754,0,-1,0,-1.192093E-07,0,0,0,2.5,0.1970754,0,-1,0,-1.192093E-07,0,0,0,0.1970754
1730306206914,-40.09674,1.569354,-0.4163437,-0.9891829,-0.1465223,0.006999612,0.01630783,-0.003057718,-0.01001358,2.5,0.1970754,0,-1,0,-1.192093E-07,0,0,0,2.5,0.1970754,0,-1,0,-1.192093E-07,0,0,0,0.1970754
1730306206918,-40.09674,1.569354,-0.4163437,-0.9891829,-0.1465223,0.006999612,0,0,0,2.5,0.1970754,0,-1,0,-1.192093E-07,0,0,0,2.5,0.1970754,0,-1,0,-1.192093E-07,0,0,0,0.1970754
1730306206922,-40.09674,1.569354,-0.4163437,-0.9891829,-0.1465223,0.006999612,0,0,0,2.5,0.1970754,0,-1,0,-1.192093E-07,0,0,0,2.5,0.1970754,0,-1,0,-1.192093E-07,0,0,0,0.1970754
1730306206955,-40.09662,1.569265,-0.416378,-0.98906,-0.1473528,0.006906152,0.008869171,-0.006651878,-0.002574921,2.5,0.1970754,0,-1,0,-1.192093E-07,0,0,0,2.5,0.1970754,0,-1,0,-1.192093E-07,0,0,0,0.1970754
1730306206959,-40.09662,1.569265,-0.416378,-0.98906,-0.1473528,0.006906152,0,0,0,2.5,0.1970754,0,-1,0,-1.192093E-07,0,0,0,2.5,0.1970754,0,-1,0,-1.192093E-07,0,0,0,0.1970754
1730306206963,-40.09662,1.569265,-0.416378,-0.98906,-0.1473528,0.006906152,0,0,0,2.5,0.1970754,0,-1,0,-1.192093E-07,0,0,0,2.5,0.1970754,0,-1,0,-1.192093E-07,0,0,0,0.1970754
1730306206982,-40.09631,1.569071,-0.4165192,-0.9888469,-0.1487872,0.006669402,0.02346039,-0.0146091,-0.01058578,2.5,0.1970754,0,-1,0,-1.192093E-07,0,0,0,2.5,0.1970754,0,-1,0,-1.192093E-07,0,0,0,0.1970754
1730306206987,-40.09631,1.569071,-0.4165192,-0.9888469,-0.1487872,0.006669402,0,0,0,2.5,0.1970754,0,-1,0,-1.192093E-07,0,0,0,2.5,0.1970754,0,-1,0,-1.192093E-07,0,0,0,0.1970754
1730306206990,-40.09631,1.569071,-0.4165192,-0.9888469,-0.1487872,0.006669402,0,0,0,2.5,0.1970754,0,-1,0,-1.192093E-07,0,0,0,2.5,0.1970754,0,-1,0,-1.192093E-07,0,0,0,0.1970754
1730306207010,-40.0962,1.568867,-0.4166183,-0.9886,-0.1504147,0.006781042,0.008010864,-0.01527071,-0.00743866,2.5,0.1970754,0,-1,0,-1.192093E-07,0,0,0,2.5,0.1970754,0,-1,0,-1.192093E-07,0,0,0,0.1970754
1730306207015,-40.0962,1.568867,-0.4166183,-0.9886,-0.1504147,0.006781042,0,0,0,2.5,0.1970754,0,-1,0,-1.192093E-07,0,0,0,2.5,0.1970754,0,-1,0,-1.192093E-07,0,0,0,0.1970754
1730306207038,-40.096,1.568725,-0.4166908,-0.9883987,-0.1517117,0.007212043,0.01544952,-0.01065731,-0.005435944,2.5,0.1970754,0,-1,0,-1.192093E-07,0,0,0,2.5,0.1970754,0,-1,0,-1.192093E-07,0,0,0,0.1970754
1730306207043,-40.096,1.568725,-0.4166908,-0.9883987,-0.1517117,0.007212043,0,0,0,2.5,0.1970754,0,-1,0,-1.192093E-07,0,0,0,2.5,0.1970754,0,-1,0,-1.192093E-07,0,0,0,0.1970754
1730306207077,-40.09576,1.568687,-0.4167442,-0.9884484,-0.1513661,0.007658124,0.01773834,-0.002807379,-0.004005432,2.5,0.1970754,0,-1,0,-1.192093E-07,0,0,0,2.5,0.1970754,0,-1,0,-1.192093E-07,0,0,0,0.1970754
1730306207081,-40.09576,1.568687,-0.4167442,-0.9884484,-0.1513661,0.007658124,0,0,0,2.5,0.1970754,0,-1,0,-1.192093E-07,0,0,0,2.5,0.1970754,0,-1,0,-1.192093E-07,0,0,0,0.1970754
1730306207117,-40.09542,1.568814,-0.4167633,-0.988669,-0.1499207,0.007610679,0.025177,0.009459257,-0.001430511,2.5,0.1970754,0,-1,0,-1.192093E-07,0,0,0,2.5,0.1970754,0,-1,0,-1.192093E-07,0,0,0,0.1970754
1730306207122,-40.09542,1.568814,-0.4167633,-0.988669,-0.1499207,0.007610679,0,0,0,2.5,0.1970754,0,-1,0,-1.192093E-07,0,0,0,2.5,0.1970754,0,-1,0,-1.192093E-07,0,0,0,0.1970754
1730306207146,-40.09493,1.569301,-0.4168816,-0.9892904,-0.1457682,0.007510602,0.0371933,0.03658533,-0.008869171,2.5,0.1970754,0,-1,0,-1.192093E-07,0,0,0,2.5,0.1970754,0,-1,0,-1.192093E-07,0,0,0,0.1970754
1730306207150,-40.09493,1.569301,-0.4168816,-0.9892904,-0.1457682,0.007510602,0,0,0,2.5,0.1970754,0,-1,0,-1.192093E-07,0,0,0,2.5,0.1970754,0,-1,0,-1.192093E-07,0,0,0,0.1970754
1730306207154,-40.09493,1.569301,-0.4168816,-0.9892904,-0.1457682,0.007510602,0,0,0,2.5,0.1970754,0,-1,0,-1.192093E-07,0,0,0,2.5,0.1970754,0,-1,0,-1.192093E-07,0,0,0,0.1970754
1730306207158,-40.09493,1.569301,-0.4168816,-0.9892904,-0.1457682,0.007510602,0,0,0,2.5,0.1970754,0,-1,0,-1.192093E-07,0,0,0,2.5,0.1970754,0,-1,0,-1.192093E-07,0,0,0,0.1970754
1730306207176,-40.09457,1.569542,-0.4168777,-0.9895117,-0.1442164,0.008296192,0.02660751,0.01802444,0.0002861023,2.5,0.1970754,0,-1,0,-1.192093E-07,0,0,0,2.5,0.1970754,0,-1,0,-1.192093E-07,0,0,0,0.1970754
1730306207180,-40.09457,1.569542,-0.4168777,-0.9895117,-0.1442164,0.008296192,0,0,0,2.5,0.1970754,0,-1,0,-1.192093E-07,0,0,0,2.5,0.1970754,0,-1,0,-1.192093E-07,0,0,0,0.1970754
1730306207217,-40.09426,1.56965,-0.4168434,-0.9896165,-0.1434179,0.009532154,0.02317429,0.008136034,0.002574921,2.5,0.1970754,0,-1,0,-1.192093E-07,0,0,0,2.5,0.1970754,0,-1,0,-1.192093E-07,0,0,0,0.1970754
1730306207222,-40.09426,1.56965,-0.4168434,-0.9896165,-0.1434179,0.009532154,0,0,0,2.5,0.1970754,0,-1,0,-1.192093E-07,0,0,0,2.5,0.1970754,0,-1,0,-1.192093E-07,0,0,0,0.1970754
1730306207259,-40.09395,1.569713,-0.4167023,-0.9896601,-0.1429957,0.01119566,0.02374649,0.004738569,0.01058578,2.5,0.1970754,0,-1,0,-1.192093E-07,0,0,0,2.5,0.1970754,0,-1,0,-1.192093E-07,0,0,0,0.1970754
1730306207264,-40.09395,1.569713,-0.4167023,-0.9896601,-0.1429957,0.01119566,0,0,0,2.5,0.1970754,0,-1,0,-1.192093E-07,0,0,0,2.5,0.1970754,0,-1,0,-1.192093E-07,0,0,0,0.1970754
1730306207267,-40.09395,1.569713,-0.4167023,-0.9896601,-0.1429957,0.01119566,0,0,0,2.5,0.1970754,0,-1,0,-1.192093E-07,0,0,0,2.5,0.1970754,0,-1,0,-1.192093E-07,0,0,0,0.1970754
1730306207288,-40.09361,1.569543,-0.416626,-0.9894019,-0.1446132,0.0130716,0.0254631,-0.01281202,0.005722046,2.5,0.1970754,0,-1,0,-1.192093E-07,0,0,0,2.5,0.1970754,0,-1,0,-1.192093E-07,0,0,0,0.1970754
1730306207293,-40.09361,1.569543,-0.416626,-0.9894019,-0.1446132,0.0130716,0,0,0,2.5,0.1970754,0,-1,0,-1.192093E-07,0,0,0,2.5,0.1970754,0,-1,0,-1.192093E-07,0,0,0,0.1970754
1730306207297,-40.09361,1.569543,-0.416626,-0.9894019,-0.1446132,0.0130716,0,0,0,2.5,0.1970754,0,-1,0,-1.192093E-07,0,0,0,2.5,0.1970754,0,-1,0,-1.192093E-07,0,0,0,0.1970754
1730306207301,-40.09361,1.569543,-0.416626,-0.9894019,-0.1446132,0.0130716,0,0,0,2.5,0.1970754,0,-1,0,-1.192093E-07,0,0,0,2.5,0.1970754,0,-1,0,-1.192093E-07,0,0,0,0.1970754
1730306207329,-40.0934,1.569391,-0.4166183,-0.9891506,-0.1462092,0.01430243,0.01573563,-0.01139939,0.0005722046,2.5,0.1970754,0,-1,0,-1.192093E-07,0,0,0,2.5,0.1970754,0,-1,0,-1.192093E-07,0,0,0,0.1970754
1730306207334,-40.0934,1.569391,-0.4166183,-0.9891506,-0.1462092,0.01430243,0,0,0,2.5,0.1970754,0,-1,0,-1.192093E-07,0,0,0,2.5,0.1970754,0,-1,0,-1.192093E-07,0,0,0,0.1970754
1730306207357,-40.09314,1.569276,-0.416748,-0.9890622,-0.1466354,0.01594603,0.01916885,-0.008609891,-0.009727478,2.5,0.1970754,0,-1,0,-1.192093E-07,0,0,0,2.5,0.1970754,0,-1,0,-1.192093E-07,0,0,0,0.1970754
1730306207362,-40.09314,1.569276,-0.416748,-0.9890622,-0.1466354,0.01594603,0,0,0,2.5,0.1970754,0,-1,0,-1.192093E-07,0,0,0,2.5,0.1970754,0,-1,0,-1.192093E-07,0,0,0,0.1970754
1730306207367,-40.09314,1.569276,-0.416748,-0.9890622,-0.1466354,0.01594603,0,0,0,2.5,0.1970754,0,-1,0,-1.192093E-07,0,0,0,2.5,0.1970754,0,-1,0,-1.192093E-07,0,0,0,0.1970754
1730306207396,-40.09297,1.569207,-0.4168434,-0.989037,-0.1467493,0.01645118,0.01316071,-0.005158782,-0.007152557,2.5,0.1970754,0,-1,0,-1.192093E-07,0,0,0,2.5,0.1970754,0,-1,0,-1.192093E-07,0,0,0,0.1970754
1730306207401,-40.09297,1.569207,-0.4168434,-0.989037,-0.1467493,0.01645118,0,0,0,2.5,0.1970754,0,-1,0,-1.192093E-07,0,0,0,2.5,0.1970754,0,-1,0,-1.192093E-07,0,0,0,0.1970754
1730306207437,-40.09255,1.569057,-0.4170914,-0.9888631,-0.1478983,0.01662093,0.03147125,-0.01122952,-0.01859665,2.5,0.1970754,0,-1,0,-1.192093E-07,0,0,0,2.5,0.1970754,0,-1,0,-1.192093E-07,0,0,0,0.1970754
1730306207442,-40.09255,1.569057,-0.4170914,-0.9888631,-0.1478983,0.01662093,0,0,0,2.5,0.1970754,0,-1,0,-1.192093E-07,0,0,0,2.5,0.1970754,0,-1,0,-1.192093E-07,0,0,0,0.1970754
1730306207446,-40.09255,1.569057,-0.4170914,-0.9888631,-0.1478983,0.01662093,0,0,0,2.5,0.1970754,0,-1,0,-1.192093E-07,0,0,0,2.5,0.1970754,0,-1,0,-1.192093E-07,0,0,0,0.1970754
1730306207466,-40.09243,1.568993,-0.4176369,-0.9886755,-0.1491492,0.01660341,0.009155273,-0.004845858,-0.04091263,2.5,0.1970754,0,-1,0,-1.192093E-07,0,0,0,2.5,0.1970754,0,-1,0,-1.192093E-07,0,0,0,0.1970754
1730306207471,-40.09243,1.568993,-0.4176369,-0.9886755,-0.1491492,0.01660341,0,0,0,2.5,0.1970754,0,-1,0,-1.192093E-07,0,0,0,2.5,0.1970754,0,-1,0,-1.192093E-07,0,0,0,0.1970754
1730306207476,-40.09243,1.568993,-0.4176369,-0.9886755,-0.1491492,0.01660341,0,0,0,2.5,0.1970754,0,-1,0,-1.192093E-07,0,0,0,2.5,0.1970754,0,-1,0,-1.192093E-07,0,0,0,0.1970754
1730306207494,-40.09205,1.569004,-0.417942,-0.9887266,-0.1488628,0.0161193,0.02803802,0.0008583069,-0.02288818,2.5,0.1970754,0,-1,0,-1.192093E-07,0,0,0,2.5,0.1970754,0,-1,0,-1.192093E-07,0,0,0,0.1970754
1730306207498,-40.09205,1.569004,-0.417942,-0.9887266,-0.1488628,0.0161193,0,0,0,2.5,0.1970754,0,-1,0,-1.192093E-07,0,0,0,2.5,0.1970754,0,-1,0,-1.192093E-07,0,0,0,0.1970754
1730306207522,-40.09166,1.569057,-0.4182053,-0.9887884,-0.1485336,0.01535571,0.02975464,0.003987551,-0.01974106,2.5,0.1970754,0,-1,0,-1.192093E-07,0,0,0,2.5,0.1970754,0,-1,0,-1.192093E-07,0,0,0,0.1970754
1730306207526,-40.09166,1.569057,-0.4182053,-0.9887884,-0.1485336,0.01535571,0,0,0,2.5,0.1970754,0,-1,0,-1.192093E-07,0,0,0,2.5,0.1970754,0,-1,0,-1.192093E-07,0,0,0,0.1970754
1730306207552,-40.09142,1.569079,-0.4185638,-0.9888518,-0.1482005,0.0144552,0.01773834,0.001654029,-0.02689362,2.5,0.1970754,0,-1,0,-1.192093E-07,0,0,0,2.5,0.1970754,0,-1,0,-1.192093E-07,0,0,0,0.1970754
1730306207556,-40.09142,1.569079,-0.4185638,-0.9888518,-0.1482005,0.0144552,0,0,0,2.5,0.1970754,0,-1,0,-1.192093E-07,0,0,0,2.5,0.1970754,0,-1,0,-1.192093E-07,0,0,0,0.1970754
1730306207591,-40.0914,1.568989,-0.4188919,-0.9888415,-0.1483613,0.01346928,0.001716614,-0.006741285,-0.0246048,2.5,0.1970754,0,-1,0,-1.192093E-07,0,0,0,2.5,0.1970754,0,-1,0,-1.192093E-07,0,0,0,0.1970754
1730306207596,-40.0914,1.568989,-0.4188919,-0.9888415,-0.1483613,0.01346928,0,0,0,2.5,0.1970754,0,-1,0,-1.192093E-07,0,0,0,2.5,0.1970754,0,-1,0,-1.192093E-07,0,0,0,0.1970754
1730306207620,-40.09123,1.568891,-0.4193382,-0.9887035,-0.1494146,0.01187724,0.0125885,-0.007411838,-0.03347397,2.5,0.1970754,0,-1,0,-1.192093E-07,0,0,0,2.5,0.1970754,0,-1,0,-1.192093E-07,0,0,0,0.1970754
1730306207624,-40.09123,1.568891,-0.4193382,-0.9887035,-0.1494146,0.01187724,0,0,0,2.5,0.1970754,0,-1,0,-1.192093E-07,0,0,0,2.5,0.1970754,0,-1,0,-1.192093E-07,0,0,0,0.1970754
1730306207628,-40.09123,1.568891,-0.4193382,-0.9887035,-0.1494146,0.01187724,0,0,0,2.5,0.1970754,0,-1,0,-1.192093E-07,0,0,0,2.5,0.1970754,0,-1,0,-1.192093E-07,0,0,0,0.1970754
1730306207648,-40.09128,1.568793,-0.4196701,-0.9886439,-0.1498317,0.01157188,-0.00371933,-0.00731349,-0.0248909,2.5,0.1970754,0,-1,0,-1.192093E-07,0,0,0,2.5,0.1970754,0,-1,0,-1.192093E-07,0,0,0,0.1970754
1730306207652,-40.09128,1.568793,-0.4196701,-0.9886439,-0.1498317,0.01157188,0,0,0,2.5,0.1970754,0,-1,0,-1.192093E-07,0,0,0,2.5,0.1970754,0,-1,0,-1.192093E-07,0,0,0,0.1970754
1730306207656,-40.09128,1.568793,-0.4196701,-0.9886439,-0.1498317,0.01157188,0,0,0,2.5,0.1970754,0,-1,0,-1.192093E-07,0,0,0,2.5,0.1970754,0,-1,0,-1.192093E-07,0,0,0,0.1970754
1730306207773,-40.09121,1.568699,-0.4198952,-0.9885612,-0.150367,0.01170516,0.005435944,-0.007072091,-0.01688004,2.5,0.1970754,0,-1,0,-1.192093E-07,0,0,0,2.5,0.1970754,0,-1,0,-1.192093E-07,0,0,0,0.1970754
1730306207778,-40.09121,1.568699,-0.4198952,-0.9885612,-0.150367,0.01170516,0,0,0,2.5,0.1970754,0,-1,0,-1.192093E-07,0,0,0,2.5,0.1970754,0,-1,0,-1.192093E-07,0,0,0,0.1970754
1730306207783,-40.09121,1.568699,-0.4198952,-0.9885612,-0.150367,0.01170516,0,0,0,2.5,0.1970754,0,-1,0,-1.192093E-07,0,0,0,2.5,0.1970754,0,-1,0,-1.192093E-07,0,0,0,0.1970754
1730306207787,-40.09121,1.568699,-0.4198952,-0.9885612,-0.150367,0.01170516,0,0,0,2.5,0.1970754,0,-1,0,-1.192093E-07,0,0,0,2.5,0.1970754,0,-1,0,-1.192093E-07,0,0,0,0.1970754
1730306207788,-40.09121,1.568699,-0.4198952,-0.9885612,-0.150367,0.01170516,0,0,0,2.5,0.1970754,0,-1,0,-1.192093E-07,0,0,0,2.5,0.1970754,0,-1,0,-1.192093E-07,0,0,0,0.1970754
1730306207788,-40.09121,1.568699,-0.4198952,-0.9885612,-0.150367,0.01170516,0,0,0,2.5,0.1970754,0,-1,0,-1.192093E-07,0,0,0,2.5,0.1970754,0,-1,0,-1.192093E-07,0,0,0,0.1970754
1730306207789,-40.09121,1.568699,-0.4198952,-0.9885612,-0.150367,0.01170516,0,0,0,2.5,0.1970754,0,-1,0,-1.192093E-07,0,0,0,2.5,0.1970754,0,-1,0,-1.192093E-07,0,0,0,0.1970754
1730306207789,-40.09121,1.568699,-0.4198952,-0.9885612,-0.150367,0.01170516,0,0,0,2.5,0.1970754,0,-1,0,-1.192093E-07,0,0,0,2.5,0.1970754,0,-1,0,-1.192093E-07,0,0,0,0.1970754
1730306207790,-40.09121,1.568699,-0.4198952,-0.9885612,-0.150367,0.01170516,0,0,0,2.5,0.1970754,0,-1,0,-1.192093E-07,0,0,0,2.5,0.1970754,0,-1,0,-1.192093E-07,0,0,0,0.1970754
1730306207801,-40.09053,1.568219,-0.4202995,-0.9880596,-0.1534414,0.01395178,0.050354,-0.0359863,-0.03032684,2.5,0.1970754,0,-1,0,-1.192093E-07,0,0,0,2.5,0.1970754,0,-1,0,-1.192093E-07,0,0,0,0.1970754
1730306207806,-40.09053,1.568219,-0.4202995,-0.9880596,-0.1534414,0.01395178,0,0,0,2.5,0.1970754,0,-1,0,-1.192093E-07,0,0,0,2.5,0.1970754,0,-1,0,-1.192093E-07,0,0,0,0.1970754
1730306207811,-40.09053,1.568219,-0.4202995,-0.9880596,-0.1534414,0.01395178,0,0,0,2.5,0.1970754,0,-1,0,-1.192093E-07,0,0,0,2.5,0.1970754,0,-1,0,-1.192093E-07,0,0,0,0.1970754
1730306207829,-40.09063,1.568174,-0.420311,-0.9880147,-0.1536711,0.01457411,-0.00743866,-0.003352761,-0.0008583069,2.5,0.1970754,0,-1,0,-1.192093E-07,0,0,0,2.5,0.1970754,0,-1,0,-1.192093E-07,0,0,0,0.1970754
1730306207865,-40.09089,1.56808,-0.4202843,-0.9879665,-0.1539131,0.01528257,-0.01888275,-0.007089972,0.002002716,2.5,0.1970754,0,-1,0,-1.192093E-07,0,0,0,2.5,0.1970754,0,-1,0,-1.192093E-07,0,0,0,0.1970754
1730306207870,-40.09089,1.56808,-0.4202843,-0.9879665,-0.1539131,0.01528257,0,0,0,2.5,0.1970754,0,-1,0,-1.192093E-07,0,0,0,2.5,0.1970754,0,-1,0,-1.192093E-07,0,0,0,0.1970754
1730306207906,-40.09093,1.567945,-0.4202805,-0.9877697,-0.1550531,0.01642722,-0.003433228,-0.01007617,0.0002861023,2.5,0.1970754,0,-1,0,-1.192093E-07,0,0,0,2.5,0.1970754,0,-1,0,-1.192093E-07,0,0,0,0.1970754
1730306207910,-40.09093,1.567945,-0.4202805,-0.9877697,-0.1550531,0.01642722,0,0,0,2.5,0.1970754,0,-1,0,-1.192093E-07,0,0,0,2.5,0.1970754,0,-1,0,-1.192093E-07,0,0,0,0.1970754
1730306207915,-40.09093,1.567945,-0.4202805,-0.9877697,-0.1550531,0.01642722,0,0,0,2.5,0.1970754,0,-1,0,-1.192093E-07,0,0,0,2.5,0.1970754,0,-1,0,-1.192093E-07,0,0,0,0.1970754
1730306207935,-40.09075,1.567957,-0.4201355,-0.9876299,-0.1557399,0.01824385,0.01373291,0.0008404255,0.01087189,2.5,0.1970754,0,-1,0,-1.192093E-07,0,0,0,2.5,0.1970754,0,-1,0,-1.192093E-07,0,0,0,0.1970754
1730306207941,-40.09075,1.567957,-0.4201355,-0.9876299,-0.1557399,0.01824385,0,0,0,2.5,0.1970754,0,-1,0,-1.192093E-07,0,0,0,2.5,0.1970754,0,-1,0,-1.192093E-07,0,0,0,0.1970754
1730306207944,-40.09075,1.567957,-0.4201355,-0.9876299,-0.1557399,0.01824385,0,0,0,2.5,0.1970754,0,-1,0,-1.192093E-07,0,0,0,2.5,0.1970754,0,-1,0,-1.192093E-07,0,0,0,0.1970754
1730306207963,-40.09087,1.567891,-0.4200249,-0.9875506,-0.155987,0.02030963,-0.009155273,-0.004917383,0.008296967,2.5,0.1970754,0,-1,0,-1.192093E-07,0,0,0,2.5,0.1970754,0,-1,0,-1.192093E-07,0,0,0,0.1970754
1730306207968,-40.09087,1.567891,-0.4200249,-0.9875506,-0.155987,0.02030963,0,0,0,2.5,0.1970754,0,-1,0,-1.192093E-07,0,0,0,2.5,0.1970754,0,-1,0,-1.192093E-07,0,0,0,0.1970754
1730306207991,-40.09116,1.567772,-0.4198723,-0.9874024,-0.1566453,0.02233875,-0.02202988,-0.008913875,0.01144409,2.5,0.1970754,0,-1,0,-1.192093E-07,0,0,0,2.5,0.1970754,0,-1,0,-1.192093E-07,0,0,0,0.1970754
1730306207995,-40.09116,1.567772,-0.4198723,-0.9874024,-0.1566453,0.02233875,0,0,0,2.5,0.1970754,0,-1,0,-1.192093E-07,0,0,0,2.5,0.1970754,0,-1,0,-1.192093E-07,0,0,0,0.1970754
1730306208019,-40.09103,1.567698,-0.419651,-0.9873006,-0.1568562,0.0251835,0.01001358,-0.005578995,0.01659393,2.5,0.1970754,0,-1,0,-1.192093E-07,0,0,0,2.5,0.1970754,0,-1,0,-1.192093E-07,0,0,0,0.1970754
1730306208024,-40.09103,1.567698,-0.419651,-0.9873006,-0.1568562,0.0251835,0,0,0,2.5,0.1970754,0,-1,0,-1.192093E-07,0,0,0,2.5,0.1970754,0,-1,0,-1.192093E-07,0,0,0,0.1970754
1730306208047,-40.09084,1.567682,-0.4192886,-0.9872775,-0.1565061,0.02809823,0.01430511,-0.001215935,0.02717972,2.5,0.1970754,0,-1,0,-1.192093E-07,0,0,0,2.5,0.1970754,0,-1,0,-1.192093E-07,0,0,0,0.1970754
1730306208052,-40.09084,1.567682,-0.4192886,-0.9872775,-0.1565061,0.02809823,0,0,0,2.5,0.1970754,0,-1,0,-1.192093E-07,0,0,0,2.5,0.1970754,0,-1,0,-1.192093E-07,0,0,0,0.1970754
1730306208089,-40.09066,1.567674,-0.4189682,-0.9871736,-0.156667,0.0307278,0.01316071,-0.0005364418,0.02403259,2.5,0.1970754,0,-1,0,-1.192093E-07,0,0,0,2.5,0.1970754,0,-1,0,-1.192093E-07,0,0,0,0.1970754
1730306208093,-40.09066,1.567674,-0.4189682,-0.9871736,-0.156667,0.0307278,0,0,0,2.5,0.1970754,0,-1,0,-1.192093E-07,0,0,0,2.5,0.1970754,0,-1,0,-1.192093E-07,0,0,0,0.1970754
1730306208131,-40.09053,1.567648,-0.4185371,-0.9870593,-0.1565561,0.03470373,0.009727478,-0.002002716,0.03232956,2.5,0.1970754,0,-1,0,-1.192093E-07,0,0,0,2.5,0.1970754,0,-1,0,-1.192093E-07,0,0,0,0.1970754
1730306208135,-40.09053,1.567648,-0.4185371,-0.9870593,-0.1565561,0.03470373,0,0,0,2.5,0.1970754,0,-1,0,-1.192093E-07,0,0,0,2.5,0.1970754,0,-1,0,-1.192093E-07,0,0,0,0.1970754
1730306208139,-40.09053,1.567648,-0.4185371,-0.9870593,-0.1565561,0.03470373,0,0,0,2.5,0.1970754,0,-1,0,-1.192093E-07,0,0,0,2.5,0.1970754,0,-1,0,-1.192093E-07,0,0,0,0.1970754
1730306208160,-40.09035,1.567692,-0.4181671,-0.9870015,-0.1561581,0.0379895,0.01373291,0.003325939,0.02775192,2.5,0.1970754,0,-1,0,-1.192093E-07,0,0,0,2.5,0.1970754,0,-1,0,-1.192093E-07,0,0,0,0.1970754
1730306208165,-40.09035,1.567692,-0.4181671,-0.9870015,-0.1561581,0.0379895,0,0,0,2.5,0.1970754,0,-1,0,-1.192093E-07,0,0,0,2.5,0.1970754,0,-1,0,-1.192093E-07,0,0,0,0.1970754
1730306208169,-40.09035,1.567692,-0.4181671,-0.9870015,-0.1561581,0.0379895,0,0,0,2.5,0.1970754,0,-1,0,-1.192093E-07,0,0,0,2.5,0.1970754,0,-1,0,-1.192093E-07,0,0,0,0.1970754
1730306208173,-40.09035,1.567692,-0.4181671,-0.9870015,-0.1561581,0.0379895,0,0,0,2.5,0.1970754,0,-1,0,-1.192093E-07,0,0,0,2.5,0.1970754,0,-1,0,-1.192093E-07,0,0,0,0.1970754
1730306208202,-40.09021,1.567786,-0.4180489,-0.9870722,-0.1551104,0.04037434,0.01029968,0.007027388,0.008869171,2.5,0.1970754,0,-1,0,-1.192093E-07,0,0,0,2.5,0.1970754,0,-1,0,-1.192093E-07,0,0,0,0.1970754
1730306208206,-40.09021,1.567786,-0.4180489,-0.9870722,-0.1551104,0.04037434,0,0,0,2.5,0.1970754,0,-1,0,-1.192093E-07,0,0,0,2.5,0.1970754,0,-1,0,-1.192093E-07,0,0,0,0.1970754
1730306208230,-40.09014,1.567845,-0.4177971,-0.9870765,-0.1544364,0.04277432,0.005722046,0.004479289,0.01888275,2.5,0.1970754,0,-1,0,-1.192093E-07,0,0,0,2.5,0.1970754,0,-1,0,-1.192093E-07,0,0,0,0.1970754
1730306208234,-40.09014,1.567845,-0.4177971,-0.9870765,-0.1544364,0.04277432,0,0,0,2.5,0.1970754,0,-1,0,-1.192093E-07,0,0,0,2.5,0.1970754,0,-1,0,-1.192093E-07,0,0,0,0.1970754
1730306208239,-40.09014,1.567845,-0.4177971,-0.9870765,-0.1544364,0.04277432,0,0,0,2.5,0.1970754,0,-1,0,-1.192093E-07,0,0,0,2.5,0.1970754,0,-1,0,-1.192093E-07,0,0,0,0.1970754
1730306208258,-40.09013,1.567963,-0.4177246,-0.9870074,-0.1546345,0.04364461,0.0005722046,0.008833408,0.005435944,2.5,0.1970754,0,-1,0,-1.192093E-07,0,0,0,2.5,0.1970754,0,-1,0,-1.192093E-07,0,0,0,0.1970754
1730306208263,-40.09013,1.567963,-0.4177246,-0.9870074,-0.1546345,0.04364461,0,0,0,2.5,0.1970754,0,-1,0,-1.192093E-07,0,0,0,2.5,0.1970754,0,-1,0,-1.192093E-07,0,0,0,0.1970754
1730306208286,-40.08998,1.568011,-0.4176788,-0.9870404,-0.1542707,0.04418212,0.01087189,0.003603101,0.003433228,2.5,0.1970754,0,-1,0,-1.192093E-07,0,0,0,2.5,0.1970754,0,-1,0,-1.192093E-07,0,0,0,0.1970754
1730306208290,-40.08998,1.568011,-0.4176788,-0.9870404,-0.1542707,0.04418212,0,0,0,2.5,0.1970754,0,-1,0,-1.192093E-07,0,0,0,2.5,0.1970754,0,-1,0,-1.192093E-07,0,0,0,0.1970754
1730306208327,-40.08991,1.568137,-0.4177933,-0.9871848,-0.153274,0.04442459,0.005722046,0.009432435,-0.008583069,2.5,0.1970754,0,-1,0,-1.192093E-07,0,0,0,2.5,0.1970754,0,-1,0,-1.192093E-07,0,0,0,0.1970754
1730306208332,-40.08991,1.568137,-0.4177933,-0.9871848,-0.153274,0.04442459,0,0,0,2.5,0.1970754,0,-1,0,-1.192093E-07,0,0,0,2.5,0.1970754,0,-1,0,-1.192093E-07,0,0,0,0.1970754
1730306208368,-40.08981,1.568296,-0.4179726,-0.9873686,-0.1521644,0.0441553,0.007152557,0.01194477,-0.01344681,2.5,0.1970754,0,-1,0,-1.192093E-07,0,0,0,2.5,0.1970754,0,-1,0,-1.192093E-07,0,0,0,0.1970754
1730306208374,-40.08981,1.568296,-0.4179726,-0.9873686,-0.1521644,0.0441553,0,0,0,2.5,0.1970754,0,-1,0,-1.192093E-07,0,0,0,2.5,0.1970754,0,-1,0,-1.192093E-07,0,0,0,0.1970754
1730306208380,-40.08981,1.568296,-0.4179726,-0.9873686,-0.1521644,0.0441553,0,0,0,2.5,0.1970754,0,-1,0,-1.192093E-07,0,0,0,2.5,0.1970754,0,-1,0,-1.192093E-07,0,0,0,0.1970754
1730306208397,-40.08982,1.56839,-0.4179459,-0.9873542,-0.1521581,0.04450136,-0.0002861023,0.007009506,0.002002716,2.5,0.1970754,0,-1,0,-1.192093E-07,0,0,0,2.5,0.1970754,0,-1,0,-1.192093E-07,0,0,0,0.1970754
1730306208402,-40.08982,1.56839,-0.4179459,-0.9873542,-0.1521581,0.04450136,0,0,0,2.5,0.1970754,0,-1,0,-1.192093E-07,0,0,0,2.5,0.1970754,0,-1,0,-1.192093E-07,0,0,0,0.1970754
1730306208407,-40.08982,1.56839,-0.4179459,-0.9873542,-0.1521581,0.04450136,0,0,0,2.5,0.1970754,0,-1,0,-1.192093E-07,0,0,0,2.5,0.1970754,0,-1,0,-1.192093E-07,0,0,0,0.1970754
1730306208411,-40.08982,1.56839,-0.4179459,-0.9873542,-0.1521581,0.04450136,0,0,0,2.5,0.1970754,0,-1,0,-1.192093E-07,0,0,0,2.5,0.1970754,0,-1,0,-1.192093E-07,0,0,0,0.1970754
1730306208424,-40.08977,1.568364,-0.4180794,-0.9872973,-0.1525412,0.04444551,0.00371933,-0.001958013,-0.01001358,2.5,0.1970754,0,-1,0,-1.192093E-07,0,0,0,2.5,0.1970754,0,-1,0,-1.192093E-07,0,0,0,0.1970754
1730306208429,-40.08977,1.568364,-0.4180794,-0.9872973,-0.1525412,0.04444551,0,0,0,2.5,0.1970754,0,-1,0,-1.192093E-07,0,0,0,2.5,0.1970754,0,-1,0,-1.192093E-07,0,0,0,0.1970754
1730306208452,-40.08975,1.56838,-0.4182434,-0.9872105,-0.1530785,0.04452902,0.001430511,0.001251698,-0.0123024,2.5,0.1970754,0,-1,0,-1.192093E-07,0,0,0,2.5,0.1970754,0,-1,0,-1.192093E-07,0,0,0,0.1970754
1730306208457,-40.08975,1.56838,-0.4182434,-0.9872105,-0.1530785,0.04452902,0,0,0,2.5,0.1970754,0,-1,0,-1.192093E-07,0,0,0,2.5,0.1970754,0,-1,0,-1.192093E-07,0,0,0,0.1970754
1730306208480,-40.08982,1.568355,-0.4183846,-0.9871677,-0.1533162,0.04466134,-0.005149841,-0.001886487,-0.01058578,2.5,0.1970754,0,-1,0,-1.192093E-07,0,0,0,2.5,0.1970754,0,-1,0,-1.192093E-07,0,0,0,0.1970754
1730306208485,-40.08982,1.568355,-0.4183846,-0.9871677,-0.1533162,0.04466134,0,0,0,2.5,0.1970754,0,-1,0,-1.192093E-07,0,0,0,2.5,0.1970754,0,-1,0,-1.192093E-07,0,0,0,0.1970754
1730306208508,-40.08989,1.568351,-0.4185181,-0.9871498,-0.1533438,0.04495907,-0.005149841,-0.0003486872,-0.01001358,2.5,0.1970754,0,-1,0,-1.192093E-07,0,0,0,2.5,0.1970754,0,-1,0,-1.192093E-07,0,0,0,0.1970754
1730306208512,-40.08989,1.568351,-0.4185181,-0.9871498,-0.1533438,0.04495907,0,0,0,2.5,0.1970754,0,-1,0,-1.192093E-07,0,0,0,2.5,0.1970754,0,-1,0,-1.192093E-07,0,0,0,0.1970754
1730306208536,-40.08997,1.568319,-0.4186554,-0.987081,-0.1537052,0.04523724,-0.00629425,-0.002396107,-0.01029968,2.5,0.1970754,0,-1,0,-1.192093E-07,0,0,0,2.5,0.1970754,0,-1,0,-1.192093E-07,0,0,0,0.1970754
1730306208540,-40.08997,1.568319,-0.4186554,-0.987081,-0.1537052,0.04523724,0,0,0,2.5,0.1970754,0,-1,0,-1.192093E-07,0,0,0,2.5,0.1970754,0,-1,0,-1.192093E-07,0,0,0,0.1970754
1730306208563,-40.09015,1.568207,-0.4187698,-0.9869686,-0.1543501,0.04548961,-0.01316071,-0.008350611,-0.008583069,2.5,0.1970754,0,-1,0,-1.192093E-07,0,0,0,2.5,0.1970754,0,-1,0,-1.192093E-07,0,0,0,0.1970754
1730306208569,-40.09015,1.568207,-0.4187698,-0.9869686,-0.1543501,0.04548961,0,0,0,2.5,0.1970754,0,-1,0,-1.192093E-07,0,0,0,2.5,0.1970754,0,-1,0,-1.192093E-07,0,0,0,0.1970754
1730306208591,-40.0903,1.568096,-0.4188995,-0.9867605,-0.1555235,0.04600638,-0.01173019,-0.008323789,-0.009727478,2.5,0.1970754,0,-1,0,-1.192093E-07,0,0,0,2.5,0.1970754,0,-1,0,-1.192093E-07,0,0,0,0.1970754
1730306208596,-40.0903,1.568096,-0.4188995,-0.9867605,-0.1555235,0.04600638,0,0,0,2.5,0.1970754,0,-1,0,-1.192093E-07,0,0,0,2.5,0.1970754,0,-1,0,-1.192093E-07,0,0,0,0.1970754
1730306208619,-40.0905,1.568004,-0.4190407,-0.9866306,-0.1561479,0.04667568,-0.01487732,-0.006946921,-0.01058578,2.5,0.1970754,0,-1,0,-1.192093E-07,0,0,0,2.5,0.1970754,0,-1,0,-1.192093E-07,0,0,0,0.1970754
1730306208624,-40.0905,1.568004,-0.4190407,-0.9866306,-0.1561479,0.04667568,0,0,0,2.5,0.1970754,0,-1,0,-1.192093E-07,0,0,0,2.5,0.1970754,0,-1,0,-1.192093E-07,0,0,0,0.1970754
1730306208647,-40.09077,1.568063,-0.4191437,-0.9865179,-0.1567422,0.04706007,-0.02031326,0.004434586,-0.007724762,2.5,0.1970754,0,-1,0,-1.192093E-07,0,0,0,2.5,0.1970754,0,-1,0,-1.192093E-07,0,0,0,0.1970754
1730306208651,-40.09077,1.568063,-0.4191437,-0.9865179,-0.1567422,0.04706007,0,0,0,2.5,0.1970754,0,-1,0,-1.192093E-07,0,0,0,2.5,0.1970754,0,-1,0,-1.192093E-07,0,0,0,0.1970754
1730306208675,-40.09103,1.568033,-0.4192543,-0.9863389,-0.1576741,0.04769665,-0.01945496,-0.002226233,-0.008296967,2.5,0.1970754,0,-1,0,-1.192093E-07,0,0,0,2.5,0.1970754,0,-1,0,-1.192093E-07,0,0,0,0.1970754
1730306208679,-40.09103,1.568033,-0.4192543,-0.9863389,-0.1576741,0.04769665,0,0,0,2.5,0.1970754,0,-1,0,-1.192093E-07,0,0,0,2.5,0.1970754,0,-1,0,-1.192093E-07,0,0,0,0.1970754
1730306208703,-40.0914,1.567896,-0.4193687,-0.9860812,-0.1592249,0.04787141,-0.02803802,-0.01030862,-0.008583069,2.5,0.1970754,0,-1,0,-1.192093E-07,0,0,0,2.5,0.1970754,0,-1,0,-1.192093E-07,0,0,0,0.1970754
1730306208708,-40.0914,1.567896,-0.4193687,-0.9860812,-0.1592249,0.04787141,0,0,0,2.5,0.1970754,0,-1,0,-1.192093E-07,0,0,0,2.5,0.1970754,0,-1,0,-1.192093E-07,0,0,0,0.1970754
1730306208732,-40.09176,1.567723,-0.4194221,-0.9858225,-0.1605883,0.04864097,-0.02689362,-0.01298189,-0.004005432,2.5,0.1970754,0,-1,0,-1.192093E-07,0,0,0,2.5,0.1970754,0,-1,0,-1.192093E-07,0,0,0,0.1970754
1730306208736,-40.09176,1.567723,-0.4194221,-0.9858225,-0.1605883,0.04864097,0,0,0,2.5,0.1970754,0,-1,0,-1.192093E-07,0,0,0,2.5,0.1970754,0,-1,0,-1.192093E-07,0,0,0,0.1970754
1730306208740,-40.09176,1.567723,-0.4194221,-0.9858225,-0.1605883,0.04864097,0,0,0,2.5,0.1970754,0,-1,0,-1.192093E-07,0,0,0,2.5,0.1970754,0,-1,0,-1.192093E-07,0,0,0,0.1970754
1730306208760,-40.09207,1.567622,-0.419384,-0.9857734,-0.1606565,0.0494023,-0.02288818,-0.007563829,0.002861023,2.5,0.1970754,0,-1,0,-1.192093E-07,0,0,0,2.5,0.1970754,0,-1,0,-1.192093E-07,0,0,0,0.1970754
1730306208764,-40.09207,1.567622,-0.419384,-0.9857734,-0.1606565,0.0494023,0,0,0,2.5,0.1970754,0,-1,0,-1.192093E-07,0,0,0,2.5,0.1970754,0,-1,0,-1.192093E-07,0,0,0,0.1970754
1730306208787,-40.0925,1.567616,-0.4194908,-0.9857428,-0.1606433,0.05005264,-0.03261566,-0.0004470348,-0.008010864,2.5,0.1970754,0,-1,0,-1.192093E-07,0,0,0,2.5,0.1970754,0,-1,0,-1.192093E-07,0,0,0,0.1970754
1730306208791,-40.0925,1.567616,-0.4194908,-0.9857428,-0.1606433,0.05005264,0,0,0,2.5,0.1970754,0,-1,0,-1.192093E-07,0,0,0,2.5,0.1970754,0,-1,0,-1.192093E-07,0,0,0,0.1970754
1730306208815,-40.09293,1.567559,-0.4196205,-0.9856026,-0.1615041,0.05004185,-0.03204346,-0.004220009,-0.009727478,2.5,0.1970754,0,-1,0,-1.192093E-07,0,0,0,2.5,0.1970754,0,-1,0,-1.192093E-07,0,0,0,0.1970754
1730306208819,-40.09293,1.567559,-0.4196205,-0.9856026,-0.1615041,0.05004185,0,0,0,2.5,0.1970754,0,-1,0,-1.192093E-07,0,0,0,2.5,0.1970754,0,-1,0,-1.192093E-07,0,0,0,0.1970754
1730306208843,-40.0933,1.56743,-0.4196739,-0.9854814,-0.1624428,0.04938722,-0.02746582,-0.009691715,-0.004005432,2.5,0.1970754,0,-1,0,-1.192093E-07,0,0,0,2.5,0.1970754,0,-1,0,-1.192093E-07,0,0,0,0.1970754
1730306208847,-40.0933,1.56743,-0.4196739,-0.9854814,-0.1624428,0.04938722,0,0,0,2.5,0.1970754,0,-1,0,-1.192093E-07,0,0,0,2.5,0.1970754,0,-1,0,-1.192093E-07,0,0,0,0.1970754
1730306208871,-40.09351,1.567259,-0.4195709,-0.9852669,-0.1638377,0.04906094,-0.01630783,-0.01282096,0.007724762,2.5,0.1970754,0,-1,0,-1.192093E-07,0,0,0,2.5,0.1970754,0,-1,0,-1.192093E-07,0,0,0,0.1970754
1730306208876,-40.09351,1.567259,-0.4195709,-0.9852669,-0.1638377,0.04906094,0,0,0,2.5,0.1970754,0,-1,0,-1.192093E-07,0,0,0,2.5,0.1970754,0,-1,0,-1.192093E-07,0,0,0,0.1970754
1730306208899,-40.09391,1.56716,-0.4196434,-0.9851456,-0.164624,0.04886413,-0.03004074,-0.007456541,-0.005435944,2.5,0.1970754,0,-1,0,-1.192093E-07,0,0,0,2.5,0.1970754,0,-1,0,-1.192093E-07,0,0,0,0.1970754
1730306208904,-40.09391,1.56716,-0.4196434,-0.9851456,-0.164624,0.04886413,0,0,0,2.5,0.1970754,0,-1,0,-1.192093E-07,0,0,0,2.5,0.1970754,0,-1,0,-1.192093E-07,0,0,0,0.1970754
1730306208927,-40.09441,1.567185,-0.4196854,-0.9852529,-0.1640594,0.04859972,-0.0371933,0.001877546,-0.003147125,2.5,0.1970754,0,-1,0,-1.192093E-07,0,0,0,2.5,0.1970754,0,-1,0,-1.192093E-07,0,0,0,0.1970754
1730306208932,-40.09441,1.567185,-0.4196854,-0.9852529,-0.1640594,0.04859972,0,0,0,2.5,0.1970754,0,-1,0,-1.192093E-07,0,0,0,2.5,0.1970754,0,-1,0,-1.192093E-07,0,0,0,0.1970754
1730306208955,-40.09509,1.567132,-0.419754,-0.9853368,-0.1638037,0.04775059,-0.05092621,-0.003933907,-0.005149841,2.5,0.1970754,0,-1,0,-1.192093E-07,0,0,0,2.5,0.1970754,0,-1,0,-1.192093E-07,0,0,0,0.1970754
1730306208960,-40.09509,1.567132,-0.419754,-0.9853368,-0.1638037,0.04775059,0,0,0,2.5,0.1970754,0,-1,0,-1.192093E-07,0,0,0,2.5,0.1970754,0,-1,0,-1.192093E-07,0,0,0,0.1970754
1730306208985,-40.09557,1.567094,-0.4197464,-0.9853036,-0.1641923,0.0470956,-0.03604889,-0.002914667,0.0005722046,2.5,0.1970754,0,-1,0,-1.192093E-07,0,0,0,2.5,0.1970754,0,-1,0,-1.192093E-07,0,0,0,0.1970754
1730306208989,-40.09557,1.567094,-0.4197464,-0.9853036,-0.1641923,0.0470956,0,0,0,2.5,0.1970754,0,-1,0,-1.192093E-07,0,0,0,2.5,0.1970754,0,-1,0,-1.192093E-07,0,0,0,0.1970754
1730306209025,-40.0961,1.567054,-0.4196815,-0.9852545,-0.1646853,0.04639745,-0.04005432,-0.002959371,0.004863739,2.5,0.1970754,0,-1,0,-1.192093E-07,0,0,0,2.5,0.1970754,0,-1,0,-1.192093E-07,0,0,0,0.1970754
1730306209029,-40.0961,1.567054,-0.4196815,-0.9852545,-0.1646853,0.04639745,0,0,0,2.5,0.1970754,0,-1,0,-1.192093E-07,0,0,0,2.5,0.1970754,0,-1,0,-1.192093E-07,0,0,0,0.1970754
1730306209034,-40.0961,1.567054,-0.4196815,-0.9852545,-0.1646853,0.04639745,0,0,0,2.5,0.1970754,0,-1,0,-1.192093E-07,0,0,0,2.5,0.1970754,0,-1,0,-1.192093E-07,0,0,0,0.1970754
