unix_ms,pos_x,pos_y,pos_z,forward_x,forward_y,forward_z,vel_x,vel_y,vel_z,leftHandPos_x,leftHandPos_y,leftHandPos_z,leftHandForward_x,leftHandForward_y,leftHandForward_z,leftHandVelocity_x,leftHandVelocity_y,leftHandVelocity_z,rightHandPos_x,rightHandPos_y,rightHandPos_z,rightHandForward_x,rightHandForward_y,rightHandForward_z,rightHandVelocity_x,rightHandVelocity_y,rightHandVelocity_z,heightOffset
1731426966774,2.460158,1.502203,-0.1677886,-0.9950767,0.0990911,-0.001910686,-0.01042485,-0.002145767,-0.00664182,2.332026,1.151693,-0.1992924,-0.9552878,0.1736197,-0.2393371,-0.02347827,0.01111329,0.02309605,2.319463,1.155531,-0.1014971,-0.9665976,0.1899445,0.1720765,-0.02358556,0.01921356,0.02775863,0
1731426966780,2.460158,1.502203,-0.1677886,-0.9950767,0.0990911,-0.001910686,0,0,0,2.332026,1.151693,-0.1992924,-0.9552878,0.1736197,-0.2393371,0,0,0,2.319463,1.155531,-0.1014971,-0.9665976,0.1899445,0.1720765,0,0,0,0
1731426966801,2.45677,1.502282,-0.1666153,-0.9948843,0.1010105,0.001586258,-0.2541482,0.005918741,0.08799881,2.328455,1.152532,-0.197558,-0.9564584,0.1773899,-0.2317768,-0.2678812,0.0628978,0.1300804,2.315451,1.155772,-0.09942907,-0.9648145,0.1913863,0.1802903,-0.3008723,0.01811385,0.1551021,0
1731426966807,2.45677,1.502282,-0.1666153,-0.9948843,0.1010105,0.001586258,0,0,0,2.328455,1.152532,-0.197558,-0.9564584,0.1773899,-0.2317768,0,0,0,2.315451,1.155772,-0.09942907,-0.9648145,0.1913863,0.1802903,0,0,0,0
1731426966829,2.45322,1.502283,-0.165575,-0.9949004,0.1007894,0.003879786,-0.2662003,7.152557E-05,0.07802211,2.324736,1.153163,-0.1965299,-0.9561114,0.1844383,-0.2276708,-0.2788961,0.04734099,0.07710122,2.311586,1.155505,-0.09793637,-0.9644278,0.1875204,0.186321,-0.2898753,-0.02005398,0.1119526,0
1731426966835,2.45322,1.502283,-0.165575,-0.9949004,0.1007894,0.003879786,0,0,0,2.324736,1.153163,-0.1965299,-0.9561114,0.1844383,-0.2276708,0,0,0,2.311586,1.155505,-0.09793637,-0.9644278,0.1875204,0.186321,0,0,0,0
1731426966857,2.449404,1.502242,-0.1645156,-0.9948509,0.1011514,0.006363273,-0.2862632,-0.003057718,0.07945262,2.32073,1.153428,-0.1959497,-0.956219,0.180811,-0.2301159,-0.3004432,0.01991093,0.04351661,2.308238,1.155421,-0.09691456,-0.9644135,0.1878219,0.1860903,-0.2511442,-0.006312132,0.07663574,0
1731426966862,2.449404,1.502242,-0.1645156,-0.9948509,0.1011514,0.006363273,0,0,0,2.32073,1.153428,-0.1959497,-0.956219,0.180811,-0.2301159,0,0,0,2.308238,1.155421,-0.09691456,-0.9644135,0.1878219,0.1860903,0,0,0,0
1731426966868,2.449404,1.502242,-0.1645156,-0.9948509,0.1011514,0.006363273,0,0,0,2.32073,1.153428,-0.1959497,-0.956219,0.180811,-0.2301159,0,0,0,2.308238,1.155421,-0.09691456,-0.9644135,0.1878219,0.1860903,0,0,0,0
1731426966885,2.445984,1.502319,-0.1637724,-0.9949982,0.09959916,0.007686913,-0.2564728,0.005793571,0.05574301,2.316652,1.153304,-0.1960156,-0.9543387,0.1792223,-0.2389933,-0.3058434,-0.009325147,-0.004939735,2.305008,1.155104,-0.09556656,-0.9633648,0.1911623,0.1881105,-0.2422214,-0.02376437,0.1011003,0
1731426966890,2.445984,1.502319,-0.1637724,-0.9949982,0.09959916,0.007686913,0,0,0,2.316652,1.153304,-0.1960156,-0.9543387,0.1792223,-0.2389933,0,0,0,2.305008,1.155104,-0.09556656,-0.9633648,0.1911623,0.1881105,0,0,0,0
1731426966912,2.442774,1.50253,-0.1629356,-0.9949915,0.09971051,0.007092416,-0.240773,0.01577139,0.06276369,2.312629,1.153174,-0.1955586,-0.9520876,0.1713691,-0.2533017,-0.3017128,-0.009709597,0.03427416,2.301351,1.154839,-0.09455323,-0.964105,0.1856521,0.1898299,-0.2743185,-0.01982152,0.07599927,0
1731426966918,2.442774,1.50253,-0.1629356,-0.9949915,0.09971051,0.007092416,0,0,0,2.312629,1.153174,-0.1955586,-0.9520876,0.1713691,-0.2533017,0,0,0,2.301351,1.154839,-0.09455323,-0.964105,0.1856521,0.1898299,0,0,0,0
1731426966952,2.440026,1.502874,-0.1620086,-0.9951046,0.0985807,0.006980956,-0.2060473,0.02585649,0.06952286,2.309244,1.152651,-0.1957513,-0.9511135,0.1584559,-0.2650957,-0.25388,-0.03923178,-0.0144504,2.298708,1.155122,-0.09352981,-0.96473,0.1834333,0.1888083,-0.1981974,0.02118945,0.076757,0
1731426966958,2.440026,1.502874,-0.1620086,-0.9951046,0.0985807,0.006980956,0,0,0,2.309244,1.152651,-0.1957513,-0.9511135,0.1584559,-0.2650957,0,0,0,2.298708,1.155122,-0.09352981,-0.96473,0.1834333,0.1888083,0,0,0,0
1731426966979,2.436057,1.503542,-0.1605399,-0.9950055,0.09969065,0.005111039,-0.2976716,0.05009472,0.1101539,2.305149,1.152824,-0.1952525,-0.9486344,0.1576981,-0.2742705,-0.3071487,0.01293719,0.03740899,2.295774,1.156151,-0.09305929,-0.9640667,0.1891223,0.1865701,-0.2200484,0.07715821,0.03528893,0
1731426966985,2.436057,1.503542,-0.1605399,-0.9950055,0.09969065,0.005111039,0,0,0,2.305149,1.152824,-0.1952525,-0.9486344,0.1576981,-0.2742705,0,0,0,2.295774,1.156151,-0.09305929,-0.9640667,0.1891223,0.1865701,0,0,0,0
1731426966990,2.436057,1.503542,-0.1605399,-0.9950055,0.09969065,0.005111039,0,0,0,2.305149,1.152824,-0.1952525,-0.9486344,0.1576981,-0.2742705,0,0,0,2.295774,1.156151,-0.09305929,-0.9640667,0.1891223,0.1865701,0,0,0,0
1731426967008,2.433979,1.503534,-0.1598096,-0.9949555,0.1002904,0.002450049,-0.1558721,-0.0006079674,0.05477294,2.303508,1.153109,-0.1944633,-0.948909,0.1621181,-0.2707212,-0.1230597,0.02140403,0.05918518,2.293957,1.156387,-0.09296736,-0.9662158,0.186512,0.1778788,-0.1362741,0.01775622,0.006894395,0
1731426967014,2.433979,1.503534,-0.1598096,-0.9949555,0.1002904,0.002450049,0,0,0,2.303508,1.153109,-0.1944633,-0.948909,0.1621181,-0.2707212,0,0,0,2.293957,1.156387,-0.09296736,-0.9662158,0.186512,0.1778788,0,0,0,0
1731426967036,2.43226,1.502806,-0.1588744,-0.9951465,0.09840129,-0.0008889437,-0.1289606,-0.05461872,0.07013977,2.30238,1.153097,-0.1939889,-0.9494001,0.165552,-0.2668946,-0.08461475,-0.000885129,0.03558509,2.292266,1.156356,-0.09306429,-0.9660659,0.1909148,0.1739777,-0.1268327,-0.002324581,-0.007269904,0
1731426967042,2.43226,1.502806,-0.1588744,-0.9951465,0.09840129,-0.0008889437,0,0,0,2.30238,1.153097,-0.1939889,-0.9494001,0.165552,-0.2668946,0,0,0,2.292266,1.156356,-0.09306429,-0.9660659,0.1909148,0.1739777,0,0,0,0
1731426967063,2.430516,1.501981,-0.1579959,-0.9952694,0.09710073,-0.003264666,-0.1307845,-0.06183386,0.06588176,2.30158,1.152519,-0.1931734,-0.9506537,0.1685029,-0.260509,-0.06002784,-0.04339814,0.06115884,2.290419,1.155833,-0.09214375,-0.9665869,0.1888301,0.1733583,-0.1385093,-0.03924966,0.06904062,0
1731426967071,2.430516,1.501981,-0.1579959,-0.9952694,0.09710073,-0.003264666,0,0,0,2.30158,1.152519,-0.1931734,-0.9506537,0.1685029,-0.260509,0,0,0,2.290419,1.155833,-0.09214375,-0.9665869,0.1888301,0.1733583,0,0,0,0
1731426967090,2.429171,1.500857,-0.15689,-0.9951224,0.09854016,-0.004669785,-0.1008332,-0.08436441,0.08294731,2.300114,1.151339,-0.1917326,-0.9516558,0.1715079,-0.2548276,-0.109899,-0.08849502,0.1080628,2.288778,1.15521,-0.0911753,-0.9668663,0.1887696,0.1718599,-0.1230597,-0.04672408,0.07263366,0
1731426967097,2.429171,1.500857,-0.15689,-0.9951224,0.09854016,-0.004669785,0,0,0,2.300114,1.151339,-0.1917326,-0.9516558,0.1715079,-0.2548276,0,0,0,2.288778,1.15521,-0.0911753,-0.9668663,0.1887696,0.1718599,0,0,0,0
1731426967103,2.429171,1.500857,-0.15689,-0.9951224,0.09854016,-0.004669785,0,0,0,2.300114,1.151339,-0.1917326,-0.9516558,0.1715079,-0.2548276,0,0,0,2.288778,1.15521,-0.0911753,-0.9668663,0.1887696,0.1718599,0,0,0,0
1731426967118,2.427488,1.499379,-0.1556846,-0.9948239,0.1014552,-0.005729318,-0.1262784,-0.1108199,0.09040385,2.298869,1.149708,-0.1907293,-0.950524,0.1734652,-0.2577093,-0.0934124,-0.1223266,0.07524937,2.286938,1.154107,-0.09022348,-0.9671246,0.1862756,0.1731231,-0.1379907,-0.08272827,0.07138699,0
1731426967124,2.427488,1.499379,-0.1556846,-0.9948239,0.1014552,-0.005729318,0,0,0,2.298869,1.149708,-0.1907293,-0.950524,0.1734652,-0.2577093,0,0,0,2.286938,1.154107,-0.09022348,-0.9671246,0.1862756,0.1731231,0,0,0,0
1731426967158,2.425415,1.497497,-0.1544409,-0.9948164,0.1014801,-0.006528497,-0.1554251,-0.1411289,0.09327605,2.297095,1.14771,-0.1902739,-0.9506462,0.1743485,-0.2566611,-0.1330733,-0.1498461,0.03415123,2.285103,1.152971,-0.09013897,-0.9672232,0.1894336,0.1690987,-0.1376867,-0.08518696,0.006337836,0
1731426967198,2.420448,1.495836,-0.1528231,-0.9955803,0.09353321,-0.008464098,-0.372541,-0.1246333,0.1213387,2.293385,1.144206,-0.1896527,-0.9481185,0.1773274,-0.2638685,-0.2782524,-0.262785,0.04659221,2.281338,1.15092,-0.09029432,-0.9681818,0.1966305,0.1547924,-0.2823472,-0.1538604,-0.01165085,0
1731426967205,2.420448,1.495836,-0.1528231,-0.9955803,0.09353321,-0.008464098,0,0,0,2.293385,1.144206,-0.1896527,-0.9481185,0.1773274,-0.2638685,0,0,0,2.281338,1.15092,-0.09029432,-0.9681818,0.1966305,0.1547924,0,0,0,0
1731426967210,2.420448,1.495836,-0.1528231,-0.9955803,0.09353321,-0.008464098,0,0,0,2.293385,1.144206,-0.1896527,-0.9481185,0.1773274,-0.2638685,0,0,0,2.281338,1.15092,-0.09029432,-0.9681818,0.1966305,0.1547924,0,0,0,0
1731426967228,2.413407,1.494105,-0.1517309,-0.9964442,0.08338517,-0.01210463,-0.5281091,-0.1298189,0.08191019,2.286939,1.141468,-0.189533,-0.9452391,0.1440258,-0.2928832,-0.4834414,-0.2053857,0.00897646,2.275092,1.148486,-0.08983584,-0.9737078,0.1729327,0.1482816,-0.4684567,-0.1825422,0.03438592,0
1731426967234,2.413407,1.494105,-0.1517309,-0.9964442,0.08338517,-0.01210463,0,0,0,2.286939,1.141468,-0.189533,-0.9452391,0.1440258,-0.2928832,0,0,0,2.275092,1.148486,-0.08983584,-0.9737078,0.1729327,0.1482816,0,0,0,0
1731426967240,2.413407,1.494105,-0.1517309,-0.9964442,0.08338517,-0.01210463,0,0,0,2.286939,1.141468,-0.189533,-0.9452391,0.1440258,-0.2928832,0,0,0,2.275092,1.148486,-0.08983584,-0.9737078,0.1729327,0.1482816,0,0,0,0
1731426967246,2.413407,1.494105,-0.1517309,-0.9964442,0.08338517,-0.01210463,0,0,0,2.286939,1.141468,-0.189533,-0.9452391,0.1440258,-0.2928832,0,0,0,2.275092,1.148486,-0.08983584,-0.9737078,0.1729327,0.1482816,0,0,0,0
1731426967255,2.406544,1.494473,-0.1511906,-0.9961649,0.08614733,-0.01533163,-0.5147159,0.02762675,0.04052594,2.283624,1.140859,-0.1892261,-0.9458429,0.1403726,-0.2927063,-0.2485871,-0.04562438,0.02301671,2.269243,1.147526,-0.08797987,-0.9795002,0.1501689,0.1342717,-0.4386485,-0.07202625,0.1391977,0
1731426967261,2.406544,1.494473,-0.1511906,-0.9961649,0.08614733,-0.01533163,0,0,0,2.283624,1.140859,-0.1892261,-0.9458429,0.1403726,-0.2927063,0,0,0,2.269243,1.147526,-0.08797987,-0.9795002,0.1501689,0.1342717,0,0,0,0
1731426967283,2.399428,1.494048,-0.1508144,-0.9960817,0.08680516,-0.01691651,-0.5336702,-0.03188252,0.02821572,2.279689,1.140152,-0.1885403,-0.9457781,0.1491877,-0.2885257,-0.2951682,-0.05306304,0.05143918,2.262938,1.146094,-0.08721171,-0.9819826,0.139325,0.127667,-0.4728556,-0.1073599,0.05761161,0
1731426967323,2.390951,1.493834,-0.1508703,-0.996703,0.07899074,-0.01854944,-0.6357908,-0.01607537,-0.00419654,2.274289,1.138914,-0.1887077,-0.9459012,0.1504541,-0.2874637,-0.4049599,-0.09284914,-0.01255609,2.255005,1.144852,-0.08746296,-0.977985,0.1532557,0.1416284,-0.5949855,-0.09315312,-0.01884364,0
1731426967329,2.390951,1.493834,-0.1508703,-0.996703,0.07899074,-0.01854944,0,0,0,2.274289,1.138914,-0.1887077,-0.9459012,0.1504541,-0.2874637,0,0,0,2.255005,1.144852,-0.08746296,-0.977985,0.1532557,0.1416284,0,0,0,0
1731426967351,2.375042,1.493681,-0.1516217,-0.997148,0.0712534,-0.02487767,-1.193172,-0.01144409,-0.05635321,2.262778,1.137033,-0.1899453,-0.946572,0.1162471,-0.3008136,-0.8633137,-0.1410306,-0.09282343,2.237996,1.143318,-0.08748175,-0.9798989,0.1220768,0.1577837,-1.275712,-0.1150489,-0.001409277,0
1731426967357,2.375042,1.493681,-0.1516217,-0.997148,0.0712534,-0.02487767,0,0,0,2.262778,1.137033,-0.1899453,-0.946572,0.1162471,-0.3008136,0,0,0,2.237996,1.143318,-0.08748175,-0.9798989,0.1220768,0.1577837,0,0,0,0
1731426967362,2.375042,1.493681,-0.1516217,-0.997148,0.0712534,-0.02487767,0,0,0,2.262778,1.137033,-0.1899453,-0.946572,0.1162471,-0.3008136,0,0,0,2.237996,1.143318,-0.08748175,-0.9798989,0.1220768,0.1577837,0,0,0,0
1731426967367,2.375042,1.493681,-0.1516217,-0.997148,0.0712534,-0.02487767,0,0,0,2.262778,1.137033,-0.1899453,-0.946572,0.1162471,-0.3008136,0,0,0,2.237996,1.143318,-0.08748175,-0.9798989,0.1220768,0.1577837,0,0,0,0
1731426967381,2.362763,1.492766,-0.1525059,-0.9970791,0.07024432,-0.02999318,-0.9208918,-0.06861091,-0.06631315,2.254407,1.137022,-0.1905261,-0.947356,0.1251888,-0.2946949,-0.6278515,-0.0008136034,-0.04356131,2.226322,1.14247,-0.08804984,-0.9845376,0.0903177,0.1500966,-0.8755445,-0.06359518,-0.04260689,0
1731426967387,2.362763,1.492766,-0.1525059,-0.9970791,0.07024432,-0.02999318,0,0,0,2.254407,1.137022,-0.1905261,-0.947356,0.1251888,-0.2946949,0,0,0,2.226322,1.14247,-0.08804984,-0.9845376,0.0903177,0.1500966,0,0,0,0
1731426967409,2.350402,1.49108,-0.1536463,-0.9972854,0.06486161,-0.03485799,-0.9271324,-0.1264751,-0.08553118,2.244889,1.136099,-0.192474,-0.9476266,0.1308723,-0.2913361,-0.7138252,-0.06928146,-0.1460876,2.216136,1.141962,-0.09009841,-0.9847815,0.09322447,0.1466794,-0.7639825,-0.03809631,-0.1536425,0
1731426967414,2.350402,1.49108,-0.1536463,-0.9972854,0.06486161,-0.03485799,0,0,0,2.244889,1.136099,-0.192474,-0.9476266,0.1308723,-0.2913361,0,0,0,2.216136,1.141962,-0.09009841,-0.9847815,0.09322447,0.1466794,0,0,0,0
1731426967436,2.337083,1.489318,-0.1550155,-0.997472,0.05923207,-0.03926301,-0.9989083,-0.1321167,-0.1026906,2.232796,1.134303,-0.1952241,-0.9469894,0.1238133,-0.2964481,-0.9069622,-0.1346648,-0.2062608,2.204998,1.14138,-0.09302144,-0.9837075,0.120269,0.1336239,-0.8352935,-0.04365742,-0.219227,0
1731426967441,2.337083,1.489318,-0.1550155,-0.997472,0.05923207,-0.03926301,0,0,0,2.232796,1.134303,-0.1952241,-0.9469894,0.1238133,-0.2964481,0,0,0,2.204998,1.14138,-0.09302144,-0.9837075,0.120269,0.1336239,0,0,0,0
1731426967465,2.322483,1.487084,-0.1566159,-0.9974297,0.05671863,-0.04378831,-1.094967,-0.1675934,-0.1200289,2.21968,1.132139,-0.197486,-0.9435172,0.1204254,-0.3086644,-0.9837627,-0.1623005,-0.1696419,2.191295,1.139296,-0.0956403,-0.9869606,0.1138345,0.1138009,-1.027751,-0.1563013,-0.1964148,0
1731426967471,2.322483,1.487084,-0.1566159,-0.9974297,0.05671863,-0.04378831,0,0,0,2.21968,1.132139,-0.197486,-0.9435172,0.1204254,-0.3086644,0,0,0,2.191295,1.139296,-0.0956403,-0.9869606,0.1138345,0.1138009,0,0,0,0
1731426967494,2.307746,1.485054,-0.158667,-0.9977818,0.04794795,-0.04618478,-1.105303,-0.1522243,-0.153837,2.205194,1.129229,-0.1995811,-0.9423687,0.1139344,-0.31458,-1.086402,-0.2182961,-0.1571316,2.1763,1.137285,-0.09843501,-0.9879906,0.1110239,0.1074662,-1.12465,-0.1507938,-0.2096035,0
1731426967499,2.307746,1.485054,-0.158667,-0.9977818,0.04794795,-0.04618478,0,0,0,2.205194,1.129229,-0.1995811,-0.9423687,0.1139344,-0.31458,0,0,0,2.1763,1.137285,-0.09843501,-0.9879906,0.1110239,0.1074662,0,0,0,0
1731426967522,2.292044,1.48314,-0.1610637,-0.9977287,0.04779486,-0.04747403,-1.177633,-0.1435876,-0.1797482,2.189586,1.126655,-0.2021403,-0.9435065,0.1044686,-0.3144554,-1.170641,-0.1930118,-0.1919411,2.1604,1.136022,-0.1014783,-0.9865543,0.1154013,0.11573,-1.192439,-0.09474456,-0.2282493,0
1731426967528,2.292044,1.48314,-0.1610637,-0.9977287,0.04779486,-0.04747403,0,0,0,2.189586,1.126655,-0.2021403,-0.9435065,0.1044686,-0.3144554,0,0,0,2.1604,1.136022,-0.1014783,-0.9865543,0.1154013,0.11573,0,0,0,0
1731426967550,2.275806,1.480325,-0.1638019,-0.9976131,0.04914344,-0.04850996,-1.217884,-0.2111077,-0.2053633,2.17414,1.125267,-0.2052754,-0.9432734,0.1126776,-0.3123132,-1.158446,-0.1041144,-0.2351336,2.143954,1.135146,-0.1042911,-0.9870748,0.1145606,0.1120693,-1.233494,-0.06567836,-0.2109557,0
1731426967556,2.275806,1.480325,-0.1638019,-0.9976131,0.04914344,-0.04850996,0,0,0,2.17414,1.125267,-0.2052754,-0.9432734,0.1126776,-0.3123132,0,0,0,2.143954,1.135146,-0.1042911,-0.9870748,0.1145606,0.1120693,0,0,0,0
1731426967561,2.275806,1.480325,-0.1638019,-0.9976131,0.04914344,-0.04850996,0,0,0,2.17414,1.125267,-0.2052754,-0.9432734,0.1126776,-0.3123132,0,0,0,2.143954,1.135146,-0.1042911,-0.9870748,0.1145606,0.1120693,0,0,0,0
1731426967578,2.259278,1.477274,-0.1670655,-0.9978969,0.04467989,-0.04696703,-1.239592,-0.2287835,-0.2447762,2.156429,1.123384,-0.2090268,-0.9441525,0.1255636,-0.3046476,-1.328284,-0.1412451,-0.2813559,2.126116,1.134013,-0.1076129,-0.986315,0.1182808,0.1148596,-1.337832,-0.08503497,-0.249137,0
1731426967584,2.259278,1.477274,-0.1670655,-0.9978969,0.04467989,-0.04696703,0,0,0,2.156429,1.123384,-0.2090268,-0.9441525,0.1255636,-0.3046476,0,0,0,2.126116,1.134013,-0.1076129,-0.986315,0.1182808,0.1148596,0,0,0,0
1731426967606,2.241742,1.474445,-0.1706651,-0.9979777,0.04472822,-0.04517078,-1.315176,-0.2121717,-0.2699666,2.138296,1.121517,-0.2127685,-0.9454075,0.1333233,-0.2973717,-1.360023,-0.1400292,-0.2806261,2.108369,1.132978,-0.11145,-0.9844964,0.1297619,0.1180227,-1.331055,-0.07763207,-0.2877809,0
1731426967612,2.241742,1.474445,-0.1706651,-0.9979777,0.04472822,-0.04517078,0,0,0,2.138296,1.121517,-0.2127685,-0.9454075,0.1333233,-0.2973717,0,0,0,2.108369,1.132978,-0.11145,-0.9844964,0.1297619,0.1180227,0,0,0,0
1731426967633,2.223575,1.472029,-0.174905,-0.9978493,0.05025671,-0.04208779,-1.362562,-0.1812458,-0.3179915,2.117877,1.119664,-0.2174161,-0.9444292,0.1393226,-0.2977309,-1.531398,-0.1389205,-0.3485676,2.089114,1.131653,-0.1157785,-0.9828266,0.1381387,0.1223506,-1.444119,-0.0993222,-0.3246412,0
1731426967639,2.223575,1.472029,-0.174905,-0.9978493,0.05025671,-0.04208779,0,0,0,2.117877,1.119664,-0.2174161,-0.9444292,0.1393226,-0.2977309,0,0,0,2.089114,1.131653,-0.1157785,-0.9828266,0.1381387,0.1223506,0,0,0,0
1731426967662,2.204809,1.469706,-0.179638,-0.9979391,0.05255949,-0.03681469,-1.407409,-0.1742095,-0.354977,2.0962,1.118007,-0.2227518,-0.9419868,0.1398319,-0.3051376,-1.625776,-0.1242846,-0.4001822,2.068537,1.130413,-0.1199542,-0.9816068,0.1376911,0.1322478,-1.543218,-0.09303689,-0.3131747,0
1731426967667,2.204809,1.469706,-0.179638,-0.9979391,0.05255949,-0.03681469,0,0,0,2.0962,1.118007,-0.2227518,-0.9419868,0.1398319,-0.3051376,0,0,0,2.068537,1.130413,-0.1199542,-0.9816068,0.1376911,0.1322478,0,0,0,0
1731426967690,2.185397,1.467649,-0.1849249,-0.998216,0.05205138,-0.0292573,-1.455921,-0.1542449,-0.3965154,2.074214,1.117058,-0.2274148,-0.9407496,0.1422682,-0.3078159,-1.648915,-0.07120371,-0.3497187,2.04845,1.130473,-0.124352,-0.9780633,0.14485,0.149703,-1.506579,0.004541874,-0.3298379,0
1731426967695,2.185397,1.467649,-0.1849249,-0.998216,0.05205138,-0.0292573,0,0,0,2.074214,1.117058,-0.2274148,-0.9407496,0.1422682,-0.3078159,0,0,0,2.04845,1.130473,-0.124352,-0.9780633,0.14485,0.149703,0,0,0,0
1731426967718,2.164604,1.467914,-0.1907095,-0.9990272,0.0393647,-0.01988685,-1.559436,0.01983941,-0.4338484,2.051044,1.117409,-0.2323056,-0.9410065,0.1495748,-0.3035367,-1.737803,0.02636611,-0.3668122,2.027355,1.131072,-0.1297684,-0.9758422,0.1591346,0.1496947,-1.58211,0.04486442,-0.406225,0
1731426967724,2.164604,1.467914,-0.1907095,-0.9990272,0.0393647,-0.01988685,0,0,0,2.051044,1.117409,-0.2323056,-0.9410065,0.1495748,-0.3035367,0,0,0,2.027355,1.131072,-0.1297684,-0.9758422,0.1591346,0.1496947,0,0,0,0
1731426967746,2.143389,1.468194,-0.1971081,-0.9996524,0.02367397,-0.01162028,-1.59114,0.02102852,-0.4798964,2.026955,1.118142,-0.236818,-0.942807,0.1525829,-0.2963679,-1.806629,0.05494058,-0.3384344,2.00484,1.131699,-0.1350303,-0.9779956,0.1457612,0.1492596,-1.688629,0.04705489,-0.3946424,0
1731426967752,2.143389,1.468194,-0.1971081,-0.9996524,0.02367397,-0.01162028,0,0,0,2.026955,1.118142,-0.236818,-0.942807,0.1525829,-0.2963679,0,0,0,2.00484,1.131699,-0.1350303,-0.9779956,0.1457612,0.1492596,0,0,0,0
1731426967774,2.121387,1.472289,-0.2043921,-0.9998918,0.01393383,-0.004724503,-1.650202,0.3070951,-0.5462989,2.00271,1.120559,-0.2420858,-0.9403012,0.1443644,-0.3082099,-1.818377,0.1813173,-0.3950849,1.983067,1.133429,-0.14071,-0.9776813,0.1383584,0.1581032,-1.632947,0.1297385,-0.4259817,0
1731426967779,2.121387,1.472289,-0.2043921,-0.9998918,0.01393383,-0.004724503,0,0,0,2.00271,1.120559,-0.2420858,-0.9403012,0.1443644,-0.3082099,0,0,0,1.983067,1.133429,-0.14071,-0.9776813,0.1383584,0.1581032,0,0,0,0
1731426967802,2.100199,1.475438,-0.2115408,-0.9999511,0.009841399,-0.001142859,-1.589102,0.2361953,-0.536149,1.979799,1.125681,-0.2481419,-0.9374381,0.1447037,-0.3166568,-1.718339,0.384137,-0.454203,1.961595,1.13618,-0.1453404,-0.9816158,0.1116858,0.1547799,-1.610452,0.2063245,-0.3472768,0
1731426967807,2.100199,1.475438,-0.2115408,-0.9999511,0.009841399,-0.001142859,0,0,0,1.979799,1.125681,-0.2481419,-0.9374381,0.1447037,-0.3166568,0,0,0,1.961595,1.13618,-0.1453404,-0.9816158,0.1116858,0.1547799,0,0,0,0
1731426967829,2.078664,1.476652,-0.2189166,-0.9999344,0.01147234,-4.887581E-06,-1.615083,0.09103417,-0.5531833,1.957714,1.131016,-0.2547766,-0.9406103,0.1366727,-0.3107623,-1.656407,0.4000694,-0.4976012,1.940941,1.139145,-0.1492319,-0.9863388,0.08077504,0.1435674,-1.549011,0.2223998,-0.2918601,0
1731426967835,2.078664,1.476652,-0.2189166,-0.9999344,0.01147234,-4.887581E-06,0,0,0,1.957714,1.131016,-0.2547766,-0.9406103,0.1366727,-0.3107623,0,0,0,1.940941,1.139145,-0.1492319,-0.9863388,0.08077504,0.1435674,0,0,0,0
1731426967840,2.078664,1.476652,-0.2189166,-0.9999344,0.01147234,-4.887581E-06,0,0,0,1.957714,1.131016,-0.2547766,-0.9406103,0.1366727,-0.3107623,0,0,0,1.940941,1.139145,-0.1492319,-0.9863388,0.08077504,0.1435674,0,0,0,0
1731426967857,2.057295,1.476694,-0.2253768,-0.9999878,0.004987085,-0.0001974106,-1.602691,0.003165007,-0.4845209,1.936463,1.135164,-0.2603768,-0.9446943,0.1436883,-0.2947996,-1.593778,0.3111094,-0.4200161,1.920904,1.141155,-0.1527176,-0.9893243,0.06887328,0.1284292,-1.502788,0.150758,-0.2614304,0
1731426967864,2.057295,1.476694,-0.2253768,-0.9999878,0.004987085,-0.0001974106,0,0,0,1.936463,1.135164,-0.2603768,-0.9446943,0.1436883,-0.2947996,0,0,0,1.920904,1.141155,-0.1527176,-0.9893243,0.06887328,0.1284292,0,0,0,0
1731426967885,2.034927,1.47847,-0.2319492,-0.9999986,-0.0008267574,-0.001476049,-1.677561,0.1331985,-0.4929274,1.916232,1.136611,-0.2656299,-0.9450606,0.1655293,-0.2818878,-1.51737,0.1085401,-0.3939852,1.901787,1.141973,-0.1561298,-0.989056,0.08064343,0.1235517,-1.433793,0.0613153,-0.255914,0
1731426967891,2.034927,1.47847,-0.2319492,-0.9999986,-0.0008267574,-0.001476049,0,0,0,1.916232,1.136611,-0.2656299,-0.9450606,0.1655293,-0.2818878,0,0,0,1.901787,1.141973,-0.1561298,-0.989056,0.08064343,0.1235517,0,0,0,0
1731426967911,2.012664,1.479244,-0.2376786,-0.9999945,-0.0003547855,-0.003368974,-1.669747,0.05800724,-0.4297055,1.893633,1.136519,-0.2700605,-0.9441057,0.1651696,-0.2852787,-1.694942,-0.006866455,-0.3322966,1.881713,1.141383,-0.1587991,-0.9856421,0.1038803,0.1331123,-1.505515,-0.04423857,-0.2001978,0
1731426967917,2.012664,1.479244,-0.2376786,-0.9999945,-0.0003547855,-0.003368974,0,0,0,1.893633,1.136519,-0.2700605,-0.9441057,0.1651696,-0.2852787,0,0,0,1.881713,1.141383,-0.1587991,-0.9856421,0.1038803,0.1331123,0,0,0,0
1731426967940,1.990243,1.480843,-0.2420783,-0.9999861,-0.00520495,-0.001114368,-1.681575,0.1199841,-0.3299765,1.871557,1.135222,-0.2742423,-0.9433548,0.1460582,-0.2979081,-1.655683,-0.09731054,-0.3136307,1.861042,1.140755,-0.1608651,-0.9813992,0.1044282,0.1610929,-1.55037,-0.04707277,-0.1549534,0
1731426967945,1.990243,1.480843,-0.2420783,-0.9999861,-0.00520495,-0.001114368,0,0,0,1.871557,1.135222,-0.2742423,-0.9433548,0.1460582,-0.2979081,0,0,0,1.861042,1.140755,-0.1608651,-0.9813992,0.1044282,0.1610929,0,0,0,0
1731426967967,1.967092,1.482726,-0.2458564,-0.9999418,-0.01050327,0.002524853,-1.736301,0.1412362,-0.2833597,1.850123,1.134248,-0.2775165,-0.9428802,0.1316105,-0.3060334,-1.60751,-0.07301867,-0.2455652,1.840443,1.14049,-0.1615869,-0.9794552,0.08733454,0.18177,-1.544899,-0.01987517,-0.05413592,0
1731426967973,1.967092,1.482726,-0.2458564,-0.9999418,-0.01050327,0.002524853,0,0,0,1.850123,1.134248,-0.2775165,-0.9428802,0.1316105,-0.3060334,0,0,0,1.840443,1.14049,-0.1615869,-0.9794552,0.08733454,0.18177,0,0,0,0
1731426967995,1.944291,1.4833,-0.2488363,-0.9998816,-0.01377631,0.00688529,-1.710132,0.04303157,-0.2234906,1.82865,1.133153,-0.2807645,-0.9443628,0.1076189,-0.310801,-1.610506,-0.08214712,-0.2436005,1.819652,1.13949,-0.1626716,-0.9812403,0.04581847,0.1872659,-1.559293,-0.0750035,-0.08134693,0
1731426968001,1.944291,1.4833,-0.2488363,-0.9998816,-0.01377631,0.00688529,0,0,0,1.82865,1.133153,-0.2807645,-0.9443628,0.1076189,-0.310801,0,0,0,1.819652,1.13949,-0.1626716,-0.9812403,0.04581847,0.1872659,0,0,0,0
1731426968023,1.921371,1.482965,-0.2512771,-0.9997836,-0.01826254,0.009987056,-1.71901,-0.02510548,-0.1830585,1.808217,1.131943,-0.2833143,-0.9459339,0.08225824,-0.3137555,-1.532471,-0.09076595,-0.191237,1.799837,1.139303,-0.1655443,-0.9799708,0.0499438,0.1927773,-1.486158,-0.01401901,-0.2154574,0
1731426968029,1.921371,1.482965,-0.2512771,-0.9997836,-0.01826254,0.009987056,0,0,0,1.808217,1.131943,-0.2833143,-0.9459339,0.08225824,-0.3137555,0,0,0,1.799837,1.139303,-0.1655443,-0.9799708,0.0499438,0.1927773,0,0,0,0
1731426968051,1.898029,1.482046,-0.2533863,-0.9997141,-0.02119843,0.0110805,-1.750615,-0.06893277,-0.1581877,1.788169,1.130426,-0.2843179,-0.9518695,0.08216827,-0.295285,-1.503611,-0.1137882,-0.07526726,1.779138,1.138397,-0.1674865,-0.9810851,0.05987796,0.1840844,-1.552427,-0.06796718,-0.1456663,0
1731426968057,1.898029,1.482046,-0.2533863,-0.9997141,-0.02119843,0.0110805,0,0,0,1.788169,1.130426,-0.2843179,-0.9518695,0.08216827,-0.295285,0,0,0,1.779138,1.138397,-0.1674865,-0.9810851,0.05987796,0.1840844,0,0,0,0
1731426968079,1.874118,1.480505,-0.255194,-0.9995385,-0.02784698,0.01214951,-1.793352,-0.1155853,-0.135579,1.767126,1.126594,-0.2856924,-0.9576852,0.08893789,-0.2737325,-1.578203,-0.2873719,-0.1030907,1.757143,1.135763,-0.1696746,-0.9820514,0.05650956,0.1799502,-1.64963,-0.1975447,-0.1641065,0
1731426968086,1.874118,1.480505,-0.255194,-0.9995385,-0.02784698,0.01214951,0,0,0,1.767126,1.126594,-0.2856924,-0.9576852,0.08893789,-0.2737325,0,0,0,1.757143,1.135763,-0.1696746,-0.9820514,0.05650956,0.1799502,0,0,0,0
1731426968107,1.849426,1.479086,-0.2570027,-0.9994203,-0.03193342,0.01182884,-1.851869,-0.1064479,-0.1356572,1.745035,1.122194,-0.2871237,-0.959433,0.08533855,-0.2687129,-1.656854,-0.3299832,-0.1073442,1.733527,1.131126,-0.17195,-0.9811698,0.05044474,0.1864445,-1.771179,-0.3477842,-0.1706555,0
1731426968112,1.849426,1.479086,-0.2570027,-0.9994203,-0.03193342,0.01182884,0,0,0,1.745035,1.122194,-0.2871237,-0.959433,0.08533855,-0.2687129,0,0,0,1.733527,1.131126,-0.17195,-0.9811698,0.05044474,0.1864445,0,0,0,0
1731426968135,1.824329,1.477427,-0.258544,-0.9994398,-0.03246191,0.008163869,-1.882258,-0.1244009,-0.1155943,1.722376,1.118169,-0.2889815,-0.9584216,0.07972765,-0.2739925,-1.699421,-0.3018826,-0.1393385,1.710617,1.126584,-0.1742257,-0.9789436,0.04792044,0.1984278,-1.718241,-0.3406763,-0.1706734,0
1731426968140,1.824329,1.477427,-0.258544,-0.9994398,-0.03246191,0.008163869,0,0,0,1.722376,1.118169,-0.2889815,-0.9584216,0.07972765,-0.2739925,0,0,0,1.710617,1.126584,-0.1742257,-0.9789436,0.04792044,0.1984278,0,0,0,0
1731426968162,1.799217,1.47458,-0.2593719,-0.9993593,-0.03572917,0.002175748,-1.883394,-0.2135754,-0.06209314,1.698157,1.115119,-0.2908913,-0.9578942,0.06680511,-0.2792423,-1.816419,-0.2287567,-0.1432367,1.686302,1.121885,-0.1761043,-0.9803416,0.02572962,0.1956239,-1.823652,-0.3523976,-0.1408964,0
1731426968168,1.799217,1.47458,-0.2593719,-0.9993593,-0.03572917,0.002175748,0,0,0,1.698157,1.115119,-0.2908913,-0.9578942,0.06680511,-0.2792423,0,0,0,1.686302,1.121885,-0.1761043,-0.9803416,0.02572962,0.1956239,0,0,0,0
1731426968174,1.799217,1.47458,-0.2593719,-0.9993593,-0.03572917,0.002175748,0,0,0,1.698157,1.115119,-0.2908913,-0.9578942,0.06680511,-0.2792423,0,0,0,1.686302,1.121885,-0.1761043,-0.9803416,0.02572962,0.1956239,0,0,0,0
1731426968190,1.77377,1.471376,-0.2595411,-0.9992971,-0.03746945,-0.001436114,-1.908544,-0.2402902,-0.01268908,1.673657,1.113769,-0.292079,-0.955556,0.07236123,-0.2857919,-1.837483,-0.1012802,-0.08907616,1.661134,1.117692,-0.1784833,-0.9841248,0.0132825,0.1769818,-1.887605,-0.3144979,-0.178425,0
1731426968196,1.77377,1.471376,-0.2595411,-0.9992971,-0.03746945,-0.001436114,0,0,0,1.673657,1.113769,-0.292079,-0.955556,0.07236123,-0.2857919,0,0,0,1.661134,1.117692,-0.1784833,-0.9841248,0.0132825,0.1769818,0,0,0,0
1731426968218,1.747908,1.467522,-0.2593119,-0.9994157,-0.03379867,-0.005132437,-1.939675,-0.2890617,0.01718849,1.649344,1.112186,-0.2929895,-0.9552059,0.08094609,-0.2846581,-1.823464,-0.1187056,-0.06828457,1.635949,1.114065,-0.1808105,-0.986304,0.03062578,0.16207,-1.888883,-0.2719939,-0.1745358,0
1731426968224,1.747908,1.467522,-0.2593119,-0.9994157,-0.03379867,-0.005132437,0,0,0,1.649344,1.112186,-0.2929895,-0.9552059,0.08094609,-0.2846581,0,0,0,1.635949,1.114065,-0.1808105,-0.986304,0.03062578,0.16207,0,0,0,0
1731426968244,1.721751,1.462816,-0.2587233,-0.9995456,-0.02870086,-0.0092448,-1.961723,-0.3528982,0.04414469,1.622197,1.109385,-0.2929076,-0.9542921,0.08955671,-0.2851434,-2.036047,-0.2100796,0.006142259,1.608398,1.109902,-0.1816283,-0.9868919,0.04654647,0.1545258,-2.066284,-0.312236,-0.06134212,0
1731426968250,1.721751,1.462816,-0.2587233,-0.9995456,-0.02870086,-0.0092448,0,0,0,1.622197,1.109385,-0.2929076,-0.9542921,0.08955671,-0.2851434,0,0,0,1.608398,1.109902,-0.1816283,-0.9868919,0.04654647,0.1545258,0,0,0,0
1731426968271,1.695226,1.457489,-0.2575384,-0.9996094,-0.02452122,-0.0134269,-1.989385,-0.3995419,0.08887053,1.594283,1.106177,-0.2925779,-0.9521273,0.09637578,-0.2901129,-2.093544,-0.2406031,0.0247255,1.578796,1.106023,-0.1814343,-0.9856919,0.050827,0.1607114,-2.22019,-0.2909213,0.01455545,0
1731426968277,1.695226,1.457489,-0.2575384,-0.9996094,-0.02452122,-0.0134269,0,0,0,1.594283,1.106177,-0.2925779,-0.9521273,0.09637578,-0.2901129,0,0,0,1.578796,1.106023,-0.1814343,-0.9856919,0.050827,0.1607114,0,0,0,0
1731426968300,1.668261,1.452179,-0.2553223,-0.9996772,-0.02226287,-0.01224971,-2.022394,-0.3982723,0.1662076,1.565046,1.102223,-0.2919232,-0.9494896,0.1064303,-0.2951995,-2.192795,-0.2965182,0.04910231,1.548208,1.103239,-0.1812215,-0.9836074,0.05851103,0.1705681,-2.294102,-0.208801,0.01595914,0
1731426968306,1.668261,1.452179,-0.2553223,-0.9996772,-0.02226287,-0.01224971,0,0,0,1.565046,1.102223,-0.2919232,-0.9494896,0.1064303,-0.2951995,0,0,0,1.548208,1.103239,-0.1812215,-0.9836074,0.05851103,0.1705681,0,0,0,0
1731426968328,1.640743,1.447915,-0.2527773,-0.9996982,-0.02299467,-0.008664131,-2.063817,-0.3198087,0.1908749,1.535365,1.099283,-0.29096,-0.9473021,0.1175426,-0.2979978,-2.226073,-0.2205223,0.07224083,1.517102,1.101894,-0.181994,-0.9811296,0.0880348,0.1721475,-2.332958,-0.1008958,-0.05793571,0
1731426968335,1.640743,1.447915,-0.2527773,-0.9996982,-0.02299467,-0.008664131,0,0,0,1.535365,1.099283,-0.29096,-0.9473021,0.1175426,-0.2979978,0,0,0,1.517102,1.101894,-0.181994,-0.9811296,0.0880348,0.1721475,0,0,0,0
1731426968356,1.613014,1.44438,-0.2500385,-0.9998745,-0.01387272,-0.007684708,-2.079731,-0.2650738,0.205408,1.505671,1.098639,-0.290844,-0.9448027,0.1314,-0.3001375,-2.227047,-0.04831553,0.008703768,1.485102,1.102677,-0.1819955,-0.9804305,0.1030022,0.1677707,-2.399978,0.05874932,-0.0001117587,0
1731426968362,1.613014,1.44438,-0.2500385,-0.9998745,-0.01387272,-0.007684708,0,0,0,1.505671,1.098639,-0.290844,-0.9448027,0.1314,-0.3001375,0,0,0,1.485102,1.102677,-0.1819955,-0.9804305,0.1030022,0.1677707,0,0,0,0
1731426968384,1.584589,1.443887,-0.2473919,-0.9999171,-0.009378229,-0.008848429,-2.131855,-0.03702343,0.1984924,1.476154,1.10025,-0.2917027,-0.9417164,0.1448471,-0.3036287,-2.213734,0.1208782,-0.06440878,1.453299,1.104766,-0.1814029,-0.9833169,0.09921205,0.1524638,-2.385181,0.1566589,0.04443973,0
1731426968390,1.584589,1.443887,-0.2473919,-0.9999171,-0.009378229,-0.008848429,0,0,0,1.476154,1.10025,-0.2917027,-0.9417164,0.1448471,-0.3036287,0,0,0,1.453299,1.104766,-0.1814029,-0.9833169,0.09921205,0.1524638,0,0,0,0
1731426968412,1.554616,1.445894,-0.244905,-0.999818,0.0113416,-0.01535964,-2.247968,0.1505166,0.1865208,1.442705,1.102869,-0.2913035,-0.9364256,0.1685407,-0.3077362,-2.508697,0.1964271,0.02994239,1.420162,1.108115,-0.1834453,-0.9832013,0.1248284,0.1331669,-2.48529,0.2511531,-0.1531765,0
1731426968418,1.554616,1.445894,-0.244905,-0.999818,0.0113416,-0.01535964,0,0,0,1.442705,1.102869,-0.2913035,-0.9364256,0.1685407,-0.3077362,0,0,0,1.420162,1.108115,-0.1834453,-0.9832013,0.1248284,0.1331669,0,0,0,0
1731426968440,1.524721,1.450868,-0.2424185,-0.9997883,-0.003001714,-0.02036417,-2.24213,0.3730953,0.1864895,1.408816,1.105678,-0.2911122,-0.9296085,0.1598384,-0.3320843,-2.541706,0.2106428,0.01434982,1.3864,1.111902,-0.1856723,-0.9829297,0.1430289,0.1157253,-2.532175,0.2840817,-0.1670256,0
1731426968445,1.524721,1.450868,-0.2424185,-0.9997883,-0.003001714,-0.02036417,0,0,0,1.408816,1.105678,-0.2911122,-0.9296085,0.1598384,-0.3320843,0,0,0,1.3864,1.111902,-0.1856723,-0.9829297,0.1430289,0.1157253,0,0,0,0
1731426968468,1.494813,1.45288,-0.2403497,-0.9995633,0.01432924,-0.02584755,-2.243114,0.1508832,0.1551613,1.37489,1.10987,-0.2905312,-0.9225569,0.1482372,-0.3562512,-2.544415,0.3143728,0.04357696,1.352697,1.117465,-0.1873729,-0.9855366,0.1367146,0.1001341,-2.527678,0.417164,-0.127548,0
1731426968473,1.494813,1.45288,-0.2403497,-0.9995633,0.01432924,-0.02584755,0,0,0,1.37489,1.10987,-0.2905312,-0.9225569,0.1482372,-0.3562512,0,0,0,1.352697,1.117465,-0.1873729,-0.9855366,0.1367146,0.1001341,0,0,0,0
1731426968496,1.464709,1.456339,-0.239123,-0.9996023,0.009218644,-0.02665353,-2.257821,0.2594054,0.09199977,1.343984,1.115351,-0.2904987,-0.9190599,0.1453113,-0.3663526,-2.317938,0.4111111,0.00243187,1.322341,1.125294,-0.1869001,-0.985598,0.1452581,0.08658707,-2.276721,0.5871892,0.0354588,0
1731426968501,1.464709,1.456339,-0.239123,-0.9996023,0.009218644,-0.02665353,0,0,0,1.343984,1.115351,-0.2904987,-0.9190599,0.1453113,-0.3663526,0,0,0,1.322341,1.125294,-0.1869001,-0.985598,0.1452581,0.08658707,0,0,0,0
1731426968507,1.464709,1.456339,-0.239123,-0.9996023,0.009218644,-0.02665353,0,0,0,1.343984,1.115351,-0.2904987,-0.9190599,0.1453113,-0.3663526,0,0,0,1.322341,1.125294,-0.1869001,-0.985598,0.1452581,0.08658707,0,0,0,0
1731426968523,1.434467,1.460832,-0.2386131,-0.9996211,-0.002800723,-0.02738702,-2.268112,0.3370017,0.03823936,1.315127,1.120198,-0.2889483,-0.9189399,0.1739182,-0.3539808,-2.16431,0.3635287,0.1162827,1.290741,1.132155,-0.1865134,-0.9873049,0.1412375,0.07267457,-2.370027,0.5145818,0.02900362,0
1731426968530,1.434467,1.460832,-0.2386131,-0.9996211,-0.002800723,-0.02738702,0,0,0,1.315127,1.120198,-0.2889483,-0.9189399,0.1739182,-0.3539808,0,0,0,1.290741,1.132155,-0.1865134,-0.9873049,0.1412375,0.07267457,0,0,0,0
1731426968551,1.404639,1.465525,-0.2381753,-0.9994957,-0.009459816,-0.03031623,-2.237114,0.3519505,0.03283918,1.286735,1.124129,-0.28947,-0.9179978,0.1730035,-0.3568614,-2.129406,0.2948105,-0.03912449,1.261482,1.138595,-0.1864002,-0.9840029,0.1516042,0.09356785,-2.194431,0.483048,0.008493662,0
1731426968557,1.404639,1.465525,-0.2381753,-0.9994957,-0.009459816,-0.03031623,0,0,0,1.286735,1.124129,-0.28947,-0.9179978,0.1730035,-0.3568614,0,0,0,1.261482,1.138595,-0.1864002,-0.9840029,0.1516042,0.09356785,0,0,0,0
1731426968577,1.375719,1.469483,-0.2377836,-0.9994652,-0.009275649,-0.03136075,-2.168977,0.2968401,0.02937913,1.260526,1.127586,-0.2909993,-0.9189438,0.1381133,-0.3694154,-1.965666,0.2592981,-0.1147002,1.233315,1.143961,-0.1850878,-0.9810481,0.1533433,0.1184523,-2.112526,0.4024118,0.09842813,0
1731426968583,1.375719,1.469483,-0.2377836,-0.9994652,-0.009275649,-0.03136075,0,0,0,1.260526,1.127586,-0.2909993,-0.9189438,0.1381133,-0.3694154,0,0,0,1.233315,1.143961,-0.1850878,-0.9810481,0.1533433,0.1184523,0,0,0,0
1731426968605,1.347108,1.472628,-0.2374379,-0.9995183,-0.004652764,-0.03069162,-2.145803,0.235936,0.02592355,1.234894,1.129646,-0.2926137,-0.9250181,0.1249539,-0.3587873,-1.922402,0.1544595,-0.1210839,1.20621,1.147612,-0.1836015,-0.9837753,0.1280611,0.1256453,-2.032855,0.2738535,0.1114726,0
1731426968611,1.347108,1.472628,-0.2374379,-0.9995183,-0.004652764,-0.03069162,0,0,0,1.234894,1.129646,-0.2926137,-0.9250181,0.1249539,-0.3587873,0,0,0,1.20621,1.147612,-0.1836015,-0.9837753,0.1280611,0.1256453,0,0,0,0
1731426968633,1.318352,1.474625,-0.2372251,-0.9995524,0.003004817,-0.0297693,-2.156764,0.1497298,0.01595914,1.207881,1.129229,-0.2933139,-0.9253853,0.1242155,-0.3580967,-2.025953,-0.03126562,-0.05250871,1.179524,1.147338,-0.1831088,-0.9860349,0.1022652,0.1314429,-2.001482,-0.02059937,0.0369519,0
1731426968638,1.318352,1.474625,-0.2372251,-0.9995524,0.003004817,-0.0297693,0,0,0,1.207881,1.129229,-0.2933139,-0.9253853,0.1242155,-0.3580967,0,0,0,1.179524,1.147338,-0.1831088,-0.9860349,0.1022652,0.1314429,0,0,0,0
1731426968661,1.288867,1.475278,-0.2373589,-0.9995147,0.01165668,-0.02889216,-2.211338,0.04900396,-0.01003593,1.180139,1.126252,-0.2942703,-0.9247119,0.1274669,-0.3586926,-2.080652,-0.223285,-0.07173121,1.15344,1.144366,-0.1845986,-0.9860548,0.1010658,0.1322195,-1.956305,-0.2228647,-0.1117319,0
1731426968666,1.288867,1.475278,-0.2373589,-0.9995147,0.01165668,-0.02889216,0,0,0,1.180139,1.126252,-0.2942703,-0.9247119,0.1274669,-0.3586926,0,0,0,1.15344,1.144366,-0.1845986,-0.9860548,0.1010658,0.1322195,0,0,0,0
1731426968689,1.258907,1.474506,-0.2376155,-0.999428,0.017692,-0.02882981,-2.247012,-0.05788207,-0.01924038,1.150224,1.121233,-0.2961562,-0.9253083,0.1144028,-0.3615487,-2.24365,-0.3764033,-0.1414418,1.126222,1.138928,-0.1865109,-0.9873835,0.1023484,0.1208258,-2.041349,-0.4078567,-0.1434267,0
1731426968695,1.258907,1.474506,-0.2376155,-0.999428,0.017692,-0.02882981,0,0,0,1.150224,1.121233,-0.2961562,-0.9253083,0.1144028,-0.3615487,0,0,0,1.126222,1.138928,-0.1865109,-0.9873835,0.1023484,0.1208258,0,0,0,0
1731426968717,1.228212,1.472574,-0.2377512,-0.9993119,0.02200354,-0.02986896,-2.302113,-0.1449108,-0.01018345,1.118513,1.114665,-0.2983743,-0.9227015,0.09498239,-0.3736322,-2.378288,-0.4926145,-0.1663595,1.096636,1.131055,-0.1876352,-0.9898248,0.08946231,0.110653,-2.218893,-0.5905062,-0.08431971,0
1731426968723,1.228212,1.472574,-0.2377512,-0.9993119,0.02200354,-0.02986896,0,0,0,1.118513,1.114665,-0.2983743,-0.9227015,0.09498239,-0.3736322,0,0,0,1.096636,1.131055,-0.1876352,-0.9898248,0.08946231,0.110653,0,0,0,0
1731426968745,1.197296,1.468281,-0.2379432,-0.9992343,0.02641774,-0.02886224,-2.31868,-0.322026,-0.01439452,1.085791,1.108082,-0.3000484,-0.9202445,0.07261376,-0.384549,-2.45415,-0.4937232,-0.1255542,1.066832,1.124175,-0.1869043,-0.9904874,0.07221963,0.1171309,-2.23529,-0.5160034,0.05481541,0
1731426968751,1.197296,1.468281,-0.2379432,-0.9992343,0.02641774,-0.02886224,0,0,0,1.085791,1.108082,-0.3000484,-0.9202445,0.07261376,-0.384549,0,0,0,1.066832,1.124175,-0.1869043,-0.9904874,0.07221963,0.1171309,0,0,0,0
1731426968773,1.166323,1.462087,-0.2384094,-0.9993274,0.02652423,-0.02533031,-2.323016,-0.4645407,-0.03496706,1.054238,1.102705,-0.3016179,-0.9192243,0.06689017,-0.3880117,-2.366459,-0.4032433,-0.1177132,1.037597,1.118427,-0.1849519,-0.9899088,0.06834738,0.1241355,-2.192652,-0.4310757,0.1464307,0
1731426968779,1.166323,1.462087,-0.2384094,-0.9993274,0.02652423,-0.02533031,0,0,0,1.054238,1.102705,-0.3016179,-0.9192243,0.06689017,-0.3880117,0,0,0,1.037597,1.118427,-0.1849519,-0.9899088,0.06834738,0.1241355,0,0,0,0
1731426968801,1.135074,1.455649,-0.239251,-0.999624,0.019927,-0.01885045,-2.343696,-0.4827976,-0.06312132,1.022367,1.098061,-0.3027402,-0.9236241,0.08512947,-0.3737274,-2.390367,-0.3483295,-0.08417666,1.006289,1.111994,-0.1823492,-0.9891075,0.07876941,0.1243474,-2.348077,-0.4824936,0.1952022,0
1731426968806,1.135074,1.455649,-0.239251,-0.999624,0.019927,-0.01885045,0,0,0,1.022367,1.098061,-0.3027402,-0.9236241,0.08512947,-0.3737274,0,0,0,1.006289,1.111994,-0.1823492,-0.9891075,0.07876941,0.1243474,0,0,0,0
1731426968829,1.103026,1.449284,-0.2405182,-0.9997419,0.01894612,-0.01255941,-2.403572,-0.4773974,-0.09503961,0.9886733,1.092211,-0.3041584,-0.9252823,0.1033731,-0.3649206,-2.527016,-0.43872,-0.1063675,0.9725552,1.104167,-0.1801946,-0.9866924,0.08144309,0.140732,-2.530065,-0.5870104,0.1615942,0
1731426968836,1.103026,1.449284,-0.2405182,-0.9997419,0.01894612,-0.01255941,0,0,0,0.9886733,1.092211,-0.3041584,-0.9252823,0.1033731,-0.3649206,0,0,0,0.9725552,1.104167,-0.1801946,-0.9866924,0.08144309,0.140732,0,0,0,0
1731426968842,1.103026,1.449284,-0.2405182,-0.9997419,0.01894612,-0.01255941,0,0,0,0.9886733,1.092211,-0.3041584,-0.9252823,0.1033731,-0.3649206,0,0,0,0.9725552,1.104167,-0.1801946,-0.9866924,0.08144309,0.140732,0,0,0,0
1731426968870,1.070962,1.443318,-0.242101,-0.9998184,0.01757115,-0.007382274,-2.404806,-0.447464,-0.1187056,0.9521885,1.086554,-0.3052751,-0.9236863,0.1064394,-0.3680686,-2.736363,-0.4243255,-0.08374751,0.9363072,1.096882,-0.1778699,-0.9819977,0.06570465,0.1770977,-2.718598,-0.5463481,0.1743525,0
1731426968878,1.070962,1.443318,-0.242101,-0.9998184,0.01757115,-0.007382274,0,0,0,0.9521885,1.086554,-0.3052751,-0.9236863,0.1064394,-0.3680686,0,0,0,0.9363072,1.096882,-0.1778699,-0.9819977,0.06570465,0.1770977,0,0,0,0
1731426968908,1.021364,1.437671,-0.2450144,-0.9996066,0.02790048,0.002963185,-3.719804,-0.4235029,-0.2185106,0.9003862,1.082623,-0.3070174,-0.9235532,0.1037831,-0.3691604,-3.885171,-0.2947658,-0.1306772,0.8850304,1.090953,-0.1754791,-0.9789956,0.05196736,0.1971475,-3.84576,-0.4446834,0.1793146,0
1731426968915,1.021364,1.437671,-0.2450144,-0.9996066,0.02790048,0.002963185,0,0,0,0.9003862,1.082623,-0.3070174,-0.9235532,0.1037831,-0.3691604,0,0,0,0.8850304,1.090953,-0.1754791,-0.9789956,0.05196736,0.1971475,0,0,0,0
1731426968921,1.021364,1.437671,-0.2450144,-0.9996066,0.02790048,0.002963185,0,0,0,0.9003862,1.082623,-0.3070174,-0.9235532,0.1037831,-0.3691604,0,0,0,0.8850304,1.090953,-0.1754791,-0.9789956,0.05196736,0.1971475,0,0,0,0
1731426968937,0.9708346,1.439289,-0.2489225,-0.9998444,0.01676991,0.005485892,-3.789738,0.1213163,-0.2931029,0.8466153,1.084601,-0.3079549,-0.9270141,0.1181137,-0.3559421,-4.032817,0.148344,-0.07030964,0.8326941,1.09262,-0.1753526,-0.9792755,0.05929771,0.1936588,-3.925225,0.1250267,0.009486079,0
1731426968943,0.9708346,1.439289,-0.2489225,-0.9998444,0.01676991,0.005485892,0,0,0,0.8466153,1.084601,-0.3079549,-0.9270141,0.1181137,-0.3559421,0,0,0,0.8326941,1.09262,-0.1753526,-0.9792755,0.05929771,0.1936588,0,0,0,0
1731426968950,0.9708346,1.439289,-0.2489225,-0.9998444,0.01676991,0.005485892,0,0,0,0.8466153,1.084601,-0.3079549,-0.9270141,0.1181137,-0.3559421,0,0,0,0.8326941,1.09262,-0.1753526,-0.9792755,0.05929771,0.1936588,0,0,0,0
1731426968977,0.9366482,1.444129,-0.2515582,-0.9997409,0.02116466,0.008417308,-2.563977,0.3630191,-0.1976788,0.8077136,1.087148,-0.3081932,-0.9292834,0.1092109,-0.3528538,-2.917626,0.1909733,-0.01787245,0.7973548,1.097787,-0.1761845,-0.9778386,0.08090553,0.1930966,-2.650443,0.3874898,-0.06239712,0
1731426968984,0.9366482,1.444129,-0.2515582,-0.9997409,0.02116466,0.008417308,0,0,0,0.8077136,1.087148,-0.3081932,-0.9292834,0.1092109,-0.3528538,0,0,0,0.7973548,1.097787,-0.1761845,-0.9778386,0.08090553,0.1930966,0,0,0,0
1731426969003,0.8848804,1.45295,-0.2555152,-0.9991855,0.03878339,0.01115167,-3.882587,0.6615937,-0.2967775,0.7512615,1.094778,-0.3081013,-0.9257577,0.07491136,-0.3706236,-4.233912,0.5722761,0.006893277,0.744396,1.107724,-0.1759822,-0.9789464,0.06320564,0.1940856,-3.971913,0.7453322,0.01517236,0
1731426969010,0.8848804,1.45295,-0.2555152,-0.9991855,0.03878339,0.01115167,0,0,0,0.7512615,1.094778,-0.3081013,-0.9257577,0.07491136,-0.3706236,0,0,0,0.744396,1.107724,-0.1759822,-0.9789464,0.06320564,0.1940856,0,0,0,0
1731426969017,0.8848804,1.45295,-0.2555152,-0.9991855,0.03878339,0.01115167,0,0,0,0.7512615,1.094778,-0.3081013,-0.9257577,0.07491136,-0.3706236,0,0,0,0.744396,1.107724,-0.1759822,-0.9789464,0.06320564,0.1940856,0,0,0,0
1731426969032,0.8518459,1.455359,-0.2573757,-0.9992142,0.0392021,0.005861402,-2.477592,0.1806557,-0.1395375,0.7162327,1.106803,-0.3089353,-0.9297691,0.06614502,-0.3621531,-2.627161,0.9019017,-0.06254911,0.7092931,1.117217,-0.1748681,-0.9801911,0.03864832,0.1942475,-2.632713,0.7119387,0.08355975,0
1731426969039,0.8518459,1.455359,-0.2573757,-0.9992142,0.0392021,0.005861402,0,0,0,0.7162327,1.106803,-0.3089353,-0.9297691,0.06614502,-0.3621531,0,0,0,0.7092931,1.117217,-0.1748681,-0.9801911,0.03864832,0.1942475,0,0,0,0
1731426969060,0.8181853,1.459312,-0.2590839,-0.9994333,0.03366014,0.0007151961,-2.52454,0.2964467,-0.1281112,0.6853616,1.11491,-0.3082254,-0.9360831,0.126267,-0.3283379,-2.315327,0.6080121,0.05324185,0.6774077,1.124608,-0.1755152,-0.9818994,0.05695609,0.180638,-2.391404,0.5543143,-0.0485301,0
1731426969068,0.8181853,1.459312,-0.2590839,-0.9994333,0.03366014,0.0007151961,0,0,0,0.6853616,1.11491,-0.3082254,-0.9360831,0.126267,-0.3283379,0,0,0,0.6774077,1.124608,-0.1755152,-0.9818994,0.05695609,0.180638,0,0,0,0
1731426969100,0.784531,1.462836,-0.2602224,-0.9996595,0.02580841,-0.003911376,-2.524075,0.2643496,-0.08539259,0.6511612,1.11937,-0.3068929,-0.9353854,0.1879448,-0.2995522,-2.565032,0.3344983,0.09993911,0.6449032,1.128925,-0.1769805,-0.9791644,0.0955537,0.1791832,-2.437842,0.3238052,-0.109899,0
1731426969107,0.784531,1.462836,-0.2602224,-0.9996595,0.02580841,-0.003911376,0,0,0,0.6511612,1.11937,-0.3068929,-0.9353854,0.1879448,-0.2995522,0,0,0,0.6449032,1.128925,-0.1769805,-0.9791644,0.0955537,0.1791832,0,0,0,0
1731426969128,0.7345275,1.467907,-0.2618034,-0.9998884,0.008246444,-0.01247489,-3.750265,0.3802747,-0.1185715,0.5992544,1.123239,-0.3078943,-0.9355796,0.1482159,-0.3205042,-3.893012,0.2901882,-0.07511079,0.5966479,1.131111,-0.1764421,-0.9767558,0.07035044,0.2024826,-3.619149,0.1639634,0.04037619,0
1731426969134,0.7345275,1.467907,-0.2618034,-0.9998884,0.008246444,-0.01247489,0,0,0,0.5992544,1.123239,-0.3078943,-0.9355796,0.1482159,-0.3205042,0,0,0,0.5966479,1.131111,-0.1764421,-0.9767558,0.07035044,0.2024826,0,0,0,0
1731426969140,0.7345275,1.467907,-0.2618034,-0.9998884,0.008246444,-0.01247489,0,0,0,0.5992544,1.123239,-0.3078943,-0.9355796,0.1482159,-0.3205042,0,0,0,0.5966479,1.131111,-0.1764421,-0.9767558,0.07035044,0.2024826,0,0,0,0
1731426969157,0.7010841,1.470017,-0.2625074,-0.9997626,0.006043447,-0.02093756,-2.50825,0.1582503,-0.05280375,0.5675228,1.126311,-0.3089836,-0.9308639,0.1344574,-0.3397267,-2.37987,0.2303928,-0.08169115,0.5660769,1.131215,-0.1757364,-0.9756079,0.0172348,0.2188435,-2.292824,0.007796288,0.05292892,0
1731426969163,0.7010841,1.470017,-0.2625074,-0.9997626,0.006043447,-0.02093756,0,0,0,0.5675228,1.126311,-0.3089836,-0.9308639,0.1344574,-0.3397267,0,0,0,0.5660769,1.131215,-0.1757364,-0.9756079,0.0172348,0.2188435,0,0,0,0
1731426969170,0.7010841,1.470017,-0.2625074,-0.9997626,0.006043447,-0.02093756,0,0,0,0.5675228,1.126311,-0.3089836,-0.9308639,0.1344574,-0.3397267,0,0,0,0.5660769,1.131215,-0.1757364,-0.9756079,0.0172348,0.2188435,0,0,0,0
1731426969184,0.667654,1.471294,-0.2628834,-0.9996196,0.005982805,-0.02692711,-2.507257,0.09583533,-0.02819896,0.5360718,1.128268,-0.3091133,-0.9328794,0.1261302,-0.3373835,-2.358824,0.1467615,-0.009727478,0.5356101,1.129445,-0.1778772,-0.9761618,-0.003891023,0.21701,-2.28501,-0.1327783,-0.160557,0
1731426969190,0.667654,1.471294,-0.2628834,-0.9996196,0.005982805,-0.02692711,0,0,0,0.5360718,1.128268,-0.3091133,-0.9328794,0.1261302,-0.3373835,0,0,0,0.5356101,1.129445,-0.1778772,-0.9761618,-0.003891023,0.21701,0,0,0,0
1731426969212,0.6341369,1.471268,-0.2629095,-0.9994629,0.008938393,-0.03153682,-2.513784,-0.001984835,-0.001958013,0.50674,1.128789,-0.3096906,-0.9361811,0.1242626,-0.3288227,-2.199885,0.03909767,-0.04329979,0.5069444,1.128135,-0.1808175,-0.9797833,0.002177706,0.2000506,-2.149925,-0.09827614,-0.2205223,0
1731426969239,0.600528,1.469155,-0.2627347,-0.999362,0.01309783,-0.03322923,-2.520669,-0.1584738,0.013116,0.4770823,1.126456,-0.3098501,-0.9398109,0.1288092,-0.3164874,-2.224329,-0.1749873,-0.01196265,0.4755945,1.124392,-0.1836504,-0.9842172,0.005647436,0.1768759,-2.351242,-0.2806932,-0.2124667,0
1731426969245,0.600528,1.469155,-0.2627347,-0.999362,0.01309783,-0.03322923,0,0,0,0.4770823,1.126456,-0.3098501,-0.9398109,0.1288092,-0.3164874,0,0,0,0.4755945,1.124392,-0.1836504,-0.9842172,0.005647436,0.1768759,0,0,0,0
1731426969267,0.5668328,1.464515,-0.2625644,-0.9994049,0.01513991,-0.03100562,-2.527142,-0.347963,0.01276731,0.4447515,1.120765,-0.3108218,-0.942143,0.1277924,-0.3098969,-2.424806,-0.4268646,-0.07287562,0.4410787,1.11842,-0.1861395,-0.9855856,0.002796764,0.1691554,-2.588689,-0.447911,-0.1866817,0
1731426969274,0.5668328,1.464515,-0.2625644,-0.9994049,0.01513991,-0.03100562,0,0,0,0.4447515,1.120765,-0.3108218,-0.942143,0.1277924,-0.3098969,0,0,0,0.4410787,1.11842,-0.1861395,-0.9855856,0.002796764,0.1691554,0,0,0,0
1731426969297,0.5331955,1.458014,-0.2623171,-0.9995617,0.0112458,-0.02739167,-2.522796,-0.4876256,0.01855195,0.410418,1.113863,-0.3120962,-0.9414072,0.114106,-0.3173844,-2.57501,-0.5176485,-0.09558499,0.4045107,1.111633,-0.1887622,-0.9843956,0.002825117,0.1759481,-2.742594,-0.5090028,-0.1967043,0
1731426969303,0.5331955,1.458014,-0.2623171,-0.9995617,0.0112458,-0.02739167,0,0,0,0.410418,1.113863,-0.3120962,-0.9414072,0.114106,-0.3173844,0,0,0,0.4045107,1.111633,-0.1887622,-0.9843956,0.002825117,0.1759481,0,0,0,0
1731426969309,0.5331955,1.458014,-0.2623171,-0.9995617,0.0112458,-0.02739167,0,0,0,0.410418,1.113863,-0.3120962,-0.9414072,0.114106,-0.3173844,0,0,0,0.4045107,1.111633,-0.1887622,-0.9843956,0.002825117,0.1759481,0,0,0,0
1731426969325,0.4989727,1.451096,-0.2619336,-0.9995602,0.01214371,-0.02706385,-2.566713,-0.5188644,0.02876222,0.3746545,1.107231,-0.3113359,-0.9434389,0.1225684,-0.3080586,-2.682263,-0.4973799,0.05702376,0.3674922,1.105937,-0.1905602,-0.9838091,0.02353773,0.1776681,-2.77639,-0.4271954,-0.1348525,0
1731426969331,0.4989727,1.451096,-0.2619336,-0.9995602,0.01214371,-0.02706385,0,0,0,0.3746545,1.107231,-0.3113359,-0.9434389,0.1225684,-0.3080586,0,0,0,0.3674922,1.105937,-0.1905602,-0.9838091,0.02353773,0.1776681,0,0,0,0
1731426969353,0.4644172,1.4435,-0.2612711,-0.9994519,0.01787241,-0.02787554,-2.591658,-0.5696476,0.04968345,0.3390632,1.101718,-0.3113338,-0.9436429,0.134664,-0.3023314,-2.669352,-0.4134715,0.0001609325,0.331162,1.100943,-0.1913681,-0.9840024,0.03808189,0.1740385,-2.724767,-0.3745615,-0.0605911,0
1731426969361,0.4644172,1.4435,-0.2612711,-0.9994519,0.01787241,-0.02787554,0,0,0,0.3390632,1.101718,-0.3113338,-0.9436429,0.134664,-0.3023314,0,0,0,0.331162,1.100943,-0.1913681,-0.9840024,0.03808189,0.1740385,0,0,0,0
1731426969382,0.4285972,1.436984,-0.2605901,-0.9992459,0.02322606,-0.03112352,-2.686501,-0.4887164,0.0510782,0.3010006,1.096599,-0.3119268,-0.9394273,0.1526385,-0.3068846,-2.854693,-0.3839046,-0.04447997,0.2919528,1.095586,-0.1909025,-0.9850311,0.04308854,0.1669062,-2.940685,-0.4017502,0.03492236,0
1731426969388,0.4285972,1.436984,-0.2605901,-0.9992459,0.02322606,-0.03112352,0,0,0,0.3010006,1.096599,-0.3119268,-0.9394273,0.1526385,-0.3068846,0,0,0,0.2919528,1.095586,-0.1909025,-0.9850311,0.04308854,0.1669062,0,0,0,0
1731426969409,0.3926256,1.430961,-0.2599014,-0.9991522,0.02248123,-0.03449178,-2.697873,-0.4517108,0.0516504,0.2628803,1.092748,-0.3121479,-0.9320862,0.1581708,-0.3258798,-2.85902,-0.288865,-0.01657605,0.2532797,1.092076,-0.1906505,-0.9812819,0.06022251,0.1829187,-2.900487,-0.2632856,0.01890063,0
1731426969416,0.3926256,1.430961,-0.2599014,-0.9991522,0.02248123,-0.03449178,0,0,0,0.2628803,1.092748,-0.3121479,-0.9320862,0.1581708,-0.3258798,0,0,0,0.2532797,1.092076,-0.1906505,-0.9812819,0.06022251,0.1829187,0,0,0,0
1731426969438,0.3562067,1.427543,-0.259145,-0.999128,0.02006299,-0.03662467,-2.731419,-0.2563387,0.05672872,0.2241135,1.090932,-0.3132093,-0.9258488,0.1508871,-0.346464,-2.907515,-0.1362115,-0.07960796,0.2144978,1.091608,-0.1902301,-0.9802032,0.07178207,0.1845252,-2.908641,-0.03507435,0.0315249,0
1731426969444,0.3562067,1.427543,-0.259145,-0.999128,0.02006299,-0.03662467,0,0,0,0.2241135,1.090932,-0.3132093,-0.9258488,0.1508871,-0.346464,0,0,0,0.2144978,1.091608,-0.1902301,-0.9802032,0.07178207,0.1845252,0,0,0,0
1731426969466,0.3200147,1.426999,-0.2586985,-0.9990314,0.02226668,-0.03795958,-2.714396,-0.0407964,0.03349185,0.1873415,1.091946,-0.3142953,-0.9193738,0.1537017,-0.3621161,-2.757901,0.07611215,-0.08144975,0.1760614,1.09329,-0.1894841,-0.9838358,0.07278402,0.163615,-2.882731,0.1261085,0.05595088,0
1731426969472,0.3200147,1.426999,-0.2586985,-0.9990314,0.02226668,-0.03795958,0,0,0,0.1873415,1.091946,-0.3142953,-0.9193738,0.1537017,-0.3621161,0,0,0,0.1760614,1.09329,-0.1894841,-0.9838358,0.07278402,0.163615,0,0,0,0
1731426969494,0.2828991,1.430454,-0.2586271,-0.998847,0.02511424,-0.04091895,-2.783668,0.2591014,0.005355477,0.1488652,1.094777,-0.3143685,-0.9173542,0.1658939,-0.3618585,-2.885717,0.21227,-0.005489588,0.1350124,1.096227,-0.1917965,-0.9880161,0.06769256,0.138716,-3.078675,0.2203256,-0.1734316,0
1731426969500,0.2828991,1.430454,-0.2586271,-0.998847,0.02511424,-0.04091895,0,0,0,0.1488652,1.094777,-0.3143685,-0.9173542,0.1658939,-0.3618585,0,0,0,0.1350124,1.096227,-0.1917965,-0.9880161,0.06769256,0.138716,0,0,0,0
1731426969522,0.2445967,1.437158,-0.2588723,-0.9983886,0.03043138,-0.04790306,-2.872682,0.502798,-0.01839101,0.1087282,1.098757,-0.3147855,-0.9138305,0.1622253,-0.3722868,-3.010279,0.2985209,-0.03127456,0.09435153,1.100683,-0.1956975,-0.9897149,0.07176757,0.1237504,-3.049564,0.3341675,-0.2925754,0
1731426969528,0.2445967,1.437158,-0.2588723,-0.9983886,0.03043138,-0.04790306,0,0,0,0.1087282,1.098757,-0.3147855,-0.9138305,0.1622253,-0.3722868,0,0,0,0.09435153,1.100683,-0.1956975,-0.9897149,0.07176757,0.1237504,0,0,0,0
1731426969550,0.2072637,1.440751,-0.2599735,-0.9975383,0.04953726,-0.04963613,-2.799976,0.2694637,-0.08259416,0.07105923,1.10451,-0.315882,-0.9091587,0.1389492,-0.3925861,-2.825171,0.431487,-0.08223653,0.05533457,1.108542,-0.1983154,-0.9921754,0.07086629,0.1027921,-2.926272,0.5894423,-0.1963377,0
1731426969557,0.2072637,1.440751,-0.2599735,-0.9975383,0.04953726,-0.04963613,0,0,0,0.07105923,1.10451,-0.315882,-0.9091587,0.1389492,-0.3925861,0,0,0,0.05533457,1.108542,-0.1983154,-0.9921754,0.07086629,0.1027921,0,0,0,0
1731426969562,0.2072637,1.440751,-0.2599735,-0.9975383,0.04953726,-0.04963613,0,0,0,0.07105923,1.10451,-0.315882,-0.9091587,0.1389492,-0.3925861,0,0,0,0.05533457,1.108542,-0.1983154,-0.9921754,0.07086629,0.1027921,0,0,0,0
1731426969578,0.1700697,1.444628,-0.2615447,-0.9981594,0.03864409,-0.04674363,-2.789551,0.2907783,-0.1178384,0.03678656,1.111427,-0.3172379,-0.9090172,0.1612892,-0.3842835,-2.57045,0.5187482,-0.1016915,0.01798105,1.117097,-0.2004895,-0.992186,0.0971723,0.07826227,-2.801514,0.641647,-0.1630604,0
1731426969584,0.1700697,1.444628,-0.2615447,-0.9981594,0.03864409,-0.04674363,0,0,0,0.03678656,1.111427,-0.3172379,-0.9090172,0.1612892,-0.3842835,0,0,0,0.01798105,1.117097,-0.2004895,-0.992186,0.0971723,0.07826227,0,0,0,0
1731426969606,0.1315837,1.45119,-0.2636023,-0.9986016,0.01861326,-0.04948807,-2.88645,0.4921496,-0.1543164,0.00313735,1.116006,-0.3184657,-0.9105162,0.1838101,-0.3703713,-2.52369,0.3434837,-0.09208918,-0.01891732,1.123147,-0.2043533,-0.9917939,0.1085094,0.06760746,-2.767378,0.4537314,-0.2897859,0
1731426969612,0.1315837,1.45119,-0.2636023,-0.9986016,0.01861326,-0.04948807,0,0,0,0.00313735,1.116006,-0.3184657,-0.9105162,0.1838101,-0.3703713,0,0,0,-0.01891732,1.123147,-0.2043533,-0.9917939,0.1085094,0.06760746,0,0,0,0
1731426969632,0.09390283,1.456295,-0.2661545,-0.9983999,0.01375187,-0.05485535,-2.826065,0.3828585,-0.1914203,-0.03218722,1.118464,-0.3210781,-0.9110988,0.1640259,-0.3781463,-2.649343,0.1843393,-0.1959264,-0.05688524,1.127685,-0.2078671,-0.9930893,0.08851577,0.07706553,-2.847594,0.3403097,-0.263536,0
1731426969638,0.09390283,1.456295,-0.2661545,-0.9983999,0.01375187,-0.05485535,0,0,0,-0.03218722,1.118464,-0.3210781,-0.9110988,0.1640259,-0.3781463,0,0,0,-0.05688524,1.127685,-0.2078671,-0.9930893,0.08851577,0.07706553,0,0,0,0
1731426969660,0.05653834,1.46077,-0.2686336,-0.9981189,0.009541681,-0.06056535,-2.802336,0.3356338,-0.1859307,-0.06487679,1.121076,-0.3248498,-0.9062009,0.1228457,-0.4046103,-2.451718,0.195837,-0.2828836,-0.09123611,1.132449,-0.2105565,-0.9930609,0.07187602,0.09308136,-2.576315,0.3573328,-0.2017021,0
1731426969666,0.05653834,1.46077,-0.2686336,-0.9981189,0.009541681,-0.06056535,0,0,0,-0.06487679,1.121076,-0.3248498,-0.9062009,0.1228457,-0.4046103,0,0,0,-0.09123611,1.132449,-0.2105565,-0.9930609,0.07187602,0.09308136,0,0,0,0
1731426969688,0.01975679,1.463706,-0.2711833,-0.9978263,0.011932,-0.06481326,-2.758616,0.2201736,-0.1912236,-0.09727287,1.123256,-0.3297272,-0.9082069,0.07400768,-0.4119271,-2.429706,0.1635432,-0.3657997,-0.1256785,1.136314,-0.2140119,-0.9935736,0.06225506,0.09453315,-2.583182,0.2898306,-0.259155,0
1731426969694,0.01975679,1.463706,-0.2711833,-0.9978263,0.011932,-0.06481326,0,0,0,-0.09727287,1.123256,-0.3297272,-0.9082069,0.07400768,-0.4119271,0,0,0,-0.1256785,1.136314,-0.2140119,-0.9935736,0.06225506,0.09453315,0,0,0,0
1731426969716,-0.01651144,1.464464,-0.2737103,-0.9975452,0.01876881,-0.06746674,-2.720118,0.05685389,-0.1895249,-0.1294296,1.122666,-0.3322134,-0.9120078,0.08830639,-0.4005549,-2.411753,-0.04426539,-0.1864672,-0.1589575,1.13734,-0.2182107,-0.9943039,0.06264825,0.08622903,-2.495921,0.07699728,-0.3149092,0
1731426969722,-0.01651144,1.464464,-0.2737103,-0.9975452,0.01876881,-0.06746674,0,0,0,-0.1294296,1.122666,-0.3322134,-0.9120078,0.08830639,-0.4005549,0,0,0,-0.1589575,1.13734,-0.2182107,-0.9943039,0.06264825,0.08622903,0,0,0,0
1731426969744,-0.05256224,1.462626,-0.2762852,-0.9972543,0.026693,-0.06907916,-2.70381,-0.1378208,-0.193119,-0.1641662,1.11825,-0.3353267,-0.9110602,0.0982939,-0.4003855,-2.605247,-0.3311992,-0.2334952,-0.1928415,1.134483,-0.2233777,-0.994485,0.07562155,0.07267469,-2.541304,-0.2143174,-0.3875256,0
1731426969752,-0.05256224,1.462626,-0.2762852,-0.9972543,0.026693,-0.06907916,0,0,0,-0.1641662,1.11825,-0.3353267,-0.9110602,0.0982939,-0.4003855,0,0,0,-0.1928415,1.134483,-0.2233777,-0.994485,0.07562155,0.07267469,0,0,0,0
1731426969773,-0.08878517,1.458836,-0.2791669,-0.9970686,0.03398204,-0.06855428,-2.71672,-0.2842426,-0.2161324,-0.201462,1.110573,-0.3395197,-0.911706,0.07689884,-0.4035834,-2.797186,-0.5757362,-0.3144801,-0.2277415,1.128281,-0.2281656,-0.9943914,0.08868481,0.05762726,-2.617496,-0.4651487,-0.3590941,0
1731426969778,-0.08878517,1.458836,-0.2791669,-0.9970686,0.03398204,-0.06855428,0,0,0,-0.201462,1.110573,-0.3395197,-0.911706,0.07689884,-0.4035834,0,0,0,-0.2277415,1.128281,-0.2281656,-0.9943914,0.08868481,0.05762726,0,0,0,0
1731426969800,-0.1249583,1.453491,-0.2823825,-0.9966961,0.04075405,-0.07026196,-2.712983,-0.4009008,-0.2411664,-0.2382188,1.102838,-0.3436296,-0.9089267,0.07275745,-0.4105599,-2.756757,-0.580126,-0.3082395,-0.2625546,1.120132,-0.2322786,-0.9936481,0.09910935,0.05330443,-2.610987,-0.6111234,-0.3084719,0
1731426969806,-0.1249583,1.453491,-0.2823825,-0.9966961,0.04075405,-0.07026196,0,0,0,-0.2382188,1.102838,-0.3436296,-0.9089267,0.07275745,-0.4105599,0,0,0,-0.2625546,1.120132,-0.2322786,-0.9936481,0.09910935,0.05330443,0,0,0,0
1731426969828,-0.1607628,1.447042,-0.2864733,-0.9962535,0.0472726,-0.07242084,-2.685338,-0.4836917,-0.3068089,-0.2765706,1.094589,-0.348304,-0.9076055,0.08158522,-0.4118208,-2.876383,-0.6186873,-0.3505826,-0.3006091,1.108537,-0.2360427,-0.9946711,0.08934046,0.05145931,-2.854085,-0.8696705,-0.2823114,0
1731426969834,-0.1607628,1.447042,-0.2864733,-0.9962535,0.0472726,-0.07242084,0,0,0,-0.2765706,1.094589,-0.348304,-0.9076055,0.08158522,-0.4118208,0,0,0,-0.3006091,1.108537,-0.2360427,-0.9946711,0.08934046,0.05145931,0,0,0,0
1731426969839,-0.1607628,1.447042,-0.2864733,-0.9962535,0.0472726,-0.07242084,0,0,0,-0.2765706,1.094589,-0.348304,-0.9076055,0.08158522,-0.4118208,0,0,0,-0.3006091,1.108537,-0.2360427,-0.9946711,0.08934046,0.05145931,0,0,0,0
1731426969855,-0.1961906,1.439496,-0.2911563,-0.996187,0.0500484,-0.07146394,-2.657086,-0.5659372,-0.3512263,-0.3136818,1.08888,-0.3534443,-0.9074984,0.09215875,-0.4098222,-2.783346,-0.4281878,-0.3855228,-0.3401637,1.097708,-0.2390614,-0.9965005,0.0534934,0.0642302,-2.966595,-0.8121908,-0.2263963,0
1731426969861,-0.1961906,1.439496,-0.2911563,-0.996187,0.0500484,-0.07146394,0,0,0,-0.3136818,1.08888,-0.3534443,-0.9074984,0.09215875,-0.4098222,0,0,0,-0.3401637,1.097708,-0.2390614,-0.9965005,0.0534934,0.0642302,0,0,0,0
1731426969883,-0.2317481,1.432705,-0.2964506,-0.9965879,0.04679309,-0.06799698,-2.666813,-0.5092889,-0.3970742,-0.349267,1.085004,-0.3583598,-0.9090846,0.1041617,-0.4033812,-2.668887,-0.290671,-0.3686607,-0.3771646,1.089862,-0.2418892,-0.9950573,0.03790927,0.09178376,-2.775067,-0.5884141,-0.2120912,0
1731426969889,-0.2317481,1.432705,-0.2964506,-0.9965879,0.04679309,-0.06799698,0,0,0,-0.349267,1.085004,-0.3583598,-0.9090846,0.1041617,-0.4033812,0,0,0,-0.3771646,1.089862,-0.2418892,-0.9950573,0.03790927,0.09178376,0,0,0,0
1731426969910,-0.2680411,1.428572,-0.3021748,-0.9970761,0.04127182,-0.06431508,-2.721977,-0.3100008,-0.4293144,-0.3875954,1.083384,-0.3639276,-0.9123424,0.1266513,-0.3893474,-2.874631,-0.1215667,-0.4175842,-0.4153926,1.086686,-0.2455349,-0.9927005,0.03518657,0.11536,-2.867103,-0.238198,-0.2734244,0
1731426969916,-0.2680411,1.428572,-0.3021748,-0.9970761,0.04127182,-0.06431508,0,0,0,-0.3875954,1.083384,-0.3639276,-0.9123424,0.1266513,-0.3893474,0,0,0,-0.4153926,1.086686,-0.2455349,-0.9927005,0.03518657,0.11536,0,0,0,0
1731426969938,-0.3048861,1.425448,-0.3081083,-0.9971306,0.05032609,-0.05655289,-2.763373,-0.2342731,-0.4450142,-0.4265914,1.08324,-0.3694835,-0.9130445,0.1429794,-0.3819779,-2.924699,-0.01078248,-0.4166901,-0.4522901,1.089328,-0.2489738,-0.9926082,0.03794166,0.1152811,-2.767307,0.1981258,-0.2579212,0
1731426969944,-0.3048861,1.425448,-0.3081083,-0.9971306,0.05032609,-0.05655289,0,0,0,-0.4265914,1.08324,-0.3694835,-0.9130445,0.1429794,-0.3819779,0,0,0,-0.4522901,1.089328,-0.2489738,-0.9926082,0.03794166,0.1152811,0,0,0,0
1731426969966,-0.341172,1.423294,-0.3141799,-0.9974795,0.05566008,-0.04401386,-2.721441,-0.1615584,-0.4553676,-0.4666235,1.084782,-0.376152,-0.914434,0.1356623,-0.381322,-3.002411,0.1156479,-0.5001426,-0.4891393,1.094377,-0.2529404,-0.9927137,0.0527314,0.1083478,-2.763695,0.3786743,-0.2974927,0
1731426969972,-0.341172,1.423294,-0.3141799,-0.9974795,0.05566008,-0.04401386,0,0,0,-0.4666235,1.084782,-0.376152,-0.914434,0.1356623,-0.381322,0,0,0,-0.4891393,1.094377,-0.2529404,-0.9927137,0.0527314,0.1083478,0,0,0,0
1731426969994,-0.3784106,1.427069,-0.3201764,-0.9986298,0.04224602,-0.0308857,-2.792895,0.2831519,-0.4497349,-0.5077565,1.08785,-0.3811505,-0.918357,0.1329055,-0.3727696,-3.08497,0.2300978,-0.3748834,-0.5271206,1.100704,-0.2567065,-0.9907539,0.07610717,0.1123151,-2.848595,0.4745275,-0.2824545,0
1731426970000,-0.3784106,1.427069,-0.3201764,-0.9986298,0.04224602,-0.0308857,0,0,0,-0.5077565,1.08785,-0.3811505,-0.918357,0.1329055,-0.3727696,0,0,0,-0.5271206,1.100704,-0.2567065,-0.9907539,0.07610717,0.1123151,0,0,0,0
1731426970022,-0.4163256,1.431775,-0.3262076,-0.9991529,0.03613705,-0.01970232,-2.843624,0.3528893,-0.4523456,-0.5488319,1.092274,-0.3839355,-0.9246209,0.1321052,-0.3572465,-3.08066,0.3318071,-0.2088726,-0.5656893,1.107457,-0.2587559,-0.9883944,0.08156914,0.128152,-2.892655,0.5064726,-0.1537085,0
1731426970028,-0.4163256,1.431775,-0.3262076,-0.9991529,0.03613705,-0.01970232,0,0,0,-0.5488319,1.092274,-0.3839355,-0.9246209,0.1321052,-0.3572465,0,0,0,-0.5656893,1.107457,-0.2587559,-0.9883944,0.08156914,0.128152,0,0,0,0
1731426970050,-0.4549448,1.435166,-0.3313632,-0.998055,0.06117434,-0.01200891,-2.896446,0.2543628,-0.3866673,-0.5902097,1.09783,-0.3864181,-0.9312575,0.1314674,-0.3398176,-3.103334,0.4167169,-0.1861989,-0.6039553,1.113037,-0.2592974,-0.9874256,0.06845857,0.1424937,-2.869946,0.4185408,-0.04060864,0
1731426970056,-0.4549448,1.435166,-0.3313632,-0.998055,0.06117434,-0.01200891,0,0,0,-0.5902097,1.09783,-0.3864181,-0.9312575,0.1314674,-0.3398176,0,0,0,-0.6039553,1.113037,-0.2592974,-0.9874256,0.06845857,0.1424937,0,0,0,0
1731426970078,-0.4940174,1.442021,-0.3352778,-0.9986698,0.0508073,-0.008811235,-2.930439,0.5141079,-0.2935946,-0.6301737,1.102775,-0.3888123,-0.9358276,0.1462801,-0.3206706,-2.997297,0.3708422,-0.179565,-0.6410465,1.115989,-0.2593737,-0.9867235,0.05716958,0.1520157,-2.781844,0.2213985,-0.005722046,0
1731426970084,-0.4940174,1.442021,-0.3352778,-0.9986698,0.0508073,-0.008811235,0,0,0,-0.6301737,1.102775,-0.3888123,-0.9358276,0.1462801,-0.3206706,0,0,0,-0.6410465,1.115989,-0.2593737,-0.9867235,0.05716958,0.1520157,0,0,0,0
1731426970105,-0.5326338,1.445606,-0.3387306,-0.9986729,0.05117328,-0.005863428,-2.896231,0.2689183,-0.2589583,-0.6697774,1.107277,-0.3892286,-0.9358179,0.1511958,-0.3184108,-2.970278,0.3376544,-0.03122091,-0.6765466,1.117956,-0.2600939,-0.979807,0.075637,0.185088,-2.662504,0.1475304,-0.05401969,0
1731426970112,-0.5326338,1.445606,-0.3387306,-0.9986729,0.05117328,-0.005863428,0,0,0,-0.6697774,1.107277,-0.3892286,-0.9358179,0.1511958,-0.3184108,0,0,0,-0.6765466,1.117956,-0.2600939,-0.979807,0.075637,0.185088,0,0,0,0
1731426970133,-0.5706561,1.450718,-0.3412907,-0.9994844,0.0318877,-0.003769994,-2.851671,0.3833592,-0.1920104,-0.7075074,1.111561,-0.3895905,-0.9350274,0.1442476,-0.3239092,-2.829748,0.3213018,-0.02714396,-0.7088966,1.120404,-0.2576463,-0.9740385,0.06048167,0.2181543,-2.426255,0.1835883,0.1835704,0
1731426970139,-0.5706561,1.450718,-0.3412907,-0.9994844,0.0318877,-0.003769994,0,0,0,-0.7075074,1.111561,-0.3895905,-0.9350274,0.1442476,-0.3239092,0,0,0,-0.7088966,1.120404,-0.2576463,-0.9740385,0.06048167,0.2181543,0,0,0,0
1731426970161,-0.6084013,1.455251,-0.3436191,-0.9997855,0.02018009,-0.004719973,-2.830893,0.3399968,-0.1746297,-0.7437005,1.115726,-0.3895903,-0.9375283,0.1193828,-0.3267852,-2.714485,0.3123969,1.788139E-05,-0.740216,1.122088,-0.2543182,-0.9795948,0.009459309,0.2007605,-2.348953,0.1262695,0.2496064,0
1731426970167,-0.6084013,1.455251,-0.3436191,-0.9997855,0.02018009,-0.004719973,0,0,0,-0.7437005,1.115726,-0.3895903,-0.9375283,0.1193828,-0.3267852,0,0,0,-0.740216,1.122088,-0.2543182,-0.9795948,0.009459309,0.2007605,0,0,0,0
1731426970189,-0.6460624,1.458723,-0.3454294,-0.9998022,0.01904067,-0.005796432,-2.824581,0.2604067,-0.1357734,-0.7782474,1.119215,-0.3898578,-0.9423937,0.1013022,-0.3187989,-2.591014,0.2616853,-0.02006292,-0.7725267,1.121763,-0.252707,-0.9821842,-0.0104075,0.1876338,-2.423304,-0.02438128,0.1208425,0
1731426970194,-0.6460624,1.458723,-0.3454294,-0.9998022,0.01904067,-0.005796432,0,0,0,-0.7782474,1.119215,-0.3898578,-0.9423937,0.1013022,-0.3187989,0,0,0,-0.7725267,1.121763,-0.252707,-0.9821842,-0.0104075,0.1876338,0,0,0,0
1731426970200,-0.6460624,1.458723,-0.3454294,-0.9998022,0.01904067,-0.005796432,0,0,0,-0.7782474,1.119215,-0.3898578,-0.9423937,0.1013022,-0.3187989,0,0,0,-0.7725267,1.121763,-0.252707,-0.9821842,-0.0104075,0.1876338,0,0,0,0
1731426970217,-0.6838057,1.459849,-0.3471034,-0.9994364,0.03292195,-0.006598353,-2.83075,0.08440018,-0.1255453,-0.8120501,1.119157,-0.3908446,-0.9415075,0.09360002,-0.3237332,-2.535206,-0.004380941,-0.07401109,-0.8073249,1.118311,-0.2518523,-0.9773392,-0.005724849,0.2116024,-2.609861,-0.2588779,0.0641048,0
1731426970223,-0.6838057,1.459849,-0.3471034,-0.9994364,0.03292195,-0.006598353,0,0,0,-0.8120501,1.119157,-0.3908446,-0.9415075,0.09360002,-0.3237332,0,0,0,-0.8073249,1.118311,-0.2518523,-0.9773392,-0.005724849,0.2116024,0,0,0,0
1731426970245,-0.7209947,1.458523,-0.3486292,-0.99927,0.03741668,-0.007731676,-2.789176,-0.09940267,-0.1144409,-0.8447921,1.117464,-0.3911037,-0.9439102,0.08152495,-0.3199806,-2.455652,-0.1269668,-0.01943707,-0.8417728,1.113637,-0.2514546,-0.9734612,-0.01681712,0.2282341,-2.583593,-0.3505111,0.02982616,0
1731426970251,-0.7209947,1.458523,-0.3486292,-0.99927,0.03741668,-0.007731676,0,0,0,-0.8447921,1.117464,-0.3911037,-0.9439102,0.08152495,-0.3199806,0,0,0,-0.8417728,1.113637,-0.2514546,-0.9734612,-0.01681712,0.2282341,0,0,0,0
1731426970270,-0.7579594,1.454614,-0.3500121,-0.9994076,0.03343944,-0.008169293,-2.772349,-0.2931654,-0.1037121,-0.8790483,1.110433,-0.3920944,-0.9501274,0.07689215,-0.3022356,-2.569216,-0.5273223,-0.07429719,-0.8790536,1.106142,-0.2527168,-0.9728069,-0.03715737,0.2286182,-2.79606,-0.5621731,-0.0946641,0
1731426970276,-0.7579594,1.454614,-0.3500121,-0.9994076,0.03343944,-0.008169293,0,0,0,-0.8790483,1.110433,-0.3920944,-0.9501274,0.07689215,-0.3022356,0,0,0,-0.8790536,1.106142,-0.2527168,-0.9728069,-0.03715737,0.2286182,0,0,0,0
1731426970298,-0.7955427,1.449084,-0.3514495,-0.9994272,0.03316329,-0.006773353,-2.818751,-0.4147857,-0.1078069,-0.9133294,1.102443,-0.3942063,-0.9500878,0.07444651,-0.302971,-2.571076,-0.5992144,-0.1583934,-0.9163096,1.09766,-0.2553732,-0.9732815,-0.04637273,0.224885,-2.7942,-0.6361485,-0.1992345,0
1731426970303,-0.7955427,1.449084,-0.3514495,-0.9994272,0.03316329,-0.006773353,0,0,0,-0.9133294,1.102443,-0.3942063,-0.9500878,0.07444651,-0.302971,0,0,0,-0.9163096,1.09766,-0.2553732,-0.9732815,-0.04637273,0.224885,0,0,0,0
1731426970326,-0.8332992,1.441604,-0.352267,-0.99927,0.03790206,-0.004846931,-2.831733,-0.560984,-0.0613153,-0.9501772,1.092124,-0.3955245,-0.9465038,0.06955522,-0.3151077,-2.763587,-0.7739782,-0.09886622,-0.9544761,1.088249,-0.2585547,-0.9742686,-0.04622008,0.2206004,-2.862489,-0.7058322,-0.2386093,0
1731426970332,-0.8332992,1.441604,-0.352267,-0.99927,0.03790206,-0.004846931,0,0,0,-0.9501772,1.092124,-0.3955245,-0.9465038,0.06955522,-0.3151077,0,0,0,-0.9544761,1.088249,-0.2585547,-0.9742686,-0.04622008,0.2206004,0,0,0,0
1731426970355,-0.870894,1.432564,-0.3526311,-0.9991094,0.04171837,-0.006375551,-2.81961,-0.6780267,-0.02730489,-0.9881289,1.082413,-0.397073,-0.9424433,0.05644646,-0.3295671,-2.846378,-0.7282645,-0.1161397,-0.9936497,1.079346,-0.2611663,-0.9737658,-0.04255559,0.2235382,-2.93802,-0.6677181,-0.1958728,0
1731426970360,-0.870894,1.432564,-0.3526311,-0.9991094,0.04171837,-0.006375551,0,0,0,-0.9881289,1.082413,-0.397073,-0.9424433,0.05644646,-0.3295671,0,0,0,-0.9936497,1.079346,-0.2611663,-0.9737658,-0.04255559,0.2235382,0,0,0,0
1731426970383,-0.9088614,1.423137,-0.3525269,-0.9989789,0.04417817,-0.009481549,-2.847558,-0.7070124,0.007814169,-1.026571,1.075497,-0.3981044,-0.9418104,0.06758042,-0.3292818,-2.88316,-0.518766,-0.07735491,-1.034047,1.071965,-0.2636566,-0.9768334,-0.02456783,0.2125868,-3.02977,-0.5535275,-0.1867712,0
1731426970392,-0.9088614,1.423137,-0.3525269,-0.9989789,0.04417817,-0.009481549,0,0,0,-1.026571,1.075497,-0.3981044,-0.9418104,0.06758042,-0.3292818,0,0,0,-1.034047,1.071965,-0.2636566,-0.9768334,-0.02456783,0.2125868,0,0,0,0
1731426970411,-0.9480867,1.416213,-0.351809,-0.998791,0.04683851,-0.01493764,-2.9419,-0.5193114,0.05384088,-1.066593,1.069929,-0.3987386,-0.9415894,0.09708723,-0.3224653,-3.00166,-0.4175484,-0.04756451,-1.076376,1.06611,-0.2662659,-0.9817719,0.01581671,0.189405,-3.174698,-0.4391402,-0.195694,0
1731426970419,-0.9480867,1.416213,-0.351809,-0.998791,0.04683851,-0.01493764,0,0,0,-1.066593,1.069929,-0.3987386,-0.9415894,0.09708723,-0.3224653,0,0,0,-1.076376,1.06611,-0.2662659,-0.9817719,0.01581671,0.189405,0,0,0,0
1731426970426,-0.9480867,1.416213,-0.351809,-0.998791,0.04683851,-0.01493764,0,0,0,-1.066593,1.069929,-0.3987386,-0.9415894,0.09708723,-0.3224653,0,0,0,-1.076376,1.06611,-0.2662659,-0.9817719,0.01581671,0.189405,0,0,0,0
1731426970451,-0.987637,1.410192,-0.3508821,-0.9988575,0.04403756,-0.01857054,-2.966273,-0.4515946,0.06952286,-1.108336,1.065941,-0.3998082,-0.9332989,0.1088207,-0.3422158,-3.13071,-0.2991378,-0.08021593,-1.11953,1.063331,-0.2667973,-0.980377,0.001931366,0.197123,-3.236568,-0.2084345,-0.03985763,0
1731426970457,-0.987637,1.410192,-0.3508821,-0.9988575,0.04403756,-0.01857054,0,0,0,-1.108336,1.065941,-0.3998082,-0.9332989,0.1088207,-0.3422158,0,0,0,-1.11953,1.063331,-0.2667973,-0.980377,0.001931366,0.197123,0,0,0,0
1731426970490,-1.048976,1.407593,-0.3491619,-0.9987467,0.04101618,-0.02868879,-4.600453,-0.1948893,0.1290143,-1.167526,1.065417,-0.4027007,-0.927125,0.1057647,-0.3595185,-4.439288,-0.0392586,-0.2169371,-1.180452,1.06389,-0.2696185,-0.9853901,0.0008397847,0.1703113,-4.569161,0.04188716,-0.2115905,0
1731426970497,-1.048976,1.407593,-0.3491619,-0.9987467,0.04101618,-0.02868879,0,0,0,-1.167526,1.065417,-0.4027007,-0.927125,0.1057647,-0.3595185,0,0,0,-1.180452,1.06389,-0.2696185,-0.9853901,0.0008397847,0.1703113,0,0,0,0
1731426970519,-1.110379,1.416168,-0.3480105,-0.9981515,0.04631913,-0.03935397,-4.605174,0.643158,0.08634925,-1.229347,1.073641,-0.4058034,-0.9151921,0.1019368,-0.3899134,-4.636502,0.6167918,-0.2327085,-1.244588,1.069909,-0.275979,-0.992066,-0.002255816,0.1256988,-4.810202,0.4514873,-0.4770398,0
1731426970526,-1.110379,1.416168,-0.3480105,-0.9981515,0.04631913,-0.03935397,0,0,0,-1.229347,1.073641,-0.4058034,-0.9151921,0.1019368,-0.3899134,0,0,0,-1.244588,1.069909,-0.275979,-0.992066,-0.002255816,0.1256988,0,0,0,0
1731426970532,-1.110379,1.416168,-0.3480105,-0.9981515,0.04631913,-0.03935397,0,0,0,-1.229347,1.073641,-0.4058034,-0.9151921,0.1019368,-0.3899134,0,0,0,-1.244588,1.069909,-0.275979,-0.992066,-0.002255816,0.1256988,0,0,0,0
1731426970548,-1.151228,1.4248,-0.3475757,-0.9964403,0.06684677,-0.05136776,-3.063726,0.6473601,0.03261566,-1.271347,1.083576,-0.4083681,-0.9094352,0.08984689,-0.4060243,-3.150058,0.7451355,-0.1923501,-1.289355,1.080064,-0.2807715,-0.9958284,-0.007908344,0.09090447,-3.357482,0.7615864,-0.3594339,0
1731426970554,-1.151228,1.4248,-0.3475757,-0.9964403,0.06684677,-0.05136776,0,0,0,-1.271347,1.083576,-0.4083681,-0.9094352,0.08984689,-0.4060243,0,0,0,-1.289355,1.080064,-0.2807715,-0.9958284,-0.007908344,0.09090447,0,0,0,0
1731426970561,-1.151228,1.4248,-0.3475757,-0.9964403,0.06684677,-0.05136776,0,0,0,-1.271347,1.083576,-0.4083681,-0.9094352,0.08984689,-0.4060243,0,0,0,-1.289355,1.080064,-0.2807715,-0.9958284,-0.007908344,0.09090447,0,0,0,0
1731426970588,-1.191257,1.430325,-0.3473012,-0.9958455,0.07505999,-0.05155575,-3.002143,0.4143834,0.02058148,-1.309996,1.091309,-0.4100604,-0.9057825,0.08328177,-0.4154788,-2.898663,0.5799383,-0.1269221,-1.329489,1.089713,-0.284013,-0.9982922,0.005846813,0.05812788,-3.010064,0.7236958,-0.2431154,0
1731426970594,-1.191257,1.430325,-0.3473012,-0.9958455,0.07505999,-0.05155575,0,0,0,-1.309996,1.091309,-0.4100604,-0.9057825,0.08328177,-0.4154788,0,0,0,-1.329489,1.089713,-0.284013,-0.9982922,0.005846813,0.05812788,0,0,0,0
1731426970614,-1.250493,1.438145,-0.3469367,-0.998224,0.04117259,-0.04305756,-4.442704,0.5865097,0.02734065,-1.365446,1.099872,-0.4100592,-0.9107461,0.09337863,-0.4022716,-4.158729,0.6422728,8.940697E-05,-1.387416,1.102138,-0.2899745,-0.998367,0.05425034,0.017905,-4.344553,0.9318531,-0.4471064,0
1731426970621,-1.250493,1.438145,-0.3469367,-0.998224,0.04117259,-0.04305756,0,0,0,-1.365446,1.099872,-0.4100592,-0.9107461,0.09337863,-0.4022716,0,0,0,-1.387416,1.102138,-0.2899745,-0.998367,0.05425034,0.017905,0,0,0,0
1731426970627,-1.250493,1.438145,-0.3469367,-0.998224,0.04117259,-0.04305756,0,0,0,-1.365446,1.099872,-0.4100592,-0.9107461,0.09337863,-0.4022716,0,0,0,-1.387416,1.102138,-0.2899745,-0.998367,0.05425034,0.017905,0,0,0,0
1731426970643,-1.290639,1.446132,-0.3469398,-0.998758,0.02938779,-0.04024351,-3.010976,0.5990267,-0.0002324581,-1.403313,1.103708,-0.4099905,-0.9116006,0.09895687,-0.3989897,-2.840012,0.2876312,0.005149841,-1.428633,1.108802,-0.2912855,-0.9979002,0.05885543,0.02704221,-3.091264,0.499776,-0.09832978,0
1731426970650,-1.290639,1.446132,-0.3469398,-0.998758,0.02938779,-0.04024351,0,0,0,-1.403313,1.103708,-0.4099905,-0.9116006,0.09895687,-0.3989897,0,0,0,-1.428633,1.108802,-0.2912855,-0.9979002,0.05885543,0.02704221,0,0,0,0
1731426970671,-1.330078,1.452529,-0.3468447,-0.9988033,0.03140282,-0.03750265,-2.957904,0.4797578,0.007134676,-1.440803,1.107348,-0.4126737,-0.9106773,0.07510175,-0.4062357,-2.811795,0.2730668,-0.2012372,-1.467793,1.116074,-0.2916789,-0.9976568,0.03844943,0.05659384,-2.937019,0.545463,-0.0295043,0
1731426970679,-1.330078,1.452529,-0.3468447,-0.9988033,0.03140282,-0.03750265,0,0,0,-1.440803,1.107348,-0.4126737,-0.9106773,0.07510175,-0.4062357,0,0,0,-1.467793,1.116074,-0.2916789,-0.9976568,0.03844943,0.05659384,0,0,0,0
1731426970700,-1.368908,1.455851,-0.346735,-0.9984683,0.04025788,-0.03796017,-2.912271,0.2491862,0.008225441,-1.47891,1.109931,-0.4152629,-0.9058135,0.0442703,-0.4213582,-2.858019,0.1937002,-0.1941919,-1.505139,1.122522,-0.2907052,-0.9969891,0.0166181,0.07574135,-2.800941,0.4835844,0.07302761,0
1731426970706,-1.368908,1.455851,-0.346735,-0.9984683,0.04025788,-0.03796017,0,0,0,-1.47891,1.109931,-0.4152629,-0.9058135,0.0442703,-0.4213582,0,0,0,-1.505139,1.122522,-0.2907052,-0.9969891,0.0166181,0.07574135,0,0,0,0
1731426970728,-1.408387,1.455521,-0.3464472,-0.9978555,0.05227777,-0.03939378,-2.960908,-0.02478361,0.02158284,-1.516777,1.110377,-0.4166493,-0.9065617,0.04424176,-0.4197487,-2.840012,0.03344715,-0.1039803,-1.5413,1.126001,-0.2905359,-0.9979134,0.01399497,0.06303632,-2.712035,0.2609342,0.01269579,0
1731426970734,-1.408387,1.455521,-0.3464472,-0.9978555,0.05227777,-0.03939378,0,0,0,-1.516777,1.110377,-0.4166493,-0.9065617,0.04424176,-0.4197487,0,0,0,-1.5413,1.126001,-0.2905359,-0.9979134,0.01399497,0.06303632,0,0,0,0
1731426970756,-1.448048,1.451912,-0.3459475,-0.9975486,0.05724229,-0.04025078,-2.974534,-0.2706885,0.0374794,-1.556597,1.106788,-0.417521,-0.9114704,0.05031802,-0.4082778,-2.986515,-0.2691686,-0.06537437,-1.57771,1.125028,-0.291564,-0.9980817,0.03346627,0.05209213,-2.730775,-0.07300079,-0.07710457,0
1731426970762,-1.448048,1.451912,-0.3459475,-0.9975486,0.05724229,-0.04025078,0,0,0,-1.556597,1.106788,-0.417521,-0.9114704,0.05031802,-0.4082778,0,0,0,-1.57771,1.125028,-0.291564,-0.9980817,0.03346627,0.05209213,0,0,0,0
1731426970784,-1.48828,1.446174,-0.3454397,-0.9975981,0.05683996,-0.03959739,-3.017414,-0.4303604,0.03808737,-1.598766,1.099177,-0.4178369,-0.9161005,0.04925254,-0.3979131,-3.162682,-0.5708367,-0.02369285,-1.616085,1.118689,-0.2929759,-0.9964808,0.07481921,0.03779525,-2.878118,-0.4754037,-0.1058936,0
1731426970790,-1.48828,1.446174,-0.3454397,-0.9975981,0.05683996,-0.03959739,0,0,0,-1.598766,1.099177,-0.4178369,-0.9161005,0.04925254,-0.3979131,0,0,0,-1.616085,1.118689,-0.2929759,-0.9964808,0.07481921,0.03779525,0,0,0,0
1731426970812,-1.529777,1.438374,-0.3451276,-0.997425,0.05912573,-0.04059231,-3.112292,-0.5849898,0.02340674,-1.64169,1.089776,-0.4190545,-0.9148438,0.0521321,-0.4004295,-3.219259,-0.7050455,-0.09132028,-1.658553,1.108407,-0.2945182,-0.9956628,0.08710827,0.03267646,-3.185105,-0.7711619,-0.1156747,0
1731426970820,-1.529777,1.438374,-0.3451276,-0.997425,0.05912573,-0.04059231,0,0,0,-1.64169,1.089776,-0.4190545,-0.9148438,0.0521321,-0.4004295,0,0,0,-1.658553,1.108407,-0.2945182,-0.9956628,0.08710827,0.03267646,0,0,0,0
1731426970840,-1.5724,1.429397,-0.3454862,-0.9972187,0.06376754,-0.03858531,-3.196692,-0.6732881,-0.02689362,-1.685724,1.079504,-0.4191699,-0.9135177,0.06098899,-0.4022019,-3.30255,-0.770393,-0.008654594,-1.704424,1.096265,-0.2950349,-0.9971201,0.05325285,0.05400079,-3.440344,-0.9106457,-0.03874898,0
1731426970847,-1.5724,1.429397,-0.3454862,-0.9972187,0.06376754,-0.03858531,0,0,0,-1.685724,1.079504,-0.4191699,-0.9135177,0.06098899,-0.4022019,0,0,0,-1.704424,1.096265,-0.2950349,-0.9971201,0.05325285,0.05400079,0,0,0,0
1731426970853,-1.5724,1.429397,-0.3454862,-0.9972187,0.06376754,-0.03858531,0,0,0,-1.685724,1.079504,-0.4191699,-0.9135177,0.06098899,-0.4022019,0,0,0,-1.704424,1.096265,-0.2950349,-0.9971201,0.05325285,0.05400079,0,0,0,0
1731426970882,-1.61426,1.418205,-0.3461208,-0.9978569,0.05604886,-0.03377616,-3.139508,-0.8393973,-0.04760027,-1.730299,1.071135,-0.4204552,-0.9150683,0.06868225,-0.397408,-3.343177,-0.6276906,-0.09639859,-1.751287,1.085128,-0.2971575,-0.9961232,0.04379579,0.07629532,-3.514731,-0.8353025,-0.159198,0
1731426970889,-1.61426,1.418205,-0.3461208,-0.9978569,0.05604886,-0.03377616,0,0,0,-1.730299,1.071135,-0.4204552,-0.9150683,0.06868225,-0.397408,0,0,0,-1.751287,1.085128,-0.2971575,-0.9961232,0.04379579,0.07629532,0,0,0,0
1731426970921,-1.678276,1.404843,-0.3482845,-0.9986113,0.04570137,-0.026214,-4.80119,-1.002154,-0.1622736,-1.79476,1.062136,-0.4245141,-0.9175452,0.09276851,-0.3866588,-4.834557,-0.6749779,-0.3044128,-1.818949,1.074222,-0.3009334,-0.996024,0.04414643,0.07737857,-5.074632,-0.8179486,-0.2831876,0
1731426970928,-1.678276,1.404843,-0.3482845,-0.9986113,0.04570137,-0.026214,0,0,0,-1.79476,1.062136,-0.4245141,-0.9175452,0.09276851,-0.3866588,0,0,0,-1.818949,1.074222,-0.3009334,-0.996024,0.04414643,0.07737857,0,0,0,0
1731426970934,-1.678276,1.404843,-0.3482845,-0.9986113,0.04570137,-0.026214,0,0,0,-1.79476,1.062136,-0.4245141,-0.9175452,0.09276851,-0.3866588,0,0,0,-1.818949,1.074222,-0.3009334,-0.996024,0.04414643,0.07737857,0,0,0,0
1731426970950,-1.744339,1.404032,-0.351701,-0.9984601,0.05242313,-0.01815426,-4.954791,-0.0608325,-0.2562404,-1.865288,1.062609,-0.4275286,-0.9158978,0.1095412,-0.3861762,-5.289567,0.03547668,-0.2260923,-1.889081,1.078619,-0.3034201,-0.9944218,0.07494997,0.07421595,-5.259848,0.3297865,-0.1865029,0.005677462
1731426970957,-1.744339,1.404032,-0.351701,-0.9984601,0.05242313,-0.01815426,0,0,0,-1.865288,1.062609,-0.4275286,-0.9158978,0.1095412,-0.3861762,0,0,0,-1.889081,1.078619,-0.3034201,-0.9944218,0.07494997,0.07421595,0,0,0,0.005677462
1731426970963,-1.744339,1.404032,-0.351701,-0.9984601,0.05242313,-0.01815426,0,0,0,-1.865288,1.062609,-0.4275286,-0.9158978,0.1095412,-0.3861762,0,0,0,-1.889081,1.078619,-0.3034201,-0.9944218,0.07494997,0.07421595,0,0,0,0.005677462
1731426970989,-1.789529,1.402868,-0.3540783,-0.9974549,0.07024138,-0.01226556,-3.389239,-0.08729696,-0.1782954,-1.913422,1.06231,-0.4312959,-0.9144267,0.105111,-0.3908659,-3.610039,-0.02239645,-0.2825439,-1.934806,1.083096,-0.3052716,-0.9918885,0.1012058,0.07690918,-3.429401,0.3357857,-0.1388669,0.005677462
1731426970996,-1.789529,1.402868,-0.3540783,-0.9974549,0.07024138,-0.01226556,0,0,0,-1.913422,1.06231,-0.4312959,-0.9144267,0.105111,-0.3908659,0,0,0,-1.934806,1.083096,-0.3052716,-0.9918885,0.1012058,0.07690918,0,0,0,0.005677462
1731426971016,-1.856495,1.411656,-0.3576155,-0.9990934,0.04255916,0.001271009,-5.022418,0.6591171,-0.2652884,-1.982647,1.06604,-0.4336653,-0.9132064,0.09322127,-0.3966914,-5.191898,0.2797812,-0.1777053,-2.0013,1.091621,-0.3059311,-0.9909018,0.115609,0.06891131,-4.987049,0.6393403,-0.04945993,0.005677462
1731426971023,-1.856495,1.411656,-0.3576155,-0.9990934,0.04255916,0.001271009,0,0,0,-1.982647,1.06604,-0.4336653,-0.9132064,0.09322127,-0.3966914,0,0,0,-2.0013,1.091621,-0.3059311,-0.9909018,0.115609,0.06891131,0,0,0,0.005677462
1731426971029,-1.856495,1.411656,-0.3576155,-0.9990934,0.04255916,0.001271009,0,0,0,-1.982647,1.06604,-0.4336653,-0.9132064,0.09322127,-0.3966914,0,0,0,-2.0013,1.091621,-0.3059311,-0.9909018,0.115609,0.06891131,0,0,0,0.005677462
1731426971045,-1.901523,1.418129,-0.3597875,-0.9982442,0.0570901,0.01580888,-3.377116,0.4854798,-0.1628995,-2.031283,1.071731,-0.4318542,-0.922052,0.07838379,-0.3790468,-3.647733,0.4267842,0.1358271,-2.046607,1.100064,-0.3051548,-0.9918061,0.09075038,0.08991933,-3.398037,0.6332159,0.05822182,0.005677462
1731426971052,-1.901523,1.418129,-0.3597875,-0.9982442,0.0570901,0.01580888,0,0,0,-2.031283,1.071731,-0.4318542,-0.922052,0.07838379,-0.3790468,0,0,0,-2.046607,1.100064,-0.3051548,-0.9918061,0.09075038,0.08991933,0,0,0,0.005677462
1731426971072,-1.945903,1.423542,-0.3610997,-0.997564,0.06598139,0.022641,-3.328514,0.4059613,-0.09841919,-2.077614,1.078045,-0.4296994,-0.9273159,0.04965853,-0.3709716,-3.47482,0.4735619,0.161612,-2.087786,1.106712,-0.3034344,-0.9933196,0.04794199,0.1049675,-3.088403,0.4985958,0.1290321,0.005677462
1731426971080,-1.945903,1.423542,-0.3610997,-0.997564,0.06598139,0.022641,0,0,0,-2.077614,1.078045,-0.4296994,-0.9273159,0.04965853,-0.3709716,0,0,0,-2.087786,1.106712,-0.3034344,-0.9933196,0.04794199,0.1049675,0,0,0,0.005677462
1731426971100,-1.988047,1.427608,-0.3615346,-0.9984148,0.05194728,0.02167082,-3.160751,0.304994,-0.03261566,-2.121918,1.086511,-0.4241042,-0.9341992,0.06551826,-0.3506843,-3.322792,0.6349236,0.4196405,-2.125878,1.112674,-0.3015089,-0.9971139,0.001435474,0.07590896,-2.85691,0.4471511,0.1444101,0.005677462
1731426971107,-1.988047,1.427608,-0.3615346,-0.9984148,0.05194728,0.02167082,0,0,0,-2.121918,1.086511,-0.4241042,-0.9341992,0.06551826,-0.3506843,0,0,0,-2.125878,1.112674,-0.3015089,-0.9971139,0.001435474,0.07590896,0,0,0,0.005677462
1731426971127,-2.030773,1.434429,-0.3612065,-0.9994999,0.02565925,0.01850128,-3.204453,0.5115509,0.0246048,-2.163702,1.09292,-0.4189644,-0.9378071,0.1191873,-0.3260559,-3.13375,0.4807144,0.3854871,-2.162009,1.115923,-0.2994561,-0.9986838,0.01243527,0.04976434,-2.709854,0.2437145,0.1539588,0.005677462
1731426971135,-2.030773,1.434429,-0.3612065,-0.9994999,0.02565925,0.01850128,0,0,0,-2.163702,1.09292,-0.4189644,-0.9378071,0.1191873,-0.3260559,0,0,0,-2.162009,1.115923,-0.2994561,-0.9986838,0.01243527,0.04976434,0,0,0,0.005677462
1731426971156,-2.074047,1.441919,-0.3604527,-0.9996763,0.02260999,0.01166749,-3.245544,0.561744,0.05654097,-2.205949,1.09686,-0.4153233,-0.9375373,0.1358529,-0.3202633,-3.168583,0.2954721,0.2730846,-2.198492,1.116318,-0.2961888,-0.9978368,0.02183441,0.06201267,-2.736211,0.02962947,0.2450466,0.005677462
1731426971164,-2.074047,1.441919,-0.3604527,-0.9996763,0.02260999,0.01166749,0,0,0,-2.205949,1.09686,-0.4153233,-0.9375373,0.1358529,-0.3202633,0,0,0,-2.198492,1.116318,-0.2961888,-0.9978368,0.02183441,0.06201267,0,0,0,0.005677462
1731426971184,-2.116653,1.446646,-0.3588834,-0.9997948,0.01961568,0.005053937,-3.195477,0.3545076,0.1176953,-2.250456,1.099011,-0.4133244,-0.932816,0.09660751,-0.3471626,-3.337991,0.1613617,0.1499176,-2.238776,1.11302,-0.2904077,-0.9948716,-0.03238037,0.09582436,-3.021312,-0.2473891,0.433588,0.005677462
1731426971191,-2.116653,1.446646,-0.3588834,-0.9997948,0.01961568,0.005053937,0,0,0,-2.250456,1.099011,-0.4133244,-0.932816,0.09660751,-0.3471626,0,0,0,-2.238776,1.11302,-0.2904077,-0.9948716,-0.03238037,0.09582436,0,0,0,0.005677462
1731426971212,-2.15986,1.449826,-0.3570814,-0.9997908,0.0204636,0.0004620552,-3.240538,0.2385646,0.1351476,-2.292703,1.101025,-0.4117022,-0.9300943,0.06504802,-0.3615161,-3.168511,0.1510441,0.121665,-2.278612,1.110312,-0.2851462,-0.9914421,-0.08819719,0.09625113,-2.987659,-0.20307,0.3946066,0.005677462
1731426971220,-2.15986,1.449826,-0.3570814,-0.9997908,0.0204636,0.0004620552,0,0,0,-2.292703,1.101025,-0.4117022,-0.9300943,0.06504802,-0.3615161,0,0,0,-2.278612,1.110312,-0.2851462,-0.9914421,-0.08819719,0.09625113,0,0,0,0.005677462
1731426971227,-2.15986,1.449826,-0.3570814,-0.9997908,0.0204636,0.0004620552,0,0,0,-2.292703,1.101025,-0.4117022,-0.9300943,0.06504802,-0.3615161,0,0,0,-2.278612,1.110312,-0.2851462,-0.9914421,-0.08819719,0.09625113,0,0,0,0.005677462
1731426971254,-2.202533,1.450778,-0.3548703,-0.9996394,0.02638968,-0.005010486,-3.200448,0.07139146,0.165832,-2.334445,1.102144,-0.4086819,-0.9340754,0.06110169,-0.3518108,-3.13071,0.08393526,0.2265215,-2.320585,1.105524,-0.2805572,-0.9908535,-0.09894226,0.09175897,-3.148019,-0.3590852,0.3441811,0.005677462
1731426971261,-2.202533,1.450778,-0.3548703,-0.9996394,0.02638968,-0.005010486,0,0,0,-2.334445,1.102144,-0.4086819,-0.9340754,0.06110169,-0.3518108,0,0,0,-2.320585,1.105524,-0.2805572,-0.9908535,-0.09894226,0.09175897,0,0,0,0.005677462
1731426971294,-2.266,1.447244,-0.3507972,-0.9993711,0.03402165,-0.01002085,-4.760063,-0.2650827,0.3054857,-2.395915,1.101293,-0.4059725,-0.9329737,0.06375272,-0.3542546,-4.610217,-0.06384552,0.2032042,-2.382017,1.098261,-0.2748518,-0.9888608,-0.08003141,0.1254976,-4.607356,-0.5447119,0.4279017,0.005677462
1731426971301,-2.266,1.447244,-0.3507972,-0.9993711,0.03402165,-0.01002085,0,0,0,-2.395915,1.101293,-0.4059725,-0.9329737,0.06375272,-0.3542546,0,0,0,-2.382017,1.098261,-0.2748518,-0.9888608,-0.08003141,0.1254976,0,0,0,0.005677462
1731426971308,-2.266,1.447244,-0.3507972,-0.9993711,0.03402165,-0.01002085,0,0,0,-2.395915,1.101293,-0.4059725,-0.9329737,0.06375272,-0.3542546,0,0,0,-2.382017,1.098261,-0.2748518,-0.9888608,-0.08003141,0.1254976,0,0,0,0.005677462
1731426971323,-2.329076,1.437727,-0.3459382,-0.9995366,0.03002893,-0.005054474,-4.730701,-0.7137358,0.3644228,-2.458716,1.095304,-0.4016914,-0.9368031,0.08598784,-0.3391263,-4.710066,-0.4491895,0.3210783,-2.449708,1.087967,-0.2687798,-0.989964,-0.02699673,0.1387181,-5.076814,-0.772047,0.4554033,0.005677462
1731426971330,-2.329076,1.437727,-0.3459382,-0.9995366,0.03002893,-0.005054474,0,0,0,-2.458716,1.095304,-0.4016914,-0.9368031,0.08598784,-0.3391263,0,0,0,-2.449708,1.087967,-0.2687798,-0.989964,-0.02699673,0.1387181,0,0,0,0.005677462
1731426971336,-2.329076,1.437727,-0.3459382,-0.9995366,0.03002893,-0.005054474,0,0,0,-2.458716,1.095304,-0.4016914,-0.9368031,0.08598784,-0.3391263,0,0,0,-2.449708,1.087967,-0.2687798,-0.989964,-0.02699673,0.1387181,0,0,0,0.005677462
1731426971363,-2.37106,1.429978,-0.342494,-0.9993948,0.03431239,-0.005752206,-3.14877,-0.58119,0.2583146,-2.50257,1.087546,-0.3983936,-0.9354618,0.09282629,-0.3410207,-3.289068,-0.5818337,0.2473354,-2.496611,1.07926,-0.2628422,-0.9880771,-0.0233366,0.1521817,-3.517771,-0.6530553,0.4453182,0.005677462
1731426971371,-2.37106,1.429978,-0.342494,-0.9993948,0.03431239,-0.005752206,0,0,0,-2.50257,1.087546,-0.3983936,-0.9354618,0.09282629,-0.3410207,0,0,0,-2.496611,1.07926,-0.2628422,-0.9880771,-0.0233366,0.1521817,0,0,0,0.005677462
1731426971390,-2.433452,1.416173,-0.3363094,-0.9989387,0.04460267,-0.01151967,-4.679418,-1.03536,0.4638433,-2.565479,1.075789,-0.3937073,-0.9288501,0.08834404,-0.3597689,-4.718184,-0.8817494,0.3514767,-2.5651,1.066889,-0.2546544,-0.9847993,-0.03745222,0.1696123,-5.136645,-0.927794,0.6140828,0.005677462
1731426971397,-2.433452,1.416173,-0.3363094,-0.9989387,0.04460267,-0.01151967,0,0,0,-2.565479,1.075789,-0.3937073,-0.9288501,0.08834404,-0.3597689,0,0,0,-2.5651,1.066889,-0.2546544,-0.9847993,-0.03745222,0.1696123,0,0,0,0.005677462
1731426971403,-2.433452,1.416173,-0.3363094,-0.9989387,0.04460267,-0.01151967,0,0,0,-2.565479,1.075789,-0.3937073,-0.9288501,0.08834404,-0.3597689,0,0,0,-2.5651,1.066889,-0.2546544,-0.9847993,-0.03745222,0.1696123,0,0,0,0.005677462
1731426971433,-2.475225,1.408977,-0.3314018,-0.9993092,0.03504328,-0.01238251,-3.132999,-0.5397588,0.3680706,-2.610794,1.06677,-0.3899531,-0.9228772,0.09512324,-0.3731612,-3.398609,-0.6764621,0.2815604,-2.614167,1.060118,-0.2489586,-0.9848308,-0.02188826,0.172132,-3.680027,-0.5078673,0.4271865,0.005677462
1731426971440,-2.475225,1.408977,-0.3314018,-0.9993092,0.03504328,-0.01238251,0,0,0,-2.610794,1.06677,-0.3899531,-0.9228772,0.09512324,-0.3731612,0,0,0,-2.614167,1.060118,-0.2489586,-0.9848308,-0.02188826,0.172132,0,0,0,0.005677462
1731426971446,-2.475225,1.408977,-0.3314018,-0.9993092,0.03504328,-0.01238251,0,0,0,-2.610794,1.06677,-0.3899531,-0.9228772,0.09512324,-0.3731612,0,0,0,-2.614167,1.060118,-0.2489586,-0.9848308,-0.02188826,0.172132,0,0,0,0.005677462
1731426971473,-2.537423,1.402105,-0.3239398,-0.9993537,0.03324926,-0.01367426,-4.664791,-0.5154043,0.5596519,-2.673382,1.062061,-0.3858576,-0.9085377,0.0734671,-0.4112935,-4.69408,-0.3531575,0.3071666,-2.682904,1.058933,-0.2395644,-0.9797037,-0.02278936,0.1991522,-5.155277,-0.08886158,0.7045627,0.007634401
1731426971480,-2.537423,1.402105,-0.3239398,-0.9993537,0.03324926,-0.01367426,0,0,0,-2.673382,1.062061,-0.3858576,-0.9085377,0.0734671,-0.4112935,0,0,0,-2.682904,1.058933,-0.2395644,-0.9797037,-0.02278936,0.1991522,0,0,0,0.007634401
1731426971487,-2.537423,1.402105,-0.3239398,-0.9993537,0.03324926,-0.01367426,0,0,0,-2.673382,1.062061,-0.3858576,-0.9085377,0.0734671,-0.4112935,0,0,0,-2.682904,1.058933,-0.2395644,-0.9797037,-0.02278936,0.1991522,0,0,0,0.007634401
1731426971514,-2.598211,1.408148,-0.3176999,-0.9994641,0.02341869,-0.02288437,-4.559112,0.4532576,0.4679918,-2.734685,1.069042,-0.3827782,-0.9086528,0.05119329,-0.4144028,-4.597735,0.5235583,0.2309561,-2.748575,1.071859,-0.2336588,-0.9914766,0.009221364,0.129959,-4.925358,0.9694576,0.4429221,0.01337576
1731426971521,-2.598211,1.408148,-0.3176999,-0.9994641,0.02341869,-0.02288437,0,0,0,-2.734685,1.069042,-0.3827782,-0.9086528,0.05119329,-0.4144028,0,0,0,-2.748575,1.071859,-0.2336588,-0.9914766,0.009221364,0.129959,0,0,0,0.01337576
1731426971528,-2.598211,1.408148,-0.3176999,-0.9994641,0.02341869,-0.02288437,0,0,0,-2.734685,1.069042,-0.3827782,-0.9086528,0.05119329,-0.4144028,0,0,0,-2.748575,1.071859,-0.2336588,-0.9914766,0.009221364,0.129959,0,0,0,0.01337576
1731426971555,-2.659638,1.414891,-0.31317,-0.9971926,0.05936483,-0.04564095,-4.607034,0.5056858,0.3397465,-2.796234,1.074915,-0.378922,-0.8858498,0.09471117,-0.4542029,-4.616189,0.4404634,0.2892137,-2.817515,1.080474,-0.2320313,-0.9954353,0.04943109,0.08164334,-5.170512,0.6460905,0.1220584,0.01337576
1731426971562,-2.659638,1.414891,-0.31317,-0.9971926,0.05936483,-0.04564095,0,0,0,-2.796234,1.074915,-0.378922,-0.8858498,0.09471117,-0.4542029,0,0,0,-2.817515,1.080474,-0.2320313,-0.9954353,0.04943109,0.08164334,0,0,0,0.01337576
1731426971568,-2.659638,1.414891,-0.31317,-0.9971926,0.05936483,-0.04564095,0,0,0,-2.796234,1.074915,-0.378922,-0.8858498,0.09471117,-0.4542029,0,0,0,-2.817515,1.080474,-0.2320313,-0.9954353,0.04943109,0.08164334,0,0,0,0.01337576
1731426971583,-2.72005,1.420686,-0.309773,-0.9979221,0.03913508,-0.05119085,-4.530931,0.434643,0.2547741,-2.855762,1.082283,-0.3772907,-0.8793004,0.03533926,-0.4749557,-4.464626,0.5525887,0.1223445,-2.881058,1.094193,-0.2307835,-0.9944326,0.06874276,0.07986724,-4.765677,1.028958,0.09359121,0.01337576
1731426971590,-2.72005,1.420686,-0.309773,-0.9979221,0.03913508,-0.05119085,0,0,0,-2.855762,1.082283,-0.3772907,-0.8793004,0.03533926,-0.4749557,0,0,0,-2.881058,1.094193,-0.2307835,-0.9944326,0.06874276,0.07986724,0,0,0,0.01337576
1731426971597,-2.72005,1.420686,-0.309773,-0.9979221,0.03913508,-0.05119085,0,0,0,-2.855762,1.082283,-0.3772907,-0.8793004,0.03533926,-0.4749557,0,0,0,-2.881058,1.094193,-0.2307835,-0.9944326,0.06874276,0.07986724,0,0,0,0.01337576
1731426971625,-2.761307,1.429157,-0.3085513,-0.9985501,0.01612671,-0.05136204,-3.094232,0.635308,0.09162426,-2.890859,1.089219,-0.3754377,-0.8850138,0.05004104,-0.4628682,-2.632213,0.5201966,0.1389742,-2.92118,1.103622,-0.2313943,-0.9961426,0.07096902,0.05161047,-3.009188,0.7072002,-0.04581213,0.01337576
1731426971632,-2.761307,1.429157,-0.3085513,-0.9985501,0.01612671,-0.05136204,0,0,0,-2.890859,1.089219,-0.3754377,-0.8850138,0.05004104,-0.4628682,0,0,0,-2.92118,1.103622,-0.2313943,-0.9961426,0.07096902,0.05161047,0,0,0,0.01337576
1731426971653,-2.822456,1.44191,-0.307826,-0.9985275,-0.001889793,-0.05421901,-4.586184,0.9565115,0.0543952,-2.945613,1.097875,-0.3746414,-0.8840488,0.05042502,-0.4646672,-4.106605,0.6492466,0.05972385,-2.980258,1.114417,-0.2320256,-0.9957468,0.05526171,0.07372195,-4.43083,0.8096248,-0.04734993,0.01337576
1731426971660,-2.822456,1.44191,-0.307826,-0.9985275,-0.001889793,-0.05421901,0,0,0,-2.945613,1.097875,-0.3746414,-0.8840488,0.05042502,-0.4646672,0,0,0,-2.980258,1.114417,-0.2320256,-0.9957468,0.05526171,0.07372195,0,0,0,0.01337576
1731426971667,-2.822456,1.44191,-0.307826,-0.9985275,-0.001889793,-0.05421901,0,0,0,-2.945613,1.097875,-0.3746414,-0.8840488,0.05042502,-0.4646672,0,0,0,-2.980258,1.114417,-0.2320256,-0.9957468,0.05526171,0.07372195,0,0,0,0.01337576
1731426971683,-2.862083,1.448638,-0.3076768,-0.998269,0.001259778,-0.05880451,-2.972031,0.5045772,0.01119375,-2.980773,1.106391,-0.3769717,-0.8757672,0.02087956,-0.4822825,-2.636969,0.6386876,-0.1747727,-3.017244,1.120173,-0.2326188,-0.9948944,0.02212226,0.0984692,-2.773941,0.4317015,-0.04448891,0.01337576
1731426971690,-2.862083,1.448638,-0.3076768,-0.998269,0.001259778,-0.05880451,0,0,0,-2.980773,1.106391,-0.3769717,-0.8757672,0.02087956,-0.4822825,0,0,0,-3.017244,1.120173,-0.2326188,-0.9948944,0.02212226,0.0984692,0,0,0,0.01337576
1731426971710,-2.900515,1.453828,-0.3073659,-0.9980197,0.005133031,-0.0626967,-2.882373,0.3892332,0.02331734,-3.014318,1.113018,-0.3797693,-0.8704482,0.01598695,-0.4920006,-2.515841,0.4970044,-0.2098203,-3.052737,1.123184,-0.2341795,-0.9946163,-0.01207581,0.1029226,-2.662003,0.2257615,-0.1170516,0.01337576
1731426971717,-2.900515,1.453828,-0.3073659,-0.9980197,0.005133031,-0.0626967,0,0,0,-3.014318,1.113018,-0.3797693,-0.8704482,0.01598695,-0.4920006,0,0,0,-3.052737,1.123184,-0.2341795,-0.9946163,-0.01207581,0.1029226,0,0,0,0.01337576
1731426971738,-2.938289,1.455928,-0.3071327,-0.9975371,0.0187164,-0.06760216,-2.833092,0.1575261,0.017488,-3.048233,1.117206,-0.3815889,-0.8683329,0.02171835,-0.4955065,-2.543664,0.3141224,-0.1364708,-3.086062,1.125304,-0.2382245,-0.9968075,-0.02772659,0.07487661,-2.499354,0.1590639,-0.3033757,0.01337576
1731426971745,-2.938289,1.455928,-0.3071327,-0.9975371,0.0187164,-0.06760216,0,0,0,-3.048233,1.117206,-0.3815889,-0.8683329,0.02171835,-0.4955065,0,0,0,-3.086062,1.125304,-0.2382245,-0.9968075,-0.02772659,0.07487661,0,0,0,0.01337576
1731426971767,-2.976815,1.455287,-0.3077178,-0.9968966,0.03091791,-0.0723995,-2.889419,-0.0480473,-0.04388094,-3.08446,1.116625,-0.383297,-0.8755755,0.02940556,-0.482186,-2.717006,-0.04356802,-0.1281023,-3.120616,1.124504,-0.2426457,-0.9992698,-0.0144989,0.03535289,-2.591586,-0.06005466,-0.3315926,0.01337576
1731426971776,-2.976815,1.455287,-0.3077178,-0.9968966,0.03091791,-0.0723995,0,0,0,-3.08446,1.116625,-0.383297,-0.8755755,0.02940556,-0.482186,0,0,0,-3.120616,1.124504,-0.2426457,-0.9992698,-0.0144989,0.03535289,0,0,0,0.01337576
1731426971796,-3.014257,1.450727,-0.3087316,-0.9963351,0.03629946,-0.07745194,-2.808166,-0.3419995,-0.07603168,-3.123492,1.111034,-0.3851452,-0.8766386,0.03239182,-0.4800582,-2.927434,-0.4193097,-0.1386166,-3.157444,1.11973,-0.247282,-0.9998522,0.01407152,0.009893477,-2.762067,-0.3580123,-0.3477216,0.01337576
1731426971803,-3.014257,1.450727,-0.3087316,-0.9963351,0.03629946,-0.07745194,0,0,0,-3.123492,1.111034,-0.3851452,-0.8766386,0.03239182,-0.4800582,0,0,0,-3.157444,1.11973,-0.247282,-0.9998522,0.01407152,0.009893477,0,0,0,0.01337576
1731426971824,-3.051176,1.443913,-0.3095622,-0.9962806,0.03890465,-0.07688975,-2.768898,-0.5110681,-0.06229877,-3.161306,1.103875,-0.3872552,-0.8691753,0.03824656,-0.4930234,-2.836025,-0.5369693,-0.1582503,-3.195528,1.112473,-0.2512345,-0.9995818,0.02883219,0.002348423,-2.856266,-0.5442649,-0.2964377,0.01337576
1731426971831,-3.051176,1.443913,-0.3095622,-0.9962806,0.03890465,-0.07688975,0,0,0,-3.161306,1.103875,-0.3872552,-0.8691753,0.03824656,-0.4930234,0,0,0,-3.195528,1.112473,-0.2512345,-0.9995818,0.02883219,0.002348423,0,0,0,0.01337576
1731426971852,-3.087374,1.434794,-0.3108625,-0.9965452,0.03855438,-0.07356501,-2.714896,-0.6839275,-0.09752512,-3.201285,1.094073,-0.3892002,-0.8690537,0.0396561,-0.4931266,-2.998459,-0.7351309,-0.1458764,-3.235332,1.104336,-0.2540956,-0.9990001,0.03875593,0.02229178,-2.985334,-0.6103277,-0.2145767,0.01337576
1731426971859,-3.087374,1.434794,-0.3108625,-0.9965452,0.03855438,-0.07356501,0,0,0,-3.201285,1.094073,-0.3892002,-0.8690537,0.0396561,-0.4931266,0,0,0,-3.235332,1.104336,-0.2540956,-0.9990001,0.03875593,0.02229178,0,0,0,0.01337576
1731426971880,-3.123124,1.42548,-0.3128042,-0.997201,0.03029178,-0.06836045,-2.681243,-0.6985098,-0.1456261,-3.24066,1.085231,-0.3908372,-0.8764894,0.04324977,-0.479475,-2.953112,-0.6631583,-0.1227736,-3.273897,1.096964,-0.2565231,-0.9977768,0.05571306,0.03657895,-2.892387,-0.552839,-0.1820683,0.01337576
1731426971887,-3.123124,1.42548,-0.3128042,-0.997201,0.03029178,-0.06836045,0,0,0,-3.24066,1.085231,-0.3908372,-0.8764894,0.04324977,-0.479475,0,0,0,-3.273897,1.096964,-0.2565231,-0.9977768,0.05571306,0.03657895,0,0,0,0.01337576
1731426971894,-3.123124,1.42548,-0.3128042,-0.997201,0.03029178,-0.06836045,0,0,0,-3.24066,1.085231,-0.3908372,-0.8764894,0.04324977,-0.479475,0,0,0,-3.273897,1.096964,-0.2565231,-0.9977768,0.05571306,0.03657895,0,0,0,0.01337576
1731426971922,-3.160399,1.419118,-0.3155723,-0.9976146,0.02647173,-0.0637567,-2.795649,-0.4771739,-0.207603,-3.281118,1.079281,-0.3935366,-0.8777727,0.06815346,-0.4742056,-3.034365,-0.4462212,-0.2024531,-3.314924,1.090402,-0.2577677,-0.9976844,0.05225881,0.04353189,-3.07703,-0.4921496,-0.09334087,0.01337576
1731426971929,-3.160399,1.419118,-0.3155723,-0.9976146,0.02647173,-0.0637567,0,0,0,-3.281118,1.079281,-0.3935366,-0.8777727,0.06815346,-0.4742056,0,0,0,-3.314924,1.090402,-0.2577677,-0.9976844,0.05225881,0.04353189,0,0,0,0.01337576
1731426971961,-3.216854,1.411395,-0.3198409,-0.9983611,0.02968675,-0.04893339,-4.234064,-0.5792052,-0.3201485,-3.338006,1.073857,-0.3976431,-0.8813672,0.07119641,-0.467037,-4.266572,-0.4068375,-0.3079891,-3.369935,1.085811,-0.2585421,-0.9952902,0.05492502,0.07988322,-4.125774,-0.3443778,-0.05807877,0.01337576
1731426971968,-3.216854,1.411395,-0.3198409,-0.9983611,0.02968675,-0.04893339,0,0,0,-3.338006,1.073857,-0.3976431,-0.8813672,0.07119641,-0.467037,0,0,0,-3.369935,1.085811,-0.2585421,-0.9952902,0.05492502,0.07988322,0,0,0,0.01337576
1731426971975,-3.216854,1.411395,-0.3198409,-0.9983611,0.02968675,-0.04893339,0,0,0,-3.338006,1.073857,-0.3976431,-0.8813672,0.07119641,-0.467037,0,0,0,-3.369935,1.085811,-0.2585421,-0.9952902,0.05492502,0.07988322,0,0,0,0.01337576
1731426971990,-3.270831,1.410708,-0.3241324,-0.9997657,0.008637685,-0.01986134,-4.048312,-0.05157888,-0.3218651,-3.396988,1.075252,-0.4012294,-0.8934418,0.07279421,-0.4432418,-4.423678,0.104633,-0.2689719,-3.425026,1.091354,-0.2587757,-0.9938016,0.07694213,0.08024186,-4.131854,0.4157782,-0.01752377,0.01337576
1731426971997,-3.270831,1.410708,-0.3241324,-0.9997657,0.008637685,-0.01986134,0,0,0,-3.396988,1.075252,-0.4012294,-0.8934418,0.07279421,-0.4432418,0,0,0,-3.425026,1.091354,-0.2587757,-0.9938016,0.07694213,0.08024186,0,0,0,0.01337576
1731426972003,-3.270831,1.410708,-0.3241324,-0.9997657,0.008637685,-0.01986134,0,0,0,-3.396988,1.075252,-0.4012294,-0.8934418,0.07279421,-0.4432418,0,0,0,-3.425026,1.091354,-0.2587757,-0.9938016,0.07694213,0.08024186,0,0,0,0.01337576
1731426972030,-3.308924,1.417068,-0.3271737,-0.9999142,0.01294535,-0.002087712,-2.856946,0.4769951,-0.2280951,-3.438687,1.076929,-0.4011917,-0.9033123,0.07552951,-0.4222826,-3.12742,0.1257956,0.00282526,-3.461813,1.095659,-0.2597394,-0.9919702,0.08859763,0.09025663,-2.759027,0.3228128,-0.07227659,0.01337576
1731426972037,-3.308924,1.417068,-0.3271737,-0.9999142,0.01294535,-0.002087712,0,0,0,-3.438687,1.076929,-0.4011917,-0.9033123,0.07552951,-0.4222826,0,0,0,-3.461813,1.095659,-0.2597394,-0.9919702,0.08859763,0.09025663,0,0,0,0.01337576
1731426972057,-3.365633,1.425067,-0.3318911,-0.9985207,0.05026508,0.02073663,-4.253161,0.5999833,-0.3538013,-3.50144,1.083287,-0.4002995,-0.9098176,0.04682809,-0.4123585,-4.706454,0.476861,0.06691217,-3.517927,1.102219,-0.2600646,-0.9889196,0.07493784,0.1281518,-4.208529,0.4919976,-0.02439022,0.01337576
1731426972064,-3.365633,1.425067,-0.3318911,-0.9985207,0.05026508,0.02073663,0,0,0,-3.50144,1.083287,-0.4002995,-0.9098176,0.04682809,-0.4123585,0,0,0,-3.517927,1.102219,-0.2600646,-0.9889196,0.07493784,0.1281518,0,0,0,0.01337576
1731426972071,-3.365633,1.425067,-0.3318911,-0.9985207,0.05026508,0.02073663,0,0,0,-3.50144,1.083287,-0.4002995,-0.9098176,0.04682809,-0.4123585,0,0,0,-3.517927,1.102219,-0.2600646,-0.9889196,0.07493784,0.1281518,0,0,0,0.01337576
1731426972086,-3.401933,1.427776,-0.3348031,-0.9989451,0.04063308,0.02140051,-2.722514,0.2031773,-0.2184033,-3.540367,1.093456,-0.4008646,-0.9150592,0.05916598,-0.3989567,-2.919495,0.7626504,-0.0423789,-3.555548,1.106648,-0.2597919,-0.9894882,0.03829592,0.1394523,-2.821612,0.3322273,0.02045631,0.01337576
1731426972094,-3.401933,1.427776,-0.3348031,-0.9989451,0.04063308,0.02140051,0,0,0,-3.540367,1.093456,-0.4008646,-0.9150592,0.05916598,-0.3989567,0,0,0,-3.555548,1.106648,-0.2597919,-0.9894882,0.03829592,0.1394523,0,0,0,0.01337576
1731426972101,-3.401933,1.427776,-0.3348031,-0.9989451,0.04063308,0.02140051,0,0,0,-3.540367,1.093456,-0.4008646,-0.9150592,0.05916598,-0.3989567,0,0,0,-3.555548,1.106648,-0.2597919,-0.9894882,0.03829592,0.1394523,0,0,0,0.01337576
1731426972127,-3.439719,1.432251,-0.3371024,-0.9994835,0.02522355,0.01992404,-2.833951,0.3356159,-0.1724482,-3.577783,1.100811,-0.3998976,-0.9207792,0.115262,-0.3726678,-2.806199,0.551632,0.07252693,-3.59111,1.110186,-0.2607217,-0.9909565,0.05091209,0.1241503,-2.667117,0.2653241,-0.06973743,0.01337576
1731426972134,-3.439719,1.432251,-0.3371024,-0.9994835,0.02522355,0.01992404,0,0,0,-3.577783,1.100811,-0.3998976,-0.9207792,0.115262,-0.3726678,0,0,0,-3.59111,1.110186,-0.2607217,-0.9909565,0.05091209,0.1241503,0,0,0,0.01337576
1731426972153,-3.496542,1.438626,-0.3402948,-0.9998895,0.006763209,0.01326394,-4.26178,0.4781216,-0.2394319,-3.634045,1.107808,-0.4000769,-0.9225197,0.1239259,-0.3655139,-4.219651,0.5247921,-0.01344681,-3.642203,1.114561,-0.260047,-0.9872962,0.05685101,0.1483728,-3.832018,0.3281325,0.05060434,0.01337576
1731426972160,-3.496542,1.438626,-0.3402948,-0.9998895,0.006763209,0.01326394,0,0,0,-3.634045,1.107808,-0.4000769,-0.9225197,0.1239259,-0.3655139,0,0,0,-3.642203,1.114561,-0.260047,-0.9872962,0.05685101,0.1483728,0,0,0,0.01337576
1731426972181,-3.53425,1.441122,-0.3426538,-0.9999834,-0.003422711,0.004695952,-2.828085,0.1872003,-0.1769185,-3.670512,1.111378,-0.4008899,-0.9222768,0.1009382,-0.3731185,-2.735031,0.2677023,-0.06097555,-3.675725,1.117416,-0.2569618,-0.9864022,0.02894322,0.1617816,-2.514124,0.2140939,0.2313852,0.01337576
1731426972188,-3.53425,1.441122,-0.3426538,-0.9999834,-0.003422711,0.004695952,0,0,0,-3.670512,1.111378,-0.4008899,-0.9222768,0.1009382,-0.3731185,0,0,0,-3.675725,1.117416,-0.2569618,-0.9864022,0.02894322,0.1617816,0,0,0,0.01337576
1731426972210,-3.572191,1.442554,-0.3452725,-0.999939,-0.01045278,-0.003623962,-2.845538,0.1073778,-0.1964092,-3.706558,1.113161,-0.4017673,-0.9174541,0.09183025,-0.3870989,-2.703452,0.1337707,-0.06580353,-3.710272,1.118654,-0.2544208,-0.9880052,0.01052121,0.154063,-2.59105,0.09289384,0.1905799,0.01337576
1731426972218,-3.572191,1.442554,-0.3452725,-0.999939,-0.01045278,-0.003623962,0,0,0,-3.706558,1.113161,-0.4017673,-0.9174541,0.09183025,-0.3870989,0,0,0,-3.710272,1.118654,-0.2544208,-0.9880052,0.01052121,0.154063,0,0,0,0.01337576
1731426972240,-3.610653,1.442413,-0.3476443,-0.9999129,-0.00418815,-0.01253271,-2.884698,-0.01059473,-0.1778841,-3.74206,1.111902,-0.4031277,-0.9178687,0.07131822,-0.3904251,-2.662683,-0.09445846,-0.1020312,-3.746202,1.117149,-0.2539544,-0.9888177,0.009441013,0.1488307,-2.694726,-0.1128852,0.03497601,0.01337576
1731426972247,-3.610653,1.442413,-0.3476443,-0.9999129,-0.00418815,-0.01253271,0,0,0,-3.74206,1.111902,-0.4031277,-0.9178687,0.07131822,-0.3904251,0,0,0,-3.746202,1.117149,-0.2539544,-0.9888177,0.009441013,0.1488307,0,0,0,0.01337576
1731426972268,-3.649,1.439472,-0.3500309,-0.9998059,-0.004184691,-0.01926672,-2.875972,-0.220558,-0.1789927,-3.777091,1.108194,-0.4052496,-0.9189674,0.05368901,-0.3906621,-2.627277,-0.2780914,-0.1591444,-3.785193,1.112339,-0.2541909,-0.9882004,0.008389268,0.1529377,-2.924323,-0.3607213,-0.01773834,0.01337576
1731426972275,-3.649,1.439472,-0.3500309,-0.9998059,-0.004184691,-0.01926672,0,0,0,-3.777091,1.108194,-0.4052496,-0.9189674,0.05368901,-0.3906621,0,0,0,-3.785193,1.112339,-0.2541909,-0.9882004,0.008389268,0.1529377,0,0,0,0.01337576
1731426972282,-3.649,1.439472,-0.3500309,-0.9998059,-0.004184691,-0.01926672,0,0,0,-3.777091,1.108194,-0.4052496,-0.9189674,0.05368901,-0.3906621,0,0,0,-3.785193,1.112339,-0.2541909,-0.9882004,0.008389268,0.1529377,0,0,0,0.01337576
1731426972310,-3.687514,1.434113,-0.351934,-0.999698,-0.007670537,-0.02336371,-2.88856,-0.4019201,-0.1427293,-3.813461,1.101414,-0.4070029,-0.9159656,0.04728468,-0.3984621,-2.727807,-0.5084753,-0.1314998,-3.826786,1.104761,-0.2552338,-0.9877837,-0.004621176,0.1557638,-3.119481,-0.5683869,-0.07821321,0.01337576
1731426972318,-3.687514,1.434113,-0.351934,-0.999698,-0.007670537,-0.02336371,0,0,0,-3.813461,1.101414,-0.4070029,-0.9159656,0.04728468,-0.3984621,0,0,0,-3.826786,1.104761,-0.2552338,-0.9877837,-0.004621176,0.1557638,0,0,0,0.01337576
1731426972350,-3.744991,1.423211,-0.3547282,-0.9993663,-0.01735976,-0.0310818,-4.310811,-0.8176625,-0.2095699,-3.867807,1.090366,-0.409575,-0.9177251,0.04507203,-0.3946513,-4.075921,-0.8286059,-0.1929045,-3.887668,1.093479,-0.2573586,-0.9850905,-0.01009045,0.1717424,-4.566157,-0.8461654,-0.159359,0.01337576
1731426972357,-3.744991,1.423211,-0.3547282,-0.9993663,-0.01735976,-0.0310818,0,0,0,-3.867807,1.090366,-0.409575,-0.9177251,0.04507203,-0.3946513,0,0,0,-3.887668,1.093479,-0.2573586,-0.9850905,-0.01009045,0.1717424,0,0,0,0.01337576
1731426972365,-3.744991,1.423211,-0.3547282,-0.9993663,-0.01735976,-0.0310818,0,0,0,-3.867807,1.090366,-0.409575,-0.9177251,0.04507203,-0.3946513,0,0,0,-3.887668,1.093479,-0.2573586,-0.9850905,-0.01009045,0.1717424,0,0,0,0.01337576
1731426972392,-3.803735,1.411588,-0.3567801,-0.999113,-0.01367405,-0.03983521,-4.405761,-0.8716911,-0.1538873,-3.928764,1.078227,-0.4127054,-0.9067231,0.04207622,-0.4196233,-4.571807,-0.910458,-0.2347827,-3.951547,1.082875,-0.2600102,-0.984912,0.002738429,0.1730355,-4.79089,-0.7952571,-0.1988769,0.01337576
1731426972400,-3.803735,1.411588,-0.3567801,-0.999113,-0.01367405,-0.03983521,0,0,0,-3.928764,1.078227,-0.4127054,-0.9067231,0.04207622,-0.4196233,0,0,0,-3.951547,1.082875,-0.2600102,-0.984912,0.002738429,0.1730355,0,0,0,0.01337576
1731426972406,-3.803735,1.411588,-0.3567801,-0.999113,-0.01367405,-0.03983521,0,0,0,-3.928764,1.078227,-0.4127054,-0.9067231,0.04207622,-0.4196233,0,0,0,-3.951547,1.082875,-0.2600102,-0.984912,0.002738429,0.1730355,0,0,0,0.01337576
1731426972413,-3.803735,1.411588,-0.3567801,-0.999113,-0.01367405,-0.03983521,0,0,0,-3.928764,1.078227,-0.4127054,-0.9067231,0.04207622,-0.4196233,0,0,0,-3.951547,1.082875,-0.2600102,-0.984912,0.002738429,0.1730355,0,0,0,0.01337576
1731426972432,-3.862243,1.400797,-0.3571272,-0.9984326,-0.0206229,-0.05203474,-4.38813,-0.8093476,-0.02603531,-3.990608,1.069555,-0.4144716,-0.8990449,0.05197563,-0.4347609,-4.638255,-0.6503731,-0.1324654,-4.015218,1.077106,-0.2609992,-0.9842542,0.04321801,0.1713949,-4.775333,-0.432694,-0.07417202,0.01401436
1731426972439,-3.862243,1.400797,-0.3571272,-0.9984326,-0.0206229,-0.05203474,0,0,0,-3.990608,1.069555,-0.4144716,-0.8990449,0.05197563,-0.4347609,0,0,0,-4.015218,1.077106,-0.2609992,-0.9842542,0.04321801,0.1713949,0,0,0,0.01401436
1731426972446,-3.862243,1.400797,-0.3571272,-0.9984326,-0.0206229,-0.05203474,0,0,0,-3.990608,1.069555,-0.4144716,-0.8990449,0.05197563,-0.4347609,0,0,0,-4.015218,1.077106,-0.2609992,-0.9842542,0.04321801,0.1713949,0,0,0,0.01401436
1731426972472,-3.920991,1.40291,-0.3573308,-0.9971452,-0.03541022,-0.06669557,-4.406083,0.1585096,-0.01527071,-4.050073,1.076844,-0.4157858,-0.8816903,0.06063031,-0.4679179,-4.459906,0.5466342,-0.09856224,-4.077671,1.085694,-0.2596712,-0.9790962,0.05901819,0.1946477,-4.683995,0.644061,0.09959936,0.02364445
1731426972480,-3.920991,1.40291,-0.3573308,-0.9971452,-0.03541022,-0.06669557,0,0,0,-4.050073,1.076844,-0.4157858,-0.8816903,0.06063031,-0.4679179,0,0,0,-4.077671,1.085694,-0.2596712,-0.9790962,0.05901819,0.1946477,0,0,0,0.02364445
1731426972487,-3.920991,1.40291,-0.3573308,-0.9971452,-0.03541022,-0.06669557,0,0,0,-4.050073,1.076844,-0.4157858,-0.8816903,0.06063031,-0.4679179,0,0,0,-4.077671,1.085694,-0.2596712,-0.9790962,0.05901819,0.1946477,0,0,0,0.02364445
1731426972514,-3.978475,1.405442,-0.3570385,-0.9939476,-0.07299085,-0.08210397,-4.311275,0.1898825,0.02192259,-4.10838,1.085421,-0.4169507,-0.8866111,0.08862978,-0.453945,-4.373002,0.643301,-0.08736849,-4.141137,1.091873,-0.2606173,-0.9859455,0.05561465,0.1575397,-4.75992,0.4634678,-0.07095337,0.02633739
1731426972521,-3.978475,1.405442,-0.3570385,-0.9939476,-0.07299085,-0.08210397,0,0,0,-4.10838,1.085421,-0.4169507,-0.8866111,0.08862978,-0.453945,0,0,0,-4.141137,1.091873,-0.2606173,-0.9859455,0.05561465,0.1575397,0,0,0,0.02633739
1731426972530,-3.978475,1.405442,-0.3570385,-0.9939476,-0.07299085,-0.08210397,0,0,0,-4.10838,1.085421,-0.4169507,-0.8866111,0.08862978,-0.453945,0,0,0,-4.141137,1.091873,-0.2606173,-0.9859455,0.05561465,0.1575397,0,0,0,0.02633739
1731426972556,-4.039266,1.415941,-0.3571496,-0.9948752,-0.03124635,-0.09616315,-4.559326,0.7874072,-0.008332729,-4.170673,1.093886,-0.4191003,-0.8794973,0.09404965,-0.4665182,-4.671979,0.6348789,-0.1612186,-4.207953,1.098577,-0.2668858,-0.988157,0.0613215,0.140662,-5.011225,0.5028248,-0.4701376,0.02633739
1731426972563,-4.039266,1.415941,-0.3571496,-0.9948752,-0.03124635,-0.09616315,0,0,0,-4.170673,1.093886,-0.4191003,-0.8794973,0.09404965,-0.4665182,0,0,0,-4.207953,1.098577,-0.2668858,-0.988157,0.0613215,0.140662,0,0,0,0.02633739
1731426972570,-4.039266,1.415941,-0.3571496,-0.9948752,-0.03124635,-0.09616315,0,0,0,-4.170673,1.093886,-0.4191003,-0.8794973,0.09404965,-0.4665182,0,0,0,-4.207953,1.098577,-0.2668858,-0.988157,0.0613215,0.140662,0,0,0,0.02633739
1731426972597,-4.098226,1.423193,-0.357779,-0.9949548,-0.002742665,-0.100289,-4.421997,0.5438983,-0.04720688,-4.228629,1.102922,-0.4217281,-0.8691654,0.08480014,-0.4871973,-4.346716,0.6777138,-0.1970887,-4.26978,1.11064,-0.2736392,-0.9916193,0.07395534,0.1059327,-4.637003,0.9046644,-0.5065084,0.02633739
1731426972604,-4.098226,1.423193,-0.357779,-0.9949548,-0.002742665,-0.100289,0,0,0,-4.228629,1.102922,-0.4217281,-0.8691654,0.08480014,-0.4871973,0,0,0,-4.26978,1.11064,-0.2736392,-0.9916193,0.07395534,0.1059327,0,0,0,0.02633739
1731426972610,-4.098226,1.423193,-0.357779,-0.9949548,-0.002742665,-0.100289,0,0,0,-4.228629,1.102922,-0.4217281,-0.8691654,0.08480014,-0.4871973,0,0,0,-4.26978,1.11064,-0.2736392,-0.9916193,0.07395534,0.1059327,0,0,0,0.02633739
1731426972624,-4.157822,1.432072,-0.3598814,-0.9945188,-0.04282357,-0.09538865,-4.46974,0.665921,-0.1576781,-4.283499,1.108617,-0.4228168,-0.8772948,0.0893109,-0.4715695,-4.11526,0.4271328,-0.08164644,-4.328623,1.12297,-0.2802291,-0.9920053,0.1083589,0.06468475,-4.413235,0.9247899,-0.4942417,0.02633739
1731426972631,-4.157822,1.432072,-0.3598814,-0.9945188,-0.04282357,-0.09538865,0,0,0,-4.283499,1.108617,-0.4228168,-0.8772948,0.0893109,-0.4715695,0,0,0,-4.328623,1.12297,-0.2802291,-0.9920053,0.1083589,0.06468475,0,0,0,0.02633739
1731426972637,-4.157822,1.432072,-0.3598814,-0.9945188,-0.04282357,-0.09538865,0,0,0,-4.283499,1.108617,-0.4228168,-0.8772948,0.0893109,-0.4715695,0,0,0,-4.328623,1.12297,-0.2802291,-0.9920053,0.1083589,0.06468475,0,0,0,0.02633739
1731426972652,-4.198288,1.438225,-0.361176,-0.9942786,-0.04641053,-0.09621108,-3.034937,0.4614472,-0.09709597,-4.320095,1.110391,-0.4252949,-0.8797765,0.06718269,-0.4706166,-2.744687,0.1330554,-0.1858592,-4.368084,1.130354,-0.283987,-0.9914339,0.108482,0.07273811,-2.959585,0.5537599,-0.2818465,0.02633739
1731426972659,-4.198288,1.438225,-0.361176,-0.9942786,-0.04641053,-0.09621108,0,0,0,-4.320095,1.110391,-0.4252949,-0.8797765,0.06718269,-0.4706166,0,0,0,-4.368084,1.130354,-0.283987,-0.9914339,0.108482,0.07273811,0,0,0,0.02633739
1731426972680,-4.238194,1.442689,-0.3631916,-0.9939672,-0.05064983,-0.09728491,-2.992988,0.3348291,-0.1511693,-4.354487,1.111619,-0.4289246,-0.8753457,0.03432032,-0.4822785,-2.579391,0.09205341,-0.2722263,-4.404597,1.13725,-0.2866554,-0.9905952,0.09847683,0.09499323,-2.738464,0.5172104,-0.2001286,0.02633739
1731426972708,-4.277499,1.444279,-0.3655953,-0.9939089,-0.04792343,-0.09924054,-2.947855,0.1192331,-0.1802802,-4.388889,1.112857,-0.4325004,-0.8710387,0.01836219,-0.4908714,-2.580178,0.09284019,-0.2681851,-4.439802,1.14227,-0.2889271,-0.9903616,0.09221648,0.1033469,-2.640367,0.3765017,-0.1703739,0.02633739
1731426972715,-4.277499,1.444279,-0.3655953,-0.9939089,-0.04792343,-0.09924054,0,0,0,-4.388889,1.112857,-0.4325004,-0.8710387,0.01836219,-0.4908714,0,0,0,-4.439802,1.14227,-0.2889271,-0.9903616,0.09221648,0.1033469,0,0,0,0.02633739
1731426972739,-4.31651,1.441919,-0.3680596,-0.9938116,-0.04284923,-0.1024827,-2.925825,-0.1769543,-0.1848221,-4.425376,1.111305,-0.4363842,-0.8719971,0.02616056,-0.4888115,-2.736533,-0.1163989,-0.2912879,-4.475898,1.141937,-0.2922544,-0.9927399,0.08459687,0.08550531,-2.707243,-0.02496243,-0.2495527,0.02633739
1731426972745,-4.31651,1.441919,-0.3680596,-0.9938116,-0.04284923,-0.1024827,0,0,0,-4.425376,1.111305,-0.4363842,-0.8719971,0.02616056,-0.4888115,0,0,0,-4.475898,1.141937,-0.2922544,-0.9927399,0.08459687,0.08550531,0,0,0,0.02633739
1731426972752,-4.31651,1.441919,-0.3680596,-0.9938116,-0.04284923,-0.1024827,0,0,0,-4.425376,1.111305,-0.4363842,-0.8719971,0.02616056,-0.4888115,0,0,0,-4.475898,1.141937,-0.2922544,-0.9927399,0.08459687,0.08550531,0,0,0,0.02633739
1731426972768,-4.355261,1.438003,-0.3702993,-0.9933453,-0.04545431,-0.1058277,-2.906334,-0.2937555,-0.1679778,-4.465556,1.104316,-0.4397902,-0.8725123,0.03501542,-0.4873364,-3.01348,-0.5241752,-0.2554536,-4.513127,1.13598,-0.2968063,-0.992351,0.1035936,0.06714249,-2.79218,-0.4467845,-0.3413916,0.02633739
1731426972774,-4.355261,1.438003,-0.3702993,-0.9933453,-0.04545431,-0.1058277,0,0,0,-4.465556,1.104316,-0.4397902,-0.8725123,0.03501542,-0.4873364,0,0,0,-4.513127,1.13598,-0.2968063,-0.992351,0.1035936,0.06714249,0,0,0,0.02633739
1731426972796,-4.39432,1.433901,-0.37187,-0.9934506,-0.04023525,-0.106946,-2.929437,-0.3076404,-0.1178026,-4.503724,1.097293,-0.4429669,-0.8680275,0.02635218,-0.4958168,-2.862597,-0.5267054,-0.2382517,-4.549427,1.130445,-0.3008151,-0.9904703,0.1231169,0.06173402,-2.722478,-0.4151076,-0.3006577,0.02633739
1731426972802,-4.39432,1.433901,-0.37187,-0.9934506,-0.04023525,-0.106946,0,0,0,-4.503724,1.097293,-0.4429669,-0.8680275,0.02635218,-0.4958168,0,0,0,-4.549427,1.130445,-0.3008151,-0.9904703,0.1231169,0.06173402,0,0,0,0.02633739
1731426972824,-4.432904,1.427907,-0.3740039,-0.993806,-0.03445596,-0.1056559,-2.893782,-0.4495293,-0.1600385,-4.545452,1.087354,-0.4461775,-0.8621835,0.02727908,-0.5058613,-3.129601,-0.7454038,-0.2407908,-4.590843,1.119463,-0.3046908,-0.9903517,0.1189931,0.07102418,-3.106177,-0.8236706,-0.2906799,0.02633739
1731426972830,-4.432904,1.427907,-0.3740039,-0.993806,-0.03445596,-0.1056559,0,0,0,-4.545452,1.087354,-0.4461775,-0.8621835,0.02727908,-0.5058613,0,0,0,-4.590843,1.119463,-0.3046908,-0.9903517,0.1189931,0.07102418,0,0,0,0.02633739
1731426972852,-4.471141,1.420533,-0.3767586,-0.9940141,-0.02753931,-0.1057249,-2.867746,-0.5530536,-0.2066016,-4.585587,1.080052,-0.4506903,-0.8587655,0.0319003,-0.5113753,-3.010082,-0.5476803,-0.338459,-4.632545,1.107665,-0.3083816,-0.992313,0.08379664,0.09106606,-3.127635,-0.8848161,-0.276804,0.02633739
1731426972859,-4.471141,1.420533,-0.3767586,-0.9940141,-0.02753931,-0.1057249,0,0,0,-4.585587,1.080052,-0.4506903,-0.8587655,0.0319003,-0.5113753,0,0,0,-4.632545,1.107665,-0.3083816,-0.992313,0.08379664,0.09106606,0,0,0,0.02633739
1731426972881,-4.508327,1.413068,-0.379725,-0.9940869,-0.02908462,-0.1046208,-2.788997,-0.5598664,-0.2224803,-4.624003,1.075935,-0.456243,-0.8548309,0.04617675,-0.5168487,-2.881265,-0.3087401,-0.4164577,-4.675167,1.098547,-0.3137364,-0.9912959,0.06893906,0.1121624,-3.196692,-0.6838381,-0.4016161,0.02633739
1731426972888,-4.508327,1.413068,-0.379725,-0.9940869,-0.02908462,-0.1046208,0,0,0,-4.624003,1.075935,-0.456243,-0.8548309,0.04617675,-0.5168487,0,0,0,-4.675167,1.098547,-0.3137364,-0.9912959,0.06893906,0.1121624,0,0,0,0.02633739
1731426972909,-4.546288,1.40731,-0.3833313,-0.9943092,-0.03225606,-0.1015346,-2.847075,-0.4318714,-0.270474,-4.66278,1.073448,-0.462646,-0.8604312,0.06877157,-0.5049052,-2.908266,-0.1865566,-0.4802227,-4.716335,1.094763,-0.3195038,-0.989815,0.08466649,0.1144466,-3.08758,-0.2838224,-0.4325509,0.02633739
1731426972916,-4.546288,1.40731,-0.3833313,-0.9943092,-0.03225606,-0.1015346,0,0,0,-4.66278,1.073448,-0.462646,-0.8604312,0.06877157,-0.5049052,0,0,0,-4.716335,1.094763,-0.3195038,-0.989815,0.08466649,0.1144466,0,0,0,0.02633739
1731426972921,-4.546288,1.40731,-0.3833313,-0.9943092,-0.03225606,-0.1015346,0,0,0,-4.66278,1.073448,-0.462646,-0.8604312,0.06877157,-0.5049052,0,0,0,-4.716335,1.094763,-0.3195038,-0.989815,0.08466649,0.1144466,0,0,0,0.02633739
1731426972937,-4.58487,1.404153,-0.3867941,-0.9951286,-0.02619247,-0.09504545,-2.893639,-0.2367407,-0.2597094,-4.705259,1.072453,-0.4686456,-0.8557043,0.09833321,-0.5080366,-3.185892,-0.07457435,-0.4499674,-4.757458,1.096214,-0.3240552,-0.989036,0.104457,0.104386,-3.084254,0.1087815,-0.3413558,0.02633739
1731426972944,-4.58487,1.404153,-0.3867941,-0.9951286,-0.02619247,-0.09504545,0,0,0,-4.705259,1.072453,-0.4686456,-0.8557043,0.09833321,-0.5080366,0,0,0,-4.757458,1.096214,-0.3240552,-0.989036,0.104457,0.104386,0,0,0,0.02633739
1731426972965,-4.623733,1.402216,-0.3911328,-0.9959455,-0.01406808,-0.08885491,-2.914667,-0.1452595,-0.3254056,-4.745339,1.071636,-0.4758353,-0.8505194,0.1018356,-0.5159911,-3.006041,-0.06132424,-0.5392313,-4.796042,1.098062,-0.328752,-0.9878115,0.1237044,0.09447736,-2.893782,0.1386076,-0.3522635,0.02633739
1731426972972,-4.623733,1.402216,-0.3911328,-0.9959455,-0.01406808,-0.08885491,0,0,0,-4.745339,1.071636,-0.4758353,-0.8505194,0.1018356,-0.5159911,0,0,0,-4.796042,1.098062,-0.328752,-0.9878115,0.1237044,0.09447736,0,0,0,0.02633739
1731426972991,-4.661362,1.403264,-0.3946157,-0.9967993,-0.01842586,-0.07779431,-2.822185,0.07855296,-0.2612114,-4.787556,1.073888,-0.4826531,-0.8489155,0.08458218,-0.5217171,-3.166223,0.1688898,-0.5113363,-4.83556,1.102276,-0.3323441,-0.9863773,0.1445387,0.07854074,-2.963841,0.3160536,-0.2694011,0.02635777
1731426972997,-4.661362,1.403264,-0.3946157,-0.9967993,-0.01842586,-0.07779431,0,0,0,-4.787556,1.073888,-0.4826531,-0.8489155,0.08458218,-0.5217171,0,0,0,-4.83556,1.102276,-0.3323441,-0.9863773,0.1445387,0.07854074,0,0,0,0.02635777
1731426973018,-4.701241,1.407432,-0.398262,-0.9980013,0.0009223893,-0.06318974,-2.990985,0.3126293,-0.273478,-4.8308,1.077324,-0.4859328,-0.8550254,0.08374642,-0.5117801,-3.243291,0.2577066,-0.2459764,-4.875249,1.106843,-0.3344321,-0.9824325,0.1682372,0.08076543,-2.97668,0.3425628,-0.1566052,0.02635777
1731426973025,-4.701241,1.407432,-0.398262,-0.9980013,0.0009223893,-0.06318974,0,0,0,-4.8308,1.077324,-0.4859328,-0.8550254,0.08374642,-0.5117801,0,0,0,-4.875249,1.106843,-0.3344321,-0.9824325,0.1682372,0.08076543,0,0,0,0.02635777
1731426973048,-4.741017,1.416811,-0.4030237,-0.9986733,0.008818574,-0.05074155,-2.983189,0.7034004,-0.3571272,-4.875122,1.08195,-0.487618,-0.8619989,0.08719706,-0.4993545,-3.324187,0.3469795,-0.1263857,-4.915952,1.111296,-0.3333912,-0.9826782,0.1337153,0.1283125,-3.052711,0.333944,0.07807016,0.02635777
1731426973054,-4.741017,1.416811,-0.4030237,-0.9986733,0.008818574,-0.05074155,0,0,0,-4.875122,1.08195,-0.487618,-0.8619989,0.08719706,-0.4993545,0,0,0,-4.915952,1.111296,-0.3333912,-0.9826782,0.1337153,0.1283125,0,0,0,0.02635777
1731426973076,-4.777623,1.42164,-0.4065013,-0.9984916,0.012481,-0.05347371,-2.745438,0.3621519,-0.260818,-4.916784,1.08769,-0.4872317,-0.8668562,0.06747253,-0.4939724,-3.12463,0.4304498,0.02896786,-4.951387,1.113565,-0.3319869,-0.9871273,0.04825267,0.1524854,-2.657676,0.1701683,0.1053214,0.02635777
1731426973082,-4.777623,1.42164,-0.4065013,-0.9984916,0.012481,-0.05347371,0,0,0,-4.916784,1.08769,-0.4872317,-0.8668562,0.06747253,-0.4939724,0,0,0,-4.951387,1.113565,-0.3319869,-0.9871273,0.04825267,0.1524854,0,0,0,0.02635777
1731426973104,-4.813802,1.425882,-0.4090266,-0.9982026,-0.01362802,-0.05836296,-2.71343,0.3181815,-0.1893997,-4.953289,1.09605,-0.4858966,-0.8781619,0.0957624,-0.4686813,-2.737856,0.6270647,0.1001358,-4.981575,1.116173,-0.3310199,-0.9936801,0.00353346,0.1121957,-2.264035,0.1956493,0.07252693,0.02635777
1731426973110,-4.813802,1.425882,-0.4090266,-0.9982026,-0.01362802,-0.05836296,0,0,0,-4.953289,1.09605,-0.4858966,-0.8781619,0.0957624,-0.4686813,0,0,0,-4.981575,1.116173,-0.3310199,-0.9936801,0.00353346,0.1121957,0,0,0,0.02635777
1731426973116,-4.813802,1.425882,-0.4090266,-0.9982026,-0.01362802,-0.05836296,0,0,0,-4.953289,1.09605,-0.4858966,-0.8781619,0.0957624,-0.4686813,0,0,0,-4.981575,1.116173,-0.3310199,-0.9936801,0.00353346,0.1121957,0,0,0,0.02635777
1731426973131,-4.850768,1.432813,-0.4112091,-0.9978214,-0.02036719,-0.06275558,-2.772439,0.5198032,-0.1636863,-4.988729,1.102662,-0.4854746,-0.882331,0.1305442,-0.4521621,-2.658069,0.4958421,0.03165007,-5.011364,1.118372,-0.3310833,-0.9928994,0.05760244,0.1040826,-2.234173,0.1648843,-0.004756451,0.02635777
1731426973137,-4.850768,1.432813,-0.4112091,-0.9978214,-0.02036719,-0.06275558,0,0,0,-4.988729,1.102662,-0.4854746,-0.882331,0.1305442,-0.4521621,0,0,0,-5.011364,1.118372,-0.3310833,-0.9928994,0.05760244,0.1040826,0,0,0,0.02635777
1731426973158,-4.887584,1.438078,-0.4135499,-0.9973962,-0.01855906,-0.06969023,-2.761173,0.3949016,-0.1755595,-5.022421,1.107723,-0.4855256,-0.8867906,0.1307956,-0.4432784,-2.526855,0.379613,-0.003826618,-5.041276,1.119041,-0.3299661,-0.9895015,0.07378044,0.1242717,-2.243471,0.05018413,0.08379221,0.02635777
1731426973185,-4.924299,1.441754,-0.4159818,-0.9970292,-0.01592327,-0.07536566,-2.753663,0.2756953,-0.1823902,-5.056337,1.110859,-0.4858737,-0.8913561,0.09425604,-0.4433962,-2.5437,0.235185,-0.02610683,-5.075257,1.117345,-0.3261786,-0.9861559,0.03809503,0.161387,-2.548563,-0.1272172,0.2840638,0.02635777
1731426973192,-4.924299,1.441754,-0.4159818,-0.9970292,-0.01592327,-0.07536566,0,0,0,-5.056337,1.110859,-0.4858737,-0.8913561,0.09425604,-0.4433962,0,0,0,-5.075257,1.117345,-0.3261786,-0.9861559,0.03809503,0.161387,0,0,0,0.02635777
1731426973213,-4.96013,1.442957,-0.418488,-0.997,-0.01179406,-0.07650006,-2.687287,0.09021163,-0.1879692,-5.089047,1.110564,-0.4869637,-0.89586,0.07905484,-0.4372476,-2.453291,-0.02211928,-0.08175373,-5.112135,1.112689,-0.3246455,-0.9841855,-0.05894593,0.1670467,-2.765822,-0.3491879,0.1149774,0.02635777
1731426973220,-4.96013,1.442957,-0.418488,-0.997,-0.01179406,-0.07650006,0,0,0,-5.089047,1.110564,-0.4869637,-0.89586,0.07905484,-0.4372476,0,0,0,-5.112135,1.112689,-0.3246455,-0.9841855,-0.05894593,0.1670467,0,0,0,0.02635777
1731426973242,-4.995279,1.442285,-0.4205089,-0.9969051,-0.011199,-0.07781649,-2.636218,-0.050354,-0.1515627,-5.120623,1.108446,-0.4874682,-0.8963066,0.07346265,-0.4373084,-2.36814,-0.1588494,-0.03783703,-5.146527,1.107732,-0.326251,-0.9815315,-0.09212443,0.1676588,-2.579427,-0.3717363,-0.1204133,0.02635777
1731426973249,-4.995279,1.442285,-0.4205089,-0.9969051,-0.011199,-0.07781649,0,0,0,-5.120623,1.108446,-0.4874682,-0.8963066,0.07346265,-0.4373084,0,0,0,-5.146527,1.107732,-0.326251,-0.9815315,-0.09212443,0.1676588,0,0,0,0.02635777
1731426973255,-4.995279,1.442285,-0.4205089,-0.9969051,-0.011199,-0.07781649,0,0,0,-5.120623,1.108446,-0.4874682,-0.8963066,0.07346265,-0.4373084,0,0,0,-5.146527,1.107732,-0.326251,-0.9815315,-0.09212443,0.1676588,0,0,0,0.02635777
1731426973270,-5.030145,1.440355,-0.4221087,-0.9970055,-0.01606901,-0.075647,-2.614903,-0.1448125,-0.1199841,-5.154181,1.102339,-0.4886999,-0.900844,0.0634931,-0.4294753,-2.516878,-0.4580319,-0.09237528,-5.182046,1.102603,-0.3313961,-0.9835978,-0.057315,0.1710289,-2.663898,-0.3846824,-0.3858805,0.02635777
1731426973276,-5.030145,1.440355,-0.4221087,-0.9970055,-0.01606901,-0.075647,0,0,0,-5.154181,1.102339,-0.4886999,-0.900844,0.0634931,-0.4294753,0,0,0,-5.182046,1.102603,-0.3313961,-0.9835978,-0.057315,0.1710289,0,0,0,0.02635777
1731426973298,-5.065454,1.437486,-0.4240537,-0.9972417,-0.008395921,-0.07374907,-2.648199,-0.2151579,-0.1458764,-5.186944,1.096697,-0.4892812,-0.9050182,0.05507195,-0.4217937,-2.457261,-0.4231542,-0.04359484,-5.217217,1.097204,-0.3339224,-0.9833156,-0.05796666,0.172426,-2.637863,-0.4049152,-0.1894712,0.02635777
1731426973304,-5.065454,1.437486,-0.4240537,-0.9972417,-0.008395921,-0.07374907,0,0,0,-5.186944,1.096697,-0.4892812,-0.9050182,0.05507195,-0.4217937,0,0,0,-5.217217,1.097204,-0.3339224,-0.9833156,-0.05796666,0.172426,0,0,0,0.02635777
1731426973324,-5.100533,1.432218,-0.4253044,-0.997288,0.0008516656,-0.07359564,-2.630961,-0.3950536,-0.09380579,-5.222279,1.089797,-0.4906998,-0.9044272,0.04347721,-0.4244074,-2.650094,-0.5175233,-0.1063943,-5.254002,1.091393,-0.3372483,-0.9841483,-0.07342973,0.1614335,-2.758813,-0.4358232,-0.2494454,0.02635777
1731426973330,-5.100533,1.432218,-0.4253044,-0.997288,0.0008516656,-0.07359564,0,0,0,-5.222279,1.089797,-0.4906998,-0.9044272,0.04347721,-0.4244074,0,0,0,-5.254002,1.091393,-0.3372483,-0.9841483,-0.07342973,0.1614335,0,0,0,0.02635777
1731426973352,-5.136296,1.426036,-0.4265842,-0.9971904,0.004574876,-0.07477045,-2.682209,-0.4636824,-0.09598732,-5.257447,1.083365,-0.4921927,-0.9009667,0.04329764,-0.431723,-2.637613,-0.4823595,-0.1119733,-5.289057,1.086996,-0.3408785,-0.9873191,-0.05978205,0.1470631,-2.629137,-0.3297776,-0.2722621,0.02635777
1731426973358,-5.136296,1.426036,-0.4265842,-0.9971904,0.004574876,-0.07477045,0,0,0,-5.257447,1.083365,-0.4921927,-0.9009667,0.04329764,-0.431723,0,0,0,-5.289057,1.086996,-0.3408785,-0.9873191,-0.05978205,0.1470631,0,0,0,0.02635777
1731426973381,-5.172325,1.418274,-0.4270544,-0.9971942,0.01125129,-0.07401001,-2.702129,-0.5821556,-0.03526211,-5.295556,1.076496,-0.4924273,-0.8979937,0.05630909,-0.4363916,-2.858126,-0.5152076,-0.01759529,-5.326051,1.082512,-0.3438091,-0.991648,-0.01606279,0.1279708,-2.774584,-0.3363311,-0.2197981,0.02635777
1731426973387,-5.172325,1.418274,-0.4270544,-0.9971942,0.01125129,-0.07401001,0,0,0,-5.295556,1.076496,-0.4924273,-0.8979937,0.05630909,-0.4363916,0,0,0,-5.326051,1.082512,-0.3438091,-0.991648,-0.01606279,0.1279708,0,0,0,0.02635777
1731426973409,-5.208403,1.411764,-0.4270935,-0.9972828,0.01173825,-0.07273197,-2.705848,-0.4882336,-0.002932549,-5.334794,1.070434,-0.4923539,-0.899327,0.06121421,-0.4329718,-2.942884,-0.4545987,0.005507469,-5.363689,1.078175,-0.3453484,-0.992098,0.02015161,0.1238366,-2.822828,-0.3253073,-0.1154423,0.02635777
1731426973415,-5.208403,1.411764,-0.4270935,-0.9972828,0.01173825,-0.07273197,0,0,0,-5.334794,1.070434,-0.4923539,-0.899327,0.06121421,-0.4329718,0,0,0,-5.363689,1.078175,-0.3453484,-0.992098,0.02015161,0.1238366,0,0,0,0.02635777
1731426973437,-5.24515,1.40443,-0.426764,-0.9973465,0.01242814,-0.07173193,-2.756023,-0.5500764,0.02471209,-5.374033,1.065428,-0.4925799,-0.8939176,0.07018501,-0.4427025,-2.94292,-0.3754914,-0.01695156,-5.402457,1.074132,-0.3457484,-0.9910595,0.04067999,0.1270688,-2.907586,-0.3031611,-0.03000498,0.02635777
1731426973444,-5.24515,1.40443,-0.426764,-0.9973465,0.01242814,-0.07173193,0,0,0,-5.374033,1.065428,-0.4925799,-0.8939176,0.07018501,-0.4427025,0,0,0,-5.402457,1.074132,-0.3457484,-0.9910595,0.04067999,0.1270688,0,0,0,0.02635777
1731426973465,-5.283332,1.40315,-0.4265413,-0.9972243,0.006125861,-0.0742085,-2.863669,-0.09597838,0.01670122,-5.412681,1.064114,-0.4931493,-0.8868459,0.07752968,-0.4555157,-2.89861,-0.09851754,-0.04270077,-5.441195,1.072299,-0.3460393,-0.9922983,0.04171409,0.1166379,-2.905333,-0.1374811,-0.0218153,0.02780819
1731426973472,-5.283332,1.40315,-0.4265413,-0.9972243,0.006125861,-0.0742085,0,0,0,-5.412681,1.064114,-0.4931493,-0.8868459,0.07752968,-0.4555157,0,0,0,-5.441195,1.072299,-0.3460393,-0.9922983,0.04171409,0.1166379,0,0,0,0.02780819
1731426973494,-5.320852,1.401619,-0.4258628,-0.9969851,0.01163764,-0.07671821,-2.814031,-0.1148164,0.05089045,-5.450739,1.065921,-0.4942641,-0.8832053,0.08245715,-0.4616814,-2.854371,0.1354963,-0.0836134,-5.481773,1.071838,-0.3472457,-0.9941849,0.02320308,0.1051596,-3.043377,-0.03458261,-0.09047985,0.02895761
1731426973500,-5.320852,1.401619,-0.4258628,-0.9969851,0.01163764,-0.07671821,0,0,0,-5.450739,1.065921,-0.4942641,-0.8832053,0.08245715,-0.4616814,0,0,0,-5.481773,1.071838,-0.3472457,-0.9941849,0.02320308,0.1051596,0,0,0,0.02895761
1731426973506,-5.320852,1.401619,-0.4258628,-0.9969851,0.01163764,-0.07671821,0,0,0,-5.450739,1.065921,-0.4942641,-0.8832053,0.08245715,-0.4616814,0,0,0,-5.481773,1.071838,-0.3472457,-0.9941849,0.02320308,0.1051596,0,0,0,0.02895761
1731426973521,-5.358982,1.404948,-0.4249325,-0.9967453,0.008406514,-0.08017862,-2.859735,0.2496332,0.0697732,-5.489743,1.068962,-0.4963093,-0.8794817,0.09017029,-0.4673136,-2.925289,0.2280504,-0.1533866,-5.522212,1.072831,-0.3504162,-0.9956126,0.01879528,0.09166694,-3.032935,0.0744313,-0.2377868,0.02895761
1731426973528,-5.358982,1.404948,-0.4249325,-0.9967453,0.008406514,-0.08017862,0,0,0,-5.489743,1.068962,-0.4963093,-0.8794817,0.09017029,-0.4673136,0,0,0,-5.522212,1.072831,-0.3504162,-0.9956126,0.01879528,0.09166694,0,0,0,0.02895761
1731426973549,-5.397826,1.412169,-0.424727,-0.9963072,0.01480983,-0.08457685,-2.913308,0.5415648,0.01541376,-5.527533,1.072593,-0.4992833,-0.8715178,0.08711016,-0.4825655,-2.834201,0.2723783,-0.2230525,-5.562613,1.075282,-0.3547173,-0.9978299,0.01258355,0.0646354,-3.030109,0.1838475,-0.3225803,0.02895761
1731426973555,-5.397826,1.412169,-0.424727,-0.9963072,0.01480983,-0.08457685,0,0,0,-5.527533,1.072593,-0.4992833,-0.8715178,0.08711016,-0.4825655,0,0,0,-5.562613,1.075282,-0.3547173,-0.9978299,0.01258355,0.0646354,0,0,0,0.02895761
1731426973575,-5.435843,1.415563,-0.4250159,-0.9947373,0.04629353,-0.09140527,-2.851295,0.2545863,-0.02167225,-5.565846,1.077181,-0.5029755,-0.8584883,0.06719571,-0.5084126,-2.87354,0.344047,-0.2769113,-5.602982,1.079124,-0.3591442,-0.9988401,-0.007797183,0.04751748,-3.027606,0.2881229,-0.3320217,0.02895761
1731426973582,-5.435843,1.415563,-0.4250159,-0.9947373,0.04629353,-0.09140527,0,0,0,-5.565846,1.077181,-0.5029755,-0.8584883,0.06719571,-0.5084126,0,0,0,-5.602982,1.079124,-0.3591442,-0.9988401,-0.007797183,0.04751748,0,0,0,0.02895761
1731426973604,-5.472563,1.420412,-0.4260821,-0.9959207,0.02593311,-0.08642745,-2.753985,0.363645,-0.07996559,-5.601626,1.082183,-0.5054502,-0.8563015,0.0587658,-0.5131228,-2.683496,0.3751606,-0.1856089,-5.640631,1.0841,-0.3636904,-0.9996091,-0.0003334433,0.02795559,-2.823687,0.3732473,-0.3409624,0.02895761
1731426973611,-5.472563,1.420412,-0.4260821,-0.9959207,0.02593311,-0.08642745,0,0,0,-5.601626,1.082183,-0.5054502,-0.8563015,0.0587658,-0.5131228,0,0,0,-5.640631,1.0841,-0.3636904,-0.9996091,-0.0003334433,0.02795559,0,0,0,0.02895761
1731426973632,-5.510356,1.427491,-0.4276028,-0.9966061,0.009545923,-0.08176637,-2.834451,0.5309522,-0.1140475,-5.636474,1.085488,-0.5060668,-0.8626114,0.07100493,-0.5008599,-2.613544,0.2478719,-0.04624128,-5.679224,1.088569,-0.3692126,-0.999882,0.001629229,0.01529127,-2.894497,0.3351241,-0.4141688,0.02895761
1731426973638,-5.510356,1.427491,-0.4276028,-0.9966061,0.009545923,-0.08176637,0,0,0,-5.636474,1.085488,-0.5060668,-0.8626114,0.07100493,-0.5008599,0,0,0,-5.679224,1.088569,-0.3692126,-0.999882,0.001629229,0.01529127,0,0,0,0.02895761
1731426973660,-5.546639,1.434559,-0.4291363,-0.9968612,0.0006967392,-0.07916749,-2.721262,0.5301297,-0.1150131,-5.671428,1.087955,-0.5093312,-0.8628284,0.0452594,-0.5034676,-2.621555,0.1850188,-0.244832,-5.715108,1.095237,-0.3727808,-0.9990279,-0.00657389,0.04359365,-2.691293,0.5001694,-0.2676129,0.02895761
1731426973667,-5.546639,1.434559,-0.4291363,-0.9968612,0.0006967392,-0.07916749,0,0,0,-5.671428,1.087955,-0.5093312,-0.8628284,0.0452594,-0.5034676,0,0,0,-5.715108,1.095237,-0.3727808,-0.9990279,-0.00657389,0.04359365,0,0,0,0.02895761
1731426973688,-5.582442,1.440923,-0.4309111,-0.9970565,-0.001249827,-0.07666242,-2.685213,0.477308,-0.1331091,-5.703791,1.092281,-0.5133371,-0.8539572,0.01216395,-0.5202016,-2.42722,0.3245026,-0.3004432,-5.748713,1.103336,-0.3750491,-0.9980229,-0.02372598,0.05820513,-2.520418,0.6074041,-0.1701236,0.02895761
1731426973694,-5.582442,1.440923,-0.4309111,-0.9970565,-0.001249827,-0.07666242,0,0,0,-5.703791,1.092281,-0.5133371,-0.8539572,0.01216395,-0.5202016,0,0,0,-5.748713,1.103336,-0.3750491,-0.9980229,-0.02372598,0.05820513,0,0,0,0.02895761
1731426973716,-5.617858,1.444204,-0.4329848,-0.9969549,0.01380756,-0.0767498,-2.656174,0.246039,-0.1555324,-5.734895,1.09777,-0.5171146,-0.8541226,0.0209962,-0.5196481,-2.332807,0.4116833,-0.2833128,-5.781361,1.109189,-0.3769855,-0.9981909,-0.04867478,0.0353002,-2.448535,0.4389524,-0.1452327,0.02895761
1731426973722,-5.617858,1.444204,-0.4329848,-0.9969549,0.01380756,-0.0767498,0,0,0,-5.734895,1.09777,-0.5171146,-0.8541226,0.0209962,-0.5196481,0,0,0,-5.781361,1.109189,-0.3769855,-0.9981909,-0.04867478,0.0353002,0,0,0,0.02895761
1731426973744,-5.653007,1.444615,-0.4349451,-0.9967192,0.02566056,-0.07676303,-2.636147,0.03083646,-0.1470208,-5.76715,1.100473,-0.5210924,-0.8591675,0.04032918,-0.5101031,-2.419138,0.2027035,-0.2983332,-5.812465,1.112453,-0.3804035,-0.9986221,-0.0506091,0.01388645,-2.332807,0.2447873,-0.2563477,0.02895761
1731426973750,-5.653007,1.444615,-0.4349451,-0.9967192,0.02566056,-0.07676303,0,0,0,-5.76715,1.100473,-0.5210924,-0.8591675,0.04032918,-0.5101031,0,0,0,-5.812465,1.112453,-0.3804035,-0.9986221,-0.0506091,0.01388645,0,0,0,0.02895761
1731426973772,-5.688462,1.442432,-0.4370589,-0.9967586,0.02539796,-0.07633889,-2.659178,-0.1637399,-0.1585364,-5.801944,1.099601,-0.5252252,-0.8613963,0.05229784,-0.5052351,-2.609539,-0.06543696,-0.3099561,-5.844533,1.111612,-0.3845234,-0.9999327,-0.01155972,0.00123173,-2.405119,-0.06307662,-0.3089905,0.02895761
1731426973777,-5.688462,1.442432,-0.4370589,-0.9967586,0.02539796,-0.07633889,0,0,0,-5.801944,1.099601,-0.5252252,-0.8613963,0.05229784,-0.5052351,0,0,0,-5.844533,1.111612,-0.3845234,-0.9999327,-0.01155972,0.00123173,0,0,0,0.02895761
1731426973800,-5.723784,1.439223,-0.4398603,-0.9968442,0.02098788,-0.07655847,-2.649164,-0.2407014,-0.2101064,-5.837409,1.096752,-0.5293608,-0.8590857,0.06451071,-0.5077506,-2.659893,-0.2136648,-0.3101707,-5.878009,1.10716,-0.3886871,-0.9998941,0.01340773,-0.005707026,-2.510691,-0.3339082,-0.3122807,0.02895761
1731426973805,-5.723784,1.439223,-0.4398603,-0.9968442,0.02098788,-0.07655847,0,0,0,-5.837409,1.096752,-0.5293608,-0.8590857,0.06451071,-0.5077506,0,0,0,-5.878009,1.10716,-0.3886871,-0.9998941,0.01340773,-0.005707026,0,0,0,0.02895761
1731426973828,-5.759936,1.433878,-0.4427395,-0.9967248,0.0203527,-0.07826841,-2.711391,-0.4008114,-0.2159357,-5.876673,1.090387,-0.534379,-0.8534019,0.06705391,-0.5169225,-2.944779,-0.4773617,-0.3763676,-5.914386,1.09941,-0.3917656,-0.9998953,0.009060595,0.01130599,-2.728271,-0.5812526,-0.2308846,0.02895761
1731426973834,-5.759936,1.433878,-0.4427395,-0.9967248,0.0203527,-0.07826841,0,0,0,-5.876673,1.090387,-0.534379,-0.8534019,0.06705391,-0.5169225,0,0,0,-5.914386,1.09941,-0.3917656,-0.9998953,0.009060595,0.01130599,0,0,0,0.02895761
1731426973839,-5.759936,1.433878,-0.4427395,-0.9967248,0.0203527,-0.07826841,0,0,0,-5.876673,1.090387,-0.534379,-0.8534019,0.06705391,-0.5169225,0,0,0,-5.914386,1.09941,-0.3917656,-0.9998953,0.009060595,0.01130599,0,0,0,0.02895761
1731426973856,-5.796426,1.427263,-0.4455709,-0.9965746,0.01867259,-0.08056545,-2.736712,-0.4961908,-0.2123594,-5.915624,1.083272,-0.5387435,-0.8443969,0.06458355,-0.531811,-2.921319,-0.5336523,-0.3273368,-5.950391,1.091988,-0.3933868,-0.9993896,0.002291407,0.0348677,-2.700377,-0.5566031,-0.1215935,0.02895761
1731426973862,-5.796426,1.427263,-0.4455709,-0.9965746,0.01867259,-0.08056545,0,0,0,-5.915624,1.083272,-0.5387435,-0.8443969,0.06458355,-0.531811,0,0,0,-5.950391,1.091988,-0.3933868,-0.9993896,0.002291407,0.0348677,0,0,0,0.02895761
1731426973884,-5.833333,1.419974,-0.4487195,-0.9965302,0.01924623,-0.0809797,-2.76804,-0.54667,-0.2361417,-5.952666,1.076696,-0.542644,-0.8463188,0.05382413,-0.5299513,-2.778196,-0.4931867,-0.2925396,-5.984667,1.086063,-0.3950109,-0.9992325,0.01211419,0.03725535,-2.570701,-0.4443973,-0.1218081,0.02895761
1731426973890,-5.833333,1.419974,-0.4487195,-0.9965302,0.01924623,-0.0809797,0,0,0,-5.952666,1.076696,-0.542644,-0.8463188,0.05382413,-0.5299513,0,0,0,-5.984667,1.086063,-0.3950109,-0.9992325,0.01211419,0.03725535,0,0,0,0.02895761
1731426973910,-5.869631,1.412413,-0.4519653,-0.9970387,0.005977524,-0.07667327,-2.722335,-0.5670279,-0.2434373,-5.991822,1.069359,-0.5455689,-0.8482866,0.05985004,-0.5261449,-2.936697,-0.5502194,-0.2193689,-6.023647,1.078935,-0.3941669,-0.9990793,0.005318126,0.042575,-2.923536,-0.5345732,0.06330013,0.02895761
1731426973915,-5.869631,1.412413,-0.4519653,-0.9970387,0.005977524,-0.07667327,0,0,0,-5.991822,1.069359,-0.5455689,-0.8482866,0.05985004,-0.5261449,0,0,0,-6.023647,1.078935,-0.3941669,-0.9990793,0.005318126,0.042575,0,0,0,0.02895761
1731426973937,-5.906051,1.404907,-0.4553256,-0.9972562,-0.007685365,-0.07363033,-2.73149,-0.5629867,-0.2520204,-6.029171,1.062865,-0.5481853,-0.8504656,0.06364314,-0.5221673,-2.801156,-0.4870892,-0.1962304,-6.060388,1.072593,-0.394042,-0.9982901,-0.004074652,0.05831838,-2.755523,-0.4756898,0.00936985,0.02895761
1731426973943,-5.906051,1.404907,-0.4553256,-0.9972562,-0.007685365,-0.07363033,0,0,0,-6.029171,1.062865,-0.5481853,-0.8504656,0.06364314,-0.5221673,0,0,0,-6.060388,1.072593,-0.394042,-0.9982901,-0.004074652,0.05831838,0,0,0,0.02895761
1731426973964,-5.9435,1.402997,-0.4591308,-0.9974154,-0.01887295,-0.06933069,-2.808666,-0.1432031,-0.285387,-6.06892,1.060851,-0.5518475,-0.847274,0.06711867,-0.5268991,-2.981186,-0.1510531,-0.2746582,-6.100551,1.069369,-0.3939438,-0.996695,-0.02436849,0.07749403,-3.012228,-0.2417922,0.007367134,0.03125632
1731426973970,-5.9435,1.402997,-0.4591308,-0.9974154,-0.01887295,-0.06933069,0,0,0,-6.06892,1.060851,-0.5518475,-0.847274,0.06711867,-0.5268991,0,0,0,-6.100551,1.069369,-0.3939438,-0.996695,-0.02436849,0.07749403,0,0,0,0.03125632
1731426973992,-5.981904,1.402162,-0.4631224,-0.9977883,-0.008823287,-0.06588578,-2.880335,-0.0626564,-0.2993703,-6.107844,1.059329,-0.5551186,-0.8429442,0.06026505,-0.5346155,-2.919316,-0.114128,-0.2453327,-6.13997,1.067966,-0.3939734,-0.9934717,-0.06109856,0.09633815,-2.956438,-0.1052052,-0.002217293,0.0321362
1731426973998,-5.981904,1.402162,-0.4631224,-0.9977883,-0.008823287,-0.06588578,0,0,0,-6.107844,1.059329,-0.5551186,-0.8429442,0.06026505,-0.5346155,0,0,0,-6.13997,1.067966,-0.3939734,-0.9934717,-0.06109856,0.09633815,0,0,0,0.0321362
1731426974021,-6.019649,1.403959,-0.467454,-0.9980775,-0.01411567,-0.06035352,-2.830839,0.1347721,-0.3248692,-6.147426,1.059847,-0.5575533,-0.8423774,0.04945742,-0.5366147,-2.968597,0.03887415,-0.1826048,-6.177114,1.070689,-0.3951988,-0.9941301,-0.0454759,0.09817213,-2.785778,0.2041876,-0.09191036,0.0321362
1731426974026,-6.019649,1.403959,-0.467454,-0.9980775,-0.01411567,-0.06035352,0,0,0,-6.147426,1.059847,-0.5575533,-0.8423774,0.04945742,-0.5366147,0,0,0,-6.177114,1.070689,-0.3951988,-0.9941301,-0.0454759,0.09817213,0,0,0,0.0321362
1731426974049,-6.059024,1.410921,-0.4709578,-0.9984941,-0.0002593193,-0.05486143,-2.953148,0.5221456,-0.262785,-6.188581,1.063904,-0.5589762,-0.8390858,0.04615178,-0.5420386,-3.086686,0.3042698,-0.1067162,-6.214925,1.074804,-0.3985376,-0.9955982,-0.01118604,0.09305626,-2.835846,0.3086239,-0.250411,0.0321362
1731426974055,-6.059024,1.410921,-0.4709578,-0.9984941,-0.0002593193,-0.05486143,0,0,0,-6.188581,1.063904,-0.5589762,-0.8390858,0.04615178,-0.5420386,0,0,0,-6.214925,1.074804,-0.3985376,-0.9955982,-0.01118604,0.09305626,0,0,0,0.0321362
1731426974077,-6.098549,1.419949,-0.4742908,-0.9985884,0.0181592,-0.04992175,-2.964377,0.6771058,-0.2499819,-6.229886,1.069272,-0.5590181,-0.8451151,0.02723708,-0.5338907,-3.097844,0.4025996,-0.003147125,-6.253228,1.078451,-0.3999424,-0.9949948,-0.02474762,0.0968166,-2.872753,0.2735496,-0.1053572,0.0321362
1731426974083,-6.098549,1.419949,-0.4742908,-0.9985884,0.0181592,-0.04992175,0,0,0,-6.229886,1.069272,-0.5590181,-0.8451151,0.02723708,-0.5338907,0,0,0,-6.253228,1.078451,-0.3999424,-0.9949948,-0.02474762,0.0968166,0,0,0,0.0321362
1731426974105,-6.134734,1.423848,-0.4760389,-0.9980648,0.03678411,-0.05014384,-2.713895,0.2924234,-0.1311064,-6.270843,1.079308,-0.5569515,-0.8583046,0.01892413,-0.5127921,-3.071737,0.7526457,0.1549959,-6.290684,1.083326,-0.4001808,-0.9910168,-0.07076461,0.1134833,-2.809167,0.3656298,-0.01788139,0.0321362
1731426974111,-6.134734,1.423848,-0.4760389,-0.9980648,0.03678411,-0.05014384,0,0,0,-6.270843,1.079308,-0.5569515,-0.8583046,0.01892413,-0.5127921,0,0,0,-6.290684,1.083326,-0.4001808,-0.9910168,-0.07076461,0.1134833,0,0,0,0.0321362
1731426974132,-6.171073,1.42864,-0.4776516,-0.9987191,0.00914062,-0.04976904,-2.72541,0.359416,-0.1209497,-6.307666,1.089546,-0.5542068,-0.8729187,0.07589638,-0.4819264,-2.761745,0.7678807,0.2058506,-6.325393,1.087825,-0.4003992,-0.9911737,-0.08058916,0.105262,-2.603173,0.3374219,-0.01637936,0.0321362
1731426974138,-6.171073,1.42864,-0.4776516,-0.9987191,0.00914062,-0.04976904,0,0,0,-6.307666,1.089546,-0.5542068,-0.8729187,0.07589638,-0.4819264,0,0,0,-6.325393,1.087825,-0.4003992,-0.9911737,-0.08058916,0.105262,0,0,0,0.0321362
1731426974161,-6.208296,1.434963,-0.478797,-0.9987451,-0.004468981,-0.04988503,-2.791715,0.4741877,-0.08590221,-6.345862,1.096956,-0.551259,-0.8805864,0.1227955,-0.4577005,-2.864742,0.5557537,0.2210855,-6.36012,1.091674,-0.4002972,-0.9912992,-0.06605782,0.1138541,-2.604532,0.2886772,0.007653236,0.0321362
1731426974166,-6.208296,1.434963,-0.478797,-0.9987451,-0.004468981,-0.04988503,0,0,0,-6.345862,1.096956,-0.551259,-0.8805864,0.1227955,-0.4577005,0,0,0,-6.36012,1.091674,-0.4002972,-0.9912992,-0.06605782,0.1138541,0,0,0,0.0321362
1731426974189,-6.245625,1.440324,-0.4790506,-0.998664,-0.002652107,-0.05161083,-2.799726,0.4021078,-0.0190258,-6.385735,1.101503,-0.5491505,-0.8862923,0.1189062,-0.4476025,-2.990413,0.3409892,0.158143,-6.393946,1.095782,-0.3987026,-0.9872263,-0.05499171,0.1495335,-2.536941,0.3081322,0.1195908,0.0321362
1731426974196,-6.245625,1.440324,-0.4790506,-0.998664,-0.002652107,-0.05161083,0,0,0,-6.385735,1.101503,-0.5491505,-0.8862923,0.1189062,-0.4476025,0,0,0,-6.393946,1.095782,-0.3987026,-0.9872263,-0.05499171,0.1495335,0,0,0,0.0321362
1731426974201,-6.245625,1.440324,-0.4790506,-0.998664,-0.002652107,-0.05161083,0,0,0,-6.385735,1.101503,-0.5491505,-0.8862923,0.1189062,-0.4476025,0,0,0,-6.393946,1.095782,-0.3987026,-0.9872263,-0.05499171,0.1495335,0,0,0,0.0321362
1731426974216,-6.281886,1.443706,-0.4779091,-0.9987241,-3.520027E-05,-0.05050063,-2.719545,0.2536476,0.08561611,-6.424474,1.105125,-0.5473423,-0.8847463,0.09122314,-0.4570585,-2.90544,0.2716899,0.1356125,-6.427675,1.09978,-0.3954935,-0.9867144,-0.0554272,0.1527182,-2.529716,0.2997994,0.2406836,0.0321362
1731426974222,-6.281886,1.443706,-0.4779091,-0.9987241,-3.520027E-05,-0.05050063,0,0,0,-6.424474,1.105125,-0.5473423,-0.8847463,0.09122314,-0.4570585,0,0,0,-6.427675,1.09978,-0.3954935,-0.9867144,-0.0554272,0.1527182,0,0,0,0.0321362
1731426974244,-6.318401,1.445819,-0.4772644,-0.9987899,0.000885183,-0.04917586,-2.738643,0.158447,0.04835129,-6.45943,1.10885,-0.5449982,-0.8885188,0.08378857,-0.4511259,-2.621698,0.2793431,0.1758099,-6.460916,1.101276,-0.3933544,-0.9875115,-0.06308821,0.144364,-2.493024,0.1121968,0.1604319,0.0321362
1731426974250,-6.318401,1.445819,-0.4772644,-0.9987899,0.000885183,-0.04917586,0,0,0,-6.45943,1.10885,-0.5449982,-0.8885188,0.08378857,-0.4511259,0,0,0,-6.460916,1.101276,-0.3933544,-0.9875115,-0.06308821,0.144364,0,0,0,0.0321362
1731426974269,-6.354804,1.445467,-0.4754696,-0.9988829,0.003768457,-0.04711139,-2.730203,-0.02633929,0.1346111,-6.493971,1.110481,-0.5418682,-0.8934148,0.08149128,-0.4417803,-2.590585,0.1223445,0.2347469,-6.496624,1.0999,-0.3915844,-0.9874865,-0.05210744,0.1488478,-2.678132,-0.1032025,0.1327515,0.0321362
1731426974275,-6.354804,1.445467,-0.4754696,-0.9988829,0.003768457,-0.04711139,0,0,0,-6.493971,1.110481,-0.5418682,-0.8934148,0.08149128,-0.4417803,0,0,0,-6.496624,1.0999,-0.3915844,-0.9874865,-0.05210744,0.1488478,0,0,0,0.0321362
1731426974297,-6.390933,1.443144,-0.474021,-0.9990511,0.004324768,-0.0433414,-2.709675,-0.1742899,0.1086473,-6.527361,1.109428,-0.5382175,-0.8986629,0.07865262,-0.431531,-2.504253,-0.07900894,0.2737999,-6.532104,1.097166,-0.3897219,-0.9844043,-0.04536729,0.1699707,-2.660966,-0.205037,0.1396894,0.0321362
1731426974302,-6.390933,1.443144,-0.474021,-0.9990511,0.004324768,-0.0433414,0,0,0,-6.527361,1.109428,-0.5382175,-0.8986629,0.07865262,-0.431531,0,0,0,-6.532104,1.097166,-0.3897219,-0.9844043,-0.04536729,0.1699707,0,0,0,0.0321362
1731426974325,-6.426471,1.438944,-0.4726868,-0.9992445,0.006112304,-0.03838503,-2.665329,-0.314945,0.1000643,-6.561392,1.104684,-0.5341063,-0.9062638,0.07443948,-0.4161069,-2.552319,-0.3557414,0.3083467,-6.569557,1.092036,-0.3877468,-0.982895,-0.0513454,0.1768656,-2.809024,-0.3847271,0.1481295,0.0321362
1731426974330,-6.426471,1.438944,-0.4726868,-0.9992445,0.006112304,-0.03838503,0,0,0,-6.561392,1.104684,-0.5341063,-0.9062638,0.07443948,-0.4161069,0,0,0,-6.569557,1.092036,-0.3877468,-0.982895,-0.0513454,0.1768656,0,0,0,0.0321362
1731426974353,-6.461653,1.432733,-0.471283,-0.9993424,0.01046896,-0.03472042,-2.63865,-0.4658818,0.1052856,-6.597343,1.096586,-0.5305586,-0.9108179,0.06316196,-0.4079489,-2.696371,-0.6074041,0.2660751,-6.608233,1.085294,-0.3859091,-0.9832259,-0.06411872,0.1707509,-2.90072,-0.5056858,0.1378298,0.0321362
1731426974359,-6.461653,1.432733,-0.471283,-0.9993424,0.01046896,-0.03472042,0,0,0,-6.597343,1.096586,-0.5305586,-0.9108179,0.06316196,-0.4079489,0,0,0,-6.608233,1.085294,-0.3859091,-0.9832259,-0.06411872,0.1707509,0,0,0,0.0321362
1731426974382,-6.497571,1.424236,-0.469883,-0.9993611,0.00998339,-0.03432751,-2.693868,-0.637275,0.1049995,-6.635672,1.084875,-0.5277491,-0.9102263,0.02808004,-0.413159,-2.874613,-0.878334,0.2107143,-6.647366,1.078244,-0.3843269,-0.9817358,-0.06211501,0.1798247,-2.934909,-0.5287439,0.1186609,0.0321362
1731426974387,-6.497571,1.424236,-0.469883,-0.9993611,0.00998339,-0.03432751,0,0,0,-6.635672,1.084875,-0.5277491,-0.9102263,0.02808004,-0.413159,0,0,0,-6.647366,1.078244,-0.3843269,-0.9817358,-0.06211501,0.1798247,0,0,0,0.0321362
1731426974409,-6.53349,1.41507,-0.4673595,-0.9992642,0.009725091,-0.03710389,-2.693939,-0.6874055,0.1892567,-6.674209,1.07328,-0.5253201,-0.9100492,-0.006900083,-0.4144439,-2.890277,-0.869599,0.1821756,-6.685699,1.072847,-0.3820391,-0.980914,-0.0361174,0.1910594,-2.875042,-0.4047453,0.1715899,0.0321362
1731426974417,-6.53349,1.41507,-0.4673595,-0.9992642,0.009725091,-0.03710389,0,0,0,-6.674209,1.07328,-0.5253201,-0.9100492,-0.006900083,-0.4144439,0,0,0,-6.685699,1.072847,-0.3820391,-0.980914,-0.0361174,0.1910594,0,0,0,0.0321362
1731426974438,-6.570849,1.407847,-0.4653177,-0.9991737,0.003144596,-0.04053104,-2.801943,-0.5417615,0.1531363,-6.714577,1.062954,-0.5231857,-0.8997186,-0.001399311,-0.4364687,-3.027606,-0.7744074,0.1600742,-6.726774,1.06853,-0.3790007,-0.9817573,-0.01477142,0.1895645,-3.080606,-0.3237695,0.2278805,0.0321362
1731426974443,-6.570849,1.407847,-0.4653177,-0.9991737,0.003144596,-0.04053104,0,0,0,-6.714577,1.062954,-0.5231857,-0.8997186,-0.001399311,-0.4364687,0,0,0,-6.726774,1.06853,-0.3790007,-0.9817573,-0.01477142,0.1895645,0,0,0,0.0321362
1731426974465,-6.608724,1.402393,-0.4629946,-0.9990558,0.003194522,-0.04332936,-2.840567,-0.4090637,0.1742363,-6.753098,1.055942,-0.5211897,-0.8895078,0.005216173,-0.4568909,-2.889061,-0.5259186,0.149703,-6.766222,1.065976,-0.3761387,-0.9818374,-0.001877448,0.1897161,-2.958584,-0.1915455,0.2146482,0.0321362
1731426974472,-6.608724,1.402393,-0.4629946,-0.9990558,0.003194522,-0.04332936,0,0,0,-6.753098,1.055942,-0.5211897,-0.8895078,0.005216173,-0.4568909,0,0,0,-6.766222,1.065976,-0.3761387,-0.9818374,-0.001877448,0.1897161,0,0,0,0.0321362
1731426974493,-6.64562,1.401178,-0.4599218,-0.9988369,0.006964171,-0.04771185,-2.767253,-0.09107888,0.2304554,-6.792432,1.056994,-0.5216293,-0.8825243,-0.03726298,-0.4687885,-2.950072,0.07889271,-0.03297329,-6.80675,1.070201,-0.3734083,-0.981054,0.009356876,0.1935086,-3.039622,0.3168762,0.2047777,0.03505039
1731426974498,-6.64562,1.401178,-0.4599218,-0.9988369,0.006964171,-0.04771185,0,0,0,-6.792432,1.056994,-0.5216293,-0.8825243,-0.03726298,-0.4687885,0,0,0,-6.80675,1.070201,-0.3734083,-0.981054,0.009356876,0.1935086,0,0,0,0.03505039
1731426974504,-6.64562,1.401178,-0.4599218,-0.9988369,0.006964171,-0.04771185,0,0,0,-6.792432,1.056994,-0.5216293,-0.8825243,-0.03726298,-0.4687885,0,0,0,-6.80675,1.070201,-0.3734083,-0.981054,0.009356876,0.1935086,0,0,0,0.03505039
1731426974520,-6.683035,1.406186,-0.457818,-0.9987007,-0.01496816,-0.04871476,-2.806091,0.3755718,0.1577854,-6.830409,1.064312,-0.522171,-0.8766401,-0.04699548,-0.4788469,-2.848291,0.5488425,-0.04062653,-6.848855,1.076039,-0.3729286,-0.9848362,0.002746714,0.1734656,-3.157854,0.4378349,0.03597736,0.03712285
1731426974526,-6.683035,1.406186,-0.457818,-0.9987007,-0.01496816,-0.04871476,0,0,0,-6.830409,1.064312,-0.522171,-0.8766401,-0.04699548,-0.4788469,0,0,0,-6.848855,1.076039,-0.3729286,-0.9848362,0.002746714,0.1734656,0,0,0,0.03712285
1731426974548,-6.721069,1.412726,-0.4561815,-0.9985734,-0.01517553,-0.05119753,-2.852583,0.4905045,0.1227379,-6.865907,1.070113,-0.5217142,-0.8653604,-0.02547268,-0.5005026,-2.662325,0.4350811,0.03426075,-6.888588,1.079912,-0.3741217,-0.9891659,-0.008396791,0.1465631,-2.97997,0.2904385,-0.08947849,0.03712285
1731426974574,-6.760184,1.419413,-0.4550695,-0.9979327,0.02116542,-0.06068587,-2.933621,0.5015284,0.08339882,-6.902235,1.078381,-0.5223961,-0.8544546,-0.01159254,-0.5193974,-2.724624,0.6200641,-0.05114079,-6.929299,1.086663,-0.3775797,-0.9930673,-0.01876314,0.1160405,-3.053355,0.5063385,-0.2593517,0.03712285
1731426974579,-6.760184,1.419413,-0.4550695,-0.9979327,0.02116542,-0.06068587,0,0,0,-6.902235,1.078381,-0.5223961,-0.8544546,-0.01159254,-0.5193974,0,0,0,-6.929299,1.086663,-0.3775797,-0.9930673,-0.01876314,0.1160405,0,0,0,0.03712285
1731426974601,-6.797339,1.424409,-0.4549303,-0.9973218,0.0378904,-0.06256187,-2.786636,0.3747225,0.01044273,-6.93733,1.090187,-0.5245714,-0.8546082,-0.03395673,-0.5181623,-2.632141,0.8854687,-0.1631498,-6.967979,1.098592,-0.3816452,-0.9962542,0.007291664,0.08616704,-2.901006,0.8946687,-0.3049135,0.03712285
1731426974607,-6.797339,1.424409,-0.4549303,-0.9973218,0.0378904,-0.06256187,0,0,0,-6.93733,1.090187,-0.5245714,-0.8546082,-0.03395673,-0.5181623,0,0,0,-6.967979,1.098592,-0.3816452,-0.9962542,0.007291664,0.08616704,0,0,0,0.03712285
1731426974630,-6.835174,1.43077,-0.4551678,-0.9979197,0.01182954,-0.06338012,-2.837563,0.4770577,-0.01780987,-6.969738,1.10057,-0.525116,-0.8623974,0.02461903,-0.5056332,-2.430582,0.7787436,-0.0408411,-7.006644,1.107547,-0.3876171,-0.9984924,0.04052594,0.03702736,-2.899861,0.671643,-0.4478931,0.03712285
1731426974636,-6.835174,1.43077,-0.4551678,-0.9979197,0.01182954,-0.06338012,0,0,0,-6.969738,1.10057,-0.525116,-0.8623974,0.02461903,-0.5056332,0,0,0,-7.006644,1.107547,-0.3876171,-0.9984924,0.04052594,0.03702736,0,0,0,0.03712285
1731426974641,-6.835174,1.43077,-0.4551678,-0.9979197,0.01182954,-0.06338012,0,0,0,-6.969738,1.10057,-0.525116,-0.8623974,0.02461903,-0.5056332,0,0,0,-7.006644,1.107547,-0.3876171,-0.9984924,0.04052594,0.03702736,0,0,0,0.03712285
1731426974658,-6.874129,1.438417,-0.4561481,-0.9979557,0.001370244,-0.06390059,-2.921677,0.5735546,-0.07352829,-7.003737,1.106769,-0.5282812,-0.8553501,0.06098881,-0.5144485,-2.549958,0.4649162,-0.2373934,-7.045413,1.114982,-0.3936558,-0.9986686,0.04341539,0.02786809,-2.907658,0.5576044,-0.4528999,0.03712285
1731426974664,-6.874129,1.438417,-0.4561481,-0.9979557,0.001370244,-0.06390059,0,0,0,-7.003737,1.106769,-0.5282812,-0.8553501,0.06098881,-0.5144485,0,0,0,-7.045413,1.114982,-0.3936558,-0.9986686,0.04341539,0.02786809,0,0,0,0.03712285
1731426974686,-6.912419,1.444929,-0.457386,-0.9978716,-0.002062475,-0.06517947,-2.871752,0.4883766,-0.09284019,-7.036893,1.110731,-0.5329294,-0.84585,0.04286956,-0.5316956,-2.486658,0.2971888,-0.3486156,-7.081454,1.122894,-0.3978271,-0.9987105,0.03134283,0.03994215,-2.703094,0.5934387,-0.3128529,0.03712285
1731426974692,-6.912419,1.444929,-0.457386,-0.9978716,-0.002062475,-0.06517947,0,0,0,-7.036893,1.110731,-0.5329294,-0.84585,0.04286956,-0.5316956,0,0,0,-7.081454,1.122894,-0.3978271,-0.9987105,0.03134283,0.03994215,0,0,0,0.03712285
1731426974714,-6.950237,1.448189,-0.4591455,-0.9977123,0.001975484,-0.06757689,-2.836347,0.2444923,-0.1319647,-7.070515,1.112773,-0.539216,-0.8385762,-0.02067237,-0.5443925,-2.521634,0.1531363,-0.4714966,-7.115849,1.130112,-0.4004784,-0.9991745,0.01189651,0.03885204,-2.579641,0.5413055,-0.1988411,0.03712285
1731426974720,-6.950237,1.448189,-0.4591455,-0.9977123,0.001975484,-0.06757689,0,0,0,-7.070515,1.112773,-0.539216,-0.8385762,-0.02067237,-0.5443925,0,0,0,-7.115849,1.130112,-0.4004784,-0.9991745,0.01189651,0.03885204,0,0,0,0.03712285
1731426974743,-6.986577,1.449608,-0.4611244,-0.9977332,0.006482106,-0.06698358,-2.725482,0.1064479,-0.1484156,-7.10316,1.114642,-0.5446787,-0.8277295,-0.001413971,-0.5611258,-2.448392,0.1401186,-0.4096985,-7.149742,1.134649,-0.4050474,-0.999622,0.003818933,0.02723414,-2.541947,0.3403097,-0.342679,0.03712285
1731426974750,-6.986577,1.449608,-0.4611244,-0.9977332,0.006482106,-0.06698358,0,0,0,-7.10316,1.114642,-0.5446787,-0.8277295,-0.001413971,-0.5611258,0,0,0,-7.149742,1.134649,-0.4050474,-0.999622,0.003818933,0.02723414,0,0,0,0.03712285
1731426974771,-7.023711,1.448896,-0.4634886,-0.9976991,0.01393053,-0.06635213,-2.785063,-0.05339384,-0.1773119,-7.138348,1.113273,-0.5488443,-0.8186784,0.02612777,-0.5736578,-2.639079,-0.1026124,-0.3124237,-7.183739,1.134754,-0.4102802,-0.9997675,0.009251034,0.01949131,-2.549744,0.007903576,-0.3924608,0.03712285
1731426974776,-7.023711,1.448896,-0.4634886,-0.9976991,0.01393053,-0.06635213,0,0,0,-7.138348,1.113273,-0.5488443,-0.8186784,0.02612777,-0.5736578,0,0,0,-7.183739,1.134754,-0.4102802,-0.9997675,0.009251034,0.01949131,0,0,0,0.03712285
1731426974799,-7.061139,1.445989,-0.4662437,-0.9974284,0.0248292,-0.06723511,-2.807093,-0.2180636,-0.2066374,-7.174132,1.109979,-0.5529661,-0.8211878,0.02776035,-0.5699831,-2.683854,-0.2471119,-0.3091335,-7.2179,1.132675,-0.4158354,-0.9995292,0.02905026,0.009869337,-2.562118,-0.1559526,-0.4166365,0.03712285
1731426974804,-7.061139,1.445989,-0.4662437,-0.9974284,0.0248292,-0.06723511,0,0,0,-7.174132,1.109979,-0.5529661,-0.8211878,0.02776035,-0.5699831,0,0,0,-7.2179,1.132675,-0.4158354,-0.9995292,0.02905026,0.009869337,0,0,0,0.03712285
1731426974827,-7.09877,1.441474,-0.4692154,-0.9971503,0.0302566,-0.06910968,-2.822328,-0.3386021,-0.2228737,-7.211169,1.104702,-0.5569248,-0.8245994,0.02921905,-0.5649629,-2.777767,-0.3957063,-0.2969027,-7.253173,1.127991,-0.4206934,-0.9986852,0.04932588,0.01397341,-2.645445,-0.3513157,-0.3643513,0.03712285
1731426974833,-7.09877,1.441474,-0.4692154,-0.9971503,0.0302566,-0.06910968,0,0,0,-7.211169,1.104702,-0.5569248,-0.8245994,0.02921905,-0.5649629,0,0,0,-7.253173,1.127991,-0.4206934,-0.9986852,0.04932588,0.01397341,0,0,0,0.03712285
1731426974855,-7.136701,1.435296,-0.4725132,-0.9969751,0.03176834,-0.0709331,-2.844787,-0.4633337,-0.2473354,-7.25105,1.09658,-0.5605307,-0.8247442,0.02695447,-0.564864,-2.991056,-0.6092101,-0.2704382,-7.290488,1.120079,-0.4257689,-0.99744,0.06269928,0.03439301,-2.798653,-0.5933583,-0.3806591,0.03712285
1731426974861,-7.136701,1.435296,-0.4725132,-0.9969751,0.03176834,-0.0709331,0,0,0,-7.25105,1.09658,-0.5605307,-0.8247442,0.02695447,-0.564864,0,0,0,-7.290488,1.120079,-0.4257689,-0.99744,0.06269928,0.03439301,0,0,0,0.03712285
1731426974883,-7.174064,1.428761,-0.4758425,-0.9968488,0.03525665,-0.07106221,-2.802229,-0.4901379,-0.2496958,-7.290219,1.088459,-0.564291,-0.8223919,0.02329914,-0.5684447,-2.937698,-0.6090403,-0.2820253,-7.328357,1.111566,-0.4310608,-0.9963013,0.07476384,0.04236102,-2.840137,-0.6384999,-0.3968954,0.03712285
1731426974889,-7.174064,1.428761,-0.4758425,-0.9968488,0.03525665,-0.07106221,0,0,0,-7.290219,1.088459,-0.564291,-0.8223919,0.02329914,-0.5684447,0,0,0,-7.328357,1.111566,-0.4310608,-0.9963013,0.07476384,0.04236102,0,0,0,0.03712285
1731426974894,-7.174064,1.428761,-0.4758425,-0.9968488,0.03525665,-0.07106221,0,0,0,-7.290219,1.088459,-0.564291,-0.8223919,0.02329914,-0.5684447,0,0,0,-7.328357,1.111566,-0.4310608,-0.9963013,0.07476384,0.04236102,0,0,0,0.03712285
1731426974911,-7.211659,1.422074,-0.4802122,-0.9971747,0.03374527,-0.06711304,-2.819681,-0.5015194,-0.3277302,-7.331796,1.080577,-0.5686312,-0.8312836,0.01606474,-0.5556173,-3.118229,-0.591141,-0.3255129,-7.368641,1.10331,-0.4337626,-0.9968826,0.06672102,0.04211575,-3.021312,-0.619188,-0.202632,0.03712285
1731426974916,-7.211659,1.422074,-0.4802122,-0.9971747,0.03374527,-0.06711304,0,0,0,-7.331796,1.080577,-0.5686312,-0.8312836,0.01606474,-0.5556173,0,0,0,-7.368641,1.10331,-0.4337626,-0.9968826,0.06672102,0.04211575,0,0,0,0.03712285
1731426974939,-7.249536,1.416245,-0.485137,-0.9976253,0.02763338,-0.06309366,-2.84071,-0.437218,-0.3693581,-7.369609,1.075181,-0.5726604,-0.8341796,0.02599496,-0.5508807,-2.835989,-0.4046828,-0.3021955,-7.407453,1.096932,-0.4356537,-0.9970925,0.05380074,0.05396676,-2.910876,-0.4783362,-0.1418352,0.03712285
1731426974945,-7.249536,1.416245,-0.485137,-0.9976253,0.02763338,-0.06309366,0,0,0,-7.369609,1.075181,-0.5726604,-0.8341796,0.02599496,-0.5508807,0,0,0,-7.407453,1.096932,-0.4356537,-0.9970925,0.05380074,0.05396676,0,0,0,0.03712285
1731426974978,-7.2884,1.413287,-0.4905157,-0.9981526,0.02382038,-0.05589759,-2.91481,-0.2218008,-0.4034042,-7.409824,1.072013,-0.5771322,-0.8371201,0.04340686,-0.5452951,-3.016162,-0.237599,-0.3353834,-7.447208,1.093953,-0.4377241,-0.9947506,0.06490131,0.07911855,-2.981687,-0.223428,-0.155282,0.03712285
1731426974984,-7.2884,1.413287,-0.4905157,-0.9981526,0.02382038,-0.05589759,0,0,0,-7.409824,1.072013,-0.5771322,-0.8371201,0.04340686,-0.5452951,0,0,0,-7.447208,1.093953,-0.4377241,-0.9947506,0.06490131,0.07911855,0,0,0,0.03712285
1731426975006,-7.345759,1.411141,-0.4984989,-0.9982349,0.03682698,-0.04659581,-4.301977,-0.1609862,-0.5987406,-7.469576,1.072025,-0.5844707,-0.8506652,0.02986624,-0.5248591,-4.481363,0.0008761883,-0.5503893,-7.50649,1.095028,-0.440526,-0.9936265,0.05702113,0.09723604,-4.446101,0.08061826,-0.2101421,0.03712285
1731426975012,-7.345759,1.411141,-0.4984989,-0.9982349,0.03682698,-0.04659581,0,0,0,-7.469576,1.072025,-0.5844707,-0.8506652,0.02986624,-0.5248591,0,0,0,-7.50649,1.095028,-0.440526,-0.9936265,0.05702113,0.09723604,0,0,0,0.03712285
1731426975017,-7.345759,1.411141,-0.4984989,-0.9982349,0.03682698,-0.04659581,0,0,0,-7.469576,1.072025,-0.5844707,-0.8506652,0.02986624,-0.5248591,0,0,0,-7.50649,1.095028,-0.440526,-0.9936265,0.05702113,0.09723604,0,0,0,0.03712285
1731426975035,-7.383262,1.415847,-0.5032482,-0.9987037,0.033224,-0.03856945,-2.812672,0.352934,-0.3561974,-7.512584,1.077421,-0.5891685,-0.8552691,0.03903276,-0.5167127,-3.225589,0.4047185,-0.352335,-7.548263,1.102549,-0.4435549,-0.9933164,0.06049144,0.09830457,-3.132963,0.5640328,-0.2271652,0.03712285
1731426975041,-7.383262,1.415847,-0.5032482,-0.9987037,0.033224,-0.03856945,0,0,0,-7.512584,1.077421,-0.5891685,-0.8552691,0.03903276,-0.5167127,0,0,0,-7.548263,1.102549,-0.4435549,-0.9933164,0.06049144,0.09830457,0,0,0,0.03712285
1731426975063,-7.421697,1.425245,-0.5078106,-0.9992658,0.02521439,-0.02885413,-2.882624,0.7049114,-0.3421783,-7.553712,1.083031,-0.5925074,-0.858568,0.0412007,-0.5110416,-3.084612,0.4207492,-0.250411,-7.587295,1.109956,-0.4454994,-0.9924814,0.06175226,0.1056769,-2.927399,0.5555391,-0.1458406,0.03712285
1731426975068,-7.421697,1.425245,-0.5078106,-0.9992658,0.02521439,-0.02885413,0,0,0,-7.553712,1.083031,-0.5925074,-0.858568,0.0412007,-0.5110416,0,0,0,-7.587295,1.109956,-0.4454994,-0.9924814,0.06175226,0.1056769,0,0,0,0.03712285
1731426975089,-7.45995,1.431565,-0.5116615,-0.9981382,0.05666035,-0.0225817,-2.869034,0.474,-0.2888203,-7.5954,1.091187,-0.5940113,-0.8702239,0.03256194,-0.4915797,-3.126597,0.6116331,-0.1127958,-7.626,1.118141,-0.4465599,-0.9909993,0.04940371,0.1244176,-2.902937,0.6138593,-0.07953644,0.03712285
1731426975095,-7.45995,1.431565,-0.5116615,-0.9981382,0.05666035,-0.0225817,0,0,0,-7.5954,1.091187,-0.5940113,-0.8702239,0.03256194,-0.4915797,0,0,0,-7.626,1.118141,-0.4465599,-0.9909993,0.04940371,0.1244176,0,0,0,0.03712285
1731426975117,-7.496764,1.436175,-0.5147343,-0.9982579,0.05500584,-0.02135694,-2.76103,0.3457099,-0.2304554,-7.633931,1.099415,-0.5945044,-0.883563,0.05675359,-0.4648609,-2.889848,0.6171137,-0.03697872,-7.662593,1.125114,-0.4472971,-0.9903417,0.03740716,0.1335078,-2.744436,0.522995,-0.05528927,0.03712285
1731426975125,-7.496764,1.436175,-0.5147343,-0.9982579,0.05500584,-0.02135694,0,0,0,-7.633931,1.099415,-0.5945044,-0.883563,0.05675359,-0.4648609,0,0,0,-7.662593,1.125114,-0.4472971,-0.9903417,0.03740716,0.1335078,0,0,0,0.03712285
1731426975146,-7.532542,1.441716,-0.5153179,-0.9992493,0.03308985,-0.02015448,-2.683353,0.4156083,-0.04377365,-7.674524,1.106514,-0.5938768,-0.8918622,0.103606,-0.440282,-3.044486,0.5324274,0.04706383,-7.697529,1.130247,-0.4471912,-0.9897313,0.05209383,0.1331109,-2.620196,0.3849506,0.007939339,0.03712285
1731426975152,-7.532542,1.441716,-0.5153179,-0.9992493,0.03308985,-0.02015448,0,0,0,-7.674524,1.106514,-0.5938768,-0.8918622,0.103606,-0.440282,0,0,0,-7.697529,1.130247,-0.4471912,-0.9897313,0.05209383,0.1331109,0,0,0,0.03712285
1731426975157,-7.532542,1.441716,-0.5153179,-0.9992493,0.03308985,-0.02015448,0,0,0,-7.674524,1.106514,-0.5938768,-0.8918622,0.103606,-0.440282,0,0,0,-7.697529,1.130247,-0.4471912,-0.9897313,0.05209383,0.1331109,0,0,0,0.03712285
1731426975173,-7.570769,1.448391,-0.5178137,-0.9991658,0.03390066,-0.02277374,-2.867031,0.5006254,-0.1871824,-7.715843,1.111026,-0.5942554,-0.8912283,0.115124,-0.4387017,-3.098917,0.3384322,-0.02839565,-7.731754,1.132948,-0.446703,-0.9899967,0.05182376,0.1312302,-2.56691,0.2025783,0.03662109,0.03712285
1731426975179,-7.570769,1.448391,-0.5178137,-0.9991658,0.03390066,-0.02277374,0,0,0,-7.715843,1.111026,-0.5942554,-0.8912283,0.115124,-0.4387017,0,0,0,-7.731754,1.132948,-0.446703,-0.9899967,0.05182376,0.1312302,0,0,0,0.03712285
1731426975201,-7.609015,1.452806,-0.519351,-0.9988955,0.0389488,-0.02629185,-2.868462,0.3311008,-0.1152992,-7.754294,1.115179,-0.5944977,-0.8885901,0.09705103,-0.4483188,-2.88384,0.3114402,-0.0181675,-7.764868,1.134408,-0.4438133,-0.9906188,0.02956701,0.1334179,-2.483511,0.1095146,0.2167225,0.03712285
1731426975227,-7.647355,1.455022,-0.5208082,-0.9987711,0.0408192,-0.02810788,-2.875471,0.1661718,-0.1092911,-7.790795,1.119344,-0.5955925,-0.8870493,0.07086285,-0.4562049,-2.73757,0.3123879,-0.08211136,-7.798355,1.134039,-0.4407625,-0.9906613,0.004389174,0.1362761,-2.511549,-0.02767146,0.2288103,0.03712285
1731426975233,-7.647355,1.455022,-0.5208082,-0.9987711,0.0408192,-0.02810788,0,0,0,-7.790795,1.119344,-0.5955925,-0.8870493,0.07086285,-0.4562049,0,0,0,-7.798355,1.134039,-0.4407625,-0.9906613,0.004389174,0.1362761,0,0,0,0.03712285
1731426975254,-7.685351,1.454317,-0.5224743,-0.9988061,0.04022339,-0.02772784,-2.849722,-0.0528574,-0.1249552,-7.828336,1.121433,-0.5963869,-0.8858892,0.06843953,-0.4588217,-2.815533,0.1567215,-0.0595808,-7.83617,1.130121,-0.4390507,-0.9881651,0.000998307,0.1533917,-2.836132,-0.2938092,0.1283884,0.03712285
1731426975259,-7.685351,1.454317,-0.5224743,-0.9988061,0.04022339,-0.02772784,0,0,0,-7.828336,1.121433,-0.5963869,-0.8858892,0.06843953,-0.4588217,0,0,0,-7.83617,1.130121,-0.4390507,-0.9881651,0.000998307,0.1533917,0,0,0,0.03712285
1731426975264,-7.685351,1.454317,-0.5224743,-0.9988061,0.04022339,-0.02772784,0,0,0,-7.828336,1.121433,-0.5963869,-0.8858892,0.06843953,-0.4588217,0,0,0,-7.83617,1.130121,-0.4390507,-0.9881651,0.000998307,0.1533917,0,0,0,0.03712285
1731426975282,-7.723804,1.451604,-0.5239305,-0.9987302,0.04211998,-0.02764475,-2.883983,-0.2034277,-0.1092196,-7.865298,1.119862,-0.5953884,-0.8865318,0.0711764,-0.4571609,-2.772188,-0.1178741,0.07488728,-7.874496,1.124719,-0.4370403,-0.9845505,-0.005459039,0.1750164,-2.87447,-0.4052013,0.1507759,0.03712285
1731426975288,-7.723804,1.451604,-0.5239305,-0.9987302,0.04211998,-0.02764475,0,0,0,-7.865298,1.119862,-0.5953884,-0.8865318,0.0711764,-0.4571609,0,0,0,-7.874496,1.124719,-0.4370403,-0.9845505,-0.005459039,0.1750164,0,0,0,0.03712285
1731426975310,-7.76295,1.44668,-0.5251942,-0.998536,0.04734278,-0.02617431,-2.93591,-0.3693402,-0.09477139,-7.901522,1.115629,-0.5942612,-0.8908828,0.07144307,-0.4485806,-2.716756,-0.3174841,0.08454323,-7.911975,1.11835,-0.4361792,-0.9816595,-0.0152822,0.1900302,-2.810884,-0.4776746,0.06458759,0.03712285
1731426975315,-7.76295,1.44668,-0.5251942,-0.998536,0.04734278,-0.02617431,0,0,0,-7.901522,1.115629,-0.5942612,-0.8908828,0.07144307,-0.4485806,0,0,0,-7.911975,1.11835,-0.4361792,-0.9816595,-0.0152822,0.1900302,0,0,0,0.03712285
1731426975339,-7.80264,1.438969,-0.526309,-0.9985639,0.04914415,-0.02134037,-2.976751,-0.5783468,-0.0836134,-7.938812,1.108065,-0.5930939,-0.898026,0.07611595,-0.4333081,-2.796793,-0.5672693,0.0875473,-7.951212,1.109689,-0.4369392,-0.9807461,-0.02370501,0.1938437,-2.942777,-0.6495327,-0.05700588,0.03712285
1731426975344,-7.80264,1.438969,-0.526309,-0.9985639,0.04914415,-0.02134037,0,0,0,-7.938812,1.108065,-0.5930939,-0.898026,0.07611595,-0.4333081,0,0,0,-7.951212,1.109689,-0.4369392,-0.9807461,-0.02370501,0.1938437,0,0,0,0.03712285
1731426975367,-7.842059,1.430888,-0.5269451,-0.9990793,0.03965361,-0.01639581,-2.956438,-0.6060272,-0.04770756,-7.977894,1.098755,-0.5920906,-0.8987921,0.0782879,-0.4313288,-2.931118,-0.6982684,0.0752449,-7.991345,1.100376,-0.4382486,-0.9804316,-0.01925171,0.1959178,-3.010011,-0.698474,-0.09820461,0.03712285
1731426975372,-7.842059,1.430888,-0.5269451,-0.9990793,0.03965361,-0.01639581,0,0,0,-7.977894,1.098755,-0.5920906,-0.8987921,0.0782879,-0.4313288,0,0,0,-7.991345,1.100376,-0.4382486,-0.9804316,-0.01925171,0.1959178,0,0,0,0.03712285
1731426975396,-7.881352,1.421993,-0.5275679,-0.99896,0.04284922,-0.01560163,-2.946997,-0.6671548,-0.0467062,-8.020738,1.088088,-0.590827,-0.8941502,0.06613337,-0.442857,-3.213286,-0.8000404,0.09477139,-8.032784,1.092477,-0.4384422,-0.9782615,-0.001820119,0.207368,-3.107858,-0.5924195,-0.01451969,0.03712285
1731426975401,-7.881352,1.421993,-0.5275679,-0.99896,0.04284922,-0.01560163,0,0,0,-8.020738,1.088088,-0.590827,-0.8941502,0.06613337,-0.442857,0,0,0,-8.032784,1.092477,-0.4384422,-0.9782615,-0.001820119,0.207368,0,0,0,0.03712285
1731426975424,-7.921228,1.41411,-0.527914,-0.9988111,0.04511718,-0.01846182,-2.990699,-0.5912483,-0.02596378,-8.062743,1.079609,-0.5895987,-0.8919535,0.05469015,-0.4488076,-3.150415,-0.6358892,0.09212494,-8.074036,1.087092,-0.4381676,-0.9773759,0.02213195,0.2103489,-3.09391,-0.403896,0.02059937,0.03712285
1731426975429,-7.921228,1.41411,-0.527914,-0.9988111,0.04511718,-0.01846182,0,0,0,-8.062743,1.079609,-0.5895987,-0.8919535,0.05469015,-0.4488076,0,0,0,-8.074036,1.087092,-0.4381676,-0.9773759,0.02213195,0.2103489,0,0,0,0.03712285
1731426975452,-7.961741,1.407833,-0.5278978,-0.9991006,0.03543206,-0.02330196,-3.038478,-0.4707634,0.001215935,-8.104538,1.073649,-0.5882578,-0.8860647,0.05963907,-0.4597094,-3.134608,-0.447008,0.100565,-8.116948,1.083449,-0.436697,-0.980077,0.03095349,0.1961923,-3.218436,-0.2732724,0.1102924,0.03712285
1731426975458,-7.961741,1.407833,-0.5278978,-0.9991006,0.03543206,-0.02330196,0,0,0,-8.104538,1.073649,-0.5882578,-0.8860647,0.05963907,-0.4597094,0,0,0,-8.116948,1.083449,-0.436697,-0.980077,0.03095349,0.1961923,0,0,0,0.03712285
1731426975481,-8.002957,1.404466,-0.5277042,-0.999082,0.02999466,-0.0305928,-3.091192,-0.2524763,0.01451969,-8.146254,1.070592,-0.5887012,-0.8799652,0.0512133,-0.4722703,-3.128672,-0.2292573,-0.03325939,-8.160012,1.081896,-0.4363651,-0.9808964,0.02697269,0.1926527,-3.229809,-0.1164079,0.0248909,0.03712285
1731426975486,-8.002957,1.404466,-0.5277042,-0.999082,0.02999466,-0.0305928,0,0,0,-8.146254,1.070592,-0.5887012,-0.8799652,0.0512133,-0.4722703,0,0,0,-8.160012,1.081896,-0.4363651,-0.9808964,0.02697269,0.1926527,0,0,0,0.03712285
1731426975509,-8.042295,1.402026,-0.5275459,-0.998059,0.0490502,-0.03837109,-2.950287,-0.183025,0.01187325,-8.187121,1.072121,-0.5896301,-0.870665,0.05427535,-0.4888728,-3.065085,0.1146644,-0.06966591,-8.203896,1.083553,-0.4366169,-0.9815109,0.02414235,0.1898786,-3.291249,0.124222,-0.01888275,0.03712285
1731426975514,-8.042295,1.402026,-0.5275459,-0.998059,0.0490502,-0.03837109,0,0,0,-8.187121,1.072121,-0.5896301,-0.870665,0.05427535,-0.4888728,0,0,0,-8.203896,1.083553,-0.4366169,-0.9815109,0.02414235,0.1898786,0,0,0,0.03712285
1731426975519,-8.042295,1.402026,-0.5275459,-0.998059,0.0490502,-0.03837109,0,0,0,-8.187121,1.072121,-0.5896301,-0.870665,0.05427535,-0.4888728,0,0,0,-8.203896,1.083553,-0.4366169,-0.9815109,0.02414235,0.1898786,0,0,0,0.03712285
1731426975537,-8.081878,1.404279,-0.5280294,-0.9970487,0.05657269,-0.05190527,-2.96874,0.1689434,-0.03626347,-8.229667,1.07748,-0.5931358,-0.8591146,0.07389201,-0.5064213,-3.190899,0.401929,-0.262928,-8.249524,1.0861,-0.4413042,-0.9906012,0.02795302,0.1338964,-3.422141,0.1910448,-0.3515482,0.03712285
1731426975543,-8.081878,1.404279,-0.5280294,-0.9970487,0.05657269,-0.05190527,0,0,0,-8.229667,1.07748,-0.5931358,-0.8591146,0.07389201,-0.5064213,0,0,0,-8.249524,1.0861,-0.4413042,-0.9906012,0.02795302,0.1338964,0,0,0,0.03712285
1731426975564,-8.122693,1.409909,-0.5285578,-0.9956554,0.06263099,-0.06890583,-3.061152,0.4222602,-0.03962517,-8.270248,1.082783,-0.5960646,-0.8375079,0.09569185,-0.5379815,-3.043628,0.3976911,-0.219655,-8.294068,1.089356,-0.4468927,-0.9954856,0.03177638,0.08943743,-3.340816,0.2441704,-0.4191399,0.03712285
1731426975570,-8.122693,1.409909,-0.5285578,-0.9956554,0.06263099,-0.06890583,0,0,0,-8.270248,1.082783,-0.5960646,-0.8375079,0.09569185,-0.5379815,0,0,0,-8.294068,1.089356,-0.4468927,-0.9954856,0.03177638,0.08943743,0,0,0,0.03712285
1731426975591,-8.164136,1.413146,-0.5280466,-0.9937598,0.07447579,-0.08303702,-3.108215,0.2427667,0.03833771,-8.309782,1.086609,-0.5990486,-0.8239036,0.07711935,-0.5614589,-2.965021,0.2869785,-0.2238035,-8.337707,1.094422,-0.453989,-0.996874,0.04501761,0.0649305,-3.272867,0.3799796,-0.5322218,0.03712285
1731426975597,-8.164136,1.413146,-0.5280466,-0.9937598,0.07447579,-0.08303702,0,0,0,-8.309782,1.086609,-0.5990486,-0.8239036,0.07711935,-0.5614589,0,0,0,-8.337707,1.094422,-0.453989,-0.996874,0.04501761,0.0649305,0,0,0,0.03712285
1731426975620,-8.204049,1.419454,-0.5290937,-0.9950871,0.04944226,-0.0857749,-2.993488,0.473088,-0.07853508,-8.345934,1.089428,-0.6020851,-0.8265423,0.05418438,-0.5602608,-2.711391,0.2113938,-0.2277374,-8.379447,1.10012,-0.4611006,-0.9975203,0.0594231,0.03772092,-3.130531,0.4273295,-0.5333662,0.03712285
1731426975626,-8.204049,1.419454,-0.5290937,-0.9950871,0.04944226,-0.0857749,0,0,0,-8.345934,1.089428,-0.6020851,-0.8265423,0.05418438,-0.5602608,0,0,0,-8.379447,1.10012,-0.4611006,-0.9975203,0.0594231,0.03772092,0,0,0,0.03712285
1731426975648,-8.244899,1.427889,-0.5307274,-0.9950708,0.04223067,-0.08972871,-3.063726,0.6326795,-0.1225233,-8.381517,1.091292,-0.6045313,-0.8316389,0.0458487,-0.5534214,-2.668762,0.1397878,-0.1834631,-8.421278,1.107055,-0.4682579,-0.9985583,0.04938537,0.02104026,-3.137326,0.5201429,-0.5367994,0.03712285
1731426975653,-8.244899,1.427889,-0.5307274,-0.9950708,0.04223067,-0.08972871,0,0,0,-8.381517,1.091292,-0.6045313,-0.8316389,0.0458487,-0.5534214,0,0,0,-8.421278,1.107055,-0.4682579,-0.9985583,0.04938537,0.02104026,0,0,0,0.03712285
1731426975676,-8.284307,1.433691,-0.5318298,-0.9952312,0.03794744,-0.08986223,-2.95558,0.4351258,-0.08268356,-8.417138,1.092272,-0.6077824,-0.8286442,0.008441513,-0.5597126,-2.671552,0.07350147,-0.2438307,-8.460698,1.11352,-0.473506,-0.9988137,0.0431613,0.02255023,-2.95651,0.4848719,-0.3936052,0.03712285
1731426975681,-8.284307,1.433691,-0.5318298,-0.9952312,0.03794744,-0.08986223,0,0,0,-8.417138,1.092272,-0.6077824,-0.8286442,0.008441513,-0.5597126,0,0,0,-8.460698,1.11352,-0.473506,-0.9988137,0.0431613,0.02255023,0,0,0,0.03712285
1731426975704,-8.323562,1.437201,-0.5329933,-0.9953896,0.0426411,-0.08591831,-2.944136,0.263232,-0.0872612,-8.452004,1.094162,-0.6111336,-0.8284686,-0.02713763,-0.559378,-2.614975,0.1418173,-0.2513409,-8.499458,1.11864,-0.478713,-0.9984118,0.04961874,0.02668655,-2.907014,0.3840297,-0.3905296,0.03712285
1731426975709,-8.323562,1.437201,-0.5329933,-0.9953896,0.0426411,-0.08591831,0,0,0,-8.452004,1.094162,-0.6111336,-0.8284686,-0.02713763,-0.559378,0,0,0,-8.499458,1.11864,-0.478713,-0.9984118,0.04961874,0.02668655,0,0,0,0.03712285
1731426975732,-8.363117,1.437957,-0.5337763,-0.9956653,0.04464656,-0.08159697,-2.966666,0.05673766,-0.0587225,-8.48706,1.095011,-0.6135178,-0.8320821,-0.01675597,-0.5544002,-2.629137,0.06363988,-0.1788139,-8.537595,1.119808,-0.482934,-0.9988903,0.03947331,0.02570444,-2.860236,0.08760095,-0.3165722,0.03712285
1731426975737,-8.363117,1.437957,-0.5337763,-0.9956653,0.04464656,-0.08159697,0,0,0,-8.48706,1.095011,-0.6135178,-0.8320821,-0.01675597,-0.5544002,0,0,0,-8.537595,1.119808,-0.482934,-0.9988903,0.03947331,0.02570444,0,0,0,0.03712285
1731426975760,-8.401658,1.436618,-0.5352421,-0.9955655,0.04707716,-0.08144677,-2.890563,-0.1004577,-0.1099348,-8.524166,1.092996,-0.6158066,-0.8273138,-0.006153634,-0.5617069,-2.782989,-0.1511246,-0.1716614,-8.575162,1.117576,-0.4873877,-0.9992993,0.0315498,0.02015448,-2.817535,-0.1674414,-0.3340244,0.03712285
1731426975765,-8.401658,1.436618,-0.5352421,-0.9955655,0.04707716,-0.08144677,0,0,0,-8.524166,1.092996,-0.6158066,-0.8273138,-0.006153634,-0.5617069,0,0,0,-8.575162,1.117576,-0.4873877,-0.9992993,0.0315498,0.02015448,0,0,0,0.03712285
1731426975788,-8.440293,1.433283,-0.5369415,-0.9949019,0.06016578,-0.08093596,-2.897644,-0.2500802,-0.1274586,-8.562501,1.088998,-0.6186705,-0.8279517,-0.0123376,-0.5606643,-2.875113,-0.299871,-0.2147913,-8.612937,1.113166,-0.4920654,-0.999738,0.0227622,0.002504885,-2.833128,-0.3307164,-0.3508329,0.03712285
1731426975793,-8.440293,1.433283,-0.5369415,-0.9949019,0.06016578,-0.08093596,0,0,0,-8.562501,1.088998,-0.6186705,-0.8279517,-0.0123376,-0.5606643,0,0,0,-8.612937,1.113166,-0.4920654,-0.999738,0.0227622,0.002504885,0,0,0,0.03712285
1731426975816,-8.479136,1.427485,-0.5389643,-0.9941562,0.07165118,-0.08074689,-2.913237,-0.4348487,-0.1517057,-8.6022,1.082759,-0.621501,-0.8285832,-0.003748868,-0.5598537,-2.977395,-0.4679024,-0.2122879,-8.651254,1.106233,-0.4969902,-0.9991331,0.04128814,-0.005374432,-2.873755,-0.5199641,-0.3693581,0.03712285
1731426975821,-8.479136,1.427485,-0.5389643,-0.9941562,0.07165118,-0.08074689,0,0,0,-8.6022,1.082759,-0.621501,-0.8285832,-0.003748868,-0.5598537,0,0,0,-8.651254,1.106233,-0.4969902,-0.9991331,0.04128814,-0.005374432,0,0,0,0.03712285
1731426975844,-8.517755,1.420334,-0.5407267,-0.9939637,0.07400709,-0.08099198,-2.896357,-0.5363524,-0.1321793,-8.641874,1.07533,-0.6250153,-0.8261874,0.005048027,-0.5633734,-2.975607,-0.5571395,-0.2635717,-8.689305,1.098713,-0.5016832,-0.997282,0.07364716,-0.002273917,-2.85387,-0.5640596,-0.3519773,0.03712285
1731426975849,-8.517755,1.420334,-0.5407267,-0.9939637,0.07400709,-0.08099198,0,0,0,-8.641874,1.07533,-0.6250153,-0.8261874,0.005048027,-0.5633734,0,0,0,-8.689305,1.098713,-0.5016832,-0.997282,0.07364716,-0.002273917,0,0,0,0.03712285
1731426975854,-8.517755,1.420334,-0.5407267,-0.9939637,0.07400709,-0.08099198,0,0,0,-8.641874,1.07533,-0.6250153,-0.8261874,0.005048027,-0.5633734,0,0,0,-8.689305,1.098713,-0.5016832,-0.997282,0.07364716,-0.002273917,0,0,0,0.03712285
1731426975871,-8.556674,1.412337,-0.5427036,-0.9940396,0.07612675,-0.07804036,-2.918959,-0.5997419,-0.1482725,-8.683632,1.06674,-0.6305351,-0.8211657,0.01074863,-0.5705891,-3.131819,-0.6442845,-0.41399,-8.73169,1.089605,-0.5052614,-0.9973322,0.07268986,0.006701112,-3.178883,-0.6830603,-0.268364,0.03712285
1731426975877,-8.556674,1.412337,-0.5427036,-0.9940396,0.07612675,-0.07804036,0,0,0,-8.683632,1.06674,-0.6305351,-0.8211657,0.01074863,-0.5705891,0,0,0,-8.73169,1.089605,-0.5052614,-0.9973322,0.07268986,0.006701112,0,0,0,0.03712285
1731426975899,-8.594937,1.40437,-0.5460205,-0.9943713,0.07569638,-0.07413602,-2.869749,-0.5975783,-0.2487659,-8.722869,1.060269,-0.6358175,-0.8172473,0.01396279,-0.5761186,-2.942777,-0.4853457,-0.3961802,-8.772346,1.083283,-0.5078468,-0.9981657,0.05988456,0.008907855,-3.049135,-0.4741788,-0.1939058,0.03712285
1731426975905,-8.594937,1.40437,-0.5460205,-0.9943713,0.07569638,-0.07413602,0,0,0,-8.722869,1.060269,-0.6358175,-0.8172473,0.01396279,-0.5761186,0,0,0,-8.772346,1.083283,-0.5078468,-0.9981657,0.05988456,0.008907855,0,0,0,0.03712285
1731426975925,-8.633031,1.401573,-0.5499964,-0.9953263,0.06651096,-0.07001507,-2.857018,-0.2097398,-0.2981901,-8.763723,1.058788,-0.6415663,-0.8197441,0.01797195,-0.5724479,-3.064084,-0.1110345,-0.4311562,-8.81319,1.082702,-0.5097647,-0.9982098,0.05648264,0.01968169,-3.063369,-0.04357696,-0.1438379,0.0407877
1731426975930,-8.633031,1.401573,-0.5499964,-0.9953263,0.06651096,-0.07001507,0,0,0,-8.763723,1.058788,-0.6415663,-0.8197441,0.01797195,-0.5724479,0,0,0,-8.81319,1.082702,-0.5097647,-0.9982098,0.05648264,0.01968169,0,0,0,0.0407877
1731426975953,-8.672359,1.40178,-0.5546083,-0.9956061,0.06566893,-0.06675899,-2.949572,0.01548529,-0.3458977,-8.804942,1.05992,-0.6471748,-0.8172089,0.02193923,-0.5759243,-3.091407,0.08485615,-0.4206419,-8.85403,1.085881,-0.5102491,-0.9977508,0.05777445,0.03400016,-3.06294,0.2384216,-0.03633499,0.04531419
1731426975959,-8.672359,1.40178,-0.5546083,-0.9956061,0.06566893,-0.06675899,0,0,0,-8.804942,1.05992,-0.6471748,-0.8172089,0.02193923,-0.5759243,0,0,0,-8.85403,1.085881,-0.5102491,-0.9977508,0.05777445,0.03400016,0,0,0,0.04531419
1731426975981,-8.712037,1.401952,-0.5593767,-0.9956973,0.06957397,-0.06121087,-2.975893,0.01295507,-0.3576279,-8.847066,1.062631,-0.6530943,-0.8177041,0.01716072,-0.5753834,-3.159285,0.2033293,-0.4439592,-8.894122,1.091169,-0.5107975,-0.9964041,0.07354692,0.04207385,-3.006935,0.396663,-0.0411272,0.04782152
1731426975986,-8.712037,1.401952,-0.5593767,-0.9956973,0.06957397,-0.06121087,0,0,0,-8.847066,1.062631,-0.6530943,-0.8177041,0.01716072,-0.5753834,0,0,0,-8.894122,1.091169,-0.5107975,-0.9964041,0.07354692,0.04207385,0,0,0,0.04782152
1731426976009,-8.753406,1.408063,-0.5643892,-0.9967735,0.05525077,-0.05822289,-3.102636,0.4583269,-0.3759384,-8.889779,1.064211,-0.6576262,-0.822884,0.01981789,-0.5678639,-3.203487,0.1185179,-0.3398895,-8.934783,1.094539,-0.5117044,-0.9956393,0.08134874,0.04566264,-3.049564,0.2527446,-0.06802082,0.04782152
1731426976015,-8.753406,1.408063,-0.5643892,-0.9967735,0.05525077,-0.05822289,0,0,0,-8.889779,1.064211,-0.6576262,-0.822884,0.01981789,-0.5678639,0,0,0,-8.934783,1.094539,-0.5117044,-0.9956393,0.08134874,0.04566264,0,0,0,0.04782152
1731426976037,-8.794583,1.416383,-0.5691462,-0.9959891,0.0710115,-0.05443633,-3.088331,0.6239802,-0.3567696,-8.935584,1.067608,-0.6595821,-0.8241699,0.009517187,-0.5662634,-3.435373,0.2547562,-0.146699,-8.976542,1.099324,-0.5121136,-0.9953408,0.05214696,0.08110189,-3.13189,0.3588527,-0.03068447,0.04782152
1731426976043,-8.794583,1.416383,-0.5691462,-0.9959891,0.0710115,-0.05443633,0,0,0,-8.935584,1.067608,-0.6595821,-0.8241699,0.009517187,-0.5662634,0,0,0,-8.976542,1.099324,-0.5121136,-0.9953408,0.05214696,0.08110189,0,0,0,0.04782152
1731426976065,-8.832536,1.420547,-0.5721064,-0.9948641,0.08628625,-0.05291855,-2.846432,0.3122896,-0.2220154,-8.977454,1.073298,-0.6615133,-0.8260025,-0.02262526,-0.563213,-3.140259,0.4267573,-0.1448393,-9.013741,1.105609,-0.5118046,-0.9936723,0.02298458,0.1099421,-2.789927,0.4713714,0.02317429,0.04782152
1731426976071,-8.832536,1.420547,-0.5721064,-0.9948641,0.08628625,-0.05291855,0,0,0,-8.977454,1.073298,-0.6615133,-0.8260025,-0.02262526,-0.563213,0,0,0,-9.013741,1.105609,-0.5118046,-0.9936723,0.02298458,0.1099421,0,0,0,0.04782152
1731426976093,-8.870313,1.425306,-0.5747366,-0.9964851,0.06425423,-0.0537498,-2.833271,0.3569216,-0.1972675,-9.016085,1.082561,-0.6603718,-0.842223,0.01532283,-0.5389118,-2.897286,0.69471,0.08561611,-9.046992,1.112393,-0.5116043,-0.9964691,0.01987648,0.08157414,-2.493882,0.5087614,0.01502037,0.04782152
1731426976099,-8.870313,1.425306,-0.5747366,-0.9964851,0.06425423,-0.0537498,0,0,0,-9.016085,1.082561,-0.6603718,-0.842223,0.01532283,-0.5389118,0,0,0,-9.046992,1.112393,-0.5116043,-0.9964691,0.01987648,0.08157414,0,0,0,0.04782152
1731426976121,-8.909034,1.432076,-0.5770931,-0.9970126,0.05651806,-0.05265057,-2.904081,0.5077243,-0.1767397,-9.054976,1.090603,-0.6579084,-0.8538063,0.07172671,-0.5156265,-2.916884,0.6031573,0.1847506,-9.07975,1.117143,-0.5118694,-0.9974093,0.04162605,0.0586732,-2.456832,0.3562778,-0.01988411,0.04782152
1731426976126,-8.909034,1.432076,-0.5770931,-0.9970126,0.05651806,-0.05265057,0,0,0,-9.054976,1.090603,-0.6579084,-0.8538063,0.07172671,-0.5156265,0,0,0,-9.07975,1.117143,-0.5118694,-0.9974093,0.04162605,0.0586732,0,0,0,0.04782152
1731426976149,-8.947316,1.437977,-0.5792084,-0.99669,0.06070252,-0.05408192,-2.87118,0.4426181,-0.1586437,-9.094477,1.096618,-0.65695,-0.8612009,0.07955542,-0.5020006,-2.962518,0.4511207,0.0718832,-9.114657,1.11759,-0.5122242,-0.9968929,0.04653308,0.0635578,-2.618051,0.03355443,-0.02660751,0.04782152
1731426976155,-8.947316,1.437977,-0.5792084,-0.99669,0.06070252,-0.05408192,0,0,0,-9.094477,1.096618,-0.65695,-0.8612009,0.07955542,-0.5020006,0,0,0,-9.114657,1.11759,-0.5122242,-0.9968929,0.04653308,0.0635578,0,0,0,0.04782152
1731426976160,-8.947316,1.437977,-0.5792084,-0.99669,0.06070252,-0.05408192,0,0,0,-9.094477,1.096618,-0.65695,-0.8612009,0.07955542,-0.5020006,0,0,0,-9.114657,1.11759,-0.5122242,-0.9968929,0.04653308,0.0635578,0,0,0,0.04782152
1731426976176,-8.985038,1.442007,-0.5813408,-0.9963696,0.06403794,-0.0560962,-2.829123,0.3022581,-0.1599312,-9.133026,1.102718,-0.6567907,-0.8638775,0.05362609,-0.5008394,-2.891207,0.4575402,0.01194477,-9.151884,1.115711,-0.5104065,-0.9970263,0.00449506,0.07693374,-2.792001,-0.1409233,0.1363277,0.04782152
1731426976182,-8.985038,1.442007,-0.5813408,-0.9963696,0.06403794,-0.0560962,0,0,0,-9.133026,1.102718,-0.6567907,-0.8638775,0.05362609,-0.5008394,0,0,0,-9.151884,1.115711,-0.5104065,-0.9970263,0.00449506,0.07693374,0,0,0,0.04782152
1731426976204,-9.022978,1.444423,-0.5834608,-0.995967,0.0679538,-0.05858636,-2.845502,0.1812011,-0.1590014,-9.169536,1.10772,-0.6573687,-0.8636132,0.05958613,-0.5006216,-2.738214,0.3751695,-0.0433445,-9.188987,1.112192,-0.5102806,-0.9958981,-0.02565212,0.08677167,-2.782702,-0.2639741,0.009441376,0.04782152
1731426976210,-9.022978,1.444423,-0.5834608,-0.995967,0.0679538,-0.05858636,0,0,0,-9.169536,1.10772,-0.6573687,-0.8636132,0.05958613,-0.5006216,0,0,0,-9.188987,1.112192,-0.5102806,-0.9958981,-0.02565212,0.08677167,0,0,0,0.04782152
1731426976230,-9.060966,1.444139,-0.5849581,-0.9956362,0.07153478,-0.05993283,-2.849078,-0.02132356,-0.1122952,-9.205267,1.110272,-0.6574631,-0.8653679,0.06123216,-0.4973829,-2.679849,0.1913309,-0.007081032,-9.227249,1.10724,-0.5103502,-0.9921168,-0.03724298,0.1196554,-2.869678,-0.3713429,-0.005221367,0.04782152
1731426976236,-9.060966,1.444139,-0.5849581,-0.9956362,0.07153478,-0.05993283,0,0,0,-9.205267,1.110272,-0.6574631,-0.8653679,0.06123216,-0.4973829,0,0,0,-9.227249,1.10724,-0.5103502,-0.9921168,-0.03724298,0.1196554,0,0,0,0.04782152
1731426976258,-9.098706,1.441661,-0.5866337,-0.9955328,0.07257545,-0.06039631,-2.830553,-0.1858413,-0.1256704,-9.241121,1.109566,-0.6574917,-0.8696616,0.055,-0.490575,-2.689075,-0.05292892,-0.002145767,-9.265131,1.101511,-0.5116777,-0.9890206,-0.04523482,0.1406859,-2.841139,-0.4296899,-0.0995636,0.04782152
1731426976264,-9.098706,1.441661,-0.5866337,-0.9955328,0.07257545,-0.06039631,0,0,0,-9.241121,1.109566,-0.6574917,-0.8696616,0.055,-0.490575,0,0,0,-9.265131,1.101511,-0.5116777,-0.9890206,-0.04523482,0.1406859,0,0,0,0.04782152
1731426976286,-9.13672,1.43739,-0.587924,-0.9957359,0.07195984,-0.0577246,-2.851009,-0.3203452,-0.0967741,-9.276266,1.106492,-0.6577368,-0.8770568,0.06458362,-0.4760263,-2.63586,-0.2305448,-0.01838207,-9.303264,1.095294,-0.5135889,-0.9897024,-0.04894552,0.1345137,-2.85995,-0.466302,-0.1433372,0.04782152
1731426976292,-9.13672,1.43739,-0.587924,-0.9957359,0.07195984,-0.0577246,0,0,0,-9.276266,1.106492,-0.6577368,-0.8770568,0.06458362,-0.4760263,0,0,0,-9.303264,1.095294,-0.5135889,-0.9897024,-0.04894552,0.1345137,0,0,0,0.04782152
1731426976314,-9.175102,1.430991,-0.5886812,-0.9959362,0.07277779,-0.05305588,-2.87869,-0.479883,-0.05679131,-9.313115,1.099901,-0.657198,-0.8844308,0.06902865,-0.4615383,-2.763677,-0.4943043,0.04041195,-9.343827,1.087666,-0.5144787,-0.988887,-0.05614948,0.13766,-3.042269,-0.5720794,-0.06673336,0.04782152
1731426976320,-9.175102,1.430991,-0.5886812,-0.9959362,0.07277779,-0.05305588,0,0,0,-9.313115,1.099901,-0.657198,-0.8844308,0.06902865,-0.4615383,0,0,0,-9.343827,1.087666,-0.5144787,-0.988887,-0.05614948,0.13766,0,0,0,0.04782152
1731426976342,-9.213318,1.423097,-0.5888424,-0.9962997,0.07265361,-0.04591882,-2.866173,-0.5921066,-0.01208782,-9.350651,1.091695,-0.6572933,-0.8880947,0.06117652,-0.4555718,-2.815175,-0.6154865,-0.007152557,-9.383389,1.080991,-0.5160789,-0.9876283,-0.04289623,0.1508334,-2.967167,-0.5006343,-0.1200199,0.04782152
1731426976349,-9.213318,1.423097,-0.5888424,-0.9962997,0.07265361,-0.04591882,0,0,0,-9.350651,1.091695,-0.6572933,-0.8880947,0.06117652,-0.4555718,0,0,0,-9.383389,1.080991,-0.5160789,-0.9876283,-0.04289623,0.1508334,0,0,0,0.04782152
1731426976370,-9.251761,1.414352,-0.5887661,-0.9966084,0.07322764,-0.03754485,-2.883267,-0.6558537,0.005722046,-9.3901,1.081939,-0.6572599,-0.8888753,0.0540387,-0.4549515,-2.958655,-0.7316798,0.002503395,-9.423932,1.07552,-0.5168962,-0.9875967,-0.01487209,0.1563077,-3.040695,-0.4103422,-0.06129742,0.04782152
1731426976376,-9.251761,1.414352,-0.5887661,-0.9966084,0.07322764,-0.03754485,0,0,0,-9.3901,1.081939,-0.6572599,-0.8888753,0.0540387,-0.4549515,0,0,0,-9.423932,1.07552,-0.5168962,-0.9875967,-0.01487209,0.1563077,0,0,0,0.04782152
1731426976398,-9.290828,1.407027,-0.5881987,-0.9973383,0.06691397,-0.02896619,-2.929974,-0.5493879,0.04255772,-9.430373,1.072408,-0.6568451,-0.8889899,0.05683715,-0.4543866,-3.020525,-0.7148445,0.03111362,-9.464622,1.071357,-0.5161982,-0.9877489,0.01537271,0.1552936,-3.051782,-0.3121823,0.05235672,0.04782152
1731426976404,-9.290828,1.407027,-0.5881987,-0.9973383,0.06691397,-0.02896619,0,0,0,-9.430373,1.072408,-0.6568451,-0.8889899,0.05683715,-0.4543866,0,0,0,-9.464622,1.071357,-0.5161982,-0.9877489,0.01537271,0.1552936,0,0,0,0.04782152
1731426976426,-9.329942,1.401557,-0.5880594,-0.9977697,0.0629514,-0.02219963,-2.93355,-0.4102439,0.01044273,-9.471244,1.064752,-0.6569042,-0.8796602,0.05160593,-0.4727955,-3.0653,-0.5741537,-0.004434586,-9.505599,1.06902,-0.5144453,-0.9871635,0.02436251,0.1578447,-3.073239,-0.1752734,0.131464,0.04876804
1731426976432,-9.329942,1.401557,-0.5880594,-0.9977697,0.0629514,-0.02219963,0,0,0,-9.471244,1.064752,-0.6569042,-0.8796602,0.05160593,-0.4727955,0,0,0,-9.505599,1.06902,-0.5144453,-0.9871635,0.02436251,0.1578447,0,0,0,0.04876804
1731426976454,-9.369273,1.402256,-0.5878325,-0.9977301,0.06381688,-0.02150655,-2.949858,0.05243719,0.01702309,-9.512842,1.063468,-0.6575756,-0.8721181,0.03370281,-0.4881334,-3.119874,-0.09630919,-0.050354,-9.546985,1.071552,-0.5119476,-0.9862813,0.01834968,0.1640506,-3.103924,0.1898378,0.1873255,0.05280614
1731426976460,-9.369273,1.402256,-0.5878325,-0.9977301,0.06381688,-0.02150655,0,0,0,-9.512842,1.063468,-0.6575756,-0.8721181,0.03370281,-0.4881334,0,0,0,-9.546985,1.071552,-0.5119476,-0.9862813,0.01834968,0.1640506,0,0,0,0.05280614
1731426976482,-9.409669,1.405995,-0.5882912,-0.9986052,0.04560572,-0.02661395,-3.02968,0.2803981,-0.0344038,-9.554049,1.063658,-0.658371,-0.8659189,0.0231542,-0.4996489,-3.090549,0.01419783,-0.05965233,-9.589185,1.071713,-0.5107813,-0.987406,0.02125028,0.1567737,-3.165007,0.0121057,0.08747578,0.05280614
1731426976488,-9.409669,1.405995,-0.5882912,-0.9986052,0.04560572,-0.02661395,0,0,0,-9.554049,1.063658,-0.658371,-0.8659189,0.0231542,-0.4996489,0,0,0,-9.589185,1.071713,-0.5107813,-0.987406,0.02125028,0.1567737,0,0,0,0.05280614
1731426976510,-9.451245,1.411885,-0.5891447,-0.9969062,0.06970294,-0.03633165,-3.118229,0.4417688,-0.06401539,-9.595503,1.068767,-0.6607695,-0.851622,0.03124306,-0.5232251,-3.109002,0.3831983,-0.1798868,-9.635005,1.073578,-0.5122366,-0.9889405,0.007059813,0.1481459,-3.436518,0.139913,-0.109148,0.05280614
1731426976516,-9.451245,1.411885,-0.5891447,-0.9969062,0.06970294,-0.03633165,0,0,0,-9.595503,1.068767,-0.6607695,-0.851622,0.03124306,-0.5232251,0,0,0,-9.635005,1.073578,-0.5122366,-0.9889405,0.007059813,0.1481459,0,0,0,0.05280614
1731426976521,-9.451245,1.411885,-0.5891447,-0.9969062,0.06970294,-0.03633165,0,0,0,-9.595503,1.068767,-0.6607695,-0.851622,0.03124306,-0.5232251,0,0,0,-9.635005,1.073578,-0.5122366,-0.9889405,0.007059813,0.1481459,0,0,0,0.05280614
1731426976538,-9.491527,1.414797,-0.5901756,-0.9951214,0.0895509,-0.0414077,-3.021097,0.2184302,-0.07731915,-9.634723,1.076077,-0.6632175,-0.8416783,0.007319093,-0.5399301,-2.941489,0.5482435,-0.1836061,-9.678958,1.079376,-0.512701,-0.9867042,-0.0129074,0.1620136,-3.296471,0.4348129,-0.03483295,0.05280614
1731426976543,-9.491527,1.414797,-0.5901756,-0.9951214,0.0895509,-0.0414077,0,0,0,-9.634723,1.076077,-0.6632175,-0.8416783,0.007319093,-0.5399301,0,0,0,-9.678958,1.079376,-0.512701,-0.9867042,-0.0129074,0.1620136,0,0,0,0.05280614
1731426976565,-9.530434,1.41811,-0.5917253,-0.9963359,0.07622578,-0.03879261,-2.918029,0.2484173,-0.1162291,-9.670447,1.083675,-0.6659889,-0.8430871,0.01007702,-0.5376829,-2.679348,0.5698889,-0.2078533,-9.718544,1.087629,-0.5135307,-0.9892223,-0.006873472,0.1462607,-2.968955,0.6189734,-0.06222725,0.05280614
1731426976571,-9.530434,1.41811,-0.5917253,-0.9963359,0.07622578,-0.03879261,0,0,0,-9.670447,1.083675,-0.6659889,-0.8430871,0.01007702,-0.5376829,0,0,0,-9.718544,1.087629,-0.5135307,-0.9892223,-0.006873472,0.1462607,0,0,0,0.05280614
1731426976591,-9.570596,1.425296,-0.5943508,-0.9980369,0.04929752,-0.03863668,-3.012156,0.538972,-0.1969099,-9.705644,1.090905,-0.667881,-0.8453816,0.04726798,-0.5320684,-2.639723,0.5421996,-0.1419067,-9.759269,1.096906,-0.5158758,-0.9927142,0.03101239,0.1164345,-3.054357,0.6957918,-0.1758814,0.05280614
1731426976597,-9.570596,1.425296,-0.5943508,-0.9980369,0.04929752,-0.03863668,0,0,0,-9.705644,1.090905,-0.667881,-0.8453816,0.04726798,-0.5320684,0,0,0,-9.759269,1.096906,-0.5158758,-0.9927142,0.03101239,0.1164345,0,0,0,0.05280614
1731426976619,-9.61087,1.433119,-0.59725,-0.9980368,0.04758794,-0.04072523,-3.020597,0.5867064,-0.2174377,-9.742702,1.095648,-0.6691713,-0.8488331,0.04970418,-0.5263201,-2.779412,0.3557235,-0.0967741,-9.800724,1.105451,-0.5174685,-0.9890128,0.0513024,0.1386441,-3.109145,0.6408691,-0.1194477,0.05280614
1731426976625,-9.61087,1.433119,-0.59725,-0.9980368,0.04758794,-0.04072523,0,0,0,-9.742702,1.095648,-0.6691713,-0.8488331,0.04970418,-0.5263201,0,0,0,-9.800724,1.105451,-0.5174685,-0.9890128,0.0513024,0.1386441,0,0,0,0.05280614
1731426976647,-9.650076,1.438255,-0.5996265,-0.9981779,0.04316173,-0.042171,-2.940416,0.385201,-0.1782417,-9.779971,1.098667,-0.6720238,-0.8515901,0.002104398,-0.5242049,-2.795148,0.22645,-0.213933,-9.841915,1.112555,-0.5189934,-0.984026,0.03782985,0.1739603,-3.089333,0.5328119,-0.1143694,0.05280614
1731426976653,-9.650076,1.438255,-0.5996265,-0.9981779,0.04316173,-0.042171,0,0,0,-9.779971,1.098667,-0.6720238,-0.8515901,0.002104398,-0.5242049,0,0,0,-9.841915,1.112555,-0.5189934,-0.984026,0.03782985,0.1739603,0,0,0,0.05280614
1731426976676,-9.689327,1.440917,-0.6020889,-0.9980065,0.04580017,-0.04342878,-2.94385,0.1996636,-0.184679,-9.815689,1.102245,-0.676259,-0.8563828,-0.01280637,-0.5161835,-2.678847,0.2683908,-0.3176451,-9.882611,1.118337,-0.5218077,-0.9848225,0.01671241,0.1727583,-3.052211,0.4336327,-0.211072,0.05280614
1731426976680,-9.689327,1.440917,-0.6020889,-0.9980065,0.04580017,-0.04342878,0,0,0,-9.815689,1.102245,-0.676259,-0.8563828,-0.01280637,-0.5161835,0,0,0,-9.882611,1.118337,-0.5218077,-0.9848225,0.01671241,0.1727583,0,0,0,0.05280614
1731426976703,-9.727934,1.44143,-0.6044474,-0.9976903,0.05107708,-0.04478097,-2.895498,0.03849864,-0.1768827,-9.85143,1.103554,-0.6800594,-0.8547132,0.01084266,-0.5189877,-2.680564,0.09811521,-0.2850294,-9.921178,1.121259,-0.5246954,-0.985737,0.0140078,0.1677098,-2.892494,0.2191722,-0.2165794,0.05280614
1731426976708,-9.727934,1.44143,-0.6044474,-0.9976903,0.05107708,-0.04478097,0,0,0,-9.85143,1.103554,-0.6800594,-0.8547132,0.01084266,-0.5189877,0,0,0,-9.921178,1.121259,-0.5246954,-0.985737,0.0140078,0.1677098,0,0,0,0.05280614
1731426976732,-9.766907,1.437996,-0.6067924,-0.9971923,0.05947481,-0.04550612,-2.922964,-0.2575457,-0.1758814,-9.890548,1.100764,-0.6832266,-0.8526093,0.02139048,-0.5221115,-2.933836,-0.2091944,-0.2375364,-9.9594,1.122365,-0.529294,-0.9870757,0.0387282,0.1555051,-2.866673,0.08294284,-0.3448963,0.05280614
1731426976737,-9.766907,1.437996,-0.6067924,-0.9971923,0.05947481,-0.04550612,0,0,0,-9.890548,1.100764,-0.6832266,-0.8526093,0.02139048,-0.5221115,0,0,0,-9.9594,1.122365,-0.529294,-0.9870757,0.0387282,0.1555051,0,0,0,0.05280614
1731426976760,-9.805464,1.432306,-0.6097012,-0.9973386,0.0564524,-0.04614365,-2.891779,-0.4267663,-0.218153,-9.931503,1.095181,-0.6863413,-0.8551252,0.0172825,-0.5181341,-3.071666,-0.4187733,-0.2336025,-9.997752,1.120944,-0.5345564,-0.9892023,0.07285903,0.1271644,-2.876401,-0.1065731,-0.3946781,0.05280614
1731426976764,-9.805464,1.432306,-0.6097012,-0.9973386,0.0564524,-0.04614365,0,0,0,-9.931503,1.095181,-0.6863413,-0.8551252,0.0172825,-0.5181341,0,0,0,-9.997752,1.120944,-0.5345564,-0.9892023,0.07285903,0.1271644,0,0,0,0.05280614
1731426976788,-9.845953,1.425918,-0.6126976,-0.997241,0.05716729,-0.04736066,-3.03669,-0.4790783,-0.2247334,-9.973203,1.087047,-0.690197,-0.8567199,0.0236137,-0.5152417,-3.127456,-0.6100684,-0.2891779,-10.03792,1.115766,-0.5387812,-0.9889748,0.1044151,0.1050091,-3.0128,-0.3883392,-0.3168583,0.05280614
1731426976793,-9.845953,1.425918,-0.6126976,-0.997241,0.05716729,-0.04736066,0,0,0,-9.973203,1.087047,-0.690197,-0.8567199,0.0236137,-0.5152417,0,0,0,-10.03792,1.115766,-0.5387812,-0.9889748,0.1044151,0.1050091,0,0,0,0.05280614
1731426976816,-9.886282,1.418991,-0.6163712,-0.9969123,0.06063129,-0.04989862,-3.024673,-0.5195171,-0.2755165,-10.01449,1.078732,-0.694809,-0.8481902,0.02996524,-0.5288435,-3.096271,-0.6235957,-0.3458977,-10.0788,1.109108,-0.5419836,-0.9867151,0.1135774,0.1161625,-3.065944,-0.4993737,-0.2401829,0.05280614
1731426976821,-9.886282,1.418991,-0.6163712,-0.9969123,0.06063129,-0.04989862,0,0,0,-10.01449,1.078732,-0.694809,-0.8481902,0.02996524,-0.5288435,0,0,0,-10.0788,1.109108,-0.5419836,-0.9867151,0.1135774,0.1161625,0,0,0,0.05280614
1731426976844,-9.92569,1.411584,-0.6204042,-0.9964549,0.06758364,-0.05010259,-2.95558,-0.555557,-0.3024817,-10.05695,1.07052,-0.6994658,-0.8441154,0.03258411,-0.5351709,-3.185105,-0.6159157,-0.3492594,-10.12144,1.101664,-0.5452938,-0.982129,0.1213492,0.1438656,-3.198051,-0.5582839,-0.2482653,0.05280614
1731426976849,-9.92569,1.411584,-0.6204042,-0.9964549,0.06758364,-0.05010259,0,0,0,-10.05695,1.07052,-0.6994658,-0.8441154,0.03258411,-0.5351709,0,0,0,-10.12144,1.101664,-0.5452938,-0.982129,0.1213492,0.1438656,0,0,0,0.05280614
1731426976854,-9.92569,1.411584,-0.6204042,-0.9964549,0.06758364,-0.05010259,0,0,0,-10.05695,1.07052,-0.6994658,-0.8441154,0.03258411,-0.5351709,0,0,0,-10.12144,1.101664,-0.5452938,-0.982129,0.1213492,0.1438656,0,0,0,0.05280614
1731426976872,-9.964984,1.405455,-0.6249104,-0.9970271,0.0626666,-0.04483783,-2.947068,-0.4596591,-0.3379583,-10.09989,1.064886,-0.7051525,-0.8492393,0.03191822,-0.5270425,-3.219867,-0.4224926,-0.426507,-10.16536,1.095736,-0.5475292,-0.9808462,0.1142075,0.1577901,-3.29361,-0.444603,-0.1676559,0.05280614
1731426976877,-9.964984,1.405455,-0.6249104,-0.9970271,0.0626666,-0.04483783,0,0,0,-10.09989,1.064886,-0.7051525,-0.8492393,0.03191822,-0.5270425,0,0,0,-10.16536,1.095736,-0.5475292,-0.9808462,0.1142075,0.1577901,0,0,0,0.05280614
1731426976899,-10.00524,1.402029,-0.630146,-0.9976016,0.05591725,-0.04080129,-3.019309,-0.2569735,-0.3926754,-10.14045,1.062481,-0.7107582,-0.8459767,0.04027757,-0.5316968,-3.042555,-0.1804411,-0.4204273,-10.20634,1.093334,-0.5488567,-0.979562,0.1050321,0.1715423,-3.073883,-0.1801729,-0.0995636,0.0536716
1731426976904,-10.00524,1.402029,-0.630146,-0.9976016,0.05591725,-0.04080129,0,0,0,-10.14045,1.062481,-0.7107582,-0.8459767,0.04027757,-0.5316968,0,0,0,-10.20634,1.093334,-0.5488567,-0.979562,0.1050321,0.1715423,0,0,0,0.0536716
1731426976925,-10.04681,1.401373,-0.6351328,-0.99721,0.06443402,-0.03769922,-3.117657,-0.04918277,-0.3740072,-10.18306,1.064594,-0.7160282,-0.84957,0.05001805,-0.5250996,-3.195477,0.1584738,-0.3952503,-10.24692,1.094088,-0.5494652,-0.9766878,0.1015156,0.1891447,-3.043056,0.05654991,-0.04563332,0.05511367
1731426976930,-10.04681,1.401373,-0.6351328,-0.99721,0.06443402,-0.03769922,0,0,0,-10.18306,1.064594,-0.7160282,-0.84957,0.05001805,-0.5250996,0,0,0,-10.24692,1.094088,-0.5494652,-0.9766878,0.1015156,0.1891447,0,0,0,0.05511367
1731426976953,-10.08746,1.402344,-0.6405993,-0.9974534,0.06289266,-0.03363943,-3.048849,0.07279515,-0.4099846,-10.22512,1.068304,-0.7209673,-0.858743,0.05679578,-0.5092497,-3.154707,0.2783149,-0.3704309,-10.28738,1.096007,-0.5502872,-0.976579,0.08767887,0.1964844,-3.03483,0.1439184,-0.06165504,0.05609751
1731426976958,-10.08746,1.402344,-0.6405993,-0.9974534,0.06289266,-0.03363943,0,0,0,-10.22512,1.068304,-0.7209673,-0.858743,0.05679578,-0.5092497,0,0,0,-10.28738,1.096007,-0.5502872,-0.976579,0.08767887,0.1964844,0,0,0,0.05609751
1731426976981,-10.12916,1.408501,-0.6459494,-0.9977784,0.05850464,-0.03187394,-3.12717,0.4618317,-0.4012585,-10.27246,1.072539,-0.7248287,-0.8641993,0.0589758,-0.4996821,-3.550315,0.3175646,-0.289607,-10.33047,1.098772,-0.5517921,-0.9763626,0.07719731,0.2018837,-3.231525,0.2073973,-0.1128674,0.05609751
1731426976986,-10.12916,1.408501,-0.6459494,-0.9977784,0.05850464,-0.03187394,0,0,0,-10.27246,1.072539,-0.7248287,-0.8641993,0.0589758,-0.4996821,0,0,0,-10.33047,1.098772,-0.5517921,-0.9763626,0.07719731,0.2018837,0,0,0,0.05609751
1731426977009,-10.17041,1.41402,-0.6501303,-0.9979762,0.05793887,-0.02621377,-3.093982,0.4138738,-0.3135681,-10.31945,1.07857,-0.7263098,-0.8654191,0.03493009,-0.49983,-3.524566,0.4523367,-0.1110792,-10.37255,1.102871,-0.5526819,-0.9688531,0.0743833,0.2362014,-3.155851,0.3074348,-0.06673336,0.05609751
1731426977014,-10.17041,1.41402,-0.6501303,-0.9979762,0.05793887,-0.02621377,0,0,0,-10.31945,1.07857,-0.7263098,-0.8654191,0.03493009,-0.49983,0,0,0,-10.37255,1.102871,-0.5526819,-0.9688531,0.0743833,0.2362014,0,0,0,0.05609751
1731426977037,-10.21183,1.418072,-0.6537762,-0.9977965,0.06255596,-0.02212131,-3.106356,0.303939,-0.2734423,-10.36288,1.085724,-0.7269678,-0.8752382,0.02010888,-0.4832746,-3.257132,0.536567,-0.04935265,-10.41194,1.106678,-0.5533972,-0.9640592,0.05797973,0.2592847,-2.954721,0.2855033,-0.05364418,0.05609751
1731426977042,-10.21183,1.418072,-0.6537762,-0.9977965,0.06255596,-0.02212131,0,0,0,-10.36288,1.085724,-0.7269678,-0.8752382,0.02010888,-0.4832746,0,0,0,-10.41194,1.106678,-0.5533972,-0.9640592,0.05797973,0.2592847,0,0,0,0.05609751
1731426977063,-10.25187,1.422693,-0.655983,-0.9990572,0.03789224,-0.0212003,-3.003359,0.3465593,-0.1655102,-10.40233,1.095364,-0.7246361,-0.8931574,0.0715768,-0.4440124,-2.95887,0.7229894,0.17488,-10.44767,1.111485,-0.5532255,-0.9672504,0.05057809,0.2487348,-2.679348,0.3605336,0.0128746,0.05609751
1731426977068,-10.25187,1.422693,-0.655983,-0.9990572,0.03789224,-0.0212003,0,0,0,-10.40233,1.095364,-0.7246361,-0.8931574,0.0715768,-0.4440124,0,0,0,-10.44767,1.111485,-0.5532255,-0.9672504,0.05057809,0.2487348,0,0,0,0.05609751
1731426977091,-10.29304,1.428904,-0.6576357,-0.9994776,0.02560903,-0.01973104,-3.087616,0.4658103,-0.1239538,-10.44141,1.103041,-0.7218885,-0.9015293,0.128223,-0.4132851,-2.931046,0.5757987,0.2060652,-10.48164,1.115631,-0.5523376,-0.9677014,0.06695382,0.2430462,-2.547598,0.3109217,0.06659031,0.05609751
1731426977096,-10.29304,1.428904,-0.6576357,-0.9994776,0.02560903,-0.01973104,0,0,0,-10.44141,1.103041,-0.7218885,-0.9015293,0.128223,-0.4132851,0,0,0,-10.48164,1.115631,-0.5523376,-0.9677014,0.06695382,0.2430462,0,0,0,0.05609751
1731426977120,-10.33339,1.43298,-0.658062,-0.9994758,0.02651891,-0.01858222,-3.026247,0.3056824,-0.03197193,-10.4839,1.108351,-0.7201414,-0.9077837,0.1409223,-0.395057,-3.186035,0.3982723,0.1310349,-10.51814,1.117061,-0.549139,-0.9664106,0.06832947,0.2477538,-2.737856,0.1072884,0.2398968,0.05609751
1731426977125,-10.33339,1.43298,-0.658062,-0.9994758,0.02651891,-0.01858222,0,0,0,-10.4839,1.108351,-0.7201414,-0.9077837,0.1409223,-0.395057,0,0,0,-10.51814,1.117061,-0.549139,-0.9664106,0.06832947,0.2477538,0,0,0,0.05609751
1731426977148,-10.374,1.435573,-0.6587782,-0.9994705,0.0275435,-0.01732934,-3.045559,0.1944959,-0.05371571,-10.52452,1.111651,-0.720027,-0.909708,0.1093604,-0.4005901,-3.046846,0.2474606,0.008583069,-10.55374,1.11631,-0.544467,-0.9647024,0.03357577,0.2611941,-2.669835,-0.05634427,0.3504038,0.05609751
1731426977153,-10.374,1.435573,-0.6587782,-0.9994705,0.0275435,-0.01732934,0,0,0,-10.52452,1.111651,-0.720027,-0.909708,0.1093604,-0.4005901,0,0,0,-10.55374,1.11631,-0.544467,-0.9647024,0.03357577,0.2611941,0,0,0,0.05609751
1731426977176,-10.41536,1.436532,-0.6596298,-0.9993433,0.03167942,-0.01759875,-3.102136,0.07191896,-0.06387234,-10.56496,1.11333,-0.7194891,-0.9086261,0.08843207,-0.4081409,-3.033328,0.125894,0.04034042,-10.59181,1.112138,-0.54039,-0.9609394,-0.005970219,0.2766949,-2.855444,-0.3129333,0.3057718,0.05609751
1731426977181,-10.41536,1.436532,-0.6596298,-0.9993433,0.03167942,-0.01759875,0,0,0,-10.56496,1.11333,-0.7194891,-0.9086261,0.08843207,-0.4081409,0,0,0,-10.59181,1.112138,-0.54039,-0.9609394,-0.005970219,0.2766949,0,0,0,0.05609751
1731426977204,-10.45632,1.434115,-0.6595726,-0.9990866,0.03997069,-0.01512766,-3.072238,-0.1812637,0.004291534,-10.60359,1.112094,-0.7183552,-0.9124396,0.08080291,-0.4011551,-2.896786,-0.09267032,0.08504391,-10.62913,1.105722,-0.5379162,-0.9566488,-0.03327765,0.2893372,-2.799153,-0.4811704,0.1855373,0.05609751
1731426977211,-10.45632,1.434115,-0.6595726,-0.9990866,0.03997069,-0.01512766,0,0,0,-10.60359,1.112094,-0.7183552,-0.9124396,0.08080291,-0.4011551,0,0,0,-10.62913,1.105722,-0.5379162,-0.9566488,-0.03327765,0.2893372,0,0,0,0.05609751
1731426977216,-10.45632,1.434115,-0.6595726,-0.9990866,0.03997069,-0.01512766,0,0,0,-10.60359,1.112094,-0.7183552,-0.9124396,0.08080291,-0.4011551,0,0,0,-10.62913,1.105722,-0.5379162,-0.9566488,-0.03327765,0.2893372,0,0,0,0.05609751
1731426977232,-10.4977,1.428213,-0.6597166,-0.9990314,0.04329786,-0.007880807,-3.102922,-0.4426628,-0.01080036,-10.64264,1.106274,-0.7162943,-0.9182459,0.08199301,-0.3874304,-2.928901,-0.4365116,0.1545668,-10.66711,1.097147,-0.5371943,-0.9533269,-0.009893693,0.3017786,-2.848577,-0.6431043,0.05414486,0.05609751
1731426977237,-10.4977,1.428213,-0.6597166,-0.9990314,0.04329786,-0.007880807,0,0,0,-10.64264,1.106274,-0.7162943,-0.9182459,0.08199301,-0.3874304,0,0,0,-10.66711,1.097147,-0.5371943,-0.9533269,-0.009893693,0.3017786,0,0,0,0.05609751
1731426977260,-10.53904,1.421883,-0.6596642,-0.9992225,0.03934405,-0.002590179,-3.100991,-0.4747242,0.003933907,-10.68013,1.099906,-0.7142916,-0.9233255,0.08864513,-0.3736479,-2.812099,-0.4775494,0.1502037,-10.70499,1.087247,-0.5358706,-0.9532315,-0.01660381,0.3017851,-2.840996,-0.742498,0.0992775,0.05609751
1731426977265,-10.53904,1.421883,-0.6596642,-0.9992225,0.03934405,-0.002590179,0,0,0,-10.68013,1.099906,-0.7142916,-0.9233255,0.08864513,-0.3736479,0,0,0,-10.70499,1.087247,-0.5358706,-0.9532315,-0.01660381,0.3017851,0,0,0,0.05609751
1731426977286,-10.5812,1.41485,-0.6596489,-0.9991525,0.0411401,0.001490772,-3.161788,-0.527519,0.001144409,-10.72005,1.088956,-0.7119322,-0.9272014,0.0955497,-0.3621721,-2.99356,-0.8213192,0.1769543,-10.74448,1.075214,-0.5342655,-0.951204,-0.03576261,0.3064834,-2.961159,-0.9025097,0.1203775,0.05609751
1731426977291,-10.5812,1.41485,-0.6596489,-0.9991525,0.0411401,0.001490772,0,0,0,-10.72005,1.088956,-0.7119322,-0.9272014,0.0955497,-0.3621721,0,0,0,-10.74448,1.075214,-0.5342655,-0.951204,-0.03576261,0.3064834,0,0,0,0.05609751
1731426977315,-10.62326,1.406916,-0.6592798,-0.9988323,0.0481424,0.004059613,-3.154206,-0.5950034,0.0276804,-10.76151,1.077059,-0.7096405,-0.9255844,0.08547305,-0.3687661,-3.109717,-0.8922279,0.171876,-10.78497,1.062647,-0.5336857,-0.9464496,-0.05290751,0.3184876,-3.036761,-0.9424746,0.04348755,0.05609751
1731426977320,-10.62326,1.406916,-0.6592798,-0.9988323,0.0481424,0.004059613,0,0,0,-10.76151,1.077059,-0.7096405,-0.9255844,0.08547305,-0.3687661,0,0,0,-10.78497,1.062647,-0.5336857,-0.9464496,-0.05290751,0.3184876,0,0,0,0.05609751
1731426977343,-10.66479,1.401231,-0.6583633,-0.99901,0.04439703,0.00288868,-3.115368,-0.4264176,0.06873608,-10.80317,1.067791,-0.7085228,-0.9244089,0.05812059,-0.3769493,-3.124309,-0.6950855,0.08382797,-10.82606,1.054085,-0.5327091,-0.9432151,-0.05910365,0.3268826,-3.081822,-0.6422102,0.07324219,0.05767512
1731426977348,-10.66479,1.401231,-0.6583633,-0.99901,0.04439703,0.00288868,0,0,0,-10.80317,1.067791,-0.7085228,-0.9244089,0.05812059,-0.3769493,0,0,0,-10.82606,1.054085,-0.5327091,-0.9432151,-0.05910365,0.3268826,0,0,0,0.05767512
1731426977371,-10.7074,1.40261,-0.6571846,-0.9996014,0.02822806,-0.0007822514,-3.195119,0.1034439,0.08840561,-10.84458,1.065034,-0.7067986,-0.923023,0.0453747,-0.3820609,-3.105855,-0.2068162,0.1293182,-10.8678,1.053746,-0.5310774,-0.9445075,-0.05882902,0.3231797,-3.130889,-0.02542734,0.1223803,0.06332922
1731426977376,-10.7074,1.40261,-0.6571846,-0.9996014,0.02822806,-0.0007822514,0,0,0,-10.84458,1.065034,-0.7067986,-0.923023,0.0453747,-0.3820609,0,0,0,-10.8678,1.053746,-0.5310774,-0.9445075,-0.05882902,0.3231797,0,0,0,0.06332922
1731426977399,-10.75008,1.40148,-0.6558113,-0.9994602,0.03244385,-0.005203247,-3.201556,-0.08473098,0.1029968,-10.88694,1.061069,-0.7059746,-0.9206941,0.03173887,-0.3889924,-3.176665,-0.2973944,0.0617981,-10.91103,1.051003,-0.5302963,-0.9491454,-0.0634606,0.3083764,-3.24204,-0.2056897,0.05857944,0.06456888
1731426977405,-10.75008,1.40148,-0.6558113,-0.9994602,0.03244385,-0.005203247,0,0,0,-10.88694,1.061069,-0.7059746,-0.9206941,0.03173887,-0.3889924,0,0,0,-10.91103,1.051003,-0.5302963,-0.9491454,-0.0634606,0.3083764,0,0,0,0.06456888
1731426977427,-10.79251,1.403699,-0.6542807,-0.9996129,0.02506646,-0.01208806,-3.181672,0.166449,0.1147985,-10.92933,1.059725,-0.7066994,-0.913771,0.0143343,-0.4059776,-3.17924,-0.1007617,-0.05435944,-10.95591,1.050718,-0.5298605,-0.9514244,-0.07056491,0.2996873,-3.366137,-0.02141297,0.03268719,0.06485462
1731426977432,-10.79251,1.403699,-0.6542807,-0.9996129,0.02506646,-0.01208806,0,0,0,-10.92933,1.059725,-0.7066994,-0.913771,0.0143343,-0.4059776,0,0,0,-10.95591,1.050718,-0.5298605,-0.9514244,-0.07056491,0.2996873,0,0,0,0.06485462
1731426977454,-10.83686,1.409023,-0.6532812,-0.9986326,0.04733522,-0.02219284,-3.326941,0.3992558,0.0749588,-10.97174,1.059754,-0.7060118,-0.9059312,0.007094596,-0.4233658,-3.181386,0.002199411,0.05156994,-11.00209,1.052427,-0.5298471,-0.9518818,-0.09061218,0.292764,-3.463769,0.1281917,0.001001358,0.06485462
1731426977460,-10.83686,1.409023,-0.6532812,-0.9986326,0.04733522,-0.02219284,0,0,0,-10.97174,1.059754,-0.7060118,-0.9059312,0.007094596,-0.4233658,0,0,0,-11.00209,1.052427,-0.5298471,-0.9518818,-0.09061218,0.292764,0,0,0,0.06485462
1731426977482,-10.87991,1.414165,-0.6524248,-0.9972485,0.06724382,-0.03121209,-3.228593,0.3857017,0.06422997,-11.0148,1.062711,-0.7058487,-0.8979735,0.001598382,-0.4400476,-3.229237,0.2217829,0.01223087,-11.04855,1.057715,-0.5321493,-0.9513137,-0.1186623,0.2844673,-3.484511,0.3965914,-0.1726627,0.06485462
1731426977488,-10.87991,1.414165,-0.6524248,-0.9972485,0.06724382,-0.03121209,0,0,0,-11.0148,1.062711,-0.7058487,-0.8979735,0.001598382,-0.4400476,0,0,0,-11.04855,1.057715,-0.5321493,-0.9513137,-0.1186623,0.2844673,0,0,0,0.06485462
1731426977510,-10.92125,1.41736,-0.6516209,-0.9980872,0.05543281,-0.02737224,-3.100419,0.2395928,0.06029606,-11.05416,1.068007,-0.704915,-0.8986043,-0.01051559,-0.4386343,-2.951717,0.3971905,0.07002354,-11.09106,1.067379,-0.5360212,-0.9638419,-0.08886698,0.2512204,-3.187823,0.7248133,-0.2903938,0.06485462
1731426977516,-10.92125,1.41736,-0.6516209,-0.9980872,0.05543281,-0.02737224,0,0,0,-11.05416,1.068007,-0.704915,-0.8986043,-0.01051559,-0.4386343,0,0,0,-11.09106,1.067379,-0.5360212,-0.9638419,-0.08886698,0.2512204,0,0,0,0.06485462
1731426977521,-10.92125,1.41736,-0.6516209,-0.9980872,0.05543281,-0.02737224,0,0,0,-11.05416,1.068007,-0.704915,-0.8986043,-0.01051559,-0.4386343,0,0,0,-11.09106,1.067379,-0.5360212,-0.9638419,-0.08886698,0.2512204,0,0,0,0.06485462
1731426977538,-10.96299,1.424505,-0.6506338,-0.9993871,0.03012763,-0.01783907,-3.13046,0.5359054,0.07402897,-11.09265,1.075098,-0.7061357,-0.9079937,0.005587118,-0.4189472,-2.887058,0.5318016,-0.09155273,-11.13512,1.078452,-0.5401201,-0.9717457,-0.0442061,0.2318541,-3.304625,0.8305192,-0.3074169,0.06485462
1731426977543,-10.96299,1.424505,-0.6506338,-0.9993871,0.03012763,-0.01783907,0,0,0,-11.09265,1.075098,-0.7061357,-0.9079937,0.005587118,-0.4189472,0,0,0,-11.13512,1.078452,-0.5401201,-0.9717457,-0.0442061,0.2318541,0,0,0,0.06485462
1731426977566,-11.00487,1.432349,-0.6508875,-0.9993788,0.0331816,-0.01189733,-3.141189,0.58828,-0.0190258,-11.12968,1.081547,-0.7080479,-0.9070772,0.007062171,-0.4209057,-2.77741,0.483638,-0.1434088,-11.1769,1.088816,-0.5424404,-0.9705917,-0.03637871,0.2379681,-3.133607,0.7772416,-0.1740217,0.06485462
1731426977571,-11.00487,1.432349,-0.6508875,-0.9993788,0.0331816,-0.01189733,0,0,0,-11.12968,1.081547,-0.7080479,-0.9070772,0.007062171,-0.4209057,0,0,0,-11.1769,1.088816,-0.5424404,-0.9705917,-0.03637871,0.2379681,0,0,0,0.06485462
1731426977592,-11.04502,1.438654,-0.6513224,-0.9993493,0.03484892,-0.009318829,-3.01137,0.4728734,-0.03261566,-11.16729,1.087472,-0.7106705,-0.8984365,-0.01310655,-0.4389086,-2.820182,0.4443794,-0.1966953,-11.21624,1.100675,-0.5448847,-0.9667674,-0.0313542,0.2537279,-2.950573,0.8894205,-0.18332,0.06485462
1731426977597,-11.04502,1.438654,-0.6513224,-0.9993493,0.03484892,-0.009318829,0,0,0,-11.16729,1.087472,-0.7106705,-0.8984365,-0.01310655,-0.4389086,0,0,0,-11.21624,1.100675,-0.5448847,-0.9667674,-0.0313542,0.2537279,0,0,0,0.06485462
1731426977621,-11.08526,1.443124,-0.6518784,-0.998984,0.04396794,-0.009918213,-3.017879,0.3352582,-0.04169941,-11.20494,1.093137,-0.7138119,-0.8946348,-0.02715234,-0.445973,-2.823901,0.4249066,-0.2356052,-11.25512,1.110655,-0.5486507,-0.9722306,-0.02774541,0.2323753,-2.915883,0.7485062,-0.2824545,0.06485462
1731426977626,-11.08526,1.443124,-0.6518784,-0.998984,0.04396794,-0.009918213,0,0,0,-11.20494,1.093137,-0.7138119,-0.8946348,-0.02715234,-0.445973,0,0,0,-11.25512,1.110655,-0.5486507,-0.9722306,-0.02774541,0.2323753,0,0,0,0.06485462
1731426977649,-11.12501,1.444623,-0.6522865,-0.9984585,0.05364171,-0.01426148,-2.980685,0.1123846,-0.03061295,-11.24326,1.09584,-0.7166882,-0.8922598,-0.01504376,-0.4512719,-2.874398,0.2026856,-0.2157211,-11.2932,1.116734,-0.553709,-0.9799138,-0.01660246,0.1987303,-2.855873,0.4559755,-0.3793716,0.06485462
1731426977654,-11.12501,1.444623,-0.6522865,-0.9984585,0.05364171,-0.01426148,0,0,0,-11.24326,1.09584,-0.7166882,-0.8922598,-0.01504376,-0.4512719,0,0,0,-11.2932,1.116734,-0.553709,-0.9799138,-0.01660246,0.1987303,0,0,0,0.06485462
1731426977677,-11.16429,1.443349,-0.6527014,-0.998116,0.05816349,-0.01954353,-2.946353,-0.09551346,-0.03111362,-11.28245,1.094743,-0.7194595,-0.8901919,-0.008931743,-0.4554987,-2.9392,-0.08224547,-0.2078533,-11.33201,1.118482,-0.5608759,-0.985323,0.01164495,0.1703027,-2.910948,0.1311064,-0.5375147,0.06485462
1731426977683,-11.16429,1.443349,-0.6527014,-0.998116,0.05816349,-0.01954353,0,0,0,-11.28245,1.094743,-0.7194595,-0.8901919,-0.008931743,-0.4554987,0,0,0,-11.33201,1.118482,-0.5608759,-0.985323,0.01164495,0.1703027,0,0,0,0.06485462
1731426977705,-11.20428,1.439992,-0.6533546,-0.9975607,0.0654575,-0.02426052,-2.999568,-0.2518058,-0.04899502,-11.32255,1.089989,-0.7221823,-0.8901579,-0.01258819,-0.455479,-3.007007,-0.3565371,-0.2042055,-11.3721,1.116052,-0.567564,-0.9870518,0.03913461,0.1555552,-3.006649,-0.1823187,-0.5016088,0.06485462
1731426977710,-11.20428,1.439992,-0.6533546,-0.9975607,0.0654575,-0.02426052,0,0,0,-11.32255,1.089989,-0.7221823,-0.8901579,-0.01258819,-0.455479,0,0,0,-11.3721,1.116052,-0.567564,-0.9870518,0.03913461,0.1555552,0,0,0,0.06485462
1731426977733,-11.24412,1.434285,-0.654211,-0.9968376,0.07462788,-0.02730882,-2.987909,-0.4280269,-0.06422997,-11.36313,1.082634,-0.7254314,-0.8893437,-0.01664893,-0.4569367,-3.043771,-0.5515963,-0.2436876,-11.41274,1.111133,-0.5732832,-0.9889176,0.04432088,0.1416968,-3.047705,-0.3688574,-0.4289389,0.06485462
1731426977738,-11.24412,1.434285,-0.654211,-0.9968376,0.07462788,-0.02730882,0,0,0,-11.36313,1.082634,-0.7254314,-0.8893437,-0.01664893,-0.4569367,0,0,0,-11.41274,1.111133,-0.5732832,-0.9889176,0.04432088,0.1416968,0,0,0,0.06485462
1731426977761,-11.28379,1.426467,-0.6557722,-0.9962263,0.08192955,-0.02865446,-2.974749,-0.5863219,-0.1170874,-11.40427,1.073421,-0.7293482,-0.8802418,-0.008635703,-0.4744478,-3.085756,-0.6910175,-0.2937555,-11.45424,1.10395,-0.5783949,-0.9901107,0.04607361,0.132508,-3.112793,-0.5387306,-0.3833771,0.06485462
1731426977769,-11.28379,1.426467,-0.6557722,-0.9962263,0.08192955,-0.02865446,0,0,0,-11.40427,1.073421,-0.7293482,-0.8802418,-0.008635703,-0.4744478,0,0,0,-11.45424,1.10395,-0.5783949,-0.9901107,0.04607361,0.132508,0,0,0,0.06485462
1731426977789,-11.32313,1.419096,-0.658659,-0.9966843,0.07595298,-0.02918935,-2.951002,-0.552839,-0.2165079,-11.44619,1.064538,-0.7335091,-0.8717922,-0.0005894974,-0.489876,-3.143406,-0.6661892,-0.3120661,-11.49744,1.095492,-0.5834112,-0.9894122,0.04337089,0.138501,-3.239822,-0.6343961,-0.3762245,0.06485462
1731426977794,-11.32313,1.419096,-0.658659,-0.9966843,0.07595298,-0.02918935,0,0,0,-11.44619,1.064538,-0.7335091,-0.8717922,-0.0005894974,-0.489876,0,0,0,-11.49744,1.095492,-0.5834112,-0.9894122,0.04337089,0.138501,0,0,0,0.06485462
1731426977798,-11.32313,1.419096,-0.658659,-0.9966843,0.07595298,-0.02918935,0,0,0,-11.44619,1.064538,-0.7335091,-0.8717922,-0.0005894974,-0.489876,0,0,0,-11.49744,1.095492,-0.5834112,-0.9894122,0.04337089,0.138501,0,0,0,0.06485462
1731426977816,-11.36317,1.412693,-0.661828,-0.9968892,0.07232618,-0.03132594,-3.003073,-0.4802585,-0.2376795,-11.48836,1.057779,-0.7373505,-0.8727642,0.01104974,-0.4880172,-3.163004,-0.5069464,-0.288105,-11.5398,1.089037,-0.5870047,-0.9868,0.04046822,0.1568068,-3.177166,-0.4840851,-0.2695084,0.06485462
1731426977822,-11.36317,1.412693,-0.661828,-0.9968892,0.07232618,-0.03132594,0,0,0,-11.48836,1.057779,-0.7373505,-0.8727642,0.01104974,-0.4880172,0,0,0,-11.5398,1.089037,-0.5870047,-0.9868,0.04046822,0.1568068,0,0,0,0.06485462
1731426977844,-11.40366,1.407294,-0.6647959,-0.9969342,0.07201949,-0.03059399,-3.03669,-0.4048884,-0.2225876,-11.52976,1.053771,-0.7410803,-0.8707041,0.009407416,-0.4917178,-3.105211,-0.3005683,-0.2797365,-11.57965,1.086066,-0.5890236,-0.9839061,0.04765146,0.1722163,-2.98841,-0.22282,-0.1514196,0.06485462
1731426977850,-11.40366,1.407294,-0.6647959,-0.9969342,0.07201949,-0.03059399,0,0,0,-11.52976,1.053771,-0.7410803,-0.8707041,0.009407416,-0.4917178,0,0,0,-11.57965,1.086066,-0.5890236,-0.9839061,0.04765146,0.1722163,0,0,0,0.06485462
1731426977871,-11.44415,1.403504,-0.6675024,-0.996793,0.07526235,-0.02720356,-3.03669,-0.2842158,-0.2029896,-11.57174,1.053894,-0.7449274,-0.8755519,0.005542004,-0.4830933,-3.148484,0.009182096,-0.2885342,-11.61965,1.085418,-0.589098,-0.9848939,0.04062261,0.1683283,-3.000426,-0.04860163,-0.005578995,0.06485462
1731426977876,-11.44415,1.403504,-0.6675024,-0.996793,0.07526235,-0.02720356,0,0,0,-11.57174,1.053894,-0.7449274,-0.8755519,0.005542004,-0.4830933,0,0,0,-11.61965,1.085418,-0.589098,-0.9848939,0.04062261,0.1683283,0,0,0,0.06485462
1731426977899,-11.48425,1.403337,-0.6705618,-0.9976982,0.0646515,-0.02045679,-3.007293,-0.01257956,-0.229454,-11.61393,1.055928,-0.7478991,-0.8837662,0.01947867,-0.4675238,-3.163934,0.1525551,-0.2228737,-11.65957,1.086333,-0.588541,-0.9853796,0.02826965,0.1680123,-2.994204,0.0685662,0.04177094,0.06485462
1731426977904,-11.48425,1.403337,-0.6705618,-0.9976982,0.0646515,-0.02045679,0,0,0,-11.61393,1.055928,-0.7478991,-0.8837662,0.01947867,-0.4675238,0,0,0,-11.65957,1.086333,-0.588541,-0.9853796,0.02826965,0.1680123,0,0,0,0.06485462
1731426977927,-11.52566,1.411553,-0.6727324,-0.9978936,0.06263927,-0.01688898,-3.105426,0.6161928,-0.1627922,-11.66011,1.057427,-0.7483406,-0.8908845,0.02869755,-0.4533234,-3.463697,0.1124382,-0.03311634,-11.70169,1.088716,-0.5876932,-0.9826266,0.02242968,0.1842342,-3.158498,0.1787782,0.06358624,0.06485462
1731426977932,-11.52566,1.411553,-0.6727324,-0.9978936,0.06263927,-0.01688898,0,0,0,-11.66011,1.057427,-0.7483406,-0.8908845,0.02869755,-0.4533234,0,0,0,-11.70169,1.088716,-0.5876932,-0.9826266,0.02242968,0.1842342,0,0,0,0.06485462
1731426977955,-11.56673,1.419919,-0.6748333,-0.9953678,0.09560985,-0.01011682,-3.08032,0.627476,-0.1575708,-11.70829,1.060554,-0.7471647,-0.8885198,-0.003800521,-0.458823,-3.613186,0.2345234,0.08819103,-11.74327,1.092418,-0.5853214,-0.9748492,0.002430877,0.2228531,-3.1183,0.2776355,0.1778841,0.06485462
1731426977960,-11.56673,1.419919,-0.6748333,-0.9953678,0.09560985,-0.01011682,0,0,0,-11.70829,1.060554,-0.7471647,-0.8885198,-0.003800521,-0.458823,0,0,0,-11.74327,1.092418,-0.5853214,-0.9748492,0.002430877,0.2228531,0,0,0,0.06485462
1731426977982,-11.60445,1.423238,-0.676671,-0.9949313,0.10032,-0.006931543,-2.82948,0.2489001,-0.1378298,-11.75167,1.067925,-0.7469797,-0.8875315,-0.04555454,-0.4584899,-3.253484,0.5527943,0.01387596,-11.78104,1.096811,-0.582551,-0.9684314,-0.05544952,0.2430353,-2.833486,0.3294468,0.2077818,0.06485462
1731426977988,-11.60445,1.423238,-0.676671,-0.9949313,0.10032,-0.006931543,0,0,0,-11.75167,1.067925,-0.7469797,-0.8875315,-0.04555454,-0.4584899,0,0,0,-11.78104,1.096811,-0.582551,-0.9684314,-0.05544952,0.2430353,0,0,0,0.06485462
1731426978010,-11.64244,1.427208,-0.6781292,-0.9972815,0.07348382,-0.005482316,-2.848721,0.2977967,-0.1093626,-11.78923,1.078212,-0.742733,-0.900584,-0.004558302,-0.4346584,-2.817392,0.7715732,0.3185034,-11.81454,1.102146,-0.5808821,-0.9738314,-0.07659238,0.2139777,-2.511835,0.4001498,0.1251698,0.06485462
1731426978017,-11.64244,1.427208,-0.6781292,-0.9972815,0.07348382,-0.005482316,0,0,0,-11.78923,1.078212,-0.742733,-0.900584,-0.004558302,-0.4346584,0,0,0,-11.81454,1.102146,-0.5808821,-0.9738314,-0.07659238,0.2139777,0,0,0,0.06485462
1731426978038,-11.68152,1.434504,-0.6779547,-0.9979435,0.06398367,-0.003919125,-2.930975,0.5471975,0.01308918,-11.82768,1.087635,-0.7365837,-0.915296,0.08113328,-0.3945262,-2.88384,0.7066727,0.4611969,-11.84809,1.106487,-0.5805302,-0.9810205,-0.05665737,0.1854434,-2.51677,0.3255755,0.02639294,0.06485462
1731426978044,-11.68152,1.434504,-0.6779547,-0.9979435,0.06398367,-0.003919125,0,0,0,-11.82768,1.087635,-0.7365837,-0.915296,0.08113328,-0.3945262,0,0,0,-11.84809,1.106487,-0.5805302,-0.9810205,-0.05665737,0.1854434,0,0,0,0.06485462
1731426978066,-11.71998,1.439753,-0.677537,-0.9975658,0.06945009,-0.006273508,-2.884769,0.3936231,0.0313282,-11.86694,1.09336,-0.7333136,-0.9214552,0.07766899,-0.3806422,-2.944565,0.4294306,0.2452612,-11.88235,1.108286,-0.5796614,-0.9786158,-0.05190065,0.1990426,-2.569556,0.1349598,0.0651598,0.06485462
1731426978071,-11.71998,1.439753,-0.677537,-0.9975658,0.06945009,-0.006273508,0,0,0,-11.86694,1.09336,-0.7333136,-0.9214552,0.07766899,-0.3806422,0,0,0,-11.88235,1.108286,-0.5796614,-0.9786158,-0.05190065,0.1990426,0,0,0,0.06485462
1731426978094,-11.75868,1.442696,-0.6767168,-0.9974883,0.06999524,-0.01086795,-2.902722,0.2207637,0.06151199,-11.90534,1.098375,-0.7308664,-0.9215034,0.03990596,-0.3863155,-2.880049,0.3760993,0.1835346,-11.91768,1.108739,-0.5769873,-0.9764047,-0.06901224,0.2046257,-2.649665,0.03395677,0.2005577,0.06485462
1731426978099,-11.75868,1.442696,-0.6767168,-0.9974883,0.06999524,-0.01086795,0,0,0,-11.90534,1.098375,-0.7308664,-0.9215034,0.03990596,-0.3863155,0,0,0,-11.91768,1.108739,-0.5769873,-0.9764047,-0.06901224,0.2046257,0,0,0,0.06485462
1731426978122,-11.79776,1.444033,-0.6747665,-0.9975923,0.06747618,-0.01602483,-2.930617,0.1002431,0.1462698,-11.94244,1.1021,-0.727087,-0.9230738,0.03723822,-0.3828163,-2.781916,0.279361,0.2834558,-11.95454,1.106387,-0.5738602,-0.9735595,-0.08693995,0.2112435,-2.764463,-0.1764089,0.2345324,0.06485462
1731426978127,-11.79776,1.444033,-0.6747665,-0.9975923,0.06747618,-0.01602483,0,0,0,-11.94244,1.1021,-0.727087,-0.9230738,0.03723822,-0.3828163,0,0,0,-11.95454,1.106387,-0.5738602,-0.9735595,-0.08693995,0.2112435,0,0,0,0.06485462
1731426978132,-11.79776,1.444033,-0.6747665,-0.9975923,0.06747618,-0.01602483,0,0,0,-11.94244,1.1021,-0.727087,-0.9230738,0.03723822,-0.3828163,0,0,0,-11.95454,1.106387,-0.5738602,-0.9735595,-0.08693995,0.2112435,0,0,0,0.06485462
1731426978149,-11.83717,1.443016,-0.6728458,-0.9973288,0.07056431,-0.01887715,-2.956223,-0.07622838,0.1440525,-11.97912,1.101883,-0.7240419,-0.9281902,0.03679483,-0.370283,-2.751303,-0.01627207,0.2283812,-11.99192,1.101255,-0.5719604,-0.967553,-0.0941504,0.2344719,-2.803159,-0.3849328,0.1424789,0.06485462
1731426978155,-11.83717,1.443016,-0.6728458,-0.9973288,0.07056431,-0.01887715,0,0,0,-11.97912,1.101883,-0.7240419,-0.9281902,0.03679483,-0.370283,0,0,0,-11.99192,1.101255,-0.5719604,-0.967553,-0.0941504,0.2344719,0,0,0,0.06485462
1731426978177,-11.87644,1.439159,-0.6710243,-0.9972219,0.07210407,-0.01869881,-2.944779,-0.2893031,0.1366138,-12.01452,1.099666,-0.7208395,-0.9320568,0.02992867,-0.3610746,-2.655387,-0.1662433,0.2401829,-12.02867,1.095079,-0.5703802,-0.963435,-0.1033455,0.2472106,-2.756453,-0.4632086,0.1185179,0.06485462
1731426978183,-11.87644,1.439159,-0.6710243,-0.9972219,0.07210407,-0.01869881,0,0,0,-12.01452,1.099666,-0.7208395,-0.9320568,0.02992867,-0.3610746,0,0,0,-12.02867,1.095079,-0.5703802,-0.963435,-0.1033455,0.2472106,0,0,0,0.06485462
1731426978203,-11.91564,1.43267,-0.6689615,-0.997497,0.06896162,-0.01563025,-2.939916,-0.4866868,0.1547098,-12.05074,1.093716,-0.7170935,-0.937599,0.03533319,-0.3459195,-2.716112,-0.446257,0.2809525,-12.06685,1.088212,-0.5673647,-0.9639064,-0.1142953,0.2404611,-2.863312,-0.515011,0.2261639,0.06485462
1731426978209,-11.91564,1.43267,-0.6689615,-0.997497,0.06896162,-0.01563025,0,0,0,-12.05074,1.093716,-0.7170935,-0.937599,0.03533319,-0.3459195,0,0,0,-12.06685,1.088212,-0.5673647,-0.9639064,-0.1142953,0.2404611,0,0,0,0.06485462
1731426978232,-11.95514,1.424863,-0.6667309,-0.997722,0.06664871,-0.01044858,-2.963018,-0.5855262,0.1672983,-12.08797,1.085019,-0.7143974,-0.9424362,0.0453762,-0.3312936,-2.792072,-0.6523311,0.2022028,-12.10697,1.07956,-0.5642281,-0.963733,-0.1152413,0.2407043,-3.008866,-0.64888,0.2352476,0.06485462
1731426978237,-11.95514,1.424863,-0.6667309,-0.997722,0.06664871,-0.01044858,0,0,0,-12.08797,1.085019,-0.7143974,-0.9424362,0.0453762,-0.3312936,0,0,0,-12.10697,1.07956,-0.5642281,-0.963733,-0.1152413,0.2407043,0,0,0,0.06485462
1731426978260,-11.99484,1.415934,-0.6640301,-0.9977719,0.06647348,-0.005757451,-2.977467,-0.6696582,0.2025604,-12.12836,1.073587,-0.7121172,-0.9418225,0.04337933,-0.3333007,-3.02918,-0.8573949,0.1710176,-12.14797,1.070646,-0.5617428,-0.963276,-0.1025009,0.2481793,-3.074956,-0.6685585,0.1863956,0.06485462
1731426978265,-11.99484,1.415934,-0.6640301,-0.9977719,0.06647348,-0.005757451,0,0,0,-12.12836,1.073587,-0.7121172,-0.9418225,0.04337933,-0.3333007,0,0,0,-12.14797,1.070646,-0.5617428,-0.963276,-0.1025009,0.2481793,0,0,0,0.06485462
1731426978288,-12.03451,1.406068,-0.6608524,-0.9976292,0.06857934,-0.00577879,-2.975035,-0.7399589,0.2383232,-12.17059,1.063017,-0.7100086,-0.9384589,0.04292713,-0.3427135,-3.167367,-0.7926911,0.158143,-12.19029,1.06332,-0.5580597,-0.9645725,-0.07420228,0.2531676,-3.174162,-0.5494684,0.2762318,0.06485462
1731426978293,-12.03451,1.406068,-0.6608524,-0.9976292,0.06857934,-0.00577879,0,0,0,-12.17059,1.063017,-0.7100086,-0.9384589,0.04292713,-0.3427135,0,0,0,-12.19029,1.06332,-0.5580597,-0.9645725,-0.07420228,0.2531676,0,0,0,0.06485462
1731426978316,-12.07464,1.402302,-0.6570854,-0.9981732,0.0599194,-0.007771611,-3.009653,-0.2824187,0.282526,-12.21319,1.056989,-0.7085028,-0.9299268,0.04937775,-0.364416,-3.194904,-0.4521132,0.1129389,-12.23364,1.060649,-0.553484,-0.9635202,-0.05357455,0.262219,-3.251553,-0.2002716,0.3431797,0.06756663
1731426978322,-12.07464,1.402302,-0.6570854,-0.9981732,0.0599194,-0.007771611,0,0,0,-12.21319,1.056989,-0.7085028,-0.9299268,0.04937775,-0.364416,0,0,0,-12.23364,1.060649,-0.553484,-0.9635202,-0.05357455,0.262219,0,0,0,0.06756663
1731426978344,-12.11528,1.401965,-0.6529551,-0.9982652,0.05799044,-0.01021349,-3.047848,-0.02528429,0.3097773,-12.25672,1.055379,-0.7049875,-0.9214154,0.03910973,-0.3866068,-3.264713,-0.120753,0.2636433,-12.27772,1.062255,-0.5479698,-0.9609398,-0.05400705,0.2714374,-3.305912,0.1203954,0.4135609,0.07176614
1731426978349,-12.11528,1.401965,-0.6529551,-0.9982652,0.05799044,-0.01021349,0,0,0,-12.25672,1.055379,-0.7049875,-0.9214154,0.03910973,-0.3866068,0,0,0,-12.27772,1.062255,-0.5479698,-0.9609398,-0.05400705,0.2714374,0,0,0,0.07176614
1731426978372,-12.15614,1.400922,-0.6491699,-0.9975461,0.06797968,-0.01676106,-3.065014,-0.07824898,0.283885,-12.29956,1.056204,-0.7027874,-0.9150677,0.01964945,-0.4028215,-3.213429,0.06185174,0.1650095,-12.32114,1.065549,-0.5434904,-0.9617958,-0.05769258,0.2676207,-3.256774,0.2470851,0.3359556,0.07363486
1731426978377,-12.15614,1.400922,-0.6491699,-0.9975461,0.06797968,-0.01676106,0,0,0,-12.29956,1.056204,-0.7027874,-0.9150677,0.01964945,-0.4028215,0,0,0,-12.32114,1.065549,-0.5434904,-0.9617958,-0.05769258,0.2676207,0,0,0,0.07363486
1731426978399,-12.19681,1.404583,-0.6452436,-0.9986749,0.04547379,-0.0241015,-3.050137,0.2746135,0.2944708,-12.34149,1.060853,-0.699975,-0.9117486,0.03123558,-0.4095602,-3.144693,0.3486514,0.2109289,-12.36503,1.070748,-0.5402136,-0.973085,-0.04535072,0.2259412,-3.29175,0.3899217,0.2457619,0.07431531
1731426978405,-12.19681,1.404583,-0.6452436,-0.9986749,0.04547379,-0.0241015,0,0,0,-12.34149,1.060853,-0.699975,-0.9117486,0.03123558,-0.4095602,0,0,0,-12.36503,1.070748,-0.5402136,-0.973085,-0.04535072,0.2259412,0,0,0,0.07431531
1731426978427,-12.23728,1.408643,-0.641674,-0.9973686,0.06374688,-0.03453755,-3.034973,0.3044665,0.2677202,-12.38378,1.066749,-0.6981316,-0.9035197,0.05417085,-0.4251094,-3.171802,0.4422605,0.1382589,-12.41009,1.076084,-0.5383682,-0.9806184,-0.02772982,0.1939558,-3.379011,0.4001677,0.138402,0.07431531
1731426978433,-12.23728,1.408643,-0.641674,-0.9973686,0.06374688,-0.03453755,0,0,0,-12.38378,1.066749,-0.6981316,-0.9035197,0.05417085,-0.4251094,0,0,0,-12.41009,1.076084,-0.5383682,-0.9806184,-0.02772982,0.1939558,0,0,0,0.07431531
1731426978455,-12.27822,1.413371,-0.6387577,-0.9951373,0.08699613,-0.04619467,-3.070307,0.354588,0.2187252,-12.42576,1.072831,-0.6974678,-0.8909239,0.04843353,-0.4515635,-3.148484,0.4561096,0.0497818,-12.45576,1.083789,-0.5377741,-0.980185,-0.008956583,0.1978821,-3.425717,0.5778641,0.04456043,0.07431531
1731426978461,-12.27822,1.413371,-0.6387577,-0.9951373,0.08699613,-0.04619467,0,0,0,-12.42576,1.072831,-0.6974678,-0.8909239,0.04843353,-0.4515635,0,0,0,-12.45576,1.083789,-0.5377741,-0.980185,-0.008956583,0.1978821,0,0,0,0.07431531
1731426978483,-12.31751,1.417066,-0.636548,-0.9958508,0.08061627,-0.04222238,-2.947354,0.2771169,0.1657248,-12.46449,1.080154,-0.6957769,-0.888276,0.03882181,-0.457667,-2.904654,0.5492628,0.1268148,-12.49853,1.093716,-0.5379457,-0.9833589,0.02201547,0.1803359,-3.207493,0.7445633,-0.0128746,0.07431531
1731426978489,-12.31751,1.417066,-0.636548,-0.9958508,0.08061627,-0.04222238,0,0,0,-12.46449,1.080154,-0.6957769,-0.888276,0.03882181,-0.457667,0,0,0,-12.49853,1.093716,-0.5379457,-0.9833589,0.02201547,0.1803359,0,0,0,0.07431531
1731426978495,-12.31751,1.417066,-0.636548,-0.9958508,0.08061627,-0.04222238,0,0,0,-12.46449,1.080154,-0.6957769,-0.888276,0.03882181,-0.457667,0,0,0,-12.49853,1.093716,-0.5379457,-0.9833589,0.02201547,0.1803359,0,0,0,0.07431531
1731426978511,-12.35731,1.424725,-0.634429,-0.9975368,0.05767653,-0.0399251,-2.984405,0.5744487,0.1589298,-12.50098,1.086565,-0.6937571,-0.8958821,0.05698082,-0.4406236,-2.736497,0.4807681,0.1514912,-12.53986,1.103075,-0.5380011,-0.9866638,0.04348848,0.1568557,-3.099632,0.7018983,-0.004148483,0.07431531
1731426978516,-12.35731,1.424725,-0.634429,-0.9975368,0.05767653,-0.0399251,0,0,0,-12.50098,1.086565,-0.6937571,-0.8958821,0.05698082,-0.4406236,0,0,0,-12.53986,1.103075,-0.5380011,-0.9866638,0.04348848,0.1568557,0,0,0,0.07431531
1731426978539,-12.39692,1.431422,-0.6326332,-0.9974602,0.05941187,-0.03929269,-2.970958,0.5022436,0.1346827,-12.53706,1.091147,-0.6932564,-0.8986188,0.05074865,-0.4357857,-2.705884,0.3436804,0.03755093,-12.5793,1.111324,-0.5383911,-0.9862129,0.04939883,0.1579382,-2.957797,0.6187141,-0.02925396,0.07431531
1731426978544,-12.39692,1.431422,-0.6326332,-0.9974602,0.05941187,-0.03929269,0,0,0,-12.53706,1.091147,-0.6932564,-0.8986188,0.05074865,-0.4357857,0,0,0,-12.5793,1.111324,-0.5383911,-0.9862129,0.04939883,0.1579382,0,0,0,0.07431531
1731426978564,-12.43591,1.437129,-0.6315718,-0.9977439,0.05498234,-0.03852916,-2.924752,0.4280359,0.07960796,-12.57254,1.095379,-0.6927176,-0.8982748,0.02550901,-0.4386944,-2.661324,0.3173947,0.04041195,-12.61738,1.11811,-0.5383587,-0.9834024,0.02563397,0.1796181,-2.856302,0.5089045,0.00243187,0.07431531
1731426978570,-12.43591,1.437129,-0.6315718,-0.9977439,0.05498234,-0.03852916,0,0,0,-12.57254,1.095379,-0.6927176,-0.8982748,0.02550901,-0.4386944,0,0,0,-12.61738,1.11811,-0.5383587,-0.9834024,0.02563397,0.1796181,0,0,0,0.07431531
1731426978593,-12.47429,1.440683,-0.6303816,-0.9975898,0.05795059,-0.03817201,-2.878118,0.2665848,0.08926392,-12.60757,1.098486,-0.6914806,-0.9004277,0.02833057,-0.4340827,-2.627492,0.2330393,0.09276867,-12.65319,1.122036,-0.5397129,-0.9848498,0.002359752,0.1733945,-2.685714,0.2944708,-0.1015663,0.07431531
1731426978598,-12.47429,1.440683,-0.6303816,-0.9975898,0.05795059,-0.03817201,0,0,0,-12.60757,1.098486,-0.6914806,-0.9004277,0.02833057,-0.4340827,0,0,0,-12.65319,1.122036,-0.5397129,-0.9848498,0.002359752,0.1733945,0,0,0,0.07431531
1731426978620,-12.51249,1.441847,-0.6296825,-0.9972965,0.06249208,-0.03866565,-2.864814,0.0872612,0.05242825,-12.6428,1.099398,-0.6906137,-0.9019657,0.02360017,-0.431163,-2.641797,0.06842315,0.06501675,-12.68754,1.123122,-0.5427723,-0.9881053,-0.01499909,0.1530473,-2.575994,0.08142292,-0.229454,0.07431531
1731426978626,-12.51249,1.441847,-0.6296825,-0.9972965,0.06249208,-0.03866565,0,0,0,-12.6428,1.099398,-0.6906137,-0.9019657,0.02360017,-0.431163,0,0,0,-12.68754,1.123122,-0.5427723,-0.9881053,-0.01499909,0.1530473,0,0,0,0.07431531
1731426978648,-12.5501,1.440643,-0.6290874,-0.9970195,0.06574055,-0.04038179,-2.820969,-0.09024739,0.04463196,-12.67953,1.097621,-0.6896963,-0.9020295,0.01738093,-0.4313247,-2.755165,-0.1332968,0.0688076,-12.72176,1.120286,-0.5471382,-0.9928692,-0.005545894,0.1190819,-2.566838,-0.2126276,-0.3274441,0.07431531
1731426978653,-12.5501,1.440643,-0.6290874,-0.9970195,0.06574055,-0.04038179,0,0,0,-12.67953,1.097621,-0.6896963,-0.9020295,0.01738093,-0.4313247,0,0,0,-12.72176,1.120286,-0.5471382,-0.9928692,-0.005545894,0.1190819,0,0,0,0.07431531
1731426978676,-12.58755,1.437785,-0.6279459,-0.9964775,0.07130286,-0.04414451,-2.80838,-0.21438,0.08561611,-12.71673,1.093696,-0.6900597,-0.899952,0.01528617,-0.435722,-2.789569,-0.2944082,-0.02725124,-12.75721,1.114276,-0.5513391,-0.9956284,0.005424011,0.09324729,-2.658463,-0.450781,-0.3150702,0.07431531
1731426978683,-12.58755,1.437785,-0.6279459,-0.9964775,0.07130286,-0.04414451,0,0,0,-12.71673,1.093696,-0.6900597,-0.899952,0.01528617,-0.435722,0,0,0,-12.75721,1.114276,-0.5513391,-0.9956284,0.005424011,0.09324729,0,0,0,0.07431531
1731426978705,-12.6253,1.431869,-0.627717,-0.9961925,0.07326723,-0.04725134,-2.831411,-0.4436821,0.01716614,-12.75563,1.087033,-0.6900167,-0.8977813,0.01651312,-0.4401326,-2.9176,-0.4997224,0.003218651,-12.79502,1.10516,-0.5541592,-0.9964123,0.001547629,0.08462095,-2.836132,-0.6837308,-0.2115011,0.07431531
1731426978710,-12.6253,1.431869,-0.627717,-0.9961925,0.07326723,-0.04725134,0,0,0,-12.75563,1.087033,-0.6900167,-0.8977813,0.01651312,-0.4401326,0,0,0,-12.79502,1.10516,-0.5541592,-0.9964123,0.001547629,0.08462095,0,0,0,0.07431531
1731426978732,-12.66314,1.425507,-0.6279325,-0.996047,0.0743,-0.04868376,-2.838278,-0.477165,-0.01616478,-12.79408,1.079716,-0.6905842,-0.8958785,0.02153047,-0.4437774,-2.883625,-0.5487621,-0.04255772,-12.8337,1.095333,-0.5559683,-0.9966434,-0.0001647659,0.08186835,-2.90122,-0.7370353,-0.135684,0.07431531
1731426978738,-12.66314,1.425507,-0.6279325,-0.996047,0.0743,-0.04868376,0,0,0,-12.79408,1.079716,-0.6905842,-0.8958785,0.02153047,-0.4437774,0,0,0,-12.8337,1.095333,-0.5559683,-0.9966434,-0.0001647659,0.08186835,0,0,0,0.07431531
1731426978760,-12.70091,1.41758,-0.6286402,-0.9958084,0.07673673,-0.0497731,-2.832699,-0.5945474,-0.05307198,-12.83355,1.072184,-0.692338,-0.8903993,0.02382172,-0.4545571,-2.960801,-0.5648822,-0.1315355,-12.87382,1.085503,-0.5571566,-0.9957639,-0.004923027,0.09181643,-3.008294,-0.7372499,-0.08912086,0.07431531
1731426978765,-12.70091,1.41758,-0.6286402,-0.9958084,0.07673673,-0.0497731,0,0,0,-12.83355,1.072184,-0.692338,-0.8903993,0.02382172,-0.4545571,0,0,0,-12.87382,1.085503,-0.5571566,-0.9957639,-0.004923027,0.09181643,0,0,0,0.07431531
1731426978788,-12.73863,1.410458,-0.6297741,-0.9956235,0.07730874,-0.05251181,-2.829123,-0.5341083,-0.08504391,-12.87372,1.066067,-0.6945648,-0.8895912,0.03671629,-0.4552801,-3.012514,-0.4588187,-0.1670122,-12.9146,1.077255,-0.5577602,-0.994996,-0.006927099,0.09967649,-3.059149,-0.6185979,-0.04527569,0.07431531
1731426978794,-12.73863,1.410458,-0.6297741,-0.9956235,0.07730874,-0.05251181,0,0,0,-12.87372,1.066067,-0.6945648,-0.8895912,0.03671629,-0.4552801,0,0,0,-12.9146,1.077255,-0.5577602,-0.994996,-0.006927099,0.09967649,0,0,0,0.07431531
1731426978816,-12.77737,1.404695,-0.6315632,-0.9943773,0.08941113,-0.05674589,-2.905369,-0.432238,-0.134182,-12.91487,1.06094,-0.6976566,-0.8899105,0.05545148,-0.4527532,-3.086042,-0.3844678,-0.2318859,-12.956,1.07075,-0.5574932,-0.9949554,-0.0007186104,0.1003195,-3.104925,-0.4878581,0.02002716,0.07431531
1731426978822,-12.77737,1.404695,-0.6315632,-0.9943773,0.08941113,-0.05674589,0,0,0,-12.91487,1.06094,-0.6976566,-0.8899105,0.05545148,-0.4527532,0,0,0,-12.956,1.07075,-0.5574932,-0.9949554,-0.0007186104,0.1003195,0,0,0,0.07431531
1731426978827,-12.77737,1.404695,-0.6315632,-0.9943773,0.08941113,-0.05674589,0,0,0,-12.91487,1.06094,-0.6976566,-0.8899105,0.05545148,-0.4527532,0,0,0,-12.956,1.07075,-0.5574932,-0.9949554,-0.0007186104,0.1003195,0,0,0,0.07431531
1731426978844,-12.81635,1.400636,-0.6334248,-0.9934266,0.09955052,-0.05651307,-2.923393,-0.3044128,-0.1396179,-12.95804,1.05847,-0.7015123,-0.8831769,0.0650361,-0.4645102,-3.238177,-0.1852334,-0.2891779,-12.99871,1.06621,-0.5565805,-0.9931633,-0.009982987,0.1163066,-3.203201,-0.3405154,0.06844997,0.07516098
1731426978849,-12.81635,1.400636,-0.6334248,-0.9934266,0.09955052,-0.05651307,0,0,0,-12.95804,1.05847,-0.7015123,-0.8831769,0.0650361,-0.4645102,0,0,0,-12.99871,1.06621,-0.5565805,-0.9931633,-0.009982987,0.1163066,0,0,0,0.07516098
1731426978872,-12.85481,1.401708,-0.6350307,-0.9940491,0.09495828,-0.0533818,-2.884555,0.08042157,-0.1204491,-12.99856,1.061192,-0.7051563,-0.8813633,0.06011041,-0.4686002,-3.038549,0.2041161,-0.2732992,-13.03828,1.068273,-0.5555763,-0.9900082,-0.01679542,0.1400064,-2.967882,0.1547813,0.07531643,0.07998812
1731426978877,-12.85481,1.401708,-0.6350307,-0.9940491,0.09495828,-0.0533818,0,0,0,-12.99856,1.061192,-0.7051563,-0.8813633,0.06011041,-0.4686002,0,0,0,-13.03828,1.068273,-0.5555763,-0.9900082,-0.01679542,0.1400064,0,0,0,0.07998812
1731426978897,-12.89449,1.406991,-0.6366568,-0.9963899,0.07195383,-0.04505968,-2.975821,0.3961533,-0.1219511,-13.04099,1.061633,-0.7068386,-0.8817039,0.05598483,-0.4684701,-3.18253,0.03309846,-0.1261711,-13.07833,1.070157,-0.5542955,-0.987872,-0.01632232,0.1544111,-3.003716,0.141263,0.09605885,0.07998812
1731426978902,-12.89449,1.406991,-0.6366568,-0.9963899,0.07195383,-0.04505968,0,0,0,-13.04099,1.061633,-0.7068386,-0.8817039,0.05598483,-0.4684701,0,0,0,-13.07833,1.070157,-0.5542955,-0.987872,-0.01632232,0.1544111,0,0,0,0.07998812
1731426978925,-12.93442,1.416951,-0.6401262,-0.9960096,0.08106707,-0.03732777,-2.995062,0.7470399,-0.26021,-13.08237,1.063388,-0.7065563,-0.8816959,0.04195855,-0.46995,-3.103352,0.1315892,0.02117157,-13.11698,1.073303,-0.5523787,-0.9864802,-0.04038382,0.1588269,-2.898502,0.2359629,0.1437664,0.07998812
1731426978930,-12.93442,1.416951,-0.6401262,-0.9960096,0.08106707,-0.03732777,0,0,0,-13.08237,1.063388,-0.7065563,-0.8816959,0.04195855,-0.46995,0,0,0,-13.11698,1.073303,-0.5523787,-0.9864802,-0.04038382,0.1588269,0,0,0,0.07998812
1731426978954,-12.9711,1.42022,-0.6409063,-0.9939092,0.1045065,-0.03497672,-2.751017,0.2451986,-0.05850792,-13.12046,1.070773,-0.7050467,-0.8856491,0.01615802,-0.4640744,-2.856731,0.553894,0.113225,-13.15314,1.079298,-0.5495405,-0.9793201,-0.09446102,0.1789119,-2.712035,0.4496634,0.2128601,0.07998812
1731426978959,-12.9711,1.42022,-0.6409063,-0.9939092,0.1045065,-0.03497672,0,0,0,-13.12046,1.070773,-0.7050467,-0.8856491,0.01615802,-0.4640744,0,0,0,-13.15314,1.079298,-0.5495405,-0.9793201,-0.09446102,0.1789119,0,0,0,0.07998812
1731426978982,-13.00621,1.42344,-0.641305,-0.9960381,0.08149555,-0.03559506,-2.633142,0.2414346,-0.02989769,-13.15385,1.080897,-0.7021132,-0.8999973,0.06016168,-0.4317241,-2.504182,0.7592618,0.2200127,-13.18533,1.087173,-0.546813,-0.9814767,-0.1067623,0.1590782,-2.413845,0.5906224,0.2045631,0.07998812
1731426978986,-13.00621,1.42344,-0.641305,-0.9960381,0.08149555,-0.03559506,0,0,0,-13.15385,1.080897,-0.7021132,-0.8999973,0.06016168,-0.4317241,0,0,0,-13.18533,1.087173,-0.546813,-0.9814767,-0.1067623,0.1590782,0,0,0,0.07998812
1731426979010,-13.04179,1.430673,-0.6414728,-0.9971536,0.0676598,-0.03327656,-2.668118,0.5424947,-0.0125885,-13.1891,1.089594,-0.7008858,-0.9057958,0.1072497,-0.4099165,-2.644229,0.6523401,0.09205341,-13.21729,1.094058,-0.5478382,-0.9886714,-0.05551109,0.1394538,-2.397466,0.5163521,-0.07688999,0.07998812
1731426979015,-13.04179,1.430673,-0.6414728,-0.9971536,0.0676598,-0.03327656,0,0,0,-13.1891,1.089594,-0.7008858,-0.9057958,0.1072497,-0.4099165,0,0,0,-13.21729,1.094058,-0.5478382,-0.9886714,-0.05551109,0.1394538,0,0,0,0.07998812
1731426979038,-13.07747,1.436985,-0.6401815,-0.9965785,0.07592044,-0.03267753,-2.676702,0.4734188,0.09684563,-13.22501,1.094202,-0.6985016,-0.9087505,0.08964849,-0.407598,-2.692652,0.3455758,0.1788139,-13.24882,1.098639,-0.5448627,-0.9876169,-0.03753585,0.152329,-2.364349,0.3435284,0.2231598,0.07998812
1731426979044,-13.07747,1.436985,-0.6401815,-0.9965785,0.07592044,-0.03267753,0,0,0,-13.22501,1.094202,-0.6985016,-0.9087505,0.08964849,-0.407598,0,0,0,-13.24882,1.098639,-0.5448627,-0.9876169,-0.03753585,0.152329,0,0,0,0.07998812
1731426979064,-13.11239,1.44114,-0.6406317,-0.9964501,0.07791181,-0.03189933,-2.618408,0.3115922,-0.03376007,-13.26121,1.097555,-0.6972885,-0.9079034,0.04546117,-0.416708,-2.715468,0.2514839,0.09098053,-13.28132,1.101825,-0.540597,-0.9823523,-0.06320006,0.1760398,-2.437735,0.2390206,0.3199339,0.07998812
1731426979069,-13.11239,1.44114,-0.6406317,-0.9964501,0.07791181,-0.03189933,0,0,0,-13.26121,1.097555,-0.6972885,-0.9079034,0.04546117,-0.416708,0,0,0,-13.28132,1.101825,-0.540597,-0.9823523,-0.06320006,0.1760398,0,0,0,0.07998812
1731426979092,-13.14734,1.443494,-0.6398592,-0.9966292,0.0764988,-0.02963936,-2.621555,0.1766056,0.05793571,-13.29468,1.100766,-0.6951494,-0.9094144,0.04110265,-0.4138559,-2.509761,0.2407998,0.1604319,-13.31319,1.103356,-0.5376434,-0.9803743,-0.09498708,0.1727546,-2.390099,0.1147807,0.2215147,0.07998812
1731426979097,-13.14734,1.443494,-0.6398592,-0.9966292,0.0764988,-0.02963936,0,0,0,-13.29468,1.100766,-0.6951494,-0.9094144,0.04110265,-0.4138559,0,0,0,-13.31319,1.103356,-0.5376434,-0.9803743,-0.09498708,0.1727546,0,0,0,0.07998812
1731426979120,-13.18239,1.443425,-0.6380157,-0.9966733,0.07701537,-0.02667212,-2.628565,-0.005212426,0.1382589,-13.32852,1.1018,-0.6927824,-0.9144363,0.04235152,-0.4025084,-2.538157,0.07753372,0.1775265,-13.34664,1.10223,-0.5355558,-0.9800742,-0.09511284,0.1743795,-2.509189,-0.08445382,0.1565695,0.07998812
1731426979125,-13.18239,1.443425,-0.6380157,-0.9966733,0.07701537,-0.02667212,0,0,0,-13.32852,1.1018,-0.6927824,-0.9144363,0.04235152,-0.4025084,0,0,0,-13.34664,1.10223,-0.5355558,-0.9800742,-0.09511284,0.1743795,0,0,0,0.07998812
1731426979148,-13.21752,1.441404,-0.6361952,-0.9968047,0.07602014,-0.02452683,-2.634716,-0.1515448,0.1365423,-13.36148,1.101687,-0.6920013,-0.920534,0.04020266,-0.3885893,-2.471924,-0.008448958,0.05857944,-13.38116,1.098544,-0.5361681,-0.9776651,-0.09311032,0.188419,-2.588439,-0.2764195,-0.04591942,0.07998812
1731426979154,-13.21752,1.441404,-0.6361952,-0.9968047,0.07602014,-0.02452683,0,0,0,-13.36148,1.101687,-0.6920013,-0.920534,0.04020266,-0.3885893,0,0,0,-13.38116,1.098544,-0.5361681,-0.9776651,-0.09311032,0.188419,0,0,0,0.07998812
1731426979176,-13.25314,1.437464,-0.6342564,-0.996907,0.07527331,-0.02260041,-2.671909,-0.2954811,0.1454115,-13.39472,1.100062,-0.6900587,-0.9273032,0.05890727,-0.3696477,-2.493095,-0.1219064,0.1456976,-13.41765,1.092876,-0.5357065,-0.9756646,-0.1003923,0.1949373,-2.737427,-0.4251301,0.03461838,0.07998812
1731426979181,-13.25314,1.437464,-0.6342564,-0.996907,0.07527331,-0.02260041,0,0,0,-13.39472,1.100062,-0.6900587,-0.9273032,0.05890727,-0.3696477,0,0,0,-13.41765,1.092876,-0.5357065,-0.9756646,-0.1003923,0.1949373,0,0,0,0.07998812
1731426979186,-13.25314,1.437464,-0.6342564,-0.996907,0.07527331,-0.02260041,0,0,0,-13.39472,1.100062,-0.6900587,-0.9273032,0.05890727,-0.3696477,0,0,0,-13.41765,1.092876,-0.5357065,-0.9756646,-0.1003923,0.1949373,0,0,0,0.07998812
1731426979204,-13.28904,1.43205,-0.6322708,-0.997077,0.07321948,-0.02183068,-2.691936,-0.4061222,0.1489162,-13.42919,1.096147,-0.6890268,-0.9274403,0.06952337,-0.3674519,-2.58522,-0.2936035,0.07739067,-13.45518,1.085852,-0.535223,-0.9749511,-0.1049678,0.1960925,-2.814388,-0.5267769,0.03626347,0.07998812
1731426979209,-13.28904,1.43205,-0.6322708,-0.997077,0.07321948,-0.02183068,0,0,0,-13.42919,1.096147,-0.6890268,-0.9274403,0.06952337,-0.3674519,0,0,0,-13.45518,1.085852,-0.535223,-0.9749511,-0.1049678,0.1960925,0,0,0,0.07998812
1731426979232,-13.32536,1.425332,-0.630228,-0.9971779,0.07157013,-0.02267694,-2.724123,-0.5038351,0.1532078,-13.46538,1.090199,-0.6876488,-0.9242344,0.06418794,-0.376392,-2.714682,-0.4460961,0.1033545,-13.49213,1.078476,-0.5354147,-0.9755217,-0.1035981,0.1939712,-2.770972,-0.5532324,-0.01437664,0.07998812
1731426979237,-13.32536,1.425332,-0.630228,-0.9971779,0.07157013,-0.02267694,0,0,0,-13.46538,1.090199,-0.6876488,-0.9242344,0.06418794,-0.376392,0,0,0,-13.49213,1.078476,-0.5354147,-0.9755217,-0.1035981,0.1939712,0,0,0,0.07998812
1731426979260,-13.3618,1.41745,-0.6277266,-0.9971114,0.07152724,-0.02555585,-2.733564,-0.591141,0.1876116,-13.50236,1.083423,-0.6854229,-0.9255754,0.06266472,-0.3733414,-2.77319,-0.5082071,0.1669407,-13.53043,1.071344,-0.5342588,-0.9756714,-0.09347285,0.1983144,-2.872467,-0.5348414,0.086689,0.07998812
1731426979265,-13.3618,1.41745,-0.6277266,-0.9971114,0.07152724,-0.02555585,0,0,0,-13.50236,1.083423,-0.6854229,-0.9255754,0.06266472,-0.3733414,0,0,0,-13.53043,1.071344,-0.5342588,-0.9756714,-0.09347285,0.1983144,0,0,0,0.07998812
1731426979288,-13.39878,1.409397,-0.6249533,-0.9967846,0.07493628,-0.02837861,-2.77319,-0.6039619,0.2079964,-13.53997,1.076193,-0.6819906,-0.9244004,0.07421178,-0.3741353,-2.820683,-0.5422175,0.2574205,-13.56878,1.066052,-0.5307817,-0.9765725,-0.06802079,0.2041566,-2.876616,-0.3969401,0.2607822,0.07998812
1731426979293,-13.39878,1.409397,-0.6249533,-0.9967846,0.07493628,-0.02837861,0,0,0,-13.53997,1.076193,-0.6819906,-0.9244004,0.07421178,-0.3741353,0,0,0,-13.56878,1.066052,-0.5307817,-0.9765725,-0.06802079,0.2041566,0,0,0,0.07998812
1731426979316,-13.43627,1.402881,-0.621336,-0.9965225,0.07646532,-0.03310931,-2.81167,-0.4886895,0.2712965,-13.57993,1.067574,-0.681056,-0.9178488,0.07565773,-0.389654,-2.997351,-0.6464839,0.07009506,-13.60902,1.060782,-0.528904,-0.9791256,-0.04262334,0.1987375,-3.017664,-0.3952503,0.1408339,0.07998812
1731426979322,-13.43627,1.402881,-0.621336,-0.9965225,0.07646532,-0.03310931,0,0,0,-13.57993,1.067574,-0.681056,-0.9178488,0.07565773,-0.389654,0,0,0,-13.60902,1.060782,-0.528904,-0.9791256,-0.04262334,0.1987375,0,0,0,0.07998812
1731426979344,-13.47401,1.401451,-0.617341,-0.9966141,0.07413879,-0.03555417,-2.830482,-0.1072526,0.2996206,-13.62008,1.064614,-0.6769228,-0.907629,0.06547901,-0.4146359,-3.010798,-0.2219886,0.3099918,-13.65009,1.062134,-0.5232658,-0.9794899,-0.03979034,0.1975262,-3.08032,0.1014322,0.4228592,0.08408046
1731426979349,-13.47401,1.401451,-0.617341,-0.9966141,0.07413879,-0.03555417,0,0,0,-13.62008,1.064614,-0.6769228,-0.907629,0.06547901,-0.4146359,0,0,0,-13.65009,1.062134,-0.5232658,-0.9794899,-0.03979034,0.1975262,0,0,0,0.08408046
1731426979372,-13.51274,1.401438,-0.6134377,-0.9959749,0.08081099,-0.03878105,-2.904725,-0.0009566545,0.2927542,-13.65963,1.064906,-0.6752586,-0.9000728,0.050691,-0.4327819,-2.966452,0.02188683,0.1248121,-13.69013,1.066263,-0.5192719,-0.9763758,-0.02829564,0.2142196,-3.00293,0.3096431,0.2995491,0.08658576
1731426979379,-13.51274,1.401438,-0.6134377,-0.9959749,0.08081099,-0.03878105,0,0,0,-13.65963,1.064906,-0.6752586,-0.9000728,0.050691,-0.4327819,0,0,0,-13.69013,1.066263,-0.5192719,-0.9763758,-0.02829564,0.2142196,0,0,0,0.08658576
1731426979399,-13.55103,1.405068,-0.6093073,-0.9969426,0.06523854,-0.04301047,-2.872181,0.2722442,0.3097773,-13.69889,1.066697,-0.6714392,-0.8997301,0.05223292,-0.4333104,-2.944851,0.1343697,0.2864599,-13.73061,1.071798,-0.5153027,-0.9809378,0.001068048,0.1943199,-3.035975,0.4151255,0.2976894,0.08658576
1731426979404,-13.55103,1.405068,-0.6093073,-0.9969426,0.06523854,-0.04301047,0,0,0,-13.69889,1.066697,-0.6714392,-0.8997301,0.05223292,-0.4333104,0,0,0,-13.73061,1.071798,-0.5153027,-0.9809378,0.001068048,0.1943199,0,0,0,0.08658576
1731426979408,-13.55103,1.405068,-0.6093073,-0.9969426,0.06523854,-0.04301047,0,0,0,-13.69889,1.066697,-0.6714392,-0.8997301,0.05223292,-0.4333104,0,0,0,-13.73061,1.071798,-0.5153027,-0.9809378,0.001068048,0.1943199,0,0,0,0.08658576
1731426979426,-13.5907,1.411854,-0.6063967,-0.9960984,0.0723317,-0.05056357,-2.975178,0.5089223,0.2182961,-13.73916,1.071427,-0.6683264,-0.8949165,0.05616023,-0.4426861,-3.020096,0.3547668,0.2334595,-13.77366,1.077922,-0.5130644,-0.9859088,-0.001744969,0.1672757,-3.229237,0.4593283,0.1678705,0.08658576
1731426979430,-13.5907,1.411854,-0.6063967,-0.9960984,0.0723317,-0.05056357,0,0,0,-13.73916,1.071427,-0.6683264,-0.8949165,0.05616023,-0.4426861,0,0,0,-13.77366,1.077922,-0.5130644,-0.9859088,-0.001744969,0.1672757,0,0,0,0.08658576
1731426979453,-13.63055,1.417357,-0.6036463,-0.9930361,0.1017913,-0.05931318,-2.988768,0.4127562,0.2062798,-13.77741,1.076615,-0.6675119,-0.8873658,0.03451594,-0.4597731,-2.868748,0.3890812,0.06108284,-13.81436,1.084041,-0.5122375,-0.9866363,-0.006675514,0.1628023,-3.052568,0.4589081,0.06201267,0.08658576
1731426979480,-13.66919,1.421482,-0.6014814,-0.9921927,0.1097675,-0.05920362,-2.897787,0.309357,0.1623631,-13.8133,1.084411,-0.6661348,-0.8818731,0.01933103,-0.4710913,-2.691936,0.5846769,0.1032829,-13.85273,1.092353,-0.5108814,-0.987219,0.001659035,0.1593623,-2.877331,0.6234169,0.1017094,0.08658576
1731426979486,-13.66919,1.421482,-0.6014814,-0.9921927,0.1097675,-0.05920362,0,0,0,-13.8133,1.084411,-0.6661348,-0.8818731,0.01933103,-0.4710913,0,0,0,-13.85273,1.092353,-0.5108814,-0.987219,0.001659035,0.1593623,0,0,0,0.08658576
1731426979508,-13.70782,1.426257,-0.6000729,-0.9951242,0.08345787,-0.0525614,-2.897072,0.3581375,0.1056433,-13.84825,1.091947,-0.6636534,-0.88993,0.044756,-0.4538966,-2.621126,0.565213,0.1861095,-13.89139,1.099729,-0.5123711,-0.9929671,0.01928452,0.1168116,-2.899647,0.5531609,-0.1117229,0.08658576
1731426979513,-13.70782,1.426257,-0.6000729,-0.9951242,0.08345787,-0.0525614,0,0,0,-13.84825,1.091947,-0.6636534,-0.88993,0.044756,-0.4538966,0,0,0,-13.89139,1.099729,-0.5123711,-0.9929671,0.01928452,0.1168116,0,0,0,0.08658576
1731426979536,-13.74677,1.432641,-0.600214,-0.9966157,0.06579927,-0.04927504,-2.921391,0.4788101,-0.01058578,-13.88355,1.096608,-0.6608753,-0.8918278,0.07037226,-0.4468687,-2.647161,0.3495723,0.208354,-13.92934,1.105889,-0.5137529,-0.9937171,0.02224311,0.1096904,-2.846146,0.4619926,-0.1036406,0.08658576
1731426979541,-13.74677,1.432641,-0.600214,-0.9966157,0.06579927,-0.04927504,0,0,0,-13.88355,1.096608,-0.6608753,-0.8918278,0.07037226,-0.4468687,0,0,0,-13.92934,1.105889,-0.5137529,-0.9937171,0.02224311,0.1096904,0,0,0,0.08658576
1731426979547,-13.74677,1.432641,-0.600214,-0.9966157,0.06579927,-0.04927504,0,0,0,-13.88355,1.096608,-0.6608753,-0.8918278,0.07037226,-0.4468687,0,0,0,-13.92934,1.105889,-0.5137529,-0.9937171,0.02224311,0.1096904,0,0,0,0.08658576
1731426979564,-13.78536,1.437671,-0.5998945,-0.996986,0.06199213,-0.04665291,-2.894211,0.3772527,0.02396107,-13.92034,1.098758,-0.6597776,-0.8959856,0.03213988,-0.4429191,-2.759171,0.1612365,0.08232594,-13.96602,1.111395,-0.5145283,-0.9910063,0.01427342,0.1330531,-2.751017,0.4129976,-0.05815029,0.08658576
1731426979569,-13.78536,1.437671,-0.5998945,-0.996986,0.06199213,-0.04665291,0,0,0,-13.92034,1.098758,-0.6597776,-0.8959856,0.03213988,-0.4429191,0,0,0,-13.96602,1.111395,-0.5145283,-0.9910063,0.01427342,0.1330531,0,0,0,0.08658576
1731426979591,-13.82379,1.441487,-0.6002378,-0.9968628,0.0639849,-0.04659235,-2.882051,0.2861559,-0.02574921,-13.95461,1.100719,-0.6599131,-0.8962364,0.005433446,-0.4435443,-2.5702,0.1471102,-0.01015663,-14.00065,1.115386,-0.5158691,-0.9910266,-0.009442776,0.1333309,-2.597523,0.2992898,-0.100565,0.08658576
1731426979597,-13.82379,1.441487,-0.6002378,-0.9968628,0.0639849,-0.04659235,0,0,0,-13.95461,1.100719,-0.6599131,-0.8962364,0.005433446,-0.4435443,0,0,0,-14.00065,1.115386,-0.5158691,-0.9910266,-0.009442776,0.1333309,0,0,0,0.08658576
1731426979618,-13.86179,1.442597,-0.6003313,-0.9962921,0.07136074,-0.04806471,-2.850151,0.08327365,-0.007009506,-13.98904,1.101168,-0.6607981,-0.8925192,8.997694E-05,-0.4510102,-2.582359,0.03367066,-0.06637573,-14.03478,1.116682,-0.5190392,-0.9913532,-0.03701992,0.1258916,-2.559614,0.09722114,-0.237751,0.08658576
1731426979624,-13.86179,1.442597,-0.6003313,-0.9962921,0.07136074,-0.04806471,0,0,0,-13.98904,1.101168,-0.6607981,-0.8925192,8.997694E-05,-0.4510102,0,0,0,-14.03478,1.116682,-0.5190392,-0.9913532,-0.03701992,0.1258916,0,0,0,0.08658576
1731426979647,-13.89925,1.440804,-0.6005268,-0.9961028,0.07358627,-0.04862988,-2.809668,-0.1345038,-0.01466274,-14.02584,1.098187,-0.6601114,-0.8937517,0.001283247,-0.448561,-2.760172,-0.22358,0.05149841,-14.0687,1.11404,-0.5228958,-0.9925286,-0.05044173,0.1110986,-2.543592,-0.1981616,-0.2892494,0.08658576
1731426979653,-13.89925,1.440804,-0.6005268,-0.9961028,0.07358627,-0.04862988,0,0,0,-14.02584,1.098187,-0.6601114,-0.8937517,0.001283247,-0.448561,0,0,0,-14.0687,1.11404,-0.5228958,-0.9925286,-0.05044173,0.1110986,0,0,0,0.08658576
1731426979675,-13.93651,1.437143,-0.6004744,-0.9957522,0.07692077,-0.05060554,-2.794504,-0.2745509,0.003933907,-14.06305,1.093879,-0.6614943,-0.8959677,-0.005782321,-0.4440823,-2.790499,-0.3231078,-0.1037121,-14.10313,1.109279,-0.5292549,-0.9946829,-0.03810724,0.09567738,-2.582502,-0.3570914,-0.4769325,0.08658576
1731426979681,-13.93651,1.437143,-0.6004744,-0.9957522,0.07692077,-0.05060554,0,0,0,-14.06305,1.093879,-0.6614943,-0.8959677,-0.005782321,-0.4440823,0,0,0,-14.10313,1.109279,-0.5292549,-0.9946829,-0.03810724,0.09567738,0,0,0,0.08658576
1731426979703,-13.97442,1.432805,-0.6017494,-0.9953026,0.08017674,-0.05426931,-2.843428,-0.3253341,-0.09562969,-14.10244,1.088093,-0.6631832,-0.8942842,0.003905365,-0.4474828,-2.954721,-0.4339635,-0.1266718,-14.14007,1.101653,-0.5344372,-0.9956997,-0.03210318,0.08690125,-2.770758,-0.5719274,-0.38867,0.08658576
1731426979709,-13.97442,1.432805,-0.6017494,-0.9953026,0.08017674,-0.05426931,0,0,0,-14.10244,1.088093,-0.6631832,-0.8942842,0.003905365,-0.4474828,0,0,0,-14.14007,1.101653,-0.5344372,-0.9956997,-0.03210318,0.08690125,0,0,0,0.08658576
1731426979731,-14.01182,1.427164,-0.6028938,-0.9948,0.08298282,-0.05905366,-2.804518,-0.4231095,-0.08583069,-14.14098,1.081926,-0.6644392,-0.8893989,0.01426405,-0.45691,-2.890491,-0.462538,-0.09419918,-14.17731,1.09312,-0.5389614,-0.9960584,-0.03796523,0.08016807,-2.792645,-0.639993,-0.3393173,0.08658576
1731426979736,-14.01182,1.427164,-0.6028938,-0.9948,0.08298282,-0.05905366,0,0,0,-14.14098,1.081926,-0.6644392,-0.8893989,0.01426405,-0.45691,0,0,0,-14.17731,1.09312,-0.5389614,-0.9960584,-0.03796523,0.08016807,0,0,0,0.08658576
1731426979759,-14.04939,1.421099,-0.6054058,-0.9942539,0.08728993,-0.06197035,-2.817678,-0.454849,-0.1883984,-14.18103,1.076074,-0.6666622,-0.88794,0.0143106,-0.4597371,-3.003359,-0.438872,-0.1667261,-14.2165,1.084037,-0.5428391,-0.9957252,-0.03856822,0.08392972,-2.939415,-0.6812453,-0.290823,0.08658576
1731426979765,-14.04939,1.421099,-0.6054058,-0.9942539,0.08728993,-0.06197035,0,0,0,-14.18103,1.076074,-0.6666622,-0.88794,0.0143106,-0.4597371,0,0,0,-14.2165,1.084037,-0.5428391,-0.9957252,-0.03856822,0.08392972,0,0,0,0.08658576
1731426979787,-14.08645,1.414725,-0.6081047,-0.993775,0.09202708,-0.06279123,-2.779627,-0.4780769,-0.2024174,-14.22022,1.071468,-0.6700096,-0.888195,0.01929266,-0.459062,-2.939558,-0.3454864,-0.2510548,-14.25608,1.07669,-0.5450191,-0.9939665,-0.04532266,0.09988284,-2.968597,-0.5510062,-0.1635075,0.08658576
1731426979792,-14.08645,1.414725,-0.6081047,-0.993775,0.09202708,-0.06279123,0,0,0,-14.22022,1.071468,-0.6700096,-0.888195,0.01929266,-0.459062,0,0,0,-14.25608,1.07669,-0.5450191,-0.9939665,-0.04532266,0.09988284,0,0,0,0.08658576
1731426979815,-14.12401,1.409516,-0.611824,-0.9937671,0.09254926,-0.06214583,-2.81682,-0.3906369,-0.2789497,-14.25841,1.068169,-0.6738796,-0.8864427,0.03205585,-0.4617276,-2.864027,-0.247398,-0.2902508,-14.29458,1.07136,-0.5468044,-0.9939268,-0.0506179,0.09771091,-2.887774,-0.3997564,-0.1338959,0.08658576
1731426979821,-14.12401,1.409516,-0.611824,-0.9937671,0.09254926,-0.06214583,0,0,0,-14.25841,1.068169,-0.6738796,-0.8864427,0.03205585,-0.4617276,0,0,0,-14.29458,1.07136,-0.5468044,-0.9939268,-0.0506179,0.09771091,0,0,0,0.08658576
1731426979843,-14.16241,1.406397,-0.6161709,-0.9937446,0.09259085,-0.06244314,-2.880192,-0.2339154,-0.3260136,-14.29829,1.066264,-0.6786366,-0.883494,0.0453231,-0.4662449,-2.991199,-0.1428455,-0.3567696,-14.33392,1.068765,-0.5493431,-0.9951291,-0.03891704,0.09057456,-2.950001,-0.1945764,-0.1904011,0.08658576
1731426979850,-14.16241,1.406397,-0.6161709,-0.9937446,0.09259085,-0.06244314,0,0,0,-14.29829,1.066264,-0.6786366,-0.883494,0.0453231,-0.4662449,0,0,0,-14.33392,1.068765,-0.5493431,-0.9951291,-0.03891704,0.09057456,0,0,0,0.08658576
1731426979855,-14.16241,1.406397,-0.6161709,-0.9937446,0.09259085,-0.06244314,0,0,0,-14.29829,1.066264,-0.6786366,-0.883494,0.0453231,-0.4662449,0,0,0,-14.33392,1.068765,-0.5493431,-0.9951291,-0.03891704,0.09057456,0,0,0,0.08658576
1731426979871,-14.20033,1.40406,-0.6200542,-0.9927737,0.1028709,-0.06179547,-2.844143,-0.1753449,-0.2912521,-14.33944,1.066166,-0.6838932,-0.8839411,0.04447552,-0.4654789,-3.086329,-0.007402897,-0.394249,-14.3749,1.069081,-0.5511475,-0.994173,-0.03842296,0.1007181,-3.073454,0.02369285,-0.1353264,0.08658576
1731426979876,-14.20033,1.40406,-0.6200542,-0.9927737,0.1028709,-0.06179547,0,0,0,-14.33944,1.066166,-0.6838932,-0.8839411,0.04447552,-0.4654789,0,0,0,-14.3749,1.069081,-0.5511475,-0.994173,-0.03842296,0.1007181,0,0,0,0.08658576
1731426979898,-14.23831,1.405869,-0.6250286,-0.9950564,0.08161075,-0.05659664,-2.848148,0.135693,-0.3730774,-14.37896,1.066998,-0.6890087,-0.8842247,0.03799578,-0.4655144,-2.963877,0.06239712,-0.3836632,-14.4137,1.0708,-0.5535812,-0.9939113,-0.03777539,0.1035071,-2.910233,0.1289248,-0.1825333,0.08658576
1731426979904,-14.23831,1.405869,-0.6250286,-0.9950564,0.08161075,-0.05659664,0,0,0,-14.37896,1.066998,-0.6890087,-0.8842247,0.03799578,-0.4655144,0,0,0,-14.4137,1.0708,-0.5535812,-0.9939113,-0.03777539,0.1035071,0,0,0,0.08658576
1731426979924,-14.27757,1.411274,-0.6294918,-0.994431,0.09127311,-0.05269408,-2.944994,0.405398,-0.3347397,-14.42126,1.069379,-0.6920547,-0.8839298,0.04529398,-0.4654206,-3.172159,0.1785904,-0.2284527,-14.45418,1.075335,-0.5559139,-0.9940118,-0.02954148,0.1052054,-3.036261,0.3400683,-0.1749516,0.08658576
1731426979930,-14.27757,1.411274,-0.6294918,-0.994431,0.09127311,-0.05269408,0,0,0,-14.42126,1.069379,-0.6920547,-0.8839298,0.04529398,-0.4654206,0,0,0,-14.45418,1.075335,-0.5559139,-0.9940118,-0.02954148,0.1052054,0,0,0,0.08658576
1731426979952,-14.31739,1.418524,-0.6339283,-0.9917712,0.1184778,-0.04851258,-2.986193,0.5437374,-0.332737,-14.46528,1.072825,-0.6939793,-0.8830822,0.02202587,-0.4687011,-3.30205,0.2584398,-0.1443386,-14.49564,1.080858,-0.5564919,-0.9920049,-0.03569279,0.1210486,-3.109503,0.4142225,-0.0433445,0.08658576
1731426979957,-14.31739,1.418524,-0.6339283,-0.9917712,0.1184778,-0.04851258,0,0,0,-14.46528,1.072825,-0.6939793,-0.8830822,0.02202587,-0.4687011,0,0,0,-14.49564,1.080858,-0.5564919,-0.9920049,-0.03569279,0.1210486,0,0,0,0.08658576
1731426979980,-14.35537,1.422804,-0.6382465,-0.9911484,0.12361,-0.0484308,-2.848721,0.32098,-0.3238678,-14.50627,1.078855,-0.69664,-0.8862562,-0.009889327,-0.463091,-3.07374,0.4523009,-0.1995564,-14.53453,1.087119,-0.5559235,-0.9882063,-0.05143531,0.1442323,-2.91667,0.469619,0.04262924,0.08658576
1731426979986,-14.35537,1.422804,-0.6382465,-0.9911484,0.12361,-0.0484308,0,0,0,-14.50627,1.078855,-0.69664,-0.8862562,-0.009889327,-0.463091,0,0,0,-14.53453,1.087119,-0.5559235,-0.9882063,-0.05143531,0.1442323,0,0,0,0.08658576
1731426980009,-14.39353,1.427,-0.6419678,-0.9936981,0.09979759,-0.05103838,-2.861881,0.3147125,-0.2790928,-14.54387,1.086962,-0.6954746,-0.8957151,0.04020226,-0.4428079,-2.820253,0.6079674,0.08740425,-14.57082,1.094686,-0.5537701,-0.9889778,-0.03768596,0.1431884,-2.721262,0.5675018,0.1615047,0.08658576
1731426980014,-14.39353,1.427,-0.6419678,-0.9936981,0.09979759,-0.05103838,0,0,0,-14.54387,1.086962,-0.6954746,-0.8957151,0.04020226,-0.4428079,0,0,0,-14.57082,1.094686,-0.5537701,-0.9889778,-0.03768596,0.1431884,0,0,0,0.08658576
1731426980036,-14.43246,1.43369,-0.6438122,-0.9943015,0.09315334,-0.05183768,-2.919674,0.501734,-0.1383305,-14.58146,1.091993,-0.6939125,-0.8997765,0.07257511,-0.4302744,-2.819538,0.3773868,0.1171589,-14.60512,1.100814,-0.5513554,-0.9886869,-0.02032548,0.1486121,-2.572632,0.4596144,0.1811028,0.08658576
1731426980041,-14.43246,1.43369,-0.6438122,-0.9943015,0.09315334,-0.05183768,0,0,0,-14.58146,1.091993,-0.6939125,-0.8997765,0.07257511,-0.4302744,0,0,0,-14.60512,1.100814,-0.5513554,-0.9886869,-0.02032548,0.1486121,0,0,0,0.08658576
1731426980062,-14.47038,1.43889,-0.6453381,-0.9943726,0.09065579,-0.0548203,-2.844429,0.3900647,-0.1144409,-14.6198,1.096004,-0.6935215,-0.9043505,0.06249922,-0.4221902,-2.875328,0.3008187,0.02932549,-14.64016,1.1053,-0.5483074,-0.9865925,-0.01400519,0.1626015,-2.627993,0.3364384,0.2285957,0.08658576
1731426980067,-14.47038,1.43889,-0.6453381,-0.9943726,0.09065579,-0.0548203,0,0,0,-14.6198,1.096004,-0.6935215,-0.9043505,0.06249922,-0.4221902,0,0,0,-14.64016,1.1053,-0.5483074,-0.9865925,-0.01400519,0.1626015,0,0,0,0.08658576
1731426980090,-14.50849,1.442523,-0.6457958,-0.9946966,0.0873326,-0.05433321,-2.858162,0.2724677,-0.03433228,-14.65586,1.100222,-0.6950188,-0.9069885,0.03746984,-0.4194862,-2.704096,0.3163397,-0.1122952,-14.67559,1.107584,-0.545414,-0.9841189,-0.02716511,0.1754202,-2.657604,0.1713037,0.2170086,0.08658576
1731426980095,-14.50849,1.442523,-0.6457958,-0.9946966,0.0873326,-0.05433321,0,0,0,-14.65586,1.100222,-0.6950188,-0.9069885,0.03746984,-0.4194862,0,0,0,-14.67559,1.107584,-0.545414,-0.9841189,-0.02716511,0.1754202,0,0,0,0.08658576
1731426980119,-14.54647,1.444281,-0.6454124,-0.9944491,0.09208117,-0.0509181,-2.848148,0.1318485,0.02875328,-14.69072,1.103373,-0.6956387,-0.9064424,0.02173431,-0.4217706,-2.614403,0.2362937,-0.04649162,-14.71309,1.106504,-0.5411091,-0.9812917,-0.05652846,0.1840425,-2.811956,-0.08101165,0.3228664,0.08658576
1731426980124,-14.54647,1.444281,-0.6454124,-0.9944491,0.09208117,-0.0509181,0,0,0,-14.69072,1.103373,-0.6956387,-0.9064424,0.02173431,-0.4217706,0,0,0,-14.71309,1.106504,-0.5411091,-0.9812917,-0.05652846,0.1840425,0,0,0,0.08658576
1731426980148,-14.58446,1.443473,-0.6447868,-0.9940348,0.09747367,-0.04893124,-2.849579,-0.06060004,0.04692078,-14.72527,1.103232,-0.6963272,-0.9095573,0.0259461,-0.4147688,-2.591515,-0.01057684,-0.05164146,-14.75034,1.103327,-0.5403748,-0.9762304,-0.06460755,0.206882,-2.793932,-0.2382874,0.05507469,0.08658576
1731426980153,-14.58446,1.443473,-0.6447868,-0.9940348,0.09747367,-0.04893124,0,0,0,-14.72527,1.103232,-0.6963272,-0.9095573,0.0259461,-0.4147688,0,0,0,-14.75034,1.103327,-0.5403748,-0.9762304,-0.06460755,0.206882,0,0,0,0.08658576
1731426980176,-14.62252,1.439519,-0.6441898,-0.9942933,0.09694517,-0.0445292,-2.854013,-0.296545,0.04477501,-14.76151,1.098223,-0.6954117,-0.9189736,0.03237713,-0.3929882,-2.717972,-0.3756255,0.06866455,-14.78896,1.098084,-0.5395679,-0.9719168,-0.06031488,0.2274647,-2.8965,-0.3932118,0.06051064,0.08658576
1731426980181,-14.62252,1.439519,-0.6441898,-0.9942933,0.09694517,-0.0445292,0,0,0,-14.76151,1.098223,-0.6954117,-0.9189736,0.03237713,-0.3929882,0,0,0,-14.78896,1.098084,-0.5395679,-0.9719168,-0.06031488,0.2274647,0,0,0,0.08658576
1731426980186,-14.62252,1.439519,-0.6441898,-0.9942933,0.09694517,-0.0445292,0,0,0,-14.76151,1.098223,-0.6954117,-0.9189736,0.03237713,-0.3929882,0,0,0,-14.78896,1.098084,-0.5395679,-0.9719168,-0.06031488,0.2274647,0,0,0,0.08658576
1731426980203,-14.66071,1.434172,-0.6432991,-0.9945414,0.09673312,-0.03912461,-2.864599,-0.4010439,0.06680489,-14.79825,1.091123,-0.6950912,-0.9233888,0.03060878,-0.3826447,-2.755308,-0.5325437,0.02403259,-14.82781,1.091094,-0.5386658,-0.9698882,-0.06992852,0.233296,-2.913666,-0.5242109,0.06766319,0.08658576
1731426980208,-14.66071,1.434172,-0.6432991,-0.9945414,0.09673312,-0.03912461,0,0,0,-14.79825,1.091123,-0.6950912,-0.9233888,0.03060878,-0.3826447,0,0,0,-14.82781,1.091094,-0.5386658,-0.9698882,-0.06992852,0.233296,0,0,0,0.08658576
1731426980231,-14.69956,1.426907,-0.6430759,-0.9942698,0.1007789,-0.0356617,-2.913666,-0.5448729,0.01673698,-14.83575,1.083002,-0.6953239,-0.9233049,0.0237381,-0.3833342,-2.812815,-0.609085,-0.01745224,-14.8659,1.083384,-0.5389519,-0.9687721,-0.08116306,0.2342936,-2.857304,-0.5782843,-0.02145767,0.08658576
1731426980236,-14.69956,1.426907,-0.6430759,-0.9942698,0.1007789,-0.0356617,0,0,0,-14.83575,1.083002,-0.6953239,-0.9233049,0.0237381,-0.3833342,0,0,0,-14.8659,1.083384,-0.5389519,-0.9687721,-0.08116306,0.2342936,0,0,0,0.08658576
1731426980258,-14.73774,1.418133,-0.6417942,-0.9944225,0.0992555,-0.03567553,-2.863312,-0.65808,0.09613037,-14.87572,1.073823,-0.6952229,-0.9211527,0.01529643,-0.3889018,-2.997637,-0.6884158,0.007581711,-14.90544,1.074748,-0.5400772,-0.9698635,-0.07677391,0.2312381,-2.964878,-0.6476998,-0.08440018,0.08658576
1731426980264,-14.73774,1.418133,-0.6417942,-0.9944225,0.0992555,-0.03567553,0,0,0,-14.87572,1.073823,-0.6952229,-0.9211527,0.01529643,-0.3889018,0,0,0,-14.90544,1.074748,-0.5400772,-0.9698635,-0.07677391,0.2312381,0,0,0,0.08658576
1731426980287,-14.77647,1.408773,-0.6404934,-0.994462,0.09872221,-0.0360508,-2.904797,-0.7020056,0.09756088,-14.91696,1.065827,-0.6947975,-0.9184494,0.02644144,-0.3946545,-3.093338,-0.5996883,0.03190041,-14.9453,1.067076,-0.5399513,-0.9719,-0.05347277,0.2292405,-2.989483,-0.5753696,0.009441376,0.08658576
1731426980292,-14.77647,1.408773,-0.6404934,-0.994462,0.09872221,-0.0360508,0,0,0,-14.91696,1.065827,-0.6947975,-0.9184494,0.02644144,-0.3946545,0,0,0,-14.9453,1.067076,-0.5399513,-0.9719,-0.05347277,0.2292405,0,0,0,0.08658576
1731426980314,-14.81565,1.401564,-0.6390324,-0.9946236,0.09623706,-0.0382458,-2.9387,-0.540626,0.1095772,-14.95783,1.059631,-0.695013,-0.9142004,0.03728888,-0.4035441,-3.064728,-0.4647285,-0.01616478,-14.98567,1.061237,-0.5397091,-0.9750242,-0.0285681,0.2202542,-3.027821,-0.4379332,0.0181675,0.08734345
1731426980320,-14.81565,1.401564,-0.6390324,-0.9946236,0.09623706,-0.0382458,0,0,0,-14.95783,1.059631,-0.695013,-0.9142004,0.03728888,-0.4035441,0,0,0,-14.98567,1.061237,-0.5397091,-0.9750242,-0.0285681,0.2202542,0,0,0,0.08734345
1731426980343,-14.85545,1.402166,-0.6372643,-0.9944282,0.09561115,-0.04440594,-2.985048,0.04513264,0.1326084,-15.00153,1.059867,-0.692976,-0.9054415,0.04214834,-0.4223741,-3.277588,0.01776516,0.1527786,-15.0279,1.063972,-0.5370216,-0.9758774,-0.01572129,0.217753,-3.167295,0.2051532,0.2015591,0.0930233
1731426980349,-14.85545,1.402166,-0.6372643,-0.9944282,0.09561115,-0.04440594,0,0,0,-15.00153,1.059867,-0.692976,-0.9054415,0.04214834,-0.4223741,0,0,0,-15.0279,1.063972,-0.5370216,-0.9758774,-0.01572129,0.217753,0,0,0,0.0930233
1731426980371,-14.89606,1.400628,-0.6357384,-0.9918203,0.114342,-0.05673599,-3.045273,-0.1153529,0.1144409,-15.04387,1.060398,-0.6922703,-0.8990891,0.03995923,-0.4359386,-3.175592,0.03979504,0.05292892,-15.07044,1.06652,-0.5349102,-0.9770198,-0.02061506,0.2121493,-3.191042,0.1910359,0.1583576,0.09462762
1731426980376,-14.89606,1.400628,-0.6357384,-0.9918203,0.114342,-0.05673599,0,0,0,-15.04387,1.060398,-0.6922703,-0.8990891,0.03995923,-0.4359386,0,0,0,-15.07044,1.06652,-0.5349102,-0.9770198,-0.02061506,0.2121493,0,0,0,0.09462762
1731426980399,-14.93393,1.404069,-0.6335316,-0.9934763,0.09234113,-0.06692207,-2.840853,0.2580822,0.1655102,-15.08414,1.06759,-0.6920815,-0.8937235,0.05012299,-0.4458097,-3.019953,0.5393833,0.01416206,-15.11324,1.073898,-0.5341988,-0.9829028,-0.01598265,0.1834314,-3.209925,0.5533665,0.05335808,0.09849882
1731426980404,-14.93393,1.404069,-0.6335316,-0.9934763,0.09234113,-0.06692207,0,0,0,-15.08414,1.06759,-0.6920815,-0.8937235,0.05012299,-0.4458097,0,0,0,-15.11324,1.073898,-0.5341988,-0.9829028,-0.01598265,0.1834314,0,0,0,0.09849882
1731426980427,-14.97363,1.407543,-0.6319637,-0.9914434,0.1006971,-0.08306861,-2.97718,0.2605587,0.117588,-15.12494,1.074473,-0.6921959,-0.8851443,0.08399864,-0.4576728,-3.060722,0.5162358,-0.008583069,-15.15867,1.078207,-0.5359859,-0.989493,-0.007565409,0.1443832,-3.406763,0.3231704,-0.1340389,0.09849882
1731426980433,-14.97363,1.407543,-0.6319637,-0.9914434,0.1006971,-0.08306861,0,0,0,-15.12494,1.074473,-0.6921959,-0.8851443,0.08399864,-0.4576728,0,0,0,-15.15867,1.078207,-0.5359859,-0.989493,-0.007565409,0.1443832,0,0,0,0.09849882
1731426980455,-15.01378,1.412365,-0.6314812,-0.9874448,0.120732,-0.1018683,-3.01137,0.3616601,0.03619194,-15.16568,1.081356,-0.6941757,-0.8720919,0.08425987,-0.482034,-3.055429,0.5162358,-0.1484871,-15.2048,1.084592,-0.5389214,-0.9910173,0.008071991,0.1334906,-3.459692,0.4789174,-0.2201557,0.09849882
1731426980460,-15.01378,1.412365,-0.6314812,-0.9874448,0.120732,-0.1018683,0,0,0,-15.16568,1.081356,-0.6941757,-0.8720919,0.08425987,-0.482034,0,0,0,-15.2048,1.084592,-0.5389214,-0.9910173,0.008071991,0.1334906,0,0,0,0.09849882
1731426980483,-15.05304,1.416588,-0.6317368,-0.9872291,0.1193261,-0.1055483,-2.944136,0.3166705,-0.01916885,-15.20411,1.088166,-0.6951847,-0.8646014,0.06496661,-0.4982415,-2.882338,0.510782,-0.07567406,-15.24889,1.093883,-0.5401325,-0.9897048,0.03251976,0.1393811,-3.307343,0.69682,-0.09083748,0.09849882
1731426980488,-15.05304,1.416588,-0.6317368,-0.9872291,0.1193261,-0.1055483,0,0,0,-15.20411,1.088166,-0.6951847,-0.8646014,0.06496661,-0.4982415,0,0,0,-15.24889,1.093883,-0.5401325,-0.9897048,0.03251976,0.1393811,0,0,0,0.09849882
1731426980511,-15.09257,1.423523,-0.6313343,-0.9907712,0.08877262,-0.1024323,-2.965307,0.5201161,0.03018379,-15.24042,1.09301,-0.6952267,-0.8678966,0.0683064,-0.4920267,-2.722836,0.3632426,-0.003147125,-15.2902,1.102276,-0.5418568,-0.9911097,0.03367221,0.1287165,-3.09763,0.6294519,-0.1293182,0.09849882
1731426980516,-15.09257,1.423523,-0.6313343,-0.9907712,0.08877262,-0.1024323,0,0,0,-15.24042,1.09301,-0.6952267,-0.8678966,0.0683064,-0.4920267,0,0,0,-15.2902,1.102276,-0.5418568,-0.9911097,0.03367221,0.1287165,0,0,0,0.09849882
1731426980539,-15.13279,1.431498,-0.6319733,-0.9914672,0.08527191,-0.09859967,-3.016376,0.5981237,-0.04792213,-15.27749,1.095909,-0.696825,-0.8718019,0.05266023,-0.4870205,-2.780342,0.2174377,-0.1198769,-15.32961,1.110876,-0.5453911,-0.9915704,0.02215888,0.1276617,-2.956438,0.6450087,-0.2650738,0.09849882
1731426980544,-15.13279,1.431498,-0.6319733,-0.9914672,0.08527191,-0.09859967,0,0,0,-15.27749,1.095909,-0.696825,-0.8718019,0.05266023,-0.4870205,0,0,0,-15.32961,1.110876,-0.5453911,-0.9915704,0.02215888,0.1276617,0,0,0,0.09849882
1731426980549,-15.13279,1.431498,-0.6319733,-0.9914672,0.08527191,-0.09859967,0,0,0,-15.27749,1.095909,-0.696825,-0.8718019,0.05266023,-0.4870205,0,0,0,-15.32961,1.110876,-0.5453911,-0.9915704,0.02215888,0.1276617,0,0,0,0.09849882
1731426980566,-15.17271,1.437657,-0.6313705,-0.992287,0.08394361,-0.09121895,-2.993774,0.461939,0.04520416,-15.31405,1.098855,-0.6983051,-0.8770415,0.01252256,-0.4802521,-2.742147,0.2209693,-0.1110077,-15.36559,1.119439,-0.548048,-0.9890834,0.0258695,0.1450694,-2.698231,0.6421924,-0.1992702,0.09849882
1731426980573,-15.17271,1.437657,-0.6313705,-0.992287,0.08394361,-0.09121895,0,0,0,-15.31405,1.098855,-0.6983051,-0.8770415,0.01252256,-0.4802521,0,0,0,-15.36559,1.119439,-0.548048,-0.9890834,0.0258695,0.1450694,0,0,0,0.09849882
1731426980594,-15.21223,1.441755,-0.6313591,-0.9925469,0.08883008,-0.08342934,-2.964306,0.3073364,0.0008583069,-15.34916,1.102262,-0.7002392,-0.8784785,0.008492628,-0.4777069,-2.633286,0.2555519,-0.1450539,-15.40006,1.125293,-0.5506096,-0.9908692,0.01649307,0.1338158,-2.585506,0.4390687,-0.1921177,0.09849882
1731426980599,-15.21223,1.441755,-0.6313591,-0.9925469,0.08883008,-0.08342934,0,0,0,-15.34916,1.102262,-0.7002392,-0.8784785,0.008492628,-0.4777069,0,0,0,-15.40006,1.125293,-0.5506096,-0.9908692,0.01649307,0.1338158,0,0,0,0.09849882
1731426980620,-15.25213,1.442147,-0.6311836,-0.9925345,0.09507855,-0.07639325,-2.992058,0.02945065,0.01316071,-15.38504,1.103858,-0.702116,-0.8760272,0.01121967,-0.4821322,-2.691078,0.1196802,-0.1407623,-15.43339,1.128055,-0.5543575,-0.9935424,0.009731907,0.1130446,-2.49939,0.207147,-0.2810955,0.09849882
1731426980625,-15.25213,1.442147,-0.6311836,-0.9925345,0.09507855,-0.07639325,0,0,0,-15.38504,1.103858,-0.702116,-0.8760272,0.01121967,-0.4821322,0,0,0,-15.43339,1.128055,-0.5543575,-0.9935424,0.009731907,0.1130446,0,0,0,0.09849882
1731426980648,-15.29126,1.438426,-0.6312046,-0.9933842,0.08953763,-0.07191253,-2.935123,-0.2791286,-0.001573563,-15.42375,1.102431,-0.7021561,-0.8800839,0.01452653,-0.4745965,-2.90308,-0.1070738,-0.003004074,-15.46809,1.124991,-0.557539,-0.9964351,0.01890061,0.08221972,-2.602386,-0.2298117,-0.2386093,0.09849882
1731426980653,-15.29126,1.438426,-0.6312046,-0.9933842,0.08953763,-0.07191253,0,0,0,-15.42375,1.102431,-0.7021561,-0.8800839,0.01452653,-0.4745965,0,0,0,-15.46809,1.124991,-0.557539,-0.9964351,0.01890061,0.08221972,0,0,0,0.09849882
1731426980676,-15.33001,1.433453,-0.6315804,-0.9942039,0.08228613,-0.06919849,-2.905941,-0.3729701,-0.02818108,-15.46257,1.098801,-0.7031555,-0.883531,0.01904586,-0.467986,-2.911091,-0.2722263,-0.0749588,-15.50399,1.119132,-0.5606117,-0.9968856,0.02398565,0.0751279,-2.692509,-0.4393905,-0.2304554,0.09849882
1731426980681,-15.33001,1.433453,-0.6315804,-0.9942039,0.08228613,-0.06919849,0,0,0,-15.46257,1.098801,-0.7031555,-0.883531,0.01904586,-0.467986,0,0,0,-15.50399,1.119132,-0.5606117,-0.9968856,0.02398565,0.0751279,0,0,0,0.09849882
1731426980705,-15.37042,1.427783,-0.632246,-0.9936407,0.08749384,-0.07087755,-3.030968,-0.4252195,-0.04992485,-15.5035,1.092888,-0.7040958,-0.8791711,0.03362969,-0.4753187,-3.070021,-0.4434496,-0.07052422,-15.54286,1.109583,-0.5622559,-0.9955346,0.0281841,0.09009397,-2.915668,-0.7161498,-0.1233101,0.09849882
1731426980709,-15.37042,1.427783,-0.632246,-0.9936407,0.08749384,-0.07087755,0,0,0,-15.5035,1.092888,-0.7040958,-0.8791711,0.03362969,-0.4753187,0,0,0,-15.54286,1.109583,-0.5622559,-0.9955346,0.0281841,0.09009397,0,0,0,0.09849882
1731426980732,-15.4098,1.420199,-0.6324844,-0.9938344,0.08455028,-0.07172644,-2.953434,-0.5688071,-0.01788139,-15.54463,1.085873,-0.7047997,-0.8786404,0.05287559,-0.4745479,-3.084898,-0.5261153,-0.05278587,-15.58278,1.098676,-0.5638008,-0.9939255,0.02942318,0.1060503,-2.993917,-0.8180648,-0.1158714,0.09849882
1731426980737,-15.4098,1.420199,-0.6324844,-0.9938344,0.08455028,-0.07172644,0,0,0,-15.54463,1.085873,-0.7047997,-0.8786404,0.05287559,-0.4745479,0,0,0,-15.58278,1.098676,-0.5638008,-0.9939255,0.02942318,0.1060503,0,0,0,0.09849882
1731426980760,-15.45008,1.412492,-0.6335621,-0.9942942,0.08269159,-0.06739414,-3.02124,-0.5779982,-0.0808239,-15.58607,1.078358,-0.7063847,-0.8795935,0.05232819,-0.4728401,-3.108072,-0.5636841,-0.1188755,-15.62386,1.087703,-0.5646648,-0.9922847,0.01262448,0.1233363,-3.080463,-0.823009,-0.06480217,0.09849882
1731426980765,-15.45008,1.412492,-0.6335621,-0.9942942,0.08269159,-0.06739414,0,0,0,-15.58607,1.078358,-0.7063847,-0.8795935,0.05232819,-0.4728401,0,0,0,-15.62386,1.087703,-0.5646648,-0.9922847,0.01262448,0.1233363,0,0,0,0.09849882
1731426980789,-15.49023,1.405308,-0.6346779,-0.9947468,0.08321723,-0.0596143,-3.011227,-0.53882,-0.08368492,-15.628,1.072014,-0.7091026,-0.8805559,0.04596669,-0.4717088,-3.144836,-0.4757345,-0.2038479,-15.6655,1.078743,-0.5645485,-0.9907274,-0.007500952,0.1356592,-3.123522,-0.6719828,0.00872612,0.09849882
1731426980793,-15.49023,1.405308,-0.6346779,-0.9947468,0.08321723,-0.0596143,0,0,0,-15.628,1.072014,-0.7091026,-0.8805559,0.04596669,-0.4717088,0,0,0,-15.6655,1.078743,-0.5645485,-0.9907274,-0.007500952,0.1356592,0,0,0,0.09849882
1731426980817,-15.53107,1.401167,-0.636404,-0.9952462,0.08252524,-0.05172062,-3.063011,-0.310564,-0.1294613,-15.66929,1.068786,-0.7105827,-0.8834674,0.05742776,-0.4649601,-3.096199,-0.2421051,-0.1110077,-15.70687,1.074083,-0.5629482,-0.9897366,-0.01149048,0.1424429,-3.102636,-0.3494561,0.1200199,0.1000116
1731426980822,-15.53107,1.401167,-0.636404,-0.9952462,0.08252524,-0.05172062,0,0,0,-15.66929,1.068786,-0.7105827,-0.8834674,0.05742776,-0.4649601,0,0,0,-15.70687,1.074083,-0.5629482,-0.9897366,-0.01149048,0.1424429,0,0,0,0.1000116
1731426980845,-15.57238,1.401233,-0.6385803,-0.9955258,0.08396057,-0.04334831,-3.097916,0.004971027,-0.1632214,-15.71247,1.069338,-0.7136078,-0.8863201,0.05764988,-0.4594709,-3.238964,0.04135966,-0.2268791,-15.74953,1.075058,-0.562767,-0.9886433,-0.01707731,0.1493088,-3.199625,0.07309914,0.01358986,0.1038654
1731426980850,-15.57238,1.401233,-0.6385803,-0.9955258,0.08396057,-0.04334831,0,0,0,-15.71247,1.069338,-0.7136078,-0.8863201,0.05764988,-0.4594709,0,0,0,-15.74953,1.075058,-0.562767,-0.9886433,-0.01707731,0.1493088,0,0,0,0.1038654
1731426980855,-15.57238,1.401233,-0.6385803,-0.9955258,0.08396057,-0.04334831,0,0,0,-15.71247,1.069338,-0.7136078,-0.8863201,0.05764988,-0.4594709,0,0,0,-15.74953,1.075058,-0.562767,-0.9886433,-0.01707731,0.1493088,0,0,0,0.1038654
1731426980872,-15.61323,1.403218,-0.640667,-0.9967319,0.07429244,-0.03172231,-3.063869,0.1488447,-0.156498,-15.75591,1.071789,-0.7155743,-0.886862,0.0510331,-0.459208,-3.258133,0.1838565,-0.1474857,-15.79184,1.080059,-0.5607433,-0.9877078,-0.01377494,0.155705,-3.173018,0.3750801,0.1517773,0.1067066
1731426980877,-15.61323,1.403218,-0.640667,-0.9967319,0.07429244,-0.03172231,0,0,0,-15.75591,1.071789,-0.7155743,-0.886862,0.0510331,-0.459208,0,0,0,-15.79184,1.080059,-0.5607433,-0.9877078,-0.01377494,0.155705,0,0,0,0.1067066
1731426980900,-15.65505,1.406571,-0.6430836,-0.9973866,0.06813313,-0.02405071,-3.136826,0.2514839,-0.1812458,-15.79972,1.072191,-0.7163658,-0.8889331,0.04910857,-0.4553978,-3.285742,0.03011227,-0.05936623,-15.83395,1.08283,-0.5604591,-0.9869061,-0.01152699,0.1608843,-3.158426,0.2078354,0.02131462,0.1067066
1731426980905,-15.65505,1.406571,-0.6430836,-0.9973866,0.06813313,-0.02405071,0,0,0,-15.79972,1.072191,-0.7163658,-0.8889331,0.04910857,-0.4553978,0,0,0,-15.83395,1.08283,-0.5604591,-0.9869061,-0.01152699,0.1608843,0,0,0,0.1067066
1731426980926,-15.69657,1.413957,-0.6476803,-0.997759,0.06506824,-0.01560736,-3.113651,0.5539387,-0.3447533,-15.84426,1.074994,-0.7165108,-0.8905934,0.03029106,-0.4537914,-3.339958,0.2102584,-0.01087189,-15.876,1.087747,-0.5599842,-0.9831245,-0.02402169,0.1813551,-3.153563,0.3687322,0.03561974,0.1067066
1731426980932,-15.69657,1.413957,-0.6476803,-0.997759,0.06506824,-0.01560736,0,0,0,-15.84426,1.074994,-0.7165108,-0.8905934,0.03029106,-0.4537914,0,0,0,-15.876,1.087747,-0.5599842,-0.9831245,-0.02402169,0.1813551,0,0,0,0.1067066
1731426980955,-15.73586,1.41892,-0.6491604,-0.9974734,0.06943274,-0.0150528,-2.946568,0.372228,-0.1110077,-15.88573,1.082035,-0.715601,-0.8897708,0.005713223,-0.456373,-3.110075,0.5280286,0.0682354,-15.91506,1.094768,-0.5583668,-0.9769425,-0.05890551,0.2052168,-2.929688,0.5266249,0.1213074,0.1067066
1731426980962,-15.73586,1.41892,-0.6491604,-0.9974734,0.06943274,-0.0150528,0,0,0,-15.88573,1.082035,-0.715601,-0.8897708,0.005713223,-0.456373,0,0,0,-15.91506,1.094768,-0.5583668,-0.9769425,-0.05890551,0.2052168,0,0,0,0.1067066
1731426980983,-15.77414,1.424647,-0.6492252,-0.998755,0.04634963,-0.01845014,-2.871037,0.4295468,-0.004863739,-15.92238,1.093141,-0.7128563,-0.8980417,0.04835588,-0.4372449,-2.748871,0.83296,0.2058506,-15.94928,1.103161,-0.5576515,-0.9826767,-0.06642531,0.1730161,-2.566624,0.629425,0.05364418,0.1067066
1731426980988,-15.77414,1.424647,-0.6492252,-0.998755,0.04634963,-0.01845014,0,0,0,-15.92238,1.093141,-0.7128563,-0.8980417,0.04835588,-0.4372449,0,0,0,-15.94928,1.103161,-0.5576515,-0.9826767,-0.06642531,0.1730161,0,0,0,0.1067066
1731426981010,-15.81313,1.432298,-0.6487484,-0.9990805,0.0378249,-0.02019644,-2.924538,0.5738139,0.03576279,-15.95939,1.101626,-0.7115211,-0.9047025,0.09220961,-0.4159459,-2.775908,0.6363899,0.1001358,-15.98345,1.109125,-0.5587234,-0.9884565,-0.04958262,0.1431628,-2.562761,0.4473388,-0.08039474,0.1067066
1731426981016,-15.81313,1.432298,-0.6487484,-0.9990805,0.0378249,-0.02019644,0,0,0,-15.95939,1.101626,-0.7115211,-0.9047025,0.09220961,-0.4159459,0,0,0,-15.98345,1.109125,-0.5587234,-0.9884565,-0.04958262,0.1431628,0,0,0,0.1067066
1731426981037,-15.85186,1.438098,-0.648325,-0.9987974,0.04338541,-0.02284789,-2.904367,0.4350007,0.03175735,-15.99766,1.107165,-0.7093811,-0.9099528,0.08731842,-0.4054157,-2.870321,0.4154205,0.1605034,-16.01858,1.112261,-0.5570755,-0.9884802,-0.04046572,0.145842,-2.634716,0.2352208,0.1235962,0.1067066
1731426981043,-15.85186,1.438098,-0.648325,-0.9987974,0.04338541,-0.02284789,0,0,0,-15.99766,1.107165,-0.7093811,-0.9099528,0.08731842,-0.4054157,0,0,0,-16.01858,1.112261,-0.5570755,-0.9884802,-0.04046572,0.145842,0,0,0,0.1067066
1731426981065,-15.8907,1.441916,-0.6485062,-0.9986455,0.04576563,-0.0247581,-2.913523,0.2863258,-0.01358986,-16.03609,1.109444,-0.706913,-0.9146404,0.04634506,-0.4016041,-2.881908,0.170964,0.1851082,-16.05363,1.113742,-0.5532665,-0.9853294,-0.06260941,0.1587651,-2.628136,0.1110077,0.2856731,0.1067066
1731426981071,-15.8907,1.441916,-0.6485062,-0.9986455,0.04576563,-0.0247581,0,0,0,-16.03609,1.109444,-0.706913,-0.9146404,0.04634506,-0.4016041,0,0,0,-16.05363,1.113742,-0.5532665,-0.9853294,-0.06260941,0.1587651,0,0,0,0.1067066
1731426981094,-15.92944,1.442707,-0.6468258,-0.998905,0.04097749,-0.02258492,-2.905083,0.0593394,0.1260281,-16.07482,1.108464,-0.7030468,-0.9153374,0.02664652,-0.4018056,-2.905369,-0.07354617,0.2899647,-16.09084,1.111347,-0.5500088,-0.9831479,-0.08073959,0.1640167,-2.791071,-0.179556,0.2443314,0.1067066
1731426981099,-15.92944,1.442707,-0.6468258,-0.998905,0.04097749,-0.02258492,0,0,0,-16.07482,1.108464,-0.7030468,-0.9153374,0.02664652,-0.4018056,0,0,0,-16.09084,1.111347,-0.5500088,-0.9831479,-0.08073959,0.1640167,0,0,0,0.1067066
1731426981121,-15.96819,1.441261,-0.6445389,-0.9991243,0.03680246,-0.01992059,-2.906227,-0.1084685,0.1715183,-16.11205,1.104761,-0.6990566,-0.9182386,0.04012559,-0.3939903,-2.792358,-0.2776891,0.299263,-16.12772,1.106631,-0.5480709,-0.9799476,-0.087416,0.1790566,-2.765894,-0.3537655,0.14534,0.1067066
1731426981126,-15.96819,1.441261,-0.6445389,-0.9991243,0.03680246,-0.01992059,0,0,0,-16.11205,1.104761,-0.6990566,-0.9182386,0.04012559,-0.3939903,0,0,0,-16.12772,1.106631,-0.5480709,-0.9799476,-0.087416,0.1790566,0,0,0,0.1067066
1731426981149,-16.00704,1.43755,-0.6419392,-0.9992045,0.03698817,-0.01492965,-2.913952,-0.2783418,0.1949787,-16.15015,1.09719,-0.6967812,-0.9231467,0.02466409,-0.3836566,-2.857161,-0.5678684,0.17066,-16.16623,1.099611,-0.5471668,-0.9758995,-0.0847199,0.201104,-2.888203,-0.5264461,0.06780624,0.1067066
1731426981156,-16.00704,1.43755,-0.6419392,-0.9992045,0.03698817,-0.01492965,0,0,0,-16.15015,1.09719,-0.6967812,-0.9231467,0.02466409,-0.3836566,0,0,0,-16.16623,1.099611,-0.5471668,-0.9758995,-0.0847199,0.201104,0,0,0,0.1067066
1731426981177,-16.04656,1.431324,-0.6395073,-0.9992226,0.03864102,-0.007855177,-2.964306,-0.4669458,0.1823902,-16.18771,1.08789,-0.6939716,-0.9253426,0.004639649,-0.3791037,-2.817106,-0.6974638,0.2107143,-16.20643,1.090927,-0.5445538,-0.9722137,-0.09136793,0.2155294,-3.015232,-0.6513476,0.1959801,0.1067066
1731426981183,-16.04656,1.431324,-0.6395073,-0.9992226,0.03864102,-0.007855177,0,0,0,-16.18771,1.08789,-0.6939716,-0.9253426,0.004639649,-0.3791037,0,0,0,-16.20643,1.090927,-0.5445538,-0.9722137,-0.09136793,0.2155294,0,0,0,0.1067066
1731426981189,-16.04656,1.431324,-0.6395073,-0.9992226,0.03864102,-0.007855177,0,0,0,-16.18771,1.08789,-0.6939716,-0.9253426,0.004639649,-0.3791037,0,0,0,-16.20643,1.090927,-0.5445538,-0.9722137,-0.09136793,0.2155294,0,0,0,0.1067066
1731426981205,-16.08563,1.4228,-0.6366653,-0.9992602,0.03826907,-0.003879786,-2.929831,-0.6392419,0.2131462,-16.22552,1.07811,-0.6906738,-0.9283121,-0.006180021,-0.3717519,-2.835274,-0.7334858,0.2473354,-16.2468,1.081278,-0.5409698,-0.970179,-0.1010504,0.220322,-3.027678,-0.7236779,0.2687931,0.1067066
1731426981210,-16.08563,1.4228,-0.6366653,-0.9992602,0.03826907,-0.003879786,0,0,0,-16.22552,1.07811,-0.6906738,-0.9283121,-0.006180021,-0.3717519,0,0,0,-16.2468,1.081278,-0.5409698,-0.970179,-0.1010504,0.220322,0,0,0,0.1067066
1731426981233,-16.12516,1.413625,-0.6336651,-0.9993646,0.03562722,-0.001057982,-2.964592,-0.6881386,0.2250195,-16.26281,1.069079,-0.6874752,-0.9304965,-0.008119166,-0.3662108,-2.797222,-0.6773382,0.2398968,-16.28613,1.07231,-0.5379162,-0.9684063,-0.1027039,0.2272474,-2.949715,-0.6725907,0.2290249,0.1067066
1731426981238,-16.12516,1.413625,-0.6336651,-0.9993646,0.03562722,-0.001057982,0,0,0,-16.26281,1.069079,-0.6874752,-0.9304965,-0.008119166,-0.3662108,0,0,0,-16.28613,1.07231,-0.5379162,-0.9684063,-0.1027039,0.2272474,0,0,0,0.1067066
1731426981259,-16.16465,1.404096,-0.6299801,-0.9994133,0.03425391,0.0002570748,-2.96216,-0.7146657,0.2763748,-16.3025,1.060639,-0.6829147,-0.9331658,0.00540341,-0.3594068,-2.976894,-0.6329834,0.3420353,-16.32706,1.064682,-0.5334492,-0.9669534,-0.08646479,0.2398441,-3.070021,-0.5720973,0.3350258,0.1067066
1731426981265,-16.16465,1.404096,-0.6299801,-0.9994133,0.03425391,0.0002570748,0,0,0,-16.3025,1.060639,-0.6829147,-0.9331658,0.00540341,-0.3594068,0,0,0,-16.32706,1.064682,-0.5334492,-0.9669534,-0.08646479,0.2398441,0,0,0,0.1067066
1731426981287,-16.20475,1.401503,-0.6259518,-0.9992615,0.03840809,-0.001261473,-3.007507,-0.1945317,0.302124,-16.3441,1.058732,-0.6787453,-0.9330559,0.01673349,-0.3593425,-3.119802,-0.1430869,0.3127098,-16.36879,1.06468,-0.5279102,-0.9667592,-0.0682764,0.2464044,-3.129387,-0.0001430511,0.4154205,0.1121075
1731426981293,-16.20475,1.401503,-0.6259518,-0.9992615,0.03840809,-0.001261473,0,0,0,-16.3441,1.058732,-0.6787453,-0.9330559,0.01673349,-0.3593425,0,0,0,-16.36879,1.06468,-0.5279102,-0.9667592,-0.0682764,0.2464044,0,0,0,0.1121075
1731426981315,-16.24489,1.401648,-0.6215038,-0.9992352,0.03903653,-0.002378345,-3.010368,0.01090765,0.3335953,-16.38654,1.060216,-0.6763306,-0.9249958,0.01822619,-0.3795404,-3.182602,0.1113653,0.1811028,-16.41119,1.068616,-0.5230694,-0.9668154,-0.06167373,0.2479208,-3.180313,0.295186,0.3630638,0.1185906
1731426981321,-16.24489,1.401648,-0.6215038,-0.9992352,0.03903653,-0.002378345,0,0,0,-16.38654,1.060216,-0.6763306,-0.9249958,0.01822619,-0.3795404,0,0,0,-16.41119,1.068616,-0.5230694,-0.9668154,-0.06167373,0.2479208,0,0,0,0.1185906
1731426981343,-16.28559,1.401841,-0.6168213,-0.9991223,0.04174085,-0.003617167,-3.052711,0.01445711,0.3511906,-16.42893,1.062067,-0.6724949,-0.9216582,0.01996688,-0.3874894,-3.179598,0.1388133,0.2876759,-16.45473,1.073708,-0.5168495,-0.9685307,-0.0490909,0.2440053,-3.265285,0.3819376,0.4664898,0.1216879
1731426981349,-16.28559,1.401841,-0.6168213,-0.9991223,0.04174085,-0.003617167,0,0,0,-16.42893,1.062067,-0.6724949,-0.9216582,0.01996688,-0.3874894,0,0,0,-16.45473,1.073708,-0.5168495,-0.9685307,-0.0490909,0.2440053,0,0,0,0.1216879
1731426981371,-16.32598,1.404824,-0.612648,-0.9996716,0.02541263,-0.00338912,-3.029251,0.2237678,0.3129959,-16.47233,1.065539,-0.6698933,-0.9166192,0.02542345,-0.3989525,-3.254986,0.260371,0.1951218,-16.49882,1.078747,-0.5127926,-0.9718924,-0.04261176,0.2315375,-3.306913,0.3779233,0.3042698,0.1227721
1731426981376,-16.32598,1.404824,-0.612648,-0.9996716,0.02541263,-0.00338912,0,0,0,-16.47233,1.065539,-0.6698933,-0.9166192,0.02542345,-0.3989525,0,0,0,-16.49882,1.078747,-0.5127926,-0.9718924,-0.04261176,0.2315375,0,0,0,0.1227721
1731426981399,-16.36761,1.411416,-0.6085911,-0.9991301,0.04029713,-0.01075125,-3.122091,0.4944026,0.3042698,-16.51649,1.071696,-0.6679535,-0.9088112,0.02791034,-0.4162745,-3.312206,0.4617602,0.145483,-16.54447,1.084366,-0.5100155,-0.9763921,-0.04369847,0.21154,-3.423643,0.421384,0.2082825,0.1227721
1731426981405,-16.36761,1.411416,-0.6085911,-0.9991301,0.04029713,-0.01075125,0,0,0,-16.51649,1.071696,-0.6679535,-0.9088112,0.02791034,-0.4162745,0,0,0,-16.54447,1.084366,-0.5100155,-0.9763921,-0.04369847,0.21154,0,0,0,0.1227721
1731426981426,-16.40969,1.417243,-0.6055965,-0.9970829,0.07369817,-0.01986027,-3.156137,0.4370034,0.2245903,-16.55934,1.079241,-0.6666393,-0.8990427,0.007638035,-0.4377953,-3.213787,0.5658746,0.09856224,-16.58932,1.092799,-0.5080185,-0.9771283,-0.04006036,0.2088442,-3.364134,0.6324828,0.1497746,0.1227721
1731426981432,-16.40969,1.417243,-0.6055965,-0.9970829,0.07369817,-0.01986027,0,0,0,-16.55934,1.079241,-0.6666393,-0.8990427,0.007638035,-0.4377953,0,0,0,-16.58932,1.092799,-0.5080185,-0.9771283,-0.04006036,0.2088442,0,0,0,0.1227721
1731426981454,-16.45017,1.422239,-0.605957,-0.9971492,0.07290663,-0.01945913,-3.036118,0.3746867,-0.02703667,-16.5984,1.088235,-0.6652222,-0.8977369,0.001507353,-0.4405302,-2.929544,0.6745666,0.106287,-16.63016,1.103408,-0.5064774,-0.9785182,-0.01167602,0.2058297,-3.062582,0.7957309,0.1155853,0.1227721
1731426981460,-16.45017,1.422239,-0.605957,-0.9971492,0.07290663,-0.01945913,0,0,0,-16.5984,1.088235,-0.6652222,-0.8977369,0.001507353,-0.4405302,0,0,0,-16.63016,1.103408,-0.5064774,-0.9785182,-0.01167602,0.2058297,0,0,0,0.1227721
1731426981482,-16.49055,1.429321,-0.6060524,-0.9987958,0.04556591,-0.01819813,-3.027821,0.5311847,-0.007152557,-16.63461,1.096315,-0.6627254,-0.9043083,0.03022745,-0.4258091,-2.715683,0.6060094,0.187254,-16.66993,1.112449,-0.5059757,-0.9847706,0.009238242,0.1736145,-2.982759,0.6780535,0.03762245,0.1227721
1731426981490,-16.49055,1.429321,-0.6060524,-0.9987958,0.04556591,-0.01819813,0,0,0,-16.63461,1.096315,-0.6627254,-0.9043083,0.03022745,-0.4258091,0,0,0,-16.66993,1.112449,-0.5059757,-0.9847706,0.009238242,0.1736145,0,0,0,0.1227721
1731426981495,-16.49055,1.429321,-0.6060524,-0.9987958,0.04556591,-0.01819813,0,0,0,-16.63461,1.096315,-0.6627254,-0.9043083,0.03022745,-0.4258091,0,0,0,-16.66993,1.112449,-0.5059757,-0.9847706,0.009238242,0.1736145,0,0,0,0.1227721
1731426981509,-16.53205,1.438106,-0.6054344,-0.9986118,0.04822487,-0.02119577,-3.113079,0.6588399,0.04634857,-16.67288,1.100235,-0.6611767,-0.9117227,0.03211721,-0.4095496,-2.869749,0.2940327,0.1161575,-16.71049,1.119725,-0.5062294,-0.9859225,0.00386043,0.1671598,-3.041983,0.5456597,-0.0190258,0.1227721
1731426981515,-16.53205,1.438106,-0.6054344,-0.9986118,0.04822487,-0.02119577,0,0,0,-16.67288,1.100235,-0.6611767,-0.9117227,0.03211721,-0.4095496,0,0,0,-16.71049,1.119725,-0.5062294,-0.9859225,0.00386043,0.1671598,0,0,0,0.1227721
1731426981537,-16.57254,1.445603,-0.6050205,-0.9986418,0.04697438,-0.02254176,-3.036404,0.5622804,0.0310421,-16.70933,1.103434,-0.6615028,-0.9096856,0.004617557,-0.4152728,-2.733707,0.2399147,-0.02446175,-16.74851,1.125737,-0.5085201,-0.9834257,-0.009894333,0.1810427,-2.851868,0.4509151,-0.1718044,0.1227721
1731426981543,-16.57254,1.445603,-0.6050205,-0.9986418,0.04697438,-0.02254176,0,0,0,-16.70933,1.103434,-0.6615028,-0.9096856,0.004617557,-0.4152728,0,0,0,-16.74851,1.125737,-0.5085201,-0.9834257,-0.009894333,0.1810427,0,0,0,0.1227721
1731426981562,-16.61257,1.450091,-0.6044178,-0.9981523,0.05500762,-0.02582049,-3.002644,0.3365993,0.04520416,-16.74483,1.105721,-0.6631317,-0.8989863,-0.02610219,-0.437199,-2.66304,0.1715362,-0.1221657,-16.78545,1.129344,-0.5112991,-0.9819887,-0.02382918,0.1874319,-2.769899,0.2705276,-0.2084255,0.1227721
1731426981568,-16.61257,1.450091,-0.6044178,-0.9981523,0.05500762,-0.02582049,0,0,0,-16.74483,1.105721,-0.6631317,-0.8989863,-0.02610219,-0.437199,0,0,0,-16.78545,1.129344,-0.5112991,-0.9819887,-0.02382918,0.1874319,0,0,0,0.1227721
1731426981589,-16.6512,1.451926,-0.6035461,-0.9979213,0.05780199,-0.02850044,-2.896643,0.1375973,0.06537437,-16.78017,1.10661,-0.6634579,-0.8979779,-0.0261638,-0.4392623,-2.650023,0.06666183,-0.02446175,-16.82207,1.129243,-0.5148125,-0.9851177,-0.04591333,0.165637,-2.746582,-0.007563829,-0.2635002,0.1227721
1731426981595,-16.6512,1.451926,-0.6035461,-0.9979213,0.05780199,-0.02850044,0,0,0,-16.78017,1.10661,-0.6634579,-0.8979779,-0.0261638,-0.4392623,0,0,0,-16.82207,1.129243,-0.5148125,-0.9851177,-0.04591333,0.165637,0,0,0,0.1227721
1731426981618,-16.69,1.451401,-0.6029186,-0.9975322,0.06352283,-0.02991366,-2.910089,-0.03936589,0.04706383,-16.8174,1.103827,-0.6642628,-0.899659,-0.02467435,-0.4358954,-2.792788,-0.2087474,-0.06036758,-16.85938,1.125523,-0.520668,-0.9889292,-0.0592932,0.1360283,-2.798796,-0.2789766,-0.439167,0.1227721
1731426981624,-16.69,1.451401,-0.6029186,-0.9975322,0.06352283,-0.02991366,0,0,0,-16.8174,1.103827,-0.6642628,-0.899659,-0.02467435,-0.4358954,0,0,0,-16.85938,1.125523,-0.520668,-0.9889292,-0.0592932,0.1360283,0,0,0,0.1227721
1731426981646,-16.72896,1.448203,-0.6026173,-0.996956,0.07224642,-0.02931535,-2.922535,-0.2398252,0.02260208,-16.8574,1.097333,-0.664711,-0.8976069,-0.03493462,-0.4394113,-2.99964,-0.4870355,-0.03361702,-16.89707,1.119641,-0.5251999,-0.99007,-0.05379973,0.129874,-2.826118,-0.4412055,-0.3398895,0.1227721
1731426981652,-16.72896,1.448203,-0.6026173,-0.996956,0.07224642,-0.02931535,0,0,0,-16.8574,1.097333,-0.664711,-0.8976069,-0.03493462,-0.4394113,0,0,0,-16.89707,1.119641,-0.5251999,-0.99007,-0.05379973,0.129874,0,0,0,0.1227721
1731426981674,-16.76783,1.443054,-0.6023693,-0.9963983,0.07908966,-0.0305903,-2.915096,-0.3861576,0.01859665,-16.89701,1.091164,-0.6698513,-0.8943094,-0.03705832,-0.4459127,-2.970886,-0.4626989,-0.3855228,-16.93541,1.111646,-0.5287342,-0.9910528,-0.05043889,0.1235755,-2.8759,-0.5995899,-0.2650738,0.1227721
1731426981680,-16.76783,1.443054,-0.6023693,-0.9963983,0.07908966,-0.0305903,0,0,0,-16.89701,1.091164,-0.6698513,-0.8943094,-0.03705832,-0.4459127,0,0,0,-16.93541,1.111646,-0.5287342,-0.9910528,-0.05043889,0.1235755,0,0,0,0.1227721
1731426981703,-16.80723,1.43579,-0.6031265,-0.9960173,0.08204367,-0.03491414,-2.955151,-0.5448103,-0.05679131,-16.93855,1.082916,-0.673027,-0.8902445,-0.01910761,-0.4550828,-3.115654,-0.6185621,-0.2381802,-16.97503,1.100955,-0.532835,-0.9927602,-0.05377459,0.107405,-2.971601,-0.8018285,-0.30756,0.1227721
1731426981708,-16.80723,1.43579,-0.6031265,-0.9960173,0.08204367,-0.03491414,0,0,0,-16.93855,1.082916,-0.673027,-0.8902445,-0.01910761,-0.4550828,0,0,0,-16.97503,1.100955,-0.532835,-0.9927602,-0.05377459,0.107405,0,0,0,0.1227721
1731426981730,-16.84698,1.427207,-0.604393,-0.995524,0.08662388,-0.03779721,-2.981043,-0.6437033,-0.09498596,-16.97959,1.075212,-0.6754303,-0.8832342,-0.02042417,-0.4684877,-3.077459,-0.5778372,-0.1802444,-17.01493,1.09078,-0.5351696,-0.9931921,-0.05685481,0.1016731,-2.991915,-0.7631242,-0.1750946,0.1227721
1731426981736,-16.84698,1.427207,-0.604393,-0.995524,0.08662388,-0.03779721,0,0,0,-16.97959,1.075212,-0.6754303,-0.8832342,-0.02042417,-0.4684877,0,0,0,-17.01493,1.09078,-0.5351696,-0.9931921,-0.05685481,0.1016731,0,0,0,0.1227721
1731426981759,-16.8866,1.419101,-0.6061134,-0.996451,0.07531728,-0.03759468,-2.971458,-0.6079942,-0.1290321,-17.02152,1.069036,-0.6777592,-0.8849762,-0.009336261,-0.4655437,-3.145409,-0.4631907,-0.1746655,-17.0562,1.082137,-0.5356865,-0.9924958,-0.05362038,0.1098972,-3.095913,-0.6482542,-0.03876686,0.1227721
1731426981764,-16.8866,1.419101,-0.6061134,-0.996451,0.07531728,-0.03759468,0,0,0,-17.02152,1.069036,-0.6777592,-0.8849762,-0.009336261,-0.4655437,0,0,0,-17.0562,1.082137,-0.5356865,-0.9924958,-0.05362038,0.1098972,0,0,0,0.1227721
1731426981787,-16.92675,1.412795,-0.6080322,-0.9970276,0.06888962,-0.03450489,-3.010941,-0.4729271,-0.1439095,-17.0642,1.063555,-0.6801567,-0.8882307,0.003786698,-0.4593827,-3.20034,-0.4110932,-0.1798153,-17.09689,1.07645,-0.5355072,-0.9913041,-0.0518174,0.1209619,-3.05171,-0.426507,0.01344681,0.1227721
1731426981792,-16.92675,1.412795,-0.6080322,-0.9970276,0.06888962,-0.03450489,0,0,0,-17.0642,1.063555,-0.6801567,-0.8882307,0.003786698,-0.4593827,0,0,0,-17.09689,1.07645,-0.5355072,-0.9913041,-0.0518174,0.1209619,0,0,0,0.1227721
1731426981815,-16.968,1.409188,-0.6102543,-0.996884,0.07366915,-0.02820778,-3.093767,-0.2705365,-0.1666546,-17.10844,1.06025,-0.6819515,-0.8857722,-0.005268071,-0.4640908,-3.318357,-0.2478361,-0.1346111,-17.13909,1.074088,-0.5330811,-0.9883872,-0.06023637,0.1395081,-3.164721,-0.1771152,0.1819611,0.1227721
1731426981821,-16.968,1.409188,-0.6102543,-0.996884,0.07366915,-0.02820778,0,0,0,-17.10844,1.06025,-0.6819515,-0.8857722,-0.005268071,-0.4640908,0,0,0,-17.13909,1.074088,-0.5330811,-0.9883872,-0.06023637,0.1395081,0,0,0,0.1227721
1731426981843,-17.00884,1.408046,-0.6125431,-0.9974632,0.06959815,-0.01494658,-3.063297,-0.0856787,-0.1716614,-17.15159,1.060834,-0.6845417,-0.8872826,-0.02225577,-0.46069,-3.236103,0.04378259,-0.1942635,-17.18071,1.075557,-0.5311413,-0.9857093,-0.05857288,0.1579458,-3.121662,0.1101583,0.145483,0.1227721
1731426981848,-17.00884,1.408046,-0.6125431,-0.9974632,0.06959815,-0.01494658,0,0,0,-17.15159,1.060834,-0.6845417,-0.8872826,-0.02225577,-0.46069,0,0,0,-17.18071,1.075557,-0.5311413,-0.9857093,-0.05857288,0.1579458,0,0,0,0.1227721
1731426981871,-17.05156,1.417075,-0.6153278,-0.9986306,0.05228184,-0.001968741,-3.203773,0.677222,-0.2088547,-17.19689,1.063667,-0.6837444,-0.8952233,-0.01539335,-0.4453526,-3.397465,0.2124935,0.05979538,-17.22532,1.079369,-0.5289898,-0.9814827,-0.06671489,0.1795585,-3.34568,0.2858788,0.1613617,0.1227721
1731426981876,-17.05156,1.417075,-0.6153278,-0.9986306,0.05228184,-0.001968741,0,0,0,-17.19689,1.063667,-0.6837444,-0.8952233,-0.01539335,-0.4453526,0,0,0,-17.22532,1.079369,-0.5289898,-0.9814827,-0.06671489,0.1795585,0,0,0,0.1227721
1731426981882,-17.05156,1.417075,-0.6153278,-0.9986306,0.05228184,-0.001968741,0,0,0,-17.19689,1.063667,-0.6837444,-0.8952233,-0.01539335,-0.4453526,0,0,0,-17.22532,1.079369,-0.5289898,-0.9814827,-0.06671489,0.1795585,0,0,0,0.1227721
1731426981899,-17.09327,1.425446,-0.6176758,-0.9967142,0.08074788,0.00639981,-3.128242,0.627771,-0.176096,-17.24234,1.069198,-0.6826439,-0.8927845,-0.03587217,-0.4490542,-3.409195,0.4147947,0.08254051,-17.26897,1.084346,-0.5263157,-0.9692993,-0.1086706,0.2205675,-3.273582,0.3733009,0.2005577,0.1227721
1731426981905,-17.09327,1.425446,-0.6176758,-0.9967142,0.08074788,0.00639981,0,0,0,-17.24234,1.069198,-0.6826439,-0.8927845,-0.03587217,-0.4490542,0,0,0,-17.26897,1.084346,-0.5263157,-0.9692993,-0.1086706,0.2205675,0,0,0,0.1227721
1731426981926,-17.13203,1.430409,-0.6207733,-0.9963235,0.08514272,0.009518206,-2.906942,0.3722638,-0.2323151,-17.28226,1.079435,-0.6830635,-0.8941458,-0.07134215,-0.4420569,-2.993774,0.7678092,-0.03147125,-17.30778,1.090652,-0.5233173,-0.9558941,-0.1655511,0.2426099,-2.910948,0.4729718,0.2248764,0.1227721
1731426981933,-17.13203,1.430409,-0.6207733,-0.9963235,0.08514272,0.009518206,0,0,0,-17.28226,1.079435,-0.6830635,-0.8941458,-0.07134215,-0.4420569,0,0,0,-17.30778,1.090652,-0.5233173,-0.9558941,-0.1655511,0.2426099,0,0,0,0.1227721
1731426981953,-17.17032,1.437191,-0.6220608,-0.9986948,0.05025803,0.009111047,-2.872324,0.5086452,-0.09655952,-17.31837,1.092051,-0.6807537,-0.911494,-0.002261646,-0.4113078,-2.708387,0.9461403,0.1732349,-17.34311,1.098414,-0.5224457,-0.9603755,-0.1782675,0.2142426,-2.649307,0.5821288,0.06537437,0.1227721
1731426981958,-17.17032,1.437191,-0.6220608,-0.9986948,0.05025803,0.009111047,0,0,0,-17.31837,1.092051,-0.6807537,-0.911494,-0.002261646,-0.4113078,0,0,0,-17.34311,1.098414,-0.5224457,-0.9603755,-0.1782675,0.2142426,0,0,0,0.1227721
1731426981981,-17.20997,1.445895,-0.6237106,-0.9984811,0.05498102,0.003565133,-2.973175,0.6527781,-0.1237392,-17.35552,1.100867,-0.6777878,-0.9186167,0.06021709,-0.3905351,-2.785921,0.6612539,0.2224445,-17.37745,1.105105,-0.5226192,-0.9721184,-0.147562,0.1822411,-2.576208,0.5018055,-0.01301765,0.1227721
1731426981987,-17.20997,1.445895,-0.6237106,-0.9984811,0.05498102,0.003565133,0,0,0,-17.35552,1.100867,-0.6777878,-0.9186167,0.06021709,-0.3905351,0,0,0,-17.37745,1.105105,-0.5226192,-0.9721184,-0.147562,0.1822411,0,0,0,0.1227721
1731426982009,-17.24843,1.451812,-0.6255932,-0.997884,0.06493064,-0.003463387,-2.884769,0.4438072,-0.1411915,-17.39474,1.105507,-0.6791496,-0.9187652,0.03580243,-0.3931786,-2.941275,0.3479451,-0.1021385,-17.41279,1.108592,-0.5231457,-0.9732283,-0.1247434,0.1930442,-2.650452,0.2615243,-0.03948212,0.1227721
1731426982015,-17.24843,1.451812,-0.6255932,-0.997884,0.06493064,-0.003463387,0,0,0,-17.39474,1.105507,-0.6791496,-0.9187652,0.03580243,-0.3931786,0,0,0,-17.41279,1.108592,-0.5231457,-0.9732283,-0.1247434,0.1930442,0,0,0,0.1227721
1731426982020,-17.24843,1.451812,-0.6255932,-0.997884,0.06493064,-0.003463387,0,0,0,-17.39474,1.105507,-0.6791496,-0.9187652,0.03580243,-0.3931786,0,0,0,-17.41279,1.108592,-0.5231457,-0.9732283,-0.1247434,0.1930442,0,0,0,0.1227721
1731426982037,-17.2872,1.455873,-0.6254463,-0.9977348,0.06676306,-0.008267164,-2.907944,0.3045738,0.01101494,-17.43157,1.110108,-0.6794395,-0.9172034,0.005473237,-0.3983818,-2.762461,0.3451377,-0.02174377,-17.44852,1.111096,-0.5199642,-0.9710857,-0.1325922,0.1985255,-2.679348,0.1878351,0.2386093,0.1227721
1731426982062,-17.32553,1.458777,-0.6247883,-0.9978082,0.06498376,-0.01249456,-2.874184,0.2177775,0.04935265,-17.46598,1.113477,-0.6803398,-0.9119852,-0.004152581,-0.410203,-2.581215,0.2526373,-0.06752014,-17.48327,1.11211,-0.518795,-0.9700893,-0.1348697,0.2018348,-2.606249,0.07605851,0.08769035,0.1227721
1731426982067,-17.32553,1.458777,-0.6247883,-0.9978082,0.06498376,-0.01249456,0,0,0,-17.46598,1.113477,-0.6803398,-0.9119852,-0.004152581,-0.410203,0,0,0,-17.48327,1.11211,-0.518795,-0.9700893,-0.1348697,0.2018348,0,0,0,0.1227721
1731426982089,-17.36347,1.458601,-0.6239033,-0.9977456,0.06488917,-0.01714361,-2.84586,-0.01317859,0.06637573,-17.50048,1.112807,-0.6818352,-0.9121695,-0.008375388,-0.4097279,-2.587366,-0.05025566,-0.1121521,-17.52094,1.109223,-0.5199051,-0.9653672,-0.1346256,0.2234776,-2.825546,-0.2165884,-0.08325577,0.1227721
1731426982095,-17.36347,1.458601,-0.6239033,-0.9977456,0.06488917,-0.01714361,0,0,0,-17.50048,1.112807,-0.6818352,-0.9121695,-0.008375388,-0.4097279,0,0,0,-17.52094,1.109223,-0.5199051,-0.9653672,-0.1346256,0.2234776,0,0,0,0.1227721
1731426982118,-17.40068,1.455264,-0.6231174,-0.9980867,0.05941649,-0.01712787,-2.790642,-0.2502769,0.05893707,-17.53557,1.109105,-0.6818008,-0.9167646,-0.01574226,-0.3991183,-2.631712,-0.2776533,0.002574921,-17.55934,1.105254,-0.5198708,-0.9591618,-0.1318315,0.2502586,-2.87962,-0.2976358,0.002574921,0.1227721
1731426982124,-17.40068,1.455264,-0.6231174,-0.9980867,0.05941649,-0.01712787,0,0,0,-17.53557,1.109105,-0.6818008,-0.9167646,-0.01574226,-0.3991183,0,0,0,-17.55934,1.105254,-0.5198708,-0.9591618,-0.1318315,0.2502586,0,0,0,0.1227721
1731426982147,-17.4382,1.451042,-0.6224155,-0.9984078,0.05455536,-0.01436305,-2.814102,-0.3166795,0.05264282,-17.57006,1.103753,-0.6820927,-0.9142608,-0.0180644,-0.404724,-2.586222,-0.4013926,-0.02188683,-17.59706,1.100845,-0.5197144,-0.9592622,-0.1453052,0.2422863,-2.829123,-0.3307074,0.01173019,0.1227721
1731426982153,-17.4382,1.451042,-0.6224155,-0.9984078,0.05455536,-0.01436305,0,0,0,-17.57006,1.103753,-0.6820927,-0.9142608,-0.0180644,-0.404724,0,0,0,-17.59706,1.100845,-0.5197144,-0.9592622,-0.1453052,0.2422863,0,0,0,0.1227721
1731426982175,-17.47619,1.445069,-0.6213131,-0.9979731,0.06146379,-0.01649976,-2.849007,-0.4479557,0.08268356,-17.60589,1.096279,-0.6831608,-0.9124261,-0.01955398,-0.4087749,-2.687788,-0.5605459,-0.08010864,-17.63609,1.094302,-0.5215664,-0.9613075,-0.1551704,0.2276186,-2.92697,-0.4907101,-0.1389027,0.1227721
1731426982181,-17.47619,1.445069,-0.6213131,-0.9979731,0.06146379,-0.01649976,0,0,0,-17.60589,1.096279,-0.6831608,-0.9124261,-0.01955398,-0.4087749,0,0,0,-17.63609,1.094302,-0.5215664,-0.9613075,-0.1551704,0.2276186,0,0,0,0.1227721
1731426982186,-17.47619,1.445069,-0.6213131,-0.9979731,0.06146379,-0.01649976,0,0,0,-17.60589,1.096279,-0.6831608,-0.9124261,-0.01955398,-0.4087749,0,0,0,-17.63609,1.094302,-0.5215664,-0.9613075,-0.1551704,0.2276186,0,0,0,0.1227721
1731426982203,-17.51369,1.437256,-0.6195679,-0.9979068,0.06271661,-0.01578248,-2.812815,-0.5859375,0.1308918,-17.64424,1.087336,-0.6820278,-0.9128186,-0.01919476,-0.4079148,-2.875757,-0.6707042,0.08497238,-17.67505,1.088267,-0.5220585,-0.9653841,-0.133148,0.2242889,-2.922678,-0.4526407,-0.0369072,0.1227721
1731426982208,-17.51369,1.437256,-0.6195679,-0.9979068,0.06271661,-0.01578248,0,0,0,-17.64424,1.087336,-0.6820278,-0.9128186,-0.01919476,-0.4079148,0,0,0,-17.67505,1.088267,-0.5220585,-0.9653841,-0.133148,0.2242889,0,0,0,0.1227721
1731426982231,-17.55154,1.428396,-0.6178455,-0.9977221,0.06555957,-0.01590061,-2.838564,-0.664553,0.1291752,-17.68277,1.079324,-0.6818962,-0.9102539,-0.0180009,-0.4136598,-2.889776,-0.600931,0.009870529,-17.71319,1.08303,-0.5219078,-0.969543,-0.09957518,0.2237664,-2.860308,-0.392729,0.01130104,0.1227721
1731426982236,-17.55154,1.428396,-0.6178455,-0.9977221,0.06555957,-0.01590061,0,0,0,-17.68277,1.079324,-0.6818962,-0.9102539,-0.0180009,-0.4136598,0,0,0,-17.71319,1.08303,-0.5219078,-0.969543,-0.09957518,0.2237664,0,0,0,0.1227721
1731426982257,-17.58917,1.419955,-0.6154423,-0.9977418,0.06378251,-0.02106333,-2.822113,-0.633046,0.1802444,-17.72325,1.072451,-0.681757,-0.9033934,0.002270058,-0.4288074,-3.036118,-0.5154222,0.01044273,-17.75281,1.077574,-0.5202999,-0.9729617,-0.07591172,0.2181365,-2.971172,-0.4092067,0.1205921,0.1227721
1731426982263,-17.58917,1.419955,-0.6154423,-0.9977418,0.06378251,-0.02106333,0,0,0,-17.72325,1.072451,-0.681757,-0.9033934,0.002270058,-0.4288074,0,0,0,-17.75281,1.077574,-0.5202999,-0.9729617,-0.07591172,0.2181365,0,0,0,0.1227721
1731426982286,-17.62776,1.413133,-0.6126881,-0.9976884,0.06279097,-0.02598667,-2.894783,-0.5116761,0.2065659,-17.76457,1.066819,-0.68046,-0.8957008,0.01066268,-0.4445302,-3.099346,-0.4224032,0.09727478,-17.79408,1.073206,-0.5173168,-0.974301,-0.06441096,0.215845,-3.09577,-0.327605,0.223732,0.1227721
1731426982292,-17.62776,1.413133,-0.6126881,-0.9976884,0.06279097,-0.02598667,0,0,0,-17.76457,1.066819,-0.68046,-0.8957008,0.01066268,-0.4445302,0,0,0,-17.79408,1.073206,-0.5173168,-0.974301,-0.06441096,0.215845,0,0,0,0.1227721
1731426982314,-17.66771,1.40916,-0.6094971,-0.9973771,0.06676183,-0.02796519,-2.995777,-0.2979755,0.2393246,-17.80672,1.0638,-0.6805611,-0.8882226,0.0003016256,-0.4594134,-3.160715,-0.2264589,-0.007581711,-17.83508,1.072187,-0.5154514,-0.9731753,-0.05131216,0.2242705,-3.074455,-0.07646084,0.139904,0.1227721
1731426982320,-17.66771,1.40916,-0.6094971,-0.9973771,0.06676183,-0.02796519,0,0,0,-17.80672,1.0638,-0.6805611,-0.8882226,0.0003016256,-0.4594134,0,0,0,-17.83508,1.072187,-0.5154514,-0.9731753,-0.05131216,0.2242705,0,0,0,0.1227721
1731426982342,-17.70692,1.406035,-0.6063042,-0.9965747,0.0768743,-0.03048611,-2.941132,-0.2343446,0.2394676,-17.84799,1.063298,-0.6783962,-0.8818399,-0.005353563,-0.4715194,-3.09577,-0.03766716,0.1623631,-17.87579,1.073933,-0.5104847,-0.9774918,-0.04151078,0.2068505,-3.053141,0.1309454,0.3725052,0.1227721
1731426982349,-17.70692,1.406035,-0.6063042,-0.9965747,0.0768743,-0.03048611,0,0,0,-17.84799,1.063298,-0.6783962,-0.8818399,-0.005353563,-0.4715194,0,0,0,-17.87579,1.073933,-0.5104847,-0.9774918,-0.04151078,0.2068505,0,0,0,0.1227721
1731426982370,-17.74604,1.407697,-0.6036758,-0.9961327,0.07956244,-0.03728116,-2.934122,0.1246244,0.1971245,-17.88928,1.06651,-0.676363,-0.8778622,0.008134516,-0.4788445,-3.096628,0.2408892,0.1524925,-17.91834,1.076512,-0.5078793,-0.9838023,-0.04433016,0.1736902,-3.191757,0.1934767,0.1954079,0.1227721
1731426982376,-17.74604,1.407697,-0.6036758,-0.9961327,0.07956244,-0.03728116,0,0,0,-17.88928,1.06651,-0.676363,-0.8778622,0.008134516,-0.4788445,0,0,0,-17.91834,1.076512,-0.5078793,-0.9838023,-0.04433016,0.1736902,0,0,0,0.1227721
1731426982398,-17.7851,1.413869,-0.6012154,-0.9949244,0.08685683,-0.05080879,-2.929544,0.4629314,0.184536,-17.9308,1.072163,-0.6750984,-0.8748877,0.02004206,-0.4839115,-3.113937,0.4239768,0.09484291,-17.96167,1.080963,-0.5063992,-0.9867951,-0.03423495,0.1583151,-3.249836,0.333792,0.1110077,0.1227721
1731426982404,-17.7851,1.413869,-0.6012154,-0.9949244,0.08685683,-0.05080879,0,0,0,-17.9308,1.072163,-0.6750984,-0.8748877,0.02004206,-0.4839115,0,0,0,-17.96167,1.080963,-0.5063992,-0.9867951,-0.03423495,0.1583151,0,0,0,0.1227721
1731426982426,-17.82569,1.417259,-0.5991306,-0.9909804,0.1170265,-0.0652889,-3.044128,0.2541929,0.1563549,-17.97139,1.077544,-0.6738644,-0.8638155,0.02909862,-0.5029671,-3.044128,0.4036099,0.09255409,-18.00557,1.086638,-0.5060635,-0.9865798,-0.01978384,0.1620775,-3.291893,0.4256487,0.025177,0.1227721
1731426982433,-17.82569,1.417259,-0.5991306,-0.9909804,0.1170265,-0.0652889,0,0,0,-17.97139,1.077544,-0.6738644,-0.8638155,0.02909862,-0.5029671,0,0,0,-18.00557,1.086638,-0.5060635,-0.9865798,-0.01978384,0.1620775,0,0,0,0.1227721
1731426982454,-17.86539,1.421139,-0.6002216,-0.9932346,0.09595373,-0.06540775,-2.976894,0.2910286,-0.08182526,-18.01003,1.082299,-0.6728611,-0.8603217,0.01697412,-0.5094695,-2.898359,0.3566086,0.0752449,-18.04676,1.093266,-0.5063457,-0.9881995,-0.009296929,0.1528906,-3.089333,0.497067,-0.02117157,0.1227721
1731426982460,-17.86539,1.421139,-0.6002216,-0.9932346,0.09595373,-0.06540775,0,0,0,-18.01003,1.082299,-0.6728611,-0.8603217,0.01697412,-0.5094695,0,0,0,-18.04676,1.093266,-0.5063457,-0.9881995,-0.009296929,0.1528906,0,0,0,0.1227721
1731426982482,-17.90557,1.428432,-0.6026096,-0.9956854,0.0670514,-0.0641495,-3.013515,0.5469918,-0.1791,-18.04688,1.087159,-0.6712379,-0.8645898,0.01804147,-0.5021554,-2.763176,0.3644943,0.1217365,-18.08635,1.099581,-0.5075283,-0.9912663,-0.006648552,0.1317102,-2.969742,0.4736781,-0.08869171,0.1227721
1731426982488,-17.90557,1.428432,-0.6026096,-0.9956854,0.0670514,-0.0641495,0,0,0,-18.04688,1.087159,-0.6712379,-0.8645898,0.01804147,-0.5021554,0,0,0,-18.08635,1.099581,-0.5075283,-0.9912663,-0.006648552,0.1317102,0,0,0,0.1227721
1731426982510,-17.94598,1.435613,-0.6027451,-0.9961688,0.05893455,-0.06461668,-3.030825,0.5385697,-0.01015663,-18.08315,1.090906,-0.6705818,-0.8636999,-0.003380533,-0.5039954,-2.720547,0.281015,0.04920959,-18.12539,1.105347,-0.5089207,-0.9912909,-0.01939056,0.1302556,-2.928114,0.4324436,-0.1044273,0.1227721
1731426982516,-17.94598,1.435613,-0.6027451,-0.9961688,0.05893455,-0.06461668,0,0,0,-18.08315,1.090906,-0.6705818,-0.8636999,-0.003380533,-0.5039954,0,0,0,-18.12539,1.105347,-0.5089207,-0.9912909,-0.01939056,0.1302556,0,0,0,0.1227721
1731426982520,-17.94598,1.435613,-0.6027451,-0.9961688,0.05893455,-0.06461668,0,0,0,-18.08315,1.090906,-0.6705818,-0.8636999,-0.003380533,-0.5039954,0,0,0,-18.12539,1.105347,-0.5089207,-0.9912909,-0.01939056,0.1302556,0,0,0,0.1227721
1731426982538,-17.98485,1.441249,-0.6061668,-0.996102,0.05957333,-0.0650562,-2.915525,0.4226983,-0.2566338,-18.11824,1.096234,-0.6707001,-0.8633909,-0.0230966,-0.5040069,-2.631569,0.3996402,-0.008869171,-18.16384,1.110329,-0.5096188,-0.9891725,-0.05337217,0.1367092,-2.883196,0.3736138,-0.05235672,0.1227721
1731426982544,-17.98485,1.441249,-0.6061668,-0.996102,0.05957333,-0.0650562,0,0,0,-18.11824,1.096234,-0.6707001,-0.8633909,-0.0230966,-0.5040069,0,0,0,-18.16384,1.110329,-0.5096188,-0.9891725,-0.05337217,0.1367092,0,0,0,0.1227721
1731426982566,-18.0243,1.444933,-0.6056423,-0.9956089,0.06778943,-0.06455898,-2.958584,0.2763212,0.03933907,-18.15283,1.100239,-0.6707687,-0.8659956,-0.02307379,-0.4995193,-2.594805,0.3003269,-0.005149841,-18.2,1.113864,-0.5108242,-0.9881068,-0.07054772,0.1366316,-2.711821,0.2651364,-0.09040833,0.1227721
1731426982571,-18.0243,1.444933,-0.6056423,-0.9956089,0.06778943,-0.06455898,0,0,0,-18.15283,1.100239,-0.6707687,-0.8659956,-0.02307379,-0.4995193,0,0,0,-18.2,1.113864,-0.5108242,-0.9881068,-0.07054772,0.1366316,0,0,0,0.1227721
1731426982591,-18.06359,1.445774,-0.6048164,-0.9950658,0.0757088,-0.06412971,-2.946854,0.06305873,0.06194115,-18.1887,1.101326,-0.6838093,-0.8672053,-0.02205786,-0.4974626,-2.69022,0.0815928,-0.9780407,-18.23538,1.115006,-0.5271797,-0.9912236,-0.06756061,0.1136304,-2.653885,0.08562505,-1.226664,0.1227721
1731426982596,-18.06359,1.445774,-0.6048164,-0.9950658,0.0757088,-0.06412971,0,0,0,-18.1887,1.101326,-0.6838093,-0.8672053,-0.02205786,-0.4974626,0,0,0,-18.23538,1.115006,-0.5271797,-0.9912236,-0.06756061,0.1136304,0,0,0,0.1227721
1731426982618,-18.10283,1.443438,-0.6046028,-0.994665,0.07938149,-0.06588101,-2.94342,-0.1751751,0.01602173,-18.22676,1.099402,-0.6827106,-0.8699427,-0.01489419,-0.4929279,-2.85387,-0.1443654,0.08239746,-18.27224,1.11177,-0.5310154,-0.9940077,-0.0625857,0.08962196,-2.76432,-0.2426684,-0.2876759,0.1227721
1731426982624,-18.10283,1.443438,-0.6046028,-0.994665,0.07938149,-0.06588101,0,0,0,-18.22676,1.099402,-0.6827106,-0.8699427,-0.01489419,-0.4929279,0,0,0,-18.27224,1.11177,-0.5310154,-0.9940077,-0.0625857,0.08962196,0,0,0,0.1227721
1731426982647,-18.14224,1.438714,-0.6048889,-0.9944494,0.07983751,-0.06853306,-2.955723,-0.3543377,-0.02145767,-18.26655,1.094024,-0.6825066,-0.8679292,-0.01587442,-0.4964348,-2.984762,-0.4033506,0.01530647,-18.31137,1.104006,-0.5350018,-0.9944211,-0.06525464,0.0828808,-2.934694,-0.5822897,-0.2989769,0.1227721
1731426982652,-18.14224,1.438714,-0.6048889,-0.9944494,0.07983751,-0.06853306,0,0,0,-18.26655,1.094024,-0.6825066,-0.8679292,-0.01587442,-0.4964348,0,0,0,-18.31137,1.104006,-0.5350018,-0.9944211,-0.06525464,0.0828808,0,0,0,0.1227721
1731426982675,-18.1817,1.431801,-0.6053314,-0.9939194,0.08503667,-0.06995475,-2.959299,-0.5184978,-0.03318787,-18.30642,1.086703,-0.6834393,-0.8626003,-0.01266046,-0.5057281,-2.989769,-0.5490392,-0.06995201,-18.35058,1.095167,-0.5380573,-0.9951041,-0.06265728,0.07643539,-2.941275,-0.6629705,-0.2291679,0.1227721
1731426982681,-18.1817,1.431801,-0.6053314,-0.9939194,0.08503667,-0.06995475,0,0,0,-18.30642,1.086703,-0.6834393,-0.8626003,-0.01266046,-0.5057281,0,0,0,-18.35058,1.095167,-0.5380573,-0.9951041,-0.06265728,0.07643539,0,0,0,0.1227721
1731426982703,-18.22124,1.423758,-0.6061707,-0.9941535,0.08093492,-0.07147503,-2.965021,-0.6031662,-0.0629425,-18.34776,1.07778,-0.6840363,-0.8587027,-0.01427356,-0.5122762,-3.100491,-0.6692111,-0.04477501,-18.39253,1.0841,-0.5418701,-0.995392,-0.05426272,0.07906264,-3.145838,-0.8299738,-0.2859592,0.1227721
1731426982709,-18.22124,1.423758,-0.6061707,-0.9941535,0.08093492,-0.07147503,0,0,0,-18.34776,1.07778,-0.6840363,-0.8587027,-0.01427356,-0.5122762,0,0,0,-18.39253,1.0841,-0.5418701,-0.995392,-0.05426272,0.07906264,0,0,0,0.1227721
1731426982731,-18.26103,1.416149,-0.6068439,-0.9938482,0.08397448,-0.07221234,-2.984333,-0.5707026,-0.05049706,-18.38892,1.069124,-0.6848545,-0.8597981,-0.009805512,-0.5105408,-3.087044,-0.6492376,-0.06136894,-18.43442,1.074878,-0.5434456,-0.9943979,-0.04760438,0.0943777,-3.141689,-0.691697,-0.1181602,0.1227721
1731426982737,-18.26103,1.416149,-0.6068439,-0.9938482,0.08397448,-0.07221234,0,0,0,-18.38892,1.069124,-0.6848545,-0.8597981,-0.009805512,-0.5105408,0,0,0,-18.43442,1.074878,-0.5434456,-0.9943979,-0.04760438,0.0943777,0,0,0,0.1227721
1731426982759,-18.30097,1.408722,-0.608984,-0.9937474,0.0856757,-0.07159638,-2.996063,-0.5569965,-0.1605034,-18.43017,1.061564,-0.6872444,-0.8612077,0.0007680692,-0.508253,-3.09391,-0.5669832,-0.1792431,-18.47725,1.067415,-0.5441246,-0.9921383,-0.05673091,0.1115505,-3.2125,-0.5597055,-0.05092621,0.1227721
1731426982765,-18.30097,1.408722,-0.608984,-0.9937474,0.0856757,-0.07159638,0,0,0,-18.43017,1.061564,-0.6872444,-0.8612077,0.0007680692,-0.508253,0,0,0,-18.47725,1.067415,-0.5441246,-0.9921383,-0.05673091,0.1115505,0,0,0,0.1227721
1731426982787,-18.34071,1.402738,-0.6114502,-0.9937125,0.0851495,-0.07270038,-2.980042,-0.4488319,-0.1849651,-18.47147,1.055579,-0.6900387,-0.8610823,0.004474556,-0.5084466,-3.097773,-0.4489034,-0.2095699,-18.51923,1.062771,-0.5443668,-0.9897993,-0.06882337,0.1247448,-3.14827,-0.3482938,-0.0181675,0.1227721
1731426982792,-18.34071,1.402738,-0.6114502,-0.9937125,0.0851495,-0.07270038,0,0,0,-18.47147,1.055579,-0.6900387,-0.8610823,0.004474556,-0.5084466,0,0,0,-18.51923,1.062771,-0.5443668,-0.9897993,-0.06882337,0.1247448,0,0,0,0.1227721
1731426982815,-18.38125,1.40181,-0.6141434,-0.9932344,0.0920675,-0.07077658,-3.040409,-0.06962121,-0.2019882,-18.51354,1.053866,-0.6925526,-0.8587753,-0.000564348,-0.5123526,-3.155136,-0.128451,-0.1885414,-18.56146,1.063727,-0.5425301,-0.9886935,-0.07512005,0.1297789,-3.167152,0.07168651,0.1377583,0.1244084
1731426982822,-18.38125,1.40181,-0.6141434,-0.9932344,0.0920675,-0.07077658,0,0,0,-18.51354,1.053866,-0.6925526,-0.8587753,-0.000564348,-0.5123526,0,0,0,-18.56146,1.063727,-0.5425301,-0.9886935,-0.07512005,0.1297789,0,0,0,0.1244084
1731426982843,-18.42154,1.403023,-0.6169968,-0.9937786,0.09387406,-0.05993271,-3.022242,0.09100735,-0.2140045,-18.55611,1.055699,-0.6962986,-0.8594689,-0.01430816,-0.5109884,-3.192759,0.13749,-0.2809525,-18.60327,1.067245,-0.5416508,-0.9899088,-0.06437506,0.1262412,-3.135681,0.2638221,0.06594658,0.1258916
1731426982850,-18.42154,1.403023,-0.6169968,-0.9937786,0.09387406,-0.05993271,0,0,0,-18.55611,1.055699,-0.6962986,-0.8594689,-0.01430816,-0.5109884,0,0,0,-18.60327,1.067245,-0.5416508,-0.9899088,-0.06437506,0.1262412,0,0,0,0.1258916
1731426982855,-18.42154,1.403023,-0.6169968,-0.9937786,0.09387406,-0.05993271,0,0,0,-18.55611,1.055699,-0.6962986,-0.8594689,-0.01430816,-0.5109884,0,0,0,-18.60327,1.067245,-0.5416508,-0.9899088,-0.06437506,0.1262412,0,0,0,0.1258916
1731426982871,-18.46296,1.411419,-0.6192188,-0.9945372,0.09008493,-0.0527333,-3.106356,0.6297022,-0.1666546,-18.60035,1.05955,-0.6973572,-0.8619084,-0.009790577,-0.50697,-3.317785,0.2887845,-0.07939339,-18.6473,1.071209,-0.541626,-0.9865162,-0.07084788,0.1475359,-3.302908,0.2973586,0.001859665,0.1258916
1731426982876,-18.46296,1.411419,-0.6192188,-0.9945372,0.09008493,-0.0527333,0,0,0,-18.60035,1.05955,-0.6973572,-0.8619084,-0.009790577,-0.50697,0,0,0,-18.6473,1.071209,-0.541626,-0.9865162,-0.07084788,0.1475359,0,0,0,0.1258916
1731426982899,-18.50398,1.418377,-0.6210709,-0.9928089,0.1108014,-0.04532111,-3.076744,0.5218416,-0.1389027,-18.64346,1.064101,-0.6977482,-0.860054,-0.02467598,-0.5096068,-3.233528,0.3413916,-0.02932549,-18.68846,1.076327,-0.5409641,-0.979257,-0.08781857,0.1826027,-3.086472,0.3838599,0.04963875,0.1258916
1731426982906,-18.50398,1.418377,-0.6210709,-0.9928089,0.1108014,-0.04532111,0,0,0,-18.64346,1.064101,-0.6977482,-0.860054,-0.02467598,-0.5096068,0,0,0,-18.68846,1.076327,-0.5409641,-0.979257,-0.08781857,0.1826027,0,0,0,0.1258916
1731426982924,-18.54069,1.42309,-0.6227512,-0.9939882,0.1004438,-0.04357588,-2.752733,0.3534615,-0.1260281,-18.68376,1.074185,-0.6968174,-0.8644836,-0.04945363,-0.500223,-3.022099,0.7562399,0.06980896,-18.7262,1.083552,-0.5399952,-0.9718614,-0.1385958,0.1904652,-2.830553,0.5418152,0.07266998,0.1258916
1731426982930,-18.54069,1.42309,-0.6227512,-0.9939882,0.1004438,-0.04357588,0,0,0,-18.68376,1.074185,-0.6968174,-0.8644836,-0.04945363,-0.500223,0,0,0,-18.7262,1.083552,-0.5399952,-0.9718614,-0.1385958,0.1904652,0,0,0,0.1258916
1731426982952,-18.57927,1.428874,-0.6227036,-0.996128,0.0770028,-0.04242456,-2.893639,0.4338384,0.003576279,-18.71959,1.085311,-0.6934872,-0.8789808,-0.008639175,-0.4767799,-2.687788,0.8344889,0.2497673,-18.75953,1.091347,-0.5403633,-0.9754905,-0.1527174,0.1584181,-2.500248,0.5846679,-0.02760887,0.1258916
1731426982957,-18.57927,1.428874,-0.6227036,-0.996128,0.0770028,-0.04242456,0,0,0,-18.71959,1.085311,-0.6934872,-0.8789808,-0.008639175,-0.4767799,0,0,0,-18.75953,1.091347,-0.5403633,-0.9754905,-0.1527174,0.1584181,0,0,0,0.1258916
1731426982980,-18.61834,1.436918,-0.6217384,-0.9969792,0.06683289,-0.03957796,-2.930546,0.6032556,0.07238388,-18.75546,1.095311,-0.688776,-0.8912461,0.04525863,-0.451257,-2.690363,0.7499814,0.3533363,-18.79024,1.099569,-0.5401764,-0.9865063,-0.1011906,0.1287103,-2.302551,0.6166577,0.01401901,0.1258916
1731426982985,-18.61834,1.436918,-0.6217384,-0.9969792,0.06683289,-0.03957796,0,0,0,-18.75546,1.095311,-0.688776,-0.8912461,0.04525863,-0.451257,0,0,0,-18.79024,1.099569,-0.5401764,-0.9865063,-0.1011906,0.1287103,0,0,0,0.1258916
1731426983008,-18.65728,1.442125,-0.6208038,-0.9968346,0.07016019,-0.03739786,-2.91996,0.3905654,0.07009506,-18.79196,1.101688,-0.6881924,-0.9025931,0.02987202,-0.4294575,-2.737141,0.4783094,0.04377365,-18.8225,1.103423,-0.5397472,-0.9872422,-0.07239852,0.1418155,-2.419853,0.2890348,0.03218651,0.1258916
1731426983014,-18.65728,1.442125,-0.6208038,-0.9968346,0.07016019,-0.03739786,0,0,0,-18.79196,1.101688,-0.6881924,-0.9025931,0.02987202,-0.4294575,0,0,0,-18.8225,1.103423,-0.5397472,-0.9872422,-0.07239852,0.1418155,0,0,0,0.1258916
1731426983036,-18.69614,1.445253,-0.6196861,-0.9968231,0.07187532,-0.03432441,-2.914667,0.2345413,0.08382797,-18.82801,1.105819,-0.6861343,-0.9084125,0.01288123,-0.4178772,-2.703953,0.3098041,0.1543522,-18.85633,1.104249,-0.5367031,-0.9839344,-0.09106401,0.15356,-2.537584,0.06194115,0.2283096,0.1258916
1731426983041,-18.69614,1.445253,-0.6196861,-0.9968231,0.07187532,-0.03432441,0,0,0,-18.82801,1.105819,-0.6861343,-0.9084125,0.01288123,-0.4178772,0,0,0,-18.85633,1.104249,-0.5367031,-0.9839344,-0.09106401,0.15356,0,0,0,0.1258916
1731426983062,-18.73432,1.446112,-0.618576,-0.9970822,0.06795171,-0.0347867,-2.863598,0.0644803,0.08325577,-18.86516,1.106125,-0.6830177,-0.9114022,0.01146291,-0.4113576,-2.786207,0.02290606,0.2337456,-18.89424,1.099893,-0.5336056,-0.9754395,-0.143875,0.1667876,-2.842855,-0.3266752,0.2323151,0.1258916
1731426983068,-18.73432,1.446112,-0.618576,-0.9970822,0.06795171,-0.0347867,0,0,0,-18.86516,1.106125,-0.6830177,-0.9114022,0.01146291,-0.4113576,0,0,0,-18.89424,1.099893,-0.5336056,-0.9754395,-0.143875,0.1667876,0,0,0,0.1258916
1731426983091,-18.77289,1.444579,-0.6175499,-0.9973595,0.06158857,-0.03849089,-2.892923,-0.1150221,0.07696152,-18.90194,1.103389,-0.6800785,-0.9149971,0.01622169,-0.4031351,-2.758455,-0.2051979,0.2204418,-18.93117,1.094379,-0.53269,-0.9692491,-0.1629638,0.1843895,-2.769899,-0.413543,0.06866455,0.1258916
1731426983096,-18.77289,1.444579,-0.6175499,-0.9973595,0.06158857,-0.03849089,0,0,0,-18.90194,1.103389,-0.6800785,-0.9149971,0.01622169,-0.4031351,0,0,0,-18.93117,1.094379,-0.53269,-0.9692491,-0.1629638,0.1843895,0,0,0,0.1258916
1731426983119,-18.81073,1.441436,-0.6159286,-0.9978697,0.05235822,-0.03892565,-2.837706,-0.2357125,0.1215935,-18.93896,1.097245,-0.6780491,-0.9150612,0.004322129,-0.4032928,-2.776051,-0.4607946,0.1522064,-18.9686,1.086533,-0.5324841,-0.9647762,-0.175062,0.1963679,-2.807093,-0.5884856,0.01544952,0.1258916
1731426983125,-18.81073,1.441436,-0.6159286,-0.9978697,0.05235822,-0.03892565,0,0,0,-18.93896,1.097245,-0.6780491,-0.9150612,0.004322129,-0.4032928,0,0,0,-18.9686,1.086533,-0.5324841,-0.9647762,-0.175062,0.1963679,0,0,0,0.1258916
1731426983148,-18.84849,1.437054,-0.6141663,-0.9980975,0.04866408,-0.03786266,-2.83227,-0.3286153,0.1321793,-18.97552,1.090818,-0.6762486,-0.9166974,-0.01172951,-0.3994108,-2.74229,-0.481984,0.1350403,-19.00649,1.077459,-0.5314598,-0.9616938,-0.1947356,0.1929331,-2.841711,-0.6805211,0.07681847,0.1258916
1731426983153,-18.84849,1.437054,-0.6141663,-0.9980975,0.04866408,-0.03786266,0,0,0,-18.97552,1.090818,-0.6762486,-0.9166974,-0.01172951,-0.3994108,0,0,0,-19.00649,1.077459,-0.5314598,-0.9616938,-0.1947356,0.1929331,0,0,0,0.1258916
1731426983176,-18.88632,1.429814,-0.612709,-0.9976119,0.05786603,-0.03771925,-2.83742,-0.5430043,0.1092911,-19.01209,1.084659,-0.6750126,-0.9159182,-0.01319809,-0.4011486,-2.742863,-0.4619122,0.09269714,-19.04471,1.068602,-0.5307579,-0.96032,-0.1997341,0.1946584,-2.866316,-0.6642759,0.05264282,0.1258916
1731426983181,-18.88632,1.429814,-0.612709,-0.9976119,0.05786603,-0.03771925,0,0,0,-19.01209,1.084659,-0.6750126,-0.9159182,-0.01319809,-0.4011486,0,0,0,-19.04471,1.068602,-0.5307579,-0.96032,-0.1997341,0.1946584,0,0,0,0.1258916
1731426983186,-18.88632,1.429814,-0.612709,-0.9976119,0.05786603,-0.03771925,0,0,0,-19.01209,1.084659,-0.6750126,-0.9159182,-0.01319809,-0.4011486,0,0,0,-19.04471,1.068602,-0.5307579,-0.96032,-0.1997341,0.1946584,0,0,0,0.1258916
1731426983204,-18.92375,1.420684,-0.6112309,-0.9971893,0.06560296,-0.03619492,-2.807093,-0.684759,0.1108646,-19.05189,1.077197,-0.6712685,-0.9202997,-0.0008299705,-0.3912138,-2.984762,-0.5596697,0.2808094,-19.08386,1.061061,-0.5280228,-0.962339,-0.1859191,0.198338,-2.936697,-0.5656064,0.2051353,0.1258916
1731426983209,-18.92375,1.420684,-0.6112309,-0.9971893,0.06560296,-0.03619492,0,0,0,-19.05189,1.077197,-0.6712685,-0.9202997,-0.0008299705,-0.3912138,0,0,0,-19.08386,1.061061,-0.5280228,-0.962339,-0.1859191,0.198338,0,0,0,0.1258916
1731426983232,-18.96213,1.411738,-0.6090202,-0.9969282,0.07021095,-0.03471768,-2.878332,-0.6709367,0.1657963,-19.09194,1.068848,-0.668232,-0.9202607,0.01250743,-0.3911071,-3.003645,-0.6261885,0.2277374,-19.12294,1.054619,-0.5256367,-0.969264,-0.1559257,0.1903017,-2.930546,-0.4831374,0.178957,0.1258916
1731426983237,-18.96213,1.411738,-0.6090202,-0.9969282,0.07021095,-0.03471768,0,0,0,-19.09194,1.068848,-0.668232,-0.9202607,0.01250743,-0.3911071,0,0,0,-19.12294,1.054619,-0.5256367,-0.969264,-0.1559257,0.1903017,0,0,0,0.1258916
1731426983259,-19.00077,1.404081,-0.6058903,-0.9969417,0.07009846,-0.03455055,-2.897787,-0.5743146,0.2347469,-19.13339,1.060831,-0.6656704,-0.9136666,0.02286114,-0.4058218,-3.10936,-0.6012619,0.1921177,-19.16369,1.049424,-0.5222778,-0.9742202,-0.1254127,0.1875286,-3.056288,-0.3896356,0.2519131,0.1258916
1731426983264,-19.00077,1.404081,-0.6058903,-0.9969417,0.07009846,-0.03455055,0,0,0,-19.13339,1.060831,-0.6656704,-0.9136666,0.02286114,-0.4058218,0,0,0,-19.16369,1.049424,-0.5222778,-0.9742202,-0.1254127,0.1875286,0,0,0,0.1258916
1731426983287,-19.04023,1.401682,-0.6028194,-0.9968588,0.07099374,-0.03511429,-2.959871,-0.1799226,0.2303123,-19.17543,1.059332,-0.6628456,-0.9043193,0.01880308,-0.4264426,-3.152704,-0.1124024,0.2118587,-19.20521,1.049559,-0.5177841,-0.9749287,-0.1089223,0.1940374,-3.11408,0.01013875,0.3370285,0.1295364
1731426983293,-19.04023,1.401682,-0.6028194,-0.9968588,0.07099374,-0.03511429,0,0,0,-19.17543,1.059332,-0.6628456,-0.9043193,0.01880308,-0.4264426,0,0,0,-19.20521,1.049559,-0.5177841,-0.9749287,-0.1089223,0.1940374,0,0,0,0.1295364
1731426983315,-19.0799,1.40132,-0.5999393,-0.9958559,0.08113526,-0.04109156,-2.974892,-0.02714396,0.2160072,-19.21645,1.061321,-0.6603107,-0.9022372,0.0124738,-0.4310602,-3.076172,0.1491129,0.190115,-19.24775,1.053358,-0.5130539,-0.9746823,-0.1075687,0.1960198,-3.190756,0.2849221,0.3547668,0.1330316
1731426983321,-19.0799,1.40132,-0.5999393,-0.9958559,0.08113526,-0.04109156,0,0,0,-19.21645,1.061321,-0.6603107,-0.9022372,0.0124738,-0.4310602,0,0,0,-19.24775,1.053358,-0.5130539,-0.9746823,-0.1075687,0.1960198,0,0,0,0.1330316
1731426983343,-19.1194,1.404703,-0.5970516,-0.9970421,0.06097618,-0.04678833,-2.962589,0.2537459,0.2165794,-19.25773,1.064457,-0.6569729,-0.9000838,0.02358273,-0.4350789,-3.096485,0.2352476,0.2503395,-19.29181,1.057872,-0.5082607,-0.9770979,-0.1106045,0.1817875,-3.304768,0.3385127,0.3594875,0.1342511
1731426983348,-19.1194,1.404703,-0.5970516,-0.9970421,0.06097618,-0.04678833,0,0,0,-19.25773,1.064457,-0.6569729,-0.9000838,0.02358273,-0.4350789,0,0,0,-19.29181,1.057872,-0.5082607,-0.9770979,-0.1106045,0.1817875,0,0,0,0.1342511
1731426983371,-19.15934,1.407838,-0.5944977,-0.9953825,0.07936662,-0.05399013,-2.995777,0.2351046,0.1915455,-19.29908,1.069864,-0.6562805,-0.8870438,0.02948438,-0.4607432,-3.100777,0.4055232,0.05192757,-19.3359,1.06275,-0.507206,-0.9797356,-0.1052565,0.17041,-3.306055,0.3658801,0.07910728,0.1342511
1731426983377,-19.15934,1.407838,-0.5944977,-0.9953825,0.07936662,-0.05399013,0,0,0,-19.29908,1.069864,-0.6562805,-0.8870438,0.02948438,-0.4607432,0,0,0,-19.3359,1.06275,-0.507206,-0.9797356,-0.1052565,0.17041,0,0,0,0.1342511
1731426983399,-19.19869,1.409236,-0.5924969,-0.9919369,0.1116403,-0.05998576,-2.951145,0.1048565,0.1500607,-19.33857,1.077457,-0.6572456,-0.8794767,0.01458274,-0.4757187,-2.961731,0.5694598,-0.07238388,-19.37788,1.070813,-0.507597,-0.9844043,-0.0846341,0.1542254,-3.149128,0.6047398,-0.02932549,0.1342511
1731426983404,-19.19869,1.409236,-0.5924969,-0.9919369,0.1116403,-0.05998576,0,0,0,-19.33857,1.077457,-0.6572456,-0.8794767,0.01458274,-0.4757187,0,0,0,-19.37788,1.070813,-0.507597,-0.9844043,-0.0846341,0.1542254,0,0,0,0.1342511
1731426983426,-19.23826,1.412802,-0.5908756,-0.9936499,0.09694162,-0.05711746,-2.968025,0.2674878,0.1215935,-19.37526,1.084275,-0.6576614,-0.8784747,0.03855205,-0.4762312,-2.752161,0.5113363,-0.03118515,-19.41683,1.079158,-0.5077515,-0.9931104,-0.04051307,0.1099589,-2.921104,0.6258845,-0.01158714,0.1342511
1731426983432,-19.23826,1.412802,-0.5908756,-0.9936499,0.09694162,-0.05711746,0,0,0,-19.37526,1.084275,-0.6576614,-0.8784747,0.03855205,-0.4762312,0,0,0,-19.41683,1.079158,-0.5077515,-0.9931104,-0.04051307,0.1099589,0,0,0,0.1342511
1731426983454,-19.27994,1.421948,-0.5903568,-0.9949357,0.08238818,-0.05758047,-3.125381,0.6859034,0.03890991,-19.41293,1.088343,-0.6566792,-0.8764133,0.0734379,-0.4759277,-2.82526,0.3051281,0.07367134,-19.45737,1.085732,-0.5100994,-0.9964107,-0.01652057,0.0830248,-3.040695,0.4930437,-0.176096,0.1342511
1731426983461,-19.27994,1.421948,-0.5903568,-0.9949357,0.08238818,-0.05758047,0,0,0,-19.41293,1.088343,-0.6566792,-0.8764133,0.0734379,-0.4759277,0,0,0,-19.45737,1.085732,-0.5100994,-0.9964107,-0.01652057,0.0830248,0,0,0,0.1342511
1731426983482,-19.32116,1.430463,-0.5899124,-0.9952548,0.07929648,-0.05639791,-3.091908,0.6386518,0.03333092,-19.4523,1.089109,-0.6561832,-0.875681,0.05178136,-0.4801066,-2.952576,0.05745292,0.0371933,-19.49761,1.092481,-0.5117397,-0.9934648,-0.02692255,0.1109206,-3.017521,0.5061328,-0.123024,0.1342511
1731426983488,-19.32116,1.430463,-0.5899124,-0.9952548,0.07929648,-0.05639791,0,0,0,-19.4523,1.089109,-0.6561832,-0.875681,0.05178136,-0.4801066,0,0,0,-19.49761,1.092481,-0.5117397,-0.9934648,-0.02692255,0.1109206,0,0,0,0.1342511
1731426983510,-19.36132,1.436638,-0.5891037,-0.9959078,0.07137743,-0.05543721,-3.012085,0.4630834,0.06065369,-19.48937,1.089939,-0.6588821,-0.8711004,-0.0515362,-0.4883944,-2.780056,0.06220937,-0.2024174,-19.53401,1.100282,-0.5123234,-0.9887474,-0.06510066,0.1346878,-2.729845,0.5850971,-0.04377365,0.1342511
1731426983516,-19.36132,1.436638,-0.5891037,-0.9959078,0.07137743,-0.05543721,0,0,0,-19.48937,1.089939,-0.6588821,-0.8711004,-0.0515362,-0.4883944,0,0,0,-19.53401,1.100282,-0.5123234,-0.9887474,-0.06510066,0.1346878,0,0,0,0.1342511
1731426983521,-19.36132,1.436638,-0.5891037,-0.9959078,0.07137743,-0.05543721,0,0,0,-19.48937,1.089939,-0.6588821,-0.8711004,-0.0515362,-0.4883944,0,0,0,-19.53401,1.100282,-0.5123234,-0.9887474,-0.06510066,0.1346878,0,0,0,0.1342511
1731426983538,-19.39994,1.439659,-0.5877991,-0.9965505,0.063251,-0.05372703,-2.896214,0.226602,0.09784698,-19.52299,1.093173,-0.6604462,-0.8710272,-0.06408551,-0.4870369,-2.522135,0.2425611,-0.1173019,-19.5688,1.107428,-0.5144634,-0.9903678,-0.07780258,0.1145368,-2.609253,0.535959,-0.1605034,0.1342511
1731426983546,-19.39994,1.439659,-0.5877991,-0.9965505,0.063251,-0.05372703,0,0,0,-19.52299,1.093173,-0.6604462,-0.8710272,-0.06408551,-0.4870369,0,0,0,-19.5688,1.107428,-0.5144634,-0.9903678,-0.07780258,0.1145368,0,0,0,0.1342511
1731426983564,-19.43904,1.441641,-0.5883045,-0.9968861,0.06090315,-0.05009317,-2.932549,0.148657,-0.03790855,-19.55724,1.094962,-0.6601009,-0.8795893,-0.03026064,-0.4747719,-2.568626,0.134173,0.02589226,-19.60253,1.111965,-0.517168,-0.9911912,-0.07142299,0.1115317,-2.52986,0.3403008,-0.2028465,0.1342511
1731426983570,-19.43904,1.441641,-0.5883045,-0.9968861,0.06090315,-0.05009317,0,0,0,-19.55724,1.094962,-0.6601009,-0.8795893,-0.03026064,-0.4747719,0,0,0,-19.60253,1.111965,-0.517168,-0.9911912,-0.07142299,0.1115317,0,0,0,0.1342511
1731426983592,-19.47795,1.441641,-0.5898495,-0.9966362,0.06751059,-0.04646266,-2.917957,0,-0.1158714,-19.59286,1.093149,-0.6599197,-0.8868283,-0.02805405,-0.4612478,-2.671337,-0.1359612,0.01358986,-19.6359,1.112256,-0.5198574,-0.9933032,-0.05538543,0.1013962,-2.502966,0.02179742,-0.2017021,0.1342511
1731426983597,-19.47795,1.441641,-0.5898495,-0.9966362,0.06751059,-0.04646266,0,0,0,-19.59286,1.093149,-0.6599197,-0.8868283,-0.02805405,-0.4612478,0,0,0,-19.6359,1.112256,-0.5198574,-0.9933032,-0.05538543,0.1013962,0,0,0,0.1342511
1731426983620,-19.51663,1.438499,-0.5914192,-0.9962692,0.07401524,-0.04438114,-2.901363,-0.2356857,-0.1177311,-19.63098,1.088446,-0.6591969,-0.8877068,-0.03620268,-0.4589839,-2.859163,-0.3527105,0.05421638,-19.67178,1.107597,-0.5222664,-0.9945498,-0.06001791,0.08525729,-2.690935,-0.3494561,-0.1806736,0.1342511
1731426983625,-19.51663,1.438499,-0.5914192,-0.9962692,0.07401524,-0.04438114,0,0,0,-19.63098,1.088446,-0.6591969,-0.8877068,-0.03620268,-0.4589839,0,0,0,-19.67178,1.107597,-0.5222664,-0.9945498,-0.06001791,0.08525729,0,0,0,0.1342511
1731426983648,-19.55526,1.432355,-0.5930595,-0.9958737,0.07904395,-0.04458773,-2.897358,-0.4607856,-0.123024,-19.67087,1.082003,-0.6605778,-0.8837724,-0.03373955,-0.4666996,-2.991629,-0.4832625,-0.103569,-19.70947,1.100687,-0.5253792,-0.9946427,-0.07808217,0.06774557,-2.82712,-0.5182385,-0.2334595,0.1342511
1731426983654,-19.55526,1.432355,-0.5930595,-0.9958737,0.07904395,-0.04458773,0,0,0,-19.67087,1.082003,-0.6605778,-0.8837724,-0.03373955,-0.4666996,0,0,0,-19.70947,1.100687,-0.5253792,-0.9946427,-0.07808217,0.06774557,0,0,0,0.1342511
1731426983676,-19.59378,1.425476,-0.5944633,-0.9959134,0.07818292,-0.04521322,-2.888918,-0.5158871,-0.1052856,-19.71231,1.073134,-0.6625233,-0.8736736,-0.03485703,-0.4852629,-3.108072,-0.66517,-0.1459122,-19.7478,1.091898,-0.529129,-0.9957144,-0.06524811,0.06554419,-2.874041,-0.659135,-0.2812386,0.1342511
1731426983684,-19.59378,1.425476,-0.5944633,-0.9959134,0.07818292,-0.04521322,0,0,0,-19.71231,1.073134,-0.6625233,-0.8736736,-0.03485703,-0.4852629,0,0,0,-19.7478,1.091898,-0.529129,-0.9957144,-0.06524811,0.06554419,0,0,0,0.1342511
1731426983704,-19.63216,1.416281,-0.5971031,-0.995267,0.08574148,-0.0457443,-2.878475,-0.6896853,-0.1979828,-19.7533,1.06523,-0.6640778,-0.8728537,-0.03549356,-0.4866904,-3.07374,-0.5927503,-0.1165867,-19.78808,1.081087,-0.5322914,-0.9960992,-0.05257125,0.07087171,-3.021669,-0.8108318,-0.2371788,0.1342511
1731426983711,-19.63216,1.416281,-0.5971031,-0.995267,0.08574148,-0.0457443,0,0,0,-19.7533,1.06523,-0.6640778,-0.8728537,-0.03549356,-0.4866904,0,0,0,-19.78808,1.081087,-0.5322914,-0.9960992,-0.05257125,0.07087171,0,0,0,0.1342511
1731426983731,-19.6704,1.407379,-0.6006203,-0.995696,0.08198525,-0.0432235,-2.868176,-0.6676376,-0.2637863,-19.79387,1.058087,-0.6661053,-0.8779251,-0.02155614,-0.4783133,-3.043413,-0.5357623,-0.1520634,-19.82936,1.071454,-0.5339966,-0.9958798,-0.04632895,0.07795852,-3.095627,-0.7225156,-0.1278877,0.1342511
1731426983737,-19.6704,1.407379,-0.6006203,-0.995696,0.08198525,-0.0432235,0,0,0,-19.79387,1.058087,-0.6661053,-0.8779251,-0.02155614,-0.4783133,0,0,0,-19.82936,1.071454,-0.5339966,-0.9958798,-0.04632895,0.07795852,0,0,0,0.1342511
1731426983759,-19.70949,1.401853,-0.6044712,-0.9960542,0.07895346,-0.04053116,-2.931261,-0.4144281,-0.2888203,-19.83475,1.053646,-0.6686954,-0.8823535,-0.00383509,-0.4705722,-3.065872,-0.3330946,-0.1942635,-19.87186,1.064964,-0.5349941,-0.9952218,-0.04166341,0.08830673,-3.187895,-0.4867405,-0.07481575,0.1358325
1731426983765,-19.70949,1.401853,-0.6044712,-0.9960542,0.07895346,-0.04053116,0,0,0,-19.83475,1.053646,-0.6686954,-0.8823535,-0.00383509,-0.4705722,0,0,0,-19.87186,1.064964,-0.5349941,-0.9952218,-0.04166341,0.08830673,0,0,0,0.1358325
1731426983787,-19.74914,1.402115,-0.6084251,-0.9955288,0.08683154,-0.03719175,-2.974319,0.01962483,-0.296545,-19.87613,1.054264,-0.6728611,-0.8831674,0.006178794,-0.469018,-3.102922,0.04640222,-0.3124237,-19.91459,1.064242,-0.5349979,-0.9919096,-0.04927132,0.1169953,-3.204775,-0.05414486,-0.0002861023,0.139931
1731426983792,-19.74914,1.402115,-0.6084251,-0.9955288,0.08683154,-0.03719175,0,0,0,-19.87613,1.054264,-0.6728611,-0.8831674,0.006178794,-0.469018,0,0,0,-19.91459,1.064242,-0.5349979,-0.9919096,-0.04927132,0.1169953,0,0,0,0.139931
1731426983798,-19.74914,1.402115,-0.6084251,-0.9955288,0.08683154,-0.03719175,0,0,0,-19.87613,1.054264,-0.6728611,-0.8831674,0.006178794,-0.469018,0,0,0,-19.91459,1.064242,-0.5349979,-0.9919096,-0.04927132,0.1169953,0,0,0,0.139931
1731426983814,-19.78889,1.401885,-0.6126823,-0.9951916,0.09220795,-0.033041,-2.9809,-0.0172019,-0.3192902,-19.91837,1.057456,-0.6786709,-0.8850387,0.01076696,-0.4653933,-3.168011,0.2393603,-0.4357338,-19.95774,1.066359,-0.5357151,-0.9876841,-0.06823647,0.1407985,-3.235674,0.1587689,-0.05378723,0.1422079
1731426983820,-19.78889,1.401885,-0.6126823,-0.9951916,0.09220795,-0.033041,0,0,0,-19.91837,1.057456,-0.6786709,-0.8850387,0.01076696,-0.4653933,0,0,0,-19.95774,1.066359,-0.5357151,-0.9876841,-0.06823647,0.1407985,0,0,0,0.1422079
1731426983842,-19.82968,1.407063,-0.6177654,-0.9980502,0.05650795,-0.02651417,-3.059578,0.3883123,-0.3812313,-19.95993,1.059421,-0.6834641,-0.8890807,0.01883842,-0.4573631,-3.117085,0.1474231,-0.3594875,-19.99863,1.068,-0.5366211,-0.9863139,-0.07772201,0.1454104,-3.06716,0.1230955,-0.0679493,0.1422079
1731426983868,-19.87141,1.413889,-0.6230659,-0.9968142,0.07559731,-0.0254302,-3.12953,0.5119979,-0.3975391,-20.0039,1.062656,-0.6867218,-0.8867196,0.008396411,-0.4622319,-3.297901,0.24257,-0.2443314,-20.04031,1.0716,-0.5373611,-0.9828416,-0.1000165,0.1549826,-3.125811,0.2699822,-0.05550385,0.1422079
1731426983873,-19.87141,1.413889,-0.6230659,-0.9968142,0.07559731,-0.0254302,0,0,0,-20.0039,1.062656,-0.6867218,-0.8867196,0.008396411,-0.4622319,0,0,0,-20.04031,1.0716,-0.5373611,-0.9828416,-0.1000165,0.1549826,0,0,0,0.1422079
1731426983896,-19.91277,1.423423,-0.6271896,-0.9952063,0.09291721,-0.03051329,-3.102064,0.7150054,-0.3092766,-20.04952,1.069252,-0.6883831,-0.8840137,-0.03482486,-0.4661626,-3.421497,0.4947066,-0.1245975,-20.08279,1.077209,-0.5382729,-0.9736792,-0.1394795,0.1802619,-3.186035,0.4206777,-0.06837845,0.1422079
1731426983901,-19.91277,1.423423,-0.6271896,-0.9952063,0.09291721,-0.03051329,0,0,0,-20.04952,1.069252,-0.6883831,-0.8840137,-0.03482486,-0.4661626,0,0,0,-20.08279,1.077209,-0.5382729,-0.9736792,-0.1394795,0.1802619,0,0,0,0.1422079
1731426983907,-19.91277,1.423423,-0.6271896,-0.9952063,0.09291721,-0.03051329,0,0,0,-20.04952,1.069252,-0.6883831,-0.8840137,-0.03482486,-0.4661626,0,0,0,-20.08279,1.077209,-0.5382729,-0.9736792,-0.1394795,0.1802619,0,0,0,0.1422079
1731426983924,-19.94993,1.42845,-0.6282005,-0.9958079,0.08130596,-0.04191017,-2.787066,0.3770292,-0.07581711,-20.08857,1.081641,-0.688488,-0.8910807,-0.04751601,-0.4513515,-2.928829,0.9291887,-0.007867813,-20.12115,1.084973,-0.5389366,-0.9642001,-0.1961764,0.1784191,-2.877331,0.5823165,-0.0497818,0.1422079
1731426983929,-19.94993,1.42845,-0.6282005,-0.9958079,0.08130596,-0.04191017,0,0,0,-20.08857,1.081641,-0.688488,-0.8910807,-0.04751601,-0.4513515,0,0,0,-20.12115,1.084973,-0.5389366,-0.9642001,-0.1961764,0.1784191,0,0,0,0.1422079
1731426983952,-19.98696,1.434784,-0.6292782,-0.9969555,0.05974485,-0.05010915,-2.777052,0.475055,-0.0808239,-20.12328,1.092909,-0.6872787,-0.9086768,0.007766613,-0.4174289,-2.603245,0.8451015,0.09069443,-20.15522,1.092387,-0.54109,-0.9699826,-0.1964923,0.1432656,-2.554893,0.5560488,-0.1615047,0.1422079
1731426983957,-19.98696,1.434784,-0.6292782,-0.9969555,0.05974485,-0.05010915,0,0,0,-20.12328,1.092909,-0.6872787,-0.9086768,0.007766613,-0.4174289,0,0,0,-20.15522,1.092387,-0.54109,-0.9699826,-0.1964923,0.1432656,0,0,0,0.1422079
1731426983978,-20.02393,1.443148,-0.6304054,-0.9968629,0.0558836,-0.05604851,-2.772903,0.627315,-0.08454323,-20.15896,1.101795,-0.68503,-0.9193031,0.07544532,-0.3862516,-2.676058,0.6664842,0.1686573,-20.18876,1.099585,-0.5430355,-0.982948,-0.1445421,0.1136717,-2.515697,0.5398482,-0.1459122,0.1422079
1731426983983,-20.02393,1.443148,-0.6304054,-0.9968629,0.0558836,-0.05604851,0,0,0,-20.15896,1.101795,-0.68503,-0.9193031,0.07544532,-0.3862516,0,0,0,-20.18876,1.099585,-0.5430355,-0.982948,-0.1445421,0.1136717,0,0,0,0.1422079
1731426984008,-20.06027,1.449483,-0.6319981,-0.9961482,0.06683816,-0.0567621,-2.72541,0.4751265,-0.1194477,-20.19944,1.103802,-0.6844196,-0.922735,0.04495978,-0.3828046,-3.036118,0.1504809,0.04577637,-20.22517,1.102987,-0.542675,-0.9843532,-0.1226777,0.1264882,-2.730417,0.2551138,0.02703667,0.1422079
1731426984013,-20.06027,1.449483,-0.6319981,-0.9961482,0.06683816,-0.0567621,0,0,0,-20.19944,1.103802,-0.6844196,-0.922735,0.04495978,-0.3828046,0,0,0,-20.22517,1.102987,-0.542675,-0.9843532,-0.1226777,0.1264882,0,0,0,0.1422079
1731426984035,-20.0973,1.453283,-0.6317062,-0.9956628,0.07460546,-0.05558705,-2.777481,0.2849758,0.02188683,-20.23844,1.104534,-0.6849823,-0.9202412,-0.001146199,-0.3913506,-2.924681,0.05491376,-0.04220009,-20.26221,1.10588,-0.5397968,-0.9794972,-0.1447154,0.1401529,-2.778482,0.2170265,0.2158642,0.1422079
1731426984040,-20.0973,1.453283,-0.6317062,-0.9956628,0.07460546,-0.05558705,0,0,0,-20.23844,1.104534,-0.6849823,-0.9202412,-0.001146199,-0.3913506,0,0,0,-20.26221,1.10588,-0.5397968,-0.9794972,-0.1447154,0.1401529,0,0,0,0.1422079
1731426984064,-20.13485,1.455764,-0.6319389,-0.9954336,0.0790457,-0.05351901,-2.816105,0.1860738,-0.01745224,-20.27664,1.103048,-0.6868019,-0.9153687,-0.03591391,-0.4010125,-2.865028,-0.1114458,-0.1364708,-20.29936,1.106993,-0.5375328,-0.9745963,-0.1640117,0.1525203,-2.785778,0.08347929,0.1698017,0.1422079
1731426984069,-20.13485,1.455764,-0.6319389,-0.9954336,0.0790457,-0.05351901,0,0,0,-20.27664,1.103048,-0.6868019,-0.9153687,-0.03591391,-0.4010125,0,0,0,-20.29936,1.106993,-0.5375328,-0.9745963,-0.1640117,0.1525203,0,0,0,0.1422079
1731426984092,-20.17319,1.455455,-0.6320477,-0.9950497,0.0864367,-0.04904377,-2.875328,-0.02316535,-0.008153915,-20.31296,1.101715,-0.6892033,-0.9095006,-0.04556432,-0.4131989,-2.724409,-0.1000106,-0.1801014,-20.33709,1.10548,-0.5372772,-0.97128,-0.1628292,0.1735008,-2.829552,-0.1134843,0.01916885,0.1422079
1731426984097,-20.17319,1.455455,-0.6320477,-0.9950497,0.0864367,-0.04904377,0,0,0,-20.31296,1.101715,-0.6892033,-0.9095006,-0.04556432,-0.4131989,0,0,0,-20.33709,1.10548,-0.5372772,-0.97128,-0.1628292,0.1735008,0,0,0,0.1422079
1731426984120,-20.21196,1.452256,-0.6322498,-0.9950159,0.09050575,-0.04186058,-2.907944,-0.2399415,-0.01516342,-20.34831,1.10044,-0.6897945,-0.912218,-0.02301033,-0.4090592,-2.650881,-0.09559393,-0.04434586,-20.3758,1.100617,-0.5367947,-0.9681302,-0.1630867,0.190071,-2.903938,-0.3647089,0.03619194,0.1422079
1731426984125,-20.21196,1.452256,-0.6322498,-0.9950159,0.09050575,-0.04186058,0,0,0,-20.34831,1.10044,-0.6897945,-0.912218,-0.02301033,-0.4090592,0,0,0,-20.3758,1.100617,-0.5367947,-0.9681302,-0.1630867,0.190071,0,0,0,0.1422079
1731426984148,-20.25121,1.446419,-0.6326885,-0.9952821,0.09031603,-0.0354532,-2.943707,-0.4377902,-0.03290176,-20.38531,1.096912,-0.6917706,-0.9197412,-0.01658166,-0.3921762,-2.775335,-0.264582,-0.148201,-20.4146,1.093237,-0.5378151,-0.9664354,-0.170378,0.1922863,-2.909946,-0.5535364,-0.07653236,0.1422079
1731426984154,-20.25121,1.446419,-0.6326885,-0.9952821,0.09031603,-0.0354532,0,0,0,-20.38531,1.096912,-0.6917706,-0.9197412,-0.01658166,-0.3921762,0,0,0,-20.4146,1.093237,-0.5378151,-0.9664354,-0.170378,0.1922863,0,0,0,0.1422079
1731426984176,-20.29058,1.438171,-0.6324348,-0.9960431,0.08309994,-0.03151083,-2.952576,-0.6185889,0.0190258,-20.42322,1.091408,-0.6926727,-0.9219489,-0.006759066,-0.3872533,-2.843142,-0.4128188,-0.06766319,-20.45371,1.083868,-0.5385113,-0.9662975,-0.1623553,0.1997754,-2.932978,-0.7026404,-0.05221367,0.1422079
1731426984181,-20.29058,1.438171,-0.6324348,-0.9960431,0.08309994,-0.03151083,0,0,0,-20.42322,1.091408,-0.6926727,-0.9219489,-0.006759066,-0.3872533,0,0,0,-20.45371,1.083868,-0.5385113,-0.9662975,-0.1623553,0.1997754,0,0,0,0.1422079
1731426984186,-20.29058,1.438171,-0.6324348,-0.9960431,0.08309994,-0.03151083,0,0,0,-20.42322,1.091408,-0.6926727,-0.9219489,-0.006759066,-0.3872533,0,0,0,-20.45371,1.083868,-0.5385113,-0.9662975,-0.1623553,0.1997754,0,0,0,0.1422079
1731426984204,-20.32984,1.429364,-0.6315022,-0.996779,0.07532173,-0.02754271,-2.944565,-0.6605208,0.06995201,-20.46348,1.083954,-0.6923008,-0.9178261,-0.004416834,-0.3969591,-3.019094,-0.5590707,0.02789497,-20.49376,1.074186,-0.5388584,-0.9664583,-0.139136,0.2158701,-3.003931,-0.7262081,-0.02603531,0.1422079
1731426984209,-20.32984,1.429364,-0.6315022,-0.996779,0.07532173,-0.02754271,0,0,0,-20.46348,1.083954,-0.6923008,-0.9178261,-0.004416834,-0.3969591,0,0,0,-20.49376,1.074186,-0.5388584,-0.9664583,-0.139136,0.2158701,0,0,0,0.1422079
1731426984232,-20.36955,1.419417,-0.6313457,-0.9968216,0.0751133,-0.0265528,-2.978611,-0.7460296,0.01173019,-20.504,1.076543,-0.6907139,-0.9185629,-0.004116748,-0.3952544,-3.039408,-0.5558252,0.1190186,-20.53384,1.065604,-0.5380039,-0.9635108,-0.1221418,0.2381778,-3.005648,-0.643605,0.06408691,0.1422079
1731426984237,-20.36955,1.419417,-0.6313457,-0.9968216,0.0751133,-0.0265528,0,0,0,-20.504,1.076543,-0.6907139,-0.9185629,-0.004116748,-0.3952544,0,0,0,-20.53384,1.065604,-0.5380039,-0.9635108,-0.1221418,0.2381778,0,0,0,0.1422079
1731426984259,-20.4091,1.410371,-0.6302929,-0.9966054,0.07647971,-0.03048456,-2.965879,-0.678429,0.07896423,-20.54613,1.06891,-0.6876564,-0.9223098,0.006430214,-0.3863988,-3.159285,-0.5724818,0.229311,-20.57543,1.059042,-0.53582,-0.9635109,-0.1149591,0.2417258,-3.119516,-0.4921854,0.1637936,0.1422079
1731426984264,-20.4091,1.410371,-0.6302929,-0.9966054,0.07647971,-0.03048456,0,0,0,-20.54613,1.06891,-0.6876564,-0.9223098,0.006430214,-0.3863988,0,0,0,-20.57543,1.059042,-0.53582,-0.9635109,-0.1149591,0.2417258,0,0,0,0.1422079
1731426984287,-20.44905,1.402644,-0.6290264,-0.9965757,0.07648592,-0.03142059,-2.99592,-0.5795181,0.09498596,-20.58991,1.061405,-0.6838303,-0.9201721,0.009604122,-0.3913971,-3.284025,-0.5628526,0.2869606,-20.61948,1.055125,-0.5322762,-0.9670492,-0.1124646,0.2284032,-3.30348,-0.2937645,0.265789,0.1422079
1731426984292,-20.44905,1.402644,-0.6290264,-0.9965757,0.07648592,-0.03142059,0,0,0,-20.58991,1.061405,-0.6838303,-0.9201721,0.009604122,-0.3913971,0,0,0,-20.61948,1.055125,-0.5322762,-0.9670492,-0.1124646,0.2284032,0,0,0,0.1422079
1731426984315,-20.48999,1.402428,-0.6269245,-0.9964597,0.07761835,-0.03230965,-3.071165,-0.01620948,0.1576424,-20.63284,1.061248,-0.6819324,-0.9143301,0.002338942,-0.4049641,-3.219795,-0.01174808,0.1423359,-20.66257,1.059012,-0.5307922,-0.9668856,-0.09723234,0.2359626,-3.231812,0.2915114,0.1112938,0.1465189
1731426984321,-20.48999,1.402428,-0.6269245,-0.9964597,0.07761835,-0.03230965,0,0,0,-20.63284,1.061248,-0.6819324,-0.9143301,0.002338942,-0.4049641,0,0,0,-20.66257,1.059012,-0.5307922,-0.9668856,-0.09723234,0.2359626,0,0,0,0.1465189
1731426984343,-20.52954,1.400797,-0.624588,-0.994803,0.09649398,-0.03250313,-2.966166,-0.1223356,0.1752377,-20.67396,1.062182,-0.6795406,-0.9123819,-0.004362959,-0.409317,-3.083611,0.0700146,0.1793861,-20.70546,1.063598,-0.5280342,-0.9701188,-0.07520637,0.2306818,-3.216791,0.3440022,0.206852,0.149138
1731426984348,-20.52954,1.400797,-0.624588,-0.994803,0.09649398,-0.03250313,0,0,0,-20.67396,1.062182,-0.6795406,-0.9123819,-0.004362959,-0.409317,0,0,0,-20.70546,1.063598,-0.5280342,-0.9701188,-0.07520637,0.2306818,0,0,0,0.149138
1731426984371,-20.56931,1.404312,-0.6236,-0.9946852,0.09720156,-0.03396642,-2.98233,0.2636522,0.07410049,-20.71592,1.063454,-0.6782207,-0.9170728,0.01840089,-0.3982954,-3.147411,0.09542406,0.09899139,-20.75002,1.067377,-0.5266972,-0.9774209,-0.06305955,0.2016732,-3.341818,0.2833664,0.1002789,0.149138
1731426984376,-20.56931,1.404312,-0.6236,-0.9946852,0.09720156,-0.03396642,0,0,0,-20.71592,1.063454,-0.6782207,-0.9170728,0.01840089,-0.3982954,0,0,0,-20.75002,1.067377,-0.5266972,-0.9774209,-0.06305955,0.2016732,0,0,0,0.149138
1731426984399,-20.61007,1.411629,-0.6225643,-0.9925108,0.1145428,-0.04245722,-3.057575,0.5487442,0.07767677,-20.75964,1.065836,-0.6768894,-0.9131805,0.04163012,-0.4054244,-3.278875,0.1786172,0.0998497,-20.79632,1.072659,-0.5268383,-0.9799105,-0.06621545,0.1881254,-3.472567,0.3962159,-0.01058578,0.149138
1731426984404,-20.61007,1.411629,-0.6225643,-0.9925108,0.1145428,-0.04245722,0,0,0,-20.75964,1.065836,-0.6768894,-0.9131805,0.04163012,-0.4054244,0,0,0,-20.79632,1.072659,-0.5268383,-0.9799105,-0.06621545,0.1881254,0,0,0,0.149138
1731426984427,-20.65096,1.415605,-0.6226749,-0.988185,0.1437505,-0.05316675,-3.066158,0.298208,-0.008296967,-20.80319,1.067877,-0.6767406,-0.9033064,0.01009201,-0.4288785,-3.265858,0.1531005,0.01115799,-20.84079,1.080629,-0.5282497,-0.9813501,-0.05500578,0.1841919,-3.335094,0.5977035,-0.1058578,0.149138
1731426984432,-20.65096,1.415605,-0.6226749,-0.988185,0.1437505,-0.05316675,0,0,0,-20.80319,1.067877,-0.6767406,-0.9033064,0.01009201,-0.4288785,0,0,0,-20.84079,1.080629,-0.5282497,-0.9813501,-0.05500578,0.1841919,0,0,0,0.149138
1731426984455,-20.69119,1.419784,-0.6233826,-0.9906043,0.1261133,-0.05290306,-3.017235,0.3134519,-0.05307198,-20.84181,1.071764,-0.6777153,-0.8978288,-0.01388939,-0.4401267,-2.896929,0.2914846,-0.07309914,-20.88124,1.089152,-0.530714,-0.9844212,-0.03135546,0.1730089,-3.034258,0.6392598,-0.1848221,0.149138
1731426984460,-20.69119,1.419784,-0.6233826,-0.9906043,0.1261133,-0.05290306,0,0,0,-20.84181,1.071764,-0.6777153,-0.8978288,-0.01388939,-0.4401267,0,0,0,-20.88124,1.089152,-0.530714,-0.9844212,-0.03135546,0.1730089,0,0,0,0.149138
1731426984483,-20.73253,1.428367,-0.6250305,-0.9935781,0.1007242,-0.05154979,-3.10092,0.6437033,-0.1235962,-20.8782,1.076586,-0.6781654,-0.9027642,0.001696449,-0.4301331,-2.72913,0.3616691,-0.03376007,-20.92079,1.09629,-0.5342121,-0.9879989,-0.02606716,0.1522461,-2.966166,0.535351,-0.2623558,0.149138
1731426984488,-20.73253,1.428367,-0.6250305,-0.9935781,0.1007242,-0.05154979,0,0,0,-20.8782,1.076586,-0.6781654,-0.9027642,0.001696449,-0.4301331,0,0,0,-20.92079,1.09629,-0.5342121,-0.9879989,-0.02606716,0.1522461,0,0,0,0.149138
1731426984511,-20.77344,1.435978,-0.6260586,-0.9947203,0.08815151,-0.05254531,-3.067875,0.5708456,-0.07710457,-20.91459,1.080942,-0.6803818,-0.8987393,-0.02696495,-0.4376539,-2.728987,0.3266931,-0.1662254,-20.95816,1.102201,-0.5387135,-0.988107,-0.03558498,0.1495941,-2.802944,0.4433155,-0.3376007,0.149138
1731426984516,-20.77344,1.435978,-0.6260586,-0.9947203,0.08815151,-0.05254531,0,0,0,-20.91459,1.080942,-0.6803818,-0.8987393,-0.02696495,-0.4376539,0,0,0,-20.95816,1.102201,-0.5387135,-0.988107,-0.03558498,0.1495941,0,0,0,0.149138
1731426984520,-20.77344,1.435978,-0.6260586,-0.9947203,0.08815151,-0.05254531,0,0,0,-20.91459,1.080942,-0.6803818,-0.8987393,-0.02696495,-0.4376539,0,0,0,-20.95816,1.102201,-0.5387135,-0.988107,-0.03558498,0.1495941,0,0,0,0.149138
1731426984539,-20.81313,1.442667,-0.6278133,-0.9959227,0.07460164,-0.05072355,-2.976608,0.5016446,-0.1316071,-20.94988,1.088142,-0.6834793,-0.8925391,-0.05550408,-0.4475427,-2.647018,0.5400091,-0.2323151,-20.9953,1.105786,-0.5436211,-0.9863613,-0.067674,0.15004,-2.785349,0.2688289,-0.3680706,0.149138
1731426984544,-20.81313,1.442667,-0.6278133,-0.9959227,0.07460164,-0.05072355,0,0,0,-20.94988,1.088142,-0.6834793,-0.8925391,-0.05550408,-0.4475427,0,0,0,-20.9953,1.105786,-0.5436211,-0.9863613,-0.067674,0.15004,0,0,0,0.149138
1731426984566,-20.85261,1.447207,-0.6289501,-0.9959727,0.07449479,-0.04989445,-2.961159,0.3405511,-0.08525848,-20.98347,1.094746,-0.6865406,-0.894356,-0.06353898,-0.4428215,-2.518845,0.4953325,-0.2295971,-21.03033,1.107098,-0.5482044,-0.9837145,-0.1032863,0.1470985,-2.62742,0.09841025,-0.3437519,0.149138
1731426984573,-20.85261,1.447207,-0.6289501,-0.9959727,0.07449479,-0.04989445,0,0,0,-20.98347,1.094746,-0.6865406,-0.894356,-0.06353898,-0.4428215,0,0,0,-21.03033,1.107098,-0.5482044,-0.9837145,-0.1032863,0.1470985,0,0,0,0.149138
1731426984593,-20.89152,1.44929,-0.630394,-0.995313,0.08280513,-0.04995751,-2.918386,0.156185,-0.1082897,-21.01883,1.099285,-0.6897449,-0.8981135,-0.05306471,-0.4365507,-2.652597,0.3404349,-0.2403259,-21.06446,1.10533,-0.5543747,-0.9833254,-0.1303922,0.126766,-2.559042,-0.1325816,-0.4627705,0.149138
1731426984598,-20.89152,1.44929,-0.630394,-0.995313,0.08280513,-0.04995751,0,0,0,-21.01883,1.099285,-0.6897449,-0.8981135,-0.05306471,-0.4365507,0,0,0,-21.06446,1.10533,-0.5543747,-0.9833254,-0.1303922,0.126766,0,0,0,0.149138
1731426984620,-20.93026,1.448289,-0.6318798,-0.9950288,0.08555144,-0.05098259,-2.905655,-0.07506609,-0.1114368,-21.05436,1.100768,-0.6931248,-0.9022676,-0.04034697,-0.4292854,-2.664328,0.1111776,-0.2534866,-21.09878,1.102272,-0.5611248,-0.9872596,-0.1291296,0.09297448,-2.574205,-0.2293289,-0.506258,0.149138
1731426984625,-20.93026,1.448289,-0.6318798,-0.9950288,0.08555144,-0.05098259,0,0,0,-21.05436,1.100768,-0.6931248,-0.9022676,-0.04034697,-0.4292854,0,0,0,-21.09878,1.102272,-0.5611248,-0.9872596,-0.1291296,0.09297448,0,0,0,0.149138
1731426984648,-20.96881,1.444134,-0.6332798,-0.9950317,0.08542697,-0.05113089,-2.891064,-0.3116369,-0.1049995,-21.09351,1.097657,-0.6966476,-0.8990871,-0.03217866,-0.4365865,-2.936125,-0.2332896,-0.2642155,-21.13501,1.095938,-0.5661907,-0.9897113,-0.1225138,0.07390708,-2.7174,-0.475046,-0.3799438,0.149138
1731426984653,-20.96881,1.444134,-0.6332798,-0.9950317,0.08542697,-0.05113089,0,0,0,-21.09351,1.097657,-0.6966476,-0.8990871,-0.03217866,-0.4365865,0,0,0,-21.13501,1.095938,-0.5661907,-0.9897113,-0.1225138,0.07390708,0,0,0,0.149138
1731426984676,-21.00727,1.438675,-0.6347446,-0.995155,0.08395547,-0.05117118,-2.884769,-0.4094392,-0.1098633,-21.13264,1.092374,-0.7008362,-0.8910944,-0.02862558,-0.4529151,-2.93541,-0.3962517,-0.3141403,-21.17241,1.088537,-0.5704937,-0.9897016,-0.1222703,0.07443917,-2.80509,-0.5550832,-0.3227234,0.149138
1731426984682,-21.00727,1.438675,-0.6347446,-0.995155,0.08395547,-0.05117118,0,0,0,-21.13264,1.092374,-0.7008362,-0.8910944,-0.02862558,-0.4529151,0,0,0,-21.17241,1.088537,-0.5704937,-0.9897016,-0.1222703,0.07443917,0,0,0,0.149138
1731426984704,-21.04558,1.431833,-0.6372528,-0.9951307,0.08217726,-0.05442536,-2.873039,-0.5131245,-0.1881123,-21.17253,1.085277,-0.7049389,-0.8885288,-0.02180096,-0.4583033,-2.991343,-0.5322754,-0.307703,-21.21256,1.079187,-0.5732594,-0.9889972,-0.1247902,0.07945031,-3.011084,-0.7012457,-0.2074242,0.149138
1731426984710,-21.04558,1.431833,-0.6372528,-0.9951307,0.08217726,-0.05442536,0,0,0,-21.17253,1.085277,-0.7049389,-0.8885288,-0.02180096,-0.4583033,0,0,0,-21.21256,1.079187,-0.5732594,-0.9889972,-0.1247902,0.07945031,0,0,0,0.149138
1731426984732,-21.08434,1.425513,-0.6396523,-0.9944391,0.08868159,-0.0568068,-2.906799,-0.4740089,-0.1799583,-21.21244,1.077284,-0.708786,-0.8887324,-0.01390715,-0.4582158,-2.993202,-0.5994827,-0.2885342,-21.25217,1.070693,-0.5750599,-0.9868476,-0.1333049,0.09144384,-2.971172,-0.6371051,-0.1350403,0.149138
1731426984737,-21.08434,1.425513,-0.6396523,-0.9944391,0.08868159,-0.0568068,0,0,0,-21.21244,1.077284,-0.708786,-0.8887324,-0.01390715,-0.4582158,0,0,0,-21.25217,1.070693,-0.5750599,-0.9868476,-0.1333049,0.09144384,0,0,0,0.149138
1731426984760,-21.1228,1.418611,-0.6424751,-0.9940166,0.09417298,-0.05534327,-2.885056,-0.5176574,-0.2117157,-21.25394,1.068745,-0.7128468,-0.88308,-0.01558961,-0.4689645,-3.112793,-0.6403953,-0.3045559,-21.29256,1.064092,-0.576107,-0.9859331,-0.1313287,0.1033876,-3.029108,-0.4950643,-0.07853508,0.149138
1731426984765,-21.1228,1.418611,-0.6424751,-0.9940166,0.09417298,-0.05534327,0,0,0,-21.25394,1.068745,-0.7128468,-0.88308,-0.01558961,-0.4689645,0,0,0,-21.29256,1.064092,-0.576107,-0.9859331,-0.1313287,0.1033876,0,0,0,0.149138
1731426984788,-21.16121,1.413011,-0.6452465,-0.9944457,0.09129942,-0.05237067,-2.880335,-0.4199803,-0.2078533,-21.29549,1.061403,-0.7170773,-0.8823625,-0.02611892,-0.4698453,-3.115797,-0.5506933,-0.3172874,-21.33315,1.060204,-0.5756721,-0.9852965,-0.1245344,0.1169703,-3.043842,-0.2916098,0.03261566,0.149138
1731426984793,-21.16121,1.413011,-0.6452465,-0.9944457,0.09129942,-0.05237067,0,0,0,-21.29549,1.061403,-0.7170773,-0.8823625,-0.02611892,-0.4698453,0,0,0,-21.33315,1.060204,-0.5756721,-0.9852965,-0.1245344,0.1169703,0,0,0,0.149138
1731426984816,-21.20017,1.409007,-0.6485214,-0.9943042,0.09556367,-0.04719281,-2.922106,-0.300318,-0.2456188,-21.3363,1.057239,-0.7215137,-0.8836086,-0.02894825,-0.4673318,-3.061008,-0.312236,-0.332737,-21.37297,1.05907,-0.5742664,-0.9836614,-0.1209802,0.1333213,-2.986622,-0.08504391,0.1054287,0.149138
1731426984822,-21.20017,1.409007,-0.6485214,-0.9943042,0.09556367,-0.04719281,0,0,0,-21.3363,1.057239,-0.7215137,-0.8836086,-0.02894825,-0.4673318,0,0,0,-21.37297,1.05907,-0.5742664,-0.9836614,-0.1209802,0.1333213,0,0,0,0.149138
1731426984844,-21.23922,1.406979,-0.6522312,-0.9950029,0.09262133,-0.03729498,-2.928543,-0.1520902,-0.2782345,-21.37739,1.056894,-0.7258434,-0.8839979,-0.02697114,-0.4667133,-3.081751,-0.02588332,-0.3247261,-21.41387,1.062001,-0.5732174,-0.9842246,-0.1052806,0.1421914,-3.067875,0.219816,0.07867813,0.149138
1731426984850,-21.23922,1.406979,-0.6522312,-0.9950029,0.09262133,-0.03729498,0,0,0,-21.37739,1.056894,-0.7258434,-0.8839979,-0.02697114,-0.4667133,0,0,0,-21.41387,1.062001,-0.5732174,-0.9842246,-0.1052806,0.1421914,0,0,0,0.149138
1731426984855,-21.23922,1.406979,-0.6522312,-0.9950029,0.09262133,-0.03729498,0,0,0,-21.37739,1.056894,-0.7258434,-0.8839979,-0.02697114,-0.4667133,0,0,0,-21.41387,1.062001,-0.5732174,-0.9842246,-0.1052806,0.1421914,0,0,0,0.149138
1731426984872,-21.27987,1.41496,-0.655262,-0.9958529,0.0841403,-0.03460705,-3.049278,0.5986065,-0.2273083,-21.42027,1.059599,-0.7269115,-0.8949105,-0.01174776,-0.4460917,-3.216076,0.2028733,-0.08010864,-21.45577,1.065905,-0.5715218,-0.9820317,-0.1005868,0.1596762,-3.142118,0.2928346,0.1271725,0.149138
1731426984877,-21.27987,1.41496,-0.655262,-0.9958529,0.0841403,-0.03460705,0,0,0,-21.42027,1.059599,-0.7269115,-0.8949105,-0.01174776,-0.4460917,0,0,0,-21.45577,1.065905,-0.5715218,-0.9820317,-0.1005868,0.1596762,0,0,0,0.149138
1731426984900,-21.31972,1.422609,-0.658659,-0.9949552,0.09515724,-0.03177655,-2.988625,0.5736709,-0.2547741,-21.46312,1.063721,-0.7278328,-0.8958945,-0.02291862,-0.4436762,-3.213644,0.3091156,-0.0690937,-21.49631,1.070752,-0.5700912,-0.9717199,-0.1248927,0.2004063,-3.040695,0.363493,0.1072884,0.149138
1731426984904,-21.31972,1.422609,-0.658659,-0.9949552,0.09515724,-0.03177655,0,0,0,-21.46312,1.063721,-0.7278328,-0.8958945,-0.02291862,-0.4436762,0,0,0,-21.49631,1.070752,-0.5700912,-0.9717199,-0.1248927,0.2004063,0,0,0,0.149138
1731426984926,-21.35754,1.426856,-0.6592274,-0.993077,0.1134377,-0.03050125,-2.836418,0.3184855,-0.04262924,-21.5034,1.073792,-0.7294979,-0.8905044,-0.07065421,-0.4494559,-3.020954,0.7553637,-0.1248837,-21.53426,1.078658,-0.5676212,-0.957509,-0.1755549,0.2288171,-2.84586,0.5929738,0.1852512,0.149138
1731426984932,-21.35754,1.426856,-0.6592274,-0.993077,0.1134377,-0.03050125,0,0,0,-21.5034,1.073792,-0.7294979,-0.8905044,-0.07065421,-0.4494559,0,0,0,-21.53426,1.078658,-0.5676212,-0.957509,-0.1755549,0.2288171,0,0,0,0.149138
1731426984954,-21.3947,1.432563,-0.6600227,-0.9961749,0.08098761,-0.03281605,-2.786636,0.4280269,-0.05965233,-21.53806,1.088609,-0.7289352,-0.9086719,-0.01548674,-0.417224,-2.599955,1.111248,0.04220009,-21.5672,1.089427,-0.5644836,-0.9638306,-0.185028,0.1918215,-2.470493,0.8076489,0.2353191,0.149138
1731426984959,-21.3947,1.432563,-0.6600227,-0.9961749,0.08098761,-0.03281605,0,0,0,-21.53806,1.088609,-0.7289352,-0.9086719,-0.01548674,-0.417224,0,0,0,-21.5672,1.089427,-0.5644836,-0.9638306,-0.185028,0.1918215,0,0,0,0.149138
1731426984982,-21.43273,1.439781,-0.659235,-0.9963074,0.07829122,-0.03524947,-2.852726,0.5413324,0.05908012,-21.5742,1.099069,-0.7261047,-0.9168696,0.06597812,-0.3936969,-2.709961,0.7845104,0.2122879,-21.60035,1.097862,-0.564045,-0.9756099,-0.1412185,0.1680564,-2.486372,0.6326973,0.03290176,0.149138
1731426984987,-21.43273,1.439781,-0.659235,-0.9963074,0.07829122,-0.03524947,0,0,0,-21.5742,1.099069,-0.7261047,-0.9168696,0.06597812,-0.3936969,0,0,0,-21.60035,1.097862,-0.564045,-0.9756099,-0.1412185,0.1680564,0,0,0,0.149138
1731426985010,-21.47018,1.4467,-0.65802,-0.9962985,0.07758711,-0.03701329,-2.808666,0.5189627,0.09112358,-21.61166,1.107797,-0.7237339,-0.9175594,0.07577654,-0.3903115,-2.809811,0.6545842,0.1778126,-21.6328,1.104401,-0.5608234,-0.9734727,-0.1211165,0.194119,-2.434015,0.490424,0.2416134,0.149138
1731426985015,-21.47018,1.4467,-0.65802,-0.9962985,0.07758711,-0.03701329,0,0,0,-21.61166,1.107797,-0.7237339,-0.9175594,0.07577654,-0.3903115,0,0,0,-21.6328,1.104401,-0.5608234,-0.9734727,-0.1211165,0.194119,0,0,0,0.149138
1731426985038,-21.50787,1.451804,-0.6574535,-0.9958718,0.08265595,-0.03752363,-2.826405,0.3828049,0.04248619,-21.64891,1.114218,-0.7239494,-0.9211699,0.04306773,-0.3867711,-2.793932,0.4816175,-0.01616478,-21.6654,1.109453,-0.5552673,-0.966842,-0.1397776,0.2137264,-2.444887,0.3788799,0.416708,0.149138
1731426985043,-21.50787,1.451804,-0.6574535,-0.9958718,0.08265595,-0.03752363,0,0,0,-21.64891,1.114218,-0.7239494,-0.9211699,0.04306773,-0.3867711,0,0,0,-21.6654,1.109453,-0.5552673,-0.966842,-0.1397776,0.2137264,0,0,0,0.149138
1731426985066,-21.54559,1.455523,-0.655962,-0.9955459,0.08690187,-0.03656173,-2.829123,0.2789319,0.111866,-21.68517,1.118774,-0.7231865,-0.9168309,0.02980745,-0.3981622,-2.719545,0.3416598,0.05722046,-21.69825,1.111229,-0.5503731,-0.9663551,-0.1647511,0.1975223,-2.463484,0.1331896,0.3670692,0.149138
1731426985070,-21.54559,1.455523,-0.655962,-0.9955459,0.08690187,-0.03656173,0,0,0,-21.68517,1.118774,-0.7231865,-0.9168309,0.02980745,-0.3981622,0,0,0,-21.69825,1.111229,-0.5503731,-0.9663551,-0.1647511,0.1975223,0,0,0,0.149138
1731426985094,-21.58352,1.456123,-0.6552143,-0.9953669,0.08881567,-0.03683734,-2.845001,0.04500747,0.05607605,-21.72115,1.119787,-0.721735,-0.9140628,0.02566269,-0.4047602,-2.697802,0.0759691,0.1088619,-21.73241,1.110095,-0.5475674,-0.962413,-0.1739123,0.2086055,-2.562332,-0.08507073,0.2104282,0.149138
1731426985099,-21.58352,1.456123,-0.6552143,-0.9953669,0.08881567,-0.03683734,0,0,0,-21.72115,1.119787,-0.721735,-0.9140628,0.02566269,-0.4047602,0,0,0,-21.73241,1.110095,-0.5475674,-0.962413,-0.1739123,0.2086055,0,0,0,0.149138
1731426985122,-21.62179,1.454784,-0.6535072,-0.9955061,0.08753651,-0.03613138,-2.870178,-0.1004398,0.1280308,-21.75757,1.11661,-0.7200375,-0.9172192,0.01081547,-0.3982375,-2.732134,-0.2382606,0.1273155,-21.76747,1.105737,-0.5463276,-0.9592112,-0.1650278,0.2295209,-2.629137,-0.3268182,0.09298325,0.149138
1731426985127,-21.62179,1.454784,-0.6535072,-0.9955061,0.08753651,-0.03613138,0,0,0,-21.75757,1.11661,-0.7200375,-0.9172192,0.01081547,-0.3982375,0,0,0,-21.76747,1.105737,-0.5463276,-0.9592112,-0.1650278,0.2295209,0,0,0,0.149138
1731426985150,-21.65993,1.451145,-0.6519947,-0.9956113,0.08821272,-0.0312587,-2.860737,-0.2729058,0.1134396,-21.79369,1.110897,-0.7170696,-0.919797,0.003219806,-0.3923824,-2.70853,-0.4285097,0.2225876,-21.80342,1.098362,-0.5454254,-0.9584136,-0.1645722,0.2331513,-2.696514,-0.5531341,0.06766319,0.149138
1731426985156,-21.65993,1.451145,-0.6519947,-0.9956113,0.08821272,-0.0312587,0,0,0,-21.79369,1.110897,-0.7170696,-0.919797,0.003219806,-0.3923824,0,0,0,-21.80342,1.098362,-0.5454254,-0.9584136,-0.1645722,0.2331513,0,0,0,0.149138
1731426985160,-21.65993,1.451145,-0.6519947,-0.9956113,0.08821272,-0.0312587,0,0,0,-21.79369,1.110897,-0.7170696,-0.919797,0.003219806,-0.3923824,0,0,0,-21.80342,1.098362,-0.5454254,-0.9584136,-0.1645722,0.2331513,0,0,0,0.149138
1731426985177,-21.69771,1.445068,-0.6501884,-0.9960622,0.08544338,-0.02366376,-2.833271,-0.4557699,0.1354694,-21.82975,1.103894,-0.7147141,-0.920834,-0.006559167,-0.3899006,-2.704954,-0.5251855,0.1766682,-21.84128,1.087968,-0.5447712,-0.9564614,-0.1876909,0.2235042,-2.839851,-0.7795483,0.04906654,0.149138
1731426985183,-21.69771,1.445068,-0.6501884,-0.9960622,0.08544338,-0.02366376,0,0,0,-21.82975,1.103894,-0.7147141,-0.920834,-0.006559167,-0.3899006,0,0,0,-21.84128,1.087968,-0.5447712,-0.9564614,-0.1876909,0.2235042,0,0,0,0.149138
1731426985205,-21.7354,1.437887,-0.6480827,-0.9965516,0.08131143,-0.01653624,-2.826977,-0.5386323,0.1579285,-21.86505,1.097314,-0.7118835,-0.9225718,-0.006421395,-0.3857729,-2.647018,-0.4934907,0.2122879,-21.8784,1.078444,-0.544281,-0.9520497,-0.2069542,0.2253252,-2.784061,-0.7143438,0.03676414,0.149138
1731426985211,-21.7354,1.437887,-0.6480827,-0.9965516,0.08131143,-0.01653624,0,0,0,-21.86505,1.097314,-0.7118835,-0.9225718,-0.006421395,-0.3857729,0,0,0,-21.8784,1.078444,-0.544281,-0.9520497,-0.2069542,0.2253252,0,0,0,0.149138
1731426985231,-21.77318,1.4288,-0.6468143,-0.9967309,0.08005667,-0.0108906,-2.833271,-0.6814957,0.09512901,-21.90325,1.08954,-0.7067223,-0.9268001,-0.003468612,-0.3755401,-2.865028,-0.5830407,0.3870964,-21.9166,1.069777,-0.5424347,-0.9489294,-0.2002076,0.2438241,-2.864599,-0.6499708,0.1384735,0.149138
1731426985236,-21.77318,1.4288,-0.6468143,-0.9967309,0.08005667,-0.0108906,0,0,0,-21.90325,1.08954,-0.7067223,-0.9268001,-0.003468612,-0.3755401,0,0,0,-21.9166,1.069777,-0.5424347,-0.9489294,-0.2002076,0.2438241,0,0,0,0.149138
1731426985258,-21.81167,1.419682,-0.6440659,-0.9966494,0.08120853,-0.009766817,-2.886772,-0.6838739,0.2061367,-21.94234,1.081377,-0.7014046,-0.9325635,0.007761747,-0.3609234,-2.93169,-0.61225,0.3988266,-21.95481,1.061844,-0.5407391,-0.9531115,-0.1843857,0.2399601,-2.865744,-0.5949944,0.1271725,0.149138
1731426985264,-21.81167,1.419682,-0.6440659,-0.9966494,0.08120853,-0.009766817,0,0,0,-21.94234,1.081377,-0.7014046,-0.9325635,0.007761747,-0.3609234,0,0,0,-21.95481,1.061844,-0.5407391,-0.9531115,-0.1843857,0.2399601,0,0,0,0.149138
1731426985287,-21.85083,1.41122,-0.6408195,-0.9960889,0.08710697,-0.01482069,-2.936554,-0.6346196,0.2434731,-21.98303,1.073816,-0.6969757,-0.9306504,0.01972936,-0.3653778,-3.051853,-0.5670995,0.3321648,-21.99649,1.05498,-0.5397854,-0.9600098,-0.1714102,0.2213593,-3.12624,-0.5147785,0.07152557,0.149138
1731426985292,-21.85083,1.41122,-0.6408195,-0.9960889,0.08710697,-0.01482069,0,0,0,-21.98303,1.073816,-0.6969757,-0.9306504,0.01972936,-0.3653778,0,0,0,-21.99649,1.05498,-0.5397854,-0.9600098,-0.1714102,0.2213593,0,0,0,0.149138
1731426985315,-21.88988,1.403867,-0.6377048,-0.9963472,0.08331256,-0.01874971,-2.929401,-0.5515248,0.2336025,-22.02424,1.068612,-0.6930199,-0.9231555,0.02028974,-0.3838919,-3.090763,-0.3902882,0.2966881,-22.04052,1.050503,-0.537178,-0.9633708,-0.1533227,0.2200205,-3.30205,-0.3358036,0.1955509,0.149138
1731426985320,-21.88988,1.403867,-0.6377048,-0.9963472,0.08331256,-0.01874971,0,0,0,-22.02424,1.068612,-0.6930199,-0.9231555,0.02028974,-0.3838919,0,0,0,-22.04052,1.050503,-0.537178,-0.9633708,-0.1533227,0.2200205,0,0,0,0.149138
1731426985343,-21.92978,1.40206,-0.6344509,-0.9960458,0.08507615,-0.0255971,-2.992058,-0.1354873,0.2440453,-22.06464,1.070054,-0.6888885,-0.9201089,0.02166675,-0.3910636,-3.030396,0.1081467,0.3098488,-22.084,1.052168,-0.5337563,-0.9645661,-0.1314418,0.2287698,-3.26128,0.1249105,0.2566338,0.15223
1731426985349,-21.92978,1.40206,-0.6344509,-0.9960458,0.08507615,-0.0255971,0,0,0,-22.06464,1.070054,-0.6888885,-0.9201089,0.02166675,-0.3910636,0,0,0,-22.084,1.052168,-0.5337563,-0.9645661,-0.1314418,0.2287698,0,0,0,0.15223
1731426985370,-21.96901,1.403767,-0.6319275,-0.9968245,0.07271182,-0.03247225,-2.942419,0.1280129,0.1892567,-22.10464,1.074424,-0.6858521,-0.9218353,0.03046158,-0.3863837,-3.000069,0.3277659,0.2277374,-22.12833,1.05681,-0.530447,-0.9682811,-0.1319826,0.2121609,-3.324366,0.348115,0.2481937,0.1559184
1731426985378,-21.96901,1.403767,-0.6319275,-0.9968245,0.07271182,-0.03247225,0,0,0,-22.10464,1.074424,-0.6858521,-0.9218353,0.03046158,-0.3863837,0,0,0,-22.12833,1.05681,-0.530447,-0.9682811,-0.1319826,0.2121609,0,0,0,0.1559184
1731426985398,-22.00932,1.408493,-0.6286125,-0.9959097,0.0788154,-0.04418695,-3.023386,0.3544271,0.2486229,-22.14578,1.077608,-0.6849861,-0.9145257,0.04362426,-0.4021696,-3.08547,0.238806,0.06494522,-22.17474,1.059223,-0.530241,-0.9729742,-0.1398942,0.1837149,-3.481007,0.1810133,0.01544952,0.1559184
1731426985404,-22.00932,1.408493,-0.6286125,-0.9959097,0.0788154,-0.04418695,0,0,0,-22.14578,1.077608,-0.6849861,-0.9145257,0.04362426,-0.4021696,0,0,0,-22.17474,1.059223,-0.530241,-0.9729742,-0.1398942,0.1837149,0,0,0,0.1559184
1731426985425,-22.04948,1.415998,-0.6268921,-0.9921318,0.1088696,-0.06182814,-3.011799,0.5628884,0.1290321,-22.18669,1.082277,-0.6857738,-0.9010054,0.02595952,-0.4330311,-3.067875,0.3501356,-0.05908012,-22.22099,1.065569,-0.5334606,-0.9753735,-0.1318976,0.176776,-3.468561,0.4758954,-0.2414703,0.1559184
1731426985431,-22.04948,1.415998,-0.6268921,-0.9921318,0.1088696,-0.06182814,0,0,0,-22.18669,1.082277,-0.6857738,-0.9010054,0.02595952,-0.4330311,0,0,0,-22.22099,1.065569,-0.5334606,-0.9753735,-0.1318976,0.176776,0,0,0,0.1559184
1731426985453,-22.0891,1.420576,-0.6229553,-0.9885052,0.1333847,-0.07117665,-2.971745,0.3433675,0.2952576,-22.22441,1.087695,-0.6861591,-0.8902161,0.004661795,-0.4555153,-2.828836,0.4064083,-0.02889633,-22.2632,1.074923,-0.5357265,-0.9797873,-0.1236,0.1572911,-3.165579,0.7015765,-0.1699448,0.1559184
1731426985458,-22.0891,1.420576,-0.6229553,-0.9885052,0.1333847,-0.07117665,0,0,0,-22.22441,1.087695,-0.6861591,-0.8902161,0.004661795,-0.4555153,0,0,0,-22.2632,1.074923,-0.5357265,-0.9797873,-0.1236,0.1572911,0,0,0,0.1559184
1731426985481,-22.12817,1.425655,-0.6194706,-0.9918373,0.1023456,-0.07605886,-2.929974,0.3809273,0.2613544,-22.25972,1.092871,-0.6867275,-0.8917753,0.006424248,-0.4524336,-2.648735,0.3881603,-0.04262924,-22.30246,1.085277,-0.5389423,-0.9910141,-0.08369543,0.104338,-2.944851,0.776571,-0.2411842,0.1559184
1731426985486,-22.12817,1.425655,-0.6194706,-0.9918373,0.1023456,-0.07605886,0,0,0,-22.25972,1.092871,-0.6867275,-0.8917753,0.006424248,-0.4524336,0,0,0,-22.30246,1.085277,-0.5389423,-0.9910141,-0.08369543,0.104338,0,0,0,0.1559184
1731426985509,-22.16759,1.434138,-0.6191978,-0.9932932,0.07979667,-0.0836767,-2.956581,0.6361932,0.02045631,-22.29524,1.095986,-0.6857433,-0.8930382,0.02443211,-0.4493176,-2.663612,0.2336472,0.07381439,-22.34182,1.093804,-0.5436096,-0.9956415,-0.05721296,0.07365316,-2.952003,0.6394655,-0.3500462,0.1559184
1731426985514,-22.16759,1.434138,-0.6191978,-0.9932932,0.07979667,-0.0836767,0,0,0,-22.29524,1.095986,-0.6857433,-0.8930382,0.02443211,-0.4493176,0,0,0,-22.34182,1.093804,-0.5436096,-0.9956415,-0.05721296,0.07365316,0,0,0,0.1559184
1731426985537,-22.20683,1.442436,-0.6176453,-0.993247,0.07509276,-0.08844149,-2.942705,0.6224155,0.1164436,-22.33309,1.096081,-0.683918,-0.8899305,-0.02180836,-0.4555752,-2.838564,0.007152557,0.1368999,-22.38158,1.100856,-0.5442429,-0.9954643,-0.06022622,0.07364744,-2.981758,0.5289584,-0.04749298,0.1559184
1731426985542,-22.20683,1.442436,-0.6176453,-0.993247,0.07509276,-0.08844149,0,0,0,-22.33309,1.096081,-0.683918,-0.8899305,-0.02180836,-0.4555752,0,0,0,-22.38158,1.100856,-0.5442429,-0.9954643,-0.06022622,0.07364744,0,0,0,0.1559184
1731426985546,-22.20683,1.442436,-0.6176453,-0.993247,0.07509276,-0.08844149,0,0,0,-22.33309,1.096081,-0.683918,-0.8899305,-0.02180836,-0.4555752,0,0,0,-22.38158,1.100856,-0.5442429,-0.9954643,-0.06022622,0.07364744,0,0,0,0.1559184
1731426985565,-22.24501,1.448896,-0.6174335,-0.9933019,0.07304129,-0.08953583,-2.863455,0.4844964,0.01587868,-22.3697,1.097642,-0.6841488,-0.8828106,-0.06519967,-0.4651827,-2.746153,0.1170069,-0.01730919,-22.42121,1.105,-0.5432339,-0.9920949,-0.1026046,0.07225168,-2.972174,0.3107965,0.07567406,0.1559184
1731426985570,-22.24501,1.448896,-0.6174335,-0.9933019,0.07304129,-0.08953583,0,0,0,-22.3697,1.097642,-0.6841488,-0.8828106,-0.06519967,-0.4651827,0,0,0,-22.42121,1.105,-0.5432339,-0.9920949,-0.1026046,0.07225168,0,0,0,0.1559184
1731426985593,-22.28358,1.45345,-0.6171131,-0.9927571,0.07997945,-0.08965051,-2.892637,0.3415346,0.02403259,-22.40479,1.099002,-0.6858597,-0.8761059,-0.08252004,-0.4750047,-2.631569,0.1020044,-0.1283169,-22.45824,1.107208,-0.5432625,-0.9862043,-0.1489933,0.07212979,-2.777338,0.1655549,-0.002145767,0.1559184
1731426985599,-22.28358,1.45345,-0.6171131,-0.9927571,0.07997945,-0.08965051,0,0,0,-22.40479,1.099002,-0.6858597,-0.8761059,-0.08252004,-0.4750047,0,0,0,-22.45824,1.107208,-0.5432625,-0.9862043,-0.1489933,0.07212979,0,0,0,0.1559184
1731426985620,-22.32151,1.453476,-0.6163292,-0.9921334,0.09048774,-0.08650827,-2.84543,0.001913309,0.05879402,-22.44163,1.098619,-0.6860943,-0.8719077,-0.0740888,-0.4840335,-2.763033,-0.02869964,-0.01759529,-22.49326,1.107597,-0.5436668,-0.9817234,-0.172281,0.08086181,-2.626705,0.02919137,-0.03032684,0.1559184
1731426985625,-22.32151,1.453476,-0.6163292,-0.9921334,0.09048774,-0.08650827,0,0,0,-22.44163,1.098619,-0.6860943,-0.8719077,-0.0740888,-0.4840335,0,0,0,-22.49326,1.107597,-0.5436668,-0.9817234,-0.172281,0.08086181,0,0,0,0.1559184
1731426985648,-22.35967,1.45078,-0.6151791,-0.9928998,0.0896119,-0.0782311,-2.861595,-0.2021581,0.08625984,-22.47882,1.095414,-0.6870193,-0.8738171,-0.07955295,-0.4797039,-2.789354,-0.2404064,-0.06937981,-22.5269,1.10582,-0.544426,-0.9843805,-0.1631263,0.06622046,-2.523136,-0.1332343,-0.05693436,0.1559184
1731426985653,-22.35967,1.45078,-0.6151791,-0.9928998,0.0896119,-0.0782311,0,0,0,-22.47882,1.095414,-0.6870193,-0.8738171,-0.07955295,-0.4797039,0,0,0,-22.5269,1.10582,-0.544426,-0.9843805,-0.1631263,0.06622046,0,0,0,0.1559184
1731426985676,-22.3989,1.445844,-0.614727,-0.9939776,0.08682998,-0.06685424,-2.94199,-0.3701895,0.03390312,-22.51757,1.090208,-0.6908169,-0.8738267,-0.07437563,-0.4805157,-2.906227,-0.3904402,-0.2848148,-22.56282,1.098921,-0.5477047,-0.9887082,-0.1422061,0.04726434,-2.694082,-0.5174696,-0.2459049,0.1559184
1731426985682,-22.3989,1.445844,-0.614727,-0.9939776,0.08682998,-0.06685424,0,0,0,-22.51757,1.090208,-0.6908169,-0.8738267,-0.07437563,-0.4805157,0,0,0,-22.56282,1.098921,-0.5477047,-0.9887082,-0.1422061,0.04726434,0,0,0,0.1559184
1731426985704,-22.43752,1.439742,-0.6145096,-0.9945324,0.08699119,-0.05777431,-2.896643,-0.4576743,0.01630783,-22.55758,1.082703,-0.6930428,-0.8683232,-0.06516606,-0.4916998,-3.000784,-0.5628258,-0.1669407,-22.60012,1.089384,-0.5482082,-0.9873374,-0.1497912,0.05222893,-2.797222,-0.7152379,-0.0377655,0.1559184
1731426985712,-22.43752,1.439742,-0.6145096,-0.9945324,0.08699119,-0.05777431,0,0,0,-22.55758,1.082703,-0.6930428,-0.8683232,-0.06516606,-0.4916998,0,0,0,-22.60012,1.089384,-0.5482082,-0.9873374,-0.1497912,0.05222893,0,0,0,0.1559184
1731426985732,-22.47727,1.432037,-0.6142712,-0.9948843,0.08775779,-0.05003798,-2.981615,-0.5778909,0.01788139,-22.60032,1.073708,-0.696312,-0.8604859,-0.07778199,-0.5035024,-3.205347,-0.6746203,-0.2451897,-22.64047,1.077805,-0.5477276,-0.9824997,-0.1683103,0.07978898,-3.026247,-0.8684546,0.03604889,0.1559184
1731426985737,-22.47727,1.432037,-0.6142712,-0.9948843,0.08775779,-0.05003798,0,0,0,-22.60032,1.073708,-0.696312,-0.8604859,-0.07778199,-0.5035024,0,0,0,-22.64047,1.077805,-0.5477276,-0.9824997,-0.1683103,0.07978898,0,0,0,0.1559184
1731426985759,-22.51598,1.424194,-0.6157417,-0.9949543,0.09061462,-0.04307175,-2.903366,-0.5882353,-0.1102924,-22.64242,1.067355,-0.6995754,-0.856341,-0.07750154,-0.5105628,-3.157282,-0.4765302,-0.2447605,-22.68009,1.068225,-0.5472679,-0.981225,-0.168159,0.09444821,-2.971172,-0.718528,0.03447533,0.1559184
1731426985766,-22.51598,1.424194,-0.6157417,-0.9949543,0.09061462,-0.04307175,0,0,0,-22.64242,1.067355,-0.6995754,-0.856341,-0.07750154,-0.5105628,0,0,0,-22.68009,1.068225,-0.5472679,-0.981225,-0.168159,0.09444821,0,0,0,0.1559184
1731426985787,-22.55602,1.416187,-0.6174526,-0.9947757,0.09500286,-0.03736937,-3.002644,-0.6005198,-0.1283169,-22.68282,1.064042,-0.7017422,-0.858501,-0.06502423,-0.508673,-3.029966,-0.2484262,-0.1625061,-22.72105,1.060665,-0.545063,-0.9807512,-0.1618857,0.1091809,-3.072453,-0.5669743,0.1653671,0.1559184
1731426985792,-22.55602,1.416187,-0.6174526,-0.9947757,0.09500286,-0.03736937,0,0,0,-22.68282,1.064042,-0.7017422,-0.858501,-0.06502423,-0.508673,0,0,0,-22.72105,1.060665,-0.545063,-0.9807512,-0.1618857,0.1091809,0,0,0,0.1559184
1731426985815,-22.59586,1.409236,-0.6199665,-0.9945127,0.100478,-0.02913988,-2.988338,-0.521332,-0.1885414,-22.72426,1.062442,-0.7052917,-0.8694217,-0.0361624,-0.4927462,-3.108501,-0.1200557,-0.2662182,-22.76289,1.055579,-0.543869,-0.9791084,-0.1595703,0.1260337,-3.138113,-0.3814638,0.08955002,0.1559184
1731426985821,-22.59586,1.409236,-0.6199665,-0.9945127,0.100478,-0.02913988,0,0,0,-22.72426,1.062442,-0.7052917,-0.8694217,-0.0361624,-0.4927462,0,0,0,-22.76289,1.055579,-0.543869,-0.9791084,-0.1595703,0.1260337,0,0,0,0.1559184
1731426985843,-22.63627,1.406199,-0.6231327,-0.9941507,0.1060551,-0.02042842,-3.030252,-0.2277374,-0.2374649,-22.76693,1.061735,-0.7081738,-0.8766267,-0.01723143,-0.4808632,-3.199768,-0.05298257,-0.2161503,-22.80638,1.05442,-0.5432491,-0.9817417,-0.1417942,0.1267971,-3.261566,-0.08688569,0.04649162,0.1559184
1731426985848,-22.63627,1.406199,-0.6231327,-0.9941507,0.1060551,-0.02042842,0,0,0,-22.76693,1.061735,-0.7081738,-0.8766267,-0.01723143,-0.4808632,0,0,0,-22.80638,1.05442,-0.5432491,-0.9817417,-0.1417942,0.1267971,0,0,0,0.1559184
1731426985854,-22.63627,1.406199,-0.6231327,-0.9941507,0.1060551,-0.02042842,0,0,0,-22.76693,1.061735,-0.7081738,-0.8766267,-0.01723143,-0.4808632,0,0,0,-22.80638,1.05442,-0.5432491,-0.9817417,-0.1417942,0.1267971,0,0,0,0.1559184
1731426985871,-22.67845,1.40549,-0.6260796,-0.9934843,0.112556,-0.01789963,-3.163576,-0.05321503,-0.221014,-22.81119,1.063395,-0.712183,-0.8763925,-0.005447816,-0.4815673,-3.319788,0.1244903,-0.3006935,-22.85169,1.05687,-0.5445576,-0.9806908,-0.1366781,0.1398755,-3.398323,0.1836956,-0.09813309,0.1559184
1731426985875,-22.67845,1.40549,-0.6260796,-0.9934843,0.112556,-0.01789963,0,0,0,-22.81119,1.063395,-0.712183,-0.8763925,-0.005447816,-0.4815673,0,0,0,-22.85169,1.05687,-0.5445576,-0.9806908,-0.1366781,0.1398755,0,0,0,0.1559184
1731426985898,-22.72055,1.41238,-0.6302509,-0.9950415,0.09806854,-0.01659465,-3.157425,0.5167812,-0.3128529,-22.85488,1.065547,-0.7150078,-0.8790527,-0.009984605,-0.476621,-3.27673,0.1613975,-0.2118587,-22.89411,1.06156,-0.5450878,-0.9789934,-0.1346858,0.1530746,-3.181458,0.3517628,-0.03976822,0.1559184
1731426985903,-22.72055,1.41238,-0.6302509,-0.9950415,0.09806854,-0.01659465,0,0,0,-22.85488,1.065547,-0.7150078,-0.8790527,-0.009984605,-0.476621,0,0,0,-22.89411,1.06156,-0.5450878,-0.9789934,-0.1346858,0.1530746,0,0,0,0.1559184
1731426985924,-22.7637,1.422306,-0.6341133,-0.9956312,0.09199729,-0.01598644,-3.236532,0.744465,-0.2896786,-22.90026,1.069892,-0.7164059,-0.8789464,-0.03204067,-0.4758437,-3.403759,0.3258526,-0.1048565,-22.9362,1.069818,-0.5467854,-0.9742697,-0.1573963,0.1613223,-3.156853,0.6193757,-0.1273155,0.1559184
1731426985929,-22.7637,1.422306,-0.6341133,-0.9956312,0.09199729,-0.01598644,0,0,0,-22.90026,1.069892,-0.7164059,-0.8789464,-0.03204067,-0.4758437,0,0,0,-22.9362,1.069818,-0.5467854,-0.9742697,-0.1573963,0.1613223,0,0,0,0.1559184
1731426985953,-22.80495,1.428271,-0.6368523,-0.9930508,0.1160581,-0.01952147,-3.093624,0.4473746,-0.2054214,-22.94402,1.078628,-0.7176704,-0.8731868,-0.07704847,-0.4812582,-3.281736,0.65521,-0.09484291,-22.97623,1.079499,-0.5491791,-0.9686296,-0.1929592,0.1566009,-3.001785,0.7260472,-0.1795292,0.1559184
1731426985958,-22.80495,1.428271,-0.6368523,-0.9930508,0.1160581,-0.01952147,0,0,0,-22.94402,1.078628,-0.7176704,-0.8731868,-0.07704847,-0.4812582,0,0,0,-22.97623,1.079499,-0.5491791,-0.9686296,-0.1929592,0.1566009,0,0,0,0.1559184
1731426985981,-22.84475,1.433441,-0.6388798,-0.9936014,0.1090317,-0.02947307,-2.985048,0.3877223,-0.1520634,-22.98244,1.09204,-0.7188473,-0.8778809,-0.08321726,-0.4715935,-2.881193,1.005936,-0.08826256,-23.01212,1.091131,-0.5488319,-0.9669519,-0.2165932,0.134506,-2.692223,0.87246,0.02603531,0.1559184
1731426985986,-22.84475,1.433441,-0.6388798,-0.9936014,0.1090317,-0.02947307,0,0,0,-22.98244,1.09204,-0.7188473,-0.8778809,-0.08321726,-0.4715935,0,0,0,-23.01212,1.091131,-0.5488319,-0.9669519,-0.2165932,0.134506,0,0,0,0.1559184
1731426986009,-22.88504,1.440289,-0.6398602,-0.9954239,0.08929079,-0.03403711,-3.021812,0.5135804,-0.07352829,-23.0195,1.103409,-0.7163696,-0.899237,0.003889631,-0.4374456,-2.779627,0.8526474,0.1858234,-23.04662,1.100004,-0.553257,-0.9817521,-0.1587424,0.1047104,-2.587366,0.6654382,-0.3318787,0.1559184
1731426986014,-22.88504,1.440289,-0.6398602,-0.9954239,0.08929079,-0.03403711,0,0,0,-23.0195,1.103409,-0.7163696,-0.899237,0.003889631,-0.4374456,0,0,0,-23.04662,1.100004,-0.553257,-0.9817521,-0.1587424,0.1047104,0,0,0,0.1559184
1731426986037,-22.9245,1.447143,-0.6404743,-0.9956605,0.0864016,-0.03457272,-2.959585,0.5140454,-0.04606247,-23.05753,1.110744,-0.7145157,-0.9074664,0.03924702,-0.4182875,-2.852583,0.5501658,0.1390457,-23.08087,1.105329,-0.5536194,-0.9854859,-0.1345637,0.1034912,-2.568913,0.399363,-0.02717972,0.1559184
1731426986042,-22.9245,1.447143,-0.6404743,-0.9956605,0.0864016,-0.03457272,0,0,0,-23.05753,1.110744,-0.7145157,-0.9074664,0.03924702,-0.4182875,0,0,0,-23.08087,1.105329,-0.5536194,-0.9854859,-0.1345637,0.1034912,0,0,0,0.1559184
1731426986062,-22.96412,1.451948,-0.6391869,-0.9954515,0.0900013,-0.03124905,-2.971029,0.3604352,0.09655952,-23.09757,1.114103,-0.7138557,-0.9121373,0.01830902,-0.4094766,-3.003073,0.2519131,0.0494957,-23.11639,1.106855,-0.5545444,-0.9792161,-0.159299,0.1255381,-2.663612,0.1144499,-0.06937981,0.1559184
1731426986068,-22.96412,1.451948,-0.6391869,-0.9954515,0.0900013,-0.03124905,0,0,0,-23.09757,1.114103,-0.7138557,-0.9121373,0.01830902,-0.4094766,0,0,0,-23.11639,1.106855,-0.5545444,-0.9792161,-0.159299,0.1255381,0,0,0,0.1559184
1731426986091,-23.00369,1.455247,-0.6388607,-0.9953714,0.09238711,-0.02647221,-2.968454,0.2473712,0.02446175,-23.13692,1.115678,-0.7146473,-0.9123864,-0.01357817,-0.4091053,-2.950716,0.1181155,-0.05936623,-23.15201,1.106814,-0.5558949,-0.9740975,-0.1880573,0.1255751,-2.671337,-0.003066659,-0.1012802,0.1559184
1731426986096,-23.00369,1.455247,-0.6388607,-0.9953714,0.09238711,-0.02647221,0,0,0,-23.13692,1.115678,-0.7146473,-0.9123864,-0.01357817,-0.4091053,0,0,0,-23.15201,1.106814,-0.5558949,-0.9740975,-0.1880573,0.1255751,0,0,0,0.1559184
1731426986119,-23.04364,1.456229,-0.6393623,-0.9955116,0.09191003,-0.02257752,-2.99592,0.07367134,-0.03762245,-23.17569,1.115235,-0.7152271,-0.9035192,-0.0225817,-0.4279532,-2.908373,-0.03325045,-0.04348755,-23.1897,1.105108,-0.5547352,-0.9710766,-0.2053304,0.121861,-2.827406,-0.1279235,0.0869751,0.1559184
1731426986124,-23.04364,1.456229,-0.6393623,-0.9955116,0.09191003,-0.02257752,0,0,0,-23.17569,1.115235,-0.7152271,-0.9035192,-0.0225817,-0.4279532,0,0,0,-23.1897,1.105108,-0.5547352,-0.9710766,-0.2053304,0.121861,0,0,0,0.1559184
1731426986147,-23.08388,1.454713,-0.6398392,-0.9954285,0.09305536,-0.0215261,-3.017664,-0.1136988,-0.03576279,-23.21387,1.110599,-0.7122936,-0.9034554,-0.03714136,-0.427071,-2.863026,-0.3477216,0.2200127,-23.22794,1.1005,-0.5522156,-0.9696991,-0.2049299,0.1329949,-2.867889,-0.3456563,0.1889706,0.1559184
1731426986154,-23.08388,1.454713,-0.6398392,-0.9954285,0.09305536,-0.0215261,0,0,0,-23.21387,1.110599,-0.7122936,-0.9034554,-0.03714136,-0.427071,0,0,0,-23.22794,1.1005,-0.5522156,-0.9696991,-0.2049299,0.1329949,0,0,0,0.1559184
1731426986176,-23.12445,1.450384,-0.6401291,-0.9952903,0.09428431,-0.02253926,-3.043127,-0.3246546,-0.02174377,-23.2521,1.104772,-0.7106457,-0.9083289,-0.03906438,-0.4164288,-2.867174,-0.4369587,0.1235962,-23.26877,1.093064,-0.5511112,-0.9674813,-0.2031412,0.1507117,-3.06201,-0.5576581,0.08282661,0.1559184
1731426986180,-23.12445,1.450384,-0.6401291,-0.9952903,0.09428431,-0.02253926,0,0,0,-23.2521,1.104772,-0.7106457,-0.9083289,-0.03906438,-0.4164288,0,0,0,-23.26877,1.093064,-0.5511112,-0.9674813,-0.2031412,0.1507117,0,0,0,0.1559184
1731426986185,-23.12445,1.450384,-0.6401291,-0.9952903,0.09428431,-0.02253926,0,0,0,-23.2521,1.104772,-0.7106457,-0.9083289,-0.03906438,-0.4164288,0,0,0,-23.26877,1.093064,-0.5511112,-0.9674813,-0.2031412,0.1507117,0,0,0,0.1559184
1731426986203,-23.16579,1.443204,-0.6404934,-0.9952318,0.09493176,-0.02240515,-3.100777,-0.5385429,-0.02732277,-23.29111,1.096039,-0.70928,-0.9109843,-0.04322942,-0.41017,-2.926254,-0.6550401,0.1024246,-23.30992,1.083789,-0.5494804,-0.9640204,-0.2136523,0.1581699,-3.086329,-0.6956577,0.1223087,0.1559184
1731426986209,-23.16579,1.443204,-0.6404934,-0.9952318,0.09493176,-0.02240515,0,0,0,-23.29111,1.096039,-0.70928,-0.9109843,-0.04322942,-0.41017,0,0,0,-23.30992,1.083789,-0.5494804,-0.9640204,-0.2136523,0.1581699,0,0,0,0.1559184
1731426986231,-23.20611,1.43386,-0.6403313,-0.9954998,0.0923293,-0.02135372,-3.023529,-0.7007718,0.01215935,-23.33011,1.087161,-0.7076416,-0.9115472,-0.04616759,-0.4085957,-2.924824,-0.6658316,0.1228809,-23.35034,1.074583,-0.5486679,-0.9627116,-0.2203859,0.1568982,-3.031111,-0.6904006,0.06093979,0.1559184
1731426986236,-23.20611,1.43386,-0.6403313,-0.9954998,0.0923293,-0.02135372,0,0,0,-23.33011,1.087161,-0.7076416,-0.9115472,-0.04616759,-0.4085957,0,0,0,-23.35034,1.074583,-0.5486679,-0.9627116,-0.2203859,0.1568982,0,0,0,0.1559184
1731426986257,-23.24674,1.423836,-0.6402302,-0.9962604,0.0839349,-0.02050757,-3.047276,-0.7518321,0.007581711,-23.37135,1.077721,-0.705286,-0.9124974,-0.0431798,-0.4067981,-3.092766,-0.707978,0.1766682,-23.39191,1.066332,-0.547554,-0.9650754,-0.2047378,0.1634379,-3.1178,-0.618875,0.08354187,0.1559184
1731426986263,-23.24674,1.423836,-0.6402302,-0.9962604,0.0839349,-0.02050757,0,0,0,-23.37135,1.077721,-0.705286,-0.9124974,-0.0431798,-0.4067981,0,0,0,-23.39191,1.066332,-0.547554,-0.9650754,-0.2047378,0.1634379,0,0,0,0.1559184
1731426986286,-23.28781,1.413945,-0.6397667,-0.9962164,0.08401056,-0.02226245,-3.080034,-0.7418096,0.03476143,-23.41478,1.069381,-0.702198,-0.9182093,-0.03250802,-0.3947604,-3.257704,-0.6255001,0.2315998,-23.43583,1.059455,-0.5449429,-0.9677691,-0.1765003,0.1796412,-3.294468,-0.5157709,0.195837,0.1559184
1731426986291,-23.28781,1.413945,-0.6397667,-0.9962164,0.08401056,-0.02226245,0,0,0,-23.41478,1.069381,-0.702198,-0.9182093,-0.03250802,-0.3947604,0,0,0,-23.43583,1.059455,-0.5449429,-0.9677691,-0.1765003,0.1796412,0,0,0,0.1559184
1731426986313,-23.32913,1.40366,-0.6391354,-0.9959862,0.08537009,-0.02690125,-3.099632,-0.7713944,0.04734993,-23.45915,1.063056,-0.6983929,-0.9186305,-0.01205477,-0.3949342,-3.327513,-0.4744023,0.285387,-23.48025,1.055112,-0.5426941,-0.9691266,-0.1546463,0.1920375,-3.331089,-0.3256828,0.1686573,0.1559184
1731426986319,-23.32913,1.40366,-0.6391354,-0.9959862,0.08537009,-0.02690125,0,0,0,-23.45915,1.063056,-0.6983929,-0.9186305,-0.01205477,-0.3949342,0,0,0,-23.48025,1.055112,-0.5426941,-0.9691266,-0.1546463,0.1920375,0,0,0,0.1559184
1731426986341,-23.37122,1.402189,-0.6383152,-0.9966331,0.07698616,-0.02821791,-3.156424,-0.1102835,0.06151199,-23.50291,1.06627,-0.6962719,-0.9183848,0.0007153843,-0.3956888,-3.282309,0.2410948,0.1590729,-23.52399,1.060764,-0.5414295,-0.9743934,-0.1213395,0.1893002,-3.280592,0.4238874,0.09484291,0.1621422
1731426986348,-23.37122,1.402189,-0.6383152,-0.9966331,0.07698616,-0.02821791,0,0,0,-23.50291,1.06627,-0.6962719,-0.9183848,0.0007153843,-0.3956888,0,0,0,-23.52399,1.060764,-0.5414295,-0.9743934,-0.1213395,0.1893002,0,0,0,0.1621422
1731426986369,-23.4137,1.402407,-0.6368923,-0.9954573,0.0888574,-0.03419721,-3.186321,0.01634359,0.1067162,-23.54715,1.0708,-0.6953602,-0.9170538,0.01306184,-0.3985503,-3.317499,0.3396928,0.06837845,-23.56872,1.065506,-0.5402832,-0.9817483,-0.08345345,0.1708981,-3.354549,0.355643,0.08597374,0.1652886
1731426986375,-23.4137,1.402407,-0.6368923,-0.9954573,0.0888574,-0.03419721,0,0,0,-23.54715,1.0708,-0.6953602,-0.9170538,0.01306184,-0.3985503,0,0,0,-23.56872,1.065506,-0.5402832,-0.9817483,-0.08345345,0.1708981,0,0,0,0.1652886
1731426986397,-23.45665,1.406102,-0.6356297,-0.9966396,0.07195885,-0.03913534,-3.220797,0.2771527,0.09469986,-23.59178,1.075507,-0.6958618,-0.9146281,0.02256526,-0.403667,-3.347683,0.353086,-0.03762245,-23.61523,1.068983,-0.5399342,-0.9855763,-0.07146651,0.153402,-3.488731,0.2607644,0.02617836,0.1661189
1731426986404,-23.45665,1.406102,-0.6356297,-0.9966396,0.07195885,-0.03913534,0,0,0,-23.59178,1.075507,-0.6958618,-0.9146281,0.02256526,-0.403667,0,0,0,-23.61523,1.068983,-0.5399342,-0.9855763,-0.07146651,0.153402,0,0,0,0.1661189
1731426986425,-23.49939,1.411063,-0.6343746,-0.9943928,0.09557091,-0.04527175,-3.205347,0.372076,0.09412766,-23.63659,1.08107,-0.6981831,-0.9042553,0.02346296,-0.426348,-3.360271,0.4171729,-0.1740932,-23.6654,1.072394,-0.5421162,-0.9868398,-0.08837344,0.1354156,-3.762531,0.255847,-0.1636505,0.1661189
1731426986431,-23.49939,1.411063,-0.6343746,-0.9943928,0.09557091,-0.04527175,0,0,0,-23.63659,1.08107,-0.6981831,-0.9042553,0.02346296,-0.426348,0,0,0,-23.6654,1.072394,-0.5421162,-0.9868398,-0.08837344,0.1354156,0,0,0,0.1661189
1731426986453,-23.54129,1.414728,-0.6330566,-0.9914317,0.1194132,-0.05295277,-3.142834,0.274846,0.09884834,-23.67893,1.087543,-0.7008266,-0.8915802,0.009420734,-0.4527651,-3.176022,0.4854977,-0.1982689,-23.71295,1.078893,-0.5459499,-0.9870406,-0.09158681,0.1317677,-3.566122,0.4874289,-0.2875328,0.1661189
1731426986459,-23.54129,1.414728,-0.6330566,-0.9914317,0.1194132,-0.05295277,0,0,0,-23.67893,1.087543,-0.7008266,-0.8915802,0.009420734,-0.4527651,0,0,0,-23.71295,1.078893,-0.5459499,-0.9870406,-0.09158681,0.1317677,0,0,0,0.1661189
1731426986481,-23.58242,1.418381,-0.6322727,-0.9917058,0.118698,-0.04930377,-3.084469,0.2739877,0.05879402,-23.71835,1.094986,-0.704298,-0.8893086,-0.005416013,-0.4572762,-2.956295,0.5582392,-0.2603531,-23.75699,1.087942,-0.5503292,-0.9932802,-0.06190017,0.09779203,-3.303194,0.6786883,-0.3284454,0.1661189
1731426986487,-23.58242,1.418381,-0.6322727,-0.9917058,0.118698,-0.04930377,0,0,0,-23.71835,1.094986,-0.704298,-0.8893086,-0.005416013,-0.4572762,0,0,0,-23.75699,1.087942,-0.5503292,-0.9932802,-0.06190017,0.09779203,0,0,0,0.1661189
1731426986508,-23.62428,1.426973,-0.6330662,-0.9946929,0.08930081,-0.05110776,-3.139973,0.6443739,-0.05950928,-23.75607,1.101042,-0.7052879,-0.890233,0.0349967,-0.45416,-2.829266,0.4541695,-0.07424355,-23.80084,1.095704,-0.5568237,-0.9972906,-0.04038011,0.06149209,-3.289032,0.5821109,-0.4870892,0.1661189
1731426986514,-23.62428,1.426973,-0.6330662,-0.9946929,0.08930081,-0.05110776,0,0,0,-23.75607,1.101042,-0.7052879,-0.890233,0.0349967,-0.45416,0,0,0,-23.80084,1.095704,-0.5568237,-0.9972906,-0.04038011,0.06149209,0,0,0,0.1661189
1731426986520,-23.62428,1.426973,-0.6330662,-0.9946929,0.08930081,-0.05110776,0,0,0,-23.75607,1.101042,-0.7052879,-0.890233,0.0349967,-0.45416,0,0,0,-23.80084,1.095704,-0.5568237,-0.9972906,-0.04038011,0.06149209,0,0,0,0.1661189
1731426986536,-23.66648,1.436199,-0.6347713,-0.9952381,0.08324632,-0.05070817,-3.164434,0.691992,-0.1278877,-23.79585,1.102219,-0.7066078,-0.8926776,0.02476014,-0.450016,-2.983332,0.08828044,-0.09899139,-23.84425,1.101726,-0.5620937,-0.9967216,-0.04861831,0.06467301,-3.255129,0.4516661,-0.3952503,0.1661189
1731426986542,-23.66648,1.436199,-0.6347713,-0.9952381,0.08324632,-0.05070817,0,0,0,-23.79585,1.102219,-0.7066078,-0.8926776,0.02476014,-0.450016,0,0,0,-23.84425,1.101726,-0.5620937,-0.9967216,-0.04861831,0.06467301,0,0,0,0.1661189
1731426986564,-23.70728,1.444766,-0.6362591,-0.9956805,0.07863387,-0.04936898,-3.060293,0.6425142,-0.1115799,-23.8333,1.103372,-0.7107868,-0.8857286,-0.02472841,-0.4635448,-2.808809,0.08645654,-0.3134251,-23.88513,1.107007,-0.5670261,-0.9939178,-0.08786813,0.06638575,-3.066587,0.3960371,-0.3699303,0.1661189
1731426986571,-23.70728,1.444766,-0.6362591,-0.9956805,0.07863387,-0.04936898,0,0,0,-23.8333,1.103372,-0.7107868,-0.8857286,-0.02472841,-0.4635448,0,0,0,-23.88513,1.107007,-0.5670261,-0.9939178,-0.08786813,0.06638575,0,0,0,0.1661189
1731426986590,-23.74866,1.450851,-0.6377449,-0.9949515,0.08747217,-0.04919863,-3.103638,0.4563779,-0.1114368,-23.8694,1.105533,-0.716074,-0.8737385,-0.06984098,-0.4813561,-2.707243,0.1621306,-0.3965378,-23.92463,1.111273,-0.5728989,-0.9898239,-0.1307782,0.05609113,-2.962303,0.3199518,-0.4404545,0.1661189
1731426986596,-23.74866,1.450851,-0.6377449,-0.9949515,0.08747217,-0.04919863,0,0,0,-23.8694,1.105533,-0.716074,-0.8737385,-0.06984098,-0.4813561,0,0,0,-23.92463,1.111273,-0.5728989,-0.9898239,-0.1307782,0.05609113,0,0,0,0.1661189
1731426986618,-23.78946,1.453991,-0.639658,-0.9932244,0.1051389,-0.04951036,-3.059578,0.2354711,-0.1434803,-23.90532,1.106443,-0.719923,-0.8763204,-0.06563648,-0.4772367,-2.693653,0.06819069,-0.2886772,-23.96205,1.113754,-0.5790215,-0.9874283,-0.1522804,0.04238385,-2.806234,0.1861274,-0.4591942,0.1661189
1731426986625,-23.78946,1.453991,-0.639658,-0.9932244,0.1051389,-0.04951036,0,0,0,-23.90532,1.106443,-0.719923,-0.8763204,-0.06563648,-0.4772367,0,0,0,-23.96205,1.113754,-0.5790215,-0.9874283,-0.1522804,0.04238385,0,0,0,0.1661189
1731426986647,-23.83032,1.452621,-0.6411705,-0.9924265,0.1122245,-0.04995823,-3.065157,-0.1027733,-0.1134396,-23.94448,1.102651,-0.723381,-0.879607,-0.05674264,-0.4723059,-2.937412,-0.284341,-0.2593517,-23.99919,1.112961,-0.5866985,-0.9898311,-0.1411165,0.0179196,-2.785349,-0.05946457,-0.5757809,0.1661189
1731426986653,-23.83032,1.452621,-0.6411705,-0.9924265,0.1122245,-0.04995823,0,0,0,-23.94448,1.102651,-0.723381,-0.879607,-0.05674264,-0.4723059,0,0,0,-23.99919,1.112961,-0.5866985,-0.9898311,-0.1411165,0.0179196,0,0,0,0.1661189
1731426986675,-23.87135,1.447885,-0.6426144,-0.9929873,0.1071442,-0.0499661,-3.077173,-0.3551513,-0.1082897,-23.98526,1.095047,-0.7259312,-0.8802956,-0.06301211,-0.4702226,-3.058147,-0.5703092,-0.1912594,-24.03762,1.107453,-0.5925236,-0.9927374,-0.1197715,-0.01131058,-2.882481,-0.4131049,-0.4368782,0.1661189
1731426986681,-23.87135,1.447885,-0.6426144,-0.9929873,0.1071442,-0.0499661,0,0,0,-23.98526,1.095047,-0.7259312,-0.8802956,-0.06301211,-0.4702226,0,0,0,-24.03762,1.107453,-0.5925236,-0.9927374,-0.1197715,-0.01131058,0,0,0,0.1661189
1731426986702,-23.91259,1.44136,-0.6452408,-0.9936287,0.1016946,-0.0485816,-3.093052,-0.4893601,-0.1969814,-24.02869,1.085131,-0.7297249,-0.8732931,-0.07347638,-0.4816229,-3.257704,-0.7437229,-0.2845287,-24.07826,1.09755,-0.5968723,-0.9911494,-0.1322633,-0.01137888,-3.048277,-0.7427394,-0.3261566,0.1661189
1731426986708,-23.91259,1.44136,-0.6452408,-0.9936287,0.1016946,-0.0485816,0,0,0,-24.02869,1.085131,-0.7297249,-0.8732931,-0.07347638,-0.4816229,0,0,0,-24.07826,1.09755,-0.5968723,-0.9911494,-0.1322633,-0.01137888,0,0,0,0.1661189
1731426986730,-23.95397,1.433173,-0.6491489,-0.9938936,0.09934749,-0.04802227,-3.103352,-0.614056,-0.2931118,-24.07128,1.076318,-0.7326431,-0.8670941,-0.06053938,-0.4944525,-3.19376,-0.6609857,-0.2188683,-24.11983,1.086238,-0.6006947,-0.9891794,-0.1465054,0.00779283,-3.117943,-0.8483827,-0.2866745,0.1661189
1731426986736,-23.95397,1.433173,-0.6491489,-0.9938936,0.09934749,-0.04802227,0,0,0,-24.07128,1.076318,-0.7326431,-0.8670941,-0.06053938,-0.4944525,0,0,0,-24.11983,1.086238,-0.6006947,-0.9891794,-0.1465054,0.00779283,0,0,0,0.1661189
1731426986758,-23.99515,1.424632,-0.6535645,-0.9943339,0.09461925,-0.04845595,-3.088474,-0.6405562,-0.3311634,-24.11464,1.067859,-0.7349606,-0.8682748,-0.04881895,-0.4936761,-3.252125,-0.6343961,-0.1738071,-24.16211,1.074219,-0.6042862,-0.9890432,-0.1469516,0.01410919,-3.170729,-0.9014189,-0.2693653,0.1661189
1731426986764,-23.99515,1.424632,-0.6535645,-0.9943339,0.09461925,-0.04845595,0,0,0,-24.11464,1.067859,-0.7349606,-0.8682748,-0.04881895,-0.4936761,0,0,0,-24.16211,1.074219,-0.6042862,-0.9890432,-0.1469516,0.01410919,0,0,0,0.1661189
1731426986786,-24.03704,1.416141,-0.6593723,-0.9942319,0.09631194,-0.04719615,-3.141403,-0.6368279,-0.4355907,-24.15761,1.062099,-0.7391701,-0.867703,-0.0435379,-0.4951735,-3.223228,-0.4320323,-0.3157139,-24.20509,1.064152,-0.6071014,-0.9879531,-0.1515363,0.03139782,-3.223085,-0.7550955,-0.2111435,0.1661189
1731426986792,-24.03704,1.416141,-0.6593723,-0.9942319,0.09631194,-0.04719615,0,0,0,-24.15761,1.062099,-0.7391701,-0.867703,-0.0435379,-0.4951735,0,0,0,-24.20509,1.064152,-0.6071014,-0.9879531,-0.1515363,0.03139782,0,0,0,0.1661189
1731426986814,-24.07874,1.409747,-0.6656761,-0.9944373,0.09483292,-0.04584503,-3.127956,-0.4795432,-0.472784,-24.1998,1.059544,-0.7436199,-0.8679794,-0.03264298,-0.4955269,-3.163862,-0.1916349,-0.3337383,-24.24783,1.057461,-0.6091442,-0.9842204,-0.1669402,0.05866653,-3.206062,-0.5017877,-0.1532078,0.1661189
1731426986820,-24.07874,1.409747,-0.6656761,-0.9944373,0.09483292,-0.04584503,0,0,0,-24.1998,1.059544,-0.7436199,-0.8679794,-0.03264298,-0.4955269,0,0,0,-24.24783,1.057461,-0.6091442,-0.9842204,-0.1669402,0.05866653,0,0,0,0.1661189
1731426986842,-24.12107,1.406835,-0.6725616,-0.9941373,0.09690801,-0.04795861,-3.174734,-0.2184212,-0.5164146,-24.24459,1.06034,-0.7479324,-0.8770805,-0.007067725,-0.4802917,-3.359699,0.05975962,-0.3234386,-24.29053,1.056581,-0.611618,-0.9850411,-0.1613617,0.06047386,-3.201914,-0.0660181,-0.1855373,0.1661189
1731426986848,-24.12107,1.406835,-0.6725616,-0.9941373,0.09690801,-0.04795861,0,0,0,-24.24459,1.06034,-0.7479324,-0.8770805,-0.007067725,-0.4802917,0,0,0,-24.29053,1.056581,-0.611618,-0.9850411,-0.1613617,0.06047386,0,0,0,0.1661189
1731426986854,-24.12107,1.406835,-0.6725616,-0.9941373,0.09690801,-0.04795861,0,0,0,-24.24459,1.06034,-0.7479324,-0.8770805,-0.007067725,-0.4802917,0,0,0,-24.29053,1.056581,-0.611618,-0.9850411,-0.1613617,0.06047386,0,0,0,0.1661189
1731426986881,-24.16331,1.405104,-0.6795559,-0.9928676,0.1106852,-0.04430866,-3.167868,-0.1298189,-0.5245686,-24.28851,1.061203,-0.7541695,-0.8804699,-0.0009965226,-0.4741018,-3.293753,0.06471276,-0.4677773,-24.33265,1.059841,-0.6147442,-0.9868308,-0.1499021,0.06078541,-3.159571,0.2444834,-0.2344608,0.1661189
1731426986887,-24.16331,1.405104,-0.6795559,-0.9928676,0.1106852,-0.04430866,0,0,0,-24.28851,1.061203,-0.7541695,-0.8804699,-0.0009965226,-0.4741018,0,0,0,-24.33265,1.059841,-0.6147442,-0.9868308,-0.1499021,0.06078541,0,0,0,0.1661189
1731426986908,-24.22654,1.413919,-0.6886425,-0.9945026,0.09842771,-0.03573418,-4.742146,0.6611019,-0.6814957,-24.3546,1.064697,-0.7604103,-0.890815,-0.009452973,-0.4542689,-4.956722,0.262025,-0.4680634,-24.39395,1.067387,-0.6174946,-0.9890302,-0.1285857,0.07269919,-4.597378,0.5659461,-0.2062798,0.1661189
1731426986913,-24.22654,1.413919,-0.6886425,-0.9945026,0.09842771,-0.03573418,0,0,0,-24.3546,1.064697,-0.7604103,-0.890815,-0.009452973,-0.4542689,0,0,0,-24.39395,1.067387,-0.6174946,-0.9890302,-0.1285857,0.07269919,0,0,0,0.1661189
1731426986937,-24.26991,1.424706,-0.6931896,-0.9938194,0.108107,-0.02521992,-3.252554,0.8090079,-0.3410339,-24.40263,1.069484,-0.762743,-0.8985465,-0.01910075,-0.438463,-3.602457,0.3590673,-0.1749516,-24.43633,1.075038,-0.619051,-0.985434,-0.1349748,0.1034511,-3.178453,0.5738765,-0.1167297,0.1661189
1731426986942,-24.26991,1.424706,-0.6931896,-0.9938194,0.108107,-0.02521992,0,0,0,-24.40263,1.069484,-0.762743,-0.8985465,-0.01910075,-0.438463,0,0,0,-24.43633,1.075038,-0.619051,-0.985434,-0.1349748,0.1034511,0,0,0,0.1661189
1731426986948,-24.26991,1.424706,-0.6931896,-0.9938194,0.108107,-0.02521992,0,0,0,-24.40263,1.069484,-0.762743,-0.8985465,-0.01910075,-0.438463,0,0,0,-24.43633,1.075038,-0.619051,-0.985434,-0.1349748,0.1034511,0,0,0,0.1661189
1731426986965,-24.31047,1.429049,-0.6965771,-0.992703,0.1188863,-0.02017617,-3.042555,0.3257543,-0.2540588,-24.44965,1.077404,-0.765213,-0.892656,-0.05521427,-0.4473444,-3.526211,0.5939305,-0.1852512,-24.47712,1.082635,-0.6199512,-0.9730884,-0.1871373,0.1344576,-3.059435,0.5697906,-0.06752014,0.1661189
1731426986970,-24.31047,1.429049,-0.6965771,-0.992703,0.1188863,-0.02017617,0,0,0,-24.44965,1.077404,-0.765213,-0.892656,-0.05521427,-0.4473444,0,0,0,-24.47712,1.082635,-0.6199512,-0.9730884,-0.1871373,0.1344576,0,0,0,0.1661189
1731426986993,-24.35113,1.434541,-0.6964722,-0.9955969,0.09208147,-0.01755583,-3.049278,0.41188,0.007867813,-24.4897,1.086733,-0.7666721,-0.896828,-0.05424596,-0.4390409,-3.003788,0.6997168,-0.1094341,-24.51225,1.090018,-0.6201286,-0.9696504,-0.212119,0.1215902,-2.634716,0.5537152,-0.01330376,0.1661189
1731426986998,-24.35113,1.434541,-0.6964722,-0.9955969,0.09208147,-0.01755583,0,0,0,-24.4897,1.086733,-0.7666721,-0.896828,-0.05424596,-0.4390409,0,0,0,-24.51225,1.090018,-0.6201286,-0.9696504,-0.212119,0.1215902,0,0,0,0.1661189
1731426987020,-24.39192,1.441749,-0.6982803,-0.9966952,0.07841166,-0.02123117,-3.059006,0.5406082,-0.1356125,-24.52821,1.096819,-0.763876,-0.9100415,0.02529125,-0.4137454,-2.887917,0.7564723,0.209713,-24.54602,1.09628,-0.6202488,-0.9766223,-0.1937294,0.09315759,-2.532291,0.4696459,-0.009012222,0.1661189
1731426987027,-24.39192,1.441749,-0.6982803,-0.9966952,0.07841166,-0.02123117,0,0,0,-24.52821,1.096819,-0.763876,-0.9100415,0.02529125,-0.4137454,0,0,0,-24.54602,1.09628,-0.6202488,-0.9766223,-0.1937294,0.09315759,0,0,0,0.1661189
1731426987049,-24.4319,1.446371,-0.6991043,-0.9970725,0.07081477,-0.02884531,-2.998781,0.3466308,-0.0617981,-24.56826,1.101854,-0.7635956,-0.9158103,0.06264436,-0.396696,-3.004217,0.3776193,0.02102852,-24.58107,1.099523,-0.6196461,-0.9774711,-0.1817691,0.107288,-2.628994,0.2432317,0.04520416,0.1661189
1731426987057,-24.4319,1.446371,-0.6991043,-0.9970725,0.07081477,-0.02884531,0,0,0,-24.56826,1.101854,-0.7635956,-0.9158103,0.06264436,-0.396696,0,0,0,-24.58107,1.099523,-0.6196461,-0.9774711,-0.1817691,0.107288,0,0,0,0.1661189
1731426987077,-24.4727,1.450604,-0.6978798,-0.9970858,0.06961175,-0.03121626,-3.059578,0.3175199,0.09183884,-24.60947,1.102966,-0.7650566,-0.9155418,0.03128682,-0.4010044,-3.09062,0.08334517,-0.1095772,-24.6172,1.101464,-0.6162052,-0.9741628,-0.1924793,0.1181485,-2.709961,0.1455635,0.2580643,0.1661189
1731426987085,-24.4727,1.450604,-0.6978798,-0.9970858,0.06961175,-0.03121626,0,0,0,-24.60947,1.102966,-0.7650566,-0.9155418,0.03128682,-0.4010044,0,0,0,-24.6172,1.101464,-0.6162052,-0.9741628,-0.1924793,0.1181485,0,0,0,0.1661189
1731426987104,-24.51323,1.453052,-0.6992531,-0.9967313,0.07371683,-0.03305781,-3.03998,0.1835704,-0.1029968,-24.64976,1.102548,-0.7679672,-0.9085791,-0.01645431,-0.4173896,-3.021526,-0.0313282,-0.2182961,-24.65448,1.100893,-0.6136265,-0.9678962,-0.2164473,0.1277803,-2.796078,-0.04287064,0.1934052,0.1661189
1731426987110,-24.51323,1.453052,-0.6992531,-0.9967313,0.07371683,-0.03305781,0,0,0,-24.64976,1.102548,-0.7679672,-0.9085791,-0.01645431,-0.4173896,0,0,0,-24.65448,1.100893,-0.6136265,-0.9678962,-0.2164473,0.1277803,0,0,0,0.1661189
1731426987115,-24.51323,1.453052,-0.6992531,-0.9967313,0.07371683,-0.03305781,0,0,0,-24.64976,1.102548,-0.7679672,-0.9085791,-0.01645431,-0.4173896,0,0,0,-24.65448,1.100893,-0.6136265,-0.9678962,-0.2164473,0.1277803,0,0,0,0.1661189
1731426987132,-24.55441,1.452465,-0.6998367,-0.9963092,0.07746744,-0.03697646,-3.08876,-0.04399717,-0.04377365,-24.68891,1.100227,-0.7700062,-0.8995225,-0.05045451,-0.433952,-2.936554,-0.1740664,-0.1529217,-24.69261,1.097728,-0.612669,-0.9630733,-0.2296814,0.1404877,-2.859735,-0.2373487,0.07181168,0.1661189
1731426987137,-24.55441,1.452465,-0.6998367,-0.9963092,0.07746744,-0.03697646,0,0,0,-24.68891,1.100227,-0.7700062,-0.8995225,-0.05045451,-0.433952,0,0,0,-24.69261,1.097728,-0.612669,-0.9630733,-0.2296814,0.1404877,0,0,0,0.1661189
1731426987159,-24.59484,1.449913,-0.7010994,-0.9963976,0.0752335,-0.03914177,-3.031826,-0.1914293,-0.09469986,-24.72556,1.098069,-0.7709293,-0.8947773,-0.05863487,-0.4426464,-2.749014,-0.1618534,-0.06923676,-24.72943,1.093626,-0.6124191,-0.9617525,-0.2291227,0.1501178,-2.761173,-0.3076494,0.0187397,0.1661189
1731426987187,-24.63623,1.444988,-0.7021065,-0.9966056,0.07243194,-0.039132,-3.104782,-0.3693223,-0.07553101,-24.76283,1.094297,-0.7710819,-0.9028917,-0.05142855,-0.4267812,-2.794933,-0.2828926,-0.01144409,-24.77012,1.085046,-0.6123161,-0.961153,-0.2231617,0.1624315,-3.05171,-0.6434709,0.007724762,0.1661189
1731426987192,-24.63623,1.444988,-0.7021065,-0.9966056,0.07243194,-0.039132,0,0,0,-24.76283,1.094297,-0.7710819,-0.9028917,-0.05142855,-0.4267812,0,0,0,-24.77012,1.085046,-0.6123161,-0.961153,-0.2231617,0.1624315,0,0,0,0.1661189
1731426987216,-24.67781,1.43668,-0.7029591,-0.9970196,0.06732326,-0.03768265,-3.118086,-0.6231308,-0.06394386,-24.80272,1.088643,-0.7613583,-0.9040173,-0.0365354,-0.4259328,-2.991486,-0.4240662,0.7292747,-24.81537,1.073076,-0.6042385,-0.95666,-0.2343162,0.1729104,-3.394175,-0.8977979,0.6058216,0.1661189
1731426987222,-24.67781,1.43668,-0.7029591,-0.9970196,0.06732326,-0.03768265,0,0,0,-24.80272,1.088643,-0.7613583,-0.9040173,-0.0365354,-0.4259328,0,0,0,-24.81537,1.073076,-0.6042385,-0.95666,-0.2343162,0.1729104,0,0,0,0.1661189
1731426987245,-24.71936,1.426885,-0.7037907,-0.9974772,0.06050219,-0.03713405,-3.116083,-0.7346034,-0.0623703,-24.84235,1.081811,-0.761898,-0.9069347,-0.03176228,-0.4200724,-2.972746,-0.5123734,-0.04048347,-24.85983,1.060274,-0.6060505,-0.9532064,-0.2513008,0.1680651,-3.333807,-0.9601146,-0.1358986,0.1661189
1731426987250,-24.71936,1.426885,-0.7037907,-0.9974772,0.06050219,-0.03713405,0,0,0,-24.84235,1.081811,-0.761898,-0.9069347,-0.03176228,-0.4200724,0,0,0,-24.85983,1.060274,-0.6060505,-0.9532064,-0.2513008,0.1680651,0,0,0,0.1661189
1731426987256,-24.71936,1.426885,-0.7037907,-0.9974772,0.06050219,-0.03713405,0,0,0,-24.84235,1.081811,-0.761898,-0.9069347,-0.03176228,-0.4200724,0,0,0,-24.85983,1.060274,-0.6060505,-0.9532064,-0.2513008,0.1680651,0,0,0,0.1661189
1731426987272,-24.76152,1.415771,-0.7043972,-0.9974788,0.05975695,-0.03828561,-3.162003,-0.8336127,-0.04549026,-24.88363,1.073493,-0.7616367,-0.9086761,-0.01554357,-0.4172126,-3.095484,-0.6238639,0.01959801,-24.90338,1.049975,-0.6068516,-0.9561422,-0.2348504,0.1750367,-3.266859,-0.7724583,-0.06008148,0.1661189
1731426987278,-24.76152,1.415771,-0.7043972,-0.9974788,0.05975695,-0.03828561,0,0,0,-24.88363,1.073493,-0.7616367,-0.9086761,-0.01554357,-0.4172126,0,0,0,-24.90338,1.049975,-0.6068516,-0.9561422,-0.2348504,0.1750367,0,0,0,0.1661189
1731426987300,-24.80304,1.405951,-0.7045288,-0.9970608,0.06549269,-0.0397625,-3.113937,-0.7364988,-0.009870529,-24.92431,1.065379,-0.7605972,-0.9127913,0.002924962,-0.4084166,-3.051281,-0.6085753,0.07796288,-24.94634,1.041836,-0.6082993,-0.9631925,-0.2017325,0.1776648,-3.221941,-0.6103814,-0.1085758,0.1661189
1731426987307,-24.80304,1.405951,-0.7045288,-0.9970608,0.06549269,-0.0397625,0,0,0,-24.92431,1.065379,-0.7605972,-0.9127913,0.002924962,-0.4084166,0,0,0,-24.94634,1.041836,-0.6082993,-0.9631925,-0.2017325,0.1776648,0,0,0,0.1661189
1731426987327,-24.8467,1.401051,-0.704052,-0.9952382,0.08643547,-0.04505718,-3.27487,-0.3674626,0.03576279,-24.96838,1.060315,-0.7589569,-0.9141794,0.0282193,-0.4043269,-3.305054,-0.3798008,0.123024,-24.99211,1.039091,-0.6093655,-0.9722435,-0.1643519,0.1665272,-3.432369,-0.2059042,-0.07996559,0.1699054
1731426987334,-24.8467,1.401051,-0.704052,-0.9952382,0.08643547,-0.04505718,0,0,0,-24.96838,1.060315,-0.7589569,-0.9141794,0.0282193,-0.4043269,0,0,0,-24.99211,1.039091,-0.6093655,-0.9722435,-0.1643519,0.1665272,0,0,0,0.1699054
1731426987355,-24.88864,1.401181,-0.7035236,-0.994917,0.08909173,-0.04693699,-3.145266,0.009718537,0.03962517,-25.01277,1.062653,-0.7607918,-0.9134712,0.03244684,-0.4056078,-3.329229,0.1753986,-0.1376152,-25.03781,1.044061,-0.6104736,-0.9755947,-0.1427764,0.1668239,-3.427362,0.3727913,-0.08311272,0.1787653
1731426987361,-24.88864,1.401181,-0.7035236,-0.994917,0.08909173,-0.04693699,0,0,0,-25.01277,1.062653,-0.7607918,-0.9134712,0.03244684,-0.4056078,0,0,0,-25.03781,1.044061,-0.6104736,-0.9755947,-0.1427764,0.1668239,0,0,0,0.1787653
1731426987383,-24.93273,1.402359,-0.7018661,-0.994754,0.09072564,-0.04726017,-3.307199,0.08834302,0.1243114,-25.05903,1.063894,-0.7622452,-0.9134169,0.02164587,-0.4064498,-3.469419,0.09303689,-0.109005,-25.08533,1.049548,-0.611166,-0.9790231,-0.1245895,0.1612188,-3.563976,0.4114956,-0.05192757,0.1836565
1731426987389,-24.93273,1.402359,-0.7018661,-0.994754,0.09072564,-0.04726017,0,0,0,-25.05903,1.063894,-0.7622452,-0.9134169,0.02164587,-0.4064498,0,0,0,-25.08533,1.049548,-0.611166,-0.9790231,-0.1245895,0.1612188,0,0,0,0.1836565
1731426987411,-24.97661,1.406005,-0.6998882,-0.9968116,0.06683145,-0.04359424,-3.290462,0.273478,0.148344,-25.10416,1.064688,-0.7626953,-0.9084941,0.01651372,-0.4175713,-3.384733,0.05954504,-0.03376007,-25.1318,1.053769,-0.6121998,-0.9832106,-0.1138033,0.1426401,-3.485584,0.3165632,-0.07753372,0.1856725
1731426987417,-24.97661,1.406005,-0.6998882,-0.9968116,0.06683145,-0.04359424,0,0,0,-25.10416,1.064688,-0.7626953,-0.9084941,0.01651372,-0.4175713,0,0,0,-25.1318,1.053769,-0.6121998,-0.9832106,-0.1138033,0.1426401,0,0,0,0.1856725
1731426987439,-25.02019,1.412534,-0.7000217,-0.9957263,0.07786741,-0.04965901,-3.269005,0.4897088,-0.01001358,-25.15089,1.067822,-0.7640953,-0.8939422,0.008545585,-0.4481016,-3.505039,0.2350688,-0.1049995,-25.18107,1.058869,-0.6145802,-0.9844884,-0.1300464,0.1177732,-3.695297,0.382483,-0.1785278,0.1856725
1731426987445,-25.02019,1.412534,-0.7000217,-0.9957263,0.07786741,-0.04965901,0,0,0,-25.15089,1.067822,-0.7640953,-0.8939422,0.008545585,-0.4481016,0,0,0,-25.18107,1.058869,-0.6145802,-0.9844884,-0.1300464,0.1177732,0,0,0,0.1856725
1731426987467,-25.06557,1.418398,-0.6997643,-0.9924504,0.1068667,-0.06018758,-3.403616,0.4397839,0.0193119,-25.19543,1.073684,-0.7632313,-0.8848556,-0.02378447,-0.4652587,-3.340101,0.4396766,0.06480217,-25.22909,1.066683,-0.6143284,-0.983295,-0.1489698,0.1045921,-3.601313,0.5860806,0.01888275,0.1856725
1731426987473,-25.06557,1.418398,-0.6997643,-0.9924504,0.1068667,-0.06018758,0,0,0,-25.19543,1.073684,-0.7632313,-0.8848556,-0.02378447,-0.4652587,0,0,0,-25.22909,1.066683,-0.6143284,-0.983295,-0.1489698,0.1045921,0,0,0,0.1856725
1731426987495,-25.10857,1.422627,-0.7005615,-0.9922471,0.1100242,-0.05779898,-3.224659,0.3171444,-0.05979538,-25.23536,1.083556,-0.7628002,-0.883892,-0.02635485,-0.4669486,-2.995062,0.7403523,0.03232956,-25.27344,1.076942,-0.6148643,-0.9881173,-0.1260979,0.08788562,-3.326511,0.7694364,-0.04019737,0.1856725
1731426987501,-25.10857,1.422627,-0.7005615,-0.9922471,0.1100242,-0.05779898,0,0,0,-25.23536,1.083556,-0.7628002,-0.883892,-0.02635485,-0.4669486,0,0,0,-25.27344,1.076942,-0.6148643,-0.9881173,-0.1260979,0.08788562,0,0,0,0.1856725
1731426987523,-25.15182,1.431298,-0.6980381,-0.9957625,0.07156958,-0.05774999,-3.243685,0.6503731,0.1892567,-25.27429,1.091725,-0.7622814,-0.8926182,0.01522037,-0.4505569,-2.920103,0.6127238,0.03890991,-25.31722,1.08505,-0.6194153,-0.9933639,-0.09769879,0.06069213,-3.283596,0.6081104,-0.34132,0.1856725
1731426987528,-25.15182,1.431298,-0.6980381,-0.9957625,0.07156958,-0.05774999,0,0,0,-25.27429,1.091725,-0.7622814,-0.8926182,0.01522037,-0.4505569,0,0,0,-25.31722,1.08505,-0.6194153,-0.9933639,-0.09769879,0.06069213,0,0,0,0.1856725
1731426987533,-25.15182,1.431298,-0.6980381,-0.9957625,0.07156958,-0.05774999,0,0,0,-25.27429,1.091725,-0.7622814,-0.8926182,0.01522037,-0.4505569,0,0,0,-25.31722,1.08505,-0.6194153,-0.9933639,-0.09769879,0.06069213,0,0,0,0.1856725
1731426987550,-25.19498,1.441604,-0.6979065,-0.9959929,0.06707817,-0.05915344,-3.237247,0.7728875,0.009870529,-25.31585,1.096961,-0.7627678,-0.8987169,0.0098587,-0.4384192,-3.116655,0.3926575,-0.03647804,-25.36204,1.091872,-0.6234207,-0.9919944,-0.1102526,0.06157827,-3.360987,0.5116403,-0.3004074,0.1856725
1731426987556,-25.19498,1.441604,-0.6979065,-0.9959929,0.06707817,-0.05915344,0,0,0,-25.31585,1.096961,-0.7627678,-0.8987169,0.0098587,-0.4384192,0,0,0,-25.36204,1.091872,-0.6234207,-0.9919944,-0.1102526,0.06157827,0,0,0,0.1856725
1731426987578,-25.23734,1.450723,-0.6988964,-0.9960453,0.06613652,-0.05933166,-3.177023,0.6839544,-0.07424355,-25.35469,1.101359,-0.7658005,-0.8935838,-0.03648835,-0.4474114,-2.912951,0.3298581,-0.2274513,-25.40287,1.099198,-0.6255932,-0.9872283,-0.1404076,0.07527596,-3.062439,0.5494237,-0.1629353,0.1856725
1731426987583,-25.23734,1.450723,-0.6988964,-0.9960453,0.06613652,-0.05933166,0,0,0,-25.35469,1.101359,-0.7658005,-0.8935838,-0.03648835,-0.4474114,0,0,0,-25.40287,1.099198,-0.6255932,-0.9872283,-0.1404076,0.07527596,0,0,0,0.1856725
1731426987605,-25.27979,1.457421,-0.6992416,-0.9956723,0.07188578,-0.05890465,-3.183889,0.502342,-0.02589226,-25.39205,1.106483,-0.7648335,-0.8826223,-0.0703292,-0.4647923,-2.802229,0.3843427,0.07252693,-25.44215,1.106061,-0.6236267,-0.9831628,-0.170752,0.06507808,-2.945995,0.5147338,0.1474857,0.1856725
1731426987611,-25.27979,1.457421,-0.6992416,-0.9956723,0.07188578,-0.05890465,0,0,0,-25.39205,1.106483,-0.7648335,-0.8826223,-0.0703292,-0.4647923,0,0,0,-25.44215,1.106061,-0.6236267,-0.9831628,-0.170752,0.06507808,0,0,0,0.1856725
1731426987634,-25.32115,1.459532,-0.7014484,-0.9947825,0.0833424,-0.05884039,-3.101778,0.1583129,-0.1655102,-25.43141,1.109147,-0.7637062,-0.8834818,-0.05453879,-0.4652805,-2.951574,0.1997709,0.08454323,-25.48094,1.110173,-0.6235657,-0.9823707,-0.183063,0.03789675,-2.909517,0.3084362,0.004577637,0.1856725
1731426987639,-25.32115,1.459532,-0.7014484,-0.9947825,0.0833424,-0.05884039,0,0,0,-25.43141,1.109147,-0.7637062,-0.8834818,-0.05453879,-0.4652805,0,0,0,-25.48094,1.110173,-0.6235657,-0.9823707,-0.183063,0.03789675,0,0,0,0.1856725
1731426987661,-25.36259,1.457523,-0.704464,-0.9949356,0.0815064,-0.05882156,-3.107929,-0.1506597,-0.2261639,-25.47232,1.107422,-0.7639103,-0.8843704,-0.04866808,-0.4642423,-3.06859,-0.1293898,-0.01530647,-25.51819,1.111458,-0.6264877,-0.9848003,-0.1726975,0.01855451,-2.793646,0.09636283,-0.2191544,0.1856725
1731426987667,-25.36259,1.457523,-0.704464,-0.9949356,0.0815064,-0.05882156,0,0,0,-25.47232,1.107422,-0.7639103,-0.8843704,-0.04866808,-0.4642423,0,0,0,-25.51819,1.111458,-0.6264877,-0.9848003,-0.1726975,0.01855451,0,0,0,0.1856725
1731426987689,-25.40316,1.452905,-0.7066669,-0.9953082,0.07698704,-0.05861115,-3.042412,-0.3463358,-0.1652241,-25.51398,1.102952,-0.7648201,-0.8831809,-0.0563237,-0.4656385,-3.12438,-0.3352761,-0.0682354,-25.55612,1.108233,-0.629715,-0.9876581,-0.15662,0.001374662,-2.845001,-0.2419174,-0.2420425,0.1856725
1731426987695,-25.40316,1.452905,-0.7066669,-0.9953082,0.07698704,-0.05861115,0,0,0,-25.51398,1.102952,-0.7648201,-0.8831809,-0.0563237,-0.4656385,0,0,0,-25.55612,1.108233,-0.629715,-0.9876581,-0.15662,0.001374662,0,0,0,0.1856725
1731426987718,-25.44476,1.446596,-0.7094288,-0.995062,0.07946567,-0.05947185,-3.119946,-0.4731685,-0.2071381,-25.55714,1.09648,-0.7655525,-0.8793926,-0.04787724,-0.4736848,-3.237247,-0.4853904,-0.05493164,-25.59801,1.099206,-0.6319332,-0.9867861,-0.1619602,-0.004726887,-3.141832,-0.6769896,-0.1663685,0.1856725
1731426987723,-25.44476,1.446596,-0.7094288,-0.995062,0.07946567,-0.05947185,0,0,0,-25.55714,1.09648,-0.7655525,-0.8793926,-0.04787724,-0.4736848,0,0,0,-25.59801,1.099206,-0.6319332,-0.9867861,-0.1619602,-0.004726887,0,0,0,0.1856725
1731426987746,-25.48665,1.438034,-0.712719,-0.9949555,0.08066241,-0.05964434,-3.142262,-0.6421655,-0.2467632,-25.60083,1.087214,-0.7667923,-0.8734374,-0.03697752,-0.4855313,-3.2763,-0.6949246,-0.09298325,-25.64129,1.088743,-0.6355896,-0.9846516,-0.1742696,0.009584486,-3.245544,-0.7847071,-0.274229,0.1856725
1731426987751,-25.48665,1.438034,-0.712719,-0.9949555,0.08066241,-0.05964434,0,0,0,-25.60083,1.087214,-0.7667923,-0.8734374,-0.03697752,-0.4855313,0,0,0,-25.64129,1.088743,-0.6355896,-0.9846516,-0.1742696,0.009584486,0,0,0,0.1856725
1731426987774,-25.52814,1.428356,-0.7162704,-0.9949397,0.08147533,-0.05879664,-3.111362,-0.7258326,-0.2663612,-25.64491,1.077563,-0.7675667,-0.8723038,-0.04208486,-0.4871504,-3.306198,-0.7238209,-0.05807877,-25.68471,1.078222,-0.6396866,-0.98641,-0.1636339,0.01480722,-3.256845,-0.7891417,-0.3072739,0.1856725
1731426987779,-25.52814,1.428356,-0.7162704,-0.9949397,0.08147533,-0.05879664,0,0,0,-25.64491,1.077563,-0.7675667,-0.8723038,-0.04208486,-0.4871504,0,0,0,-25.68471,1.078222,-0.6396866,-0.98641,-0.1636339,0.01480722,0,0,0,0.1856725
1731426987801,-25.57109,1.4192,-0.7210579,-0.9947388,0.08402684,-0.05860436,-3.221512,-0.686717,-0.3590584,-25.68832,1.068816,-0.7690048,-0.8759735,-0.03460248,-0.4811174,-3.255844,-0.6560504,-0.1078606,-25.72915,1.069262,-0.6440811,-0.9907707,-0.1350496,0.01164126,-3.332663,-0.6719649,-0.3295898,0.1856725
1731426987807,-25.57109,1.4192,-0.7210579,-0.9947388,0.08402684,-0.05860436,0,0,0,-25.68832,1.068816,-0.7690048,-0.8759735,-0.03460248,-0.4811174,0,0,0,-25.72915,1.069262,-0.6440811,-0.9907707,-0.1350496,0.01164126,0,0,0,0.1856725
1731426987829,-25.61287,1.410565,-0.7255592,-0.9954021,0.07766178,-0.05606973,-3.133678,-0.6476015,-0.3376007,-25.73271,1.060384,-0.7706757,-0.8767417,-0.02280599,-0.4804213,-3.329086,-0.6323665,-0.1253128,-25.7751,1.063208,-0.6470757,-0.9911491,-0.1306917,0.02330947,-3.446674,-0.4540443,-0.2245903,0.1856725
1731426987835,-25.61287,1.410565,-0.7255592,-0.9954021,0.07766178,-0.05606973,0,0,0,-25.73271,1.060384,-0.7706757,-0.8767417,-0.02280599,-0.4804213,0,0,0,-25.7751,1.063208,-0.6470757,-0.9911491,-0.1306917,0.02330947,0,0,0,0.1856725
1731426987841,-25.61287,1.410565,-0.7255592,-0.9954021,0.07766178,-0.05606973,0,0,0,-25.73271,1.060384,-0.7706757,-0.8767417,-0.02280599,-0.4804213,0,0,0,-25.7751,1.063208,-0.6470757,-0.9911491,-0.1306917,0.02330947,0,0,0,0.1856725
1731426987857,-25.65638,1.405952,-0.7317867,-0.9959456,0.07494452,-0.04976165,-3.262711,-0.345996,-0.467062,-25.77472,1.054828,-0.7912483,-0.8831992,0.003596755,-0.4689851,-3.151274,-0.4166812,-1.54295,-25.81862,1.063193,-0.6690655,-0.9919953,-0.1199472,0.03947777,-3.263998,-0.001126528,-1.649237,0.1856725
1731426987862,-25.65638,1.405952,-0.7317867,-0.9959456,0.07494452,-0.04976165,0,0,0,-25.77472,1.054828,-0.7912483,-0.8831992,0.003596755,-0.4689851,0,0,0,-25.81862,1.063193,-0.6690655,-0.9919953,-0.1199472,0.03947777,0,0,0,0.1856725
1731426987884,-25.6996,1.404294,-0.7376308,-0.9946524,0.09399556,-0.04280102,-3.242111,-0.1243651,-0.4383087,-25.81912,1.050632,-0.7941761,-0.8908325,-0.000538826,-0.454332,-3.329515,-0.3147662,-0.2195835,-25.8622,1.065146,-0.6739063,-0.993938,-0.1002836,0.04506707,-3.26829,0.1464486,-0.3630638,0.1856725
1731426987890,-25.6996,1.404294,-0.7376308,-0.9946524,0.09399556,-0.04280102,0,0,0,-25.81912,1.050632,-0.7941761,-0.8908325,-0.000538826,-0.454332,0,0,0,-25.8622,1.065146,-0.6739063,-0.993938,-0.1002836,0.04506707,0,0,0,0.1856725
1731426987910,-25.74079,1.405357,-0.7434978,-0.9943416,0.09939601,-0.03749216,-3.089046,0.07975101,-0.4400253,-25.86407,1.050827,-0.7959118,-0.8969151,-0.007579133,-0.4421383,-3.371143,0.01468062,-0.1301765,-25.90672,1.072192,-0.6757298,-0.9957809,-0.08190305,0.04138744,-3.338814,0.5284667,-0.1367569,0.1856725
1731426987916,-25.74079,1.405357,-0.7434978,-0.9943416,0.09939601,-0.03749216,0,0,0,-25.86407,1.050827,-0.7959118,-0.8969151,-0.007579133,-0.4421383,0,0,0,-25.90672,1.072192,-0.6757298,-0.9957809,-0.08190305,0.04138744,0,0,0,0.1856725
1731426987938,-25.78362,1.41491,-0.7523079,-0.9947193,0.09864572,-0.02834392,-3.211784,0.7164896,-0.6607533,-25.90453,1.054129,-0.8045025,-0.9091222,-0.0003332123,-0.4165294,-3.034973,0.2476394,-0.6443024,-25.9497,1.079723,-0.67906,-0.9965575,-0.07148876,0.04198599,-3.223372,0.5648285,-0.2497673,0.1856725
1731426987942,-25.78362,1.41491,-0.7523079,-0.9947193,0.09864572,-0.02834392,0,0,0,-25.90453,1.054129,-0.8045025,-0.9091222,-0.0003332123,-0.4165294,0,0,0,-25.9497,1.079723,-0.67906,-0.9965575,-0.07148876,0.04198599,0,0,0,0.1856725
1731426987967,-25.82676,1.42528,-0.7571239,-0.9920475,0.1251271,-0.01361835,-3.235531,0.7777065,-0.3612041,-25.95103,1.062656,-0.8077793,-0.909875,-0.004921913,-0.4148538,-3.487444,0.639528,-0.2457619,-25.99427,1.090135,-0.6795044,-0.9947352,-0.063835,0.08017075,-3.342962,0.7808983,-0.03333092,0.1856725
1731426987973,-25.82676,1.42528,-0.7571239,-0.9920475,0.1251271,-0.01361835,0,0,0,-25.95103,1.062656,-0.8077793,-0.909875,-0.004921913,-0.4148538,0,0,0,-25.99427,1.090135,-0.6795044,-0.9947352,-0.063835,0.08017075,0,0,0,0.1856725
1731426987994,-25.8679,1.429523,-0.7633438,-0.9915903,0.1285168,-0.01525497,-3.086042,0.3182441,-0.4664898,-25.8857,1.057529,-0.8124809,-0.9017726,-0.03347743,-0.4309129,4.899645,-0.3845572,-0.3526211,-25.925,1.078148,-0.6864128,-0.9891999,-0.09388839,0.1125563,5.195332,-0.8990318,-0.5181313,0.1856725
1731426988000,-25.8679,1.429523,-0.7633438,-0.9915903,0.1285168,-0.01525497,0,0,0,-25.8857,1.057529,-0.8124809,-0.9017726,-0.03347743,-0.4309129,0,0,0,-25.925,1.078148,-0.6864128,-0.9891999,-0.09388839,0.1125563,0,0,0,0.1856725
1731426988022,-25.90828,1.43657,-0.766325,-0.9947425,0.1008852,-0.01760495,-3.02825,0.5284935,-0.2235889,-26.04191,1.089058,-0.8362427,-0.9087827,0.01342935,-0.4170543,-11.71546,2.364671,-1.782131,-26.06236,1.118085,-0.7128143,-0.9928329,-0.08303795,0.08595192,-10.3024,2.995259,-1.980114,0.1856725
1731426988028,-25.90828,1.43657,-0.766325,-0.9947425,0.1008852,-0.01760495,0,0,0,-26.04191,1.089058,-0.8362427,-0.9087827,0.01342935,-0.4170543,0,0,0,-26.06236,1.118085,-0.7128143,-0.9928329,-0.08303795,0.08595192,0,0,0,0.1856725
1731426988050,-25.9493,1.444865,-0.769558,-0.9955451,0.09150995,-0.02272487,-3.076887,0.6221294,-0.2424717,-26.08082,1.096756,-0.8356533,-0.9172338,0.08463578,-0.3892553,-2.91853,0.5774081,0.0442028,-26.09714,1.122934,-0.7127895,-0.9966044,-0.05899961,0.05743688,-2.608395,0.3636897,0.001859665,0.1856725
1731426988055,-25.9493,1.444865,-0.769558,-0.9955451,0.09150995,-0.02272487,0,0,0,-26.08082,1.096756,-0.8356533,-0.9172338,0.08463578,-0.3892553,0,0,0,-26.09714,1.122934,-0.7127895,-0.9966044,-0.05899961,0.05743688,0,0,0,0.1856725
1731426988078,-25.98945,1.450473,-0.7729034,-0.9955221,0.08953395,-0.03032708,-3.010798,0.4206508,-0.2509117,-26.11584,1.104831,-0.8317623,-0.9181824,0.09689869,-0.3841254,-2.62599,0.6055802,0.2918243,-26.13214,1.119417,-0.6949692,-0.9942051,-0.074026,0.07795292,-2.624702,-0.2637774,1.336527,0.1856725
1731426988084,-25.98945,1.450473,-0.7729034,-0.9955221,0.08953395,-0.03032708,0,0,0,-26.11584,1.104831,-0.8317623,-0.9181824,0.09689869,-0.3841254,0,0,0,-26.13214,1.119417,-0.6949692,-0.9942051,-0.074026,0.07795292,0,0,0,0.1856725
1731426988106,-26.02892,1.455161,-0.7748909,-0.9957251,0.08591098,-0.03392982,-2.960014,0.3515482,-0.1490593,-26.15515,1.108289,-0.838089,-0.9146458,0.0431315,-0.4019498,-2.948713,0.2593428,-0.4745007,-26.16533,1.119164,-0.6938343,-0.9917522,-0.09834882,0.08218944,-2.489519,-0.0189811,0.08511543,0.1856725
1731426988111,-26.02892,1.455161,-0.7748909,-0.9957251,0.08591098,-0.03392982,0,0,0,-26.15515,1.108289,-0.838089,-0.9146458,0.0431315,-0.4019498,0,0,0,-26.16533,1.119164,-0.6938343,-0.9917522,-0.09834882,0.08218944,0,0,0,0.1856725
1731426988133,-26.06839,1.457419,-0.777998,-0.9954642,0.08850025,-0.03491676,-2.9603,0.1694083,-0.2330303,-26.19209,1.112163,-0.8405609,-0.9110803,0.04170958,-0.4101137,-2.769899,0.2905548,-0.1853943,-26.19865,1.116194,-0.6908417,-0.9882662,-0.1314496,0.0777902,-2.498674,-0.2226949,0.2244473,0.1856725
1731426988140,-26.06839,1.457419,-0.777998,-0.9954642,0.08850025,-0.03491676,0,0,0,-26.19209,1.112163,-0.8405609,-0.9110803,0.04170958,-0.4101137,0,0,0,-26.19865,1.116194,-0.6908417,-0.9882662,-0.1314496,0.0777902,0,0,0,0.1856725
1731426988161,-26.10801,1.457238,-0.7792683,-0.9951766,0.09140897,-0.03560948,-2.972031,-0.01357198,-0.09527206,-26.23123,1.115368,-0.8429241,-0.9149358,0.03179991,-0.4023447,-2.935696,0.2403706,-0.1772404,-26.23268,1.111278,-0.6887264,-0.9839388,-0.1537835,0.0906384,-2.552605,-0.3687143,0.1586437,0.1856725
1731426988166,-26.10801,1.457238,-0.7792683,-0.9951766,0.09140897,-0.03560948,0,0,0,-26.23123,1.115368,-0.8429241,-0.9149358,0.03179991,-0.4023447,0,0,0,-26.23268,1.111278,-0.6887264,-0.9839388,-0.1537835,0.0906384,0,0,0,0.1856725
1731426988171,-26.10801,1.457238,-0.7792683,-0.9951766,0.09140897,-0.03560948,0,0,0,-26.23123,1.115368,-0.8429241,-0.9149358,0.03179991,-0.4023447,0,0,0,-26.23268,1.111278,-0.6887264,-0.9839388,-0.1537835,0.0906384,0,0,0,0.1856725
1731426988189,-26.14869,1.453838,-0.7805824,-0.9953174,0.08973351,-0.03594065,-3.050709,-0.2550334,-0.09856224,-26.27025,1.112983,-0.8432178,-0.9199626,0.03738439,-0.3902204,-2.92654,-0.1788318,-0.02202988,-26.26969,1.103326,-0.6857929,-0.9783104,-0.1720456,0.1153664,-2.775192,-0.5964518,0.2200127,0.1856725
1731426988194,-26.14869,1.453838,-0.7805824,-0.9953174,0.08973351,-0.03594065,0,0,0,-26.27025,1.112983,-0.8432178,-0.9199626,0.03738439,-0.3902204,0,0,0,-26.26969,1.103326,-0.6857929,-0.9783104,-0.1720456,0.1153664,0,0,0,0.1856725
1731426988216,-26.18862,1.449184,-0.7814617,-0.995907,0.08380373,-0.0338608,-2.994776,-0.3490716,-0.06594658,-26.30853,1.109109,-0.8433342,-0.9237093,0.04127416,-0.3808657,-2.871037,-0.2905995,-0.00872612,-26.30621,1.094836,-0.6834145,-0.9715129,-0.1924082,0.1383554,-2.739143,-0.6366849,0.1783848,0.1856725
1731426988222,-26.18862,1.449184,-0.7814617,-0.995907,0.08380373,-0.0338608,0,0,0,-26.30853,1.109109,-0.8433342,-0.9237093,0.04127416,-0.3808657,0,0,0,-26.30621,1.094836,-0.6834145,-0.9715129,-0.1924082,0.1383554,0,0,0,0.1856725
1731426988243,-26.22891,1.442255,-0.7821274,-0.9962705,0.08078265,-0.03032768,-3.021955,-0.5196869,-0.04992485,-26.34844,1.102483,-0.842989,-0.9272279,0.04745973,-0.371479,-2.993059,-0.4969418,0.02589226,-26.34655,1.084379,-0.6829472,-0.966354,-0.2097507,0.148879,-3.025532,-0.7843047,0.03504753,0.1856725
1731426988249,-26.22891,1.442255,-0.7821274,-0.9962705,0.08078265,-0.03032768,0,0,0,-26.34844,1.102483,-0.842989,-0.9272279,0.04745973,-0.371479,0,0,0,-26.34655,1.084379,-0.6829472,-0.966354,-0.2097507,0.148879,0,0,0,0.1856725
1731426988271,-26.27007,1.4337,-0.7825584,-0.9960384,0.0845841,-0.02744532,-3.086901,-0.6415576,-0.03232956,-26.39122,1.095512,-0.8421993,-0.9230809,0.03521087,-0.3829911,-3.208494,-0.5228162,0.05922318,-26.38858,1.07428,-0.6816921,-0.9674188,-0.2132917,0.1364112,-3.152561,-0.7574469,0.09412766,0.1856725
1731426988276,-26.27007,1.4337,-0.7825584,-0.9960384,0.0845841,-0.02744532,0,0,0,-26.39122,1.095512,-0.8421993,-0.9230809,0.03521087,-0.3829911,0,0,0,-26.38858,1.07428,-0.6816921,-0.9674188,-0.2132917,0.1364112,0,0,0,0.1856725
1731426988299,-26.31066,1.424435,-0.7827587,-0.9953842,0.09251208,-0.02553654,-3.043985,-0.6949157,-0.01502037,-26.43454,1.087702,-0.8396645,-0.9169803,0.02201423,-0.3983253,-3.249121,-0.5857408,0.190115,-26.43168,1.06411,-0.6815891,-0.9696116,-0.2078235,0.1290849,-3.232527,-0.7627398,0.007724762,0.1856725
1731426988305,-26.31066,1.424435,-0.7827587,-0.9953842,0.09251208,-0.02553654,0,0,0,-26.43454,1.087702,-0.8396645,-0.9169803,0.02201423,-0.3983253,0,0,0,-26.43168,1.06411,-0.6815891,-0.9696116,-0.2078235,0.1290849,0,0,0,0.1856725
1731426988327,-26.3533,1.415228,-0.7829895,-0.994786,0.09580575,-0.03496289,-3.198195,-0.6904811,-0.01730919,-26.47709,1.079015,-0.8352718,-0.923106,0.03313436,-0.3831166,-3.191471,-0.6514907,0.3294468,-26.47768,1.054511,-0.6818733,-0.9718028,-0.1968459,0.1298125,-3.449535,-0.7199228,-0.02131462,0.1856725
1731426988333,-26.3533,1.415228,-0.7829895,-0.994786,0.09580575,-0.03496289,0,0,0,-26.47709,1.079015,-0.8352718,-0.923106,0.03313436,-0.3831166,0,0,0,-26.47768,1.054511,-0.6818733,-0.9718028,-0.1968459,0.1298125,0,0,0,0.1856725
1731426988355,-26.39531,1.406711,-0.7821178,-0.9936944,0.1023691,-0.04574299,-3.150702,-0.6388396,0.06537437,-26.51954,1.070506,-0.8313236,-0.9267129,0.03896137,-0.3737452,-3.183317,-0.6382048,0.2961159,-26.52355,1.047205,-0.6818275,-0.9765237,-0.1748157,0.1258629,-3.440523,-0.5479664,0.003433228,0.1856725
1731426988361,-26.39531,1.406711,-0.7821178,-0.9936944,0.1023691,-0.04574299,0,0,0,-26.51954,1.070506,-0.8313236,-0.9267129,0.03896137,-0.3737452,0,0,0,-26.52355,1.047205,-0.6818275,-0.9765237,-0.1748157,0.1258629,0,0,0,0.1856725
1731426988383,-26.43876,1.402076,-0.7818108,-0.9940602,0.09585135,-0.05155063,-3.259134,-0.3476143,0.02303123,-26.56214,1.065742,-0.8287373,-0.9232081,0.03415135,-0.3827807,-3.19562,-0.3572881,0.1939774,-26.57099,1.045008,-0.6817455,-0.9783268,-0.1628319,0.1279169,-3.557825,-0.164777,0.006151199,0.1877425
1731426988388,-26.43876,1.402076,-0.7818108,-0.9940602,0.09585135,-0.05155063,0,0,0,-26.56214,1.065742,-0.8287373,-0.9232081,0.03415135,-0.3827807,0,0,0,-26.57099,1.045008,-0.6817455,-0.9783268,-0.1628319,0.1279169,0,0,0,0.1877425
1731426988410,-26.48232,1.401136,-0.7814293,-0.9935005,0.09853829,-0.05698526,-3.266287,-0.07045269,0.02861023,-26.6046,1.063897,-0.8269501,-0.9192154,0.02289775,-0.3930899,-3.184319,-0.138393,0.1340389,-26.61796,1.046871,-0.6819515,-0.9782933,-0.1654673,0.1247525,-3.522921,0.1397789,-0.01544952,0.1914504
1731426988416,-26.48232,1.401136,-0.7814293,-0.9935005,0.09853829,-0.05698526,0,0,0,-26.6046,1.063897,-0.8269501,-0.9192154,0.02289775,-0.3930899,0,0,0,-26.61796,1.046871,-0.6819515,-0.9782933,-0.1654673,0.1247525,0,0,0,0.1914504
1731426988439,-26.52503,1.404203,-0.7800293,-0.9943987,0.08527608,-0.06244719,-3.203773,0.2299726,0.1049995,-26.65017,1.060199,-0.8248501,-0.9125631,0.00387606,-0.4089177,-3.417635,-0.2773672,0.1574993,-26.66684,1.048445,-0.6833649,-0.9799088,-0.1652042,0.1117449,-3.665686,0.1179904,-0.1060009,0.1914504
1731426988445,-26.52503,1.404203,-0.7800293,-0.9943987,0.08527608,-0.06244719,0,0,0,-26.65017,1.060199,-0.8248501,-0.9125631,0.00387606,-0.4089177,0,0,0,-26.66684,1.048445,-0.6833649,-0.9799088,-0.1652042,0.1117449,0,0,0,0.1914504
1731426988466,-26.56837,1.410626,-0.7792797,-0.9938757,0.08786482,-0.06701517,-3.250694,0.4817426,0.0562191,-26.69443,1.06076,-0.8273621,-0.8963494,-0.02397229,-0.4427004,-3.319645,0.04208386,-0.1883984,-26.71507,1.051914,-0.688303,-0.9791601,-0.1740543,0.1046461,-3.61762,0.2602011,-0.3703594,0.1914504
1731426988471,-26.56837,1.410626,-0.7792797,-0.9938757,0.08786482,-0.06701517,0,0,0,-26.69443,1.06076,-0.8273621,-0.8963494,-0.02397229,-0.4427004,0,0,0,-26.71507,1.051914,-0.688303,-0.9791601,-0.1740543,0.1046461,0,0,0,0.1914504
1731426988476,-26.56837,1.410626,-0.7792797,-0.9938757,0.08786482,-0.06701517,0,0,0,-26.69443,1.06076,-0.8273621,-0.8963494,-0.02397229,-0.4427004,0,0,0,-26.71507,1.051914,-0.688303,-0.9791601,-0.1740543,0.1046461,0,0,0,0.1914504
1731426988493,-26.61027,1.414454,-0.7780342,-0.9922193,0.1060326,-0.06525493,-3.142262,0.2871037,0.0934124,-26.73794,1.065665,-0.8321896,-0.8749967,-0.06614735,-0.4795896,-3.262854,0.367865,-0.3620625,-26.76084,1.059647,-0.6922989,-0.9755926,-0.1908939,0.108532,-3.432941,0.5800009,-0.2996922,0.1914504
1731426988499,-26.61027,1.414454,-0.7780342,-0.9922193,0.1060326,-0.06525493,0,0,0,-26.73794,1.065665,-0.8321896,-0.8749967,-0.06614735,-0.4795896,0,0,0,-26.76084,1.059647,-0.6922989,-0.9755926,-0.1908939,0.108532,0,0,0,0.1914504
1731426988521,-26.65211,1.419059,-0.7793522,-0.9938056,0.0975502,-0.05324423,-3.13797,0.3453791,-0.09884834,-26.77774,1.072149,-0.8352566,-0.8644499,-0.06465269,-0.4985448,-2.985191,0.4862934,-0.2300262,-26.80254,1.068831,-0.6957607,-0.9836095,-0.1601213,0.08290923,-3.127098,0.6888092,-0.2596378,0.1914504
1731426988548,-26.69313,1.427025,-0.780077,-0.9967437,0.0681003,-0.04318154,-3.076744,0.5974531,-0.05435944,-26.8142,1.080299,-0.8386459,-0.865327,-0.02259635,-0.5006984,-2.734709,0.6112844,-0.2542019,-26.84238,1.07692,-0.7005119,-0.990711,-0.1229763,0.05804032,-2.988338,0.606662,-0.3563404,0.1914504
1731426988554,-26.69313,1.427025,-0.780077,-0.9967437,0.0681003,-0.04318154,0,0,0,-26.8142,1.080299,-0.8386459,-0.865327,-0.02259635,-0.5006984,0,0,0,-26.84238,1.07692,-0.7005119,-0.990711,-0.1229763,0.05804032,0,0,0,0.1914504
1731426988577,-26.73427,1.437716,-0.7822838,-0.9970829,0.06552186,-0.03915787,-3.085041,0.8018553,-0.1655102,-26.8546,1.087637,-0.8420315,-0.869196,-0.006548904,-0.4944245,-3.029537,0.5503446,-0.2539158,-26.88477,1.086452,-0.7030964,-0.9894993,-0.1212016,0.07875127,-3.179169,0.714916,-0.1938343,0.1914504
1731426988583,-26.73427,1.437716,-0.7822838,-0.9970829,0.06552186,-0.03915787,0,0,0,-26.8546,1.087637,-0.8420315,-0.869196,-0.006548904,-0.4944245,0,0,0,-26.88477,1.086452,-0.7030964,-0.9894993,-0.1212016,0.07875127,0,0,0,0.1914504
1731426988589,-26.73427,1.437716,-0.7822838,-0.9970829,0.06552186,-0.03915787,0,0,0,-26.8546,1.087637,-0.8420315,-0.869196,-0.006548904,-0.4944245,0,0,0,-26.88477,1.086452,-0.7030964,-0.9894993,-0.1212016,0.07875127,0,0,0,0.1914504
1731426988605,-26.77426,1.446258,-0.7865486,-0.9972125,0.06357034,-0.03906953,-2.999067,0.6406009,-0.3198624,-26.89191,1.095032,-0.8528633,-0.8603126,-0.0617184,-0.506017,-2.798367,0.554654,-0.8123875,-26.92477,1.097511,-0.707695,-0.9832284,-0.1469575,0.108007,-2.999783,0.8294106,-0.3448963,0.1914504
1731426988611,-26.77426,1.446258,-0.7865486,-0.9972125,0.06357034,-0.03906953,0,0,0,-26.89191,1.095032,-0.8528633,-0.8603126,-0.0617184,-0.506017,0,0,0,-26.92477,1.097511,-0.707695,-0.9832284,-0.1469575,0.108007,0,0,0,0.1914504
1731426988633,-26.81315,1.453715,-0.7870655,-0.9967712,0.06943963,-0.0403198,-2.916956,0.5593121,-0.03876686,-26.92727,1.101719,-0.857729,-0.851519,-0.07274048,-0.5192537,-2.652025,0.5014658,-0.3649235,-26.96319,1.106669,-0.7101574,-0.9816272,-0.1624414,0.1001073,-2.881908,0.6868154,-0.184679,0.1914504
1731426988639,-26.81315,1.453715,-0.7870655,-0.9967712,0.06943963,-0.0403198,0,0,0,-26.92727,1.101719,-0.857729,-0.851519,-0.07274048,-0.5192537,0,0,0,-26.96319,1.106669,-0.7101574,-0.9816272,-0.1624414,0.1001073,0,0,0,0.1914504
1731426988659,-26.852,1.457891,-0.7880249,-0.9953076,0.08554117,-0.0452311,-2.913952,0.313139,-0.07195473,-26.96349,1.106513,-0.8629036,-0.8565064,-0.07080358,-0.5112573,-2.716398,0.3595948,-0.3880978,-27.0019,1.113547,-0.7150059,-0.9845292,-0.1552074,0.08132178,-2.902651,0.5158871,-0.363636,0.1914504
1731426988665,-26.852,1.457891,-0.7880249,-0.9953076,0.08554117,-0.0452311,0,0,0,-26.96349,1.106513,-0.8629036,-0.8565064,-0.07080358,-0.5112573,0,0,0,-27.0019,1.113547,-0.7150059,-0.9845292,-0.1552074,0.08132178,0,0,0,0.1914504
1731426988688,-26.89057,1.4582,-0.7890301,-0.9937643,0.09907825,-0.05115187,-2.89278,0.02321005,-0.07538795,-27.00139,1.107558,-0.8683262,-0.8676781,-0.06331564,-0.4930785,-2.843142,0.07832944,-0.4066944,-27.04078,1.116469,-0.7215881,-0.9886704,-0.1315286,0.07232916,-2.916527,0.2191186,-0.4936695,0.1914504
1731426988693,-26.89057,1.4582,-0.7890301,-0.9937643,0.09907825,-0.05115187,0,0,0,-27.00139,1.107558,-0.8683262,-0.8676781,-0.06331564,-0.4930785,0,0,0,-27.04078,1.116469,-0.7215881,-0.9886704,-0.1315286,0.07232916,0,0,0,0.1914504
1731426988716,-26.92896,1.45411,-0.787838,-0.9934372,0.1017707,-0.05220723,-2.878761,-0.3067553,0.08940697,-27.04141,1.104777,-0.8716755,-0.8675986,-0.06437732,-0.4930807,-3.000927,-0.2085775,-0.2511978,-27.0821,1.114133,-0.7259884,-0.9913505,-0.1125735,0.06746644,-3.098774,-0.1751661,-0.330019,0.1914504
1731426988721,-26.92896,1.45411,-0.787838,-0.9934372,0.1017707,-0.05220723,0,0,0,-27.04141,1.104777,-0.8716755,-0.8675986,-0.06437732,-0.4930807,0,0,0,-27.0821,1.114133,-0.7259884,-0.9913505,-0.1125735,0.06746644,0,0,0,0.1914504
1731426988744,-26.96728,1.447369,-0.786869,-0.9940223,0.09784356,-0.04844415,-2.87447,-0.5055428,0.07266998,-27.08096,1.098812,-0.8722706,-0.8630978,-0.05521936,-0.5020095,-2.966309,-0.4473567,-0.04463196,-27.12374,1.107161,-0.7278633,-0.9920396,-0.1099776,0.06134176,-3.123093,-0.5229592,-0.1406193,0.1914504
1731426988752,-26.96728,1.447369,-0.786869,-0.9940223,0.09784356,-0.04844415,0,0,0,-27.08096,1.098812,-0.8722706,-0.8630978,-0.05521936,-0.5020095,0,0,0,-27.12374,1.107161,-0.7278633,-0.9920396,-0.1099776,0.06134176,0,0,0,0.1914504
1731426988772,-27.00619,1.43917,-0.7880993,-0.9947377,0.09077251,-0.04751396,-2.918243,-0.6149769,-0.09226799,-27.1237,1.089569,-0.8736629,-0.8660209,-0.03574272,-0.4987286,-3.205919,-0.6931812,-0.1044273,-27.16946,1.095698,-0.7305546,-0.9902486,-0.1155607,0.07780701,-3.429079,-0.8597016,-0.2018452,0.1914504
1731426988777,-27.00619,1.43917,-0.7880993,-0.9947377,0.09077251,-0.04751396,0,0,0,-27.1237,1.089569,-0.8736629,-0.8660209,-0.03574272,-0.4987286,0,0,0,-27.16946,1.095698,-0.7305546,-0.9902486,-0.1155607,0.07780701,0,0,0,0.1914504
1731426988799,-27.04574,1.430164,-0.7898026,-0.9950306,0.08858803,-0.04546273,-2.966309,-0.6753981,-0.1277447,-27.16578,1.080298,-0.8757057,-0.8685159,-0.02934436,-0.4947927,-3.155994,-0.6953359,-0.1532078,-27.21321,1.085275,-0.7335548,-0.9864982,-0.1212124,0.1101333,-3.281164,-0.7817209,-0.2250195,0.1914504
1731426988805,-27.04574,1.430164,-0.7898026,-0.9950306,0.08858803,-0.04546273,0,0,0,-27.16578,1.080298,-0.8757057,-0.8685159,-0.02934436,-0.4947927,0,0,0,-27.21321,1.085275,-0.7335548,-0.9864982,-0.1212124,0.1101333,0,0,0,0.1914504
1731426988827,-27.0853,1.421841,-0.7918053,-0.9955481,0.08410724,-0.04254818,-2.967167,-0.6242752,-0.1502037,-27.20828,1.071483,-0.8782063,-0.8668757,-0.0327132,-0.4974502,-3.187609,-0.6611198,-0.1875401,-27.25615,1.076867,-0.7371693,-0.9850484,-0.1180756,0.1254528,-3.220367,-0.6306231,-0.2710819,0.1914504
1731426988833,-27.0853,1.421841,-0.7918053,-0.9955481,0.08410724,-0.04254818,0,0,0,-27.20828,1.071483,-0.8782063,-0.8668757,-0.0327132,-0.4974502,0,0,0,-27.25615,1.076867,-0.7371693,-0.9850484,-0.1180756,0.1254528,0,0,0,0.1914504
1731426988856,-27.1252,1.414011,-0.7942486,-0.9959934,0.08121343,-0.03744566,-2.991915,-0.5872607,-0.1832485,-27.24843,1.064224,-0.8693695,-0.8659083,0.00394058,-0.500187,-3.011084,-0.5444616,0.662756,-27.29888,1.071305,-0.7400703,-0.9881214,-0.1044126,0.1127585,-3.204489,-0.4171014,-0.2175808,0.1914504
1731426988861,-27.1252,1.414011,-0.7942486,-0.9959934,0.08121343,-0.03744566,0,0,0,-27.24843,1.064224,-0.8693695,-0.8659083,0.00394058,-0.500187,0,0,0,-27.29888,1.071305,-0.7400703,-0.9881214,-0.1044126,0.1127585,0,0,0,0.1914504
1731426988866,-27.1252,1.414011,-0.7942486,-0.9959934,0.08121343,-0.03744566,0,0,0,-27.24843,1.064224,-0.8693695,-0.8659083,0.00394058,-0.500187,0,0,0,-27.29888,1.071305,-0.7400703,-0.9881214,-0.1044126,0.1127585,0,0,0,0.1914504
1731426988884,-27.16597,1.410107,-0.79706,-0.99661,0.07610625,-0.03125703,-3.058147,-0.2927542,-0.2108574,-27.29164,1.061857,-0.8703117,-0.8777644,0.02152471,-0.4786093,-3.240252,-0.1774818,-0.07066727,-27.34097,1.069911,-0.7405891,-0.9869562,-0.1010037,0.1253635,-3.156996,-0.1045525,-0.03890991,0.1914504
1731426988889,-27.16597,1.410107,-0.79706,-0.99661,0.07610625,-0.03125703,0,0,0,-27.29164,1.061857,-0.8703117,-0.8777644,0.02152471,-0.4786093,0,0,0,-27.34097,1.069911,-0.7405891,-0.9869562,-0.1010037,0.1253635,0,0,0,0.1914504
1731426988911,-27.20721,1.408028,-0.7997742,-0.9952954,0.09367239,-0.024755,-3.093195,-0.1559168,-0.2035618,-27.33303,1.060986,-0.8715973,-0.8865468,0.02519307,-0.4619534,-3.104639,-0.06533861,-0.09641647,-27.38088,1.06983,-0.7408924,-0.9866508,-0.09125508,0.1348812,-2.993488,-0.006079674,-0.02274513,0.1914504
1731426988917,-27.20721,1.408028,-0.7997742,-0.9952954,0.09367239,-0.024755,0,0,0,-27.33303,1.060986,-0.8715973,-0.8865468,0.02519307,-0.4619534,0,0,0,-27.38088,1.06983,-0.7408924,-0.9866508,-0.09125508,0.1348812,0,0,0,0.1914504
1731426988938,-27.24755,1.410997,-0.8021183,-0.9971751,0.07411753,-0.01219451,-3.02496,0.2226502,-0.1758099,-27.37553,1.063644,-0.8697433,-0.8974766,0.03189417,-0.4399077,-3.187466,0.1992971,0.1390457,-27.4193,1.073405,-0.7303257,-0.9878532,-0.08637644,0.1291727,-2.881479,0.2681226,0.7925034,0.1914504
1731426988944,-27.24755,1.410997,-0.8021183,-0.9971751,0.07411753,-0.01219451,0,0,0,-27.37553,1.063644,-0.8697433,-0.8974766,0.03189417,-0.4399077,0,0,0,-27.4193,1.073405,-0.7303257,-0.9878532,-0.08637644,0.1291727,0,0,0,0.1914504
1731426988966,-27.28912,1.417568,-0.803936,-0.9972712,0.07382488,0.0004782677,-3.117657,0.4928291,-0.1363277,-27.42036,1.067762,-0.8674374,-0.9039797,0.03993532,-0.4257063,-3.362274,0.3088742,0.1729488,-27.46134,1.07817,-0.7292824,-0.985471,-0.0914706,0.1431092,-3.152561,0.3573865,0.07824898,0.1914504
1731426988972,-27.28912,1.417568,-0.803936,-0.9972712,0.07382488,0.0004782677,0,0,0,-27.42036,1.067762,-0.8674374,-0.9039797,0.03993532,-0.4257063,0,0,0,-27.46134,1.07817,-0.7292824,-0.985471,-0.0914706,0.1431092,0,0,0,0.1914504
1731426988994,-27.33045,1.423784,-0.8045349,-0.994567,0.1034931,0.01123017,-3.100348,0.4661679,-0.04491806,-27.46564,1.075061,-0.8640575,-0.9102967,0.0231519,-0.4133092,-3.396177,0.5474389,0.2534866,-27.50278,1.083913,-0.7269287,-0.9782293,-0.1108999,0.17541,-3.107929,0.4306912,0.1765251,0.1914504
1731426989000,-27.33045,1.423784,-0.8045349,-0.994567,0.1034931,0.01123017,0,0,0,-27.46564,1.075061,-0.8640575,-0.9102967,0.0231519,-0.4133092,0,0,0,-27.50278,1.083913,-0.7269287,-0.9782293,-0.1108999,0.17541,0,0,0,0.1914504
1731426989022,-27.3699,1.428298,-0.8050003,-0.9948924,0.09957358,0.01657188,-2.958298,0.3385752,-0.03490448,-27.50638,1.086889,-0.8583946,-0.9191985,0.03479471,-0.3922549,-3.055286,0.887087,0.4247189,-27.54002,1.09039,-0.7191887,-0.9699172,-0.1538325,0.1886699,-2.793217,0.4857659,0.5805016,0.1914504
1731426989027,-27.3699,1.428298,-0.8050003,-0.9948924,0.09957358,0.01657188,0,0,0,-27.50638,1.086889,-0.8583946,-0.9191985,0.03479471,-0.3922549,0,0,0,-27.54002,1.09039,-0.7191887,-0.9699172,-0.1538325,0.1886699,0,0,0,0.1914504
1731426989050,-27.40973,1.43432,-0.8047314,-0.9969802,0.07568195,0.01740766,-2.98748,0.4516929,0.02017021,-27.54399,1.098514,-0.8519745,-0.9295933,0.1015629,-0.3543193,-2.820826,0.871852,0.4815102,-27.57516,1.09726,-0.716959,-0.9723484,-0.161999,0.1682117,-2.63586,0.5152881,0.1672268,0.1914504
1731426989056,-27.40973,1.43432,-0.8047314,-0.9969802,0.07568195,0.01740766,0,0,0,-27.54399,1.098514,-0.8519745,-0.9295933,0.1015629,-0.3543193,0,0,0,-27.57516,1.09726,-0.716959,-0.9723484,-0.161999,0.1682117,0,0,0,0.1914504
1731426989078,-27.45023,1.440492,-0.8025513,-0.9974902,0.06949016,0.01359242,-3.037119,0.4628778,0.1635075,-27.58574,1.107147,-0.8476887,-0.9330255,0.1323501,-0.334585,-3.131533,0.6475389,0.3214359,-27.6083,1.1024,-0.7075539,-0.9803675,-0.1334686,0.1451416,-2.485514,0.3854513,0.7053852,0.1914504
1731426989084,-27.45023,1.440492,-0.8025513,-0.9974902,0.06949016,0.01359242,0,0,0,-27.58574,1.107147,-0.8476887,-0.9330255,0.1323501,-0.334585,0,0,0,-27.6083,1.1024,-0.7075539,-0.9803675,-0.1334686,0.1451416,0,0,0,0.1914504
1731426989106,-27.48986,1.44536,-0.801199,-0.9980546,0.06114443,0.01219535,-2.972889,0.3650934,0.1014233,-27.62591,1.112282,-0.8427868,-0.9341407,0.1073526,-0.3403777,-3.012657,0.3850758,0.3676414,-27.64381,1.104736,-0.7000637,-0.9777399,-0.1336163,0.1617769,-2.663183,0.1752287,0.5617619,0.1914504
1731426989112,-27.48986,1.44536,-0.801199,-0.9980546,0.06114443,0.01219535,0,0,0,-27.62591,1.112282,-0.8427868,-0.9341407,0.1073526,-0.3403777,0,0,0,-27.64381,1.104736,-0.7000637,-0.9777399,-0.1336163,0.1617769,0,0,0,0.1914504
1731426989134,-27.52961,1.448216,-0.7992668,-0.9981163,0.06041682,0.01068854,-2.980614,0.2141833,0.1449108,-27.66569,1.116686,-0.8387051,-0.9328285,0.08744161,-0.34955,-2.983046,0.3303051,0.3061295,-27.68053,1.103994,-0.6912823,-0.9712538,-0.1615303,0.1748553,-2.753735,-0.05565584,0.6586075,0.1914504
1731426989140,-27.52961,1.448216,-0.7992668,-0.9981163,0.06041682,0.01068854,0,0,0,-27.66569,1.116686,-0.8387051,-0.9328285,0.08744161,-0.34955,0,0,0,-27.68053,1.103994,-0.6912823,-0.9712538,-0.1615303,0.1748553,0,0,0,0.1914504
1731426989162,-27.56918,1.449053,-0.7966785,-0.9983193,0.05736948,0.008247554,-2.968025,0.06279945,0.1941204,-27.70365,1.119407,-0.8345089,-0.9317609,0.08278517,-0.3535086,-2.846861,0.2040982,0.3147125,-27.71583,1.101732,-0.6836166,-0.9663915,-0.1782569,0.1852353,-2.647305,-0.1696229,0.5749226,0.1914504
1731426989168,-27.56918,1.449053,-0.7966785,-0.9983193,0.05736948,0.008247554,0,0,0,-27.70365,1.119407,-0.8345089,-0.9317609,0.08278517,-0.3535086,0,0,0,-27.71583,1.101732,-0.6836166,-0.9663915,-0.1782569,0.1852353,0,0,0,0.1914504
1731426989174,-27.56918,1.449053,-0.7966785,-0.9983193,0.05736948,0.008247554,0,0,0,-27.70365,1.119407,-0.8345089,-0.9317609,0.08278517,-0.3535086,0,0,0,-27.71583,1.101732,-0.6836166,-0.9663915,-0.1782569,0.1852353,0,0,0,0.1914504
1731426989190,-27.60933,1.446858,-0.7940044,-0.9982179,0.05930007,0.006689787,-3.010941,-0.1646072,0.2005577,-27.74371,1.115939,-0.8302631,-0.9336711,0.05841626,-0.3533361,-3.004789,-0.2600938,0.3184319,-27.75677,1.093176,-0.6775799,-0.9649348,-0.1667977,0.2026813,-3.070879,-0.6417453,0.4527569,0.1914504
1731426989196,-27.60933,1.446858,-0.7940044,-0.9982179,0.05930007,0.006689787,0,0,0,-27.74371,1.115939,-0.8302631,-0.9336711,0.05841626,-0.3533361,0,0,0,-27.75677,1.093176,-0.6775799,-0.9649348,-0.1667977,0.2026813,0,0,0,0.1914504
1731426989218,-27.64879,1.442719,-0.7906342,-0.9983218,0.05767365,0.005252004,-2.960014,-0.3104746,0.2527714,-27.78138,1.11154,-0.8272896,-0.9361921,0.04550877,-0.3485307,-2.824974,-0.3299564,0.2230167,-27.79568,1.085122,-0.6725197,-0.9556094,-0.177562,0.2351229,-2.91853,-0.6040156,0.3795147,0.1914504
1731426989224,-27.64879,1.442719,-0.7906342,-0.9983218,0.05767365,0.005252004,0,0,0,-27.78138,1.11154,-0.8272896,-0.9361921,0.04550877,-0.3485307,0,0,0,-27.79568,1.085122,-0.6725197,-0.9556094,-0.177562,0.2351229,0,0,0,0.1914504
1731426989244,-27.68783,1.436549,-0.7869034,-0.9987153,0.05058169,0.003071547,-2.927971,-0.4626989,0.279808,-27.81987,1.102301,-0.8220692,-0.9372022,0.03766292,-0.3467474,-2.887344,-0.6929398,0.391531,-27.83632,1.073975,-0.6645813,-0.9455644,-0.201446,0.2555929,-3.047562,-0.8360267,0.5953789,0.1914504
1731426989249,-27.68783,1.436549,-0.7869034,-0.9987153,0.05058169,0.003071547,0,0,0,-27.81987,1.102301,-0.8220692,-0.9372022,0.03766292,-0.3467474,0,0,0,-27.83632,1.073975,-0.6645813,-0.9455644,-0.201446,0.2555929,0,0,0,0.1914504
1731426989272,-27.72675,1.429503,-0.7827663,-0.9988199,0.04856433,0.0006130338,-2.918816,-0.5284667,0.3102779,-27.85779,1.093037,-0.8196201,-0.934202,0.03004635,-0.3554776,-2.844,-0.6947547,0.1836777,-27.87739,1.063394,-0.6597347,-0.938939,-0.2225146,0.2624523,-3.080606,-0.7935584,0.363493,0.1914504
1731426989280,-27.72675,1.429503,-0.7827663,-0.9988199,0.04856433,0.0006130338,0,0,0,-27.85779,1.093037,-0.8196201,-0.934202,0.03004635,-0.3554776,0,0,0,-27.87739,1.063394,-0.6597347,-0.938939,-0.2225146,0.2624523,0,0,0,0.1914504
1731426989300,-27.76629,1.421715,-0.7780285,-0.9986216,0.05249028,-0.000433445,-2.96545,-0.5841494,0.3553391,-27.89766,1.082335,-0.815834,-0.9348258,0.03146248,-0.3537104,-2.990198,-0.8027047,0.2839565,-27.92037,1.054195,-0.6538868,-0.9354825,-0.2125682,0.28229,-3.223228,-0.6899536,0.4385948,0.1914504
1731426989305,-27.76629,1.421715,-0.7780285,-0.9986216,0.05249028,-0.000433445,0,0,0,-27.89766,1.082335,-0.815834,-0.9348258,0.03146248,-0.3537104,0,0,0,-27.92037,1.054195,-0.6538868,-0.9354825,-0.2125682,0.28229,0,0,0,0.1914504
1731426989328,-27.80631,1.412552,-0.7731056,-0.9979383,0.06415277,-0.001974344,-3.001499,-0.6872267,0.369215,-27.93661,1.072697,-0.8112698,-0.9367735,0.03289964,-0.348387,-2.921247,-0.7228017,0.3423214,-27.96077,1.04798,-0.6476479,-0.9371321,-0.18827,0.2938335,-3.029966,-0.4661143,0.4679203,0.1914504
1731426989333,-27.80631,1.412552,-0.7731056,-0.9979383,0.06415277,-0.001974344,0,0,0,-27.93661,1.072697,-0.8112698,-0.9367735,0.03289964,-0.348387,0,0,0,-27.96077,1.04798,-0.6476479,-0.9371321,-0.18827,0.2938335,0,0,0,0.1914504
1731426989356,-27.84596,1.404497,-0.7672081,-0.9978691,0.06500812,-0.005611897,-2.974033,-0.6040603,0.4423141,-27.97836,1.064255,-0.8071804,-0.9351573,0.0404357,-0.3519177,-3.130817,-0.6331623,0.3067017,-28.00257,1.04432,-0.6413994,-0.9476655,-0.1522661,0.2806167,-3.135252,-0.2745062,0.4686356,0.1914504
1731426989361,-27.84596,1.404497,-0.7672081,-0.9978691,0.06500812,-0.005611897,0,0,0,-27.97836,1.064255,-0.8071804,-0.9351573,0.0404357,-0.3519177,0,0,0,-28.00257,1.04432,-0.6413994,-0.9476655,-0.1522661,0.2806167,0,0,0,0.1914504
1731426989384,-27.88696,1.401603,-0.7614346,-0.9978477,0.06516293,-0.007380724,-3.075027,-0.2170444,0.4330158,-28.02078,1.061241,-0.8023624,-0.9279183,0.05046228,-0.3693533,-3.181887,-0.2260476,0.3613472,-28.04639,1.045096,-0.6334629,-0.9537752,-0.1297531,0.2710671,-3.286457,0.05819499,0.5952358,0.1944919
1731426989389,-27.88696,1.401603,-0.7614346,-0.9978477,0.06516293,-0.007380724,0,0,0,-28.02078,1.061241,-0.8023624,-0.9279183,0.05046228,-0.3693533,0,0,0,-28.04639,1.045096,-0.6334629,-0.9537752,-0.1297531,0.2710671,0,0,0,0.1944919
1731426989412,-27.92792,1.400903,-0.7552814,-0.9974998,0.0701103,-0.008894086,-3.07188,-0.05255342,0.461483,-28.06385,1.064086,-0.798357,-0.9193861,0.05758176,-0.3891195,-3.229952,0.2133518,0.3004074,-28.09161,1.050413,-0.6272774,-0.9503577,-0.1113642,0.2905488,-3.3916,0.398773,0.4639149,0.1987088
1731426989419,-27.92792,1.400903,-0.7552814,-0.9974998,0.0701103,-0.008894086,0,0,0,-28.06385,1.064086,-0.798357,-0.9193861,0.05758176,-0.3891195,0,0,0,-28.09161,1.050413,-0.6272774,-0.9503577,-0.1113642,0.2905488,0,0,0,0.1987088
1731426989441,-27.96705,1.403471,-0.74856,-0.9979144,0.06417815,-0.006944537,-2.934694,0.1926184,0.5041122,-28.10622,1.071043,-0.792923,-0.9205794,0.05929957,-0.3860277,-3.177881,0.5217791,0.4075527,-28.13693,1.05902,-0.619669,-0.9520211,-0.1025472,0.2883408,-3.398609,0.6455004,0.570631,0.2035899
1731426989446,-27.96705,1.403471,-0.74856,-0.9979144,0.06417815,-0.006944537,0,0,0,-28.10622,1.071043,-0.792923,-0.9205794,0.05929957,-0.3860277,0,0,0,-28.13693,1.05902,-0.619669,-0.9520211,-0.1025472,0.2883408,0,0,0,0.2035899
1731426989451,-27.96705,1.403471,-0.74856,-0.9979144,0.06417815,-0.006944537,0,0,0,-28.10622,1.071043,-0.792923,-0.9205794,0.05929957,-0.3860277,0,0,0,-28.13693,1.05902,-0.619669,-0.9520211,-0.1025472,0.2883408,0,0,0,0.2035899
1731426989468,-28.00769,1.405756,-0.7425518,-0.996827,0.0790219,-0.009593248,-3.048134,0.171411,0.4506111,-28.14918,1.075948,-0.7886238,-0.9157717,0.0862361,-0.3923339,-3.221798,0.367856,0.3224373,-28.18391,1.064757,-0.6151772,-0.9604682,-0.09370285,0.2621465,-3.52335,0.4302979,0.3368855,0.2035899
1731426989473,-28.00769,1.405756,-0.7425518,-0.996827,0.0790219,-0.009593248,0,0,0,-28.14918,1.075948,-0.7886238,-0.9157717,0.0862361,-0.3923339,0,0,0,-28.18391,1.064757,-0.6151772,-0.9604682,-0.09370285,0.2621465,0,0,0,0.2035899
1731426989496,-28.04883,1.40935,-0.7363548,-0.9945859,0.1027948,-0.01524568,-3.085041,0.2694994,0.4647732,-28.19193,1.079817,-0.7842617,-0.9111173,0.09357363,-0.4013846,-3.206205,0.2901971,0.327158,-28.22812,1.07127,-0.6109734,-0.9639168,-0.06659008,0.2577413,-3.316355,0.4885107,0.3152847,0.2035899
1731426989501,-28.04883,1.40935,-0.7363548,-0.9945859,0.1027948,-0.01524568,0,0,0,-28.19193,1.079817,-0.7842617,-0.9111173,0.09357363,-0.4013846,0,0,0,-28.22812,1.07127,-0.6109734,-0.9639168,-0.06659008,0.2577413,0,0,0,0.2035899
1731426989522,-28.08867,1.4119,-0.7337093,-0.9937661,0.1108263,-0.0121212,-2.988482,0.1912504,0.1984119,-28.23292,1.08387,-0.7793007,-0.9036323,0.0844574,-0.4199001,-3.074455,0.3040195,0.372076,-28.27027,1.078816,-0.6071758,-0.9665294,-0.03224638,0.2545213,-3.160572,0.5659372,0.2848148,0.2035899
1731426989527,-28.08867,1.4119,-0.7337093,-0.9937661,0.1108263,-0.0121212,0,0,0,-28.23292,1.08387,-0.7793007,-0.9036323,0.0844574,-0.4199001,0,0,0,-28.27027,1.078816,-0.6071758,-0.9665294,-0.03224638,0.2545213,0,0,0,0.2035899
1731426989550,-28.12899,1.418476,-0.7298374,-0.9975817,0.0694112,-0.003655672,-3.024101,0.4932314,0.2903938,-28.272,1.087255,-0.7745934,-0.9108312,0.07087993,-0.4066484,-2.930689,0.2538174,0.3530502,-28.31147,1.085711,-0.6046448,-0.9708284,-0.02574607,0.2383901,-3.090048,0.5170941,0.1898289,0.2035899
1731426989556,-28.12899,1.418476,-0.7298374,-0.9975817,0.0694112,-0.003655672,0,0,0,-28.272,1.087255,-0.7745934,-0.9108312,0.07087993,-0.4066484,0,0,0,-28.31147,1.085711,-0.6046448,-0.9708284,-0.02574607,0.2383901,0,0,0,0.2035899
1731426989579,-28.17097,1.428035,-0.7255211,-0.9988663,0.04750329,0.003145397,-3.147984,0.716874,0.3237247,-28.31181,1.090159,-0.7689857,-0.9131024,0.05312927,-0.4042552,-2.985764,0.217858,0.4205704,-28.35175,1.092788,-0.6016579,-0.9688696,-0.02850461,0.2459261,-3.021097,0.530827,0.2240181,0.2035899
1731426989586,-28.17097,1.428035,-0.7255211,-0.9988663,0.04750329,0.003145397,0,0,0,-28.31181,1.090159,-0.7689857,-0.9131024,0.05312927,-0.4042552,0,0,0,-28.35175,1.092788,-0.6016579,-0.9688696,-0.02850461,0.2459261,0,0,0,0.2035899
1731426989606,-28.21175,1.436611,-0.7216396,-0.9993523,0.03474642,0.009386301,-3.059006,0.6432205,0.2911091,-28.35009,1.095143,-0.764801,-0.9138088,0.01040955,-0.4060115,-2.871609,0.3737748,0.3138542,-28.38768,1.101315,-0.6011143,-0.9549006,-0.05190363,0.2923545,-2.694941,0.6394923,0.04076958,0.2035899
1731426989612,-28.21175,1.436611,-0.7216396,-0.9993523,0.03474642,0.009386301,0,0,0,-28.35009,1.095143,-0.764801,-0.9138088,0.01040955,-0.4060115,0,0,0,-28.38768,1.101315,-0.6011143,-0.9549006,-0.05190363,0.2923545,0,0,0,0.2035899
1731426989634,-28.25169,1.443286,-0.716568,-0.9992599,0.03617794,0.01307487,-2.994919,0.5006164,0.380373,-28.38681,1.100157,-0.7616844,-0.9155836,0.001167269,-0.4021268,-2.753878,0.3760457,0.2337456,-28.4226,1.108285,-0.6003609,-0.9536587,-0.09441091,0.2856961,-2.619123,0.5227804,0.0565052,0.2035899
1731426989639,-28.25169,1.443286,-0.716568,-0.9992599,0.03617794,0.01307487,0,0,0,-28.38681,1.100157,-0.7616844,-0.9155836,0.001167269,-0.4021268,0,0,0,-28.4226,1.108285,-0.6003609,-0.9536587,-0.09441091,0.2856961,0,0,0,0.2035899
1731426989662,-28.29141,1.446899,-0.710413,-0.9986218,0.05028236,0.0150491,-2.979469,0.2709746,0.4616261,-28.42471,1.103142,-0.759264,-0.9169532,0.006528448,-0.398942,-2.841997,0.2239019,0.1815319,-28.45788,1.112658,-0.6008358,-0.9618735,-0.1196886,0.2459152,-2.646017,0.3279716,-0.03561974,0.2035899
1731426989668,-28.29141,1.446899,-0.710413,-0.9986218,0.05028236,0.0150491,0,0,0,-28.42471,1.103142,-0.759264,-0.9169532,0.006528448,-0.398942,0,0,0,-28.45788,1.112658,-0.6008358,-0.9618735,-0.1196886,0.2459152,0,0,0,0.2035899
1731426989690,-28.33096,1.446149,-0.705389,-0.9979425,0.06235643,0.01492858,-2.966309,-0.05625486,0.3767967,-28.46539,1.102534,-0.7568836,-0.9164362,0.003933888,-0.4001622,-3.051424,-0.04564226,0.1785278,-28.49481,1.1123,-0.6032352,-0.9714196,-0.09692139,0.2166803,-2.769327,-0.02688468,-0.1799583,0.2035899
1731426989696,-28.33096,1.446149,-0.705389,-0.9979425,0.06235643,0.01492858,0,0,0,-28.46539,1.102534,-0.7568836,-0.9164362,0.003933888,-0.4001622,0,0,0,-28.49481,1.1123,-0.6032352,-0.9714196,-0.09692139,0.2166803,0,0,0,0.2035899
1731426989718,-28.3706,1.441,-0.7009125,-0.9977266,0.06571032,0.01497298,-2.972603,-0.3861219,0.335741,-28.50622,1.099166,-0.7540016,-0.9173495,-0.0004885998,-0.398083,-3.062439,-0.2525568,0.2161503,-28.53363,1.106895,-0.6050014,-0.9744093,-0.07428487,0.2121522,-2.912092,-0.405398,-0.1324654,0.2035899
1731426989724,-28.3706,1.441,-0.7009125,-0.9977266,0.06571032,0.01497298,0,0,0,-28.50622,1.099166,-0.7540016,-0.9173495,-0.0004885998,-0.398083,0,0,0,-28.53363,1.106895,-0.6050014,-0.9744093,-0.07428487,0.2121522,0,0,0,0.2035899
1731426989746,-28.41017,1.433936,-0.6967487,-0.9981865,0.05730225,0.01845354,-2.967596,-0.5298346,0.3122807,-28.54369,1.093626,-0.7529297,-0.9177096,0.0159496,-0.3969326,-2.81024,-0.4155099,0.08039474,-28.57475,1.097506,-0.6029968,-0.9774889,-0.0626518,0.2014707,-3.083897,-0.7041335,0.1503468,0.2035899
1731426989752,-28.41017,1.433936,-0.6967487,-0.9981865,0.05730225,0.01845354,0,0,0,-28.54369,1.093626,-0.7529297,-0.9177096,0.0159496,-0.3969326,0,0,0,-28.57475,1.097506,-0.6029968,-0.9774889,-0.0626518,0.2014707,0,0,0,0.2035899
1731426989774,-28.45017,1.425799,-0.6931496,-0.9980317,0.05923087,0.02060878,-3.000355,-0.6102383,0.2699375,-28.58385,1.085503,-0.7518673,-0.9113914,0.03461116,-0.4100832,-3.01137,-0.6092548,0.07967949,-28.61917,1.084041,-0.6008873,-0.9764129,-0.07852222,0.2011277,-3.331089,-1.009879,0.1582146,0.2035899
1731426989780,-28.45017,1.425799,-0.6931496,-0.9980317,0.05923087,0.02060878,0,0,0,-28.58385,1.085503,-0.7518673,-0.9113914,0.03461116,-0.4100832,0,0,0,-28.61917,1.084041,-0.6008873,-0.9764129,-0.07852222,0.2011277,0,0,0,0.2035899
1731426989802,-28.48956,1.416278,-0.6906033,-0.9981264,0.05719184,0.02175093,-2.953863,-0.7141292,0.1909733,-28.62351,1.076283,-0.749918,-0.9081717,0.03588209,-0.4170578,-2.975178,-0.6915271,0.1461983,-28.66287,1.070094,-0.5975876,-0.9645174,-0.0974224,0.2453888,-3.277588,-1.046035,0.2474785,0.2035899
1731426989808,-28.48956,1.416278,-0.6906033,-0.9981264,0.05719184,0.02175093,0,0,0,-28.62351,1.076283,-0.749918,-0.9081717,0.03588209,-0.4170578,0,0,0,-28.66287,1.070094,-0.5975876,-0.9645174,-0.0974224,0.2453888,0,0,0,0.2035899
1731426989830,-28.52913,1.408081,-0.6880341,-0.9987828,0.04217828,0.02558231,-2.968025,-0.6147712,0.1926899,-28.66257,1.067611,-0.7492085,-0.9084131,0.03696711,-0.4164374,-2.928829,-0.6503463,0.05321503,-28.70439,1.059503,-0.5954914,-0.9540263,-0.0932589,0.2848453,-3.114223,-0.7943183,0.1572132,0.2035899
1731426989835,-28.52913,1.408081,-0.6880341,-0.9987828,0.04217828,0.02558231,0,0,0,-28.66257,1.067611,-0.7492085,-0.9084131,0.03696711,-0.4164374,0,0,0,-28.70439,1.059503,-0.5954914,-0.9540263,-0.0932589,0.2848453,0,0,0,0.2035899
1731426989840,-28.52913,1.408081,-0.6880341,-0.9987828,0.04217828,0.02558231,0,0,0,-28.66257,1.067611,-0.7492085,-0.9084131,0.03696711,-0.4164374,0,0,0,-28.70439,1.059503,-0.5954914,-0.9540263,-0.0932589,0.2848453,0,0,0,0.2035899
1731426989858,-28.56906,1.401127,-0.6876736,-0.9991777,0.03239064,0.02439535,-2.994919,-0.5215198,0.02703667,-28.70135,1.059871,-0.7497044,-0.906738,0.03614828,-0.4201428,-2.908659,-0.5805373,-0.0371933,-28.74398,1.052306,-0.5933228,-0.9569836,-0.1073116,0.2695677,-2.969027,-0.5397856,0.1626492,0.2038305
1731426989863,-28.56906,1.401127,-0.6876736,-0.9991777,0.03239064,0.02439535,0,0,0,-28.70135,1.059871,-0.7497044,-0.906738,0.03614828,-0.4201428,0,0,0,-28.74398,1.052306,-0.5933228,-0.9569836,-0.1073116,0.2695677,0,0,0,0.2038305
1731426989885,-28.60867,1.400902,-0.6869106,-0.9989974,0.03909875,0.02180982,-2.970314,-0.01685321,0.05722046,-28.73819,1.059487,-0.7513294,-0.9039103,0.0251784,-0.4269809,-2.763033,-0.02877116,-0.1218796,-28.78111,1.052318,-0.59198,-0.9591927,-0.1248612,0.2536909,-2.785063,0.0009119511,0.100708,0.2094567
1731426989891,-28.60867,1.400902,-0.6869106,-0.9989974,0.03909875,0.02180982,0,0,0,-28.73819,1.059487,-0.7513294,-0.9039103,0.0251784,-0.4269809,0,0,0,-28.78111,1.052318,-0.59198,-0.9591927,-0.1248612,0.2536909,0,0,0,0.2094567
1731426989912,-28.64844,1.403058,-0.686676,-0.9989535,0.04233715,0.01731974,-2.983189,0.1617014,0.01759529,-28.77667,1.060081,-0.755024,-0.9048801,0.02492037,-0.4249365,-2.885914,0.04453361,-0.2770901,-28.82116,1.051826,-0.5962162,-0.9702842,-0.09716193,0.2216042,-3.003788,-0.03694296,-0.3177166,0.2120703
1731426989917,-28.64844,1.403058,-0.686676,-0.9989535,0.04233715,0.01731974,0,0,0,-28.77667,1.060081,-0.755024,-0.9048801,0.02492037,-0.4249365,0,0,0,-28.82116,1.051826,-0.5962162,-0.9702842,-0.09716193,0.2216042,0,0,0,0.2120703
1731426989940,-28.69012,1.406855,-0.6874275,-0.9984342,0.05540797,0.007698894,-3.125811,0.2847612,-0.05636215,-28.81738,1.05949,-0.7591343,-0.8995966,0.04576274,-0.4343179,-3.053427,-0.04432797,-0.3082752,-28.86331,1.049869,-0.6029911,-0.9778149,-0.07563978,0.1953381,-3.161144,-0.1467526,-0.5081177,0.2120703
1731426989945,-28.69012,1.406855,-0.6874275,-0.9984342,0.05540797,0.007698894,0,0,0,-28.81738,1.05949,-0.7591343,-0.8995966,0.04576274,-0.4343179,0,0,0,-28.86331,1.049869,-0.6029911,-0.9778149,-0.07563978,0.1953381,0,0,0,0.2120703
1731426989968,-28.7309,1.411365,-0.6870499,-0.9968577,0.07888646,-0.007230759,-3.058434,0.3382444,0.02832413,-28.86025,1.062493,-0.7615948,-0.8806174,0.06292742,-0.4696311,-3.215647,0.2252698,-0.184536,-28.90775,1.051426,-0.607954,-0.978983,-0.1213264,0.1639285,-3.333235,0.1168102,-0.3722191,0.2120703
1731426989974,-28.7309,1.411365,-0.6870499,-0.9968577,0.07888646,-0.007230759,0,0,0,-28.86025,1.062493,-0.7615948,-0.8806174,0.06292742,-0.4696311,0,0,0,-28.90775,1.051426,-0.607954,-0.978983,-0.1213264,0.1639285,0,0,0,0.2120703
1731426989996,-28.76872,1.411921,-0.6845646,-0.9967003,0.07775269,-0.0233115,-2.836561,0.04166365,0.1863956,-28.90038,1.070648,-0.7640591,-0.8788222,0.0486959,-0.4746592,-3.009653,0.6115705,-0.1848221,-28.94981,1.056611,-0.6089935,-0.9651861,-0.2269927,0.1299638,-3.153992,0.3888488,-0.07796288,0.2120703
1731426990001,-28.76872,1.411921,-0.6845646,-0.9967003,0.07775269,-0.0233115,0,0,0,-28.90038,1.070648,-0.7640591,-0.8788222,0.0486959,-0.4746592,0,0,0,-28.94981,1.056611,-0.6089935,-0.9651861,-0.2269927,0.1299638,0,0,0,0.2120703
1731426990024,-28.8065,1.415705,-0.6819115,-0.9982848,0.04225408,-0.04053187,-2.833271,0.2838492,0.1989841,-28.93729,1.07818,-0.7631474,-0.8812975,0.08927098,-0.4640539,-2.76804,0.5649358,0.06837845,-28.98643,1.0647,-0.610918,-0.9746031,-0.2028875,0.09479469,-2.746439,0.6066978,-0.1443386,0.2120703
1731426990029,-28.8065,1.415705,-0.6819115,-0.9982848,0.04225408,-0.04053187,0,0,0,-28.93729,1.07818,-0.7631474,-0.8812975,0.08927098,-0.4640539,0,0,0,-28.98643,1.0647,-0.610918,-0.9746031,-0.2028875,0.09479469,0,0,0,0.2120703
1731426990052,-28.84509,1.423523,-0.6739044,-0.9988323,0.01609793,-0.04555357,-2.894783,0.5863309,0.6005287,-28.97658,1.084899,-0.757925,-0.8844241,0.1223791,-0.4503527,-2.946854,0.5039245,0.391674,-29.0222,1.073493,-0.6070499,-0.9847198,-0.09463701,0.1461892,-2.682781,0.659439,0.2901077,0.2120703
1731426990058,-28.84509,1.423523,-0.6739044,-0.9988323,0.01609793,-0.04555357,0,0,0,-28.97658,1.084899,-0.757925,-0.8844241,0.1223791,-0.4503527,0,0,0,-29.0222,1.073493,-0.6070499,-0.9847198,-0.09463701,0.1461892,0,0,0,0.2120703
1731426990080,-28.88363,1.432145,-0.6659184,-0.9987984,0.02312936,-0.04320824,-2.889919,0.6466359,0.5989552,-29.01677,1.091314,-0.752552,-0.8853846,0.06518447,-0.4602669,-3.014088,0.4811168,0.4029751,-29.05898,1.077864,-0.5954018,-0.9709142,-0.09398583,0.2202102,-2.758884,0.3278732,0.8736134,0.2120703
1731426990085,-28.88363,1.432145,-0.6659184,-0.9987984,0.02312936,-0.04320824,0,0,0,-29.01677,1.091314,-0.752552,-0.8853846,0.06518447,-0.4602669,0,0,0,-29.05898,1.077864,-0.5954018,-0.9709142,-0.09398583,0.2202102,0,0,0,0.2120703
1731426990108,-28.92095,1.438879,-0.6617813,-0.998815,0.02775267,-0.03998566,-2.799225,0.5050421,0.3102779,-29.05441,1.09834,-0.7478085,-0.8898471,0.01557553,-0.4559937,-2.822685,0.526911,0.3557682,-29.0943,1.081775,-0.583498,-0.9571887,-0.1578692,0.2426262,-2.648449,0.2932727,0.8927822,0.2120703
1731426990113,-28.92095,1.438879,-0.6617813,-0.998815,0.02775267,-0.03998566,0,0,0,-29.05441,1.09834,-0.7478085,-0.8898471,0.01557553,-0.4559937,0,0,0,-29.0943,1.081775,-0.583498,-0.9571887,-0.1578692,0.2426262,0,0,0,0.2120703
1731426990136,-28.95837,1.443137,-0.6572208,-0.9987418,0.0317909,-0.03878832,-2.806664,0.3193349,0.3420353,-29.09109,1.104198,-0.7411537,-0.892782,0.00853502,-0.4504087,-2.751017,0.4394174,0.4991055,-29.1292,1.084945,-0.5732307,-0.9529881,-0.1981577,0.2292328,-2.617693,0.237751,0.7700443,0.2120703
1731426990143,-28.95837,1.443137,-0.6572208,-0.9987418,0.0317909,-0.03878832,0,0,0,-29.09109,1.104198,-0.7411537,-0.892782,0.00853502,-0.4504087,0,0,0,-29.1292,1.084945,-0.5732307,-0.9529881,-0.1981577,0.2292328,0,0,0,0.2120703
1731426990163,-28.99522,1.444082,-0.6523666,-0.99832,0.04671378,-0.03428638,-2.764034,0.07092655,0.3640652,-29.12775,1.107493,-0.7325401,-0.8897046,0.05653586,-0.4530231,-2.749586,0.2470583,0.646019,-29.16572,1.085057,-0.5628376,-0.9550232,-0.1893944,0.2281684,-2.739286,0.008422136,0.7794857,0.2120703
1731426990169,-28.99522,1.444082,-0.6523666,-0.99832,0.04671378,-0.03428638,0,0,0,-29.12775,1.107493,-0.7325401,-0.8897046,0.05653586,-0.4530231,0,0,0,-29.16572,1.085057,-0.5628376,-0.9550232,-0.1893944,0.2281684,0,0,0,0.2120703
1731426990173,-28.99522,1.444082,-0.6523666,-0.99832,0.04671378,-0.03428638,0,0,0,-29.12775,1.107493,-0.7325401,-0.8897046,0.05653586,-0.4530231,0,0,0,-29.16572,1.085057,-0.5628376,-0.9550232,-0.1893944,0.2281684,0,0,0,0.2120703
1731426990191,-29.03127,1.440903,-0.6482239,-0.9981049,0.05338293,-0.03061187,-2.703667,-0.2384573,0.3107071,-29.16997,1.1024,-0.71521,-0.9004176,0.05083999,-0.4320465,-3.166437,-0.3819644,1.299763,-29.20661,1.078913,-0.5419331,-0.9561419,-0.1604923,0.245021,-3.06673,-0.4607856,1.567841,0.2120703
1731426990196,-29.03127,1.440903,-0.6482239,-0.9981049,0.05338293,-0.03061187,0,0,0,-29.16997,1.1024,-0.71521,-0.9004176,0.05083999,-0.4320465,0,0,0,-29.20661,1.078913,-0.5419331,-0.9561419,-0.1604923,0.245021,0,0,0,0.2120703
1731426990219,-29.06691,1.435171,-0.6433449,-0.9978418,0.05833562,-0.03014946,-2.673054,-0.4298508,0.3659248,-29.20717,1.09952,-0.709137,-0.8997242,0.0549678,-0.4329839,-2.79007,-0.2160072,0.4554749,-29.24548,1.072256,-0.5331993,-0.9532498,-0.1700873,0.2497706,-2.914953,-0.4992574,0.6550312,0.2120703
1731426990224,-29.06691,1.435171,-0.6433449,-0.9978418,0.05833562,-0.03014946,0,0,0,-29.20717,1.09952,-0.709137,-0.8997242,0.0549678,-0.4329839,0,0,0,-29.24548,1.072256,-0.5331993,-0.9532498,-0.1700873,0.2497706,0,0,0,0.2120703
1731426990245,-29.10256,1.426211,-0.6382179,-0.9972165,0.06635738,-0.03400767,-2.673769,-0.6720185,0.3845215,-29.24609,1.090943,-0.7028141,-0.8891801,0.06153508,-0.4534009,-2.919388,-0.6432384,0.4742146,-29.28719,1.060778,-0.5240002,-0.9484522,-0.1943676,0.2503192,-3.128672,-0.8608818,0.6899357,0.2120703
1731426990250,-29.10256,1.426211,-0.6382179,-0.9972165,0.06635738,-0.03400767,0,0,0,-29.24609,1.090943,-0.7028141,-0.8891801,0.06153508,-0.4534009,0,0,0,-29.28719,1.060778,-0.5240002,-0.9484522,-0.1943676,0.2503192,0,0,0,0.2120703
1731426990273,-29.13824,1.4154,-0.6330681,-0.9967233,0.07170875,-0.03742957,-2.676058,-0.8108497,0.3862381,-29.2842,1.080314,-0.6960945,-0.8804967,0.05737019,-0.4705689,-2.858448,-0.7971883,0.5039692,-29.32694,1.050179,-0.5157204,-0.9439657,-0.2029778,0.2602481,-2.980757,-0.7949442,0.620985,0.2120703
1731426990279,-29.13824,1.4154,-0.6330681,-0.9967233,0.07170875,-0.03742957,0,0,0,-29.2842,1.080314,-0.6960945,-0.8804967,0.05737019,-0.4705689,0,0,0,-29.32694,1.050179,-0.5157204,-0.9439657,-0.2029778,0.2602481,0,0,0,0.2120703
1731426990301,-29.17302,1.405609,-0.6276131,-0.9972529,0.06331404,-0.03844965,-2.608109,-0.7342994,0.4091263,-29.32347,1.0664,-0.6881409,-0.8773863,0.04751118,-0.4774272,-2.944851,-1.043567,0.5965233,-29.36684,1.042152,-0.5055923,-0.9456364,-0.1552924,0.2857556,-2.99263,-0.601995,0.7596016,0.2120703
1731426990307,-29.17302,1.405609,-0.6276131,-0.9972529,0.06331404,-0.03844965,0,0,0,-29.32347,1.0664,-0.6881409,-0.8773863,0.04751118,-0.4774272,0,0,0,-29.36684,1.042152,-0.5055923,-0.9456364,-0.1552924,0.2857556,0,0,0,0.2120703
1731426990329,-29.20682,1.400591,-0.6235332,-0.9964495,0.07207711,-0.04351413,-2.534866,-0.3763407,0.3059864,-29.35965,1.06062,-0.681879,-0.8679518,0.04556335,-0.4945546,-2.71368,-0.4334718,0.4696369,-29.404,1.042929,-0.4975719,-0.9413872,-0.1459929,0.3040992,-2.787209,0.05824864,0.6015301,0.2171841
1731426990334,-29.20682,1.400591,-0.6235332,-0.9964495,0.07207711,-0.04351413,0,0,0,-29.35965,1.06062,-0.681879,-0.8679518,0.04556335,-0.4945546,0,0,0,-29.404,1.042929,-0.4975719,-0.9413872,-0.1459929,0.3040992,0,0,0,0.2171841
1731426990356,-29.24149,1.404621,-0.6191025,-0.9982876,0.03613757,-0.0460043,-2.600384,0.3022045,0.3323078,-29.39278,1.064388,-0.6806202,-0.8472467,0.03218513,-0.5302246,-2.484655,0.2825975,0.09441376,-29.44007,1.050852,-0.4937267,-0.9522842,-0.1337788,0.2743322,-2.705383,0.5942613,0.2883911,0.2260774
1731426990361,-29.24149,1.404621,-0.6191025,-0.9982876,0.03613757,-0.0460043,0,0,0,-29.39278,1.064388,-0.6806202,-0.8472467,0.03218513,-0.5302246,0,0,0,-29.44007,1.050852,-0.4937267,-0.9522842,-0.1337788,0.2743322,0,0,0,0.2260774
1731426990384,-29.28096,1.412501,-0.6157455,-0.9978843,0.02077522,-0.06161118,-2.9603,0.590989,0.25177,-29.42714,1.061346,-0.6759415,-0.845919,0.03319722,-0.5322782,-2.577209,-0.2281845,0.3509045,-29.47586,1.052741,-0.4925251,-0.9567165,-0.1105827,0.2691932,-2.684355,0.1416385,0.09012222,0.2260774
1731426990390,-29.28096,1.412501,-0.6157455,-0.9978843,0.02077522,-0.06161118,0,0,0,-29.42714,1.061346,-0.6759415,-0.845919,0.03319722,-0.5322782,0,0,0,-29.47586,1.052741,-0.4925251,-0.9567165,-0.1105827,0.2691932,0,0,0,0.2260774
1731426990412,-29.3156,1.41329,-0.6123161,-0.9969314,0.04946321,-0.06067467,-2.597809,0.05921423,0.257206,-29.45753,1.060901,-0.676405,-0.8346874,-0.04922295,-0.5485203,-2.278948,-0.03333092,-0.03476143,-29.50596,1.059485,-0.4939022,-0.9406124,-0.07535918,0.3310127,-2.257347,0.5058289,-0.1032829,0.2260774
1731426990417,-29.3156,1.41329,-0.6123161,-0.9969314,0.04946321,-0.06067467,0,0,0,-29.45753,1.060901,-0.676405,-0.8346874,-0.04922295,-0.5485203,0,0,0,-29.50596,1.059485,-0.4939022,-0.9406124,-0.07535918,0.3310127,0,0,0,0.2260774
1731426990440,-29.35137,1.418975,-0.6111202,-0.9983715,0.01659231,-0.05458438,-2.68321,0.4263818,0.08969307,-29.48375,1.06615,-0.6763592,-0.839431,-0.1020408,-0.5338016,-1.966238,0.3936946,0.003433228,-29.53416,1.069687,-0.4966984,-0.9573423,-0.06441685,0.2816849,-2.114582,0.7651091,-0.209713,0.2260774
1731426990445,-29.35137,1.418975,-0.6111202,-0.9983715,0.01659231,-0.05458438,0,0,0,-29.48375,1.06615,-0.6763592,-0.839431,-0.1020408,-0.5338016,0,0,0,-29.53416,1.069687,-0.4966984,-0.9573423,-0.06441685,0.2816849,0,0,0,0.2260774
1731426990468,-29.38815,1.426557,-0.611681,-0.998256,0.0113814,-0.05793118,-2.758455,0.5686104,-0.04205704,-29.51242,1.072125,-0.6717396,-0.853791,-0.05789349,-0.5173877,-2.150631,0.4480898,0.3464699,-29.56538,1.077327,-0.4985752,-0.9807755,-0.05866545,0.1861126,-2.342033,0.573045,-0.1407623,0.2260774
1731426990473,-29.38815,1.426557,-0.611681,-0.998256,0.0113814,-0.05793118,0,0,0,-29.51242,1.072125,-0.6717396,-0.853791,-0.05789349,-0.5173877,0,0,0,-29.56538,1.077327,-0.4985752,-0.9807755,-0.05866545,0.1861126,0,0,0,0.2260774
1731426990496,-29.42425,1.432124,-0.6116924,-0.9978912,0.01319275,-0.06355631,-2.707386,0.4175484,-0.0008583069,-29.54382,1.074781,-0.6696701,-0.8457916,-0.04747045,-0.5313979,-2.354622,0.1991808,0.1552105,-29.59951,1.083244,-0.4999218,-0.9780915,-0.0682755,0.1966617,-2.559471,0.4437804,-0.1009941,0.2260774
1731426990501,-29.42425,1.432124,-0.6116924,-0.9978912,0.01319275,-0.06355631,0,0,0,-29.54382,1.074781,-0.6696701,-0.8457916,-0.04747045,-0.5313979,0,0,0,-29.59951,1.083244,-0.4999218,-0.9780915,-0.0682755,0.1966617,0,0,0,0.2260774
1731426990506,-29.42425,1.432124,-0.6116924,-0.9978912,0.01319275,-0.06355631,0,0,0,-29.54382,1.074781,-0.6696701,-0.8457916,-0.04747045,-0.5313979,0,0,0,-29.59951,1.083244,-0.4999218,-0.9780915,-0.0682755,0.1966617,0,0,0,0.2260774
1731426990524,-29.4598,1.435559,-0.6113358,-0.9973962,0.01015397,-0.07140243,-2.66633,0.2575904,0.02675056,-29.5767,1.076131,-0.6712704,-0.8411017,-0.09715076,-0.5320816,-2.466488,0.1012802,-0.1200199,-29.63387,1.088198,-0.5026798,-0.9726248,-0.1041376,0.2077419,-2.576923,0.3715575,-0.206852,0.2260774
1731426990529,-29.4598,1.435559,-0.6113358,-0.9973962,0.01015397,-0.07140243,0,0,0,-29.5767,1.076131,-0.6712704,-0.8411017,-0.09715076,-0.5320816,0,0,0,-29.63387,1.088198,-0.5026798,-0.9726248,-0.1041376,0.2077419,0,0,0,0.2260774
1731426990551,-29.49443,1.436969,-0.6121044,-0.9968015,0.008796494,-0.07943225,-2.59738,0.1058131,-0.05764961,-29.60762,1.078183,-0.6732349,-0.840087,-0.09476529,-0.5341102,-2.318573,0.153923,-0.1473427,-29.66756,1.091076,-0.5061436,-0.9754572,-0.134599,0.1742612,-2.526569,0.2158463,-0.2597809,0.2260774
1731426990557,-29.49443,1.436969,-0.6121044,-0.9968015,0.008796494,-0.07943225,0,0,0,-29.60762,1.078183,-0.6732349,-0.840087,-0.09476529,-0.5341102,0,0,0,-29.66756,1.091076,-0.5061436,-0.9754572,-0.134599,0.1742612,0,0,0,0.2260774
1731426990578,-29.52856,1.436088,-0.6135998,-0.9961427,0.005601455,-0.08757174,-2.559757,-0.06610751,-0.1121521,-29.63984,1.078374,-0.6767864,-0.8292474,-0.0725335,-0.5541552,-2.416992,0.014323,-0.2663612,-29.7031,1.089945,-0.511549,-0.9787533,-0.1407557,0.1490987,-2.665615,-0.08486509,-0.405407,0.2260774
1731426990583,-29.52856,1.436088,-0.6135998,-0.9961427,0.005601455,-0.08757174,0,0,0,-29.63984,1.078374,-0.6767864,-0.8292474,-0.0725335,-0.5541552,0,0,0,-29.7031,1.089945,-0.511549,-0.9787533,-0.1407557,0.1490987,0,0,0,0.2260774
1731426990607,-29.56282,1.433311,-0.6156368,-0.9954115,0.006339211,-0.09547901,-2.568913,-0.2082825,-0.1527786,-29.67507,1.076239,-0.6788883,-0.8221541,-0.07279381,-0.5645924,-2.642155,-0.1601458,-0.1576424,-29.73925,1.086837,-0.5167351,-0.9819373,-0.1105932,0.1535211,-2.711391,-0.2331197,-0.3889561,0.2260774
1731426990612,-29.56282,1.433311,-0.6156368,-0.9954115,0.006339211,-0.09547901,0,0,0,-29.67507,1.076239,-0.6788883,-0.8221541,-0.07279381,-0.5645924,0,0,0,-29.73925,1.086837,-0.5167351,-0.9819373,-0.1105932,0.1535211,0,0,0,0.2260774
1731426990635,-29.59757,1.428431,-0.6184254,-0.994615,0.01144297,-0.1030059,-2.606678,-0.3659964,-0.2091408,-29.71048,1.072025,-0.682539,-0.8195245,-0.07406691,-0.5682375,-2.655602,-0.3160357,-0.2737999,-29.77629,1.081128,-0.5223198,-0.9855475,-0.0910657,0.142841,-2.777767,-0.4281521,-0.4188538,0.2260774
1731426990640,-29.59757,1.428431,-0.6184254,-0.994615,0.01144297,-0.1030059,0,0,0,-29.71048,1.072025,-0.682539,-0.8195245,-0.07406691,-0.5682375,0,0,0,-29.77629,1.081128,-0.5223198,-0.9855475,-0.0910657,0.142841,0,0,0,0.2260774
1731426990662,-29.6347,1.421685,-0.6213036,-0.9941669,0.01609376,-0.1066474,-2.784634,-0.505954,-0.2158642,-29.74575,1.066254,-0.6867599,-0.8174908,-0.06564646,-0.5721895,-2.645588,-0.4328281,-0.3165722,-29.81491,1.07351,-0.5273495,-0.9868262,-0.103882,0.124027,-2.896786,-0.5713284,-0.3772259,0.2260774
1731426990668,-29.6347,1.421685,-0.6213036,-0.9941669,0.01609376,-0.1066474,0,0,0,-29.74575,1.066254,-0.6867599,-0.8174908,-0.06564646,-0.5721895,0,0,0,-29.81491,1.07351,-0.5273495,-0.9868262,-0.103882,0.124027,0,0,0,0.2260774
1731426990691,-29.67136,1.41434,-0.6255684,-0.9939302,0.01423245,-0.1090902,-2.749157,-0.5508453,-0.3198624,-29.78306,1.059031,-0.6909924,-0.8112378,-0.04563776,-0.5829328,-2.797794,-0.5417615,-0.3174305,-29.85377,1.06603,-0.5321121,-0.9849831,-0.1060221,0.1362644,-2.914524,-0.5610198,-0.3571987,0.2260774
1731426990697,-29.67136,1.41434,-0.6255684,-0.9939302,0.01423245,-0.1090902,0,0,0,-29.78306,1.059031,-0.6909924,-0.8112378,-0.04563776,-0.5829328,0,0,0,-29.85377,1.06603,-0.5321121,-0.9849831,-0.1060221,0.1362644,0,0,0,0.2260774
1731426990718,-29.70732,1.407554,-0.6314888,-0.9934589,0.01378612,-0.1133581,-2.697086,-0.5089939,-0.4440308,-29.82151,1.052113,-0.6956959,-0.8175392,-0.03401592,-0.5748677,-2.883911,-0.5188107,-0.3527641,-29.89281,1.060669,-0.5380859,-0.9850848,-0.06581786,0.1589848,-2.928257,-0.4020542,-0.4480362,0.2260774
1731426990723,-29.70732,1.407554,-0.6314888,-0.9934589,0.01378612,-0.1133581,0,0,0,-29.82151,1.052113,-0.6956959,-0.8175392,-0.03401592,-0.5748677,0,0,0,-29.89281,1.060669,-0.5380859,-0.9850848,-0.06581786,0.1589848,0,0,0,0.2260774
1731426990746,-29.74395,1.401472,-0.6378803,-0.9930103,0.02012871,-0.1163017,-2.74744,-0.4560918,-0.4793644,-29.86091,1.045714,-0.7012386,-0.8238866,-0.0409734,-0.5652722,-2.954865,-0.4799724,-0.4157066,-29.9328,1.057258,-0.5434914,-0.9879893,-0.0313176,0.1513171,-2.99921,-0.2558291,-0.405407,0.2260774
1731426990752,-29.74395,1.401472,-0.6378803,-0.9930103,0.02012871,-0.1163017,0,0,0,-29.86091,1.045714,-0.7012386,-0.8238866,-0.0409734,-0.5652722,0,0,0,-29.9328,1.057258,-0.5434914,-0.9879893,-0.0313176,0.1513171,0,0,0,0.2260774
1731426990774,-29.78107,1.401157,-0.6447029,-0.9931627,0.01868717,-0.1152351,-2.784061,-0.02368391,-0.511694,-29.90078,1.046539,-0.7076359,-0.8178498,-0.04175163,-0.5739158,-2.990627,0.06192327,-0.4797935,-29.97551,1.060857,-0.5473881,-0.9882485,-0.04185064,0.1470162,-3.202629,0.2699196,-0.2922535,0.2310915
1731426990781,-29.78107,1.401157,-0.6447029,-0.9931627,0.01868717,-0.1152351,0,0,0,-29.90078,1.046539,-0.7076359,-0.8178498,-0.04175163,-0.5739158,0,0,0,-29.97551,1.060857,-0.5473881,-0.9882485,-0.04185064,0.1470162,0,0,0,0.2310915
1731426990802,-29.81924,1.402603,-0.652586,-0.993853,0.00779666,-0.1104348,-2.863026,0.1084864,-0.5912304,-29.93926,1.048915,-0.7154751,-0.8195063,-0.03273375,-0.5721353,-2.885914,0.1781881,-0.5879402,-30.01593,1.064604,-0.5531998,-0.9864603,-0.03808104,0.1595195,-3.03154,0.281024,-0.4358768,0.2341847
1731426990807,-29.81924,1.402603,-0.652586,-0.993853,0.00779666,-0.1104348,0,0,0,-29.93926,1.048915,-0.7154751,-0.8195063,-0.03273375,-0.5721353,0,0,0,-30.01593,1.064604,-0.5531998,-0.9864603,-0.03808104,0.1595195,0,0,0,0.2341847
1731426990811,-29.81924,1.402603,-0.652586,-0.993853,0.00779666,-0.1104348,0,0,0,-29.93926,1.048915,-0.7154751,-0.8195063,-0.03273375,-0.5721353,0,0,0,-30.01593,1.064604,-0.5531998,-0.9864603,-0.03808104,0.1595195,0,0,0,0.2341847
1731426990829,-29.85847,1.403437,-0.6603718,-0.9937007,0.02443568,-0.1093726,-2.94199,0.06254911,-0.5839348,-29.97924,1.052285,-0.7235279,-0.8231595,-0.01288043,-0.5676649,-2.998066,0.2527356,-0.6039619,-30.05785,1.068706,-0.5604172,-0.9846408,-0.02094461,0.1733329,-3.14455,0.3076494,-0.5413055,0.2341847
1731426990835,-29.85847,1.403437,-0.6603718,-0.9937007,0.02443568,-0.1093726,0,0,0,-29.97924,1.052285,-0.7235279,-0.8231595,-0.01288043,-0.5676649,0,0,0,-30.05785,1.068706,-0.5604172,-0.9846408,-0.02094461,0.1733329,0,0,0,0.2341847
1731426990857,-29.89887,1.40816,-0.6688633,-0.9947225,0.01180182,-0.1019225,-3.029823,0.3541946,-0.6368637,-30.01891,1.056755,-0.7312317,-0.8266377,-0.005623389,-0.5627065,-2.975464,0.3352404,-0.5777836,-30.09871,1.073339,-0.56707,-0.9845267,-0.02392485,0.1735948,-3.064442,0.3474712,-0.4989624,0.2341847
1731426990863,-29.89887,1.40816,-0.6688633,-0.9947225,0.01180182,-0.1019225,0,0,0,-30.01891,1.056755,-0.7312317,-0.8266377,-0.005623389,-0.5627065,0,0,0,-30.09871,1.073339,-0.56707,-0.9845267,-0.02392485,0.1735948,0,0,0,0.2341847
1731426990884,-29.9396,1.414455,-0.676445,-0.9948853,0.03798592,-0.09359992,-3.054714,0.4721224,-0.5686283,-30.06051,1.062789,-0.7391357,-0.8344524,-0.01010523,-0.550988,-3.120232,0.4525959,-0.592804,-30.13964,1.078917,-0.5748825,-0.9841084,-0.04266605,0.1723674,-3.069592,0.4183352,-0.5859375,0.2341847
1731426990889,-29.9396,1.414455,-0.676445,-0.9948853,0.03798592,-0.09359992,0,0,0,-30.06051,1.062789,-0.7391357,-0.8344524,-0.01010523,-0.550988,0,0,0,-30.13964,1.078917,-0.5748825,-0.9841084,-0.04266605,0.1723674,0,0,0,0.2341847
1731426990912,-29.97886,1.419575,-0.6807518,-0.9946262,0.05575118,-0.08724082,-2.944279,0.3840476,-0.3230095,-30.10191,1.070422,-0.7451534,-0.8403866,-0.01688506,-0.5417253,-3.105068,0.5724728,-0.4513264,-30.17932,1.083939,-0.5805817,-0.9803999,-0.06938975,0.1843941,-2.97575,0.3766716,-0.4274368,0.2341847
1731426990917,-29.97886,1.419575,-0.6807518,-0.9946262,0.05575118,-0.08724082,0,0,0,-30.10191,1.070422,-0.7451534,-0.8403866,-0.01688506,-0.5417253,0,0,0,-30.17932,1.083939,-0.5805817,-0.9803999,-0.06938975,0.1843941,0,0,0,0.2341847
1731426990940,-30.01651,1.42274,-0.6813526,-0.9957887,0.0401406,-0.08242655,-2.824402,0.2373487,-0.04506111,-30.14194,1.079714,-0.7503624,-0.8539909,0.01315869,-0.5201221,-3.002071,0.6968737,-0.3906727,-30.21631,1.09003,-0.5872803,-0.9782326,-0.07311565,0.1942044,-2.774334,0.4568338,-0.5023956,0.2341847
1731426990945,-30.01651,1.42274,-0.6813526,-0.9957887,0.0401406,-0.08242655,0,0,0,-30.14194,1.079714,-0.7503624,-0.8539909,0.01315869,-0.5201221,0,0,0,-30.21631,1.09003,-0.5872803,-0.9782326,-0.07311565,0.1942044,0,0,0,0.2341847
1731426990968,-30.05517,1.429599,-0.6865597,-0.997185,0.0094044,-0.07439196,-2.899361,0.5144119,-0.3905296,-30.18148,1.086695,-0.7537041,-0.8629328,0.05596457,-0.5022106,-2.96545,0.5235493,-0.2506256,-30.25084,1.094546,-0.5931854,-0.9804906,-0.05599612,0.1884217,-2.589798,0.3386557,-0.4428864,0.2341847
1731426990973,-30.05517,1.429599,-0.6865597,-0.997185,0.0094044,-0.07439196,0,0,0,-30.18148,1.086695,-0.7537041,-0.8629328,0.05596457,-0.5022106,0,0,0,-30.25084,1.094546,-0.5931854,-0.9804906,-0.05599612,0.1884217,0,0,0,0.2341847
1731426990996,-30.09269,1.43858,-0.6895161,-0.9973999,0.006518075,-0.07177091,-2.81353,0.67361,-0.2217293,-30.22233,1.091676,-0.7571583,-0.8687104,0.05338653,-0.4924358,-3.063869,0.3735602,-0.2590656,-30.28363,1.096603,-0.5964622,-0.9797942,-0.066191,0.1887383,-2.459621,0.1542807,-0.2457619,0.2341847
1731426991000,-30.09269,1.43858,-0.6895161,-0.9973999,0.006518075,-0.07177091,0,0,0,-30.22233,1.091676,-0.7571583,-0.8687104,0.05338653,-0.4924358,0,0,0,-30.28363,1.096603,-0.5964622,-0.9797942,-0.066191,0.1887383,0,0,0,0.2341847
1731426991024,-30.12986,1.445429,-0.692564,-0.997363,0.005668024,-0.07235718,-2.788067,0.5136609,-0.2285957,-30.26085,1.097264,-0.7615948,-0.8689845,0.01762885,-0.494526,-2.888489,0.4191399,-0.332737,-30.31578,1.098034,-0.5977249,-0.9762427,-0.1084799,0.1875702,-2.410984,0.1073509,-0.09469986,0.2341847
1731426991029,-30.12986,1.445429,-0.692564,-0.997363,0.005668024,-0.07235718,0,0,0,-30.26085,1.097264,-0.7615948,-0.8689845,0.01762885,-0.494526,0,0,0,-30.31578,1.098034,-0.5977249,-0.9762427,-0.1084799,0.1875702,0,0,0,0.2341847
1731426991052,-30.166,1.450135,-0.6962566,-0.9973783,0.006242143,-0.07209814,-2.710819,0.3529072,-0.276947,-30.29211,1.105359,-0.754982,-0.8601339,0.03812294,-0.5086422,-2.345181,0.6071448,0.4959583,-30.34757,1.099764,-0.5973396,-0.9738292,-0.1310439,0.1857001,-2.38409,0.1297742,0.02889633,0.2341847
1731426991057,-30.166,1.450135,-0.6962566,-0.9973783,0.006242143,-0.07209814,0,0,0,-30.29211,1.105359,-0.754982,-0.8601339,0.03812294,-0.5086422,0,0,0,-30.34757,1.099764,-0.5973396,-0.9738292,-0.1310439,0.1857001,0,0,0,0.2341847
1731426991080,-30.20041,1.452511,-0.6997681,-0.9973928,0.01221137,-0.07112658,-2.58007,0.178206,-0.2633572,-30.32809,1.109298,-0.7564545,-0.8612977,0.04101338,-0.5064428,-2.698231,0.2954006,-0.1104355,-30.37989,1.099622,-0.5960693,-0.9699928,-0.141246,0.1978981,-2.423859,-0.01071095,0.09527206,0.2341847
1731426991086,-30.20041,1.452511,-0.6997681,-0.9973928,0.01221137,-0.07112658,0,0,0,-30.32809,1.109298,-0.7564545,-0.8612977,0.04101338,-0.5064428,0,0,0,-30.37989,1.099622,-0.5960693,-0.9699928,-0.141246,0.1978981,0,0,0,0.2341847
1731426991108,-30.23609,1.451705,-0.7027321,-0.9972501,0.02202064,-0.07076621,-2.676201,-0.06045699,-0.2223015,-30.36403,1.109854,-0.7561035,-0.8696193,0.04718386,-0.4914635,-2.695084,0.04170835,0.02632141,-30.41192,1.097875,-0.5943413,-0.9670056,-0.13673,0.2149546,-2.402687,-0.131017,0.1296043,0.2341847
1731426991112,-30.23609,1.451705,-0.7027321,-0.9972501,0.02202064,-0.07076621,0,0,0,-30.36403,1.109854,-0.7561035,-0.8696193,0.04718386,-0.4914635,0,0,0,-30.41192,1.097875,-0.5943413,-0.9670056,-0.13673,0.2149546,0,0,0,0.2341847
1731426991135,-30.2695,1.44799,-0.7060509,-0.9973536,0.02791757,-0.06713235,-2.50597,-0.2785742,-0.248909,-30.39529,1.107243,-0.7576599,-0.8814121,0.0604568,-0.4684634,-2.345181,-0.1958102,-0.1167297,-30.43547,1.09464,-0.5867805,-0.9653982,-0.1403879,0.219767,-1.766396,-0.242579,0.5670547,0.2341847
1731426991141,-30.2695,1.44799,-0.7060509,-0.9973536,0.02791757,-0.06713235,0,0,0,-30.39529,1.107243,-0.7576599,-0.8814121,0.0604568,-0.4684634,0,0,0,-30.43547,1.09464,-0.5867805,-0.9653982,-0.1403879,0.219767,0,0,0,0.2341847
1731426991163,-30.30555,1.441893,-0.7076302,-0.9975405,0.03080125,-0.06296623,-2.703381,-0.4573256,-0.1184464,-30.43088,1.102229,-0.7569618,-0.8882765,0.07858696,-0.4525371,-2.668762,-0.3760636,0.05235672,-30.4691,1.087645,-0.5862961,-0.9633924,-0.151877,0.2209263,-2.521706,-0.5246311,0.03633499,0.2341847
1731426991168,-30.30555,1.441893,-0.7076302,-0.9975405,0.03080125,-0.06296623,0,0,0,-30.43088,1.102229,-0.7569618,-0.8882765,0.07858696,-0.4525371,0,0,0,-30.4691,1.087645,-0.5862961,-0.9633924,-0.151877,0.2209263,0,0,0,0.2341847
1731426991174,-30.30555,1.441893,-0.7076302,-0.9975405,0.03080125,-0.06296623,0,0,0,-30.43088,1.102229,-0.7569618,-0.8882765,0.07858696,-0.4525371,0,0,0,-30.4691,1.087645,-0.5862961,-0.9633924,-0.151877,0.2209263,0,0,0,0.2341847
1731426991191,-30.33881,1.433974,-0.7089844,-0.9976509,0.03321037,-0.05991733,-2.494812,-0.593859,-0.1015663,-30.46988,1.092901,-0.7560883,-0.8888185,0.08886948,-0.4495604,-2.92511,-0.6995827,0.06551743,-30.50668,1.076331,-0.588974,-0.9603654,-0.1316713,0.2456854,-2.818966,-0.8485705,-0.2008438,0.2341847
1731426991196,-30.33881,1.433974,-0.7089844,-0.9976509,0.03321037,-0.05991733,0,0,0,-30.46988,1.092901,-0.7560883,-0.8888185,0.08886948,-0.4495604,0,0,0,-30.50668,1.076331,-0.588974,-0.9603654,-0.1316713,0.2456854,0,0,0,0.2341847
1731426991219,-30.37479,1.42501,-0.7095375,-0.9977946,0.03619147,-0.05564737,-2.698231,-0.6723583,-0.04148483,-30.50271,1.085304,-0.7599831,-0.8930938,0.09562583,-0.4395902,-2.462482,-0.5698353,-0.2921104,-30.53884,1.067492,-0.5904198,-0.962819,-0.1025905,0.24991,-2.411556,-0.6629527,-0.1084328,0.2341847
1731426991224,-30.37479,1.42501,-0.7095375,-0.9977946,0.03619147,-0.05564737,0,0,0,-30.50271,1.085304,-0.7599831,-0.8930938,0.09562583,-0.4395902,0,0,0,-30.53884,1.067492,-0.5904198,-0.962819,-0.1025905,0.24991,0,0,0,0.2341847
1731426991244,-30.41025,1.414717,-0.7101326,-0.9979917,0.03658183,-0.05171621,-2.659607,-0.7719666,-0.04463196,-30.53499,1.07741,-0.7655678,-0.8860759,0.1160529,-0.4487782,-2.420712,-0.5919993,-0.4188538,-30.57729,1.058918,-0.5925293,-0.9659206,-0.08576536,0.244217,-2.884197,-0.6429881,-0.1582146,0.2341847
1731426991249,-30.41025,1.414717,-0.7101326,-0.9979917,0.03658183,-0.05171621,0,0,0,-30.53499,1.07741,-0.7655678,-0.8860759,0.1160529,-0.4487782,0,0,0,-30.57729,1.058918,-0.5925293,-0.9659206,-0.08576536,0.244217,0,0,0,0.2341847
1731426991271,-30.44539,1.406119,-0.7107162,-0.9984677,0.02295734,-0.05035365,-2.635574,-0.6448567,-0.04377365,-30.57171,1.07042,-0.7661171,-0.8791559,0.1198434,-0.461219,-2.754021,-0.5242735,-0.04119873,-30.61283,1.052683,-0.5938568,-0.9631928,-0.09176635,0.2526633,-2.665329,-0.467661,-0.0995636,0.2341847
1731426991277,-30.44539,1.406119,-0.7107162,-0.9984677,0.02295734,-0.05035365,0,0,0,-30.57171,1.07042,-0.7661171,-0.8791559,0.1198434,-0.461219,0,0,0,-30.61283,1.052683,-0.5938568,-0.9631928,-0.09176635,0.2526633,0,0,0,0.2341847
1731426991300,-30.48232,1.402624,-0.7104492,-0.9985505,0.02266245,-0.0488199,-2.76947,-0.2621144,0.02002716,-30.60777,1.067483,-0.7670898,-0.8737325,0.1126582,-0.4731809,-2.704239,-0.2202988,-0.07295609,-30.64837,1.050791,-0.5966225,-0.9631773,-0.08829863,0.2539552,-2.665329,-0.1419067,-0.2074242,0.2357317
1731426991305,-30.48232,1.402624,-0.7104492,-0.9985505,0.02266245,-0.0488199,0,0,0,-30.60777,1.067483,-0.7670898,-0.8737325,0.1126582,-0.4731809,0,0,0,-30.64837,1.050791,-0.5966225,-0.9631773,-0.08829863,0.2539552,0,0,0,0.2357317
1731426991328,-30.51835,1.399988,-0.7105484,-0.9974194,0.04852457,-0.05291581,-2.702808,-0.1977056,-0.00743866,-30.6468,1.068149,-0.7704315,-0.8637966,0.09622513,-0.4945672,-2.927685,0.04996061,-0.2506256,-30.68723,1.051187,-0.6013184,-0.968766,-0.07319181,0.2369298,-2.914524,0.02969205,-0.3521919,0.2373312
1731426991333,-30.51835,1.399988,-0.7105484,-0.9974194,0.04852457,-0.05291581,0,0,0,-30.6468,1.068149,-0.7704315,-0.8637966,0.09622513,-0.4945672,0,0,0,-30.68723,1.051187,-0.6013184,-0.968766,-0.07319181,0.2369298,0,0,0,0.2373312
1731426991356,-30.55449,1.404607,-0.7111244,-0.9981898,0.02777262,-0.053352,-2.710533,0.3464431,-0.04320145,-30.68717,1.074422,-0.7732468,-0.8602811,0.07216365,-0.5046873,-3.027534,0.4705042,-0.2111435,-30.72886,1.056541,-0.6076965,-0.9744179,-0.07323221,0.2124786,-3.12252,0.4015446,-0.478363,0.2419393
1731426991361,-30.55449,1.404607,-0.7111244,-0.9981898,0.02777262,-0.053352,0,0,0,-30.68717,1.074422,-0.7732468,-0.8602811,0.07216365,-0.5046873,0,0,0,-30.72886,1.056541,-0.6076965,-0.9744179,-0.07323221,0.2124786,0,0,0,0.2419393
1731426991384,-30.59343,1.407672,-0.7131538,-0.9972937,0.04163191,-0.06060255,-2.91996,0.2298564,-0.1522064,-30.72398,1.077806,-0.7762871,-0.8559409,0.07239675,-0.5119807,-2.761173,0.2537549,-0.2280235,-30.77106,1.057628,-0.6144753,-0.9772915,-0.07713689,0.1973614,-3.16515,0.08158386,-0.5084038,0.2419393
1731426991389,-30.59343,1.407672,-0.7131538,-0.9972937,0.04163191,-0.06060255,0,0,0,-30.72398,1.077806,-0.7762871,-0.8559409,0.07239675,-0.5119807,0,0,0,-30.77106,1.057628,-0.6144753,-0.9772915,-0.07713689,0.1973614,0,0,0,0.2419393
1731426991412,-30.63277,1.411301,-0.7161789,-0.9947043,0.06694166,-0.07799065,-2.950859,0.2721906,-0.2268791,-30.76334,1.083162,-0.7802238,-0.8423011,0.0638625,-0.535211,-2.952003,0.4017413,-0.2952576,-30.8161,1.06255,-0.6228142,-0.9771788,-0.08137328,0.196215,-3.37801,0.3690898,-0.6254196,0.2419393
1731426991418,-30.63277,1.411301,-0.7161789,-0.9947043,0.06694166,-0.07799065,0,0,0,-30.76334,1.083162,-0.7802238,-0.8423011,0.0638625,-0.535211,0,0,0,-30.8161,1.06255,-0.6228142,-0.9771788,-0.08137328,0.196215,0,0,0,0.2419393
1731426991440,-30.66938,1.414639,-0.7192001,-0.9958328,0.04380953,-0.0799886,-2.745438,0.2503842,-0.226593,-30.79585,1.088462,-0.7852173,-0.8345855,0.06698655,-0.5467908,-2.437878,0.3975213,-0.3745079,-30.85451,1.070443,-0.6332321,-0.9853835,-0.06439319,0.1577119,-2.880192,0.5920351,-0.7813454,0.2419393
1731426991445,-30.66938,1.414639,-0.7192001,-0.9958328,0.04380953,-0.0799886,0,0,0,-30.79585,1.088462,-0.7852173,-0.8345855,0.06698655,-0.5467908,0,0,0,-30.85451,1.070443,-0.6332321,-0.9853835,-0.06439319,0.1577119,0,0,0,0.2419393
1731426991468,-30.70787,1.421909,-0.7170219,-0.9963948,0.02202809,-0.08193266,-2.886772,0.5452484,0.1633644,-30.82735,1.092713,-0.7916451,-0.8467699,0.07197948,-0.5270669,-2.362919,0.3187984,-0.4820824,-30.89606,1.078279,-0.643486,-0.9898176,-0.0703586,0.1237382,-3.116798,0.5876899,-0.769043,0.2419393
1731426991473,-30.70787,1.421909,-0.7170219,-0.9963948,0.02202809,-0.08193266,0,0,0,-30.82735,1.092713,-0.7916451,-0.8467699,0.07197948,-0.5270669,0,0,0,-30.89606,1.078279,-0.643486,-0.9898176,-0.0703586,0.1237382,0,0,0,0.2419393
1731426991496,-30.7458,1.429341,-0.7190552,-0.9961609,0.01459493,-0.08631682,-2.845001,0.5574077,-0.1524925,-30.85808,1.095044,-0.8004532,-0.8347612,0.05001434,-0.5483369,-2.304554,0.1748085,-0.6606102,-30.93523,1.08777,-0.6543274,-0.9893076,-0.04331119,0.1392657,-2.937126,0.7118136,-0.8131027,0.2419393
1731426991501,-30.7458,1.429341,-0.7190552,-0.9961609,0.01459493,-0.08631682,0,0,0,-30.85808,1.095044,-0.8004532,-0.8347612,0.05001434,-0.5483369,0,0,0,-30.93523,1.08777,-0.6543274,-0.9893076,-0.04331119,0.1392657,0,0,0,0.2419393
1731426991506,-30.7458,1.429341,-0.7190552,-0.9961609,0.01459493,-0.08631682,0,0,0,-30.85808,1.095044,-0.8004532,-0.8347612,0.05001434,-0.5483369,0,0,0,-30.93523,1.08777,-0.6543274,-0.9893076,-0.04331119,0.1392657,0,0,0,0.2419393
1731426991524,-30.78181,1.435145,-0.7193794,-0.9958279,0.0122242,-0.09043276,-2.701092,0.4352599,-0.0243187,-30.899,1.098799,-0.7994843,-0.8179821,0.009202069,-0.5751705,-3.068733,0.2816051,0.07266998,-30.97177,1.095261,-0.6648827,-0.989401,-0.03655397,0.1405333,-2.740574,0.5618513,-0.7916451,0.2419393
1731426991528,-30.78181,1.435145,-0.7193794,-0.9958279,0.0122242,-0.09043276,0,0,0,-30.899,1.098799,-0.7994843,-0.8179821,0.009202069,-0.5751705,0,0,0,-30.97177,1.095261,-0.6648827,-0.989401,-0.03655397,0.1405333,0,0,0,0.2419393
1731426991551,-30.81669,1.439983,-0.7229996,-0.9955947,0.005519189,-0.09360194,-2.615833,0.3628492,-0.2715111,-30.93095,1.102577,-0.805172,-0.8124132,-0.01742484,-0.5828224,-2.396107,0.2833664,-0.4265785,-31.00771,1.099904,-0.6744118,-0.9911683,-0.06465582,0.1157822,-2.695656,0.3482133,-0.7146835,0.2419393
1731426991556,-30.81669,1.439983,-0.7229996,-0.9955947,0.005519189,-0.09360194,0,0,0,-30.93095,1.102577,-0.805172,-0.8124132,-0.01742484,-0.5828224,0,0,0,-31.00771,1.099904,-0.6744118,-0.9911683,-0.06465582,0.1157822,0,0,0,0.2419393
1731426991578,-30.8509,1.442584,-0.7275391,-0.9952141,0.01143961,-0.09704888,-2.565479,0.1950592,-0.3404617,-30.96225,1.103484,-0.8115845,-0.8087043,-0.02367966,-0.5877392,-2.347469,0.06806552,-0.480938,-31.04428,1.101106,-0.6827469,-0.9909594,-0.09685826,0.09283507,-2.743149,0.09010434,-0.6251335,0.2419393
1731426991583,-30.8509,1.442584,-0.7275391,-0.9952141,0.01143961,-0.09704888,0,0,0,-30.96225,1.103484,-0.8115845,-0.8087043,-0.02367966,-0.5877392,0,0,0,-31.04428,1.101106,-0.6827469,-0.9909594,-0.09685826,0.09283507,0,0,0,0.2419393
1731426991607,-30.88512,1.443076,-0.7323532,-0.9944381,0.02637243,-0.10197,-2.566624,0.03693402,-0.3610611,-30.99835,1.102393,-0.8133125,-0.8019618,-0.0146362,-0.5971967,-2.707958,-0.08182526,-0.1296043,-31.07184,1.126064,-0.6877365,-0.9937758,-0.06712617,0.08890307,-2.066517,1.87186,-0.3742218,0.2419393
1731426991612,-30.88512,1.443076,-0.7323532,-0.9944381,0.02637243,-0.10197,0,0,0,-30.99835,1.102393,-0.8133125,-0.8019618,-0.0146362,-0.5971967,0,0,0,-31.07184,1.126064,-0.6877365,-0.9937758,-0.06712617,0.08890307,0,0,0,0.2419393
1731426991634,-30.91941,1.440067,-0.737442,-0.9938907,0.03663042,-0.1041147,-2.57206,-0.2256989,-0.3816605,-31.03576,1.09761,-0.8166237,-0.8088271,-0.02357783,-0.5875744,-2.805233,-0.3587633,-0.2483368,-31.10807,1.129184,-0.7004852,-0.9931532,-0.03425439,0.1116862,-2.7174,0.2339959,-0.9561539,0.2419393
1731426991639,-30.91941,1.440067,-0.737442,-0.9938907,0.03663042,-0.1041147,0,0,0,-31.03576,1.09761,-0.8166237,-0.8088271,-0.02357783,-0.5875744,0,0,0,-31.10807,1.129184,-0.7004852,-0.9931532,-0.03425439,0.1116862,0,0,0,0.2419393
1731426991663,-30.95296,1.433983,-0.7409554,-0.9941304,0.03560788,-0.102165,-2.515984,-0.4563063,-0.2635002,-31.07165,1.09054,-0.8231087,-0.8081824,-0.02970267,-0.5881828,-2.691936,-0.5302101,-0.4863739,-31.15005,1.109241,-0.7043343,-0.9919192,-0.04872546,0.1171433,-3.148842,-1.495734,-0.2886772,0.2419393
1731426991668,-30.95296,1.433983,-0.7409554,-0.9941304,0.03560788,-0.102165,0,0,0,-31.07165,1.09054,-0.8231087,-0.8081824,-0.02970267,-0.5881828,0,0,0,-31.15005,1.109241,-0.7043343,-0.9919192,-0.04872546,0.1171433,0,0,0,0.2419393
1731426991691,-30.98753,1.427399,-0.7468376,-0.9949051,0.02478828,-0.09772456,-2.592659,-0.4937679,-0.4411697,-31.10772,1.082627,-0.8319511,-0.7950394,-0.02092316,-0.6061974,-2.705383,-0.5934924,-0.6631851,-31.19784,1.080392,-0.7039909,-0.9896526,-0.08786015,0.1134396,-3.584003,-2.163675,0.02574921,0.2419393
1731426991695,-30.98753,1.427399,-0.7468376,-0.9949051,0.02478828,-0.09772456,0,0,0,-31.10772,1.082627,-0.8319511,-0.7950394,-0.02092316,-0.6061974,0,0,0,-31.19784,1.080392,-0.7039909,-0.9896526,-0.08786015,0.1134396,0,0,0,0.2419393
1731426991718,-31.02314,1.420944,-0.7541313,-0.9950268,0.02228964,-0.09708297,-2.670479,-0.4841208,-0.5470276,-31.14553,1.075356,-0.8373718,-0.7938415,-0.01770214,-0.6078675,-2.83556,-0.5453199,-0.4065514,-31.23831,1.071661,-0.7128487,-0.987293,-0.07716788,0.1389175,-3.035259,-0.6548345,-0.6643295,0.2419393
1731426991724,-31.02314,1.420944,-0.7541313,-0.9950268,0.02228964,-0.09708297,0,0,0,-31.14553,1.075356,-0.8373718,-0.7938415,-0.01770214,-0.6078675,0,0,0,-31.23831,1.071661,-0.7128487,-0.987293,-0.07716788,0.1389175,0,0,0,0.2419393
1731426991746,-31.05971,1.414167,-0.7624664,-0.9948189,0.02488514,-0.098575,-2.743149,-0.5083144,-0.6251335,-31.18259,1.068776,-0.8445282,-0.8003991,-0.01856422,-0.5991807,-2.77977,-0.4935354,-0.5367279,-31.28024,1.064198,-0.7190857,-0.9864291,-0.02809105,0.1617677,-3.144264,-0.5596697,-0.4677773,0.2419393
1731426991752,-31.05971,1.414167,-0.7624664,-0.9948189,0.02488514,-0.098575,0,0,0,-31.18259,1.068776,-0.8445282,-0.8003991,-0.01856422,-0.5991807,0,0,0,-31.28024,1.064198,-0.7190857,-0.9864291,-0.02809105,0.1617677,0,0,0,0.2419393
1731426991774,-31.09623,1.407239,-0.7708092,-0.9946278,0.02671674,-0.1000087,-2.739143,-0.5195975,-0.6257057,-31.22037,1.063762,-0.8501816,-0.8053688,-0.01321683,-0.5926275,-2.833557,-0.3759921,-0.4240036,-31.32356,1.060048,-0.7238579,-0.9862299,-0.006311089,0.1652609,-3.249264,-0.3112972,-0.357914,0.2419393
1731426991781,-31.09623,1.407239,-0.7708092,-0.9946278,0.02671674,-0.1000087,0,0,0,-31.22037,1.063762,-0.8501816,-0.8053688,-0.01321683,-0.5926275,0,0,0,-31.32356,1.060048,-0.7238579,-0.9862299,-0.006311089,0.1652609,0,0,0,0.2419393
1731426991802,-31.13344,1.401458,-0.7803421,-0.9947033,0.02169783,-0.1004746,-2.790356,-0.4335701,-0.7149696,-31.25982,1.059463,-0.8559113,-0.8197233,-0.003200076,-0.5727512,-2.958584,-0.3224283,-0.4297256,-31.36955,1.058034,-0.730381,-0.9825534,-0.01607371,0.1852857,-3.449535,-0.1510084,-0.4892349,0.2419393
1731426991807,-31.13344,1.401458,-0.7803421,-0.9947033,0.02169783,-0.1004746,0,0,0,-31.25982,1.059463,-0.8559113,-0.8197233,-0.003200076,-0.5727512,0,0,0,-31.36955,1.058034,-0.730381,-0.9825534,-0.01607371,0.1852857,0,0,0,0.2419393
1731426991830,-31.1715,1.400837,-0.7894745,-0.9944737,0.02146832,-0.1027701,-2.854729,-0.04658997,-0.6849289,-31.29981,1.061093,-0.8614807,-0.8283117,0.01507912,-0.5600647,-2.999496,0.1222104,-0.4177094,-31.41447,1.061101,-0.7379761,-0.9749114,-0.02016052,0.2216798,-3.368568,0.2300441,-0.5696297,0.2462225
1731426991835,-31.1715,1.400837,-0.7894745,-0.9944737,0.02146832,-0.1027701,0,0,0,-31.29981,1.061093,-0.8614807,-0.8283117,0.01507912,-0.5600647,0,0,0,-31.41447,1.061101,-0.7379761,-0.9749114,-0.02016052,0.2216798,0,0,0,0.2462225
1731426991840,-31.1715,1.400837,-0.7894745,-0.9944737,0.02146832,-0.1027701,0,0,0,-31.29981,1.061093,-0.8614807,-0.8283117,0.01507912,-0.5600647,0,0,0,-31.41447,1.061101,-0.7379761,-0.9749114,-0.02016052,0.2216798,0,0,0,0.2462225
1731426991857,-31.20961,1.40098,-0.7990494,-0.9946088,0.02159925,-0.1014254,-2.857876,0.01078248,-0.7181168,-31.34126,1.064377,-0.8688927,-0.8335084,0.02034623,-0.552133,-3.108501,0.2462983,-0.5558968,-31.45839,1.06513,-0.7458725,-0.9751161,-0.00808697,0.2215477,-3.293896,0.3021508,-0.5922318,0.2502582
1731426991863,-31.20961,1.40098,-0.7990494,-0.9946088,0.02159925,-0.1014254,0,0,0,-31.34126,1.064377,-0.8688927,-0.8335084,0.02034623,-0.552133,0,0,0,-31.45839,1.06513,-0.7458725,-0.9751161,-0.00808697,0.2215477,0,0,0,0.2502582
1731426991885,-31.24929,1.405497,-0.809288,-0.9952484,-0.007117663,-0.09711099,-2.976608,0.3387541,-0.7678986,-31.38372,1.066396,-0.8762627,-0.8364913,0.02239243,-0.5475235,-3.184605,0.1514375,-0.5527496,-31.5015,1.068457,-0.7527924,-0.977256,0.006074,0.2119768,-3.233242,0.2495527,-0.5189896,0.2524455
1731426991891,-31.24929,1.405497,-0.809288,-0.9952484,-0.007117663,-0.09711099,0,0,0,-31.38372,1.066396,-0.8762627,-0.8364913,0.02239243,-0.5475235,0,0,0,-31.5015,1.068457,-0.7527924,-0.977256,0.006074,0.2119768,0,0,0,0.2524455
1731426991912,-31.29105,1.40972,-0.8173866,-0.9950366,0.02014995,-0.09744966,-3.131962,0.3167063,-0.6073952,-31.42989,1.067137,-0.8831635,-0.8291098,0.00937544,-0.5590074,-3.462982,0.05561113,-0.5175591,-31.54669,1.068309,-0.7583084,-0.9752243,-0.004699348,0.2211698,-3.389454,-0.01111329,-0.4137039,0.2524455
1731426991917,-31.29105,1.40972,-0.8173866,-0.9950366,0.02014995,-0.09744966,0,0,0,-31.42989,1.067137,-0.8831635,-0.8291098,0.00937544,-0.5590074,0,0,0,-31.54669,1.068309,-0.7583084,-0.9752243,-0.004699348,0.2211698,0,0,0,0.2524455
1731426991940,-31.33255,1.415448,-0.8244095,-0.9948193,0.03008085,-0.09710944,-3.112507,0.4296005,-0.5267143,-31.47077,1.070511,-0.8987617,-0.8361566,-0.02436182,-0.5479499,-3.065586,0.2530038,-1.169872,-31.59001,1.065689,-0.7627068,-0.963608,-0.04185104,0.2640239,-3.248978,-0.1965165,-0.3298759,0.2524455
1731426991946,-31.33255,1.415448,-0.8244095,-0.9948193,0.03008085,-0.09710944,0,0,0,-31.47077,1.070511,-0.8987617,-0.8361566,-0.02436182,-0.5479499,0,0,0,-31.59001,1.065689,-0.7627068,-0.963608,-0.04185104,0.2640239,0,0,0,0.2524455
1731426991968,-31.37117,1.416927,-0.832428,-0.9941737,0.02675555,-0.1044189,-2.895927,0.110963,-0.601387,-31.51076,1.079551,-0.902771,-0.8548336,-0.03909212,-0.5174279,-2.99921,0.6779909,-0.3006935,-31.62917,1.064477,-0.7680092,-0.9499209,-0.0850978,0.3006807,-2.937412,-0.09092689,-0.3976822,0.2524455
1731426991973,-31.37117,1.416927,-0.832428,-0.9941737,0.02675555,-0.1044189,0,0,0,-31.51076,1.079551,-0.902771,-0.8548336,-0.03909212,-0.5174279,0,0,0,-31.62917,1.064477,-0.7680092,-0.9499209,-0.0850978,0.3006807,0,0,0,0.2524455
1731426991995,-31.40908,1.41992,-0.8383102,-0.9940367,-0.01176655,-0.1084127,-2.843857,0.2244473,-0.4411697,-31.54727,1.087431,-0.905323,-0.8699107,0.001010509,-0.4932091,-2.738285,0.5910516,-0.1914024,-31.66438,1.066248,-0.7729721,-0.948931,-0.09770592,0.2999729,-2.640438,0.1328588,-0.3722191,0.2524455
1731426992001,-31.40908,1.41992,-0.8383102,-0.9940367,-0.01176655,-0.1084127,0,0,0,-31.54727,1.087431,-0.905323,-0.8699107,0.001010509,-0.4932091,0,0,0,-31.66438,1.066248,-0.7729721,-0.948931,-0.09770592,0.2999729,0,0,0,0.2524455
1731426992022,-31.44893,1.427197,-0.8449593,-0.9936277,-0.02742007,-0.1093289,-2.988052,0.5458027,-0.4986763,-31.58397,1.09316,-0.9078941,-0.8769327,0.0477726,-0.4782335,-2.752304,0.4296541,-0.1928329,-31.69702,1.067183,-0.7772942,-0.9523374,-0.095213,0.2898072,-2.448177,0.07008612,-0.3241539,0.2524455
1731426992028,-31.44893,1.427197,-0.8449593,-0.9936277,-0.02742007,-0.1093289,0,0,0,-31.58397,1.09316,-0.9078941,-0.8769327,0.0477726,-0.4782335,0,0,0,-31.69702,1.067183,-0.7772942,-0.9523374,-0.095213,0.2898072,0,0,0,0.2524455
1731426992050,-31.48877,1.433946,-0.8525429,-0.9941395,-0.02058809,-0.1061294,-2.988625,0.506115,-0.5687714,-31.62313,1.096514,-0.9121475,-0.8761455,0.02243449,-0.4815247,-2.937126,0.2515733,-0.3190041,-31.72886,1.066641,-0.7814789,-0.9524984,-0.09354547,0.2898211,-2.38781,-0.04063547,-0.3138542,0.2524455
1731426992056,-31.48877,1.433946,-0.8525429,-0.9941395,-0.02058809,-0.1061294,0,0,0,-31.62313,1.096514,-0.9121475,-0.8761455,0.02243449,-0.4815247,0,0,0,-31.72886,1.066641,-0.7814789,-0.9524984,-0.09354547,0.2898211,0,0,0,0.2524455
1731426992079,-31.52736,1.438457,-0.8595657,-0.9948714,-0.02227017,-0.09866714,-2.893639,0.3383607,-0.5267143,-31.65921,1.099948,-0.9175186,-0.8782019,-0.005374951,-0.4782605,-2.706528,0.2575189,-0.402832,-31.76117,1.065886,-0.7836609,-0.9449183,-0.1298917,0.3004296,-2.423286,-0.05662143,-0.1636505,0.2524455
1731426992085,-31.52736,1.438457,-0.8595657,-0.9948714,-0.02227017,-0.09866714,0,0,0,-31.65921,1.099948,-0.9175186,-0.8782019,-0.005374951,-0.4782605,0,0,0,-31.76117,1.065886,-0.7836609,-0.9449183,-0.1298917,0.3004296,0,0,0,0.2524455
1731426992107,-31.56538,1.441988,-0.8652153,-0.9956445,-0.01941804,-0.09119034,-2.851868,0.2647877,-0.4237175,-31.69645,1.102405,-0.922493,-0.8834932,-0.0264928,-0.4676944,-2.792358,0.1842946,-0.3730774,-31.79318,1.066169,-0.7850342,-0.936786,-0.1515734,0.3153693,-2.400684,0.02125204,-0.1029968,0.2524455
1731426992112,-31.56538,1.441988,-0.8652153,-0.9956445,-0.01941804,-0.09119034,0,0,0,-31.69645,1.102405,-0.922493,-0.8834932,-0.0264928,-0.4676944,0,0,0,-31.79318,1.066169,-0.7850342,-0.936786,-0.1515734,0.3153693,0,0,0,0.2524455
1731426992135,-31.60286,1.444062,-0.8709869,-0.9965394,-0.01018682,-0.08249724,-2.810955,0.1555592,-0.4328728,-31.73364,1.103149,-0.9290695,-0.887173,-0.03082849,-0.4604063,-2.789497,0.05577207,-0.4932404,-31.82389,1.066841,-0.7825127,-0.9462563,-0.1263798,0.2977034,-2.303123,0.05037189,0.1891136,0.2524455
1731426992140,-31.60286,1.444062,-0.8709869,-0.9965394,-0.01018682,-0.08249724,0,0,0,-31.73364,1.103149,-0.9290695,-0.887173,-0.03082849,-0.4604063,0,0,0,-31.82389,1.066841,-0.7825127,-0.9462563,-0.1263798,0.2977034,0,0,0,0.2524455
1731426992163,-31.64108,1.443127,-0.8759155,-0.9972556,-0.001210695,-0.07402718,-2.866459,-0.07007718,-0.3696442,-31.77171,1.101611,-0.9356079,-0.8904145,-0.0316813,-0.4540473,-2.855015,-0.1153082,-0.4903793,-31.85641,1.065925,-0.7834244,-0.9542288,-0.09025136,0.2851358,-2.439022,-0.06865561,-0.06837845,0.2524455
1731426992168,-31.64108,1.443127,-0.8759155,-0.9972556,-0.001210695,-0.07402718,0,0,0,-31.77171,1.101611,-0.9356079,-0.8904145,-0.0316813,-0.4540473,0,0,0,-31.85641,1.065925,-0.7834244,-0.9542288,-0.09025136,0.2851358,0,0,0,0.2524455
1731426992173,-31.64108,1.443127,-0.8759155,-0.9972556,-0.001210695,-0.07402718,0,0,0,-31.77171,1.101611,-0.9356079,-0.8904145,-0.0316813,-0.4540473,0,0,0,-31.85641,1.065925,-0.7834244,-0.9542288,-0.09025136,0.2851358,0,0,0,0.2524455
1731426992191,-31.68032,1.439632,-0.8794441,-0.9978803,-8.77697E-05,-0.06507993,-2.943134,-0.2621412,-0.2646446,-31.81089,1.098215,-0.9386253,-0.8921093,-0.02207539,-0.451281,-2.938557,-0.2547741,-0.2263069,-31.89033,1.063252,-0.7826233,-0.9535146,-0.09524397,0.2859005,-2.544022,-0.2005309,0.06008148,0.2524455
1731426992196,-31.68032,1.439632,-0.8794441,-0.9978803,-8.77697E-05,-0.06507993,0,0,0,-31.81089,1.098215,-0.9386253,-0.8921093,-0.02207539,-0.451281,0,0,0,-31.89033,1.063252,-0.7826233,-0.9535146,-0.09524397,0.2859005,0,0,0,0.2524455
1731426992218,-31.71938,1.435236,-0.8831062,-0.9983937,0.005639601,-0.05638254,-2.929115,-0.3297418,-0.2746582,-31.8493,1.093874,-0.9415398,-0.8987678,-0.01792917,-0.4380584,-2.880764,-0.3255576,-0.2185822,-31.92336,1.060102,-0.7803421,-0.9551862,-0.09578712,0.2800795,-2.477646,-0.23624,0.1710892,0.2524455
1731426992224,-31.71938,1.435236,-0.8831062,-0.9983937,0.005639601,-0.05638254,0,0,0,-31.8493,1.093874,-0.9415398,-0.8987678,-0.01792917,-0.4380584,0,0,0,-31.92336,1.060102,-0.7803421,-0.9551862,-0.09578712,0.2800795,0,0,0,0.2524455
1731426992245,-31.75858,1.429032,-0.8863831,-0.9984918,0.01933547,-0.05138576,-2.940273,-0.4652292,-0.2457619,-31.8886,1.088238,-0.9460411,-0.8990086,-0.01434574,-0.4376965,-2.947426,-0.4226446,-0.3376007,-31.9583,1.057359,-0.7807999,-0.9600539,-0.07605157,0.2692822,-2.620125,-0.2057165,-0.03433228,0.2524455
1731426992250,-31.75858,1.429032,-0.8863831,-0.9984918,0.01933547,-0.05138576,0,0,0,-31.8886,1.088238,-0.9460411,-0.8990086,-0.01434574,-0.4376965,0,0,0,-31.9583,1.057359,-0.7807999,-0.9600539,-0.07605157,0.2692822,0,0,0,0.2524455
1731426992273,-31.79831,1.421335,-0.887867,-0.99848,0.02936027,-0.04664874,-2.979755,-0.5773097,-0.1112938,-31.92814,1.08278,-0.9496155,-0.8920016,-0.009606475,-0.4519304,-2.965736,-0.4093587,-0.2680779,-31.99587,1.055242,-0.7792397,-0.9624298,-0.05741801,0.2653909,-2.818108,-0.1587778,0.1170158,0.2524455
1731426992278,-31.79831,1.421335,-0.887867,-0.99848,0.02936027,-0.04664874,0,0,0,-31.92814,1.08278,-0.9496155,-0.8920016,-0.009606475,-0.4519304,0,0,0,-31.99587,1.055242,-0.7792397,-0.9624298,-0.05741801,0.2653909,0,0,0,0.2524455
1731426992301,-31.83706,1.414014,-0.8897972,-0.9983497,0.03203582,-0.04766703,-2.905941,-0.5490839,-0.1447678,-31.96799,1.07697,-0.9526825,-0.8906553,-0.0002637804,-0.4546796,-2.989197,-0.4357606,-0.2300262,-32.03482,1.054049,-0.7764473,-0.9624416,-0.04792292,0.2672267,-2.921104,-0.08943379,0.2094269,0.2524455
1731426992306,-31.83706,1.414014,-0.8897972,-0.9983497,0.03203582,-0.04766703,0,0,0,-31.96799,1.07697,-0.9526825,-0.8906553,-0.0002637804,-0.4546796,0,0,0,-32.03482,1.054049,-0.7764473,-0.9624416,-0.04792292,0.2672267,0,0,0,0.2524455
1731426992329,-31.87645,1.408707,-0.8924217,-0.9981948,0.03414273,-0.0494144,-2.954292,-0.3980398,-0.1968384,-32.00808,1.070626,-0.9555092,-0.8924636,0.001625609,-0.451117,-3.006363,-0.4758149,-0.2120018,-32.07605,1.053634,-0.7737007,-0.9579705,-0.03673626,0.2845056,-3.092194,-0.03116727,0.2059937,0.2524455
1731426992335,-31.87645,1.408707,-0.8924217,-0.9981948,0.03414273,-0.0494144,0,0,0,-32.00808,1.070626,-0.9555092,-0.8924636,0.001625609,-0.451117,0,0,0,-32.07605,1.053634,-0.7737007,-0.9579705,-0.03673626,0.2845056,0,0,0,0.2524455
1731426992358,-31.91468,1.403817,-0.8924713,-0.9981687,0.04419271,-0.04131341,-2.867317,-0.3667474,-0.00371933,-32.04736,1.06643,-0.9591026,-0.8909279,-0.003771249,-0.4541303,-2.945995,-0.3146678,-0.2695084,-32.11784,1.054033,-0.7714119,-0.9460884,-0.04056312,0.321359,-3.134537,0.02991557,0.1716614,0.2524455
1731426992363,-31.91468,1.403817,-0.8924713,-0.9981687,0.04419271,-0.04131341,0,0,0,-32.04736,1.06643,-0.9591026,-0.8909279,-0.003771249,-0.4541303,0,0,0,-32.11784,1.054033,-0.7714119,-0.9460884,-0.04056312,0.321359,0,0,0,0.2524455
1731426992385,-31.95053,1.398499,-0.8937836,-0.996856,0.06759661,-0.04134536,-2.689362,-0.3987998,-0.09841919,-32.08905,1.070882,-0.9582405,-0.8833848,0.001980085,-0.4686446,-3.126812,0.3338903,0.06465912,-32.15874,1.059643,-0.7718163,-0.9424087,-0.06601268,0.3278852,-3.067017,0.420776,-0.03032684,0.2558478
1731426992390,-31.95053,1.398499,-0.8937836,-0.996856,0.06759661,-0.04134536,0,0,0,-32.08905,1.070882,-0.9582405,-0.8833848,0.001980085,-0.4686446,0,0,0,-32.15874,1.059643,-0.7718163,-0.9424087,-0.06601268,0.3278852,0,0,0,0.2558478
1731426992413,-31.9855,1.404857,-0.8948097,-0.998106,0.04284959,-0.0441426,-2.622414,0.4767895,-0.07696152,-32.12709,1.084659,-0.9605865,-0.8838663,0.04277241,-0.4657804,-2.853298,1.033223,-0.1759529,-32.19758,1.072908,-0.7776985,-0.9632704,-0.05453148,0.2629387,-2.91338,0.9948939,-0.4411697,0.2662133
1731426992420,-31.9855,1.404857,-0.8948097,-0.998106,0.04284959,-0.0441426,0,0,0,-32.12709,1.084659,-0.9605865,-0.8838663,0.04277241,-0.4657804,0,0,0,-32.19758,1.072908,-0.7776985,-0.9632704,-0.05453148,0.2629387,0,0,0,0.2662133
1731426992441,-32.02672,1.413409,-0.8961029,-0.9961407,0.05721301,-0.06656289,-3.091621,0.6414413,-0.09698868,-32.16732,1.08705,-0.9649773,-0.8716101,0.09963747,-0.4799676,-3.017235,0.1793504,-0.3293037,-32.23919,1.076517,-0.7845688,-0.9826963,-0.02594888,0.1833982,-3.120804,0.2706707,-0.5152702,0.2662133
1731426992446,-32.02672,1.413409,-0.8961029,-0.9961407,0.05721301,-0.06656289,0,0,0,-32.16732,1.08705,-0.9649773,-0.8716101,0.09963747,-0.4799676,0,0,0,-32.23919,1.076517,-0.7845688,-0.9826963,-0.02594888,0.1833982,0,0,0,0.2662133
1731426992469,-32.06571,1.416095,-0.8972282,-0.9908016,0.1098602,-0.0790149,-2.924252,0.2014518,-0.08440018,-32.20756,1.088495,-0.9666328,-0.843426,0.1096152,-0.5259446,-3.017521,0.1084059,-0.1241684,-32.28021,1.081193,-0.7926216,-0.9824172,-0.008819018,0.1864911,-3.076458,0.3506988,-0.6039619,0.2662133
1731426992474,-32.06571,1.416095,-0.8972282,-0.9908016,0.1098602,-0.0790149,0,0,0,-32.20756,1.088495,-0.9666328,-0.843426,0.1096152,-0.5259446,0,0,0,-32.28021,1.081193,-0.7926216,-0.9824172,-0.008819018,0.1864911,0,0,0,0.2662133
1731426992496,-32.10403,1.42092,-0.8969345,-0.9946739,0.07874212,-0.06651151,-2.873898,0.3618479,0.02202988,-32.24569,1.089911,-0.9714928,-0.8462368,0.03476967,-0.5316721,-2.859879,0.1061529,-0.3644943,-32.31851,1.089689,-0.7992134,-0.9709191,0.01319358,0.2390447,-2.872467,0.6372124,-0.4943848,0.2662133
1731426992502,-32.10403,1.42092,-0.8969345,-0.9946739,0.07874212,-0.06651151,0,0,0,-32.24569,1.089911,-0.9714928,-0.8462368,0.03476967,-0.5316721,0,0,0,-32.31851,1.089689,-0.7992134,-0.9709191,0.01319358,0.2390447,0,0,0,0.2662133
1731426992507,-32.10403,1.42092,-0.8969345,-0.9946739,0.07874212,-0.06651151,0,0,0,-32.24569,1.089911,-0.9714928,-0.8462368,0.03476967,-0.5316721,0,0,0,-32.31851,1.089689,-0.7992134,-0.9709191,0.01319358,0.2390447,0,0,0,0.2662133
1731426992524,-32.14362,1.428688,-0.8975029,-0.9968047,0.05813435,-0.05478227,-2.96917,0.5825937,-0.04262924,-32.28139,1.092196,-0.9766617,-0.8591862,-0.02022663,-0.5112637,-2.677917,0.1714021,-0.3876686,-32.35511,1.098705,-0.8035431,-0.9694692,-0.007405041,0.2451017,-2.744579,0.6761938,-0.3247261,0.2662133
1731426992530,-32.14362,1.428688,-0.8975029,-0.9968047,0.05813435,-0.05478227,0,0,0,-32.28139,1.092196,-0.9766617,-0.8591862,-0.02022663,-0.5112637,0,0,0,-32.35511,1.098705,-0.8035431,-0.9694692,-0.007405041,0.2451017,0,0,0,0.2662133
1731426992552,-32.18269,1.434668,-0.89711,-0.9983183,0.03784458,-0.04392123,-2.93026,0.4484922,0.02946854,-32.3163,1.094396,-0.9804153,-0.8540525,-0.03262195,-0.5191638,-2.618122,0.1649648,-0.2815247,-32.38876,1.105793,-0.8075485,-0.9639511,-0.04782613,0.2617463,-2.523994,0.5315691,-0.3004074,0.2662133
1731426992558,-32.18269,1.434668,-0.89711,-0.9983183,0.03784458,-0.04392123,0,0,0,-32.3163,1.094396,-0.9804153,-0.8540525,-0.03262195,-0.5191638,0,0,0,-32.38876,1.105793,-0.8075485,-0.9639511,-0.04782613,0.2617463,0,0,0,0.2662133
1731426992578,-32.22132,1.439606,-0.8971291,-0.9990636,0.02406252,-0.03596294,-2.897072,0.3703594,-0.001430511,-32.35386,1.096464,-0.9817047,-0.8534628,-0.0299501,-0.5202931,-2.816391,0.1550943,-0.09670258,-32.4212,1.110238,-0.8101234,-0.9610102,-0.115133,0.2514044,-2.4333,0.3333986,-0.193119,0.2662133
1731426992583,-32.22132,1.439606,-0.8971291,-0.9990636,0.02406252,-0.03596294,0,0,0,-32.35386,1.096464,-0.9817047,-0.8534628,-0.0299501,-0.5202931,0,0,0,-32.4212,1.110238,-0.8101234,-0.9610102,-0.115133,0.2514044,0,0,0,0.2662133
1731426992606,-32.26001,1.442181,-0.8974609,-0.9988286,0.03461944,-0.03381062,-2.902222,0.1931816,-0.0248909,-32.39013,1.096668,-0.980854,-0.8660433,-0.04579556,-0.4978679,-2.720261,0.01529753,0.06380081,-32.45117,1.112335,-0.8127251,-0.9678029,-0.1421135,0.2077535,-2.24762,0.1572311,-0.1951218,0.2662133
1731426992612,-32.26001,1.442181,-0.8974609,-0.9988286,0.03461944,-0.03381062,0,0,0,-32.39013,1.096668,-0.980854,-0.8660433,-0.04579556,-0.4978679,0,0,0,-32.45117,1.112335,-0.8127251,-0.9678029,-0.1421135,0.2077535,0,0,0,0.2662133
1731426992635,-32.29762,1.439419,-0.8970642,-0.9978477,0.05616563,-0.03384912,-2.820396,-0.2072096,0.02975464,-32.42917,1.09421,-0.9798203,-0.8828427,-0.04789814,-0.4672203,-2.928257,-0.1843035,0.07753372,-32.48313,1.109515,-0.8160133,-0.9762912,-0.1371799,0.1674438,-2.396679,-0.2115101,-0.2466202,0.2662133
1731426992640,-32.29762,1.439419,-0.8970642,-0.9978477,0.05616563,-0.03384912,0,0,0,-32.42917,1.09421,-0.9798203,-0.8828427,-0.04789814,-0.4672203,0,0,0,-32.48313,1.109515,-0.8160133,-0.9762912,-0.1371799,0.1674438,0,0,0,0.2662133
1731426992663,-32.33548,1.433765,-0.8969612,-0.9983163,0.05084053,-0.02792871,-2.839851,-0.4240394,0.007724762,-32.46893,1.088562,-0.9795609,-0.8870243,-0.02841973,-0.4608474,-2.981758,-0.423646,0.01945496,-32.51764,1.102262,-0.8189316,-0.9800987,-0.1219436,0.156641,-2.588654,-0.543943,-0.2188683,0.2662133
1731426992668,-32.33548,1.433765,-0.8969612,-0.9983163,0.05084053,-0.02792871,0,0,0,-32.46893,1.088562,-0.9795609,-0.8870243,-0.02841973,-0.4608474,0,0,0,-32.51764,1.102262,-0.8189316,-0.9800987,-0.1219436,0.156641,0,0,0,0.2662133
1731426992690,-32.37529,1.429254,-0.8968201,-0.9989745,0.04077524,-0.01969457,-2.985764,-0.3383249,0.01058578,-32.51012,1.079129,-0.9794846,-0.8845135,-0.01412479,-0.4663019,-3.089333,-0.7074684,0.005722046,-32.55391,1.092944,-0.8208046,-0.9809887,-0.0923834,0.1706659,-2.720261,-0.6988853,-0.1404762,0.2662133
1731426992697,-32.37529,1.429254,-0.8968201,-0.9989745,0.04077524,-0.01969457,0,0,0,-32.51012,1.079129,-0.9794846,-0.8845135,-0.01412479,-0.4663019,0,0,0,-32.55391,1.092944,-0.8208046,-0.9809887,-0.0923834,0.1706659,0,0,0,0.2662133
1731426992717,-32.41622,1.423351,-0.8961258,-0.997812,0.06413796,-0.0160656,-3.069305,-0.4427254,0.05207062,-32.55133,1.06854,-0.9798889,-0.8776971,-0.006286919,-0.4791753,-3.091335,-0.7941216,-0.03032684,-32.59274,1.081986,-0.8217735,-0.9792148,-0.06464167,0.19225,-2.911949,-0.8217931,-0.07266998,0.2662133
1731426992722,-32.41622,1.423351,-0.8961258,-0.997812,0.06413796,-0.0160656,0,0,0,-32.55133,1.06854,-0.9798889,-0.8776971,-0.006286919,-0.4791753,0,0,0,-32.59274,1.081986,-0.8217735,-0.9792148,-0.06464167,0.19225,0,0,0,0.2662133
1731426992745,-32.45555,1.414037,-0.8959885,-0.9973785,0.07154945,-0.01081896,-2.950001,-0.6985635,0.01029968,-32.59142,1.059162,-0.9810944,-0.8667884,-0.01962559,-0.4982907,-3.006649,-0.7033646,-0.09040833,-32.63121,1.071425,-0.8202972,-0.9676571,-0.07681968,0.2402888,-2.885628,-0.79211,0.1107216,0.2662133
1731426992751,-32.45555,1.414037,-0.8959885,-0.9973785,0.07154945,-0.01081896,0,0,0,-32.59142,1.059162,-0.9810944,-0.8667884,-0.01962559,-0.4982907,0,0,0,-32.63121,1.071425,-0.8202972,-0.9676571,-0.07681968,0.2402888,0,0,0,0.2662133
1731426992773,-32.49454,1.404495,-0.8972397,-0.9987219,0.05043668,-0.003344893,-2.924252,-0.7155955,-0.09384155,-32.62804,1.053969,-0.9830513,-0.8645101,-0.03048344,-0.501691,-2.746296,-0.3895104,-0.1467705,-32.66866,1.063697,-0.820797,-0.9683717,-0.08666706,0.2339771,-2.808666,-0.5795985,-0.0374794,0.2662133
1731426992778,-32.49454,1.404495,-0.8972397,-0.9987219,0.05043668,-0.003344893,0,0,0,-32.62804,1.053969,-0.9830513,-0.8645101,-0.03048344,-0.501691,0,0,0,-32.66866,1.063697,-0.820797,-0.9683717,-0.08666706,0.2339771,0,0,0,0.2662133
1731426992801,-32.53465,1.402317,-0.9003754,-0.9994925,0.03171788,0.003010333,-3.00808,-0.1634091,-0.2351761,-32.66416,1.054905,-0.981926,-0.8728865,-0.004883456,-0.4878993,-2.708817,0.07020235,0.08440018,-32.70548,1.062393,-0.8190651,-0.9784533,-0.08475597,0.1882714,-2.761173,-0.09775758,0.1298904,0.2706263
1731426992806,-32.53465,1.402317,-0.9003754,-0.9994925,0.03171788,0.003010333,0,0,0,-32.66416,1.054905,-0.981926,-0.8728865,-0.004883456,-0.4878993,0,0,0,-32.70548,1.062393,-0.8190651,-0.9784533,-0.08475597,0.1882714,0,0,0,0.2706263
1731426992829,-32.57489,1.401888,-0.9015121,-0.9994699,0.03208314,0.00554955,-3.018093,-0.03215969,-0.08525848,-32.70154,1.055671,-0.980896,-0.8766032,0.00879956,-0.4811342,-2.803802,0.05750656,0.07724762,-32.74432,1.061673,-0.8159409,-0.9811464,-0.08138509,0.1752955,-2.912807,-0.05401969,0.2343178,0.2738804
1731426992834,-32.57489,1.401888,-0.9015121,-0.9994699,0.03208314,0.00554955,0,0,0,-32.70154,1.055671,-0.980896,-0.8766032,0.00879956,-0.4811342,0,0,0,-32.74432,1.061673,-0.8159409,-0.9811464,-0.08138509,0.1752955,0,0,0,0.2738804
1731426992857,-32.61435,1.401825,-0.9038925,-0.9992576,0.03840094,0.00315243,-2.959728,-0.004675984,-0.1785278,-32.74007,1.055914,-0.9825478,-0.8808552,0.000385521,-0.4733863,-2.889633,0.01818538,-0.1238823,-32.78636,1.061722,-0.8141022,-0.9777631,-0.0854774,0.1915024,-3.153419,0.003692508,0.1379013,0.275425
1731426992863,-32.61435,1.401825,-0.9038925,-0.9992576,0.03840094,0.00315243,0,0,0,-32.74007,1.055914,-0.9825478,-0.8808552,0.000385521,-0.4733863,0,0,0,-32.78636,1.061722,-0.8141022,-0.9777631,-0.0854774,0.1915024,0,0,0,0.275425
1731426992885,-32.65622,1.408793,-0.905674,-0.9994692,0.03258705,0.0003383756,-3.140259,0.5225569,-0.1336098,-32.78071,1.05588,-0.9846764,-0.883664,-0.0133529,-0.467932,-3.048134,-0.002557039,-0.1596451,-32.83005,1.064578,-0.812355,-0.974744,-0.08175765,0.2078229,-3.276443,0.2141476,0.1310349,0.275425
1731426992890,-32.65622,1.408793,-0.905674,-0.9994692,0.03258705,0.0003383756,0,0,0,-32.78071,1.05588,-0.9846764,-0.883664,-0.0133529,-0.467932,0,0,0,-32.83005,1.064578,-0.812355,-0.974744,-0.08175765,0.2078229,0,0,0,0.275425
1731426992895,-32.65622,1.408793,-0.905674,-0.9994692,0.03258705,0.0003383756,0,0,0,-32.78071,1.05588,-0.9846764,-0.883664,-0.0133529,-0.467932,0,0,0,-32.83005,1.064578,-0.812355,-0.974744,-0.08175765,0.2078229,0,0,0,0.275425
1731426992913,-32.69891,1.41465,-0.9062309,-0.9989718,0.04506294,-0.005007625,-3.201485,0.4392833,-0.04177094,-32.8242,1.059008,-0.9845238,-0.8708506,-0.02788439,-0.4907569,-3.261852,0.2346218,0.01144409,-32.87316,1.0691,-0.8107109,-0.9700334,-0.100592,0.2211718,-3.233242,0.3392011,0.1233101,0.275425
1731426992918,-32.69891,1.41465,-0.9062309,-0.9989718,0.04506294,-0.005007625,0,0,0,-32.8242,1.059008,-0.9845238,-0.8708506,-0.02788439,-0.4907569,0,0,0,-32.87316,1.0691,-0.8107109,-0.9700334,-0.100592,0.2211718,0,0,0,0.275425
1731426992941,-32.73959,1.418315,-0.905098,-0.9987333,0.0475335,-0.01651978,-3.050709,0.2749085,0.08497238,-32.86313,1.06355,-0.9841347,-0.8658413,-0.0584166,-0.4968972,-2.919674,0.3406763,0.02918243,-32.91146,1.074375,-0.8096123,-0.9636404,-0.1298025,0.2335567,-2.872753,0.3955901,0.08239746,0.275425
1731426992946,-32.73959,1.418315,-0.905098,-0.9987333,0.0475335,-0.01651978,0,0,0,-32.86313,1.06355,-0.9841347,-0.8658413,-0.0584166,-0.4968972,0,0,0,-32.91146,1.074375,-0.8096123,-0.9636404,-0.1298025,0.2335567,0,0,0,0.275425
1731426992967,-32.77771,1.422613,-0.9021416,-0.9993961,0.01505673,-0.03132606,-2.859306,0.3223121,0.2217293,-32.8996,1.073522,-0.9789963,-0.8816602,-0.03239416,-0.4707727,-2.734852,0.7478356,0.3853798,-32.94565,1.084133,-0.8070412,-0.9709788,-0.1225836,0.205362,-2.564049,0.7318497,0.1928329,0.275425
1731426992972,-32.77771,1.422613,-0.9021416,-0.9993961,0.01505673,-0.03132606,0,0,0,-32.8996,1.073522,-0.9789963,-0.8816602,-0.03239416,-0.4707727,0,0,0,-32.94565,1.084133,-0.8070412,-0.9709788,-0.1225836,0.205362,0,0,0,0.275425
1731426992995,-32.81714,1.430201,-0.8999596,-0.9994122,-0.003768964,-0.03408158,-2.957439,0.569129,0.1636505,-32.93627,1.082016,-0.9726486,-0.8972554,0.0143018,-0.4412811,-2.750587,0.6370783,0.4760742,-32.98003,1.092704,-0.8028564,-0.9769902,-0.08808557,0.1942455,-2.578926,0.6428272,0.3138542,0.275425
1731426993001,-32.81714,1.430201,-0.8999596,-0.9994122,-0.003768964,-0.03408158,0,0,0,-32.93627,1.082016,-0.9726486,-0.8972554,0.0143018,-0.4412811,0,0,0,-32.98003,1.092704,-0.8028564,-0.9769902,-0.08808557,0.1942455,0,0,0,0.275425
1731426993024,-32.85601,1.43836,-0.8954201,-0.9993781,0.001581943,-0.03523111,-2.91481,0.6118745,0.3404617,-32.97779,1.088689,-0.9668083,-0.9063939,0.004412267,-0.4224111,-3.114223,0.5005002,0.4380226,-33.01719,1.097152,-0.7962189,-0.9685248,-0.09453714,0.2302673,-2.78635,0.3336221,0.497818,0.275425
1731426993029,-32.85601,1.43836,-0.8954201,-0.9993781,0.001581943,-0.03523111,0,0,0,-32.97779,1.088689,-0.9668083,-0.9063939,0.004412267,-0.4224111,0,0,0,-33.01719,1.097152,-0.7962189,-0.9685248,-0.09453714,0.2302673,0,0,0,0.275425
1731426993052,-32.89432,1.444067,-0.8903465,-0.9994606,0.00670727,-0.03215659,-2.873611,0.4280895,0.3805161,-33.01735,1.093411,-0.9602661,-0.9078798,-0.02391554,-0.4185485,-2.966309,0.3541231,0.4906654,-33.05253,1.09886,-0.7893982,-0.954354,-0.1438783,0.26174,-2.651024,0.1281023,0.5115509,0.275425
1731426993056,-32.89432,1.444067,-0.8903465,-0.9994606,0.00670727,-0.03215659,0,0,0,-33.01735,1.093411,-0.9602661,-0.9078798,-0.02391554,-0.4185485,0,0,0,-33.05253,1.09886,-0.7893982,-0.954354,-0.1438783,0.26174,0,0,0,0.275425
1731426993080,-32.9329,1.447439,-0.88554,-0.999643,0.009116619,-0.02512395,-2.893353,0.2528608,0.3604889,-33.05611,1.097173,-0.9542351,-0.9069057,-0.03151547,-0.4201541,-2.907085,0.2821594,0.4523277,-33.08727,1.100128,-0.784687,-0.9510294,-0.1572933,0.2660867,-2.605534,0.09504855,0.3533363,0.275425
1731426993086,-32.9329,1.447439,-0.88554,-0.999643,0.009116619,-0.02512395,0,0,0,-33.05611,1.097173,-0.9542351,-0.9069057,-0.03151547,-0.4201541,0,0,0,-33.08727,1.100128,-0.784687,-0.9510294,-0.1572933,0.2660867,0,0,0,0.275425
1731426993107,-32.97007,1.447604,-0.879467,-0.9997649,0.01331046,-0.01714075,-2.788067,0.01240075,0.4554749,-33.09468,1.099078,-0.9462891,-0.9151214,-0.03357472,-0.4017792,-2.89278,0.1428634,0.5959511,-33.12265,1.09905,-0.7791367,-0.9535755,-0.14571,0.263558,-2.653313,-0.08079708,0.4162788,0.275425
1731426993112,-32.97007,1.447604,-0.879467,-0.9997649,0.01331046,-0.01714075,0,0,0,-33.09468,1.099078,-0.9462891,-0.9151214,-0.03357472,-0.4017792,0,0,0,-33.12265,1.09905,-0.7791367,-0.9535755,-0.14571,0.263558,0,0,0,0.275425
1731426993135,-33.00735,1.445438,-0.8739166,-0.9997717,0.01661175,-0.01344585,-2.795792,-0.1624614,0.4162788,-33.13282,1.100095,-0.9401512,-0.9197348,-0.02292798,-0.3918704,-2.860451,0.07629991,0.4603386,-33.15876,1.096091,-0.7743034,-0.9523306,-0.138696,0.271717,-2.70853,-0.221926,0.3624916,0.275425
1731426993142,-33.00735,1.445438,-0.8739166,-0.9997717,0.01661175,-0.01344585,0,0,0,-33.13282,1.100095,-0.9401512,-0.9197348,-0.02292798,-0.3918704,0,0,0,-33.15876,1.096091,-0.7743034,-0.9523306,-0.138696,0.271717,0,0,0,0.275425
1731426993163,-33.04436,1.440872,-0.8674622,-0.9998275,0.01564118,-0.01002955,-2.776051,-0.3424466,0.4840851,-33.17232,1.09812,-0.9347496,-0.909306,-0.005863122,-0.4160873,-2.962875,-0.1481473,0.4051208,-33.19665,1.089813,-0.7694283,-0.9525236,-0.1420372,0.2693042,-2.841282,-0.470835,0.3656387,0.275425
1731426993168,-33.04436,1.440872,-0.8674622,-0.9998275,0.01564118,-0.01002955,0,0,0,-33.17232,1.09812,-0.9347496,-0.909306,-0.005863122,-0.4160873,0,0,0,-33.19665,1.089813,-0.7694283,-0.9525236,-0.1420372,0.2693042,0,0,0,0.275425
1731426993173,-33.04436,1.440872,-0.8674622,-0.9998275,0.01564118,-0.01002955,0,0,0,-33.17232,1.09812,-0.9347496,-0.909306,-0.005863122,-0.4160873,0,0,0,-33.19665,1.089813,-0.7694283,-0.9525236,-0.1420372,0.2693042,0,0,0,0.275425
1731426993191,-33.08247,1.434326,-0.8621254,-0.999705,0.0226418,-0.008809328,-2.857876,-0.4909337,0.4002571,-33.21371,1.092642,-0.9266014,-0.9051381,-0.0148041,-0.4248598,-3.104496,-0.4108429,0.6111145,-33.23512,1.081523,-0.7634583,-0.9536649,-0.1512758,0.2600757,-2.885342,-0.6217539,0.4477501,0.275425
1731426993196,-33.08247,1.434326,-0.8621254,-0.999705,0.0226418,-0.008809328,0,0,0,-33.21371,1.092642,-0.9266014,-0.9051381,-0.0148041,-0.4248598,0,0,0,-33.23512,1.081523,-0.7634583,-0.9536649,-0.1512758,0.2600757,0,0,0,0.275425
1731426993219,-33.11996,1.425756,-0.855545,-0.9993304,0.03530012,-0.009629488,-2.812099,-0.6428003,0.4935265,-33.25294,1.087126,-0.9183922,-0.903152,-0.02137444,-0.4287887,-2.94199,-0.4136771,0.6156921,-33.27177,1.074534,-0.7568016,-0.9527381,-0.1409208,0.2691314,-2.749157,-0.524202,0.4992485,0.275425
1731426993224,-33.11996,1.425756,-0.855545,-0.9993304,0.03530012,-0.009629488,0,0,0,-33.25294,1.087126,-0.9183922,-0.903152,-0.02137444,-0.4287887,0,0,0,-33.27177,1.074534,-0.7568016,-0.9527381,-0.1409208,0.2691314,0,0,0,0.275425
1731426993245,-33.15644,1.415722,-0.847538,-0.9994742,0.03072216,-0.01037633,-2.735996,-0.7525206,0.6005287,-33.29228,1.080083,-0.9113045,-0.8984385,-0.01437023,-0.4388648,-2.950287,-0.5282253,0.5315781,-33.3106,1.066557,-0.7500458,-0.948629,-0.1144057,0.294982,-2.911949,-0.5982488,0.5066872,0.275425
1731426993251,-33.15644,1.415722,-0.847538,-0.9994742,0.03072216,-0.01037633,0,0,0,-33.29228,1.080083,-0.9113045,-0.8984385,-0.01437023,-0.4388648,0,0,0,-33.3106,1.066557,-0.7500458,-0.948629,-0.1144057,0.294982,0,0,0,0.275425
1731426993274,-33.1931,1.406964,-0.8392296,-0.9999284,0.009697321,-0.007054806,-2.748871,-0.656873,0.6231308,-33.33084,1.073298,-0.9012032,-0.8886315,-0.0001297407,-0.4586226,-2.891922,-0.5089045,0.7575989,-33.34999,1.060254,-0.7425385,-0.9549526,-0.1064269,0.2770182,-2.954578,-0.4727572,0.5630493,0.275425
1731426993279,-33.1931,1.406964,-0.8392296,-0.9999284,0.009697321,-0.007054806,0,0,0,-33.33084,1.073298,-0.9012032,-0.8886315,-0.0001297407,-0.4586226,0,0,0,-33.34999,1.060254,-0.7425385,-0.9549526,-0.1064269,0.2770182,0,0,0,0.275425
1731426993302,-33.23034,1.402078,-0.8316727,-0.9998967,0.01306274,-0.006009698,-2.793217,-0.3664613,0.5667686,-33.37003,1.068274,-0.8921471,-0.8897577,-0.006819153,-0.4563824,-2.939701,-0.3767788,0.6792068,-33.39027,1.058801,-0.7344284,-0.9565225,-0.1075518,0.2711042,-3.020382,-0.1089603,0.6082535,0.2773976
1731426993307,-33.23034,1.402078,-0.8316727,-0.9998967,0.01306274,-0.006009698,0,0,0,-33.37003,1.068274,-0.8921471,-0.8897577,-0.006819153,-0.4563824,0,0,0,-33.39027,1.058801,-0.7344284,-0.9565225,-0.1075518,0.2711042,0,0,0,0.2773976
1731426993330,-33.26929,1.401905,-0.8231659,-0.9997256,0.02085302,-0.01068056,-2.921104,-0.01291931,0.6380081,-33.40869,1.065861,-0.8848724,-0.8897737,-0.03408834,-0.4551282,-2.899361,-0.1809597,0.5455971,-33.43062,1.060899,-0.7260475,-0.9560366,-0.1063557,0.2732809,-3.026676,0.1573026,0.6285667,0.2806673
1731426993335,-33.26929,1.401905,-0.8231659,-0.9997256,0.02085302,-0.01068056,0,0,0,-33.40869,1.065861,-0.8848724,-0.8897737,-0.03408834,-0.4551282,0,0,0,-33.43062,1.060899,-0.7260475,-0.9560366,-0.1063557,0.2732809,0,0,0,0.2806673
1731426993357,-33.30838,1.406144,-0.815567,-0.9997832,-0.0001391284,-0.0208236,-2.93169,0.3178686,0.5699158,-33.44901,1.063059,-0.8783913,-0.8828677,-0.04561596,-0.4674014,-3.023815,-0.2101958,0.4860878,-33.47354,1.061554,-0.718689,-0.9641237,-0.1053983,0.2436329,-3.218651,0.04917383,0.5518913,0.2806673
1731426993362,-33.30838,1.406144,-0.815567,-0.9997832,-0.0001391284,-0.0208236,0,0,0,-33.44901,1.063059,-0.8783913,-0.8828677,-0.04561596,-0.4674014,0,0,0,-33.47354,1.061554,-0.718689,-0.9641237,-0.1053983,0.2436329,0,0,0,0.2806673
1731426993385,-33.34857,1.413456,-0.808445,-0.9990256,0.03011105,-0.0322727,-3.014374,0.5484581,0.534153,-33.49067,1.064938,-0.8731804,-0.855962,-0.06150565,-0.5133675,-3.124809,0.140968,0.3908157,-33.51911,1.064911,-0.7151871,-0.9652351,-0.107555,0.2382302,-3.417778,0.2517432,0.2626419,0.2806673
1731426993390,-33.34857,1.413456,-0.808445,-0.9990256,0.03011105,-0.0322727,0,0,0,-33.49067,1.064938,-0.8731804,-0.855962,-0.06150565,-0.5133675,0,0,0,-33.51911,1.064911,-0.7151871,-0.9652351,-0.107555,0.2382302,0,0,0,0.2806673
1731426993413,-33.38644,1.416865,-0.801815,-0.9983395,0.04861787,-0.03090477,-2.840424,0.2556682,0.4972458,-33.52867,1.069869,-0.8692856,-0.8449435,-0.1451992,-0.5147699,-2.849865,0.3697693,0.2921104,-33.55893,1.073399,-0.7087669,-0.958931,-0.1165797,0.2585742,-2.986336,0.6365955,0.4815102,0.2806673
1731426993419,-33.38644,1.416865,-0.801815,-0.9983395,0.04861787,-0.03090477,0,0,0,-33.52867,1.069869,-0.8692856,-0.8449435,-0.1451992,-0.5147699,0,0,0,-33.55893,1.073399,-0.7087669,-0.958931,-0.1165797,0.2585742,0,0,0,0.2806673
1731426993441,-33.42533,1.425004,-0.7972107,-0.9994429,0.01806403,-0.02807558,-2.917099,0.6103635,0.3453255,-33.56291,1.0789,-0.865303,-0.8656449,-0.1475768,-0.4784148,-2.568054,0.6773204,0.2986908,-33.59645,1.083827,-0.7069321,-0.9797311,-0.08739665,0.1802472,-2.814102,0.7821411,0.1376152,0.2806673
1731426993446,-33.42533,1.425004,-0.7972107,-0.9994429,0.01806403,-0.02807558,0,0,0,-33.56291,1.0789,-0.865303,-0.8656449,-0.1475768,-0.4784148,0,0,0,-33.59645,1.083827,-0.7069321,-0.9797311,-0.08739665,0.1802472,0,0,0,0.2806673
1731426993469,-33.4655,1.434569,-0.7947159,-0.999772,0.002373006,-0.02122629,-3.012085,0.7174373,0.1871109,-33.59693,1.088482,-0.8618469,-0.8736219,-0.07483695,-0.4808168,-2.551174,0.7186979,0.2592087,-33.63473,1.093483,-0.7042732,-0.9822844,-0.08474059,0.1671418,-2.871323,0.7241607,0.1994133,0.2806673
1731426993474,-33.4655,1.434569,-0.7947159,-0.999772,0.002373006,-0.02122629,0,0,0,-33.59693,1.088482,-0.8618469,-0.8736219,-0.07483695,-0.4808168,0,0,0,-33.63473,1.093483,-0.7042732,-0.9822844,-0.08474059,0.1671418,0,0,0,0.2806673
1731426993478,-33.4655,1.434569,-0.7947159,-0.999772,0.002373006,-0.02122629,0,0,0,-33.59693,1.088482,-0.8618469,-0.8736219,-0.07483695,-0.4808168,0,0,0,-33.63473,1.093483,-0.7042732,-0.9822844,-0.08474059,0.1671418,0,0,0,0.2806673
1731426993496,-33.50407,1.442842,-0.7917557,-0.9997885,0.01071773,-0.0175606,-2.893066,0.6204307,0.2220154,-33.63254,1.095007,-0.8609772,-0.8756367,-0.1120453,-0.4697948,-2.671051,0.4893422,0.06523132,-33.67121,1.104325,-0.7008286,-0.9734023,-0.09873654,0.2067353,-2.73571,0.8131564,0.2583504,0.2806673
1731426993502,-33.50407,1.442842,-0.7917557,-0.9997885,0.01071773,-0.0175606,0,0,0,-33.63254,1.095007,-0.8609772,-0.8756367,-0.1120453,-0.4697948,0,0,0,-33.67121,1.104325,-0.7008286,-0.9734023,-0.09873654,0.2067353,0,0,0,0.2806673
1731426993524,-33.54293,1.44885,-0.7902298,-0.9995804,0.02183817,-0.0190382,-2.914524,0.4505843,0.1144409,-33.66555,1.101954,-0.8575554,-0.8783578,-0.1238932,-0.4616694,-2.475643,0.5210191,0.2566338,-33.70538,1.113843,-0.6993027,-0.9741533,-0.1148734,0.194499,-2.562904,0.713861,0.1144409,0.2806673
1731426993530,-33.54293,1.44885,-0.7902298,-0.9995804,0.02183817,-0.0190382,0,0,0,-33.66555,1.101954,-0.8575554,-0.8783578,-0.1238932,-0.4616694,0,0,0,-33.70538,1.113843,-0.6993027,-0.9741533,-0.1148734,0.194499,0,0,0,0.2806673
1731426993551,-33.58026,1.450889,-0.7883263,-0.9992075,0.03397918,-0.02074444,-2.799511,0.1529306,0.142765,-33.69925,1.106333,-0.8561592,-0.8797382,-0.1012474,-0.4645538,-2.527142,0.3284454,0.1047134,-33.73933,1.119088,-0.699791,-0.9793024,-0.1261669,0.1582692,-2.54631,0.3933638,-0.03662109,0.2806673
1731426993556,-33.58026,1.450889,-0.7883263,-0.9992075,0.03397918,-0.02074444,0,0,0,-33.69925,1.106333,-0.8561592,-0.8797382,-0.1012474,-0.4645538,0,0,0,-33.73933,1.119088,-0.699791,-0.9793024,-0.1261669,0.1582692,0,0,0,0.2806673
1731426993579,-33.61718,1.449755,-0.7864685,-0.9989856,0.04001286,-0.02066743,-2.76947,-0.08500814,0.1393318,-33.73409,1.106774,-0.8554497,-0.8874118,-0.07466877,-0.4548904,-2.612972,0.03304482,0.05321503,-33.77382,1.119465,-0.7001495,-0.983152,-0.1185902,0.1391004,-2.586937,0.02829731,-0.02689362,0.2806673
1731426993585,-33.61718,1.449755,-0.7864685,-0.9989856,0.04001286,-0.02066743,0,0,0,-33.73409,1.106774,-0.8554497,-0.8874118,-0.07466877,-0.4548904,0,0,0,-33.77382,1.119465,-0.7001495,-0.983152,-0.1185902,0.1391004,0,0,0,0.2806673
1731426993607,-33.65493,1.446553,-0.7854462,-0.9988947,0.04132677,-0.02240419,-2.831268,-0.2401829,0.07667542,-33.77077,1.101222,-0.8507233,-0.8873366,-0.05620322,-0.4576849,-2.751732,-0.416404,0.3544807,-33.81112,1.112802,-0.704174,-0.9847705,-0.0962867,0.1447627,-2.797508,-0.4997134,-0.3018379,0.2806673
1731426993612,-33.65493,1.446553,-0.7854462,-0.9988947,0.04132677,-0.02240419,0,0,0,-33.77077,1.101222,-0.8507233,-0.8873366,-0.05620322,-0.4576849,0,0,0,-33.81112,1.112802,-0.704174,-0.9847705,-0.0962867,0.1447627,0,0,0,0.2806673
1731426993635,-33.69233,1.442875,-0.7841339,-0.9986942,0.04454874,-0.02501106,-2.804947,-0.2758384,0.09841919,-33.80831,1.093683,-0.849823,-0.8803516,-0.07332572,-0.4686207,-2.81496,-0.5653739,0.06752014,-33.84936,1.103898,-0.7059975,-0.9872581,-0.09180919,0.1299722,-2.867603,-0.6678343,-0.1367569,0.2806673
1731426993640,-33.69233,1.442875,-0.7841339,-0.9986942,0.04454874,-0.02501106,0,0,0,-33.80831,1.093683,-0.849823,-0.8803516,-0.07332572,-0.4686207,0,0,0,-33.84936,1.103898,-0.7059975,-0.9872581,-0.09180919,0.1299722,0,0,0,0.2806673
1731426993663,-33.73029,1.438366,-0.7836075,-0.9982537,0.05160582,-0.02875507,-2.847004,-0.3381729,0.03948212,-33.84669,1.084622,-0.8512115,-0.8667462,-0.09297276,-0.4900076,-2.878761,-0.6796181,-0.1041412,-33.89051,1.092057,-0.7062645,-0.9840866,-0.1081918,0.1409547,-3.086472,-0.8880258,-0.02002716,0.2806673
1731426993668,-33.73029,1.438366,-0.7836075,-0.9982537,0.05160582,-0.02875507,0,0,0,-33.84669,1.084622,-0.8512115,-0.8667462,-0.09297276,-0.4900076,0,0,0,-33.89051,1.092057,-0.7062645,-0.9840866,-0.1081918,0.1409547,0,0,0,0.2806673
1731426993691,-33.76828,1.431831,-0.7834358,-0.9978189,0.05743461,-0.03254449,-2.849293,-0.4901469,0.0128746,-33.88615,1.07495,-0.8520813,-0.8617392,-0.1069133,-0.4959595,-2.959156,-0.7254124,-0.06523132,-33.93116,1.081255,-0.7068024,-0.9742831,-0.1160556,0.193142,-3.048992,-0.8101881,-0.04034042,0.2806673
1731426993696,-33.76828,1.431831,-0.7834358,-0.9978189,0.05743461,-0.03254449,0,0,0,-33.88615,1.07495,-0.8520813,-0.8617392,-0.1069133,-0.4959595,0,0,0,-33.93116,1.081255,-0.7068024,-0.9742831,-0.1160556,0.193142,0,0,0,0.2806673
1731426993718,-33.80581,1.423797,-0.7849922,-0.9977738,0.05636691,-0.03564751,-2.814102,-0.6025136,-0.1167297,-33.92483,1.066666,-0.853138,-0.8670049,-0.118094,-0.4841039,-2.901077,-0.6212533,-0.07925034,-33.9702,1.073772,-0.7069092,-0.9730629,-0.1054064,0.2050323,-2.927685,-0.5611897,-0.008010864,0.2806673
1731426993724,-33.80581,1.423797,-0.7849922,-0.9977738,0.05636691,-0.03564751,0,0,0,-33.92483,1.066666,-0.853138,-0.8670049,-0.118094,-0.4841039,0,0,0,-33.9702,1.073772,-0.7069092,-0.9730629,-0.1054064,0.2050323,0,0,0,0.2806673
1731426993746,-33.84335,1.416306,-0.7868538,-0.9982985,0.0469809,-0.03454661,-2.815819,-0.5617976,-0.1396179,-33.96152,1.060298,-0.8570747,-0.8708353,-0.1078705,-0.479594,-2.751732,-0.4775763,-0.2952576,-34.00834,1.067296,-0.707058,-0.9784395,-0.1127406,0.1730493,-2.860451,-0.4857659,-0.01115799,0.2806673
1731426993752,-33.84335,1.416306,-0.7868538,-0.9982985,0.0469809,-0.03454661,0,0,0,-33.96152,1.060298,-0.8570747,-0.8708353,-0.1078705,-0.479594,0,0,0,-34.00834,1.067296,-0.707058,-0.9784395,-0.1127406,0.1730493,0,0,0,0.2806673
1731426993774,-33.88185,1.411691,-0.7890244,-0.999057,0.031489,-0.02990186,-2.887344,-0.346148,-0.1627922,-33.99947,1.056164,-0.8595581,-0.8702093,-0.07777415,-0.4865057,-2.846432,-0.310117,-0.1862526,-34.04813,1.063218,-0.7061539,-0.9764645,-0.127061,0.1742787,-2.984333,-0.3058434,0.06780624,0.2806673
1731426993779,-33.88185,1.411691,-0.7890244,-0.999057,0.031489,-0.02990186,0,0,0,-33.99947,1.056164,-0.8595581,-0.8702093,-0.07777415,-0.4865057,0,0,0,-34.04813,1.063218,-0.7061539,-0.9764645,-0.127061,0.1742787,0,0,0,0.2806673
1731426993802,-33.92214,1.410298,-0.7925949,-0.9988883,0.03769107,-0.02831459,-3.021812,-0.104472,-0.2677917,-34.03779,1.05473,-0.8632126,-0.8804134,-0.05110308,-0.4714463,-2.874184,-0.1075208,-0.274086,-34.08698,1.061132,-0.7073936,-0.974086,-0.111841,0.1965914,-2.913666,-0.1564175,-0.09298325,0.2806673
1731426993807,-33.92214,1.410298,-0.7925949,-0.9988883,0.03769107,-0.02831459,0,0,0,-34.03779,1.05473,-0.8632126,-0.8804134,-0.05110308,-0.4714463,0,0,0,-34.08698,1.061132,-0.7073936,-0.974086,-0.111841,0.1965914,0,0,0,0.2806673
1731426993830,-33.96334,1.416736,-0.7958298,-0.9992575,0.02935126,-0.02496219,-3.090477,0.4828423,-0.2426147,-34.07804,1.057033,-0.86903,-0.882786,-0.04552852,-0.4675648,-3.018951,0.1726985,-0.436306,-34.1273,1.063251,-0.7092667,-0.9721108,-0.1105736,0.2068196,-3.023815,0.1588851,-0.1404762,0.2806673
1731426993835,-33.96334,1.416736,-0.7958298,-0.9992575,0.02935126,-0.02496219,0,0,0,-34.07804,1.057033,-0.86903,-0.882786,-0.04552852,-0.4675648,0,0,0,-34.1273,1.063251,-0.7092667,-0.9721108,-0.1105736,0.2068196,0,0,0,0.2806673
1731426993840,-33.96334,1.416736,-0.7958298,-0.9992575,0.02935126,-0.02496219,0,0,0,-34.07804,1.057033,-0.86903,-0.882786,-0.04552852,-0.4675648,0,0,0,-34.1273,1.063251,-0.7092667,-0.9721108,-0.1105736,0.2068196,0,0,0,0.2806673
1731426993857,-34.005,1.42722,-0.7996635,-0.9990054,0.03324972,-0.02971625,-3.124523,0.7862628,-0.2875328,-34.12161,1.062085,-0.8729439,-0.8709263,-0.07053618,-0.4863256,-3.267288,0.3789425,-0.293541,-34.16875,1.068527,-0.7111397,-0.9644874,-0.1493819,0.2178285,-3.108788,0.3956974,-0.1404762,0.2806673
1731426993863,-34.005,1.42722,-0.7996635,-0.9990054,0.03324972,-0.02971625,0,0,0,-34.12161,1.062085,-0.8729439,-0.8709263,-0.07053618,-0.4863256,0,0,0,-34.16875,1.068527,-0.7111397,-0.9644874,-0.1493819,0.2178285,0,0,0,0.2806673
1731426993885,-34.04472,1.435657,-0.802433,-0.9983145,0.04189743,-0.04016161,-2.978611,0.6328225,-0.2077103,-34.16187,1.069941,-0.8757973,-0.8593307,-0.1026515,-0.501013,-3.019524,0.5891919,-0.2140045,-34.20691,1.074993,-0.7130585,-0.9507582,-0.2056149,0.2319091,-2.862453,0.4850149,-0.1439095,0.2806673
1731426993890,-34.04472,1.435657,-0.802433,-0.9983145,0.04189743,-0.04016161,0,0,0,-34.16187,1.069941,-0.8757973,-0.8593307,-0.1026515,-0.501013,0,0,0,-34.20691,1.074993,-0.7130585,-0.9507582,-0.2056149,0.2319091,0,0,0,0.2806673
1731426993912,-34.08126,1.440698,-0.804245,-0.9978762,0.03512333,-0.05486083,-2.74086,0.3780663,-0.1358986,-34.19613,1.087298,-0.8781624,-0.8613464,-0.1090077,-0.4961858,-2.569485,1.301748,-0.1773834,-34.24086,1.086837,-0.7150612,-0.942526,-0.26158,0.2078959,-2.54631,0.888294,-0.1502037,0.2806673
1731426993917,-34.08126,1.440698,-0.804245,-0.9978762,0.03512333,-0.05486083,0,0,0,-34.19613,1.087298,-0.8781624,-0.8613464,-0.1090077,-0.4961858,0,0,0,-34.24086,1.086837,-0.7150612,-0.942526,-0.26158,0.2078959,0,0,0,0.2806673
1731426993940,-34.11737,1.447939,-0.8052216,-0.9979323,-0.002961032,-0.06420636,-2.708244,0.5430847,-0.07324219,-34.22801,1.103662,-0.8771858,-0.8933775,-0.02292267,-0.4487219,-2.390957,1.227352,0.07324219,-34.27116,1.100014,-0.7180061,-0.9599523,-0.2344036,0.1534499,-2.272511,0.988242,-0.220871,0.2806673
1731426993945,-34.11737,1.447939,-0.8052216,-0.9979323,-0.002961032,-0.06420636,0,0,0,-34.22801,1.103662,-0.8771858,-0.8933775,-0.02292267,-0.4487219,0,0,0,-34.27116,1.100014,-0.7180061,-0.9599523,-0.2344036,0.1534499,0,0,0,0.2806673
1731426993968,-34.15371,1.457647,-0.8054962,-0.9974507,-0.004408401,-0.07122564,-2.72541,0.7280678,-0.02059937,-34.26198,1.115557,-0.8749771,-0.9033384,0.042548,-0.4268142,-2.547741,0.8921295,0.1656532,-34.30126,1.110526,-0.7202339,-0.9748864,-0.1685659,0.1455425,-2.257347,0.7883817,-0.1670837,0.2806673
1731426993974,-34.15371,1.457647,-0.8054962,-0.9974507,-0.004408401,-0.07122564,0,0,0,-34.26198,1.115557,-0.8749771,-0.9033384,0.042548,-0.4268142,0,0,0,-34.30126,1.110526,-0.7202339,-0.9748864,-0.1685659,0.1455425,0,0,0,0.2806673
1731426993996,-34.18848,1.464748,-0.8109665,-0.9970613,0.0007812027,-0.07660592,-2.607536,0.5325615,-0.4102707,-34.29839,1.123781,-0.87397,-0.8992079,0.02602216,-0.4367481,-2.730846,0.6168008,0.07553101,-34.33266,1.116734,-0.7199593,-0.9736695,-0.1598119,0.1625676,-2.355194,0.4656315,0.02059937,0.2806673
1731426994002,-34.18848,1.464748,-0.8109665,-0.9970613,0.0007812027,-0.07660592,0,0,0,-34.29839,1.123781,-0.87397,-0.8992079,0.02602216,-0.4367481,0,0,0,-34.33266,1.116734,-0.7199593,-0.9736695,-0.1598119,0.1625676,0,0,0,0.2806673
1731426994024,-34.22316,1.470415,-0.8104019,-0.9966762,0.004196238,-0.08136106,-2.60067,0.4250139,0.04234314,-34.33407,1.130437,-0.8733788,-0.904583,-0.01112248,-0.4261523,-2.675915,0.4991591,0.04434586,-34.36473,1.121527,-0.7170029,-0.9658564,-0.1917036,0.174275,-2.404976,0.3594607,0.2217293,0.2806673
1731426994029,-34.22316,1.470415,-0.8104019,-0.9966762,0.004196238,-0.08136106,0,0,0,-34.33407,1.130437,-0.8733788,-0.904583,-0.01112248,-0.4261523,0,0,0,-34.36473,1.121527,-0.7170029,-0.9658564,-0.1917036,0.174275,0,0,0,0.2806673
1731426994052,-34.25776,1.473756,-0.8099174,-0.9964387,0.006858975,-0.08404231,-2.59552,0.2505988,0.03633499,-34.36862,1.135083,-0.872612,-0.9012951,-0.009510333,-0.4331021,-2.591515,0.3484726,0.05750656,-34.39682,1.124356,-0.7140236,-0.9599497,-0.2214732,0.1716001,-2.406406,0.2121538,0.2234459,0.2806673
1731426994057,-34.25776,1.473756,-0.8099174,-0.9964387,0.006858975,-0.08404231,0,0,0,-34.36862,1.135083,-0.872612,-0.9012951,-0.009510333,-0.4331021,0,0,0,-34.39682,1.124356,-0.7140236,-0.9599497,-0.2214732,0.1716001,0,0,0,0.2806673
1731426994080,-34.2922,1.47426,-0.8088074,-0.9964575,0.008134043,-0.08370829,-2.582932,0.03784597,0.08325577,-34.40428,1.134934,-0.8740005,-0.9003513,-0.03169093,-0.4340092,-2.674484,-0.01119375,-0.1041412,-34.42888,1.125205,-0.712471,-0.962091,-0.2078781,0.1765445,-2.40469,0.06369352,0.1164436,0.2806673
1731426994085,-34.2922,1.47426,-0.8088074,-0.9964575,0.008134043,-0.08370829,0,0,0,-34.40428,1.134934,-0.8740005,-0.9003513,-0.03169093,-0.4340092,0,0,0,-34.42888,1.125205,-0.712471,-0.962091,-0.2078781,0.1765445,0,0,0,0.2806673
1731426994107,-34.32621,1.471776,-0.8064499,-0.9965652,0.006620098,-0.08254945,-2.550602,-0.1863688,0.1768112,-34.43907,1.1327,-0.8710518,-0.9021421,-0.03924935,-0.4296504,-2.609253,-0.1675755,0.2211571,-34.46147,1.123042,-0.7101173,-0.9638174,-0.1949152,0.1818372,-2.444172,-0.1622021,0.1765251,0.2806673
1731426994113,-34.32621,1.471776,-0.8064499,-0.9965652,0.006620098,-0.08254945,0,0,0,-34.43907,1.1327,-0.8710518,-0.9021421,-0.03924935,-0.4296504,0,0,0,-34.46147,1.123042,-0.7101173,-0.9638174,-0.1949152,0.1818372,0,0,0,0.2806673
1731426994135,-34.36023,1.467306,-0.8037338,-0.9969233,-0.001471868,-0.07837248,-2.551746,-0.3351778,0.2037048,-34.47357,1.127639,-0.8669395,-0.9092962,-0.03765737,-0.4144425,-2.587509,-0.3795594,0.3084183,-34.49562,1.115472,-0.7103195,-0.9628968,-0.1942978,0.1872925,-2.561474,-0.5677879,-0.01516342,0.2806673
1731426994140,-34.36023,1.467306,-0.8037338,-0.9969233,-0.001471868,-0.07837248,0,0,0,-34.47357,1.127639,-0.8669395,-0.9092962,-0.03765737,-0.4144425,0,0,0,-34.49562,1.115472,-0.7103195,-0.9628968,-0.1942978,0.1872925,0,0,0,0.2806673
1731426994163,-34.39483,1.461215,-0.8005295,-0.9971589,-0.006880241,-0.07501519,-2.594948,-0.4568249,0.2403259,-34.50775,1.121227,-0.8641243,-0.9167808,-0.03140052,-0.3981545,-2.56319,-0.4809111,0.2111435,-34.53083,1.104689,-0.7096252,-0.9573594,-0.2118398,0.1964366,-2.64101,-0.8086681,0.05207062,0.2806673
1731426994169,-34.39483,1.461215,-0.8005295,-0.9971589,-0.006880241,-0.07501519,0,0,0,-34.50775,1.121227,-0.8641243,-0.9167808,-0.03140052,-0.3981545,0,0,0,-34.53083,1.104689,-0.7096252,-0.9573594,-0.2118398,0.1964366,0,0,0,0.2806673
1731426994191,-34.43026,1.45425,-0.7977486,-0.997431,-0.01100689,-0.07078409,-2.657032,-0.522387,0.2085686,-34.54303,1.112637,-0.8600807,-0.9169042,-0.03106177,-0.3978975,-2.646446,-0.6442219,0.3032684,-34.56699,1.093199,-0.7068024,-0.950234,-0.2222541,0.2183091,-2.711391,-0.8617759,0.2117157,0.2806673
1731426994196,-34.43026,1.45425,-0.7977486,-0.997431,-0.01100689,-0.07078409,0,0,0,-34.54303,1.112637,-0.8600807,-0.9169042,-0.03106177,-0.3978975,0,0,0,-34.56699,1.093199,-0.7068024,-0.950234,-0.2222541,0.2183091,0,0,0,0.2806673
1731426994200,-34.43026,1.45425,-0.7977486,-0.997431,-0.01100689,-0.07078409,0,0,0,-34.54303,1.112637,-0.8600807,-0.9169042,-0.03106177,-0.3978975,0,0,0,-34.56699,1.093199,-0.7068024,-0.950234,-0.2222541,0.2183091,0,0,0,0.2806673
1731426994218,-34.46563,1.446938,-0.7938118,-0.9976305,-0.003234546,-0.06872916,-2.65274,-0.5484223,0.2952576,-34.58054,1.104068,-0.8533821,-0.920042,-0.0321421,-0.3904995,-2.813244,-0.642693,0.5023956,-34.60493,1.082384,-0.7031479,-0.9470311,-0.2132832,0.2400891,-2.845573,-0.8111358,0.274086,0.2806673
1731426994224,-34.46563,1.446938,-0.7938118,-0.9976305,-0.003234546,-0.06872916,0,0,0,-34.58054,1.104068,-0.8533821,-0.920042,-0.0321421,-0.3904995,0,0,0,-34.60493,1.082384,-0.7031479,-0.9470311,-0.2132832,0.2400891,0,0,0,0.2806673
1731426994246,-34.5008,1.439099,-0.7890625,-0.9976286,0.001514353,-0.06881428,-2.637863,-0.5879402,0.3561974,-34.61609,1.097338,-0.8493233,-0.9203612,-0.0270215,-0.3901358,-2.666187,-0.5047023,0.3044128,-34.64126,1.074391,-0.6998367,-0.9468492,-0.2056977,0.2473161,-2.724838,-0.5994469,0.2483368,0.2806673
1731426994253,-34.5008,1.439099,-0.7890625,-0.9976286,0.001514353,-0.06881428,0,0,0,-34.61609,1.097338,-0.8493233,-0.9203612,-0.0270215,-0.3901358,0,0,0,-34.64126,1.074391,-0.6998367,-0.9468492,-0.2056977,0.2473161,0,0,0,0.2806673
1731426994273,-34.53621,1.432894,-0.7838326,-0.997696,0.0004199268,-0.06784523,-2.655888,-0.4653454,0.3922462,-34.65515,1.092005,-0.842247,-0.9181978,-0.02075062,-0.395579,-2.929115,-0.4000247,0.5307198,-34.68156,1.070145,-0.6921997,-0.950201,-0.1956293,0.2425852,-3.022385,-0.3184587,0.5727768,0.2806673
1731426994278,-34.53621,1.432894,-0.7838326,-0.997696,0.0004199268,-0.06784523,0,0,0,-34.65515,1.092005,-0.842247,-0.9181978,-0.02075062,-0.395579,0,0,0,-34.68156,1.070145,-0.6921997,-0.950201,-0.1956293,0.2425852,0,0,0,0.2806673
1731426994301,-34.57261,1.428352,-0.7777977,-0.9978382,0.006171796,-0.06543016,-2.729702,-0.3406942,0.4526138,-34.69418,1.088219,-0.8358116,-0.919052,-0.0131757,-0.3939164,-2.927113,-0.2839386,0.4826546,-34.72186,1.068424,-0.6850777,-0.9500807,-0.1897317,0.2476869,-3.022957,-0.1290947,0.534153,0.2806673
1731426994306,-34.57261,1.428352,-0.7777977,-0.9978382,0.006171796,-0.06543016,0,0,0,-34.69418,1.088219,-0.8358116,-0.919052,-0.0131757,-0.3939164,0,0,0,-34.72186,1.068424,-0.6850777,-0.9500807,-0.1897317,0.2476869,0,0,0,0.2806673
1731426994329,-34.6095,1.427324,-0.7715721,-0.9979265,0.01254225,-0.06313431,-2.766609,-0.07710457,0.4669189,-34.73478,1.086958,-0.8297539,-0.9200259,-0.008939802,-0.3917562,-3.044987,-0.09459257,0.4543304,-34.76249,1.069868,-0.6774559,-0.9495734,-0.1761687,0.2593747,-3.046989,0.1083076,0.5716324,0.2806673
1731426994334,-34.6095,1.427324,-0.7715721,-0.9979265,0.01254225,-0.06313431,0,0,0,-34.73478,1.086958,-0.8297539,-0.9200259,-0.008939802,-0.3917562,0,0,0,-34.76249,1.069868,-0.6774559,-0.9495734,-0.1761687,0.2593747,0,0,0,0.2806673
1731426994357,-34.64916,1.435145,-0.7651443,-0.9979641,-0.006304039,-0.0634675,-2.974892,0.5865723,0.4820824,-34.77693,1.088928,-0.8245621,-0.9128353,-0.009314013,-0.4082224,-3.16143,0.1477808,0.3893852,-34.80598,1.074059,-0.6698647,-0.9535128,-0.1630296,0.2534465,-3.262138,0.3143102,0.5693436,0.2806673
1731426994363,-34.64916,1.435145,-0.7651443,-0.9979641,-0.006304039,-0.0634675,0,0,0,-34.77693,1.088928,-0.8245621,-0.9128353,-0.009314013,-0.4082224,0,0,0,-34.80598,1.074059,-0.6698647,-0.9535128,-0.1630296,0.2534465,0,0,0,0.2806673
1731426994385,-34.68922,1.444099,-0.7599678,-0.9981604,0.01538721,-0.05864775,-3.004646,0.6715626,0.3882408,-34.81883,1.094129,-0.8212166,-0.8968088,-0.0394385,-0.4406576,-3.142834,0.3901005,0.2509117,-34.85052,1.080238,-0.6640778,-0.9465914,-0.1766214,0.2697591,-3.34053,0.4634231,0.4340172,0.2806673
1731426994390,-34.68922,1.444099,-0.7599678,-0.9981604,0.01538721,-0.05864775,0,0,0,-34.81883,1.094129,-0.8212166,-0.8968088,-0.0394385,-0.4406576,0,0,0,-34.85052,1.080238,-0.6640778,-0.9465914,-0.1766214,0.2697591,0,0,0,0.2806673
1731426994413,-34.72737,1.450869,-0.7551003,-0.9983079,0.0323683,-0.0483135,-2.860737,0.5077779,0.3650665,-34.85899,1.103942,-0.8167915,-0.8866669,-0.09563757,-0.4524113,-3.011799,0.7359624,0.3318787,-34.89087,1.091314,-0.6562042,-0.9314938,-0.206557,0.2994226,-3.025818,0.8307338,0.5905151,0.2806673
1731426994418,-34.72737,1.450869,-0.7551003,-0.9983079,0.0323683,-0.0483135,0,0,0,-34.85899,1.103942,-0.8167915,-0.8866669,-0.09563757,-0.4524113,0,0,0,-34.89087,1.091314,-0.6562042,-0.9314938,-0.206557,0.2994226,0,0,0,0.2806673
1731426994441,-34.76496,1.457297,-0.7516136,-0.9991213,0.02097413,-0.03629541,-2.819252,0.4820645,0.2614975,-34.89426,1.11739,-0.8130379,-0.894962,-0.09658916,-0.4355619,-2.645302,1.008546,0.2815247,-34.92591,1.10773,-0.6511765,-0.9456601,-0.180805,0.2702535,-2.628136,1.231214,0.3770828,0.2806673
1731426994446,-34.76496,1.457297,-0.7516136,-0.9991213,0.02097413,-0.03629541,0,0,0,-34.89426,1.11739,-0.8130379,-0.894962,-0.09658916,-0.4355619,0,0,0,-34.92591,1.10773,-0.6511765,-0.9456601,-0.180805,0.2702535,0,0,0,0.2806673
1731426994469,-34.80388,1.466183,-0.7529602,-0.9995073,0.008136473,-0.03031409,-2.919388,0.6664574,-0.1009941,-34.9275,1.129912,-0.8077087,-0.9055876,-0.01851586,-0.4237553,-2.492809,0.9391576,0.3996849,-34.96221,1.121642,-0.6472397,-0.967108,-0.1266495,0.2205947,-2.722549,1.043361,0.2952576,0.2806673
1731426994474,-34.80388,1.466183,-0.7529602,-0.9995073,0.008136473,-0.03031409,0,0,0,-34.9275,1.129912,-0.8077087,-0.9055876,-0.01851586,-0.4237553,0,0,0,-34.96221,1.121642,-0.6472397,-0.967108,-0.1266495,0.2205947,0,0,0,0.2806673
1731426994496,-34.8413,1.474724,-0.7492027,-0.9994919,0.008608288,-0.0306989,-2.806091,0.6406277,0.2818108,-34.96214,1.136688,-0.8035202,-0.9112942,0.001527067,-0.411754,-2.597809,0.5081892,0.3141403,-34.99868,1.131997,-0.6425858,-0.9652928,-0.1125895,0.2356555,-2.734852,0.7765979,0.3490448,0.2806673
1731426994501,-34.8413,1.474724,-0.7492027,-0.9994919,0.008608288,-0.0306989,0,0,0,-34.96214,1.136688,-0.8035202,-0.9112942,0.001527067,-0.411754,0,0,0,-34.99868,1.131997,-0.6425858,-0.9652928,-0.1125895,0.2356555,0,0,0,0.2806673
1731426994506,-34.8413,1.474724,-0.7492027,-0.9994919,0.008608288,-0.0306989,0,0,0,-34.96214,1.136688,-0.8035202,-0.9112942,0.001527067,-0.411754,0,0,0,-34.99868,1.131997,-0.6425858,-0.9652928,-0.1125895,0.2356555,0,0,0,0.2806673
1731426994524,-34.87708,1.481249,-0.7473526,-0.9993379,0.0133203,-0.03386104,-2.68364,0.4893333,0.1387596,-34.99638,1.139957,-0.8010941,-0.9118761,-0.04625714,-0.4078509,-2.56834,0.2451897,0.1819611,-35.0337,1.141131,-0.6388206,-0.9576926,-0.1152138,0.2637254,-2.626419,0.6850898,0.282383,0.2806673
1731426994529,-34.87708,1.481249,-0.7473526,-0.9993379,0.0133203,-0.03386104,0,0,0,-34.99638,1.139957,-0.8010941,-0.9118761,-0.04625714,-0.4078509,0,0,0,-35.0337,1.141131,-0.6388206,-0.9576926,-0.1152138,0.2637254,0,0,0,0.2806673
1731426994552,-34.91282,1.485818,-0.7443466,-0.9992141,0.01736327,-0.03564382,-2.680206,0.3426701,0.2254486,-35.02779,1.143326,-0.7990227,-0.9102339,-0.0625771,-0.4093397,-2.356052,0.2527088,0.1553535,-35.06725,1.147973,-0.6363831,-0.9591926,-0.1205666,0.2557607,-2.51627,0.5131423,0.1828194,0.2806673
1731426994558,-34.91282,1.485818,-0.7443466,-0.9992141,0.01736327,-0.03564382,0,0,0,-35.02779,1.143326,-0.7990227,-0.9102339,-0.0625771,-0.4093397,0,0,0,-35.06725,1.147973,-0.6363831,-0.9591926,-0.1205666,0.2557607,0,0,0,0.2806673
1731426994579,-34.94825,1.488272,-0.7412758,-0.9990137,0.02278772,-0.03811347,-2.65789,0.18408,0.2303123,-35.06,1.143695,-0.7970848,-0.9149095,-0.05356164,-0.4000906,-2.415562,0.0276804,0.14534,-35.10123,1.149976,-0.6355743,-0.9605365,-0.1344577,0.243498,-2.548885,0.1502395,0.06065369,0.2806673
1731426994584,-34.94825,1.488272,-0.7412758,-0.9990137,0.02278772,-0.03811347,0,0,0,-35.06,1.143695,-0.7970848,-0.9149095,-0.05356164,-0.4000906,0,0,0,-35.10123,1.149976,-0.6355743,-0.9605365,-0.1344577,0.243498,0,0,0,0.2806673
1731426994607,-34.98333,1.488783,-0.7384605,-0.9986629,0.03037922,-0.04183137,-2.630997,0.03830194,0.2111435,-35.09273,1.141309,-0.7962303,-0.9164771,-0.04701434,-0.3973161,-2.454758,-0.1790017,0.06408691,-35.13406,1.149561,-0.6373291,-0.9613416,-0.1290482,0.2432473,-2.46191,-0.03114939,-0.1316071,0.2806673
1731426994612,-34.98333,1.488783,-0.7384605,-0.9986629,0.03037922,-0.04183137,0,0,0,-35.09273,1.141309,-0.7962303,-0.9164771,-0.04701434,-0.3973161,0,0,0,-35.13406,1.149561,-0.6373291,-0.9613416,-0.1290482,0.2432473,0,0,0,0.2806673
1731426994635,-35.01819,1.486271,-0.7360077,-0.9983199,0.03422023,-0.04676235,-2.614403,-0.1883626,0.1839638,-35.12685,1.135631,-0.796917,-0.9092108,-0.05628283,-0.4125153,-2.558613,-0.4258275,-0.05149841,-35.16747,1.145413,-0.6402702,-0.9664813,-0.10991,0.2320219,-2.505684,-0.3111094,-0.2205849,0.2806673
1731426994641,-35.01819,1.486271,-0.7360077,-0.9983199,0.03422023,-0.04676235,0,0,0,-35.12685,1.135631,-0.796917,-0.9092108,-0.05628283,-0.4125153,0,0,0,-35.16747,1.145413,-0.6402702,-0.9664813,-0.10991,0.2320219,0,0,0,0.2806673
1731426994663,-35.05352,1.482885,-0.7346535,-0.9980551,0.03471838,-0.05177724,-2.649307,-0.2539694,0.1015663,-35.1624,1.128224,-0.8000526,-0.8979278,-0.07527352,-0.4336587,-2.666473,-0.5555391,-0.2351761,-35.20285,1.137479,-0.6437035,-0.9707871,-0.1151258,0.2105208,-2.654171,-0.5950302,-0.2574921,0.2806673
1731426994669,-35.05352,1.482885,-0.7346535,-0.9980551,0.03471838,-0.05177724,0,0,0,-35.1624,1.128224,-0.8000526,-0.8979278,-0.07527352,-0.4336587,0,0,0,-35.20285,1.137479,-0.6437035,-0.9707871,-0.1151258,0.2105208,0,0,0,0.2806673
1731426994691,-35.08881,1.477702,-0.7332573,-0.9975725,0.04035369,-0.05675554,-2.646732,-0.3887236,0.1047134,-35.19912,1.119498,-0.8038254,-0.8898162,-0.08295073,-0.4487169,-2.754307,-0.6544054,-0.2829552,-35.24027,1.126664,-0.6467285,-0.9703808,-0.1373712,0.1987222,-2.806091,-0.8111089,-0.2268791,0.2806673
1731426994699,-35.08881,1.477702,-0.7332573,-0.9975725,0.04035369,-0.05675554,0,0,0,-35.19912,1.119498,-0.8038254,-0.8898162,-0.08295073,-0.4487169,0,0,0,-35.24027,1.126664,-0.6467285,-0.9703808,-0.1373712,0.1987222,0,0,0,0.2806673
1731426994718,-35.12341,1.471861,-0.7325401,-0.997063,0.04588513,-0.06132126,-2.594948,-0.4380763,0.05378723,-35.23618,1.110089,-0.8056526,-0.8775649,-0.1000964,-0.4688938,-2.779198,-0.7056892,-0.137043,-35.27705,1.116184,-0.6463318,-0.9662743,-0.1513095,0.2083743,-2.758598,-0.7860303,0.02975464,0.2806673
1731426994724,-35.12341,1.471861,-0.7325401,-0.997063,0.04588513,-0.06132126,0,0,0,-35.23618,1.110089,-0.8056526,-0.8775649,-0.1000964,-0.4688938,0,0,0,-35.27705,1.116184,-0.6463318,-0.9662743,-0.1513095,0.2083743,0,0,0,0.2806673
1731426994745,-35.15756,1.465076,-0.7318726,-0.9971578,0.03737116,-0.0654248,-2.561474,-0.5088687,0.0500679,-35.27215,1.102507,-0.8074684,-0.8664532,-0.1165576,-0.4854621,-2.697945,-0.5686462,-0.1361847,-35.31396,1.107357,-0.6454163,-0.9648607,-0.1509351,0.2150878,-2.768326,-0.6620049,0.06866455,0.2806673
1731426994750,-35.15756,1.465076,-0.7318726,-0.9971578,0.03737116,-0.0654248,0,0,0,-35.27215,1.102507,-0.8074684,-0.8664532,-0.1165576,-0.4854621,0,0,0,-35.31396,1.107357,-0.6454163,-0.9648607,-0.1509351,0.2150878,0,0,0,0.2806673
1731426994773,-35.19217,1.459087,-0.7312698,-0.9970077,0.0319447,-0.07039785,-2.595806,-0.4491538,0.04520416,-35.30826,1.097696,-0.807766,-0.8647982,-0.09625815,-0.4928074,-2.708244,-0.3608286,-0.02231598,-35.3522,1.100415,-0.6428833,-0.9615355,-0.1553207,0.2265513,-2.867603,-0.5206525,0.1899719,0.2806673
1731426994778,-35.19217,1.459087,-0.7312698,-0.9970077,0.0319447,-0.07039785,0,0,0,-35.30826,1.097696,-0.807766,-0.8647982,-0.09625815,-0.4928074,0,0,0,-35.3522,1.100415,-0.6428833,-0.9615355,-0.1553207,0.2265513,0,0,0,0.2806673
1731426994801,-35.22771,1.455753,-0.7306633,-0.9965433,0.03308171,-0.07620478,-2.665615,-0.2500802,0.04549026,-35.34457,1.094506,-0.8086128,-0.8683388,-0.07911167,-0.4896221,-2.723408,-0.2392888,-0.06351471,-35.3901,1.09657,-0.6393242,-0.9592971,-0.1533358,0.2371444,-2.842999,-0.288409,0.2669334,0.2806673
1731426994805,-35.22771,1.455753,-0.7306633,-0.9965433,0.03308171,-0.07620478,0,0,0,-35.34457,1.094506,-0.8086128,-0.8683388,-0.07911167,-0.4896221,0,0,0,-35.3901,1.09657,-0.6393242,-0.9592971,-0.1533358,0.2371444,0,0,0,0.2806673
1731426994829,-35.26308,1.454676,-0.7301636,-0.9958935,0.04849429,-0.07645202,-2.65274,-0.08078814,0.0374794,-35.38303,1.094518,-0.809761,-0.8691452,-0.08145355,-0.4878039,-2.883911,0.0009119511,-0.08611679,-35.42881,1.09706,-0.6353455,-0.9568632,-0.1437394,0.2524915,-2.903366,0.0367552,0.2984047,0.2806673
1731426994834,-35.26308,1.454676,-0.7301636,-0.9958935,0.04849429,-0.07645202,0,0,0,-35.38303,1.094518,-0.809761,-0.8691452,-0.08145355,-0.4878039,0,0,0,-35.42881,1.09706,-0.6353455,-0.9568632,-0.1437394,0.2524915,0,0,0,0.2806673
1731426994857,-35.29772,1.457694,-0.7288284,-0.9965886,0.04675049,-0.06801534,-2.597809,0.2263516,0.1001358,-35.42174,1.098205,-0.8101768,-0.8723497,-0.08266825,-0.4818431,-2.903652,0.2765447,-0.03118515,-35.46697,1.104004,-0.6300659,-0.9534805,-0.1248136,0.2744027,-2.861595,0.5208224,0.3959656,0.2806673
1731426994862,-35.29772,1.457694,-0.7288284,-0.9965886,0.04675049,-0.06801534,0,0,0,-35.42174,1.098205,-0.8101768,-0.8723497,-0.08266825,-0.4818431,0,0,0,-35.46697,1.104004,-0.6300659,-0.9534805,-0.1248136,0.2744027,0,0,0,0.2806673
1731426994885,-35.33512,1.465959,-0.7274818,-0.995797,0.06981932,-0.0592767,-2.805233,0.6198496,0.1009941,-35.46216,1.104268,-0.805439,-0.8854066,-0.05981863,-0.460953,-3.031254,0.4547328,0.3553391,-35.50473,1.113992,-0.6231613,-0.9519106,-0.1142806,0.2842654,-2.832413,0.749141,0.5178452,0.2806673
1731426994889,-35.33512,1.465959,-0.7274818,-0.995797,0.06981932,-0.0592767,0,0,0,-35.46216,1.104268,-0.805439,-0.8854066,-0.05981863,-0.460953,0,0,0,-35.50473,1.113992,-0.6231613,-0.9519106,-0.1142806,0.2842654,0,0,0,0.2806673
1731426994893,-35.33512,1.465959,-0.7274818,-0.995797,0.06981932,-0.0592767,0,0,0,-35.46216,1.104268,-0.805439,-0.8854066,-0.05981863,-0.460953,0,0,0,-35.50473,1.113992,-0.6231613,-0.9519106,-0.1142806,0.2842654,0,0,0,0.2806673
1731426994913,-35.37217,1.474966,-0.7283401,-0.995162,0.08310936,-0.05240178,-2.778912,0.6755412,-0.06437302,-35.50433,1.112377,-0.8014603,-0.8868886,-0.06268455,-0.4577116,-3.162861,0.608182,0.2984047,-35.54189,1.124632,-0.6182938,-0.9455317,-0.133992,0.2966755,-2.78635,0.7979929,0.3650665,0.2806673
1731426994917,-35.37217,1.474966,-0.7283401,-0.995162,0.08310936,-0.05240178,0,0,0,-35.50433,1.112377,-0.8014603,-0.8868886,-0.06268455,-0.4577116,0,0,0,-35.54189,1.124632,-0.6182938,-0.9455317,-0.133992,0.2966755,0,0,0,0.2806673
1731426994941,-35.40749,1.480208,-0.7284813,-0.9940562,0.09319253,-0.05628419,-2.648449,0.3931403,-0.01058578,-35.54202,1.124103,-0.7958336,-0.8962201,-0.05683181,-0.4399543,-2.826977,0.8794069,0.4220009,-35.57442,1.136521,-0.6132545,-0.9422303,-0.1585788,0.2950507,-2.440166,0.8916557,0.3779411,0.2806673
1731426994946,-35.40749,1.480208,-0.7284813,-0.9940562,0.09319253,-0.05628419,0,0,0,-35.54202,1.124103,-0.7958336,-0.8962201,-0.05683181,-0.4399543,0,0,0,-35.57442,1.136521,-0.6132545,-0.9422303,-0.1585788,0.2950507,0,0,0,0.2806673
1731426994968,-35.4417,1.483865,-0.7248726,-0.9958794,0.065134,-0.06310606,-2.566338,0.2743006,0.2706528,-35.57627,1.138642,-0.7902107,-0.9097562,0.008086504,-0.4150648,-2.56834,1.090443,0.4217148,-35.60402,1.148564,-0.6099205,-0.9578794,-0.1296589,0.2562343,-2.220154,0.9032249,0.2500534,0.2806673
1731426994973,-35.4417,1.483865,-0.7248726,-0.9958794,0.065134,-0.06310606,0,0,0,-35.57627,1.138642,-0.7902107,-0.9097562,0.008086504,-0.4150648,0,0,0,-35.60402,1.148564,-0.6099205,-0.9578794,-0.1296589,0.2562343,0,0,0,0.2806673
1731426994996,-35.47675,1.490949,-0.7240677,-0.9971023,0.03898752,-0.06532657,-2.628422,0.5313098,0.06036758,-35.61149,1.149392,-0.7858276,-0.913889,0.05056127,-0.4028043,-2.641869,0.8062541,0.3287315,-35.6343,1.156639,-0.6084442,-0.9680198,-0.07245072,0.2401856,-2.270508,0.605607,0.1107216,0.2806673
1731426995001,-35.47675,1.490949,-0.7240677,-0.9971023,0.03898752,-0.06532657,0,0,0,-35.61149,1.149392,-0.7858276,-0.913889,0.05056127,-0.4028043,0,0,0,-35.6343,1.156639,-0.6084442,-0.9680198,-0.07245072,0.2401856,0,0,0,0.2806673
1731426995024,-35.51143,1.497134,-0.7201614,-0.9970188,0.03425055,-0.06914508,-2.60067,0.463897,0.2929688,-35.6464,1.157956,-0.7827721,-0.9129409,0.05749837,-0.4040215,-2.618408,0.6422997,0.2291679,-35.66563,1.160862,-0.6066246,-0.9635413,-0.07051831,0.2580999,-2.350044,0.3167689,0.1364708,0.2806673
1731426995028,-35.51143,1.497134,-0.7201614,-0.9970188,0.03425055,-0.06914508,0,0,0,-35.6464,1.157956,-0.7827721,-0.9129409,0.05749837,-0.4040215,0,0,0,-35.66563,1.160862,-0.6066246,-0.9635413,-0.07051831,0.2580999,0,0,0,0.2806673
1731426995052,-35.54533,1.501498,-0.7167625,-0.9968764,0.03114248,-0.07258224,-2.542877,0.3272474,0.2549171,-35.67962,1.16479,-0.7790489,-0.9156405,0.0223216,-0.4013783,-2.490807,0.5125523,0.2792358,-35.69661,1.163451,-0.6014252,-0.956086,-0.1064063,0.2730888,-2.323151,0.1941741,0.3899574,0.2806673
1731426995056,-35.54533,1.501498,-0.7167625,-0.9968764,0.03114248,-0.07258224,0,0,0,-35.67962,1.16479,-0.7790489,-0.9156405,0.0223216,-0.4013783,0,0,0,-35.69661,1.163451,-0.6014252,-0.956086,-0.1064063,0.2730888,0,0,0,0.2806673
1731426995080,-35.57868,1.504549,-0.7155838,-0.9967812,0.02936629,-0.07459939,-2.501392,0.2288193,0.08840561,-35.71003,1.169949,-0.7773323,-0.9112406,0.009056183,-0.4117756,-2.280807,0.3869534,0.128746,-35.72717,1.163678,-0.5990982,-0.9523924,-0.1441962,0.2686198,-2.292252,0.01696944,0.1745224,0.2806673
1731426995084,-35.57868,1.504549,-0.7155838,-0.9967812,0.02936629,-0.07459939,0,0,0,-35.71003,1.169949,-0.7773323,-0.9112406,0.009056183,-0.4117756,0,0,0,-35.72717,1.163678,-0.5990982,-0.9523924,-0.1441962,0.2686198,0,0,0,0.2806673
1731426995107,-35.61287,1.504603,-0.71064,-0.9964527,0.03267444,-0.07755423,-2.564049,0.00410378,0.3707886,-35.74023,1.170915,-0.772892,-0.911958,-0.001250926,-0.4102824,-2.265358,0.07244647,0.3330231,-35.75812,1.16125,-0.595871,-0.9511212,-0.1466634,0.2717692,-2.321434,-0.1820773,0.2420425,0.2806673
1731426995112,-35.61287,1.504603,-0.71064,-0.9964527,0.03267444,-0.07755423,0,0,0,-35.74023,1.170915,-0.772892,-0.911958,-0.001250926,-0.4102824,0,0,0,-35.75812,1.16125,-0.595871,-0.9511212,-0.1466634,0.2717692,0,0,0,0.2806673
1731426995135,-35.64746,1.502457,-0.705162,-0.9960063,0.03460915,-0.08230686,-2.594376,-0.1610041,0.4108429,-35.77097,1.166819,-0.7681503,-0.919916,-0.01646022,-0.3917707,-2.305126,-0.3072113,0.3556252,-35.79095,1.154334,-0.5944633,-0.9494752,-0.1523318,0.2743946,-2.462482,-0.5187035,0.1055717,0.2806673
1731426995139,-35.64746,1.502457,-0.705162,-0.9960063,0.03460915,-0.08230686,0,0,0,-35.77097,1.166819,-0.7681503,-0.919916,-0.01646022,-0.3917707,0,0,0,-35.79095,1.154334,-0.5944633,-0.9494752,-0.1523318,0.2743946,0,0,0,0.2806673
1731426995163,-35.68107,1.497926,-0.6996269,-0.9959882,0.02704513,-0.08530128,-2.520847,-0.3397912,0.4151344,-35.80192,1.159903,-0.7624016,-0.9261912,-0.02230218,-0.3763952,-2.321434,-0.5187392,0.4311562,-35.82479,1.144355,-0.592865,-0.9429694,-0.1827454,0.278232,-2.537441,-0.74839,0.1198769,0.2806673
1731426995167,-35.68107,1.497926,-0.6996269,-0.9959882,0.02704513,-0.08530128,0,0,0,-35.80192,1.159903,-0.7624016,-0.9261912,-0.02230218,-0.3763952,0,0,0,-35.82479,1.144355,-0.592865,-0.9429694,-0.1827454,0.278232,0,0,0,0.2806673
1731426995191,-35.7153,1.491678,-0.6937103,-0.9954774,0.03130368,-0.08969629,-2.56691,-0.4686266,0.4437447,-35.83401,1.14991,-0.7562103,-0.9267234,-0.03190818,-0.3743876,-2.406979,-0.7494271,0.464344,-35.85939,1.132614,-0.5891418,-0.9339755,-0.2082754,0.2903641,-2.59552,-0.880596,0.2792358,0.2806673
1731426995195,-35.7153,1.491678,-0.6937103,-0.9954774,0.03130368,-0.08969629,0,0,0,-35.83401,1.14991,-0.7562103,-0.9267234,-0.03190818,-0.3743876,0,0,0,-35.85939,1.132614,-0.5891418,-0.9339755,-0.2082754,0.2903641,0,0,0,0.2806673
1731426995218,-35.74933,1.483637,-0.6875801,-0.994859,0.03471432,-0.09513533,-2.552605,-0.6030321,0.4597664,-35.86638,1.139071,-0.7499237,-0.9213616,-0.04344576,-0.3862721,-2.427578,-0.8129776,0.4714966,-35.89458,1.120914,-0.5846405,-0.9270583,-0.2207249,0.3030571,-2.638721,-0.8775294,0.3376007,0.2806673
1731426995222,-35.74933,1.483637,-0.6875801,-0.994859,0.03471432,-0.09513533,0,0,0,-35.86638,1.139071,-0.7499237,-0.9213616,-0.04344576,-0.3862721,0,0,0,-35.89458,1.120914,-0.5846405,-0.9270583,-0.2207249,0.3030571,0,0,0,0.2806673
1731426995226,-35.74933,1.483637,-0.6875801,-0.994859,0.03471432,-0.09513533,0,0,0,-35.86638,1.139071,-0.7499237,-0.9213616,-0.04344576,-0.3862721,0,0,0,-35.89458,1.120914,-0.5846405,-0.9270583,-0.2207249,0.3030571,0,0,0,0.2806673
1731426995246,-35.78301,1.474944,-0.6808319,-0.9947461,0.02709293,-0.0987252,-2.525997,-0.6519645,0.506115,-35.90001,1.128251,-0.7445984,-0.9169312,-0.04506117,-0.396494,-2.521992,-0.8114934,0.3993988,-35.93018,1.111548,-0.581604,-0.9289356,-0.2076208,0.3065494,-2.669907,-0.7024348,0.2277374,0.2806673
1731426995250,-35.78301,1.474944,-0.6808319,-0.9947461,0.02709293,-0.0987252,0,0,0,-35.90001,1.128251,-0.7445984,-0.9169312,-0.04506117,-0.396494,0,0,0,-35.93018,1.111548,-0.581604,-0.9289356,-0.2076208,0.3065494,0,0,0,0.2806673
1731426995274,-35.81674,1.466991,-0.6739197,-0.9945402,0.01705491,-0.1029531,-2.52943,-0.5964965,0.5184174,-35.93406,1.118821,-0.7384491,-0.9185382,-0.05210684,-0.3918837,-2.554321,-0.7071912,0.4611969,-35.96513,1.10483,-0.5746727,-0.9335241,-0.1993779,0.2979622,-2.621555,-0.503853,0.5198479,0.2806673
1731426995278,-35.81674,1.466991,-0.6739197,-0.9945402,0.01705491,-0.1029531,0,0,0,-35.93406,1.118821,-0.7384491,-0.9185382,-0.05210684,-0.3918837,0,0,0,-35.96513,1.10483,-0.5746727,-0.9335241,-0.1993779,0.2979622,0,0,0,0.2806673
1731426995302,-35.85025,1.460103,-0.666954,-0.9935989,0.02189435,-0.1108259,-2.513123,-0.5166471,0.5224228,-35.97058,1.113646,-0.7334671,-0.9161007,-0.05420456,-0.3972673,-2.738857,-0.3881782,0.3736496,-36.00172,1.102113,-0.5680771,-0.9376732,-0.1907749,0.290473,-2.744579,-0.2037853,0.4946709,0.2806673
1731426995308,-35.85025,1.460103,-0.666954,-0.9935989,0.02189435,-0.1108259,0,0,0,-35.97058,1.113646,-0.7334671,-0.9161007,-0.05420456,-0.3972673,0,0,0,-36.00172,1.102113,-0.5680771,-0.9376732,-0.1907749,0.290473,0,0,0,0.2806673
1731426995329,-35.88495,1.456174,-0.6602325,-0.9922704,0.02997684,-0.1204208,-2.602959,-0.2946496,0.5041122,-36.005,1.112199,-0.7299614,-0.9118157,-0.03885069,-0.4087583,-2.581787,-0.1084954,0.262928,-36.0392,1.101467,-0.5619583,-0.9450102,-0.1771178,0.2749275,-2.810955,-0.04842281,0.4589081,0.2806673
1731426995333,-35.88495,1.456174,-0.6602325,-0.9922704,0.02997684,-0.1204208,0,0,0,-36.005,1.112199,-0.7299614,-0.9118157,-0.03885069,-0.4087583,0,0,0,-36.0392,1.101467,-0.5619583,-0.9450102,-0.1771178,0.2749275,0,0,0,0.2806673
1731426995356,-35.92184,1.457526,-0.6541862,-0.99106,0.0233558,-0.1313583,-2.766323,0.1013875,0.4534721,-36.04151,1.113434,-0.7258797,-0.9101788,-0.009444864,-0.4141088,-2.737999,0.0925988,0.3061295,-36.07765,1.101575,-0.5554581,-0.9534278,-0.1620324,0.2544038,-2.883339,0.00808239,0.4875183,0.2806673
1731426995361,-35.92184,1.457526,-0.6541862,-0.99106,0.0233558,-0.1313583,0,0,0,-36.04151,1.113434,-0.7258797,-0.9101788,-0.009444864,-0.4141088,0,0,0,-36.07765,1.101575,-0.5554581,-0.9534278,-0.1620324,0.2544038,0,0,0,0.2806673
1731426995384,-35.95948,1.464535,-0.6479111,-0.9893185,0.02270713,-0.143991,-2.823544,0.5256772,0.4706383,-36.08236,1.116713,-0.7218819,-0.8977591,-0.0116307,-0.4403338,-3.063869,0.2459139,0.2998352,-36.12045,1.104677,-0.5516281,-0.9532262,-0.1593308,0.2568538,-3.209782,0.2326816,0.2872467,0.2806673
1731426995389,-35.95948,1.464535,-0.6479111,-0.9893185,0.02270713,-0.143991,0,0,0,-36.08236,1.116713,-0.7218819,-0.8977591,-0.0116307,-0.4403338,0,0,0,-36.12045,1.104677,-0.5516281,-0.9532262,-0.1593308,0.2568538,0,0,0,0.2806673
1731426995412,-35.99569,1.471249,-0.6425438,-0.9894218,0.03161816,-0.1415812,-2.715683,0.50354,0.4025459,-36.12262,1.122135,-0.7089386,-0.8670779,-0.03771739,-0.4967437,-3.019524,0.4066676,0.9707451,-36.1609,1.112608,-0.5466919,-0.9425781,-0.175381,0.2842328,-3.034401,0.5948067,0.3702164,0.2806673
1731426995417,-35.99569,1.471249,-0.6425438,-0.9894218,0.03161816,-0.1415812,0,0,0,-36.12262,1.122135,-0.7089386,-0.8670779,-0.03771739,-0.4967437,0,0,0,-36.1609,1.112608,-0.5466919,-0.9425781,-0.175381,0.2842328,0,0,0,0.2806673
1731426995441,-36.03228,1.478178,-0.6400795,-0.9907584,0.031707,-0.1318827,-2.744293,0.5197227,0.1848221,-36.15401,1.133258,-0.704895,-0.8636432,-0.08178153,-0.4974263,-2.35405,0.8342475,0.3032684,-36.19391,1.127005,-0.5432014,-0.9476138,-0.1751702,0.2671025,-2.475357,1.079759,0.2617836,0.2806673
1731426995445,-36.03228,1.478178,-0.6400795,-0.9907584,0.031707,-0.1318827,0,0,0,-36.15401,1.133258,-0.704895,-0.8636432,-0.08178153,-0.4974263,0,0,0,-36.19391,1.127005,-0.5432014,-0.9476138,-0.1751702,0.2671025,0,0,0,0.2806673
1731426995468,-36.06833,1.486221,-0.6360359,-0.9915031,0.02577454,-0.1275057,-2.703667,0.6031752,0.3032684,-36.18372,1.145449,-0.6999969,-0.8823819,-0.03122365,-0.4694977,-2.228165,0.9142935,0.3673553,-36.22691,1.14081,-0.5415878,-0.973866,-0.1281119,0.1875433,-2.475357,1.035386,0.1210213,0.2806673
1731426995473,-36.06833,1.486221,-0.6360359,-0.9915031,0.02577454,-0.1275057,0,0,0,-36.18372,1.145449,-0.6999969,-0.8823819,-0.03122365,-0.4694977,0,0,0,-36.22691,1.14081,-0.5415878,-0.973866,-0.1281119,0.1875433,0,0,0,0.2806673
1731426995496,-36.10513,1.495479,-0.6322021,-0.9920926,0.01352067,-0.1247786,-2.759457,0.694406,0.2875328,-36.21425,1.153586,-0.6965408,-0.8881228,0.003832636,-0.459591,-2.289677,0.6102741,0.2592087,-36.26211,1.150926,-0.5390091,-0.975431,-0.1201093,0.1846848,-2.63958,0.7586718,0.1934052,0.2806673
1731426995501,-36.10513,1.495479,-0.6322021,-0.9920926,0.01352067,-0.1247786,0,0,0,-36.21425,1.153586,-0.6965408,-0.8881228,0.003832636,-0.459591,0,0,0,-36.26211,1.150926,-0.5390091,-0.975431,-0.1201093,0.1846848,0,0,0,0.2806673
1731426995524,-36.14032,1.501846,-0.6293602,-0.9916514,0.02351829,-0.1267875,-2.639294,0.477469,0.2131462,-36.24528,1.15789,-0.6937752,-0.8889247,-0.02700332,-0.4572576,-2.327156,0.3228486,0.2074242,-36.29681,1.159975,-0.535614,-0.9657686,-0.1352908,0.2213321,-2.602386,0.6787062,0.254631,0.2806673
1731426995528,-36.14032,1.501846,-0.6293602,-0.9916514,0.02351829,-0.1267875,0,0,0,-36.24528,1.15789,-0.6937752,-0.8889247,-0.02700332,-0.4572576,0,0,0,-36.29681,1.159975,-0.535614,-0.9657686,-0.1352908,0.2213321,0,0,0,0.2806673
1731426995532,-36.14032,1.501846,-0.6293602,-0.9916514,0.02351829,-0.1267875,0,0,0,-36.24528,1.15789,-0.6937752,-0.8889247,-0.02700332,-0.4572576,0,0,0,-36.29681,1.159975,-0.535614,-0.9657686,-0.1352908,0.2213321,0,0,0,0.2806673
1731426995552,-36.17446,1.505661,-0.6261711,-0.990609,0.03054936,-0.1332703,-2.560902,0.2861202,0.2391815,-36.28171,1.160134,-0.6926003,-0.878018,-0.09069882,-0.4699564,-2.732563,0.1682639,0.08811951,-36.3305,1.166888,-0.5320587,-0.9655235,-0.1457961,0.2156571,-2.527142,0.5184889,0.2666473,0.2806673
1731426995556,-36.17446,1.505661,-0.6261711,-0.990609,0.03054936,-0.1332703,0,0,0,-36.28171,1.160134,-0.6926003,-0.878018,-0.09069882,-0.4699564,0,0,0,-36.3305,1.166888,-0.5320587,-0.9655235,-0.1457961,0.2156571,0,0,0,0.2806673
1731426995580,-36.20818,1.506891,-0.6239357,-0.9898534,0.03011975,-0.1388649,-2.529144,0.09225011,0.1676559,-36.3129,1.1614,-0.6899681,-0.8707498,-0.08639519,-0.4840783,-2.339458,0.09497702,0.1974106,-36.36213,1.170924,-0.5306816,-0.9706212,-0.1472958,0.1902595,-2.37236,0.3026605,0.1032829,0.2806673
1731426995585,-36.20818,1.506891,-0.6239357,-0.9898534,0.03011975,-0.1388649,0,0,0,-36.3129,1.1614,-0.6899681,-0.8707498,-0.08639519,-0.4840783,0,0,0,-36.36213,1.170924,-0.5306816,-0.9706212,-0.1472958,0.1902595,0,0,0,0.2806673
1731426995607,-36.2425,1.50597,-0.6223946,-0.989038,0.02923404,-0.1447401,-2.573776,-0.06902218,0.1155853,-36.34539,1.156638,-0.6884804,-0.8704506,-0.07107136,-0.4870989,-2.436447,-0.357154,0.1115799,-36.39412,1.169306,-0.5288734,-0.9743453,-0.1368427,0.1786779,-2.398682,-0.1213074,0.1356125,0.2806673
1731426995612,-36.2425,1.50597,-0.6223946,-0.989038,0.02923404,-0.1447401,0,0,0,-36.34539,1.156638,-0.6884804,-0.8704506,-0.07107136,-0.4870989,0,0,0,-36.39412,1.169306,-0.5288734,-0.9743453,-0.1368427,0.1786779,0,0,0,0.2806673
1731426995635,-36.27688,1.504077,-0.6206131,-0.9880835,0.03321435,-0.1502935,-2.578354,-0.142014,0.1336098,-36.37749,1.151716,-0.6862717,-0.8639061,-0.06574608,-0.4993435,-2.407551,-0.3691256,0.1656532,-36.42546,1.165833,-0.5286217,-0.9756921,-0.1167202,0.1854762,-2.350903,-0.2605319,0.01888275,0.2806673
1731426995640,-36.27688,1.504077,-0.6206131,-0.9880835,0.03321435,-0.1502935,0,0,0,-36.37749,1.151716,-0.6862717,-0.8639061,-0.06574608,-0.4993435,0,0,0,-36.42546,1.165833,-0.5286217,-0.9756921,-0.1167202,0.1854762,0,0,0,0.2806673
1731426995662,-36.31139,1.500432,-0.6187439,-0.9873489,0.03988893,-0.1534643,-2.588654,-0.273335,0.1401901,-36.41195,1.142979,-0.6862411,-0.8528291,-0.08651797,-0.5149738,-2.584362,-0.6552815,0.002288818,-36.45812,1.158515,-0.5289307,-0.9792709,-0.09105381,0.1809362,-2.449322,-0.5488336,-0.02317429,0.2806673
1731426995666,-36.31139,1.500432,-0.6187439,-0.9873489,0.03988893,-0.1534643,0,0,0,-36.41195,1.142979,-0.6862411,-0.8528291,-0.08651797,-0.5149738,0,0,0,-36.45812,1.158515,-0.5289307,-0.9792709,-0.09105381,0.1809362,0,0,0,0.2806673
1731426995690,-36.34562,1.495924,-0.616909,-0.9872652,0.03945258,-0.1541142,-2.566624,-0.3381282,0.1376152,-36.44683,1.133321,-0.6862946,-0.8438603,-0.1213036,-0.5226713,-2.616405,-0.7243752,-0.004005432,-36.49246,1.148215,-0.5279961,-0.978755,-0.09015812,0.184148,-2.575779,-0.7724583,0.07009506,0.2806673
1731426995694,-36.34562,1.495924,-0.616909,-0.9872652,0.03945258,-0.1541142,0,0,0,-36.44683,1.133321,-0.6862946,-0.8438603,-0.1213036,-0.5226713,0,0,0,-36.49246,1.148215,-0.5279961,-0.978755,-0.09015812,0.184148,0,0,0,0.2806673
1731426995718,-36.37995,1.48924,-0.6155624,-0.9874892,0.04167936,-0.1520809,-2.574921,-0.501278,0.1009941,-36.48082,1.125424,-0.6827927,-0.8420305,-0.12819,-0.5239778,-2.548599,-0.5922496,0.2626419,-36.52731,1.13724,-0.525074,-0.9704984,-0.1239702,0.2067966,-2.613258,-0.8231789,0.2191544,0.2806673
1731426995722,-36.37995,1.48924,-0.6155624,-0.9874892,0.04167936,-0.1520809,0,0,0,-36.48082,1.125424,-0.6827927,-0.8420305,-0.12819,-0.5239778,0,0,0,-36.52731,1.13724,-0.525074,-0.9704984,-0.1239702,0.2067966,0,0,0,0.2806673
1731426995746,-36.41412,1.482644,-0.6143417,-0.9890744,0.03604167,-0.1429455,-2.562618,-0.4947066,0.09155273,-36.51414,1.119449,-0.6837502,-0.8509995,-0.1251677,-0.5100328,-2.499676,-0.4481435,-0.07181168,-36.56178,1.127311,-0.521946,-0.9630345,-0.1510189,0.2230648,-2.585793,-0.744617,0.2346039,0.2806673
1731426995751,-36.41412,1.482644,-0.6143417,-0.9890744,0.03604167,-0.1429455,0,0,0,-36.51414,1.119449,-0.6837502,-0.8509995,-0.1251677,-0.5100328,0,0,0,-36.56178,1.127311,-0.521946,-0.9630345,-0.1510189,0.2230648,0,0,0,0.2806673
1731426995773,-36.44817,1.475572,-0.6139717,-0.9909515,0.02369056,-0.1321137,-2.554035,-0.5303979,0.02775192,-36.54848,1.114992,-0.681881,-0.8609274,-0.09790725,-0.4992181,-2.575207,-0.3342748,0.1401901,-36.59744,1.118618,-0.5188599,-0.9613264,-0.1467144,0.2330809,-2.674484,-0.6520182,0.2314568,0.2806673
1731426995777,-36.44817,1.475572,-0.6139717,-0.9909515,0.02369056,-0.1321137,0,0,0,-36.54848,1.114992,-0.681881,-0.8609274,-0.09790725,-0.4992181,0,0,0,-36.59744,1.118618,-0.5188599,-0.9613264,-0.1467144,0.2330809,0,0,0,0.2806673
1731426995801,-36.48215,1.46974,-0.6135864,-0.9925249,0.01771304,-0.1207535,-2.548599,-0.4373878,0.02889633,-36.58354,1.110727,-0.6815262,-0.8692781,-0.0762034,-0.4884152,-2.629566,-0.3198981,0.02660751,-36.63262,1.112168,-0.5152473,-0.9556253,-0.1422698,0.2579533,-2.638435,-0.4837185,0.2709389,0.2806673
1731426995806,-36.48215,1.46974,-0.6135864,-0.9925249,0.01771304,-0.1207535,0,0,0,-36.58354,1.110727,-0.6815262,-0.8692781,-0.0762034,-0.4884152,0,0,0,-36.63262,1.112168,-0.5152473,-0.9556253,-0.1422698,0.2579533,0,0,0,0.2806673
1731426995829,-36.51635,1.466737,-0.6135712,-0.9937786,0.02323765,-0.1089224,-2.564907,-0.2252162,0.001144409,-36.62181,1.109693,-0.6830292,-0.8725688,-0.05724073,-0.4851259,-2.869892,-0.0775516,-0.1127243,-36.66988,1.110185,-0.5110931,-0.9471081,-0.1461595,0.2856986,-2.794075,-0.1487285,0.3115654,0.2806673
1731426995834,-36.51635,1.466737,-0.6135712,-0.9937786,0.02323765,-0.1089224,0,0,0,-36.62181,1.109693,-0.6830292,-0.8725688,-0.05724073,-0.4851259,0,0,0,-36.66988,1.110185,-0.5110931,-0.9471081,-0.1461595,0.2856986,0,0,0,0.2806673
1731426995857,-36.55008,1.465812,-0.613945,-0.9944636,0.03590216,-0.09875965,-2.52943,-0.06939769,-0.02803802,-36.65905,1.112132,-0.6839714,-0.8727113,-0.03801553,-0.4867549,-2.793503,0.1829088,-0.07066727,-36.7062,1.113351,-0.5076523,-0.9473702,-0.1431269,0.2863647,-2.724266,0.237447,0.2580643,0.2806673
1731426995862,-36.55008,1.465812,-0.613945,-0.9944636,0.03590216,-0.09875965,0,0,0,-36.65905,1.112132,-0.6839714,-0.8727113,-0.03801553,-0.4867549,0,0,0,-36.7062,1.113351,-0.5076523,-0.9473702,-0.1431269,0.2863647,0,0,0,0.2806673
1731426995885,-36.58482,1.474166,-0.6161919,-0.995905,0.01768957,-0.08866024,-2.605534,0.6265372,-0.1685143,-36.69964,1.116182,-0.6844139,-0.8806515,-0.02587174,-0.4730583,-3.043842,0.3038049,-0.03318787,-36.7442,1.121257,-0.5056076,-0.9508559,-0.1131519,0.2882188,-2.849865,0.592947,0.1533508,0.2806673
1731426995889,-36.58482,1.474166,-0.6161919,-0.995905,0.01768957,-0.08866024,0,0,0,-36.69964,1.116182,-0.6844139,-0.8806515,-0.02587174,-0.4730583,0,0,0,-36.7442,1.121257,-0.5056076,-0.9508559,-0.1131519,0.2882188,0,0,0,0.2806673
1731426995893,-36.58482,1.474166,-0.6161919,-0.995905,0.01768957,-0.08866024,0,0,0,-36.69964,1.116182,-0.6844139,-0.8806515,-0.02587174,-0.4730583,0,0,0,-36.7442,1.121257,-0.5056076,-0.9508559,-0.1131519,0.2882188,0,0,0,0.2806673
1731426995912,-36.61954,1.482043,-0.6169968,-0.9956302,0.03934617,-0.084692,-2.604103,0.5907476,-0.06036758,-36.74477,1.123532,-0.6816559,-0.8763554,-0.04590648,-0.479473,-3.384876,0.5512118,0.206852,-36.78241,1.131964,-0.502655,-0.9396265,-0.1082003,0.3246457,-2.866173,0.8030444,0.2214432,0.2806673
1731426995917,-36.61954,1.482043,-0.6169968,-0.9956302,0.03934617,-0.084692,0,0,0,-36.74477,1.123532,-0.6816559,-0.8763554,-0.04590648,-0.479473,0,0,0,-36.78241,1.131964,-0.502655,-0.9396265,-0.1082003,0.3246457,0,0,0,0.2806673
1731426995940,-36.65196,1.486384,-0.6176605,-0.9939812,0.06553884,-0.08778608,-2.431583,0.3256202,-0.0497818,-36.78105,1.134281,-0.6825371,-0.8747823,-0.06763691,-0.4797727,-2.721119,0.8062005,-0.06608963,-36.81498,1.143645,-0.5016022,-0.933276,-0.1239185,0.3371061,-2.442455,0.8760452,0.07896423,0.2806673
1731426995947,-36.65196,1.486384,-0.6176605,-0.9939812,0.06553884,-0.08778608,0,0,0,-36.78105,1.134281,-0.6825371,-0.8747823,-0.06763691,-0.4797727,0,0,0,-36.81498,1.143645,-0.5016022,-0.933276,-0.1239185,0.3371061,0,0,0,0.2806673
1731426995966,-36.68301,1.492573,-0.6163483,-0.9955103,0.02412782,-0.09152806,-2.328873,0.464201,0.09841919,-36.81181,1.15059,-0.6817932,-0.9028384,0.008882899,-0.4298886,-2.307129,1.223195,0.05578995,-36.84405,1.158196,-0.5017166,-0.9539313,-0.08369446,0.2881156,-2.180386,1.091364,-0.008583069,0.2806673
1731426995972,-36.68301,1.492573,-0.6163483,-0.9955103,0.02412782,-0.09152806,0,0,0,-36.81181,1.15059,-0.6817932,-0.9028384,0.008882899,-0.4298886,0,0,0,-36.84405,1.158196,-0.5017166,-0.9539313,-0.08369446,0.2881156,0,0,0,0.2806673
1731426995994,-36.71595,1.501601,-0.6161537,-0.9953629,0.0216957,-0.09371436,-2.470207,0.6770611,0.01459122,-36.84614,1.161057,-0.67799,-0.9119116,0.0801314,-0.4024885,-2.574348,0.7849842,0.285244,-36.8723,1.170718,-0.5012245,-0.9602974,-0.02394511,0.277949,-2.118587,0.939095,0.0369072,0.2806673
1731426995999,-36.71595,1.501601,-0.6161537,-0.9953629,0.0216957,-0.09371436,0,0,0,-36.84614,1.161057,-0.67799,-0.9119116,0.0801314,-0.4024885,0,0,0,-36.8723,1.170718,-0.5012245,-0.9602974,-0.02394511,0.277949,0,0,0,0.2806673
1731426996021,-36.74746,1.508987,-0.6158524,-0.9943078,0.02818276,-0.1027551,-2.363205,0.5539387,0.02260208,-36.88129,1.169674,-0.6769028,-0.9081057,0.08346479,-0.4103391,-2.636147,0.6462604,0.08153915,-36.90143,1.179567,-0.4996529,-0.9531566,-0.0086387,0.3023547,-2.184963,0.6637037,0.1178741,0.2806673
1731426996025,-36.74746,1.508987,-0.6158524,-0.9943078,0.02818276,-0.1027551,0,0,0,-36.88129,1.169674,-0.6769028,-0.9081057,0.08346479,-0.4103391,0,0,0,-36.90143,1.179567,-0.4996529,-0.9531566,-0.0086387,0.3023547,0,0,0,0.2806673
1731426996049,-36.77832,1.514364,-0.6143723,-0.9928801,0.02503764,-0.1164594,-2.314568,0.4033148,0.1110077,-36.91569,1.176877,-0.6744728,-0.9124296,0.04213052,-0.4070606,-2.58007,0.5402774,0.1822472,-36.9304,1.185963,-0.4944229,-0.9479205,-0.04706063,0.3150119,-2.172661,0.4796594,0.3922462,0.2806673
1731426996053,-36.77832,1.514364,-0.6143723,-0.9928801,0.02503764,-0.1164594,0,0,0,-36.91569,1.176877,-0.6744728,-0.9124296,0.04213052,-0.4070606,0,0,0,-36.9304,1.185963,-0.4944229,-0.9479205,-0.04706063,0.3150119,0,0,0,0.2806673
1731426996077,-36.80921,1.517603,-0.6122131,-0.9912693,0.02816407,-0.128812,-2.316856,0.2429277,0.1619339,-36.94805,1.181815,-0.6731339,-0.9145701,0.03116758,-0.4032259,-2.427006,0.3703058,0.1004219,-36.95932,1.189097,-0.490448,-0.9455844,-0.09546693,0.3110573,-2.168655,0.2351046,0.2981186,0.2806673
1731426996082,-36.80921,1.517603,-0.6122131,-0.9912693,0.02816407,-0.128812,0,0,0,-36.94805,1.181815,-0.6731339,-0.9145701,0.03116758,-0.4032259,0,0,0,-36.95932,1.189097,-0.490448,-0.9455844,-0.09546693,0.3110573,0,0,0,0.2806673
1731426996106,-36.8399,1.517417,-0.6101456,-0.9898096,0.02942727,-0.1393253,-2.301979,-0.01401007,0.1550674,-36.98045,1.182499,-0.6696358,-0.9124743,0.03366721,-0.4077479,-2.430439,0.05129278,0.2623558,-36.98849,1.188907,-0.4871407,-0.9421576,-0.118717,0.3134415,-2.187824,-0.01429617,0.2480507,0.2806673
1731426996110,-36.8399,1.517417,-0.6101456,-0.9898096,0.02942727,-0.1393253,0,0,0,-36.98045,1.182499,-0.6696358,-0.9124743,0.03366721,-0.4077479,0,0,0,-36.98849,1.188907,-0.4871407,-0.9421576,-0.118717,0.3134415,0,0,0,0.2806673
1731426996134,-36.87114,1.514706,-0.6103592,-0.9893851,0.03092387,-0.1419908,-2.342606,-0.2032846,-0.01602173,-37.01241,1.180025,-0.6641006,-0.9188891,0.01704928,-0.3941479,-2.396393,-0.1855016,0.4151344,-37.01871,1.184032,-0.4847946,-0.9381573,-0.1007728,0.3312191,-2.266788,-0.3655761,0.1759529,0.2806673
1731426996139,-36.87114,1.514706,-0.6103592,-0.9893851,0.03092387,-0.1419908,0,0,0,-37.01241,1.180025,-0.6641006,-0.9188891,0.01704928,-0.3941479,0,0,0,-37.01871,1.184032,-0.4847946,-0.9381573,-0.1007728,0.3312191,0,0,0,0.2806673
1731426996162,-36.90284,1.510484,-0.6100044,-0.9895558,0.03283232,-0.1403633,-2.378082,-0.3166258,0.02660751,-37.04314,1.175982,-0.6571159,-0.926519,0.0167904,-0.3758739,-2.305412,-0.3032863,0.5238533,-37.05004,1.174946,-0.4822197,-0.9353783,-0.1016384,0.3387291,-2.349758,-0.6814688,0.193119,0.2806673
1731426996167,-36.90284,1.510484,-0.6100044,-0.9895558,0.03283232,-0.1403633,0,0,0,-37.04314,1.175982,-0.6571159,-0.926519,0.0167904,-0.3758739,0,0,0,-37.05004,1.174946,-0.4822197,-0.9353783,-0.1016384,0.3387291,0,0,0,0.2806673
1731426996190,-36.93457,1.504532,-0.6069794,-0.9898953,0.03390421,-0.1376901,-2.379799,-0.4464,0.2268791,-37.07298,1.170595,-0.650547,-0.9322809,0.03218142,-0.3603015,-2.23732,-0.4039586,0.4926682,-37.0833,1.162449,-0.4799347,-0.9294834,-0.1303156,0.3450775,-2.49424,-0.9372532,0.1713753,0.2806673
1731426996194,-36.93457,1.504532,-0.6069794,-0.9898953,0.03390421,-0.1376901,0,0,0,-37.07298,1.170595,-0.650547,-0.9322809,0.03218142,-0.3603015,0,0,0,-37.0833,1.162449,-0.4799347,-0.9294834,-0.1303156,0.3450775,0,0,0,0.2806673
1731426996218,-36.96657,1.498125,-0.6040039,-0.9905158,0.03166124,-0.1337023,-2.399826,-0.4805803,0.2231598,-37.10328,1.16351,-0.6482315,-0.9381502,0.02769485,-0.3451203,-2.273083,-0.5313724,0.1736641,-37.11701,1.149314,-0.4800835,-0.9149482,-0.1495294,0.3748484,-2.528572,-0.9851843,-0.01115799,0.2806673
1731426996222,-36.96657,1.498125,-0.6040039,-0.9905158,0.03166124,-0.1337023,0,0,0,-37.10328,1.16351,-0.6482315,-0.9381502,0.02769485,-0.3451203,0,0,0,-37.11701,1.149314,-0.4800835,-0.9149482,-0.1495294,0.3748484,0,0,0,0.2806673
1731426996226,-36.96657,1.498125,-0.6040039,-0.9905158,0.03166124,-0.1337023,0,0,0,-37.10328,1.16351,-0.6482315,-0.9381502,0.02769485,-0.3451203,0,0,0,-37.11701,1.149314,-0.4800835,-0.9149482,-0.1495294,0.3748484,0,0,0,0.2806673
1731426996246,-36.99861,1.490484,-0.6006889,-0.9908125,0.03381713,-0.1309482,-2.402687,-0.5730629,0.2486229,-37.13439,1.157042,-0.6435509,-0.940133,0.02661299,-0.3397677,-2.332878,-0.4851133,0.3510475,-37.15105,1.138634,-0.4787292,-0.9076017,-0.1616617,0.3874598,-2.553177,-0.8009613,0.1015663,0.2806673
1731426996251,-36.99861,1.490484,-0.6006889,-0.9908125,0.03381713,-0.1309482,0,0,0,-37.13439,1.157042,-0.6435509,-0.940133,0.02661299,-0.3397677,0,0,0,-37.15105,1.138634,-0.4787292,-0.9076017,-0.1616617,0.3874598,0,0,0,0.2806673
1731426996274,-37.03075,1.482379,-0.5971985,-0.9904261,0.03198984,-0.1342881,-2.410698,-0.6078422,0.2617836,-37.16617,1.150467,-0.6391792,-0.9432104,0.02533004,-0.3312297,-2.383518,-0.4931778,0.3278732,-37.18494,1.131104,-0.4777794,-0.9167598,-0.1636416,0.3643804,-2.541733,-0.5647749,0.07123947,0.2806673
1731426996278,-37.03075,1.482379,-0.5971985,-0.9904261,0.03198984,-0.1342881,0,0,0,-37.16617,1.150467,-0.6391792,-0.9432104,0.02533004,-0.3312297,0,0,0,-37.18494,1.131104,-0.4777794,-0.9167598,-0.1636416,0.3643804,0,0,0,0.2806673
1731426996301,-37.06307,1.475064,-0.5936394,-0.9893636,0.0335719,-0.141538,-2.423859,-0.5486637,0.2669334,-37.19957,1.14491,-0.6360474,-0.9441069,0.0340687,-0.3278753,-2.504826,-0.4167438,0.23489,-37.22107,1.126245,-0.4758148,-0.9271107,-0.1587825,0.3394914,-2.709389,-0.364387,0.1473427,0.2806673
1731426996306,-37.06307,1.475064,-0.5936394,-0.9893636,0.0335719,-0.141538,0,0,0,-37.19957,1.14491,-0.6360474,-0.9441069,0.0340687,-0.3278753,0,0,0,-37.22107,1.126245,-0.4758148,-0.9271107,-0.1587825,0.3394914,0,0,0,0.2806673
1731426996329,-37.09531,1.468791,-0.5900307,-0.9877232,0.03969125,-0.151089,-2.418137,-0.4704416,0.2706528,-37.23381,1.140829,-0.6338844,-0.9392491,0.04422883,-0.3403759,-2.568626,-0.306049,0.16222,-37.25829,1.124348,-0.4731255,-0.9309286,-0.1308191,0.3409672,-2.791214,-0.1422822,0.2017021,0.2806673
1731426996334,-37.09531,1.468791,-0.5900307,-0.9877232,0.03969125,-0.151089,0,0,0,-37.23381,1.140829,-0.6338844,-0.9392491,0.04422883,-0.3403759,0,0,0,-37.25829,1.124348,-0.4731255,-0.9309286,-0.1308191,0.3409672,0,0,0,0.2806673
1731426996357,-37.12749,1.464148,-0.5866165,-0.9851423,0.04842618,-0.1647723,-2.413559,-0.3482401,0.2560616,-37.26955,1.139687,-0.6325111,-0.931478,0.05449028,-0.359695,-2.67992,-0.08570552,0.1029968,-37.29922,1.12534,-0.4695244,-0.9351053,-0.106037,0.3381337,-3.07045,0.07435083,0.2700806,0.2806673
1731426996362,-37.12749,1.464148,-0.5866165,-0.9851423,0.04842618,-0.1647723,0,0,0,-37.26955,1.139687,-0.6325111,-0.931478,0.05449028,-0.359695,0,0,0,-37.29922,1.12534,-0.4695244,-0.9351053,-0.106037,0.3381337,0,0,0,0.2806673
1731426996385,-37.15992,1.463267,-0.5843849,-0.9825068,0.04042116,-0.1817888,-2.432442,-0.06610751,0.1673698,-37.30473,1.141271,-0.6323586,-0.924034,0.06887883,-0.3760546,-2.638435,0.1188576,0.01144409,-37.33997,1.128956,-0.4679489,-0.9410423,-0.09340976,0.3251373,-3.056145,0.2712518,0.1181602,0.2806673
1731426996389,-37.15992,1.463267,-0.5843849,-0.9825068,0.04042116,-0.1817888,0,0,0,-37.30473,1.141271,-0.6323586,-0.924034,0.06887883,-0.3760546,0,0,0,-37.33997,1.128956,-0.4679489,-0.9410423,-0.09340976,0.3251373,0,0,0,0.2806673
1731426996413,-37.19346,1.466867,-0.5859451,-0.9775394,0.03674407,-0.2075261,-2.515411,0.2700627,-0.1170158,-37.34184,1.145582,-0.6310577,-0.9143032,0.07098213,-0.3987628,-2.783775,0.3232777,0.09756088,-37.38201,1.135064,-0.466114,-0.9482642,-0.08014646,0.3072,-3.152847,0.4580945,0.1376152,0.2806673
1731426996417,-37.19346,1.466867,-0.5859451,-0.9775394,0.03674407,-0.2075261,0,0,0,-37.34184,1.145582,-0.6310577,-0.9143032,0.07098213,-0.3987628,0,0,0,-37.38201,1.135064,-0.466114,-0.9482642,-0.08014646,0.3072,0,0,0,0.2806673
1731426996440,-37.22765,1.469159,-0.5845833,-0.9696229,0.0543673,-0.2384877,-2.564335,0.1718313,0.1021385,-37.37892,1.151263,-0.6316757,-0.901656,0.05297114,-0.4291979,-2.780914,0.4260778,-0.04634857,-37.42187,1.143448,-0.4671783,-0.9515788,-0.06687331,0.3000432,-2.989483,0.6287634,-0.07982254,0.2806673
1731426996445,-37.22765,1.469159,-0.5845833,-0.9696229,0.0543673,-0.2384877,0,0,0,-37.37892,1.151263,-0.6316757,-0.901656,0.05297114,-0.4291979,0,0,0,-37.42187,1.143448,-0.4671783,-0.9515788,-0.06687331,0.3000432,0,0,0,0.2806673
1731426996468,-37.26176,1.471197,-0.5900955,-0.9630958,0.05138507,-0.2642088,-2.557755,0.1529127,-0.4134178,-37.41175,1.158546,-0.6342201,-0.8959682,0.03219073,-0.4429508,-2.462196,0.5462676,-0.1908302,-37.45734,1.154114,-0.469944,-0.9621319,-0.04309476,0.2691571,-2.659893,0.799942,-0.2074242,0.2806673
1731426996473,-37.26176,1.471197,-0.5900955,-0.9630958,0.05138507,-0.2642088,0,0,0,-37.41175,1.158546,-0.6342201,-0.8959682,0.03219073,-0.4429508,0,0,0,-37.45734,1.154114,-0.469944,-0.9621319,-0.04309476,0.2691571,0,0,0,0.2806673
1731426996496,-37.29741,1.478249,-0.5949135,-0.9547074,0.04638962,-0.293909,-2.674198,0.5288959,-0.3613472,-37.44121,1.165173,-0.635788,-0.8913808,0.07671844,-0.4467164,-2.209282,0.4970044,-0.117588,-37.49389,1.161457,-0.4750023,-0.9778259,-0.003472861,0.2093916,-2.741432,0.5507559,-0.3793716,0.2806673
1731426996501,-37.29741,1.478249,-0.5949135,-0.9547074,0.04638962,-0.293909,0,0,0,-37.44121,1.165173,-0.635788,-0.8913808,0.07671844,-0.4467164,0,0,0,-37.49389,1.161457,-0.4750023,-0.9778259,-0.003472861,0.2093916,0,0,0,0.2806673
1731426996504,-37.29741,1.478249,-0.5949135,-0.9547074,0.04638962,-0.293909,0,0,0,-37.44121,1.165173,-0.635788,-0.8913808,0.07671844,-0.4467164,0,0,0,-37.49389,1.161457,-0.4750023,-0.9778259,-0.003472861,0.2093916,0,0,0,0.2806673
1731426996522,-37.33211,1.484279,-0.5960617,-0.946138,0.02810897,-0.322542,-2.602386,0.4522562,-0.08611679,-37.47178,1.16804,-0.6374931,-0.8878997,0.08666908,-0.4518005,-2.29311,0.2150506,-0.1278877,-37.5299,1.167197,-0.478981,-0.9764955,-0.006915005,0.2154273,-2.70052,0.4305214,-0.2984047,0.2806673
1731426996527,-37.33211,1.484279,-0.5960617,-0.946138,0.02810897,-0.322542,0,0,0,-37.47178,1.16804,-0.6374931,-0.8878997,0.08666908,-0.4518005,0,0,0,-37.5299,1.167197,-0.478981,-0.9764955,-0.006915005,0.2154273,0,0,0,0.2806673
1731426996550,-37.36684,1.490156,-0.5982895,-0.9370296,0.01731298,-0.3488215,-2.604961,0.4407763,-0.1670837,-37.50118,1.169824,-0.6412354,-0.8828871,0.04185894,-0.4677166,-2.20499,0.1337975,-0.2806664,-37.562,1.173751,-0.4829102,-0.9709901,-0.01860756,0.2383945,-2.407551,0.4915059,-0.2946854,0.2806673
1731426996577,-37.4006,1.495516,-0.6000557,-0.925653,0.009725502,-0.3782494,-2.531719,0.4019916,-0.1324654,-37.52824,1.172258,-0.6473618,-0.8703864,-0.01779976,-0.4920481,-2.029037,0.1825333,-0.4594803,-37.59108,1.180221,-0.4872704,-0.9772165,-0.03813267,0.208792,-2.181244,0.4852474,-0.3270149,0.2806673
1731426996582,-37.4006,1.495516,-0.6000557,-0.925653,0.009725502,-0.3782494,0,0,0,-37.52824,1.172258,-0.6473618,-0.8703864,-0.01779976,-0.4920481,0,0,0,-37.59108,1.180221,-0.4872704,-0.9772165,-0.03813267,0.208792,0,0,0,0.2806673
1731426996606,-37.43399,1.49908,-0.6013374,-0.9159317,0.01759987,-0.4009489,-2.504253,0.2672732,-0.09613037,-37.55662,1.17313,-0.6628227,-0.8674366,0.01428072,-0.4973438,-2.128887,0.06541908,-1.159573,-37.62058,1.181959,-0.5003166,-0.9850566,-0.05638253,0.1627417,-2.212429,0.130409,-0.9784698,0.2806673
1731426996610,-37.43399,1.49908,-0.6013374,-0.9159317,0.01759987,-0.4009489,0,0,0,-37.55662,1.17313,-0.6628227,-0.8674366,0.01428072,-0.4973438,0,0,0,-37.62058,1.181959,-0.5003166,-0.9850566,-0.05638253,0.1627417,0,0,0,0.2806673
1731426996614,-37.43399,1.49908,-0.6013374,-0.9159317,0.01759987,-0.4009489,0,0,0,-37.55662,1.17313,-0.6628227,-0.8674366,0.01428072,-0.4973438,0,0,0,-37.62058,1.181959,-0.5003166,-0.9850566,-0.05638253,0.1627417,0,0,0,0.2806673
1731426996634,-37.46675,1.500108,-0.6025505,-0.9095513,0.02794098,-0.4146522,-2.45676,0.07706881,-0.09098053,-37.58597,1.172184,-0.6679459,-0.8654014,0.03558602,-0.4998146,-2.201271,-0.07101595,-0.3842354,-37.64953,1.180624,-0.5056343,-0.9868025,-0.05217497,0.1532934,-2.17123,-0.1001179,-0.3988266,0.2806673
1731426996639,-37.46675,1.500108,-0.6025505,-0.9095513,0.02794098,-0.4146522,0,0,0,-37.58597,1.172184,-0.6679459,-0.8654014,0.03558602,-0.4998146,0,0,0,-37.64953,1.180624,-0.5056343,-0.9868025,-0.05217497,0.1532934,0,0,0,0.2806673
1731426996662,-37.49861,1.497741,-0.604866,-0.9037332,0.02962643,-0.4270703,-2.389526,-0.1774728,-0.1736641,-37.61622,1.169035,-0.6729202,-0.8581974,0.02956582,-0.512468,-2.268791,-0.2361506,-0.3730774,-37.67933,1.176157,-0.5107269,-0.9880145,-0.063318,0.1407785,-2.235031,-0.3350616,-0.3819466,0.2806673
1731426996667,-37.49861,1.497741,-0.604866,-0.9037332,0.02962643,-0.4270703,0,0,0,-37.61622,1.169035,-0.6729202,-0.8581974,0.02956582,-0.512468,0,0,0,-37.67933,1.176157,-0.5107269,-0.9880145,-0.063318,0.1407785,0,0,0,0.2806673
1731426996701,-37.53127,1.494011,-0.6069336,-0.8994591,0.03057421,-0.4359345,-2.449894,-0.2797544,-0.1550674,-37.64804,1.162624,-0.6776695,-0.8465482,0.01505951,-0.5320992,-2.386665,-0.4808217,-0.3561974,-37.70952,1.169451,-0.5135384,-0.9898667,-0.08187628,0.1160201,-2.264214,-0.5029678,-0.2108574,0.2806673
1731426996705,-37.53127,1.494011,-0.6069336,-0.8994591,0.03057421,-0.4359345,0,0,0,-37.64804,1.162624,-0.6776695,-0.8465482,0.01505951,-0.5320992,0,0,0,-37.70952,1.169451,-0.5135384,-0.9898667,-0.08187628,0.1160201,0,0,0,0.2806673
1731426996729,-37.58164,1.484717,-0.6066437,-0.8945095,0.03212116,-0.4458944,-3.777409,-0.6970435,0.02174377,-37.69753,1.15223,-0.6848183,-0.8275383,0.01625228,-0.5611743,-3.711033,-0.7795215,-0.5361557,-37.7581,1.154732,-0.5207405,-0.990566,-0.08300484,0.1090379,-3.643513,-1.103944,-0.5401611,0.2806673
1731426996733,-37.58164,1.484717,-0.6066437,-0.8945095,0.03212116,-0.4458944,0,0,0,-37.69753,1.15223,-0.6848183,-0.8275383,0.01625228,-0.5611743,0,0,0,-37.7581,1.154732,-0.5207405,-0.990566,-0.08300484,0.1090379,0,0,0,0.2806673
1731426996737,-37.58164,1.484717,-0.6066437,-0.8945095,0.03212116,-0.4458944,0,0,0,-37.69753,1.15223,-0.6848183,-0.8275383,0.01625228,-0.5611743,0,0,0,-37.7581,1.154732,-0.5207405,-0.990566,-0.08300484,0.1090379,0,0,0,0.2806673
1731426996758,-37.61471,1.477176,-0.6085396,-0.8956414,0.02636025,-0.4439954,-2.480507,-0.5655974,-0.1421928,-37.73339,1.14481,-0.6887703,-0.8258735,0.006320091,-0.563821,-2.689934,-0.5565405,-0.296402,-37.79208,1.142807,-0.5221901,-0.9883687,-0.07507112,0.1322577,-2.548313,-0.89432,-0.1087189,0.2806673
1731426996762,-37.61471,1.477176,-0.6085396,-0.8956414,0.02636025,-0.4439954,0,0,0,-37.73339,1.14481,-0.6887703,-0.8258735,0.006320091,-0.563821,0,0,0,-37.79208,1.142807,-0.5221901,-0.9883687,-0.07507112,0.1322577,0,0,0,0.2806673
1731426996785,-37.64701,1.469873,-0.6119461,-0.8933994,0.01699902,-0.4489427,-2.422142,-0.5477428,-0.2554893,-37.76749,1.139534,-0.6918335,-0.8248952,0.01463031,-0.5650971,-2.557468,-0.3956974,-0.2297401,-37.82695,1.133433,-0.5214195,-0.9840257,-0.1005342,0.1469236,-2.615261,-0.7030874,0.05779266,0.2806673
1731426996790,-37.64701,1.469873,-0.6119461,-0.8933994,0.01699902,-0.4489427,0,0,0,-37.76749,1.139534,-0.6918335,-0.8248952,0.01463031,-0.5650971,0,0,0,-37.82695,1.133433,-0.5214195,-0.9840257,-0.1005342,0.1469236,0,0,0,0.2806673
1731426996814,-37.6788,1.463009,-0.6161613,-0.8860613,0.01168403,-0.4634215,-2.384377,-0.5147874,-0.316143,-37.80488,1.134669,-0.6891251,-0.8213027,0.03656823,-0.5693204,-2.804375,-0.3648341,0.2031326,-37.86338,1.125396,-0.5150986,-0.9784532,-0.1359598,0.1553853,-2.732849,-0.6027371,0.4740715,0.2806673
1731426996818,-37.6788,1.463009,-0.6161613,-0.8860613,0.01168403,-0.4634215,0,0,0,-37.80488,1.134669,-0.6891251,-0.8213027,0.03656823,-0.5693204,0,0,0,-37.86338,1.125396,-0.5150986,-0.9784532,-0.1359598,0.1553853,0,0,0,0.2806673
1731426996842,-37.71074,1.459183,-0.6211853,-0.8818418,0.009514099,-0.4714499,-2.395821,-0.2869338,-0.3767967,-37.83978,1.132839,-0.6898727,-0.8245957,0.05143811,-0.563379,-2.617264,-0.1372397,-0.05607605,-37.89782,1.122047,-0.5117264,-0.9739407,-0.1298857,0.1859295,-2.582645,-0.2511799,0.2529144,0.2806673
1731426996847,-37.71074,1.459183,-0.6211853,-0.8818418,0.009514099,-0.4714499,0,0,0,-37.83978,1.132839,-0.6898727,-0.8245957,0.05143811,-0.563379,0,0,0,-37.89782,1.122047,-0.5117264,-0.9739407,-0.1298857,0.1859295,0,0,0,0.2806673
1731426996870,-37.74072,1.45839,-0.6247902,-0.8766237,0.02563525,-0.4804938,-2.248192,-0.05947351,-0.2703667,-37.87768,1.13184,-0.6918869,-0.8328987,0.05088381,-0.5510818,-2.842712,-0.07498562,-0.151062,-37.93251,1.123149,-0.5089264,-0.9707203,-0.1068004,0.2151656,-2.601814,0.08261204,0.2099991,0.2806673
1731426996874,-37.74072,1.45839,-0.6247902,-0.8766237,0.02563525,-0.4804938,0,0,0,-37.87768,1.13184,-0.6918869,-0.8328987,0.05088381,-0.5510818,0,0,0,-37.93251,1.123149,-0.5089264,-0.9707203,-0.1068004,0.2151656,0,0,0,0.2806673
1731426996878,-37.74072,1.45839,-0.6247902,-0.8766237,0.02563525,-0.4804938,0,0,0,-37.87768,1.13184,-0.6918869,-0.8328987,0.05088381,-0.5510818,0,0,0,-37.93251,1.123149,-0.5089264,-0.9707203,-0.1068004,0.2151656,0,0,0,0.2806673
1731426996898,-37.77192,1.461824,-0.6312752,-0.8641182,0.03335357,-0.502183,-2.340317,0.2575189,-0.4863739,-37.91818,1.132118,-0.6926231,-0.8358178,0.04325227,-0.5473012,-3.037262,0.02086759,-0.05521774,-37.96795,1.128593,-0.5055923,-0.9684939,-0.09974557,0.22819,-2.658176,0.4083395,0.2500534,0.2806673
1731426996902,-37.77192,1.461824,-0.6312752,-0.8641182,0.03335357,-0.502183,0,0,0,-37.91818,1.132118,-0.6926231,-0.8358178,0.04325227,-0.5473012,0,0,0,-37.96795,1.128593,-0.5055923,-0.9684939,-0.09974557,0.22819,0,0,0,0.2806673
1731426996926,-37.80216,1.470119,-0.6374512,-0.8469538,0.02247636,-0.5311916,-2.267933,0.6221741,-0.4631996,-37.9561,1.133937,-0.6918602,-0.8389388,0.04192125,-0.5426095,-2.843857,0.1364082,0.05722046,-38.00113,1.135206,-0.5029984,-0.9642453,-0.09367745,0.247903,-2.488518,0.4959404,0.1945496,0.2806673
1731426996931,-37.80216,1.470119,-0.6374512,-0.8469538,0.02247636,-0.5311916,0,0,0,-37.9561,1.133937,-0.6918602,-0.8389388,0.04192125,-0.5426095,0,0,0,-38.00113,1.135206,-0.5029984,-0.9642453,-0.09367745,0.247903,0,0,0,0.2806673
1731426996953,-37.83188,1.473085,-0.6433983,-0.824433,0.04932377,-0.5638067,-2.229023,0.2224535,-0.4460335,-37.993,1.140291,-0.6898193,-0.8407665,0.03673921,-0.5401505,-2.76804,0.4765481,0.1530647,-38.03197,1.143713,-0.5009804,-0.9576374,-0.1117773,0.265399,-2.312565,0.6380439,0.1513481,0.2806673
1731426996957,-37.83188,1.473085,-0.6433983,-0.824433,0.04932377,-0.5638067,0,0,0,-37.993,1.140291,-0.6898193,-0.8407665,0.03673921,-0.5401505,0,0,0,-38.03197,1.143713,-0.5009804,-0.9576374,-0.1117773,0.265399,0,0,0,0.2806673
1731426996981,-37.86129,1.47776,-0.6456108,-0.8108789,0.02089647,-0.5848409,-2.205849,0.3506094,-0.1659393,-38.02422,1.150443,-0.6884232,-0.8508394,0.05431302,-0.5226117,-2.341175,0.7614166,0.1047134,-38.05986,1.154302,-0.498703,-0.9607424,-0.10647,0.2561999,-2.091694,0.7941931,0.1708031,0.2806673
1731426996986,-37.86129,1.47776,-0.6456108,-0.8108789,0.02089647,-0.5848409,0,0,0,-38.02422,1.150443,-0.6884232,-0.8508394,0.05431302,-0.5226117,0,0,0,-38.05986,1.154302,-0.498703,-0.9607424,-0.10647,0.2561999,0,0,0,0.2806673
1731426997009,-37.89205,1.485955,-0.6468506,-0.8079174,0.01956996,-0.5889717,-2.306557,0.6145746,-0.09298325,-38.05527,1.157831,-0.6903687,-0.8660852,0.08859722,-0.4919834,-2.328873,0.5541265,-0.1459122,-38.0855,1.16326,-0.5009079,-0.9664569,-0.05890229,0.2499841,-1.92318,0.6718308,-0.1653671,0.2806673
1731426997013,-37.89205,1.485955,-0.6468506,-0.8079174,0.01956996,-0.5889717,0,0,0,-38.05527,1.157831,-0.6903687,-0.8660852,0.08859722,-0.4919834,0,0,0,-38.0855,1.16326,-0.5009079,-0.9664569,-0.05890229,0.2499841,0,0,0,0.2806673
1731426997037,-37.92356,1.49287,-0.6481972,-0.8097838,0.02779206,-0.5860701,-2.363777,0.5186677,-0.1009941,-38.08665,1.164229,-0.6904869,-0.864022,0.1029452,-0.4928173,-2.353764,0.4798293,-0.008869171,-38.11067,1.168998,-0.5004196,-0.967257,-0.04229923,0.2502501,-1.887703,0.4303515,0.03662109,0.2806673
1731426997042,-37.92356,1.49287,-0.6481972,-0.8097838,0.02779206,-0.5860701,0,0,0,-38.08665,1.164229,-0.6904869,-0.864022,0.1029452,-0.4928173,0,0,0,-38.11067,1.168998,-0.5004196,-0.967257,-0.04229923,0.2502501,0,0,0,0.2806673
1731426997065,-37.95221,1.497913,-0.6461601,-0.8150264,0.02492586,-0.5788883,-2.148056,0.3781915,0.1527786,-38.11668,1.170721,-0.6913719,-0.863659,0.07872958,-0.4978913,-2.251911,0.4869282,-0.06637573,-38.13695,1.172137,-0.4995079,-0.967856,-0.07537596,0.2399448,-1.970959,0.2354354,0.06837845,0.2806673
1731426997070,-37.95221,1.497913,-0.6461601,-0.8150264,0.02492586,-0.5788883,0,0,0,-38.11668,1.170721,-0.6913719,-0.863659,0.07872958,-0.4978913,0,0,0,-38.13695,1.172137,-0.4995079,-0.967856,-0.07537596,0.2399448,0,0,0,0.2806673
1731426997093,-37.98194,1.50027,-0.6450462,-0.8189548,0.02672048,-0.5732355,-2.229881,0.1768112,0.08354187,-38.14491,1.177056,-0.6927834,-0.8688908,0.0811768,-0.4883031,-2.117157,0.4750907,-0.1058578,-38.1633,1.17329,-0.4986115,-0.9678149,-0.1012718,0.2303877,-1.976395,0.08643866,0.06723404,0.2806673
1731426997098,-37.98194,1.50027,-0.6450462,-0.8189548,0.02672048,-0.5732355,0,0,0,-38.14491,1.177056,-0.6927834,-0.8688908,0.0811768,-0.4883031,0,0,0,-38.1633,1.17329,-0.4986115,-0.9678149,-0.1012718,0.2303877,0,0,0,0.2806673
1731426997121,-38.01129,1.500539,-0.6450424,-0.82239,0.02499476,-0.5683751,-2.201271,0.02015233,0.0002861023,-38.17245,1.180604,-0.6921883,-0.8736786,0.08974622,-0.4781544,-2.065659,0.266093,0.04463196,-38.18892,1.172492,-0.4969406,-0.9677805,-0.09424561,0.233493,-1.921177,-0.05984008,0.1253128,0.2806673
1731426997126,-38.01129,1.500539,-0.6450424,-0.82239,0.02499476,-0.5683751,0,0,0,-38.17245,1.180604,-0.6921883,-0.8736786,0.08974622,-0.4781544,0,0,0,-38.18892,1.172492,-0.4969406,-0.9677805,-0.09424561,0.233493,0,0,0,0.2806673
1731426997149,-38.04202,1.498658,-0.644783,-0.8284094,0.02269886,-0.5596633,-2.304554,-0.1410306,0.01945496,-38.19917,1.181401,-0.6911011,-0.8735808,0.09550818,-0.4772161,-2.00386,0.05979538,0.08153915,-38.21438,1.168669,-0.4962997,-0.9675533,-0.0788976,0.2400336,-1.909733,-0.2866834,0.04806519,0.2806673
1731426997154,-38.04202,1.498658,-0.644783,-0.8284094,0.02269886,-0.5596633,0,0,0,-38.19917,1.181401,-0.6911011,-0.8735808,0.09550818,-0.4772161,0,0,0,-38.21438,1.168669,-0.4962997,-0.9675533,-0.0788976,0.2400336,0,0,0,0.2806673
1731426997177,-38.07388,1.49413,-0.6440201,-0.8373569,0.01709218,-0.5463898,-2.389812,-0.3395945,0.05722046,-38.2275,1.178718,-0.6898766,-0.8764935,0.09782561,-0.4713701,-2.124596,-0.2011925,0.09183884,-38.24307,1.160597,-0.495697,-0.966755,-0.09308673,0.2381595,-2.152061,-0.6054372,0.04520416,0.2806673
1731426997181,-38.07388,1.49413,-0.6440201,-0.8373569,0.01709218,-0.5463898,0,0,0,-38.2275,1.178718,-0.6898766,-0.8764935,0.09782561,-0.4713701,0,0,0,-38.24307,1.160597,-0.495697,-0.966755,-0.09308673,0.2381595,0,0,0,0.2806673
1731426997185,-38.07388,1.49413,-0.6440201,-0.8373569,0.01709218,-0.5463898,0,0,0,-38.2275,1.178718,-0.6898766,-0.8764935,0.09782561,-0.4713701,0,0,0,-38.24307,1.160597,-0.495697,-0.966755,-0.09308673,0.2381595,0,0,0,0.2806673
1731426997204,-38.10399,1.487664,-0.6399994,-0.8464602,0.008604189,-0.5323831,-2.258205,-0.4849523,0.3015518,-38.25604,1.17447,-0.6912651,-0.8751308,0.1061153,-0.4721086,-2.140617,-0.3186196,-0.1041412,-38.27346,1.150687,-0.4980736,-0.9663939,-0.1186062,0.2280694,-2.278805,-0.7432312,-0.1782417,0.2806673
1731426997209,-38.10399,1.487664,-0.6399994,-0.8464602,0.008604189,-0.5323831,0,0,0,-38.25604,1.17447,-0.6912651,-0.8751308,0.1061153,-0.4721086,0,0,0,-38.27346,1.150687,-0.4980736,-0.9663939,-0.1186062,0.2280694,0,0,0,0.2806673
1731426997232,-38.13586,1.480945,-0.6397095,-0.8502938,-0.003355959,-0.5262983,-2.390385,-0.5039513,0.02174377,-38.28426,1.168663,-0.6911278,-0.8751017,0.1114687,-0.470927,-2.116871,-0.4355192,0.01029968,-38.30413,1.140589,-0.4995804,-0.96439,-0.1247382,0.2332219,-2.300549,-0.7573575,-0.1130104,0.2806673
1731426997236,-38.13586,1.480945,-0.6397095,-0.8502938,-0.003355959,-0.5262983,0,0,0,-38.28426,1.168663,-0.6911278,-0.8751017,0.1114687,-0.470927,0,0,0,-38.30413,1.140589,-0.4995804,-0.96439,-0.1247382,0.2332219,0,0,0,0.2806673
1731426997260,-38.16571,1.475251,-0.6357307,-0.851787,-0.008066156,-0.523827,-2.238464,-0.4270792,0.2984047,-38.31404,1.161301,-0.6906776,-0.870006,0.1179343,-0.4787295,-2.233028,-0.5521417,0.03376007,-38.33764,1.130302,-0.5010567,-0.9634381,-0.1249392,0.2370178,-2.513123,-0.7714927,-0.1107216,0.2806673
1731426997265,-38.16571,1.475251,-0.6357307,-0.851787,-0.008066156,-0.523827,0,0,0,-38.31404,1.161301,-0.6906776,-0.870006,0.1179343,-0.4787295,0,0,0,-38.33764,1.130302,-0.5010567,-0.9634381,-0.1249392,0.2370178,0,0,0,0.2806673
1731426997288,-38.19741,1.46802,-0.6343918,-0.8509075,-0.001040204,-0.5253154,-2.378082,-0.5423069,0.1004219,-38.34502,1.154312,-0.691597,-0.8602592,0.1086955,-0.4981364,-2.323723,-0.5241752,-0.06895065,-38.3724,1.121586,-0.502449,-0.9658721,-0.135955,0.2204711,-2.606964,-0.6537616,-0.1044273,0.2806673
1731426997291,-38.19741,1.46802,-0.6343918,-0.8509075,-0.001040204,-0.5253154,0,0,0,-38.34502,1.154312,-0.691597,-0.8602592,0.1086955,-0.4981364,0,0,0,-38.3724,1.121586,-0.502449,-0.9658721,-0.135955,0.2204711,0,0,0,0.2806673
1731426997315,-38.22956,1.461026,-0.6344948,-0.8425756,-0.001254187,-0.5385774,-2.41127,-0.5245775,-0.007724762,-38.37431,1.148399,-0.692852,-0.8468091,0.1047373,-0.5214835,-2.196407,-0.4435033,-0.09412766,-38.40727,1.115128,-0.5033836,-0.9703721,-0.1392332,0.1974651,-2.615261,-0.4842997,-0.07009506,0.2806673
1731426997319,-38.22956,1.461026,-0.6344948,-0.8425756,-0.001254187,-0.5385774,0,0,0,-38.37431,1.148399,-0.692852,-0.8468091,0.1047373,-0.5214835,0,0,0,-38.40727,1.115128,-0.5033836,-0.9703721,-0.1392332,0.1974651,0,0,0,0.2806673
1731426997343,-38.26176,1.454735,-0.6343155,-0.8321272,-0.01105788,-0.5544751,-2.414703,-0.4717916,0.01344681,-38.40443,1.143368,-0.6939888,-0.8348852,0.1141007,-0.5384687,-2.259636,-0.3773063,-0.08525848,-38.44271,1.112544,-0.5056801,-0.9777576,-0.1116001,0.1775836,-2.65789,-0.1938522,-0.1722336,0.2806673
1731426997347,-38.26176,1.454735,-0.6343155,-0.8321272,-0.01105788,-0.5544751,0,0,0,-38.40443,1.143368,-0.6939888,-0.8348852,0.1141007,-0.5384687,0,0,0,-38.44271,1.112544,-0.5056801,-0.9777576,-0.1116001,0.1775836,0,0,0,0.2806673
1731426997371,-38.29451,1.44891,-0.6332588,-0.8240752,-0.02427326,-0.5659605,-2.456474,-0.4368693,0.07925034,-38.43484,1.13958,-0.6961784,-0.8216048,0.1213676,-0.5569886,-2.280235,-0.2840996,-0.1642227,-38.47964,1.11209,-0.5080833,-0.9854013,-0.08785135,0.1458313,-2.770329,-0.03404617,-0.1802444,0.2806673
1731426997375,-38.29451,1.44891,-0.6332588,-0.8240752,-0.02427326,-0.5659605,0,0,0,-38.43484,1.13958,-0.6961784,-0.8216048,0.1213676,-0.5569886,0,0,0,-38.47964,1.11209,-0.5080833,-0.9854013,-0.08785135,0.1458313,0,0,0,0.2806673
1731426997399,-38.32755,1.448946,-0.6306801,-0.8148548,-0.04952797,-0.5775458,-2.477932,0.002726912,0.1934052,-38.46498,1.138319,-0.6995354,-0.806161,0.1192728,-0.5795505,-2.260494,-0.09462833,-0.25177,-38.52061,1.11453,-0.5141792,-0.9908552,-0.07937135,0.1091178,-3.072739,0.1830339,-0.4571915,0.2806673
1731426997404,-38.32755,1.448946,-0.6306801,-0.8148548,-0.04952797,-0.5775458,0,0,0,-38.46498,1.138319,-0.6995354,-0.806161,0.1192728,-0.5795505,0,0,0,-38.52061,1.11453,-0.5141792,-0.9908552,-0.07937135,0.1091178,0,0,0,0.2806673
1731426997427,-38.36176,1.453871,-0.6296844,-0.8057535,-0.06883992,-0.5882374,-2.565479,0.3693044,0.0746727,-38.49615,1.138756,-0.7030334,-0.7871656,0.1084674,-0.6071292,-2.337742,0.0328213,-0.2623558,-38.5609,1.118791,-0.521595,-0.9921775,-0.08095468,0.09503019,-3.02124,0.3195763,-0.5561829,0.2806673
1731426997432,-38.36176,1.453871,-0.6296844,-0.8057535,-0.06883992,-0.5882374,0,0,0,-38.49615,1.138756,-0.7030334,-0.7871656,0.1084674,-0.6071292,0,0,0,-38.5609,1.118791,-0.521595,-0.9921775,-0.08095468,0.09503019,0,0,0,0.2806673
1731426997454,-38.39552,1.462673,-0.6287689,-0.8029187,-0.06643237,-0.5923756,-2.532005,0.6601989,0.06866455,-38.5275,1.140554,-0.7061539,-0.7593582,0.07426329,-0.6464218,-2.351189,0.1348168,-0.2340317,-38.59829,1.126757,-0.5290337,-0.9921488,-0.08718105,0.0896706,-2.804661,0.5974531,-0.5578995,0.2806673
1731426997459,-38.39552,1.462673,-0.6287689,-0.8029187,-0.06643237,-0.5923756,0,0,0,-38.5275,1.140554,-0.7061539,-0.7593582,0.07426329,-0.6464218,0,0,0,-38.59829,1.126757,-0.5290337,-0.9921488,-0.08718105,0.0896706,0,0,0,0.2806673
1731426997482,-38.42828,1.47157,-0.6281891,-0.8026534,-0.03267406,-0.5955508,-2.457047,0.6672263,0.04348755,-38.55496,1.14712,-0.709301,-0.7476801,0.01334998,-0.6639254,-2.05965,0.4925072,-0.2360344,-38.62934,1.141168,-0.5367393,-0.9958805,-0.07937787,0.04383683,-2.3283,1.080796,-0.5779266,0.2806673
1731426997487,-38.42828,1.47157,-0.6281891,-0.8026534,-0.03267406,-0.5955508,0,0,0,-38.55496,1.14712,-0.709301,-0.7476801,0.01334998,-0.6639254,0,0,0,-38.62934,1.141168,-0.5367393,-0.9958805,-0.07937787,0.04383683,0,0,0,0.2806673
1731426997510,-38.46083,1.479822,-0.630024,-0.7964354,-0.01579511,-0.6045179,-2.441597,0.6189466,-0.1376152,-38.58003,1.155405,-0.7103653,-0.7530689,0.01495178,-0.6577723,-1.88055,0.6213695,-0.07982254,-38.65907,1.152562,-0.5437775,-0.9974473,-0.0524811,-0.04842806,-2.230167,0.8545607,-0.5278587,0.2806673
1731426997514,-38.46083,1.479822,-0.630024,-0.7964354,-0.01579511,-0.6045179,0,0,0,-38.58003,1.155405,-0.7103653,-0.7530689,0.01495178,-0.6577723,0,0,0,-38.65907,1.152562,-0.5437775,-0.9974473,-0.0524811,-0.04842806,0,0,0,0.2806673
1731426997538,-38.49073,1.486753,-0.6307449,-0.7869663,-0.01734333,-0.6167525,-2.24247,0.5198479,-0.05407333,-38.61261,1.171013,-0.7175903,-0.771256,0.09426896,-0.6295062,-2.443027,1.170561,-0.5418777,-38.6893,1.161163,-0.5519333,-0.9929749,-0.02816838,-0.1149254,-2.266788,0.6450981,-0.6116867,0.2806673
1731426997542,-38.49073,1.486753,-0.6307449,-0.7869663,-0.01734333,-0.6167525,0,0,0,-38.61261,1.171013,-0.7175903,-0.771256,0.09426896,-0.6295062,0,0,0,-38.6893,1.161163,-0.5519333,-0.9929749,-0.02816838,-0.1149254,0,0,0,0.2806673
1731426997565,-38.52212,1.490287,-0.6353645,-0.7718402,-0.03494595,-0.6348562,-2.353764,0.2649933,-0.3464699,-38.63873,1.173857,-0.7203712,-0.7661419,0.09945557,-0.6349295,-1.959515,0.213325,-0.2085686,-38.72041,1.167006,-0.5611343,-0.9915993,-0.0337576,-0.1248666,-2.333736,0.4381746,-0.6900787,0.2806673
1731426997571,-38.52212,1.490287,-0.6353645,-0.7718402,-0.03494595,-0.6348562,0,0,0,-38.63873,1.173857,-0.7203712,-0.7661419,0.09945557,-0.6349295,0,0,0,-38.72041,1.167006,-0.5611343,-0.9915993,-0.0337576,-0.1248666,0,0,0,0.2806673
1731426997574,-38.52212,1.490287,-0.6353645,-0.7718402,-0.03494595,-0.6348562,0,0,0,-38.63873,1.173857,-0.7203712,-0.7661419,0.09945557,-0.6349295,0,0,0,-38.72041,1.167006,-0.5611343,-0.9915993,-0.0337576,-0.1248666,0,0,0,0.2806673
1731426997593,-38.55197,1.494081,-0.6392708,-0.7520713,-0.04943116,-0.6572261,-2.23875,0.2845377,-0.2929688,-38.66407,1.17533,-0.7277527,-0.7515423,0.05005784,-0.6577837,-1.900005,0.1104623,-0.5536079,-38.75428,1.17704,-0.5796814,-0.9913376,-0.04100327,-0.1247746,-2.540016,0.7525474,-1.391029,0.2806673
1731426997597,-38.55197,1.494081,-0.6392708,-0.7520713,-0.04943116,-0.6572261,0,0,0,-38.66407,1.17533,-0.7277527,-0.7515423,0.05005784,-0.6577837,0,0,0,-38.75428,1.17704,-0.5796814,-0.9913376,-0.04100327,-0.1247746,0,0,0,0.2806673
1731426997621,-38.58208,1.495906,-0.6445427,-0.7337401,-0.05739535,-0.6770022,-2.258778,0.1368821,-0.3953934,-38.68715,1.177928,-0.7353134,-0.7286775,0.03732904,-0.6838391,-1.731491,0.1948625,-0.5670547,-38.78136,1.181112,-0.5903702,-0.9846306,-0.04896256,-0.1676488,-2.030754,0.3054231,-0.8016586,0.2806673
1731426997625,-38.58208,1.495906,-0.6445427,-0.7337401,-0.05739535,-0.6770022,0,0,0,-38.68715,1.177928,-0.7353134,-0.7286775,0.03732904,-0.6838391,0,0,0,-38.78136,1.181112,-0.5903702,-0.9846306,-0.04896256,-0.1676488,0,0,0,0.2806673
1731426997648,-38.61126,1.496949,-0.6491699,-0.7192576,-0.0613929,-0.6920263,-2.187824,0.07826686,-0.3470421,-38.70968,1.178949,-0.7426453,-0.7100089,0.05431797,-0.7020954,-1.689434,0.07658601,-0.5498886,-38.80723,1.182628,-0.6018715,-0.9728088,-0.06232815,-0.2230661,-1.940346,0.1137257,-0.8625984,0.2806673
1731426997652,-38.61126,1.496949,-0.6491699,-0.7192576,-0.0613929,-0.6920263,0,0,0,-38.70968,1.178949,-0.7426453,-0.7100089,0.05431797,-0.7020954,0,0,0,-38.80723,1.182628,-0.6018715,-0.9728088,-0.06232815,-0.2230661,0,0,0,0.2806673
1731426997676,-38.6391,1.497792,-0.6516876,-0.7070963,-0.05491348,-0.704982,-2.087975,0.06323755,-0.1888275,-38.73565,1.177634,-0.753376,-0.691867,0.03867333,-0.7209891,-1.948071,-0.09865165,-0.8048058,-38.83281,1.18278,-0.6160774,-0.9654317,-0.0682031,-0.2515763,-1.918888,0.01135468,-1.065445,0.2806673
1731426997680,-38.6391,1.497792,-0.6516876,-0.7070963,-0.05491348,-0.704982,0,0,0,-38.73565,1.177634,-0.753376,-0.691867,0.03867333,-0.7209891,0,0,0,-38.83281,1.18278,-0.6160774,-0.9654317,-0.0682031,-0.2515763,0,0,0,0.2806673
1731426997704,-38.66744,1.495887,-0.6578865,-0.6954967,-0.04707352,-0.7169864,-2.12574,-0.1428992,-0.4649162,-38.76415,1.176019,-0.7661438,-0.6668522,0.026175,-0.7447306,-2.13747,-0.1211554,-0.9575844,-38.85578,1.180699,-0.6280708,-0.9586315,-0.05097698,-0.2800488,-1.722336,-0.1560152,-0.8995056,0.2806673
1731426997708,-38.66744,1.495887,-0.6578865,-0.6954967,-0.04707352,-0.7169864,0,0,0,-38.76415,1.176019,-0.7661438,-0.6668522,0.026175,-0.7447306,0,0,0,-38.85578,1.180699,-0.6280708,-0.9586315,-0.05097698,-0.2800488,0,0,0,0.2806673
1731426997732,-38.69116,1.494415,-0.6624413,-0.6843086,-0.04357831,-0.7278894,-1.778984,-0.1104355,-0.3416061,-38.79057,1.172514,-0.7753639,-0.6417311,0.02696015,-0.7664557,-1.981544,-0.2628744,-0.6915092,-38.88006,1.17705,-0.6390762,-0.9466197,-0.04622024,-0.3190222,-1.821327,-0.2736747,-0.8254051,0.2806673
1731426997737,-38.69116,1.494415,-0.6624413,-0.6843086,-0.04357831,-0.7278894,0,0,0,-38.79057,1.172514,-0.7753639,-0.6417311,0.02696015,-0.7664557,0,0,0,-38.88006,1.17705,-0.6390762,-0.9466197,-0.04622024,-0.3190222,0,0,0,0.2806673
1731426997760,-38.71799,1.490308,-0.6694374,-0.6730942,-0.03751887,-0.7386049,-2.012157,-0.3079712,-0.5247116,-38.82036,1.167958,-0.7827492,-0.6186033,0.02421867,-0.7853307,-2.234173,-0.3416866,-0.553894,-38.90702,1.171124,-0.6485634,-0.9399192,-0.05497324,-0.3369423,-2.022171,-0.4444778,-0.7115364,0.2806673
1731426997764,-38.71799,1.490308,-0.6694374,-0.6730942,-0.03751887,-0.7386049,0,0,0,-38.82036,1.167958,-0.7827492,-0.6186033,0.02421867,-0.7853307,0,0,0,-38.90702,1.171124,-0.6485634,-0.9399192,-0.05497324,-0.3369423,0,0,0,0.2806673
1731426997787,-38.74446,1.485802,-0.6753349,-0.665078,-0.03563344,-0.7459236,-1.985264,-0.3379583,-0.4423141,-38.84779,1.163048,-0.7915878,-0.6004092,0.02135646,-0.799408,-2.056789,-0.3682494,-0.662899,-38.93241,1.164626,-0.6572266,-0.9392068,-0.0622601,-0.337661,-1.904011,-0.4873753,-0.6497383,0.2806673
1731426997791,-38.74446,1.485802,-0.6753349,-0.665078,-0.03563344,-0.7459236,0,0,0,-38.84779,1.163048,-0.7915878,-0.6004092,0.02135646,-0.799408,0,0,0,-38.93241,1.164626,-0.6572266,-0.9392068,-0.0622601,-0.337661,0,0,0,0.2806673
1731426997815,-38.7699,1.481528,-0.6819458,-0.6603233,-0.04099917,-0.7498618,-1.908302,-0.3205955,-0.4958153,-38.87325,1.159908,-0.7987404,-0.5909097,0.02999863,-0.8061799,-1.909447,-0.2355158,-0.5364418,-38.95617,1.159374,-0.6672974,-0.9388734,-0.05485757,-0.3398647,-1.782131,-0.3938377,-0.7553101,0.2806673
1731426997820,-38.7699,1.481528,-0.6819458,-0.6603233,-0.04099917,-0.7498618,0,0,0,-38.87325,1.159908,-0.7987404,-0.5909097,0.02999863,-0.8061799,0,0,0,-38.95617,1.159374,-0.6672974,-0.9388734,-0.05485757,-0.3398647,0,0,0,0.2806673
1731426997843,-38.79498,1.477363,-0.690155,-0.6559193,-0.04416116,-0.7535385,-1.880836,-0.3123164,-0.6156921,-38.90038,1.158031,-0.8063622,-0.5868636,0.04261921,-0.8085638,-2.035046,-0.1407444,-0.5716324,-38.98354,1.154537,-0.6740189,-0.9413173,-0.06797982,-0.3306069,-2.052784,-0.3627777,-0.5041122,0.2806673
1731426997848,-38.79498,1.477363,-0.690155,-0.6559193,-0.04416116,-0.7535385,0,0,0,-38.90038,1.158031,-0.8063622,-0.5868636,0.04261921,-0.8085638,0,0,0,-38.98354,1.154537,-0.6740189,-0.9413173,-0.06797982,-0.3306069,0,0,0,0.2806673
1731426997871,-38.8171,1.478367,-0.7022591,-0.6516043,-0.0298279,-0.7579731,-1.659393,0.0752449,-0.9078026,-38.92832,1.157785,-0.8151054,-0.587029,0.04238735,-0.8084558,-2.095699,-0.0184536,-0.6557465,-39.01259,1.152792,-0.6819801,-0.9419502,-0.07202479,-0.3279368,-2.178669,-0.1308918,-0.5970955,0.2806673
1731426997875,-38.8171,1.478367,-0.7022591,-0.6516043,-0.0298279,-0.7579731,0,0,0,-38.92832,1.157785,-0.8151054,-0.587029,0.04238735,-0.8084558,0,0,0,-39.01259,1.152792,-0.6819801,-0.9419502,-0.07202479,-0.3279368,0,0,0,0.2806673
1731426997899,-38.84205,1.481357,-0.7118683,-0.6479163,-0.02488457,-0.7613056,-1.871109,0.2242863,-0.7206917,-38.95594,1.158509,-0.8247833,-0.578024,0.03722451,-0.8151708,-2.071095,0.05434155,-0.7258415,-39.04197,1.152897,-0.6904373,-0.940143,-0.06761736,-0.3340049,-2.20356,0.00783205,-0.6342888,0.2806673
1731426997903,-38.84205,1.481357,-0.7118683,-0.6479163,-0.02488457,-0.7613056,0,0,0,-38.95594,1.158509,-0.8247833,-0.578024,0.03722451,-0.8151708,0,0,0,-39.04197,1.152897,-0.6904373,-0.940143,-0.06761736,-0.3340049,0,0,0,0.2806673
1731426997907,-38.84205,1.481357,-0.7118683,-0.6479163,-0.02488457,-0.7613056,0,0,0,-38.95594,1.158509,-0.8247833,-0.578024,0.03722451,-0.8151708,0,0,0,-39.04197,1.152897,-0.6904373,-0.940143,-0.06761736,-0.3340049,0,0,0,0.2806673
1731426997927,-38.8652,1.492105,-0.7295761,-0.6367946,-0.01053878,-0.7709615,-1.736355,0.8061111,-1.328087,-38.98679,1.158617,-0.8347816,-0.5661268,0.03714065,-0.8234818,-2.313709,0.00808239,-0.7498741,-39.07237,1.155391,-0.6996613,-0.9426134,-0.07633411,-0.3250442,-2.279949,0.187093,-0.6917953,0.2806673
1731426997931,-38.8652,1.492105,-0.7295761,-0.6367946,-0.01053878,-0.7709615,0,0,0,-38.98679,1.158617,-0.8347816,-0.5661268,0.03714065,-0.8234818,0,0,0,-39.07237,1.155391,-0.6996613,-0.9426134,-0.07633411,-0.3250442,0,0,0,0.2806673
1731426997954,-38.88848,1.498532,-0.7395134,-0.6241252,-0.002409188,-0.781321,-1.74551,0.481993,-0.7452965,-39.01653,1.161027,-0.8441544,-0.5360495,0.003554638,-0.8441794,-2.230453,0.1807094,-0.7029533,-39.09961,1.158959,-0.708519,-0.9415848,-0.1103496,-0.3181851,-2.043056,0.2675951,-0.6643295,0.2806673
1731426997958,-38.88848,1.498532,-0.7395134,-0.6241252,-0.002409188,-0.781321,0,0,0,-39.01653,1.161027,-0.8441544,-0.5360495,0.003554638,-0.8441794,0,0,0,-39.09961,1.158959,-0.708519,-0.9415848,-0.1103496,-0.3181851,0,0,0,0.2806673
1731426997982,-38.91128,1.501626,-0.747776,-0.6089093,0.002047114,-0.7932376,-1.710033,0.2320915,-0.6196976,-38.98244,1.172625,-0.8460197,-0.5320952,-0.03038166,-0.8461398,2.55661,0.869903,-0.139904,-39.12309,1.165414,-0.7196083,-0.92901,-0.1404081,-0.3423837,-1.760674,0.4841208,-0.8316994,0.2806673
1731426997986,-38.91128,1.501626,-0.747776,-0.6089093,0.002047114,-0.7932376,0,0,0,-38.98244,1.172625,-0.8460197,-0.5320952,-0.03038166,-0.8461398,0,0,0,-39.12309,1.165414,-0.7196083,-0.92901,-0.1404081,-0.3423837,0,0,0,0.2806673
1731426998010,-38.93258,1.508291,-0.7573929,-0.5931542,-0.01604873,-0.8049295,-1.597881,0.4998833,-0.7212639,-39.05614,1.191847,-0.8766403,-0.5550216,0.02025583,-0.8315898,-5.527496,1.441607,-2.296543,-39.13277,1.176076,-0.7518959,-0.9099403,-0.09528054,-0.4036466,-0.7264137,0.7996559,-2.42157,0.2806673
1731426998014,-38.93258,1.508291,-0.7573929,-0.5931542,-0.01604873,-0.8049295,0,0,0,-39.05614,1.191847,-0.8766403,-0.5550216,0.02025583,-0.8315898,0,0,0,-39.13277,1.176076,-0.7518959,-0.9099403,-0.09528054,-0.4036466,0,0,0,0.2806673
1731426998038,-38.95568,1.515206,-0.7663879,-0.5785273,-0.01176208,-0.8155788,-1.732635,0.5186051,-0.6746292,-39.07959,1.194997,-0.8843002,-0.5417117,0.08776376,-0.8359705,-1.758671,0.2362847,-0.5744934,-39.15427,1.179846,-0.7635345,-0.9041758,-0.06100549,-0.4227822,-1.612186,0.2827406,-0.8728981,0.2806673
1731426998043,-38.95568,1.515206,-0.7663879,-0.5785273,-0.01176208,-0.8155788,0,0,0,-39.07959,1.194997,-0.8843002,-0.5417117,0.08776376,-0.8359705,0,0,0,-39.15427,1.179846,-0.7635345,-0.9041758,-0.06100549,-0.4227822,0,0,0,0.2806673
1731426998065,-38.97296,1.523908,-0.7761803,-0.5594796,-0.009052333,-0.8287952,-1.295471,0.652644,-0.7344246,-39.10118,1.184825,-0.8949242,-0.5238793,0.03856181,-0.8509196,-1.619339,-0.7629275,-0.7967949,-39.18418,1.178862,-0.7702675,-0.8998955,-0.06712604,-0.4309095,-2.243042,-0.07377863,-0.5049706,0.2806673
1731426998070,-38.97296,1.523908,-0.7761803,-0.5594796,-0.009052333,-0.8287952,0,0,0,-39.10118,1.184825,-0.8949242,-0.5238793,0.03856181,-0.8509196,0,0,0,-39.18418,1.178862,-0.7702675,-0.8998955,-0.06712604,-0.4309095,0,0,0,0.2806673
1731426998093,-38.99459,1.527211,-0.7837143,-0.5368441,-0.007190266,-0.8436517,-1.622772,0.2477288,-0.565052,-39.10929,1.202422,-0.902317,-0.4894098,-0.01740358,-0.8718809,-0.6085396,1.319799,-0.5544662,-39.19938,1.205036,-0.7796898,-0.894655,-0.0918645,-0.4372112,-1.139832,1.963019,-0.7066727,0.2806673
1731426998097,-38.99459,1.527211,-0.7837143,-0.5368441,-0.007190266,-0.8436517,0,0,0,-39.10929,1.202422,-0.902317,-0.4894098,-0.01740358,-0.8718809,0,0,0,-39.19938,1.205036,-0.7796898,-0.894655,-0.0918645,-0.4372112,0,0,0,0.2806673
1731426998121,-39.01397,1.530194,-0.7912216,-0.512736,0.0008929903,-0.8585466,-1.453114,0.223732,-0.5630493,-39.12399,1.204098,-0.9127846,-0.4688112,-0.02411764,-0.8829699,-1.102638,0.1256436,-0.7850647,-39.21954,1.207454,-0.7915916,-0.8837997,-0.1027106,-0.4564531,-1.512337,0.1813352,-0.8926392,0.2806673
1731426998125,-39.01397,1.530194,-0.7912216,-0.512736,0.0008929903,-0.8585466,0,0,0,-39.12399,1.204098,-0.9127846,-0.4688112,-0.02411764,-0.8829699,0,0,0,-39.21954,1.207454,-0.7915916,-0.8837997,-0.1027106,-0.4564531,0,0,0,0.2806673
1731426998149,-39.03189,1.532005,-0.7981949,-0.4881493,0.005408777,-0.872744,-1.343822,0.135836,-0.522995,-39.13732,1.20863,-0.9222679,-0.4557155,0.001791157,-0.8901242,-0.9996414,0.3399611,-0.7112503,-39.23749,1.208173,-0.804451,-0.8764147,-0.09469643,-0.4721555,-1.346111,0.0539124,-0.9644508,0.2806673
1731426998153,-39.03189,1.532005,-0.7981949,-0.4881493,0.005408777,-0.872744,0,0,0,-39.13732,1.20863,-0.9222679,-0.4557155,0.001791157,-0.8901242,0,0,0,-39.23749,1.208173,-0.804451,-0.8764147,-0.09469643,-0.4721555,0,0,0,0.2806673
1731426998177,-39.0522,1.531019,-0.804924,-0.4662748,-0.001075736,-0.8846393,-1.523781,-0.0739485,-0.5046844,-39.14988,1.209152,-0.933918,-0.4327656,0.00622868,-0.9014856,-0.9418488,0.03914237,-0.8737564,-39.25482,1.20671,-0.818367,-0.8747202,-0.09210145,-0.4757968,-1.300049,-0.1096666,-1.043701,0.2806673
1731426998181,-39.0522,1.531019,-0.804924,-0.4662748,-0.001075736,-0.8846393,0,0,0,-39.14988,1.209152,-0.933918,-0.4327656,0.00622868,-0.9014856,0,0,0,-39.25482,1.20671,-0.818367,-0.8747202,-0.09210145,-0.4757968,0,0,0,0.2806673
1731426998204,-39.07109,1.530674,-0.8107224,-0.4432793,-0.009998088,-0.8963281,-1.416779,-0.02592802,-0.4348755,-39.16136,1.207707,-0.9422112,-0.3965092,0.008105926,-0.9179952,-0.8608818,-0.1084149,-0.6219864,-39.27168,1.20271,-0.8309555,-0.856793,-0.09852506,-0.5061615,-1.264,-0.3000319,-0.9441376,0.2806673
1731426998208,-39.07109,1.530674,-0.8107224,-0.4432793,-0.009998088,-0.8963281,0,0,0,-39.16136,1.207707,-0.9422112,-0.3965092,0.008105926,-0.9179952,0,0,0,-39.27168,1.20271,-0.8309555,-0.856793,-0.09852506,-0.5061615,0,0,0,0.2806673
1731426998232,-39.09081,1.528293,-0.8172379,-0.4168932,-0.01836567,-0.9087704,-1.478577,-0.1785904,-0.4886627,-39.17143,1.205628,-0.9509659,-0.3535034,0.003240581,-0.9354279,-0.7555962,-0.155881,-0.6566048,-39.28864,1.197551,-0.8440857,-0.8256633,-0.1268805,-0.549711,-1.272011,-0.3869355,-0.9847641,0.2806673
1731426998236,-39.09081,1.528293,-0.8172379,-0.4168932,-0.01836567,-0.9087704,0,0,0,-39.17143,1.205628,-0.9509659,-0.3535034,0.003240581,-0.9354279,0,0,0,-39.28864,1.197551,-0.8440857,-0.8256633,-0.1268805,-0.549711,0,0,0,0.2806673
1731426998260,-39.10572,1.52727,-0.8234749,-0.3826694,-0.02170058,-0.9236307,-1.11866,-0.07668436,-0.4677773,-39.18039,1.203208,-0.9615593,-0.3143485,-0.008649476,-0.9492686,-0.6720543,-0.1815498,-0.7945061,-39.30798,1.193255,-0.8577843,-0.8093175,-0.1522732,-0.5672901,-1.450825,-0.3221691,-1.027393,0.2806673
1731426998264,-39.10572,1.52727,-0.8234749,-0.3826694,-0.02170058,-0.9236307,0,0,0,-39.18039,1.203208,-0.9615593,-0.3143485,-0.008649476,-0.9492686,0,0,0,-39.30798,1.193255,-0.8577843,-0.8093175,-0.1522732,-0.5672901,0,0,0,0.2806673
1731426998268,-39.10572,1.52727,-0.8234749,-0.3826694,-0.02170058,-0.9236307,0,0,0,-39.18039,1.203208,-0.9615593,-0.3143485,-0.008649476,-0.9492686,0,0,0,-39.30798,1.193255,-0.8577843,-0.8093175,-0.1522732,-0.5672901,0,0,0,0.2806673
1731426998288,-39.12197,1.525226,-0.8289337,-0.3491803,-0.01645224,-0.9369117,-1.218796,-0.1533419,-0.4094124,-39.18963,1.2019,-0.9707565,-0.2736518,-0.01248494,-0.9617479,-0.6929398,-0.09810627,-0.6897926,-39.32817,1.191222,-0.8697433,-0.8065257,-0.1411034,-0.5741141,-1.514053,-0.1524657,-0.8969307,0.2806673
1731426998294,-39.12197,1.525226,-0.8289337,-0.3491803,-0.01645224,-0.9369117,0,0,0,-39.18963,1.2019,-0.9707565,-0.2736518,-0.01248494,-0.9617479,0,0,0,-39.32817,1.191222,-0.8697433,-0.8065257,-0.1411034,-0.5741141,0,0,0,0.2806673
1731426998315,-39.14029,1.522161,-0.833683,-0.3167701,-0.0161835,-0.9483649,-1.373863,-0.2298385,-0.3561974,-39.19934,1.199373,-0.9795647,-0.2337749,-0.002595036,-0.9722874,-0.7284164,-0.189507,-0.6606102,-39.3451,1.190144,-0.8827896,-0.7762263,-0.1187149,-0.6191765,-1.270294,-0.08085072,-0.9784698,0.2806673
1731426998320,-39.14029,1.522161,-0.833683,-0.3167701,-0.0161835,-0.9483649,0,0,0,-39.19934,1.199373,-0.9795647,-0.2337749,-0.002595036,-0.9722874,0,0,0,-39.3451,1.190144,-0.8827896,-0.7762263,-0.1187149,-0.6191765,0,0,0,0.2806673
1731426998343,-39.15834,1.519823,-0.8382187,-0.2816698,-0.01911299,-0.9593214,-1.353836,-0.1753628,-0.3401756,-39.21306,1.195704,-0.9867172,-0.1900717,0.0003366345,-0.9817704,-1.028538,-0.2751946,-0.5364418,-39.35866,1.187905,-0.8984871,-0.7502204,-0.1053818,-0.6527363,-1.016808,-0.1679242,-1.177311,0.2806673
1731426998348,-39.15834,1.519823,-0.8382187,-0.2816698,-0.01911299,-0.9593214,0,0,0,-39.21306,1.195704,-0.9867172,-0.1900717,0.0003366345,-0.9817704,0,0,0,-39.35866,1.187905,-0.8984871,-0.7502204,-0.1053818,-0.6527363,0,0,0,0.2806673
1731426998371,-39.17836,1.517356,-0.8430481,-0.2447811,-0.01488158,-0.9694643,-1.500893,-0.1850009,-0.3622055,-39.22472,1.191704,-0.9950638,-0.1374905,-0.01180364,-0.9904332,-0.8746147,-0.2999425,-0.6259918,-39.37564,1.186428,-0.9124603,-0.7359592,-0.1025772,-0.6692108,-1.273155,-0.1108021,-1.047993,0.2806673
1731426998375,-39.17836,1.517356,-0.8430481,-0.2447811,-0.01488158,-0.9694643,0,0,0,-39.22472,1.191704,-0.9950638,-0.1374905,-0.01180364,-0.9904332,0,0,0,-39.37564,1.186428,-0.9124603,-0.7359592,-0.1025772,-0.6692108,0,0,0,0.2806673
1731426998399,-39.19524,1.516447,-0.8492279,-0.2017181,-0.0113939,-0.9793779,-1.266289,-0.06820858,-0.4634857,-39.23796,1.187525,-1.00375,-0.08955985,-0.03404643,-0.9953998,-0.9933472,-0.313434,-0.6514549,-39.39478,1.18626,-0.9258385,-0.7272143,-0.09513994,-0.6797854,-1.435661,-0.01257956,-1.003361,0.2806673
1731426998403,-39.19524,1.516447,-0.8492279,-0.2017181,-0.0113939,-0.9793779,0,0,0,-39.23796,1.187525,-1.00375,-0.08955985,-0.03404643,-0.9953998,0,0,0,-39.39478,1.18626,-0.9258385,-0.7272143,-0.09513994,-0.6797854,0,0,0,0.2806673
1731426998427,-39.21409,1.514516,-0.8544846,-0.1590964,-0.003819907,-0.9872561,-1.413631,-0.1448214,-0.394249,-39.2538,1.183651,-1.011841,-0.05607983,-0.04878979,-0.9972339,-1.187897,-0.2905816,-0.606823,-39.41484,1.18552,-0.9393578,-0.710923,-0.1004606,-0.6960576,-1.504326,-0.05553067,-1.013947,0.2806673
1731426998431,-39.21409,1.514516,-0.8544846,-0.1590964,-0.003819907,-0.9872561,0,0,0,-39.2538,1.183651,-1.011841,-0.05607983,-0.04878979,-0.9972339,0,0,0,-39.41484,1.18552,-0.9393578,-0.710923,-0.1004606,-0.6960576,0,0,0,0.2806673
1731426998454,-39.23355,1.51285,-0.8602982,-0.1197101,-0.008068265,-0.9927765,-1.459408,-0.1249284,-0.4360199,-39.26712,1.181253,-1.019119,-0.01978378,-0.0551531,-0.9982827,-0.998497,-0.1797974,-0.5458832,-39.43319,1.185064,-0.9514771,-0.6904333,-0.1156763,-0.714088,-1.376152,-0.03418028,-0.908947,0.2806673
1731426998459,-39.23355,1.51285,-0.8602982,-0.1197101,-0.008068265,-0.9927765,0,0,0,-39.26712,1.181253,-1.019119,-0.01978378,-0.0551531,-0.9982827,0,0,0,-39.43319,1.185064,-0.9514771,-0.6904333,-0.1156763,-0.714088,0,0,0,0.2806673
1731426998482,-39.254,1.514282,-0.866436,-0.0793184,-0.01798712,-0.9966873,-1.534081,0.1073599,-0.4603386,-39.28196,1.179597,-1.029289,0.02913067,-0.04932152,-0.9983584,-1.112938,-0.1242399,-0.7627487,-39.44968,1.184872,-0.96595,-0.6575134,-0.1087315,-0.7455562,-1.237392,-0.0144124,-1.085472,0.2806673
1731426998487,-39.254,1.514282,-0.866436,-0.0793184,-0.01798712,-0.9966873,0,0,0,-39.28196,1.179597,-1.029289,0.02913067,-0.04932152,-0.9983584,0,0,0,-39.44968,1.184872,-0.96595,-0.6575134,-0.1087315,-0.7455562,0,0,0,0.2806673
1731426998510,-39.2754,1.516749,-0.8720055,-0.04246267,-0.01464013,-0.9989913,-1.605034,0.1850545,-0.4177094,-39.29783,1.178927,-1.036041,0.07542042,-0.06860223,-0.9947897,-1.190472,-0.05022883,-0.5064011,-39.46679,1.18529,-0.9787788,-0.6168367,-0.1113957,-0.779169,-1.282597,0.03136396,-0.962162,0.2806673
1731426998514,-39.2754,1.516749,-0.8720055,-0.04246267,-0.01464013,-0.9989913,0,0,0,-39.29783,1.178927,-1.036041,0.07542042,-0.06860223,-0.9947897,0,0,0,-39.46679,1.18529,-0.9787788,-0.6168367,-0.1113957,-0.779169,0,0,0,0.2806673
1731426998538,-39.29606,1.519768,-0.8764534,-0.01844304,-0.01758034,-0.9996755,-1.54953,0.22645,-0.3335953,-39.31316,1.18052,-1.042187,0.1034153,-0.1164196,-0.9878017,-1.150131,0.1194477,-0.4609108,-39.486,1.186407,-0.9923439,-0.607043,-0.1300438,-0.7839569,-1.441383,0.08377433,-1.01738,0.2806673
1731426998542,-39.29606,1.519768,-0.8764534,-0.01844304,-0.01758034,-0.9996755,0,0,0,-39.31316,1.18052,-1.042187,0.1034153,-0.1164196,-0.9878017,0,0,0,-39.486,1.186407,-0.9923439,-0.607043,-0.1300438,-0.7839569,0,0,0,0.2806673
1731426998565,-39.31625,1.522663,-0.8806,-0.001938813,-0.0264247,-0.9996493,-1.513767,0.2170712,-0.3109932,-39.32751,1.184597,-1.046295,0.101985,-0.1351573,-0.9855618,-1.076031,0.3057539,-0.3081322,-39.50234,1.18941,-1.004837,-0.5950713,-0.1451106,-0.7904645,-1.22509,0.2252519,-0.936985,0.2806673
1731426998570,-39.31625,1.522663,-0.8806,-0.001938813,-0.0264247,-0.9996493,0,0,0,-39.32751,1.184597,-1.046295,0.101985,-0.1351573,-0.9855618,0,0,0,-39.50234,1.18941,-1.004837,-0.5950713,-0.1451106,-0.7904645,0,0,0,0.2806673
1731426998574,-39.31625,1.522663,-0.8806,-0.001938813,-0.0264247,-0.9996493,0,0,0,-39.32751,1.184597,-1.046295,0.101985,-0.1351573,-0.9855618,0,0,0,-39.50234,1.18941,-1.004837,-0.5950713,-0.1451106,-0.7904645,0,0,0,0.2806673
1731426998593,-39.33178,1.527691,-0.8835983,0.01486012,-0.03394747,-0.9993132,-1.164722,0.3771275,-0.2248764,-39.3429,1.188302,-1.049755,0.1204115,-0.1188983,-0.9855788,-1.153851,0.2778947,-0.2594948,-39.51683,1.19415,-1.01392,-0.5500114,-0.1428214,-0.822855,-1.086617,0.3554821,-0.6812096,0.2806673
1731426998597,-39.33178,1.527691,-0.8835983,0.01486012,-0.03394747,-0.9993132,0,0,0,-39.3429,1.188302,-1.049755,0.1204115,-0.1188983,-0.9855788,0,0,0,-39.51683,1.19415,-1.01392,-0.5500114,-0.1428214,-0.822855,0,0,0,0.2806673
1731426998621,-39.34956,1.532346,-0.8881683,0.03784759,-0.02205976,-0.9990402,-1.333809,0.3490984,-0.3427505,-39.35854,1.190373,-1.053864,0.1616232,-0.1240418,-0.979026,-1.173019,0.1553357,-0.3081322,-39.53289,1.197123,-1.022469,-0.5005451,-0.1556693,-0.8515999,-1.204777,0.2229273,-0.6411552,0.2806673
1731426998625,-39.34956,1.532346,-0.8881683,0.03784759,-0.02205976,-0.9990402,0,0,0,-39.35854,1.190373,-1.053864,0.1616232,-0.1240418,-0.979026,0,0,0,-39.53289,1.197123,-1.022469,-0.5005451,-0.1556693,-0.8515999,0,0,0,0.2806673
1731426998649,-39.36692,1.534898,-0.8924561,0.06422687,-0.00782284,-0.9979051,-1.302338,0.1914561,-0.321579,-39.371,1.19401,-1.058987,0.2054257,-0.1270122,-0.9703959,-0.9346962,0.2727985,-0.3842354,-39.54493,1.201332,-1.031227,-0.4807055,-0.1562976,-0.8628407,-0.9029388,0.3157318,-0.6568909,0.2806673
1731426998653,-39.36692,1.534898,-0.8924561,0.06422687,-0.00782284,-0.9979051,0,0,0,-39.371,1.19401,-1.058987,0.2054257,-0.1270122,-0.9703959,0,0,0,-39.54493,1.201332,-1.031227,-0.4807055,-0.1562976,-0.8628407,0,0,0,0.2806673
1731426998677,-39.38272,1.535911,-0.8965607,0.08667491,-0.008813521,-0.9961982,-1.18475,0.07597804,-0.3078461,-39.38406,1.196272,-1.06007,0.2195772,-0.1320585,-0.966616,-0.9796143,0.1696587,-0.08125305,-39.55711,1.202964,-1.037556,-0.4545879,-0.1302739,-0.8811238,-0.9135246,0.1223624,-0.4746437,0.2806673
1731426998681,-39.38272,1.535911,-0.8965607,0.08667491,-0.008813521,-0.9961982,0,0,0,-39.38406,1.196272,-1.06007,0.2195772,-0.1320585,-0.966616,0,0,0,-39.55711,1.202964,-1.037556,-0.4545879,-0.1302739,-0.8811238,0,0,0,0.2806673
1731426998696,-39.39937,1.537393,-0.9012794,0.1034119,-0.009638723,-0.9945923,-1.24855,0.1111329,-0.3539085,-39.39708,1.198457,-1.06205,0.2135324,-0.1140072,-0.9702615,-0.9764671,0.1638651,-0.1484871,-39.57005,1.203516,-1.046928,-0.4308249,-0.1151423,-0.8950604,-0.9701729,0.04143119,-0.7029533,0.2806673
1731426998700,-39.39937,1.537393,-0.9012794,0.1034119,-0.009638723,-0.9945923,0,0,0,-39.39708,1.198457,-1.06205,0.2135324,-0.1140072,-0.9702615,0,0,0,-39.57005,1.203516,-1.046928,-0.4308249,-0.1151423,-0.8950604,0,0,0,0.2806673
1731426998718,-39.40432,1.538088,-0.900444,0.1076625,-0.01040826,-0.9941335,-0.3710747,0.0520885,0.0626564,-39.40372,1.198022,-1.063179,0.2046474,-0.1108106,-0.9725437,-0.4983902,-0.03266931,-0.08468628,-39.57753,1.202016,-1.052704,-0.438568,-0.1185494,-0.8908447,-0.5610466,-0.1124829,-0.4331589,0.2806673
1731426998722,-39.40432,1.538088,-0.900444,0.1076625,-0.01040826,-0.9941335,0,0,0,-39.40372,1.198022,-1.063179,0.2046474,-0.1108106,-0.9725437,0,0,0,-39.57753,1.202016,-1.052704,-0.438568,-0.1185494,-0.8908447,0,0,0,0.2806673
1731426998737,-39.41879,1.539348,-0.904213,0.1182793,-0.01003674,-0.9929302,-1.085758,0.09449422,-0.2826691,-39.41602,1.198009,-1.065128,0.2042389,-0.1092598,-0.9728051,-0.9218216,-0.0009834766,-0.1461983,-39.59084,1.200576,-1.061821,-0.4537274,-0.1204421,-0.8829639,-0.9987831,-0.1080126,-0.6837845,0.2806673
1731426998760,-39.42653,1.539923,-0.9071274,0.1211265,-0.01154714,-0.9925703,-0.5805016,0.04317462,-0.2185822,-39.42146,1.1975,-1.06641,0.2059255,-0.1117733,-0.9721636,-0.408268,-0.03812313,-0.09613037,-39.59817,1.199495,-1.066349,-0.4768669,-0.1281031,-0.8695906,-0.5493164,-0.08111,-0.3396034,0.2806673
1731426998779,-39.43954,1.539671,-0.9116783,0.1258638,-0.01409811,-0.9919479,-0.9756088,-0.0189364,-0.34132,-39.43115,1.197091,-1.070026,0.2252502,-0.119778,-0.9669106,-0.7266998,-0.03071129,-0.271225,-39.61131,1.199575,-1.074947,-0.4995231,-0.1456431,-0.8539702,-0.9856224,0.00602603,-0.6448746,0.2806673
1731426998783,-39.43954,1.539671,-0.9116783,0.1258638,-0.01409811,-0.9919479,0,0,0,-39.43115,1.197091,-1.070026,0.2252502,-0.119778,-0.9669106,0,0,0,-39.61131,1.199575,-1.074947,-0.4995231,-0.1456431,-0.8539702,0,0,0,0.2806673
1731426998801,-39.44038,1.53828,-0.9114456,0.124482,-0.02070001,-0.9920064,-0.0626564,-0.1043111,0.01745224,-39.43613,1.197231,-1.07201,0.2402328,-0.1225247,-0.9629523,-0.3736496,0.01049638,-0.1487732,-39.61904,1.198701,-1.077995,-0.5025474,-0.1621847,-0.8492016,-0.5799294,-0.06558895,-0.2285957,0.2806673
1731426998806,-39.44038,1.53828,-0.9114456,0.124482,-0.02070001,-0.9920064,0,0,0,-39.43613,1.197231,-1.07201,0.2402328,-0.1225247,-0.9629523,0,0,0,-39.61904,1.198701,-1.077995,-0.5025474,-0.1621847,-0.8492016,0,0,0,0.2806673
1731426998820,-39.45411,1.538761,-0.9170341,0.121175,-0.02380026,-0.992346,-1.030254,0.03605783,-0.4191399,-39.4455,1.197399,-1.075939,0.2403536,-0.1272258,-0.9623123,-0.7029533,0.0126332,-0.2946854,-39.63103,1.197895,-1.084412,-0.5078096,-0.1772721,-0.8430332,-0.8992195,-0.06045699,-0.4812241,0.2806673
1731426998843,-39.4596,1.538687,-0.9201202,0.1176712,-0.02289591,-0.992789,-0.4114151,-0.00551641,-0.2314568,-39.45019,1.198171,-1.077694,0.2389071,-0.1258477,-0.9628532,-0.3516197,0.05791783,-0.1316071,-39.63627,1.197336,-1.087246,-0.5152206,-0.179838,-0.8379778,-0.3931046,-0.04186928,-0.212574,0.2806673
1731426998861,-39.46799,1.53732,-0.9264107,0.1065786,-0.01411692,-0.9942046,-0.629425,-0.1025587,-0.4717827,-39.45007,1.192643,-1.0732,0.2448892,-0.1079151,-0.963527,0.009441376,-0.4146338,0.3370285,-39.64524,1.196411,-1.092365,-0.5284476,-0.1733194,-0.8310864,-0.6723404,-0.06937981,-0.3839493,0.2806673
1731426998865,-39.46799,1.53732,-0.9264107,0.1065786,-0.01411692,-0.9942046,0,0,0,-39.45007,1.192643,-1.0732,0.2448892,-0.1079151,-0.963527,0,0,0,-39.64524,1.196411,-1.092365,-0.5284476,-0.1733194,-0.8310864,0,0,0,0.2806673
1731426998885,-39.47455,1.537227,-0.9293175,0.09788595,-0.009631529,-0.9951516,-0.4920959,-0.006964803,-0.2180099,-39.45389,1.193477,-1.076626,0.2427029,-0.1018303,-0.9647416,-0.2866745,0.06253123,-0.2569199,-39.64888,1.195242,-1.095284,-0.5203242,-0.1739234,-0.8360707,-0.2732277,-0.08771718,-0.2188683,0.2806673
1731426998889,-39.47455,1.537227,-0.9293175,0.09788595,-0.009631529,-0.9951516,0,0,0,-39.45389,1.193477,-1.076626,0.2427029,-0.1018303,-0.9647416,0,0,0,-39.64888,1.195242,-1.095284,-0.5203242,-0.1739234,-0.8360707,0,0,0,0.2806673
1731426998903,-39.48649,1.537438,-0.9348183,0.08549983,-0.007444855,-0.9963108,-0.8955002,0.01583397,-0.4125595,-39.46256,1.194869,-1.082207,0.2468818,-0.08746927,-0.9650899,-0.6505966,0.1044095,-0.4185677,-39.65381,1.193292,-1.100529,-0.4942578,-0.1793639,-0.850611,-0.3696442,-0.1462519,-0.3933907,0.2806673
1731426998921,-39.49011,1.537793,-0.9358215,0.07967909,-0.006788683,-0.996798,-0.271225,0.02661645,-0.0752449,-39.46666,1.194889,-1.08596,0.2461763,-0.08206407,-0.9657451,-0.30756,0.001519918,-0.2815247,-39.64491,1.182231,-1.09409,-0.4813777,-0.1726083,-0.8593502,0.6677628,-0.8295804,0.4829407,0.2806673
1731426998926,-39.49011,1.537793,-0.9358215,0.07967909,-0.006788683,-0.996798,0,0,0,-39.46666,1.194889,-1.08596,0.2461763,-0.08206407,-0.9657451,0,0,0,-39.64491,1.182231,-1.09409,-0.4813777,-0.1726083,-0.8593502,0,0,0,0.2806673
1731426998940,-39.4934,1.53789,-0.9369469,0.07449114,-0.005339727,-0.9972075,-0.2471924,0.007322431,-0.08440018,-39.46964,1.192809,-1.090176,0.2425187,-0.08529058,-0.9663905,-0.2234459,-0.156033,-0.316143,-39.64608,1.181057,-1.096741,-0.4723881,-0.1649055,-0.8658271,-0.0878334,-0.08799434,-0.1988411,0.2806673
1731426998959,-39.50364,1.537248,-0.9424744,0.06400836,-0.002151347,-0.9979473,-0.7673264,-0.04817247,-0.4145622,-39.47783,1.192259,-1.096474,0.2399269,-0.0906864,-0.9665462,-0.6136894,-0.04122555,-0.4723549,-39.65147,1.180051,-1.10146,-0.4604312,-0.1539451,-0.8742455,-0.4042625,-0.07549524,-0.3539085,0.2806673
1731426998982,-39.50634,1.537449,-0.9425201,0.05806964,-0.002348759,-0.9983101,-0.2031326,0.01503825,-0.003433228,-39.48245,1.191673,-1.099766,0.2419263,-0.100766,-0.9650482,-0.346756,-0.04397035,-0.2469063,-39.65481,1.180452,-1.102917,-0.4656138,-0.151736,-0.8718836,-0.2509117,0.03006756,-0.1092911,0.2806673
1731426998986,-39.50634,1.537449,-0.9425201,0.05806964,-0.002348759,-0.9983101,0,0,0,-39.48245,1.191673,-1.099766,0.2419263,-0.100766,-0.9650482,0,0,0,-39.65481,1.180452,-1.102917,-0.4656138,-0.151736,-0.8718836,0,0,0,0.2806673
1731426999001,-39.51242,1.537012,-0.9445343,0.04519306,0.001397745,-0.9989775,-0.455761,-0.03278553,-0.151062,-39.48978,1.19149,-1.103336,0.236497,-0.09220673,-0.9672478,-0.5498886,-0.01369715,-0.2677917,-39.66124,1.181995,-1.102783,-0.4685801,-0.1397125,-0.8723036,-0.4820824,0.1157552,0.01001358,0.2806673
1731426999005,-39.51242,1.537012,-0.9445343,0.04519306,0.001397745,-0.9989775,0,0,0,-39.48978,1.19149,-1.103336,0.236497,-0.09220673,-0.9672478,0,0,0,-39.66124,1.181995,-1.102783,-0.4685801,-0.1397125,-0.8723036,0,0,0,0.2806673
1731426999024,-39.51582,1.535802,-0.9467239,0.03792936,0.006525489,-0.9992592,-0.2549171,-0.09073913,-0.1642227,-39.49044,1.190216,-1.102379,0.2143167,-0.07215641,-0.9740957,-0.0494957,-0.0955224,0.07181168,-39.66435,1.183635,-1.103497,-0.4642974,-0.1235492,-0.8770198,-0.2334595,0.123015,-0.05350113,0.2806673
1731426999043,-39.5221,1.533334,-0.9509468,0.02446594,0.01120832,-0.9996382,-0.4712105,-0.1850724,-0.3167152,-39.49524,1.189466,-1.105129,0.1926128,-0.04897104,-0.9800527,-0.3602028,-0.05628169,-0.2062798,-39.67023,1.185159,-1.105747,-0.4554718,-0.09872327,-0.8847597,-0.4411697,0.1142979,-0.1688004,0.2806673
1731426999048,-39.5221,1.533334,-0.9509468,0.02446594,0.01120832,-0.9996382,0,0,0,-39.49524,1.189466,-1.105129,0.1926128,-0.04897104,-0.9800527,0,0,0,-39.67023,1.185159,-1.105747,-0.4554718,-0.09872327,-0.8847597,0,0,0,0.2806673
1731426999065,-39.52348,1.534171,-0.9532814,0.01979326,0.00338661,-0.9997989,-0.1032829,0.06280839,-0.1750946,-39.498,1.18819,-1.106869,0.1941937,-0.03898402,-0.9801886,-0.2065659,-0.09568334,-0.1304626,-39.67519,1.185811,-1.104355,-0.4518282,-0.08261005,-0.8882722,-0.3713608,0.04888773,0.1044273,0.2806673
1731426999085,-39.52829,1.536218,-0.9585495,0.01007038,-0.0103093,-0.9998964,-0.3604889,0.1535207,-0.3951073,-39.50317,1.185521,-1.110973,0.1901513,-0.03811067,-0.9810151,-0.3879547,-0.2002001,-0.3078461,-39.68328,1.185668,-1.104641,-0.4481374,-0.06795956,-0.8913778,-0.6071091,-0.01074672,-0.02145767,0.2806673
1731426999089,-39.52829,1.536218,-0.9585495,0.01007038,-0.0103093,-0.9998964,0,0,0,-39.50317,1.185521,-1.110973,0.1901513,-0.03811067,-0.9810151,0,0,0,-39.68328,1.185668,-1.104641,-0.4481374,-0.06795956,-0.8913778,0,0,0,0.2806673
1731426999107,-39.53068,1.536144,-0.9620781,0.005607259,0.006891942,-0.9999609,-0.1796722,-0.005596876,-0.2646446,-39.50597,1.182878,-1.114727,0.2015168,-0.06515071,-0.9773164,-0.209713,-0.1982331,-0.2815247,-39.68721,1.183861,-1.105812,-0.4729918,-0.09233712,-0.8762157,-0.2949715,-0.1354784,-0.0878334,0.2806673
1731426999112,-39.53068,1.536144,-0.9620781,0.005607259,0.006891942,-0.9999609,0,0,0,-39.50597,1.182878,-1.114727,0.2015168,-0.06515071,-0.9773164,0,0,0,-39.68721,1.183861,-1.105812,-0.4729918,-0.09233712,-0.8762157,0,0,0,0.2806673
1731426999127,-39.53543,1.536001,-0.9679108,-0.002668937,0.009570743,-0.9999509,-0.3561974,-0.01069307,-0.4374504,-39.5116,1.181673,-1.120312,0.221392,-0.1083137,-0.9691511,-0.4225731,-0.09039044,-0.4188538,-39.69434,1.184384,-1.109062,-0.5106264,-0.118449,-0.8516047,-0.5347252,0.03916919,-0.2437592,0.2806673
1731426999149,-39.53801,1.535421,-0.9696159,-0.005031359,0.00568139,-0.9999713,-0.1936913,-0.04353225,-0.1278877,-39.51435,1.181885,-1.122379,0.2225161,-0.1303924,-0.9661705,-0.2062798,0.01593232,-0.1550674,-39.69798,1.185348,-1.110611,-0.5159353,-0.1222738,-0.8478568,-0.2723694,0.07231236,-0.1161575,0.2806673
1731426999169,-39.54315,1.535692,-0.9733353,-0.0130759,0.002834104,-0.9999113,-0.3850937,0.02035797,-0.2789497,-39.52082,1.182978,-1.123764,0.1909337,-0.1269508,-0.9733595,-0.4855156,0.08195043,-0.1038551,-39.70454,1.185908,-1.109657,-0.4978543,-0.1124449,-0.8599406,-0.4920959,0.04199445,0.07152557,0.2806673
1731426999173,-39.54315,1.535692,-0.9733353,-0.0130759,0.002834104,-0.9999113,0,0,0,-39.52082,1.182978,-1.123764,0.1909337,-0.1269508,-0.9733595,0,0,0,-39.70454,1.185908,-1.109657,-0.4978543,-0.1124449,-0.8599406,0,0,0,0.2806673
1731426999190,-39.54462,1.536589,-0.9754639,-0.02013065,0.005990897,-0.9997796,-0.1107216,0.06725192,-0.1596451,-39.52627,1.183619,-1.123516,0.1551697,-0.08436622,-0.9842792,-0.408268,0.04811883,0.01859665,-39.70827,1.185395,-1.109428,-0.4898107,-0.1038269,-0.8656248,-0.2800941,-0.0384897,0.01716614,0.2806673
1731426999194,-39.54462,1.536589,-0.9754639,-0.02013065,0.005990897,-0.9997796,0,0,0,-39.52627,1.183619,-1.123516,0.1551697,-0.08436622,-0.9842792,0,0,0,-39.70827,1.185395,-1.109428,-0.4898107,-0.1038269,-0.8656248,0,0,0,0.2806673
1731426999218,-39.54865,1.538061,-0.9787331,-0.02726788,0.005019989,-0.9996159,-0.3018379,0.1104265,-0.2451897,-39.53399,1.183829,-1.125111,0.1285249,-0.07114946,-0.989151,-0.5793571,0.01571774,-0.1195908,-39.71534,1.184402,-1.110485,-0.5082759,-0.1072265,-0.854493,-0.5301476,-0.074476,-0.07925034,0.2806673
1731426999246,-39.55235,1.539289,-0.9805717,-0.02804653,0.006175401,-0.9995878,-0.2772331,0.09209812,-0.1379013,-39.54218,1.184067,-1.130165,0.1220781,-0.08442479,-0.988924,-0.6142616,0.01787245,-0.3790855,-39.72189,1.182336,-1.112572,-0.5414657,-0.1338503,-0.83,-0.4909515,-0.1548886,-0.156498,0.2806673
1731426999251,-39.55235,1.539289,-0.9805717,-0.02804653,0.006175401,-0.9995878,0,0,0,-39.54218,1.184067,-1.130165,0.1220781,-0.08442479,-0.988924,0,0,0,-39.72189,1.182336,-1.112572,-0.5414657,-0.1338503,-0.83,0,0,0,0.2806673
1731426999274,-39.55433,1.540584,-0.9810867,-0.02245321,0.006238286,-0.9997288,-0.1490593,0.09713173,-0.03862381,-39.55398,1.190311,-1.155445,0.1368206,-0.1178754,-0.9835583,-0.8849144,0.4683048,-1.896,-39.72621,1.180761,-1.114868,-0.5434588,-0.1781674,-0.8203106,-0.32444,-0.1181424,-0.1722336,0.2806673
1731426999278,-39.55433,1.540584,-0.9810867,-0.02245321,0.006238286,-0.9997288,0,0,0,-39.55398,1.190311,-1.155445,0.1368206,-0.1178754,-0.9835583,0,0,0,-39.72621,1.180761,-1.114868,-0.5434588,-0.1781674,-0.8203106,0,0,0,0.2806673
1731426999282,-39.55433,1.540584,-0.9810867,-0.02245321,0.006238286,-0.9997288,0,0,0,-39.55398,1.190311,-1.155445,0.1368206,-0.1178754,-0.9835583,0,0,0,-39.72621,1.180761,-1.114868,-0.5434588,-0.1781674,-0.8203106,0,0,0,0.2806673
1731426999301,-39.55818,1.541724,-0.982975,-0.01512406,0.01519462,-0.9997705,-0.2883911,0.08549094,-0.1416206,-39.55875,1.192271,-1.156387,0.1456629,-0.1300139,-0.980755,-0.3573418,0.1470119,-0.07066727,-39.72786,1.180106,-1.117867,-0.5121463,-0.2082282,-0.8332753,-0.1233101,-0.04916489,-0.2248764,0.2806673
1731426999306,-39.55818,1.541724,-0.982975,-0.01512406,0.01519462,-0.9997705,0,0,0,-39.55875,1.192271,-1.156387,0.1456629,-0.1300139,-0.980755,0,0,0,-39.72786,1.180106,-1.117867,-0.5121463,-0.2082282,-0.8332753,0,0,0,0.2806673
1731426999329,-39.56037,1.542153,-0.9839897,-0.008468647,0.01878923,-0.9997882,-0.1645088,0.03216863,-0.07610321,-39.5639,1.196085,-1.156952,0.1338827,-0.1134112,-0.9844867,-0.3862381,0.2860576,-0.04234314,-39.72538,1.179187,-1.130146,-0.4936604,-0.2222605,-0.8407741,0.1853943,-0.06887913,-0.9209633,0.2806673
1731426999334,-39.56037,1.542153,-0.9839897,-0.008468647,0.01878923,-0.9997882,0,0,0,-39.5639,1.196085,-1.156952,0.1338827,-0.1134112,-0.9844867,0,0,0,-39.72538,1.179187,-1.130146,-0.4936604,-0.2222605,-0.8407741,0,0,0,0.2806673
1731426999357,-39.56475,1.541824,-0.9851151,-0.002277768,0.01779984,-0.9998395,-0.3281593,-0.02471209,-0.08440018,-39.56551,1.194662,-1.157074,0.1308416,-0.08933171,-0.9873711,-0.1210213,-0.1067251,-0.009155273,-39.72319,1.180063,-1.138813,-0.4789168,-0.218244,-0.8502991,0.1642227,0.06572306,-0.6500244,0.2806673
1731426999361,-39.56475,1.541824,-0.9851151,-0.002277768,0.01779984,-0.9998395,0,0,0,-39.56551,1.194662,-1.157074,0.1308416,-0.08933171,-0.9873711,0,0,0,-39.72319,1.180063,-1.138813,-0.4789168,-0.218244,-0.8502991,0,0,0,0.2806673
1731426999385,-39.5694,1.541041,-0.985817,0.005951634,0.01252863,-0.9999042,-0.3490448,-0.0587225,-0.05264282,-39.56688,1.192819,-1.158062,0.1412984,-0.0939448,-0.9854995,-0.1024246,-0.1382858,-0.07410049,-39.72268,1.18093,-1.143314,-0.4711334,-0.2040441,-0.858137,0.03833771,0.06499887,-0.3376007,0.2806673
1731426999389,-39.5694,1.541041,-0.985817,0.005951634,0.01252863,-0.9999042,0,0,0,-39.56688,1.192819,-1.158062,0.1412984,-0.0939448,-0.9854995,0,0,0,-39.72268,1.18093,-1.143314,-0.4711334,-0.2040441,-0.858137,0,0,0,0.2806673
1731426999413,-39.5737,1.540057,-0.985733,0.01369403,0.005553356,-0.9998909,-0.3227234,-0.07378757,0.00629425,-39.56837,1.192908,-1.160404,0.1634206,-0.1052646,-0.9809248,-0.1124382,0.00666976,-0.1756668,-39.72208,1.181949,-1.145939,-0.4549799,-0.1960182,-0.86866,0.04520416,0.07640719,-0.1968384,0.2806673
1731426999420,-39.5737,1.540057,-0.985733,0.01369403,0.005553356,-0.9998909,0,0,0,-39.56837,1.192908,-1.160404,0.1634206,-0.1052646,-0.9809248,0,0,0,-39.72208,1.181949,-1.145939,-0.4549799,-0.1960182,-0.86866,0,0,0,0.2806673
1731426999440,-39.57922,1.539183,-0.9862442,0.01998954,-0.004459132,-0.9997908,-0.4137039,-0.06554425,-0.03833771,-39.56993,1.191754,-1.16061,0.1838068,-0.1191962,-0.9757091,-0.1164436,-0.08651018,-0.01544952,-39.72293,1.182221,-1.149536,-0.438009,-0.2047502,-0.8753437,-0.06380081,0.02040267,-0.2697945,0.2806673
1731426999444,-39.57922,1.539183,-0.9862442,0.01998954,-0.004459132,-0.9997908,0,0,0,-39.56993,1.191754,-1.16061,0.1838068,-0.1191962,-0.9757091,0,0,0,-39.72293,1.182221,-1.149536,-0.438009,-0.2047502,-0.8753437,0,0,0,0.2806673
1731426999468,-39.58447,1.537724,-0.9869461,0.02652797,-0.01021284,-0.9995961,-0.3933907,-0.1094341,-0.05264282,-39.57226,1.191189,-1.159096,0.1952473,-0.1298246,-0.9721235,-0.1750946,-0.04241467,0.1135826,-39.72437,1.182543,-1.150585,-0.4272427,-0.2045342,-0.8806989,-0.1078606,0.02415776,-0.07867813,0.2806673
1731426999472,-39.58447,1.537724,-0.9869461,0.02652797,-0.01021284,-0.9995961,0,0,0,-39.57226,1.191189,-1.159096,0.1952473,-0.1298246,-0.9721235,0,0,0,-39.72437,1.182543,-1.150585,-0.4272427,-0.2045342,-0.8806989,0,0,0,0.2806673
1731426999496,-39.58998,1.536388,-0.9865646,0.03565512,-0.01915955,-0.999181,-0.4134178,-0.1002073,0.02861023,-39.57503,1.190761,-1.156448,0.201151,-0.1346845,-0.970257,-0.2077103,-0.0320971,0.198555,-39.7267,1.183623,-1.150627,-0.4152302,-0.1960614,-0.8883382,-0.1745224,0.08102059,-0.003147125,0.2806673
1731426999500,-39.58998,1.536388,-0.9865646,0.03565512,-0.01915955,-0.999181,0,0,0,-39.57503,1.190761,-1.156448,0.201151,-0.1346845,-0.970257,0,0,0,-39.7267,1.183623,-1.150627,-0.4152302,-0.1960614,-0.8883382,0,0,0,0.2806673
1731426999524,-39.59494,1.535554,-0.9874077,0.04727498,-0.02625328,-0.9985373,-0.371933,-0.06253123,-0.06322861,-39.57861,1.190539,-1.153721,0.2101692,-0.1271134,-0.9693666,-0.2686501,-0.01665652,0.2045631,-39.72954,1.184302,-1.152969,-0.3981792,-0.1933883,-0.8966913,-0.2134323,0.05092621,-0.1756668,0.2806673
1731426999528,-39.59494,1.535554,-0.9874077,0.04727498,-0.02625328,-0.9985373,0,0,0,-39.57861,1.190539,-1.153721,0.2101692,-0.1271134,-0.9693666,0,0,0,-39.72954,1.184302,-1.152969,-0.3981792,-0.1933883,-0.8966913,0,0,0,0.2806673
1731426999551,-39.59979,1.53443,-0.9872742,0.06632349,-0.02846458,-0.9973923,-0.3639221,-0.08431971,0.01001358,-39.58391,1.190911,-1.154366,0.2118159,-0.1231837,-0.9695154,-0.3973961,0.02795756,-0.04835129,-39.73299,1.184803,-1.155544,-0.3846599,-0.1864582,-0.9040306,-0.2589226,0.03758669,-0.193119,0.2806673
1731426999556,-39.59979,1.53443,-0.9872742,0.06632349,-0.02846458,-0.9973923,0,0,0,-39.58391,1.190911,-1.154366,0.2118159,-0.1231837,-0.9695154,0,0,0,-39.73299,1.184803,-1.155544,-0.3846599,-0.1864582,-0.9040306,0,0,0,0.2806673
1731426999579,-39.60493,1.533489,-0.9863129,0.09040575,-0.0382323,-0.9951711,-0.3856659,-0.07053316,0.07209778,-39.58812,1.189788,-1.15274,0.2161138,-0.1219866,-0.9687183,-0.3155708,-0.08423924,0.1218796,-39.73722,1.185282,-1.158787,-0.3809003,-0.1787829,-0.9071673,-0.3172874,0.03587008,-0.243187,0.2806673
1731426999584,-39.60493,1.533489,-0.9863129,0.09040575,-0.0382323,-0.9951711,0,0,0,-39.58812,1.189788,-1.15274,0.2161138,-0.1219866,-0.9687183,0,0,0,-39.73722,1.185282,-1.158787,-0.3809003,-0.1787829,-0.9071673,0,0,0,0.2806673
1731426999599,-39.61039,1.533279,-0.9854164,0.1149901,-0.05113762,-0.9920497,-0.4091263,-0.01576245,0.06723404,-39.5926,1.188008,-1.15612,0.238572,-0.1327779,-0.9620056,-0.3358841,-0.1335382,-0.2534866,-39.7422,1.186168,-1.164272,-0.3827161,-0.1811369,-0.905935,-0.3733635,0.06643832,-0.4114151,0.2806673
1731426999603,-39.61039,1.533279,-0.9854164,0.1149901,-0.05113762,-0.9920497,0,0,0,-39.5926,1.188008,-1.15612,0.238572,-0.1327779,-0.9620056,0,0,0,-39.7422,1.186168,-1.164272,-0.3827161,-0.1811369,-0.905935,0,0,0,0.2806673
1731426999606,-39.61039,1.533279,-0.9854164,0.1149901,-0.05113762,-0.9920497,0,0,0,-39.5926,1.188008,-1.15612,0.238572,-0.1327779,-0.9620056,0,0,0,-39.7422,1.186168,-1.164272,-0.3827161,-0.1811369,-0.905935,0,0,0,0.2806673
1731426999621,-39.61312,1.53334,-0.984375,0.1263264,-0.05643647,-0.9903823,-0.2051353,0.004568696,0.07810593,-39.59529,1.1873,-1.158508,0.2548687,-0.1460496,-0.955883,-0.2017021,-0.05305409,-0.1791,-39.74463,1.18677,-1.16674,-0.3814293,-0.1848982,-0.9057181,-0.1822472,0.04515946,-0.1851082,0.2806673
1731426999641,-39.61857,1.533203,-0.9828491,0.1487099,-0.06376139,-0.9868236,-0.4088402,-0.01026392,0.1144409,-39.60032,1.186531,-1.158768,0.275673,-0.1546233,-0.9487344,-0.3770828,-0.05766749,-0.01945496,-39.74827,1.187863,-1.169994,-0.3709331,-0.1897886,-0.9090599,-0.2726555,0.08196831,-0.2440453,0.2806673
1731426999663,-39.6213,1.533487,-0.9840622,0.1560891,-0.061838,-0.9858054,-0.204277,0.02126098,-0.09098053,-39.60346,1.187055,-1.159386,0.2748046,-0.166076,-0.9470493,-0.2357483,0.03924072,-0.04634857,-39.7505,1.189649,-1.172123,-0.3568645,-0.185393,-0.9155754,-0.1673698,0.1340032,-0.1596451,0.2806673
1731426999667,-39.6213,1.533487,-0.9840622,0.1560891,-0.061838,-0.9858054,0,0,0,-39.60346,1.187055,-1.159386,0.2748046,-0.166076,-0.9470493,0,0,0,-39.7505,1.189649,-1.172123,-0.3568645,-0.185393,-0.9155754,0,0,0,0.2806673
1731426999681,-39.6279,1.534468,-0.9835205,0.1657454,-0.054929,-0.984638,-0.4955292,0.07363558,0.04062653,-39.60928,1.188964,-1.160168,0.274778,-0.1698255,-0.9463912,-0.4368782,0.1432031,-0.05865097,-39.75525,1.19214,-1.176659,-0.3309381,-0.1836613,-0.9256076,-0.3564835,0.1868159,-0.3401756,0.2806673
1731426999685,-39.6279,1.534468,-0.9835205,0.1657454,-0.054929,-0.984638,0,0,0,-39.60928,1.188964,-1.160168,0.274778,-0.1698255,-0.9463912,0,0,0,-39.75525,1.19214,-1.176659,-0.3309381,-0.1836613,-0.9256076,0,0,0,0.2806673
1731426999704,-39.63147,1.534582,-0.9834251,0.1664789,-0.05006394,-0.984774,-0.2672195,0.008493662,0.007152557,-39.61214,1.190816,-1.160404,0.2707692,-0.1580879,-0.9495751,-0.2140045,0.1388848,-0.01773834,-39.75784,1.193657,-1.179138,-0.3208227,-0.1802198,-0.9298357,-0.1936913,0.1137525,-0.1859665,0.2806673
1731426999723,-39.63876,1.534693,-0.9834175,0.170399,-0.04680821,-0.9842633,-0.5470276,0.008368492,0.0005722046,-39.61659,1.193719,-1.161865,0.2698682,-0.1300209,-0.9540788,-0.3338814,0.2177507,-0.1095772,-39.76289,1.196164,-1.184448,-0.3104009,-0.1757822,-0.9342124,-0.3793716,0.1880586,-0.3982544,0.2806673
1731426999728,-39.63876,1.534693,-0.9834175,0.170399,-0.04680821,-0.9842633,0,0,0,-39.61659,1.193719,-1.161865,0.2698682,-0.1300209,-0.9540788,0,0,0,-39.76289,1.196164,-1.184448,-0.3104009,-0.1757822,-0.9342124,0,0,0,0.2806673
1731426999746,-39.64243,1.534584,-0.9832535,0.1691486,-0.04955088,-0.9843447,-0.2755165,-0.008189678,0.0123024,-39.61753,1.195417,-1.164696,0.2757709,-0.1108949,-0.9548051,-0.07038116,0.1273245,-0.2122879,-39.76567,1.198428,-1.188499,-0.3163074,-0.163559,-0.9344507,-0.2082825,0.1697659,-0.3038406,0.2806673
1731426999764,-39.65014,1.534278,-0.9821434,0.172324,-0.05004455,-0.9837687,-0.5776405,-0.02292395,0.08325577,-39.62232,1.197283,-1.167503,0.2869506,-0.1055767,-0.9521103,-0.3593445,0.1399755,-0.2105713,-39.77099,1.201702,-1.191921,-0.3210961,-0.1389612,-0.9367969,-0.3988266,0.2455652,-0.2566338,0.2806673
1731426999768,-39.65014,1.534278,-0.9821434,0.172324,-0.05004455,-0.9837687,0,0,0,-39.62232,1.197283,-1.167503,0.2869506,-0.1055767,-0.9521103,0,0,0,-39.77099,1.201702,-1.191921,-0.3210961,-0.1389612,-0.9367969,0,0,0,0.2806673
1731426999782,-39.65315,1.533938,-0.9816399,0.1721109,-0.05303282,-0.9836491,-0.2260208,-0.02555251,0.0377655,-39.6249,1.198156,-1.168877,0.2975475,-0.1147838,-0.9477823,-0.1934052,0.06548166,-0.1029968,-39.77413,1.202864,-1.193424,-0.3125397,-0.1360655,-0.9401093,-0.2354622,0.08715391,-0.1127243,0.2806673
1731426999801,-39.65621,1.533556,-0.9812851,0.1712707,-0.054336,-0.9837252,-0.229454,-0.02866387,0.02660751,-39.62693,1.198744,-1.169662,0.2977224,-0.1235452,-0.9466251,-0.1527786,0.04406869,-0.05893707,-39.77677,1.20406,-1.194996,-0.306745,-0.1390493,-0.9415798,-0.1982689,0.08969307,-0.1178741,0.2806673
1731426999806,-39.65621,1.533556,-0.9812851,0.1712707,-0.054336,-0.9837252,0,0,0,-39.62693,1.198744,-1.169662,0.2977224,-0.1235452,-0.9466251,0,0,0,-39.77677,1.20406,-1.194996,-0.306745,-0.1390493,-0.9415798,0,0,0,0.2806673
1731426999819,-39.6641,1.533387,-0.9814224,0.169487,-0.05739758,-0.9838599,-0.5922318,-0.01262426,-0.01029968,-39.63163,1.199388,-1.171539,0.2972383,-0.1389739,-0.9446356,-0.3519058,0.04830658,-0.1407623,-39.78316,1.206007,-1.19685,-0.2983877,-0.1448495,-0.9433897,-0.4792213,0.1460373,-0.1390457,0.2806673
1731426999837,-39.66719,1.533403,-0.9817467,0.1682563,-0.05953822,-0.9839433,-0.2317429,0.001162291,-0.0243187,-39.63473,1.199495,-1.172348,0.3014164,-0.1388404,-0.9433306,-0.2326012,0.008037686,-0.06065369,-39.78641,1.206784,-1.197315,-0.2954387,-0.1475768,-0.9438949,-0.2437592,0.05824864,-0.03490448,0.2806673
1731426999857,-39.66864,1.533028,-0.9822807,0.168362,-0.05874384,-0.9839737,-0.1081467,-0.02812743,-0.04005432,-39.63797,1.199291,-1.172974,0.3118188,-0.1253868,-0.9418324,-0.2434731,-0.01526177,-0.04692078,-39.78923,1.206276,-1.196815,-0.2926323,-0.1459083,-0.9450278,-0.2117157,-0.03811419,0.0374794,0.2806673
1731426999861,-39.66864,1.533028,-0.9822807,0.168362,-0.05874384,-0.9839737,0,0,0,-39.63797,1.199291,-1.172974,0.3118188,-0.1253868,-0.9418324,0,0,0,-39.78923,1.206276,-1.196815,-0.2926323,-0.1459083,-0.9450278,0,0,0,0.2806673
1731426999875,-39.67507,1.532373,-0.9840393,0.1702505,-0.05779003,-0.983705,-0.4823685,-0.04909337,-0.1318932,-39.64325,1.198305,-1.174694,0.3258905,-0.1195534,-0.9378181,-0.3959656,-0.07399321,-0.1290321,-39.79414,1.204053,-1.19614,-0.2896716,-0.1439493,-0.9462399,-0.3679276,-0.1667351,0.05064011,0.2806673
1731426999893,-39.67839,1.531953,-0.9849701,0.1732525,-0.05872152,-0.983126,-0.248909,-0.03148019,-0.06980896,-39.64591,1.196779,-1.175632,0.3262185,-0.1316277,-0.9360857,-0.1994133,-0.1144767,-0.07038116,-39.79712,1.202584,-1.196571,-0.288861,-0.1461952,-0.9461436,-0.223732,-0.1101404,-0.03232956,0.2806673
1731426999897,-39.67839,1.531953,-0.9849701,0.1732525,-0.05872152,-0.983126,0,0,0,-39.64591,1.196779,-1.175632,0.3262185,-0.1316277,-0.9360857,0,0,0,-39.79712,1.202584,-1.196571,-0.288861,-0.1461952,-0.9461436,0,0,0,0.2806673
1731426999912,-39.68045,1.531515,-0.9858971,0.1792798,-0.06255209,-0.9818082,-0.1544952,-0.03283918,-0.06952286,-39.64111,1.197747,-1.163788,0.2876518,-0.1802072,-0.940629,0.3604889,0.07261634,0.8883476,-39.80041,1.200471,-1.197136,-0.2885254,-0.1521805,-0.9453014,-0.2463341,-0.1584828,-0.04234314,0.2806673
1731426999930,-39.68386,1.530297,-0.987751,0.1921104,-0.06584425,-0.9791627,-0.2557755,-0.09138286,-0.1390457,-39.64525,1.195488,-1.164295,0.3002836,-0.183954,-0.9359437,-0.3109932,-0.1694083,-0.03805161,-39.80582,1.19787,-1.19772,-0.282112,-0.1590745,-0.9461021,-0.4059792,-0.1950502,-0.04377365,0.2806673
1731426999954,-39.68486,1.530114,-0.9885139,0.2064013,-0.0692009,-0.9760178,-0.0749588,-0.01373291,-0.05722046,-39.64667,1.194137,-1.165051,0.3098961,-0.1831151,-0.9329705,-0.1064301,-0.1013517,-0.05664825,-39.8084,1.195871,-1.198296,-0.2787114,-0.1701369,-0.9451851,-0.193119,-0.1499712,-0.04320145,0.2806673
1731426999959,-39.68486,1.530114,-0.9885139,0.2064013,-0.0692009,-0.9760178,0,0,0,-39.64667,1.194137,-1.165051,0.3098961,-0.1831151,-0.9329705,0,0,0,-39.8084,1.195871,-1.198296,-0.2787114,-0.1701369,-0.9451851,0,0,0,0.2806673
1731426999972,-39.68829,1.530373,-0.9942665,0.2384778,-0.06985642,-0.9686326,-0.2574921,0.01945496,-0.4314423,-39.64772,1.191401,-1.166164,0.324484,-0.1954278,-0.925483,-0.07867813,-0.2052069,-0.08354187,-39.81342,1.191346,-1.201172,-0.2794653,-0.1913752,-0.9408907,-0.3767967,-0.339371,-0.2157211,0.2806673
1731426999976,-39.68829,1.530373,-0.9942665,0.2384778,-0.06985642,-0.9686326,0,0,0,-39.64772,1.191401,-1.166164,0.324484,-0.1954278,-0.925483,0,0,0,-39.81342,1.191346,-1.201172,-0.2794653,-0.1913752,-0.9408907,0,0,0,0.2806673
1731426999990,-39.68983,1.530439,-1.000298,0.2522644,-0.07036283,-0.9650973,-0.1152992,0.004962087,-0.4523277,-39.64685,1.189673,-1.165379,0.32656,-0.2019141,-0.9233582,0.06551743,-0.1295507,0.05893707,-39.81524,1.190123,-1.202457,-0.2901238,-0.1887522,-0.9381907,-0.1361847,-0.0916779,-0.09641647,0.2806673
1731427000010,-39.69152,1.530524,-1.001072,0.2656409,-0.07154087,-0.9614143,-0.1270294,0.006356835,-0.05807877,-39.64583,1.187115,-1.164097,0.3267525,-0.2080836,-0.921919,0.07638931,-0.1918674,0.09613037,-39.8169,1.189104,-1.203491,-0.2947729,-0.1842692,-0.9376323,-0.1247406,-0.07642508,-0.07753372,0.2806673
1731427000027,-39.69411,1.530789,-1.001957,0.2895996,-0.07127529,-0.9544909,-0.1939774,0.01986623,-0.06637573,-39.64613,1.184603,-1.166473,0.3285322,-0.2185437,-0.918861,-0.02288818,-0.1883984,-0.1782417,-39.81954,1.187659,-1.205372,-0.2901439,-0.1803879,-0.9398284,-0.1982689,-0.1083791,-0.1410484,0.2806673
1731427000031,-39.69411,1.530789,-1.001957,0.2895996,-0.07127529,-0.9544909,0,0,0,-39.64613,1.184603,-1.166473,0.3285322,-0.2185437,-0.918861,0,0,0,-39.81954,1.187659,-1.205372,-0.2901439,-0.1803879,-0.9398284,0,0,0,0.2806673
1731427000044,-39.69552,1.530741,-1.005146,0.2993958,-0.0694956,-0.9515953,-0.106144,-0.003629923,-0.2391815,-39.64598,1.183385,-1.168449,0.3316333,-0.2204728,-0.9172851,0.01115799,-0.09135604,-0.148201,-39.8187,1.187222,-1.206474,-0.2762505,-0.1898026,-0.9421576,0.06322861,-0.03275871,-0.08268356,0.2806673
1731427000065,-39.6969,1.530992,-1.007446,0.3077415,-0.06988709,-0.9489003,-0.1029968,0.01882911,-0.1725197,-39.64899,1.182987,-1.171787,0.3382076,-0.2223259,-0.9144326,-0.2251625,-0.02982616,-0.2503395,-39.81903,1.186975,-1.207279,-0.2658351,-0.1984221,-0.9433774,-0.0248909,-0.018543,-0.06036758,0.2806673
1731427000082,-39.6992,1.531941,-1.007881,0.3214191,-0.06794436,-0.944497,-0.1728058,0.07118583,-0.03261566,-39.65211,1.18197,-1.17701,0.3434874,-0.2226353,-0.912387,-0.2346039,-0.07629991,-0.391674,-39.81942,1.187133,-1.208527,-0.2583573,-0.1983541,-0.9454671,-0.02889633,0.0118196,-0.09355545,0.2806673
1731427000087,-39.6992,1.531941,-1.007881,0.3214191,-0.06794436,-0.944497,0,0,0,-39.65211,1.18197,-1.17701,0.3434874,-0.2226353,-0.912387,0,0,0,-39.81942,1.187133,-1.208527,-0.2583573,-0.1983541,-0.9454671,0,0,0,0.2806673
1731427000098,-39.70017,1.532792,-1.008251,0.3270187,-0.06415528,-0.9428381,-0.07266998,0.06380975,-0.02775192,-39.65141,1.181081,-1.17952,0.3404186,-0.2224304,-0.9135864,0.05264282,-0.06665289,-0.1882553,-39.81955,1.188374,-1.208797,-0.2617761,-0.1858754,-0.9470611,-0.009727478,0.09309053,-0.02031326,0.2806673
1731427000115,-39.70118,1.533402,-1.009281,0.3333554,-0.06047652,-0.94086,-0.07553101,0.04574955,-0.07724762,-39.651,1.180427,-1.181961,0.3420051,-0.2236155,-0.9127043,0.03061295,-0.04909337,-0.1831055,-39.81915,1.189508,-1.209324,-0.2623815,-0.1741946,-0.9491117,0.02946854,0.08502603,-0.03948212,0.2806673
1731427000131,-39.70224,1.533956,-1.010437,0.3388869,-0.05842154,-0.9390119,-0.07982254,0.04159212,-0.086689,-39.65036,1.179821,-1.184303,0.3462699,-0.2263416,-0.9104214,0.04835129,-0.04542768,-0.1756668,-39.81774,1.190431,-1.210201,-0.2605668,-0.1604379,-0.9520327,0.106144,0.0692457,-0.06580353,0.2806673
1731427000147,-39.70315,1.534364,-1.010616,0.3427297,-0.05725735,-0.9376882,-0.06837845,0.03057718,-0.01344681,-39.6494,1.179232,-1.186626,0.3487046,-0.2315402,-0.9081823,0.07181168,-0.04419386,-0.1742363,-39.81569,1.19115,-1.211418,-0.2531695,-0.1521464,-0.9553832,0.1536369,0.05393922,-0.09126663,0.2806673
1731427000151,-39.70315,1.534364,-1.010616,0.3427297,-0.05725735,-0.9376882,0,0,0,-39.6494,1.179232,-1.186626,0.3487046,-0.2315402,-0.9081823,0,0,0,-39.81569,1.19115,-1.211418,-0.2531695,-0.1521464,-0.9553832,0,0,0,0.2806673
1731427000162,-39.70402,1.534804,-1.010818,0.3465981,-0.0561418,-0.9363325,-0.06523132,0.03300905,-0.01516342,-39.6489,1.179129,-1.188164,0.3483495,-0.2349533,-0.9074419,0.03805161,-0.007680058,-0.1152992,-39.81506,1.191621,-1.211975,-0.2457769,-0.1527486,-0.9572161,0.04692078,0.03532469,-0.04177094,0.2806673
1731427000178,-39.70555,1.535632,-1.01112,0.354404,-0.05367368,-0.9335511,-0.1150131,0.06211996,-0.02260208,-39.66356,1.18929,-1.167095,0.3649257,-0.1689949,-0.9155715,-1.100063,0.7620871,1.580143,-39.81426,1.19281,-1.212929,-0.2365575,-0.1463646,-0.9605305,0.06008148,0.08917451,-0.07152557,0.2806673
1731427000193,-39.70625,1.535898,-1.011707,0.3570758,-0.05225788,-0.9326127,-0.05178452,0.01991987,-0.04405975,-39.66346,1.189475,-1.166859,0.3621657,-0.1673129,-0.9169753,0.00743866,0.01386702,0.01773834,-39.81467,1.193559,-1.213234,-0.2368198,-0.1397548,-0.96145,-0.03089905,0.05619228,-0.02288818,0.2806673
1731427000209,-39.70681,1.535962,-1.011349,0.3595472,-0.04954764,-0.9318109,-0.04205704,0.004810095,0.02689362,-39.67263,1.198985,-1.170418,0.3549185,-0.1622969,-0.9207022,-0.6875038,0.7132262,-0.2669334,-39.81562,1.194041,-1.213741,-0.2324246,-0.1359352,-0.9630687,-0.07095337,0.03608465,-0.03805161,0.2806673
1731427000224,-39.70727,1.536031,-1.011005,0.3625459,-0.04641863,-0.9308095,-0.03461838,0.005185604,0.02574921,-39.67339,1.200358,-1.170609,0.3519554,-0.1557007,-0.9229764,-0.05722046,0.10297,-0.01430511,-39.81577,1.194533,-1.214069,-0.2278997,-0.1334192,-0.9645005,-0.01115799,0.03696084,-0.0246048,0.2806673
1731427000228,-39.70727,1.536031,-1.011005,0.3625459,-0.04641863,-0.9308095,0,0,0,-39.67339,1.200358,-1.170609,0.3519554,-0.1557007,-0.9229764,0,0,0,-39.81577,1.194533,-1.214069,-0.2278997,-0.1334192,-0.9645005,0,0,0,0.2806673
1731427000239,-39.70732,1.535977,-1.010826,0.3651426,-0.04374788,-0.9299238,-0.004291534,-0.00410378,0.01344681,-39.67279,1.194565,-1.168674,0.3483484,-0.1508003,-0.9251559,0.04520416,-0.4344642,0.1450539,-39.81568,1.194541,-1.21439,-0.2253618,-0.1314051,-0.9653733,0.006580353,0.0005364418,-0.02403259,0.2806673
1731427000254,-39.70741,1.535728,-1.010632,0.3673495,-0.04150915,-0.9291567,-0.006008148,-0.01864135,0.01459122,-39.67133,1.185839,-1.164982,0.3468954,-0.1478627,-0.9261754,0.1098633,-0.6544769,0.276947,-39.81621,1.194443,-1.214352,-0.2235491,-0.1321593,-0.9656917,-0.03948212,-0.007277727,0.002861023,0.2806673
1731427000269,-39.70757,1.535454,-1.010201,0.3683658,-0.04032371,-0.9288067,-0.0123024,-0.02054572,0.03232956,-39.67039,1.18446,-1.162506,0.3452733,-0.1453403,-0.9271803,0.07038116,-0.103426,0.1856804,-39.81714,1.194147,-1.214085,-0.2193173,-0.1344139,-0.9663506,-0.07009506,-0.02224445,0.02002716,0.2806673
1731427000284,-39.70786,1.535195,-1.009644,0.3693963,-0.03963315,-0.9284267,-0.02174377,-0.01944602,0.04177094,-39.67001,1.183272,-1.162235,0.3435232,-0.143618,-0.9280981,0.02803802,-0.0890851,0.02031326,-39.81768,1.193648,-1.214245,-0.2148639,-0.1345372,-0.9673333,-0.04005432,-0.0374347,-0.0120163,0.2806673
1731427000299,-39.70817,1.534916,-1.009037,0.369602,-0.03997479,-0.9283301,-0.02317429,-0.02088547,0.04549026,-39.66964,1.181929,-1.162148,0.3416784,-0.1425892,-0.9289373,0.02803802,-0.1007527,0.006580353,-39.81729,1.192673,-1.214935,-0.2160657,-0.1376912,-0.9666218,0.02889633,-0.07310808,-0.05178452,0.2806673
1731427000314,-39.73793,1.560313,-0.9871025,0.3686534,-0.04089351,-0.9286678,-2.232456,1.904771,1.645088,-39.66901,1.179862,-1.162186,0.3396441,-0.1465536,-0.929067,0.04720688,-0.1550049,-0.002861023,-39.81694,1.19045,-1.215336,-0.2156926,-0.1433789,-0.965878,0.02660751,-0.166744,-0.03004074,0.2795027
1731427000329,-39.76283,1.558095,-0.9687233,0.3671006,-0.0406162,-0.9292947,-1.867104,-0.1663506,1.378441,-39.6686,1.15564,-1.161926,0.3399759,-0.1494831,-0.9284785,0.03089905,-1.816669,0.01945496,-39.81683,1.165331,-1.214851,-0.2144041,-0.1471669,-0.9655948,0.008296967,-1.883939,0.03633499,0.2551925
1731427000343,-39.77382,1.544718,-0.9604874,0.3648809,-0.04016202,-0.9301877,-0.8242607,-1.003316,0.6176949,-39.66823,1.133549,-1.161541,0.3437393,-0.1547477,-0.9262277,0.02746582,-1.656818,0.02889633,-39.81674,1.141358,-1.213833,-0.2168643,-0.1511452,-0.9644303,0.00629425,-1.797947,0.07638931,0.2323295
1731427000347,-39.77382,1.544718,-0.9604874,0.3648809,-0.04016202,-0.9301877,0,0,0,-39.66823,1.133549,-1.161541,0.3437393,-0.1547477,-0.9262277,0,0,0,-39.81674,1.141358,-1.213833,-0.2168643,-0.1511452,-0.9644303,0,0,0,0.2323295
1731427000358,-39.77455,1.544658,-0.9592209,0.3606955,-0.03902933,-0.9318672,-0.05493164,-0.004443526,0.09498596,-39.6673,1.132649,-1.161297,0.3447589,-0.1602615,-0.9249099,0.07009506,-0.06750226,0.01831055,-39.81574,1.139369,-1.214497,-0.2190685,-0.1583315,-0.9627773,0.0749588,-0.1491576,-0.0497818,0.2323295
1731427000372,-39.77473,1.544873,-0.9585228,0.3576287,-0.03854527,-0.9330683,-0.01316071,0.01606643,0.05235672,-39.66672,1.132292,-1.160976,0.3446144,-0.1617565,-0.924703,0.04320145,-0.0267148,0.02403259,-39.81519,1.138384,-1.214733,-0.219772,-0.1612056,-0.9621403,0.04148483,-0.07389486,-0.01773834,0.2323295
1731427000387,-39.77485,1.544896,-0.9579201,0.3540776,-0.03708586,-0.9344813,-0.008869171,0.001761317,0.04520416,-39.66591,1.131883,-1.160454,0.3421029,-0.1611455,-0.925742,0.06093979,-0.03070235,0.03919601,-39.81474,1.137208,-1.214859,-0.2188145,-0.163256,-0.9620129,0.03404617,-0.0882268,-0.009441376,0.2319624
1731427000402,-39.77505,1.544748,-0.9573898,0.3499082,-0.03355122,-0.9361835,-0.01544952,-0.01114011,0.03976822,-39.6651,1.131418,-1.159893,0.3384373,-0.1593207,-0.9274036,0.06036758,-0.03491342,0.04205704,-39.81435,1.135839,-1.215179,-0.2151947,-0.167806,-0.9620461,0.02918243,-0.1026034,-0.02403259,0.2314768
1731427000416,-39.77525,1.544774,-0.9568291,0.3455689,-0.02974074,-0.9379222,-0.01516342,0.001984835,0.04205704,-39.66435,1.131539,-1.159256,0.3354093,-0.1545517,-0.9293092,0.05664825,0.009092689,0.04777908,-39.81377,1.13483,-1.215614,-0.2106279,-0.172564,-0.9622153,0.04291534,-0.07574558,-0.03261566,0.231107
1731427000431,-39.77545,1.544682,-0.9563484,0.3419471,-0.02643672,-0.9393479,-0.01459122,-0.006937981,0.03604889,-39.66472,1.129915,-1.158585,0.331312,-0.1483445,-0.9317874,-0.02775192,-0.1218081,0.050354,-39.81349,1.133524,-1.215885,-0.2076992,-0.1756683,-0.9622902,0.02117157,-0.09790957,-0.02031326,0.2306681
1731427000446,-39.77528,1.544553,-0.9564667,0.3383966,-0.02348495,-0.940711,0.0128746,-0.009673834,-0.008869171,-39.67224,1.117792,-1.156548,0.3290978,-0.1365217,-0.9343754,-0.5641937,-0.9092063,0.1527786,-39.81471,1.131981,-1.215405,-0.205098,-0.1768258,-0.9626358,-0.09155273,-0.1157552,0.03604889,0.2302239
1731427000461,-39.77515,1.544585,-0.956501,0.3354559,-0.02087976,-0.9418248,0.009441376,0.002396107,-0.002574921,-39.73388,1.195741,-1.112724,0.3231817,-0.1265416,-0.9378387,-4.622841,5.846179,3.286743,-39.87637,1.194087,-1.162487,-0.2055431,-0.1752975,-0.9628208,-4.624271,4.657996,3.968811,0.2300804
1731427000476,-39.77505,1.544666,-0.9561996,0.3328256,-0.01925308,-0.9427923,0.00743866,0.006115437,0.02260208,-39.73255,1.193738,-1.120495,0.3217917,-0.1247269,-0.9385591,0.0995636,-0.1501948,-0.5827904,-39.8759,1.19369,-1.163422,-0.2092274,-0.1742949,-0.9622089,0.03547668,-0.02982616,-0.07009506,0.2299995
1731427000490,-39.77497,1.544723,-0.9557495,0.3306668,-0.01836973,-0.9435693,0.005722046,0.00423789,0.03376007,-39.73153,1.193044,-1.121777,0.322603,-0.128366,-0.9377902,0.07696152,-0.05206168,-0.09613037,-39.8764,1.192837,-1.164452,-0.2136442,-0.1770919,-0.9607267,-0.0377655,-0.06396174,-0.07724762,0.2297561
1731427000505,-39.77476,1.544772,-0.9560432,0.3289011,-0.01694292,-0.9442127,0.01602173,0.003674626,-0.02202988,-39.72966,1.184955,-1.122669,0.3242151,-0.1311013,-0.9368553,0.1396179,-0.6067157,-0.06694794,-39.87685,1.192165,-1.166046,-0.2200192,-0.1793941,-0.9588586,-0.03347397,-0.05038083,-0.1195908,0.2294353
1731427000509,-39.77476,1.544772,-0.9560432,0.3289011,-0.01694292,-0.9442127,0,0,0,-39.72966,1.184955,-1.122669,0.3242151,-0.1311013,-0.9368553,0,0,0,-39.87685,1.192165,-1.166046,-0.2200192,-0.1793941,-0.9588586,0,0,0,0.2294353
1731427000520,-39.77449,1.544775,-0.9565239,0.3271056,-0.01526874,-0.9448647,0.02059937,0.0002235174,-0.03604889,-39.72708,1.17391,-1.121986,0.3282877,-0.1314691,-0.9353844,0.1939774,-0.8283734,0.05121231,-39.877,1.192074,-1.167645,-0.2301742,-0.1730344,-0.9576424,-0.01115799,-0.006821752,-0.1198769,0.2290697
1731427000535,-39.77427,1.544618,-0.9562912,0.3250035,-0.01356309,-0.9456159,0.01659393,-0.01176596,0.01745224,-39.72538,1.189186,-1.116489,0.3308165,-0.1280739,-0.9349645,0.1270294,1.145732,0.4122734,-39.87659,1.192017,-1.169312,-0.2384733,-0.1672502,-0.9566395,0.03061295,-0.004273653,-0.1250267,0.2287226
1731427000551,-39.77406,1.544701,-0.9560051,0.3231656,-0.01256074,-0.9462594,0.01544952,0.006240606,0.02145767,-39.72359,1.188182,-1.116524,0.3330922,-0.1236262,-0.9347547,0.1347542,-0.07531643,-0.002574921,-39.87736,1.191929,-1.171158,-0.2439714,-0.1664859,-0.9553853,-0.05779266,-0.006616116,-0.1384735,0.2286155
1731427000566,-39.77304,1.544481,-0.9554062,0.3189081,-0.01030038,-0.9477298,0.07610321,-0.01645982,0.04491806,-39.72008,1.186026,-1.11652,0.333518,-0.122331,-0.9347738,0.2632141,-0.1616836,0.0002861023,-39.87932,1.192161,-1.17445,-0.2567132,-0.1746252,-0.950581,-0.1473427,0.01738966,-0.2469063,0.2282048
1731427000582,-39.77205,1.544181,-0.9550285,0.3172777,-0.008797647,-0.9482925,0.0743866,-0.02256632,0.02832413,-39.71811,1.184742,-1.116272,0.3310036,-0.1247592,-0.9353461,0.1476288,-0.0962913,0.01859665,-39.88076,1.193462,-1.176167,-0.2625658,-0.1754343,-0.9488325,-0.1075745,0.0975877,-0.128746,0.2282048
1731427000597,-39.7712,1.543968,-0.9547043,0.3151955,-0.009095699,-0.9489838,0.06408691,-0.0159055,0.0243187,-39.71807,1.18649,-1.116669,0.329705,-0.1290684,-0.9352198,0.002861023,0.1310885,-0.02975464,-39.8803,1.195107,-1.17775,-0.2688006,-0.165032,-0.9489527,0.03404617,0.1233995,-0.1187325,0.2282048
1731427000612,-39.77074,1.543872,-0.9544411,0.3129605,-0.009847193,-0.9497157,0.03433228,-0.007224083,0.01974106,-39.71898,1.189923,-1.117332,0.3280654,-0.1363089,-0.9347694,-0.06837845,0.2574921,-0.0497818,-39.87857,1.19708,-1.179352,-0.2755487,-0.1494705,-0.9495955,0.1298904,0.1479864,-0.120163,0.2282048
1731427000617,-39.77074,1.543872,-0.9544411,0.3129605,-0.009847193,-0.9497157,0,0,0,-39.71898,1.189923,-1.117332,0.3280654,-0.1363089,-0.9347694,0,0,0,-39.87857,1.19708,-1.179352,-0.2755487,-0.1494705,-0.9495955,0,0,0,0.2282048
1731427000627,-39.77023,1.543723,-0.9542389,0.3105569,-0.01109044,-0.9504904,0.03862381,-0.01116693,0.01516342,-39.71887,1.19159,-1.11726,0.3258461,-0.1417371,-0.9347382,0.008583069,0.1249909,0.005435944,-39.8776,1.198572,-1.18121,-0.2741323,-0.1353277,-0.9521232,0.07266998,0.1118481,-0.1393318,0.2282048
1731427000643,-39.76962,1.543533,-0.9539948,0.3081932,-0.01188579,-0.9512502,0.04520416,-0.01426935,0.01831055,-39.7177,1.19123,-1.11665,0.3235335,-0.1431129,-0.9353315,0.0875473,-0.02696514,0.04577637,-39.87759,1.199523,-1.18351,-0.2709692,-0.1313517,-0.9535843,0.0005722046,0.07138252,-0.1725197,0.2282048
1731427000658,-39.76903,1.543285,-0.9537888,0.3063248,-0.01190736,-0.9518529,0.04463196,-0.01856983,0.01544952,-39.71812,1.191622,-1.116146,0.3220617,-0.1442285,-0.9356681,-0.03147125,0.02937913,0.0377655,-39.87661,1.2005,-1.185894,-0.2714612,-0.1346794,-0.9529798,0.07381439,0.07326007,-0.1788139,0.2282048
1731427000676,-39.76846,1.543097,-0.9535942,0.3043577,-0.01228381,-0.9524792,0.04262924,-0.01415312,0.01459122,-39.71867,1.192217,-1.115356,0.3244616,-0.1430389,-0.9350212,-0.04148483,0.04458725,0.05922318,-39.87386,1.201732,-1.190113,-0.2713175,-0.139307,-0.9523555,0.2059937,0.09237528,-0.3164291,0.2282048
1731427000692,-39.76739,1.54251,-0.9531212,0.2999569,-0.01433731,-0.9538453,0.08039474,-0.04397035,0.03547668,-39.71683,1.191125,-1.113834,0.3196329,-0.1460196,-0.9362234,0.1381874,-0.08185208,0.1141548,-39.86813,1.205566,-1.199108,-0.2887979,-0.1222501,-0.9495533,0.4297256,0.2875507,-0.6746292,0.2282048
1731427000696,-39.76739,1.54251,-0.9531212,0.2999569,-0.01433731,-0.9538453,0,0,0,-39.71683,1.191125,-1.113834,0.3196329,-0.1460196,-0.9362234,0,0,0,-39.86813,1.205566,-1.199108,-0.2887979,-0.1222501,-0.9495533,0,0,0,0.2282048
1731427000707,-39.76668,1.54211,-0.9528351,0.2980928,-0.01740151,-0.9543787,0.05321503,-0.03002286,0.02145767,-39.71679,1.190669,-1.113224,0.3143936,-0.1483492,-0.9376296,0.003433228,-0.03424287,0.04577637,-39.86353,1.210525,-1.20657,-0.2701739,-0.08609955,-0.958954,0.3453255,0.3719598,-0.5596161,0.2282048
1731427000723,-39.76594,1.541695,-0.9527359,0.2969589,-0.01812331,-0.9547189,0.05521774,-0.03111362,0.00743866,-39.71802,1.190544,-1.113365,0.311369,-0.1500436,-0.9383692,-0.09241104,-0.009334087,-0.01058578,-39.86126,1.215388,-1.216236,-0.2268075,-0.07387352,-0.9711339,0.1699448,0.3646821,-0.7249832,0.2282048
1731427000738,-39.76529,1.541101,-0.9522171,0.2949515,-0.01910352,-0.9553214,0.04863739,-0.0445962,0.03890991,-39.72033,1.190452,-1.114151,0.3118749,-0.1520367,-0.9378802,-0.173378,-0.006902218,-0.05893707,-39.86014,1.220944,-1.229755,-0.1935948,-0.1016175,-0.9758052,0.08440018,0.416708,-1.013947,0.2282048
1731427000754,-39.76484,1.540362,-0.9516678,0.2925741,-0.02308475,-0.9559647,0.03433228,-0.05536079,0.04119873,-39.72002,1.189911,-1.11396,0.3167739,-0.1550225,-0.9357475,0.02288818,-0.04059076,0.01430511,-39.85788,1.227902,-1.241894,-0.1981734,-0.1441225,-0.9695133,0.1693726,0.5218685,-0.9103775,0.2282048
1731427000773,-39.76416,1.53964,-0.9511986,0.2915414,-0.02693608,-0.9561795,0.05092621,-0.05418062,0.03519058,-39.71904,1.18967,-1.113335,0.3245878,-0.1565767,-0.9328061,0.07410049,-0.01806915,0.04692078,-39.85471,1.234096,-1.25396,-0.1862949,-0.1703023,-0.967622,0.2374649,0.4645675,-0.9049416,0.2282048
1731427000789,-39.76295,1.538496,-0.9502411,0.2898048,-0.03279364,-0.9565243,0.09040833,-0.08577704,0.07181168,-39.71854,1.189436,-1.11314,0.3358738,-0.1578465,-0.9285871,0.0369072,-0.01757741,0.01459122,-39.8468,1.248914,-1.275612,-0.1792985,-0.1639634,-0.9700353,0.5933762,1.111346,-1.623917,0.2282048
1731427000793,-39.76295,1.538496,-0.9502411,0.2898048,-0.03279364,-0.9565243,0,0,0,-39.71854,1.189436,-1.11314,0.3358738,-0.1578465,-0.9285871,0,0,0,-39.8468,1.248914,-1.275612,-0.1792985,-0.1639634,-0.9700353,0,0,0,0.2282048
1731427000805,-39.7625,1.538494,-0.9499969,0.288705,-0.03320915,-0.9568428,0.03347397,-0.0001609325,0.01831055,-39.71968,1.18949,-1.114212,0.3376089,-0.1663219,-0.9264765,-0.08497238,0.004094839,-0.08039474,-39.84201,1.259176,-1.287445,-0.1686154,-0.1248722,-0.9777403,0.3590584,0.7695884,-0.8874893,0.2282048
1731427000820,-39.76215,1.538303,-0.9496498,0.2875217,-0.03144043,-0.9572586,0.02660751,-0.01430511,0.02603531,-39.71979,1.189716,-1.114296,0.339265,-0.1673315,-0.9256891,-0.008296967,0.01690686,-0.00629425,-39.83855,1.266363,-1.298141,-0.1493862,-0.1136089,-0.982231,0.2597809,0.5390257,-0.8022308,0.2282048
1731427000836,-39.7617,1.537848,-0.9487038,0.2866292,-0.03221128,-0.9575003,0.03404617,-0.03418028,0.07095337,-39.71914,1.18987,-1.113853,0.3425072,-0.1691209,-0.9241683,0.04863739,0.01158714,0.03318787,-39.83567,1.27301,-1.308025,-0.1378808,-0.1104664,-0.9842695,0.2162933,0.4985601,-0.741291,0.2282048
1731427000852,-39.76101,1.537917,-0.9479065,0.285574,-0.03579713,-0.9576882,0.05178452,0.005194545,0.05979538,-39.71865,1.190586,-1.113674,0.3424491,-0.1759574,-0.9229125,0.0369072,0.05371571,0.01344681,-39.83591,1.281259,-1.316345,-0.1570417,-0.08880487,-0.9835918,-0.01859665,0.6186783,-0.6239891,0.2282048
1731427000856,-39.76101,1.537917,-0.9479065,0.285574,-0.03579713,-0.9576882,0,0,0,-39.71865,1.190586,-1.113674,0.3424491,-0.1759574,-0.9229125,0,0,0,-39.83591,1.281259,-1.316345,-0.1570417,-0.08880487,-0.9835918,0,0,0,0.2282048
1731427000871,-39.7604,1.538208,-0.9473267,0.2847182,-0.03291679,-0.9580463,0.04520416,0.02183318,0.04348755,-39.71846,1.191766,-1.11348,0.3432087,-0.1750865,-0.9227964,0.01430511,0.08847713,0.01459122,-39.83794,1.287298,-1.323826,-0.1898405,-0.06748384,-0.979493,-0.1516342,0.4529536,-0.5610466,0.2282048
1731427000886,-39.7597,1.53877,-0.9460907,0.2817885,-0.02948408,-0.9590241,0.05264282,0.04214644,0.09269714,-39.71691,1.192833,-1.111908,0.3463656,-0.1653123,-0.9234196,0.1158714,0.08001924,0.1178741,-39.83913,1.29646,-1.337292,-0.2280669,-0.06201746,-0.9716688,-0.08926392,0.6871462,-1.009941,0.2282048
1731427000902,-39.75915,1.538942,-0.9453888,0.2802764,-0.02660009,-0.9595511,0.04148483,0.01285672,0.05264282,-39.71574,1.193193,-1.110729,0.3482563,-0.1570157,-0.9241558,0.08811951,0.02699196,0.08840561,-39.84029,1.298856,-1.341778,-0.2458732,-0.06996386,-0.966774,-0.0869751,0.1796454,-0.3364563,0.2282048
1731427000918,-39.75811,1.539251,-0.9446754,0.277611,-0.02400312,-0.9603938,0.07753372,0.02321005,0.05350113,-39.71435,1.193195,-1.110165,0.3462987,-0.1589293,-0.9245645,0.1041412,0.0001698732,0.04234314,-39.84066,1.301584,-1.343472,-0.2585281,-0.07217243,-0.9633044,-0.02803802,0.2045989,-0.1270294,0.2282048
1731427000922,-39.75811,1.539251,-0.9446754,0.277611,-0.02400312,-0.9603938,0,0,0,-39.71435,1.193195,-1.110165,0.3462987,-0.1589293,-0.9245645,0,0,0,-39.84066,1.301584,-1.343472,-0.2585281,-0.07217243,-0.9633044,0,0,0,0.2282048
1731427000934,-39.75736,1.53936,-0.9440575,0.275431,-0.01975777,-0.9611182,0.05664825,0.00820756,0.04634857,-39.71309,1.193074,-1.110035,0.3447594,-0.1640823,-0.924239,0.09441376,-0.009083748,0.009727478,-39.83969,1.304618,-1.342838,-0.2415842,-0.04748734,-0.9692174,0.07266998,0.2275676,0.04749298,0.2282048
1731427000950,-39.75679,1.539543,-0.9435997,0.2735242,-0.01822214,-0.961693,0.04262924,0.01368821,0.03433228,-39.71183,1.19286,-1.109619,0.346047,-0.165222,-0.9235551,0.09441376,-0.01603961,0.03118515,-39.83833,1.307198,-1.34277,-0.215028,-0.01598911,-0.9764773,0.1018524,0.1934946,0.005149841,0.2282048
1731427000968,-39.75618,1.539544,-0.9430656,0.271755,-0.01816864,-0.9621954,0.04606247,7.152557E-05,0.04005432,-39.71032,1.192396,-1.109097,0.3493221,-0.1647571,-0.9224044,0.1135826,-0.03483295,0.03919601,-39.83865,1.307277,-1.340427,-0.1839337,0.006298549,-0.9829191,-0.02374649,0.005909801,0.1756668,0.2282048
1731427000984,-39.75468,1.540015,-0.942543,0.2685646,-0.01631295,-0.9631239,0.1121521,0.03533363,0.03919601,-39.70744,1.191752,-1.108158,0.3543321,-0.1632414,-0.9207616,0.215435,-0.04829764,0.07038116,-39.84047,1.309563,-1.337029,-0.1829704,0.03437468,-0.9825176,-0.1364708,0.1714915,0.2549171,0.2282048
1731427001000,-39.75389,1.540458,-0.9426689,0.2671411,-0.01185968,-0.9635848,0.05893707,0.03325045,-0.009441376,-39.70578,1.191795,-1.107956,0.356388,-0.160714,-0.9204122,0.1244545,0.003245473,0.01516342,-39.84218,1.311244,-1.326881,-0.2308417,0.09593199,-0.968251,-0.1284599,0.1260728,0.7610321,0.2282048
1731427001004,-39.75389,1.540458,-0.9426689,0.2671411,-0.01185968,-0.9635848,0,0,0,-39.70578,1.191795,-1.107956,0.356388,-0.160714,-0.9204122,0,0,0,-39.84218,1.311244,-1.326881,-0.2308417,0.09593199,-0.968251,0,0,0,0.2282048
1731427001016,-39.75317,1.540775,-0.9426422,0.2660539,-0.008361884,-0.9639223,0.05464554,0.02372861,0.002002716,-39.70441,1.191678,-1.107376,0.357495,-0.1565355,-0.9207035,0.1027107,-0.008797646,0.04348755,-39.84254,1.311798,-1.320496,-0.2328334,0.143856,-0.9618187,-0.02689362,0.04151165,0.4789352,0.2282048
1731427001032,-39.75234,1.540933,-0.9427261,0.2663302,-0.005127064,-0.9638687,0.0620842,0.01185536,-0.00629425,-39.70303,1.191425,-1.106819,0.3584675,-0.1525609,-0.920992,0.1041412,-0.01892745,0.04177094,-39.84379,1.3106,-1.314178,-0.2221638,0.1620346,-0.9614513,-0.09384155,-0.08982718,0.4737854,0.2282048
1731427001051,-39.75131,1.540794,-0.9426193,0.2658977,-0.003398319,-0.9639953,0.07724762,-0.01040697,0.008010864,-39.70159,1.190958,-1.106312,0.3591146,-0.1498845,-0.9211799,0.1078606,-0.03502965,0.03805161,-39.84645,1.309257,-1.307522,-0.2311913,0.1391673,-0.962904,-0.1994133,-0.1007259,0.4992485,0.2282048
1731427001067,-39.74968,1.54065,-0.9422913,0.2619462,-0.004979959,-0.9650699,0.1218796,-0.01077354,0.0246048,-39.69934,1.190216,-1.106621,0.3652097,-0.156834,-0.9176195,0.1685143,-0.0556469,-0.02317429,-39.85229,1.307078,-1.292759,-0.2822997,0.08150268,-0.9558585,-0.4380226,-0.163427,1.107216,0.2282048
1731427001071,-39.74968,1.54065,-0.9422913,0.2619462,-0.004979959,-0.9650699,0,0,0,-39.69934,1.190216,-1.106621,0.3652097,-0.156834,-0.9176195,0,0,0,-39.85229,1.307078,-1.292759,-0.2822997,0.08150268,-0.9558585,0,0,0,0.2282048
1731427001083,-39.74891,1.540902,-0.9422379,0.2568849,-0.008863533,-0.9664016,0.05807877,0.01885593,0.004005432,-39.69857,1.189702,-1.106987,0.3694121,-0.1672288,-0.914095,0.05750656,-0.03858805,-0.02746582,-39.85507,1.304564,-1.279045,-0.3351155,0.03276846,-0.9416074,-0.2082825,-0.1885146,1.028538,0.2282048
1731427001100,-39.7481,1.541193,-0.9425163,0.2548375,-0.007442023,-0.9669555,0.06093979,0.02184212,-0.02088547,-39.69787,1.189424,-1.106792,0.3734695,-0.1696351,-0.9120005,0.05292892,-0.02083182,0.01459122,-39.85444,1.302687,-1.267017,-0.3460947,0.01229157,-0.9381194,0.04720688,-0.140816,0.9020805,0.2282048
1731427001116,-39.74707,1.54121,-0.9429512,0.2550336,-0.002803208,-0.9669285,0.07696152,0.00128746,-0.03261566,-39.69719,1.189664,-1.106377,0.3760698,-0.165552,-0.9116825,0.05092621,0.01800656,0.03118515,-39.8501,1.30074,-1.255024,-0.3075179,0.006698193,-0.9515191,0.3255844,-0.1460463,0.8995056,0.2282048
1731427001135,-39.7462,1.540961,-0.9430237,0.255292,-0.0005693398,-0.966864,0.06494522,-0.018695,-0.005435944,-39.69639,1.189888,-1.106106,0.373238,-0.1630055,-0.9133036,0.05979538,0.01679063,0.02031326,-39.84311,1.299295,-1.243813,-0.2352728,0.02139387,-0.9716939,0.5241394,-0.1083612,0.8408546,0.2282048
1731427001140,-39.7462,1.540961,-0.9430237,0.255292,-0.0005693398,-0.966864,0,0,0,-39.69639,1.189888,-1.106106,0.373238,-0.1630055,-0.9133036,0,0,0,-39.84311,1.299295,-1.243813,-0.2352728,0.02139387,-0.9716939,0,0,0,0.2282048
1731427001151,-39.74507,1.540399,-0.9429359,0.2528313,-0.003821342,-0.9675032,0.08497238,-0.04216433,0.006580353,-39.69487,1.189936,-1.10598,0.374245,-0.1621328,-0.9130467,0.1144409,0.003567338,0.009441376,-39.83367,1.297315,-1.224987,-0.1328211,0.04861914,-0.989947,0.7081032,-0.1484871,1.411915,0.2282048
1731427001168,-39.74458,1.54008,-0.9429893,0.2516594,-0.007772817,-0.9677848,0.0369072,-0.02390742,-0.004005432,-39.69407,1.18976,-1.106144,0.3761691,-0.1638254,-0.911953,0.06008148,-0.01314282,-0.0123024,-39.82801,1.297524,-1.218723,-0.09713146,0.06446297,-0.9931823,0.4242897,0.01569986,0.46978,0.2282048
1731427001184,-39.74402,1.53976,-0.9430428,0.2527598,-0.008546771,-0.9674919,0.04205704,-0.02403259,-0.004005432,-39.69325,1.189868,-1.106266,0.3779379,-0.165468,-0.9109247,0.06093979,0.008073449,-0.009155273,-39.82106,1.299465,-1.217415,-0.08432836,0.08292474,-0.992982,0.5212784,0.1455456,0.09813309,0.2282048
1731427001204,-39.7435,1.539495,-0.9430656,0.2546985,-0.008921443,-0.9669795,0.03919601,-0.01983047,-0.001716614,-39.69238,1.190181,-1.10627,0.3804863,-0.1652593,-0.9099009,0.06523132,0.02349615,-0.0002861023,-39.81345,1.303658,-1.219551,-0.0767188,0.1103113,-0.9909321,0.5710602,0.3144532,-0.1602173,0.2282048
1731427001209,-39.7435,1.539495,-0.9430656,0.2546985,-0.008921443,-0.9669795,0,0,0,-39.69238,1.190181,-1.10627,0.3804863,-0.1652593,-0.9099009,0,0,0,-39.81345,1.303658,-1.219551,-0.0767188,0.1103113,-0.9909321,0,0,0,0.2282048
1731427001220,-39.74304,1.53894,-0.9428787,0.2572145,-0.01082958,-0.9662938,0.03433228,-0.04161,0.01401901,-39.69106,1.190206,-1.106171,0.3851069,-0.163785,-0.9082223,0.09899139,0.001877546,0.00743866,-39.8011,1.314785,-1.226082,-0.02411213,0.157364,-0.9872465,0.925827,0.8345872,-0.4898071,0.2282048
1731427001225,-39.74304,1.53894,-0.9428787,0.2572145,-0.01082958,-0.9662938,0,0,0,-39.69106,1.190206,-1.106171,0.3851069,-0.163785,-0.9082223,0,0,0,-39.8011,1.314785,-1.226082,-0.02411213,0.157364,-0.9872465,0,0,0,0.2282048
1731427001237,-39.74266,1.538435,-0.9424133,0.2574589,-0.01386283,-0.9661903,0.02803802,-0.03786385,0.03490448,-39.69093,1.190231,-1.105991,0.3854376,-0.16095,-0.9085885,0.01001358,0.001841784,0.01344681,-39.79647,1.323449,-1.231171,-0.01607222,0.1922647,-0.9812121,0.3473282,0.6497562,-0.3816605,0.2282048
1731427001253,-39.74226,1.53802,-0.941925,0.2565932,-0.01704827,-0.9663692,0.03032684,-0.03114045,0.03662109,-39.69104,1.19058,-1.105629,0.3843661,-0.1563931,-0.9098378,-0.008010864,0.02621412,0.02717972,-39.79381,1.332283,-1.236847,-0.01578808,0.2327302,-0.9724138,0.1994133,0.6625593,-0.4257202,0.2282048
1731427001273,-39.74191,1.538047,-0.9415703,0.2555982,-0.01915365,-0.9665937,0.02603531,0.002002716,0.02660751,-39.69133,1.19114,-1.104877,0.3794414,-0.1483807,-0.9132402,-0.02202988,0.04200339,0.05636215,-39.79404,1.342193,-1.246304,-0.05039421,0.2652606,-0.9628594,-0.01745224,0.7432938,-0.7092476,0.2282048
1731427001290,-39.74163,1.538579,-0.9411964,0.2567827,-0.01836913,-0.9662948,0.02145767,0.03991127,0.02803802,-39.6913,1.191466,-1.103863,0.3735347,-0.1402617,-0.9169506,0.002002716,0.02444386,0.07610321,-39.79114,1.358632,-1.261456,-0.08889616,0.2902017,-0.952828,0.2177238,1.232922,-1.136398,0.2282048
1731427001306,-39.74142,1.538498,-0.9406929,0.2574102,-0.01272533,-0.9662187,0.01573563,-0.006061792,0.0377655,-39.69125,1.19147,-1.10321,0.3729643,-0.140341,-0.917171,0.004291534,0.0002861023,0.04892349,-39.79084,1.366381,-1.271648,-0.09434754,0.2805011,-0.9552057,0.02288818,0.5811185,-0.7644653,0.2282048
1731427001310,-39.74142,1.538498,-0.9406929,0.2574102,-0.01272533,-0.9662187,0,0,0,-39.69125,1.19147,-1.10321,0.3729643,-0.140341,-0.917171,0,0,0,-39.79084,1.366381,-1.271648,-0.09434754,0.2805011,-0.9552057,0,0,0,0.2282048
1731427001323,-39.74153,1.538249,-0.9400368,0.2583048,-0.01488686,-0.9659492,-0.008296967,-0.01873076,0.04920959,-39.69128,1.192139,-1.10207,0.3735464,-0.1408927,-0.9168496,-0.002288818,0.05013943,0.08554459,-39.79049,1.371014,-1.281086,-0.08296034,0.2597773,-0.9620991,0.02632141,0.347507,-0.7078171,0.2282048
1731427001339,-39.74161,1.538347,-0.9395027,0.2583598,-0.01601331,-0.9659165,-0.00629425,0.007358193,0.04005432,-39.69119,1.192491,-1.101196,0.371878,-0.1394121,-0.9177537,0.006580353,0.0264287,0.06551743,-39.79017,1.374555,-1.288914,-0.05963235,0.2433646,-0.9681004,0.02374649,0.2655476,-0.5870819,0.2282048
1731427001357,-39.74167,1.53867,-0.9392471,0.2584868,-0.01525658,-0.9658947,-0.004577637,0.02422929,0.01916885,-39.69111,1.192516,-1.100391,0.3696584,-0.1380818,-0.918851,0.005722046,0.001859665,0.06036758,-39.79137,1.37629,-1.295776,-0.02886621,0.2127458,-0.9766815,-0.09040833,0.1301765,-0.514698,0.2282048
1731427001373,-39.74179,1.53933,-0.9389191,0.2582448,-0.01131955,-0.9660138,-0.008583069,0.04954934,0.0246048,-39.69091,1.192278,-1.099148,0.3677248,-0.1367942,-0.9198188,0.01487732,-0.01781881,0.09326935,-39.79546,1.378266,-1.308189,0.01015626,0.1237454,-0.9922624,-0.3061295,0.1481742,-0.9309769,0.2282048
1731427001377,-39.74179,1.53933,-0.9389191,0.2582448,-0.01131955,-0.9660138,0,0,0,-39.69091,1.192278,-1.099148,0.3677248,-0.1367942,-0.9198188,0,0,0,-39.79546,1.378266,-1.308189,0.01015626,0.1237454,-0.9922624,0,0,0,0.2282048
1731427001389,-39.74181,1.53945,-0.9388351,0.2577302,-0.00822717,-0.9661827,-0.001716614,0.008940697,0.00629425,-39.69097,1.192074,-1.098499,0.3687687,-0.139769,-0.9189533,-0.004005432,-0.01529753,0.04863739,-39.79975,1.375051,-1.31192,-0.001866358,0.06681636,-0.9977639,-0.3221512,-0.2411306,-0.279808,0.2282048
1731427001405,-39.74189,1.539631,-0.9389229,0.2567309,-0.006914282,-0.9664586,-0.00629425,0.01358986,-0.006580353,-39.6909,1.191921,-1.097931,0.3682876,-0.1432347,-0.9186126,0.005149841,-0.01146197,0.04262924,-39.80237,1.373912,-1.313194,-0.04153026,0.06446949,-0.9970556,-0.1962662,-0.0854373,-0.09555817,0.2282048
1731427001421,-39.7419,1.539897,-0.9391861,0.2554122,-0.006250951,-0.9668125,-0.0005722046,0.01998246,-0.01974106,-39.6909,1.191431,-1.097397,0.3696154,-0.1470933,-0.9174689,0.0002861023,-0.03680885,0.04005432,-39.80423,1.373636,-1.308617,-0.1173088,0.1573737,-0.9805474,-0.1396179,-0.02068877,0.3433228,0.2282048
1731427001438,-39.74192,1.540037,-0.9390411,0.2540327,-0.004833807,-0.9671839,-0.001716614,0.01048744,0.01087189,-39.69102,1.191499,-1.097183,0.3715361,-0.1440211,-0.9171798,-0.009441376,0.005158782,0.01602173,-39.80577,1.373326,-1.304184,-0.1519884,0.2388679,-0.9590845,-0.1155853,-0.02326369,0.3324509,0.2282048
1731427001454,-39.74184,1.540004,-0.9393883,0.2530834,-0.00391939,-0.9674373,0.006580353,-0.002467632,-0.02603531,-39.69101,1.191021,-1.09668,0.3691085,-0.1432876,-0.9182742,0.0008583069,-0.03586113,0.0377655,-39.80812,1.371734,-1.301182,-0.1484233,0.2542261,-0.9556882,-0.176239,-0.1193762,0.2251625,0.2282048
1731427001458,-39.74184,1.540004,-0.9393883,0.2530834,-0.00391939,-0.9674373,0,0,0,-39.69101,1.191021,-1.09668,0.3691085,-0.1432876,-0.9182742,0,0,0,-39.80812,1.371734,-1.301182,-0.1484233,0.2542261,-0.9556882,0,0,0,0.2282048
1731427001470,-39.74201,1.539768,-0.9400482,0.2518858,-0.005325414,-0.9677429,-0.01316071,-0.01770258,-0.0494957,-39.69096,1.19036,-1.09594,0.3673905,-0.1397422,-0.9195095,0.003433228,-0.04961193,0.05550385,-39.81224,1.367315,-1.297264,-0.1209942,0.195119,-0.9732882,-0.3089905,-0.3314137,0.2938271,0.2282048
1731427001486,-39.74239,1.538725,-0.9406166,0.2509478,-0.008152127,-0.9679666,-0.02803802,-0.07820427,-0.04262924,-39.69088,1.189712,-1.096252,0.366329,-0.1430228,-0.9194283,0.00629425,-0.04856586,-0.02346039,-39.81321,1.36395,-1.29414,-0.08701579,0.1461793,-0.985424,-0.07295609,-0.2523601,0.2343178,0.2282048
1731427001503,-39.74265,1.538348,-0.9409027,0.2500918,-0.01270434,-0.9681394,-0.01974106,-0.02829731,-0.02145767,-39.69078,1.1883,-1.096878,0.3661945,-0.152893,-0.917892,0.007724762,-0.1059115,-0.04692078,-39.81277,1.360041,-1.290005,-0.03395763,0.1160153,-0.9926674,0.03347397,-0.2931923,0.3101349,0.2282048
1731427001519,-39.74283,1.537956,-0.9413033,0.2490651,-0.0160778,-0.9683539,-0.01373291,-0.02940595,-0.03004074,-39.69123,1.187726,-1.097511,0.3693265,-0.1593641,-0.9155338,-0.03404617,-0.04306734,-0.04749298,-39.81304,1.356239,-1.286629,-0.02095998,0.1182267,-0.9927658,-0.02059937,-0.2851635,0.2532005,0.2282048
1731427001523,-39.74283,1.537956,-0.9413033,0.2490651,-0.0160778,-0.9683539,0,0,0,-39.69123,1.187726,-1.097511,0.3693265,-0.1593641,-0.9155338,0,0,0,-39.81304,1.356239,-1.286629,-0.02095998,0.1182267,-0.9927658,0,0,0,0.2282048
1731427001537,-39.7432,1.537604,-0.9416771,0.2473686,-0.01884085,-0.9687386,-0.02746582,-0.02640188,-0.02803802,-39.69199,1.187753,-1.097984,0.3715087,-0.1594129,-0.9146419,-0.05693436,0.002065301,-0.03547668,-39.81336,1.352647,-1.282722,-0.04971201,0.1459744,-0.988039,-0.02403259,-0.269419,0.2929688,0.2282048
1731427001554,-39.74414,1.537117,-0.9425926,0.2439819,-0.02476922,-0.9694639,-0.07095337,-0.03652275,-0.06866455,-39.69288,1.187389,-1.098522,0.3727346,-0.1623223,-0.9136306,-0.06666183,-0.02730489,-0.04034042,-39.81522,1.345852,-1.276867,-0.08027676,0.1692857,-0.9822925,-0.1393318,-0.5096018,0.439167,0.2282048
1731427001570,-39.74471,1.537104,-0.9431229,0.2411343,-0.02606513,-0.9701418,-0.04205704,-0.0009387732,-0.03976822,-39.69362,1.187771,-1.098404,0.3697201,-0.1613192,-0.915032,-0.05550385,0.02861023,0.008869171,-39.81713,1.342375,-1.274113,-0.1002332,0.1750801,-0.9794396,-0.1433372,-0.2607822,0.2065659,0.2282048
1731427001586,-39.7453,1.536979,-0.9437714,0.2380353,-0.02573164,-0.9709157,-0.04434586,-0.009405613,-0.04863739,-39.69423,1.188473,-1.098103,0.3650229,-0.1566936,-0.9177177,-0.04606247,0.05264282,0.02260208,-39.81959,1.338719,-1.271564,-0.1151733,0.1649567,-0.9795537,-0.184536,-0.2742112,0.1911163,0.2282048
1731427001590,-39.7453,1.536979,-0.9437714,0.2380353,-0.02573164,-0.9709157,0,0,0,-39.69423,1.188473,-1.098103,0.3650229,-0.1566936,-0.9177177,0,0,0,-39.81959,1.338719,-1.271564,-0.1151733,0.1649567,-0.9795537,0,0,0,0.2282048
1731427001603,-39.7459,1.536897,-0.9441948,0.2345328,-0.0265874,-0.9717449,-0.04520416,-0.006151199,-0.03175735,-39.69513,1.18932,-1.097733,0.3591453,-0.1495086,-0.9212286,-0.06752014,0.06352365,0.02775192,-39.82204,1.334741,-1.268715,-0.1066204,0.1378094,-0.9847035,-0.1836777,-0.298351,0.2137184,0.2282048
1731427001621,-39.74659,1.536945,-0.9446182,0.2311566,-0.02781103,-0.9725193,-0.05149841,0.003603101,-0.03175735,-39.69565,1.189665,-1.097534,0.356668,-0.1459749,-0.9227566,-0.03862381,0.02588332,0.01487732,-39.82371,1.331544,-1.264961,-0.09655104,0.1279476,-0.9870706,-0.1250267,-0.2397537,0.2815247,0.2282048
1731427001637,-39.74787,1.537096,-0.9457588,0.2251406,-0.02779587,-0.9739298,-0.09641647,0.0113368,-0.08554459,-39.69661,1.189981,-1.097263,0.3541282,-0.1406634,-0.9245578,-0.07238388,0.02372861,0.02031326,-39.82691,1.326127,-1.258335,-0.07173838,0.1155181,-0.990712,-0.2400398,-0.4063189,0.4969597,0.2282048
1731427001654,-39.74846,1.537178,-0.9465714,0.2230988,-0.02575424,-0.9744558,-0.04377365,0.006106496,-0.06093979,-39.69692,1.189764,-1.097462,0.3541037,-0.140993,-0.9245176,-0.02317429,-0.01631677,-0.01487732,-39.82879,1.323865,-1.256081,-0.06581752,0.1045421,-0.9923409,-0.1410484,-0.1695871,0.1690865,0.2282048
1731427001658,-39.74846,1.537178,-0.9465714,0.2230988,-0.02575424,-0.9744558,0,0,0,-39.69692,1.189764,-1.097462,0.3541037,-0.140993,-0.9245176,0,0,0,-39.82879,1.323865,-1.256081,-0.06581752,0.1045421,-0.9923409,0,0,0,0.2282048
1731427001670,-39.74926,1.53705,-0.947094,0.2199793,-0.02517503,-0.9751799,-0.06036758,-0.009584427,-0.03919601,-39.69717,1.189363,-1.098007,0.3583288,-0.1417692,-0.9227693,-0.01859665,-0.03006756,-0.04091263,-39.8308,1.32203,-1.253838,-0.0704748,0.09353943,-0.9931186,-0.1507759,-0.1376867,0.1682281,0.2282048
1731427001690,-39.75016,1.536888,-0.947422,0.2164216,-0.02657673,-0.9759388,-0.06723404,-0.0121057,-0.0246048,-39.69745,1.189043,-1.098324,0.3592192,-0.1440604,-0.9220678,-0.02088547,-0.02401471,-0.02374649,-39.83255,1.320561,-1.251308,-0.06997028,0.09092024,-0.9933974,-0.1316071,-0.1101136,0.1896858,0.2282048
1731427001707,-39.75188,1.536565,-0.9482193,0.2093471,-0.0308929,-0.9773537,-0.1293182,-0.02422929,-0.05979538,-39.69885,1.188342,-1.099255,0.3616005,-0.1472388,-0.9206337,-0.1049995,-0.05255342,-0.06980896,-39.83574,1.318294,-1.246414,-0.0683568,0.09954728,-0.9926826,-0.2388954,-0.1700699,0.3670692,0.2282048
1731427001711,-39.75188,1.536565,-0.9482193,0.2093471,-0.0308929,-0.9773537,0,0,0,-39.69885,1.188342,-1.099255,0.3616005,-0.1472388,-0.9206337,0,0,0,-39.83574,1.318294,-1.246414,-0.0683568,0.09954728,-0.9926826,0,0,0,0.2282048
1731427001723,-39.75267,1.536607,-0.9488564,0.2079879,-0.03110047,-0.9776375,-0.05950928,0.003093481,-0.04777908,-39.69981,1.187746,-1.100525,0.357899,-0.1525252,-0.9212195,-0.07181168,-0.04470348,-0.09527206,-39.83675,1.319141,-1.24622,-0.07020342,0.121173,-0.9901463,-0.07581711,0.06354153,0.01459122,0.2282048
1731427001740,-39.75351,1.536653,-0.9491501,0.2056938,-0.03074005,-0.978134,-0.0629425,0.003504753,-0.02202988,-39.7005,1.187536,-1.1012,0.3580776,-0.1529527,-0.9210792,-0.05178452,-0.01575351,-0.05064011,-39.83813,1.319236,-1.245266,-0.07219576,0.1297617,-0.9889141,-0.1032829,0.007098913,0.07152557,0.2282048
1731427001760,-39.75452,1.536657,-0.9493599,0.2033173,-0.03119797,-0.9786162,-0.07553101,0.0002861023,-0.01573563,-39.70149,1.187488,-1.101849,0.3583625,-0.152377,-0.9210638,-0.0743866,-0.003576279,-0.04863739,-39.83974,1.320611,-1.244724,-0.07915826,0.13801,-0.9872631,-0.1210213,0.1031756,0.04062653,0.2282048
1731427001776,-39.7564,1.536682,-0.949749,0.1971458,-0.03291032,-0.9798218,-0.1413345,0.001877546,-0.02918243,-39.7035,1.187273,-1.102924,0.3572373,-0.1534157,-0.9213282,-0.1504898,-0.01612902,-0.08068085,-39.84286,1.322307,-1.242481,-0.08679656,0.1496609,-0.9849204,-0.2340317,0.1271814,0.1682281,0.2282048
1731427001780,-39.7564,1.536682,-0.949749,0.1971458,-0.03291032,-0.9798218,0,0,0,-39.7035,1.187273,-1.102924,0.3572373,-0.1534157,-0.9213282,0,0,0,-39.84286,1.322307,-1.242481,-0.08679656,0.1496609,-0.9849204,0,0,0,0.2282048
1731427001793,-39.75731,1.536625,-0.9498596,0.1941322,-0.03348574,-0.9804039,-0.06752014,-0.004264712,-0.008296967,-39.7049,1.187834,-1.103363,0.3532747,-0.1517258,-0.9231342,-0.1052856,0.04207492,-0.03290176,-39.84508,1.324018,-1.242008,-0.08929942,0.1554368,-0.9838015,-0.1665115,0.128299,0.03547668,0.2282048
1731427001810,-39.75824,1.536648,-0.9500465,0.1910003,-0.03386537,-0.9810059,-0.07038116,0.001707673,-0.01401901,-39.70608,1.188306,-1.103622,0.3483125,-0.1487335,-0.9255041,-0.08840561,0.03537834,-0.01945496,-39.84724,1.325358,-1.241417,-0.08942961,0.1583428,-0.9833263,-0.1616478,0.1005203,0.04434586,0.2282048
1731427001829,-39.75925,1.536721,-0.9503059,0.1879497,-0.03311988,-0.9816206,-0.07553101,0.005498528,-0.01945496,-39.70741,1.188688,-1.103752,0.3411567,-0.1447817,-0.9287901,-0.1001358,0.02865493,-0.009727478,-39.84972,1.326606,-1.24086,-0.08654368,0.1557587,-0.983997,-0.1859665,0.09356439,0.04177094,0.2282048
1731427001833,-39.75925,1.536721,-0.9503059,0.1879497,-0.03311988,-0.9816206,0,0,0,-39.70741,1.188688,-1.103752,0.3411567,-0.1447817,-0.9287901,0,0,0,-39.84972,1.326606,-1.24086,-0.08654368,0.1557587,-0.983997,0,0,0,0.2282048
1731427001846,-39.76114,1.536831,-0.9510536,0.1808817,-0.03244904,-0.9829698,-0.1413345,0.008225441,-0.05607605,-39.70987,1.189199,-1.104156,0.3315771,-0.1397198,-0.9330251,-0.1839638,0.03833771,-0.03032684,-39.85478,1.328069,-1.239544,-0.09297224,0.1481227,-0.9845898,-0.3796577,0.1097381,0.09870529,0.2282048
1731427001862,-39.76216,1.536798,-0.9514084,0.1762814,-0.03237917,-0.9838079,-0.07667542,-0.002458692,-0.02660751,-39.71105,1.189447,-1.104401,0.3274509,-0.1378182,-0.9347632,-0.08869171,0.01857877,-0.01831055,-39.85738,1.328439,-1.238846,-0.101752,0.1462223,-0.9840053,-0.1948357,0.0277698,0.05235672,0.2282048
1731427001879,-39.76338,1.536824,-0.9516792,0.1718203,-0.03271483,-0.9845855,-0.09155273,0.001895428,-0.02031326,-39.71222,1.189491,-1.104813,0.324419,-0.1368168,-0.9359673,-0.0878334,0.003290176,-0.03089905,-39.86011,1.328234,-1.237812,-0.1155575,0.1479106,-0.9822271,-0.2051353,-0.01540482,0.07753372,0.2282048
1731427001898,-39.76461,1.536844,-0.9523163,0.16686,-0.03273768,-0.9854375,-0.09241104,0.001502037,-0.04777908,-39.71335,1.189064,-1.105419,0.3231337,-0.1392788,-0.9360485,-0.08468628,-0.03200769,-0.04549026,-39.8628,1.327516,-1.23608,-0.126773,0.1508863,-0.980389,-0.2017021,-0.05384982,0.1298904,0.2282048
1731427001902,-39.76461,1.536844,-0.9523163,0.16686,-0.03273768,-0.9854375,0,0,0,-39.71335,1.189064,-1.105419,0.3231337,-0.1392788,-0.9360485,0,0,0,-39.8628,1.327516,-1.23608,-0.126773,0.1508863,-0.980389,0,0,0,0.2282048
1731427001915,-39.76724,1.536823,-0.9547577,0.157288,-0.03329263,-0.9869919,-0.1971245,-0.001555681,-0.1831055,-39.71558,1.188426,-1.10651,0.3196798,-0.1442294,-0.9364846,-0.1670837,-0.04782379,-0.08182526,-39.86776,1.326067,-1.233456,-0.1338398,0.1465581,-0.9801061,-0.3716469,-0.1086742,0.1968384,0.2282048
1731427001919,-39.76724,1.536823,-0.9547577,0.157288,-0.03329263,-0.9869919,0,0,0,-39.71558,1.188426,-1.10651,0.3196798,-0.1442294,-0.9364846,0,0,0,-39.86776,1.326067,-1.233456,-0.1338398,0.1465581,-0.9801061,0,0,0,0.2282048
1731427001932,-39.76861,1.536585,-0.955925,0.151324,-0.03342087,-0.9879196,-0.1029968,-0.01782775,-0.0875473,-39.71691,1.187896,-1.107265,0.3166123,-0.1471286,-0.9370757,-0.0998497,-0.03972352,-0.05664825,-39.87059,1.324164,-1.231781,-0.1331114,0.1389623,-0.9813112,-0.212574,-0.1426756,0.1255989,0.2282048
1731427001954,-39.77005,1.536459,-0.9563904,0.1456711,-0.0352884,-0.988704,-0.1081467,-0.009468198,-0.03490448,-39.7184,1.187362,-1.10807,0.3134539,-0.1491126,-0.9378233,-0.111866,-0.04009008,-0.06036758,-39.87362,1.321829,-1.229649,-0.1329996,0.1296298,-0.9826027,-0.2271652,-0.1751572,0.1599312,0.2282048
1731427001971,-39.77281,1.535982,-0.9582901,0.1335746,-0.03797749,-0.9903113,-0.206852,-0.03578961,-0.1424789,-39.72117,1.186493,-1.109428,0.3080808,-0.1516363,-0.9391984,-0.2077103,-0.06516874,-0.1018524,-39.87936,1.317308,-1.22459,-0.1399748,0.1179959,-0.9830993,-0.430584,-0.3390402,0.3793716,0.2282048
1731427001989,-39.77374,1.535792,-0.9613152,0.126623,-0.03935991,-0.9911702,-0.06952286,-0.01423359,-0.2268791,-39.72259,1.1862,-1.110989,0.3049221,-0.1527173,-0.9400536,-0.1067162,-0.022012,-0.1170158,-39.88205,1.313778,-1.22176,-0.1387705,0.1187211,-0.983183,-0.2017021,-0.2647787,0.2122879,0.2282048
1731427001992,-39.77374,1.535792,-0.9613152,0.126623,-0.03935991,-0.9911702,0,0,0,-39.72259,1.1862,-1.110989,0.3049221,-0.1527173,-0.9400536,0,0,0,-39.88205,1.313778,-1.22176,-0.1387705,0.1187211,-0.983183,0,0,0,0.2282048
1731427002010,-39.77505,1.535559,-0.9626579,0.1206074,-0.04086131,-0.9918593,-0.09841919,-0.01745224,-0.100708,-39.72396,1.186031,-1.11293,0.3017163,-0.1540809,-0.9408652,-0.1024246,-0.01266897,-0.1456261,-39.88486,1.309821,-1.219978,-0.1281818,0.1178323,-0.9847263,-0.2105713,-0.2967596,0.1336098,0.2282048
1731427002027,-39.77776,1.53521,-0.9635086,0.1066263,-0.04464297,-0.993297,-0.2031326,-0.02616048,-0.06380081,-39.72655,1.185699,-1.114861,0.2965501,-0.1564501,-0.9421158,-0.1945496,-0.02485514,-0.1447678,-39.89139,1.302633,-1.215408,-0.1245556,0.102411,-0.9869137,-0.4900932,-0.5391151,0.3427505,0.2282048
1731427002031,-39.77776,1.53521,-0.9635086,0.1066263,-0.04464297,-0.993297,0,0,0,-39.72655,1.185699,-1.114861,0.2965501,-0.1564501,-0.9421158,0,0,0,-39.89139,1.302633,-1.215408,-0.1245556,0.102411,-0.9869137,0,0,0,0.2282048
1731427002045,-39.77881,1.535294,-0.9636002,0.09914101,-0.04566273,-0.9940253,-0.07867813,0.00628531,-0.006866455,-39.72786,1.185876,-1.116348,0.2964839,-0.1547366,-0.9424193,-0.09784698,0.01329482,-0.1115799,-39.89508,1.297808,-1.214203,-0.128132,0.08845948,-0.9878044,-0.2763748,-0.3618389,0.09040833,0.2282048
1731427002065,-39.77994,1.535307,-0.9637871,0.09305345,-0.04462184,-0.994661,-0.08497238,0.0009208918,-0.01401901,-39.72898,1.185853,-1.118568,0.2939466,-0.1533751,-0.9434361,-0.08411407,-0.001761317,-0.1665115,-39.89823,1.293788,-1.214905,-0.1303709,0.07941211,-0.9882803,-0.2366066,-0.3015429,-0.05264282,0.2282048
1731427002083,-39.7825,1.535505,-0.9647293,0.0793041,-0.04332367,-0.995909,-0.1916885,0.01485944,-0.07066727,-39.73122,1.185464,-1.122231,0.2894092,-0.1551428,-0.9445491,-0.167942,-0.02918243,-0.2746582,-39.90467,1.286659,-1.213959,-0.148211,0.0628966,-0.9869536,-0.4829407,-0.5346805,0.07095337,0.2282048
1731427002087,-39.7825,1.535505,-0.9647293,0.0793041,-0.04332367,-0.995909,0,0,0,-39.73122,1.185464,-1.122231,0.2894092,-0.1551428,-0.9445491,0,0,0,-39.90467,1.286659,-1.213959,-0.148211,0.0628966,-0.9869536,0,0,0,0.2282048
1731427002101,-39.78386,1.535449,-0.9652634,0.07186981,-0.04158193,-0.9965475,-0.1021385,-0.004193187,-0.04005432,-39.73254,1.185068,-1.123871,0.2938129,-0.1616133,-0.9421018,-0.0995636,-0.02971888,-0.123024,-39.90826,1.282894,-1.213001,-0.1762741,0.05050332,-0.9830453,-0.2695084,-0.2823472,0.07181168,0.2282048
1731427002121,-39.78507,1.535429,-0.9660912,0.06377476,-0.04135028,-0.9971077,-0.09069443,-0.001448393,-0.0620842,-39.73366,1.184612,-1.124699,0.2965651,-0.1662757,-0.9404266,-0.08382797,-0.03415346,-0.0620842,-39.91114,1.279218,-1.211227,-0.1999391,0.03748335,-0.9790915,-0.2157211,-0.27574,0.1330376,0.2282048
1731427002139,-39.7876,1.535341,-0.9673691,0.04667228,-0.04169082,-0.9980406,-0.1899719,-0.006651878,-0.09584427,-39.73607,1.18392,-1.125908,0.2981971,-0.1721136,-0.9388591,-0.1805305,-0.05192757,-0.09069443,-39.91555,1.272411,-1.206306,-0.2407129,0.02150924,-0.9703583,-0.3310204,-0.5105138,0.369072,0.2282048
1731427002144,-39.7876,1.535341,-0.9673691,0.04667228,-0.04169082,-0.9980406,0,0,0,-39.73607,1.18392,-1.125908,0.2981971,-0.1721136,-0.9388591,0,0,0,-39.91555,1.272411,-1.206306,-0.2407129,0.02150924,-0.9703583,0,0,0,0.2282048
1731427002162,-39.78875,1.535304,-0.9677086,0.03630953,-0.04194829,-0.9984601,-0.08583069,-0.002789497,-0.0254631,-39.73753,1.183505,-1.126286,0.2926603,-0.172098,-0.9406027,-0.1098633,-0.03114939,-0.02832413,-39.91649,1.269436,-1.202991,-0.2342998,0.02810386,-0.9717584,-0.07038116,-0.2231061,0.2486229,0.2282048
1731427002168,-39.78875,1.535304,-0.9677086,0.03630953,-0.04194829,-0.9984601,0,0,0,-39.73753,1.183505,-1.126286,0.2926603,-0.172098,-0.9406027,0,0,0,-39.91649,1.269436,-1.202991,-0.2342998,0.02810386,-0.9717584,0,0,0,0.2282048
1731427002181,-39.79071,1.535078,-0.9689026,0.01675855,-0.04329368,-0.998922,-0.1470566,-0.01692474,-0.08955002,-39.74026,1.182382,-1.127472,0.2816627,-0.1705703,-0.9442309,-0.2048492,-0.08419454,-0.08897781,-39.92073,1.263382,-1.197742,-0.2419788,0.02645892,-0.9699212,-0.3178596,-0.4540354,0.3936768,0.2282048
1731427002204,-39.79173,1.535032,-0.9695358,0.007936455,-0.0437584,-0.9990108,-0.07667542,-0.003451109,-0.04749298,-39.74167,1.181632,-1.127693,0.2785084,-0.1730888,-0.9447086,-0.1052856,-0.05628169,-0.01659393,-39.92323,1.260731,-1.193874,-0.2588031,0.0248888,-0.9656093,-0.187397,-0.1988679,0.2901077,0.2282048
1731427002223,-39.79375,1.535088,-0.9698219,-0.01185179,-0.04303554,-0.9990038,-0.1516342,0.004202127,-0.02145767,-39.74414,1.180312,-1.128635,0.2743393,-0.1810449,-0.9444373,-0.1851082,-0.09893775,-0.07066727,-39.9288,1.254945,-1.186344,-0.296864,0.01699597,-0.9547688,-0.4179955,-0.4339367,0.5647659,0.2282048
1731427002227,-39.79375,1.535088,-0.9698219,-0.01185179,-0.04303554,-0.9990038,0,0,0,-39.74414,1.180312,-1.128635,0.2743393,-0.1810449,-0.9444373,0,0,0,-39.9288,1.254945,-1.186344,-0.296864,0.01699597,-0.9547688,0,0,0,0.2282048
1731427002246,-39.79538,1.535127,-0.9705429,-0.02158314,-0.04172887,-0.9988962,-0.1218796,0.002932549,-0.05407333,-39.74535,1.179564,-1.129234,0.2734405,-0.1864741,-0.9436414,-0.09069443,-0.05611181,-0.04491806,-39.93141,1.250915,-1.182293,-0.3089772,-0.009895517,-0.9510185,-0.1954079,-0.3022045,0.3038406,0.2282048
1731427002251,-39.79538,1.535127,-0.9705429,-0.02158314,-0.04172887,-0.9988962,0,0,0,-39.74535,1.179564,-1.129234,0.2734405,-0.1864741,-0.9436414,0,0,0,-39.93141,1.250915,-1.182293,-0.3089772,-0.009895517,-0.9510185,0,0,0,0.2282048
1731427002265,-39.79813,1.535392,-0.9714966,-0.04308165,-0.03950616,-0.9982908,-0.2065659,0.01984835,-0.07152557,-39.74795,1.178518,-1.128986,0.2648659,-0.1921467,-0.9449478,-0.1951218,-0.07843673,0.01859665,-39.93542,1.244097,-1.173714,-0.3268142,-0.03931214,-0.9442711,-0.3012657,-0.5114079,0.6434441,0.2282048
1731427002269,-39.79813,1.535392,-0.9714966,-0.04308165,-0.03950616,-0.9982908,0,0,0,-39.74795,1.178518,-1.128986,0.2648659,-0.1921467,-0.9449478,0,0,0,-39.93542,1.244097,-1.173714,-0.3268142,-0.03931214,-0.9442711,0,0,0,0.2282048
1731427002287,-39.79907,1.535483,-0.9714546,-0.05540067,-0.03809945,-0.9977373,-0.07038116,0.006875396,0.003147125,-39.74982,1.177932,-1.128635,0.2528209,-0.1937129,-0.9479228,-0.1404762,-0.04395247,0.02632141,-39.93621,1.240678,-1.168186,-0.3397846,-0.03656461,-0.9397925,-0.05865097,-0.2564102,0.4145622,0.2282048
1731427002315,-39.80072,1.535789,-0.9714851,-0.08053453,-0.03633842,-0.9960893,-0.1241684,0.02293289,-0.002288818,-39.75333,1.176826,-1.128986,0.2346192,-0.1976971,-0.9517723,-0.2635002,-0.08297861,-0.02632141,-39.93769,1.234385,-1.159397,-0.3550418,-0.02416915,-0.9345384,-0.1115799,-0.4719704,0.6591797,0.2282048
1731427002343,-39.80273,1.535538,-0.9718475,-0.1058975,-0.03494621,-0.993763,-0.1502037,-0.01884699,-0.02717972,-39.75915,1.17601,-1.127922,0.2064707,-0.1966486,-0.9584885,-0.436306,-0.06117225,0.07982254,-39.9392,1.228346,-1.1492,-0.3598235,0.01495773,-0.932901,-0.1130104,-0.452891,0.7647514,0.2282048
1731427002348,-39.80273,1.535538,-0.9718475,-0.1058975,-0.03494621,-0.993763,0,0,0,-39.75915,1.17601,-1.127922,0.2064707,-0.1966486,-0.9584885,0,0,0,-39.9392,1.228346,-1.1492,-0.3598235,0.01495773,-0.932901,0,0,0,0.2282048
1731427002352,-39.80273,1.535538,-0.9718475,-0.1058975,-0.03494621,-0.993763,0,0,0,-39.75915,1.17601,-1.127922,0.2064707,-0.1966486,-0.9584885,0,0,0,-39.9392,1.228346,-1.1492,-0.3598235,0.01495773,-0.932901,0,0,0,0.2282048
1731427002371,-39.80397,1.535441,-0.9715157,-0.1364568,-0.03833476,-0.9899045,-0.09298325,-0.007295609,0.0248909,-39.76472,1.175885,-1.127735,0.1597012,-0.1854434,-0.969591,-0.4177094,-0.009432435,0.01401901,-39.94232,1.222334,-1.140308,-0.3792706,0.0240823,-0.924973,-0.2340317,-0.4509509,0.6669044,0.2282048
1731427002375,-39.80397,1.535441,-0.9715157,-0.1364568,-0.03833476,-0.9899045,0,0,0,-39.76472,1.175885,-1.127735,0.1597012,-0.1854434,-0.969591,0,0,0,-39.94232,1.222334,-1.140308,-0.3792706,0.0240823,-0.924973,0,0,0,0.2282048
1731427002398,-39.80613,1.535041,-0.9714127,-0.1683794,-0.04092429,-0.9848727,-0.16222,-0.02996922,0.007724762,-39.76946,1.176852,-1.127754,0.1241665,-0.1732406,-0.9770217,-0.3553391,0.07257164,-0.001430511,-39.94629,1.216942,-1.132576,-0.4061969,0.008517928,-0.9137462,-0.2975464,-0.4044056,0.5799294,0.2282048
1731427002402,-39.80613,1.535041,-0.9714127,-0.1683794,-0.04092429,-0.9848727,0,0,0,-39.76946,1.176852,-1.127754,0.1241665,-0.1732406,-0.9770217,0,0,0,-39.94629,1.216942,-1.132576,-0.4061969,0.008517928,-0.9137462,0,0,0,0.2282048
1731427002426,-39.80765,1.534678,-0.971096,-0.2009465,-0.04279857,-0.9786674,-0.1141548,-0.0271976,0.02374649,-39.77354,1.177915,-1.128288,0.09045666,-0.1643456,-0.9822468,-0.3061295,0.07970631,-0.04005432,-39.95069,1.212845,-1.126488,-0.4327147,-0.02368184,-0.9012204,-0.3298759,-0.307256,0.4566193,0.2282048
1731427002431,-39.80765,1.534678,-0.971096,-0.2009465,-0.04279857,-0.9786674,0,0,0,-39.77354,1.177915,-1.128288,0.09045666,-0.1643456,-0.9822468,0,0,0,-39.95069,1.212845,-1.126488,-0.4327147,-0.02368184,-0.9012204,0,0,0,0.2282048
1731427002454,-39.80955,1.533808,-0.9715614,-0.2352404,-0.04735363,-0.970783,-0.1421928,-0.06526709,-0.03490448,-39.77765,1.179305,-1.130417,0.06910069,-0.157917,-0.9850322,-0.3084183,0.1042396,-0.1596451,-39.95439,1.210543,-1.120651,-0.4821098,-0.05139448,-0.8746026,-0.2775192,-0.172618,0.4377365,0.2282048
1731427002458,-39.80955,1.533808,-0.9715614,-0.2352404,-0.04735363,-0.970783,0,0,0,-39.77765,1.179305,-1.130417,0.06910069,-0.157917,-0.9850322,0,0,0,-39.95439,1.210543,-1.120651,-0.4821098,-0.05139448,-0.8746026,0,0,0,0.2282048
1731427002482,-39.81063,1.533164,-0.9713402,-0.2705471,-0.05202372,-0.9613005,-0.08096695,-0.04834235,0.01659393,-39.78363,1.180306,-1.131847,0.0420689,-0.1526249,-0.9873888,-0.4480362,0.07509291,-0.1072884,-39.95808,1.209388,-1.114193,-0.5006879,-0.06290777,-0.8633397,-0.2772331,-0.08660853,0.4843712,0.2282048
1731427002487,-39.81063,1.533164,-0.9713402,-0.2705471,-0.05202372,-0.9613005,0,0,0,-39.78363,1.180306,-1.131847,0.0420689,-0.1526249,-0.9873888,0,0,0,-39.95808,1.209388,-1.114193,-0.5006879,-0.06290777,-0.8633397,0,0,0,0.2282048
1731427002509,-39.81118,1.53308,-0.9707222,-0.3024944,-0.05433053,-0.951602,-0.04119873,-0.006231666,0.04634857,-39.78987,1.181491,-1.134033,0.01786719,-0.1496993,-0.9885705,-0.4683495,0.0888437,-0.1639366,-39.96144,1.208418,-1.109619,-0.4959328,-0.08220598,-0.8644615,-0.2514839,-0.07281303,0.3430367,0.2282048
1731427002514,-39.81118,1.53308,-0.9707222,-0.3024944,-0.05433053,-0.951602,0,0,0,-39.78987,1.181491,-1.134033,0.01786719,-0.1496993,-0.9885705,0,0,0,-39.96144,1.208418,-1.109619,-0.4959328,-0.08220598,-0.8644615,0,0,0,0.2282048
1731427002537,-39.81128,1.532942,-0.9712296,-0.3326405,-0.05581887,-0.9414008,-0.008010864,-0.01037121,-0.03805161,-39.79631,1.182948,-1.136051,-0.01314222,-0.1392741,-0.9901674,-0.4832268,0.1092911,-0.1513481,-39.96538,1.206769,-1.106052,-0.5123009,-0.09737267,-0.8532684,-0.2958298,-0.1236767,0.2675056,0.2282048
1731427002542,-39.81128,1.532942,-0.9712296,-0.3326405,-0.05581887,-0.9414008,0,0,0,-39.79631,1.182948,-1.136051,-0.01314222,-0.1392741,-0.9901674,0,0,0,-39.96538,1.206769,-1.106052,-0.5123009,-0.09737267,-0.8532684,0,0,0,0.2282048
1731427002565,-39.81124,1.533058,-0.9705811,-0.360908,-0.05652935,-0.9308872,0.003433228,0.008699298,0.04863739,-39.80379,1.184587,-1.137985,-0.04216225,-0.1316347,-0.9904017,-0.5610466,0.1229167,-0.1450539,-39.96899,1.206406,-1.101788,-0.5606619,-0.07939281,-0.8242303,-0.2703667,-0.02717078,0.3198624,0.2282048
1731427002570,-39.81124,1.533058,-0.9705811,-0.360908,-0.05652935,-0.9308872,0,0,0,-39.80379,1.184587,-1.137985,-0.04216225,-0.1316347,-0.9904017,0,0,0,-39.96899,1.206406,-1.101788,-0.5606619,-0.07939281,-0.8242303,0,0,0,0.2282048
1731427002593,-39.81114,1.533025,-0.9695816,-0.3864056,-0.05538504,-0.9206649,0.00743866,-0.002458692,0.0749588,-39.81106,1.186472,-1.139462,-0.06915921,-0.1226829,-0.9900334,-0.5447388,0.1413703,-0.1107216,-39.97281,1.205507,-1.097923,-0.5879354,-0.07711821,-0.8052236,-0.2866745,-0.06748438,0.2898216,0.2282048
1731427002597,-39.81114,1.533025,-0.9695816,-0.3864056,-0.05538504,-0.9206649,0,0,0,-39.81106,1.186472,-1.139462,-0.06915921,-0.1226829,-0.9900334,0,0,0,-39.97281,1.205507,-1.097923,-0.5879354,-0.07711821,-0.8052236,0,0,0,0.2282048
1731427002601,-39.81114,1.533025,-0.9695816,-0.3864056,-0.05538504,-0.9206649,0,0,0,-39.81106,1.186472,-1.139462,-0.06915921,-0.1226829,-0.9900334,0,0,0,-39.97281,1.205507,-1.097923,-0.5879354,-0.07711821,-0.8052236,0,0,0,0.2282048
1731427002621,-39.81313,1.532465,-0.9700623,-0.4102577,-0.05657928,-0.9102134,-0.1496315,-0.04199445,-0.03604889,-39.81689,1.188047,-1.140823,-0.09882461,-0.1069509,-0.9893409,-0.4377365,0.1181513,-0.1021385,-39.9766,1.20327,-1.094769,-0.5957947,-0.1066996,-0.796018,-0.2846718,-0.1677275,0.2366066,0.2282048
1731427002625,-39.81313,1.532465,-0.9700623,-0.4102577,-0.05657928,-0.9102134,0,0,0,-39.81689,1.188047,-1.140823,-0.09882461,-0.1069509,-0.9893409,0,0,0,-39.9766,1.20327,-1.094769,-0.5957947,-0.1066996,-0.796018,0,0,0,0.2282048
1731427002649,-39.814,1.53206,-0.969635,-0.4333543,-0.0557689,-0.899497,-0.06494522,-0.03040731,0.03204346,-39.82377,1.188517,-1.141659,-0.1181756,-0.08856837,-0.9890355,-0.5155563,0.03523529,-0.0626564,-39.98063,1.199997,-1.091358,-0.6064119,-0.1417092,-0.7824219,-0.3015518,-0.2454579,0.2557755,0.2282048
1731427002653,-39.814,1.53206,-0.969635,-0.4333543,-0.0557689,-0.899497,0,0,0,-39.82377,1.188517,-1.141659,-0.1181756,-0.08856837,-0.9890355,0,0,0,-39.98063,1.199997,-1.091358,-0.6064119,-0.1417092,-0.7824219,0,0,0,0.2282048
1731427002676,-39.81335,1.531867,-0.9682121,-0.4548237,-0.05597181,-0.8888215,0.04863739,-0.01448393,0.1067162,-39.83136,1.187647,-1.143127,-0.1272092,-0.08159737,-0.9885142,-0.5690575,-0.06526709,-0.1101494,-39.98536,1.1972,-1.087128,-0.6428581,-0.1405714,-0.752977,-0.3550529,-0.2097845,0.3172874,0.2282048
1731427002681,-39.81335,1.531867,-0.9682121,-0.4548237,-0.05597181,-0.8888215,0,0,0,-39.83136,1.187647,-1.143127,-0.1272092,-0.08159737,-0.9885142,0,0,0,-39.98536,1.1972,-1.087128,-0.6428581,-0.1405714,-0.752977,0,0,0,0.2282048
1731427002704,-39.81278,1.531912,-0.9668159,-0.475332,-0.05281733,-0.87822,0.04262924,0.003361702,0.1047134,-39.83755,1.186734,-1.143654,-0.144798,-0.09154742,-0.9852177,-0.4649162,-0.06844997,-0.03948212,-39.98846,1.194008,-1.083439,-0.6749066,-0.1284562,-0.7266366,-0.2326012,-0.2394497,0.2766609,0.2282048
1731427002708,-39.81278,1.531912,-0.9668159,-0.475332,-0.05281733,-0.87822,0,0,0,-39.83755,1.186734,-1.143654,-0.144798,-0.09154742,-0.9852177,0,0,0,-39.98846,1.194008,-1.083439,-0.6749066,-0.1284562,-0.7266366,0,0,0,0.2282048
1731427002732,-39.8144,1.532087,-0.966507,-0.496289,-0.05080633,-0.8666699,-0.1210213,0.01312494,0.02317429,-39.84285,1.18531,-1.142429,-0.1626428,-0.09455121,-0.9821447,-0.39711,-0.1067698,0.09183884,-39.99105,1.189667,-1.079983,-0.6850139,-0.1471822,-0.7135087,-0.1942635,-0.3255844,0.2592087,0.2282048
1731427002736,-39.8144,1.532087,-0.966507,-0.496289,-0.05080633,-0.8666699,0,0,0,-39.84285,1.18531,-1.142429,-0.1626428,-0.09455121,-0.9821447,0,0,0,-39.99105,1.189667,-1.079983,-0.6850139,-0.1471822,-0.7135087,0,0,0,0.2282048
1731427002759,-39.81486,1.532171,-0.9654121,-0.5155336,-0.04613616,-0.8556268,-0.03490448,0.006312132,0.08211136,-39.84737,1.183079,-1.140812,-0.180877,-0.1023416,-0.9781667,-0.3393173,-0.1673162,0.1213074,-39.99321,1.185794,-1.076385,-0.6910228,-0.1828229,-0.6993315,-0.1616478,-0.2904296,0.2697945,0.2282048
1731427002764,-39.81486,1.532171,-0.9654121,-0.5155336,-0.04613616,-0.8556268,0,0,0,-39.84737,1.183079,-1.140812,-0.180877,-0.1023416,-0.9781667,0,0,0,-39.99321,1.185794,-1.076385,-0.6910228,-0.1828229,-0.6993315,0,0,0,0.2282048
1731427002787,-39.8155,1.532209,-0.9652061,-0.5307238,-0.04095726,-0.846555,-0.04806519,0.00282526,0.01544952,-39.85243,1.180745,-1.138992,-0.1960257,-0.1227887,-0.9728811,-0.3790855,-0.1750946,0.1364708,-39.99485,1.184348,-1.072136,-0.7135206,-0.1744878,-0.6785592,-0.123024,-0.1084954,0.318718,0.2282048
1731427002792,-39.8155,1.532209,-0.9652061,-0.5307238,-0.04095726,-0.846555,0,0,0,-39.85243,1.180745,-1.138992,-0.1960257,-0.1227887,-0.9728811,0,0,0,-39.99485,1.184348,-1.072136,-0.7135206,-0.1744878,-0.6785592,0,0,0,0.2282048
1731427002815,-39.81565,1.532136,-0.9644775,-0.545804,-0.03757446,-0.8370707,-0.01087189,-0.005418062,0.05464554,-39.85702,1.179143,-1.137371,-0.2125013,-0.1333557,-0.9680185,-0.3441811,-0.120163,0.1215935,-39.99703,1.182433,-1.068504,-0.7260662,-0.1747835,-0.6650405,-0.1639366,-0.1436055,0.2723694,0.2282048
1731427002821,-39.81565,1.532136,-0.9644775,-0.545804,-0.03757446,-0.8370707,0,0,0,-39.85702,1.179143,-1.137371,-0.2125013,-0.1333557,-0.9680185,0,0,0,-39.99703,1.182433,-1.068504,-0.7260662,-0.1747835,-0.6650405,0,0,0,0.2282048
1731427002843,-39.81511,1.532411,-0.9628143,-0.5593735,-0.03571434,-0.8281461,0.04034042,0.02059937,0.1247406,-39.86057,1.178763,-1.13588,-0.2236484,-0.1280423,-0.9662231,-0.2666473,-0.0284493,0.111866,-39.99935,1.18108,-1.06601,-0.7190492,-0.1977022,-0.6662458,-0.1739502,-0.101468,0.1871109,0.2282048
1731427002848,-39.81511,1.532411,-0.9628143,-0.5593735,-0.03571434,-0.8281461,0,0,0,-39.86057,1.178763,-1.13588,-0.2236484,-0.1280423,-0.9662231,0,0,0,-39.99935,1.18108,-1.06601,-0.7190492,-0.1977022,-0.6662458,0,0,0,0.2282048
1731427002871,-39.81657,1.532412,-0.9630661,-0.572707,-0.03348568,-0.8190764,-0.1095772,8.940697E-05,-0.01888275,-39.86387,1.178507,-1.135601,-0.2443281,-0.1325482,-0.9605912,-0.2471924,-0.01923144,0.02088547,-40.00209,1.180076,-1.063419,-0.7243044,-0.2120028,-0.6560783,-0.2054214,-0.07530749,0.1942635,0.2282048
1731427002876,-39.81657,1.532412,-0.9630661,-0.572707,-0.03348568,-0.8190764,0,0,0,-39.86387,1.178507,-1.135601,-0.2443281,-0.1325482,-0.9605912,0,0,0,-40.00209,1.180076,-1.063419,-0.7243044,-0.2120028,-0.6560783,0,0,0,0.2282048
1731427002879,-39.81657,1.532412,-0.9630661,-0.572707,-0.03348568,-0.8190764,0,0,0,-39.86387,1.178507,-1.135601,-0.2443281,-0.1325482,-0.9605912,0,0,0,-40.00209,1.180076,-1.063419,-0.7243044,-0.2120028,-0.6560783,0,0,0,0.2282048
1731427002898,-39.81612,1.533016,-0.9617653,-0.5855532,-0.03011649,-0.8100749,0.03404617,0.04527569,0.09756088,-39.86756,1.179552,-1.135368,-0.2564482,-0.1332835,-0.9573247,-0.276947,0.07836521,0.01745224,-40.00515,1.179349,-1.060375,-0.7322375,-0.2227645,-0.6435875,-0.229454,-0.05452931,0.2283096,0.2282048
1731427002903,-39.81612,1.533016,-0.9617653,-0.5855532,-0.03011649,-0.8100749,0,0,0,-39.86756,1.179552,-1.135368,-0.2564482,-0.1332835,-0.9573247,0,0,0,-40.00515,1.179349,-1.060375,-0.7322375,-0.2227645,-0.6435875,0,0,0,0.2282048
1731427002926,-39.81601,1.533618,-0.9606133,-0.5966437,-0.02533125,-0.802107,0.007724762,0.04515052,0.08640289,-39.87056,1.181089,-1.13533,-0.2676554,-0.1259057,-0.9552531,-0.2245903,0.1152813,0.002861023,-40.00677,1.179401,-1.057869,-0.7422757,-0.2114331,-0.6358644,-0.1218796,0.003933907,0.1879692,0.2282048
1731427002930,-39.81601,1.533618,-0.9606133,-0.5966437,-0.02533125,-0.802107,0,0,0,-39.87056,1.181089,-1.13533,-0.2676554,-0.1259057,-0.9552531,0,0,0,-40.00677,1.179401,-1.057869,-0.7422757,-0.2114331,-0.6358644,0,0,0,0.2282048
1731427002954,-39.81586,1.53397,-0.9594879,-0.6065606,-0.02217162,-0.7947284,0.01173019,0.0264287,0.08440018,-39.87262,1.183088,-1.136166,-0.2805329,-0.1143086,-0.9530138,-0.1544952,0.1499444,-0.0626564,-40.00846,1.179875,-1.057217,-0.7440636,-0.2057113,-0.6356515,-0.1267433,0.03550351,0.04892349,0.2282048
1731427002958,-39.81586,1.53397,-0.9594879,-0.6065606,-0.02217162,-0.7947284,0,0,0,-39.87262,1.183088,-1.136166,-0.2805329,-0.1143086,-0.9530138,0,0,0,-40.00846,1.179875,-1.057217,-0.7440636,-0.2057113,-0.6356515,0,0,0,0.2282048
1731427002982,-39.81562,1.53421,-0.9587021,-0.6151866,-0.01971282,-0.7881351,0.01802444,0.01800656,0.05893707,-39.87484,1.184698,-1.136734,-0.2917158,-0.105619,-0.9506559,-0.1670837,0.1206994,-0.04262924,-40.01006,1.179605,-1.056137,-0.7481837,-0.2094505,-0.6295651,-0.1193047,-0.02019703,0.08096695,0.2282048
1731427002987,-39.81562,1.53421,-0.9587021,-0.6151866,-0.01971282,-0.7881351,0,0,0,-39.87484,1.184698,-1.136734,-0.2917158,-0.105619,-0.9506559,0,0,0,-40.01006,1.179605,-1.056137,-0.7481837,-0.2094505,-0.6295651,0,0,0,0.2282048
1731427003009,-39.81552,1.534708,-0.9584236,-0.6189311,-0.0163477,-0.7852758,0.00743866,0.03736317,0.02088547,-39.87399,1.185611,-1.137142,-0.2912367,-0.1063938,-0.9507167,0.06437302,0.06851256,-0.03061295,-40.00804,1.178696,-1.055523,-0.7514287,-0.2108394,-0.6252218,0.151062,-0.06817281,0.04606247,0.2282048
1731427003014,-39.81552,1.534708,-0.9584236,-0.6189311,-0.0163477,-0.7852758,0,0,0,-39.87399,1.185611,-1.137142,-0.2912367,-0.1063938,-0.9507167,0,0,0,-40.00804,1.178696,-1.055523,-0.7514287,-0.2108394,-0.6252218,0,0,0,0.2282048
1731427003037,-39.81483,1.535077,-0.9577713,-0.6219496,-0.012688,-0.7829548,0.05121231,0.02765357,0.04892349,-39.87484,1.186197,-1.137848,-0.2958163,-0.1044159,-0.9495217,-0.06408691,0.04393458,-0.05292892,-40.00714,1.177628,-1.055347,-0.7505559,-0.2069761,-0.6275568,0.06752014,-0.08014441,0.01316071,0.2282048
1731427003041,-39.81483,1.535077,-0.9577713,-0.6219496,-0.012688,-0.7829548,0,0,0,-39.87484,1.186197,-1.137848,-0.2958163,-0.1044159,-0.9495217,0,0,0,-40.00714,1.177628,-1.055347,-0.7505559,-0.2069761,-0.6275568,0,0,0,0.2282048
1731427003063,-39.81464,1.535309,-0.9580498,-0.6219395,-0.01028677,-0.7829984,0.01459122,0.0173986,-0.02088547,-39.87427,1.186343,-1.138233,-0.2956296,-0.1048639,-0.9495302,0.04262924,0.01096129,-0.02889633,-40.00386,1.175573,-1.05658,-0.7373149,-0.2087553,-0.6424862,0.246048,-0.1540929,-0.09241104,0.2282048
1731427003068,-39.81464,1.535309,-0.9580498,-0.6219395,-0.01028677,-0.7829984,0,0,0,-39.87427,1.186343,-1.138233,-0.2956296,-0.1048639,-0.9495302,0,0,0,-40.00386,1.175573,-1.05658,-0.7373149,-0.2087553,-0.6424862,0,0,0,0.2282048
1731427003090,-39.81429,1.535698,-0.9582329,-0.6194557,-0.008524043,-0.7849858,0.02632141,0.02916455,-0.01373291,-39.87247,1.186168,-1.137505,-0.2908895,-0.105495,-0.9509233,0.1350403,-0.01314282,0.05464554,-40.00116,1.173188,-1.057369,-0.717227,-0.2301578,-0.6577336,0.2028465,-0.1789033,-0.05922318,0.2282048
1731427003095,-39.81429,1.535698,-0.9582329,-0.6194557,-0.008524043,-0.7849858,0,0,0,-39.87247,1.186168,-1.137505,-0.2908895,-0.105495,-0.9509233,0,0,0,-40.00116,1.173188,-1.057369,-0.717227,-0.2301578,-0.6577336,0,0,0,0.2282048
1731427003119,-39.81396,1.535747,-0.9587555,-0.6148451,-0.007217649,-0.7886156,0.0243187,0.003665686,-0.03919601,-39.87265,1.185631,-1.137894,-0.288153,-0.1087075,-0.9513944,-0.01344681,-0.04028678,-0.02918243,-39.99995,1.170203,-1.059761,-0.70951,-0.2543914,-0.6571771,0.09069443,-0.2238393,-0.1793861,0.2282048
1731427003123,-39.81396,1.535747,-0.9587555,-0.6148451,-0.007217649,-0.7886156,0,0,0,-39.87265,1.185631,-1.137894,-0.288153,-0.1087075,-0.9513944,0,0,0,-39.99995,1.170203,-1.059761,-0.70951,-0.2543914,-0.6571771,0,0,0,0.2282048
1731427003148,-39.81352,1.5355,-0.9592819,-0.6086386,-0.008392792,-0.7934034,0.03347397,-0.018543,-0.03948212,-39.87078,1.184862,-1.137184,-0.2870236,-0.1127767,-0.9512618,0.139904,-0.05762279,0.05321503,-39.99658,1.168907,-1.061188,-0.7149577,-0.2588199,-0.6494986,0.2526283,-0.09722114,-0.1070023,0.2282048
1731427003153,-39.81352,1.5355,-0.9592819,-0.6086386,-0.008392792,-0.7934034,0,0,0,-39.87078,1.184862,-1.137184,-0.2870236,-0.1127767,-0.9512618,0,0,0,-39.99658,1.168907,-1.061188,-0.7149577,-0.2588199,-0.6494986,0,0,0,0.2282048
1731427003176,-39.81299,1.535503,-0.9593468,-0.6015591,-0.009999702,-0.7987664,0.03948212,0.0002235174,-0.004863739,-39.86985,1.182486,-1.136681,-0.2846539,-0.1187723,-0.9512447,0.07009506,-0.178197,0.0377655,-39.9939,1.167681,-1.06353,-0.7133448,-0.2566434,-0.6521299,0.2008438,-0.09194613,-0.1756668,0.2282048
1731427003180,-39.81299,1.535503,-0.9593468,-0.6015591,-0.009999702,-0.7987664,0,0,0,-39.86985,1.182486,-1.136681,-0.2846539,-0.1187723,-0.9512447,0,0,0,-39.9939,1.167681,-1.06353,-0.7133448,-0.2566434,-0.6521299,0,0,0,0.2282048
1731427003204,-39.81295,1.535176,-0.9605179,-0.5937575,-0.01265079,-0.804545,0.003433228,-0.02447069,-0.0878334,-39.86783,1.180545,-1.136181,-0.2768019,-0.1253894,-0.9527112,0.1516342,-0.1455724,0.0374794,-39.9902,1.16716,-1.065708,-0.7020728,-0.2579533,-0.6637431,0.2778053,-0.03910661,-0.1633644,0.2282048
1731427003210,-39.81295,1.535176,-0.9605179,-0.5937575,-0.01265079,-0.804545,0,0,0,-39.86783,1.180545,-1.136181,-0.2768019,-0.1253894,-0.9527112,0,0,0,-39.9902,1.16716,-1.065708,-0.7020728,-0.2579533,-0.6637431,0,0,0,0.2282048
1731427003232,-39.81274,1.534958,-0.9608116,-0.5865778,-0.01528915,-0.8097489,0.01544952,-0.01635253,-0.02202988,-39.86623,1.178522,-1.135666,-0.2686326,-0.1352888,-0.9536947,0.120163,-0.1517415,0.03862381,-39.98835,1.166753,-1.067646,-0.6822128,-0.2647108,-0.6815526,0.1381874,-0.03046989,-0.14534,0.2282048
1731427003236,-39.81274,1.534958,-0.9608116,-0.5865778,-0.01528915,-0.8097489,0,0,0,-39.86623,1.178522,-1.135666,-0.2686326,-0.1352888,-0.9536947,0,0,0,-39.98835,1.166753,-1.067646,-0.6822128,-0.2647108,-0.6815526,0,0,0,0.2282048
1731427003240,-39.81274,1.534958,-0.9608116,-0.5865778,-0.01528915,-0.8097489,0,0,0,-39.86623,1.178522,-1.135666,-0.2686326,-0.1352888,-0.9536947,0,0,0,-39.98835,1.166753,-1.067646,-0.6822128,-0.2647108,-0.6815526,0,0,0,0.2282048
1731427003259,-39.81322,1.534744,-0.9598083,-0.5824116,-0.01765392,-0.8127025,-0.03604889,-0.01611114,0.0752449,-39.86566,1.176911,-1.134857,-0.2657342,-0.1455944,-0.9529895,0.04262924,-0.1208335,0.06065369,-39.9882,1.167147,-1.069706,-0.6822358,-0.2904988,-0.6709434,0.01173019,0.02955794,-0.1544952,0.2282048
1731427003264,-39.81322,1.534744,-0.9598083,-0.5824116,-0.01765392,-0.8127025,0,0,0,-39.86566,1.176911,-1.134857,-0.2657342,-0.1455944,-0.9529895,0,0,0,-39.9882,1.167147,-1.069706,-0.6822358,-0.2904988,-0.6709434,0,0,0,0.2282048
1731427003287,-39.81358,1.53496,-0.9593735,-0.5793964,-0.0183705,-0.8148392,-0.02689362,0.01626313,0.03261566,-39.86531,1.175866,-1.133888,-0.2674587,-0.1504588,-0.9517502,0.02574921,-0.07838309,0.07266998,-39.98716,1.168418,-1.071571,-0.6889114,-0.2854106,-0.6662899,0.07781982,0.095281,-0.139904,0.2282048
1731427003292,-39.81358,1.53496,-0.9593735,-0.5793964,-0.0183705,-0.8148392,0,0,0,-39.86531,1.175866,-1.133888,-0.2674587,-0.1504588,-0.9517502,0,0,0,-39.98716,1.168418,-1.071571,-0.6889114,-0.2854106,-0.6662899,0,0,0,0.2282048
1731427003314,-39.81473,1.535461,-0.9583931,-0.5796121,-0.01788509,-0.8146969,-0.08611679,0.03756881,0.07352829,-39.86496,1.176305,-1.132851,-0.272241,-0.1488273,-0.9506501,0.02660751,0.03295541,0.07781982,-39.98761,1.170187,-1.072769,-0.6909212,-0.2713203,-0.670085,-0.03404617,0.1326531,-0.08983612,0.2282048
1731427003318,-39.81473,1.535461,-0.9583931,-0.5796121,-0.01788509,-0.8146969,0,0,0,-39.86496,1.176305,-1.132851,-0.272241,-0.1488273,-0.9506501,0,0,0,-39.98761,1.170187,-1.072769,-0.6909212,-0.2713203,-0.670085,0,0,0,0.2282048
1731427003342,-39.81581,1.535681,-0.9576073,-0.5816209,-0.01654955,-0.8132921,-0.08153915,0.0164777,0.05893707,-39.86454,1.177444,-1.131271,-0.2737036,-0.1463383,-0.9506168,0.03175735,0.08536577,0.1184464,-39.98824,1.171928,-1.072765,-0.6830692,-0.2716656,-0.6779491,-0.04663467,0.1306415,0.0002861023,0.2282048
1731427003347,-39.81581,1.535681,-0.9576073,-0.5816209,-0.01654955,-0.8132921,0,0,0,-39.86454,1.177444,-1.131271,-0.2737036,-0.1463383,-0.9506168,0,0,0,-39.98824,1.171928,-1.072765,-0.6830692,-0.2716656,-0.6779491,0,0,0,0.2282048
1731427003370,-39.81704,1.535837,-0.9568329,-0.5856087,-0.01454022,-0.810464,-0.09183884,0.01170337,0.05807877,-39.86435,1.178387,-1.129951,-0.2777944,-0.1406859,-0.9502834,0.01430511,0.07075667,0.09899139,-39.98964,1.173922,-1.072674,-0.6820976,-0.2785317,-0.6761388,-0.1049995,0.1495063,0.006866455,0.2282048
1731427003374,-39.81704,1.535837,-0.9568329,-0.5856087,-0.01454022,-0.810464,0,0,0,-39.86435,1.178387,-1.129951,-0.2777944,-0.1406859,-0.9502834,0,0,0,-39.98964,1.173922,-1.072674,-0.6820976,-0.2785317,-0.6761388,0,0,0,0.2282048
1731427003398,-39.81859,1.535662,-0.9563675,-0.5905322,-0.01454078,-0.8068838,-0.1161575,-0.01314282,0.03490448,-39.86475,1.17888,-1.129341,-0.27995,-0.1376032,-0.9501021,-0.03032684,0.03697872,0.04577637,-39.99087,1.176058,-1.071743,-0.6887362,-0.2700693,-0.6728342,-0.09241104,0.1601905,0.06980896,0.2282048
1731427003402,-39.81859,1.535662,-0.9563675,-0.5905322,-0.01454078,-0.8068838,0,0,0,-39.86475,1.17888,-1.129341,-0.27995,-0.1376032,-0.9501021,0,0,0,-39.99087,1.176058,-1.071743,-0.6887362,-0.2700693,-0.6728342,0,0,0,0.2282048
1731427003426,-39.81979,1.535542,-0.9556541,-0.5962324,-0.01481985,-0.8026754,-0.08983612,-0.009012222,0.05350113,-39.86498,1.179392,-1.128712,-0.2816021,-0.1371347,-0.9496818,-0.01745224,0.03842711,0.04720688,-39.99214,1.177827,-1.070286,-0.692094,-0.2553689,-0.6751246,-0.09527206,0.1327068,0.1092911,0.2282048
1731427003430,-39.81979,1.535542,-0.9556541,-0.5962324,-0.01481985,-0.8026754,0,0,0,-39.86498,1.179392,-1.128712,-0.2816021,-0.1371347,-0.9496818,0,0,0,-39.99214,1.177827,-1.070286,-0.692094,-0.2553689,-0.6751246,0,0,0,0.2282048
1731427003454,-39.82121,1.535474,-0.9547081,-0.6021836,-0.0142275,-0.7982316,-0.1067162,-0.005060434,0.07095337,-39.86569,1.179461,-1.128342,-0.2864449,-0.1331275,-0.9488033,-0.05321503,0.00513196,0.02775192,-39.99402,1.178468,-1.069149,-0.6989881,-0.2546775,-0.6682482,-0.1413345,0.04810095,0.08525848,0.2282048
1731427003458,-39.82121,1.535474,-0.9547081,-0.6021836,-0.0142275,-0.7982316,0,0,0,-39.86569,1.179461,-1.128342,-0.2864449,-0.1331275,-0.9488033,0,0,0,-39.99402,1.178468,-1.069149,-0.6989881,-0.2546775,-0.6682482,0,0,0,0.2282048
1731427003482,-39.82269,1.535188,-0.9535103,-0.6096565,-0.01381143,-0.7925459,-0.1107216,-0.02146661,0.08983612,-39.86679,1.179816,-1.128025,-0.2854457,-0.1347312,-0.9488776,-0.08211136,0.02663434,0.02374649,-39.99546,1.179343,-1.067661,-0.7111669,-0.25214,-0.6562529,-0.1075745,0.06558001,0.1115799,0.2282048
1731427003486,-39.82269,1.535188,-0.9535103,-0.6096565,-0.01381143,-0.7925459,0,0,0,-39.86679,1.179816,-1.128025,-0.2854457,-0.1347312,-0.9488776,0,0,0,-39.99546,1.179343,-1.067661,-0.7111669,-0.25214,-0.6562529,0,0,0,0.2282048
1731427003509,-39.82405,1.535059,-0.9526863,-0.6170489,-0.0138923,-0.7868023,-0.1021385,-0.009682775,0.0617981,-39.86867,1.179642,-1.127453,-0.2875815,-0.1359161,-0.9480633,-0.1413345,-0.01300871,0.04291534,-39.99614,1.179217,-1.065826,-0.7172674,-0.2470897,-0.6515174,-0.05149841,-0.009459257,0.1376152,0.2282048
1731427003514,-39.82405,1.535059,-0.9526863,-0.6170489,-0.0138923,-0.7868023,0,0,0,-39.86867,1.179642,-1.127453,-0.2875815,-0.1359161,-0.9480633,0,0,0,-39.99614,1.179217,-1.065826,-0.7172674,-0.2470897,-0.6515174,0,0,0,0.2282048
1731427003537,-39.82542,1.534788,-0.9514732,-0.6242011,-0.01258085,-0.7811627,-0.1029968,-0.02028644,0.09098053,-39.87067,1.180183,-1.125927,-0.2977968,-0.1340951,-0.9451647,-0.1499176,0.04053712,0.1144409,-39.99653,1.178946,-1.063839,-0.7147275,-0.2398763,-0.6569817,-0.02918243,-0.02034009,0.1490593,0.2282048
1731427003541,-39.82542,1.534788,-0.9514732,-0.6242011,-0.01258085,-0.7811627,0,0,0,-39.87067,1.180183,-1.125927,-0.2977968,-0.1340951,-0.9451647,0,0,0,-39.99653,1.178946,-1.063839,-0.7147275,-0.2398763,-0.6569817,0,0,0,0.2282048
1731427003565,-39.82654,1.534822,-0.9510498,-0.6305451,-0.01242359,-0.7760538,-0.08411407,0.002530217,0.03175735,-39.8723,1.18063,-1.124542,-0.3073993,-0.1305352,-0.9425852,-0.1218796,0.03356338,0.1038551,-39.99757,1.177972,-1.061974,-0.7112904,-0.2509778,-0.656565,-0.07810593,-0.07299185,0.139904,0.2282048
1731427003569,-39.82654,1.534822,-0.9510498,-0.6305451,-0.01242359,-0.7760538,0,0,0,-39.8723,1.18063,-1.124542,-0.3073993,-0.1305352,-0.9425852,0,0,0,-39.99757,1.177972,-1.061974,-0.7112904,-0.2509778,-0.656565,0,0,0,0.2282048
1731427003573,-39.82654,1.534822,-0.9510498,-0.6305451,-0.01242359,-0.7760538,0,0,0,-39.8723,1.18063,-1.124542,-0.3073993,-0.1305352,-0.9425852,0,0,0,-39.99757,1.177972,-1.061974,-0.7112904,-0.2509778,-0.656565,0,0,0,0.2282048
1731427003593,-39.82745,1.534684,-0.9508514,-0.6365815,-0.01049521,-0.7711387,-0.06809235,-0.01037121,0.01487732,-39.87411,1.180784,-1.123112,-0.3105287,-0.130679,-0.941539,-0.1361847,0.01155138,0.1072884,-39.99914,1.177274,-1.059803,-0.7104815,-0.2591737,-0.6542521,-0.1173019,-0.05235672,0.1627922,0.2282048
1731427003597,-39.82745,1.534684,-0.9508514,-0.6365815,-0.01049521,-0.7711387,0,0,0,-39.87411,1.180784,-1.123112,-0.3105287,-0.130679,-0.941539,0,0,0,-39.99914,1.177274,-1.059803,-0.7104815,-0.2591737,-0.6542521,0,0,0,0.2282048
1731427003621,-39.82823,1.534642,-0.9504776,-0.6416253,-0.00979232,-0.766956,-0.05865097,-0.003147125,0.02803802,-39.87595,1.181039,-1.121517,-0.3165903,-0.129475,-0.9396849,-0.1376152,0.01911521,0.1195908,-40.0013,1.176942,-1.057293,-0.717797,-0.255843,-0.6475435,-0.16222,-0.02492666,0.1882553,0.2282048
1731427003625,-39.82823,1.534642,-0.9504776,-0.6416253,-0.00979232,-0.766956,0,0,0,-39.87595,1.181039,-1.121517,-0.3165903,-0.129475,-0.9396849,0,0,0,-40.0013,1.176942,-1.057293,-0.717797,-0.255843,-0.6475435,0,0,0,0.2282048
1731427003648,-39.82875,1.534681,-0.9503326,-0.6465528,-0.008743098,-0.7628196,-0.03919601,0.002914667,0.01087189,-39.87744,1.18103,-1.120293,-0.3243696,-0.1271015,-0.9373525,-0.1121521,-0.0006705523,0.09183884,-40.00422,1.176269,-1.05537,-0.7323563,-0.2556351,-0.6311146,-0.2185822,-0.05047023,0.1441956,0.2282048
1731427003653,-39.82875,1.534681,-0.9503326,-0.6465528,-0.008743098,-0.7628196,0,0,0,-39.87744,1.18103,-1.120293,-0.3243696,-0.1271015,-0.9373525,0,0,0,-40.00422,1.176269,-1.05537,-0.7323563,-0.2556351,-0.6311146,0,0,0,0.2282048
1731427003676,-39.82898,1.534453,-0.950737,-0.6512663,-0.00727298,-0.7588149,-0.01716614,-0.01711249,-0.03032684,-39.87923,1.181517,-1.119476,-0.3289007,-0.1244941,-0.936123,-0.1338959,0.03652275,0.06122589,-40.00757,1.176331,-1.053188,-0.7435914,-0.258025,-0.6168433,-0.25177,0.004649162,0.1636505,0.2282048
1731427003681,-39.82898,1.534453,-0.950737,-0.6512663,-0.00727298,-0.7588149,0,0,0,-39.87923,1.181517,-1.119476,-0.3289007,-0.1244941,-0.936123,0,0,0,-40.00757,1.176331,-1.053188,-0.7435914,-0.258025,-0.6168433,0,0,0,0.2282048
1731427003704,-39.82944,1.534384,-0.95047,-0.6558838,-0.00732315,-0.7548271,-0.03433228,-0.005176663,0.02002716,-39.88114,1.181718,-1.118435,-0.3339968,-0.1241308,-0.9343652,-0.1433372,0.01507401,0.07810593,-40.01078,1.176459,-1.050674,-0.7533756,-0.2617518,-0.6032511,-0.2408981,0.009611249,0.1885414,0.2282048
1731427003708,-39.82944,1.534384,-0.95047,-0.6558838,-0.00732315,-0.7548271,0,0,0,-39.88114,1.181718,-1.118435,-0.3339968,-0.1241308,-0.9343652,0,0,0,-40.01078,1.176459,-1.050674,-0.7533756,-0.2617518,-0.6032511,0,0,0,0.2282048
1731427003732,-39.8299,1.534037,-0.9506073,-0.6604479,-0.007123003,-0.7508388,-0.03404617,-0.02602637,-0.01029968,-39.88299,1.182143,-1.117867,-0.3421483,-0.1221955,-0.9316671,-0.1387596,0.03188252,0.04262924,-40.0133,1.177336,-1.048569,-0.7663221,-0.2515613,-0.5911582,-0.1885414,0.06580353,0.1579285,0.2282048
1731427003736,-39.8299,1.534037,-0.9506073,-0.6604479,-0.007123003,-0.7508388,0,0,0,-39.88299,1.182143,-1.117867,-0.3421483,-0.1221955,-0.9316671,0,0,0,-40.0133,1.177336,-1.048569,-0.7663221,-0.2515613,-0.5911582,0,0,0,0.2282048
1731427003760,-39.8303,1.533944,-0.9503975,-0.6652279,-0.007155842,-0.7466063,-0.03061295,-0.00692904,0.01573563,-39.88461,1.182509,-1.117569,-0.352565,-0.11846,-0.9282598,-0.1213074,0.02743006,0.02231598,-40.01563,1.177919,-1.04694,-0.7758281,-0.2452041,-0.5813487,-0.1748085,0.04372001,0.1221657,0.2282048
1731427003764,-39.8303,1.533944,-0.9503975,-0.6652279,-0.007155842,-0.7466063,0,0,0,-39.88461,1.182509,-1.117569,-0.352565,-0.11846,-0.9282598,0,0,0,-40.01563,1.177919,-1.04694,-0.7758281,-0.2452041,-0.5813487,0,0,0,0.2282048
1731427003787,-39.83053,1.533791,-0.9502716,-0.6697831,-0.007537886,-0.7425188,-0.01688004,-0.0114888,0.009441376,-39.88615,1.182773,-1.116508,-0.3574146,-0.1168544,-0.9266073,-0.1158714,0.01976788,0.07953644,-40.01766,1.177889,-1.044708,-0.7814324,-0.2498678,-0.5717779,-0.1524925,-0.00231564,0.1673698,0.2282048
1731427003791,-39.83053,1.533791,-0.9502716,-0.6697831,-0.007537886,-0.7425188,0,0,0,-39.88615,1.182773,-1.116508,-0.3574146,-0.1168544,-0.9266073,0,0,0,-40.01766,1.177889,-1.044708,-0.7814324,-0.2498678,-0.5717779,0,0,0,0.2282048
1731427003815,-39.83107,1.533348,-0.9503822,-0.6733994,-0.007995659,-0.7392358,-0.04034042,-0.03322363,-0.008296967,-39.88748,1.183622,-1.116375,-0.3634575,-0.113758,-0.9246397,-0.0995636,0.06372929,0.01001358,-40.01885,1.178481,-1.043434,-0.7855173,-0.2480471,-0.5669529,-0.08926392,0.04445314,0.09555817,0.2282048
1731427003820,-39.83107,1.533348,-0.9503822,-0.6733994,-0.007995659,-0.7392358,0,0,0,-39.88748,1.183622,-1.116375,-0.3634575,-0.113758,-0.9246397,0,0,0,-40.01885,1.178481,-1.043434,-0.7855173,-0.2480471,-0.5669529,0,0,0,0.2282048
1731427003843,-39.83171,1.532734,-0.9506264,-0.6761259,-0.008940229,-0.7367326,-0.04835129,-0.04606247,-0.01831055,-39.88812,1.184264,-1.116089,-0.37167,-0.1084856,-0.9220049,-0.04806519,0.04810989,0.02145767,-40.01952,1.17925,-1.041477,-0.7865735,-0.2369845,-0.5702114,-0.0497818,0.05767643,0.1467705,0.2282048
1731427003847,-39.83171,1.532734,-0.9506264,-0.6761259,-0.008940229,-0.7367326,0,0,0,-39.88812,1.184264,-1.116089,-0.37167,-0.1084856,-0.9220049,0,0,0,-40.01952,1.17925,-1.041477,-0.7865735,-0.2369845,-0.5702114,0,0,0,0.2282048
1731427003871,-39.83178,1.532406,-0.9508972,-0.677767,-0.01062861,-0.7352006,-0.005149841,-0.02459586,-0.02031326,-39.88911,1.1847,-1.116482,-0.3732243,-0.1043614,-0.9218529,-0.0746727,0.03266931,-0.02946854,-40.02004,1.179495,-1.040649,-0.7867098,-0.2318195,-0.5721437,-0.03948212,0.01833737,0.0620842,0.2282048
1731427003875,-39.83178,1.532406,-0.9508972,-0.677767,-0.01062861,-0.7352006,0,0,0,-39.88911,1.1847,-1.116482,-0.3732243,-0.1043614,-0.9218529,0,0,0,-40.02004,1.179495,-1.040649,-0.7867098,-0.2318195,-0.5721437,0,0,0,0.2282048
1731427003879,-39.83178,1.532406,-0.9508972,-0.677767,-0.01062861,-0.7352006,0,0,0,-39.88911,1.1847,-1.116482,-0.3732243,-0.1043614,-0.9218529,0,0,0,-40.02004,1.179495,-1.040649,-0.7867098,-0.2318195,-0.5721437,0,0,0,0.2282048
1731427003898,-39.83168,1.53197,-0.9514694,-0.6771293,-0.01376413,-0.735736,0.007724762,-0.03269613,-0.04291534,-39.88963,1.184886,-1.117168,-0.3684804,-0.1027253,-0.923943,-0.03833771,0.01396537,-0.05149841,-40.01978,1.179507,-1.040516,-0.783627,-0.231019,-0.5766797,0.02002716,0.0009387732,0.01001358,0.2282048
1731427003902,-39.83168,1.53197,-0.9514694,-0.6771293,-0.01376413,-0.735736,0,0,0,-39.88963,1.184886,-1.117168,-0.3684804,-0.1027253,-0.923943,0,0,0,-40.01978,1.179507,-1.040516,-0.783627,-0.231019,-0.5766797,0,0,0,0.2282048
1731427003926,-39.83198,1.53093,-0.9524498,-0.6749219,-0.01876747,-0.7376508,-0.02288818,-0.07798076,-0.07352829,-39.88998,1.18457,-1.117702,-0.3687695,-0.1049227,-0.9235806,-0.02689362,-0.02369285,-0.04005432,-40.01953,1.179076,-1.040501,-0.7804219,-0.2322913,-0.5805023,0.01831055,-0.03234744,0.001144409,0.2282048
1731427003931,-39.83198,1.53093,-0.9524498,-0.6749219,-0.01876747,-0.7376508,0,0,0,-39.88998,1.18457,-1.117702,-0.3687695,-0.1049227,-0.9235806,0,0,0,-40.01953,1.179076,-1.040501,-0.7804219,-0.2322913,-0.5805023,0,0,0,0.2282048
1731427003953,-39.83205,1.529943,-0.9533768,-0.6698884,-0.02534886,-0.7420295,-0.004863739,-0.07406473,-0.06952286,-39.89077,1.184217,-1.118614,-0.3661395,-0.1048696,-0.9246322,-0.05922318,-0.02644658,-0.06837845,-40.01924,1.178251,-1.041241,-0.7797689,-0.239989,-0.578244,0.02174377,-0.06186962,-0.05550385,0.2282048
1731427003958,-39.83205,1.529943,-0.9533768,-0.6698884,-0.02534886,-0.7420295,0,0,0,-39.89077,1.184217,-1.118614,-0.3661395,-0.1048696,-0.9246322,0,0,0,-40.01924,1.178251,-1.041241,-0.7797689,-0.239989,-0.578244,0,0,0,0.2282048
1731427003981,-39.83129,1.529277,-0.9545097,-0.6628066,-0.03216325,-0.7481,0.05664825,-0.04992485,-0.08497238,-39.89139,1.183264,-1.12009,-0.3627396,-0.1075524,-0.9256638,-0.04606247,-0.07150769,-0.1107216,-40.01822,1.177663,-1.041851,-0.7815495,-0.239138,-0.5761892,0.07667542,-0.04409552,-0.04577637,0.2282048
1731427003986,-39.83129,1.529277,-0.9545097,-0.6628066,-0.03216325,-0.7481,0,0,0,-39.89139,1.183264,-1.12009,-0.3627396,-0.1075524,-0.9256638,0,0,0,-40.01822,1.177663,-1.041851,-0.7815495,-0.239138,-0.5761892,0,0,0,0.2282048
1731427004009,-39.83089,1.528959,-0.9559326,-0.653455,-0.03440951,-0.7561833,0.03004074,-0.0238359,-0.1067162,-39.89267,1.182252,-1.121845,-0.3541068,-0.1108428,-0.9286134,-0.09641647,-0.07590652,-0.1316071,-40.01838,1.177141,-1.042629,-0.7754254,-0.2362207,-0.5855904,-0.01173019,-0.03916919,-0.05836487,0.2282048
1731427004014,-39.83089,1.528959,-0.9559326,-0.653455,-0.03440951,-0.7561833,0,0,0,-39.89267,1.182252,-1.121845,-0.3541068,-0.1108428,-0.9286134,0,0,0,-40.01838,1.177141,-1.042629,-0.7754254,-0.2362207,-0.5855904,0,0,0,0.2282048
1731427004037,-39.83048,1.528612,-0.9574738,-0.6444051,-0.03571588,-0.7638501,0.03089905,-0.02601743,-0.1155853,-39.89268,1.181063,-1.123344,-0.3442597,-0.1159784,-0.9316838,-0.0002861023,-0.08916557,-0.1124382,-40.01815,1.176366,-1.043285,-0.7718909,-0.2394232,-0.5889499,0.01688004,-0.05811453,-0.04920959,0.2282048
1731427004041,-39.83048,1.528612,-0.9574738,-0.6444051,-0.03571588,-0.7638501,0,0,0,-39.89268,1.181063,-1.123344,-0.3442597,-0.1159784,-0.9316838,0,0,0,-40.01815,1.176366,-1.043285,-0.7718909,-0.2394232,-0.5889499,0,0,0,0.2282048
1731427004063,-39.82948,1.528517,-0.9586945,-0.6348122,-0.03708652,-0.7717767,0.0746727,-0.007116795,-0.09155273,-39.89187,1.180701,-1.124821,-0.342417,-0.1182802,-0.9320734,0.06036758,-0.02709925,-0.1107216,-40.01854,1.175727,-1.044258,-0.7710838,-0.247794,-0.5865394,-0.02918243,-0.04789531,-0.07295609,0.2282048
1731427004067,-39.82948,1.528517,-0.9586945,-0.6348122,-0.03708652,-0.7717767,0,0,0,-39.89187,1.180701,-1.124821,-0.342417,-0.1182802,-0.9320734,0,0,0,-40.01854,1.175727,-1.044258,-0.7710838,-0.247794,-0.5865394,0,0,0,0.2282048
1731427004090,-39.82836,1.52838,-0.9598618,-0.6254644,-0.03736236,-0.779358,0.08440018,-0.0102818,-0.0875473,-39.89137,1.180304,-1.126369,-0.3376699,-0.1193915,-0.9336623,0.03805161,-0.02984405,-0.1161575,-40.01889,1.175421,-1.04501,-0.7706745,-0.2502355,-0.5860412,-0.02660751,-0.02296865,-0.05636215,0.2282048
1731427004094,-39.82836,1.52838,-0.9598618,-0.6254644,-0.03736236,-0.779358,0,0,0,-39.89137,1.180304,-1.126369,-0.3376699,-0.1193915,-0.9336623,0,0,0,-40.01889,1.175421,-1.04501,-0.7706745,-0.2502355,-0.5860412,0,0,0,0.2282048
1731427004119,-39.82756,1.528311,-0.96064,-0.6160988,-0.03747591,-0.786777,0.05950928,-0.005185604,-0.05836487,-39.88973,1.180111,-1.128567,-0.3258963,-0.121323,-0.9375886,0.1227379,-0.01443028,-0.1647949,-40.01866,1.175197,-1.045895,-0.7680379,-0.2453025,-0.5915616,0.01745224,-0.01683533,-0.06637573,0.2282048
1731427004123,-39.82756,1.528311,-0.96064,-0.6160988,-0.03747591,-0.786777,0,0,0,-39.88973,1.180111,-1.128567,-0.3258963,-0.121323,-0.9375886,0,0,0,-40.01866,1.175197,-1.045895,-0.7680379,-0.2453025,-0.5915616,0,0,0,0.2282048
1731427004147,-39.82669,1.528072,-0.9613762,-0.6076294,-0.03600735,-0.7934048,0.06580353,-0.01791716,-0.05521774,-39.88784,1.180216,-1.130806,-0.3106233,-0.1210893,-0.942789,0.1416206,0.007894635,-0.167942,-40.01831,1.174699,-1.047703,-0.762018,-0.2479583,-0.5982023,0.02603531,-0.03733635,-0.1356125,0.2282048
1731427004152,-39.82669,1.528072,-0.9613762,-0.6076294,-0.03600735,-0.7934048,0,0,0,-39.88784,1.180216,-1.130806,-0.3106233,-0.1210893,-0.942789,0,0,0,-40.01831,1.174699,-1.047703,-0.762018,-0.2479583,-0.5982023,0,0,0,0.2282048
1731427004175,-39.82561,1.528075,-0.9621429,-0.5983577,-0.03591944,-0.8004237,0.08039474,0.0001966953,-0.05750656,-39.88564,1.180147,-1.132835,-0.2991322,-0.1140722,-0.9473689,0.1647949,-0.005230308,-0.1522064,-40.01769,1.174494,-1.049541,-0.7606159,-0.2520169,-0.598291,0.04692078,-0.015378,-0.1379013,0.2282048
1731427004180,-39.82561,1.528075,-0.9621429,-0.5983577,-0.03591944,-0.8004237,0,0,0,-39.88564,1.180147,-1.132835,-0.2991322,-0.1140722,-0.9473689,0,0,0,-40.01769,1.174494,-1.049541,-0.7606159,-0.2520169,-0.598291,0,0,0,0.2282048
1731427004204,-39.82461,1.528171,-0.962574,-0.5881561,-0.03488071,-0.8079956,0.0752449,0.007197261,-0.03232956,-39.88298,1.180342,-1.134121,-0.2846851,-0.1013064,-0.9532531,0.1994133,0.01466274,-0.09641647,-40.01604,1.17438,-1.050964,-0.7563083,-0.2489744,-0.6049876,0.1233101,-0.008529425,-0.1067162,0.2282048
1731427004209,-39.82461,1.528171,-0.962574,-0.5881561,-0.03488071,-0.8079956,0,0,0,-39.88298,1.180342,-1.134121,-0.2846851,-0.1013064,-0.9532531,0,0,0,-40.01604,1.17438,-1.050964,-0.7563083,-0.2489744,-0.6049876,0,0,0,0.2282048
1731427004232,-39.82322,1.528034,-0.9635544,-0.5769382,-0.03396748,-0.8160815,0.1041412,-0.0102371,-0.07352829,-39.87986,1.180187,-1.136185,-0.274509,-0.1085572,-0.9554374,0.2340317,-0.01161397,-0.1547813,-40.01395,1.174017,-1.052662,-0.7471352,-0.2485279,-0.6164604,0.1570702,-0.02723336,-0.1273155,0.2282048
1731427004236,-39.82322,1.528034,-0.9635544,-0.5769382,-0.03396748,-0.8160815,0,0,0,-39.87986,1.180187,-1.136185,-0.274509,-0.1085572,-0.9554374,0,0,0,-40.01395,1.174017,-1.052662,-0.7471352,-0.2485279,-0.6164604,0,0,0,0.2282048
1731427004239,-39.82322,1.528034,-0.9635544,-0.5769382,-0.03396748,-0.8160815,0,0,0,-39.87986,1.180187,-1.136185,-0.274509,-0.1085572,-0.9554374,0,0,0,-40.01395,1.174017,-1.052662,-0.7471352,-0.2485279,-0.6164604,0,0,0,0.2282048
1731427004259,-39.82189,1.528033,-0.9642105,-0.5640145,-0.03432452,-0.8250518,0.1001358,-0.0001341105,-0.04920959,-39.87695,1.179275,-1.138229,-0.2576064,-0.1264706,-0.9579378,0.2182961,-0.06844103,-0.1533508,-40.01128,1.173647,-1.054634,-0.7378804,-0.2499697,-0.6269355,0.1999855,-0.0277698,-0.1479149,0.2282048
1731427004264,-39.82189,1.528033,-0.9642105,-0.5640145,-0.03432452,-0.8250518,0,0,0,-39.87695,1.179275,-1.138229,-0.2576064,-0.1264706,-0.9579378,0,0,0,-40.01128,1.173647,-1.054634,-0.7378804,-0.2499697,-0.6269355,0,0,0,0.2282048
1731427004287,-39.8204,1.528046,-0.9650726,-0.5505956,-0.03278015,-0.8341287,0.111866,0.00102818,-0.06465912,-39.8734,1.178407,-1.139103,-0.2530554,-0.1253462,-0.9592975,0.2663612,-0.06511509,-0.06551743,-40.00813,1.173174,-1.056549,-0.7275924,-0.250428,-0.6386666,0.2363205,-0.03542304,-0.1436234,0.2282048
1731427004291,-39.8204,1.528046,-0.9650726,-0.5505956,-0.03278015,-0.8341287,0,0,0,-39.8734,1.178407,-1.139103,-0.2530554,-0.1253462,-0.9592975,0,0,0,-40.00813,1.173174,-1.056549,-0.7275924,-0.250428,-0.6386666,0,0,0,0.2282048
1731427004315,-39.81895,1.528114,-0.9661713,-0.5346886,-0.03184419,-0.8444494,0.1084328,0.005069375,-0.08239746,-39.87074,1.177955,-1.140388,-0.2416836,-0.1194091,-0.9629804,0.1996994,-0.03384054,-0.09641647,-40.00541,1.172311,-1.059254,-0.7130663,-0.2527739,-0.653944,0.204277,-0.06473064,-0.2028465,0.2282048
1731427004320,-39.81895,1.528114,-0.9661713,-0.5346886,-0.03184419,-0.8444494,0,0,0,-39.87074,1.177955,-1.140388,-0.2416836,-0.1194091,-0.9629804,0,0,0,-40.00541,1.172311,-1.059254,-0.7130663,-0.2527739,-0.653944,0,0,0,0.2282048
1731427004343,-39.81721,1.528221,-0.9673271,-0.5160934,-0.02996702,-0.8560079,0.1304626,0.008073449,-0.086689,-39.86704,1.177673,-1.140488,-0.2302902,-0.1157527,-0.9662133,0.2775192,-0.02114475,-0.00743866,-40.00235,1.171336,-1.061493,-0.7023241,-0.2578006,-0.663536,0.2291679,-0.07317066,-0.167942,0.2282048
1731427004348,-39.81721,1.528221,-0.9673271,-0.5160934,-0.02996702,-0.8560079,0,0,0,-39.86704,1.177673,-1.140488,-0.2302902,-0.1157527,-0.9662133,0,0,0,-40.00235,1.171336,-1.061493,-0.7023241,-0.2578006,-0.663536,0,0,0,0.2282048
1731427004370,-39.81551,1.528298,-0.9684982,-0.4960594,-0.02857648,-0.8678185,0.1276016,0.005722046,-0.0878334,-39.86462,1.176383,-1.140869,-0.2212257,-0.12777,-0.9668167,0.181675,-0.09680986,-0.02861023,-39.99941,1.170807,-1.063915,-0.6970859,-0.2606318,-0.6679398,0.2205849,-0.03964305,-0.181675,0.2282048
1731427004375,-39.81551,1.528298,-0.9684982,-0.4960594,-0.02857648,-0.8678185,0,0,0,-39.86462,1.176383,-1.140869,-0.2212257,-0.12777,-0.9668167,0,0,0,-39.99941,1.170807,-1.063915,-0.6970859,-0.2606318,-0.6679398,0,0,0,0.2282048
1731427004398,-39.81361,1.528648,-0.9693909,-0.4735798,-0.02693976,-0.8803391,0.1421928,0.02624094,-0.06694794,-39.86229,1.175325,-1.140217,-0.2221841,-0.1377148,-0.9652303,0.1742363,-0.07929504,0.04892349,-39.99586,1.170515,-1.066631,-0.6851589,-0.2597811,-0.6804938,0.2663612,-0.02192259,-0.2037048,0.2282048
1731427004403,-39.81361,1.528648,-0.9693909,-0.4735798,-0.02693976,-0.8803391,0,0,0,-39.86229,1.175325,-1.140217,-0.2221841,-0.1377148,-0.9652303,0,0,0,-39.99586,1.170515,-1.066631,-0.6851589,-0.2597811,-0.6804938,0,0,0,0.2282048
1731427004426,-39.81152,1.52884,-0.9708786,-0.4474176,-0.02327589,-0.8940227,0.1570702,0.01443923,-0.1115799,-39.85899,1.174838,-1.139118,-0.2396572,-0.1429002,-0.9602835,0.2480507,-0.03658533,0.08239746,-39.99195,1.17018,-1.069592,-0.6678925,-0.2621346,-0.6965673,0.2929688,-0.02514124,-0.2220154,0.2282048
1731427004431,-39.81152,1.52884,-0.9708786,-0.4474176,-0.02327589,-0.8940227,0,0,0,-39.85899,1.174838,-1.139118,-0.2396572,-0.1429002,-0.9602835,0,0,0,-39.99195,1.17018,-1.069592,-0.6678925,-0.2621346,-0.6965673,0,0,0,0.2282048
1731427004454,-39.80958,1.528856,-0.9720802,-0.420601,-0.02198047,-0.90698,0.14534,0.001206994,-0.09012222,-39.85538,1.173958,-1.138279,-0.2255866,-0.1374459,-0.964479,0.2706528,-0.06598234,0.0629425,-39.98794,1.169647,-1.07309,-0.6531461,-0.2658503,-0.7090307,0.3012657,-0.03991127,-0.2623558,0.2282048
1731427004459,-39.80958,1.528856,-0.9720802,-0.420601,-0.02198047,-0.90698,0,0,0,-39.85538,1.173958,-1.138279,-0.2255866,-0.1374459,-0.964479,0,0,0,-39.98794,1.169647,-1.07309,-0.6531461,-0.2658503,-0.7090307,0,0,0,0.2282048
1731427004482,-39.80755,1.528797,-0.9733696,-0.3950016,-0.02126362,-0.9184347,0.1522064,-0.004425645,-0.09670258,-39.85068,1.173656,-1.135708,-0.2061865,-0.1182107,-0.9713464,0.3521919,-0.02260208,0.1928329,-39.98289,1.169255,-1.076839,-0.6384904,-0.2704759,-0.7205372,0.3787994,-0.02939701,-0.2812386,0.2282048
1731427004486,-39.80755,1.528797,-0.9733696,-0.3950016,-0.02126362,-0.9184347,0,0,0,-39.85068,1.173656,-1.135708,-0.2061865,-0.1182107,-0.9713464,0,0,0,-39.98289,1.169255,-1.076839,-0.6384904,-0.2704759,-0.7205372,0,0,0,0.2282048
1731427004509,-39.80579,1.528809,-0.9748802,-0.3684058,-0.02162537,-0.929414,0.1321793,0.0009119511,-0.1132965,-39.84814,1.173536,-1.133766,-0.2626952,-0.1008241,-0.9595971,0.1905441,-0.009039044,0.1456261,-39.97759,1.168593,-1.080769,-0.615967,-0.2726597,-0.7390822,0.3973961,-0.04966557,-0.2946854,0.2282048
1731427004514,-39.80579,1.528809,-0.9748802,-0.3684058,-0.02162537,-0.929414,0,0,0,-39.84814,1.173536,-1.133766,-0.2626952,-0.1008241,-0.9595971,0,0,0,-39.97759,1.168593,-1.080769,-0.615967,-0.2726597,-0.7390822,0,0,0,0.2282048
1731427004537,-39.804,1.528808,-0.9760475,-0.3462148,-0.02249068,-0.9378858,0.1338959,-7.152557E-05,-0.0875473,-39.84429,1.172376,-1.133389,-0.2549083,-0.1283096,-0.9584148,0.2886772,-0.08696616,0.02832413,-39.97232,1.167779,-1.084694,-0.5899292,-0.2769485,-0.7584749,0.3951073,-0.06109178,-0.2943993,0.2282048
1731427004542,-39.804,1.528808,-0.9760475,-0.3462148,-0.02249068,-0.9378858,0,0,0,-39.84429,1.172376,-1.133389,-0.2549083,-0.1283096,-0.9584148,0,0,0,-39.97232,1.167779,-1.084694,-0.5899292,-0.2769485,-0.7584749,0,0,0,0.2282048
1731427004565,-39.80227,1.528736,-0.9770546,-0.3257251,-0.0238882,-0.945163,0.1298904,-0.005427003,-0.07553101,-39.84095,1.170982,-1.133747,-0.1845158,-0.146795,-0.9718058,0.2509117,-0.1045525,-0.02689362,-39.96741,1.167103,-1.088249,-0.572125,-0.2801726,-0.7708287,0.3682137,-0.05064905,-0.2666473,0.2282048
1731427004569,-39.80227,1.528736,-0.9770546,-0.3257251,-0.0238882,-0.945163,0,0,0,-39.84095,1.170982,-1.133747,-0.1845158,-0.146795,-0.9718058,0,0,0,-39.96741,1.167103,-1.088249,-0.572125,-0.2801726,-0.7708287,0,0,0,0.2282048
1731427004573,-39.80227,1.528736,-0.9770546,-0.3257251,-0.0238882,-0.945163,0,0,0,-39.84095,1.170982,-1.133747,-0.1845158,-0.146795,-0.9718058,0,0,0,-39.96741,1.167103,-1.088249,-0.572125,-0.2801726,-0.7708287,0,0,0,0.2282048
1731427004593,-39.80062,1.528718,-0.9785728,-0.3051356,-0.0249159,-0.9519832,0.1235962,-0.001385808,-0.1138687,-39.83712,1.170341,-1.134075,-0.171086,-0.1378892,-0.9755599,0.2866745,-0.04813671,-0.0246048,-39.96228,1.166986,-1.09182,-0.5583217,-0.2767917,-0.7820892,0.3845215,-0.008770823,-0.2677917,0.2282048
1731427004597,-39.80062,1.528718,-0.9785728,-0.3051356,-0.0249159,-0.9519832,0,0,0,-39.83712,1.170341,-1.134075,-0.171086,-0.1378892,-0.9755599,0,0,0,-39.96228,1.166986,-1.09182,-0.5583217,-0.2767917,-0.7820892,0,0,0,0.2282048
1731427004620,-39.79887,1.529009,-0.9796028,-0.2838025,-0.0232048,-0.9586025,0.1316071,0.02187788,-0.07724762,-39.83266,1.171464,-1.134312,-0.1489009,-0.1319834,-0.9800048,0.3347397,0.08425713,-0.01773834,-39.95759,1.166816,-1.095524,-0.5363662,-0.277591,-0.7970293,0.3521919,-0.01275837,-0.2778053,0.2282048
1731427004625,-39.79887,1.529009,-0.9796028,-0.2838025,-0.0232048,-0.9586025,0,0,0,-39.83266,1.171464,-1.134312,-0.1489009,-0.1319834,-0.9800048,0,0,0,-39.95759,1.166816,-1.095524,-0.5363662,-0.277591,-0.7970293,0,0,0,0.2282048
1731427004648,-39.79726,1.529253,-0.9806175,-0.2618518,-0.01972584,-0.9649071,0.1207352,0.01830161,-0.07610321,-39.82848,1.172575,-1.133759,-0.12811,-0.0922881,-0.9874572,0.313282,0.08329153,0.04148483,-39.95304,1.166296,-1.098637,-0.5161076,-0.276835,-0.810553,0.34132,-0.03904402,-0.2334595,0.2282048
1731427004653,-39.79726,1.529253,-0.9806175,-0.2618518,-0.01972584,-0.9649071,0,0,0,-39.82848,1.172575,-1.133759,-0.12811,-0.0922881,-0.9874572,0,0,0,-39.95304,1.166296,-1.098637,-0.5161076,-0.276835,-0.810553,0,0,0,0.2282048
1731427004676,-39.79589,1.529383,-0.9816666,-0.2411509,-0.01931881,-0.9702959,0.1024246,0.009727478,-0.07867813,-39.82397,1.173787,-1.136909,-0.08515219,-0.1114218,-0.9901185,0.338459,0.09093583,-0.2363205,-39.94886,1.166031,-1.103031,-0.5013262,-0.2783738,-0.8192564,0.3135681,-0.01987517,-0.3295898,0.2282048
1731427004681,-39.79589,1.529383,-0.9816666,-0.2411509,-0.01931881,-0.9702959,0,0,0,-39.82397,1.173787,-1.136909,-0.08515219,-0.1114218,-0.9901185,0,0,0,-39.94886,1.166031,-1.103031,-0.5013262,-0.2783738,-0.8192564,0,0,0,0.2282048
1731427004704,-39.79482,1.529317,-0.9821625,-0.2222852,-0.02198929,-0.9747339,0.08039474,-0.004953146,-0.0371933,-39.82053,1.175062,-1.135914,-0.06960983,-0.09455933,-0.9930831,0.2577782,0.09563863,0.0746727,-39.94499,1.165408,-1.106522,-0.4854766,-0.2843622,-0.8267112,0.2901077,-0.04672408,-0.2617836,0.2282048
1731427004708,-39.79482,1.529317,-0.9821625,-0.2222852,-0.02198929,-0.9747339,0,0,0,-39.82053,1.175062,-1.135914,-0.06960983,-0.09455933,-0.9930831,0,0,0,-39.94499,1.165408,-1.106522,-0.4854766,-0.2843622,-0.8267112,0,0,0,0.2282048
1731427004732,-39.7938,1.529442,-0.9834938,-0.2065113,-0.02250309,-0.978186,0.07667542,0.009387732,-0.0998497,-39.81722,1.176233,-1.135265,-0.05838424,-0.05186385,-0.9969461,0.2483368,0.08780658,0.04863739,-39.94112,1.165027,-1.110111,-0.4724459,-0.2853695,-0.8338827,0.2901077,-0.02856553,-0.2692223,0.2282048
1731427004736,-39.7938,1.529442,-0.9834938,-0.2065113,-0.02250309,-0.978186,0,0,0,-39.81722,1.176233,-1.135265,-0.05838424,-0.05186385,-0.9969461,0,0,0,-39.94112,1.165027,-1.110111,-0.4724459,-0.2853695,-0.8338827,0,0,0,0.2282048
1731427004759,-39.79317,1.5296,-0.9839668,-0.1925678,-0.02037588,-0.9810725,0.04720688,0.0118643,-0.03547668,-39.81288,1.176906,-1.136944,-0.03780618,-0.05200262,-0.9979314,0.3258705,0.05047917,-0.125885,-39.93725,1.164802,-1.113766,-0.4587571,-0.2860762,-0.8412509,0.2901077,-0.01689792,-0.274086,0.2282048
1731427004764,-39.79317,1.5296,-0.9839668,-0.1925678,-0.02037588,-0.9810725,0,0,0,-39.81288,1.176906,-1.136944,-0.03780618,-0.05200262,-0.9979314,0,0,0,-39.93725,1.164802,-1.113766,-0.4587571,-0.2860762,-0.8412509,0,0,0,0.2282048
1731427004787,-39.79275,1.529666,-0.9847488,-0.1798318,-0.02025368,-0.9834894,0.03147125,0.004908442,-0.05865097,-39.80899,1.177358,-1.138409,-0.01575776,-0.07620433,-0.9969683,0.2912521,0.03392994,-0.1098633,-39.93335,1.164804,-1.116402,-0.4421816,-0.285333,-0.85033,0.2929688,0.0001519918,-0.1976967,0.2282048
1731427004792,-39.79275,1.529666,-0.9847488,-0.1798318,-0.02025368,-0.9834894,0,0,0,-39.80899,1.177358,-1.138409,-0.01575776,-0.07620433,-0.9969683,0,0,0,-39.93335,1.164804,-1.116402,-0.4421816,-0.285333,-0.85033,0,0,0,0.2282048
1731427004815,-39.79235,1.529586,-0.985775,-0.1678175,-0.02013302,-0.9856128,0.02975464,-0.005990267,-0.07696152,-39.80521,1.177999,-1.140461,-0.001762406,-0.09243196,-0.9957179,0.2838135,0.04801154,-0.153923,-39.92934,1.164737,-1.120113,-0.4236177,-0.2870625,-0.8591529,0.3001213,-0.00500679,-0.2783775,0.2282048
1731427004820,-39.79235,1.529586,-0.985775,-0.1678175,-0.02013302,-0.9856128,0,0,0,-39.80521,1.177999,-1.140461,-0.001762406,-0.09243196,-0.9957179,0,0,0,-39.92934,1.164737,-1.120113,-0.4236177,-0.2870625,-0.8591529,0,0,0,0.2282048
1731427004843,-39.79197,1.529456,-0.986187,-0.1563143,-0.02100387,-0.9874846,0.02918243,-0.009763241,-0.03089905,-39.80146,1.17842,-1.141853,0.01792202,-0.1061669,-0.9941872,0.2815247,0.03157854,-0.1044273,-39.92508,1.163817,-1.123253,-0.4089276,-0.2891733,-0.8655387,0.3198624,-0.06901324,-0.2354622,0.2282048
1731427004847,-39.79197,1.529456,-0.986187,-0.1563143,-0.02100387,-0.9874846,0,0,0,-39.80146,1.17842,-1.141853,0.01792202,-0.1061669,-0.9941872,0,0,0,-39.92508,1.163817,-1.123253,-0.4089276,-0.2891733,-0.8655387,0,0,0,0.2282048
1731427004871,-39.79178,1.5292,-0.9868126,-0.1468282,-0.02237785,-0.9889092,0.01401901,-0.01915097,-0.04692078,-39.7991,1.178811,-1.142719,0.03444298,-0.09009631,-0.9953378,0.1765251,0.02936125,-0.06494522,-39.92116,1.163045,-1.126404,-0.3944236,-0.2902716,-0.871879,0.2938271,-0.05789995,-0.2363205,0.2282048
1731427004875,-39.79178,1.5292,-0.9868126,-0.1468282,-0.02237785,-0.9889092,0,0,0,-39.7991,1.178811,-1.142719,0.03444298,-0.09009631,-0.9953378,0,0,0,-39.92116,1.163045,-1.126404,-0.3944236,-0.2902716,-0.871879,0,0,0,0.2282048
1731427004898,-39.79172,1.52911,-0.9872894,-0.1379814,-0.02253337,-0.9901791,0.004291534,-0.006785989,-0.03576279,-39.79668,1.178195,-1.144047,0.04299327,-0.08747413,-0.9952391,0.1819611,-0.0462234,-0.0995636,-39.91827,1.162361,-1.129391,-0.3785024,-0.2926917,-0.8781047,0.2171516,-0.05130172,-0.2240181,0.2282048
1731427004902,-39.79172,1.52911,-0.9872894,-0.1379814,-0.02253337,-0.9901791,0,0,0,-39.79668,1.178195,-1.144047,0.04299327,-0.08747413,-0.9952391,0,0,0,-39.91827,1.162361,-1.129391,-0.3785024,-0.2926917,-0.8781047,0,0,0,0.2282048
1731427004926,-39.79177,1.528839,-0.9886322,-0.1296209,-0.02232489,-0.9913125,-0.004005432,-0.02034009,-0.100708,-39.79425,1.17792,-1.1446,0.05156633,-0.09566277,-0.9940777,0.1819611,-0.02061725,-0.04148483,-39.91574,1.161916,-1.131641,-0.3723927,-0.2935513,-0.8804275,0.1893997,-0.03337562,-0.1688004,0.2282048
1731427004931,-39.79177,1.528839,-0.9886322,-0.1296209,-0.02232489,-0.9913125,0,0,0,-39.79425,1.17792,-1.1446,0.05156633,-0.09566277,-0.9940777,0,0,0,-39.91574,1.161916,-1.131641,-0.3723927,-0.2935513,-0.8804275,0,0,0,0.2282048
1731427004934,-39.79177,1.528839,-0.9886322,-0.1296209,-0.02232489,-0.9913125,0,0,0,-39.79425,1.17792,-1.1446,0.05156633,-0.09566277,-0.9940777,0,0,0,-39.91574,1.161916,-1.131641,-0.3723927,-0.2935513,-0.8804275,0,0,0,0.2282048
1731427004954,-39.79184,1.528687,-0.9894333,-0.1228916,-0.02351113,-0.9921418,-0.004577637,-0.01140833,-0.06008148,-39.79137,1.178269,-1.144489,0.05819311,-0.09487872,-0.9937869,0.2160072,0.02620518,0.008296967,-39.91322,1.161516,-1.133755,-0.3603392,-0.2944543,-0.8851286,0.1888275,-0.02994239,-0.1585007,0.2282048
1731427004958,-39.79184,1.528687,-0.9894333,-0.1228916,-0.02351113,-0.9921418,0,0,0,-39.79137,1.178269,-1.144489,0.05819311,-0.09487872,-0.9937869,0,0,0,-39.91322,1.161516,-1.133755,-0.3603392,-0.2944543,-0.8851286,0,0,0,0.2282048
1731427004982,-39.79214,1.528474,-0.9904823,-0.1163862,-0.02410011,-0.9929121,-0.02288818,-0.0159502,-0.07867813,-39.78922,1.178509,-1.144207,0.06257249,-0.09004845,-0.9939703,0.1616478,0.01797974,0.02117157,-39.91066,1.16116,-1.135715,-0.3497579,-0.2924748,-0.8900162,0.1919746,-0.0267148,-0.1470566,0.2282048
1731427004986,-39.79214,1.528474,-0.9904823,-0.1163862,-0.02410011,-0.9929121,0,0,0,-39.78922,1.178509,-1.144207,0.06257249,-0.09004845,-0.9939703,0,0,0,-39.91066,1.16116,-1.135715,-0.3497579,-0.2924748,-0.8900162,0,0,0,0.2282048
1731427005009,-39.79256,1.527964,-0.9924927,-0.1113776,-0.02439808,-0.9934789,-0.03118515,-0.0382483,-0.1507759,-39.78763,1.178724,-1.143906,0.06412292,-0.08694438,-0.9941481,0.1190186,0.0161469,0.02260208,-39.90894,1.161053,-1.137554,-0.3391783,-0.2901904,-0.8948455,0.1293182,-0.008064508,-0.1379013,0.2282048
1731427005014,-39.79256,1.527964,-0.9924927,-0.1113776,-0.02439808,-0.9934789,0,0,0,-39.78763,1.178724,-1.143906,0.06412292,-0.08694438,-0.9941481,0,0,0,-39.90894,1.161053,-1.137554,-0.3391783,-0.2901904,-0.8948455,0,0,0,0.2282048
1731427005037,-39.7928,1.527643,-0.9929733,-0.1068213,-0.02539967,-0.9939543,-0.01859665,-0.02406836,-0.03604889,-39.78593,1.178775,-1.144028,0.07224167,-0.08577158,-0.9936929,0.1276016,0.003817677,-0.009155273,-39.90765,1.160742,-1.139717,-0.3352642,-0.2924396,-0.8955873,0.09698868,-0.0233084,-0.16222,0.2282048
1731427005041,-39.7928,1.527643,-0.9929733,-0.1068213,-0.02539967,-0.9939543,0,0,0,-39.78593,1.178775,-1.144028,0.07224167,-0.08577158,-0.9936929,0,0,0,-39.90765,1.160742,-1.139717,-0.3352642,-0.2924396,-0.8955873,0,0,0,0.2282048
1731427005065,-39.79313,1.527294,-0.9940224,-0.1027591,-0.02633217,-0.9943581,-0.0246048,-0.02620518,-0.07867813,-39.78455,1.178788,-1.144672,0.07958815,-0.08839847,-0.9929007,0.1029968,0.0009477139,-0.04835129,-39.90641,1.160594,-1.141586,-0.3339049,-0.2917325,-0.8963256,0.09241104,-0.01107752,-0.1401901,0.2282048
1731427005069,-39.79313,1.527294,-0.9940224,-0.1027591,-0.02633217,-0.9943581,0,0,0,-39.78455,1.178788,-1.144672,0.07958815,-0.08839847,-0.9929007,0,0,0,-39.90641,1.160594,-1.141586,-0.3339049,-0.2917325,-0.8963256,0,0,0,0.2282048
1731427005093,-39.79339,1.527118,-0.9945412,-0.09932604,-0.02603474,-0.9947145,-0.01945496,-0.01315176,-0.03890991,-39.78387,1.179115,-1.145317,0.08575232,-0.087193,-0.9924941,0.05149841,0.02453327,-0.04835129,-39.90521,1.160317,-1.143394,-0.3256308,-0.2904364,-0.8997842,0.09012222,-0.02079606,-0.1356125,0.2282048
1731427005097,-39.79339,1.527118,-0.9945412,-0.09932604,-0.02603474,-0.9947145,0,0,0,-39.78387,1.179115,-1.145317,0.08575232,-0.087193,-0.9924941,0,0,0,-39.90521,1.160317,-1.143394,-0.3256308,-0.2904364,-0.8997842,0,0,0,0.2282048
1731427005120,-39.79341,1.526899,-0.9949951,-0.09624109,-0.02555485,-0.9950305,-0.001144409,-0.01642406,-0.03404617,-39.78334,1.179557,-1.145748,0.08501706,-0.07774976,-0.9933419,0.03948212,0.03317893,-0.03232956,-39.90395,1.159973,-1.144871,-0.3190928,-0.2924341,-0.9014778,0.09441376,-0.02582073,-0.1107216,0.2282048
1731427005124,-39.79341,1.526899,-0.9949951,-0.09624109,-0.02555485,-0.9950305,0,0,0,-39.78334,1.179557,-1.145748,0.08501706,-0.07774976,-0.9933419,0,0,0,-39.90395,1.159973,-1.144871,-0.3190928,-0.2924341,-0.9014778,0,0,0,0.2282048
1731427005148,-39.79345,1.526768,-0.9954185,-0.09336469,-0.02549832,-0.9953059,-0.002861023,-0.009843707,-0.03175735,-39.78313,1.179617,-1.145859,0.08284374,-0.07581633,-0.9936748,0.01573563,0.004443526,-0.008296967,-39.90311,1.159509,-1.145657,-0.3113553,-0.2945078,-0.9035066,0.06351471,-0.03477931,-0.05893707,0.2282048
1731427005153,-39.79345,1.526768,-0.9954185,-0.09336469,-0.02549832,-0.9953059,0,0,0,-39.78313,1.179617,-1.145859,0.08284374,-0.07581633,-0.9936748,0,0,0,-39.90311,1.159509,-1.145657,-0.3113553,-0.2945078,-0.9035066,0,0,0,0.2282048
1731427005176,-39.79368,1.526667,-0.9957542,-0.09091812,-0.02614714,-0.9955156,-0.01745224,-0.007617474,-0.025177,-39.78255,1.180086,-1.146584,0.09424429,-0.07626694,-0.9926237,0.04320145,0.03518164,-0.05435944,-39.90258,1.158937,-1.146812,-0.3073178,-0.2952286,-0.9046527,0.03948212,-0.04287064,-0.086689,0.2282048
1731427005180,-39.79368,1.526667,-0.9957542,-0.09091812,-0.02614714,-0.9955156,0,0,0,-39.78255,1.180086,-1.146584,0.09424429,-0.07626694,-0.9926237,0,0,0,-39.90258,1.158937,-1.146812,-0.3073178,-0.2952286,-0.9046527,0,0,0,0.2282048
1731427005204,-39.79395,1.526505,-0.9960594,-0.08895435,-0.02696746,-0.9956709,-0.02031326,-0.01209676,-0.02288818,-39.78242,1.18025,-1.146034,0.09338666,-0.07465646,-0.9928274,0.01001358,0.01232028,0.04119873,-39.90232,1.158394,-1.147167,-0.3081717,-0.2983613,-0.9033333,0.01945496,-0.04076064,-0.02660751,0.2282048
1731427005210,-39.79395,1.526505,-0.9960594,-0.08895435,-0.02696746,-0.9956709,0,0,0,-39.78242,1.18025,-1.146034,0.09338666,-0.07465646,-0.9928274,0,0,0,-39.90232,1.158394,-1.147167,-0.3081717,-0.2983613,-0.9033333,0,0,0,0.2282048
1731427005232,-39.79422,1.526327,-0.9964714,-0.08776899,-0.02628444,-0.9957945,-0.02059937,-0.01333058,-0.03089905,-39.78242,1.180297,-1.145664,0.09186833,-0.0736753,-0.9930422,-0.0002861023,0.003504753,0.02775192,-39.90247,1.158254,-1.147118,-0.3069315,-0.2985182,-0.903704,-0.01115799,-0.01051426,0.00371933,0.2282048
1731427005236,-39.79422,1.526327,-0.9964714,-0.08776899,-0.02628444,-0.9957945,0,0,0,-39.78242,1.180297,-1.145664,0.09186833,-0.0736753,-0.9930422,0,0,0,-39.90247,1.158254,-1.147118,-0.3069315,-0.2985182,-0.903704,0,0,0,0.2282048
1731427005259,-39.79453,1.526337,-0.9966393,-0.08704467,-0.0259536,-0.9958667,-0.02317429,0.0006973743,-0.0125885,-39.78252,1.18053,-1.145958,0.09416507,-0.07390516,-0.9928102,-0.00743866,0.01747012,-0.02202988,-39.90288,1.158333,-1.147415,-0.3071931,-0.2969095,-0.9041446,-0.03089905,0.005936623,-0.02231598,0.2282048
1731427005264,-39.79453,1.526337,-0.9966393,-0.08704467,-0.0259536,-0.9958667,0,0,0,-39.78252,1.18053,-1.145958,0.09416507,-0.07390516,-0.9928102,0,0,0,-39.90288,1.158333,-1.147415,-0.3071931,-0.2969095,-0.9041446,0,0,0,0.2282048
1731427005268,-39.79453,1.526337,-0.9966393,-0.08704467,-0.0259536,-0.9958667,0,0,0,-39.78252,1.18053,-1.145958,0.09416507,-0.07390516,-0.9928102,0,0,0,-39.90288,1.158333,-1.147415,-0.3071931,-0.2969095,-0.9041446,0,0,0,0.2282048
1731427005287,-39.79487,1.526265,-0.9966888,-0.08750981,-0.02617592,-0.99582,-0.0254631,-0.005355477,-0.00371933,-39.78286,1.180777,-1.145409,0.09623915,-0.07158116,-0.9927812,-0.0248909,0.018543,0.04119873,-39.90348,1.158097,-1.147415,-0.3087137,-0.2988666,-0.9029814,-0.04491806,-0.01772046,0,0.2282048
1731427005291,-39.79487,1.526265,-0.9966888,-0.08750981,-0.02617592,-0.99582,0,0,0,-39.78286,1.180777,-1.145409,0.09623915,-0.07158116,-0.9927812,0,0,0,-39.90348,1.158097,-1.147415,-0.3087137,-0.2988666,-0.9029814,0,0,0,0.2282048
1731427005315,-39.79525,1.526114,-0.9967461,-0.08895972,-0.02607169,-0.9956943,-0.02861023,-0.01139045,-0.004291534,-39.78301,1.180788,-1.145744,0.09332308,-0.07397608,-0.9928845,-0.01173019,0.0008583069,-0.025177,-39.90442,1.157802,-1.148956,-0.3148157,-0.3045726,-0.8989587,-0.07009506,-0.02211928,-0.1155853,0.2282048
1731427005320,-39.79525,1.526114,-0.9967461,-0.08895972,-0.02607169,-0.9956943,0,0,0,-39.78301,1.180788,-1.145744,0.09332308,-0.07397608,-0.9928845,0,0,0,-39.90442,1.157802,-1.148956,-0.3148157,-0.3045726,-0.8989587,0,0,0,0.2282048
1731427005343,-39.79562,1.525931,-0.9967003,-0.09122639,-0.02725412,-0.9954573,-0.02717972,-0.01367033,0.003433228,-39.78311,1.18054,-1.145016,0.09176382,-0.07563649,-0.9929045,-0.00743866,-0.01864135,0.05464554,-39.90469,1.157525,-1.148621,-0.3173176,-0.3055342,-0.8977517,-0.02088547,-0.02072453,0.025177,0.2282048
1731427005347,-39.79562,1.525931,-0.9967003,-0.09122639,-0.02725412,-0.9954573,0,0,0,-39.78311,1.18054,-1.145016,0.09176382,-0.07563649,-0.9929045,0,0,0,-39.90469,1.157525,-1.148621,-0.3173176,-0.3055342,-0.8977517,0,0,0,0.2282048
1731427005370,-39.79591,1.525823,-0.9966316,-0.09441341,-0.02688423,-0.9951702,-0.02202988,-0.00808239,0.005149841,-39.78336,1.180897,-1.144688,0.09309048,-0.06722581,-0.9933856,-0.01859665,0.02675951,0.0246048,-39.9048,1.157036,-1.148746,-0.3147238,-0.3111698,-0.896729,-0.007724762,-0.03669262,-0.009441376,0.2282048
1731427005375,-39.79591,1.525823,-0.9966316,-0.09441341,-0.02688423,-0.9951702,0,0,0,-39.78336,1.180897,-1.144688,0.09309048,-0.06722581,-0.9933856,0,0,0,-39.9048,1.157036,-1.148746,-0.3147238,-0.3111698,-0.896729,0,0,0,0.2282048
1731427005398,-39.79621,1.525691,-0.9964752,-0.09747498,-0.02775979,-0.9948512,-0.02231598,-0.009959936,0.01173019,-39.78339,1.180854,-1.144726,0.09089979,-0.06996439,-0.9933999,-0.002574921,-0.003165007,-0.002861023,-39.90477,1.156867,-1.148933,-0.3094322,-0.32793,-0.8925889,0.001716614,-0.01271367,-0.01401901,0.2282048
1731427005403,-39.79621,1.525691,-0.9964752,-0.09747498,-0.02775979,-0.9948512,0,0,0,-39.78339,1.180854,-1.144726,0.09089979,-0.06996439,-0.9933999,0,0,0,-39.90477,1.156867,-1.148933,-0.3094322,-0.32793,-0.8925889,0,0,0,0.2282048
1731427005426,-39.79655,1.52584,-0.9964256,-0.100388,-0.02733233,-0.9945734,-0.02603531,0.01121163,0.00371933,-39.78348,1.181168,-1.144524,0.09103601,-0.07154253,-0.9932749,-0.00629425,0.02351403,0.01516342,-39.90462,1.156858,-1.149269,-0.308002,-0.3552113,-0.8825877,0.01115799,-0.0006437302,-0.025177,0.2282048
1731427005430,-39.79655,1.52584,-0.9964256,-0.100388,-0.02733233,-0.9945734,0,0,0,-39.78348,1.181168,-1.144524,0.09103601,-0.07154253,-0.9932749,0,0,0,-39.90462,1.156858,-1.149269,-0.308002,-0.3552113,-0.8825877,0,0,0,0.2282048
1731427005454,-39.79684,1.526016,-0.9964256,-0.102244,-0.02708825,-0.9943907,-0.02174377,0.01319647,0,-39.7835,1.182065,-1.144444,0.08912697,-0.06512959,-0.993889,-0.001430511,0.06725192,0.006008148,-39.90347,1.157006,-1.150074,-0.3286072,-0.3743804,-0.8670968,0.0869751,0.01108646,-0.06036758,0.2282048
1731427005458,-39.79684,1.526016,-0.9964256,-0.102244,-0.02708825,-0.9943907,0,0,0,-39.7835,1.182065,-1.144444,0.08912697,-0.06512959,-0.993889,0,0,0,-39.90347,1.157006,-1.150074,-0.3286072,-0.3743804,-0.8670968,0,0,0,0.2282048
1731427005482,-39.79706,1.52618,-0.9965324,-0.1039301,-0.02645262,-0.994233,-0.01630783,0.01228452,-0.008010864,-39.78364,1.181913,-1.144341,0.08908862,-0.06818918,-0.9936873,-0.01058578,-0.01138151,0.007724762,-39.90301,1.157411,-1.149208,-0.339035,-0.3460289,-0.8748256,0.03404617,0.03037155,0.06494522,0.2282048
1731427005486,-39.79706,1.52618,-0.9965324,-0.1039301,-0.02645262,-0.994233,0,0,0,-39.78364,1.181913,-1.144341,0.08908862,-0.06818918,-0.9936873,0,0,0,-39.90301,1.157411,-1.149208,-0.339035,-0.3460289,-0.8748256,0,0,0,0.2282048
1731427005509,-39.79718,1.526019,-0.9966621,-0.1045911,-0.02719795,-0.9941437,-0.009155273,-0.01206994,-0.009727478,-39.78375,1.181936,-1.144337,0.08963533,-0.06909503,-0.9935752,-0.008296967,0.001743436,0.0002861023,-39.90312,1.156883,-1.149822,-0.355812,-0.3398551,-0.8705732,-0.008296967,-0.03961623,-0.04606247,0.2282048
1731427005513,-39.79718,1.526019,-0.9966621,-0.1045911,-0.02719795,-0.9941437,0,0,0,-39.78375,1.181936,-1.144337,0.08963533,-0.06909503,-0.9935752,0,0,0,-39.90312,1.156883,-1.149822,-0.355812,-0.3398551,-0.8705732,0,0,0,0.2282048
1731427005537,-39.79726,1.525716,-0.9966431,-0.1052474,-0.03019894,-0.9939877,-0.005722046,-0.02271831,0.001430511,-39.78384,1.1819,-1.14426,0.08747257,-0.06968621,-0.9937266,-0.006580353,-0.002717972,0.005722046,-39.90306,1.157337,-1.149639,-0.3741468,-0.3364469,-0.8641864,0.004863739,0.03409982,0.01373291,0.2282048
1731427005541,-39.79726,1.525716,-0.9966431,-0.1052474,-0.03019894,-0.9939877,0,0,0,-39.78384,1.1819,-1.14426,0.08747257,-0.06968621,-0.9937266,0,0,0,-39.90306,1.157337,-1.149639,-0.3741468,-0.3364469,-0.8641864,0,0,0,0.2282048
1731427005565,-39.797,1.5257,-0.9965858,-0.1056346,-0.02773787,-0.9940186,0.01945496,-0.001171231,0.004291534,-39.78372,1.181754,-1.144348,0.08769387,-0.07243341,-0.993511,0.008583069,-0.01093447,-0.006580353,-39.90314,1.157366,-1.149567,-0.3538171,-0.3419544,-0.8705637,-0.006008148,0.002190471,0.005435944,0.2282048
1731427005570,-39.797,1.5257,-0.9965858,-0.1056346,-0.02773787,-0.9940186,0,0,0,-39.78372,1.181754,-1.144348,0.08769387,-0.07243341,-0.993511,0,0,0,-39.90314,1.157366,-1.149567,-0.3538171,-0.3419544,-0.8705637,0,0,0,0.2282048
1731427005573,-39.797,1.5257,-0.9965858,-0.1056346,-0.02773787,-0.9940186,0,0,0,-39.78372,1.181754,-1.144348,0.08769387,-0.07243341,-0.993511,0,0,0,-39.90314,1.157366,-1.149567,-0.3538171,-0.3419544,-0.8705637,0,0,0,0.2282048
1731427005593,-39.79662,1.52564,-0.9964142,-0.1049789,-0.0287442,-0.9940592,0.02861023,-0.004523993,0.0128746,-39.78355,1.181629,-1.144199,0.09322216,-0.07278573,-0.9929817,0.01316071,-0.009405613,0.01115799,-39.90251,1.157771,-1.149319,-0.3476953,-0.3407793,-0.8734863,0.04720688,0.03030896,0.01859665,0.2282048
1731427005597,-39.79662,1.52564,-0.9964142,-0.1049789,-0.0287442,-0.9940592,0,0,0,-39.78355,1.181629,-1.144199,0.09322216,-0.07278573,-0.9929817,0,0,0,-39.90251,1.157771,-1.149319,-0.3476953,-0.3407793,-0.8734863,0,0,0,0.2282048
1731427005620,-39.79616,1.525848,-0.9962311,-0.1033667,-0.02753655,-0.9942625,0.03433228,0.01561046,0.01373291,-39.7835,1.181464,-1.144024,0.09192142,-0.07393058,-0.9930186,0.003147125,-0.01231134,0.01316071,-39.90182,1.158285,-1.148876,-0.3443558,-0.3286131,-0.8794503,0.05149841,0.03856122,0.03318787,0.2282048
1731427005625,-39.79616,1.525848,-0.9962311,-0.1033667,-0.02753655,-0.9942625,0,0,0,-39.7835,1.181464,-1.144024,0.09192142,-0.07393058,-0.9930186,0,0,0,-39.90182,1.158285,-1.148876,-0.3443558,-0.3286131,-0.8794503,0,0,0,0.2282048
1731427005648,-39.79553,1.526085,-0.9960594,-0.1010161,-0.02604852,-0.994544,0.04749298,0.01778305,0.0128746,-39.78329,1.181321,-1.143547,0.09076872,-0.07633704,-0.9929423,0.01630783,-0.01072884,0.03576279,-39.90148,1.15813,-1.148575,-0.3389535,-0.327946,-0.8817949,0.0254631,-0.01162291,0.02260208,0.2282048
1731427005653,-39.79553,1.526085,-0.9960594,-0.1010161,-0.02604852,-0.994544,0,0,0,-39.78329,1.181321,-1.143547,0.09076872,-0.07633704,-0.9929423,0,0,0,-39.90148,1.15813,-1.148575,-0.3389535,-0.327946,-0.8817949,0,0,0,0.2282048
1731427005676,-39.7948,1.526089,-0.995739,-0.09764712,-0.02573083,-0.9948887,0.05493164,0.0002771616,0.02403259,-39.78334,1.180993,-1.143005,0.09163286,-0.07695707,-0.9928151,-0.004291534,-0.02465844,0.04062653,-39.90131,1.157861,-1.148155,-0.3305832,-0.3332731,-0.8829747,0.0125885,-0.02013445,0.03147125,0.2282048
1731427005681,-39.7948,1.526089,-0.995739,-0.09764712,-0.02573083,-0.9948887,0,0,0,-39.78334,1.180993,-1.143005,0.09163286,-0.07695707,-0.9928151,0,0,0,-39.90131,1.157861,-1.148155,-0.3305832,-0.3332731,-0.8829747,0,0,0,0.2282048
1731427005704,-39.79428,1.525992,-0.9955864,-0.09537163,-0.02723747,-0.995069,0.03890991,-0.007268786,0.01144409,-39.78334,1.180044,-1.142174,0.08660209,-0.09020364,-0.9921511,0.0002861023,-0.0711143,0.0623703,-39.90126,1.157642,-1.147823,-0.3307448,-0.3297195,-0.8842475,0.004291534,-0.016433,0.0248909,0.2282048
1731427005708,-39.79428,1.525992,-0.9955864,-0.09537163,-0.02723747,-0.995069,0,0,0,-39.78334,1.180044,-1.142174,0.08660209,-0.09020364,-0.9921511,0,0,0,-39.90126,1.157642,-1.147823,-0.3307448,-0.3297195,-0.8842475,0,0,0,0.2282048
1731427005732,-39.79396,1.525992,-0.9955406,-0.09433252,-0.02730898,-0.9951662,0.02403259,8.940697E-06,0.003433228,-39.78363,1.179992,-1.14185,0.08942701,-0.08653826,-0.9922273,-0.02174377,-0.003933907,0.0243187,-39.90101,1.157271,-1.147366,-0.323114,-0.3322556,-0.8861176,0.01831055,-0.02780557,0.03433228,0.2282048
1731427005736,-39.79396,1.525992,-0.9955406,-0.09433252,-0.02730898,-0.9951662,0,0,0,-39.78363,1.179992,-1.14185,0.08942701,-0.08653826,-0.9922273,0,0,0,-39.90101,1.157271,-1.147366,-0.323114,-0.3322556,-0.8861176,0,0,0,0.2282048
1731427005759,-39.79356,1.525923,-0.9953613,-0.09345331,-0.02888098,-0.9952052,0.03004074,-0.005194545,0.01344681,-39.78355,1.179797,-1.141575,0.08915503,-0.08334182,-0.9925249,0.006008148,-0.01459122,0.02059937,-39.90048,1.156566,-1.146809,-0.3118408,-0.3283396,-0.8915992,0.03976822,-0.05292892,0.04177094,0.2282048
1731427005764,-39.79356,1.525923,-0.9953613,-0.09345331,-0.02888098,-0.9952052,0,0,0,-39.78355,1.179797,-1.141575,0.08915503,-0.08334182,-0.9925249,0,0,0,-39.90048,1.156566,-1.146809,-0.3118408,-0.3283396,-0.8915992,0,0,0,0.2282048
1731427005787,-39.7933,1.525806,-0.9952087,-0.09317407,-0.02960913,-0.9952101,0.01916885,-0.008770823,0.01144409,-39.78342,1.179717,-1.140945,0.0856947,-0.08382609,-0.992789,0.009441376,-0.006061792,0.04720688,-39.90034,1.156488,-1.145832,-0.3099151,-0.3187611,-0.8957369,0.01087189,-0.005838275,0.07324219,0.2282048
1731427005791,-39.7933,1.525806,-0.9952087,-0.09317407,-0.02960913,-0.9952101,0,0,0,-39.78342,1.179717,-1.140945,0.0856947,-0.08382609,-0.992789,0,0,0,-39.90034,1.156488,-1.145832,-0.3099151,-0.3187611,-0.8957369,0,0,0,0.2282048
1731427005815,-39.79314,1.525929,-0.9952393,-0.09288253,-0.02854575,-0.9952682,0.0120163,0.009217858,-0.002288818,-39.78321,1.179683,-1.140739,0.08765574,-0.08595236,-0.9924363,0.01630783,-0.002503395,0.01544952,-39.9001,1.15679,-1.145077,-0.3016926,-0.3079917,-0.902288,0.01745224,0.02264678,0.05664825,0.2282048
1731427005819,-39.79314,1.525929,-0.9952393,-0.09288253,-0.02854575,-0.9952682,0,0,0,-39.78321,1.179683,-1.140739,0.08765574,-0.08595236,-0.9924363,0,0,0,-39.9001,1.15679,-1.145077,-0.3016926,-0.3079917,-0.902288,0,0,0,0.2282048
1731427005843,-39.79304,1.525993,-0.9952011,-0.0927515,-0.02889504,-0.9952703,0.00743866,0.004801154,0.002861023,-39.78296,1.179608,-1.140499,0.08801494,-0.08520208,-0.992469,0.01831055,-0.005668402,0.01802444,-39.90018,1.157309,-1.143604,-0.2889087,-0.2990659,-0.9094459,-0.005722046,0.03892779,0.1104355,0.2282048
1731427005847,-39.79304,1.525993,-0.9952011,-0.0927515,-0.02889504,-0.9952703,0,0,0,-39.78296,1.179608,-1.140499,0.08801494,-0.08520208,-0.992469,0,0,0,-39.90018,1.157309,-1.143604,-0.2889087,-0.2990659,-0.9094459,0,0,0,0.2282048
1731427005870,-39.7928,1.526002,-0.9950676,-0.0917085,-0.02962319,-0.9953457,0.01831055,0.0006705523,0.01001358,-39.78273,1.179461,-1.140545,0.09125852,-0.08651955,-0.992062,0.01716614,-0.01097918,-0.003433228,-39.89955,1.158305,-1.141968,-0.2693028,-0.2873028,-0.9192028,0.04720688,0.07472634,0.1227379,0.2282048
1731427005874,-39.7928,1.526002,-0.9950676,-0.0917085,-0.02962319,-0.9953457,0,0,0,-39.78273,1.179461,-1.140545,0.09125852,-0.08651955,-0.992062,0,0,0,-39.89955,1.158305,-1.141968,-0.2693028,-0.2873028,-0.9192028,0,0,0,0.2282048
1731427005898,-39.79248,1.526081,-0.9948769,-0.08995305,-0.02792859,-0.9955547,0.02346039,0.005927682,0.01430511,-39.78265,1.179407,-1.140568,0.09220681,-0.08547169,-0.992065,0.006580353,-0.004059076,-0.001716614,-39.89906,1.159207,-1.14101,-0.2571991,-0.267435,-0.9286163,0.0371933,0.06764531,0.07181168,0.2282048
1731427005903,-39.79248,1.526081,-0.9948769,-0.08995305,-0.02792859,-0.9955547,0,0,0,-39.78265,1.179407,-1.140568,0.09220681,-0.08547169,-0.992065,0,0,0,-39.89906,1.159207,-1.14101,-0.2571991,-0.267435,-0.9286163,0,0,0,0.2282048
1731427005926,-39.79223,1.526231,-0.9948235,-0.08803975,-0.02809608,-0.9957212,0.01888275,0.0112474,0.004005432,-39.78245,1.179221,-1.140549,0.093849,-0.08742211,-0.9917411,0.01459122,-0.01396537,0.001430511,-39.89912,1.159168,-1.140858,-0.2593901,-0.2794827,-0.9244499,-0.004863739,-0.002941489,0.01144409,0.2282048
1731427005930,-39.79223,1.526231,-0.9948235,-0.08803975,-0.02809608,-0.9957212,0,0,0,-39.78245,1.179221,-1.140549,0.093849,-0.08742211,-0.9917411,0,0,0,-39.89912,1.159168,-1.140858,-0.2593901,-0.2794827,-0.9244499,0,0,0,0.2282048
1731427005954,-39.79196,1.526332,-0.9947624,-0.08696434,-0.02790809,-0.995821,0.02059937,0.007617474,0.004577637,-39.78222,1.179123,-1.140408,0.09295708,-0.08591473,-0.9919569,0.01745224,-0.00731349,0.01058578,-39.89907,1.159255,-1.140709,-0.2630893,-0.274994,-0.9247501,0.00371933,0.006535649,0.01115799,0.2282048
1731427005958,-39.79196,1.526332,-0.9947624,-0.08696434,-0.02790809,-0.995821,0,0,0,-39.78222,1.179123,-1.140408,0.09295708,-0.08591473,-0.9919569,0,0,0,-39.89907,1.159255,-1.140709,-0.2630893,-0.274994,-0.9247501,0,0,0,0.2282048
1731427005961,-39.79196,1.526332,-0.9947624,-0.08696434,-0.02790809,-0.995821,0,0,0,-39.78222,1.179123,-1.140408,0.09295708,-0.08591473,-0.9919569,0,0,0,-39.89907,1.159255,-1.140709,-0.2630893,-0.274994,-0.9247501,0,0,0,0.2282048
1731427005982,-39.79168,1.526452,-0.9947624,-0.08638955,-0.02703468,-0.9958949,0.02059937,0.008949637,0,-39.78207,1.179475,-1.139866,0.08786392,-0.08539292,-0.992466,0.01087189,0.02637506,0.04062653,-39.89913,1.159062,-1.141144,-0.2671418,-0.2789216,-0.9224091,-0.004291534,-0.01446605,-0.03261566,0.2282048
1731427005986,-39.79168,1.526452,-0.9947624,-0.08638955,-0.02703468,-0.9958949,0,0,0,-39.78207,1.179475,-1.139866,0.08786392,-0.08539292,-0.992466,0,0,0,-39.89913,1.159062,-1.141144,-0.2671418,-0.2789216,-0.9224091,0,0,0,0.2282048
1731427006009,-39.79139,1.526492,-0.9946442,-0.08559475,-0.02725319,-0.9959576,0.02174377,0.003004074,0.008869171,-39.78175,1.180452,-1.139328,0.085745,-0.07927923,-0.9931585,0.0246048,0.07327795,0.04034042,-39.89927,1.158854,-1.141365,-0.2721969,-0.2809849,-0.9203026,-0.01058578,-0.01557469,-0.01659393,0.2282048
1731427006013,-39.79139,1.526492,-0.9946442,-0.08559475,-0.02725319,-0.9959576,0,0,0,-39.78175,1.180452,-1.139328,0.085745,-0.07927923,-0.9931585,0,0,0,-39.89927,1.158854,-1.141365,-0.2721969,-0.2809849,-0.9203026,0,0,0,0.2282048
1731427006037,-39.79109,1.526671,-0.9946289,-0.08488927,-0.02557634,-0.9960626,0.02288818,0.01345575,0.001144409,-39.78154,1.180925,-1.138615,0.07923729,-0.07204419,-0.9942492,0.01516342,0.03549457,0.05350113,-39.89943,1.158293,-1.141514,-0.2712695,-0.287427,-0.9185853,-0.0123024,-0.04211962,-0.01115799,0.2282048
1731427006041,-39.79109,1.526671,-0.9946289,-0.08488927,-0.02557634,-0.9960626,0,0,0,-39.78154,1.180925,-1.138615,0.07923729,-0.07204419,-0.9942492,0,0,0,-39.89943,1.158293,-1.141514,-0.2712695,-0.287427,-0.9185853,0,0,0,0.2282048
1731427006065,-39.79074,1.526801,-0.9946594,-0.08439726,-0.0245729,-0.9961295,0.02574921,0.009727478,-0.002288818,-39.78152,1.18098,-1.137806,0.07824551,-0.05854605,-0.995214,0.001430511,0.00411272,0.06065369,-39.89931,1.157704,-1.14159,-0.2702077,-0.2889816,-0.9184107,0.009155273,-0.04414022,-0.005722046,0.2282048
1731427006069,-39.79074,1.526801,-0.9946594,-0.08439726,-0.0245729,-0.9961295,0,0,0,-39.78152,1.18098,-1.137806,0.07824551,-0.05854605,-0.995214,0,0,0,-39.89931,1.157704,-1.14159,-0.2702077,-0.2889816,-0.9184107,0,0,0,0.2282048
1731427006093,-39.79039,1.52682,-0.9947052,-0.08391301,-0.02483836,-0.996164,0.02689362,0.00141263,-0.003433228,-39.78106,1.180142,-1.138519,0.0904092,-0.05766595,-0.9942343,0.03461838,-0.0628531,-0.05350113,-39.89925,1.157079,-1.141712,-0.2745794,-0.2936275,-0.9156363,0.004291534,-0.04693866,-0.009155273,0.2282048
1731427006096,-39.79039,1.52682,-0.9947052,-0.08391301,-0.02483836,-0.996164,0,0,0,-39.78106,1.180142,-1.138519,0.0904092,-0.05766595,-0.9942343,0,0,0,-39.89925,1.157079,-1.141712,-0.2745794,-0.2936275,-0.9156363,0,0,0,0.2282048
1731427006120,-39.79001,1.526915,-0.9949265,-0.0837397,-0.0247067,-0.9961818,0.02832413,0.007134676,-0.01659393,-39.77961,1.178362,-1.139717,0.1043182,-0.06920335,-0.9921335,0.109005,-0.1335382,-0.08983612,-39.8991,1.156993,-1.141666,-0.2707364,-0.2935446,-0.9168063,0.01173019,-0.00641942,0.003433228,0.2282048
1731427006124,-39.79001,1.526915,-0.9949265,-0.0837397,-0.0247067,-0.9961818,0,0,0,-39.77961,1.178362,-1.139717,0.1043182,-0.06920335,-0.9921335,0,0,0,-39.8991,1.156993,-1.141666,-0.2707364,-0.2935446,-0.9168063,0,0,0,0.2282048
1731427006148,-39.78968,1.526865,-0.9950752,-0.08331065,-0.02585415,-0.9961888,0.0248909,-0.003781915,-0.01115799,-39.77783,1.17741,-1.141052,0.126229,-0.08077528,-0.9887069,0.1333237,-0.07138252,-0.1001358,-39.89866,1.156595,-1.141853,-0.2688659,-0.2977661,-0.9159954,0.03290176,-0.02987981,-0.01401901,0.2282048
1731427006153,-39.78968,1.526865,-0.9950752,-0.08331065,-0.02585415,-0.9961888,0,0,0,-39.77783,1.17741,-1.141052,0.126229,-0.08077528,-0.9887069,0,0,0,-39.89866,1.156595,-1.141853,-0.2688659,-0.2977661,-0.9159954,0,0,0,0.2282048
1731427006176,-39.78923,1.526734,-0.9951057,-0.08289669,-0.02719582,-0.9961876,0.03376007,-0.0097543,-0.002288818,-39.77621,1.17708,-1.142372,0.1392841,-0.08845437,-0.986294,0.1218796,-0.02476573,-0.09899139,-39.89811,1.156346,-1.141972,-0.2684209,-0.2997873,-0.9154662,0.04119873,-0.01863241,-0.008869171,0.2282048
1731427006180,-39.78923,1.526734,-0.9951057,-0.08289669,-0.02719582,-0.9961876,0,0,0,-39.77621,1.17708,-1.142372,0.1392841,-0.08845437,-0.986294,0,0,0,-39.89811,1.156346,-1.141972,-0.2684209,-0.2997873,-0.9154662,0,0,0,0.2282048
1731427006204,-39.78879,1.526772,-0.9952354,-0.08208359,-0.02682741,-0.9962646,0.03261566,0.002843142,-0.009727478,-39.77514,1.177018,-1.143913,0.147795,-0.1040497,-0.9835303,0.08010864,-0.004640222,-0.1155853,-39.89742,1.156243,-1.142212,-0.2715125,-0.2982966,-0.9150414,0.05178452,-0.007706881,-0.01802444,0.2282048
1731427006210,-39.78879,1.526772,-0.9952354,-0.08208359,-0.02682741,-0.9962646,0,0,0,-39.77514,1.177018,-1.143913,0.147795,-0.1040497,-0.9835303,0,0,0,-39.89742,1.156243,-1.142212,-0.2715125,-0.2982966,-0.9150414,0,0,0,0.2282048
1731427006231,-39.78831,1.526823,-0.9953194,-0.08096234,-0.0276847,-0.9963329,0.03604889,0.003826618,-0.00629425,-39.77534,1.176793,-1.144375,0.1390165,-0.1087178,-0.9843048,-0.01544952,-0.01687109,-0.03461838,-39.89656,1.155765,-1.142246,-0.2619373,-0.305252,-0.9155385,0.06465912,-0.03590584,-0.002574921,0.2282048
1731427006236,-39.78831,1.526823,-0.9953194,-0.08096234,-0.0276847,-0.9963329,0,0,0,-39.77534,1.176793,-1.144375,0.1390165,-0.1087178,-0.9843048,0,0,0,-39.89656,1.155765,-1.142246,-0.2619373,-0.305252,-0.9155385,0,0,0,0.2282048
1731427006259,-39.78798,1.526894,-0.9955559,-0.08042153,-0.0274808,-0.9963826,0.025177,0.005301833,-0.01773834,-39.77625,1.176999,-1.14418,0.1355648,-0.09272935,-0.9864197,-0.06780624,0.01547635,0.01459122,-39.89516,1.15608,-1.141808,-0.2527196,-0.2925084,-0.9222649,0.1044273,0.02365708,0.03290176,0.2282048
1731427006263,-39.78798,1.526894,-0.9955559,-0.08042153,-0.0274808,-0.9963826,0,0,0,-39.77625,1.176999,-1.14418,0.1355648,-0.09272935,-0.9864197,0,0,0,-39.89516,1.15608,-1.141808,-0.2527196,-0.2925084,-0.9222649,0,0,0,0.2282048
1731427006287,-39.78804,1.527004,-0.9959297,-0.08063485,-0.02699776,-0.9963783,-0.005149841,0.008270144,-0.02803802,-39.77591,1.176806,-1.144062,0.1331093,-0.09704131,-0.9863396,0.025177,-0.01449287,0.008869171,-39.89444,1.1557,-1.142147,-0.2535251,-0.2999261,-0.9196576,0.05407333,-0.02852082,-0.0254631,0.2282048
1731427006292,-39.78804,1.527004,-0.9959297,-0.08063485,-0.02699776,-0.9963783,0,0,0,-39.77591,1.176806,-1.144062,0.1331093,-0.09704131,-0.9863396,0,0,0,-39.89444,1.1557,-1.142147,-0.2535251,-0.2999261,-0.9196576,0,0,0,0.2282048
1731427006315,-39.78817,1.527091,-0.9963837,-0.08177848,-0.02657673,-0.9962964,-0.009727478,0.006526709,-0.03404617,-39.77628,1.176073,-1.144287,0.141194,-0.1056245,-0.9843315,-0.02746582,-0.05498528,-0.01688004,-39.89298,1.154642,-1.143066,-0.2440093,-0.3261922,-0.9132683,0.1098633,-0.07930398,-0.06895065,0.2282048
1731427006319,-39.78817,1.527091,-0.9963837,-0.08177848,-0.02657673,-0.9962964,0,0,0,-39.77628,1.176073,-1.144287,0.141194,-0.1056245,-0.9843315,0,0,0,-39.89298,1.154642,-1.143066,-0.2440093,-0.3261922,-0.9132683,0,0,0,0.2282048
1731427006323,-39.78817,1.527091,-0.9963837,-0.08177848,-0.02657673,-0.9962964,0,0,0,-39.77628,1.176073,-1.144287,0.141194,-0.1056245,-0.9843315,0,0,0,-39.89298,1.154642,-1.143066,-0.2440093,-0.3261922,-0.9132683,0,0,0,0.2282048
1731427006343,-39.78811,1.527076,-0.9968796,-0.08358119,-0.02684769,-0.9961398,0.005149841,-0.001180172,-0.0371933,-39.7765,1.175791,-1.144558,0.142157,-0.1047394,-0.9842877,-0.01659393,-0.02117157,-0.02031326,-39.89275,1.15417,-1.144066,-0.2570809,-0.3388663,-0.9050301,0.01745224,-0.03540516,-0.0749588,0.2282048
1731427006347,-39.78811,1.527076,-0.9968796,-0.08358119,-0.02684769,-0.9961398,0,0,0,-39.7765,1.175791,-1.144558,0.142157,-0.1047394,-0.9842877,0,0,0,-39.89275,1.15417,-1.144066,-0.2570809,-0.3388663,-0.9050301,0,0,0,0.2282048
1731427006370,-39.78801,1.527044,-0.9973297,-0.08475712,-0.02594198,-0.9960645,0.006866455,-0.002360344,-0.03376007,-39.77639,1.175724,-1.144875,0.1379487,-0.1048437,-0.9848751,0.008296967,-0.004988909,-0.02374649,-39.89279,1.154006,-1.144653,-0.2669952,-0.3483456,-0.8985376,-0.003147125,-0.01228452,-0.04405975,0.2282048
1731427006375,-39.78801,1.527044,-0.9973297,-0.08475712,-0.02594198,-0.9960645,0,0,0,-39.77639,1.175724,-1.144875,0.1379487,-0.1048437,-0.9848751,0,0,0,-39.89279,1.154006,-1.144653,-0.2669952,-0.3483456,-0.8985376,0,0,0,0.2282048
1731427006398,-39.78775,1.527069,-0.9980125,-0.08604775,-0.02689458,-0.9959285,0.02002716,0.001877546,-0.05121231,-39.77595,1.175486,-1.145672,0.1399622,-0.1095842,-0.9840742,0.03290176,-0.01782775,-0.05979538,-39.8912,1.15327,-1.145832,-0.2819104,-0.3628433,-0.8881845,0.1187325,-0.05521774,-0.08840561,0.2282048
1731427006403,-39.78775,1.527069,-0.9980125,-0.08604775,-0.02689458,-0.9959285,0,0,0,-39.77595,1.175486,-1.145672,0.1399622,-0.1095842,-0.9840742,0,0,0,-39.8912,1.15327,-1.145832,-0.2819104,-0.3628433,-0.8881845,0,0,0,0.2282048
1731427006426,-39.78782,1.527047,-0.9986877,-0.08745605,-0.02655487,-0.9958148,-0.005722046,-0.001645088,-0.05064011,-39.77509,1.175752,-1.146503,0.1476462,-0.1147629,-0.9823599,0.06437302,0.01993775,-0.0623703,-39.88845,1.152885,-1.144798,-0.2822599,-0.3592161,-0.8895471,0.2065659,-0.02891421,0.07753372,0.2282048
1731427006430,-39.78782,1.527047,-0.9986877,-0.08745605,-0.02655487,-0.9958148,0,0,0,-39.77509,1.175752,-1.146503,0.1476462,-0.1147629,-0.9823599,0,0,0,-39.88845,1.152885,-1.144798,-0.2822599,-0.3592161,-0.8895471,0,0,0,0.2282048
1731427006454,-39.78754,1.526986,-0.9992294,-0.08723826,-0.02657019,-0.9958335,0.02145767,-0.004595518,-0.04062653,-39.77414,1.176019,-1.146984,0.1462891,-0.1138627,-0.9826678,0.07181168,0.02004504,-0.03604889,-39.88817,1.152927,-1.145512,-0.2401077,-0.3815103,-0.8926358,0.02088547,0.003200769,-0.05350113,0.2282048
1731427006458,-39.78754,1.526986,-0.9992294,-0.08723826,-0.02657019,-0.9958335,0,0,0,-39.77414,1.176019,-1.146984,0.1462891,-0.1138627,-0.9826678,0,0,0,-39.88817,1.152927,-1.145512,-0.2401077,-0.3815103,-0.8926358,0,0,0,0.2282048
1731427006481,-39.78699,1.526916,-0.9996109,-0.08600309,-0.02660546,-0.9959399,0.04119873,-0.005221367,-0.02861023,-39.77376,1.176402,-1.147423,0.1497324,-0.1095696,-0.982637,0.02803802,0.02871752,-0.03290176,-39.88772,1.153076,-1.145573,-0.2317345,-0.3967631,-0.8881885,0.03376007,0.01112223,-0.004577637,0.2282048
1731427006486,-39.78699,1.526916,-0.9996109,-0.08600309,-0.02660546,-0.9959399,0,0,0,-39.77376,1.176402,-1.147423,0.1497324,-0.1095696,-0.982637,0,0,0,-39.88772,1.153076,-1.145573,-0.2317345,-0.3967631,-0.8881885,0,0,0,0.2282048
1731427006509,-39.78651,1.526718,-0.9999199,-0.08280001,-0.02629897,-0.9962196,0.03604889,-0.0148505,-0.02317429,-39.77283,1.176539,-1.147957,0.1523102,-0.1093878,-0.9822612,0.06980896,0.0102818,-0.04005432,-39.88594,1.153457,-1.146343,-0.2370341,-0.3863592,-0.8913711,0.1338959,0.02860129,-0.05779266,0.2282048
1731427006513,-39.78651,1.526718,-0.9999199,-0.08280001,-0.02629897,-0.9962196,0,0,0,-39.77283,1.176539,-1.147957,0.1523102,-0.1093878,-0.9822612,0,0,0,-39.88594,1.153457,-1.146343,-0.2370341,-0.3863592,-0.8913711,0,0,0,0.2282048
1731427006537,-39.78589,1.526614,-1.000343,-0.07912684,-0.02627851,-0.9965185,0.04606247,-0.007858872,-0.03175735,-39.77178,1.17634,-1.148422,0.1561476,-0.1099721,-0.981593,0.07867813,-0.01497567,-0.03490448,-39.88394,1.153653,-1.146698,-0.2137199,-0.3875753,-0.896722,0.1499176,0.01470745,-0.02660751,0.2282048
1731427006541,-39.78589,1.526614,-1.000343,-0.07912684,-0.02627851,-0.9965185,0,0,0,-39.77178,1.17634,-1.148422,0.1561476,-0.1099721,-0.981593,0,0,0,-39.88394,1.153653,-1.146698,-0.2137199,-0.3875753,-0.896722,0,0,0,0.2282048
1731427006565,-39.78574,1.526688,-1.000896,-0.07585178,-0.02663127,-0.9967638,0.01173019,0.005578995,-0.04148483,-39.77083,1.175837,-1.148949,0.1576865,-0.1118401,-0.9811357,0.07152557,-0.03773868,-0.03948212,-39.88395,1.15377,-1.148239,-0.2006999,-0.3911764,-0.8981655,-0.001144409,0.008797646,-0.1155853,0.2282048
1731427006569,-39.78574,1.526688,-1.000896,-0.07585178,-0.02663127,-0.9967638,0,0,0,-39.77083,1.175837,-1.148949,0.1576865,-0.1118401,-0.9811357,0,0,0,-39.88395,1.15377,-1.148239,-0.2006999,-0.3911764,-0.8981655,0,0,0,0.2282048
1731427006593,-39.78524,1.526721,-1.001484,-0.07360263,-0.02602514,-0.9969485,0.0374794,0.002485514,-0.04405975,-39.76974,1.175303,-1.149536,0.1672951,-0.1151273,-0.9791619,0.08182526,-0.04000068,-0.04405975,-39.883,1.15345,-1.150017,-0.2182374,-0.3989277,-0.8906347,0.07152557,-0.02401471,-0.1333237,0.2282048
1731427006596,-39.78524,1.526721,-1.001484,-0.07360263,-0.02602514,-0.9969485,0,0,0,-39.76974,1.175303,-1.149536,0.1672951,-0.1151273,-0.9791619,0,0,0,-39.883,1.15345,-1.150017,-0.2182374,-0.3989277,-0.8906347,0,0,0,0.2282048
1731427006620,-39.78468,1.526804,-1.001797,-0.07163668,-0.02574137,-0.9970989,0.04177094,0.006240606,-0.02346039,-39.76941,1.175192,-1.149879,0.1689239,-0.1156235,-0.9788243,0.0243187,-0.008305907,-0.02574921,-39.88169,1.154173,-1.151653,-0.2323606,-0.3846135,-0.8933543,0.09784698,0.05424321,-0.1227379,0.2282048
1731427006624,-39.78468,1.526804,-1.001797,-0.07163668,-0.02574137,-0.9970989,0,0,0,-39.76941,1.175192,-1.149879,0.1689239,-0.1156235,-0.9788243,0,0,0,-39.88169,1.154173,-1.151653,-0.2323606,-0.3846135,-0.8933543,0,0,0,0.2282048
1731427006628,-39.78468,1.526804,-1.001797,-0.07163668,-0.02574137,-0.9970989,0,0,0,-39.76941,1.175192,-1.149879,0.1689239,-0.1156235,-0.9788243,0,0,0,-39.88169,1.154173,-1.151653,-0.2323606,-0.3846135,-0.8933543,0,0,0,0.2282048
1731427006648,-39.78429,1.526928,-1.00219,-0.07125294,-0.02502353,-0.9971448,0.02918243,0.009280443,-0.02946854,-39.76908,1.175291,-1.149994,0.1707837,-0.1123186,-0.978886,0.025177,0.007393956,-0.008583069,-39.88104,1.155943,-1.151741,-0.232568,-0.3414355,-0.9106784,0.04920959,0.1327068,-0.006580353,0.2282048
1731427006652,-39.78429,1.526928,-1.00219,-0.07125294,-0.02502353,-0.9971448,0,0,0,-39.76908,1.175291,-1.149994,0.1707837,-0.1123186,-0.978886,0,0,0,-39.88104,1.155943,-1.151741,-0.232568,-0.3414355,-0.9106784,0,0,0,0.2282048
1731427006676,-39.7839,1.527029,-1.002449,-0.07055113,-0.02264867,-0.9972512,0.02918243,0.007563829,-0.01945496,-39.76846,1.175367,-1.150333,0.1735853,-0.1129983,-0.9783149,0.04663467,0.005659461,-0.0254631,-39.88164,1.15732,-1.152008,-0.2170657,-0.3270714,-0.9197322,-0.04491806,0.1033008,-0.02002716,0.2282048
1731427006680,-39.7839,1.527029,-1.002449,-0.07055113,-0.02264867,-0.9972512,0,0,0,-39.76846,1.175367,-1.150333,0.1735853,-0.1129983,-0.9783149,0,0,0,-39.88164,1.15732,-1.152008,-0.2170657,-0.3270714,-0.9197322,0,0,0,0.2282048
1731427006704,-39.78371,1.52719,-1.002884,-0.06775022,-0.02201893,-0.9974595,0.01401901,0.01208782,-0.03261566,-39.76776,1.175388,-1.151051,0.1799483,-0.1215286,-0.9761403,0.05235672,0.001645088,-0.05378723,-39.88181,1.157919,-1.152225,-0.199755,-0.3203247,-0.9260079,-0.01316071,0.04490018,-0.01630783,0.2282048
1731427006707,-39.78371,1.52719,-1.002884,-0.06775022,-0.02201893,-0.9974595,0,0,0,-39.76776,1.175388,-1.151051,0.1799483,-0.1215286,-0.9761403,0,0,0,-39.88181,1.157919,-1.152225,-0.199755,-0.3203247,-0.9260079,0,0,0,0.2282048
1731427006731,-39.78325,1.526987,-1.00317,-0.06505622,-0.02202027,-0.9976392,0.03519058,-0.01521707,-0.02145767,-39.76746,1.175363,-1.15036,0.1774347,-0.1167649,-0.9771812,0.02202988,-0.001940131,0.05178452,-39.88184,1.157503,-1.153896,-0.2015336,-0.3323344,-0.9213786,-0.002002716,-0.03115833,-0.1253128,0.2282048
1731427006736,-39.78325,1.526987,-1.00317,-0.06505622,-0.02202027,-0.9976392,0,0,0,-39.76746,1.175363,-1.15036,0.1774347,-0.1167649,-0.9771812,0,0,0,-39.88184,1.157503,-1.153896,-0.2015336,-0.3323344,-0.9213786,0,0,0,0.2282048
1731427006759,-39.78301,1.526991,-1.003593,-0.06216823,-0.02263263,-0.9978094,0.01745224,0.0002861023,-0.03175735,-39.76629,1.175721,-1.15033,0.1781235,-0.1134285,-0.9774492,0.0878334,0.02684891,0.002288818,-39.87964,1.156374,-1.15321,-0.2353982,-0.3191439,-0.9180062,0.1647949,-0.08469522,0.05149841,0.2282048
1731427006763,-39.78301,1.526991,-1.003593,-0.06216823,-0.02263263,-0.9978094,0,0,0,-39.76629,1.175721,-1.15033,0.1781235,-0.1134285,-0.9774492,0,0,0,-39.87964,1.156374,-1.15321,-0.2353982,-0.3191439,-0.9180062,0,0,0,0.2282048
1731427006787,-39.78266,1.526668,-1.003811,-0.05945255,-0.02373132,-0.9979491,0.02660751,-0.02422929,-0.01630783,-39.76486,1.176147,-1.150307,0.1846515,-0.1096019,-0.9766736,0.1072884,0.03198087,0.001716614,-39.88044,1.15729,-1.15313,-0.2318401,-0.2777656,-0.9322538,-0.06008148,0.06868243,0.006008148,0.2282048
1731427006791,-39.78266,1.526668,-1.003811,-0.05945255,-0.02373132,-0.9979491,0,0,0,-39.76486,1.176147,-1.150307,0.1846515,-0.1096019,-0.9766736,0,0,0,-39.88044,1.15729,-1.15313,-0.2318401,-0.2777656,-0.9322538,0,0,0,0.2282048
1731427006815,-39.78222,1.526495,-1.004002,-0.05661352,-0.02528691,-0.9980764,0.03318787,-0.01299977,-0.01430511,-39.76472,1.175786,-1.150238,0.1847377,-0.1112222,-0.9764745,0.01058578,-0.02706349,0.005149841,-39.88138,1.15856,-1.152771,-0.1958891,-0.25556,-0.9467404,-0.07038116,0.09525418,0.02689362,0.2282048
1731427006819,-39.78222,1.526495,-1.004002,-0.05661352,-0.02528691,-0.9980764,0,0,0,-39.76472,1.175786,-1.150238,0.1847377,-0.1112222,-0.9764745,0,0,0,-39.88138,1.15856,-1.152771,-0.1958891,-0.25556,-0.9467404,0,0,0,0.2282048
1731427006843,-39.78183,1.526234,-1.004017,-0.05332008,-0.02701161,-0.9982127,0.02918243,-0.01953542,-0.001144409,-39.76431,1.175736,-1.149906,0.1862438,-0.1140916,-0.975857,0.03089905,-0.003746152,0.0248909,-39.88066,1.160736,-1.153275,-0.1806559,-0.2390139,-0.9540632,0.05435944,0.1631677,-0.0377655,0.2282048
1731427006847,-39.78183,1.526234,-1.004017,-0.05332008,-0.02701161,-0.9982127,0,0,0,-39.76431,1.175736,-1.149906,0.1862438,-0.1140916,-0.975857,0,0,0,-39.88066,1.160736,-1.153275,-0.1806559,-0.2390139,-0.9540632,0,0,0,0.2282048
1731427006870,-39.78149,1.5261,-1.004108,-0.05114406,-0.02935368,-0.9982603,0.025177,-0.01007617,-0.006866455,-39.76396,1.175813,-1.149189,0.1849883,-0.1122865,-0.9763055,0.02632141,0.005793571,0.05378723,-39.88126,1.161292,-1.153545,-0.190505,-0.2600204,-0.9466245,-0.04549026,0.04171729,-0.02031326,0.2282048
1731427006874,-39.78149,1.5261,-1.004108,-0.05114406,-0.02935368,-0.9982603,0,0,0,-39.76396,1.175813,-1.149189,0.1849883,-0.1122865,-0.9763055,0,0,0,-39.88126,1.161292,-1.153545,-0.190505,-0.2600204,-0.9466245,0,0,0,0.2282048
1731427006898,-39.78142,1.526228,-1.004192,-0.04866538,-0.02869485,-0.9984031,0.005149841,0.00962019,-0.00629425,-39.76381,1.175848,-1.148266,0.1784077,-0.1090284,-0.977898,0.01144409,0.002557039,0.06923676,-39.88113,1.160765,-1.154194,-0.1768149,-0.2900893,-0.9405243,0.01029968,-0.03953576,-0.04863739,0.2282048
1731427006903,-39.78142,1.526228,-1.004192,-0.04866538,-0.02869485,-0.9984031,0,0,0,-39.76381,1.175848,-1.148266,0.1784077,-0.1090284,-0.977898,0,0,0,-39.88113,1.160765,-1.154194,-0.1768149,-0.2900893,-0.9405243,0,0,0,0.2282048
1731427006926,-39.78131,1.526397,-1.004223,-0.04743691,-0.02793349,-0.9984841,0.008010864,0.01267791,-0.002288818,-39.76377,1.175703,-1.147671,0.1733699,-0.1063998,-0.9790926,0.002861023,-0.01087189,0.04463196,-39.88003,1.16014,-1.153736,-0.2058487,-0.2719158,-0.9400474,0.08239746,-0.04684925,0.03433228,0.2282048
1731427006930,-39.78131,1.526397,-1.004223,-0.04743691,-0.02793349,-0.9984841,0,0,0,-39.76377,1.175703,-1.147671,0.1733699,-0.1063998,-0.9790926,0,0,0,-39.88003,1.16014,-1.153736,-0.2058487,-0.2719158,-0.9400474,0,0,0,0.2282048
1731427006933,-39.78131,1.526397,-1.004223,-0.04743691,-0.02793349,-0.9984841,0,0,0,-39.76377,1.175703,-1.147671,0.1733699,-0.1063998,-0.9790926,0,0,0,-39.88003,1.16014,-1.153736,-0.2058487,-0.2719158,-0.9400474,0,0,0,0.2282048
1731427006954,-39.78144,1.526497,-1.004219,-0.04821902,-0.02759661,-0.9984558,-0.009441376,0.007456541,0.0002861023,-39.76354,1.175525,-1.14785,0.1750854,-0.1067156,-0.9787531,0.01716614,-0.01332164,-0.01344681,-39.87923,1.159383,-1.153233,-0.2145816,-0.2569181,-0.9423101,0.06008148,-0.05679131,0.0377655,0.2282048
1731427006958,-39.78144,1.526497,-1.004219,-0.04821902,-0.02759661,-0.9984558,0,0,0,-39.76354,1.175525,-1.14785,0.1750854,-0.1067156,-0.9787531,0,0,0,-39.87923,1.159383,-1.153233,-0.2145816,-0.2569181,-0.9423101,0,0,0,0.2282048
1731427006981,-39.78164,1.52649,-1.00425,-0.04890712,-0.02795898,-0.9984121,-0.01516342,-0.0005185604,-0.002288818,-39.76346,1.175469,-1.147781,0.1779979,-0.1085655,-0.9780241,0.006008148,-0.004220009,0.005149841,-39.87904,1.157886,-1.153214,-0.2040215,-0.2744833,-0.9396993,0.01430511,-0.1122594,0.001430511,0.2282048
1731427006986,-39.78164,1.52649,-1.00425,-0.04890712,-0.02795898,-0.9984121,0,0,0,-39.76346,1.175469,-1.147781,0.1779979,-0.1085655,-0.9780241,0,0,0,-39.87904,1.157886,-1.153214,-0.2040215,-0.2744833,-0.9396993,0,0,0,0.2282048
1731427007009,-39.78188,1.526442,-1.00444,-0.05126126,-0.02828123,-0.9982854,-0.01773834,-0.00359416,-0.01430511,-39.76325,1.175376,-1.147743,0.1794166,-0.1088449,-0.9777336,0.01544952,-0.006920099,0.002861023,-39.87874,1.156617,-1.152912,-0.1950909,-0.2879701,-0.9375569,0.02231598,-0.09520054,0.02260208,0.2282048
1731427007014,-39.78188,1.526442,-1.00444,-0.05126126,-0.02828123,-0.9982854,0,0,0,-39.76325,1.175376,-1.147743,0.1794166,-0.1088449,-0.9777336,0,0,0,-39.87874,1.156617,-1.152912,-0.1950909,-0.2879701,-0.9375569,0,0,0,0.2282048
1731427007039,-39.78205,1.526417,-1.004665,-0.0529452,-0.02930439,-0.9981681,-0.0125885,-0.001823902,-0.01688004,-39.76325,1.175246,-1.147804,0.1828301,-0.110499,-0.9769156,0,-0.009799004,-0.004577637,-39.87834,1.156344,-1.152134,-0.2080076,-0.2767262,-0.9381661,0.02975464,-0.02045631,0.05836487,0.2282048
1731427007043,-39.78205,1.526417,-1.004665,-0.0529452,-0.02930439,-0.9981681,0,0,0,-39.76325,1.175246,-1.147804,0.1828301,-0.110499,-0.9769156,0,0,0,-39.87834,1.156344,-1.152134,-0.2080076,-0.2767262,-0.9381661,0,0,0,0.2282048
1731427007064,-39.78195,1.526374,-1.004986,-0.05414856,-0.03059992,-0.9980643,0.00743866,-0.003227592,-0.02403259,2.5,0.2282048,0,-1,0,-1.192093E-07,3169.744,-71.02807,86.08532,2.5,0.2282048,0,-1,0,-1.192093E-07,3178.375,-69.61043,86.41004,0.2282048
1731427007070,-39.78195,1.526374,-1.004986,-0.05414856,-0.03059992,-0.9980643,0,0,0,2.5,0.2282048,0,-1,0,-1.192093E-07,0,0,0,2.5,0.2282048,0,-1,0,-1.192093E-07,0,0,0,0.2282048
1731427007092,-39.78181,1.526225,-1.005203,-0.05441208,-0.03132631,-0.9980274,0.01029968,-0.01122057,-0.01630783,2.5,0.2282048,0,-1,0,-1.192093E-07,0,0,0,2.5,0.2282048,0,-1,0,-1.192093E-07,0,0,0,0.2282048
1731427007105,-39.78181,1.526225,-1.005203,-0.05441208,-0.03132631,-0.9980274,0,0,0,2.5,0.2282048,0,-1,0,-1.192093E-07,0,0,0,2.5,0.2282048,0,-1,0,-1.192093E-07,0,0,0,0.2282048
1731427007134,-39.7815,1.525991,-1.005379,-0.05262074,-0.03397571,-0.9980367,0.02346039,-0.01754165,-0.01316071,2.5,0.2282048,0,-1,0,-1.192093E-07,0,0,0,2.5,0.2282048,0,-1,0,-1.192093E-07,0,0,0,0.2282048
1731427007140,-39.7815,1.525991,-1.005379,-0.05262074,-0.03397571,-0.9980367,0,0,0,2.5,0.2282048,0,-1,0,-1.192093E-07,0,0,0,2.5,0.2282048,0,-1,0,-1.192093E-07,0,0,0,0.2282048
1731427007144,-39.7815,1.525991,-1.005379,-0.05262074,-0.03397571,-0.9980367,0,0,0,2.5,0.2282048,0,-1,0,-1.192093E-07,0,0,0,2.5,0.2282048,0,-1,0,-1.192093E-07,0,0,0,0.2282048
1731427007161,-39.78126,1.525799,-1.005447,-0.04949046,-0.03585647,-0.9981313,0.01773834,-0.01435876,-0.005149841,2.5,0.2282048,0,-1,0,-1.192093E-07,0,0,0,2.5,0.2282048,0,-1,0,-1.192093E-07,0,0,0,0.2282048
1731427007167,-39.78126,1.525799,-1.005447,-0.04949046,-0.03585647,-0.9981313,0,0,0,2.5,0.2282048,0,-1,0,-1.192093E-07,0,0,0,2.5,0.2282048,0,-1,0,-1.192093E-07,0,0,0,0.2282048
1731427007171,-39.78126,1.525799,-1.005447,-0.04949046,-0.03585647,-0.9981313,0,0,0,2.5,0.2282048,0,-1,0,-1.192093E-07,0,0,0,2.5,0.2282048,0,-1,0,-1.192093E-07,0,0,0,0.2282048
1731427007188,-39.78099,1.525841,-1.005505,-0.04751645,-0.03564123,-0.9982347,0.02059937,0.003093481,-0.004291534,2.5,0.2282048,0,-1,0,-1.192093E-07,0,0,0,2.5,0.2282048,0,-1,0,-1.192093E-07,0,0,0,0.2282048
1731427007193,-39.78099,1.525841,-1.005505,-0.04751645,-0.03564123,-0.9982347,0,0,0,2.5,0.2282048,0,-1,0,-1.192093E-07,0,0,0,2.5,0.2282048,0,-1,0,-1.192093E-07,0,0,0,0.2282048
1731427007216,-39.78095,1.525944,-1.00552,-0.04614423,-0.03524404,-0.9983132,0.002861023,0.007778406,-0.001144409,2.5,0.2282048,0,-1,0,-1.192093E-07,0,0,0,2.5,0.2282048,0,-1,0,-1.192093E-07,0,0,0,0.2282048
1731427007245,-39.78097,1.526065,-1.005493,-0.04546298,-0.03490204,-0.9983563,-0.001716614,0.009030104,0.002002716,2.5,0.2282048,0,-1,0,-1.192093E-07,0,0,0,2.5,0.2282048,0,-1,0,-1.192093E-07,0,0,0,0.2282048
1731427007249,-39.78097,1.526065,-1.005493,-0.04546298,-0.03490204,-0.9983563,0,0,0,2.5,0.2282048,0,-1,0,-1.192093E-07,0,0,0,2.5,0.2282048,0,-1,0,-1.192093E-07,0,0,0,0.2282048
1731427007273,-39.78079,1.526117,-1.005562,-0.04417314,-0.03401558,-0.998445,0.01344681,0.003916025,-0.005149841,2.5,0.2282048,0,-1,0,-1.192093E-07,0,0,0,2.5,0.2282048,0,-1,0,-1.192093E-07,0,0,0,0.2282048
1731427007277,-39.78079,1.526117,-1.005562,-0.04417314,-0.03401558,-0.998445,0,0,0,2.5,0.2282048,0,-1,0,-1.192093E-07,0,0,0,2.5,0.2282048,0,-1,0,-1.192093E-07,0,0,0,0.2282048
1731427007281,-39.78079,1.526117,-1.005562,-0.04417314,-0.03401558,-0.998445,0,0,0,2.5,0.2282048,0,-1,0,-1.192093E-07,0,0,0,2.5,0.2282048,0,-1,0,-1.192093E-07,0,0,0,0.2282048
1731427007300,-39.78053,1.526171,-1.00573,-0.04199183,-0.03289255,-0.9985768,0.02002716,0.004068017,-0.0125885,2.5,0.2282048,0,-1,0,-1.192093E-07,0,0,0,2.5,0.2282048,0,-1,0,-1.192093E-07,0,0,0,0.2282048
1731427007307,-39.78053,1.526171,-1.00573,-0.04199183,-0.03289255,-0.9985768,0,0,0,2.5,0.2282048,0,-1,0,-1.192093E-07,0,0,0,2.5,0.2282048,0,-1,0,-1.192093E-07,0,0,0,0.2282048
1731427007328,-39.78023,1.526144,-1.005981,-0.03876767,-0.03373444,-0.9986788,0.02202988,-0.002065301,-0.01888275,2.5,0.2282048,0,-1,0,-1.192093E-07,0,0,0,2.5,0.2282048,0,-1,0,-1.192093E-07,0,0,0,0.2282048
1731427007332,-39.78023,1.526144,-1.005981,-0.03876767,-0.03373444,-0.9986788,0,0,0,2.5,0.2282048,0,-1,0,-1.192093E-07,0,0,0,2.5,0.2282048,0,-1,0,-1.192093E-07,0,0,0,0.2282048
1731427007356,-39.77972,1.526115,-1.006248,-0.03458307,-0.03380061,-0.9988306,0.03862381,-0.002136827,-0.02002716,2.5,0.2282048,0,-1,0,-1.192093E-07,0,0,0,2.5,0.2282048,0,-1,0,-1.192093E-07,0,0,0,0.2282048
1731427007360,-39.77972,1.526115,-1.006248,-0.03458307,-0.03380061,-0.9988306,0,0,0,2.5,0.2282048,0,-1,0,-1.192093E-07,0,0,0,2.5,0.2282048,0,-1,0,-1.192093E-07,0,0,0,0.2282048
1731427007384,-39.77889,1.526064,-1.006325,-0.02846567,-0.03397013,-0.999018,0.0620842,-0.0038445,-0.005722046,2.5,0.2282048,0,-1,0,-1.192093E-07,0,0,0,2.5,0.2282048,0,-1,0,-1.192093E-07,0,0,0,0.2282048
1731427007388,-39.77889,1.526064,-1.006325,-0.02846567,-0.03397013,-0.999018,0,0,0,2.5,0.2282048,0,-1,0,-1.192093E-07,0,0,0,2.5,0.2282048,0,-1,0,-1.192093E-07,0,0,0,0.2282048
1731427007412,-39.77813,1.526263,-1.006424,-0.02198217,-0.03343792,-0.9991994,0.05722046,0.0148952,-0.00743866,2.5,0.2282048,0,-1,0,-1.192093E-07,0,0,0,2.5,0.2282048,0,-1,0,-1.192093E-07,0,0,0,0.2282048
1731427007416,-39.77813,1.526263,-1.006424,-0.02198217,-0.03343792,-0.9991994,0,0,0,2.5,0.2282048,0,-1,0,-1.192093E-07,0,0,0,2.5,0.2282048,0,-1,0,-1.192093E-07,0,0,0,0.2282048
1731427007439,-39.77731,1.526453,-1.006489,-0.01402423,-0.03105678,-0.9994197,0.06122589,0.01431406,-0.004863739,2.5,0.2282048,0,-1,0,-1.192093E-07,0,0,0,2.5,0.2282048,0,-1,0,-1.192093E-07,0,0,0,0.2282048
1731427007443,-39.77731,1.526453,-1.006489,-0.01402423,-0.03105678,-0.9994197,0,0,0,2.5,0.2282048,0,-1,0,-1.192093E-07,0,0,0,2.5,0.2282048,0,-1,0,-1.192093E-07,0,0,0,0.2282048
1731427007467,-39.77637,1.526563,-1.006645,-0.006293211,-0.02930904,-0.9995509,0.07038116,0.00820756,-0.01173019,2.5,0.2282048,0,-1,0,-1.192093E-07,0,0,0,2.5,0.2282048,0,-1,0,-1.192093E-07,0,0,0,0.2282048
1731427007471,-39.77637,1.526563,-1.006645,-0.006293211,-0.02930904,-0.9995509,0,0,0,2.5,0.2282048,0,-1,0,-1.192093E-07,0,0,0,2.5,0.2282048,0,-1,0,-1.192093E-07,0,0,0,0.2282048
1731427007495,-39.77536,1.526553,-1.006901,0.001839878,-0.02929098,-0.99957,0.07553101,-0.0007688999,-0.01916885,2.5,0.2282048,0,-1,0,-1.192093E-07,0,0,0,2.5,0.2282048,0,-1,0,-1.192093E-07,0,0,0,0.2282048
1731427007499,-39.77536,1.526553,-1.006901,0.001839878,-0.02929098,-0.99957,0,0,0,2.5,0.2282048,0,-1,0,-1.192093E-07,0,0,0,2.5,0.2282048,0,-1,0,-1.192093E-07,0,0,0,0.2282048
1731427007523,-39.77405,1.526504,-1.008934,0.01037677,-0.02927256,-0.999518,0.09870529,-0.003656745,-0.1524925,2.5,0.2282048,0,-1,0,-1.192093E-07,0,0,0,2.5,0.2282048,0,-1,0,-1.192093E-07,0,0,0,0.2282048
1731427007527,-39.77405,1.526504,-1.008934,0.01037677,-0.02927256,-0.999518,0,0,0,2.5,0.2282048,0,-1,0,-1.192093E-07,0,0,0,2.5,0.2282048,0,-1,0,-1.192093E-07,0,0,0,0.2282048
1731427007550,-39.77275,1.526188,-1.010273,0.01870861,-0.03120215,-0.9993383,0.09756088,-0.02370179,-0.1004219,2.5,0.2282048,0,-1,0,-1.192093E-07,0,0,0,2.5,0.2282048,0,-1,0,-1.192093E-07,0,0,0,0.2282048
1731427007554,-39.77275,1.526188,-1.010273,0.01870861,-0.03120215,-0.9993383,0,0,0,2.5,0.2282048,0,-1,0,-1.192093E-07,0,0,0,2.5,0.2282048,0,-1,0,-1.192093E-07,0,0,0,0.2282048
1731427007578,-39.77152,1.525739,-1.010399,0.02724055,-0.03474889,-0.9990255,0.09212494,-0.03365278,-0.009441376,2.5,0.2282048,0,-1,0,-1.192093E-07,0,0,0,2.5,0.2282048,0,-1,0,-1.192093E-07,0,0,0,0.2282048
1731427007582,-39.77152,1.525739,-1.010399,0.02724055,-0.03474889,-0.9990255,0,0,0,2.5,0.2282048,0,-1,0,-1.192093E-07,0,0,0,2.5,0.2282048,0,-1,0,-1.192093E-07,0,0,0,0.2282048
1731427007606,-39.77037,1.525291,-1.010601,0.03478884,-0.03859335,-0.9986497,0.08640289,-0.03358126,-0.01516342,2.5,0.2282048,0,-1,0,-1.192093E-07,0,0,0,2.5,0.2282048,0,-1,0,-1.192093E-07,0,0,0,0.2282048
1731427007611,-39.77037,1.525291,-1.010601,0.03478884,-0.03859335,-0.9986497,0,0,0,2.5,0.2282048,0,-1,0,-1.192093E-07,0,0,0,2.5,0.2282048,0,-1,0,-1.192093E-07,0,0,0,0.2282048
1731427007634,-39.76908,1.525046,-1.014977,0.04208204,-0.04100231,-0.998273,0.09641647,-0.01841784,-0.3281593,2.5,0.2282048,0,-1,0,-1.192093E-07,0,0,0,2.5,0.2282048,0,-1,0,-1.192093E-07,0,0,0,0.2282048
1731427007638,-39.76908,1.525046,-1.014977,0.04208204,-0.04100231,-0.998273,0,0,0,2.5,0.2282048,0,-1,0,-1.192093E-07,0,0,0,2.5,0.2282048,0,-1,0,-1.192093E-07,0,0,0,0.2282048
1731427007641,-39.76908,1.525046,-1.014977,0.04208204,-0.04100231,-0.998273,0,0,0,2.5,0.2282048,0,-1,0,-1.192093E-07,0,0,0,2.5,0.2282048,0,-1,0,-1.192093E-07,0,0,0,0.2282048
1731427007662,-39.768,1.524892,-1.015263,0.04824772,-0.04215013,-0.9979458,0.08096695,-0.01155138,-0.02145767,2.5,0.2282048,0,-1,0,-1.192093E-07,0,0,0,2.5,0.2282048,0,-1,0,-1.192093E-07,0,0,0,0.2282048
1731427007665,-39.768,1.524892,-1.015263,0.04824772,-0.04215013,-0.9979458,0,0,0,2.5,0.2282048,0,-1,0,-1.192093E-07,0,0,0,2.5,0.2282048,0,-1,0,-1.192093E-07,0,0,0,0.2282048
1731427007689,-39.76708,1.524706,-1.015331,0.05370241,-0.04334474,-0.9976162,0.06923676,-0.01389384,-0.005149841,2.5,0.2282048,0,-1,0,-1.192093E-07,0,0,0,2.5,0.2282048,0,-1,0,-1.192093E-07,0,0,0,0.2282048
1731427007693,-39.76708,1.524706,-1.015331,0.05370241,-0.04334474,-0.9976162,0,0,0,2.5,0.2282048,0,-1,0,-1.192093E-07,0,0,0,2.5,0.2282048,0,-1,0,-1.192093E-07,0,0,0,0.2282048
1731427007717,-39.76613,1.524666,-1.015709,0.05849078,-0.04378152,-0.9973276,0.07095337,-0.003048778,-0.02832413,2.5,0.2282048,0,-1,0,-1.192093E-07,0,0,0,2.5,0.2282048,0,-1,0,-1.192093E-07,0,0,0,0.2282048
1731427007721,-39.76613,1.524666,-1.015709,0.05849078,-0.04378152,-0.9973276,0,0,0,2.5,0.2282048,0,-1,0,-1.192093E-07,0,0,0,2.5,0.2282048,0,-1,0,-1.192093E-07,0,0,0,0.2282048
1731427007745,-39.76524,1.52462,-1.016102,0.06342714,-0.04493217,-0.9969747,0.06694794,-0.003415346,-0.02946854,2.5,0.2282048,0,-1,0,-1.192093E-07,0,0,0,2.5,0.2282048,0,-1,0,-1.192093E-07,0,0,0,0.2282048
1731427007749,-39.76524,1.52462,-1.016102,0.06342714,-0.04493217,-0.9969747,0,0,0,2.5,0.2282048,0,-1,0,-1.192093E-07,0,0,0,2.5,0.2282048,0,-1,0,-1.192093E-07,0,0,0,0.2282048
1731427007773,-39.7644,1.524498,-1.015663,0.06776497,-0.04594795,-0.9966432,0.0629425,-0.009146333,0.03290176,2.5,0.2282048,0,-1,0,-1.192093E-07,0,0,0,2.5,0.2282048,0,-1,0,-1.192093E-07,0,0,0,0.2282048
1731427007777,-39.7644,1.524498,-1.015663,0.06776497,-0.04594795,-0.9966432,0,0,0,2.5,0.2282048,0,-1,0,-1.192093E-07,0,0,0,2.5,0.2282048,0,-1,0,-1.192093E-07,0,0,0,0.2282048
1731427007800,-39.76344,1.524565,-1.015301,0.07257627,-0.04694901,-0.9962578,0.07238388,0.005033612,0.02717972,2.5,0.2282048,0,-1,0,-1.192093E-07,0,0,0,2.5,0.2282048,0,-1,0,-1.192093E-07,0,0,0,0.2282048
1731427007804,-39.76344,1.524565,-1.015301,0.07257627,-0.04694901,-0.9962578,0,0,0,2.5,0.2282048,0,-1,0,-1.192093E-07,0,0,0,2.5,0.2282048,0,-1,0,-1.192093E-07,0,0,0,0.2282048
1731427007828,-39.76237,1.524928,-1.015236,0.07847562,-0.04346808,-0.9959683,0.07982254,0.02720654,0.004863739,2.5,0.2282048,0,-1,0,-1.192093E-07,0,0,0,2.5,0.2282048,0,-1,0,-1.192093E-07,0,0,0,0.2282048
1731427007832,-39.76237,1.524928,-1.015236,0.07847562,-0.04346808,-0.9959683,0,0,0,2.5,0.2282048,0,-1,0,-1.192093E-07,0,0,0,2.5,0.2282048,0,-1,0,-1.192093E-07,0,0,0,0.2282048
1731427007856,-39.76119,1.525191,-1.014984,0.08530129,-0.03938267,-0.9955769,0.08869171,0.0197053,0.01888275,2.5,0.2282048,0,-1,0,-1.192093E-07,0,0,0,2.5,0.2282048,0,-1,0,-1.192093E-07,0,0,0,0.2282048
1731427007860,-39.76119,1.525191,-1.014984,0.08530129,-0.03938267,-0.9955769,0,0,0,2.5,0.2282048,0,-1,0,-1.192093E-07,0,0,0,2.5,0.2282048,0,-1,0,-1.192093E-07,0,0,0,0.2282048
1731427007884,-39.75989,1.525503,-1.015018,0.09288307,-0.03453124,-0.9950787,0.09727478,0.02338886,-0.002574921,2.5,0.2282048,0,-1,0,-1.192093E-07,0,0,0,2.5,0.2282048,0,-1,0,-1.192093E-07,0,0,0,0.2282048
1731427007887,-39.75989,1.525503,-1.015018,0.09288307,-0.03453124,-0.9950787,0,0,0,2.5,0.2282048,0,-1,0,-1.192093E-07,0,0,0,2.5,0.2282048,0,-1,0,-1.192093E-07,0,0,0,0.2282048
1731427007912,-39.75834,1.526201,-1.014999,0.1003025,-0.02441152,-0.9946578,0.1167297,0.05234778,0.001430511,2.5,0.2282048,0,-1,0,-1.192093E-07,0,0,0,2.5,0.2282048,0,-1,0,-1.192093E-07,0,0,0,0.2282048
1731427007916,-39.75834,1.526201,-1.014999,0.1003025,-0.02441152,-0.9946578,0,0,0,2.5,0.2282048,0,-1,0,-1.192093E-07,0,0,0,2.5,0.2282048,0,-1,0,-1.192093E-07,0,0,0,0.2282048
1731427007939,-39.75653,1.527415,-1.014908,0.109345,-0.01213462,-0.9939306,0.1350403,0.09108782,0.006866455,2.5,0.2282048,0,-1,0,-1.192093E-07,0,0,0,2.5,0.2282048,0,-1,0,-1.192093E-07,0,0,0,0.2282048
1731427007944,-39.75653,1.527415,-1.014908,0.109345,-0.01213462,-0.9939306,0,0,0,2.5,0.2282048,0,-1,0,-1.192093E-07,0,0,0,2.5,0.2282048,0,-1,0,-1.192093E-07,0,0,0,0.2282048
1731427007967,-39.75473,1.528288,-1.01527,0.1208556,0.004469743,-0.9926605,0.1350403,0.06547272,-0.02717972,2.5,0.2282048,0,-1,0,-1.192093E-07,0,0,0,2.5,0.2282048,0,-1,0,-1.192093E-07,0,0,0,0.2282048
1731427007971,-39.75473,1.528288,-1.01527,0.1208556,0.004469743,-0.9926605,0,0,0,2.5,0.2282048,0,-1,0,-1.192093E-07,0,0,0,2.5,0.2282048,0,-1,0,-1.192093E-07,0,0,0,0.2282048
1731427007974,-39.75473,1.528288,-1.01527,0.1208556,0.004469743,-0.9926605,0,0,0,2.5,0.2282048,0,-1,0,-1.192093E-07,0,0,0,2.5,0.2282048,0,-1,0,-1.192093E-07,0,0,0,0.2282048
1731427007995,-39.7526,1.528045,-1.015301,0.131812,0.008536197,-0.9912386,0.1602173,-0.01822114,-0.002288818,2.5,0.2282048,0,-1,0,-1.192093E-07,0,0,0,2.5,0.2282048,0,-1,0,-1.192093E-07,0,0,0,0.2282048
1731427007999,-39.7526,1.528045,-1.015301,0.131812,0.008536197,-0.9912386,0,0,0,2.5,0.2282048,0,-1,0,-1.192093E-07,0,0,0,2.5,0.2282048,0,-1,0,-1.192093E-07,0,0,0,0.2282048
1731427008023,-39.75052,1.526894,-1.015549,0.1428029,0.004718986,-0.9897404,0.1556396,-0.08634925,-0.01859665,2.5,0.2282048,0,-1,0,-1.192093E-07,0,0,0,2.5,0.2282048,0,-1,0,-1.192093E-07,0,0,0,0.2282048
1731427008027,-39.75052,1.526894,-1.015549,0.1428029,0.004718986,-0.9897404,0,0,0,2.5,0.2282048,0,-1,0,-1.192093E-07,0,0,0,2.5,0.2282048,0,-1,0,-1.192093E-07,0,0,0,0.2282048
1731427008050,-39.74845,1.525466,-1.015732,0.1532565,-0.00678619,-0.9881638,0.1556396,-0.1071095,-0.01373291,2.5,0.2282048,0,-1,0,-1.192093E-07,0,0,0,2.5,0.2282048,0,-1,0,-1.192093E-07,0,0,0,0.2282048
1731427008054,-39.74845,1.525466,-1.015732,0.1532565,-0.00678619,-0.9881638,0,0,0,2.5,0.2282048,0,-1,0,-1.192093E-07,0,0,0,2.5,0.2282048,0,-1,0,-1.192093E-07,0,0,0,0.2282048
1731427008078,-39.74635,1.524426,-1.016045,0.1600695,-0.01762771,-0.986949,0.1576424,-0.07801652,-0.02346039,2.5,0.2282048,0,-1,0,-1.192093E-07,0,0,0,2.5,0.2282048,0,-1,0,-1.192093E-07,0,0,0,0.2282048
1731427008082,-39.74635,1.524426,-1.016045,0.1600695,-0.01762771,-0.986949,0,0,0,2.5,0.2282048,0,-1,0,-1.192093E-07,0,0,0,2.5,0.2282048,0,-1,0,-1.192093E-07,0,0,0,0.2282048
1731427008106,-39.74454,1.523504,-1.016247,0.1640511,-0.02666672,-0.9860919,0.1353264,-0.06912947,-0.01516342,2.5,0.2282048,0,-1,0,-1.192093E-07,0,0,0,2.5,0.2282048,0,-1,0,-1.192093E-07,0,0,0,0.2282048
1731427008110,-39.74454,1.523504,-1.016247,0.1640511,-0.02666672,-0.9860919,0,0,0,2.5,0.2282048,0,-1,0,-1.192093E-07,0,0,0,2.5,0.2282048,0,-1,0,-1.192093E-07,0,0,0,0.2282048
1731427008134,-39.74345,1.522949,-1.016529,0.1671654,-0.03137286,-0.98543,0.08182526,-0.04159212,-0.02117157,2.5,0.2282048,0,-1,0,-1.192093E-07,0,0,0,2.5,0.2282048,0,-1,0,-1.192093E-07,0,0,0,0.2282048
1731427008138,-39.74345,1.522949,-1.016529,0.1671654,-0.03137286,-0.98543,0,0,0,2.5,0.2282048,0,-1,0,-1.192093E-07,0,0,0,2.5,0.2282048,0,-1,0,-1.192093E-07,0,0,0,0.2282048
1731427008161,-39.74186,1.522712,-1.016663,0.1714447,-0.03217243,-0.9846687,0.1195908,-0.01779199,-0.01001358,2.5,0.2282048,0,-1,0,-1.192093E-07,0,0,0,2.5,0.2282048,0,-1,0,-1.192093E-07,0,0,0,0.2282048
1731427008166,-39.74186,1.522712,-1.016663,0.1714447,-0.03217243,-0.9846687,0,0,0,2.5,0.2282048,0,-1,0,-1.192093E-07,0,0,0,2.5,0.2282048,0,-1,0,-1.192093E-07,0,0,0,0.2282048
1731427008189,-39.74044,1.52251,-1.016552,0.1753461,-0.03377249,-0.9839275,0.1064301,-0.01512766,0.008296967,2.5,0.2282048,0,-1,0,-1.192093E-07,0,0,0,2.5,0.2282048,0,-1,0,-1.192093E-07,0,0,0,0.2282048
1731427008193,-39.74044,1.52251,-1.016552,0.1753461,-0.03377249,-0.9839275,0,0,0,2.5,0.2282048,0,-1,0,-1.192093E-07,0,0,0,2.5,0.2282048,0,-1,0,-1.192093E-07,0,0,0,0.2282048
1731427008217,-39.73928,1.522567,-1.016396,0.1790922,-0.03363985,-0.9832575,0.086689,0.00422895,0.01173019,2.5,0.2282048,0,-1,0,-1.192093E-07,0,0,0,2.5,0.2282048,0,-1,0,-1.192093E-07,0,0,0,0.2282048
1731427008221,-39.73928,1.522567,-1.016396,0.1790922,-0.03363985,-0.9832575,0,0,0,2.5,0.2282048,0,-1,0,-1.192093E-07,0,0,0,2.5,0.2282048,0,-1,0,-1.192093E-07,0,0,0,0.2282048
1731427008245,-39.73897,1.522963,-1.01627,0.1824787,-0.03374679,-0.982631,0.02317429,0.02973676,0.009441376,2.5,0.2282048,0,-1,0,-1.192093E-07,0,0,0,2.5,0.2282048,0,-1,0,-1.192093E-07,0,0,0,0.2282048
1731427008249,-39.73897,1.522963,-1.01627,0.1824787,-0.03374679,-0.982631,0,0,0,2.5,0.2282048,0,-1,0,-1.192093E-07,0,0,0,2.5,0.2282048,0,-1,0,-1.192093E-07,0,0,0,0.2282048
1731427008273,-39.73806,1.522775,-1.016304,0.1847319,-0.03379245,-0.982208,0.06866455,-0.01413524,-0.002574921,2.5,0.2282048,0,-1,0,-1.192093E-07,0,0,0,2.5,0.2282048,0,-1,0,-1.192093E-07,0,0,0,0.2282048
1731427008276,-39.73806,1.522775,-1.016304,0.1847319,-0.03379245,-0.982208,0,0,0,2.5,0.2282048,0,-1,0,-1.192093E-07,0,0,0,2.5,0.2282048,0,-1,0,-1.192093E-07,0,0,0,0.2282048
1731427008280,-39.73806,1.522775,-1.016304,0.1847319,-0.03379245,-0.982208,0,0,0,2.5,0.2282048,0,-1,0,-1.192093E-07,0,0,0,2.5,0.2282048,0,-1,0,-1.192093E-07,0,0,0,0.2282048
1731427008300,-39.73709,1.522764,-1.016533,0.1852207,-0.03547496,-0.9820569,0.07266998,-0.0008046627,-0.01716614,2.5,0.2282048,0,-1,0,-1.192093E-07,0,0,0,2.5,0.2282048,0,-1,0,-1.192093E-07,0,0,0,0.2282048
1731427008305,-39.73709,1.522764,-1.016533,0.1852207,-0.03547496,-0.9820569,0,0,0,2.5,0.2282048,0,-1,0,-1.192093E-07,0,0,0,2.5,0.2282048,0,-1,0,-1.192093E-07,0,0,0,0.2282048
1731427008328,-39.73642,1.522739,-1.016731,0.1853166,-0.03606466,-0.9820169,0.050354,-0.001877546,-0.01487732,2.5,0.2282048,0,-1,0,-1.192093E-07,0,0,0,2.5,0.2282048,0,-1,0,-1.192093E-07,0,0,0,0.2282048
1731427008332,-39.73642,1.522739,-1.016731,0.1853166,-0.03606466,-0.9820169,0,0,0,2.5,0.2282048,0,-1,0,-1.192093E-07,0,0,0,2.5,0.2282048,0,-1,0,-1.192093E-07,0,0,0,0.2282048
1731427008356,-39.73561,1.522712,-1.016899,0.1853168,-0.03768323,-0.9819561,0.06065369,-0.00205636,-0.0125885,2.5,0.2282048,0,-1,0,-1.192093E-07,0,0,0,2.5,0.2282048,0,-1,0,-1.192093E-07,0,0,0,0.2282048
1731427008360,-39.73561,1.522712,-1.016899,0.1853168,-0.03768323,-0.9819561,0,0,0,2.5,0.2282048,0,-1,0,-1.192093E-07,0,0,0,2.5,0.2282048,0,-1,0,-1.192093E-07,0,0,0,0.2282048
1731427008384,-39.73466,1.522792,-1.0172,0.1860273,-0.03708677,-0.9818449,0.07066727,0.00603497,-0.02260208,2.5,0.2282048,0,-1,0,-1.192093E-07,0,0,0,2.5,0.2282048,0,-1,0,-1.192093E-07,0,0,0,0.2282048
1731427008388,-39.73466,1.522792,-1.0172,0.1860273,-0.03708677,-0.9818449,0,0,0,2.5,0.2282048,0,-1,0,-1.192093E-07,0,0,0,2.5,0.2282048,0,-1,0,-1.192093E-07,0,0,0,0.2282048
1731427008411,-39.73379,1.522691,-1.017338,0.1879922,-0.03802393,-0.9814346,0.06551743,-0.007608533,-0.01029968,2.5,0.2282048,0,-1,0,-1.192093E-07,0,0,0,2.5,0.2282048,0,-1,0,-1.192093E-07,0,0,0,0.2282048
1731427008417,-39.73379,1.522691,-1.017338,0.1879922,-0.03802393,-0.9814346,0,0,0,2.5,0.2282048,0,-1,0,-1.192093E-07,0,0,0,2.5,0.2282048,0,-1,0,-1.192093E-07,0,0,0,0.2282048
1731427008439,-39.73341,1.52275,-1.017303,0.1892978,-0.03977093,-0.9811145,0.02889633,0.004470348,0.002574921,2.5,0.2282048,0,-1,0,-1.192093E-07,0,0,0,2.5,0.2282048,0,-1,0,-1.192093E-07,0,0,0,0.2282048
1731427008443,-39.73341,1.52275,-1.017303,0.1892978,-0.03977093,-0.9811145,0,0,0,2.5,0.2282048,0,-1,0,-1.192093E-07,0,0,0,2.5,0.2282048,0,-1,0,-1.192093E-07,0,0,0,0.2282048
1731427008467,-39.73276,1.522962,-1.017242,0.1905104,-0.03921378,-0.980902,0.04835129,0.01591444,0.004577637,2.5,0.2282048,0,-1,0,-1.192093E-07,0,0,0,2.5,0.2282048,0,-1,0,-1.192093E-07,0,0,0,0.2282048
1731427008471,-39.73276,1.522962,-1.017242,0.1905104,-0.03921378,-0.980902,0,0,0,2.5,0.2282048,0,-1,0,-1.192093E-07,0,0,0,2.5,0.2282048,0,-1,0,-1.192093E-07,0,0,0,0.2282048
1731427008495,-39.73217,1.523172,-1.017136,0.1920166,-0.03804101,-0.9806544,0.04405975,0.01574457,0.008010864,2.5,0.2282048,0,-1,0,-1.192093E-07,0,0,0,2.5,0.2282048,0,-1,0,-1.192093E-07,0,0,0,0.2282048
1731427008499,-39.73217,1.523172,-1.017136,0.1920166,-0.03804101,-0.9806544,0,0,0,2.5,0.2282048,0,-1,0,-1.192093E-07,0,0,0,2.5,0.2282048,0,-1,0,-1.192093E-07,0,0,0,0.2282048
1731427008523,-39.73163,1.523285,-1.016987,0.1923932,-0.03746664,-0.9806031,0.04062653,0.008440018,0.01115799,2.5,0.2282048,0,-1,0,-1.192093E-07,0,0,0,2.5,0.2282048,0,-1,0,-1.192093E-07,0,0,0,0.2282048
1731427008528,-39.73163,1.523285,-1.016987,0.1923932,-0.03746664,-0.9806031,0,0,0,2.5,0.2282048,0,-1,0,-1.192093E-07,0,0,0,2.5,0.2282048,0,-1,0,-1.192093E-07,0,0,0,0.2282048
1731427008550,-39.73107,1.523335,-1.016903,0.1930321,-0.03653742,-0.9805126,0.04234314,0.003728271,0.00629425,2.5,0.2282048,0,-1,0,-1.192093E-07,0,0,0,2.5,0.2282048,0,-1,0,-1.192093E-07,0,0,0,0.2282048
1731427008554,-39.73107,1.523335,-1.016903,0.1930321,-0.03653742,-0.9805126,0,0,0,2.5,0.2282048,0,-1,0,-1.192093E-07,0,0,0,2.5,0.2282048,0,-1,0,-1.192093E-07,0,0,0,0.2282048
1731427008578,-39.73051,1.523389,-1.01675,0.1943124,-0.03615037,-0.980274,0.04205704,0.004041195,0.01144409,2.5,0.2282048,0,-1,0,-1.192093E-07,0,0,0,2.5,0.2282048,0,-1,0,-1.192093E-07,0,0,0,0.2282048
1731427008582,-39.73051,1.523389,-1.01675,0.1943124,-0.03615037,-0.980274,0,0,0,2.5,0.2282048,0,-1,0,-1.192093E-07,0,0,0,2.5,0.2282048,0,-1,0,-1.192093E-07,0,0,0,0.2282048
1731427008606,-39.72995,1.52335,-1.016647,0.1960075,-0.03636453,-0.9799283,0.04148483,-0.002878904,0.007724762,2.5,0.2282048,0,-1,0,-1.192093E-07,0,0,0,2.5,0.2282048,0,-1,0,-1.192093E-07,0,0,0,0.2282048
1731427008610,-39.72995,1.52335,-1.016647,0.1960075,-0.03636453,-0.9799283,0,0,0,2.5,0.2282048,0,-1,0,-1.192093E-07,0,0,0,2.5,0.2282048,0,-1,0,-1.192093E-07,0,0,0,0.2282048
1731427008634,-39.72947,1.523152,-1.016422,0.197773,-0.03652463,-0.9795675,0.03662109,-0.01482368,0.01688004,2.5,0.2282048,0,-1,0,-1.192093E-07,0,0,0,2.5,0.2282048,0,-1,0,-1.192093E-07,0,0,0,0.2282048
1731427008638,-39.72947,1.523152,-1.016422,0.197773,-0.03652463,-0.9795675,0,0,0,2.5,0.2282048,0,-1,0,-1.192093E-07,0,0,0,2.5,0.2282048,0,-1,0,-1.192093E-07,0,0,0,0.2282048
1731427008642,-39.72947,1.523152,-1.016422,0.197773,-0.03652463,-0.9795675,0,0,0,2.5,0.2282048,0,-1,0,-1.192093E-07,0,0,0,2.5,0.2282048,0,-1,0,-1.192093E-07,0,0,0,0.2282048
1731427008661,-39.72898,1.523066,-1.016254,0.1986818,-0.03775349,-0.9793369,0.03662109,-0.006455183,0.0125885,2.5,0.2282048,0,-1,0,-1.192093E-07,0,0,0,2.5,0.2282048,0,-1,0,-1.192093E-07,0,0,0,0.2282048
1731427008665,-39.72898,1.523066,-1.016254,0.1986818,-0.03775349,-0.9793369,0,0,0,2.5,0.2282048,0,-1,0,-1.192093E-07,0,0,0,2.5,0.2282048,0,-1,0,-1.192093E-07,0,0,0,0.2282048
1731427008689,-39.72861,1.522876,-1.016029,0.1986666,-0.03898996,-0.9792914,0.02717972,-0.01430511,0.01688004,2.5,0.2282048,0,-1,0,-1.192093E-07,0,0,0,2.5,0.2282048,0,-1,0,-1.192093E-07,0,0,0,0.2282048
1731427008693,-39.72861,1.522876,-1.016029,0.1986666,-0.03898996,-0.9792914,0,0,0,2.5,0.2282048,0,-1,0,-1.192093E-07,0,0,0,2.5,0.2282048,0,-1,0,-1.192093E-07,0,0,0,0.2282048
1731427008717,-39.72836,1.522856,-1.015766,0.1976075,-0.03982826,-0.9794724,0.01916885,-0.001466274,0.01974106,2.5,0.2282048,0,-1,0,-1.192093E-07,0,0,0,2.5,0.2282048,0,-1,0,-1.192093E-07,0,0,0,0.2282048
1731427008724,-39.72836,1.522856,-1.015766,0.1976075,-0.03982826,-0.9794724,0,0,0,2.5,0.2282048,0,-1,0,-1.192093E-07,0,0,0,2.5,0.2282048,0,-1,0,-1.192093E-07,0,0,0,0.2282048
1731427008745,-39.72815,1.523036,-1.015476,0.196128,-0.03948145,-0.9797837,0.01602173,0.01351833,0.02174377,2.5,0.2282048,0,-1,0,-1.192093E-07,0,0,0,2.5,0.2282048,0,-1,0,-1.192093E-07,0,0,0,0.2282048
1731427008749,-39.72815,1.523036,-1.015476,0.196128,-0.03948145,-0.9797837,0,0,0,2.5,0.2282048,0,-1,0,-1.192093E-07,0,0,0,2.5,0.2282048,0,-1,0,-1.192093E-07,0,0,0,0.2282048
1731427008773,-39.72783,1.523376,-1.015301,0.1947055,-0.03705214,-0.9801625,0.02346039,0.02547204,0.01316071,2.5,0.2282048,0,-1,0,-1.192093E-07,0,0,0,2.5,0.2282048,0,-1,0,-1.192093E-07,0,0,0,0.2282048
1731427008776,-39.72783,1.523376,-1.015301,0.1947055,-0.03705214,-0.9801625,0,0,0,2.5,0.2282048,0,-1,0,-1.192093E-07,0,0,0,2.5,0.2282048,0,-1,0,-1.192093E-07,0,0,0,0.2282048
1731427008800,-39.72755,1.523556,-1.015106,0.1946488,-0.03659943,-0.9801903,0.02088547,0.01349151,0.01459122,2.5,0.2282048,0,-1,0,-1.192093E-07,0,0,0,2.5,0.2282048,0,-1,0,-1.192093E-07,0,0,0,0.2282048
1731427008805,-39.72755,1.523556,-1.015106,0.1946488,-0.03659943,-0.9801903,0,0,0,2.5,0.2282048,0,-1,0,-1.192093E-07,0,0,0,2.5,0.2282048,0,-1,0,-1.192093E-07,0,0,0,0.2282048
1731427008828,-39.7275,1.523409,-1.014797,0.1938642,-0.03814229,-0.980287,0.004291534,-0.0110507,0.02317429,2.5,0.2282048,0,-1,0,-1.192093E-07,0,0,0,2.5,0.2282048,0,-1,0,-1.192093E-07,0,0,0,0.2282048
1731427008833,-39.7275,1.523409,-1.014797,0.1938642,-0.03814229,-0.980287,0,0,0,2.5,0.2282048,0,-1,0,-1.192093E-07,0,0,0,2.5,0.2282048,0,-1,0,-1.192093E-07,0,0,0,0.2282048
1731427008856,-39.72747,1.523298,-1.014545,0.1932351,-0.03764582,-0.9804304,0.002288818,-0.008261204,0.01888275,2.5,0.2282048,0,-1,0,-1.192093E-07,0,0,0,2.5,0.2282048,0,-1,0,-1.192093E-07,0,0,0,0.2282048
1731427008860,-39.72747,1.523298,-1.014545,0.1932351,-0.03764582,-0.9804304,0,0,0,2.5,0.2282048,0,-1,0,-1.192093E-07,0,0,0,2.5,0.2282048,0,-1,0,-1.192093E-07,0,0,0,0.2282048
1731427008884,-39.72741,1.523305,-1.014339,0.1923814,-0.0380179,-0.9805839,0.004577637,0.0004917383,0.01544952,2.5,0.2282048,0,-1,0,-1.192093E-07,0,0,0,2.5,0.2282048,0,-1,0,-1.192093E-07,0,0,0,0.2282048
1731427008887,-39.72741,1.523305,-1.014339,0.1923814,-0.0380179,-0.9805839,0,0,0,2.5,0.2282048,0,-1,0,-1.192093E-07,0,0,0,2.5,0.2282048,0,-1,0,-1.192093E-07,0,0,0,0.2282048
1731427008911,-39.72737,1.523273,-1.014118,0.1913912,-0.03836659,-0.980764,0.002861023,-0.002396107,0.01659393,2.5,0.2282048,0,-1,0,-1.192093E-07,0,0,0,2.5,0.2282048,0,-1,0,-1.192093E-07,0,0,0,0.2282048
1731427008917,-39.72737,1.523273,-1.014118,0.1913912,-0.03836659,-0.980764,0,0,0,2.5,0.2282048,0,-1,0,-1.192093E-07,0,0,0,2.5,0.2282048,0,-1,0,-1.192093E-07,0,0,0,0.2282048
1731427008922,-39.72737,1.523273,-1.014118,0.1913912,-0.03836659,-0.980764,0,0,0,2.5,0.2282048,0,-1,0,-1.192093E-07,0,0,0,2.5,0.2282048,0,-1,0,-1.192093E-07,0,0,0,0.2282048
1731427008939,-39.72734,1.523258,-1.013878,0.1894258,-0.03898754,-0.9811207,0.002288818,-0.001144409,0.01802444,2.5,0.2282048,0,-1,0,-1.192093E-07,0,0,0,2.5,0.2282048,0,-1,0,-1.192093E-07,0,0,0,0.2282048
1731427008944,-39.72734,1.523258,-1.013878,0.1894258,-0.03898754,-0.9811207,0,0,0,2.5,0.2282048,0,-1,0,-1.192093E-07,0,0,0,2.5,0.2282048,0,-1,0,-1.192093E-07,0,0,0,0.2282048
1731427008967,-39.72734,1.523257,-1.013706,0.188001,-0.03885291,-0.9814006,-0.0002861023,-1.788139E-05,0.0128746,2.5,0.2282048,0,-1,0,-1.192093E-07,0,0,0,2.5,0.2282048,0,-1,0,-1.192093E-07,0,0,0,0.2282048
1731427008995,-39.72733,1.523236,-1.013531,0.1867508,-0.03939661,-0.9816175,0.0005722046,-0.001591444,0.01316071,2.5,0.2282048,0,-1,0,-1.192093E-07,0,0,0,2.5,0.2282048,0,-1,0,-1.192093E-07,0,0,0,0.2282048
1731427008999,-39.72733,1.523236,-1.013531,0.1867508,-0.03939661,-0.9816175,0,0,0,2.5,0.2282048,0,-1,0,-1.192093E-07,0,0,0,2.5,0.2282048,0,-1,0,-1.192093E-07,0,0,0,0.2282048
1731427009023,-39.72736,1.523116,-1.013275,0.1858401,-0.03934452,-0.9817924,-0.002002716,-0.0089854,0.01916885,2.5,0.2282048,0,-1,0,-1.192093E-07,0,0,0,2.5,0.2282048,0,-1,0,-1.192093E-07,0,0,0,0.2282048
1731427009028,-39.72736,1.523116,-1.013275,0.1858401,-0.03934452,-0.9817924,0,0,0,2.5,0.2282048,0,-1,0,-1.192093E-07,0,0,0,2.5,0.2282048,0,-1,0,-1.192093E-07,0,0,0,0.2282048
1731427009034,-39.72736,1.523116,-1.013275,0.1858401,-0.03934452,-0.9817924,0,0,0,2.5,0.2282048,0,-1,0,-1.192093E-07,0,0,0,2.5,0.2282048,0,-1,0,-1.192093E-07,0,0,0,0.2282048
1731427009047,-39.72736,1.52307,-1.013039,0.185838,-0.03899177,-0.9818068,-0.0002861023,-0.003451109,0.01773834,2.5,0.2282048,0,-1,0,-1.192093E-07,0,0,0,2.5,0.2282048,0,-1,0,-1.192093E-07,0,0,0,0.2282048
1731427009052,-39.72736,1.52307,-1.013039,0.185838,-0.03899177,-0.9818068,0,0,0,2.5,0.2282048,0,-1,0,-1.192093E-07,0,0,0,2.5,0.2282048,0,-1,0,-1.192093E-07,0,0,0,0.2282048
1731427009056,-39.72736,1.52307,-1.013039,0.185838,-0.03899177,-0.9818068,0,0,0,2.5,0.2282048,0,-1,0,-1.192093E-07,0,0,0,2.5,0.2282048,0,-1,0,-1.192093E-07,0,0,0,0.2282048
1731427009075,-39.72733,1.523119,-1.01281,0.1852788,-0.03874125,-0.9819225,0.002574921,0.003638864,0.01716614,2.5,0.2282048,0,-1,0,-1.192093E-07,0,0,0,2.5,0.2282048,0,-1,0,-1.192093E-07,0,0,0,0.2282048
1731427009103,-39.72725,1.523147,-1.012608,0.1844679,-0.03858434,-0.9820815,0.005722046,0.002118945,0.01516342,2.5,0.2282048,0,-1,0,-1.192093E-07,0,0,0,2.5,0.2282048,0,-1,0,-1.192093E-07,0,0,0,0.2282048
1731427009131,-39.72719,1.523216,-1.012486,0.1841191,-0.03844791,-0.9821521,0.004577637,0.005194545,0.009155273,2.5,0.2282048,0,-1,0,-1.192093E-07,0,0,0,2.5,0.2282048,0,-1,0,-1.192093E-07,0,0,0,0.2282048
1731427009136,-39.72719,1.523216,-1.012486,0.1841191,-0.03844791,-0.9821521,0,0,0,2.5,0.2282048,0,-1,0,-1.192093E-07,0,0,0,2.5,0.2282048,0,-1,0,-1.192093E-07,0,0,0,0.2282048
1731427009139,-39.72719,1.523216,-1.012486,0.1841191,-0.03844791,-0.9821521,0,0,0,2.5,0.2282048,0,-1,0,-1.192093E-07,0,0,0,2.5,0.2282048,0,-1,0,-1.192093E-07,0,0,0,0.2282048
1731427009159,-39.72712,1.523113,-1.012482,0.1836901,-0.03859291,-0.9822266,0.005722046,-0.007724762,0.0002861023,2.5,0.2282048,0,-1,0,-1.192093E-07,0,0,0,2.5,0.2282048,0,-1,0,-1.192093E-07,0,0,0,0.2282048
1731427009163,-39.72712,1.523113,-1.012482,0.1836901,-0.03859291,-0.9822266,0,0,0,2.5,0.2282048,0,-1,0,-1.192093E-07,0,0,0,2.5,0.2282048,0,-1,0,-1.192093E-07,0,0,0,0.2282048
1731427009189,-39.72704,1.523104,-1.012508,0.1829116,-0.03950028,-0.9823358,0.005722046,-0.000679493,-0.002002716,2.5,0.2282048,0,-1,0,-1.192093E-07,0,0,0,2.5,0.2282048,0,-1,0,-1.192093E-07,0,0,0,0.2282048
1731427009194,-39.72704,1.523104,-1.012508,0.1829116,-0.03950028,-0.9823358,0,0,0,2.5,0.2282048,0,-1,0,-1.192093E-07,0,0,0,2.5,0.2282048,0,-1,0,-1.192093E-07,0,0,0,0.2282048
1731427009214,-39.72696,1.523018,-1.012726,0.1834514,-0.03999677,-0.9822152,0.005722046,-0.006499887,-0.01630783,2.5,0.2282048,0,-1,0,-1.192093E-07,0,0,0,2.5,0.2282048,0,-1,0,-1.192093E-07,0,0,0,0.2282048
1731427009218,-39.72696,1.523018,-1.012726,0.1834514,-0.03999677,-0.9822152,0,0,0,2.5,0.2282048,0,-1,0,-1.192093E-07,0,0,0,2.5,0.2282048,0,-1,0,-1.192093E-07,0,0,0,0.2282048
1731427009242,-39.72683,1.523005,-1.013023,0.1832077,-0.04022936,-0.9822513,0.009727478,-0.0009477139,-0.02231598,2.5,0.2282048,0,-1,0,-1.192093E-07,0,0,0,2.5,0.2282048,0,-1,0,-1.192093E-07,0,0,0,0.2282048
1731427009246,-39.72683,1.523005,-1.013023,0.1832077,-0.04022936,-0.9822513,0,0,0,2.5,0.2282048,0,-1,0,-1.192093E-07,0,0,0,2.5,0.2282048,0,-1,0,-1.192093E-07,0,0,0,0.2282048
1731427009270,-39.72672,1.523036,-1.013229,0.182414,-0.0401766,-0.9824008,0.008583069,0.0023067,-0.01544952,2.5,0.2282048,0,-1,0,-1.192093E-07,0,0,0,2.5,0.2282048,0,-1,0,-1.192093E-07,0,0,0,0.2282048
1731427009274,-39.72672,1.523036,-1.013229,0.182414,-0.0401766,-0.9824008,0,0,0,2.5,0.2282048,0,-1,0,-1.192093E-07,0,0,0,2.5,0.2282048,0,-1,0,-1.192093E-07,0,0,0,0.2282048
1731427009298,-39.72636,1.522753,-1.013241,0.1818374,-0.04136474,-0.9824584,0.02660751,-0.02122521,-0.0008583069,2.5,0.2282048,0,-1,0,-1.192093E-07,0,0,0,2.5,0.2282048,0,-1,0,-1.192093E-07,0,0,0,0.2282048
1731427009302,-39.72636,1.522753,-1.013241,0.1818374,-0.04136474,-0.9824584,0,0,0,2.5,0.2282048,0,-1,0,-1.192093E-07,0,0,0,2.5,0.2282048,0,-1,0,-1.192093E-07,0,0,0,0.2282048
1731427009307,-39.72636,1.522753,-1.013241,0.1818374,-0.04136474,-0.9824584,0,0,0,2.5,0.2282048,0,-1,0,-1.192093E-07,0,0,0,2.5,0.2282048,0,-1,0,-1.192093E-07,0,0,0,0.2282048
1731427009325,-39.72618,1.522589,-1.013332,0.180716,-0.04229292,-0.9826258,0.01401901,-0.01226664,-0.006866455,2.5,0.2282048,0,-1,0,-1.192093E-07,0,0,0,2.5,0.2282048,0,-1,0,-1.192093E-07,0,0,0,0.2282048
1731427009329,-39.72618,1.522589,-1.013332,0.180716,-0.04229292,-0.9826258,0,0,0,2.5,0.2282048,0,-1,0,-1.192093E-07,0,0,0,2.5,0.2282048,0,-1,0,-1.192093E-07,0,0,0,0.2282048
1731427009353,-39.72598,1.522496,-1.013371,0.1798057,-0.04309652,-0.9827579,0.01459122,-0.006964803,-0.002861023,2.5,0.2282048,0,-1,0,-1.192093E-07,0,0,0,2.5,0.2282048,0,-1,0,-1.192093E-07,0,0,0,0.2282048
1731427009381,-39.7257,1.52247,-1.013378,0.1797968,-0.04296277,-0.9827654,0.02088547,-0.002011657,-0.0005722046,2.5,0.2282048,0,-1,0,-1.192093E-07,0,0,0,2.5,0.2282048,0,-1,0,-1.192093E-07,0,0,0,0.2282048
1731427009385,-39.7257,1.52247,-1.013378,0.1797968,-0.04296277,-0.9827654,0,0,0,2.5,0.2282048,0,-1,0,-1.192093E-07,0,0,0,2.5,0.2282048,0,-1,0,-1.192093E-07,0,0,0,0.2282048
1731427009409,-39.72529,1.522557,-1.013435,0.180468,-0.04249611,-0.9826627,0.03089905,0.006580353,-0.004291534,2.5,0.2282048,0,-1,0,-1.192093E-07,0,0,0,2.5,0.2282048,0,-1,0,-1.192093E-07,0,0,0,0.2282048
1731427009413,-39.72529,1.522557,-1.013435,0.180468,-0.04249611,-0.9826627,0,0,0,2.5,0.2282048,0,-1,0,-1.192093E-07,0,0,0,2.5,0.2282048,0,-1,0,-1.192093E-07,0,0,0,0.2282048
1731427009417,-39.72529,1.522557,-1.013435,0.180468,-0.04249611,-0.9826627,0,0,0,2.5,0.2282048,0,-1,0,-1.192093E-07,0,0,0,2.5,0.2282048,0,-1,0,-1.192093E-07,0,0,0,0.2282048
1731427009437,-39.72486,1.522449,-1.013424,0.1806191,-0.04292655,-0.9826161,0.03261566,-0.008118153,0.0008583069,2.5,0.2282048,0,-1,0,-1.192093E-07,0,0,0,2.5,0.2282048,0,-1,0,-1.192093E-07,0,0,0,0.2282048
1731427009440,-39.72486,1.522449,-1.013424,0.1806191,-0.04292655,-0.9826161,0,0,0,2.5,0.2282048,0,-1,0,-1.192093E-07,0,0,0,2.5,0.2282048,0,-1,0,-1.192093E-07,0,0,0,0.2282048
1731427009465,-39.72464,1.522276,-1.013432,0.1806092,-0.04430024,-0.9825573,0.01659393,-0.01299977,-0.0005722046,2.5,0.2282048,0,-1,0,-1.192093E-07,0,0,0,2.5,0.2282048,0,-1,0,-1.192093E-07,0,0,0,0.2282048
1731427009468,-39.72464,1.522276,-1.013432,0.1806092,-0.04430024,-0.9825573,0,0,0,2.5,0.2282048,0,-1,0,-1.192093E-07,0,0,0,2.5,0.2282048,0,-1,0,-1.192093E-07,0,0,0,0.2282048
1731427009492,-39.7244,1.522179,-1.013416,0.1797885,-0.04455297,-0.9826963,0.01773834,-0.007295609,0.001144409,2.5,0.2282048,0,-1,0,-1.192093E-07,0,0,0,2.5,0.2282048,0,-1,0,-1.192093E-07,0,0,0,0.2282048
1731427009496,-39.7244,1.522179,-1.013416,0.1797885,-0.04455297,-0.9826963,0,0,0,2.5,0.2282048,0,-1,0,-1.192093E-07,0,0,0,2.5,0.2282048,0,-1,0,-1.192093E-07,0,0,0,0.2282048
1731427009520,-39.72429,1.522187,-1.013397,0.1781332,-0.04441673,-0.9830034,0.008010864,0.0006616116,0.001430511,2.5,0.2282048,0,-1,0,-1.192093E-07,0,0,0,2.5,0.2282048,0,-1,0,-1.192093E-07,0,0,0,0.2282048
1731427009525,-39.72429,1.522187,-1.013397,0.1781332,-0.04441673,-0.9830034,0,0,0,2.5,0.2282048,0,-1,0,-1.192093E-07,0,0,0,2.5,0.2282048,0,-1,0,-1.192093E-07,0,0,0,0.2282048
1731427009548,-39.72418,1.522224,-1.013451,0.1762037,-0.04371673,-0.9833829,0.008583069,0.002717972,-0.004005432,2.5,0.2282048,0,-1,0,-1.192093E-07,0,0,0,2.5,0.2282048,0,-1,0,-1.192093E-07,0,0,0,0.2282048
1731427009553,-39.72418,1.522224,-1.013451,0.1762037,-0.04371673,-0.9833829,0,0,0,2.5,0.2282048,0,-1,0,-1.192093E-07,0,0,0,2.5,0.2282048,0,-1,0,-1.192093E-07,0,0,0,0.2282048
1731427009576,-39.72412,1.52214,-1.013546,0.1733475,-0.04498996,-0.9838328,0.004005432,-0.006258488,-0.007152557,2.5,0.2282048,0,-1,0,-1.192093E-07,0,0,0,2.5,0.2282048,0,-1,0,-1.192093E-07,0,0,0,0.2282048
1731427009580,-39.72412,1.52214,-1.013546,0.1733475,-0.04498996,-0.9838328,0,0,0,2.5,0.2282048,0,-1,0,-1.192093E-07,0,0,0,2.5,0.2282048,0,-1,0,-1.192093E-07,0,0,0,0.2282048
1731427009603,-39.72416,1.521903,-1.013699,0.1699899,-0.0464322,-0.9843515,-0.002861023,-0.01777411,-0.01144409,2.5,0.2282048,0,-1,0,-1.192093E-07,0,0,0,2.5,0.2282048,0,-1,0,-1.192093E-07,0,0,0,0.2282048
1731427009608,-39.72416,1.521903,-1.013699,0.1699899,-0.0464322,-0.9843515,0,0,0,2.5,0.2282048,0,-1,0,-1.192093E-07,0,0,0,2.5,0.2282048,0,-1,0,-1.192093E-07,0,0,0,0.2282048
1731427009631,-39.72416,1.521637,-1.013878,0.1665221,-0.04817244,-0.9848607,0,-0.0199914,-0.01344681,2.5,0.2282048,0,-1,0,-1.192093E-07,0,0,0,2.5,0.2282048,0,-1,0,-1.192093E-07,0,0,0,0.2282048
1731427009635,-39.72416,1.521637,-1.013878,0.1665221,-0.04817244,-0.9848607,0,0,0,2.5,0.2282048,0,-1,0,-1.192093E-07,0,0,0,2.5,0.2282048,0,-1,0,-1.192093E-07,0,0,0,0.2282048
1731427009659,-39.72424,1.521492,-1.014114,0.1625696,-0.04976698,-0.9854414,-0.005722046,-0.01087189,-0.01773834,2.5,0.2282048,0,-1,0,-1.192093E-07,0,0,0,2.5,0.2282048,0,-1,0,-1.192093E-07,0,0,0,0.2282048
1731427009663,-39.72424,1.521492,-1.014114,0.1625696,-0.04976698,-0.9854414,0,0,0,2.5,0.2282048,0,-1,0,-1.192093E-07,0,0,0,2.5,0.2282048,0,-1,0,-1.192093E-07,0,0,0,0.2282048
1731427009687,-39.72445,1.521363,-1.014462,0.1591836,-0.05013246,-0.9859759,-0.01544952,-0.009655952,-0.02603531,2.5,0.2282048,0,-1,0,-1.192093E-07,0,0,0,2.5,0.2282048,0,-1,0,-1.192093E-07,0,0,0,0.2282048
1731427009690,-39.72445,1.521363,-1.014462,0.1591836,-0.05013246,-0.9859759,0,0,0,2.5,0.2282048,0,-1,0,-1.192093E-07,0,0,0,2.5,0.2282048,0,-1,0,-1.192093E-07,0,0,0,0.2282048
1731427009714,-39.72475,1.521233,-1.014717,0.1537509,-0.05253055,-0.9867125,-0.02288818,-0.009745359,-0.01916885,2.5,0.2282048,0,-1,0,-1.192093E-07,0,0,0,2.5,0.2282048,0,-1,0,-1.192093E-07,0,0,0,0.2282048
1731427009718,-39.72475,1.521233,-1.014717,0.1537509,-0.05253055,-0.9867125,0,0,0,2.5,0.2282048,0,-1,0,-1.192093E-07,0,0,0,2.5,0.2282048,0,-1,0,-1.192093E-07,0,0,0,0.2282048
1731427009722,-39.72475,1.521233,-1.014717,0.1537509,-0.05253055,-0.9867125,0,0,0,2.5,0.2282048,0,-1,0,-1.192093E-07,0,0,0,2.5,0.2282048,0,-1,0,-1.192093E-07,0,0,0,0.2282048
1731427009742,-39.7252,1.521253,-1.014927,0.148429,-0.05218421,-0.9875454,-0.03404617,0.001502037,-0.01573563,2.5,0.2282048,0,-1,0,-1.192093E-07,0,0,0,2.5,0.2282048,0,-1,0,-1.192093E-07,0,0,0,0.2282048
1731427009746,-39.7252,1.521253,-1.014927,0.148429,-0.05218421,-0.9875454,0,0,0,2.5,0.2282048,0,-1,0,-1.192093E-07,0,0,0,2.5,0.2282048,0,-1,0,-1.192093E-07,0,0,0,0.2282048
1731427009770,-39.72569,1.521218,-1.015087,0.1435191,-0.05232604,-0.9882635,-0.03633499,-0.002655387,-0.0120163,2.5,0.2282048,0,-1,0,-1.192093E-07,0,0,0,2.5,0.2282048,0,-1,0,-1.192093E-07,0,0,0,0.2282048
1731427009774,-39.72569,1.521218,-1.015087,0.1435191,-0.05232604,-0.9882635,0,0,0,2.5,0.2282048,0,-1,0,-1.192093E-07,0,0,0,2.5,0.2282048,0,-1,0,-1.192093E-07,0,0,0,0.2282048
1731427009798,-39.72625,1.521279,-1.015209,0.137598,-0.05152539,-0.9891478,-0.04234314,0.004640222,-0.009155273,2.5,0.2282048,0,-1,0,-1.192093E-07,0,0,0,2.5,0.2282048,0,-1,0,-1.192093E-07,0,0,0,0.2282048
1731427009803,-39.72625,1.521279,-1.015209,0.137598,-0.05152539,-0.9891478,0,0,0,2.5,0.2282048,0,-1,0,-1.192093E-07,0,0,0,2.5,0.2282048,0,-1,0,-1.192093E-07,0,0,0,0.2282048
1731427009826,-39.72702,1.521217,-1.015263,0.13276,-0.05107762,-0.9898316,-0.05722046,-0.004649162,-0.004005432,2.5,0.2282048,0,-1,0,-1.192093E-07,0,0,0,2.5,0.2282048,0,-1,0,-1.192093E-07,0,0,0,0.2282048
1731427009829,-39.72702,1.521217,-1.015263,0.13276,-0.05107762,-0.9898316,0,0,0,2.5,0.2282048,0,-1,0,-1.192093E-07,0,0,0,2.5,0.2282048,0,-1,0,-1.192093E-07,0,0,0,0.2282048
1731427009854,-39.7277,1.521203,-1.015423,0.1281607,-0.05027438,-0.9904783,-0.05092621,-0.001090765,-0.0120163,2.5,0.2282048,0,-1,0,-1.192093E-07,0,0,0,2.5,0.2282048,0,-1,0,-1.192093E-07,0,0,0,0.2282048
1731427009859,-39.7277,1.521203,-1.015423,0.1281607,-0.05027438,-0.9904783,0,0,0,2.5,0.2282048,0,-1,0,-1.192093E-07,0,0,0,2.5,0.2282048,0,-1,0,-1.192093E-07,0,0,0,0.2282048
1731427009881,-39.7284,1.521159,-1.015518,0.1236782,-0.05044824,-0.9910396,-0.05264282,-0.003316998,-0.007152557,2.5,0.2282048,0,-1,0,-1.192093E-07,0,0,0,2.5,0.2282048,0,-1,0,-1.192093E-07,0,0,0,0.2282048
1731427009885,-39.7284,1.521159,-1.015518,0.1236782,-0.05044824,-0.9910396,0,0,0,2.5,0.2282048,0,-1,0,-1.192093E-07,0,0,0,2.5,0.2282048,0,-1,0,-1.192093E-07,0,0,0,0.2282048
1731427009909,-39.72901,1.521058,-1.015598,0.1200054,-0.0499985,-0.9915136,-0.04606247,-0.007554889,-0.006008148,2.5,0.2282048,0,-1,0,-1.192093E-07,0,0,0,2.5,0.2282048,0,-1,0,-1.192093E-07,0,0,0,0.2282048
1731427009913,-39.72901,1.521058,-1.015598,0.1200054,-0.0499985,-0.9915136,0,0,0,2.5,0.2282048,0,-1,0,-1.192093E-07,0,0,0,2.5,0.2282048,0,-1,0,-1.192093E-07,0,0,0,0.2282048
1731427009937,-39.72967,1.520983,-1.0158,0.1177159,-0.04994667,-0.9917907,-0.04920959,-0.005623698,-0.01516342,2.5,0.2282048,0,-1,0,-1.192093E-07,0,0,0,2.5,0.2282048,0,-1,0,-1.192093E-07,0,0,0,0.2282048
1731427009941,-39.72967,1.520983,-1.0158,0.1177159,-0.04994667,-0.9917907,0,0,0,2.5,0.2282048,0,-1,0,-1.192093E-07,0,0,0,2.5,0.2282048,0,-1,0,-1.192093E-07,0,0,0,0.2282048
1731427009965,-39.73024,1.520833,-1.015968,0.1162125,-0.05032817,-0.9919493,-0.04262924,-0.01122952,-0.0125885,2.5,0.2282048,0,-1,0,-1.192093E-07,0,0,0,2.5,0.2282048,0,-1,0,-1.192093E-07,0,0,0,0.2282048
1731427009969,-39.73024,1.520833,-1.015968,0.1162125,-0.05032817,-0.9919493,0,0,0,2.5,0.2282048,0,-1,0,-1.192093E-07,0,0,0,2.5,0.2282048,0,-1,0,-1.192093E-07,0,0,0,0.2282048
1731427009993,-39.73077,1.520645,-1.016319,0.1152231,-0.051516,-0.9920033,-0.04005432,-0.01413524,-0.02632141,2.5,0.2282048,0,-1,0,-1.192093E-07,0,0,0,2.5,0.2282048,0,-1,0,-1.192093E-07,0,0,0,0.2282048
1731427009997,-39.73077,1.520645,-1.016319,0.1152231,-0.051516,-0.9920033,0,0,0,2.5,0.2282048,0,-1,0,-1.192093E-07,0,0,0,2.5,0.2282048,0,-1,0,-1.192093E-07,0,0,0,0.2282048
1731427010020,-39.73115,1.520441,-1.016903,0.1151423,-0.05256602,-0.9919575,-0.02861023,-0.01528859,-0.04377365,2.5,0.2282048,0,-1,0,-1.192093E-07,0,0,0,2.5,0.2282048,0,-1,0,-1.192093E-07,0,0,0,0.2282048
1731427010024,-39.73115,1.520441,-1.016903,0.1151423,-0.05256602,-0.9919575,0,0,0,2.5,0.2282048,0,-1,0,-1.192093E-07,0,0,0,2.5,0.2282048,0,-1,0,-1.192093E-07,0,0,0,0.2282048
1731427010048,-39.73146,1.520105,-1.017509,0.1154593,-0.05414239,-0.9918358,-0.02346039,-0.02519488,-0.04549026,2.5,0.2282048,0,-1,0,-1.192093E-07,0,0,0,2.5,0.2282048,0,-1,0,-1.192093E-07,0,0,0,0.2282048
1731427010052,-39.73146,1.520105,-1.017509,0.1154593,-0.05414239,-0.9918358,0,0,0,2.5,0.2282048,0,-1,0,-1.192093E-07,0,0,0,2.5,0.2282048,0,-1,0,-1.192093E-07,0,0,0,0.2282048
1731427010055,-39.73146,1.520105,-1.017509,0.1154593,-0.05414239,-0.9918358,0,0,0,2.5,0.2282048,0,-1,0,-1.192093E-07,0,0,0,2.5,0.2282048,0,-1,0,-1.192093E-07,0,0,0,0.2282048
1731427010076,-39.73185,1.519786,-1.018261,0.1161311,-0.05630858,-0.9916372,-0.02861023,-0.02388954,-0.05636215,2.5,0.2282048,0,-1,0,-1.192093E-07,0,0,0,2.5,0.2282048,0,-1,0,-1.192093E-07,0,0,0,0.2282048
1731427010080,-39.73185,1.519786,-1.018261,0.1161311,-0.05630858,-0.9916372,0,0,0,2.5,0.2282048,0,-1,0,-1.192093E-07,0,0,0,2.5,0.2282048,0,-1,0,-1.192093E-07,0,0,0,0.2282048
1731427010104,-39.73198,1.519468,-1.018967,0.1156399,-0.05832814,-0.9915776,-0.01029968,-0.02390742,-0.05292892,2.5,0.2282048,0,-1,0,-1.192093E-07,0,0,0,2.5,0.2282048,0,-1,0,-1.192093E-07,0,0,0,0.2282048
1731427010108,-39.73198,1.519468,-1.018967,0.1156399,-0.05832814,-0.9915776,0,0,0,2.5,0.2282048,0,-1,0,-1.192093E-07,0,0,0,2.5,0.2282048,0,-1,0,-1.192093E-07,0,0,0,0.2282048
1731427010132,-39.7324,1.519215,-1.019527,0.1152178,-0.0615659,-0.9914308,-0.03147125,-0.01899004,-0.04205704,2.5,0.2282048,0,-1,0,-1.192093E-07,0,0,0,2.5,0.2282048,0,-1,0,-1.192093E-07,0,0,0,0.2282048
1731427010136,-39.7324,1.519215,-1.019527,0.1152178,-0.0615659,-0.9914308,0,0,0,2.5,0.2282048,0,-1,0,-1.192093E-07,0,0,0,2.5,0.2282048,0,-1,0,-1.192093E-07,0,0,0,0.2282048
1731427010160,-39.73261,1.519167,-1.020321,0.1148601,-0.06257779,-0.9914089,-0.01544952,-0.003549457,-0.05950928,2.5,0.2282048,0,-1,0,-1.192093E-07,0,0,0,2.5,0.2282048,0,-1,0,-1.192093E-07,0,0,0,0.2282048
1731427010164,-39.73261,1.519167,-1.020321,0.1148601,-0.06257779,-0.9914089,0,0,0,2.5,0.2282048,0,-1,0,-1.192093E-07,0,0,0,2.5,0.2282048,0,-1,0,-1.192093E-07,0,0,0,0.2282048
1731427010187,-39.73288,1.519331,-1.020939,0.1137385,-0.06367295,-0.9914687,-0.02031326,0.0122577,-0.04634857,2.5,0.2282048,0,-1,0,-1.192093E-07,0,0,0,2.5,0.2282048,0,-1,0,-1.192093E-07,0,0,0,0.2282048
1731427010191,-39.73288,1.519331,-1.020939,0.1137385,-0.06367295,-0.9914687,0,0,0,2.5,0.2282048,0,-1,0,-1.192093E-07,0,0,0,2.5,0.2282048,0,-1,0,-1.192093E-07,0,0,0,0.2282048
1731427010215,-39.73323,1.519339,-1.021515,0.1122806,-0.06349421,-0.9916461,-0.02660751,0.0006437302,-0.04320145,2.5,0.2282048,0,-1,0,-1.192093E-07,0,0,0,2.5,0.2282048,0,-1,0,-1.192093E-07,0,0,0,0.2282048
1731427010219,-39.73323,1.519339,-1.021515,0.1122806,-0.06349421,-0.9916461,0,0,0,2.5,0.2282048,0,-1,0,-1.192093E-07,0,0,0,2.5,0.2282048,0,-1,0,-1.192093E-07,0,0,0,0.2282048
1731427010243,-39.73357,1.51933,-1.022102,0.1114644,-0.06469858,-0.9916606,-0.025177,-0.0006705523,-0.04405975,2.5,0.2282048,0,-1,0,-1.192093E-07,0,0,0,2.5,0.2282048,0,-1,0,-1.192093E-07,0,0,0,0.2282048
1731427010247,-39.73357,1.51933,-1.022102,0.1114644,-0.06469858,-0.9916606,0,0,0,2.5,0.2282048,0,-1,0,-1.192093E-07,0,0,0,2.5,0.2282048,0,-1,0,-1.192093E-07,0,0,0,0.2282048
1731427010271,-39.73381,1.519238,-1.022556,0.1106214,-0.06571715,-0.9916879,-0.01831055,-0.006946921,-0.03404617,2.5,0.2282048,0,-1,0,-1.192093E-07,0,0,0,2.5,0.2282048,0,-1,0,-1.192093E-07,0,0,0,0.2282048
1731427010274,-39.73381,1.519238,-1.022556,0.1106214,-0.06571715,-0.9916879,0,0,0,2.5,0.2282048,0,-1,0,-1.192093E-07,0,0,0,2.5,0.2282048,0,-1,0,-1.192093E-07,0,0,0,0.2282048
1731427010299,-39.73408,1.519117,-1.022957,0.111408,-0.06687807,-0.9915223,-0.01974106,-0.009039044,-0.03004074,2.5,0.2282048,0,-1,0,-1.192093E-07,0,0,0,2.5,0.2282048,0,-1,0,-1.192093E-07,0,0,0,0.2282048
1731427010304,-39.73408,1.519117,-1.022957,0.111408,-0.06687807,-0.9915223,0,0,0,2.5,0.2282048,0,-1,0,-1.192093E-07,0,0,0,2.5,0.2282048,0,-1,0,-1.192093E-07,0,0,0,0.2282048
1731427010326,-39.73409,1.519184,-1.023392,0.1127947,-0.06809081,-0.9912828,-0.0005722046,0.005015731,-0.03261566,2.5,0.2282048,0,-1,0,-1.192093E-07,0,0,0,2.5,0.2282048,0,-1,0,-1.192093E-07,0,0,0,0.2282048
1731427010330,-39.73409,1.519184,-1.023392,0.1127947,-0.06809081,-0.9912828,0,0,0,2.5,0.2282048,0,-1,0,-1.192093E-07,0,0,0,2.5,0.2282048,0,-1,0,-1.192093E-07,0,0,0,0.2282048
1731427010334,-39.73409,1.519184,-1.023392,0.1127947,-0.06809081,-0.9912828,0,0,0,2.5,0.2282048,0,-1,0,-1.192093E-07,0,0,0,2.5,0.2282048,0,-1,0,-1.192093E-07,0,0,0,0.2282048
1731427010354,-39.73411,1.519319,-1.023716,0.1148289,-0.06834839,-0.9910315,-0.002002716,0.01013875,-0.0243187,2.5,0.2282048,0,-1,0,-1.192093E-07,0,0,0,2.5,0.2282048,0,-1,0,-1.192093E-07,0,0,0,0.2282048
1731427010358,-39.73411,1.519319,-1.023716,0.1148289,-0.06834839,-0.9910315,0,0,0,2.5,0.2282048,0,-1,0,-1.192093E-07,0,0,0,2.5,0.2282048,0,-1,0,-1.192093E-07,0,0,0,0.2282048
1731427010382,-39.73414,1.519398,-1.024006,0.1170057,-0.06831848,-0.9907788,-0.002288818,0.005882978,-0.02174377,2.5,0.2282048,0,-1,0,-1.192093E-07,0,0,0,2.5,0.2282048,0,-1,0,-1.192093E-07,0,0,0,0.2282048
1731427010387,-39.73414,1.519398,-1.024006,0.1170057,-0.06831848,-0.9907788,0,0,0,2.5,0.2282048,0,-1,0,-1.192093E-07,0,0,0,2.5,0.2282048,0,-1,0,-1.192093E-07,0,0,0,0.2282048
1731427010410,-39.73408,1.519397,-1.024212,0.1199267,-0.06895611,-0.9903854,0.004577637,-5.364418E-05,-0.01544952,2.5,0.2282048,0,-1,0,-1.192093E-07,0,0,0,2.5,0.2282048,0,-1,0,-1.192093E-07,0,0,0,0.2282048
1731427010413,-39.73408,1.519397,-1.024212,0.1199267,-0.06895611,-0.9903854,0,0,0,2.5,0.2282048,0,-1,0,-1.192093E-07,0,0,0,2.5,0.2282048,0,-1,0,-1.192093E-07,0,0,0,0.2282048
1731427010438,-39.734,1.519536,-1.024719,0.1221379,-0.06903864,-0.9901094,0.005722046,0.01046956,-0.03805161,2.5,0.2282048,0,-1,0,-1.192093E-07,0,0,0,2.5,0.2282048,0,-1,0,-1.192093E-07,0,0,0,0.2282048
1731427010442,-39.734,1.519536,-1.024719,0.1221379,-0.06903864,-0.9901094,0,0,0,2.5,0.2282048,0,-1,0,-1.192093E-07,0,0,0,2.5,0.2282048,0,-1,0,-1.192093E-07,0,0,0,0.2282048
1731427010466,-39.73392,1.519721,-1.025032,0.1244598,-0.0684421,-0.9898616,0.00629425,0.01382232,-0.02346039,2.5,0.2282048,0,-1,0,-1.192093E-07,0,0,0,2.5,0.2282048,0,-1,0,-1.192093E-07,0,0,0,0.2282048
1731427010470,-39.73392,1.519721,-1.025032,0.1244598,-0.0684421,-0.9898616,0,0,0,2.5,0.2282048,0,-1,0,-1.192093E-07,0,0,0,2.5,0.2282048,0,-1,0,-1.192093E-07,0,0,0,0.2282048
1731427010493,-39.73388,1.51981,-1.025291,0.1270432,-0.06872547,-0.9895141,0.003433228,0.006705523,-0.01945496,2.5,0.2282048,0,-1,0,-1.192093E-07,0,0,0,2.5,0.2282048,0,-1,0,-1.192093E-07,0,0,0,0.2282048
1731427010497,-39.73388,1.51981,-1.025291,0.1270432,-0.06872547,-0.9895141,0,0,0,2.5,0.2282048,0,-1,0,-1.192093E-07,0,0,0,2.5,0.2282048,0,-1,0,-1.192093E-07,0,0,0,0.2282048
1731427010521,-39.73371,1.519685,-1.025753,0.1285447,-0.0693405,-0.989277,0.0125885,-0.009378791,-0.03461838,2.5,0.2282048,0,-1,0,-1.192093E-07,0,0,0,2.5,0.2282048,0,-1,0,-1.192093E-07,0,0,0,0.2282048
1731427010526,-39.73371,1.519685,-1.025753,0.1285447,-0.0693405,-0.989277,0,0,0,2.5,0.2282048,0,-1,0,-1.192093E-07,0,0,0,2.5,0.2282048,0,-1,0,-1.192093E-07,0,0,0,0.2282048
1731427010549,-39.73354,1.519603,-1.026196,0.1297634,-0.06952745,-0.9891047,0.0125885,-0.006195903,-0.03318787,2.5,0.2282048,0,-1,0,-1.192093E-07,0,0,0,2.5,0.2282048,0,-1,0,-1.192093E-07,0,0,0,0.2282048
1731427010555,-39.73354,1.519603,-1.026196,0.1297634,-0.06952745,-0.9891047,0,0,0,2.5,0.2282048,0,-1,0,-1.192093E-07,0,0,0,2.5,0.2282048,0,-1,0,-1.192093E-07,0,0,0,0.2282048
1731427010577,-39.73348,1.519611,-1.02636,0.1311503,-0.07080286,-0.9888314,0.004577637,0.0006616116,-0.0123024,2.5,0.2282048,0,-1,0,-1.192093E-07,0,0,0,2.5,0.2282048,0,-1,0,-1.192093E-07,0,0,0,0.2282048
1731427010581,-39.73348,1.519611,-1.02636,0.1311503,-0.07080286,-0.9888314,0,0,0,2.5,0.2282048,0,-1,0,-1.192093E-07,0,0,0,2.5,0.2282048,0,-1,0,-1.192093E-07,0,0,0,0.2282048
1731427010605,-39.73351,1.519723,-1.026611,0.1326564,-0.07152383,-0.9885786,-0.002288818,0.008395314,-0.01888275,2.5,0.2282048,0,-1,0,-1.192093E-07,0,0,0,2.5,0.2282048,0,-1,0,-1.192093E-07,0,0,0,0.2282048
1731427010609,-39.73351,1.519723,-1.026611,0.1326564,-0.07152383,-0.9885786,0,0,0,2.5,0.2282048,0,-1,0,-1.192093E-07,0,0,0,2.5,0.2282048,0,-1,0,-1.192093E-07,0,0,0,0.2282048
1731427010632,-39.73352,1.519874,-1.026638,0.133704,-0.07143756,-0.9884436,-0.0005722046,0.01130998,-0.002002716,2.5,0.2282048,0,-1,0,-1.192093E-07,0,0,0,2.5,0.2282048,0,-1,0,-1.192093E-07,0,0,0,0.2282048
1731427010638,-39.73352,1.519874,-1.026638,0.133704,-0.07143756,-0.9884436,0,0,0,2.5,0.2282048,0,-1,0,-1.192093E-07,0,0,0,2.5,0.2282048,0,-1,0,-1.192093E-07,0,0,0,0.2282048
1731427010660,-39.73336,1.519849,-1.026958,0.1350355,-0.07082165,-0.9883068,0.0120163,-0.001877546,-0.02403259,2.5,0.2282048,0,-1,0,-1.192093E-07,0,0,0,2.5,0.2282048,0,-1,0,-1.192093E-07,0,0,0,0.2282048
1731427010664,-39.73336,1.519849,-1.026958,0.1350355,-0.07082165,-0.9883068,0,0,0,2.5,0.2282048,0,-1,0,-1.192093E-07,0,0,0,2.5,0.2282048,0,-1,0,-1.192093E-07,0,0,0,0.2282048
1731427010670,-39.73336,1.519849,-1.026958,0.1350355,-0.07082165,-0.9883068,0,0,0,2.5,0.2282048,0,-1,0,-1.192093E-07,0,0,0,2.5,0.2282048,0,-1,0,-1.192093E-07,0,0,0,0.2282048
1731427010688,-39.73333,1.519884,-1.026939,0.1349123,-0.07097909,-0.9883128,0.002288818,0.002583861,0.001430511,2.5,0.2282048,0,-1,0,-1.192093E-07,0,0,0,2.5,0.2282048,0,-1,0,-1.192093E-07,0,0,0,0.2282048
1731427010692,-39.73333,1.519884,-1.026939,0.1349123,-0.07097909,-0.9883128,0,0,0,2.5,0.2282048,0,-1,0,-1.192093E-07,0,0,0,2.5,0.2282048,0,-1,0,-1.192093E-07,0,0,0,0.2282048
1731427010716,-39.73341,1.519873,-1.026882,0.1346801,-0.07116789,-0.9883306,-0.006008148,-0.0007599592,0.004291534,2.5,0.2282048,0,-1,0,-1.192093E-07,0,0,0,2.5,0.2282048,0,-1,0,-1.192093E-07,0,0,0,0.2282048
1731427010720,-39.73341,1.519873,-1.026882,0.1346801,-0.07116789,-0.9883306,0,0,0,2.5,0.2282048,0,-1,0,-1.192093E-07,0,0,0,2.5,0.2282048,0,-1,0,-1.192093E-07,0,0,0,0.2282048
1731427010745,-39.73352,1.519951,-1.026741,0.1342471,-0.07165392,-0.9883537,-0.008869171,0.005793571,0.01058578,2.5,0.2282048,0,-1,0,-1.192093E-07,0,0,0,2.5,0.2282048,0,-1,0,-1.192093E-07,0,0,0,0.2282048
1731427010749,-39.73352,1.519951,-1.026741,0.1342471,-0.07165392,-0.9883537,0,0,0,2.5,0.2282048,0,-1,0,-1.192093E-07,0,0,0,2.5,0.2282048,0,-1,0,-1.192093E-07,0,0,0,0.2282048
1731427010770,-39.73359,1.520207,-1.026417,0.1332844,-0.06939396,-0.9886457,-0.005149841,0.01924932,0.0243187,2.5,0.2282048,0,-1,0,-1.192093E-07,0,0,0,2.5,0.2282048,0,-1,0,-1.192093E-07,0,0,0,0.2282048
1731427010774,-39.73359,1.520207,-1.026417,0.1332844,-0.06939396,-0.9886457,0,0,0,2.5,0.2282048,0,-1,0,-1.192093E-07,0,0,0,2.5,0.2282048,0,-1,0,-1.192093E-07,0,0,0,0.2282048
1731427010797,-39.73362,1.520239,-1.02626,0.1332373,-0.06898019,-0.9886811,-0.002288818,0.002360344,0.01173019,2.5,0.2282048,0,-1,0,-1.192093E-07,0,0,0,2.5,0.2282048,0,-1,0,-1.192093E-07,0,0,0,0.2282048
1731427010801,-39.73362,1.520239,-1.02626,0.1332373,-0.06898019,-0.9886811,0,0,0,2.5,0.2282048,0,-1,0,-1.192093E-07,0,0,0,2.5,0.2282048,0,-1,0,-1.192093E-07,0,0,0,0.2282048
1731427010825,-39.73359,1.520386,-1.025898,0.1332577,-0.06759559,-0.9887742,0.002288818,0.01101494,0.02717972,2.5,0.2282048,0,-1,0,-1.192093E-07,0,0,0,2.5,0.2282048,0,-1,0,-1.192093E-07,0,0,0,0.2282048
1731427010829,-39.73359,1.520386,-1.025898,0.1332577,-0.06759559,-0.9887742,0,0,0,2.5,0.2282048,0,-1,0,-1.192093E-07,0,0,0,2.5,0.2282048,0,-1,0,-1.192093E-07,0,0,0,0.2282048
1731427010853,-39.73357,1.520607,-1.02557,0.1334574,-0.06688292,-0.9887955,0.001430511,0.0166297,0.0246048,2.5,0.2282048,0,-1,0,-1.192093E-07,0,0,0,2.5,0.2282048,0,-1,0,-1.192093E-07,0,0,0,0.2282048
1731427010857,-39.73357,1.520607,-1.02557,0.1334574,-0.06688292,-0.9887955,0,0,0,2.5,0.2282048,0,-1,0,-1.192093E-07,0,0,0,2.5,0.2282048,0,-1,0,-1.192093E-07,0,0,0,0.2282048
1731427010881,-39.73354,1.520879,-1.025318,0.1336073,-0.06633975,-0.9888119,0.002574921,0.02040267,0.01888275,2.5,0.2282048,0,-1,0,-1.192093E-07,0,0,0,2.5,0.2282048,0,-1,0,-1.192093E-07,0,0,0,0.2282048
1731427010885,-39.73354,1.520879,-1.025318,0.1336073,-0.06633975,-0.9888119,0,0,0,2.5,0.2282048,0,-1,0,-1.192093E-07,0,0,0,2.5,0.2282048,0,-1,0,-1.192093E-07,0,0,0,0.2282048
1731427010910,-39.7334,1.521042,-1.024975,0.1337112,-0.06546187,-0.9888561,0.01058578,0.01219511,0.02574921,2.5,0.2282048,0,-1,0,-1.192093E-07,0,0,0,2.5,0.2282048,0,-1,0,-1.192093E-07,0,0,0,0.2282048
1731427010914,-39.7334,1.521042,-1.024975,0.1337112,-0.06546187,-0.9888561,0,0,0,2.5,0.2282048,0,-1,0,-1.192093E-07,0,0,0,2.5,0.2282048,0,-1,0,-1.192093E-07,0,0,0,0.2282048
1731427010938,-39.73322,1.521057,-1.024879,0.1335094,-0.06534683,-0.9888911,0.01344681,0.001090765,0.007152557,2.5,0.2282048,0,-1,0,-1.192093E-07,0,0,0,2.5,0.2282048,0,-1,0,-1.192093E-07,0,0,0,0.2282048
1731427010942,-39.73322,1.521057,-1.024879,0.1335094,-0.06534683,-0.9888911,0,0,0,2.5,0.2282048,0,-1,0,-1.192093E-07,0,0,0,2.5,0.2282048,0,-1,0,-1.192093E-07,0,0,0,0.2282048
1731427010967,-39.733,1.521181,-1.02454,0.1335992,-0.06423465,-0.9889522,0.01630783,0.009351969,0.0254631,2.5,0.2282048,0,-1,0,-1.192093E-07,0,0,0,2.5,0.2282048,0,-1,0,-1.192093E-07,0,0,0,0.2282048
1731427010971,-39.733,1.521181,-1.02454,0.1335992,-0.06423465,-0.9889522,0,0,0,2.5,0.2282048,0,-1,0,-1.192093E-07,0,0,0,2.5,0.2282048,0,-1,0,-1.192093E-07,0,0,0,0.2282048
1731427010992,-39.7328,1.521375,-1.024494,0.133764,-0.06376044,-0.9889604,0.01544952,0.01451969,0.003433228,2.5,0.2282048,0,-1,0,-1.192093E-07,0,0,0,2.5,0.2282048,0,-1,0,-1.192093E-07,0,0,0,0.2282048
1731427010996,-39.7328,1.521375,-1.024494,0.133764,-0.06376044,-0.9889604,0,0,0,2.5,0.2282048,0,-1,0,-1.192093E-07,0,0,0,2.5,0.2282048,0,-1,0,-1.192093E-07,0,0,0,0.2282048
1731427010999,-39.7328,1.521375,-1.024494,0.133764,-0.06376044,-0.9889604,0,0,0,2.5,0.2282048,0,-1,0,-1.192093E-07,0,0,0,2.5,0.2282048,0,-1,0,-1.192093E-07,0,0,0,0.2282048
1731427011020,-39.73258,1.521531,-1.024235,0.1338499,-0.06337917,-0.9889733,0.01602173,0.01173913,0.01945496,2.5,0.2282048,0,-1,0,-1.192093E-07,0,0,0,2.5,0.2282048,0,-1,0,-1.192093E-07,0,0,0,0.2282048
1731427011024,-39.73258,1.521531,-1.024235,0.1338499,-0.06337917,-0.9889733,0,0,0,2.5,0.2282048,0,-1,0,-1.192093E-07,0,0,0,2.5,0.2282048,0,-1,0,-1.192093E-07,0,0,0,0.2282048
1731427011047,-39.73243,1.521616,-1.023979,0.1328661,-0.06290292,-0.9891362,0.01144409,0.006312132,0.01916885,2.5,0.2282048,0,-1,0,-1.192093E-07,0,0,0,2.5,0.2282048,0,-1,0,-1.192093E-07,0,0,0,0.2282048
1731427011051,-39.73243,1.521616,-1.023979,0.1328661,-0.06290292,-0.9891362,0,0,0,2.5,0.2282048,0,-1,0,-1.192093E-07,0,0,0,2.5,0.2282048,0,-1,0,-1.192093E-07,0,0,0,0.2282048
1731427011075,-39.7323,1.521671,-1.023857,0.1315599,-0.06290322,-0.9893107,0.01001358,0.004139543,0.009155273,2.5,0.2282048,0,-1,0,-1.192093E-07,0,0,0,2.5,0.2282048,0,-1,0,-1.192093E-07,0,0,0,0.2282048
1731427011080,-39.7323,1.521671,-1.023857,0.1315599,-0.06290322,-0.9893107,0,0,0,2.5,0.2282048,0,-1,0,-1.192093E-07,0,0,0,2.5,0.2282048,0,-1,0,-1.192093E-07,0,0,0,0.2282048
1731427011103,-39.73217,1.521693,-1.023571,0.1305838,-0.06281212,-0.9894457,0.009727478,0.001654029,0.02145767,2.5,0.2282048,0,-1,0,-1.192093E-07,0,0,0,2.5,0.2282048,0,-1,0,-1.192093E-07,0,0,0,0.2282048
1731427011107,-39.73217,1.521693,-1.023571,0.1305838,-0.06281212,-0.9894457,0,0,0,2.5,0.2282048,0,-1,0,-1.192093E-07,0,0,0,2.5,0.2282048,0,-1,0,-1.192093E-07,0,0,0,0.2282048
1731427011131,-39.73203,1.521744,-1.023384,0.1299729,-0.06279774,-0.9895273,0.01029968,0.00385344,0.01401901,2.5,0.2282048,0,-1,0,-1.192093E-07,0,0,0,2.5,0.2282048,0,-1,0,-1.192093E-07,0,0,0,0.2282048
1731427011134,-39.73203,1.521744,-1.023384,0.1299729,-0.06279774,-0.9895273,0,0,0,2.5,0.2282048,0,-1,0,-1.192093E-07,0,0,0,2.5,0.2282048,0,-1,0,-1.192093E-07,0,0,0,0.2282048
